snapshot_utc,element_id,web_name,team,progress_pct,proj_0,proj_1,proj_2,likelihood,hourly_rate,selected_by_percent,now_cost,transfers_in_event,transfers_out_event,total_points,minutes,form,status,cost_change_event,cost_change_start,locked_until,calibrating
"2026-10-08T01:08:28Z",1,"Raya","ARS","2.3","2.4","2.5","2.6",1,18,"42.4",61,155887,62019,30,450,"7.5","a",1,1,,"false"
"2026-10-08T01:08:28Z",2,"Arrizabalaga","ARS","-54.9","-54.9","-54.9","-54.9",-3,0,"0.1",49,129,297,0,0,"0.0","a",0,-1,,"false"
"2026-10-08T01:08:28Z",3,"Meslier","ARS","-42.0","-42.0","-42.0","-42.0",-3,0,"0.0",49,54,132,0,0,"0.0","a",0,-1,,"false"
"2026-10-08T01:08:28Z",4,"Gabriel","ARS","-96.1","-96.0","-96.0","-95.9",-4,8,"22.7",80,33423,79505,25,450,"5.0","a",0,0,,"false"
"2026-10-08T01:08:28Z",5,"J.Timber","ARS","13.3","13.6","13.9","14.1",1,18,"0.5",65,17289,5386,1,104,"0.5","a",0,0,,"false"
"2026-10-08T01:08:28Z",6,"Saliba","ARS","-28.2","-28.2","-28.2","-28.2",-2,0,"0.2",59,467,1248,0,0,"0.0","i",0,-1,,"false"
"2026-10-08T01:08:28Z",7,"Lewis-Skelly","ARS","-18.4","-19.3","-20.2","-21.2",-1,-6,"0.6",54,1229,5509,9,271,"0.5","a",-1,-1,,"false"
"2026-10-08T01:08:28Z",8,"Calafiori","ARS","0.8","1.1","1.4","1.7",1,51,"50.6",59,104988,73675,29,416,"3.5","a",1,4,,"false"
"2026-10-08T01:08:28Z",9,"Hincapie","ARS","-6.8","-6.8","-6.8","-6.8",-1,0,"0.9",52,1754,6298,2,32,"0.0","a",-1,-3,,"false"
"2026-10-08T01:08:28Z",10,"White","ARS","-59.3","-60.3","-61.4","-62.5",-3,-58,"4.8",55,3405,78693,21,315,"0.5","d",0,0,,"false"
"2026-10-08T01:08:28Z",11,"Mosquera","ARS","-29.8","-30.1","-30.4","-30.7",-2,-3,"1.6",53,1774,11141,12,168,"0.0","a",0,-2,,"false"
"2026-10-08T01:08:28Z",12,"Saka","ARS","2.3","3.1","3.9","4.7",1,137,"14.4",96,183208,56303,32,416,"5.0","a",1,1,,"false"
"2026-10-08T01:08:28Z",13,"Rice","ARS","-42.6","-43.3","-44.1","-45.0",-3,-105,"11.4",74,8037,103745,20,411,"3.5","d",0,-1,,"false"
"2026-10-08T01:08:28Z",14,"Eze","ARS","0.1","0.1","-0.1","-0.4",1,-4,"1.0",62,3537,7634,4,85,"1.0","a",-1,-3,,"false"
"2026-10-08T01:08:28Z",15,"Ødegaard","ARS","4.1","4.8","5.6","6.5",1,52,"19.9",68,102431,105978,29,377,"2.5","a",0,3,,"false"
"2026-10-08T01:08:28Z",16,"Madueke","ARS","-28.2","-29.1","-30.0","-31.0",-2,-1,"0.2",62,856,1712,2,23,"0.0","a",0,-3,,"false"
"2026-10-08T01:08:28Z",17,"Merino","ARS","0.1","0.1","0.2","0.2",1,3,"0.4",57,1215,3186,4,81,"1.0","a",-1,-3,,"false"
"2026-10-08T01:08:28Z",18,"Martinelli","ARS","0.0","0.0","0.0","0.0",0,0,"0.1",63,0,641,0,0,"0.0","u",0,-2,,"false"
"2026-10-08T01:08:28Z",19,"Zubimendi","ARS","-55.9","-55.6","-55.2","-54.9",-3,1,"0.6",53,573,4207,5,89,"1.0","a",0,-2,,"false"
"2026-10-08T01:08:28Z",20,"Dowman","ARS","-19.8","-21.2","-22.7","-24.3",-2,-1,"0.1",53,486,703,1,9,"0.5","d",0,-2,,"false"
"2026-10-08T01:08:28Z",22,"Nwaneri","ARS","0.0","0.0","0.0","0.0",0,0,"0.0",54,0,58,0,0,"0.0","u",0,-1,,"false"
"2026-10-08T01:08:28Z",23,"Fábio Vieira","ARS","0.0","0.0","0.0","0.0",0,0,"0.0",55,0,44,0,0,"0.0","u",0,0,,"false"
"2026-10-08T01:08:28Z",24,"Nelson","ARS","0.0","0.0","0.0","0.0",0,-1,"0.0",55,0,26,0,0,"0.0","u",0,0,,"false"
"2026-10-08T01:08:28Z",25,"Gyökeres","ARS","4.6","5.9","7.3","8.7",1,88,"3.3",71,28323,20097,2,29,"0.5","a",-1,-4,,"false"
"2026-10-08T01:08:28Z",26,"Havertz","ARS","-6.3","-7.7","-9.3","-10.8",-1,-136,"8.0",76,51543,91900,19,437,"1.5","d",0,1,,"false"
"2026-10-08T01:08:28Z",27,"G.Jesus","ARS","0.0","0.0","0.0","0.0",0,0,"0.1",59,0,1131,0,0,"0.0","u",0,-1,,"false"
"2026-10-08T01:08:28Z",31,"Konsa","ARS","-1.1","-1.5","-2.0","-2.4",-1,-92,"19.0",46,102308,90987,12,281,"3.5","d",1,1,,"false"
"2026-10-08T01:08:28Z",452,"Bruno G.","ARS","0.9","0.8","0.8","0.7",1,-4,"1.8",67,7576,8901,9,123,"4.0","a",0,-3,,"false"
"2026-10-08T01:08:28Z",557,"Tzolis","ARS","-13.5","-14.2","-15.1","-15.9",-1,-184,"11.6",63,12662,192396,16,362,"2.5","d",-1,-2,,"false"
"2026-10-08T01:08:28Z",29,"M.Bizot","AVL","-43.4","-43.4","-43.4","-43.4",-3,0,"0.1",45,77,1161,1,90,"0.0","i",0,0,,"false"
"2026-10-08T01:08:28Z",30,"Digne","AVL","0.0","0.0","0.0","0.0",0,0,"0.0",45,0,265,0,0,"0.0","u",0,0,,"false"
"2026-10-08T01:08:28Z",32,"Cash","AVL","-27.0","-27.4","-27.7","-28.1",-2,-11,"4.8",44,3342,29778,6,296,"-0.5","a",0,-1,,"false"
"2026-10-08T01:08:28Z",33,"Mings","AVL","1.0","1.0","1.1","1.1",1,4,"0.4",45,2363,1744,10,261,"1.5","a",0,0,,"false"
"2026-10-08T01:08:28Z",34,"Pau","AVL","-2.1","-2.5","-3.0","-3.4",-1,-4,"0.3",44,53,3625,3,187,"0.5","i",-1,-1,,"false"
"2026-10-08T01:08:28Z",35,"Bogarde","AVL","-4.6","-4.6","-4.6","-4.6",-1,0,"0.1",49,191,480,1,16,"0.0","a",-1,-1,,"false"
"2026-10-08T01:08:28Z",36,"Maatsen","AVL","-5.7","-6.0","-6.3","-6.6",-1,-4,"0.5",44,59,7488,9,335,"0.5","i",-1,-1,,"false"
"2026-10-08T01:08:28Z",37,"Lindelöf","AVL","1.1","1.2","1.2","1.2",1,1,"0.3",45,1466,1606,8,450,"1.0","a",0,0,,"false"
"2026-10-08T01:08:28Z",38,"A.García","AVL","-39.0","-39.1","-39.1","-39.2",-2,-1,"1.5",40,2069,6975,0,0,"0.0","a",0,0,,"false"
"2026-10-08T01:08:28Z",39,"Nedeljkovic","AVL","0.0","0.0","0.0","0.0",0,0,"0.1",40,0,652,0,0,"0.0","u",0,0,,"false"
"2026-10-08T01:08:28Z",41,"Buendía","AVL","-24.9","-22.6","-20.0","-17.4",-2,16,"1.0",59,16088,5597,21,401,"7.0","a",0,-1,,"false"
"2026-10-08T01:08:28Z",44,"Bailey","AVL","0.0","0.0","0.0","0.0",0,0,"0.1",54,0,558,0,0,"0.0","u",0,-1,,"false"
"2026-10-08T01:08:28Z",45,"McGinn","AVL","-21.8","-21.8","-21.7","-21.7",-2,1,"2.2",54,8913,10834,17,434,"6.0","a",0,-1,,"false"
"2026-10-08T01:08:28Z",46,"Barkley","AVL","0.4","0.4","0.4","0.4",1,0,"0.2",50,647,2054,10,308,"1.5","a",0,0,,"false"
"2026-10-08T01:08:28Z",47,"Kamara","AVL","-87.3","-87.3","-87.3","-87.3",-3,0,"0.3",50,1539,1859,15,443,"4.0","a",0,0,,"false"
"2026-10-08T01:08:28Z",48,"Onana","AVL","-11.6","-11.6","-11.6","-11.6",-1,0,"0.0",49,56,110,0,0,"0.0","i",0,-1,,"false"
"2026-10-08T01:08:28Z",49,"Iling Jr","AVL","0.0","0.0","0.0","0.0",0,0,"0.0",50,0,12,0,0,"0.0","u",0,0,,"false"
"2026-10-08T01:08:28Z",50,"Burrowes","AVL","-88.1","-88.1","-88.1","-88.1",-3,0,"0.6",45,698,3804,0,0,"0.0","a",0,0,,"false"
"2026-10-08T01:08:28Z",51,"George Hemmings","AVL","14.3","14.3","14.2","14.2",1,-2,"1.2",45,3669,11473,9,297,"1.0","a",0,0,,"false"
"2026-10-08T01:08:28Z",52,"Alysson","AVL","-8.7","-8.7","-8.7","-8.7",-1,0,"0.0",50,72,879,8,87,"3.0","d",0,0,,"false"
"2026-10-08T01:08:28Z",53,"Manzambi","AVL","11.0","11.5","11.9","12.4",1,28,"0.5",59,34020,4581,14,98,"7.0","a",0,-1,,"false"
"2026-10-08T01:08:28Z",54,"Gomes","AVL","0.1","0.2","0.2","0.2",1,2,"0.0",55,547,229,2,129,"2.0","a",0,0,,"false"
"2026-10-08T01:08:28Z",55,"Watkins","AVL","0.0","0.0","0.0","0.0",0,-8,"2.5",78,0,14575,0,0,"0.0","u",0,-2,,"false"
"2026-10-08T01:08:28Z",56,"Abraham","AVL","3.8","3.8","3.7","3.7",1,-2,"0.2",55,2049,2005,4,71,"1.0","a",0,0,,"false"
"2026-10-08T01:08:28Z",160,"Garnacho","AVL","-74.5","-75.2","-76.1","-76.9",-3,-2,"0.3",58,644,3055,3,31,"0.0","a",0,-2,,"false"
"2026-10-08T01:08:28Z",166,"N.Jackson","AVL","60.4","61.1","61.8","62.5",3,45,"1.6",65,47147,10363,10,286,"3.0","a",0,0,,"false"
"2026-10-08T01:08:28Z",582,"Madjo","AVL","-28.7","-28.7","-28.7","-28.7",-2,0,"0.2",54,377,2119,0,0,"0.0","i",0,-1,,"false"
"2026-10-08T01:08:28Z",596,"Ruggeri","AVL","-66.8","-60.1","-52.7","-45.3",-3,4,"0.1",45,775,402,5,113,"1.5","a",0,0,,"false"
"2026-10-08T01:08:28Z",597,"Suzuki","AVL","32.6","32.7","32.8","32.9",2,8,"1.9",50,16018,8050,16,360,"2.0","a",0,0,,"false"
"2026-10-08T01:08:28Z",606,"Rowe","AVL","0.1","0.1","0.1","0.1",1,0,"0.2",40,360,988,0,0,"0.0","a",0,0,,"false"
"2026-10-08T01:08:28Z",607,"Lynch","AVL","0.0","0.0","0.0","0.0",0,0,"0.1",45,0,768,0,0,"0.0","u",0,0,,"false"
"2026-10-08T01:08:28Z",611,"Wan-Bissaka","AVL","2.3","2.2","2.1","2.0",1,-5,"0.2",45,1733,1648,6,152,"2.0","a",0,0,,"false"
"2026-10-08T01:08:28Z",618,"Goretzka","AVL","-46.8","-46.8","-46.8","-46.8",-3,0,"0.0",59,31,446,0,0,"0.0","i",0,-1,,"false"
"2026-10-08T01:08:28Z",630,"Harwood-Bellis","AVL","0.0","0.0","0.0","0.0",0,0,"0.0",45,237,222,0,0,"0.0","a",0,0,,"false"
"2026-10-08T01:08:28Z",631,"Mbaye","AVL","0.3","0.3","0.3","0.3",1,0,"0.1",60,1078,1290,2,33,"1.0","a",0,0,,"false"
"2026-10-08T01:08:28Z",667,"Wright","AVL","0.2","0.3","0.3","0.4",1,3,"0.1",40,9506,1160,0,0,"0.0","a",0,0,,"false"
"2026-10-08T01:08:28Z",57,"Petrović","BOU","0.1","0.2","0.2","0.2",1,1,"2.9",45,8026,14624,9,450,"1.5","a",0,0,,"false"
"2026-10-08T01:08:28Z",58,"Forster","BOU","4.9","4.9","4.9","4.9",1,-1,"3.5",40,10003,8808,0,0,"0.0","a",0,0,,"false"
"2026-10-08T01:08:28Z",59,"Dennis","BOU","0.0","0.0","0.0","0.0",0,0,"0.1",40,0,683,0,0,"0.0","u",0,0,,"false"
"2026-10-08T01:08:28Z",60,"Hill","BOU","-33.0","-32.8","-32.5","-32.3",-2,1,"0.8",55,3993,3749,12,450,"3.0","a",0,0,,"false"
"2026-10-08T01:08:28Z",61,"Truffert","BOU","-1.9","-1.9","-2.0","-2.0",-1,-1,"3.0",54,5886,14713,10,450,"2.5","a",-1,-1,,"false"
"2026-10-08T01:08:28Z",62,"Diakité","BOU","-6.8","-6.8","-6.8","-6.8",-1,0,"0.2",49,537,1078,0,0,"0.0","a",-1,-1,,"false"
"2026-10-08T01:08:28Z",63,"Milosavljević","BOU","-3.3","-3.3","-3.3","-3.3",-1,0,"0.0",49,41,57,0,0,"0.0","i",0,-1,,"false"
"2026-10-08T01:08:28Z",64,"Smith","BOU","0.3","0.3","0.3","0.3",1,0,"0.1",45,509,595,4,434,"1.0","a",0,0,,"false"
"2026-10-08T01:08:28Z",65,"J.Araujo","BOU","-13.4","-13.4","-13.4","-13.4",-1,0,"0.0",44,49,66,0,0,"0.0","i",0,-1,,"false"
"2026-10-08T01:08:28Z",66,"Soler","BOU","1.5","1.5","1.5","1.5",1,0,"0.3",40,842,1303,0,0,"0.0","a",0,0,,"false"
"2026-10-08T01:08:28Z",67,"Rayan","BOU","-10.7","-10.7","-10.7","-10.7",-1,0,"1.5",63,5250,11380,10,434,"2.0","a",-1,-2,,"false"
"2026-10-08T01:08:28Z",68,"Tavernier","BOU","35.5","35.9","36.3","36.6",2,25,"6.9",61,103471,57013,31,424,"5.0","a",0,1,,"false"
"2026-10-08T01:08:28Z",69,"Scott","BOU","-12.5","-14.4","-16.5","-18.6",-1,-129,"5.5",61,26487,65450,30,446,"3.0","d",0,1,,"false"
"2026-10-08T01:08:28Z",70,"Kluivert","BOU","-71.6","-72.9","-74.4","-75.8",-3,-20,"0.8",60,2321,21924,15,294,"4.0","i",0,0,,"false"
"2026-10-08T01:08:28Z",71,"Cook","BOU","-16.3","-16.3","-16.3","-16.3",-1,0,"0.2",50,308,1310,8,180,"0.5","a",0,0,,"false"
"2026-10-08T01:08:28Z",72,"Gannon-Doak","BOU","-73.4","-73.4","-73.4","-73.4",-3,0,"0.1",49,165,446,4,12,"1.0","a",0,-1,,"false"
"2026-10-08T01:08:28Z",73,"Adams","BOU","1.7","1.7","1.7","1.8",1,2,"0.3",50,1334,1878,12,279,"3.0","a",0,0,,"false"
"2026-10-08T01:08:28Z",74,"Brooks","BOU","-22.1","-22.1","-22.1","-22.1",-2,0,"0.1",50,221,381,3,45,"0.5","a",0,0,,"false"
"2026-10-08T01:08:28Z",75,"Christie","BOU","0.4","0.4","0.4","0.4",1,0,"0.0",50,372,301,5,102,"1.5","a",0,0,,"false"
"2026-10-08T01:08:28Z",76,"Tóth.A","BOU","-14.3","-14.3","-14.3","-14.3",-1,0,"0.0",49,32,61,2,17,"0.5","a",0,-1,,"false"
"2026-10-08T01:08:28Z",77,"Adli","BOU","-91.8","-91.8","-91.8","-91.8",-3,0,"0.0",49,31,87,0,0,"0.0","i",0,-1,,"false"
"2026-10-08T01:08:28Z",78,"Kroupi.Jr","BOU","-83.5","-83.5","-83.5","-83.5",-3,0,"0.2",74,231,1006,0,0,"0.0","i",0,-1,,"false"
"2026-10-08T01:08:28Z",79,"Evanilson","BOU","56.5","56.6","56.8","56.9",3,10,"3.2",60,23711,24785,18,424,"3.5","a",0,0,,"false"
"2026-10-08T01:08:28Z",80,"Enes Ünal","BOU","0.0","0.0","0.0","0.0",0,0,"0.0",55,0,59,0,0,"0.0","u",0,0,,"false"
"2026-10-08T01:08:28Z",81,"Rodríguez","BOU","-29.9","-27.0","-23.8","-20.7",-2,2,"0.1",60,962,813,2,10,"0.5","a",0,0,,"false"
"2026-10-08T01:08:28Z",566,"Silva","BOU","1.9","1.9","2.0","2.0",1,3,"0.4",50,12681,5943,13,450,"3.0","a",0,0,,"false"
"2026-10-08T01:08:28Z",573,"Sanchez","BOU","-14.9","-14.9","-14.9","-14.9",-1,0,"0.2",44,171,508,0,0,"0.0","a",0,-1,,"false"
"2026-10-08T01:08:28Z",608,"Jebbison","BOU","0.6","0.6","0.6","0.6",1,0,"0.1",50,1041,1023,3,31,"0.5","a",0,0,,"false"
"2026-10-08T01:08:28Z",615,"Di Gregorio","BOU","-30.8","-30.8","-30.8","-30.8",-2,0,"0.0",45,208,214,0,0,"0.0","a",0,0,,"false"
"2026-10-08T01:08:28Z",82,"Kelleher","BRE","22.6","22.7","22.8","23.0",2,8,"6.1",50,24021,17155,20,450,"4.5","a",0,0,,"false"
"2026-10-08T01:08:28Z",83,"Valdimarsson","BRE","-80.9","-80.9","-80.9","-80.9",-3,0,"0.1",45,350,397,0,0,"0.0","a",0,0,,"false"
"2026-10-08T01:08:28Z",84,"Collins","BRE","-35.0","-35.4","-35.8","-36.3",-2,-7,"0.9",54,136,10982,10,196,"0.0","i",0,-1,,"false"
"2026-10-08T01:08:28Z",85,"Van den Berg","BRE","-90.4","-90.4","-90.4","-90.4",-3,0,"0.1",49,52,420,0,0,"0.0","i",0,-1,,"false"
"2026-10-08T01:08:28Z",86,"Lewis-Potter","BRE","34.5","34.4","34.4","34.4",2,-2,"1.7",55,4392,13853,22,406,"2.0","a",0,0,,"false"
"2026-10-08T01:08:28Z",87,"Ajer","BRE","33.8","33.9","34.0","34.0",2,6,"3.9",45,14899,27421,21,450,"4.0","a",0,0,,"false"
"2026-10-08T01:08:28Z",88,"Kayode","BRE","-40.1","-39.9","-39.6","-39.4",-2,12,"7.6",46,18026,25873,23,294,"3.5","a",0,1,,"false"
"2026-10-08T01:08:28Z",89,"Henry","BRE","-18.8","-18.8","-18.8","-18.8",-1,0,"0.2",44,182,688,1,2,"0.0","a",0,-1,,"false"
"2026-10-08T01:08:28Z",90,"Hickey","BRE","-32.5","-32.5","-32.5","-32.5",-2,0,"0.1",45,214,294,5,152,"1.0","a",0,0,,"false"
"2026-10-08T01:08:28Z",92,"Ji-soo","BRE","-4.6","-4.6","-4.6","-4.6",-1,0,"0.0",44,69,97,0,0,"0.0","a",-1,-1,,"false"
"2026-10-08T01:08:28Z",93,"Schuster","BRE","6.9","7.3","7.7","8.2",1,26,"0.4",45,20270,3318,21,253,"8.5","a",0,0,,"false"
"2026-10-08T01:08:28Z",94,"Schade","BRE","25.1","26.7","28.4","30.2",2,295,"12.3",62,474911,38168,39,447,"12.0","a",1,2,,"false"
"2026-10-08T01:08:28Z",95,"O.Dango","BRE","-57.4","-56.7","-55.9","-55.2",-3,2,"0.5",63,1007,4286,7,179,"1.0","a",0,-2,,"false"
"2026-10-08T01:08:28Z",96,"Damsgaard","BRE","-9.2","-9.6","-10.1","-10.6",-1,-2,"0.4",54,1841,3012,16,283,"2.0","d",0,-1,,"false"
"2026-10-08T01:08:28Z",97,"Jensen","BRE","-64.7","-64.7","-64.7","-64.7",-3,0,"0.1",54,22,751,6,66,"0.0","i",0,-1,,"false"
"2026-10-08T01:08:28Z",98,"Janelt","BRE","84.3","84.4","84.5","84.6",3,6,"2.5",50,23348,21432,28,450,"3.5","a",0,0,,"false"
"2026-10-08T01:08:28Z",99,"Milambo","BRE","-44.7","-44.7","-44.7","-44.7",-3,0,"0.0",50,8,8,0,0,"0.0","i",0,0,,"false"
"2026-10-08T01:08:28Z",100,"Carvalho","BRE","0.3","0.3","0.3","0.3",1,0,"0.0",50,670,195,6,3,"3.0","a",0,0,,"false"
"2026-10-08T01:08:28Z",102,"Yarmoliuk","BRE","-21.3","-22.2","-23.3","-24.3",-2,-4,"0.6",48,1624,4006,9,216,"3.5","a",0,-2,,"false"
"2026-10-08T01:08:28Z",103,"Dasilva","BRE","-70.4","-70.4","-70.4","-70.4",-3,0,"0.0",49,12,119,0,0,"0.0","i",0,-1,,"false"
"2026-10-08T01:08:28Z",105,"Anthony","BRE","1.1","1.1","1.2","1.2",1,3,"0.2",59,2892,755,15,267,"5.5","a",0,-1,,"false"
"2026-10-08T01:08:28Z",106,"Thiago","BRE","16.9","17.5","18.3","19.0",1,46,"9.2",78,74863,46035,10,442,"3.0","a",0,-2,,"false"
"2026-10-08T01:08:28Z",107,"Furo","BRE","-8.9","-9.0","-9.2","-9.4",-1,-3,"0.9",45,1022,10821,0,0,"0.0","i",0,0,,"false"
"2026-10-08T01:08:28Z",108,"Wilson","BRE","-13.3","-13.7","-14.1","-14.4",-1,-1,"0.3",54,1412,2760,3,13,"0.0","a",-1,-1,,"false"
"2026-10-08T01:08:28Z",565,"M.Sangaré","BRE","-39.4","-40.1","-41.0","-41.8",-3,-83,"9.7",56,9819,158433,22,321,"2.0","a",-1,1,,"false"
"2026-10-08T01:08:28Z",620,"Diouf","BRE","-37.3","-37.3","-37.3","-37.3",-2,0,"0.1",45,592,777,2,39,"1.0","a",0,0,,"false"
"2026-10-08T01:08:28Z",657,"Nunes","BRE","0.0","0.0","0.0","0.0",0,0,"0.0",45,386,295,0,0,"0.0","a",0,0,,"false"
"2026-10-08T01:08:28Z",660,"Fredrick","BRE","0.0","0.0","0.0","0.0",0,0,"0.0",40,588,77,0,0,"0.0","a",0,0,,"false"
"2026-10-08T01:08:28Z",661,"Balcombe","BRE","0.1","0.1","0.1","0.1",1,0,"0.0",40,3434,679,0,0,"0.0","a",0,0,,"false"
"2026-10-08T01:08:28Z",109,"Verbruggen","BHA","70.4","70.3","70.3","70.3",3,-1,"21.6",45,89560,91263,23,450,"7.0","a",0,0,,"false"
"2026-10-08T01:08:28Z",111,"Steele","BHA","-1.7","-1.8","-2.0","-2.1",-1,-3,"4.1",40,8661,17790,0,0,"0.0","a",0,0,,"false"
"2026-10-08T01:08:28Z",113,"F.Kadıoğlu","BHA","-64.7","-64.8","-64.9","-65.0",-3,-1,"1.6",44,5136,8654,13,332,"5.5","a",0,-1,,"false"
"2026-10-08T01:08:28Z",114,"Boscagli","BHA","3.2","3.2","3.2","3.2",1,0,"0.3",45,2799,1046,19,437,"6.0","a",0,0,,"false"
"2026-10-08T01:08:28Z",115,"De Cuyper","BHA","8.5","9.4","10.4","11.4",1,168,"28.3",50,356683,30486,38,423,"8.5","a",1,5,,"false"
"2026-10-08T01:08:28Z",116,"Dunk","BHA","20.6","20.4","20.2","20.0",2,-12,"1.5",45,7904,12657,22,360,"6.0","d",0,0,,"false"
"2026-10-08T01:08:28Z",117,"Coppola","BHA","-10.7","-10.7","-10.7","-10.7",-1,0,"0.0",45,130,110,0,0,"0.0","a",0,0,,"false"
"2026-10-08T01:08:28Z",118,"Igor","BHA","0.0","0.0","0.0","0.0",0,0,"0.0",45,0,337,0,0,"0.0","u",0,0,,"false"
"2026-10-08T01:08:28Z",119,"Costinha","BHA","0.0","0.0","0.0","0.0",0,0,"0.0",45,200,155,4,68,"1.0","a",0,0,,"false"
"2026-10-08T01:08:28Z",120,"Svoboda","BHA","0.5","0.5","0.5","0.5",1,0,"0.1",50,1406,507,1,4,"0.5","a",0,0,,"false"
"2026-10-08T01:08:28Z",121,"Mitoma","BHA","-26.9","-26.9","-26.9","-26.9",-2,0,"0.0",59,151,195,0,0,"0.0","i",0,-1,,"false"
"2026-10-08T01:08:28Z",122,"Minteh","BHA","-6.8","-6.8","-6.8","-6.8",-1,0,"0.0",58,51,254,0,0,"0.0","i",-1,-2,,"false"
"2026-10-08T01:08:28Z",123,"Hinshelwood","BHA","-46.5","-46.7","-46.8","-47.0",-3,-2,"0.5",59,341,7685,16,63,"0.0","i",0,-1,,"false"
"2026-10-08T01:08:28Z",124,"Groß","BHA","15.1","18.0","21.3","24.5",1,547,"30.1",59,908343,17054,47,450,"15.5","a",2,4,,"false"
"2026-10-08T01:08:28Z",125,"Georginio","BHA","-0.5","-1.0","-1.5","-2.0",-1,-3,"0.5",53,3178,4566,6,104,"0.5","a",-1,-2,,"false"
"2026-10-08T01:08:28Z",126,"O'Riley","BHA","-8.8","-8.8","-8.8","-8.8",-1,0,"0.1",54,479,625,2,10,"1.0","a",0,-1,,"false"
"2026-10-08T01:08:28Z",127,"Gomez","BHA","33.0","33.0","33.0","33.1",2,2,"3.9",50,14560,45733,24,433,"5.5","a",0,0,,"false"
"2026-10-08T01:08:28Z",128,"Buonanotte","BHA","0.0","0.0","0.0","0.0",0,0,"0.0",50,0,8,0,0,"0.0","u",0,0,,"false"
"2026-10-08T01:08:28Z",129,"Ayari","BHA","-45.2","-44.8","-44.4","-43.9",-3,1,"0.4",54,2888,2419,15,333,"5.5","a",0,-1,,"false"
"2026-10-08T01:08:28Z",130,"Wieffer","BHA","-37.3","-37.3","-37.3","-37.3",-2,0,"0.2",49,35,2264,7,156,"0.0","i",0,-1,,"false"
"2026-10-08T01:08:28Z",132,"Howell","BHA","0.0","0.0","0.0","0.0",0,0,"0.0",45,0,243,0,0,"0.0","u",0,0,,"false"
"2026-10-08T01:08:28Z",133,"Watson","BHA","0.0","0.0","0.0","0.0",0,0,"0.0",50,0,6,0,0,"0.0","u",0,0,,"false"
"2026-10-08T01:08:28Z",134,"Oriola","BHA","-90.8","-90.8","-90.8","-90.8",-3,0,"0.2",45,398,1515,0,0,"0.0","a",0,0,,"false"
"2026-10-08T01:08:28Z",135,"Yohanna","BHA","-2.8","-2.8","-2.8","-2.8",-1,0,"0.0",48,28,444,1,12,"0.0","i",-1,-2,,"false"
"2026-10-08T01:08:28Z",137,"Tzimas","BHA","-4.6","-4.6","-4.6","-4.6",-1,0,"0.0",54,45,64,0,0,"0.0","i",0,-1,,"false"
"2026-10-08T01:08:28Z",138,"Kostoulas","BHA","31.9","33.6","35.5","37.3",2,310,"4.9",56,383076,26975,28,353,"10.0","a",1,1,,"false"
"2026-10-08T01:08:28Z",139,"Ferguson","BHA","-63.5","-63.5","-63.5","-63.5",-3,0,"0.0",50,162,284,0,0,"0.0","i",0,0,,"false"
"2026-10-08T01:08:28Z",328,"Struijk","BHA","-13.0","-14.7","-16.6","-18.4",-1,-4,"0.2",49,655,1125,7,98,"3.0","d",0,-1,,"false"
"2026-10-08T01:08:28Z",504,"Vuskovic","BHA","63.5","63.9","64.3","64.7",3,26,"3.8",50,73574,17925,32,437,"7.0","a",0,0,,"false"
"2026-10-08T01:08:28Z",594,"David","BHA","0.8","0.8","0.8","0.8",1,0,"0.2",59,3571,2458,1,23,"0.0","a",-1,-1,,"false"
"2026-10-08T01:08:28Z",600,"Osman","BHA","-75.4","-75.4","-75.4","-75.4",-3,0,"0.0",50,120,138,3,40,"0.5","a",0,0,,"false"
"2026-10-08T01:08:28Z",605,"Yalcouyé","BHA","57.7","57.3","56.9","56.5",3,-25,"3.9",45,30301,38320,20,236,"4.5","a",0,0,,"false"
"2026-10-08T01:08:28Z",614,"Hadjam","BHA","-5.4","-5.4","-5.4","-5.4",-1,0,"0.0",45,266,274,0,0,"0.0","a",0,0,,"false"
"2026-10-08T01:08:28Z",624,"Cozier-Duberry","BHA","0.0","0.0","0.0","0.0",0,0,"0.0",50,0,6,0,0,"0.0","u",0,0,,"false"
"2026-10-08T01:08:28Z",639,"Andrés","BHA","1.8","1.8","1.8","1.8",1,0,"0.0",55,3259,377,12,109,"6.0","a",0,0,,"false"
"2026-10-08T01:08:28Z",652,"Azeez","BHA","-35.0","-35.0","-35.0","-35.0",-2,0,"0.0",55,20,49,0,0,"0.0","i",0,0,,"false"
"2026-10-08T01:08:28Z",658,"Ibrahim","BHA","0.0","0.0","0.0","0.0",0,0,"0.0",45,333,227,0,0,"0.0","a",0,0,,"false"
"2026-10-08T01:08:28Z",28,"Martinez","CHE","-7.2","-7.2","-7.2","-7.2",-1,0,"4.7",50,9695,24963,9,360,"2.0","a",0,0,,"false"
"2026-10-08T01:08:28Z",40,"Rogers","CHE","1.6","2.3","3.0","3.8",1,126,"41.0",78,209109,82008,29,437,"5.0","a",1,3,,"false"
"2026-10-08T01:08:28Z",101,"Henderson","CHE","0.0","0.0","0.0","0.0",0,0,"0.0",49,580,187,2,90,"1.0","a",0,-1,,"false"
"2026-10-08T01:08:28Z",136,"Welbeck","CHE","7.7","7.7","7.7","7.8",1,2,"1.0",59,9893,10890,4,85,"1.5","a",0,-1,,"false"
"2026-10-08T01:08:28Z",140,"Sánchez","CHE","0.0","0.0","0.0","0.0",0,0,"0.7",49,0,5583,2,90,"0.0","u",0,-1,,"false"
"2026-10-08T01:08:28Z",141,"Jörgensen","CHE","0.0","0.0","0.0","0.0",0,0,"0.0",50,0,34,0,0,"0.0","u",0,0,,"false"
"2026-10-08T01:08:28Z",142,"James","CHE","-2.2","-2.5","-2.9","-3.3",-1,-43,"5.7",53,751,88655,3,292,"0.5","d",-1,-2,,"false"
"2026-10-08T01:08:28Z",143,"Chalobah","CHE","0.0","0.0","0.0","0.0",0,0,"0.1",55,0,359,0,0,"0.0","u",0,0,,"false"
"2026-10-08T01:08:28Z",144,"Gusto","CHE","-4.5","-4.5","-4.5","-4.5",-1,0,"0.9",49,1842,7586,4,272,"0.5","a",-1,-1,,"false"
"2026-10-08T01:08:28Z",145,"Fofana","CHE","5.3","5.3","5.3","5.4",1,2,"0.2",50,3174,1516,8,312,"2.5","a",0,0,,"false"
"2026-10-08T01:08:28Z",146,"B.Badiashile","CHE","0.0","0.0","0.0","0.0",0,0,"0.0",45,0,52,0,0,"0.0","u",0,0,,"false"
"2026-10-08T01:08:28Z",148,"Hato","CHE","13.3","13.2","13.1","13.0",1,-8,"0.8",45,1070,8468,8,258,"0.0","a",0,0,,"false"
"2026-10-08T01:08:28Z",149,"Colwill","CHE","-11.1","-11.7","-12.4","-13.0",-1,-6,"0.9",48,1444,6201,3,341,"1.0","a",-1,-2,,"false"
"2026-10-08T01:08:28Z",150,"M.Sarr","CHE","0.0","0.0","0.0","0.0",0,0,"0.0",45,0,198,0,0,"0.0","u",0,0,,"false"
"2026-10-08T01:08:28Z",151,"Acheampong","CHE","-14.8","-15.8","-16.8","-17.9",-1,-2,"0.3",45,500,2208,5,221,"0.0","a",0,0,,"false"
"2026-10-08T01:08:28Z",152,"Palestra","CHE","-4.5","-4.3","-4.0","-3.8",-1,2,"0.6",53,347,4736,0,0,"0.0","d",0,-2,,"false"
"2026-10-08T01:08:28Z",154,"Palmer","CHE","-25.3","-26.9","-28.6","-30.3",-2,-200,"25.1",97,56769,222492,28,442,"3.5","d",0,2,,"false"
"2026-10-08T01:08:28Z",156,"Neto","CHE","-4.9","-4.9","-4.9","-4.9",-1,0,"1.4",65,6941,10928,14,332,"2.0","a",0,0,,"false"
"2026-10-08T01:08:28Z",157,"Estêvão","CHE","-34.2","-34.2","-34.2","-34.2",-2,0,"0.7",63,2251,4745,4,23,"1.0","a",0,-2,,"false"
"2026-10-08T01:08:28Z",158,"Gittens","CHE","-6.3","-6.3","-6.3","-6.3",-1,0,"0.0",58,160,287,0,0,"0.0","d",-1,-2,,"false"
"2026-10-08T01:08:28Z",159,"Caicedo","CHE","-6.1","-6.3","-6.6","-6.8",-1,-3,"1.0",53,469,10329,1,13,"0.0","d",0,-2,,"false"
"2026-10-08T01:08:28Z",161,"Lavia","CHE","5.0","5.0","5.0","5.0",1,0,"0.2",50,572,2742,11,258,"1.0","a",0,0,,"false"
"2026-10-08T01:08:28Z",163,"D.Essugo","CHE","0.0","0.0","0.0","0.0",0,0,"0.1",45,0,826,0,0,"0.0","u",0,0,,"false"
"2026-10-08T01:08:28Z",164,"Quenda","CHE","-30.8","-30.8","-30.8","-30.8",-2,0,"0.0",53,81,199,2,27,"0.5","a",0,-2,,"false"
"2026-10-08T01:08:28Z",165,"João Pedro","CHE","-3.1","-3.3","-3.5","-3.7",-1,-229,"64.5",77,82904,457954,33,360,"6.0","d",-1,2,,"false"
"2026-10-08T01:08:28Z",168,"Marc Guiu","CHE","0.0","0.0","0.0","0.0",0,0,"0.2",50,0,1762,0,0,"0.0","u",0,0,,"false"
"2026-10-08T01:08:28Z",169,"Mheuka","CHE","4.9","4.9","4.9","5.0",1,2,"0.5",45,5125,3981,0,0,"0.0","a",0,0,,"false"
"2026-10-08T01:08:28Z",170,"Emegha","CHE","-1.5","-1.5","-1.5","-1.5",-1,0,"0.1",49,114,1212,0,0,"0.0","i",-1,-1,,"false"
"2026-10-08T01:08:28Z",200,"Lacroix","CHE","-8.1","-8.0","-8.0","-7.9",-1,5,"6.7",59,10538,33734,13,364,"2.0","a",-1,-1,,"false"
"2026-10-08T01:08:28Z",560,"Penders","CHE","-1.4","-1.4","-1.4","-1.4",-1,0,"0.1",44,269,337,0,0,"0.0","a",0,-1,,"false"
"2026-10-08T01:08:28Z",561,"Anselmino","CHE","-0.4","-0.4","-0.4","-0.4",-1,0,"0.0",45,77,117,0,0,"0.0","a",0,0,,"false"
"2026-10-08T01:08:28Z",568,"Barco","CHE","-16.6","-16.6","-16.6","-16.6",-1,0,"0.1",54,276,514,3,115,"1.0","a",0,-1,,"false"
"2026-10-08T01:08:28Z",583,"Chavarria","CHE","-51.8","-51.8","-51.8","-51.8",-3,0,"0.2",49,547,629,5,208,"1.0","a",0,-1,,"false"
"2026-10-08T01:08:28Z",662,"Nicoll-Jazuli","CHE","0.0","0.0","0.0","0.0",0,0,"0.0",45,380,86,1,3,"1.0","a",0,0,,"false"
"2026-10-08T01:08:28Z",91,"Pinnock","COV","-72.9","-72.9","-72.9","-72.9",-3,0,"0.1",45,523,297,14,282,"5.0","a",0,0,,"false"
"2026-10-08T01:08:28Z",104,"Onyeka","COV","-39.0","-39.0","-39.0","-39.0",-2,0,"0.1",49,195,531,9,314,"2.5","a",0,-1,,"false"
"2026-10-08T01:08:28Z",110,"Rushworth","COV","-63.0","-63.0","-63.0","-63.0",-3,0,"0.8",45,3150,6789,16,450,"5.5","a",0,0,,"false"
"2026-10-08T01:08:28Z",171,"Dovin","COV","0.0","0.0","0.0","0.0",0,-4,"1.0",40,0,5803,0,0,"0.0","u",0,0,,"false"
"2026-10-08T01:08:28Z",172,"Wilson","COV","-7.3","-7.3","-7.3","-7.3",-1,0,"0.4",44,274,799,0,0,"0.0","a",0,-1,,"false"
"2026-10-08T01:08:28Z",173,"Thomas","COV","19.0","19.0","19.0","19.0",1,2,"8.6",40,36483,39441,24,437,"4.5","a",0,0,,"false"
"2026-10-08T01:08:28Z",174,"Kitching","COV","0.0","0.0","0.0","0.0",0,-3,"0.3",40,0,2206,0,0,"0.0","u",0,0,,"false"
"2026-10-08T01:08:28Z",175,"van Ewijk","COV","-56.0","-56.2","-56.5","-56.8",-3,-28,"8.6",40,1289,91697,6,360,"0.0","d",0,0,,"false"
"2026-10-08T01:08:28Z",176,"Dasilva","COV","-25.1","-24.1","-22.9","-21.8",-2,5,"0.7",40,8834,2452,20,444,"7.5","a",0,0,,"false"
"2026-10-08T01:08:28Z",177,"Kesler-Hayden","COV","0.2","0.2","0.2","0.1",1,-1,"0.1",39,4083,1064,0,0,"0.0","i",-1,-1,,"false"
"2026-10-08T01:08:28Z",178,"Bidwell","COV","-33.4","-33.4","-33.4","-33.4",-2,0,"0.1",40,209,345,0,0,"0.0","a",0,0,,"false"
"2026-10-08T01:08:28Z",179,"Latibeaudiere","COV","-84.4","-84.4","-84.4","-84.4",-3,0,"0.0",40,84,165,1,1,"0.5","a",0,0,,"false"
"2026-10-08T01:08:28Z",180,"Woolfenden","COV","0.0","0.0","0.0","0.0",0,0,"0.1",39,237,642,0,0,"0.0","i",-1,-1,,"false"
"2026-10-08T01:08:28Z",181,"Brau","COV","0.0","0.0","0.0","0.0",0,0,"0.0",40,0,121,0,0,"0.0","u",0,0,,"false"
"2026-10-08T01:08:28Z",182,"Amenda","COV","-63.0","-63.0","-63.0","-63.0",-3,0,"0.6",40,46,7852,4,360,"0.0","i",0,0,,"false"
"2026-10-08T01:08:28Z",183,"Rudoni","COV","0.1","0.1","0.0","-1.9",1,-3,"0.1",49,1153,883,13,297,"3.5","a",0,-1,,"false"
"2026-10-08T01:08:28Z",184,"Grimes","COV","-34.5","-36.0","-37.7","-39.4",-2,-1,"0.1",49,216,1033,11,443,"2.5","a",0,-1,,"false"
"2026-10-08T01:08:28Z",185,"Sakamoto","COV","-29.4","-29.4","-29.4","-29.4",-2,0,"0.1",48,136,460,1,31,"0.0","a",0,-2,,"false"
"2026-10-08T01:08:28Z",186,"Mason-Clark","COV","-3.5","-3.5","-3.5","-3.5",-1,0,"0.1",53,86,402,5,231,"1.0","a",-1,-2,,"false"
"2026-10-08T01:08:28Z",187,"Eccles","COV","-6.0","-6.0","-6.0","-6.0",-1,0,"0.0",48,31,113,0,0,"0.0","i",-1,-2,,"false"
"2026-10-08T01:08:28Z",188,"Torp","COV","-14.7","-15.8","-16.9","-18.1",-1,-1,"0.1",53,47,509,3,53,"0.5","a",-1,-2,,"false"
"2026-10-08T01:08:28Z",189,"Shepherd","COV","0.8","0.8","0.8","0.7",1,-2,"0.3",44,4514,3208,0,0,"0.0","a",0,-1,,"false"
"2026-10-08T01:08:28Z",190,"Tchaouna","COV","-93.5","-93.5","-93.5","-93.5",-3,0,"0.1",54,30,427,5,211,"0.5","a",0,-1,,"false"
"2026-10-08T01:08:28Z",191,"Borges Rodrigues","COV","0.0","0.0","0.0","0.0",0,0,"0.1",45,0,817,0,0,"0.0","u",0,0,,"false"
"2026-10-08T01:08:28Z",192,"Andrews","COV","0.0","0.0","0.0","0.0",0,0,"0.3",45,0,2357,0,0,"0.0","u",0,0,,"false"
"2026-10-08T01:08:28Z",193,"Wright","COV","-1.8","-2.6","-3.4","-4.3",-1,-2,"0.1",53,52,652,0,0,"0.0","i",-1,-2,,"false"
"2026-10-08T01:08:28Z",194,"Thomas-Asante","COV","3.4","3.5","3.6","3.7",1,7,"0.8",50,10326,7192,9,227,"2.5","a",0,0,,"false"
"2026-10-08T01:08:28Z",195,"Simms","COV","-0.5","-0.5","-0.5","-0.5",-1,0,"0.6",49,2610,6211,4,104,"0.5","a",-1,-1,,"false"
"2026-10-08T01:08:28Z",196,"Markelo","COV","0.0","0.0","0.0","0.0",0,0,"0.0",50,0,67,0,0,"0.0","u",0,0,,"false"
"2026-10-08T01:08:28Z",197,"Bassette","COV","0.0","0.0","0.0","0.0",0,0,"0.0",45,0,163,0,0,"0.0","u",0,0,,"false"
"2026-10-08T01:08:28Z",492,"Awoniyi","COV","-17.3","-17.3","-17.3","-17.3",-1,0,"0.4",54,86,5883,3,232,"-1.0","s",-1,-1,,"false"
"2026-10-08T01:08:28Z",575,"Yirenkyi","COV","-4.3","-4.3","-4.3","-4.3",-1,0,"0.1",48,349,1174,9,265,"2.0","a",-1,-2,,"false"
"2026-10-08T01:08:28Z",584,"Hamer","COV","-96.1","-96.1","-96.1","-96.1",-4,0,"0.1",54,44,454,3,32,"0.0","a",0,-1,,"false"
"2026-10-08T01:08:28Z",599,"Cherif","COV","-6.8","-12.1","-17.8","-23.6",-1,-3,"0.1",50,633,864,1,30,"0.5","a",0,0,,"false"
"2026-10-08T01:08:28Z",623,"Bentley","COV","2.4","2.4","2.4","2.4",1,0,"0.6",40,10608,2851,0,0,"0.0","a",0,0,,"false"
"2026-10-08T01:08:28Z",655,"Gboho","COV","0.0","0.0","0.0","0.0",0,0,"0.0",55,82,56,0,0,"0.0","a",0,0,,"false"
"2026-10-08T01:08:28Z",656,"Mfuni","COV","0.1","0.1","0.2","0.2",1,2,"0.1",40,2139,972,6,90,"3.0","a",0,0,,"false"
"2026-10-08T01:08:28Z",42,"Guessand","CRY","-31.5","-31.5","-31.5","-31.5",-2,0,"0.0",54,121,289,2,54,"0.0","a",0,-1,,"false"
"2026-10-08T01:08:28Z",153,"Disasi","CRY","-73.0","-74.0","-75.1","-76.2",-3,-1,"0.1",45,33,915,1,139,"-1.5","s",0,0,,"false"
"2026-10-08T01:08:28Z",198,"Henderson","CRY","-1.4","-1.6","-1.8","-2.0",-1,-8,"1.3",49,171,13085,5,270,"0.0","i",-1,-1,,"false"
"2026-10-08T01:08:28Z",199,"Benitez","CRY","-22.6","-22.6","-22.6","-22.6",-2,0,"0.1",45,867,456,8,180,"4.0","a",0,0,,"false"
"2026-10-08T01:08:28Z",202,"Richards","CRY","0.1","0.1","0.1","0.1",1,2,"0.6",49,2071,2574,14,450,"5.0","a",-1,-1,,"false"
"2026-10-08T01:08:28Z",203,"Canvot","CRY","0.0","0.0","0.0","0.0",0,0,"0.2",48,563,1033,10,360,"4.0","a",-1,-2,,"false"
"2026-10-08T01:08:28Z",204,"Mitchell","CRY","29.1","29.2","29.2","29.2",2,1,"6.1",45,18914,20449,24,419,"4.0","a",0,0,,"false"
"2026-10-08T01:08:28Z",205,"Sosa","CRY","0.0","0.0","0.0","0.0",0,0,"0.0",45,0,124,0,0,"0.0","u",0,0,,"false"
"2026-10-08T01:08:28Z",206,"Chadi Riad","CRY","-6.5","-6.5","-6.5","-6.5",-1,0,"0.0",43,31,157,1,72,"0.0","i",-1,-2,,"false"
"2026-10-08T01:08:28Z",207,"Mingueza","CRY","-98.4","-98.4","-98.4","-98.4",-4,0,"0.1",44,109,342,2,16,"0.0","a",0,-1,,"false"
"2026-10-08T01:08:28Z",208,"Sarr","CRY","0.2","0.2","0.3","0.3",1,3,"0.6",62,3132,2626,1,8,"0.5","a",0,-3,,"false"
"2026-10-08T01:08:28Z",210,"Wharton","CRY","-3.9","-4.3","-4.7","-5.1",-1,-3,"0.7",54,1340,5104,12,436,"2.0","a",-1,-1,,"false"
"2026-10-08T01:08:28Z",211,"Yeremy","CRY","4.9","4.8","4.8","4.7",1,-3,"0.3",55,807,3201,14,307,"1.5","a",0,0,,"false"
"2026-10-08T01:08:28Z",212,"Hughes","CRY","-24.6","-25.2","-25.7","-26.3",-2,-25,"7.2",44,10288,53178,2,29,"0.5","a",0,-1,,"false"
"2026-10-08T01:08:28Z",213,"Lerma","CRY","-3.5","-3.5","-3.5","-3.5",-1,0,"0.1",48,109,434,1,51,"0.5","a",-1,-2,,"false"
"2026-10-08T01:08:28Z",214,"Kamada","CRY","12.4","12.4","12.4","12.4",1,0,"0.5",50,3922,3708,21,441,"5.5","a",0,0,,"false"
"2026-10-08T01:08:28Z",215,"Devenny","CRY","0.0","0.0","0.0","0.0",0,0,"0.0",50,0,45,0,0,"0.0","u",0,0,,"false"
"2026-10-08T01:08:28Z",216,"Esse","CRY","0.0","0.0","0.0","0.0",0,0,"0.0",50,0,146,0,0,"0.0","u",0,0,,"false"
"2026-10-08T01:08:28Z",217,"M.França","CRY","0.0","0.0","0.0","0.0",0,0,"0.0",49,0,183,0,0,"0.0","u",0,-1,,"false"
"2026-10-08T01:08:28Z",218,"Doucouré","CRY","-3.6","-3.6","-3.6","-3.6",-1,0,"0.0",48,129,335,0,0,"0.0","a",-1,-2,,"false"
"2026-10-08T01:08:28Z",219,"J.Rak-Sakyi","CRY","0.0","0.0","0.0","0.0",0,0,"0.0",49,0,33,0,0,"0.0","u",0,-1,,"false"
"2026-10-08T01:08:28Z",220,"Cardines","CRY","0.0","0.0","0.0","0.0",0,0,"0.0",45,0,3,0,0,"0.0","u",0,0,,"false"
"2026-10-08T01:08:28Z",221,"Drakes-Thomas","CRY","-0.7","-0.7","-0.7","-0.7",-1,0,"0.1",44,173,494,0,0,"0.0","a",-1,-1,,"false"
"2026-10-08T01:08:28Z",222,"Strand Larsen","CRY","6.1","6.2","6.3","6.4",1,6,"0.7",60,6782,4753,14,298,"5.0","a",0,0,,"false"
"2026-10-08T01:08:28Z",223,"Mateta","CRY","-30.1","-30.3","-30.6","-30.8",-2,-6,"1.3",63,258,10387,2,62,"0.0","i",0,-2,,"false"
"2026-10-08T01:08:28Z",224,"Nketiah","CRY","-22.3","-22.3","-22.3","-22.3",-2,0,"0.5",55,1525,3897,8,175,"0.5","a",0,0,,"false"
"2026-10-08T01:08:28Z",225,"Uche","CRY","0.0","0.0","0.0","0.0",0,0,"0.0",50,0,0,0,0,"0.0","u",0,0,,"false"
"2026-10-08T01:08:28Z",241,"McNeil","CRY","-1.4","-1.4","-1.4","-1.4",-1,0,"0.1",53,96,574,3,84,"0.0","a",-1,-2,,"false"
"2026-10-08T01:08:28Z",555,"Matthews","CRY","-10.3","-10.3","-10.3","-10.3",-1,0,"1.7",40,1330,3451,0,0,"0.0","a",0,0,,"false"
"2026-10-08T01:08:28Z",577,"Tomiyasu","CRY","-18.4","-18.4","-18.4","-18.4",-1,0,"0.3",44,149,1482,3,189,"0.5","d",0,-1,,"false"
"2026-10-08T01:08:28Z",588,"Khalaili","CRY","7.0","7.0","6.9","6.9",1,-3,"0.3",50,2280,1857,19,379,"6.5","d",0,0,,"false"
"2026-10-08T01:08:28Z",595,"Gozo","CRY","-2.8","-2.8","-2.8","-2.8",-1,0,"0.0",49,41,100,2,28,"0.5","a",-1,-1,,"false"
"2026-10-08T01:08:28Z",633,"Ahanor","CRY","0.1","0.1","0.1","0.1",1,0,"0.0",45,156,120,3,90,"1.5","a",0,0,,"false"
"2026-10-08T01:08:28Z",643,"Chilwell","CRY","-83.5","-84.0","-84.4","-84.8",-3,-1,"0.4",45,683,3361,8,29,"0.5","a",0,0,,"false"
"2026-10-08T01:08:28Z",644,"Timber","CRY","0.2","0.2","0.2","0.2",1,0,"0.0",50,543,359,9,253,"3.5","a",0,0,,"false"
"2026-10-08T01:08:28Z",647,"Osorio","CRY","-78.9","-78.9","-78.9","-78.9",-3,0,"0.0",55,35,84,1,1,"0.0","a",0,0,,"false"
"2026-10-08T01:08:28Z",21,"Nørgaard","EVE","-1.7","-1.7","-1.7","-1.7",-1,0,"0.0",48,71,392,0,0,"0.0","i",-1,-2,,"false"
"2026-10-08T01:08:28Z",209,"Johnson","EVE","-22.4","-22.4","-22.4","-22.4",-2,0,"0.1",59,516,857,9,238,"3.0","a",0,-1,,"false"
"2026-10-08T01:08:28Z",226,"Pickford","EVE","32.1","32.0","32.0","31.9",2,-4,"9.2",55,33756,19818,25,450,"7.0","a",0,0,,"false"
"2026-10-08T01:08:28Z",227,"Travers","EVE","-35.9","-35.9","-35.9","-35.9",-2,0,"0.0",50,285,303,0,0,"0.0","a",0,0,,"false"
"2026-10-08T01:08:28Z",228,"King","EVE","-46.3","-46.3","-46.3","-46.3",-3,0,"0.0",45,129,193,0,0,"0.0","a",0,0,,"false"
"2026-10-08T01:08:28Z",229,"Tarkowski","EVE","4.3","4.9","5.6","6.3",1,118,"17.0",62,274162,30123,43,450,"11.0","a",1,2,,"false"
"2026-10-08T01:08:28Z",230,"Branthwaite","EVE","40.1","40.2","40.4","40.5",3,10,"2.5",55,25859,9347,27,450,"7.0","a",0,0,,"false"
"2026-10-08T01:08:28Z",231,"Keane","EVE","-45.0","-45.0","-45.0","-45.0",-3,0,"0.7",48,509,4422,0,0,"0.0","a",0,-2,,"false"
"2026-10-08T01:08:28Z",232,"O'Brien","EVE","-5.7","-5.7","-5.7","-5.7",-1,0,"0.3",48,407,1356,2,16,"1.0","a",-1,-2,,"false"
"2026-10-08T01:08:28Z",233,"Mykolenko","EVE","0.4","0.2","-0.1","-1.0",1,-37,"4.1",46,42462,34906,27,450,"8.0","d",1,1,,"false"
"2026-10-08T01:08:28Z",234,"Patterson","EVE","0.0","0.0","0.0","0.0",0,0,"0.0",45,0,149,0,0,"0.0","u",0,0,,"false"
"2026-10-08T01:08:28Z",235,"Aznou","EVE","0.0","0.0","0.0","0.0",0,-2,"0.1",40,0,662,0,0,"0.0","u",0,0,,"false"
"2026-10-08T01:08:28Z",236,"Dewsbury-Hall","EVE","-20.4","-21.1","-21.8","-22.5",-2,-26,"5.8",66,38145,59072,20,450,"2.5","a",1,1,,"false"
"2026-10-08T01:08:28Z",238,"Grealish","EVE","9.7","9.6","9.6","9.5",1,-4,"0.5",65,4688,3487,6,135,"2.0","a",0,0,,"false"
"2026-10-08T01:08:28Z",239,"Garner","EVE","3.8","3.8","3.7","3.7",1,-4,"0.2",60,2325,2453,11,328,"3.5","a",0,0,,"false"
"2026-10-08T01:08:28Z",242,"George","EVE","31.9","31.7","31.5","31.3",2,-12,"0.9",55,2886,12799,19,309,"2.0","a",0,0,,"false"
"2026-10-08T01:08:28Z",243,"Alcaraz","EVE","-52.8","-52.8","-52.8","-52.8",-3,0,"0.1",49,176,459,1,5,"0.0","a",0,-1,,"false"
"2026-10-08T01:08:28Z",244,"Armstrong","EVE","10.1","10.1","10.1","10.1",1,0,"0.4",50,1020,3727,16,446,"2.5","a",0,0,,"false"
"2026-10-08T01:08:28Z",245,"Dibling","EVE","-98.1","-98.1","-98.1","-98.1",-4,0,"0.0",54,140,178,1,24,"0.5","a",0,-1,,"false"
"2026-10-08T01:08:28Z",246,"Röhl","EVE","-54.0","-54.0","-54.0","-54.0",-3,0,"0.0",49,8,656,6,249,"0.0","i",0,-1,,"false"
"2026-10-08T01:08:28Z",247,"Hackney","EVE","-7.5","-8.6","-9.7","-10.9",-1,-2,"0.2",54,223,1267,10,137,"1.0","a",-1,-1,,"false"
"2026-10-08T01:08:28Z",248,"Beto","EVE","0.0","0.0","0.0","0.0",0,-4,"0.6",54,0,8376,2,31,"0.0","u",0,-1,,"false"
"2026-10-08T01:08:28Z",249,"Barry","EVE","1.4","1.5","1.7","1.8",1,20,"8.4",57,104150,50521,20,417,"4.0","a",1,2,,"false"
"2026-10-08T01:08:28Z",649,"Maitland-Niles","EVE","19.4","19.6","19.7","19.9",1,10,"1.4",45,22919,6126,21,177,"7.0","a",0,0,,"false"
"2026-10-08T01:08:28Z",654,"Graham","EVE","-40.4","-40.4","-40.4","-40.4",-3,0,"0.1",45,260,1090,0,0,"0.0","a",0,0,,"false"
"2026-10-08T01:08:28Z",250,"Leno","FUL","11.2","11.6","12.0","12.5",1,28,"3.5",45,53946,15938,18,450,"6.0","a",0,0,,"false"
"2026-10-08T01:08:28Z",251,"Lecomte","FUL","-26.2","-26.2","-26.2","-26.2",-2,0,"1.1",40,3133,3115,0,0,"0.0","a",0,0,,"false"
"2026-10-08T01:08:28Z",252,"McNally","FUL","0.0","0.0","0.0","0.0",0,0,"0.1",40,0,712,0,0,"0.0","u",0,0,,"false"
"2026-10-08T01:08:28Z",253,"Andersen","FUL","1.0","1.0","0.9","0.9",1,-3,"0.2",50,3410,1341,3,190,"0.5","a",0,0,,"false"
"2026-10-08T01:08:28Z",254,"Robinson","FUL","-10.3","-7.9","-5.3","-2.7",-1,24,"1.5",45,22944,9041,12,429,"4.0","a",0,0,,"false"
"2026-10-08T01:08:28Z",255,"J.Cuenca","FUL","-79.9","-79.9","-79.9","-79.9",-3,0,"0.0",45,73,125,3,90,"0.0","a",0,0,,"false"
"2026-10-08T01:08:28Z",256,"Tete","FUL","-2.1","-2.1","-2.1","-2.1",-1,0,"0.2",44,85,1131,0,27,"0.0","a",0,-1,,"false"
"2026-10-08T01:08:28Z",257,"Bassey","FUL","1.3","1.5","1.8","2.1",1,18,"0.7",45,9263,2575,15,450,"6.0","a",0,0,,"false"
"2026-10-08T01:08:28Z",258,"Castagne","FUL","16.6","17.0","17.3","17.7",1,24,"1.0",45,19648,6297,20,408,"3.5","a",0,0,,"false"
"2026-10-08T01:08:28Z",261,"Iwobi","FUL","-55.4","-54.5","-53.5","-52.5",-3,4,"0.7",54,5118,4008,14,408,"4.0","a",0,-1,,"false"
"2026-10-08T01:08:28Z",262,"Smith Rowe","FUL","-2.0","-2.0","-2.0","-2.0",-1,0,"0.2",53,376,1488,3,38,"0.5","a",-1,-2,,"false"
"2026-10-08T01:08:28Z",263,"Kevin","FUL","-13.6","-13.6","-13.6","-13.6",-1,0,"0.0",53,240,327,4,61,"1.0","a",0,-2,,"false"
"2026-10-08T01:08:28Z",264,"Bobb","FUL","-39.9","-37.2","-34.3","-31.5",-2,5,"0.3",55,3328,2180,13,343,"3.0","a",0,0,,"false"
"2026-10-08T01:08:28Z",265,"Berge","FUL","-37.4","-37.4","-37.4","-37.4",-2,0,"0.3",49,807,1559,11,349,"3.0","a",0,-1,,"false"
"2026-10-08T01:08:28Z",266,"Cairney","FUL","-12.7","-12.7","-12.7","-12.7",-1,0,"0.0",49,14,22,0,0,"0.0","i",0,-1,,"false"
"2026-10-08T01:08:28Z",268,"King","FUL","1.6","2.4","3.3","4.1",1,147,"3.0",56,139204,24870,24,425,"2.5","a",1,1,,"false"
"2026-10-08T01:08:28Z",269,"Sessegnon","FUL","-2.1","-2.1","-2.1","-2.1",-1,0,"0.3",43,403,1488,3,50,"0.0","a",-1,-2,,"false"
"2026-10-08T01:08:28Z",270,"Reed","FUL","-14.8","-15.4","-16.0","-16.6",-1,-4,"1.1",44,3164,7973,0,0,"0.0","a",0,-1,,"false"
"2026-10-08T01:08:28Z",271,"Muniz","FUL","-54.1","-54.7","-55.4","-56.1",-3,-2,"0.4",54,2161,3090,3,38,"0.5","a",0,-1,,"false"
"2026-10-08T01:08:28Z",272,"Kusi-Asare","FUL","-71.3","-71.6","-72.0","-72.3",-3,-12,"5.4",45,12994,39173,0,0,"0.0","a",0,0,,"false"
"2026-10-08T01:08:28Z",569,"Gonzalo","FUL","70.7","73.0","75.4","77.9",3,154,"4.3",60,108317,40331,14,425,"2.0","a",0,0,,"false"
"2026-10-08T01:08:28Z",570,"Palacios","FUL","-8.7","-7.6","-6.4","-5.2",-1,1,"0.2",54,820,1109,12,226,"0.5","a",0,-1,,"false"
"2026-10-08T01:08:28Z",580,"Charles","FUL","-62.6","-62.6","-62.6","-62.6",-3,0,"0.1",50,1115,591,13,303,"4.5","a",0,0,,"false"
"2026-10-08T01:08:28Z",610,"De Fougerolles","FUL","0.0","0.0","0.0","0.0",0,0,"0.1",40,0,539,0,0,"0.0","u",0,0,,"false"
"2026-10-08T01:08:28Z",626,"Zepa","FUL","0.4","0.4","0.4","0.4",1,0,"0.3",44,1534,2591,0,0,"0.0","a",-1,-1,,"false"
"2026-10-08T01:08:28Z",635,"Larsson","FUL","0.0","0.0","0.0","0.0",0,0,"0.0",50,109,79,3,37,"1.0","a",0,0,,"false"
"2026-10-08T01:08:28Z",636,"Ángel","FUL","0.0","0.0","0.0","0.0",0,0,"0.0",50,37,31,0,0,"0.0","a",0,0,,"false"
"2026-10-08T01:08:28Z",650,"Affengruber","FUL","2.5","2.8","3.1","3.5",1,22,"0.1",45,14125,3004,12,180,"6.0","a",0,0,,"false"
"2026-10-08T01:08:28Z",240,"Iroegbunam","HUL","0.1","0.1","0.1","0.1",1,0,"0.0",50,84,151,2,70,"0.5","a",0,0,,"false"
"2026-10-08T01:08:28Z",273,"Phillips","HUL","-31.5","-31.8","-32.2","-32.7",-2,-3,"1.4",40,3591,4421,0,0,"0.0","a",0,0,,"false"
"2026-10-08T01:08:28Z",274,"Butland","HUL","-1.2","-2.9","-4.7","-6.5",-1,-3,"0.1",44,74,366,0,0,"0.0","i",-1,-1,,"false"
"2026-10-08T01:08:28Z",275,"Cartwright","HUL","0.0","0.0","0.0","0.0",0,0,"0.0",40,0,34,0,0,"0.0","u",0,0,,"false"
"2026-10-08T01:08:28Z",276,"Lo-Tutala","HUL","0.0","0.0","0.0","0.0",0,0,"0.0",40,0,133,0,0,"0.0","u",0,0,,"false"
"2026-10-08T01:08:28Z",277,"Egan","HUL","28.0","28.0","28.0","27.9",2,-1,"7.0",41,36474,35298,26,437,"1.5","a",0,1,,"false"
"2026-10-08T01:08:28Z",278,"Hughes","HUL","0.4","0.4","0.4","0.3",1,-2,"0.2",39,1247,2198,0,0,"0.0","i",0,-1,,"false"
"2026-10-08T01:08:28Z",279,"Ajayi","HUL","74.4","74.2","73.9","73.7",3,-16,"13.9",42,51990,68305,27,423,"1.0","a",0,2,,"false"
"2026-10-08T01:08:28Z",280,"Coyle","HUL","0.2","0.2","0.2","0.2",1,0,"0.7",40,2408,2458,14,348,"1.0","a",0,0,,"false"
"2026-10-08T01:08:28Z",281,"Drameh","HUL","0.0","0.0","0.0","0.0",0,0,"0.0",40,0,276,2,65,"0.0","u",0,0,,"false"
"2026-10-08T01:08:28Z",282,"Giles","HUL","76.0","75.9","75.9","75.8",3,-4,"2.9",40,25084,16414,24,444,"2.0","a",0,0,,"false"
"2026-10-08T01:08:28Z",283,"Jacob","HUL","0.0","0.0","0.0","0.0",0,0,"0.0",40,0,40,0,0,"0.0","u",0,0,,"false"
"2026-10-08T01:08:28Z",284,"McCarthy","HUL","0.5","0.5","0.5","0.5",1,1,"0.1",40,445,504,0,0,"0.0","a",0,0,,"false"
"2026-10-08T01:08:28Z",285,"McNair","HUL","-46.3","-46.3","-46.3","-46.3",-3,0,"0.1",40,228,475,1,26,"0.0","a",0,0,,"false"
"2026-10-08T01:08:28Z",286,"Belloumi","HUL","43.4","43.9","44.5","45.0",3,36,"5.3",51,93496,31648,31,394,"8.5","a",0,1,,"false"
"2026-10-08T01:08:28Z",287,"Millar","HUL","0.0","0.0","0.0","0.0",0,0,"0.0",50,0,346,6,50,"0.0","u",0,0,,"false"
"2026-10-08T01:08:28Z",288,"Dowell","HUL","-0.9","-0.9","-0.9","-0.9",-1,0,"0.3",44,699,2319,0,0,"0.0","a",-1,-1,,"false"
"2026-10-08T01:08:28Z",289,"Crooks","HUL","0.7","0.7","0.7","0.7",1,0,"0.5",44,5803,5016,3,203,"0.5","a",-1,-1,,"false"
"2026-10-08T01:08:28Z",290,"Slater","HUL","79.9","79.6","79.4","79.1",3,-16,"5.2",45,18796,45035,15,437,"2.0","a",0,0,,"false"
"2026-10-08T01:08:28Z",291,"Matazo","HUL","-19.5","-19.5","-19.5","-19.5",-1,0,"0.0",45,34,67,0,0,"0.0","i",0,0,,"false"
"2026-10-08T01:08:28Z",292,"Ömür","HUL","-16.4","-16.4","-16.4","-16.4",-1,0,"0.0",49,90,165,0,0,"0.0","a",0,-1,,"false"
"2026-10-08T01:08:28Z",293,"Kamara","HUL","0.0","0.0","0.0","0.0",0,0,"0.0",50,0,15,0,0,"0.0","u",0,0,,"false"
"2026-10-08T01:08:28Z",294,"Zambrano","HUL","-26.9","-26.9","-26.9","-26.9",-2,0,"0.1",45,165,548,0,0,"0.0","a",0,0,,"false"
"2026-10-08T01:08:28Z",295,"McBurnie","HUL","29.7","29.6","29.4","29.3",2,-9,"1.9",55,10082,20858,13,441,"2.5","a",0,0,,"false"
"2026-10-08T01:08:28Z",296,"Akintola","HUL","0.0","0.0","0.0","0.0",0,0,"0.0",50,0,308,0,0,"0.0","u",0,0,,"false"
"2026-10-08T01:08:28Z",297,"Gyabi","HUL","-0.8","-0.8","-0.8","-0.8",-1,0,"0.0",44,73,162,0,0,"0.0","i",-1,-1,,"false"
"2026-10-08T01:08:28Z",298,"Destan","HUL","0.0","0.0","0.0","0.0",0,0,"0.2",45,0,1582,0,0,"0.0","u",0,0,,"false"
"2026-10-08T01:08:28Z",299,"Burstow","HUL","0.0","0.0","0.0","0.0",0,0,"0.0",45,0,252,0,0,"0.0","u",0,0,,"false"
"2026-10-08T01:08:28Z",340,"Gelhardt","HUL","0.0","0.0","0.0","0.0",0,0,"0.0",50,106,128,1,7,"0.5","a",0,0,,"false"
"2026-10-08T01:08:28Z",556,"Targett","HUL","-83.9","-84.1","-84.3","-84.5",-3,-4,"1.6",40,129,11621,1,5,"0.0","d",0,0,,"false"
"2026-10-08T01:08:28Z",563,"Morita","HUL","-3.0","-10.6","-18.8","-27.1",-1,-3,"0.0",49,24,210,1,45,"0.0","i",-1,-1,,"false"
"2026-10-08T01:08:28Z",572,"Tzolakis","HUL","1.4","1.5","1.6","1.7",1,14,"12.9",47,143999,29280,34,450,"4.0","a",1,2,,"false"
"2026-10-08T01:08:28Z",574,"Hjertø-Dahl","HUL","-84.3","-84.3","-84.3","-84.3",-3,0,"0.1",49,83,366,1,8,"0.0","a",0,-1,,"false"
"2026-10-08T01:08:28Z",576,"Stroud","HUL","-61.4","-61.4","-61.4","-61.4",-3,0,"0.1",50,167,545,7,249,"0.5","a",0,0,,"false"
"2026-10-08T01:08:28Z",585,"Herrington","HUL","-30.6","-30.6","-30.6","-30.6",-2,0,"0.6",40,1163,1964,5,197,"1.0","a",0,0,,"false"
"2026-10-08T01:08:28Z",586,"Mendy","HUL","-1.3","-1.3","-1.3","-1.3",-1,0,"6.2",41,8904,36412,25,249,"0.5","a",0,1,,"false"
"2026-10-08T01:08:28Z",589,"Gourna-Douath","HUL","-87.7","-87.7","-87.7","-87.7",-3,0,"0.0",50,35,118,4,138,"0.5","a",0,0,,"false"
"2026-10-08T01:08:28Z",617,"Cho","HUL","0.3","0.3","0.3","0.3",1,0,"0.0",50,401,169,9,72,"3.5","a",0,0,,"false"
"2026-10-08T01:08:28Z",632,"Ansah","HUL","-76.7","-79.2","-82.1","-84.9",-3,-1,"0.0",50,83,474,0,0,"0.0","i",0,0,,"false"
"2026-10-08T01:08:28Z",637,"Vaz","HUL","1.4","1.4","1.4","1.4",1,1,"0.1",50,2096,1324,2,20,"1.0","a",0,0,,"false"
"2026-10-08T01:08:28Z",638,"Norton-Cuffy","HUL","-32.3","-32.3","-32.3","-32.3",-2,0,"0.2",40,468,2866,1,34,"0.0","d",0,0,,"false"
"2026-10-08T01:08:28Z",642,"Thomas","HUL","0.3","0.3","0.3","0.3",1,0,"0.0",55,559,380,4,119,"1.5","a",0,0,,"false"
"2026-10-08T01:08:28Z",645,"Mouzakitis","HUL","0.0","0.0","0.0","0.0",0,0,"0.0",50,103,99,0,0,"0.0","a",0,0,,"false"
"2026-10-08T01:08:28Z",259,"Diop","IPS","-58.8","-58.8","-58.8","-58.8",-3,-1,"12.6",40,8873,67444,12,450,"2.5","a",0,0,,"false"
"2026-10-08T01:08:28Z",267,"Lukić","IPS","-7.0","-8.9","-11.0","-13.0",-1,-2,"0.1",49,265,639,11,400,"1.5","a",-1,-1,,"false"
"2026-10-08T01:08:28Z",300,"Walton","IPS","-5.8","-5.8","-5.8","-5.8",-1,0,"0.4",44,2217,1324,2,90,"1.0","a",0,-1,,"false"
"2026-10-08T01:08:28Z",301,"Palmer","IPS","-28.3","-28.4","-28.5","-28.5",-2,-2,"3.9",40,5362,14487,0,0,"0.0","a",0,0,,"false"
"2026-10-08T01:08:28Z",302,"Button","IPS","1.2","1.2","1.2","1.2",1,0,"0.6",40,1969,1618,0,0,"0.0","a",0,0,,"false"
"2026-10-08T01:08:28Z",303,"Kipré","IPS","3.3","3.3","3.3","3.3",1,0,"0.9",39,5292,5092,0,0,"0.0","a",0,-1,,"false"
"2026-10-08T01:08:28Z",304,"O'Shea","IPS","-44.7","-44.7","-44.7","-44.6",-3,1,"2.6",40,2584,17384,10,450,"1.5","a",0,0,,"false"
"2026-10-08T01:08:28Z",305,"Davis","IPS","80.8","81.3","81.9","82.5",3,36,"7.1",40,67434,34534,25,450,"8.0","a",0,0,,"false"
"2026-10-08T01:08:28Z",306,"Greaves","IPS","-0.0","-0.0","-0.0","-0.0",0,0,"1.1",39,599,4360,3,357,"0.5","a",-1,-1,,"false"
"2026-10-08T01:08:28Z",307,"Johnson","IPS","0.0","0.0","0.0","0.0",0,0,"0.1",40,0,424,0,0,"0.0","u",0,0,,"false"
"2026-10-08T01:08:28Z",308,"Furlong","IPS","2.3","2.3","2.3","2.3",1,0,"0.6",39,7327,3534,1,17,"0.0","a",0,-1,,"false"
"2026-10-08T01:08:28Z",309,"Núñez","IPS","-44.9","-44.9","-44.9","-44.9",-3,0,"0.1",49,110,772,6,140,"0.0","a",0,-1,,"false"
"2026-10-08T01:08:28Z",310,"Matusiwa","IPS","0.0","0.0","0.0","0.0",0,0,"0.0",49,18,21,0,0,"0.0","a",0,-1,,"false"
"2026-10-08T01:08:28Z",311,"Burns","IPS","0.0","0.0","0.0","0.0",0,0,"0.0",50,0,9,0,0,"0.0","u",0,0,,"false"
"2026-10-08T01:08:28Z",312,"Taylor","IPS","0.1","0.0","0.0","0.0",0,-1,"0.0",44,411,334,0,0,"0.0","i",-1,-1,,"false"
"2026-10-08T01:08:28Z",313,"Clarke","IPS","-93.4","-93.4","-93.4","-93.4",-3,0,"0.2",54,245,1094,11,170,"1.5","a",0,-1,,"false"
"2026-10-08T01:08:28Z",314,"Ogbene","IPS","0.0","0.0","0.0","0.0",0,0,"0.0",49,0,70,0,0,"0.0","u",0,-1,,"false"
"2026-10-08T01:08:28Z",315,"Fatawu","IPS","-43.7","-43.7","-43.7","-43.7",-3,0,"0.2",54,70,2944,8,352,"0.0","s",0,-1,,"false"
"2026-10-08T01:08:28Z",316,"Emersonn","IPS","94.0","94.4","95.0","95.5",3,34,"3.7",55,46060,26744,26,317,"7.0","a",0,0,,"false"
"2026-10-08T01:08:28Z",317,"Hirst","IPS","0.0","0.0","0.0","0.0",0,0,"0.1",50,0,561,0,0,"0.0","u",0,0,,"false"
"2026-10-08T01:08:28Z",318,"Philogene","IPS","-9.8","-9.8","-9.8","-9.8",-1,0,"0.1",54,40,188,2,52,"1.0","a",0,-1,,"false"
"2026-10-08T01:08:28Z",319,"Szmodics","IPS","0.0","0.0","0.0","0.0",0,0,"0.0",50,0,16,0,0,"0.0","u",0,0,,"false"
"2026-10-08T01:08:28Z",320,"Akpom","IPS","25.8","25.7","25.6","25.5",2,-6,"1.2",50,5583,10896,7,78,"0.5","a",0,0,,"false"
"2026-10-08T01:08:28Z",321,"Walle Egeli","IPS","41.6","41.4","41.2","41.0",3,-13,"3.5",45,22427,31544,1,10,"0.0","a",0,0,,"false"
"2026-10-08T01:08:28Z",322,"Al-Hamadi","IPS","0.0","0.0","0.0","0.0",0,0,"0.0",50,0,437,0,0,"0.0","u",0,0,,"false"
"2026-10-08T01:08:28Z",323,"McAteer","IPS","-2.5","-2.7","-2.9","-3.2",-1,-3,"1.0",44,1969,7608,3,42,"0.0","a",-1,-1,,"false"
"2026-10-08T01:08:28Z",324,"Mehmeti","IPS","-3.4","-6.7","-10.3","-14.0",-1,-1,"0.0",48,85,170,0,0,"0.0","a",-1,-2,,"false"
"2026-10-08T01:08:28Z",554,"Van Oevelen","IPS","0.0","0.0","0.0","0.0",0,0,"0.0",45,0,102,0,0,"0.0","u",0,0,,"false"
"2026-10-08T01:08:28Z",562,"Maeda","IPS","-13.6","-14.1","-14.6","-15.2",-1,-1,"0.2",53,156,1721,8,259,"1.0","a",-1,-2,,"false"
"2026-10-08T01:08:28Z",564,"Scherpen","IPS","-35.1","-35.1","-35.1","-35.1",-2,0,"0.6",45,904,3229,7,360,"0.5","a",0,0,,"false"
"2026-10-08T01:08:28Z",571,"Florentino","IPS","-4.0","-4.0","-4.0","-4.0",-1,0,"0.1",48,125,399,2,30,"1.0","a",-1,-2,,"false"
"2026-10-08T01:08:28Z",591,"Enciso","IPS","9.4","9.3","9.2","9.2",1,-4,"0.8",55,3232,7211,15,413,"2.0","a",0,0,,"false"
"2026-10-08T01:08:28Z",592,"Ouattara","IPS","-35.3","-35.9","-36.6","-37.3",-2,-3,"0.8",40,853,2407,6,131,"1.5","a",0,0,,"false"
"2026-10-08T01:08:28Z",602,"Humphreys","IPS","0.0","0.0","0.0","0.0",0,0,"0.0",45,0,262,0,0,"0.0","u",0,0,,"false"
"2026-10-08T01:08:28Z",619,"Palacios","IPS","1.1","1.1","1.1","1.1",1,0,"0.1",50,628,971,11,275,"3.0","a",0,0,,"false"
"2026-10-08T01:08:28Z",640,"Flemming","IPS","0.6","0.6","0.6","0.6",1,0,"0.1",55,1193,1169,6,60,"2.5","a",0,0,,"false"
"2026-10-08T01:08:28Z",260,"Wilson","LEE","-77.8","-79.0","-80.2","-81.4",-3,-33,"1.6",62,87,47121,5,145,"0.5","i",0,-3,,"false"
"2026-10-08T01:08:28Z",326,"Perri","LEE","0.0","0.0","0.0","0.0",0,0,"0.3",45,0,1512,0,0,"0.0","u",0,0,,"false"
"2026-10-08T01:08:28Z",327,"Bijol","LEE","5.2","5.1","5.1","5.0",1,-3,"0.7",50,935,6220,12,164,"0.0","a",0,0,,"false"
"2026-10-08T01:08:28Z",329,"Rodon","LEE","-8.5","-8.9","-9.3","-9.6",-1,-8,"0.7",43,52,10387,7,123,"0.0","i",-1,-2,,"false"
"2026-10-08T01:08:28Z",330,"Bogle","LEE","67.9","68.4","69.0","69.7",3,38,"7.5",46,152511,33549,42,365,"10.0","a",0,1,,"false"
"2026-10-08T01:08:28Z",331,"Gudmundsson","LEE","1.1","1.1","1.2","1.3",1,3,"0.1",45,817,436,14,252,"6.0","a",0,0,,"false"
"2026-10-08T01:08:28Z",332,"Justin","LEE","19.5","19.5","19.6","19.6",1,1,"1.4",45,6127,7476,26,450,"5.0","a",0,0,,"false"
"2026-10-08T01:08:28Z",333,"Bornauw","LEE","0.0","0.0","0.0","0.0",0,0,"0.0",45,0,6,0,0,"0.0","u",0,0,,"false"
"2026-10-08T01:08:28Z",334,"Muharemović","LEE","41.7","41.7","41.8","41.8",3,1,"4.4",50,39999,30789,27,450,"6.5","a",0,0,,"false"
"2026-10-08T01:08:28Z",335,"Stach","LEE","16.4","16.2","16.0","15.8",1,-15,"2.5",60,5963,22659,27,447,"4.0","a",0,0,,"false"
"2026-10-08T01:08:28Z",336,"Okafor","LEE","1.4","1.4","1.4","1.4",1,0,"0.4",58,2334,4196,18,299,"6.0","a",0,-2,,"false"
"2026-10-08T01:08:28Z",337,"Aaronson","LEE","-11.5","-12.0","-12.5","-13.0",-1,-3,"0.5",53,246,3935,7,194,"1.0","a",-1,-2,,"false"
"2026-10-08T01:08:28Z",338,"Ampadu","LEE","-32.8","-33.5","-34.2","-35.0",-2,-4,"0.9",54,2168,6111,21,450,"6.0","a",0,-1,,"false"
"2026-10-08T01:08:28Z",339,"Longstaff","LEE","-0.3","-0.3","-0.3","-0.3",-1,0,"0.1",48,179,720,2,10,"0.5","a",-1,-2,,"false"
"2026-10-08T01:08:28Z",341,"Gnonto","LEE","0.0","0.0","0.0","0.0",0,0,"0.0",50,0,67,0,0,"0.0","u",0,0,,"false"
"2026-10-08T01:08:28Z",342,"Harrison","LEE","0.0","0.0","0.0","0.0",0,0,"0.0",50,0,5,0,0,"0.0","u",0,0,,"false"
"2026-10-08T01:08:28Z",343,"James","LEE","-31.9","-31.9","-31.9","-31.9",-2,0,"0.1",49,230,651,3,52,"1.0","a",0,-1,,"false"
"2026-10-08T01:08:28Z",344,"Gruev","LEE","0.0","0.0","0.0","0.0",0,0,"0.0",50,53,23,0,0,"0.0","a",0,0,,"false"
"2026-10-08T01:08:28Z",345,"Tanaka","LEE","5.2","5.2","5.2","5.2",1,0,"0.3",49,2659,2720,14,255,"4.0","a",0,-1,,"false"
"2026-10-08T01:08:28Z",346,"Calvert-Lewin","LEE","71.9","70.9","69.9","68.8",3,-65,"24.6",60,113604,204198,22,419,"6.0","a",0,0,,"false"
"2026-10-08T01:08:28Z",347,"Nmecha","LEE","-29.5","-31.9","-34.4","-37.0",-2,-7,"0.5",54,2364,4247,7,64,"1.0","a",0,-1,,"false"
"2026-10-08T01:08:28Z",348,"Piroe","LEE","0.0","0.0","0.0","0.0",0,0,"0.1",50,0,487,0,0,"0.0","u",0,0,,"false"
"2026-10-08T01:08:28Z",349,"Mateo Joseph","LEE","-44.8","-41.1","-37.1","-33.0",-3,3,"0.1",45,383,558,0,0,"0.0","i",0,0,,"false"
"2026-10-08T01:08:28Z",385,"Trafford","LEE","36.8","36.7","36.7","36.7",2,-2,"5.5",50,28244,18680,28,450,"6.5","a",0,0,,"false"
"2026-10-08T01:08:28Z",598,"Elvedi","LEE","0.7","0.7","0.8","0.8",1,1,"0.1",45,314,297,13,326,"4.0","a",0,0,,"false"
"2026-10-08T01:08:28Z",603,"Lienou","LEE","0.1","0.2","0.2","0.2",1,1,"0.1",40,272,559,0,0,"0.0","a",0,0,,"false"
"2026-10-08T01:08:28Z",604,"Cresswell","LEE","-14.5","-14.5","-14.5","-14.5",-1,0,"0.1",45,349,976,0,0,"0.0","a",0,0,,"false"
"2026-10-08T01:08:28Z",625,"Cairns","LEE","0.4","0.4","0.4","0.4",1,0,"0.2",40,961,873,0,0,"0.0","a",0,0,,"false"
"2026-10-08T01:08:28Z",629,"Zetterer","LEE","2.4","2.4","2.5","2.5",1,1,"0.7",40,3541,3071,0,0,"0.0","a",0,0,,"false"
"2026-10-08T01:08:28Z",641,"Bard","LEE","0.1","0.1","0.1","0.1",1,0,"0.0",45,110,90,1,18,"0.5","a",0,0,,"false"
"2026-10-08T01:08:28Z",648,"Bahoya","LEE","-58.3","-58.3","-58.3","-58.3",-3,0,"0.0",50,126,200,1,1,"0.5","a",0,0,,"false"
"2026-10-08T01:08:28Z",350,"A.Becker","LIV","1.9","1.9","1.9","1.9",1,-2,"4.2",55,16942,14169,27,450,"8.5","a",0,0,,"false"
"2026-10-08T01:08:28Z",351,"Mamardashvili","LIV","-0.2","-0.2","-0.2","-0.2",-1,0,"0.1",48,297,693,0,0,"0.0","a",-1,-2,,"false"
"2026-10-08T01:08:28Z",352,"Woodman","LIV","-35.0","-35.0","-35.0","-35.0",-2,0,"1.0",40,916,2714,0,0,"0.0","a",0,0,,"false"
"2026-10-08T01:08:28Z",353,"Pecsi","LIV","0.0","0.0","0.0","0.0",0,0,"0.0",40,0,72,0,0,"0.0","u",0,0,,"false"
"2026-10-08T01:08:28Z",354,"Jaros","LIV","0.1","0.1","0.1","0.1",1,0,"0.0",40,235,181,0,0,"0.0","i",0,0,,"false"
"2026-10-08T01:08:28Z",355,"Davies","LIV","0.1","0.1","0.1","0.1",1,0,"0.2",40,332,520,0,0,"0.0","a",0,0,,"false"
"2026-10-08T01:08:28Z",356,"Virgil","LIV","-64.2","-64.2","-64.1","-64.1",-3,4,"16.2",65,28169,51839,25,450,"8.0","a",0,0,,"false"
"2026-10-08T01:08:28Z",357,"Frimpong","LIV","-44.2","-44.8","-45.5","-46.3",-3,-8,"1.7",53,1869,14349,2,178,"0.5","a",0,-2,,"false"
"2026-10-08T01:08:28Z",358,"Kerkez","LIV","-1.5","-1.9","-2.2","-2.6",-1,-8,"2.2",53,3044,12490,13,385,"3.5","a",-1,-2,,"false"
"2026-10-08T01:08:28Z",359,"Gomez","LIV","0.1","0.1","0.1","0.1",1,0,"0.0",49,375,130,0,0,"0.0","a",0,-1,,"false"
"2026-10-08T01:08:28Z",360,"Bradley","LIV","-93.1","-93.1","-93.1","-93.1",-3,0,"0.0",50,72,97,0,0,"0.0","i",0,0,,"false"
"2026-10-08T01:08:28Z",361,"Lucky","LIV","-59.4","-59.4","-59.4","-59.4",-3,0,"0.1",40,323,644,0,0,"0.0","a",0,0,,"false"
"2026-10-08T01:08:28Z",362,"Jacquet","LIV","60.1","59.9","59.6","59.4",3,-16,"3.5",50,39762,20632,24,415,"7.5","d",0,0,,"false"
"2026-10-08T01:08:28Z",363,"Leoni","LIV","-67.0","-67.0","-67.0","-67.0",-3,0,"0.0",40,76,209,0,0,"0.0","i",0,0,,"false"
"2026-10-08T01:08:28Z",364,"Tsimikas","LIV","-60.0","-60.0","-60.0","-60.0",-3,0,"0.1",49,118,432,2,64,"0.5","a",0,-1,,"false"
"2026-10-08T01:08:28Z",365,"Ramsay","LIV","0.0","0.0","0.0","0.0",0,0,"0.1",40,0,548,0,0,"0.0","u",0,0,,"false"
"2026-10-08T01:08:28Z",366,"Wirtz","LIV","-42.3","-42.4","-42.5","-42.5",-3,-3,"5.7",73,6179,48978,18,402,"4.5","a",0,-2,,"false"
"2026-10-08T01:08:28Z",367,"Gakpo","LIV","-9.8","-11.3","-12.9","-14.5",-1,-188,"12.0",72,53060,128625,32,370,"2.0","d",0,2,,"false"
"2026-10-08T01:08:28Z",368,"Szoboszlai","LIV","-1.7","-2.1","-2.5","-2.9",-1,-131,"32.4",69,43942,257561,20,440,"2.5","a",-1,-1,,"false"
"2026-10-08T01:08:28Z",369,"Ngumoha","LIV","-27.2","-27.6","-27.9","-28.3",-2,-2,"0.5",57,956,4771,4,99,"0.5","a",-1,-3,,"false"
"2026-10-08T01:08:28Z",370,"Chiesa","LIV","-7.1","-7.1","-7.1","-7.1",-1,0,"0.0",53,18,274,0,0,"0.0","i",-1,-2,,"false"
"2026-10-08T01:08:28Z",371,"Gravenberch","LIV","-26.5","-26.7","-26.8","-27.0",-2,-2,"1.1",58,1440,10086,9,190,"1.0","a",-1,-2,,"false"
"2026-10-08T01:08:28Z",372,"Mac Allister","LIV","-48.0","-48.7","-49.6","-50.4",-3,-7,"1.3",54,4405,7870,11,306,"3.0","a",0,-1,,"false"
"2026-10-08T01:08:28Z",373,"C.Jones","LIV","0.0","0.0","0.0","0.0",0,0,"0.0",55,0,71,0,0,"0.0","u",0,0,,"false"
"2026-10-08T01:08:28Z",374,"Endo","LIV","-69.2","-72.1","-75.3","-78.5",-3,-1,"0.1",49,177,478,0,0,"0.0","a",0,-1,,"false"
"2026-10-08T01:08:28Z",375,"Nyoni","LIV","-95.2","-95.2","-95.2","-95.2",-4,0,"0.0",49,102,338,3,38,"0.5","a",0,-1,,"false"
"2026-10-08T01:08:28Z",376,"Bajcetic","LIV","0.0","0.0","0.0","0.0",0,0,"0.0",50,0,3,0,0,"0.0","u",0,0,,"false"
"2026-10-08T01:08:28Z",377,"Munoz","LIV","6.4","6.4","6.4","6.4",1,-1,"0.9",65,1858,12909,15,257,"1.0","a",0,0,,"false"
"2026-10-08T01:08:28Z",378,"McConnell","LIV","-5.5","-5.5","-5.5","-5.5",-1,0,"0.2",44,1138,1684,0,0,"0.0","a",0,-1,,"false"
"2026-10-08T01:08:28Z",379,"Isak","LIV","-4.4","-5.8","-7.3","-8.8",-1,-171,"21.9",91,123775,129455,33,413,"5.0","d",0,1,,"false"
"2026-10-08T01:08:28Z",380,"Ekitiké","LIV","-30.3","-30.3","-30.3","-30.3",-2,0,"0.1",74,457,939,0,0,"0.0","i",0,-1,,"false"
"2026-10-08T01:08:28Z",381,"Koumas","LIV","-96.5","-96.5","-96.5","-96.5",-4,0,"0.0",50,197,216,3,22,"0.5","a",0,0,,"false"
"2026-10-08T01:08:28Z",382,"Danns","LIV","4.0","4.0","4.0","4.0",1,0,"0.2",45,4016,2724,0,0,"0.0","a",0,0,,"false"
"2026-10-08T01:08:28Z",383,"Elliott","LIV","0.0","0.0","0.0","0.0",0,0,"0.0",54,0,256,0,0,"0.0","u",0,-1,,"false"
"2026-10-08T01:08:28Z",579,"Araujo","LIV","37.7","37.7","37.7","37.7",2,0,"3.1",54,20720,12119,22,284,"6.5","a",0,-1,,"false"
"2026-10-08T01:08:28Z",627,"Barcola","LIV","-66.6","-66.6","-66.5","-66.4",-3,1,"1.9",80,15618,21814,7,168,"3.0","a",0,0,,"false"
"2026-10-08T01:08:28Z",155,"Enzo","MCI","2.8","3.1","3.4","3.8",1,21,"3.7",69,36280,17961,13,271,"4.5","a",0,-1,,"false"
"2026-10-08T01:08:28Z",237,"Ndiaye","MCI","-24.9","-25.3","-25.8","-26.2",-2,-32,"6.6",58,8585,79865,22,385,"3.0","a",-1,-2,,"false"
"2026-10-08T01:08:28Z",384,"Donnarumma","MCI","-57.6","-57.8","-58.1","-58.3",-3,-12,"7.5",55,12281,35753,19,450,"4.5","a",0,0,,"false"
"2026-10-08T01:08:28Z",386,"Bettinelli","MCI","-92.5","-92.5","-92.5","-92.5",-3,0,"0.0",45,66,94,0,0,"0.0","a",0,0,,"false"
"2026-10-08T01:08:28Z",387,"O'Reilly","MCI","-5.3","-5.7","-6.1","-6.5",-1,-80,"10.7",63,5471,91502,6,163,"1.0","d",-1,-2,,"false"
"2026-10-08T01:08:28Z",388,"Guéhi","MCI","68.6","68.3","68.0","67.7",3,-19,"18.1",60,27675,61705,30,450,"5.0","a",0,0,,"false"
"2026-10-08T01:08:28Z",389,"Matheus N.","MCI","-37.2","-37.6","-38.0","-38.4",-2,-2,"1.0",59,1996,3444,11,213,"5.0","a",0,-1,,"false"
"2026-10-08T01:08:28Z",390,"Rúben","MCI","4.1","4.1","4.1","4.1",1,1,"1.9",55,5442,10419,17,450,"3.5","a",0,0,,"false"
"2026-10-08T01:08:28Z",391,"Gvardiol","MCI","88.3","88.5","88.7","88.9",3,14,"26.9",57,174095,71621,37,434,"7.5","a",0,2,,"false"
"2026-10-08T01:08:28Z",392,"Aït-Nouri","MCI","-1.0","-1.0","-1.0","-1.0",-1,0,"0.4",52,602,2462,0,0,"0.0","a",-1,-3,,"false"
"2026-10-08T01:08:28Z",393,"Khusanov","MCI","-40.3","-40.4","-40.6","-40.8",-3,-2,"1.4",54,1615,9977,9,268,"0.0","a",0,-1,,"false"
"2026-10-08T01:08:28Z",394,"Alleyne","MCI","0.0","0.0","0.0","0.0",0,0,"0.0",50,0,20,0,0,"0.0","u",0,0,,"false"
"2026-10-08T01:08:28Z",395,"Lewis","MCI","-72.9","-72.9","-72.9","-72.9",-3,0,"0.2",44,372,1358,1,56,"0.0","a",0,-1,,"false"
"2026-10-08T01:08:28Z",396,"Vitor Reis","MCI","-91.0","-91.0","-91.0","-91.0",-3,0,"0.0",45,83,172,1,1,"0.0","a",0,0,,"false"
"2026-10-08T01:08:28Z",397,"Semenyo","MCI","-25.6","-26.1","-26.7","-27.3",-2,-96,"15.0",84,131527,104147,33,450,"10.0","d",0,-1,,"false"
"2026-10-08T01:08:28Z",398,"Foden","MCI","-58.0","-58.6","-59.2","-59.8",-3,-18,"1.7",69,245,32611,9,217,"-1.0","s",0,-1,,"false"
"2026-10-08T01:08:28Z",399,"Cherki","MCI","-55.3","-54.6","-53.8","-53.0",-3,49,"28.5",78,153721,111336,34,302,"4.5","a",0,3,,"false"
"2026-10-08T01:08:28Z",400,"Doku","MCI","0.8","0.8","0.9","0.9",1,3,"0.7",74,5697,2481,1,15,"0.5","a",0,-1,,"false"
"2026-10-08T01:08:28Z",402,"Rodrigo","MCI","0.0","0.0","0.0","0.0",0,0,"0.0",65,0,29,0,0,"0.0","u",0,0,,"false"
"2026-10-08T01:08:28Z",404,"Reijnders","MCI","0.0","0.0","0.0","0.0",0,0,"0.0",60,0,111,0,0,"0.0","u",0,0,,"false"
"2026-10-08T01:08:28Z",406,"Kovačić","MCI","-0.6","-0.6","-0.6","-0.6",-1,0,"0.1",53,132,519,2,42,"0.0","a",-1,-2,,"false"
"2026-10-08T01:08:28Z",407,"Echeverri","MCI","0.0","0.0","0.0","0.0",0,0,"0.0",49,0,61,0,0,"0.0","u",0,-1,,"false"
"2026-10-08T01:08:28Z",408,"Phillips","MCI","0.0","0.0","0.0","0.0",0,0,"0.0",50,0,16,0,0,"0.0","u",0,0,,"false"
"2026-10-08T01:08:28Z",409,"Mukasa","MCI","0.0","0.0","0.0","0.0",0,0,"0.1",45,0,690,0,0,"0.0","u",0,0,,"false"
"2026-10-08T01:08:28Z",410,"Monga","MCI","0.0","0.0","0.0","0.0",0,0,"0.0",49,0,61,0,0,"0.0","u",0,-1,,"false"
"2026-10-08T01:08:28Z",411,"Haaland","MCI","26.1","26.1","26.2","26.3",2,5,"73.9",156,95131,28836,39,450,"7.5","a",0,1,,"false"
"2026-10-08T01:08:28Z",481,"Anderson","MCI","-47.6","-47.9","-48.2","-48.5",-3,-8,"3.9",63,9431,32233,15,413,"3.5","a",0,-2,,"false"
"2026-10-08T01:08:28Z",587,"Rulli","MCI","-96.1","-96.1","-96.1","-96.1",-4,0,"0.0",50,87,110,0,0,"0.0","a",0,0,,"false"
"2026-10-08T01:08:28Z",616,"Bouaddi","MCI","-38.1","-38.1","-38.1","-38.1",-2,0,"0.2",55,919,2289,2,22,"0.0","a",0,0,,"false"
"2026-10-08T01:08:28Z",621,"McAidoo","MCI","-0.0","-0.0","-0.0","-0.0",0,0,"0.1",44,226,1198,2,11,"0.0","a",-1,-1,,"false"
"2026-10-08T01:08:28Z",622,"Braithwaite","MCI","-43.2","-43.2","-43.2","-43.2",-3,0,"0.2",40,644,1765,1,1,"0.0","a",0,0,,"false"
"2026-10-08T01:08:28Z",628,"Allan","MCI","0.1","0.1","0.1","0.1",1,0,"0.0",60,248,180,0,0,"0.0","a",0,0,,"false"
"2026-10-08T01:08:28Z",653,"Samba","MCI","-44.1","-44.1","-44.1","-44.1",-3,0,"0.0",45,275,527,0,0,"0.0","a",0,0,,"false"
"2026-10-08T01:08:28Z",43,"Tielemans","MUN","-42.2","-42.6","-43.2","-43.7",-3,-5,"1.5",58,3724,12057,14,402,"3.0","a",0,-2,,"false"
"2026-10-08T01:08:28Z",131,"Baleba","MUN","0.2","0.2","0.2","0.2",1,0,"0.1",49,1790,876,0,0,"0.0","a",0,-1,,"false"
"2026-10-08T01:08:28Z",162,"Andrey Santos","MUN","-59.4","-59.4","-59.4","-59.4",-3,0,"0.6",48,1131,5693,4,82,"0.0","a",0,-2,,"false"
"2026-10-08T01:08:28Z",325,"Darlow","MUN","-26.8","-26.8","-26.8","-26.8",-2,0,"0.0",45,69,254,0,0,"0.0","d",0,0,,"false"
"2026-10-08T01:08:28Z",412,"Lammens","MUN","-19.2","-19.2","-19.1","-19.1",-1,2,"9.8",49,8282,58184,11,450,"3.0","a",0,-1,,"false"
"2026-10-08T01:08:28Z",413,"Bayindir","MUN","0.0","0.0","0.0","0.0",0,0,"0.0",45,0,50,0,0,"0.0","u",0,0,,"false"
"2026-10-08T01:08:28Z",414,"Heaton","MUN","-38.9","-38.9","-38.9","-38.9",-2,0,"0.1",40,245,334,0,0,"0.0","i",0,0,,"false"
"2026-10-08T01:08:28Z",415,"Dorgu","MUN","-71.2","-71.9","-72.6","-73.3",-3,-4,"0.5",58,1045,5260,10,171,"4.0","d",0,-2,,"false"
"2026-10-08T01:08:28Z",416,"De Ligt","MUN","0.0","0.0","0.0","0.0",0,0,"0.0",49,96,153,0,0,"0.0","i",-1,-1,,"false"
"2026-10-08T01:08:28Z",417,"Dalot","MUN","-84.5","-84.9","-85.3","-85.7",-3,-4,"1.6",49,1733,8826,8,346,"2.0","a",0,-1,,"false"
"2026-10-08T01:08:28Z",418,"Maguire","MUN","-3.1","-3.2","-3.3","-3.4",-1,-11,"8.5",48,5810,85861,10,450,"1.5","a",-1,-2,,"false"
"2026-10-08T01:08:28Z",419,"Martinez","MUN","-0.1","0.0","0.1","0.1",0,3,"1.3",49,4273,7217,6,360,"1.0","a",-1,-1,,"false"
"2026-10-08T01:08:28Z",420,"Yoro","MUN","-12.4","-12.4","-12.4","-12.4",-1,0,"0.5",48,567,2417,2,22,"0.0","a",-1,-2,,"false"
"2026-10-08T01:08:28Z",421,"Heaven","MUN","-1.2","-1.2","-1.2","-1.2",-1,0,"0.3",43,299,1686,1,90,"0.0","a",-1,-2,,"false"
"2026-10-08T01:08:28Z",422,"Mazraoui","MUN","-46.5","-46.5","-46.5","-46.5",-3,0,"0.5",44,614,3505,3,97,"0.0","d",0,-1,,"false"
"2026-10-08T01:08:28Z",423,"Shaw","MUN","-6.2","-6.3","-6.4","-6.5",-1,-9,"7.6",43,5168,87596,9,335,"1.0","a",-1,-2,,"false"
"2026-10-08T01:08:28Z",424,"Amass","MUN","-50.4","-50.4","-50.4","-50.4",-3,0,"0.2",40,477,895,0,0,"0.0","a",0,0,,"false"
"2026-10-08T01:08:28Z",425,"Fredricson","MUN","0.0","0.0","0.0","0.0",0,0,"0.0",40,0,55,0,0,"0.0","u",0,0,,"false"
"2026-10-08T01:08:28Z",426,"B.Fernandes","MUN","-1.3","-1.3","-1.3","-1.3",-1,7,"38.4",119,59726,226807,31,450,"2.0","a",-1,-1,,"false"
"2026-10-08T01:08:28Z",427,"Mbeumo","MUN","-82.2","-82.1","-82.0","-81.9",-3,11,"20.4",79,51177,154193,25,450,"2.0","a",0,-1,,"false"
"2026-10-08T01:08:28Z",428,"Cunha","MUN","-97.8","-97.2","-96.6","-95.9",-4,23,"5.8",79,29408,25849,26,407,"6.0","a",0,-1,,"false"
"2026-10-08T01:08:28Z",429,"Rashford","MUN","-98.1","-99.1","-100.2","-101.2",-4,-17,"1.4",70,4421,20957,10,351,"2.0","d",0,0,,"false"
"2026-10-08T01:08:28Z",430,"Mount","MUN","0.1","0.1","0.1","0.1",1,0,"0.0",54,210,218,1,10,"0.5","a",0,-1,,"false"
"2026-10-08T01:08:28Z",431,"Amad","MUN","-21.0","-21.0","-21.0","-21.0",-2,0,"0.3",57,157,2163,0,0,"0.0","i",0,-3,,"false"
"2026-10-08T01:08:28Z",432,"Mainoo","MUN","13.5","13.3","13.0","12.7",1,-19,"1.5",55,8292,18168,22,354,"4.0","d",0,0,,"false"
"2026-10-08T01:08:28Z",433,"Ugarte","MUN","-74.0","-74.0","-74.0","-74.0",-3,0,"0.0",50,26,28,0,0,"0.0","i",0,0,,"false"
"2026-10-08T01:08:28Z",434,"J.Fletcher","MUN","-40.5","-40.5","-40.5","-40.5",-3,0,"0.0",49,49,62,0,0,"0.0","a",0,-1,,"false"
"2026-10-08T01:08:28Z",435,"Lacey","MUN","-5.5","-5.5","-5.5","-5.5",-1,0,"0.1",49,413,398,1,10,"0.0","a",0,-1,,"false"
"2026-10-08T01:08:28Z",436,"Collyer","MUN","0.0","0.0","0.0","0.0",0,0,"0.0",50,0,51,0,0,"0.0","u",0,0,,"false"
"2026-10-08T01:08:28Z",437,"Bendito Mantato","MUN","0.0","0.0","0.0","0.0",0,0,"0.2",44,554,1015,0,0,"0.0","a",-1,-1,,"false"
"2026-10-08T01:08:28Z",438,"Fletcher","MUN","0.4","0.4","0.4","0.4",1,0,"0.3",44,2728,2393,0,0,"0.0","a",0,-1,,"false"
"2026-10-08T01:08:28Z",439,"Šeško","MUN","-52.2","-53.2","-54.4","-55.5",-3,-20,"1.6",70,6857,27531,8,76,"0.5","d",0,0,,"false"
"2026-10-08T01:08:28Z",440,"Zirkzee","MUN","-8.6","-9.2","-9.9","-10.6",-1,-3,"0.4",53,2323,3497,2,20,"1.0","a",-1,-2,,"false"
"2026-10-08T01:08:28Z",441,"Obi","MUN","0.0","0.0","0.0","0.0",0,-5,"0.9",45,0,12495,0,0,"0.0","u",0,0,,"false"
"2026-10-08T01:08:28Z",405,"N.Gonzalez","NEW","0.9","0.9","0.9","0.9",1,0,"0.2",55,788,1974,5,164,"0.5","a",0,0,,"false"
"2026-10-08T01:08:28Z",442,"Pope","NEW","-49.0","-48.4","-47.7","-47.0",-3,4,"0.9",49,1010,3540,0,0,"0.0","a",0,-1,,"false"
"2026-10-08T01:08:28Z",443,"Gillespie","NEW","-41.9","-41.9","-41.9","-41.9",-3,0,"0.0",45,51,98,0,0,"0.0","a",0,0,,"false"
"2026-10-08T01:08:28Z",444,"Jaouen","NEW","-5.5","-5.5","-5.5","-5.5",-1,0,"0.0",44,23,143,0,0,"0.0","i",-1,-1,,"false"
"2026-10-08T01:08:28Z",445,"Thiaw","NEW","19.4","19.4","19.4","19.4",1,0,"2.2",50,11504,12449,14,450,"3.0","a",0,0,,"false"
"2026-10-08T01:08:28Z",446,"Schär","NEW","-11.1","-7.4","-3.2","0.0",-1,5,"0.2",49,709,1036,2,25,"0.5","a",0,-1,,"false"
"2026-10-08T01:08:28Z",447,"Botman","NEW","10.7","10.7","10.8","10.8",1,3,"0.7",50,6027,3715,15,450,"3.0","a",0,0,,"false"
"2026-10-08T01:08:28Z",448,"Burn","NEW","-5.6","-5.6","-5.6","-5.6",-1,0,"0.7",48,133,6711,0,0,"0.0","i",-1,-2,,"false"
"2026-10-08T01:08:28Z",449,"Hall","NEW","12.5","13.4","14.3","15.3",1,164,"17.8",53,300666,28360,31,449,"6.5","a",1,3,,"false"
"2026-10-08T01:08:28Z",450,"Livramento","NEW","1.5","1.5","1.5","1.5",1,-2,"0.1",49,485,1769,4,33,"1.5","d",0,-1,,"false"
"2026-10-08T01:08:28Z",451,"A.Murphy","NEW","0.0","0.0","0.0","0.0",0,0,"0.1",40,0,339,0,0,"0.0","u",0,0,,"false"
"2026-10-08T01:08:28Z",453,"Barnes","NEW","21.2","22.0","22.8","23.7",2,142,"6.0",61,198987,33683,28,450,"5.5","a",1,1,,"false"
"2026-10-08T01:08:28Z",454,"Elanga","NEW","-50.7","-51.5","-52.4","-53.3",-3,-113,"4.3",61,366,186124,18,232,"0.0","i",-1,1,,"false"
"2026-10-08T01:08:28Z",456,"J.Ramsey","NEW","-1.3","-1.3","-1.3","-1.3",-1,0,"0.2",48,85,5348,7,69,"0.0","i",-1,-2,,"false"
"2026-10-08T01:08:28Z",457,"J.Murphy","NEW","-21.6","-21.6","-21.6","-21.6",-2,0,"0.1",59,1121,950,3,181,"0.5","a",0,-1,,"false"
"2026-10-08T01:08:28Z",458,"Joelinton","NEW","-69.6","-69.6","-69.6","-69.6",-3,0,"0.0",54,22,97,0,0,"0.0","i",0,-1,,"false"
"2026-10-08T01:08:28Z",459,"L.Miley","NEW","0.6","0.5","0.5","0.5",1,-2,"0.1",55,499,696,12,396,"2.0","d",0,0,,"false"
"2026-10-08T01:08:28Z",460,"Willock","NEW","17.1","17.1","17.2","17.2",1,3,"0.6",50,11640,3521,22,284,"5.5","a",0,0,,"false"
"2026-10-08T01:08:28Z",461,"Touré","NEW","-14.8","-14.8","-14.8","-14.8",-1,0,"0.1",58,403,1005,8,50,"3.5","a",0,-2,,"false"
"2026-10-08T01:08:28Z",462,"Steur","NEW","-58.2","-58.2","-58.2","-58.2",-3,0,"0.1",49,303,463,8,223,"2.5","a",0,-1,,"false"
"2026-10-08T01:08:28Z",463,"Woltemade","NEW","0.0","0.0","0.0","0.0",0,0,"0.5",59,0,4152,4,19,"0.0","u",0,-1,,"false"
"2026-10-08T01:08:28Z",464,"Wissa","NEW","70.6","71.3","72.1","72.8",3,47,"18.7",62,113318,161977,15,441,"1.0","a",0,2,,"false"
"2026-10-08T01:08:28Z",465,"Osula","NEW","-10.5","-10.5","-10.5","-10.5",-1,0,"0.3",58,144,2797,4,55,"0.0","i",-1,-2,,"false"
"2026-10-08T01:08:28Z",466,"Neave","NEW","0.0","0.0","0.0","0.0",0,-2,"0.5",45,0,4402,0,0,"0.0","u",0,0,,"false"
"2026-10-08T01:08:28Z",559,"Bamba","NEW","-79.2","-79.2","-79.2","-79.2",-3,0,"0.1",49,141,568,3,27,"1.0","a",0,-1,,"false"
"2026-10-08T01:08:28Z",567,"Horníček","NEW","25.7","25.7","25.8","25.8",2,2,"1.5",50,8640,6357,14,450,"2.0","a",0,0,,"false"
"2026-10-08T01:08:28Z",593,"Dedić","NEW","-18.7","-20.1","-21.7","-23.3",-2,-46,"1.7",45,298,44544,13,327,"0.0","i",0,0,,"false"
"2026-10-08T01:08:28Z",609,"Shahar","NEW","0.0","0.0","0.0","0.0",0,-2,"0.2",40,0,2012,0,0,"0.0","u",0,0,,"false"
"2026-10-08T01:08:28Z",634,"Fernandez-Pardo","NEW","1.0","1.0","1.0","1.0",1,2,"0.1",60,2586,1680,4,157,"1.5","a",0,0,,"false"
"2026-10-08T01:08:28Z",659,"Miley","NEW","0.1","0.1","0.1","0.1",1,0,"0.0",45,1572,708,0,0,"0.0","a",0,0,,"false"
"2026-10-08T01:08:28Z",663,"Pivas","NEW","0.0","0.0","0.0","0.0",0,0,"0.0",40,452,74,0,0,"0.0","a",0,0,,"false"
"2026-10-08T01:08:28Z",664,"Salia","NEW","0.4","0.5","0.6","0.6",1,4,"0.1",45,11312,1947,0,0,"0.0","a",0,0,,"false"
"2026-10-08T01:08:28Z",665,"Mills","NEW","0.0","0.0","0.0","0.0",0,0,"0.0",45,177,35,0,0,"0.0","a",0,0,,"false"
"2026-10-08T01:08:28Z",666,"Thompson","NEW","0.0","0.0","0.0","0.0",0,0,"0.0",45,259,39,0,0,"0.0","a",0,0,,"false"
"2026-10-08T01:08:28Z",167,"Delap","NFO","-28.8","-29.4","-30.1","-30.8",-2,-11,"2.7",56,27736,33858,9,277,"3.0","a",1,1,,"false"
"2026-10-08T01:08:28Z",201,"Muñoz","NFO","-53.0","-53.5","-54.1","-54.6",-3,-19,"5.7",54,9346,35285,5,257,"2.0","a",0,-1,,"false"
"2026-10-08T01:08:28Z",467,"Sels","NFO","4.4","4.4","4.4","4.3",1,-3,"1.6",50,2466,7487,14,450,"2.5","a",0,0,,"false"
"2026-10-08T01:08:28Z",468,"John","NFO","-80.0","-80.0","-80.0","-80.0",-3,0,"0.1",45,70,174,0,0,"0.0","a",0,0,,"false"
"2026-10-08T01:08:28Z",469,"N.Williams","NFO","25.1","24.8","24.5","24.3",2,-18,"8.6",50,13911,56555,19,450,"2.0","a",0,0,,"false"
"2026-10-08T01:08:28Z",470,"Morato","NFO","0.0","0.0","0.0","0.0",0,0,"0.0",50,0,135,0,0,"0.0","u",0,0,,"false"
"2026-10-08T01:08:28Z",471,"Milenković","NFO","-16.8","-17.1","-17.4","-17.7",-1,-8,"1.0",54,82,14035,12,270,"0.0","i",-1,-1,,"false"
"2026-10-08T01:08:28Z",472,"Murillo","NFO","26.3","26.2","26.2","26.2",2,-2,"2.1",55,10495,9858,23,449,"5.0","a",0,0,,"false"
"2026-10-08T01:08:28Z",473,"Aina","NFO","-5.0","-5.1","-5.3","-5.4",-1,-4,"2.3",44,1279,23824,8,306,"1.0","a",-1,-1,,"false"
"2026-10-08T01:08:28Z",474,"Jair Cunha","NFO","-51.6","-51.6","-51.6","-51.6",-3,0,"0.2",45,321,743,11,360,"0.5","a",0,0,,"false"
"2026-10-08T01:08:28Z",475,"Savona","NFO","-20.5","-20.5","-20.5","-20.5",-2,0,"0.0",45,23,23,0,0,"0.0","i",0,0,,"false"
"2026-10-08T01:08:28Z",476,"O.Richards","NFO","-73.8","-73.8","-73.8","-73.8",-3,0,"0.2",40,342,848,0,0,"0.0","a",0,0,,"false"
"2026-10-08T01:08:28Z",477,"Abbott","NFO","0.0","0.0","0.0","0.0",0,0,"0.1",40,0,967,0,0,"0.0","u",0,0,,"false"
"2026-10-08T01:08:28Z",478,"Netz","NFO","-8.9","-8.9","-8.9","-8.9",-1,0,"0.0",44,62,130,3,27,"0.5","a",0,-1,,"false"
"2026-10-08T01:08:28Z",479,"Bindon","NFO","0.0","0.0","0.0","0.0",0,0,"0.1",40,0,624,0,0,"0.0","u",0,0,,"false"
"2026-10-08T01:08:28Z",480,"Gibbs-White","NFO","55.2","54.6","53.9","53.2",3,-42,"15.7",80,84649,104529,28,450,"5.0","a",0,0,,"false"
"2026-10-08T01:08:28Z",482,"Hudson-Odoi","NFO","-44.2","-44.2","-44.2","-44.2",-3,0,"0.1",58,334,1302,1,1,"0.0","a",0,-2,,"false"
"2026-10-08T01:08:28Z",483,"Ndoye","NFO","14.0","13.8","13.7","13.5",1,-10,"0.7",55,971,9419,15,316,"1.0","a",0,0,,"false"
"2026-10-08T01:08:28Z",484,"Hutchinson","NFO","0.0","0.0","0.0","0.0",0,0,"0.1",54,0,428,0,0,"0.0","u",0,-1,,"false"
"2026-10-08T01:08:28Z",485,"Bakwa","NFO","0.0","0.0","0.0","0.0",0,0,"0.0",55,0,41,0,0,"0.0","u",0,0,,"false"
"2026-10-08T01:08:28Z",486,"McAtee","NFO","2.4","2.4","2.4","2.4",1,0,"0.1",55,421,1056,12,416,"2.5","a",0,0,,"false"
"2026-10-08T01:08:28Z",487,"Dominguez","NFO","-76.0","-76.0","-76.0","-76.0",-3,0,"0.1",49,69,329,1,1,"0.0","a",0,-1,,"false"
"2026-10-08T01:08:28Z",488,"I.Sangaré","NFO","-1.6","-1.6","-1.6","-1.6",-1,0,"0.4",48,389,3702,4,105,"1.0","a",-1,-2,,"false"
"2026-10-08T01:08:28Z",489,"Yates","NFO","-99.5","-99.8","-100.2","-100.5",-4,-3,"1.1",45,707,8442,0,0,"0.0","a",0,0,,"false"
"2026-10-08T01:08:28Z",490,"Wood","NFO","-44.9","-45.1","-45.4","-45.6",-3,-1,"0.9",58,2460,7311,4,62,"1.0","a",0,-2,,"false"
"2026-10-08T01:08:28Z",491,"Igor Jesus","NFO","-2.1","-3.1","-4.3","-5.4",-1,-18,"2.6",58,9339,27213,12,257,"4.0","a",0,-2,,"false"
"2026-10-08T01:08:28Z",493,"Kalimuendo","NFO","0.0","0.0","0.0","0.0",0,0,"0.1",54,266,468,1,1,"0.0","a",0,-1,,"false"
"2026-10-08T01:08:28Z",558,"Schlager","NFO","0.4","0.4","0.4","0.4",1,0,"0.1",50,257,929,13,376,"2.5","a",0,0,,"false"
"2026-10-08T01:08:28Z",581,"Diomande","NFO","-53.8","-53.8","-53.8","-53.8",-3,0,"0.5",54,1781,2567,7,163,"3.0","a",0,-1,,"false"
"2026-10-08T01:08:28Z",590,"Benda","NFO","0.0","0.0","0.0","0.0",0,0,"0.1",45,143,260,0,0,"0.0","a",0,0,,"false"
"2026-10-08T01:08:28Z",112,"Van Hecke","TOT","-21.9","-22.8","-23.8","-24.8",-2,-72,"6.4",49,20824,47121,24,450,"7.0","d",0,-1,,"false"
"2026-10-08T01:08:28Z",147,"Tosin","TOT","-44.4","-46.5","-48.7","-51.0",-3,-2,"0.1",44,124,633,1,5,"0.5","a",0,-1,,"false"
"2026-10-08T01:08:28Z",401,"Marmoush","TOT","40.9","40.7","40.5","40.3",3,-13,"2.1",70,15413,25197,8,339,"2.0","a",0,0,,"false"
"2026-10-08T01:08:28Z",403,"Sávio","TOT","11.1","11.1","11.0","10.9",1,-5,"0.6",65,3711,8366,8,240,"2.5","a",0,0,,"false"
"2026-10-08T01:08:28Z",455,"Tonali","TOT","-23.5","-24.2","-24.9","-25.7",-2,-14,"1.8",53,2781,17441,14,427,"2.5","a",-1,-2,,"false"
"2026-10-08T01:08:28Z",494,"Vicario","TOT","0.0","0.0","0.0","0.0",0,0,"0.1",45,0,807,0,0,"0.0","u",0,0,,"false"
"2026-10-08T01:08:28Z",495,"Austin","TOT","2.3","2.3","2.3","2.3",1,0,"1.0",40,2316,2533,0,0,"0.0","a",0,0,,"false"
"2026-10-08T01:08:28Z",496,"Kinsky","TOT","-56.9","-57.2","-57.6","-57.9",-3,-34,"17.1",45,23541,134354,18,450,"4.5","a",0,0,,"false"
"2026-10-08T01:08:28Z",497,"Dubravka","TOT","-26.8","-26.9","-27.0","-27.1",-2,-10,"17.0",40,35202,58745,0,0,"0.0","a",0,0,,"false"
"2026-10-08T01:08:28Z",498,"Senesi","TOT","-63.1","-63.8","-64.6","-65.4",-3,-16,"3.5",58,1424,24446,3,90,"0.0","a",0,-2,,"false"
"2026-10-08T01:08:28Z",499,"Pedro Porro","TOT","-38.1","-38.9","-39.8","-40.6",-2,-71,"7.4",54,1826,88407,9,198,"0.5","d",0,-1,,"false"
"2026-10-08T01:08:28Z",500,"Romero","TOT","0.0","0.0","0.0","0.0",0,0,"0.1",50,0,323,0,0,"0.0","u",0,0,,"false"
"2026-10-08T01:08:28Z",502,"Robertson","TOT","0.1","0.1","0.2","0.2",1,4,"2.5",44,7509,16194,17,366,"5.5","a",0,-1,,"false"
"2026-10-08T01:08:28Z",503,"Van de Ven","TOT","-25.8","-26.2","-26.7","-27.2",-2,-11,"3.8",50,7680,23288,16,360,"3.5","a",0,0,,"false"
"2026-10-08T01:08:28Z",505,"Spence","TOT","0.0","0.0","0.0","0.0",0,-1,"0.2",45,0,1352,0,0,"0.0","u",0,0,,"false"
"2026-10-08T01:08:28Z",506,"Udogie","TOT","-24.8","-25.4","-25.9","-26.5",-2,-1,"0.3",44,394,1851,7,86,"0.0","a",0,-1,,"false"
"2026-10-08T01:08:28Z",507,"Phillips","TOT","0.0","0.0","0.0","0.0",0,0,"0.0",45,0,60,0,0,"0.0","u",0,0,,"false"
"2026-10-08T01:08:28Z",508,"Davies","TOT","1.8","1.8","1.8","1.8",1,0,"0.9",39,8793,4789,0,0,"0.0","a",-1,-1,,"false"
"2026-10-08T01:08:28Z",509,"Byfield","TOT","-5.5","-5.5","-5.5","-5.5",-1,0,"0.1",40,139,277,0,0,"0.0","a",0,0,,"false"
"2026-10-08T01:08:28Z",510,"Rowswell","TOT","-18.2","-18.2","-18.2","-18.2",-1,0,"0.1",40,187,386,0,0,"0.0","a",0,0,,"false"
"2026-10-08T01:08:28Z",511,"Souza","TOT","0.0","0.0","0.0","0.0",0,0,"0.2",40,0,1035,0,0,"0.0","u",0,0,,"false"
"2026-10-08T01:08:28Z",512,"Kudus","TOT","2.4","2.4","2.3","2.3",1,-2,"0.2",65,2866,1423,7,123,"2.5","a",0,0,,"false"
"2026-10-08T01:08:28Z",513,"Xavi","TOT","-17.8","-17.8","-17.8","-17.8",-1,0,"0.0",59,62,90,0,0,"0.0","i",0,-1,,"false"
"2026-10-08T01:08:28Z",514,"Tel","TOT","-34.1","-34.1","-34.1","-34.1",-2,0,"0.2",57,238,2268,8,257,"0.5","a",-1,-3,,"false"
"2026-10-08T01:08:28Z",515,"Maddison","TOT","-77.7","-77.7","-77.7","-77.7",-3,0,"0.4",63,924,2268,3,59,"1.0","a",0,-2,,"false"
"2026-10-08T01:08:28Z",516,"Bentancur","TOT","-85.3","-85.3","-85.3","-85.3",-3,0,"0.2",55,487,945,15,370,"3.5","a",0,0,,"false"
"2026-10-08T01:08:28Z",517,"Odobert","TOT","0.0","0.0","0.0","0.0",0,0,"0.0",55,34,17,0,0,"0.0","i",0,0,,"false"
"2026-10-08T01:08:28Z",518,"P.M.Sarr","TOT","0.0","0.0","0.0","0.0",0,0,"0.1",49,0,773,0,0,"0.0","u",0,-1,,"false"
"2026-10-08T01:08:28Z",519,"Gallagher","TOT","0.1","0.1","0.1","0.1",1,2,"0.2",53,922,796,9,134,"3.0","a",0,-2,,"false"
"2026-10-08T01:08:28Z",520,"Bergvall","TOT","-4.9","-5.6","-6.4","-7.3",-1,-1,"0.1",53,121,707,3,78,"1.0","a",-1,-2,,"false"
"2026-10-08T01:08:28Z",521,"Kulusevski","TOT","-82.4","-82.4","-82.4","-82.4",-3,0,"0.0",65,116,86,0,0,"0.0","i",0,0,,"false"
"2026-10-08T01:08:28Z",522,"Gray","TOT","-30.0","-30.0","-30.0","-30.0",-2,0,"0.2",49,535,1401,9,307,"2.5","a",0,-1,,"false"
"2026-10-08T01:08:28Z",523,"Moore","TOT","0.0","0.0","0.0","0.0",0,0,"0.1",50,0,628,3,89,"0.0","u",0,0,,"false"
"2026-10-08T01:08:28Z",524,"Olusesi","TOT","8.3","8.3","8.3","8.2",1,-1,"1.0",44,6341,8375,0,0,"0.0","a",0,-1,,"false"
"2026-10-08T01:08:28Z",525,"Fernandes","TOT","-14.8","-15.9","-17.0","-18.2",-1,-9,"0.8",57,562,7710,7,249,"2.0","a",-1,-3,,"false"
"2026-10-08T01:08:28Z",526,"Solanke","TOT","-36.0","-37.8","-39.9","-41.9",-2,-10,"0.8",58,2461,6666,7,170,"2.0","a",0,-2,,"false"
"2026-10-08T01:08:28Z",527,"Richarlison","TOT","0.0","0.0","0.0","0.0",0,0,"0.6",59,0,6657,2,67,"0.0","u",0,-1,,"false"
"2026-10-08T01:08:28Z",528,"Scarlett","TOT","0.0","0.0","0.0","0.0",0,-4,"1.1",45,0,9119,0,0,"0.0","u",0,0,,"false"
"2026-10-08T01:08:28Z",578,"Mudryk","TOT","-14.9","-15.9","-17.0","-18.1",-1,-1,"0.0",53,26,619,1,16,"0.0","i",-1,-2,,"false"
"2026-10-08T01:08:28Z",601,"Williams-Barnett","TOT","-58.2","-58.2","-58.2","-58.2",-3,0,"0.1",45,189,821,0,0,"0.0","a",0,0,,"false"
"2026-10-08T01:08:28Z",501,"Danso","SUN","-84.7","-84.7","-84.7","-84.7",-3,0,"0.2",50,1369,940,3,270,"0.5","a",0,0,,"false"
"2026-10-08T01:08:28Z",529,"Roefs","SUN","-19.1","-19.4","-19.7","-20.0",-1,-5,"2.4",49,2410,14066,11,450,"1.0","a",0,-1,,"false"
"2026-10-08T01:08:28Z",530,"Patterson","SUN","0.0","0.0","0.0","0.0",0,0,"0.1",40,0,411,0,0,"0.0","u",0,0,,"false"
"2026-10-08T01:08:28Z",531,"Ellborg","SUN","-0.2","-0.2","-0.2","-0.2",-1,0,"0.1",44,160,298,0,0,"0.0","a",-1,-1,,"false"
"2026-10-08T01:08:28Z",532,"Ballard","SUN","-63.5","-64.3","-65.0","-65.8",-3,-21,"2.4",49,3711,23374,14,450,"1.0","d",0,-1,,"false"
"2026-10-08T01:08:28Z",533,"Mukiele","SUN","-18.6","-18.7","-18.9","-19.1",-1,-2,"1.9",54,6083,10386,13,360,"0.0","a",0,-1,,"false"
"2026-10-08T01:08:28Z",534,"Hume","SUN","-10.2","-10.5","-10.9","-11.2",-1,-10,"2.7",43,1426,35430,10,206,"0.5","a",-1,-2,,"false"
"2026-10-08T01:08:28Z",535,"Alderete","SUN","-8.4","-8.4","-8.4","-8.4",-1,0,"0.2",48,272,1255,1,23,"0.0","a",-1,-2,,"false"
"2026-10-08T01:08:28Z",536,"Reinildo","SUN","-0.1","0.0","0.0","0.1",0,1,"0.3",44,283,1749,7,360,"-1.0","a",-1,-1,,"false"
"2026-10-08T01:08:28Z",537,"Seelt","SUN","0.0","0.0","0.0","0.0",0,0,"0.0",45,0,27,0,0,"0.0","u",0,0,,"false"
"2026-10-08T01:08:28Z",538,"Hjelde","SUN","0.0","0.0","0.0","0.0",0,0,"0.0",40,0,179,0,0,"0.0","u",0,0,,"false"
"2026-10-08T01:08:28Z",539,"O'Nien","SUN","4.7","4.7","4.7","4.7",1,1,"2.5",39,20620,14240,1,66,"0.0","a",-1,-1,,"false"
"2026-10-08T01:08:28Z",540,"Masuaku","SUN","0.0","0.0","0.0","0.0",0,0,"0.1",40,0,722,0,0,"0.0","u",0,0,,"false"
"2026-10-08T01:08:28Z",541,"Meunier","SUN","-32.2","-31.0","-29.8","-28.6",-2,2,"0.3",45,2048,1131,14,396,"2.5","a",0,0,,"false"
"2026-10-08T01:08:28Z",542,"E.Le Fée","SUN","-5.2","-5.4","-5.5","-5.7",-1,-6,"3.3",57,13920,29454,18,438,"2.5","a",-1,-3,,"false"
"2026-10-08T01:08:28Z",543,"Diarra","SUN","-2.0","-2.0","-2.0","-2.0",-1,0,"0.0",53,21,270,5,28,"0.0","i",-1,-2,,"false"
"2026-10-08T01:08:28Z",544,"Xhaka","SUN","-81.7","-81.7","-81.7","-81.7",-3,1,"3.6",55,7389,26829,21,450,"1.5","a",0,0,,"false"
"2026-10-08T01:08:28Z",545,"Sadiki","SUN","-83.6","-83.6","-83.6","-83.6",-3,0,"0.2",49,469,1611,10,410,"2.0","a",0,-1,,"false"
"2026-10-08T01:08:28Z",546,"Adingra","SUN","0.0","0.0","0.0","0.0",0,0,"0.0",49,0,214,0,0,"0.0","u",0,-1,,"false"
"2026-10-08T01:08:28Z",547,"Mundle","SUN","-88.5","-88.5","-88.5","-88.5",-3,0,"0.0",49,11,60,1,1,"0.0","i",0,-1,,"false"
"2026-10-08T01:08:28Z",548,"Rigg","SUN","-85.6","-85.6","-85.6","-85.6",-3,0,"0.0",49,43,270,2,17,"0.0","a",0,-1,,"false"
"2026-10-08T01:08:28Z",549,"Talbi","SUN","-33.9","-33.9","-33.9","-33.9",-2,0,"0.1",53,130,644,1,31,"0.0","a",0,-2,,"false"
"2026-10-08T01:08:28Z",550,"Jocelin.T","SUN","-97.3","-97.3","-97.3","-97.3",-4,0,"0.0",50,50,51,0,0,"0.0","a",0,0,,"false"
"2026-10-08T01:08:28Z",551,"N.Angulo","SUN","1.5","1.5","1.5","1.5",1,0,"0.1",50,617,894,16,313,"3.0","a",0,0,,"false"
"2026-10-08T01:08:28Z",552,"Brobbey","SUN","85.1","84.9","84.6","84.3",3,-17,"6.8",57,201446,62611,24,399,"9.0","d",-1,-3,,"false"
"2026-10-08T01:08:28Z",553,"Isidor","SUN","3.2","3.2","3.1","3.0",1,-5,"1.3",55,4556,13066,15,117,"1.0","a",0,0,,"false"
"2026-10-08T01:08:28Z",612,"Methalie","SUN","0.0","0.0","0.0","0.0",0,0,"0.0",45,136,79,-1,90,"-0.5","a",0,0,,"false"
"2026-10-08T01:08:28Z",613,"Ahoka","SUN","-51.7","-51.7","-51.7","-51.7",-3,0,"0.2",45,660,1768,0,0,"0.0","a",0,0,,"false"
"2026-10-08T01:08:28Z",646,"Fofana","SUN","-12.3","-12.3","-12.3","-12.3",-1,0,"0.0",55,371,333,3,60,"1.0","a",0,0,,"false"
"2026-10-08T01:08:28Z",651,"J.Angulo","SUN","5.4","5.5","5.6","5.7",1,5,"0.7",45,10396,8158,0,0,"0.0","a",0,0,,"false"
"2026-10-08T07:20:28Z",1,"Raya","ARS","2.3","2.6","3.0","3.4",1,70,"42.4",61,157776,62556,30,450,"7.5","a",1,1,,"false"
"2026-10-08T07:20:28Z",2,"Arrizabalaga","ARS","-55.0","-56.9","-59.8","-62.6",-3,-1,"0.1",49,129,298,0,0,"0.0","a",0,-1,,"false"
"2026-10-08T07:20:28Z",3,"Meslier","ARS","-42.0","-42.0","-42.0","-42.0",-3,0,"0.0",49,54,132,0,0,"0.0","a",0,-1,,"false"
"2026-10-08T07:20:28Z",4,"Gabriel","ARS","-96.2","-96.1","-96.0","-95.9",-4,13,"22.7",80,33932,80278,25,450,"5.0","a",0,0,,"false"
"2026-10-08T07:20:28Z",5,"J.Timber","ARS","13.4","13.7","14.1","14.5",1,25,"0.5",65,17542,5439,1,104,"0.5","a",0,0,,"false"
"2026-10-08T07:20:28Z",6,"Saliba","ARS","-28.3","-28.3","-28.3","-28.3",-2,0,"0.2",59,467,1249,0,0,"0.0","i",0,-1,,"false"
"2026-10-08T07:20:28Z",7,"Lewis-Skelly","ARS","-18.4","-18.4","-18.4","-18.4",-1,0,"0.6",54,1244,5529,9,271,"0.5","a",-1,-1,,"false"
"2026-10-08T07:20:28Z",8,"Calafiori","ARS","1.0","1.5","2.2","3.0",1,130,"50.6",59,106628,74170,29,416,"3.5","a",1,4,,"false"
"2026-10-08T07:20:28Z",9,"Hincapie","ARS","-6.8","-7.4","-8.2","-9.1",-1,-8,"0.9",52,1771,6323,2,32,"0.0","a",-1,-3,,"false"
"2026-10-08T07:20:28Z",10,"White","ARS","-59.7","-61.3","-63.6","-65.9",-3,-123,"4.8",55,3416,79359,21,315,"0.5","d",0,0,,"false"
"2026-10-08T07:20:28Z",11,"Mosquera","ARS","-29.9","-30.2","-30.6","-31.0",-2,-4,"1.6",53,1822,11243,12,168,"0.0","a",0,-2,,"false"
"2026-10-08T07:20:28Z",12,"Saka","ARS","2.6","4.0","6.0","8.1",1,348,"14.4",96,186833,56764,32,416,"5.0","a",1,1,,"false"
"2026-10-08T07:20:28Z",13,"Rice","ARS","-42.9","-44.4","-46.6","-48.8",-3,-275,"11.4",74,8066,104977,20,411,"3.5","d",0,-1,,"false"
"2026-10-08T07:20:28Z",14,"Eze","ARS","0.1","0.3","0.5","0.8",1,15,"1.0",62,3606,7675,4,85,"1.0","a",-1,-3,,"false"
"2026-10-08T07:20:28Z",15,"Ødegaard","ARS","4.4","6.0","8.5","10.9",1,153,"19.9",68,103871,106936,29,377,"2.5","a",0,3,,"false"
"2026-10-08T07:20:28Z",16,"Madueke","ARS","-28.3","-28.3","-28.3","-28.3",-2,0,"0.2",62,858,1717,2,23,"0.0","a",0,-3,,"false"
"2026-10-08T07:20:28Z",17,"Merino","ARS","0.1","0.2","0.3","0.5",1,8,"0.4",57,1266,3192,4,81,"1.0","a",-1,-3,,"false"
"2026-10-08T07:20:28Z",18,"Martinelli","ARS","0.0","0.0","0.0","0.0",0,0,"0.1",63,0,642,0,0,"0.0","u",0,-2,,"false"
"2026-10-08T07:20:28Z",19,"Zubimendi","ARS","-56.2","-57.7","-60.1","-62.5",-3,-8,"0.6",53,577,4232,5,89,"1.0","a",0,-2,,"false"
"2026-10-08T07:20:28Z",20,"Dowman","ARS","-20.0","-20.0","-20.0","-20.0",-2,0,"0.1",53,488,710,1,9,"0.5","d",0,-2,,"false"
"2026-10-08T07:20:28Z",22,"Nwaneri","ARS","0.0","0.0","0.0","0.0",0,0,"0.0",54,0,58,0,0,"0.0","u",0,-1,,"false"
"2026-10-08T07:20:28Z",23,"Fábio Vieira","ARS","0.0","0.0","0.0","0.0",0,0,"0.0",55,0,44,0,0,"0.0","u",0,0,,"false"
"2026-10-08T07:20:28Z",24,"Nelson","ARS","0.0","0.0","0.0","0.0",0,0,"0.0",55,0,27,0,0,"0.0","u",0,0,,"false"
"2026-10-08T07:20:28Z",25,"Gyökeres","ARS","5.0","7.4","10.9","14.4",1,220,"3.3",71,29369,20262,2,29,"0.5","a",-1,-4,,"false"
"2026-10-08T07:20:28Z",26,"Havertz","ARS","-7.0","-10.3","-15.3","-20.4",-1,-440,"8.0",76,51586,93812,19,437,"1.5","d",0,1,,"false"
"2026-10-08T07:20:28Z",27,"G.Jesus","ARS","0.0","0.0","0.0","0.0",0,-1,"0.1",59,0,1133,0,0,"0.0","u",0,-1,,"false"
"2026-10-08T07:20:28Z",31,"Konsa","ARS","-1.3","-2.3","-3.7","-5.2",-1,-305,"19.0",46,102704,93432,12,281,"3.5","d",1,1,,"false"
"2026-10-08T07:20:28Z",452,"Bruno G.","ARS","0.9","1.1","1.2","1.4",1,12,"1.8",67,7688,8968,9,123,"4.0","a",0,-3,,"false"
"2026-10-08T07:20:28Z",557,"Tzolis","ARS","-13.9","-16.0","-19.2","-22.4",-1,-693,"11.6",63,12682,195649,16,362,"2.5","d",-1,-2,,"false"
"2026-10-08T07:20:28Z",29,"M.Bizot","AVL","-43.6","-43.6","-43.6","-43.6",-3,0,"0.1",45,77,1169,1,90,"0.0","i",0,0,,"false"
"2026-10-08T07:20:28Z",30,"Digne","AVL","0.0","0.0","0.0","0.0",0,0,"0.0",45,0,265,0,0,"0.0","u",0,0,,"false"
"2026-10-08T07:20:28Z",32,"Cash","AVL","-27.1","-27.6","-28.2","-28.8",-2,-18,"4.8",44,3377,30056,6,296,"-0.5","a",0,-1,,"false"
"2026-10-08T07:20:28Z",33,"Mings","AVL","1.0","1.1","1.2","1.2",1,6,"0.4",45,2427,1768,10,261,"1.5","a",0,0,,"false"
"2026-10-08T07:20:28Z",34,"Pau","AVL","-2.2","-2.9","-3.9","-4.9",-1,-8,"0.3",44,54,3655,3,187,"0.5","i",-1,-1,,"false"
"2026-10-08T07:20:28Z",35,"Bogarde","AVL","-4.5","-4.5","-4.5","-4.5",-1,0,"0.1",49,192,480,1,16,"0.0","a",-1,-1,,"false"
"2026-10-08T07:20:28Z",36,"Maatsen","AVL","-5.9","-6.6","-7.7","-8.7",-1,-14,"0.5",44,60,7572,9,335,"0.5","i",-1,-1,,"false"
"2026-10-08T07:20:28Z",37,"Lindelöf","AVL","1.2","1.2","1.2","1.2",1,2,"0.3",45,1497,1633,8,450,"1.0","a",0,0,,"false"
"2026-10-08T07:20:28Z",38,"A.García","AVL","-39.2","-39.4","-39.7","-40.1",-2,-3,"1.5",40,2078,7027,0,0,"0.0","a",0,0,,"false"
"2026-10-08T07:20:28Z",39,"Nedeljkovic","AVL","0.0","0.0","0.0","0.0",0,-2,"0.1",40,0,657,0,0,"0.0","u",0,0,,"false"
"2026-10-08T07:20:28Z",41,"Buendía","AVL","-24.1","-20.8","-15.8","-10.8",-2,31,"1.0",59,16333,5703,21,401,"7.0","a",0,-1,,"false"
"2026-10-08T07:20:28Z",44,"Bailey","AVL","0.0","0.0","0.0","0.0",0,-3,"0.1",54,0,562,0,0,"0.0","u",0,-1,,"false"
"2026-10-08T07:20:28Z",45,"McGinn","AVL","-21.9","-22.0","-22.2","-22.4",-2,-3,"2.2",54,9043,10997,17,434,"6.0","a",0,-1,,"false"
"2026-10-08T07:20:28Z",46,"Barkley","AVL","0.4","0.4","0.3","0.3",1,-4,"0.2",50,648,2079,10,308,"1.5","a",0,0,,"false"
"2026-10-08T07:20:28Z",47,"Kamara","AVL","-87.4","-85.9","-83.7","-81.5",-3,4,"0.3",50,1556,1875,15,443,"4.0","a",0,0,,"false"
"2026-10-08T07:20:28Z",48,"Onana","AVL","-11.4","-5.8","0.0","0.0",-1,2,"0.0",49,58,111,0,0,"0.0","i",0,-1,,"false"
"2026-10-08T07:20:28Z",49,"Iling Jr","AVL","0.0","0.0","0.0","0.0",0,0,"0.0",50,0,12,0,0,"0.0","u",0,0,,"false"
"2026-10-08T07:20:28Z",50,"Burrowes","AVL","-88.3","-89.0","-90.0","-91.0",-3,-3,"0.6",45,702,3826,0,0,"0.0","a",0,0,,"false"
"2026-10-08T07:20:28Z",51,"George Hemmings","AVL","14.3","14.2","14.1","14.0",1,-7,"1.2",45,3694,11553,9,297,"1.0","a",0,0,,"false"
"2026-10-08T07:20:28Z",52,"Alysson","AVL","-9.3","-9.3","-9.3","-9.3",-1,0,"0.0",50,72,885,8,87,"3.0","d",0,0,,"false"
"2026-10-08T07:20:28Z",53,"Manzambi","AVL","11.2","12.1","13.4","14.8",1,84,"0.5",59,34434,4639,14,98,"7.0","a",0,-1,,"false"
"2026-10-08T07:20:28Z",54,"Gomes","AVL","0.1","0.1","0.1","0.1",1,0,"0.0",55,547,231,2,129,"2.0","a",0,0,,"false"
"2026-10-08T07:20:28Z",55,"Watkins","AVL","0.0","0.0","0.0","0.0",0,-19,"2.5",78,0,14639,0,0,"0.0","u",0,-2,,"false"
"2026-10-08T07:20:28Z",56,"Abraham","AVL","3.8","3.8","3.8","3.9",1,1,"0.2",55,2067,2015,4,71,"1.0","a",0,0,,"false"
"2026-10-08T07:20:28Z",160,"Garnacho","AVL","-74.7","-76.2","-78.3","-80.5",-3,-4,"0.3",58,648,3067,3,31,"0.0","a",0,-2,,"false"
"2026-10-08T07:20:28Z",166,"N.Jackson","AVL","60.7","61.9","63.7","65.4",3,110,"1.6",65,47805,10463,10,286,"3.0","a",0,0,,"false"
"2026-10-08T07:20:28Z",582,"Madjo","AVL","-28.8","-28.4","-27.9","-27.3",-2,2,"0.2",54,384,2132,0,0,"0.0","i",0,-1,,"false"
"2026-10-08T07:20:28Z",596,"Ruggeri","AVL","-65.9","-61.6","-55.1","-48.7",-3,4,"0.1",45,792,410,5,113,"1.5","a",0,0,,"false"
"2026-10-08T07:20:28Z",597,"Suzuki","AVL","32.6","32.7","32.8","32.9",2,7,"1.9",50,16147,8149,16,360,"2.0","a",0,0,,"false"
"2026-10-08T07:20:28Z",606,"Rowe","AVL","0.1","0.1","0.1","0.1",1,0,"0.2",40,360,991,0,0,"0.0","a",0,0,,"false"
"2026-10-08T07:20:28Z",607,"Lynch","AVL","0.0","0.0","0.0","0.0",0,0,"0.1",45,0,771,0,0,"0.0","u",0,0,,"false"
"2026-10-08T07:20:28Z",611,"Wan-Bissaka","AVL","2.3","2.3","2.4","2.5",1,5,"0.2",45,1751,1664,6,152,"2.0","a",0,0,,"false"
"2026-10-08T07:20:28Z",618,"Goretzka","AVL","-47.0","-47.0","-47.0","-47.0",-3,0,"0.0",59,31,447,0,0,"0.0","i",0,-1,,"false"
"2026-10-08T07:20:28Z",630,"Harwood-Bellis","AVL","0.0","0.1","0.1","0.2",1,4,"0.0",45,241,223,0,0,"0.0","a",0,0,,"false"
"2026-10-08T07:20:28Z",631,"Mbaye","AVL","0.3","0.4","0.4","0.4",1,2,"0.1",60,1088,1303,2,33,"1.0","a",0,0,,"false"
"2026-10-08T07:20:28Z",667,"Wright","AVL","0.3","0.3","0.4","0.5",1,5,"0.1",40,9594,1174,0,0,"0.0","a",0,0,,"false"
"2026-10-08T07:20:28Z",57,"Petrović","BOU","0.1","0.1","0.2","0.2",1,1,"2.9",45,8112,14782,9,450,"1.5","a",0,0,,"false"
"2026-10-08T07:20:28Z",58,"Forster","BOU","4.9","4.9","4.9","4.9",1,0,"3.5",40,10104,8905,0,0,"0.0","a",0,0,,"false"
"2026-10-08T07:20:28Z",59,"Dennis","BOU","0.0","0.0","0.0","0.0",0,0,"0.1",40,0,689,0,0,"0.0","u",0,0,,"false"
"2026-10-08T07:20:28Z",60,"Hill","BOU","-32.8","-31.6","-29.8","-28.1",-2,8,"0.8",55,4050,3795,12,450,"3.0","a",0,0,,"false"
"2026-10-08T07:20:28Z",61,"Truffert","BOU","-1.9","-2.0","-2.2","-2.4",-1,-5,"3.0",54,5968,14852,10,450,"2.5","a",-1,-1,,"false"
"2026-10-08T07:20:28Z",62,"Diakité","BOU","-6.8","-7.3","-8.0","-8.8",-1,-1,"0.2",49,540,1086,0,0,"0.0","a",-1,-1,,"false"
"2026-10-08T07:20:28Z",63,"Milosavljević","BOU","-4.3","-14.7","-30.5","-46.3",-1,-2,"0.0",49,41,60,0,0,"0.0","i",0,-1,,"false"
"2026-10-08T07:20:28Z",64,"Smith","BOU","0.3","0.4","0.4","0.4",1,2,"0.1",45,516,602,4,434,"1.0","a",0,0,,"false"
"2026-10-08T07:20:28Z",65,"J.Araujo","BOU","-14.1","-21.0","-31.5","-41.9",-2,-2,"0.0",44,49,69,0,0,"0.0","i",0,-1,,"false"
"2026-10-08T07:20:28Z",66,"Soler","BOU","1.5","1.5","1.4","1.4",1,-2,"0.3",40,847,1313,0,0,"0.0","a",0,0,,"false"
"2026-10-08T07:20:28Z",67,"Rayan","BOU","-10.7","-10.6","-10.5","-10.3",-1,2,"1.5",63,5344,11483,10,434,"2.0","a",-1,-2,,"false"
"2026-10-08T07:20:28Z",68,"Tavernier","BOU","35.7","36.6","38.0","39.3",2,84,"6.9",61,104677,57580,31,424,"5.0","a",0,1,,"false"
"2026-10-08T07:20:28Z",69,"Scott","BOU","-13.5","-18.0","-24.8","-31.6",-1,-415,"5.5",61,26500,67137,30,446,"3.0","d",0,1,,"false"
"2026-10-08T07:20:28Z",70,"Kluivert","BOU","-72.5","-76.6","-82.9","-89.1",-3,-85,"0.8",60,2323,22165,15,294,"4.0","i",0,0,,"false"
"2026-10-08T07:20:28Z",71,"Cook","BOU","-16.6","-18.4","-21.0","-23.6",-1,-3,"0.2",50,314,1324,8,180,"0.5","a",0,0,,"false"
"2026-10-08T07:20:28Z",72,"Gannon-Doak","BOU","-73.3","-73.3","-73.3","-73.3",-3,0,"0.1",49,167,448,4,12,"1.0","a",0,-1,,"false"
"2026-10-08T07:20:28Z",73,"Adams","BOU","1.7","1.7","1.6","1.5",1,-4,"0.3",50,1346,1885,12,279,"3.0","a",0,0,,"false"
"2026-10-08T07:20:28Z",74,"Brooks","BOU","-22.1","-24.6","-28.5","-32.3",-2,-1,"0.1",50,223,383,3,45,"0.5","a",0,0,,"false"
"2026-10-08T07:20:28Z",75,"Christie","BOU","0.4","0.4","0.4","0.4",1,0,"0.0",50,384,302,5,102,"1.5","a",0,0,,"false"
"2026-10-08T07:20:28Z",76,"Tóth.A","BOU","-14.3","-14.3","-14.3","-14.3",-1,0,"0.0",49,32,61,2,17,"0.5","a",0,-1,,"false"
"2026-10-08T07:20:28Z",77,"Adli","BOU","-92.1","-92.1","-92.1","-92.1",-3,0,"0.0",49,31,88,0,0,"0.0","i",0,-1,,"false"
"2026-10-08T07:20:28Z",78,"Kroupi.Jr","BOU","-83.6","-83.6","-83.6","-83.6",-3,0,"0.2",74,234,1008,0,0,"0.0","i",0,-1,,"false"
"2026-10-08T07:20:28Z",79,"Evanilson","BOU","56.6","56.9","57.3","57.7",3,26,"3.2",60,24067,25019,18,424,"3.5","a",0,0,,"false"
"2026-10-08T07:20:28Z",80,"Enes Ünal","BOU","0.0","0.0","0.0","0.0",0,0,"0.0",55,0,59,0,0,"0.0","u",0,0,,"false"
"2026-10-08T07:20:28Z",81,"Rodríguez","BOU","-29.7","-28.7","-27.1","-25.5",-2,1,"0.1",60,971,817,2,10,"0.5","a",0,0,,"false"
"2026-10-08T07:20:28Z",566,"Silva","BOU","1.9","2.2","2.5","2.8",1,21,"0.4",50,12999,6054,13,450,"3.0","a",0,0,,"false"
"2026-10-08T07:20:28Z",573,"Sanchez","BOU","-15.1","-16.9","-19.5","-22.2",-1,-3,"0.2",44,171,512,0,0,"0.0","a",0,-1,,"false"
"2026-10-08T07:20:28Z",608,"Jebbison","BOU","0.6","0.6","0.6","0.6",1,0,"0.1",50,1054,1030,3,31,"0.5","a",0,0,,"false"
"2026-10-08T07:20:28Z",615,"Di Gregorio","BOU","-31.6","-39.4","-51.1","-62.8",-2,-3,"0.0",45,209,218,0,0,"0.0","a",0,0,,"false"
"2026-10-08T07:20:28Z",82,"Kelleher","BRE","22.7","22.9","23.3","23.6",2,23,"6.1",50,24281,17379,20,450,"4.5","a",0,0,,"false"
"2026-10-08T07:20:28Z",83,"Valdimarsson","BRE","-81.0","-81.0","-81.0","-81.0",-3,0,"0.1",45,353,402,0,0,"0.0","a",0,0,,"false"
"2026-10-08T07:20:28Z",84,"Collins","BRE","-35.2","-35.9","-36.9","-37.9",-2,-16,"0.9",54,136,11059,10,196,"0.0","i",0,-1,,"false"
"2026-10-08T07:20:28Z",85,"Van den Berg","BRE","-90.6","-90.6","-90.6","-90.6",-3,0,"0.1",49,53,424,0,0,"0.0","i",0,-1,,"false"
"2026-10-08T07:20:28Z",86,"Lewis-Potter","BRE","34.5","34.3","34.0","33.7",2,-18,"1.7",55,4425,14000,22,406,"2.0","a",0,0,,"false"
"2026-10-08T07:20:28Z",87,"Ajer","BRE","33.8","33.9","34.1","34.3",2,11,"3.9",45,15115,27702,21,450,"4.0","a",0,0,,"false"
"2026-10-08T07:20:28Z",88,"Kayode","BRE","-40.1","-39.7","-39.1","-38.6",-2,26,"7.6",46,18356,26147,23,294,"3.5","a",0,1,,"false"
"2026-10-08T07:20:28Z",89,"Henry","BRE","-18.8","-18.8","-18.8","-18.8",-1,0,"0.2",44,183,694,1,2,"0.0","a",0,-1,,"false"
"2026-10-08T07:20:28Z",90,"Hickey","BRE","-32.4","-32.4","-32.4","-32.4",-2,0,"0.1",45,217,296,5,152,"1.0","a",0,0,,"false"
"2026-10-08T07:20:28Z",92,"Ji-soo","BRE","-4.8","-4.8","-4.8","-4.8",-1,0,"0.0",44,69,98,0,0,"0.0","a",-1,-1,,"false"
"2026-10-08T07:20:28Z",93,"Schuster","BRE","7.0","7.4","8.0","8.6",1,37,"0.4",45,20643,3371,21,253,"8.5","a",0,0,,"false"
"2026-10-08T07:20:28Z",94,"Schade","BRE","25.8","29.3","34.7","40.1",2,904,"12.4",62,480196,38817,39,447,"12.0","a",1,2,,"false"
"2026-10-08T07:20:28Z",95,"O.Dango","BRE","-57.5","-56.5","-55.1","-53.6",-3,4,"0.5",63,1025,4320,7,179,"1.0","a",0,-2,,"false"
"2026-10-08T07:20:28Z",96,"Damsgaard","BRE","-9.6","-11.9","-15.5","-19.1",-1,-16,"0.4",54,1846,3073,16,283,"2.0","d",0,-1,,"false"
"2026-10-08T07:20:28Z",97,"Jensen","BRE","-65.1","-66.1","-67.6","-69.1",-3,-2,"0.1",54,22,761,6,66,"0.0","i",0,-1,,"false"
"2026-10-08T07:20:28Z",98,"Janelt","BRE","84.4","84.5","84.6","84.7",3,7,"2.5",50,23535,21610,28,450,"3.5","a",0,0,,"false"
"2026-10-08T07:20:28Z",99,"Milambo","BRE","-43.1","-43.1","-43.1","-43.1",-3,0,"0.0",50,9,8,0,0,"0.0","i",0,0,,"false"
"2026-10-08T07:20:28Z",100,"Carvalho","BRE","0.4","0.4","0.4","0.4",1,0,"0.0",50,676,196,6,3,"3.0","a",0,0,,"false"
"2026-10-08T07:20:28Z",102,"Yarmoliuk","BRE","-21.3","-21.2","-21.1","-21.0",-2,1,"0.6",48,1641,4043,9,216,"3.5","a",0,-2,,"false"
"2026-10-08T07:20:28Z",103,"Dasilva","BRE","-70.5","-70.5","-70.5","-70.5",-3,0,"0.0",49,12,120,0,0,"0.0","i",0,-1,,"false"
"2026-10-08T07:20:28Z",105,"Anthony","BRE","1.1","1.2","1.3","1.4",1,7,"0.2",59,2923,762,15,267,"5.5","a",0,-1,,"false"
"2026-10-08T07:20:28Z",106,"Thiago","BRE","17.2","19.0","21.7","24.4",1,166,"9.2",78,75863,46445,10,442,"3.0","a",0,-2,,"false"
"2026-10-08T07:20:28Z",107,"Furo","BRE","-9.0","-9.5","-10.4","-11.2",-1,-12,"0.9",45,1026,10900,0,0,"0.0","i",0,0,,"false"
"2026-10-08T07:20:28Z",108,"Wilson","BRE","-13.5","-13.7","-14.1","-14.5",-1,-1,"0.3",54,1424,2783,3,13,"0.0","a",-1,-1,,"false"
"2026-10-08T07:20:28Z",565,"M.Sangaré","BRE","-39.8","-41.5","-44.1","-46.6",-3,-255,"9.7",56,9882,159701,22,321,"2.0","a",-1,1,,"false"
"2026-10-08T07:20:28Z",620,"Diouf","BRE","-37.3","-35.5","-32.7","-29.9",-2,2,"0.1",45,598,781,2,39,"1.0","a",0,0,,"false"
"2026-10-08T07:20:28Z",657,"Nunes","BRE","0.0","0.0","0.0","0.1",0,1,"0.0",45,391,296,0,0,"0.0","a",0,0,,"false"
"2026-10-08T07:20:28Z",660,"Fredrick","BRE","0.0","0.0","0.1","0.1",0,2,"0.0",40,591,77,0,0,"0.0","a",0,0,,"false"
"2026-10-08T07:20:28Z",661,"Balcombe","BRE","0.1","0.1","0.1","0.2",1,2,"0.0",40,3468,683,0,0,"0.0","a",0,0,,"false"
"2026-10-08T07:20:28Z",109,"Verbruggen","BHA","70.4","70.6","71.0","71.3",3,19,"21.6",45,90491,92476,23,450,"7.0","a",0,0,,"false"
"2026-10-08T07:20:28Z",111,"Steele","BHA","-1.8","-1.8","-1.9","-1.9",-1,-2,"4.1",40,8733,17946,0,0,"0.0","a",0,0,,"false"
"2026-10-08T07:20:28Z",113,"F.Kadıoğlu","BHA","-64.7","-64.8","-65.0","-65.2",-3,-2,"1.6",44,5201,8767,13,332,"5.5","a",0,-1,,"false"
"2026-10-08T07:20:28Z",114,"Boscagli","BHA","3.2","3.2","3.2","3.2",1,0,"0.3",45,2856,1070,19,437,"6.0","a",0,0,,"false"
"2026-10-08T07:20:28Z",115,"De Cuyper","BHA","8.9","10.8","13.6","16.4",1,476,"28.3",50,360332,30966,38,423,"8.5","a",1,5,,"false"
"2026-10-08T07:20:28Z",116,"Dunk","BHA","20.5","20.2","19.6","19.1",2,-33,"1.5",45,7912,12830,22,360,"6.0","d",0,0,,"false"
"2026-10-08T07:20:28Z",117,"Coppola","BHA","-10.7","-10.7","-10.7","-10.7",-1,0,"0.0",45,131,112,0,0,"0.0","a",0,0,,"false"
"2026-10-08T07:20:28Z",118,"Igor","BHA","0.0","0.0","0.0","0.0",0,-1,"0.0",45,0,340,0,0,"0.0","u",0,0,,"false"
"2026-10-08T07:20:28Z",119,"Costinha","BHA","0.0","0.0","0.0","0.0",0,0,"0.0",45,201,157,4,68,"1.0","a",0,0,,"false"
"2026-10-08T07:20:28Z",120,"Svoboda","BHA","0.6","0.6","0.6","0.6",1,0,"0.1",50,1409,509,1,4,"0.5","a",0,0,,"false"
"2026-10-08T07:20:28Z",121,"Mitoma","BHA","-27.0","-27.0","-27.0","-27.0",-2,0,"0.0",59,153,197,0,0,"0.0","i",0,-1,,"false"
"2026-10-08T07:20:28Z",122,"Minteh","BHA","-6.9","-6.9","-6.9","-6.9",-1,0,"0.0",58,51,258,0,0,"0.0","i",-1,-2,,"false"
"2026-10-08T07:20:28Z",123,"Hinshelwood","BHA","-46.7","-47.6","-48.8","-50.1",-3,-12,"0.5",59,345,7726,16,63,"0.0","i",0,-1,,"false"
"2026-10-08T07:20:28Z",124,"Groß","BHA","16.3","22.6","32.0","41.4",2,1583,"30.2",59,915818,17307,47,450,"15.5","a",2,4,,"false"
"2026-10-08T07:20:28Z",125,"Georginio","BHA","-0.5","-1.0","-1.8","-2.5",-1,-4,"0.5",53,3218,4608,6,104,"0.5","a",-1,-2,,"false"
"2026-10-08T07:20:28Z",126,"O'Riley","BHA","-8.7","-8.7","-8.7","-8.7",-1,0,"0.1",54,481,626,2,10,"1.0","a",0,-1,,"false"
"2026-10-08T07:20:28Z",127,"Gomez","BHA","33.0","32.7","32.4","32.1",2,-22,"3.9",50,14722,46128,24,433,"5.5","a",0,0,,"false"
"2026-10-08T07:20:28Z",128,"Buonanotte","BHA","0.0","0.0","0.0","0.0",0,0,"0.0",50,0,8,0,0,"0.0","u",0,0,,"false"
"2026-10-08T07:20:28Z",129,"Ayari","BHA","-44.9","-44.2","-43.2","-42.1",-3,2,"0.4",54,2931,2445,15,333,"5.5","a",0,-1,,"false"
"2026-10-08T07:20:28Z",130,"Wieffer","BHA","-37.5","-38.8","-40.7","-42.7",-2,-5,"0.2",49,35,2281,7,156,"0.0","i",0,-1,,"false"
"2026-10-08T07:20:28Z",132,"Howell","BHA","0.0","0.0","0.0","0.0",0,0,"0.0",45,0,243,0,0,"0.0","u",0,0,,"false"
"2026-10-08T07:20:28Z",133,"Watson","BHA","0.0","0.0","0.0","0.0",0,0,"0.0",50,0,6,0,0,"0.0","u",0,0,,"false"
"2026-10-08T07:20:28Z",134,"Oriola","BHA","-91.1","-91.1","-91.1","-91.1",-3,0,"0.2",45,398,1523,0,0,"0.0","a",0,0,,"false"
"2026-10-08T07:20:28Z",135,"Yohanna","BHA","-2.8","-2.8","-2.8","-2.8",-1,0,"0.0",48,28,445,1,12,"0.0","i",-1,-2,,"false"
"2026-10-08T07:20:28Z",137,"Tzimas","BHA","-5.0","-5.0","-5.0","-5.0",-1,0,"0.0",54,45,65,0,0,"0.0","i",0,-1,,"false"
"2026-10-08T07:20:28Z",138,"Kostoulas","BHA","32.7","36.0","41.0","46.0",2,840,"5.0",56,387721,27395,28,353,"10.0","a",1,1,,"false"
"2026-10-08T07:20:28Z",139,"Ferguson","BHA","-63.7","-63.7","-63.7","-63.7",-3,0,"0.0",50,163,286,0,0,"0.0","i",0,0,,"false"
"2026-10-08T07:20:28Z",328,"Struijk","BHA","-13.2","-13.6","-14.2","-14.9",-1,-1,"0.2",49,656,1139,7,98,"3.0","d",0,-1,,"false"
"2026-10-08T07:20:28Z",504,"Vuskovic","BHA","63.7","64.5","65.5","66.6",3,66,"3.8",50,74585,18149,32,437,"7.0","a",0,0,,"false"
"2026-10-08T07:20:28Z",594,"David","BHA","0.8","0.8","0.8","0.9",1,4,"0.2",59,3594,2477,1,23,"0.0","a",-1,-1,,"false"
"2026-10-08T07:20:28Z",600,"Osman","BHA","-75.4","-67.6","-55.8","-44.0",-3,1,"0.0",50,121,139,3,40,"0.5","a",0,0,,"false"
"2026-10-08T07:20:28Z",605,"Yalcouyé","BHA","57.7","57.5","57.3","57.1",3,-14,"3.9",45,30511,38634,20,236,"4.5","a",0,0,,"false"
"2026-10-08T07:20:28Z",614,"Hadjam","BHA","-5.2","-5.2","-5.2","-5.2",-1,0,"0.0",45,267,274,0,0,"0.0","a",0,0,,"false"
"2026-10-08T07:20:28Z",624,"Cozier-Duberry","BHA","0.0","0.0","0.0","0.0",0,0,"0.0",50,0,6,0,0,"0.0","u",0,0,,"false"
"2026-10-08T07:20:28Z",639,"Andrés","BHA","1.8","1.9","2.0","2.1",1,8,"0.0",55,3299,380,12,109,"6.0","a",0,0,,"false"
"2026-10-08T07:20:28Z",652,"Azeez","BHA","-35.0","-35.0","-35.0","-35.0",-2,0,"0.0",55,20,49,0,0,"0.0","i",0,0,,"false"
"2026-10-08T07:20:28Z",658,"Ibrahim","BHA","0.0","0.0","0.0","0.1",0,1,"0.0",45,336,228,0,0,"0.0","a",0,0,,"false"
"2026-10-08T07:20:28Z",28,"Martinez","CHE","-7.2","-7.1","-7.1","-7.0",-1,2,"4.7",50,9837,25123,9,360,"2.0","a",0,0,,"false"
"2026-10-08T07:20:28Z",40,"Rogers","CHE","1.9","3.5","6.0","8.4",1,414,"41.0",78,212265,82630,29,437,"5.0","a",1,3,,"false"
"2026-10-08T07:20:28Z",101,"Henderson","CHE","0.0","0.0","0.0","0.0",0,0,"0.0",49,584,188,2,90,"1.0","a",0,-1,,"false"
"2026-10-08T07:20:28Z",136,"Welbeck","CHE","7.7","7.8","8.0","8.2",1,11,"1.0",59,10050,10991,4,85,"1.5","a",0,-1,,"false"
"2026-10-08T07:20:28Z",140,"Sánchez","CHE","0.0","0.0","0.0","0.0",0,-4,"0.7",49,0,5620,2,90,"0.0","u",0,-1,,"false"
"2026-10-08T07:20:28Z",141,"Jörgensen","CHE","0.0","0.0","0.0","0.0",0,-1,"0.0",50,0,35,0,0,"0.0","u",0,0,,"false"
"2026-10-08T07:20:28Z",142,"James","CHE","-2.4","-3.3","-4.8","-6.2",-1,-156,"5.7",53,755,89336,3,292,"0.5","d",-1,-2,,"false"
"2026-10-08T07:20:28Z",143,"Chalobah","CHE","0.0","0.0","0.0","0.0",0,0,"0.1",55,0,361,0,0,"0.0","u",0,0,,"false"
"2026-10-08T07:20:28Z",144,"Gusto","CHE","-4.6","-5.1","-5.9","-6.8",-1,-8,"0.9",49,1855,7630,4,272,"0.5","a",-1,-1,,"false"
"2026-10-08T07:20:28Z",145,"Fofana","CHE","5.3","5.4","5.5","5.7",1,8,"0.2",50,3238,1523,8,312,"2.5","a",0,0,,"false"
"2026-10-08T07:20:28Z",146,"B.Badiashile","CHE","0.0","0.0","0.0","0.0",0,0,"0.0",45,0,52,0,0,"0.0","u",0,0,,"false"
"2026-10-08T07:20:28Z",148,"Hato","CHE","13.3","13.3","13.2","13.1",1,-6,"0.8",45,1083,8543,8,258,"0.0","a",0,0,,"false"
"2026-10-08T07:20:28Z",149,"Colwill","CHE","-11.1","-10.8","-10.5","-10.2",-1,3,"0.9",48,1463,6246,3,341,"1.0","a",-1,-2,,"false"
"2026-10-08T07:20:28Z",150,"M.Sarr","CHE","0.0","0.0","0.0","0.0",0,0,"0.0",45,0,199,0,0,"0.0","u",0,0,,"false"
"2026-10-08T07:20:28Z",151,"Acheampong","CHE","-15.1","-15.1","-15.1","-15.1",-1,0,"0.3",45,502,2232,5,221,"0.0","a",0,0,,"false"
"2026-10-08T07:20:28Z",152,"Palestra","CHE","-4.6","-5.3","-6.3","-7.3",-1,-7,"0.6",53,352,4789,0,0,"0.0","d",0,-2,,"false"
"2026-10-08T07:20:28Z",154,"Palmer","CHE","-26.0","-29.8","-35.5","-41.1",-2,-653,"25.1",97,57211,225843,28,442,"3.5","d",0,2,,"false"
"2026-10-08T07:20:28Z",156,"Neto","CHE","-4.6","-3.5","-1.8","-0.1",-1,14,"1.4",65,7059,11010,14,332,"2.0","a",0,0,,"false"
"2026-10-08T07:20:28Z",157,"Estêvão","CHE","-34.1","-33.5","-32.5","-31.5",-2,4,"0.7",63,2278,4763,4,23,"1.0","a",0,-2,,"false"
"2026-10-08T07:20:28Z",158,"Gittens","CHE","-6.5","-8.1","-10.4","-12.7",-1,-1,"0.0",58,160,289,0,0,"0.0","d",-1,-2,,"false"
"2026-10-08T07:20:28Z",159,"Caicedo","CHE","-6.3","-7.2","-8.5","-9.8",-1,-15,"1.0",53,471,10393,1,13,"0.0","d",0,-2,,"false"
"2026-10-08T07:20:28Z",161,"Lavia","CHE","5.0","4.9","4.7","4.5",1,-10,"0.2",50,575,2763,11,258,"1.0","a",0,0,,"false"
"2026-10-08T07:20:28Z",163,"D.Essugo","CHE","0.0","0.0","0.0","0.0",0,0,"0.1",45,0,835,0,0,"0.0","u",0,0,,"false"
"2026-10-08T07:20:28Z",164,"Quenda","CHE","-31.0","-31.0","-31.0","-31.0",-2,0,"0.0",53,82,201,2,27,"0.5","a",0,-2,,"false"
"2026-10-08T07:20:28Z",165,"João Pedro","CHE","-3.2","-3.5","-4.0","-4.5",-1,-627,"64.4",77,83968,462201,33,360,"6.0","d",-1,2,,"false"
"2026-10-08T07:20:28Z",168,"Marc Guiu","CHE","0.0","0.0","0.0","0.0",0,-3,"0.2",50,0,1773,0,0,"0.0","u",0,0,,"false"
"2026-10-08T07:20:28Z",169,"Mheuka","CHE","4.9","4.9","4.8","4.8",1,-2,"0.5",45,5147,4001,0,0,"0.0","a",0,0,,"false"
"2026-10-08T07:20:28Z",170,"Emegha","CHE","-1.5","-2.1","-2.8","-3.6",-1,-2,"0.1",49,115,1217,0,0,"0.0","i",-1,-1,,"false"
"2026-10-08T07:20:28Z",200,"Lacroix","CHE","-8.1","-8.1","-8.0","-8.0",-1,3,"6.7",59,10721,34006,13,364,"2.0","a",-1,-1,,"false"
"2026-10-08T07:20:28Z",560,"Penders","CHE","-1.6","-3.5","-6.5","-9.5",-1,-1,"0.1",44,269,339,0,0,"0.0","a",0,-1,,"false"
"2026-10-08T07:20:28Z",561,"Anselmino","CHE","-0.4","-0.4","-0.4","-0.4",-1,0,"0.0",45,77,117,0,0,"0.0","a",0,0,,"false"
"2026-10-08T07:20:28Z",568,"Barco","CHE","-16.7","-17.8","-19.4","-21.0",-1,-1,"0.1",54,279,521,3,115,"1.0","a",0,-1,,"false"
"2026-10-08T07:20:28Z",583,"Chavarria","CHE","-51.6","-50.7","-49.4","-48.1",-3,1,"0.2",49,558,633,5,208,"1.0","a",0,-1,,"false"
"2026-10-08T07:20:28Z",662,"Nicoll-Jazuli","CHE","0.0","0.0","0.0","0.1",0,1,"0.0",45,383,86,1,3,"1.0","a",0,0,,"false"
"2026-10-08T07:20:28Z",91,"Pinnock","COV","-72.5","-72.5","-72.5","-72.5",-3,0,"0.1",45,530,301,14,282,"5.0","a",0,0,,"false"
"2026-10-08T07:20:28Z",104,"Onyeka","COV","-39.2","-39.2","-39.2","-39.2",-2,0,"0.1",49,196,535,9,314,"2.5","a",0,-1,,"false"
"2026-10-08T07:20:28Z",110,"Rushworth","COV","-63.0","-61.6","-59.6","-57.6",-3,9,"0.8",45,3199,6837,16,450,"5.5","a",0,0,,"false"
"2026-10-08T07:20:28Z",171,"Dovin","COV","0.0","0.0","0.0","0.0",0,-7,"1.0",40,0,5860,0,0,"0.0","u",0,0,,"false"
"2026-10-08T07:20:28Z",172,"Wilson","COV","-7.3","-7.3","-7.3","-7.3",-1,0,"0.4",44,275,804,0,0,"0.0","a",0,-1,,"false"
"2026-10-08T07:20:28Z",173,"Thomas","COV","19.0","19.0","19.1","19.1",1,3,"8.6",40,37032,39870,24,437,"4.5","a",0,0,,"false"
"2026-10-08T07:20:28Z",174,"Kitching","COV","0.0","0.0","0.0","0.0",0,-4,"0.3",40,0,2222,0,0,"0.0","u",0,0,,"false"
"2026-10-08T07:20:28Z",175,"van Ewijk","COV","-56.2","-56.9","-58.0","-59.0",-3,-100,"8.5",40,1291,92681,6,360,"0.0","d",0,0,,"false"
"2026-10-08T07:20:28Z",176,"Dasilva","COV","-24.7","-21.8","-17.6","-13.4",-2,19,"0.7",40,8996,2492,20,444,"7.5","a",0,0,,"false"
"2026-10-08T07:20:28Z",177,"Kesler-Hayden","COV","0.2","0.2","0.2","0.2",1,0,"0.1",39,4086,1067,0,0,"0.0","i",-1,-1,,"false"
"2026-10-08T07:20:28Z",178,"Bidwell","COV","-33.4","-33.4","-33.4","-33.4",-2,0,"0.1",40,212,348,0,0,"0.0","a",0,0,,"false"
"2026-10-08T07:20:28Z",179,"Latibeaudiere","COV","-84.4","-84.4","-84.4","-84.4",-3,0,"0.0",40,85,165,1,1,"0.5","a",0,0,,"false"
"2026-10-08T07:20:28Z",180,"Woolfenden","COV","0.0","0.0","0.0","0.1",0,1,"0.1",39,244,649,0,0,"0.0","i",-1,-1,,"false"
"2026-10-08T07:20:28Z",181,"Brau","COV","0.0","0.0","0.0","0.0",0,0,"0.0",40,0,121,0,0,"0.0","u",0,0,,"false"
"2026-10-08T07:20:28Z",182,"Amenda","COV","-63.3","-64.3","-66.0","-67.6",-3,-16,"0.6",40,46,7915,4,360,"0.0","i",0,0,,"false"
"2026-10-08T07:20:28Z",183,"Rudoni","COV","0.1","0.2","0.2","0.2",1,2,"0.1",49,1174,892,13,297,"3.5","a",0,-1,,"false"
"2026-10-08T07:20:28Z",184,"Grimes","COV","-34.6","-36.5","-39.4","-42.3",-2,-2,"0.1",49,218,1041,11,443,"2.5","a",0,-1,,"false"
"2026-10-08T07:20:28Z",185,"Sakamoto","COV","-29.8","-29.8","-29.8","-29.8",-2,0,"0.1",48,136,465,1,31,"0.0","a",0,-2,,"false"
"2026-10-08T07:20:28Z",186,"Mason-Clark","COV","-3.6","-3.6","-3.6","-3.6",-1,0,"0.1",53,88,405,5,231,"1.0","a",-1,-2,,"false"
"2026-10-08T07:20:28Z",187,"Eccles","COV","-6.0","-6.0","-6.0","-6.0",-1,0,"0.0",48,31,113,0,0,"0.0","i",-1,-2,,"false"
"2026-10-08T07:20:28Z",188,"Torp","COV","-14.7","-14.7","-14.7","-14.7",-1,0,"0.1",53,47,510,3,53,"0.5","a",-1,-2,,"false"
"2026-10-08T07:20:28Z",189,"Shepherd","COV","0.8","0.9","0.9","0.9",1,3,"0.3",44,4529,3230,0,0,"0.0","a",0,-1,,"false"
"2026-10-08T07:20:28Z",190,"Tchaouna","COV","-93.7","-93.7","-93.7","-93.7",-3,0,"0.1",54,30,430,5,211,"0.5","a",0,-1,,"false"
"2026-10-08T07:20:28Z",191,"Borges Rodrigues","COV","0.0","0.0","0.0","0.0",0,-2,"0.1",45,0,829,0,0,"0.0","u",0,0,,"false"
"2026-10-08T07:20:28Z",192,"Andrews","COV","0.0","0.0","0.0","0.0",0,-4,"0.3",45,0,2385,0,0,"0.0","u",0,0,,"false"
"2026-10-08T07:20:28Z",193,"Wright","COV","-1.8","-1.8","-1.8","-1.8",-1,0,"0.1",53,52,657,0,0,"0.0","i",-1,-2,,"false"
"2026-10-08T07:20:28Z",194,"Thomas-Asante","COV","3.4","3.3","3.3","3.2",1,-5,"0.8",50,10459,7272,9,227,"2.5","a",0,0,,"false"
"2026-10-08T07:20:28Z",195,"Simms","COV","-0.6","-0.7","-0.8","-1.0",-1,-1,"0.6",49,2648,6259,4,104,"0.5","a",-1,-1,,"false"
"2026-10-08T07:20:28Z",196,"Markelo","COV","0.0","0.0","0.0","0.0",0,0,"0.0",50,0,68,0,0,"0.0","u",0,0,,"false"
"2026-10-08T07:20:28Z",197,"Bassette","COV","0.0","0.0","0.0","0.0",0,0,"0.0",45,0,163,0,0,"0.0","u",0,0,,"false"
"2026-10-08T07:20:28Z",492,"Awoniyi","COV","-17.5","-18.2","-19.2","-20.2",-1,-11,"0.4",54,86,5941,3,232,"-1.0","s",-1,-1,,"false"
"2026-10-08T07:20:28Z",575,"Yirenkyi","COV","-4.3","-4.3","-4.3","-4.3",-1,0,"0.1",48,352,1178,9,265,"2.0","a",-1,-2,,"false"
"2026-10-08T07:20:28Z",584,"Hamer","COV","-96.3","-96.3","-96.3","-96.3",-4,0,"0.1",54,45,457,3,32,"0.0","a",0,-1,,"false"
"2026-10-08T07:20:28Z",599,"Cherif","COV","-6.9","-12.3","-20.5","-28.6",-1,-5,"0.1",50,640,872,1,30,"0.5","a",0,0,,"false"
"2026-10-08T07:20:28Z",623,"Bentley","COV","2.4","2.4","2.4","2.4",1,0,"0.7",40,10789,2891,0,0,"0.0","a",0,0,,"false"
"2026-10-08T07:20:28Z",655,"Gboho","COV","0.0","0.0","0.0","0.0",0,0,"0.0",55,83,56,0,0,"0.0","a",0,0,,"false"
"2026-10-08T07:20:28Z",656,"Mfuni","COV","0.1","0.1","0.2","0.2",1,3,"0.1",40,2151,976,6,90,"3.0","a",0,0,,"false"
"2026-10-08T07:20:28Z",42,"Guessand","CRY","-31.7","-31.7","-31.7","-31.7",-2,0,"0.0",54,121,290,2,54,"0.0","a",0,-1,,"false"
"2026-10-08T07:20:28Z",153,"Disasi","CRY","-73.4","-75.5","-78.8","-82.0",-3,-3,"0.1",45,34,926,1,139,"-1.5","s",0,0,,"false"
"2026-10-08T07:20:28Z",198,"Henderson","CRY","-1.4","-1.8","-2.4","-2.9",-1,-21,"1.3",49,175,13197,5,270,"0.0","i",-1,-1,,"false"
"2026-10-08T07:20:28Z",199,"Benitez","CRY","-22.3","-22.3","-22.3","-22.3",-2,0,"0.1",45,885,462,8,180,"4.0","a",0,0,,"false"
"2026-10-08T07:20:28Z",202,"Richards","CRY","0.1","0.1","0.2","0.3",1,6,"0.6",49,2099,2606,14,450,"5.0","a",-1,-1,,"false"
"2026-10-08T07:20:28Z",203,"Canvot","CRY","0.0","0.1","0.2","0.3",1,6,"0.2",48,575,1047,10,360,"4.0","a",-1,-2,,"false"
"2026-10-08T07:20:28Z",204,"Mitchell","CRY","29.2","29.2","29.3","29.4",2,5,"6.1",45,19100,20746,24,419,"4.0","a",0,0,,"false"
"2026-10-08T07:20:28Z",205,"Sosa","CRY","0.0","0.0","0.0","0.0",0,0,"0.0",45,0,124,0,0,"0.0","u",0,0,,"false"
"2026-10-08T07:20:28Z",206,"Chadi Riad","CRY","-6.5","-6.5","-6.5","-6.5",-1,0,"0.0",43,32,159,1,72,"0.0","i",-1,-2,,"false"
"2026-10-08T07:20:28Z",207,"Mingueza","CRY","-98.5","-98.5","-98.5","-98.5",-4,0,"0.1",44,110,344,2,16,"0.0","a",0,-1,,"false"
"2026-10-08T07:20:28Z",208,"Sarr","CRY","0.2","0.3","0.5","0.7",1,12,"0.6",62,3184,2648,1,8,"0.5","a",0,-3,,"false"
"2026-10-08T07:20:28Z",210,"Wharton","CRY","-4.1","-4.4","-5.0","-5.5",-1,-4,"0.7",54,1350,5145,12,436,"2.0","a",-1,-1,,"false"
"2026-10-08T07:20:28Z",211,"Yeremy","CRY","4.9","4.8","4.7","4.6",1,-7,"0.3",55,812,3238,14,307,"1.5","a",0,0,,"false"
"2026-10-08T07:20:28Z",212,"Hughes","CRY","-24.8","-25.6","-26.9","-28.1",-2,-52,"7.2",44,10354,53766,2,29,"0.5","a",0,-1,,"false"
"2026-10-08T07:20:28Z",213,"Lerma","CRY","-3.5","-3.5","-3.5","-3.5",-1,0,"0.1",48,109,436,1,51,"0.5","a",-1,-2,,"false"
"2026-10-08T07:20:28Z",214,"Kamada","CRY","12.5","12.5","12.5","12.6",1,3,"0.5",50,3962,3753,21,441,"5.5","a",0,0,,"false"
"2026-10-08T07:20:28Z",215,"Devenny","CRY","0.0","0.0","0.0","0.0",0,0,"0.0",50,0,45,0,0,"0.0","u",0,0,,"false"
"2026-10-08T07:20:28Z",216,"Esse","CRY","0.0","0.0","0.0","0.0",0,0,"0.0",50,0,146,0,0,"0.0","u",0,0,,"false"
"2026-10-08T07:20:28Z",217,"M.França","CRY","0.0","0.0","0.0","0.0",0,-1,"0.0",49,0,186,0,0,"0.0","u",0,-1,,"false"
"2026-10-08T07:20:28Z",218,"Doucouré","CRY","-3.7","-3.7","-3.7","-3.7",-1,0,"0.0",48,129,337,0,0,"0.0","a",-1,-2,,"false"
"2026-10-08T07:20:28Z",219,"J.Rak-Sakyi","CRY","0.0","0.0","0.0","0.0",0,0,"0.0",49,0,34,0,0,"0.0","u",0,-1,,"false"
"2026-10-08T07:20:28Z",220,"Cardines","CRY","0.0","0.0","0.0","0.0",0,0,"0.0",45,0,3,0,0,"0.0","u",0,0,,"false"
"2026-10-08T07:20:28Z",221,"Drakes-Thomas","CRY","-0.7","-0.2","0.0","0.0",-1,1,"0.1",44,177,497,0,0,"0.0","a",-1,-1,,"false"
"2026-10-08T07:20:28Z",222,"Strand Larsen","CRY","6.2","6.3","6.6","6.9",1,17,"0.7",60,6895,4815,14,298,"5.0","a",0,0,,"false"
"2026-10-08T07:20:28Z",223,"Mateta","CRY","-30.2","-31.0","-32.2","-33.4",-2,-25,"1.3",63,259,10452,2,62,"0.0","i",0,-2,,"false"
"2026-10-08T07:20:28Z",224,"Nketiah","CRY","-22.5","-23.1","-24.1","-25.1",-2,-3,"0.5",55,1540,3933,8,175,"0.5","a",0,0,,"false"
"2026-10-08T07:20:28Z",225,"Uche","CRY","0.0","0.0","0.0","0.0",0,0,"0.0",50,0,0,0,0,"0.0","u",0,0,,"false"
"2026-10-08T07:20:28Z",241,"McNeil","CRY","-1.5","-1.5","-1.5","-1.5",-1,0,"0.1",53,98,579,3,84,"0.0","a",-1,-2,,"false"
"2026-10-08T07:20:28Z",555,"Matthews","CRY","-10.3","-10.3","-10.3","-10.3",-1,0,"1.7",40,1344,3468,0,0,"0.0","a",0,0,,"false"
"2026-10-08T07:20:28Z",577,"Tomiyasu","CRY","-18.7","-19.4","-20.4","-21.5",-1,-3,"0.3",44,149,1498,3,189,"0.5","d",0,-1,,"false"
"2026-10-08T07:20:28Z",588,"Khalaili","CRY","7.0","7.0","6.9","6.8",1,-5,"0.3",50,2283,1911,19,379,"6.5","d",0,0,,"false"
"2026-10-08T07:20:28Z",595,"Gozo","CRY","-3.1","-3.1","-3.1","-3.1",-1,0,"0.0",49,41,101,2,28,"0.5","a",-1,-1,,"false"
"2026-10-08T07:20:28Z",633,"Ahanor","CRY","0.1","0.1","0.1","0.1",1,0,"0.0",45,157,121,3,90,"1.5","a",0,0,,"false"
"2026-10-08T07:20:28Z",643,"Chilwell","CRY","-83.9","-84.3","-84.9","-85.6",-3,-2,"0.4",45,689,3384,8,29,"0.5","a",0,0,,"false"
"2026-10-08T07:20:28Z",644,"Timber","CRY","0.2","0.2","0.3","0.3",1,2,"0.0",50,548,367,9,253,"3.5","a",0,0,,"false"
"2026-10-08T07:20:28Z",647,"Osorio","CRY","-78.9","-78.9","-78.9","-78.9",-3,0,"0.0",55,35,84,1,1,"0.0","a",0,0,,"false"
"2026-10-08T07:20:28Z",21,"Nørgaard","EVE","-1.8","-1.8","-1.8","-1.8",-1,0,"0.0",48,71,394,0,0,"0.0","i",-1,-2,,"false"
"2026-10-08T07:20:28Z",209,"Johnson","EVE","-22.6","-25.7","-30.3","-34.9",-2,-3,"0.1",59,522,871,9,238,"3.0","a",0,-1,,"false"
"2026-10-08T07:20:28Z",226,"Pickford","EVE","32.1","32.2","32.2","32.3",2,5,"9.2",55,34050,20082,25,450,"7.0","a",0,0,,"false"
"2026-10-08T07:20:28Z",227,"Travers","EVE","-35.9","-35.9","-35.9","-35.9",-2,0,"0.0",50,287,305,0,0,"0.0","a",0,0,,"false"
"2026-10-08T07:20:28Z",228,"King","EVE","-46.8","-46.8","-46.8","-46.8",-3,0,"0.0",45,129,196,0,0,"0.0","a",0,0,,"false"
"2026-10-08T07:20:28Z",229,"Tarkowski","EVE","4.5","5.8","7.8","9.8",1,332,"17.0",62,276644,30650,43,450,"11.0","a",1,2,,"false"
"2026-10-08T07:20:28Z",230,"Branthwaite","EVE","40.2","40.7","41.4","42.2",3,46,"2.5",55,26290,9489,27,450,"7.0","a",0,0,,"false"
"2026-10-08T07:20:28Z",231,"Keane","EVE","-45.1","-45.9","-46.9","-48.0",-3,-5,"0.7",48,521,4457,0,0,"0.0","a",0,-2,,"false"
"2026-10-08T07:20:28Z",232,"O'Brien","EVE","-5.7","-5.2","-4.5","-3.8",-1,2,"0.3",48,415,1364,2,16,"1.0","a",-1,-2,,"false"
"2026-10-08T07:20:28Z",233,"Mykolenko","EVE","0.3","0.0","-1.6","-3.3",0,-75,"4.1",46,42510,35575,27,450,"8.0","d",1,1,,"false"
"2026-10-08T07:20:28Z",234,"Patterson","EVE","0.0","0.0","0.0","0.0",0,0,"0.0",45,0,150,0,0,"0.0","u",0,0,,"false"
"2026-10-08T07:20:28Z",235,"Aznou","EVE","0.0","0.0","0.0","0.0",0,-1,"0.1",40,0,665,0,0,"0.0","u",0,0,,"false"
"2026-10-08T07:20:28Z",236,"Dewsbury-Hall","EVE","-20.7","-21.5","-22.6","-23.8",-2,-40,"5.8",66,38381,59681,20,450,"2.5","a",1,1,,"false"
"2026-10-08T07:20:28Z",238,"Grealish","EVE","9.7","9.8","9.9","10.1",1,8,"0.5",65,4740,3510,6,135,"2.0","a",0,0,,"false"
"2026-10-08T07:20:28Z",239,"Garner","EVE","3.8","3.9","3.9","3.9",1,2,"0.2",60,2362,2477,11,328,"3.5","a",0,0,,"false"
"2026-10-08T07:20:28Z",242,"George","EVE","31.8","31.6","31.3","31.0",2,-20,"0.9",55,2904,12944,19,309,"2.0","a",0,0,,"false"
"2026-10-08T07:20:28Z",243,"Alcaraz","EVE","-53.1","-55.0","-57.8","-60.5",-3,-1,"0.1",49,178,462,1,5,"0.0","a",0,-1,,"false"
"2026-10-08T07:20:28Z",244,"Armstrong","EVE","10.1","10.0","10.0","10.0",1,-3,"0.4",50,1030,3755,16,446,"2.5","a",0,0,,"false"
"2026-10-08T07:20:28Z",245,"Dibling","EVE","-98.5","-98.5","-98.5","-98.5",-4,0,"0.0",54,140,179,1,24,"0.5","a",0,-1,,"false"
"2026-10-08T07:20:28Z",246,"Röhl","EVE","-54.4","-55.8","-58.0","-60.2",-3,-1,"0.0",49,8,659,6,249,"0.0","i",0,-1,,"false"
"2026-10-08T07:20:28Z",247,"Hackney","EVE","-7.6","-8.8","-10.7","-12.5",-1,-3,"0.2",54,223,1276,10,137,"1.0","a",-1,-1,,"false"
"2026-10-08T07:20:28Z",248,"Beto","EVE","0.0","0.0","0.0","0.0",0,-12,"0.6",54,0,8426,2,31,"0.0","u",0,-1,,"false"
"2026-10-08T07:20:28Z",249,"Barry","EVE","1.5","1.8","2.2","2.6",1,73,"8.4",57,105371,51216,20,417,"4.0","a",1,2,,"false"
"2026-10-08T07:20:28Z",649,"Maitland-Niles","EVE","19.5","19.6","19.8","20.0",1,12,"1.4",45,23122,6218,21,177,"7.0","a",0,0,,"false"
"2026-10-08T07:20:28Z",654,"Graham","EVE","-40.6","-40.6","-40.6","-40.6",-3,0,"0.1",45,260,1092,0,0,"0.0","a",0,0,,"false"
"2026-10-08T07:20:28Z",250,"Leno","FUL","11.3","11.8","12.6","13.4",1,49,"3.5",45,54834,16181,18,450,"6.0","a",0,0,,"false"
"2026-10-08T07:20:28Z",251,"Lecomte","FUL","-26.3","-26.1","-26.0","-25.8",-2,1,"1.1",40,3168,3154,0,0,"0.0","a",0,0,,"false"
"2026-10-08T07:20:28Z",252,"McNally","FUL","0.0","0.0","0.0","0.0",0,0,"0.1",40,0,719,0,0,"0.0","u",0,0,,"false"
"2026-10-08T07:20:28Z",253,"Andersen","FUL","1.0","1.1","1.1","1.2",1,4,"0.2",50,3462,1351,3,190,"0.5","a",0,0,,"false"
"2026-10-08T07:20:28Z",254,"Robinson","FUL","-9.5","-6.3","-1.5","0.5",-1,44,"1.5",45,23399,9180,12,429,"4.0","a",0,0,,"false"
"2026-10-08T07:20:28Z",255,"J.Cuenca","FUL","-80.3","-80.3","-80.3","-80.3",-3,0,"0.0",45,73,126,3,90,"0.0","a",0,0,,"false"
"2026-10-08T07:20:28Z",256,"Tete","FUL","-2.3","-2.3","-2.3","-2.3",-1,0,"0.2",44,88,1141,0,27,"0.0","a",0,-1,,"false"
"2026-10-08T07:20:28Z",257,"Bassey","FUL","1.4","1.7","2.2","2.7",1,30,"0.7",45,9517,2616,15,450,"6.0","a",0,0,,"false"
"2026-10-08T07:20:28Z",258,"Castagne","FUL","16.7","17.2","17.9","18.5",1,43,"1.0",45,19990,6386,20,408,"3.5","a",0,0,,"false"
"2026-10-08T07:20:28Z",261,"Iwobi","FUL","-54.6","-50.6","-44.5","-38.5",-3,24,"0.7",54,5255,4050,14,408,"4.0","a",0,-1,,"false"
"2026-10-08T07:20:28Z",262,"Smith Rowe","FUL","-2.1","-2.7","-3.7","-4.6",-1,-2,"0.2",53,384,1499,3,38,"0.5","a",-1,-2,,"false"
"2026-10-08T07:20:28Z",263,"Kevin","FUL","-13.6","-16.9","-21.8","-26.7",-1,-1,"0.0",53,242,329,4,61,"1.0","a",0,-2,,"false"
"2026-10-08T07:20:28Z",264,"Bobb","FUL","-39.3","-34.7","-27.7","-20.7",-2,13,"0.3",55,3387,2207,13,343,"3.0","a",0,0,,"false"
"2026-10-08T07:20:28Z",265,"Berge","FUL","-37.3","-35.5","-32.7","-29.9",-2,5,"0.3",49,820,1571,11,349,"3.0","a",0,-1,,"false"
"2026-10-08T07:20:28Z",266,"Cairney","FUL","-12.7","-12.7","-12.7","-12.7",-1,0,"0.0",49,14,22,0,0,"0.0","i",0,-1,,"false"
"2026-10-08T07:20:28Z",268,"King","FUL","1.9","3.6","6.3","8.9",1,441,"3.1",56,141839,25210,24,425,"2.5","a",1,1,,"false"
"2026-10-08T07:20:28Z",269,"Sessegnon","FUL","-2.1","-2.1","-2.1","-2.1",-1,0,"0.3",43,410,1500,3,50,"0.0","a",-1,-2,,"false"
"2026-10-08T07:20:28Z",270,"Reed","FUL","-15.0","-16.2","-18.1","-19.9",-1,-12,"1.1",44,3181,8049,0,0,"0.0","a",0,-1,,"false"
"2026-10-08T07:20:28Z",271,"Muniz","FUL","-53.9","-53.5","-52.8","-52.1",-3,2,"0.4",54,2196,3114,3,38,"0.5","a",0,-1,,"false"
"2026-10-08T07:20:28Z",272,"Kusi-Asare","FUL","-71.5","-72.1","-73.0","-73.9",-3,-29,"5.3",45,13106,39542,0,0,"0.0","a",0,0,,"false"
"2026-10-08T07:20:28Z",569,"Gonzalo","FUL","71.6","75.5","81.5","87.4",3,371,"4.3",60,111375,40794,14,425,"2.0","a",0,0,,"false"
"2026-10-08T07:20:28Z",570,"Palacios","FUL","-8.4","-7.1","-5.1","-3.1",-1,2,"0.2",54,831,1118,12,226,"0.5","a",0,-1,,"false"
"2026-10-08T07:20:28Z",580,"Charles","FUL","-60.7","-54.4","-44.9","-35.4",-3,4,"0.1",50,1151,596,13,303,"4.5","a",0,0,,"false"
"2026-10-08T07:20:28Z",610,"De Fougerolles","FUL","0.0","0.0","0.0","0.0",0,0,"0.1",40,0,539,0,0,"0.0","u",0,0,,"false"
"2026-10-08T07:20:28Z",626,"Zepa","FUL","0.4","0.4","0.4","0.4",1,0,"0.3",44,1566,2601,0,0,"0.0","a",-1,-1,,"false"
"2026-10-08T07:20:28Z",635,"Larsson","FUL","0.0","0.0","0.0","0.0",0,0,"0.0",50,111,79,3,37,"1.0","a",0,0,,"false"
"2026-10-08T07:20:28Z",636,"Ángel","FUL","0.0","0.0","0.0","0.0",0,0,"0.0",50,37,31,0,0,"0.0","a",0,0,,"false"
"2026-10-08T07:20:28Z",650,"Affengruber","FUL","2.6","3.3","4.3","5.3",1,65,"0.1",45,14757,3101,12,180,"6.0","a",0,0,,"false"
"2026-10-08T07:20:28Z",240,"Iroegbunam","HUL","0.1","0.1","0.1","0.1",1,0,"0.0",50,84,151,2,70,"0.5","a",0,0,,"false"
"2026-10-08T07:20:28Z",273,"Phillips","HUL","-31.5","-31.3","-31.1","-30.8",-2,2,"1.4",40,3614,4453,0,0,"0.0","a",0,0,,"false"
"2026-10-08T07:20:28Z",274,"Butland","HUL","-1.3","-1.3","-1.3","-1.3",-1,0,"0.1",44,74,367,0,0,"0.0","i",-1,-1,,"false"
"2026-10-08T07:20:28Z",275,"Cartwright","HUL","0.0","0.0","0.0","0.0",0,0,"0.0",40,0,34,0,0,"0.0","u",0,0,,"false"
"2026-10-08T07:20:28Z",276,"Lo-Tutala","HUL","0.0","0.0","0.0","0.0",0,0,"0.0",40,0,135,0,0,"0.0","u",0,0,,"false"
"2026-10-08T07:20:28Z",277,"Egan","HUL","28.0","27.9","27.7","27.5",2,-13,"7.0",41,37104,35699,26,437,"1.5","a",0,1,,"false"
"2026-10-08T07:20:28Z",278,"Hughes","HUL","0.4","0.4","0.4","0.4",1,-1,"0.2",39,1250,2201,0,0,"0.0","i",0,-1,,"false"
"2026-10-08T07:20:28Z",279,"Ajayi","HUL","74.4","74.0","73.4","72.8",3,-37,"13.9",42,52515,68913,27,423,"1.0","a",0,2,,"false"
"2026-10-08T07:20:28Z",280,"Coyle","HUL","0.2","0.2","0.2","0.2",1,-1,"0.7",40,2434,2482,14,348,"1.0","a",0,0,,"false"
"2026-10-08T07:20:28Z",281,"Drameh","HUL","0.0","0.0","0.0","0.0",0,-1,"0.0",40,0,279,2,65,"0.0","u",0,0,,"false"
"2026-10-08T07:20:28Z",282,"Giles","HUL","76.0","76.1","76.3","76.4",3,8,"2.9",40,25289,16570,24,444,"2.0","a",0,0,,"false"
"2026-10-08T07:20:28Z",283,"Jacob","HUL","0.0","0.0","0.0","0.0",0,0,"0.0",40,0,40,0,0,"0.0","u",0,0,,"false"
"2026-10-08T07:20:28Z",284,"McCarthy","HUL","0.5","0.5","0.4","0.4",1,-2,"0.1",40,448,512,0,0,"0.0","a",0,0,,"false"
"2026-10-08T07:20:28Z",285,"McNair","HUL","-46.4","-46.4","-46.4","-46.4",-3,0,"0.1",40,228,480,1,26,"0.0","a",0,0,,"false"
"2026-10-08T07:20:28Z",286,"Belloumi","HUL","43.6","44.8","46.5","48.3",3,108,"5.3",51,94604,32082,31,394,"8.5","a",0,1,,"false"
"2026-10-08T07:20:28Z",287,"Millar","HUL","0.0","0.0","0.0","0.0",0,0,"0.0",50,0,348,6,50,"0.0","u",0,0,,"false"
"2026-10-08T07:20:28Z",288,"Dowell","HUL","-1.0","-1.5","-2.2","-3.0",-1,-2,"0.3",44,706,2340,0,0,"0.0","a",-1,-1,,"false"
"2026-10-08T07:20:28Z",289,"Crooks","HUL","0.7","0.7","0.7","0.7",1,-1,"0.5",44,5846,5064,3,203,"0.5","a",-1,-1,,"false"
"2026-10-08T07:20:28Z",290,"Slater","HUL","79.8","79.3","78.5","77.7",3,-49,"5.2",45,18978,45458,15,437,"2.0","a",0,0,,"false"
"2026-10-08T07:20:28Z",291,"Matazo","HUL","-20.5","-20.5","-20.5","-20.5",-2,0,"0.0",45,34,69,0,0,"0.0","i",0,0,,"false"
"2026-10-08T07:20:28Z",292,"Ömür","HUL","-16.4","-16.4","-16.4","-16.4",-1,0,"0.0",49,90,165,0,0,"0.0","a",0,-1,,"false"
"2026-10-08T07:20:28Z",293,"Kamara","HUL","0.0","0.0","0.0","0.0",0,0,"0.0",50,0,15,0,0,"0.0","u",0,0,,"false"
"2026-10-08T07:20:28Z",294,"Zambrano","HUL","-27.3","-27.3","-27.3","-27.3",-2,0,"0.1",45,166,556,0,0,"0.0","a",0,0,,"false"
"2026-10-08T07:20:28Z",295,"McBurnie","HUL","29.7","29.6","29.5","29.4",2,-6,"1.9",55,10199,21065,13,441,"2.5","a",0,0,,"false"
"2026-10-08T07:20:28Z",296,"Akintola","HUL","0.0","0.0","0.0","0.0",0,0,"0.0",50,0,310,0,0,"0.0","u",0,0,,"false"
"2026-10-08T07:20:28Z",297,"Gyabi","HUL","-0.9","-0.9","-0.9","-0.9",-1,0,"0.0",44,73,166,0,0,"0.0","i",-1,-1,,"false"
"2026-10-08T07:20:28Z",298,"Destan","HUL","0.0","0.0","0.0","0.0",0,0,"0.2",45,0,1592,0,0,"0.0","u",0,0,,"false"
"2026-10-08T07:20:28Z",299,"Burstow","HUL","0.0","0.0","0.0","0.0",0,0,"0.0",45,0,253,0,0,"0.0","u",0,0,,"false"
"2026-10-08T07:20:28Z",340,"Gelhardt","HUL","0.0","0.0","0.0","0.0",0,0,"0.0",50,106,128,1,7,"0.5","a",0,0,,"false"
"2026-10-08T07:20:28Z",556,"Targett","HUL","-84.1","-84.7","-85.5","-86.4",-3,-15,"1.6",40,129,11716,1,5,"0.0","d",0,0,,"false"
"2026-10-08T07:20:28Z",563,"Morita","HUL","-3.0","-3.0","-3.0","-3.0",-1,0,"0.0",49,24,210,1,45,"0.0","i",-1,-1,,"false"
"2026-10-08T07:20:28Z",572,"Tzolakis","HUL","1.4","1.6","1.8","2.0",1,34,"12.9",47,145112,29734,34,450,"4.0","a",1,2,,"false"
"2026-10-08T07:20:28Z",574,"Hjertø-Dahl","HUL","-84.7","-84.7","-84.7","-84.7",-3,0,"0.1",49,83,368,1,8,"0.0","a",0,-1,,"false"
"2026-10-08T07:20:28Z",576,"Stroud","HUL","-61.4","-61.4","-61.4","-61.4",-3,0,"0.1",50,169,547,7,249,"0.5","a",0,0,,"false"
"2026-10-08T07:20:28Z",585,"Herrington","HUL","-30.7","-30.9","-31.3","-31.6",-2,-1,"0.6",40,1178,1985,5,197,"1.0","a",0,0,,"false"
"2026-10-08T07:20:28Z",586,"Mendy","HUL","-1.3","-1.3","-1.2","-1.2",-1,1,"6.2",41,9022,36569,25,249,"0.5","a",0,1,,"false"
"2026-10-08T07:20:28Z",589,"Gourna-Douath","HUL","-87.8","-87.8","-87.8","-87.8",-3,0,"0.0",50,36,119,4,138,"0.5","a",0,0,,"false"
"2026-10-08T07:20:28Z",617,"Cho","HUL","0.3","0.3","0.3","0.3",1,0,"0.0",50,404,171,9,72,"3.5","a",0,0,,"false"
"2026-10-08T07:20:28Z",632,"Ansah","HUL","-77.0","-77.0","-77.0","-77.0",-3,0,"0.0",50,83,476,0,0,"0.0","i",0,0,,"false"
"2026-10-08T07:20:28Z",637,"Vaz","HUL","1.4","1.4","1.4","1.4",1,0,"0.1",50,2109,1338,2,20,"1.0","a",0,0,,"false"
"2026-10-08T07:20:28Z",638,"Norton-Cuffy","HUL","-32.6","-34.7","-37.8","-40.9",-2,-8,"0.2",40,468,2882,1,34,"0.0","d",0,0,,"false"
"2026-10-08T07:20:28Z",642,"Thomas","HUL","0.3","0.3","0.3","0.4",1,1,"0.0",55,562,383,4,119,"1.5","a",0,0,,"false"
"2026-10-08T07:20:28Z",645,"Mouzakitis","HUL","0.0","0.0","0.0","0.0",0,0,"0.0",50,104,99,0,0,"0.0","a",0,0,,"false"
"2026-10-08T07:20:28Z",259,"Diop","IPS","-58.9","-59.0","-59.3","-59.5",-3,-18,"12.6",40,9008,68228,12,450,"2.5","a",0,0,,"false"
"2026-10-08T07:20:28Z",267,"Lukić","IPS","-7.1","-7.1","-7.1","-7.1",-1,0,"0.1",49,271,649,11,400,"1.5","a",-1,-1,,"false"
"2026-10-08T07:20:28Z",300,"Walton","IPS","-5.6","-5.6","-5.6","-5.6",-1,0,"0.4",44,2241,1332,2,90,"1.0","a",0,-1,,"false"
"2026-10-08T07:20:28Z",301,"Palmer","IPS","-28.3","-28.5","-28.6","-28.8",-2,-4,"3.9",40,5458,14651,0,0,"0.0","a",0,0,,"false"
"2026-10-08T07:20:28Z",302,"Button","IPS","1.2","1.2","1.2","1.2",1,0,"0.6",40,2001,1627,0,0,"0.0","a",0,0,,"false"
"2026-10-08T07:20:28Z",303,"Kipré","IPS","3.3","3.4","3.4","3.4",1,2,"0.9",39,5323,5123,0,0,"0.0","a",0,-1,,"false"
"2026-10-08T07:20:28Z",304,"O'Shea","IPS","-44.8","-44.8","-44.9","-45.0",-3,-1,"2.6",40,2623,17537,10,450,"1.5","a",0,0,,"false"
"2026-10-08T07:20:28Z",305,"Davis","IPS","81.0","81.9","83.3","84.7",3,86,"7.1",40,68489,34884,25,450,"8.0","a",0,0,,"false"
"2026-10-08T07:20:28Z",306,"Greaves","IPS","0.0","-0.1","-0.2","-0.4",-1,-2,"1.1",39,725,4430,3,357,"0.5","a",-1,-1,,"false"
"2026-10-08T07:20:28Z",307,"Johnson","IPS","0.0","0.0","0.0","0.0",0,-2,"0.1",40,0,430,0,0,"0.0","u",0,0,,"false"
"2026-10-08T07:20:28Z",308,"Furlong","IPS","2.3","2.3","2.3","2.3",1,0,"0.6",39,7350,3571,1,17,"0.0","a",0,-1,,"false"
"2026-10-08T07:20:28Z",309,"Núñez","IPS","-45.2","-46.4","-48.4","-50.3",-3,-1,"0.1",49,110,777,6,140,"0.0","a",0,-1,,"false"
"2026-10-08T07:20:28Z",310,"Matusiwa","IPS","0.0","0.0","0.0","0.0",0,0,"0.0",49,18,21,0,0,"0.0","a",0,-1,,"false"
"2026-10-08T07:20:28Z",311,"Burns","IPS","0.0","0.0","0.0","0.0",0,0,"0.0",50,0,9,0,0,"0.0","u",0,0,,"false"
"2026-10-08T07:20:28Z",312,"Taylor","IPS","0.1","0.1","0.1","0.1",1,1,"0.0",44,414,336,0,0,"0.0","i",-1,-1,,"false"
"2026-10-08T07:20:28Z",313,"Clarke","IPS","-93.4","-93.4","-93.4","-93.4",-3,0,"0.2",54,250,1101,11,170,"1.5","a",0,-1,,"false"
"2026-10-08T07:20:28Z",314,"Ogbene","IPS","0.0","0.0","0.0","0.0",0,0,"0.0",49,0,70,0,0,"0.0","u",0,-1,,"false"
"2026-10-08T07:20:28Z",315,"Fatawu","IPS","-44.1","-44.8","-45.9","-47.1",-3,-3,"0.2",54,70,2967,8,352,"0.0","s",0,-1,,"false"
"2026-10-08T07:20:28Z",316,"Emersonn","IPS","94.2","95.0","96.2","97.4",4,74,"3.7",55,46800,26969,26,317,"7.0","a",0,0,,"false"
"2026-10-08T07:20:28Z",317,"Hirst","IPS","0.0","0.0","0.0","0.0",0,-2,"0.1",50,0,568,0,0,"0.0","u",0,0,,"false"
"2026-10-08T07:20:28Z",318,"Philogene","IPS","-9.7","-9.7","-9.7","-9.7",-1,0,"0.1",54,41,188,2,52,"1.0","a",0,-1,,"false"
"2026-10-08T07:20:28Z",319,"Szmodics","IPS","0.0","0.0","0.0","0.0",0,0,"0.0",50,0,16,0,0,"0.0","u",0,0,,"false"
"2026-10-08T07:20:28Z",320,"Akpom","IPS","25.8","25.7","25.5","25.4",2,-10,"1.2",50,5612,10977,7,78,"0.5","a",0,0,,"false"
"2026-10-08T07:20:28Z",321,"Walle Egeli","IPS","41.6","41.3","41.0","40.6",3,-23,"3.5",45,22684,31827,1,10,"0.0","a",0,0,,"false"
"2026-10-08T07:20:28Z",322,"Al-Hamadi","IPS","0.0","0.0","0.0","0.0",0,-3,"0.0",50,0,442,0,0,"0.0","u",0,0,,"false"
"2026-10-08T07:20:28Z",323,"McAteer","IPS","-2.6","-3.2","-4.1","-5.1",-1,-10,"1.0",44,1991,7676,3,42,"0.0","a",-1,-1,,"false"
"2026-10-08T07:20:28Z",324,"Mehmeti","IPS","-3.4","-3.4","-3.4","-3.4",-1,0,"0.0",48,85,170,0,0,"0.0","a",-1,-2,,"false"
"2026-10-08T07:20:28Z",554,"Van Oevelen","IPS","0.0","0.0","0.0","0.0",0,0,"0.0",45,0,103,0,0,"0.0","u",0,0,,"false"
"2026-10-08T07:20:28Z",562,"Maeda","IPS","-13.8","-13.8","-13.8","-13.8",-1,0,"0.2",53,160,1736,8,259,"1.0","a",-1,-2,,"false"
"2026-10-08T07:20:28Z",564,"Scherpen","IPS","-35.0","-35.0","-35.0","-35.0",-2,0,"0.6",45,930,3260,7,360,"0.5","a",0,0,,"false"
"2026-10-08T07:20:28Z",571,"Florentino","IPS","-4.2","-3.2","-1.7","-0.2",-1,1,"0.1",48,127,408,2,30,"1.0","a",-1,-2,,"false"
"2026-10-08T07:20:28Z",591,"Enciso","IPS","9.4","9.3","9.2","9.1",1,-7,"0.8",55,3313,7302,15,413,"2.0","a",0,0,,"false"
"2026-10-08T07:20:28Z",592,"Ouattara","IPS","-35.3","-35.8","-36.6","-37.3",-2,-4,"0.8",40,865,2424,6,131,"1.5","a",0,0,,"false"
"2026-10-08T07:20:28Z",602,"Humphreys","IPS","0.0","0.0","0.0","0.0",0,0,"0.0",45,0,262,0,0,"0.0","u",0,0,,"false"
"2026-10-08T07:20:28Z",619,"Palacios","IPS","1.1","1.1","1.1","1.1",1,0,"0.1",50,637,980,11,275,"3.0","a",0,0,,"false"
"2026-10-08T07:20:28Z",640,"Flemming","IPS","0.6","0.5","0.5","0.4",1,-3,"0.1",55,1206,1183,6,60,"2.5","a",0,0,,"false"
"2026-10-08T07:20:28Z",260,"Wilson","LEE","-78.6","-81.4","-85.6","-89.8",-3,-111,"1.6",62,88,47547,5,145,"0.5","i",0,-3,,"false"
"2026-10-08T07:20:28Z",326,"Perri","LEE","0.0","0.0","0.0","0.0",0,0,"0.3",45,0,1524,0,0,"0.0","u",0,0,,"false"
"2026-10-08T07:20:28Z",327,"Bijol","LEE","5.1","5.1","5.0","4.9",1,-6,"0.7",50,943,6270,12,164,"0.0","a",0,0,,"false"
"2026-10-08T07:20:28Z",329,"Rodon","LEE","-8.6","-8.9","-9.3","-9.6",-1,-8,"0.7",43,53,10491,7,123,"0.0","i",-1,-2,,"false"
"2026-10-08T07:20:28Z",330,"Bogle","LEE","68.2","69.6","71.7","73.7",3,129,"7.5",46,154007,34004,42,365,"10.0","a",0,1,,"false"
"2026-10-08T07:20:28Z",331,"Gudmundsson","LEE","1.1","1.1","1.1","1.1",1,0,"0.1",45,829,444,14,252,"6.0","a",0,0,,"false"
"2026-10-08T07:20:28Z",332,"Justin","LEE","19.5","19.5","19.5","19.5",1,0,"1.4",45,6266,7585,26,450,"5.0","a",0,0,,"false"
"2026-10-08T07:20:28Z",333,"Bornauw","LEE","0.0","0.0","0.0","0.0",0,0,"0.0",45,0,6,0,0,"0.0","u",0,0,,"false"
"2026-10-08T07:20:28Z",334,"Muharemović","LEE","41.8","41.7","41.5","41.3",3,-10,"4.4",50,40678,31190,27,450,"6.5","a",0,0,,"false"
"2026-10-08T07:20:28Z",335,"Stach","LEE","16.4","16.1","15.7","15.2",1,-27,"2.5",60,6032,22850,27,447,"4.0","a",0,0,,"false"
"2026-10-08T07:20:28Z",336,"Okafor","LEE","1.4","1.4","1.3","1.3",1,-4,"0.4",58,2373,4261,18,299,"6.0","a",0,-2,,"false"
"2026-10-08T07:20:28Z",337,"Aaronson","LEE","-11.7","-12.6","-14.1","-15.6",-1,-7,"0.5",53,250,3966,7,194,"1.0","a",-1,-2,,"false"
"2026-10-08T07:20:28Z",338,"Ampadu","LEE","-33.0","-34.1","-35.7","-37.2",-2,-9,"0.9",54,2197,6193,21,450,"6.0","a",0,-1,,"false"
"2026-10-08T07:20:28Z",339,"Longstaff","LEE","-0.3","-1.9","-4.3","-6.7",-1,-2,"0.1",48,183,727,2,10,"0.5","a",-1,-2,,"false"
"2026-10-08T07:20:28Z",341,"Gnonto","LEE","0.0","0.0","0.0","0.0",0,0,"0.0",50,0,67,0,0,"0.0","u",0,0,,"false"
"2026-10-08T07:20:28Z",342,"Harrison","LEE","0.0","0.0","0.0","0.0",0,0,"0.0",50,0,5,0,0,"0.0","u",0,0,,"false"
"2026-10-08T07:20:28Z",343,"James","LEE","-32.1","-32.1","-32.1","-32.1",-2,0,"0.1",49,231,655,3,52,"1.0","a",0,-1,,"false"
"2026-10-08T07:20:28Z",344,"Gruev","LEE","0.0","0.0","0.0","0.0",0,0,"0.0",50,53,23,0,0,"0.0","a",0,0,,"false"
"2026-10-08T07:20:28Z",345,"Tanaka","LEE","5.2","5.1","5.0","4.8",1,-8,"0.3",49,2684,2756,14,255,"4.0","a",0,-1,,"false"
"2026-10-08T07:20:28Z",346,"Calvert-Lewin","LEE","71.6","69.9","67.4","65.0",3,-155,"24.6",60,114674,206662,22,419,"6.0","a",0,0,,"false"
"2026-10-08T07:20:28Z",347,"Nmecha","LEE","-29.7","-30.3","-31.2","-32.1",-2,-3,"0.5",54,2379,4273,7,64,"1.0","a",0,-1,,"false"
"2026-10-08T07:20:28Z",348,"Piroe","LEE","0.0","0.0","0.0","0.0",0,0,"0.1",50,0,491,0,0,"0.0","u",0,0,,"false"
"2026-10-08T07:20:28Z",349,"Mateo Joseph","LEE","-44.9","-44.9","-44.9","-44.9",-3,0,"0.1",45,384,562,0,0,"0.0","i",0,0,,"false"
"2026-10-08T07:20:28Z",385,"Trafford","LEE","36.8","36.8","36.8","36.7",2,-2,"5.5",50,28537,18941,28,450,"6.5","a",0,0,,"false"
"2026-10-08T07:20:28Z",598,"Elvedi","LEE","0.7","0.7","0.7","0.7",1,0,"0.1",45,319,298,13,326,"4.0","a",0,0,,"false"
"2026-10-08T07:20:28Z",603,"Lienou","LEE","0.1","0.1","0.1","0.1",1,0,"0.1",40,273,563,0,0,"0.0","a",0,0,,"false"
"2026-10-08T07:20:28Z",604,"Cresswell","LEE","-14.7","-14.7","-14.7","-14.7",-1,0,"0.1",45,350,980,0,0,"0.0","a",0,0,,"false"
"2026-10-08T07:20:28Z",625,"Cairns","LEE","0.4","0.4","0.4","0.4",1,0,"0.2",40,970,876,0,0,"0.0","a",0,0,,"false"
"2026-10-08T07:20:28Z",629,"Zetterer","LEE","2.4","2.4","2.4","2.4",1,0,"0.7",40,3562,3084,0,0,"0.0","a",0,0,,"false"
"2026-10-08T07:20:28Z",641,"Bard","LEE","0.1","0.1","0.1","0.1",1,0,"0.0",45,110,90,1,18,"0.5","a",0,0,,"false"
"2026-10-08T07:20:28Z",648,"Bahoya","LEE","-58.4","-58.4","-58.4","-58.4",-3,0,"0.0",50,127,201,1,1,"0.5","a",0,0,,"false"
"2026-10-08T07:20:28Z",350,"A.Becker","LIV","1.9","1.9","1.9","1.8",1,-2,"4.2",55,17099,14299,27,450,"8.5","a",0,0,,"false"
"2026-10-08T07:20:28Z",351,"Mamardashvili","LIV","-0.1","-0.1","-0.1","-0.1",-1,0,"0.1",48,298,695,0,0,"0.0","a",-1,-2,,"false"
"2026-10-08T07:20:28Z",352,"Woodman","LIV","-35.0","-35.0","-35.0","-35.0",-2,0,"1.0",40,921,2730,0,0,"0.0","a",0,0,,"false"
"2026-10-08T07:20:28Z",353,"Pecsi","LIV","0.0","0.0","0.0","0.0",0,0,"0.0",40,0,72,0,0,"0.0","u",0,0,,"false"
"2026-10-08T07:20:28Z",354,"Jaros","LIV","0.1","0.1","0.1","0.1",1,1,"0.0",40,238,182,0,0,"0.0","i",0,0,,"false"
"2026-10-08T07:20:28Z",355,"Davies","LIV","0.1","0.1","0.1","0.1",1,0,"0.2",40,335,522,0,0,"0.0","a",0,0,,"false"
"2026-10-08T07:20:28Z",356,"Virgil","LIV","-64.3","-64.3","-64.4","-64.6",-3,-11,"16.2",65,28464,52338,25,450,"8.0","a",0,0,,"false"
"2026-10-08T07:20:28Z",357,"Frimpong","LIV","-44.4","-44.8","-45.5","-46.2",-3,-7,"1.7",53,1877,14437,2,178,"0.5","a",0,-2,,"false"
"2026-10-08T07:20:28Z",358,"Kerkez","LIV","-1.6","-1.8","-2.2","-2.6",-1,-8,"2.2",53,3067,12634,13,385,"3.5","a",-1,-2,,"false"
"2026-10-08T07:20:28Z",359,"Gomez","LIV","0.1","0.1","0.1","0.1",1,0,"0.0",49,375,130,0,0,"0.0","a",0,-1,,"false"
"2026-10-08T07:20:28Z",360,"Bradley","LIV","-93.2","-93.2","-93.2","-93.2",-3,0,"0.0",50,72,97,0,0,"0.0","i",0,0,,"false"
"2026-10-08T07:20:28Z",361,"Lucky","LIV","-59.4","-58.3","-56.6","-55.0",-3,1,"0.1",40,325,645,0,0,"0.0","a",0,0,,"false"
"2026-10-08T07:20:28Z",362,"Jacquet","LIV","60.0","59.5","58.6","57.7",3,-55,"3.5",50,39876,21072,24,415,"7.5","d",0,0,,"false"
"2026-10-08T07:20:28Z",363,"Leoni","LIV","-67.1","-67.1","-67.1","-67.1",-3,0,"0.0",40,77,212,0,0,"0.0","i",0,0,,"false"
"2026-10-08T07:20:28Z",364,"Tsimikas","LIV","-60.0","-60.0","-60.0","-60.0",-3,0,"0.1",49,118,432,2,64,"0.5","a",0,-1,,"false"
"2026-10-08T07:20:28Z",365,"Ramsay","LIV","0.0","0.0","0.0","0.0",0,0,"0.1",40,0,552,0,0,"0.0","u",0,0,,"false"
"2026-10-08T07:20:28Z",366,"Wirtz","LIV","-42.5","-43.7","-45.4","-47.2",-3,-59,"5.7",73,6309,49446,18,402,"4.5","a",0,-2,,"false"
"2026-10-08T07:20:28Z",367,"Gakpo","LIV","-10.4","-13.2","-17.3","-21.5",-1,-481,"12.0",72,53139,130943,32,370,"2.0","d",0,2,,"false"
"2026-10-08T07:20:28Z",368,"Szoboszlai","LIV","-1.9","-2.7","-3.9","-5.1",-1,-405,"32.3",69,44295,260329,20,440,"2.5","a",-1,-1,,"false"
"2026-10-08T07:20:28Z",369,"Ngumoha","LIV","-27.4","-28.2","-29.4","-30.6",-2,-6,"0.5",57,959,4791,4,99,"0.5","a",-1,-3,,"false"
"2026-10-08T07:20:28Z",370,"Chiesa","LIV","-7.1","-7.1","-7.1","-7.1",-1,0,"0.0",53,18,274,0,0,"0.0","i",-1,-2,,"false"
"2026-10-08T07:20:28Z",371,"Gravenberch","LIV","-26.7","-27.4","-28.5","-29.6",-2,-12,"1.1",58,1456,10149,9,190,"1.0","a",-1,-2,,"false"
"2026-10-08T07:20:28Z",372,"Mac Allister","LIV","-48.0","-47.7","-47.3","-46.8",-3,4,"1.3",54,4446,7924,11,306,"3.0","a",0,-1,,"false"
"2026-10-08T07:20:28Z",373,"C.Jones","LIV","0.0","0.0","0.0","0.0",0,0,"0.0",55,0,71,0,0,"0.0","u",0,0,,"false"
"2026-10-08T07:20:28Z",374,"Endo","LIV","-69.3","-69.3","-69.3","-69.3",-3,0,"0.1",49,177,481,0,0,"0.0","a",0,-1,,"false"
"2026-10-08T07:20:28Z",375,"Nyoni","LIV","-95.4","-95.4","-95.4","-95.4",-4,0,"0.0",49,102,340,3,38,"0.5","a",0,-1,,"false"
"2026-10-08T07:20:28Z",376,"Bajcetic","LIV","0.0","0.0","0.0","0.0",0,0,"0.0",50,0,3,0,0,"0.0","u",0,0,,"false"
"2026-10-08T07:20:28Z",377,"Munoz","LIV","6.4","6.3","6.2","6.1",1,-8,"0.9",65,1885,13010,15,257,"1.0","a",0,0,,"false"
"2026-10-08T07:20:28Z",378,"McConnell","LIV","-5.5","-4.9","-4.1","-3.3",-1,1,"0.2",44,1139,1689,0,0,"0.0","a",0,-1,,"false"
"2026-10-08T07:20:28Z",379,"Isak","LIV","-5.1","-8.2","-12.9","-17.6",-1,-541,"21.9",91,124102,132482,33,413,"5.0","d",0,1,,"false"
"2026-10-08T07:20:28Z",380,"Ekitiké","LIV","-30.3","-30.3","-30.3","-30.3",-2,0,"0.1",74,459,939,0,0,"0.0","i",0,-1,,"false"
"2026-10-08T07:20:28Z",381,"Koumas","LIV","-95.8","-83.2","-64.1","-45.1",-3,3,"0.0",50,200,217,3,22,"0.5","a",0,0,,"false"
"2026-10-08T07:20:28Z",382,"Danns","LIV","4.0","4.0","4.0","4.0",1,0,"0.2",45,4040,2742,0,0,"0.0","a",0,0,,"false"
"2026-10-08T07:20:28Z",383,"Elliott","LIV","0.0","0.0","0.0","0.0",0,-1,"0.0",54,0,257,0,0,"0.0","u",0,-1,,"false"
"2026-10-08T07:20:28Z",579,"Araujo","LIV","37.8","38.0","38.2","38.5",2,16,"3.1",54,20932,12204,22,284,"6.5","a",0,-1,,"false"
"2026-10-08T07:20:28Z",627,"Barcola","LIV","-66.5","-66.4","-66.1","-65.8",-3,3,"1.9",80,15840,21967,7,168,"3.0","a",0,0,,"false"
"2026-10-08T07:20:28Z",155,"Enzo","MCI","2.9","3.2","3.8","4.3",1,33,"3.7",69,36573,18134,13,271,"4.5","a",0,-1,,"false"
"2026-10-08T07:20:28Z",237,"Ndiaye","MCI","-25.1","-26.1","-27.7","-29.3",-2,-106,"6.6",58,8670,80582,22,385,"3.0","a",-1,-2,,"false"
"2026-10-08T07:20:28Z",384,"Donnarumma","MCI","-57.8","-58.3","-59.1","-59.9",-3,-36,"7.5",55,12364,36093,19,450,"4.5","a",0,0,,"false"
"2026-10-08T07:20:28Z",386,"Bettinelli","MCI","-92.6","-92.6","-92.6","-92.6",-3,0,"0.0",45,66,94,0,0,"0.0","a",0,0,,"false"
"2026-10-08T07:20:28Z",387,"O'Reilly","MCI","-5.5","-6.4","-7.6","-8.9",-1,-257,"10.7",63,5479,92690,6,163,"1.0","d",-1,-2,,"false"
"2026-10-08T07:20:28Z",388,"Guéhi","MCI","68.6","68.3","67.9","67.5",3,-26,"18.1",60,27892,62293,30,450,"5.0","a",0,0,,"false"
"2026-10-08T07:20:28Z",389,"Matheus N.","MCI","-37.3","-37.3","-37.3","-37.3",-2,0,"1.0",59,2014,3466,11,213,"5.0","a",0,-1,,"false"
"2026-10-08T07:20:28Z",390,"Rúben","MCI","4.0","3.9","3.8","3.6",1,-11,"1.9",55,5487,10505,17,450,"3.5","a",0,0,,"false"
"2026-10-08T07:20:28Z",391,"Gvardiol","MCI","88.5","89.3","90.6","91.9",3,80,"26.9",57,175643,72565,37,434,"7.5","a",0,2,,"false"
"2026-10-08T07:20:28Z",392,"Aït-Nouri","MCI","-1.1","-1.5","-2.0","-2.6",-1,-2,"0.4",52,604,2474,0,0,"0.0","a",-1,-3,,"false"
"2026-10-08T07:20:28Z",393,"Khusanov","MCI","-40.5","-41.5","-43.0","-44.4",-3,-12,"1.4",54,1621,10036,9,268,"0.0","a",0,-1,,"false"
"2026-10-08T07:20:28Z",394,"Alleyne","MCI","0.0","0.0","0.0","0.0",0,0,"0.0",50,0,20,0,0,"0.0","u",0,0,,"false"
"2026-10-08T07:20:28Z",395,"Lewis","MCI","-73.0","-73.0","-73.0","-73.0",-3,0,"0.2",44,375,1365,1,56,"0.0","a",0,-1,,"false"
"2026-10-08T07:20:28Z",396,"Vitor Reis","MCI","-91.0","-91.0","-91.0","-91.0",-3,0,"0.0",45,83,172,1,1,"0.0","a",0,0,,"false"
"2026-10-08T07:20:28Z",397,"Semenyo","MCI","-25.9","-27.0","-28.6","-30.2",-2,-268,"14.9",84,131819,106107,33,450,"10.0","d",0,-1,,"false"
"2026-10-08T07:20:28Z",398,"Foden","MCI","-58.4","-59.3","-60.7","-62.1",-3,-40,"1.7",69,246,32850,9,217,"-1.0","s",0,-1,,"false"
"2026-10-08T07:20:28Z",399,"Cherki","MCI","-55.0","-53.1","-50.3","-47.5",-3,176,"28.5",78,155607,112549,34,302,"4.5","a",0,3,,"false"
"2026-10-08T07:20:28Z",400,"Doku","MCI","0.8","0.9","1.1","1.3",1,12,"0.7",74,5757,2499,1,15,"0.5","a",0,-1,,"false"
"2026-10-08T07:20:28Z",402,"Rodrigo","MCI","0.0","0.0","0.0","0.0",0,0,"0.0",65,0,29,0,0,"0.0","u",0,0,,"false"
"2026-10-08T07:20:28Z",404,"Reijnders","MCI","0.0","0.0","0.0","0.0",0,0,"0.0",60,0,112,0,0,"0.0","u",0,0,,"false"
"2026-10-08T07:20:28Z",406,"Kovačić","MCI","-0.6","-0.6","-0.6","-0.6",-1,0,"0.1",53,133,520,2,42,"0.0","a",-1,-2,,"false"
"2026-10-08T07:20:28Z",407,"Echeverri","MCI","0.0","0.0","0.0","0.0",0,0,"0.0",49,0,61,0,0,"0.0","u",0,-1,,"false"
"2026-10-08T07:20:28Z",408,"Phillips","MCI","0.0","0.0","0.0","0.0",0,0,"0.0",50,0,16,0,0,"0.0","u",0,0,,"false"
"2026-10-08T07:20:28Z",409,"Mukasa","MCI","0.0","0.0","0.0","0.0",0,0,"0.1",45,0,694,0,0,"0.0","u",0,0,,"false"
"2026-10-08T07:20:28Z",410,"Monga","MCI","0.0","0.0","0.0","0.0",0,0,"0.0",49,0,61,0,0,"0.0","u",0,-1,,"false"
"2026-10-08T07:20:28Z",411,"Haaland","MCI","26.2","26.7","27.5","28.2",2,48,"73.9",156,96199,29228,39,450,"7.5","a",0,1,,"false"
"2026-10-08T07:20:28Z",481,"Anderson","MCI","-47.8","-48.9","-50.5","-52.1",-3,-38,"3.9",63,9497,32509,15,413,"3.5","a",0,-2,,"false"
"2026-10-08T07:20:28Z",587,"Rulli","MCI","-96.5","-96.5","-96.5","-96.5",-4,0,"0.0",50,87,111,0,0,"0.0","a",0,0,,"false"
"2026-10-08T07:20:28Z",616,"Bouaddi","MCI","-38.5","-38.5","-38.5","-38.5",-2,0,"0.2",55,923,2301,2,22,"0.0","a",0,0,,"false"
"2026-10-08T07:20:28Z",621,"McAidoo","MCI","-0.2","-0.2","-0.2","-0.2",-1,0,"0.1",44,234,1206,2,11,"0.0","a",-1,-1,,"false"
"2026-10-08T07:20:28Z",622,"Braithwaite","MCI","-43.2","-44.6","-46.7","-48.9",-3,-2,"0.2",40,650,1770,1,1,"0.0","a",0,0,,"false"
"2026-10-08T07:20:28Z",628,"Allan","MCI","0.1","0.1","0.1","0.1",1,0,"0.0",60,248,180,0,0,"0.0","a",0,0,,"false"
"2026-10-08T07:20:28Z",653,"Samba","MCI","-44.2","-44.2","-44.2","-44.2",-3,0,"0.0",45,276,528,0,0,"0.0","a",0,0,,"false"
"2026-10-08T07:20:28Z",43,"Tielemans","MUN","-42.3","-42.6","-43.1","-43.6",-3,-4,"1.5",58,3755,12146,14,402,"3.0","a",0,-2,,"false"
"2026-10-08T07:20:28Z",131,"Baleba","MUN","0.2","0.3","0.4","0.4",1,4,"0.1",49,1816,878,0,0,"0.0","a",0,-1,,"false"
"2026-10-08T07:20:28Z",162,"Andrey Santos","MUN","-59.8","-60.6","-61.8","-63.0",-3,-4,"0.6",48,1132,5732,4,82,"0.0","a",0,-2,,"false"
"2026-10-08T07:20:28Z",325,"Darlow","MUN","-27.0","-27.0","-27.0","-27.0",-2,0,"0.0",45,69,256,0,0,"0.0","d",0,0,,"false"
"2026-10-08T07:20:28Z",412,"Lammens","MUN","-19.3","-19.5","-19.9","-20.3",-1,-22,"9.8",49,8366,58761,11,450,"3.0","a",0,-1,,"false"
"2026-10-08T07:20:28Z",413,"Bayindir","MUN","0.0","0.0","0.0","0.0",0,0,"0.0",45,0,51,0,0,"0.0","u",0,0,,"false"
"2026-10-08T07:20:28Z",414,"Heaton","MUN","-38.9","-38.9","-38.9","-38.9",-2,0,"0.1",40,248,336,0,0,"0.0","i",0,0,,"false"
"2026-10-08T07:20:28Z",415,"Dorgu","MUN","-71.8","-74.6","-78.8","-83.0",-3,-23,"0.5",58,1045,5331,10,171,"4.0","d",0,-2,,"false"
"2026-10-08T07:20:28Z",416,"De Ligt","MUN","0.0","-1.2","-3.0","-4.8",-1,-1,"0.0",49,96,154,0,0,"0.0","i",-1,-1,,"false"
"2026-10-08T07:20:28Z",417,"Dalot","MUN","-84.7","-85.0","-85.4","-85.9",-3,-4,"1.6",49,1763,8924,8,346,"2.0","a",0,-1,,"false"
"2026-10-08T07:20:28Z",418,"Maguire","MUN","-3.1","-3.4","-3.8","-4.2",-1,-37,"8.5",48,5911,86596,10,450,"1.5","a",-1,-2,,"false"
"2026-10-08T07:20:28Z",419,"Martinez","MUN","-0.1","-0.1","-0.2","-0.3",-1,-1,"1.3",49,4299,7252,6,360,"1.0","a",-1,-1,,"false"
"2026-10-08T07:20:28Z",420,"Yoro","MUN","-12.4","-12.6","-12.8","-13.1",-1,-1,"0.5",48,573,2428,2,22,"0.0","a",-1,-2,,"false"
"2026-10-08T07:20:28Z",421,"Heaven","MUN","-1.2","-0.9","-0.5","-0.1",-1,1,"0.3",43,301,1696,1,90,"0.0","a",-1,-2,,"false"
"2026-10-08T07:20:28Z",422,"Mazraoui","MUN","-46.8","-48.1","-50.1","-52.0",-3,-11,"0.5",44,616,3548,3,97,"0.0","d",0,-1,,"false"
"2026-10-08T07:20:28Z",423,"Shaw","MUN","-6.2","-6.5","-6.9","-7.3",-1,-32,"7.6",43,5250,88245,9,335,"1.0","a",-1,-2,,"false"
"2026-10-08T07:20:28Z",424,"Amass","MUN","-50.6","-51.2","-52.3","-53.3",-3,-1,"0.2",40,479,906,0,0,"0.0","a",0,0,,"false"
"2026-10-08T07:20:28Z",425,"Fredricson","MUN","0.0","0.0","0.0","0.0",0,0,"0.0",40,0,55,0,0,"0.0","u",0,0,,"false"
"2026-10-08T07:20:28Z",426,"B.Fernandes","MUN","-1.3","-1.4","-1.5","-1.6",-1,-40,"38.4",119,60603,228614,31,450,"2.0","a",-1,-1,,"false"
"2026-10-08T07:20:28Z",427,"Mbeumo","MUN","-82.3","-82.2","-82.2","-82.1",-3,6,"20.4",79,52065,155646,25,450,"2.0","a",0,-1,,"false"
"2026-10-08T07:20:28Z",428,"Cunha","MUN","-97.6","-96.5","-94.9","-93.2",-4,57,"5.8",79,29884,26070,26,407,"6.0","a",0,-1,,"false"
"2026-10-08T07:20:28Z",429,"Rashford","MUN","-98.7","-100.9","-104.2","-107.5",-5,-52,"1.4",70,4434,21144,10,351,"2.0","d",0,0,,"false"
"2026-10-08T07:20:28Z",430,"Mount","MUN","0.1","0.1","0.1","0.1",1,0,"0.0",54,210,218,1,10,"0.5","a",0,-1,,"false"
"2026-10-08T07:20:28Z",431,"Amad","MUN","-21.1","-22.2","-23.8","-25.5",-2,-8,"0.3",57,157,2174,0,0,"0.0","i",0,-3,,"false"
"2026-10-08T07:20:28Z",432,"Mainoo","MUN","13.5","13.0","12.3","11.6",1,-45,"1.5",55,8313,18357,22,354,"4.0","d",0,0,,"false"
"2026-10-08T07:20:28Z",433,"Ugarte","MUN","-74.0","-74.0","-74.0","-74.0",-3,0,"0.0",50,26,28,0,0,"0.0","i",0,0,,"false"
"2026-10-08T07:20:28Z",434,"J.Fletcher","MUN","-40.4","-40.4","-40.4","-40.4",-3,0,"0.0",49,51,62,0,0,"0.0","a",0,-1,,"false"
"2026-10-08T07:20:28Z",435,"Lacey","MUN","-5.5","-5.5","-5.5","-5.5",-1,0,"0.1",49,417,400,1,10,"0.0","a",0,-1,,"false"
"2026-10-08T07:20:28Z",436,"Collyer","MUN","0.0","0.0","0.0","0.0",0,0,"0.0",50,0,51,0,0,"0.0","u",0,0,,"false"
"2026-10-08T07:20:28Z",437,"Bendito Mantato","MUN","0.0","0.0","0.0","0.0",0,0,"0.2",44,560,1024,0,0,"0.0","a",-1,-1,,"false"
"2026-10-08T07:20:28Z",438,"Fletcher","MUN","0.4","0.3","0.2","0.2",1,-5,"0.3",44,2735,2405,0,0,"0.0","a",0,-1,,"false"
"2026-10-08T07:20:28Z",439,"Šeško","MUN","-52.7","-54.4","-57.1","-59.7",-3,-46,"1.6",70,6863,27726,8,76,"0.5","d",0,0,,"false"
"2026-10-08T07:20:28Z",440,"Zirkzee","MUN","-8.6","-8.6","-8.6","-8.6",-1,0,"0.4",53,2335,3513,2,20,"1.0","a",-1,-2,,"false"
"2026-10-08T07:20:28Z",441,"Obi","MUN","0.0","0.0","0.0","0.0",0,-13,"0.9",45,0,12540,0,0,"0.0","u",0,0,,"false"
"2026-10-08T07:20:28Z",405,"N.Gonzalez","NEW","0.9","1.0","1.1","1.2",1,5,"0.2",55,799,1985,5,164,"0.5","a",0,0,,"false"
"2026-10-08T07:20:28Z",442,"Pope","NEW","-49.1","-49.6","-50.3","-51.0",-3,-4,"0.9",49,1018,3560,0,0,"0.0","a",0,-1,,"false"
"2026-10-08T07:20:28Z",443,"Gillespie","NEW","-42.2","-42.2","-42.2","-42.2",-3,0,"0.0",45,51,99,0,0,"0.0","a",0,0,,"false"
"2026-10-08T07:20:28Z",444,"Jaouen","NEW","-5.5","-5.5","-5.5","-5.5",-1,0,"0.0",44,23,144,0,0,"0.0","i",-1,-1,,"false"
"2026-10-08T07:20:28Z",445,"Thiaw","NEW","19.4","19.5","19.6","19.8",1,10,"2.2",50,11671,12587,14,450,"3.0","a",0,0,,"false"
"2026-10-08T07:20:28Z",446,"Schär","NEW","-11.3","-11.3","-11.3","-11.3",-1,0,"0.2",49,712,1043,2,25,"0.5","a",0,-1,,"false"
"2026-10-08T07:20:28Z",447,"Botman","NEW","10.7","10.8","10.9","11.0",1,6,"0.7",50,6120,3765,15,450,"3.0","a",0,0,,"false"
"2026-10-08T07:20:28Z",448,"Burn","NEW","-5.6","-5.9","-6.4","-6.8",-1,-9,"0.7",48,137,6754,0,0,"0.0","i",-1,-2,,"false"
"2026-10-08T07:20:28Z",449,"Hall","NEW","12.8","14.5","17.0","19.5",1,421,"17.9",53,304267,28756,31,449,"6.5","a",1,3,,"false"
"2026-10-08T07:20:28Z",450,"Livramento","NEW","1.5","1.5","1.5","1.5",1,0,"0.1",49,487,1784,4,33,"1.5","d",0,-1,,"false"
"2026-10-08T07:20:28Z",451,"A.Murphy","NEW","0.0","0.0","0.0","0.0",0,0,"0.1",40,0,344,0,0,"0.0","u",0,0,,"false"
"2026-10-08T07:20:28Z",453,"Barnes","NEW","21.5","23.1","25.4","27.7",2,390,"6.0",61,201534,34224,28,450,"5.5","a",1,1,,"false"
"2026-10-08T07:20:28Z",454,"Elanga","NEW","-51.2","-53.0","-55.7","-58.4",-3,-329,"4.3",61,368,187386,18,232,"0.0","i",-1,1,,"false"
"2026-10-08T07:20:28Z",456,"J.Ramsey","NEW","-1.5","-2.3","-3.5","-4.7",-1,-8,"0.2",48,85,5387,7,69,"0.0","i",-1,-2,,"false"
"2026-10-08T07:20:28Z",457,"J.Murphy","NEW","-21.5","-19.5","-16.4","-13.4",-1,3,"0.1",59,1135,964,3,181,"0.5","a",0,-1,,"false"
"2026-10-08T07:20:28Z",458,"Joelinton","NEW","-69.7","-69.7","-69.7","-69.7",-3,0,"0.0",54,22,97,0,0,"0.0","i",0,-1,,"false"
"2026-10-08T07:20:28Z",459,"L.Miley","NEW","0.6","0.5","0.5","0.5",1,-2,"0.1",55,499,710,12,396,"2.0","d",0,0,,"false"
"2026-10-08T07:20:28Z",460,"Willock","NEW","17.1","17.2","17.4","17.6",1,11,"0.6",50,11762,3576,22,284,"5.5","a",0,0,,"false"
"2026-10-08T07:20:28Z",461,"Touré","NEW","-15.2","-15.7","-16.3","-17.0",-1,-1,"0.1",58,405,1016,8,50,"3.5","a",0,-2,,"false"
"2026-10-08T07:20:28Z",462,"Steur","NEW","-58.2","-56.4","-53.6","-50.8",-3,1,"0.1",49,305,465,8,223,"2.5","a",0,-1,,"false"
"2026-10-08T07:20:28Z",463,"Woltemade","NEW","0.0","0.0","0.0","0.0",0,-4,"0.5",59,0,4171,4,19,"0.0","u",0,-1,,"false"
"2026-10-08T07:20:28Z",464,"Wissa","NEW","71.0","72.7","75.2","77.7",3,158,"18.7",62,115003,163313,15,441,"1.0","a",0,2,,"false"
"2026-10-08T07:20:28Z",465,"Osula","NEW","-10.6","-10.9","-11.4","-11.9",-1,-4,"0.3",58,144,2817,4,55,"0.0","i",-1,-2,,"false"
"2026-10-08T07:20:28Z",466,"Neave","NEW","0.0","0.0","0.0","0.0",0,-7,"0.5",45,0,4427,0,0,"0.0","u",0,0,,"false"
"2026-10-08T07:20:28Z",559,"Bamba","NEW","-79.5","-80.9","-83.0","-85.1",-3,-1,"0.1",49,141,572,3,27,"1.0","a",0,-1,,"false"
"2026-10-08T07:20:28Z",567,"Horníček","NEW","25.7","25.6","25.5","25.3",2,-10,"1.5",50,8736,6458,14,450,"2.0","a",0,0,,"false"
"2026-10-08T07:20:28Z",593,"Dedić","NEW","-19.3","-21.7","-25.3","-28.9",-2,-104,"1.7",45,299,45030,13,327,"0.0","i",0,0,,"false"
"2026-10-08T07:20:28Z",609,"Shahar","NEW","0.0","0.0","0.0","0.0",0,-2,"0.2",40,0,2017,0,0,"0.0","u",0,0,,"false"
"2026-10-08T07:20:28Z",634,"Fernandez-Pardo","NEW","1.0","1.0","1.1","1.2",1,6,"0.1",60,2626,1698,4,157,"1.5","a",0,0,,"false"
"2026-10-08T07:20:28Z",659,"Miley","NEW","0.1","0.1","0.1","0.1",1,1,"0.0",45,1578,713,0,0,"0.0","a",0,0,,"false"
"2026-10-08T07:20:28Z",663,"Pivas","NEW","0.0","0.0","0.0","0.0",0,0,"0.0",40,454,75,0,0,"0.0","a",0,0,,"false"
"2026-10-08T07:20:28Z",664,"Salia","NEW","0.5","0.6","0.7","0.9",1,9,"0.1",45,11380,1969,0,0,"0.0","a",0,0,,"false"
"2026-10-08T07:20:28Z",665,"Mills","NEW","0.0","0.0","0.0","0.0",0,0,"0.0",45,178,36,0,0,"0.0","a",0,0,,"false"
"2026-10-08T07:20:28Z",666,"Thompson","NEW","0.0","0.0","0.0","0.1",0,1,"0.0",45,261,39,0,0,"0.0","a",0,0,,"false"
"2026-10-08T07:20:28Z",167,"Delap","NFO","-29.0","-30.0","-31.5","-33.0",-2,-24,"2.7",56,27911,34170,9,277,"3.0","a",1,1,,"false"
"2026-10-08T07:20:28Z",201,"Muñoz","NFO","-53.2","-53.7","-54.4","-55.1",-3,-24,"5.7",54,9425,35594,5,257,"2.0","a",0,-1,,"false"
"2026-10-08T07:20:28Z",467,"Sels","NFO","4.4","4.3","4.2","4.1",1,-8,"1.6",50,2496,7597,14,450,"2.5","a",0,0,,"false"
"2026-10-08T07:20:28Z",468,"John","NFO","-80.2","-80.2","-80.2","-80.2",-3,0,"0.1",45,70,175,0,0,"0.0","a",0,0,,"false"
"2026-10-08T07:20:28Z",469,"N.Williams","NFO","25.0","24.8","24.5","24.1",2,-22,"8.6",50,14041,57178,19,450,"2.0","a",0,0,,"false"
"2026-10-08T07:20:28Z",470,"Morato","NFO","0.0","0.0","0.0","0.0",0,0,"0.0",50,0,135,0,0,"0.0","u",0,0,,"false"
"2026-10-08T07:20:28Z",471,"Milenković","NFO","-17.0","-17.6","-18.4","-19.3",-1,-24,"1.0",54,83,14150,12,270,"0.0","i",-1,-1,,"false"
"2026-10-08T07:20:28Z",472,"Murillo","NFO","26.3","26.4","26.6","26.8",2,11,"2.1",55,10610,9957,23,449,"5.0","a",0,0,,"false"
"2026-10-08T07:20:28Z",473,"Aina","NFO","-5.1","-5.6","-6.3","-6.9",-1,-16,"2.3",44,1296,24072,8,306,"1.0","a",-1,-1,,"false"
"2026-10-08T07:20:28Z",474,"Jair Cunha","NFO","-51.6","-51.6","-51.6","-51.6",-3,0,"0.2",45,325,751,11,360,"0.5","a",0,0,,"false"
"2026-10-08T07:20:28Z",475,"Savona","NFO","-20.6","-20.6","-20.6","-20.6",-2,0,"0.0",45,23,23,0,0,"0.0","i",0,0,,"false"
"2026-10-08T07:20:28Z",476,"O.Richards","NFO","-73.9","-73.9","-73.9","-73.9",-3,0,"0.2",40,343,854,0,0,"0.0","a",0,0,,"false"
"2026-10-08T07:20:28Z",477,"Abbott","NFO","0.0","0.0","0.0","0.0",0,0,"0.1",40,0,974,0,0,"0.0","u",0,0,,"false"
"2026-10-08T07:20:28Z",478,"Netz","NFO","-9.2","-9.2","-9.2","-9.2",-1,0,"0.0",44,64,132,3,27,"0.5","a",0,-1,,"false"
"2026-10-08T07:20:28Z",479,"Bindon","NFO","0.0","0.0","0.0","0.0",0,0,"0.1",40,0,630,0,0,"0.0","u",0,0,,"false"
"2026-10-08T07:20:28Z",480,"Gibbs-White","NFO","55.2","55.2","55.1","55.0",3,-4,"15.7",80,85763,105706,28,450,"5.0","a",0,0,,"false"
"2026-10-08T07:20:28Z",482,"Hudson-Odoi","NFO","-44.5","-47.5","-52.1","-56.8",-3,-4,"0.1",58,338,1313,1,1,"0.0","a",0,-2,,"false"
"2026-10-08T07:20:28Z",483,"Ndoye","NFO","14.0","13.7","13.4","13.0",1,-22,"0.7",55,983,9521,15,316,"1.0","a",0,0,,"false"
"2026-10-08T07:20:28Z",484,"Hutchinson","NFO","0.0","0.0","0.0","0.0",0,-3,"0.1",54,0,435,0,0,"0.0","u",0,-1,,"false"
"2026-10-08T07:20:28Z",485,"Bakwa","NFO","0.0","0.0","0.0","0.0",0,0,"0.0",55,0,41,0,0,"0.0","u",0,0,,"false"
"2026-10-08T07:20:28Z",486,"McAtee","NFO","2.4","2.4","2.3","2.3",1,-2,"0.1",55,423,1067,12,416,"2.5","a",0,0,,"false"
"2026-10-08T07:20:28Z",487,"Dominguez","NFO","-76.3","-76.3","-76.3","-76.3",-3,0,"0.1",49,70,333,1,1,"0.0","a",0,-1,,"false"
"2026-10-08T07:20:28Z",488,"I.Sangaré","NFO","-1.7","-2.6","-3.8","-5.1",-1,-5,"0.4",48,393,3743,4,105,"1.0","a",-1,-2,,"false"
"2026-10-08T07:20:28Z",489,"Yates","NFO","-99.8","-100.7","-102.0","-103.3",-5,-9,"1.1",45,711,8502,0,0,"0.0","a",0,0,,"false"
"2026-10-08T07:20:28Z",490,"Wood","NFO","-45.1","-45.3","-45.7","-46.1",-3,-2,"0.9",58,2484,7353,4,62,"1.0","a",0,-2,,"false"
"2026-10-08T07:20:28Z",491,"Igor Jesus","NFO","-2.3","-3.1","-4.3","-5.6",-1,-19,"2.6",58,9469,27517,12,257,"4.0","a",0,-2,,"false"
"2026-10-08T07:20:28Z",493,"Kalimuendo","NFO","0.0","0.0","0.0","0.0",0,0,"0.1",54,267,471,1,1,"0.0","a",0,-1,,"false"
"2026-10-08T07:20:28Z",558,"Schlager","NFO","0.4","0.4","0.4","0.4",1,-1,"0.1",50,259,934,13,376,"2.5","a",0,0,,"false"
"2026-10-08T07:20:28Z",581,"Diomande","NFO","-53.8","-53.1","-52.1","-51.0",-3,3,"0.5",54,1795,2586,7,163,"3.0","a",0,-1,,"false"
"2026-10-08T07:20:28Z",590,"Benda","NFO","0.0","0.0","0.0","0.0",0,0,"0.1",45,144,262,0,0,"0.0","a",0,0,,"false"
"2026-10-08T07:20:28Z",112,"Van Hecke","TOT","-22.2","-23.8","-26.1","-28.4",-2,-162,"6.4",49,20949,48165,24,450,"7.0","d",0,-1,,"false"
"2026-10-08T07:20:28Z",147,"Tosin","TOT","-44.4","-44.4","-44.4","-44.4",-3,0,"0.1",44,124,639,1,5,"0.5","a",0,-1,,"false"
"2026-10-08T07:20:28Z",401,"Marmoush","TOT","40.9","40.8","40.7","40.6",3,-6,"2.1",70,15595,25424,8,339,"2.0","a",0,0,,"false"
"2026-10-08T07:20:28Z",403,"Sávio","TOT","11.1","11.1","11.0","10.9",1,-5,"0.6",65,3754,8472,8,240,"2.5","a",0,0,,"false"
"2026-10-08T07:20:28Z",455,"Tonali","TOT","-23.7","-24.5","-25.6","-26.8",-2,-22,"1.8",53,2805,17596,14,427,"2.5","a",-1,-2,,"false"
"2026-10-08T07:20:28Z",494,"Vicario","TOT","0.0","0.0","0.0","0.0",0,0,"0.1",45,0,812,0,0,"0.0","u",0,0,,"false"
"2026-10-08T07:20:28Z",495,"Austin","TOT","2.3","2.3","2.3","2.3",1,-1,"1.0",40,2343,2552,0,0,"0.0","a",0,0,,"false"
"2026-10-08T07:20:28Z",496,"Kinsky","TOT","-57.1","-57.6","-58.2","-58.8",-3,-66,"17.0",45,23788,135853,18,450,"4.5","a",0,0,,"false"
"2026-10-08T07:20:28Z",497,"Dubravka","TOT","-26.9","-27.1","-27.3","-27.5",-2,-24,"17.0",40,35750,59350,0,0,"0.0","a",0,0,,"false"
"2026-10-08T07:20:28Z",498,"Senesi","TOT","-63.4","-63.9","-64.7","-65.4",-3,-16,"3.5",58,1433,24616,3,90,"0.0","a",0,-2,,"false"
"2026-10-08T07:20:28Z",499,"Pedro Porro","TOT","-38.5","-39.9","-42.0","-44.2",-2,-175,"7.4",54,1828,89341,9,198,"0.5","d",0,-1,,"false"
"2026-10-08T07:20:28Z",500,"Romero","TOT","0.0","0.0","0.0","0.0",0,0,"0.1",50,0,325,0,0,"0.0","u",0,0,,"false"
"2026-10-08T07:20:28Z",502,"Robertson","TOT","0.0","-0.3","-0.8","-1.4",-1,-8,"2.5",44,7616,16410,17,366,"5.5","a",0,-1,,"false"
"2026-10-08T07:20:28Z",503,"Van de Ven","TOT","-26.0","-26.9","-28.1","-29.4",-2,-29,"3.8",50,7778,23515,16,360,"3.5","a",0,0,,"false"
"2026-10-08T07:20:28Z",505,"Spence","TOT","0.0","0.0","0.0","0.0",0,0,"0.2",45,0,1357,0,0,"0.0","u",0,0,,"false"
"2026-10-08T07:20:28Z",506,"Udogie","TOT","-25.0","-25.4","-26.0","-26.5",-2,-1,"0.3",44,397,1863,7,86,"0.0","a",0,-1,,"false"
"2026-10-08T07:20:28Z",507,"Phillips","TOT","0.0","0.0","0.0","0.0",0,0,"0.0",45,0,60,0,0,"0.0","u",0,0,,"false"
"2026-10-08T07:20:28Z",508,"Davies","TOT","1.8","1.9","1.9","2.0",1,3,"0.9",39,8851,4826,0,0,"0.0","a",-1,-1,,"false"
"2026-10-08T07:20:28Z",509,"Byfield","TOT","-5.6","-5.6","-5.6","-5.6",-1,0,"0.1",40,139,278,0,0,"0.0","a",0,0,,"false"
"2026-10-08T07:20:28Z",510,"Rowswell","TOT","-18.2","-18.2","-18.2","-18.2",-1,0,"0.1",40,187,386,0,0,"0.0","a",0,0,,"false"
"2026-10-08T07:20:28Z",511,"Souza","TOT","0.0","0.0","0.0","0.0",0,-4,"0.2",40,0,1042,0,0,"0.0","u",0,0,,"false"
"2026-10-08T07:20:28Z",512,"Kudus","TOT","2.4","2.4","2.4","2.4",1,0,"0.2",65,2892,1448,7,123,"2.5","a",0,0,,"false"
"2026-10-08T07:20:28Z",513,"Xavi","TOT","-17.3","-10.9","-1.2","0.0",-1,2,"0.0",59,64,90,0,0,"0.0","i",0,-1,,"false"
"2026-10-08T07:20:28Z",514,"Tel","TOT","-34.6","-35.0","-35.6","-36.3",-2,-1,"0.2",57,241,2292,8,257,"0.5","a",-1,-3,,"false"
"2026-10-08T07:20:28Z",515,"Maddison","TOT","-77.9","-78.9","-80.4","-81.9",-3,-4,"0.4",63,934,2291,3,59,"1.0","a",0,-2,,"false"
"2026-10-08T07:20:28Z",516,"Bentancur","TOT","-85.9","-87.5","-89.9","-92.3",-3,-3,"0.2",55,494,963,15,370,"3.5","a",0,0,,"false"
"2026-10-08T07:20:28Z",517,"Odobert","TOT","0.0","0.0","0.1","0.1",0,2,"0.0",55,38,17,0,0,"0.0","i",0,0,,"false"
"2026-10-08T07:20:28Z",518,"P.M.Sarr","TOT","0.0","0.0","0.0","0.0",0,-1,"0.1",49,0,776,0,0,"0.0","u",0,-1,,"false"
"2026-10-08T07:20:28Z",519,"Gallagher","TOT","0.1","0.1","0.1","0.1",1,0,"0.2",53,926,806,9,134,"3.0","a",0,-2,,"false"
"2026-10-08T07:20:28Z",520,"Bergvall","TOT","-5.0","-5.0","-5.0","-5.0",-1,0,"0.1",53,121,712,3,78,"1.0","a",-1,-2,,"false"
"2026-10-08T07:20:28Z",521,"Kulusevski","TOT","-81.0","-71.9","-58.1","-44.4",-3,2,"0.0",65,121,87,0,0,"0.0","i",0,0,,"false"
"2026-10-08T07:20:28Z",522,"Gray","TOT","-30.2","-31.5","-33.4","-35.4",-2,-2,"0.2",49,538,1410,9,307,"2.5","a",0,-1,,"false"
"2026-10-08T07:20:28Z",523,"Moore","TOT","0.0","0.0","0.0","0.0",0,0,"0.1",50,0,634,3,89,"0.0","u",0,0,,"false"
"2026-10-08T07:20:28Z",524,"Olusesi","TOT","8.3","8.2","8.1","8.0",1,-6,"1.0",44,6348,8409,0,0,"0.0","a",0,-1,,"false"
"2026-10-08T07:20:28Z",525,"Fernandes","TOT","-15.0","-16.4","-18.5","-20.6",-1,-16,"0.8",57,564,7769,7,249,"2.0","a",-1,-3,,"false"
"2026-10-08T07:20:28Z",526,"Solanke","TOT","-36.3","-36.9","-37.9","-38.9",-2,-5,"0.8",58,2493,6731,7,170,"2.0","a",0,-2,,"false"
"2026-10-08T07:20:28Z",527,"Richarlison","TOT","0.0","0.0","0.0","0.0",0,-14,"0.6",59,0,6709,2,67,"0.0","u",0,-1,,"false"
"2026-10-08T07:20:28Z",528,"Scarlett","TOT","0.0","0.0","0.0","0.0",0,-4,"1.1",45,0,9162,0,0,"0.0","u",0,0,,"false"
"2026-10-08T07:20:28Z",578,"Mudryk","TOT","-15.0","-15.7","-16.8","-17.9",-1,-1,"0.0",53,26,621,1,16,"0.0","i",-1,-2,,"false"
"2026-10-08T07:20:28Z",601,"Williams-Barnett","TOT","-58.6","-58.6","-58.6","-58.6",-3,0,"0.1",45,189,826,0,0,"0.0","a",0,0,,"false"
"2026-10-08T07:20:28Z",501,"Danso","SUN","-84.6","-84.6","-84.6","-84.6",-3,0,"0.2",50,1380,946,3,270,"0.5","a",0,0,,"false"
"2026-10-08T07:20:28Z",529,"Roefs","SUN","-19.3","-19.6","-20.1","-20.6",-1,-8,"2.4",49,2424,14230,11,450,"1.0","a",0,-1,,"false"
"2026-10-08T07:20:28Z",530,"Patterson","SUN","0.0","0.0","0.0","0.0",0,0,"0.1",40,0,414,0,0,"0.0","u",0,0,,"false"
"2026-10-08T07:20:28Z",531,"Ellborg","SUN","-0.3","-0.3","-0.3","-0.3",-1,0,"0.1",44,162,304,0,0,"0.0","a",-1,-1,,"false"
"2026-10-08T07:20:28Z",532,"Ballard","SUN","-64.0","-65.6","-68.1","-70.5",-3,-66,"2.4",49,3717,23794,14,450,"1.0","d",0,-1,,"false"
"2026-10-08T07:20:28Z",533,"Mukiele","SUN","-18.6","-19.0","-19.7","-20.3",-1,-7,"1.9",54,6131,10466,13,360,"0.0","a",0,-1,,"false"
"2026-10-08T07:20:28Z",534,"Hume","SUN","-10.3","-10.8","-11.5","-12.2",-1,-19,"2.7",43,1441,35775,10,206,"0.5","a",-1,-2,,"false"
"2026-10-08T07:20:28Z",535,"Alderete","SUN","-8.4","-8.4","-8.4","-8.4",-1,0,"0.2",48,278,1273,1,23,"0.0","a",-1,-2,,"false"
"2026-10-08T07:20:28Z",536,"Reinildo","SUN","-0.1","-0.8","-1.7","-2.7",-1,-3,"0.3",44,285,1763,7,360,"-1.0","a",-1,-1,,"false"
"2026-10-08T07:20:28Z",537,"Seelt","SUN","0.0","0.0","0.0","0.0",0,0,"0.0",45,0,27,0,0,"0.0","u",0,0,,"false"
"2026-10-08T07:20:28Z",538,"Hjelde","SUN","0.0","0.0","0.0","0.0",0,0,"0.0",40,0,183,0,0,"0.0","u",0,0,,"false"
"2026-10-08T07:20:28Z",539,"O'Nien","SUN","4.7","4.8","5.0","5.2",1,13,"2.5",39,20736,14367,1,66,"0.0","a",-1,-1,,"false"
"2026-10-08T07:20:28Z",540,"Masuaku","SUN","0.0","0.0","0.0","0.0",0,0,"0.1",40,0,726,0,0,"0.0","u",0,0,,"false"
"2026-10-08T07:20:28Z",541,"Meunier","SUN","-32.0","-32.0","-32.0","-32.0",-2,0,"0.3",45,2065,1144,14,396,"2.5","a",0,0,,"false"
"2026-10-08T07:20:28Z",542,"E.Le Fée","SUN","-5.3","-5.4","-5.6","-5.8",-1,-6,"3.3",57,14047,29777,18,438,"2.5","a",-1,-3,,"false"
"2026-10-08T07:20:28Z",543,"Diarra","SUN","-2.0","-2.0","-2.0","-2.0",-1,0,"0.0",53,21,270,5,28,"0.0","i",-1,-2,,"false"
"2026-10-08T07:20:28Z",544,"Xhaka","SUN","-81.9","-82.7","-83.8","-84.8",-3,-24,"3.6",55,7457,27032,21,450,"1.5","a",0,0,,"false"
"2026-10-08T07:20:28Z",545,"Sadiki","SUN","-84.0","-85.4","-87.4","-89.4",-3,-3,"0.2",49,470,1629,10,410,"2.0","a",0,-1,,"false"
"2026-10-08T07:20:28Z",546,"Adingra","SUN","0.0","0.0","0.0","0.0",0,0,"0.0",49,0,216,0,0,"0.0","u",0,-1,,"false"
"2026-10-08T07:20:28Z",547,"Mundle","SUN","-88.6","-88.6","-88.6","-88.6",-3,0,"0.0",49,11,60,1,1,"0.0","i",0,-1,,"false"
"2026-10-08T07:20:28Z",548,"Rigg","SUN","-85.9","-85.9","-85.9","-85.9",-3,0,"0.0",49,43,272,2,17,"0.0","a",0,-1,,"false"
"2026-10-08T07:20:28Z",549,"Talbi","SUN","-34.2","-34.2","-34.2","-34.2",-2,0,"0.1",53,130,652,1,31,"0.0","a",0,-2,,"false"
"2026-10-08T07:20:28Z",550,"Jocelin.T","SUN","-97.4","-97.4","-97.4","-97.4",-4,0,"0.0",50,50,51,0,0,"0.0","a",0,0,,"false"
"2026-10-08T07:20:28Z",551,"N.Angulo","SUN","1.5","1.5","1.5","1.5",1,0,"0.1",50,621,900,16,313,"3.0","a",0,0,,"false"
"2026-10-08T07:20:28Z",552,"Brobbey","SUN","85.1","84.4","83.4","82.5",3,-61,"6.8",57,201741,63451,24,399,"9.0","d",-1,-3,,"false"
"2026-10-08T07:20:28Z",553,"Isidor","SUN","3.2","3.2","3.2","3.2",1,0,"1.3",55,4630,13147,15,117,"1.0","a",0,0,,"false"
"2026-10-08T07:20:28Z",612,"Methalie","SUN","0.0","0.0","0.0","0.0",0,0,"0.0",45,136,79,-1,90,"-0.5","a",0,0,,"false"
"2026-10-08T07:20:28Z",613,"Ahoka","SUN","-52.0","-52.0","-52.0","-52.0",-3,0,"0.2",45,660,1778,0,0,"0.0","a",0,0,,"false"
"2026-10-08T07:20:28Z",646,"Fofana","SUN","-11.9","0.0","0.1","0.1",0,3,"0.0",55,374,336,3,60,"1.0","a",0,0,,"false"
"2026-10-08T07:20:28Z",651,"J.Angulo","SUN","5.5","5.6","5.7","5.9",1,10,"0.7",45,10492,8202,0,0,"0.0","a",0,0,,"false"
