snapshot_utc,element_id,web_name,team,progress_pct,proj_0,proj_1,proj_2,likelihood,hourly_rate,selected_by_percent,now_cost,transfers_in_event,transfers_out_event,total_points,minutes,form,status,cost_change_event,cost_change_start,locked_until,calibrating
"2026-10-09T01:18:23Z",1,"Raya","ARS","3.0","3.5","4.1","4.6",1,93,"42.6",61,180955,67687,30,450,"7.5","a",1,1,,"false"
"2026-10-09T01:18:23Z",2,"Arrizabalaga","ARS","-55.7","-55.7","-55.7","-55.7",-3,0,"0.1",49,139,312,0,0,"0.0","a",0,-1,,"false"
"2026-10-09T01:18:23Z",3,"Meslier","ARS","-42.7","-42.7","-42.7","-42.7",-3,0,"0.0",49,60,138,0,0,"0.0","a",0,-1,,"false"
"2026-10-09T01:18:23Z",4,"Gabriel","ARS","-96.6","-96.6","-96.7","-96.7",-4,-5,"22.7",80,38293,88404,25,450,"5.0","a",0,0,,"false"
"2026-10-09T01:18:23Z",5,"J.Timber","ARS","14.1","14.5","15.0","15.4",1,27,"0.5",65,20016,6029,1,104,"0.5","a",0,0,,"false"
"2026-10-09T01:18:23Z",6,"Saliba","ARS","-28.7","-28.7","-28.7","-28.7",-2,0,"0.2",59,491,1303,0,0,"0.0","i",0,-1,,"false"
"2026-10-09T01:18:23Z",7,"Lewis-Skelly","ARS","-19.0","-19.6","-20.2","-20.8",-1,-4,"0.6",54,1425,5864,9,271,"0.5","a",-1,-1,,"false"
"2026-10-09T01:18:23Z",8,"Calafiori","ARS","2.0","2.8","3.7","4.6",1,151,"50.7",59,122990,79192,29,416,"3.5","a",1,4,,"false"
"2026-10-09T01:18:23Z",9,"Hincapie","ARS","-7.2","-6.7","-6.3","-5.8",-1,4,"0.9",52,1950,6634,2,32,"0.0","a",-1,-3,,"false"
"2026-10-09T01:18:23Z",10,"White","ARS","-64.7","-67.1","-69.7","-72.4",-3,-136,"4.7",55,3503,87256,21,315,"0.5","d",0,0,,"false"
"2026-10-09T01:18:23Z",11,"Mosquera","ARS","-31.2","-32.8","-34.4","-36.1",-2,-16,"1.6",53,2252,12501,12,168,"0.0","a",0,-2,,"false"
"2026-10-09T01:18:23Z",12,"Saka","ARS","5.8","7.8","10.0","12.2",1,367,"14.8",96,229776,61093,32,416,"5.0","a",1,1,,"false"
"2026-10-09T01:18:23Z",13,"Rice","ARS","-46.5","-48.4","-50.3","-52.3",-3,-245,"11.3",74,8296,117316,20,411,"3.5","d",0,-1,,"false"
"2026-10-09T01:18:23Z",14,"Eze","ARS","0.4","0.5","0.7","0.9",1,11,"1.0",62,4359,8088,4,85,"1.0","a",-1,-3,,"false"
"2026-10-09T01:18:23Z",15,"Ødegaard","ARS","7.9","10.1","12.5","14.8",1,147,"19.9",68,119969,118016,29,377,"2.5","a",0,3,,"false"
"2026-10-09T01:18:23Z",16,"Madueke","ARS","-28.6","-29.8","-31.2","-32.5",-2,-2,"0.2",62,919,1788,2,23,"0.0","a",0,-3,,"false"
"2026-10-09T01:18:23Z",17,"Merino","ARS","0.2","0.4","0.5","0.6",1,8,"0.4",57,1683,3339,4,81,"1.0","a",-1,-3,,"false"
"2026-10-09T01:18:23Z",18,"Martinelli","ARS","0.0","0.0","0.0","0.0",0,0,"0.1",63,0,671,0,0,"0.0","u",0,-2,,"false"
"2026-10-09T01:18:23Z",19,"Zubimendi","ARS","-58.1","-59.6","-61.2","-62.8",-3,-5,"0.6",53,617,4457,5,89,"1.0","a",0,-2,,"false"
"2026-10-09T01:18:23Z",20,"Dowman","ARS","-21.9","-21.9","-21.9","-21.9",-2,0,"0.1",53,496,758,1,9,"0.5","d",0,-2,,"false"
"2026-10-09T01:18:23Z",22,"Nwaneri","ARS","0.0","0.0","0.0","0.0",0,0,"0.0",54,0,58,0,0,"0.0","u",0,-1,,"false"
"2026-10-09T01:18:23Z",23,"Fábio Vieira","ARS","0.0","0.0","0.0","0.0",0,0,"0.0",55,0,45,0,0,"0.0","u",0,0,,"false"
"2026-10-09T01:18:23Z",24,"Nelson","ARS","0.0","0.0","0.0","0.0",0,0,"0.0",55,0,27,0,0,"0.0","u",0,0,,"false"
"2026-10-09T01:18:23Z",25,"Gyökeres","ARS","9.6","11.9","14.4","16.9",1,156,"3.4",71,40460,21920,2,29,"0.5","a",-1,-4,,"false"
"2026-10-09T01:18:23Z",26,"Havertz","ARS","-13.7","-17.6","-21.8","-26.0",-1,-360,"7.8",76,52144,112183,19,437,"1.5","d",0,1,,"false"
"2026-10-09T01:18:23Z",27,"G.Jesus","ARS","0.0","0.0","0.0","0.0",0,0,"0.1",59,0,1162,0,0,"0.0","u",0,-1,,"false"
"2026-10-09T01:18:23Z",31,"Konsa","ARS","-3.1","-4.2","-5.4","-6.5",-1,-239,"18.7",46,107059,121859,12,281,"3.5","d",1,1,,"false"
"2026-10-09T01:18:23Z",452,"Bruno G.","ARS","1.3","1.4","1.5","1.7",1,8,"1.8",67,8907,9675,9,123,"4.0","a",0,-3,,"false"
"2026-10-09T01:18:23Z",557,"Tzolis","ARS","-19.0","-21.8","-24.8","-27.9",-2,-643,"11.2",63,12845,233177,16,362,"2.5","d",-1,-2,,"false"
"2026-10-09T01:18:23Z",29,"M.Bizot","AVL","-44.9","-44.9","-44.9","-44.9",-3,0,"0.1",45,83,1240,1,90,"0.0","i",0,0,,"false"
"2026-10-09T01:18:23Z",30,"Digne","AVL","0.0","0.0","0.0","0.0",0,0,"0.0",45,0,276,0,0,"0.0","u",0,0,,"false"
"2026-10-09T01:18:23Z",32,"Cash","AVL","-28.6","-29.2","-29.8","-30.4",-2,-17,"4.7",44,3780,33426,6,296,"-0.5","a",0,-1,,"false"
"2026-10-09T01:18:23Z",33,"Mings","AVL","1.1","1.2","1.3","1.4",1,6,"0.4",45,2730,1934,10,261,"1.5","a",0,0,,"false"
"2026-10-09T01:18:23Z",34,"Pau","AVL","-3.4","-4.0","-4.6","-5.3",-1,-5,"0.3",44,61,3954,3,187,"0.5","i",-1,-1,,"false"
"2026-10-09T01:18:23Z",35,"Bogarde","AVL","-5.2","-5.2","-5.2","-5.2",-1,0,"0.1",49,200,509,1,16,"0.0","a",-1,-1,,"false"
"2026-10-09T01:18:23Z",36,"Maatsen","AVL","-8.0","-9.1","-10.3","-11.6",-1,-17,"0.5",44,64,8443,9,335,"0.5","i",-1,-1,,"false"
"2026-10-09T01:18:23Z",37,"Lindelöf","AVL","1.2","1.2","1.3","1.3",1,2,"0.3",45,1695,1782,8,450,"1.0","a",0,0,,"false"
"2026-10-09T01:18:23Z",38,"A.García","AVL","-40.1","-40.3","-40.6","-40.8",-3,-2,"1.5",40,2192,7604,0,0,"0.0","a",0,0,,"false"
"2026-10-09T01:18:23Z",39,"Nedeljkovic","AVL","0.0","0.0","0.0","0.0",0,0,"0.1",40,0,701,0,0,"0.0","u",0,0,,"false"
"2026-10-09T01:18:23Z",41,"Buendía","AVL","-15.2","-10.8","-6.0","-1.2",-1,30,"1.1",59,18811,6539,21,401,"7.0","a",0,-1,,"false"
"2026-10-09T01:18:23Z",44,"Bailey","AVL","0.0","0.0","0.0","0.0",0,0,"0.1",54,0,587,0,0,"0.0","u",0,-1,,"false"
"2026-10-09T01:18:23Z",45,"McGinn","AVL","-21.6","-21.9","-22.2","-22.5",-2,-4,"2.2",54,10447,12526,17,434,"6.0","a",0,-1,,"false"
"2026-10-09T01:18:23Z",46,"Barkley","AVL","0.4","0.3","0.2","0.1",1,-5,"0.2",50,686,2253,10,308,"1.5","a",0,0,,"false"
"2026-10-09T01:18:23Z",47,"Kamara","AVL","-88.2","-88.2","-88.2","-88.2",-3,0,"0.3",50,1669,2043,15,443,"4.0","a",0,0,,"false"
"2026-10-09T01:18:23Z",48,"Onana","AVL","-12.0","-12.0","-12.0","-12.0",-1,0,"0.0",49,62,118,0,0,"0.0","i",0,-1,,"false"
"2026-10-09T01:18:23Z",49,"Iling Jr","AVL","0.0","0.0","0.0","0.0",0,0,"0.0",50,0,12,0,0,"0.0","u",0,0,,"false"
"2026-10-09T01:18:23Z",50,"Burrowes","AVL","-90.4","-91.1","-91.7","-92.4",-3,-2,"0.6",45,733,4123,0,0,"0.0","a",0,0,,"false"
"2026-10-09T01:18:23Z",51,"George Hemmings","AVL","14.0","13.7","13.4","13.1",1,-19,"1.1",45,3925,12768,9,297,"1.0","a",0,0,,"false"
"2026-10-09T01:18:23Z",52,"Alysson","AVL","-12.9","-12.9","-12.9","-12.9",-1,0,"0.0",50,75,944,8,87,"3.0","d",0,0,,"false"
"2026-10-09T01:18:23Z",53,"Manzambi","AVL","12.9","13.6","14.4","15.2",1,49,"0.5",59,39063,5265,14,98,"7.0","a",0,-1,,"false"
"2026-10-09T01:18:23Z",54,"Gomes","AVL","0.1","0.1","0.1","0.1",1,0,"0.0",55,593,254,2,129,"2.0","a",0,0,,"false"
"2026-10-09T01:18:23Z",55,"Watkins","AVL","0.0","0.0","0.0","0.0",0,-14,"2.4",78,0,15272,0,0,"0.0","u",0,-2,,"false"
"2026-10-09T01:18:23Z",56,"Abraham","AVL","3.8","3.8","3.8","3.8",1,-1,"0.2",55,2270,2168,4,71,"1.0","a",0,0,,"false"
"2026-10-09T01:18:23Z",160,"Garnacho","AVL","-77.0","-78.1","-79.2","-80.4",-3,-2,"0.3",58,697,3235,3,31,"0.0","a",0,-2,,"false"
"2026-10-09T01:18:23Z",166,"N.Jackson","AVL","63.8","65.1","66.4","67.7",3,82,"1.7",65,54766,11659,10,286,"3.0","a",0,0,,"false"
"2026-10-09T01:18:23Z",582,"Madjo","AVL","-30.4","-31.4","-32.4","-33.4",-2,-3,"0.2",54,453,2359,0,0,"0.0","i",0,-1,,"false"
"2026-10-09T01:18:23Z",596,"Ruggeri","AVL","-59.8","-52.1","-43.5","-35.0",-3,5,"0.1",45,932,451,5,113,"1.5","a",0,0,,"false"
"2026-10-09T01:18:23Z",597,"Suzuki","AVL","32.9","33.0","33.1","33.2",2,8,"1.9",50,17395,8987,16,360,"2.0","a",0,0,,"false"
"2026-10-09T01:18:23Z",606,"Rowe","AVL","0.1","0.1","0.1","0.1",1,0,"0.2",40,381,1015,0,0,"0.0","a",0,0,,"false"
"2026-10-09T01:18:23Z",607,"Lynch","AVL","0.0","0.0","0.0","0.0",0,0,"0.1",45,0,789,0,0,"0.0","u",0,0,,"false"
"2026-10-09T01:18:23Z",611,"Wan-Bissaka","AVL","2.3","2.4","2.4","2.5",1,3,"0.2",45,1943,1732,6,152,"2.0","a",0,0,,"false"
"2026-10-09T01:18:23Z",618,"Goretzka","AVL","-48.6","-48.6","-48.6","-48.6",-3,0,"0.0",59,34,463,0,0,"0.0","i",0,-1,,"false"
"2026-10-09T01:18:23Z",630,"Harwood-Bellis","AVL","0.0","0.0","0.0","0.0",0,0,"0.0",45,267,235,0,0,"0.0","a",0,0,,"false"
"2026-10-09T01:18:23Z",631,"Mbaye","AVL","0.4","0.3","0.3","0.3",1,-2,"0.1",60,1199,1412,2,33,"1.0","a",0,0,,"false"
"2026-10-09T01:18:23Z",667,"Wright","AVL","0.4","0.5","0.7","0.9",1,11,"0.2",40,10634,1325,0,0,"0.0","a",0,0,,"false"
"2026-10-09T01:18:23Z",57,"Petrović","BOU","0.1","0.2","0.4","0.5",1,10,"2.9",45,8956,16415,9,450,"1.5","a",0,0,,"false"
"2026-10-09T01:18:23Z",58,"Forster","BOU","4.9","4.9","4.9","4.8",1,-2,"3.5",40,11370,9874,0,0,"0.0","a",0,0,,"false"
"2026-10-09T01:18:23Z",59,"Dennis","BOU","0.0","0.0","0.0","0.0",0,0,"0.1",40,0,759,0,0,"0.0","u",0,0,,"false"
"2026-10-09T01:18:23Z",60,"Hill","BOU","-32.0","-31.2","-30.3","-29.4",-2,4,"0.8",55,4426,4131,12,450,"3.0","a",0,0,,"false"
"2026-10-09T01:18:23Z",61,"Truffert","BOU","-2.2","-2.2","-2.3","-2.3",-1,-1,"3.0",54,6697,16427,10,450,"2.5","a",-1,-1,,"false"
"2026-10-09T01:18:23Z",62,"Diakité","BOU","-7.0","-7.0","-7.0","-7.0",-1,0,"0.2",49,571,1133,0,0,"0.0","a",-1,-1,,"false"
"2026-10-09T01:18:23Z",63,"Milosavljević","BOU","-8.0","-8.0","-8.0","-8.0",-1,0,"0.0",49,43,73,0,0,"0.0","i",0,-1,,"false"
"2026-10-09T01:18:23Z",64,"Smith","BOU","0.4","0.4","0.4","0.4",1,1,"0.1",45,573,653,4,434,"1.0","a",0,0,,"false"
"2026-10-09T01:18:23Z",65,"J.Araujo","BOU","-16.6","-16.6","-16.6","-16.6",-1,0,"0.0",44,50,83,0,0,"0.0","i",0,-1,,"false"
"2026-10-09T01:18:23Z",66,"Soler","BOU","1.5","1.5","1.5","1.5",1,0,"0.3",40,907,1408,0,0,"0.0","a",0,0,,"false"
"2026-10-09T01:18:23Z",67,"Rayan","BOU","-10.8","-10.8","-10.9","-10.9",-1,-1,"1.5",63,6073,12526,10,434,"2.0","a",-1,-2,,"false"
"2026-10-09T01:18:23Z",68,"Tavernier","BOU","37.7","39.0","40.4","41.9",2,89,"6.9",61,117160,63842,31,424,"5.0","a",0,1,,"false"
"2026-10-09T01:18:23Z",69,"Scott","BOU","-18.0","-23.3","-29.1","-34.9",-2,-505,"5.3",61,26585,88745,30,446,"3.0","i",0,1,,"false"
"2026-10-09T01:18:23Z",70,"Kluivert","BOU","-81.3","-84.2","-87.4","-90.5",-3,-42,"0.8",60,2328,24599,15,294,"4.0","i",0,0,,"false"
"2026-10-09T01:18:23Z",71,"Cook","BOU","-18.7","-22.0","-25.5","-29.0",-2,-4,"0.2",50,330,1417,8,180,"0.5","a",0,0,,"false"
"2026-10-09T01:18:23Z",72,"Gannon-Doak","BOU","-75.7","-75.7","-75.7","-75.7",-3,0,"0.1",49,183,489,4,12,"1.0","a",0,-1,,"false"
"2026-10-09T01:18:23Z",73,"Adams","BOU","1.7","1.6","1.6","1.5",1,-4,"0.3",50,1481,2051,12,279,"3.0","a",0,0,,"false"
"2026-10-09T01:18:23Z",74,"Brooks","BOU","-24.8","-24.8","-24.8","-24.8",-2,0,"0.1",50,239,426,3,45,"0.5","a",0,0,,"false"
"2026-10-09T01:18:23Z",75,"Christie","BOU","0.5","0.5","0.5","0.5",1,0,"0.0",50,445,318,5,102,"1.5","a",0,0,,"false"
"2026-10-09T01:18:23Z",76,"Tóth.A","BOU","-17.7","-17.7","-17.7","-17.7",-1,0,"0.0",49,34,73,2,17,"0.5","a",0,-1,,"false"
"2026-10-09T01:18:23Z",77,"Adli","BOU","-93.0","-93.0","-93.0","-93.0",-3,0,"0.0",49,33,94,0,0,"0.0","i",0,-1,,"false"
"2026-10-09T01:18:23Z",78,"Kroupi.Jr","BOU","-84.5","-84.9","-85.3","-85.7",-3,-1,"0.2",74,247,1054,0,0,"0.0","i",0,-1,,"false"
"2026-10-09T01:18:23Z",79,"Evanilson","BOU","57.6","58.2","58.9","59.5",3,41,"3.2",60,27436,27317,18,424,"3.5","a",0,0,,"false"
"2026-10-09T01:18:23Z",80,"Enes Ünal","BOU","0.0","0.0","0.0","0.0",0,0,"0.0",55,0,62,0,0,"0.0","u",0,0,,"false"
"2026-10-09T01:18:23Z",81,"Rodríguez","BOU","-28.2","-28.2","-28.2","-28.2",-2,0,"0.1",60,1054,873,2,10,"0.5","a",0,0,,"false"
"2026-10-09T01:18:23Z",566,"Silva","BOU","2.0","2.2","2.3","2.5",1,9,"0.5",50,16143,7706,13,450,"3.0","a",0,0,,"false"
"2026-10-09T01:18:23Z",573,"Sanchez","BOU","-15.7","-15.7","-15.7","-15.7",-1,0,"0.2",44,179,550,0,0,"0.0","a",0,-1,,"false"
"2026-10-09T01:18:23Z",608,"Jebbison","BOU","0.6","0.6","0.6","0.6",1,0,"0.1",50,1143,1092,3,31,"0.5","a",0,0,,"false"
"2026-10-09T01:18:23Z",615,"Di Gregorio","BOU","-32.9","-32.9","-32.9","-32.9",-2,0,"0.0",45,219,231,0,0,"0.0","a",0,0,,"false"
"2026-10-09T01:18:23Z",82,"Kelleher","BRE","23.0","23.2","23.4","23.6",2,13,"6.1",50,26563,19637,20,450,"4.5","a",0,0,,"false"
"2026-10-09T01:18:23Z",83,"Valdimarsson","BRE","-81.8","-81.8","-81.8","-81.8",-3,0,"0.1",45,378,445,0,0,"0.0","a",0,0,,"false"
"2026-10-09T01:18:23Z",84,"Collins","BRE","-37.6","-38.8","-40.1","-41.5",-2,-20,"0.9",54,139,12022,10,196,"0.0","i",0,-1,,"false"
"2026-10-09T01:18:23Z",85,"Van den Berg","BRE","-92.0","-92.0","-92.0","-92.0",-3,0,"0.1",49,57,446,0,0,"0.0","i",0,-1,,"false"
"2026-10-09T01:18:23Z",86,"Lewis-Potter","BRE","34.3","34.1","33.9","33.6",2,-15,"1.7",55,4870,15230,22,406,"2.0","a",0,0,,"false"
"2026-10-09T01:18:23Z",87,"Ajer","BRE","34.2","34.4","34.5","34.6",2,9,"3.8",45,17288,31268,21,450,"4.0","a",0,0,,"false"
"2026-10-09T01:18:23Z",88,"Kayode","BRE","-39.7","-39.3","-38.8","-38.3",-2,22,"7.6",46,21307,29124,23,294,"3.5","a",0,1,,"false"
"2026-10-09T01:18:23Z",89,"Henry","BRE","-19.7","-19.7","-19.7","-19.7",-1,0,"0.2",44,196,753,1,2,"0.0","a",0,-1,,"false"
"2026-10-09T01:18:23Z",90,"Hickey","BRE","-32.8","-35.4","-38.2","-41.1",-2,-1,"0.1",45,238,327,5,152,"1.0","a",0,0,,"false"
"2026-10-09T01:18:23Z",92,"Ji-soo","BRE","-4.6","-4.6","-4.6","-4.6",-1,0,"0.0",44,73,103,0,0,"0.0","a",-1,-1,,"false"
"2026-10-09T01:18:23Z",93,"Schuster","BRE","7.9","8.3","8.8","9.3",1,30,"0.4",45,24096,3918,21,253,"8.5","a",0,0,,"false"
"2026-10-09T01:18:23Z",94,"Schade","BRE","33.0","37.5","42.5","47.4",2,832,"12.9",62,536697,46141,39,447,"12.0","a",1,2,,"false"
"2026-10-09T01:18:23Z",95,"O.Dango","BRE","-60.3","-62.2","-64.3","-66.4",-3,-6,"0.5",63,1155,4731,7,179,"1.0","a",0,-2,,"false"
"2026-10-09T01:18:23Z",96,"Damsgaard","BRE","-13.6","-15.5","-17.5","-19.6",-1,-9,"0.4",54,1882,3686,16,283,"2.0","d",0,-1,,"false"
"2026-10-09T01:18:23Z",97,"Jensen","BRE","-66.9","-69.0","-71.4","-73.7",-3,-4,"0.1",54,23,818,6,66,"0.0","i",0,-1,,"false"
"2026-10-09T01:18:23Z",98,"Janelt","BRE","84.7","84.6","84.4","84.3",3,-10,"2.5",50,25579,23581,28,450,"3.5","a",0,0,,"false"
"2026-10-09T01:18:23Z",99,"Milambo","BRE","-43.3","-43.3","-43.3","-43.3",-3,0,"0.0",50,10,9,0,0,"0.0","i",0,0,,"false"
"2026-10-09T01:18:23Z",100,"Carvalho","BRE","0.4","0.4","0.4","0.5",1,2,"0.0",50,715,211,6,3,"3.0","a",0,0,,"false"
"2026-10-09T01:18:23Z",102,"Yarmoliuk","BRE","-23.1","-23.7","-24.4","-25.1",-2,-3,"0.6",48,1835,4644,9,216,"3.5","a",0,-2,,"false"
"2026-10-09T01:18:23Z",103,"Dasilva","BRE","-72.4","-72.4","-72.4","-72.4",-3,0,"0.0",49,15,130,0,0,"0.0","i",0,-1,,"false"
"2026-10-09T01:18:23Z",105,"Anthony","BRE","1.2","1.5","1.7","1.9",1,15,"0.2",59,3198,825,15,267,"5.5","a",0,-1,,"false"
"2026-10-09T01:18:23Z",106,"Thiago","BRE","20.6","22.3","24.1","25.9",2,114,"9.3",78,85570,51189,10,442,"3.0","a",0,-2,,"false"
"2026-10-09T01:18:23Z",107,"Furo","BRE","-10.2","-10.9","-11.6","-12.3",-1,-10,"0.9",45,1074,11613,0,0,"0.0","i",0,0,,"false"
"2026-10-09T01:18:23Z",108,"Wilson","BRE","-13.7","-14.7","-15.9","-17.1",-1,-4,"0.3",54,1535,2943,3,13,"0.0","a",-1,-1,,"false"
"2026-10-09T01:18:23Z",565,"M.Sangaré","BRE","-43.4","-44.8","-46.3","-47.8",-3,-147,"9.6",56,10697,173593,22,321,"2.0","a",-1,1,,"false"
"2026-10-09T01:18:23Z",620,"Diouf","BRE","-36.4","-38.4","-40.6","-42.7",-2,-1,"0.1",45,670,836,2,39,"1.0","a",0,0,,"false"
"2026-10-09T01:18:23Z",657,"Nunes","BRE","0.0","0.0","0.0","0.0",0,0,"0.0",45,405,305,0,0,"0.0","a",0,0,,"false"
"2026-10-09T01:18:23Z",660,"Fredrick","BRE","0.0","0.0","0.0","0.0",0,0,"0.0",40,627,81,0,0,"0.0","a",0,0,,"false"
"2026-10-09T01:18:23Z",661,"Balcombe","BRE","0.1","0.1","0.1","0.1",1,0,"0.0",40,3768,744,0,0,"0.0","a",0,0,,"false"
"2026-10-09T01:18:23Z",109,"Verbruggen","BHA","71.3","71.5","71.9","72.2",3,19,"21.6",45,100300,107082,23,450,"7.0","a",0,0,,"false"
"2026-10-09T01:18:23Z",111,"Steele","BHA","-2.4","-2.9","-3.4","-4.0",-1,-13,"4.1",40,9754,19890,0,0,"0.0","a",0,0,,"false"
"2026-10-09T01:18:23Z",113,"F.Kadıoğlu","BHA","-64.7","-64.5","-64.2","-63.9",-3,2,"1.6",44,5937,9953,13,332,"5.5","a",0,-1,,"false"
"2026-10-09T01:18:23Z",114,"Boscagli","BHA","3.4","3.4","3.5","3.6",1,5,"0.3",45,3347,1228,19,437,"6.0","a",0,0,,"false"
"2026-10-09T01:18:23Z",115,"De Cuyper","BHA","13.3","15.9","18.8","21.6",1,479,"28.7",50,403174,35303,38,423,"8.5","a",1,5,,"false"
"2026-10-09T01:18:23Z",116,"Dunk","BHA","20.0","19.4","18.9","18.3",1,-36,"1.5",45,8076,14456,22,360,"6.0","d",0,0,,"false"
"2026-10-09T01:18:23Z",117,"Coppola","BHA","-9.7","-9.7","-9.7","-9.7",-1,0,"0.0",45,142,123,0,0,"0.0","a",0,0,,"false"
"2026-10-09T01:18:23Z",118,"Igor","BHA","0.0","0.0","0.0","0.0",0,0,"0.0",45,0,364,0,0,"0.0","u",0,0,,"false"
"2026-10-09T01:18:23Z",119,"Costinha","BHA","0.0","0.0","0.0","0.0",0,0,"0.0",45,222,163,4,68,"1.0","a",0,0,,"false"
"2026-10-09T01:18:23Z",120,"Svoboda","BHA","0.6","0.6","0.6","0.6",1,0,"0.1",50,1449,534,1,4,"0.5","a",0,0,,"false"
"2026-10-09T01:18:23Z",121,"Mitoma","BHA","-27.3","-27.3","-27.3","-27.3",-2,0,"0.0",59,161,208,0,0,"0.0","i",0,-1,,"false"
"2026-10-09T01:18:23Z",122,"Minteh","BHA","-7.6","-7.6","-7.6","-7.6",-1,0,"0.0",58,53,272,0,0,"0.0","i",-1,-2,,"false"
"2026-10-09T01:18:23Z",123,"Hinshelwood","BHA","-49.0","-50.5","-52.0","-53.6",-3,-14,"0.5",59,376,8267,16,63,"0.0","i",0,-1,,"false"
"2026-10-09T01:18:23Z",124,"Groß","BHA","29.2","37.4","46.3","55.2",2,1500,"31.0",59,995491,19563,47,450,"15.5","a",2,4,,"false"
"2026-10-09T01:18:23Z",125,"Georginio","BHA","-0.6","-0.3","0.0","0.0",-1,2,"0.5",53,3518,5063,6,104,"0.5","a",-1,-2,,"false"
"2026-10-09T01:18:23Z",126,"O'Riley","BHA","-9.3","-9.3","-9.3","-9.3",-1,0,"0.1",54,501,656,2,10,"1.0","a",0,-1,,"false"
"2026-10-09T01:18:23Z",127,"Gomez","BHA","32.7","32.4","32.1","31.7",2,-21,"3.9",50,16235,51238,24,433,"5.5","a",0,0,,"false"
"2026-10-09T01:18:23Z",128,"Buonanotte","BHA","0.0","0.0","0.0","0.0",0,0,"0.0",50,0,9,0,0,"0.0","u",0,0,,"false"
"2026-10-09T01:18:23Z",129,"Ayari","BHA","-42.7","-41.0","-39.2","-37.4",-3,4,"0.4",54,3302,2692,15,333,"5.5","a",0,-1,,"false"
"2026-10-09T01:18:23Z",130,"Wieffer","BHA","-39.6","-40.3","-41.0","-41.8",-3,-2,"0.2",49,36,2425,7,156,"0.0","i",0,-1,,"false"
"2026-10-09T01:18:23Z",132,"Howell","BHA","0.0","0.0","0.0","0.0",0,0,"0.0",45,0,261,0,0,"0.0","u",0,0,,"false"
"2026-10-09T01:18:23Z",133,"Watson","BHA","0.0","0.0","0.0","0.0",0,0,"0.0",50,0,6,0,0,"0.0","u",0,0,,"false"
"2026-10-09T01:18:23Z",134,"Oriola","BHA","-93.4","-93.4","-93.4","-93.4",-3,0,"0.2",45,412,1634,0,0,"0.0","a",0,0,,"false"
"2026-10-09T01:18:23Z",135,"Yohanna","BHA","-4.6","-4.6","-4.6","-4.6",-1,0,"0.0",48,28,494,1,12,"0.0","i",-1,-2,,"false"
"2026-10-09T01:18:23Z",137,"Tzimas","BHA","-5.5","-5.5","-5.5","-5.5",-1,0,"0.0",54,47,68,0,0,"0.0","i",0,-1,,"false"
"2026-10-09T01:18:23Z",138,"Kostoulas","BHA","40.3","45.2","50.5","55.9",3,900,"5.5",56,437879,31743,28,353,"10.0","a",1,1,,"false"
"2026-10-09T01:18:23Z",139,"Ferguson","BHA","-64.3","-64.3","-64.3","-64.3",-3,0,"0.0",50,171,300,0,0,"0.0","i",0,0,,"false"
"2026-10-09T01:18:23Z",328,"Struijk","BHA","-15.4","-15.4","-15.4","-15.4",-1,0,"0.2",49,664,1284,7,98,"3.0","d",0,-1,,"false"
"2026-10-09T01:18:23Z",504,"Vuskovic","BHA","65.8","66.9","68.0","69.2",3,73,"3.9",50,84504,21025,32,437,"7.0","a",0,0,,"false"
"2026-10-09T01:18:23Z",594,"David","BHA","0.8","0.8","0.9","0.9",1,3,"0.2",59,3798,2651,1,23,"0.0","a",-1,-1,,"false"
"2026-10-09T01:18:23Z",600,"Osman","BHA","-77.0","-77.0","-77.0","-77.0",-3,0,"0.0",50,127,149,3,40,"0.5","a",0,0,,"false"
"2026-10-09T01:18:23Z",605,"Yalcouyé","BHA","57.6","57.0","56.4","55.8",3,-40,"3.9",45,33510,41947,20,236,"4.5","a",0,0,,"false"
"2026-10-09T01:18:23Z",614,"Hadjam","BHA","-3.6","-3.6","-3.6","-3.6",-1,0,"0.0",45,283,278,0,0,"0.0","a",0,0,,"false"
"2026-10-09T01:18:23Z",624,"Cozier-Duberry","BHA","0.0","0.0","0.0","0.0",0,0,"0.0",50,0,6,0,0,"0.0","u",0,0,,"false"
"2026-10-09T01:18:23Z",639,"Andrés","BHA","2.0","2.0","2.1","2.1",1,3,"0.0",55,3640,413,12,109,"6.0","a",0,0,,"false"
"2026-10-09T01:18:23Z",652,"Azeez","BHA","-36.0","-36.0","-36.0","-36.0",-2,0,"0.0",55,22,51,0,0,"0.0","i",0,0,,"false"
"2026-10-09T01:18:23Z",658,"Ibrahim","BHA","0.0","0.1","0.1","0.2",1,3,"0.0",45,364,230,0,0,"0.0","a",0,0,,"false"
"2026-10-09T01:18:23Z",28,"Martinez","CHE","-7.4","-7.2","-6.9","-6.6",-1,8,"4.7",50,10987,26900,9,360,"2.0","a",0,0,,"false"
"2026-10-09T01:18:23Z",40,"Rogers","CHE","4.8","6.6","8.6","10.5",1,331,"41.3",78,247226,89327,29,437,"5.0","a",1,3,,"false"
"2026-10-09T01:18:23Z",101,"Henderson","CHE","0.1","0.1","0.1","0.1",1,1,"0.0",49,616,200,2,90,"1.0","a",0,-1,,"false"
"2026-10-09T01:18:23Z",136,"Welbeck","CHE","8.0","8.7","9.4","10.1",1,43,"1.0",59,11619,12013,4,85,"1.5","a",0,-1,,"false"
"2026-10-09T01:18:23Z",140,"Sánchez","CHE","0.0","0.0","0.0","0.0",0,-8,"0.7",49,0,6049,2,90,"0.0","u",0,-1,,"false"
"2026-10-09T01:18:23Z",141,"Jörgensen","CHE","0.0","0.0","0.0","0.0",0,0,"0.0",50,0,36,0,0,"0.0","u",0,0,,"false"
"2026-10-09T01:18:23Z",142,"James","CHE","-4.2","-5.1","-6.1","-7.1",-1,-103,"5.6",53,799,96507,3,292,"0.5","d",-1,-2,,"false"
"2026-10-09T01:18:23Z",143,"Chalobah","CHE","0.0","0.0","0.0","0.0",0,0,"0.1",55,0,376,0,0,"0.0","u",0,0,,"false"
"2026-10-09T01:18:23Z",144,"Gusto","CHE","-4.9","-5.4","-5.9","-6.3",-1,-5,"0.9",49,2032,8022,4,272,"0.5","a",-1,-1,,"false"
"2026-10-09T01:18:23Z",145,"Fofana","CHE","5.5","5.7","5.9","6.1",1,13,"0.2",50,3633,1612,8,312,"2.5","a",0,0,,"false"
"2026-10-09T01:18:23Z",146,"B.Badiashile","CHE","0.0","0.0","0.0","0.0",0,0,"0.0",45,0,54,0,0,"0.0","u",0,0,,"false"
"2026-10-09T01:18:23Z",148,"Hato","CHE","13.2","13.0","12.9","12.7",1,-9,"0.8",45,1219,9363,8,258,"0.0","a",0,0,,"false"
"2026-10-09T01:18:23Z",149,"Colwill","CHE","-11.6","-12.1","-12.7","-13.3",-1,-5,"0.9",48,1698,6798,3,341,"1.0","a",-1,-2,,"false"
"2026-10-09T01:18:23Z",150,"M.Sarr","CHE","0.0","0.0","0.0","0.0",0,0,"0.0",45,0,211,0,0,"0.0","u",0,0,,"false"
"2026-10-09T01:18:23Z",151,"Acheampong","CHE","-16.4","-16.4","-16.4","-16.4",-1,0,"0.3",45,551,2408,5,221,"0.0","a",0,0,,"false"
"2026-10-09T01:18:23Z",152,"Palestra","CHE","-6.4","-8.1","-9.9","-11.8",-1,-12,"0.6",53,414,5369,0,0,"0.0","d",0,-2,,"false"
"2026-10-09T01:18:23Z",154,"Palmer","CHE","-33.5","-38.2","-43.4","-48.5",-2,-589,"24.7",97,61422,262450,28,442,"3.5","d",0,2,,"false"
"2026-10-09T01:18:23Z",156,"Neto","CHE","-3.0","-2.2","-1.4","-0.6",-1,7,"1.4",65,8117,11777,14,332,"2.0","a",0,0,,"false"
"2026-10-09T01:18:23Z",157,"Estêvão","CHE","-33.5","-33.0","-32.4","-31.9",-2,2,"0.7",63,2538,4973,4,23,"1.0","a",0,-2,,"false"
"2026-10-09T01:18:23Z",158,"Gittens","CHE","-7.6","-7.6","-7.6","-7.6",-1,0,"0.0",58,163,308,0,0,"0.0","d",-1,-2,,"false"
"2026-10-09T01:18:23Z",159,"Caicedo","CHE","-8.5","-10.1","-11.8","-13.6",-1,-20,"1.0",53,495,11276,1,13,"0.0","d",0,-2,,"false"
"2026-10-09T01:18:23Z",161,"Lavia","CHE","5.0","4.9","4.9","4.8",1,-2,"0.2",50,660,2923,11,258,"1.0","a",0,0,,"false"
"2026-10-09T01:18:23Z",163,"D.Essugo","CHE","0.0","0.0","0.0","0.0",0,0,"0.1",45,0,896,0,0,"0.0","u",0,0,,"false"
"2026-10-09T01:18:23Z",164,"Quenda","CHE","-32.3","-32.3","-32.3","-32.3",-2,0,"0.0",53,86,213,2,27,"0.5","a",0,-2,,"false"
"2026-10-09T01:18:23Z",165,"João Pedro","CHE","-4.0","-4.4","-4.9","-5.4",-1,-603,"64.0",77,96428,508045,33,360,"6.0","d",-1,2,,"false"
"2026-10-09T01:18:23Z",168,"Marc Guiu","CHE","0.0","0.0","0.0","0.0",0,-2,"0.2",50,0,1896,0,0,"0.0","u",0,0,,"false"
"2026-10-09T01:18:23Z",169,"Mheuka","CHE","4.9","4.9","4.9","4.9",1,0,"0.5",45,5457,4230,0,0,"0.0","a",0,0,,"false"
"2026-10-09T01:18:23Z",170,"Emegha","CHE","-1.9","-1.9","-1.9","-1.9",-1,0,"0.1",49,129,1270,0,0,"0.0","i",-1,-1,,"false"
"2026-10-09T01:18:23Z",200,"Lacroix","CHE","-8.2","-8.3","-8.4","-8.5",-1,-7,"6.7",59,12155,36714,13,364,"2.0","a",-1,-1,,"false"
"2026-10-09T01:18:23Z",560,"Penders","CHE","-2.9","-2.9","-2.9","-2.9",-1,0,"0.1",44,276,364,0,0,"0.0","a",0,-1,,"false"
"2026-10-09T01:18:23Z",561,"Anselmino","CHE","-1.1","-1.1","-1.1","-1.1",-1,0,"0.0",45,83,123,0,0,"0.0","a",0,0,,"false"
"2026-10-09T01:18:23Z",568,"Barco","CHE","-17.8","-17.8","-17.8","-17.8",-1,0,"0.1",54,290,552,3,115,"1.0","a",0,-1,,"false"
"2026-10-09T01:18:23Z",583,"Chavarria","CHE","-51.0","-48.7","-46.2","-43.7",-3,2,"0.2",49,627,696,5,208,"1.0","a",0,-1,,"false"
"2026-10-09T01:18:23Z",662,"Nicoll-Jazuli","CHE","0.0","0.0","0.0","0.0",0,0,"0.0",45,398,94,1,3,"1.0","a",0,0,,"false"
"2026-10-09T01:18:23Z",91,"Pinnock","COV","-69.9","-69.9","-69.9","-69.9",-3,0,"0.1",45,603,338,14,282,"5.0","a",0,0,,"false"
"2026-10-09T01:18:23Z",104,"Onyeka","COV","-41.9","-41.9","-41.9","-41.9",-3,0,"0.1",49,207,594,9,314,"2.5","a",0,-1,,"false"
"2026-10-09T01:18:23Z",110,"Rushworth","COV","-63.7","-63.7","-63.7","-63.7",-3,0,"0.8",45,3482,7463,16,450,"5.5","a",0,0,,"false"
"2026-10-09T01:18:23Z",171,"Dovin","COV","0.0","0.0","0.0","0.0",0,-5,"1.0",40,0,6585,0,0,"0.0","u",0,0,,"false"
"2026-10-09T01:18:23Z",172,"Wilson","COV","-7.6","-7.6","-7.6","-7.6",-1,0,"0.4",44,290,870,0,0,"0.0","a",0,-1,,"false"
"2026-10-09T01:18:23Z",173,"Thomas","COV","19.3","19.4","19.5","19.6",1,8,"8.6",40,43697,44646,24,437,"4.5","a",0,0,,"false"
"2026-10-09T01:18:23Z",174,"Kitching","COV","0.0","0.0","0.0","0.0",0,-4,"0.3",40,0,2462,0,0,"0.0","u",0,0,,"false"
"2026-10-09T01:18:23Z",175,"van Ewijk","COV","-58.7","-59.5","-60.3","-61.1",-3,-78,"8.4",40,1337,104365,6,360,"0.0","d",0,0,,"false"
"2026-10-09T01:18:23Z",176,"Dasilva","COV","-20.0","-18.7","-17.2","-15.7",-1,7,"0.8",40,10721,2872,20,444,"7.5","a",0,0,,"false"
"2026-10-09T01:18:23Z",177,"Kesler-Hayden","COV","0.2","0.2","0.2","0.2",1,0,"0.1",39,4161,1147,0,0,"0.0","d",-1,-1,"2026-10-16T14:00:11.606100Z","false"
"2026-10-09T01:18:23Z",178,"Bidwell","COV","-33.6","-33.6","-33.6","-33.6",-2,0,"0.1",40,231,389,0,0,"0.0","a",0,0,,"false"
"2026-10-09T01:18:23Z",179,"Latibeaudiere","COV","-86.0","-86.0","-86.0","-86.0",-3,0,"0.0",40,89,182,1,1,"0.5","a",0,0,,"false"
"2026-10-09T01:18:23Z",180,"Woolfenden","COV","-0.2","-2.1","-4.2","-6.3",-1,-7,"0.1",39,308,735,0,0,"0.0","i",-1,-1,,"false"
"2026-10-09T01:18:23Z",181,"Brau","COV","0.0","0.0","0.0","0.0",0,0,"0.0",40,0,135,0,0,"0.0","u",0,0,,"false"
"2026-10-09T01:18:23Z",182,"Amenda","COV","-66.0","-66.3","-66.8","-67.2",-3,-4,"0.6",40,55,8545,4,360,"0.0","i",0,0,,"false"
"2026-10-09T01:18:23Z",183,"Rudoni","COV","0.1","0.1","0.1","0.1",1,0,"0.1",49,1296,991,13,297,"3.5","a",0,-1,,"false"
"2026-10-09T01:18:23Z",184,"Grimes","COV","-36.2","-36.2","-36.2","-36.2",-2,0,"0.1",49,241,1144,11,443,"2.5","a",0,-1,,"false"
"2026-10-09T01:18:23Z",185,"Sakamoto","COV","-31.8","-36.1","-40.7","-45.4",-2,-2,"0.1",48,138,496,1,31,"0.0","a",0,-2,,"false"
"2026-10-09T01:18:23Z",186,"Mason-Clark","COV","-4.1","-4.1","-4.1","-4.1",-1,0,"0.1",53,94,432,5,231,"1.0","a",-1,-2,,"false"
"2026-10-09T01:18:23Z",187,"Eccles","COV","-6.4","-6.4","-6.4","-6.4",-1,0,"0.0",48,37,123,0,0,"0.0","i",-1,-2,,"false"
"2026-10-09T01:18:23Z",188,"Torp","COV","-16.1","-16.1","-16.1","-16.1",-1,0,"0.1",53,48,563,3,53,"0.5","a",-1,-2,,"false"
"2026-10-09T01:18:23Z",189,"Shepherd","COV","0.8","0.8","0.8","0.8",1,1,"0.3",44,4684,3432,0,0,"0.0","a",0,-1,,"false"
"2026-10-09T01:18:23Z",190,"Tchaouna","COV","-96.0","-96.0","-96.0","-96.0",-4,0,"0.1",54,36,463,5,211,"0.5","a",0,-1,,"false"
"2026-10-09T01:18:23Z",191,"Borges Rodrigues","COV","0.0","0.0","0.0","0.0",0,-2,"0.1",45,0,926,0,0,"0.0","u",0,0,,"false"
"2026-10-09T01:18:23Z",192,"Andrews","COV","0.0","0.0","0.0","0.0",0,-1,"0.3",45,0,2675,0,0,"0.0","u",0,0,,"false"
"2026-10-09T01:18:23Z",193,"Wright","COV","-2.8","-3.4","-4.0","-4.6",-1,-1,"0.1",53,53,724,0,0,"0.0","i",-1,-2,,"false"
"2026-10-09T01:18:23Z",194,"Thomas-Asante","COV","3.6","3.8","4.0","4.2",1,11,"0.8",50,11943,8062,9,227,"2.5","a",0,0,,"false"
"2026-10-09T01:18:23Z",195,"Simms","COV","-0.9","-1.9","-3.1","-4.2",-1,-7,"0.6",49,3153,6853,4,104,"0.5","a",-1,-1,,"false"
"2026-10-09T01:18:23Z",196,"Markelo","COV","0.0","0.0","0.0","0.0",0,0,"0.0",50,0,72,0,0,"0.0","u",0,0,,"false"
"2026-10-09T01:18:23Z",197,"Bassette","COV","0.0","0.0","0.0","0.0",0,0,"0.0",45,0,175,0,0,"0.0","u",0,0,,"false"
"2026-10-09T01:18:23Z",492,"Awoniyi","COV","-19.4","-19.8","-20.3","-20.8",-1,-5,"0.4",54,97,6489,3,232,"-1.0","s",-1,-1,,"false"
"2026-10-09T01:18:23Z",575,"Yirenkyi","COV","-5.6","-6.7","-7.9","-9.0",-1,-2,"0.1",48,379,1288,9,265,"2.0","a",-1,-2,,"false"
"2026-10-09T01:18:23Z",584,"Hamer","COV","-99.2","-99.2","-99.2","-99.2",-4,0,"0.1",54,57,505,3,32,"0.0","a",0,-1,,"false"
"2026-10-09T01:18:23Z",599,"Cherif","COV","-8.3","-8.3","-8.3","-8.3",-1,0,"0.1",50,678,944,1,30,"0.5","a",0,0,,"false"
"2026-10-09T01:18:23Z",623,"Bentley","COV","2.5","2.5","2.5","2.5",1,0,"0.7",40,14676,3219,0,0,"0.0","a",0,0,,"false"
"2026-10-09T01:18:23Z",655,"Gboho","COV","0.0","0.0","0.0","0.0",0,0,"0.0",55,88,59,0,0,"0.0","a",0,0,,"false"
"2026-10-09T01:18:23Z",656,"Mfuni","COV","0.1","0.1","0.1","0.1",1,0,"0.1",40,2335,1024,6,90,"3.0","a",0,0,,"false"
"2026-10-09T01:18:23Z",42,"Guessand","CRY","-33.3","-33.3","-33.3","-33.3",-2,0,"0.0",54,127,308,2,54,"0.0","a",0,-1,,"false"
"2026-10-09T01:18:23Z",153,"Disasi","CRY","-76.9","-77.9","-79.0","-80.1",-3,-1,"0.1",45,39,1003,1,139,"-1.5","s",0,0,,"false"
"2026-10-09T01:18:23Z",198,"Henderson","CRY","-2.3","-2.8","-3.5","-4.1",-1,-22,"1.3",49,181,14285,5,270,"0.0","i",-1,-1,,"false"
"2026-10-09T01:18:23Z",199,"Benitez","CRY","-20.6","-17.2","-13.5","-9.8",-1,3,"0.1",45,1035,525,8,180,"4.0","a",0,0,,"false"
"2026-10-09T01:18:23Z",202,"Richards","CRY","0.1","0.2","0.3","0.4",1,6,"0.6",49,2431,2851,14,450,"5.0","a",-1,-1,,"false"
"2026-10-09T01:18:23Z",203,"Canvot","CRY","0.0","0.1","0.1","0.1",1,1,"0.2",48,690,1146,10,360,"4.0","a",-1,-2,,"false"
"2026-10-09T01:18:23Z",204,"Mitchell","CRY","29.5","29.6","29.7","29.8",2,7,"6.1",45,21324,23671,24,419,"4.0","a",0,0,,"false"
"2026-10-09T01:18:23Z",205,"Sosa","CRY","0.0","0.0","0.0","0.0",0,0,"0.0",45,0,134,0,0,"0.0","u",0,0,,"false"
"2026-10-09T01:18:23Z",206,"Chadi Riad","CRY","-7.7","-7.7","-7.7","-7.7",-1,0,"0.0",43,35,179,1,72,"0.0","i",-1,-2,,"false"
"2026-10-09T01:18:23Z",207,"Mingueza","CRY","0.0","0.0","0.0","0.0",0,0,"0.1",43,119,385,2,16,"0.0","a",-1,-2,,"false"
"2026-10-09T01:18:23Z",208,"Sarr","CRY","0.3","0.2","0.1","0.0",1,-6,"0.6",62,3608,2889,1,8,"0.5","a",0,-3,,"false"
"2026-10-09T01:18:23Z",210,"Wharton","CRY","-4.7","-4.0","-3.2","-2.5",-1,6,"0.7",54,1477,5515,12,436,"2.0","a",-1,-1,,"false"
"2026-10-09T01:18:23Z",211,"Yeremy","CRY","4.7","4.6","4.4","4.2",1,-12,"0.3",55,895,3636,14,307,"1.5","a",0,0,,"false"
"2026-10-09T01:18:23Z",212,"Hughes","CRY","-27.2","-28.2","-29.2","-30.3",-2,-45,"7.1",44,11141,60849,2,29,"0.5","a",0,-1,,"false"
"2026-10-09T01:18:23Z",213,"Lerma","CRY","-4.2","-4.2","-4.2","-4.2",-1,0,"0.1",48,124,475,1,51,"0.5","a",-1,-2,,"false"
"2026-10-09T01:18:23Z",214,"Kamada","CRY","12.5","12.5","12.5","12.5",1,0,"0.5",50,4377,4094,21,441,"5.5","a",0,0,,"false"
"2026-10-09T01:18:23Z",215,"Devenny","CRY","0.0","0.0","0.0","0.0",0,0,"0.0",50,0,46,0,0,"0.0","u",0,0,,"false"
"2026-10-09T01:18:23Z",216,"Esse","CRY","0.0","0.0","0.0","0.0",0,0,"0.0",50,0,154,0,0,"0.0","u",0,0,,"false"
"2026-10-09T01:18:23Z",217,"M.França","CRY","0.0","0.0","0.0","0.0",0,0,"0.0",49,0,201,0,0,"0.0","u",0,-1,,"false"
"2026-10-09T01:18:23Z",218,"Doucouré","CRY","-4.5","-4.5","-4.5","-4.5",-1,0,"0.0",48,141,362,0,0,"0.0","a",-1,-2,,"false"
"2026-10-09T01:18:23Z",219,"J.Rak-Sakyi","CRY","0.0","0.0","0.0","0.0",0,0,"0.0",49,0,34,0,0,"0.0","u",0,-1,,"false"
"2026-10-09T01:18:23Z",220,"Cardines","CRY","0.0","0.0","0.0","0.0",0,0,"0.0",45,0,3,0,0,"0.0","u",0,0,,"false"
"2026-10-09T01:18:23Z",221,"Drakes-Thomas","CRY","-1.0","-1.0","-1.0","-1.0",-1,0,"0.1",44,202,537,0,0,"0.0","a",-1,-1,,"false"
"2026-10-09T01:18:23Z",222,"Strand Larsen","CRY","6.5","6.6","6.7","6.8",1,6,"0.7",60,8081,5324,14,298,"5.0","a",0,0,,"false"
"2026-10-09T01:18:23Z",223,"Mateta","CRY","-31.5","-31.9","-32.4","-32.9",-2,-10,"1.3",63,277,11106,2,62,"0.0","i",0,-2,,"false"
"2026-10-09T01:18:23Z",224,"Nketiah","CRY","-24.2","-26.8","-29.7","-32.5",-2,-9,"0.5",55,1684,4293,8,175,"0.5","a",0,0,,"false"
"2026-10-09T01:18:23Z",225,"Uche","CRY","0.0","0.0","0.0","0.0",0,0,"0.0",50,0,0,0,0,"0.0","u",0,0,,"false"
"2026-10-09T01:18:23Z",241,"McNeil","CRY","-2.3","-2.3","-2.3","-2.3",-1,0,"0.1",53,112,628,3,84,"0.0","a",-1,-2,,"false"
"2026-10-09T01:18:23Z",555,"Matthews","CRY","-10.5","-10.7","-10.8","-11.0",-1,-2,"1.7",40,1483,3742,0,0,"0.0","a",0,0,,"false"
"2026-10-09T01:18:23Z",577,"Tomiyasu","CRY","-21.0","-22.1","-23.3","-24.5",-2,-3,"0.3",44,153,1698,3,189,"0.5","d",0,-1,,"false"
"2026-10-09T01:18:23Z",588,"Khalaili","CRY","6.9","6.8","6.7","6.7",1,-4,"0.3",50,2353,2375,19,379,"6.5","d",0,0,,"false"
"2026-10-09T01:18:23Z",595,"Gozo","CRY","-4.5","-4.5","-4.5","-4.5",-1,0,"0.0",49,43,109,2,28,"0.5","a",-1,-1,,"false"
"2026-10-09T01:18:23Z",633,"Ahanor","CRY","0.1","0.1","0.1","0.2",1,1,"0.0",45,174,134,3,90,"1.5","a",0,0,,"false"
"2026-10-09T01:18:23Z",643,"Chilwell","CRY","-86.8","-87.7","-88.7","-89.7",-3,-3,"0.4",45,747,3687,8,29,"0.5","a",0,0,,"false"
"2026-10-09T01:18:23Z",644,"Timber","CRY","0.2","0.2","0.3","0.3",1,1,"0.0",50,591,389,9,253,"3.5","a",0,0,,"false"
"2026-10-09T01:18:23Z",647,"Osorio","CRY","-81.4","-81.4","-81.4","-81.4",-3,0,"0.0",55,37,88,1,1,"0.0","a",0,0,,"false"
"2026-10-09T01:18:23Z",21,"Nørgaard","EVE","-2.7","-2.7","-2.7","-2.7",-1,0,"0.0",48,78,437,0,0,"0.0","i",-1,-2,,"false"
"2026-10-09T01:18:23Z",209,"Johnson","EVE","-24.0","-24.0","-24.0","-24.0",-2,0,"0.1",59,567,963,9,238,"3.0","a",0,-1,,"false"
"2026-10-09T01:18:23Z",226,"Pickford","EVE","32.5","32.4","32.4","32.3",2,-4,"9.2",55,37041,22449,25,450,"7.0","a",0,0,,"false"
"2026-10-09T01:18:23Z",227,"Travers","EVE","-34.7","-34.7","-34.7","-34.7",-2,0,"0.0",50,318,327,0,0,"0.0","a",0,0,,"false"
"2026-10-09T01:18:23Z",228,"King","EVE","-46.5","-46.5","-46.5","-46.5",-3,0,"0.0",45,142,201,0,0,"0.0","a",0,0,,"false"
"2026-10-09T01:18:23Z",229,"Tarkowski","EVE","7.1","8.6","10.3","12.0",1,279,"17.3",62,303372,35627,43,450,"11.0","a",1,2,,"false"
"2026-10-09T01:18:23Z",230,"Branthwaite","EVE","41.5","41.8","42.0","42.3",3,18,"2.5",55,30582,10691,27,450,"7.0","a",0,0,,"false"
"2026-10-09T01:18:23Z",231,"Keane","EVE","-47.4","-48.4","-49.5","-50.6",-3,-5,"0.7",48,592,4914,0,0,"0.0","a",0,-2,,"false"
"2026-10-09T01:18:23Z",232,"O'Brien","EVE","-6.1","-7.2","-8.5","-9.7",-1,-4,"0.3",48,468,1492,2,16,"1.0","a",-1,-2,,"false"
"2026-10-09T01:18:23Z",233,"Mykolenko","EVE","-1.1","-2.9","-4.8","-6.8",-1,-86,"4.0",46,43246,42563,27,450,"8.0","d",1,1,,"false"
"2026-10-09T01:18:23Z",234,"Patterson","EVE","0.0","0.0","0.0","0.0",0,0,"0.0",45,0,159,0,0,"0.0","u",0,0,,"false"
"2026-10-09T01:18:23Z",235,"Aznou","EVE","0.0","0.0","0.0","0.0",0,0,"0.1",40,0,738,0,0,"0.0","u",0,0,,"false"
"2026-10-09T01:18:23Z",236,"Dewsbury-Hall","EVE","-22.3","-23.8","-25.5","-27.2",-2,-58,"5.8",66,41015,65640,20,450,"2.5","a",1,1,,"false"
"2026-10-09T01:18:23Z",238,"Grealish","EVE","9.9","10.0","10.2","10.3",1,8,"0.5",65,5307,3813,6,135,"2.0","a",0,0,,"false"
"2026-10-09T01:18:23Z",239,"Garner","EVE","3.9","4.0","4.1","4.2",1,6,"0.2",60,2678,2681,11,328,"3.5","a",0,0,,"false"
"2026-10-09T01:18:23Z",242,"George","EVE","31.4","31.1","30.8","30.4",2,-22,"0.9",55,3116,14304,19,309,"2.0","a",0,0,,"false"
"2026-10-09T01:18:23Z",243,"Alcaraz","EVE","-54.6","-54.6","-54.6","-54.6",-3,0,"0.1",49,194,507,1,5,"0.0","a",0,-1,,"false"
"2026-10-09T01:18:23Z",244,"Armstrong","EVE","10.0","10.1","10.1","10.1",1,1,"0.4",50,1097,4009,16,446,"2.5","a",0,0,,"false"
"2026-10-09T01:18:23Z",245,"Dibling","EVE","0.0","0.0","0.0","0.0",0,0,"0.0",53,146,200,1,24,"0.5","a",-1,-2,,"false"
"2026-10-09T01:18:23Z",246,"Röhl","EVE","-61.0","-61.0","-61.0","-61.0",-3,0,"0.0",49,8,749,6,249,"0.0","i",0,-1,,"false"
"2026-10-09T01:18:23Z",247,"Hackney","EVE","-8.9","-8.9","-8.9","-8.9",-1,0,"0.2",54,236,1382,10,137,"1.0","a",-1,-1,,"false"
"2026-10-09T01:18:23Z",248,"Beto","EVE","0.0","0.0","0.0","0.0",0,-9,"0.6",54,0,9091,2,31,"0.0","u",0,-1,,"false"
"2026-10-09T01:18:23Z",249,"Barry","EVE","2.3","2.9","3.6","4.2",1,111,"8.5",57,118514,58575,20,417,"4.0","a",1,2,,"false"
"2026-10-09T01:18:23Z",649,"Maitland-Niles","EVE","20.0","20.4","20.9","21.3",2,26,"1.4",45,25479,6916,21,177,"7.0","a",0,0,,"false"
"2026-10-09T01:18:23Z",654,"Graham","EVE","-43.2","-43.2","-43.2","-43.2",-3,0,"0.1",45,267,1136,0,0,"0.0","a",0,0,,"false"
"2026-10-09T01:18:23Z",250,"Leno","FUL","12.3","13.0","13.8","14.6",1,49,"3.5",45,63774,18775,18,450,"6.0","a",0,0,,"false"
"2026-10-09T01:18:23Z",251,"Lecomte","FUL","-26.5","-26.5","-26.5","-26.5",-2,0,"1.1",40,3549,3510,0,0,"0.0","a",0,0,,"false"
"2026-10-09T01:18:23Z",252,"McNally","FUL","0.0","0.0","0.0","0.0",0,0,"0.1",40,0,771,0,0,"0.0","u",0,0,,"false"
"2026-10-09T01:18:23Z",253,"Andersen","FUL","1.2","1.2","1.2","1.3",1,2,"0.2",50,3981,1467,3,190,"0.5","a",0,0,,"false"
"2026-10-09T01:18:23Z",254,"Robinson","FUL","-1.7","0.6","1.6","2.5",1,59,"1.5",45,28468,10483,12,429,"4.0","a",0,0,,"false"
"2026-10-09T01:18:23Z",255,"J.Cuenca","FUL","-80.9","-80.9","-80.9","-80.9",-3,0,"0.0",45,80,134,3,90,"0.0","a",0,0,,"false"
"2026-10-09T01:18:23Z",256,"Tete","FUL","-3.0","-3.0","-3.0","-3.0",-1,0,"0.2",44,108,1197,0,27,"0.0","a",0,-1,,"false"
"2026-10-09T01:18:23Z",257,"Bassey","FUL","2.1","2.7","3.4","4.1",1,43,"0.8",45,11925,3086,15,450,"6.0","a",0,0,,"false"
"2026-10-09T01:18:23Z",258,"Castagne","FUL","17.6","18.3","19.0","19.7",1,44,"1.0",45,23254,7219,20,408,"3.5","a",0,0,,"false"
"2026-10-09T01:18:23Z",261,"Iwobi","FUL","-49.1","-47.1","-44.9","-42.7",-3,9,"0.7",54,6363,4502,14,408,"4.0","a",0,-1,,"false"
"2026-10-09T01:18:23Z",262,"Smith Rowe","FUL","-2.6","-3.7","-5.0","-6.3",-1,-3,"0.2",53,435,1592,3,38,"0.5","a",-1,-2,,"false"
"2026-10-09T01:18:23Z",263,"Kevin","FUL","-13.8","-13.8","-13.8","-13.8",-1,0,"0.0",53,268,358,4,61,"1.0","a",0,-2,,"false"
"2026-10-09T01:18:23Z",264,"Bobb","FUL","-33.1","-29.5","-25.6","-21.6",-2,7,"0.3",55,3964,2412,13,343,"3.0","a",0,0,,"false"
"2026-10-09T01:18:23Z",265,"Berge","FUL","-37.7","-36.9","-36.0","-35.1",-2,2,"0.3",49,949,1745,11,349,"3.0","a",0,-1,,"false"
"2026-10-09T01:18:23Z",266,"Cairney","FUL","-9.0","0.0","0.0","0.0",0,1,"0.0",49,18,22,0,0,"0.0","i",0,-1,,"false"
"2026-10-09T01:18:23Z",268,"King","FUL","4.7","6.2","7.9","9.6",1,286,"3.3",56,168929,29281,24,425,"2.5","a",1,1,,"false"
"2026-10-09T01:18:23Z",269,"Sessegnon","FUL","-2.2","-2.2","-2.2","-2.2",-1,0,"0.3",43,471,1619,3,50,"0.0","a",-1,-2,,"false"
"2026-10-09T01:18:23Z",270,"Reed","FUL","-16.9","-18.1","-19.4","-20.8",-1,-9,"1.1",44,3357,8797,0,0,"0.0","a",0,-1,,"false"
"2026-10-09T01:18:23Z",271,"Muniz","FUL","-53.3","-51.8","-50.1","-48.5",-3,4,"0.4",54,2491,3368,3,38,"0.5","a",0,-1,,"false"
"2026-10-09T01:18:23Z",272,"Kusi-Asare","FUL","-73.5","-74.7","-75.9","-77.1",-3,-39,"5.3",45,14391,43865,0,0,"0.0","a",0,0,,"false"
"2026-10-09T01:18:23Z",569,"Gonzalo","FUL","80.8","87.2","94.3","101.3",3,435,"4.7",60,149826,45373,14,425,"2.0","a",0,0,,"false"
"2026-10-09T01:18:23Z",570,"Palacios","FUL","-9.6","-8.5","-7.3","-6.1",-1,1,"0.2",54,902,1218,12,226,"0.5","a",0,-1,,"false"
"2026-10-09T01:18:23Z",580,"Charles","FUL","-44.0","-36.3","-27.8","-19.4",-2,4,"0.1",50,1498,666,13,303,"4.5","a",0,0,,"false"
"2026-10-09T01:18:23Z",610,"De Fougerolles","FUL","0.0","0.0","0.0","0.0",0,0,"0.1",40,0,560,0,0,"0.0","u",0,0,,"false"
"2026-10-09T01:18:23Z",626,"Zepa","FUL","0.5","0.5","0.6","0.7",1,4,"0.3",44,2013,2799,0,0,"0.0","a",-1,-1,,"false"
"2026-10-09T01:18:23Z",635,"Larsson","FUL","0.0","0.0","0.0","0.0",0,0,"0.0",50,118,86,3,37,"1.0","a",0,0,,"false"
"2026-10-09T01:18:23Z",636,"Ángel","FUL","0.0","0.0","0.0","0.0",0,0,"0.0",50,39,34,0,0,"0.0","a",0,0,,"false"
"2026-10-09T01:18:23Z",650,"Affengruber","FUL","3.5","4.1","4.8","5.6",1,45,"0.2",45,21266,4125,12,180,"6.0","a",0,0,,"false"
"2026-10-09T01:18:23Z",240,"Iroegbunam","HUL","0.1","0.1","0.1","0.1",1,0,"0.0",50,88,159,2,70,"0.5","a",0,0,,"false"
"2026-10-09T01:18:23Z",273,"Phillips","HUL","-32.0","-32.4","-32.9","-33.4",-2,-4,"1.4",40,4150,5010,0,0,"0.0","a",0,0,,"false"
"2026-10-09T01:18:23Z",274,"Butland","HUL","-1.6","-1.6","-1.6","-1.6",-1,0,"0.1",44,79,394,0,0,"0.0","i",-1,-1,,"false"
"2026-10-09T01:18:23Z",275,"Cartwright","HUL","0.0","0.0","0.0","0.0",0,0,"0.0",40,0,35,0,0,"0.0","u",0,0,,"false"
"2026-10-09T01:18:23Z",276,"Lo-Tutala","HUL","0.0","0.0","0.0","0.0",0,0,"0.0",40,0,146,0,0,"0.0","u",0,0,,"false"
"2026-10-09T01:18:23Z",277,"Egan","HUL","28.3","28.0","27.7","27.5",2,-17,"7.1",41,46900,39264,26,437,"1.5","a",0,1,,"false"
"2026-10-09T01:18:23Z",278,"Hughes","HUL","0.4","0.4","0.3","0.3",1,-2,"0.2",39,1285,2316,0,0,"0.0","i",0,-1,,"false"
"2026-10-09T01:18:23Z",279,"Ajayi","HUL","74.6","74.2","73.8","73.4",3,-25,"13.9",42,58573,74281,27,423,"1.0","a",0,2,,"false"
"2026-10-09T01:18:23Z",280,"Coyle","HUL","0.2","0.2","0.1","0.1",1,-3,"0.7",40,2644,2735,14,348,"1.0","a",0,0,,"false"
"2026-10-09T01:18:23Z",281,"Drameh","HUL","0.0","0.0","0.0","0.0",0,0,"0.0",40,0,301,2,65,"0.0","u",0,0,,"false"
"2026-10-09T01:18:23Z",282,"Giles","HUL","76.4","76.4","76.3","76.3",3,-4,"2.9",40,27787,18022,24,444,"2.0","a",0,0,,"false"
"2026-10-09T01:18:23Z",283,"Jacob","HUL","0.0","0.0","0.0","0.0",0,0,"0.0",40,0,44,0,0,"0.0","u",0,0,,"false"
"2026-10-09T01:18:23Z",284,"McCarthy","HUL","0.5","0.5","0.5","0.5",1,0,"0.1",40,492,561,0,0,"0.0","a",0,0,,"false"
"2026-10-09T01:18:23Z",285,"McNair","HUL","-47.3","-47.3","-47.3","-47.3",-3,0,"0.1",40,243,520,1,26,"0.0","a",0,0,,"false"
"2026-10-09T01:18:23Z",286,"Belloumi","HUL","46.7","48.4","50.3","52.3",3,118,"5.4",51,107152,35732,31,394,"8.5","a",0,1,,"false"
"2026-10-09T01:18:23Z",287,"Millar","HUL","0.0","0.0","0.0","0.0",0,0,"0.0",50,0,369,6,50,"0.0","u",0,0,,"false"
"2026-10-09T01:18:23Z",288,"Dowell","HUL","-1.9","-3.1","-4.5","-5.9",-1,-4,"0.3",44,752,2547,0,0,"0.0","a",-1,-1,,"false"
"2026-10-09T01:18:23Z",289,"Crooks","HUL","0.8","0.8","0.8","0.8",1,1,"0.5",44,6354,5598,3,203,"0.5","a",-1,-1,,"false"
"2026-10-09T01:18:23Z",290,"Slater","HUL","79.4","78.8","78.1","77.5",3,-40,"5.1",45,20864,49998,15,437,"2.0","a",0,0,,"false"
"2026-10-09T01:18:23Z",291,"Matazo","HUL","-23.2","-23.2","-23.2","-23.2",-2,0,"0.0",45,34,76,0,0,"0.0","i",0,0,,"false"
"2026-10-09T01:18:23Z",292,"Ömür","HUL","-16.5","-16.5","-16.5","-16.5",-1,0,"0.0",49,91,167,0,0,"0.0","a",0,-1,,"false"
"2026-10-09T01:18:23Z",293,"Kamara","HUL","0.0","0.0","0.0","0.0",0,0,"0.0",50,0,15,0,0,"0.0","u",0,0,,"false"
"2026-10-09T01:18:23Z",294,"Zambrano","HUL","-28.2","-28.2","-28.2","-28.2",-2,0,"0.1",45,175,591,0,0,"0.0","a",0,0,,"false"
"2026-10-09T01:18:23Z",295,"McBurnie","HUL","29.7","29.6","29.5","29.4",2,-8,"1.9",55,11474,22641,13,441,"2.5","a",0,0,,"false"
"2026-10-09T01:18:23Z",296,"Akintola","HUL","0.0","0.0","0.0","0.0",0,-1,"0.0",50,0,328,0,0,"0.0","u",0,0,,"false"
"2026-10-09T01:18:23Z",297,"Gyabi","HUL","-0.9","-0.9","-0.9","-0.9",-1,0,"0.0",44,75,169,0,0,"0.0","i",-1,-1,,"false"
"2026-10-09T01:18:23Z",298,"Destan","HUL","0.0","0.0","0.0","0.0",0,-2,"0.2",45,0,1726,0,0,"0.0","u",0,0,,"false"
"2026-10-09T01:18:23Z",299,"Burstow","HUL","0.0","0.0","0.0","0.0",0,0,"0.0",45,0,268,0,0,"0.0","u",0,0,,"false"
"2026-10-09T01:18:23Z",340,"Gelhardt","HUL","0.0","0.0","0.1","0.1",0,1,"0.0",50,116,137,1,7,"0.5","a",0,0,,"false"
"2026-10-09T01:18:23Z",556,"Targett","HUL","-86.4","-87.1","-87.8","-88.4",-3,-12,"1.6",40,139,12981,1,5,"0.0","d",0,0,,"false"
"2026-10-09T01:18:23Z",563,"Morita","HUL","-4.1","-4.1","-4.1","-4.1",-1,0,"0.0",49,25,221,1,45,"0.0","i",-1,-1,,"false"
"2026-10-09T01:18:23Z",572,"Tzolakis","HUL","1.9","2.1","2.4","2.6",1,44,"13.0",47,156814,33839,34,450,"4.0","a",1,2,,"false"
"2026-10-09T01:18:23Z",574,"Hjertø-Dahl","HUL","-87.0","-87.0","-87.0","-87.0",-3,0,"0.1",49,84,398,1,8,"0.0","a",0,-1,,"false"
"2026-10-09T01:18:23Z",576,"Stroud","HUL","-64.2","-64.2","-64.2","-64.2",-3,0,"0.1",50,175,597,7,249,"0.5","a",0,0,,"false"
"2026-10-09T01:18:23Z",585,"Herrington","HUL","-31.0","-31.0","-31.0","-31.0",-2,0,"0.6",40,1260,2144,5,197,"1.0","a",0,0,,"false"
"2026-10-09T01:18:23Z",586,"Mendy","HUL","-1.6","-1.8","-2.1","-2.4",-1,-11,"6.2",41,10203,38254,25,249,"0.5","a",0,1,,"false"
"2026-10-09T01:18:23Z",589,"Gourna-Douath","HUL","-90.0","-90.0","-90.0","-90.0",-3,0,"0.0",50,39,129,4,138,"0.5","a",0,0,,"false"
"2026-10-09T01:18:23Z",617,"Cho","HUL","0.3","0.3","0.3","0.3",1,0,"0.0",50,429,186,9,72,"3.5","a",0,0,,"false"
"2026-10-09T01:18:23Z",632,"Ansah","HUL","-80.1","-80.1","-80.1","-80.1",-3,0,"0.0",50,86,503,0,0,"0.0","i",0,0,,"false"
"2026-10-09T01:18:23Z",637,"Vaz","HUL","1.4","1.5","1.6","1.6",1,4,"0.1",50,2260,1399,2,20,"1.0","a",0,0,,"false"
"2026-10-09T01:18:23Z",638,"Norton-Cuffy","HUL","-34.8","-35.3","-36.0","-36.7",-2,-2,"0.2",40,473,3020,1,34,"0.0","d",0,0,,"false"
"2026-10-09T01:18:23Z",642,"Thomas","HUL","0.3","0.4","0.4","0.4",1,2,"0.0",55,616,406,4,119,"1.5","a",0,0,,"false"
"2026-10-09T01:18:23Z",645,"Mouzakitis","HUL","0.0","0.0","0.0","0.0",0,0,"0.0",50,107,102,0,0,"0.0","a",0,0,,"false"
"2026-10-09T01:18:23Z",259,"Diop","IPS","-59.9","-60.2","-60.5","-60.7",-3,-20,"12.5",40,10201,77936,12,450,"2.5","a",0,0,,"false"
"2026-10-09T01:18:23Z",267,"Lukić","IPS","-8.0","-8.0","-8.0","-8.0",-1,0,"0.1",49,298,714,11,400,"1.5","a",-1,-1,,"false"
"2026-10-09T01:18:23Z",300,"Walton","IPS","-4.4","-1.6","0.1","0.2",-1,8,"0.4",44,2576,1477,2,90,"1.0","a",0,-1,,"false"
"2026-10-09T01:18:23Z",301,"Palmer","IPS","-28.8","-29.0","-29.2","-29.4",-2,-5,"3.8",40,6605,16562,0,0,"0.0","a",0,0,,"false"
"2026-10-09T01:18:23Z",302,"Button","IPS","1.2","1.2","1.2","1.2",1,0,"0.6",40,2247,1804,0,0,"0.0","a",0,0,,"false"
"2026-10-09T01:18:23Z",303,"Kipré","IPS","3.3","3.3","3.2","3.2",1,-3,"0.9",39,5638,5449,0,0,"0.0","a",0,-1,,"false"
"2026-10-09T01:18:23Z",304,"O'Shea","IPS","-45.8","-45.7","-45.6","-45.6",-3,1,"2.6",40,2910,19474,10,450,"1.5","a",0,0,,"false"
"2026-10-09T01:18:23Z",305,"Davis","IPS","82.8","84.0","85.2","86.4",3,76,"7.2",40,80237,38935,25,450,"8.0","a",0,0,,"false"
"2026-10-09T01:18:23Z",306,"Greaves","IPS","0.1","0.1","0.2","0.3",1,4,"1.1",39,2252,5181,3,357,"0.5","a",-1,-1,,"false"
"2026-10-09T01:18:23Z",307,"Johnson","IPS","0.0","0.0","0.0","0.0",0,0,"0.1",40,0,480,0,0,"0.0","u",0,0,,"false"
"2026-10-09T01:18:23Z",308,"Furlong","IPS","2.3","2.3","2.4","2.4",1,3,"0.6",39,7571,3830,1,17,"0.0","a",0,-1,,"false"
"2026-10-09T01:18:23Z",309,"Núñez","IPS","-47.8","-47.8","-47.8","-47.8",-3,0,"0.1",49,112,837,6,140,"0.0","a",0,-1,,"false"
"2026-10-09T01:18:23Z",310,"Matusiwa","IPS","0.0","0.0","0.0","0.0",0,0,"0.0",49,19,22,0,0,"0.0","a",0,-1,,"false"
"2026-10-09T01:18:23Z",311,"Burns","IPS","0.0","0.0","0.0","0.0",0,0,"0.0",50,0,10,0,0,"0.0","u",0,0,,"false"
"2026-10-09T01:18:23Z",312,"Taylor","IPS","0.1","0.1","0.1","0.1",1,0,"0.0",44,424,354,0,0,"0.0","i",-1,-1,,"false"
"2026-10-09T01:18:23Z",313,"Clarke","IPS","-95.9","-95.9","-95.9","-95.9",-4,0,"0.2",54,284,1219,11,170,"1.5","a",0,-1,,"false"
"2026-10-09T01:18:23Z",314,"Ogbene","IPS","0.0","0.0","0.0","0.0",0,0,"0.0",49,0,81,0,0,"0.0","u",0,-1,,"false"
"2026-10-09T01:18:23Z",315,"Fatawu","IPS","-48.2","-48.2","-48.2","-48.2",-3,0,"0.2",54,72,3212,8,352,"0.0","s",0,-1,,"false"
"2026-10-09T01:18:23Z",316,"Emersonn","IPS","96.7","98.1","99.6","101.1",4,93,"3.8",55,55151,28877,26,317,"7.0","a",0,0,,"false"
"2026-10-09T01:18:23Z",317,"Hirst","IPS","0.0","0.0","0.0","0.0",0,-3,"0.1",50,0,627,0,0,"0.0","u",0,0,,"false"
"2026-10-09T01:18:23Z",318,"Philogene","IPS","-9.7","-9.7","-9.7","-9.7",-1,0,"0.1",54,46,200,2,52,"1.0","a",0,-1,,"false"
"2026-10-09T01:18:23Z",319,"Szmodics","IPS","0.0","0.0","0.0","0.0",0,0,"0.0",50,0,20,0,0,"0.0","u",0,0,,"false"
"2026-10-09T01:18:23Z",320,"Akpom","IPS","25.7","25.5","25.2","25.0",2,-14,"1.2",50,5956,11828,7,78,"0.5","a",0,0,,"false"
"2026-10-09T01:18:23Z",321,"Walle Egeli","IPS","41.4","41.3","41.2","41.1",3,-6,"3.5",45,25123,34664,1,10,"0.0","a",0,0,,"false"
"2026-10-09T01:18:23Z",322,"Al-Hamadi","IPS","0.0","0.0","0.0","0.0",0,0,"0.0",50,0,475,0,0,"0.0","u",0,0,,"false"
"2026-10-09T01:18:23Z",323,"McAteer","IPS","-3.5","-4.0","-4.6","-5.1",-1,-6,"1.0",44,2243,8503,3,42,"0.0","a",-1,-1,,"false"
"2026-10-09T01:18:23Z",324,"Mehmeti","IPS","-5.0","-5.0","-5.0","-5.0",-1,0,"0.0",48,87,191,0,0,"0.0","a",-1,-2,,"false"
"2026-10-09T01:18:23Z",554,"Van Oevelen","IPS","0.0","0.0","0.0","0.0",0,0,"0.0",45,0,111,0,0,"0.0","u",0,0,,"false"
"2026-10-09T01:18:23Z",562,"Maeda","IPS","-16.1","-17.3","-18.7","-20.1",-1,-3,"0.2",53,177,1964,8,259,"1.0","a",-1,-2,,"false"
"2026-10-09T01:18:23Z",564,"Scherpen","IPS","-35.9","-35.1","-34.3","-33.5",-2,3,"0.6",45,1028,3498,7,360,"0.5","a",0,0,,"false"
"2026-10-09T01:18:23Z",571,"Florentino","IPS","-5.4","-6.8","-8.3","-9.8",-1,-1,"0.1",48,139,468,2,30,"1.0","a",-1,-2,,"false"
"2026-10-09T01:18:23Z",591,"Enciso","IPS","9.4","9.5","9.6","9.7",1,6,"0.8",55,3912,7981,15,413,"2.0","a",0,0,,"false"
"2026-10-09T01:18:23Z",592,"Ouattara","IPS","-36.0","-36.5","-37.0","-37.5",-2,-3,"0.8",40,932,2651,6,131,"1.5","a",0,0,,"false"
"2026-10-09T01:18:23Z",602,"Humphreys","IPS","0.0","0.0","0.0","0.0",0,0,"0.0",45,0,269,0,0,"0.0","u",0,0,,"false"
"2026-10-09T01:18:23Z",619,"Palacios","IPS","1.1","1.1","1.2","1.3",1,4,"0.1",50,693,1041,11,275,"3.0","a",0,0,,"false"
"2026-10-09T01:18:23Z",640,"Flemming","IPS","0.6","0.6","0.7","0.7",1,2,"0.1",55,1376,1267,6,60,"2.5","a",0,0,,"false"
"2026-10-09T01:18:23Z",260,"Wilson","LEE","-0.1","-0.1","-0.1","-0.1",-1,0,"1.6",62,92,51239,5,145,"0.5","d",0,-3,"2026-10-16T14:00:11.701762Z","false"
"2026-10-09T01:18:23Z",326,"Perri","LEE","0.0","0.0","0.0","0.0",0,-4,"0.3",45,0,1663,0,0,"0.0","u",0,0,,"false"
"2026-10-09T01:18:23Z",327,"Bijol","LEE","5.0","4.9","4.7","4.6",1,-10,"0.7",50,1003,6722,12,164,"0.0","a",0,0,,"false"
"2026-10-09T01:18:23Z",329,"Rodon","LEE","-9.8","-10.3","-10.9","-11.5",-1,-12,"0.7",43,62,11795,7,123,"0.0","i",-1,-2,,"false"
"2026-10-09T01:18:23Z",330,"Bogle","LEE","71.4","73.3","75.3","77.4",3,128,"7.6",46,170264,38698,42,365,"10.0","a",0,1,,"false"
"2026-10-09T01:18:23Z",331,"Gudmundsson","LEE","1.1","1.1","1.1","1.1",1,0,"0.1",45,991,496,14,252,"6.0","a",0,0,,"false"
"2026-10-09T01:18:23Z",332,"Justin","LEE","19.6","19.6","19.5","19.5",1,-2,"1.4",45,7412,8638,26,450,"5.0","a",0,0,,"false"
"2026-10-09T01:18:23Z",333,"Bornauw","LEE","0.0","0.0","0.0","0.0",0,0,"0.0",45,0,6,0,0,"0.0","u",0,0,,"false"
"2026-10-09T01:18:23Z",334,"Muharemović","LEE","42.0","42.1","42.2","42.3",3,8,"4.4",50,48884,35623,27,450,"6.5","a",0,0,,"false"
"2026-10-09T01:18:23Z",335,"Stach","LEE","15.9","15.7","15.4","15.2",1,-15,"2.4",60,6607,24784,27,447,"4.0","a",0,0,,"false"
"2026-10-09T01:18:23Z",336,"Okafor","LEE","1.3","1.3","1.2","1.1",1,-4,"0.4",58,2661,4819,18,299,"6.0","a",0,-2,,"false"
"2026-10-09T01:18:23Z",337,"Aaronson","LEE","-13.5","-15.0","-16.6","-18.2",-1,-8,"0.5",53,275,4332,7,194,"1.0","a",-1,-2,,"false"
"2026-10-09T01:18:23Z",338,"Ampadu","LEE","-34.3","-36.2","-38.3","-40.4",-2,-11,"0.9",54,2538,6955,21,450,"6.0","a",0,-1,,"false"
"2026-10-09T01:18:23Z",339,"Longstaff","LEE","-1.7","-1.7","-1.7","-1.7",-1,0,"0.1",48,200,804,2,10,"0.5","a",-1,-2,,"false"
"2026-10-09T01:18:23Z",341,"Gnonto","LEE","0.0","0.0","0.0","0.0",0,0,"0.0",50,0,72,0,0,"0.0","u",0,0,,"false"
"2026-10-09T01:18:23Z",342,"Harrison","LEE","0.0","0.0","0.0","0.0",0,0,"0.0",50,0,5,0,0,"0.0","u",0,0,,"false"
"2026-10-09T01:18:23Z",343,"James","LEE","-14.4","-15.1","-15.9","-16.7",-1,-1,"0.1",49,245,794,3,52,"1.0","i",0,-1,,"false"
"2026-10-09T01:18:23Z",344,"Gruev","LEE","0.0","0.0","0.0","0.0",0,0,"0.0",50,55,24,0,0,"0.0","a",0,0,,"false"
"2026-10-09T01:18:23Z",345,"Tanaka","LEE","5.2","5.1","5.1","5.1",1,-2,"0.3",49,2921,3015,14,255,"4.0","a",0,-1,,"false"
"2026-10-09T01:18:23Z",346,"Calvert-Lewin","LEE","68.5","65.4","62.0","58.7",3,-208,"24.4",60,126029,236103,22,419,"6.0","a",0,0,,"false"
"2026-10-09T01:18:23Z",347,"Nmecha","LEE","-31.2","-32.8","-34.5","-36.2",-2,-5,"0.5",54,2559,4580,7,64,"1.0","a",0,-1,,"false"
"2026-10-09T01:18:23Z",348,"Piroe","LEE","0.0","0.0","0.0","0.0",0,0,"0.1",50,0,527,0,0,"0.0","u",0,0,,"false"
"2026-10-09T01:18:23Z",349,"Mateo Joseph","LEE","-45.2","-45.2","-45.2","-45.2",-3,0,"0.1",45,421,605,0,0,"0.0","i",0,0,,"false"
"2026-10-09T01:18:23Z",385,"Trafford","LEE","37.1","37.2","37.3","37.4",2,8,"5.5",50,31323,21098,28,450,"6.5","a",0,0,,"false"
"2026-10-09T01:18:23Z",598,"Elvedi","LEE","0.7","0.7","0.7","0.7",1,0,"0.1",45,366,329,13,326,"4.0","a",0,0,,"false"
"2026-10-09T01:18:23Z",603,"Lienou","LEE","0.1","0.1","0.1","0.1",1,0,"0.1",40,287,591,0,0,"0.0","a",0,0,,"false"
"2026-10-09T01:18:23Z",604,"Cresswell","LEE","-15.2","-16.6","-18.1","-19.6",-1,-1,"0.1",45,389,1028,0,0,"0.0","a",0,0,,"false"
"2026-10-09T01:18:23Z",625,"Cairns","LEE","0.4","0.4","0.4","0.4",1,0,"0.2",40,1050,916,0,0,"0.0","a",0,0,,"false"
"2026-10-09T01:18:23Z",629,"Zetterer","LEE","2.4","2.4","2.4","2.3",1,-2,"0.7",40,3868,3225,0,0,"0.0","a",0,0,,"false"
"2026-10-09T01:18:23Z",641,"Bard","LEE","0.1","0.1","0.1","0.1",1,0,"0.0",45,118,95,1,18,"0.5","a",0,0,,"false"
"2026-10-09T01:18:23Z",648,"Bahoya","LEE","-36.3","-36.3","-36.3","-36.3",-2,0,"0.0",50,128,219,1,1,"0.5","d",0,0,,"false"
"2026-10-09T01:18:23Z",350,"A.Becker","LIV","1.9","1.9","1.8","1.8",1,-2,"4.2",55,18708,15783,27,450,"8.5","a",0,0,,"false"
"2026-10-09T01:18:23Z",351,"Mamardashvili","LIV","-0.3","-0.3","-0.3","-0.3",-1,0,"0.1",48,308,722,0,0,"0.0","a",-1,-2,,"false"
"2026-10-09T01:18:23Z",352,"Woodman","LIV","-35.5","-35.7","-35.9","-36.1",-2,-1,"1.0",40,1033,2959,0,0,"0.0","a",0,0,,"false"
"2026-10-09T01:18:23Z",353,"Pecsi","LIV","0.0","0.0","0.0","0.0",0,0,"0.0",40,0,81,0,0,"0.0","u",0,0,,"false"
"2026-10-09T01:18:23Z",354,"Jaros","LIV","0.1","0.1","0.1","0.1",1,1,"0.0",40,257,195,0,0,"0.0","i",0,0,,"false"
"2026-10-09T01:18:23Z",355,"Davies","LIV","0.1","0.1","0.1","0.2",1,2,"0.2",40,377,549,0,0,"0.0","a",0,0,,"false"
"2026-10-09T01:18:23Z",356,"Virgil","LIV","-64.7","-64.7","-64.8","-64.9",-3,-8,"16.2",65,31698,57889,25,450,"8.0","a",0,0,,"false"
"2026-10-09T01:18:23Z",357,"Frimpong","LIV","-46.9","-47.9","-48.9","-49.9",-3,-11,"1.7",53,1982,15537,2,178,"0.5","a",0,-2,,"false"
"2026-10-09T01:18:23Z",358,"Kerkez","LIV","-2.4","-3.0","-3.6","-4.1",-1,-13,"2.2",53,3336,14129,13,385,"3.5","a",-1,-2,,"false"
"2026-10-09T01:18:23Z",359,"Gomez","LIV","0.1","0.1","0.1","0.1",1,0,"0.0",49,400,137,0,0,"0.0","a",0,-1,,"false"
"2026-10-09T01:18:23Z",360,"Bradley","LIV","-93.8","-93.8","-93.8","-93.8",-3,0,"0.0",50,73,100,0,0,"0.0","i",0,0,,"false"
"2026-10-09T01:18:23Z",361,"Lucky","LIV","-60.4","-60.4","-60.4","-60.4",-3,0,"0.1",40,341,682,0,0,"0.0","a",0,0,,"false"
"2026-10-09T01:18:23Z",362,"Jacquet","LIV","59.0","58.7","58.2","57.8",3,-26,"3.4",50,41455,25767,24,415,"7.5","d",0,0,,"false"
"2026-10-09T01:18:23Z",363,"Leoni","LIV","-68.5","-68.5","-68.5","-68.5",-3,0,"0.0",40,80,231,0,0,"0.0","i",0,0,,"false"
"2026-10-09T01:18:23Z",364,"Tsimikas","LIV","-60.8","-60.8","-60.8","-60.8",-3,0,"0.1",49,126,456,2,64,"0.5","a",0,-1,,"false"
"2026-10-09T01:18:23Z",365,"Ramsay","LIV","0.0","0.0","0.0","0.0",0,0,"0.1",40,0,607,0,0,"0.0","u",0,0,,"false"
"2026-10-09T01:18:23Z",366,"Wirtz","LIV","-44.9","-46.5","-48.2","-50.0",-3,-59,"5.6",73,7593,54321,18,402,"4.5","a",0,-2,,"false"
"2026-10-09T01:18:23Z",367,"Gakpo","LIV","-16.1","-19.6","-23.5","-27.4",-1,-444,"11.7",72,54095,153597,32,370,"2.0","d",0,2,,"false"
"2026-10-09T01:18:23Z",368,"Szoboszlai","LIV","-3.3","-4.5","-5.7","-6.9",-1,-406,"32.0",69,48600,291374,20,440,"2.5","a",-1,-1,,"false"
"2026-10-09T01:18:23Z",369,"Ngumoha","LIV","-29.2","-30.6","-32.2","-33.7",-2,-7,"0.5",57,1024,5130,4,99,"0.5","a",-1,-3,,"false"
"2026-10-09T01:18:23Z",370,"Chiesa","LIV","-7.3","-7.3","-7.3","-7.3",-1,0,"0.0",53,20,288,0,0,"0.0","i",-1,-2,,"false"
"2026-10-09T01:18:23Z",371,"Gravenberch","LIV","-27.9","-28.4","-29.0","-29.5",-2,-6,"1.1",58,1572,10682,9,190,"1.0","a",-1,-2,,"false"
"2026-10-09T01:18:23Z",372,"Mac Allister","LIV","-49.3","-49.3","-49.3","-49.3",-3,0,"1.3",54,4765,8585,11,306,"3.0","a",0,-1,,"false"
"2026-10-09T01:18:23Z",373,"C.Jones","LIV","0.0","0.0","0.0","0.0",0,0,"0.0",55,0,77,0,0,"0.0","u",0,0,,"false"
"2026-10-09T01:18:23Z",374,"Endo","LIV","-70.4","-70.4","-70.4","-70.4",-3,0,"0.1",49,183,496,0,0,"0.0","a",0,-1,,"false"
"2026-10-09T01:18:23Z",375,"Nyoni","LIV","-97.7","-97.7","-97.7","-97.7",-4,0,"0.0",49,107,357,3,38,"0.5","a",0,-1,,"false"
"2026-10-09T01:18:23Z",376,"Bajcetic","LIV","0.0","0.0","0.0","0.0",0,0,"0.0",50,0,4,0,0,"0.0","u",0,0,,"false"
"2026-10-09T01:18:23Z",377,"Munoz","LIV","6.1","5.9","5.7","5.5",1,-13,"0.9",65,2070,14006,15,257,"1.0","a",0,0,,"false"
"2026-10-09T01:18:23Z",378,"McConnell","LIV","-6.7","-6.7","-6.7","-6.7",-1,0,"0.2",44,1167,1785,0,0,"0.0","a",0,-1,,"false"
"2026-10-09T01:18:23Z",379,"Isak","LIV","-11.7","-15.6","-19.9","-24.1",-1,-486,"21.5",91,127956,164424,33,413,"5.0","d",0,1,,"false"
"2026-10-09T01:18:23Z",380,"Ekitiké","LIV","-30.8","-30.8","-30.8","-30.8",-2,0,"0.1",74,486,982,0,0,"0.0","i",0,-1,,"false"
"2026-10-09T01:18:23Z",381,"Koumas","LIV","-92.7","-92.7","-92.7","-92.7",-3,0,"0.0",50,228,233,3,22,"0.5","a",0,0,,"false"
"2026-10-09T01:18:23Z",382,"Danns","LIV","4.0","4.0","4.1","4.1",1,2,"0.2",45,4306,2897,0,0,"0.0","a",0,0,,"false"
"2026-10-09T01:18:23Z",383,"Elliott","LIV","0.0","0.0","0.0","0.0",0,0,"0.0",54,0,270,0,0,"0.0","u",0,-1,,"false"
"2026-10-09T01:18:23Z",579,"Araujo","LIV","38.3","38.6","38.9","39.3",2,21,"3.1",54,23063,13265,22,284,"6.5","a",0,-1,,"false"
"2026-10-09T01:18:23Z",627,"Barcola","LIV","-63.9","-62.0","-59.9","-57.7",-3,24,"1.9",80,18695,23787,7,168,"3.0","a",0,0,,"false"
"2026-10-09T01:18:23Z",155,"Enzo","MCI","3.7","4.1","4.5","4.9",1,26,"3.7",69,39734,19860,13,271,"4.5","a",0,-1,,"false"
"2026-10-09T01:18:23Z",237,"Ndiaye","MCI","-27.5","-28.7","-29.9","-31.2",-2,-82,"6.5",58,9627,88850,22,385,"3.0","a",-1,-2,,"false"
"2026-10-09T01:18:23Z",384,"Donnarumma","MCI","-59.3","-60.0","-60.9","-61.7",-3,-37,"7.5",55,13122,39515,19,450,"4.5","a",0,0,,"false"
"2026-10-09T01:18:23Z",386,"Bettinelli","MCI","-93.6","-93.6","-93.6","-93.6",-3,0,"0.0",45,73,105,0,0,"0.0","a",0,0,,"false"
"2026-10-09T01:18:23Z",387,"O'Reilly","MCI","-7.5","-8.4","-9.5","-10.5",-1,-206,"10.5",63,5533,106434,6,163,"1.0","d",-1,-2,,"false"
"2026-10-09T01:18:23Z",388,"Guéhi","MCI","68.1","67.5","66.8","66.1",3,-42,"18.0",60,30222,68622,30,450,"5.0","a",0,0,,"false"
"2026-10-09T01:18:23Z",389,"Matheus N.","MCI","-37.6","-37.6","-37.6","-37.6",-2,0,"1.0",59,2203,3707,11,213,"5.0","a",0,-1,,"false"
"2026-10-09T01:18:23Z",390,"Rúben","MCI","4.0","3.9","3.8","3.7",1,-5,"1.9",55,5871,11339,17,450,"3.5","a",0,0,,"false"
"2026-10-09T01:18:23Z",391,"Gvardiol","MCI","90.3","90.6","91.0","91.3",3,23,"27.0",57,192638,82576,37,434,"7.5","a",0,2,,"false"
"2026-10-09T01:18:23Z",392,"Aït-Nouri","MCI","-1.9","-1.9","-1.9","-1.9",-1,0,"0.4",52,629,2634,0,0,"0.0","a",-1,-3,,"false"
"2026-10-09T01:18:23Z",393,"Khusanov","MCI","-42.3","-43.0","-43.7","-44.5",-3,-6,"1.3",54,1704,10623,9,268,"0.0","a",0,-1,,"false"
"2026-10-09T01:18:23Z",394,"Alleyne","MCI","0.0","0.0","0.0","0.0",0,0,"0.0",50,0,22,0,0,"0.0","u",0,0,,"false"
"2026-10-09T01:18:23Z",395,"Lewis","MCI","-74.6","-75.6","-76.6","-77.6",-3,-1,"0.2",44,399,1448,1,56,"0.0","a",0,-1,,"false"
"2026-10-09T01:18:23Z",396,"Vitor Reis","MCI","-91.0","-91.0","-91.0","-91.0",-3,0,"0.0",45,89,179,1,1,"0.0","a",0,0,,"false"
"2026-10-09T01:18:23Z",397,"Semenyo","MCI","-28.9","-30.4","-32.1","-33.7",-2,-269,"14.7",84,134752,128455,33,450,"10.0","d",0,-1,,"false"
"2026-10-09T01:18:23Z",398,"Foden","MCI","-62.3","-63.9","-65.6","-67.3",-3,-48,"1.7",69,253,35620,9,217,"-1.0","s",0,-1,,"false"
"2026-10-09T01:18:23Z",399,"Cherki","MCI","-51.9","-50.5","-48.8","-47.2",-3,100,"28.5",78,174639,126109,34,302,"4.5","a",0,3,,"false"
"2026-10-09T01:18:23Z",400,"Doku","MCI","1.1","1.2","1.4","1.6",1,12,"0.7",74,6438,2688,1,15,"0.5","a",0,-1,,"false"
"2026-10-09T01:18:23Z",402,"Rodrigo","MCI","0.0","0.0","0.0","0.0",0,0,"0.0",65,0,30,0,0,"0.0","u",0,0,,"false"
"2026-10-09T01:18:23Z",404,"Reijnders","MCI","0.0","0.0","0.0","0.0",0,0,"0.0",60,0,114,0,0,"0.0","u",0,0,,"false"
"2026-10-09T01:18:23Z",406,"Kovačić","MCI","-1.0","-1.0","-1.0","-1.0",-1,0,"0.1",53,138,538,2,42,"0.0","a",-1,-2,,"false"
"2026-10-09T01:18:23Z",407,"Echeverri","MCI","0.0","0.0","0.0","0.0",0,0,"0.0",49,0,61,0,0,"0.0","u",0,-1,,"false"
"2026-10-09T01:18:23Z",408,"Phillips","MCI","0.0","0.0","0.0","0.0",0,0,"0.0",50,0,18,0,0,"0.0","u",0,0,,"false"
"2026-10-09T01:18:23Z",409,"Mukasa","MCI","0.0","0.0","0.0","0.0",0,0,"0.1",45,0,750,0,0,"0.0","u",0,0,,"false"
"2026-10-09T01:18:23Z",410,"Monga","MCI","0.0","0.0","0.0","0.0",0,0,"0.0",49,0,63,0,0,"0.0","u",0,-1,,"false"
"2026-10-09T01:18:23Z",411,"Haaland","MCI","27.2","28.1","29.0","30.0",2,58,"74.0",156,107150,32967,39,450,"7.5","a",0,1,,"false"
"2026-10-09T01:18:23Z",481,"Anderson","MCI","-49.9","-51.2","-52.7","-54.2",-3,-35,"3.9",63,10404,35330,15,413,"3.5","a",0,-2,,"false"
"2026-10-09T01:18:23Z",587,"Rulli","MCI","-98.4","-98.4","-98.4","-98.4",-4,0,"0.0",50,89,121,0,0,"0.0","a",0,0,,"false"
"2026-10-09T01:18:23Z",616,"Bouaddi","MCI","-40.8","-40.8","-40.8","-40.8",-3,0,"0.2",55,962,2405,2,22,"0.0","a",0,0,,"false"
"2026-10-09T01:18:23Z",621,"McAidoo","MCI","0.0","0.0","0.0","0.0",0,0,"0.1",44,321,1268,2,11,"0.0","a",-1,-1,,"false"
"2026-10-09T01:18:23Z",622,"Braithwaite","MCI","-44.1","-44.1","-44.1","-44.1",-3,0,"0.2",40,673,1815,1,1,"0.0","a",0,0,,"false"
"2026-10-09T01:18:23Z",628,"Allan","MCI","0.1","0.1","0.1","0.1",1,0,"0.0",60,254,196,0,0,"0.0","a",0,0,,"false"
"2026-10-09T01:18:23Z",653,"Samba","MCI","-46.2","-46.2","-46.2","-46.2",-3,0,"0.0",45,279,542,0,0,"0.0","a",0,0,,"false"
"2026-10-09T01:18:23Z",43,"Tielemans","MUN","-44.1","-45.2","-46.3","-47.5",-3,-10,"1.5",58,4080,13028,14,402,"3.0","a",0,-2,,"false"
"2026-10-09T01:18:23Z",131,"Baleba","MUN","0.4","0.5","0.6","0.7",1,8,"0.1",49,2139,954,0,0,"0.0","a",0,-1,,"false"
"2026-10-09T01:18:23Z",162,"Andrey Santos","MUN","-63.2","-64.3","-65.6","-66.8",-3,-4,"0.6",48,1175,6160,4,82,"0.0","a",0,-2,,"false"
"2026-10-09T01:18:23Z",325,"Darlow","MUN","-28.0","-28.0","-28.0","-28.0",-2,0,"0.0",45,70,274,0,0,"0.0","d",0,0,,"false"
"2026-10-09T01:18:23Z",412,"Lammens","MUN","-20.0","-20.3","-20.7","-21.0",-2,-21,"9.7",49,9233,65873,11,450,"3.0","a",0,-1,,"false"
"2026-10-09T01:18:23Z",413,"Bayindir","MUN","0.0","0.0","0.0","0.0",0,0,"0.0",45,0,55,0,0,"0.0","u",0,0,,"false"
"2026-10-09T01:18:23Z",414,"Heaton","MUN","-39.3","-39.3","-39.3","-39.3",-2,0,"0.1",40,267,365,0,0,"0.0","i",0,0,,"false"
"2026-10-09T01:18:23Z",415,"Dorgu","MUN","-76.2","-78.5","-81.0","-83.5",-3,-14,"0.5",58,1056,5950,10,171,"4.0","d",0,-2,,"false"
"2026-10-09T01:18:23Z",416,"De Ligt","MUN","0.0","0.0","0.0","0.0",0,0,"0.0",49,100,157,0,0,"0.0","i",-1,-1,,"false"
"2026-10-09T01:18:23Z",417,"Dalot","MUN","-86.0","-86.6","-87.2","-87.7",-3,-6,"1.6",49,2098,9869,8,346,"2.0","a",0,-1,,"false"
"2026-10-09T01:18:23Z",418,"Maguire","MUN","-4.0","-4.4","-4.9","-5.4",-1,-42,"8.4",48,6839,95822,10,450,"1.5","a",-1,-2,,"false"
"2026-10-09T01:18:23Z",419,"Martinez","MUN","-0.1","-0.3","-0.5","-0.7",-1,-3,"1.3",49,4635,7681,6,360,"1.0","a",-1,-1,,"false"
"2026-10-09T01:18:23Z",420,"Yoro","MUN","-12.6","-12.8","-13.1","-13.3",-1,-1,"0.5",48,642,2547,2,22,"0.0","a",-1,-2,,"false"
"2026-10-09T01:18:23Z",421,"Heaven","MUN","-2.0","-2.9","-3.9","-4.9",-1,-3,"0.3",43,322,1817,1,90,"0.0","a",-1,-2,,"false"
"2026-10-09T01:18:23Z",422,"Mazraoui","MUN","-49.9","-53.8","-57.9","-62.1",-3,-22,"0.5",44,620,4037,3,97,"0.0","d",0,-1,,"false"
"2026-10-09T01:18:23Z",423,"Shaw","MUN","-7.1","-7.8","-8.6","-9.4",-1,-60,"7.5",43,6279,96861,9,335,"1.0","a",-1,-2,,"false"
"2026-10-09T01:18:23Z",424,"Amass","MUN","-51.7","-51.7","-51.7","-51.7",-3,0,"0.2",40,513,974,0,0,"0.0","a",0,0,,"false"
"2026-10-09T01:18:23Z",425,"Fredricson","MUN","0.0","0.0","0.0","0.0",0,0,"0.0",40,0,64,0,0,"0.0","u",0,0,,"false"
"2026-10-09T01:18:23Z",426,"B.Fernandes","MUN","-1.5","-1.5","-1.6","-1.6",-1,-18,"38.3",119,69873,250500,31,450,"2.0","a",-1,-1,,"false"
"2026-10-09T01:18:23Z",427,"Mbeumo","MUN","-82.9","-82.9","-82.8","-82.8",-3,7,"20.4",79,62405,172445,25,450,"2.0","a",0,-1,,"false"
"2026-10-09T01:18:23Z",428,"Cunha","MUN","-95.2","-93.8","-92.2","-90.7",-3,54,"5.9",79,34759,28579,26,407,"6.0","a",0,-1,,"false"
"2026-10-09T01:18:23Z",429,"Rashford","MUN","-0.2","-1.7","-3.3","-5.0",-1,-44,"1.4",69,4568,23097,10,351,"2.0","d",-1,-1,,"false"
"2026-10-09T01:18:23Z",430,"Mount","MUN","0.1","0.1","0.1","0.1",1,0,"0.0",54,221,230,1,10,"0.5","a",0,-1,,"false"
"2026-10-09T01:18:23Z",431,"Amad","MUN","-22.0","-22.0","-22.0","-22.0",-2,0,"0.3",57,175,2315,0,0,"0.0","i",0,-3,,"false"
"2026-10-09T01:18:23Z",432,"Mainoo","MUN","12.8","12.4","12.0","11.6",1,-26,"1.5",55,8553,19939,22,354,"4.0","d",0,0,,"false"
"2026-10-09T01:18:23Z",433,"Ugarte","MUN","-75.6","-75.6","-75.6","-75.6",-3,0,"0.0",50,27,31,0,0,"0.0","i",0,0,,"false"
"2026-10-09T01:18:23Z",434,"J.Fletcher","MUN","-42.7","-42.7","-42.7","-42.7",-3,0,"0.0",49,53,71,0,0,"0.0","a",0,-1,,"false"
"2026-10-09T01:18:23Z",435,"Lacey","MUN","-6.2","-3.0","0.0","0.0",-1,1,"0.1",49,440,429,1,10,"0.0","a",0,-1,,"false"
"2026-10-09T01:18:23Z",436,"Collyer","MUN","0.0","0.0","0.0","0.0",0,0,"0.0",50,0,51,0,0,"0.0","u",0,0,,"false"
"2026-10-09T01:18:23Z",437,"Bendito Mantato","MUN","0.0","-0.1","-0.8","-1.5",-1,-1,"0.2",44,607,1084,0,0,"0.0","a",-1,-1,,"false"
"2026-10-09T01:18:23Z",438,"Fletcher","MUN","0.4","0.4","0.4","0.4",1,1,"0.3",44,2793,2527,0,0,"0.0","a",0,-1,,"false"
"2026-10-09T01:18:23Z",439,"Šeško","MUN","-57.0","-59.1","-61.3","-63.6",-3,-39,"1.6",70,6983,29600,8,76,"0.5","d",0,0,,"false"
"2026-10-09T01:18:23Z",440,"Zirkzee","MUN","-8.4","-8.4","-8.4","-8.4",-1,0,"0.4",53,2555,3710,2,20,"1.0","a",-1,-2,,"false"
"2026-10-09T01:18:23Z",441,"Obi","MUN","0.0","0.0","0.0","0.0",0,-7,"0.9",45,0,13147,0,0,"0.0","u",0,0,,"false"
"2026-10-09T01:18:23Z",405,"N.Gonzalez","NEW","1.0","1.0","1.0","1.0",1,1,"0.2",55,911,2059,5,164,"0.5","a",0,0,,"false"
"2026-10-09T01:18:23Z",442,"Pope","NEW","-49.7","-50.4","-51.1","-51.8",-3,-4,"0.9",49,1124,3803,0,0,"0.0","a",0,-1,,"false"
"2026-10-09T01:18:23Z",443,"Gillespie","NEW","-43.0","-43.0","-43.0","-43.0",-3,0,"0.0",45,57,107,0,0,"0.0","a",0,0,,"false"
"2026-10-09T01:18:23Z",444,"Jaouen","NEW","-6.3","-6.3","-6.3","-6.3",-1,0,"0.0",44,24,160,0,0,"0.0","i",-1,-1,,"false"
"2026-10-09T01:18:23Z",445,"Thiaw","NEW","19.6","19.7","19.7","19.7",1,2,"2.2",50,13314,13979,14,450,"3.0","a",0,0,,"false"
"2026-10-09T01:18:23Z",446,"Schär","NEW","-8.9","-8.0","-7.1","-6.1",-1,1,"0.2",49,851,1105,2,25,"0.5","a",0,-1,,"false"
"2026-10-09T01:18:23Z",447,"Botman","NEW","10.9","11.1","11.2","11.4",1,11,"0.7",50,6950,4132,15,450,"3.0","a",0,0,,"false"
"2026-10-09T01:18:23Z",448,"Burn","NEW","-6.3","-6.5","-6.7","-6.9",-1,-4,"0.7",48,141,7270,0,0,"0.0","i",-1,-2,,"false"
"2026-10-09T01:18:23Z",449,"Hall","NEW","17.0","19.3","21.8","24.3",1,423,"18.3",53,347547,33401,31,449,"6.5","a",1,3,,"false"
"2026-10-09T01:18:23Z",450,"Livramento","NEW","1.5","1.3","1.0","0.8",1,-13,"0.1",49,507,1960,4,33,"1.5","d",0,-1,,"false"
"2026-10-09T01:18:23Z",451,"A.Murphy","NEW","0.0","0.0","0.0","0.0",0,0,"0.1",40,0,374,0,0,"0.0","u",0,0,,"false"
"2026-10-09T01:18:23Z",453,"Barnes","NEW","25.2","27.5","30.1","32.7",2,431,"6.3",61,232287,39443,28,450,"5.5","a",1,1,,"false"
"2026-10-09T01:18:23Z",454,"Elanga","NEW","-56.8","-59.0","-61.4","-63.8",-3,-282,"4.2",61,385,201068,18,232,"0.0","i",-1,1,,"false"
"2026-10-09T01:18:23Z",456,"J.Ramsey","NEW","-3.4","-4.3","-5.3","-6.3",-1,-7,"0.2",48,90,5801,7,69,"0.0","i",-1,-2,,"false"
"2026-10-09T01:18:23Z",457,"J.Murphy","NEW","-19.3","-17.7","-15.8","-14.0",-1,2,"0.1",59,1240,1032,3,181,"0.5","a",0,-1,,"false"
"2026-10-09T01:18:23Z",458,"Joelinton","NEW","0.0","0.0","0.0","0.0",0,0,"0.0",54,29,102,0,0,"0.0","d",0,-1,"2026-10-16T14:00:12.032649Z","false"
"2026-10-09T01:18:23Z",459,"L.Miley","NEW","0.5","0.4","0.4","0.3",1,-4,"0.1",55,504,828,12,396,"2.0","d",0,0,,"false"
"2026-10-09T01:18:23Z",460,"Willock","NEW","17.6","18.0","18.5","19.0",1,30,"0.6",50,13083,3996,22,284,"5.5","a",0,0,,"false"
"2026-10-09T01:18:23Z",461,"Touré","NEW","-16.0","-24.1","-33.0","-41.9",-2,-7,"0.1",58,449,1092,8,50,"3.5","a",0,-2,,"false"
"2026-10-09T01:18:23Z",462,"Steur","NEW","-57.7","-57.7","-57.7","-57.7",-3,0,"0.1",49,336,508,8,223,"2.5","a",0,-1,,"false"
"2026-10-09T01:18:23Z",463,"Woltemade","NEW","0.0","0.0","0.0","0.0",0,-3,"0.5",59,0,4349,4,19,"0.0","u",0,-1,,"false"
"2026-10-09T01:18:23Z",464,"Wissa","NEW","75.3","77.4","79.7","82.0",3,142,"18.8",62,134423,177485,15,441,"1.0","a",0,2,,"false"
"2026-10-09T01:18:23Z",465,"Osula","NEW","-0.0","-0.0","-0.0","-0.0",0,0,"0.3",58,163,3021,4,55,"0.0","d",-1,-2,"2026-10-16T20:30:11.173862Z","false"
"2026-10-09T01:18:23Z",466,"Neave","NEW","0.0","0.0","0.0","0.0",0,-3,"0.5",45,0,4725,0,0,"0.0","u",0,0,,"false"
"2026-10-09T01:18:23Z",559,"Bamba","NEW","-82.1","-84.0","-86.1","-88.3",-3,-1,"0.1",49,148,618,3,27,"1.0","a",0,-1,,"false"
"2026-10-09T01:18:23Z",567,"Horníček","NEW","25.9","26.0","26.1","26.2",2,7,"1.5",50,9657,7169,14,450,"2.0","a",0,0,,"false"
"2026-10-09T01:18:23Z",593,"Dedić","NEW","-0.1","-0.1","-0.1","-0.1",-1,0,"1.7",45,334,50287,13,327,"0.0","d",0,0,"2026-10-16T20:30:11.350437Z","false"
"2026-10-09T01:18:23Z",609,"Shahar","NEW","0.0","0.0","0.0","0.0",0,-1,"0.2",40,0,2087,0,0,"0.0","u",0,0,,"false"
"2026-10-09T01:18:23Z",634,"Fernandez-Pardo","NEW","1.1","1.2","1.3","1.4",1,8,"0.1",60,3016,1867,4,157,"1.5","a",0,0,,"false"
"2026-10-09T01:18:23Z",659,"Miley","NEW","0.1","0.1","0.1","0.1",1,1,"0.0",45,1681,760,0,0,"0.0","a",0,0,,"false"
"2026-10-09T01:18:23Z",663,"Pivas","NEW","0.0","0.0","0.0","0.0",0,0,"0.0",40,479,78,0,0,"0.0","a",0,0,,"false"
"2026-10-09T01:18:23Z",664,"Salia","NEW","0.7","1.0","1.2","1.4",1,15,"0.2",45,12320,2157,0,0,"0.0","a",0,0,,"false"
"2026-10-09T01:18:23Z",665,"Mills","NEW","0.0","0.0","0.0","0.0",0,0,"0.0",45,186,37,0,0,"0.0","a",0,0,,"false"
"2026-10-09T01:18:23Z",666,"Thompson","NEW","0.0","0.0","0.0","0.0",0,0,"0.0",45,271,43,0,0,"0.0","a",0,0,,"false"
"2026-10-09T01:18:23Z",167,"Delap","NFO","-32.0","-33.4","-34.8","-36.2",-2,-23,"2.7",56,29772,38125,9,277,"3.0","a",1,1,,"false"
"2026-10-09T01:18:23Z",201,"Muñoz","NFO","-54.7","-55.6","-56.5","-57.4",-3,-31,"5.6",54,10340,39249,5,257,"2.0","a",0,-1,,"false"
"2026-10-09T01:18:23Z",467,"Sels","NFO","4.2","4.1","4.0","3.8",1,-8,"1.6",50,2726,8526,14,450,"2.5","a",0,0,,"false"
"2026-10-09T01:18:23Z",468,"John","NFO","-81.1","-81.1","-81.1","-81.1",-3,0,"0.1",45,74,189,0,0,"0.0","a",0,0,,"false"
"2026-10-09T01:18:23Z",469,"N.Williams","NFO","24.4","23.9","23.4","22.9",2,-33,"8.6",50,15709,64332,19,450,"2.0","a",0,0,,"false"
"2026-10-09T01:18:23Z",470,"Morato","NFO","0.0","0.0","0.0","0.0",0,0,"0.0",50,0,146,0,0,"0.0","u",0,0,,"false"
"2026-10-09T01:18:23Z",471,"Milenković","NFO","-18.5","-19.0","-19.6","-20.2",-1,-16,"1.0",54,90,15296,12,270,"0.0","i",-1,-1,,"false"
"2026-10-09T01:18:23Z",472,"Murillo","NFO","26.6","26.6","26.7","26.8",2,5,"2.1",55,12475,10993,23,449,"5.0","a",0,0,,"false"
"2026-10-09T01:18:23Z",473,"Aina","NFO","-6.4","-7.4","-8.4","-9.4",-1,-23,"2.3",44,1445,26757,8,306,"1.0","a",-1,-1,,"false"
"2026-10-09T01:18:23Z",474,"Jair Cunha","NFO","-51.8","-52.8","-53.8","-54.9",-3,-1,"0.2",45,371,813,11,360,"0.5","a",0,0,,"false"
"2026-10-09T01:18:23Z",475,"Savona","NFO","-21.9","-21.9","-21.9","-21.9",-2,0,"0.0",45,23,26,0,0,"0.0","i",0,0,,"false"
"2026-10-09T01:18:23Z",476,"O.Richards","NFO","-75.0","-75.0","-75.0","-75.0",-3,0,"0.2",40,362,921,0,0,"0.0","a",0,0,,"false"
"2026-10-09T01:18:23Z",477,"Abbott","NFO","0.0","0.0","0.0","0.0",0,0,"0.1",40,0,1084,0,0,"0.0","u",0,0,,"false"
"2026-10-09T01:18:23Z",478,"Netz","NFO","-10.9","-10.9","-10.9","-10.9",-1,0,"0.0",44,71,148,3,27,"0.5","a",0,-1,,"false"
"2026-10-09T01:18:23Z",479,"Bindon","NFO","0.0","0.0","0.0","0.0",0,0,"0.1",40,0,687,0,0,"0.0","u",0,0,,"false"
"2026-10-09T01:18:23Z",480,"Gibbs-White","NFO","56.3","56.4","56.6","56.7",3,10,"15.7",80,100825,117608,28,450,"5.0","a",0,0,,"false"
"2026-10-09T01:18:23Z",482,"Hudson-Odoi","NFO","-45.6","-46.8","-48.2","-49.5",-3,-1,"0.1",58,381,1401,1,1,"0.0","a",0,-2,,"false"
"2026-10-09T01:18:23Z",483,"Ndoye","NFO","13.7","13.6","13.4","13.2",1,-12,"0.7",55,1120,10474,15,316,"1.0","a",0,0,,"false"
"2026-10-09T01:18:23Z",484,"Hutchinson","NFO","0.0","0.0","0.0","0.0",0,-2,"0.1",54,0,465,0,0,"0.0","u",0,-1,,"false"
"2026-10-09T01:18:23Z",485,"Bakwa","NFO","0.0","0.0","0.0","0.0",0,0,"0.0",55,0,43,0,0,"0.0","u",0,0,,"false"
"2026-10-09T01:18:23Z",486,"McAtee","NFO","2.4","2.4","2.4","2.4",1,1,"0.1",55,469,1163,12,416,"2.5","a",0,0,,"false"
"2026-10-09T01:18:23Z",487,"Dominguez","NFO","-78.3","-78.3","-78.3","-78.3",-3,0,"0.1",49,73,365,1,1,"0.0","a",0,-1,,"false"
"2026-10-09T01:18:23Z",488,"I.Sangaré","NFO","-3.3","-5.3","-7.5","-9.8",-1,-9,"0.4",48,459,4295,4,105,"1.0","a",-1,-2,,"false"
"2026-10-09T01:18:23Z",489,"Yates","NFO","-0.0","-0.1","-0.1","-0.1",-1,-1,"1.1",44,763,9219,0,0,"0.0","a",-1,-1,,"false"
"2026-10-09T01:18:23Z",490,"Wood","NFO","-46.3","-47.0","-47.8","-48.5",-3,-4,"0.9",58,2753,7842,4,62,"1.0","a",0,-2,,"false"
"2026-10-09T01:18:23Z",491,"Igor Jesus","NFO","-4.1","-4.9","-5.8","-6.6",-1,-13,"2.6",58,10971,30640,12,257,"4.0","a",0,-2,,"false"
"2026-10-09T01:18:23Z",493,"Kalimuendo","NFO","0.0","0.0","0.0","0.0",0,0,"0.1",54,282,495,1,1,"0.0","a",0,-1,,"false"
"2026-10-09T01:18:23Z",558,"Schlager","NFO","0.4","0.4","0.4","0.4",1,0,"0.1",50,278,1041,13,376,"2.5","a",0,0,,"false"
"2026-10-09T01:18:23Z",581,"Diomande","NFO","-53.9","-55.4","-57.0","-58.7",-3,-5,"0.5",54,1943,2773,7,163,"3.0","a",0,-1,,"false"
"2026-10-09T01:18:23Z",590,"Benda","NFO","0.0","0.0","0.0","0.0",0,0,"0.1",45,159,283,0,0,"0.0","a",0,0,,"false"
"2026-10-09T01:18:23Z",112,"Van Hecke","TOT","-25.7","-27.6","-29.8","-31.9",-2,-148,"6.3",49,24098,59059,24,450,"7.0","d",0,-1,,"false"
"2026-10-09T01:18:23Z",147,"Tosin","TOT","-45.3","-47.4","-49.7","-52.0",-3,-2,"0.1",44,133,676,1,5,"0.5","a",0,-1,,"false"
"2026-10-09T01:18:23Z",401,"Marmoush","TOT","41.2","41.2","41.3","41.3",3,1,"2.2",70,17884,27374,8,339,"2.0","a",0,0,,"false"
"2026-10-09T01:18:23Z",403,"Sávio","TOT","11.0","10.8","10.7","10.5",1,-12,"0.6",65,4265,9270,8,240,"2.5","a",0,0,,"false"
"2026-10-09T01:18:23Z",455,"Tonali","TOT","-25.9","-27.2","-28.6","-30.0",-2,-26,"1.8",53,3038,19373,14,427,"2.5","a",-1,-2,,"false"
"2026-10-09T01:18:23Z",494,"Vicario","TOT","0.0","0.0","0.0","0.0",0,0,"0.1",45,0,863,0,0,"0.0","u",0,0,,"false"
"2026-10-09T01:18:23Z",495,"Austin","TOT","2.3","2.3","2.2","2.1",1,-4,"1.0",40,2608,2779,0,0,"0.0","a",0,0,,"false"
"2026-10-09T01:18:23Z",496,"Kinsky","TOT","-59.0","-59.8","-60.7","-61.6",-3,-91,"16.9",45,26434,154502,18,450,"4.5","a",0,0,,"false"
"2026-10-09T01:18:23Z",497,"Dubravka","TOT","-27.3","-27.6","-27.9","-28.1",-2,-30,"17.0",40,42063,66461,0,0,"0.0","a",0,0,,"false"
"2026-10-09T01:18:23Z",498,"Senesi","TOT","-66.0","-67.1","-68.3","-69.4",-3,-24,"3.5",58,1560,26573,3,90,"0.0","a",0,-2,,"false"
"2026-10-09T01:18:23Z",499,"Pedro Porro","TOT","-42.5","-44.5","-46.7","-49.0",-3,-180,"7.3",54,1877,99513,9,198,"0.5","d",0,-1,,"false"
"2026-10-09T01:18:23Z",500,"Romero","TOT","0.0","0.0","0.0","0.0",0,0,"0.1",50,0,337,0,0,"0.0","u",0,0,,"false"
"2026-10-09T01:18:23Z",502,"Robertson","TOT","-1.0","-1.9","-2.8","-3.8",-1,-14,"2.5",44,8919,18810,17,366,"5.5","a",0,-1,,"false"
"2026-10-09T01:18:23Z",503,"Van de Ven","TOT","-27.2","-27.9","-28.6","-29.3",-2,-17,"3.8",50,8893,25614,16,360,"3.5","a",0,0,,"false"
"2026-10-09T01:18:23Z",505,"Spence","TOT","0.0","0.0","0.0","0.0",0,-1,"0.2",45,0,1405,0,0,"0.0","u",0,0,,"false"
"2026-10-09T01:18:23Z",506,"Udogie","TOT","-26.1","-27.2","-28.3","-29.5",-2,-2,"0.3",44,448,2006,7,86,"0.0","a",0,-1,,"false"
"2026-10-09T01:18:23Z",507,"Phillips","TOT","0.0","0.0","0.0","0.0",0,0,"0.0",45,0,62,0,0,"0.0","u",0,0,,"false"
"2026-10-09T01:18:23Z",508,"Davies","TOT","1.9","2.0","2.0","2.1",1,4,"0.9",39,9550,5302,0,0,"0.0","a",-1,-1,,"false"
"2026-10-09T01:18:23Z",509,"Byfield","TOT","-6.3","-6.3","-6.3","-6.3",-1,0,"0.1",40,153,302,0,0,"0.0","a",0,0,,"false"
"2026-10-09T01:18:23Z",510,"Rowswell","TOT","-19.1","-17.0","-14.7","-12.4",-1,1,"0.1",40,198,412,0,0,"0.0","a",0,0,,"false"
"2026-10-09T01:18:23Z",511,"Souza","TOT","0.0","0.0","0.0","0.0",0,0,"0.2",40,0,1135,0,0,"0.0","u",0,0,,"false"
"2026-10-09T01:18:23Z",512,"Kudus","TOT","2.5","2.5","2.6","2.6",1,3,"0.2",65,3227,1587,7,123,"2.5","a",0,0,,"false"
"2026-10-09T01:18:23Z",513,"Xavi","TOT","-17.2","-22.4","-28.1","-33.8",-2,-1,"0.0",59,67,93,0,0,"0.0","i",0,-1,,"false"
"2026-10-09T01:18:23Z",514,"Tel","TOT","-38.0","-39.8","-41.8","-43.7",-2,-4,"0.2",57,272,2520,8,257,"0.5","a",-1,-3,,"false"
"2026-10-09T01:18:23Z",515,"Maddison","TOT","-79.4","-80.3","-81.2","-82.2",-3,-2,"0.4",63,1037,2493,3,59,"1.0","a",0,-2,,"false"
"2026-10-09T01:18:23Z",516,"Bentancur","TOT","-88.6","-92.6","-97.0","-101.4",-3,-5,"0.2",55,534,1068,15,370,"3.5","a",0,0,,"false"
"2026-10-09T01:18:23Z",517,"Odobert","TOT","0.0","0.0","0.0","0.0",0,0,"0.0",55,41,18,0,0,"0.0","i",0,0,,"false"
"2026-10-09T01:18:23Z",518,"P.M.Sarr","TOT","0.0","0.0","0.0","0.0",0,0,"0.1",49,0,841,0,0,"0.0","u",0,-1,,"false"
"2026-10-09T01:18:23Z",519,"Gallagher","TOT","0.0","0.0","0.0","0.0",0,0,"0.2",53,974,899,9,134,"3.0","a",0,-2,,"false"
"2026-10-09T01:18:23Z",520,"Bergvall","TOT","-6.0","-6.0","-6.0","-6.0",-1,0,"0.1",53,129,764,3,78,"1.0","a",-1,-2,,"false"
"2026-10-09T01:18:23Z",521,"Kulusevski","TOT","-79.7","-79.7","-79.7","-79.7",-3,0,"0.0",65,136,97,0,0,"0.0","i",0,0,,"false"
"2026-10-09T01:18:23Z",522,"Gray","TOT","-31.3","-31.3","-31.3","-31.3",-2,0,"0.2",49,578,1492,9,307,"2.5","a",0,-1,,"false"
"2026-10-09T01:18:23Z",523,"Moore","TOT","0.0","0.0","0.0","0.0",0,0,"0.1",50,0,704,3,89,"0.0","u",0,0,,"false"
"2026-10-09T01:18:23Z",524,"Olusesi","TOT","8.2","8.2","8.2","8.1",1,-1,"1.0",44,6448,8803,0,0,"0.0","a",0,-1,,"false"
"2026-10-09T01:18:23Z",525,"Fernandes","TOT","-17.5","-18.2","-19.0","-19.8",-1,-6,"0.7",57,626,8416,7,249,"2.0","a",-1,-3,,"false"
"2026-10-09T01:18:23Z",526,"Solanke","TOT","-38.1","-39.8","-41.6","-43.5",-2,-9,"0.8",58,2766,7256,7,170,"2.0","a",0,-2,,"false"
"2026-10-09T01:18:23Z",527,"Richarlison","TOT","0.0","0.0","0.0","0.0",0,-10,"0.6",59,0,7137,2,67,"0.0","u",0,-1,,"false"
"2026-10-09T01:18:23Z",528,"Scarlett","TOT","0.0","0.0","0.0","0.0",0,-8,"1.1",45,0,9837,0,0,"0.0","u",0,0,,"false"
"2026-10-09T01:18:23Z",578,"Mudryk","TOT","-16.5","-16.5","-16.5","-16.5",-1,0,"0.0",53,29,664,1,16,"0.0","i",-1,-2,,"false"
"2026-10-09T01:18:23Z",601,"Williams-Barnett","TOT","-59.8","-59.8","-59.8","-59.8",-3,0,"0.1",45,204,855,0,0,"0.0","a",0,0,,"false"
"2026-10-09T01:18:23Z",501,"Danso","SUN","-82.6","-81.6","-80.4","-79.2",-3,1,"0.2",50,1483,999,3,270,"0.5","a",0,0,,"false"
"2026-10-09T01:18:23Z",529,"Roefs","SUN","-20.3","-20.9","-21.6","-22.3",-2,-10,"2.4",49,2618,15992,11,450,"1.0","a",0,-1,,"false"
"2026-10-09T01:18:23Z",530,"Patterson","SUN","0.0","0.0","0.0","0.0",0,0,"0.1",40,0,438,0,0,"0.0","u",0,0,,"false"
"2026-10-09T01:18:23Z",531,"Ellborg","SUN","-0.2","-0.2","-0.2","-0.2",-1,0,"0.1",44,178,323,0,0,"0.0","a",-1,-1,,"false"
"2026-10-09T01:18:23Z",532,"Ballard","SUN","-47.9","-50.7","-53.7","-56.7",-3,-118,"2.4",49,3748,30610,14,450,"1.0","i",0,-1,,"false"
"2026-10-09T01:18:23Z",533,"Mukiele","SUN","-18.8","-19.3","-19.9","-20.4",-1,-6,"1.9",54,6682,11459,13,360,"0.0","a",0,-1,,"false"
"2026-10-09T01:18:23Z",534,"Hume","SUN","-11.7","-12.7","-13.6","-14.6",-1,-27,"2.7",43,1549,40440,10,206,"0.5","a",-1,-2,,"false"
"2026-10-09T01:18:23Z",535,"Alderete","SUN","-9.0","-9.0","-9.0","-9.0",-1,0,"0.2",48,318,1389,1,23,"0.0","a",-1,-2,,"false"
"2026-10-09T01:18:23Z",536,"Reinildo","SUN","-0.6","-1.1","-1.7","-2.3",-1,-2,"0.3",44,330,1940,7,360,"-1.0","a",-1,-1,,"false"
"2026-10-09T01:18:23Z",537,"Seelt","SUN","0.0","0.0","0.0","0.0",0,-1,"0.0",45,0,29,0,0,"0.0","u",0,0,,"false"
"2026-10-09T01:18:23Z",538,"Hjelde","SUN","0.0","0.0","0.0","0.0",0,0,"0.0",40,0,200,0,0,"0.0","u",0,0,,"false"
"2026-10-09T01:18:23Z",539,"O'Nien","SUN","4.8","4.8","4.9","4.9",1,3,"2.5",39,22217,16059,1,66,"0.0","a",-1,-1,,"false"
"2026-10-09T01:18:23Z",540,"Masuaku","SUN","0.0","0.0","0.0","0.0",0,0,"0.1",40,0,777,0,0,"0.0","u",0,0,,"false"
"2026-10-09T01:18:23Z",541,"Meunier","SUN","-31.0","-28.5","-25.8","-23.1",-2,4,"0.3",45,2289,1303,14,396,"2.5","a",0,0,,"false"
"2026-10-09T01:18:23Z",542,"E.Le Fée","SUN","-5.8","-6.3","-6.8","-7.4",-1,-18,"3.3",57,15403,33493,18,438,"2.5","a",-1,-3,,"false"
"2026-10-09T01:18:23Z",543,"Diarra","SUN","-2.8","-2.8","-2.8","-2.8",-1,0,"0.0",53,22,287,5,28,"0.0","i",-1,-2,,"false"
"2026-10-09T01:18:23Z",544,"Xhaka","SUN","-84.7","-86.4","-88.2","-90.0",-3,-39,"3.6",55,8086,29841,21,450,"1.5","a",0,0,,"false"
"2026-10-09T01:18:23Z",545,"Sadiki","SUN","-86.3","-87.2","-88.1","-89.0",-3,-1,"0.2",49,510,1796,10,410,"2.0","a",0,-1,,"false"
"2026-10-09T01:18:23Z",546,"Adingra","SUN","0.0","0.0","0.0","0.0",0,0,"0.0",49,0,241,0,0,"0.0","u",0,-1,,"false"
"2026-10-09T01:18:23Z",547,"Mundle","SUN","-89.3","-89.3","-89.3","-89.3",-3,0,"0.0",49,11,61,1,1,"0.0","i",0,-1,,"false"
"2026-10-09T01:18:23Z",548,"Rigg","SUN","-88.9","-93.0","-97.5","-102.0",-3,-1,"0.0",49,44,298,2,17,"0.0","a",0,-1,,"false"
"2026-10-09T01:18:23Z",549,"Talbi","SUN","-36.0","-36.0","-36.0","-36.0",-2,0,"0.1",53,135,697,1,31,"0.0","a",0,-2,,"false"
"2026-10-09T01:18:23Z",550,"Jocelin.T","SUN","-96.6","-96.6","-96.6","-96.6",-4,0,"0.0",50,55,59,0,0,"0.0","a",0,0,,"false"
"2026-10-09T01:18:23Z",551,"N.Angulo","SUN","1.5","1.5","1.5","1.5",1,0,"0.1",50,688,970,16,313,"3.0","a",0,0,,"false"
"2026-10-09T01:18:23Z",552,"Brobbey","SUN","79.7","75.3","70.6","65.8",3,-296,"6.7",57,203158,80425,24,399,"9.0","i",-1,-3,,"false"
"2026-10-09T01:18:23Z",553,"Isidor","SUN","3.3","3.3","3.3","3.2",1,-2,"1.3",55,5816,14112,15,117,"1.0","a",0,0,,"false"
"2026-10-09T01:18:23Z",612,"Methalie","SUN","0.0","0.0","0.0","0.0",0,0,"0.0",45,142,80,-1,90,"-0.5","a",0,0,,"false"
"2026-10-09T01:18:23Z",613,"Ahoka","SUN","-53.5","-55.2","-57.0","-58.9",-3,-3,"0.2",45,692,1855,0,0,"0.0","a",0,0,,"false"
"2026-10-09T01:18:23Z",646,"Fofana","SUN","-11.9","-11.9","-11.9","-11.9",-1,0,"0.0",55,397,364,3,60,"1.0","a",0,0,,"false"
"2026-10-09T01:18:23Z",651,"J.Angulo","SUN","5.5","5.7","5.8","5.9",1,8,"0.8",45,11417,8682,0,0,"0.0","a",0,0,,"false"
"2026-10-09T07:21:20Z",1,"Raya","ARS","3.2","4.3","5.9","7.6",1,275,"42.7",61,186280,68983,30,450,"7.5","a",1,1,,"false"
"2026-10-09T07:21:20Z",2,"Arrizabalaga","ARS","-55.5","-53.6","-50.7","-47.9",-3,1,"0.1",49,144,313,0,0,"0.0","a",0,-1,,"false"
"2026-10-09T07:21:20Z",3,"Meslier","ARS","-42.5","-42.5","-42.5","-42.5",-3,0,"0.0",49,62,139,0,0,"0.0","a",0,-1,,"false"
"2026-10-09T07:21:20Z",4,"Gabriel","ARS","-96.7","-96.3","-95.6","-95.0",-4,88,"22.7",80,39503,90371,25,450,"5.0","a",0,0,,"false"
"2026-10-09T07:21:20Z",5,"J.Timber","ARS","14.3","15.3","16.9","18.4",1,94,"0.5",65,20616,6179,1,104,"0.5","a",0,0,,"false"
"2026-10-09T07:21:20Z",6,"Saliba","ARS","-28.8","-28.8","-28.8","-28.8",-2,0,"0.2",59,495,1311,0,0,"0.0","i",0,-1,,"false"
"2026-10-09T07:21:20Z",7,"Lewis-Skelly","ARS","-19.1","-19.5","-20.1","-20.8",-1,-4,"0.6",54,1471,5944,9,271,"0.5","a",-1,-1,,"false"
"2026-10-09T07:21:20Z",8,"Calafiori","ARS","2.3","3.8","6.2","8.6",1,397,"50.7",59,127049,80466,29,416,"3.5","a",1,4,,"false"
"2026-10-09T07:21:20Z",9,"Hincapie","ARS","-7.2","-7.2","-7.2","-7.2",-1,0,"0.9",52,2016,6701,2,32,"0.0","a",-1,-3,,"false"
"2026-10-09T07:21:20Z",10,"White","ARS","-66.1","-71.3","-79.3","-87.3",-3,-411,"4.7",55,3519,89212,21,315,"0.5","d",0,0,,"false"
"2026-10-09T07:21:20Z",11,"Mosquera","ARS","-31.7","-33.7","-36.7","-39.8",-2,-29,"1.6",53,2352,12820,12,168,"0.0","a",0,-2,,"false"
"2026-10-09T07:21:20Z",12,"Saka","ARS","6.8","11.7","19.3","26.8",1,1264,"14.9",96,240651,62142,32,416,"5.0","a",1,1,,"false"
"2026-10-09T07:21:20Z",13,"Rice","ARS","-47.5","-51.4","-57.3","-63.3",-3,-733,"11.2",74,8359,120512,20,411,"3.5","d",0,-1,,"false"
"2026-10-09T07:21:20Z",14,"Eze","ARS","0.4","0.7","1.1","1.4",1,24,"1.0",62,4565,8192,4,85,"1.0","a",-1,-3,,"false"
"2026-10-09T07:21:20Z",15,"Ødegaard","ARS","8.9","13.9","21.5","29.2",1,473,"19.9",68,124054,120835,29,377,"2.5","a",0,3,,"false"
"2026-10-09T07:21:20Z",16,"Madueke","ARS","-27.8","-27.8","-27.8","-27.8",-2,0,"0.2",62,955,1807,2,23,"0.0","a",0,-3,,"false"
"2026-10-09T07:21:20Z",17,"Merino","ARS","0.3","0.4","0.6","0.8",1,12,"0.4",57,1784,3371,4,81,"1.0","a",-1,-3,,"false"
"2026-10-09T07:21:20Z",18,"Martinelli","ARS","0.0","0.0","0.0","0.0",0,0,"0.1",63,0,675,0,0,"0.0","u",0,-2,,"false"
"2026-10-09T07:21:20Z",19,"Zubimendi","ARS","-58.7","-60.4","-63.2","-65.9",-3,-9,"0.6",53,626,4522,5,89,"1.0","a",0,-2,,"false"
"2026-10-09T07:21:20Z",20,"Dowman","ARS","-22.4","-25.4","-30.1","-34.8",-2,-4,"0.1",53,496,769,1,9,"0.5","d",0,-2,,"false"
"2026-10-09T07:21:20Z",22,"Nwaneri","ARS","0.0","0.0","0.0","0.0",0,-1,"0.0",54,0,59,0,0,"0.0","u",0,-1,,"false"
"2026-10-09T07:21:20Z",23,"Fábio Vieira","ARS","0.0","0.0","0.0","0.0",0,0,"0.0",55,0,45,0,0,"0.0","u",0,0,,"false"
"2026-10-09T07:21:20Z",24,"Nelson","ARS","0.0","0.0","0.0","0.0",0,0,"0.0",55,0,27,0,0,"0.0","u",0,0,,"false"
"2026-10-09T07:21:20Z",25,"Gyökeres","ARS","10.9","17.3","27.0","36.8",1,602,"3.4",71,43357,22298,2,29,"0.5","a",-1,-4,,"false"
"2026-10-09T07:21:20Z",26,"Havertz","ARS","-15.7","-24.7","-38.6","-52.5",-2,-1175,"7.7",76,52290,117187,19,437,"1.5","d",0,1,,"false"
"2026-10-09T07:21:20Z",27,"G.Jesus","ARS","0.0","0.0","0.0","0.0",0,-3,"0.1",59,0,1172,0,0,"0.0","u",0,-1,,"false"
"2026-10-09T07:21:20Z",31,"Konsa","ARS","-3.6","-6.1","-9.9","-13.7",-1,-779,"18.7",46,107924,128127,12,281,"3.5","d",1,1,,"false"
"2026-10-09T07:21:20Z",452,"Bruno G.","ARS","1.4","1.8","2.3","2.9",1,36,"1.8",67,9246,9846,9,123,"4.0","a",0,-3,,"false"
"2026-10-09T07:21:20Z",557,"Tzolis","ARS","-20.4","-27.3","-37.7","-48.2",-2,-2188,"11.1",63,12879,242658,16,362,"2.5","d",-1,-2,,"false"
"2026-10-09T07:21:20Z",29,"M.Bizot","AVL","-45.1","-45.9","-47.2","-48.4",-3,-2,"0.1",45,87,1254,1,90,"0.0","i",0,0,,"false"
"2026-10-09T07:21:20Z",30,"Digne","AVL","0.0","0.0","0.0","0.0",0,0,"0.0",45,0,279,0,0,"0.0","u",0,0,,"false"
"2026-10-09T07:21:20Z",32,"Cash","AVL","-29.0","-31.0","-34.0","-37.0",-2,-85,"4.7",44,3875,34228,6,296,"-0.5","a",0,-1,,"false"
"2026-10-09T07:21:20Z",33,"Mings","AVL","1.2","1.5","2.0","2.5",1,32,"0.4",45,2899,1983,10,261,"1.5","a",0,0,,"false"
"2026-10-09T07:21:20Z",34,"Pau","AVL","-3.6","-4.5","-5.9","-7.2",-1,-11,"0.3",44,63,4034,3,187,"0.5","i",-1,-1,,"false"
"2026-10-09T07:21:20Z",35,"Bogarde","AVL","-5.5","-7.7","-10.9","-14.2",-1,-2,"0.1",49,201,516,1,16,"0.0","a",-1,-1,,"false"
"2026-10-09T07:21:20Z",36,"Maatsen","AVL","-8.5","-11.4","-15.9","-20.4",-1,-59,"0.5",44,64,8654,9,335,"0.5","i",-1,-1,,"false"
"2026-10-09T07:21:20Z",37,"Lindelöf","AVL","1.2","1.4","1.6","1.8",1,14,"0.3",45,1789,1854,8,450,"1.0","a",0,0,,"false"
"2026-10-09T07:21:20Z",38,"A.García","AVL","-40.3","-41.0","-42.1","-43.2",-3,-10,"1.5",40,2215,7729,0,0,"0.0","a",0,0,,"false"
"2026-10-09T07:21:20Z",39,"Nedeljkovic","AVL","0.0","0.0","0.0","0.0",0,-3,"0.1",40,0,720,0,0,"0.0","u",0,0,,"false"
"2026-10-09T07:21:20Z",41,"Buendía","AVL","-12.4","0.1","2.1","4.1",1,126,"1.1",59,19576,6792,21,401,"7.0","a",0,-1,,"false"
"2026-10-09T07:21:20Z",44,"Bailey","AVL","0.0","0.0","0.0","0.0",0,0,"0.1",54,0,591,0,0,"0.0","u",0,-1,,"false"
"2026-10-09T07:21:20Z",45,"McGinn","AVL","-21.7","-21.8","-21.8","-21.8",-2,-1,"2.2",54,10807,12950,17,434,"6.0","a",0,-1,,"false"
"2026-10-09T07:21:20Z",46,"Barkley","AVL","0.4","0.2","0.1","-3.7",1,-10,"0.2",50,701,2313,10,308,"1.5","a",0,0,,"false"
"2026-10-09T07:21:20Z",47,"Kamara","AVL","-88.6","-88.8","-89.2","-89.5",-3,-1,"0.3",50,1701,2086,15,443,"4.0","a",0,0,,"false"
"2026-10-09T07:21:20Z",48,"Onana","AVL","-12.0","-8.9","-4.2","0.0",-1,1,"0.0",49,63,119,0,0,"0.0","i",0,-1,,"false"
"2026-10-09T07:21:20Z",49,"Iling Jr","AVL","0.0","0.0","0.0","0.0",0,0,"0.0",50,0,12,0,0,"0.0","u",0,0,,"false"
"2026-10-09T07:21:20Z",50,"Burrowes","AVL","-91.1","-92.4","-94.4","-96.4",-3,-7,"0.6",45,742,4198,0,0,"0.0","a",0,0,,"false"
"2026-10-09T07:21:20Z",51,"George Hemmings","AVL","13.9","13.4","12.5","11.6",1,-53,"1.1",45,3975,13040,9,297,"1.0","a",0,0,,"false"
"2026-10-09T07:21:20Z",52,"Alysson","AVL","-14.4","-22.4","-34.5","-46.7",-2,-6,"0.0",50,76,966,8,87,"3.0","d",0,0,,"false"
"2026-10-09T07:21:20Z",53,"Manzambi","AVL","13.4","15.7","19.3","22.9",1,222,"0.5",59,40246,5383,14,98,"7.0","a",0,-1,,"false"
"2026-10-09T07:21:20Z",54,"Gomes","AVL","0.1","0.1","0.1","0.1",1,0,"0.0",55,605,259,2,129,"2.0","a",0,0,,"false"
"2026-10-09T07:21:20Z",55,"Watkins","AVL","0.0","0.0","0.0","0.0",0,-45,"2.4",78,0,15451,0,0,"0.0","u",0,-2,,"false"
"2026-10-09T07:21:20Z",56,"Abraham","AVL","3.8","3.8","3.8","3.7",1,-3,"0.2",55,2329,2211,4,71,"1.0","a",0,0,,"false"
"2026-10-09T07:21:20Z",160,"Garnacho","AVL","-77.7","-80.4","-84.5","-88.7",-3,-8,"0.3",58,710,3271,3,31,"0.0","a",0,-2,,"false"
"2026-10-09T07:21:20Z",166,"N.Jackson","AVL","64.7","69.3","76.3","83.3",3,432,"1.7",65,56652,11977,10,286,"3.0","a",0,0,,"false"
"2026-10-09T07:21:20Z",582,"Madjo","AVL","-30.8","-31.9","-33.6","-35.4",-2,-5,"0.2",54,469,2411,0,0,"0.0","i",0,-1,,"false"
"2026-10-09T07:21:20Z",596,"Ruggeri","AVL","-56.5","-37.8","-9.2","0.2",-2,16,"0.1",45,988,460,5,113,"1.5","a",0,0,,"false"
"2026-10-09T07:21:20Z",597,"Suzuki","AVL","33.0","33.3","33.7","34.2",2,28,"1.9",50,17770,9218,16,360,"2.0","a",0,0,,"false"
"2026-10-09T07:21:20Z",606,"Rowe","AVL","0.1","0.2","0.2","0.2",1,1,"0.2",40,387,1019,0,0,"0.0","a",0,0,,"false"
"2026-10-09T07:21:20Z",607,"Lynch","AVL","0.0","0.0","0.0","0.0",0,0,"0.1",45,0,800,0,0,"0.0","u",0,0,,"false"
"2026-10-09T07:21:20Z",611,"Wan-Bissaka","AVL","2.3","2.5","2.7","2.9",1,12,"0.2",45,2001,1772,6,152,"2.0","a",0,0,,"false"
"2026-10-09T07:21:20Z",618,"Goretzka","AVL","-49.3","-49.3","-49.3","-49.3",-3,0,"0.0",59,35,471,0,0,"0.0","i",0,-1,,"false"
"2026-10-09T07:21:20Z",630,"Harwood-Bellis","AVL","0.0","0.0","0.0","0.0",0,0,"0.0",45,275,238,0,0,"0.0","a",0,0,,"false"
"2026-10-09T07:21:20Z",631,"Mbaye","AVL","0.4","0.3","0.3","0.2",1,-3,"0.1",60,1219,1438,2,33,"1.0","a",0,0,,"false"
"2026-10-09T07:21:20Z",667,"Wright","AVL","0.4","0.5","0.7","0.9",1,12,"0.2",40,10838,1373,0,0,"0.0","a",0,0,,"false"
"2026-10-09T07:21:20Z",57,"Petrović","BOU","0.0","-0.5","-1.3","-2.2",-1,-16,"2.9",45,9162,16836,9,450,"1.5","a",0,0,,"false"
"2026-10-09T07:21:20Z",58,"Forster","BOU","4.9","5.0","5.0","5.0",1,2,"3.5",40,11686,10098,0,0,"0.0","a",0,0,,"false"
"2026-10-09T07:21:20Z",59,"Dennis","BOU","0.0","0.0","0.0","0.0",0,0,"0.1",40,0,770,0,0,"0.0","u",0,0,,"false"
"2026-10-09T07:21:20Z",60,"Hill","BOU","-31.5","-28.9","-24.8","-20.7",-2,18,"0.8",55,4556,4234,12,450,"3.0","a",0,0,,"false"
"2026-10-09T07:21:20Z",61,"Truffert","BOU","-2.3","-2.6","-3.2","-3.7",-1,-16,"3.0",54,6907,16858,10,450,"2.5","a",-1,-1,,"false"
"2026-10-09T07:21:20Z",62,"Diakité","BOU","-7.1","-6.6","-5.8","-5.1",-1,1,"0.2",49,577,1145,0,0,"0.0","a",-1,-1,,"false"
"2026-10-09T07:21:20Z",63,"Milosavljević","BOU","-9.8","-23.0","-43.2","-63.4",-2,-3,"0.0",49,44,79,0,0,"0.0","i",0,-1,,"false"
"2026-10-09T07:21:20Z",64,"Smith","BOU","0.4","0.3","0.3","0.3",1,-1,"0.1",45,584,665,4,434,"1.0","a",0,0,,"false"
"2026-10-09T07:21:20Z",65,"J.Araujo","BOU","-16.8","-23.7","-34.3","-44.9",-2,-2,"0.0",44,52,86,0,0,"0.0","i",0,-1,,"false"
"2026-10-09T07:21:20Z",66,"Soler","BOU","1.5","1.5","1.5","1.5",1,1,"0.3",40,923,1432,0,0,"0.0","a",0,0,,"false"
"2026-10-09T07:21:20Z",67,"Rayan","BOU","-10.7","-10.6","-10.3","-10.1",-1,4,"1.5",63,6285,12792,10,434,"2.0","a",-1,-2,,"false"
"2026-10-09T07:21:20Z",68,"Tavernier","BOU","38.2","40.8","44.8","48.9",3,248,"6.9",61,120139,65299,31,424,"5.0","a",0,1,,"false"
"2026-10-09T07:21:20Z",69,"Scott","BOU","-20.7","-33.3","-52.6","-71.9",-2,-1666,"5.2",61,26592,94663,30,446,"3.0","i",0,1,,"false"
"2026-10-09T07:21:20Z",70,"Kluivert","BOU","-83.7","-92.9","-106.9","-120.9",-3,-183,"0.8",60,2332,25232,15,294,"4.0","i",0,0,,"false"
"2026-10-09T07:21:20Z",71,"Cook","BOU","-19.2","-19.9","-21.1","-22.3",-1,-1,"0.2",50,337,1438,8,180,"0.5","a",0,0,,"false"
"2026-10-09T07:21:20Z",72,"Gannon-Doak","BOU","-76.0","-79.9","-85.8","-91.8",-3,-2,"0.1",49,185,496,4,12,"1.0","a",0,-1,,"false"
"2026-10-09T07:21:20Z",73,"Adams","BOU","1.7","1.7","1.8","1.8",1,3,"0.3",50,1513,2080,12,279,"3.0","a",0,0,,"false"
"2026-10-09T07:21:20Z",74,"Brooks","BOU","-25.4","-27.9","-31.8","-35.6",-2,-1,"0.1",50,242,433,3,45,"0.5","a",0,0,,"false"
"2026-10-09T07:21:20Z",75,"Christie","BOU","0.5","0.5","0.6","0.7",1,5,"0.0",50,482,321,5,102,"1.5","a",0,0,,"false"
"2026-10-09T07:21:20Z",76,"Tóth.A","BOU","-16.6","-16.6","-16.6","-16.6",-1,0,"0.0",49,38,74,2,17,"0.5","a",0,-1,,"false"
"2026-10-09T07:21:20Z",77,"Adli","BOU","-93.1","-93.1","-93.1","-93.1",-3,0,"0.0",49,33,94,0,0,"0.0","i",0,-1,,"false"
"2026-10-09T07:21:20Z",78,"Kroupi.Jr","BOU","-84.8","-84.8","-84.8","-84.8",-3,0,"0.2",74,250,1067,0,0,"0.0","i",0,-1,,"false"
"2026-10-09T07:21:20Z",79,"Evanilson","BOU","57.9","58.8","60.2","61.6",3,86,"3.2",60,28402,27928,18,424,"3.5","a",0,0,,"false"
"2026-10-09T07:21:20Z",80,"Enes Ünal","BOU","0.0","0.0","0.0","0.0",0,0,"0.0",55,0,62,0,0,"0.0","u",0,0,,"false"
"2026-10-09T07:21:20Z",81,"Rodríguez","BOU","-27.4","-19.4","-7.0","0.1",-1,9,"0.1",60,1079,884,2,10,"0.5","a",0,0,,"false"
"2026-10-09T07:21:20Z",566,"Silva","BOU","2.1","2.4","2.9","3.3",1,29,"0.5",50,17019,7989,13,450,"3.0","a",0,0,,"false"
"2026-10-09T07:21:20Z",573,"Sanchez","BOU","-15.9","-17.4","-19.8","-22.1",-1,-2,"0.2",44,180,559,0,0,"0.0","a",0,-1,,"false"
"2026-10-09T07:21:20Z",608,"Jebbison","BOU","0.6","0.7","0.7","0.7",1,2,"0.1",50,1166,1100,3,31,"0.5","a",0,0,,"false"
"2026-10-09T07:21:20Z",615,"Di Gregorio","BOU","-33.4","-33.4","-33.4","-33.4",-2,0,"0.0",45,221,236,0,0,"0.0","a",0,0,,"false"
"2026-10-09T07:21:20Z",82,"Kelleher","BRE","23.1","23.7","24.6","25.5",2,56,"6.1",50,27137,20148,20,450,"4.5","a",0,0,,"false"
"2026-10-09T07:21:20Z",83,"Valdimarsson","BRE","-82.1","-82.1","-82.1","-82.1",-3,0,"0.1",45,384,455,0,0,"0.0","a",0,0,,"false"
"2026-10-09T07:21:20Z",84,"Collins","BRE","-38.3","-40.6","-44.2","-47.7",-3,-54,"0.9",54,140,12261,10,196,"0.0","i",0,-1,,"false"
"2026-10-09T07:21:20Z",85,"Van den Berg","BRE","-92.5","-94.8","-98.4","-101.9",-3,-3,"0.1",49,57,454,0,0,"0.0","i",0,-1,,"false"
"2026-10-09T07:21:20Z",86,"Lewis-Potter","BRE","34.3","33.8","32.9","32.1",2,-50,"1.7",55,5000,15586,22,406,"2.0","a",0,0,,"false"
"2026-10-09T07:21:20Z",87,"Ajer","BRE","34.4","34.9","35.6","36.3",2,46,"3.8",45,17836,32082,21,450,"4.0","a",0,0,,"false"
"2026-10-09T07:21:20Z",88,"Kayode","BRE","-39.5","-38.7","-37.3","-36.0",-2,61,"7.6",46,22085,29869,23,294,"3.5","a",0,1,,"false"
"2026-10-09T07:21:20Z",89,"Henry","BRE","-19.9","-22.0","-25.3","-28.5",-2,-4,"0.2",44,200,768,1,2,"0.0","a",0,-1,,"false"
"2026-10-09T07:21:20Z",90,"Hickey","BRE","-33.6","-42.2","-55.4","-68.7",-3,-5,"0.1",45,240,338,5,152,"1.0","a",0,0,,"false"
"2026-10-09T07:21:20Z",92,"Ji-soo","BRE","-4.1","-4.1","-4.1","-4.1",-1,0,"0.0",44,75,103,0,0,"0.0","a",-1,-1,,"false"
"2026-10-09T07:21:20Z",93,"Schuster","BRE","8.2","9.6","11.7","13.8",1,131,"0.4",45,24979,4022,21,253,"8.5","a",0,0,,"false"
"2026-10-09T07:21:20Z",94,"Schade","BRE","35.0","44.7","59.6","74.4",3,2485,"13.0",62,551422,47611,39,447,"12.0","a",1,2,,"false"
"2026-10-09T07:21:20Z",95,"O.Dango","BRE","-61.3","-66.6","-74.8","-83.0",-3,-22,"0.5",63,1192,4857,7,179,"1.0","a",0,-2,,"false"
"2026-10-09T07:21:20Z",96,"Damsgaard","BRE","-14.7","-19.4","-26.5","-33.7",-1,-32,"0.4",54,1888,3849,16,283,"2.0","d",0,-1,,"false"
"2026-10-09T07:21:20Z",97,"Jensen","BRE","-67.4","-69.7","-73.3","-76.9",-3,-5,"0.1",54,23,832,6,66,"0.0","i",0,-1,,"false"
"2026-10-09T07:21:20Z",98,"Janelt","BRE","84.8","84.8","84.8","84.8",3,-1,"2.5",50,26090,24153,28,450,"3.5","a",0,0,,"false"
"2026-10-09T07:21:20Z",99,"Milambo","BRE","-41.8","-41.8","-41.8","-41.8",-3,0,"0.0",50,11,9,0,0,"0.0","i",0,0,,"false"
"2026-10-09T07:21:20Z",100,"Carvalho","BRE","0.4","0.4","0.4","0.4",1,0,"0.0",50,731,216,6,3,"3.0","a",0,0,,"false"
"2026-10-09T07:21:20Z",102,"Yarmoliuk","BRE","-23.6","-27.4","-33.1","-38.9",-2,-22,"0.6",48,1873,4779,9,216,"3.5","a",0,-2,,"false"
"2026-10-09T07:21:20Z",103,"Dasilva","BRE","-73.3","-73.3","-73.3","-73.3",-3,0,"0.0",49,15,134,0,0,"0.0","i",0,-1,,"false"
"2026-10-09T07:21:20Z",105,"Anthony","BRE","1.3","1.5","1.7","1.9",1,15,"0.2",59,3296,846,15,267,"5.5","a",0,-1,,"false"
"2026-10-09T07:21:20Z",106,"Thiago","BRE","21.6","26.3","33.4","40.4",2,438,"9.3",78,88247,52313,10,442,"3.0","a",0,-2,,"false"
"2026-10-09T07:21:20Z",107,"Furo","BRE","-10.6","-12.4","-15.2","-18.0",-1,-40,"0.9",45,1085,11794,0,0,"0.0","i",0,0,,"false"
"2026-10-09T07:21:20Z",108,"Wilson","BRE","-13.7","-15.3","-17.6","-20.0",-1,-7,"0.3",54,1575,2991,3,13,"0.0","a",-1,-1,,"false"
"2026-10-09T07:21:20Z",565,"M.Sangaré","BRE","-44.4","-48.8","-55.6","-62.3",-3,-651,"9.5",56,10898,177120,22,321,"2.0","a",-1,1,,"false"
"2026-10-09T07:21:20Z",620,"Diouf","BRE","-36.6","-37.4","-38.6","-39.9",-2,-1,"0.1",45,681,851,2,39,"1.0","a",0,0,,"false"
"2026-10-09T07:21:20Z",657,"Nunes","BRE","0.0","0.0","0.0","0.0",0,0,"0.0",45,408,307,0,0,"0.0","a",0,0,,"false"
"2026-10-09T07:21:20Z",660,"Fredrick","BRE","0.0","0.1","0.1","0.1",1,1,"0.0",40,636,82,0,0,"0.0","a",0,0,,"false"
"2026-10-09T07:21:20Z",661,"Balcombe","BRE","0.1","0.1","0.2","0.2",1,3,"0.0",40,3831,757,0,0,"0.0","a",0,0,,"false"
"2026-10-09T07:21:20Z",109,"Verbruggen","BHA","71.5","72.3","73.6","74.9",3,80,"21.5",45,102589,110291,23,450,"7.0","a",0,0,,"false"
"2026-10-09T07:21:20Z",111,"Steele","BHA","-2.6","-3.9","-5.8","-7.7",-1,-46,"4.1",40,9986,20351,0,0,"0.0","a",0,0,,"false"
"2026-10-09T07:21:20Z",113,"F.Kadıoğlu","BHA","-64.6","-64.6","-64.6","-64.6",-3,0,"1.6",44,6113,10222,13,332,"5.5","a",0,-1,,"false"
"2026-10-09T07:21:20Z",114,"Boscagli","BHA","3.4","3.6","4.0","4.3",1,21,"0.3",45,3491,1272,19,437,"6.0","a",0,0,,"false"
"2026-10-09T07:21:20Z",115,"De Cuyper","BHA","14.5","20.8","30.5","40.1",2,1614,"28.8",50,413980,36326,38,423,"8.5","a",1,5,,"false"
"2026-10-09T07:21:20Z",116,"Dunk","BHA","19.8","19.0","17.8","16.5",1,-76,"1.4",45,8110,14902,22,360,"6.0","d",0,0,,"false"
"2026-10-09T07:21:20Z",117,"Coppola","BHA","-10.0","-10.0","-10.0","-10.0",-1,0,"0.0",45,142,124,0,0,"0.0","a",0,0,,"false"
"2026-10-09T07:21:20Z",118,"Igor","BHA","0.0","0.0","0.0","0.0",0,0,"0.0",45,0,373,0,0,"0.0","u",0,0,,"false"
"2026-10-09T07:21:20Z",119,"Costinha","BHA","0.0","0.0","0.1","0.1",0,2,"0.0",45,227,164,4,68,"1.0","a",0,0,,"false"
"2026-10-09T07:21:20Z",120,"Svoboda","BHA","0.6","0.6","0.6","0.6",1,0,"0.1",50,1462,540,1,4,"0.5","a",0,0,,"false"
"2026-10-09T07:21:20Z",121,"Mitoma","BHA","-27.5","-27.5","-27.5","-27.5",-2,0,"0.0",59,161,211,0,0,"0.0","i",0,-1,,"false"
"2026-10-09T07:21:20Z",122,"Minteh","BHA","-7.9","-7.9","-7.9","-7.9",-1,0,"0.0",58,54,279,0,0,"0.0","i",-1,-2,,"false"
"2026-10-09T07:21:20Z",123,"Hinshelwood","BHA","-49.6","-51.8","-55.2","-58.5",-3,-30,"0.5",59,383,8393,16,63,"0.0","i",0,-1,,"false"
"2026-10-09T07:21:20Z",124,"Groß","BHA","33.0","52.9","83.4","113.8",3,5103,"31.2",59,1017503,20237,47,450,"15.5","a",2,4,,"false"
"2026-10-09T07:21:20Z",125,"Georginio","BHA","-0.7","-1.0","-1.6","-2.1",-1,-3,"0.5",53,3608,5196,6,104,"0.5","a",-1,-2,,"false"
"2026-10-09T07:21:20Z",126,"O'Riley","BHA","-9.4","-9.4","-9.4","-9.4",-1,0,"0.1",54,507,665,2,10,"1.0","a",0,-1,,"false"
"2026-10-09T07:21:20Z",127,"Gomez","BHA","32.6","32.3","31.7","31.1",2,-35,"3.9",50,16613,52435,24,433,"5.5","a",0,0,,"false"
"2026-10-09T07:21:20Z",128,"Buonanotte","BHA","0.0","0.0","0.0","0.0",0,0,"0.0",50,0,9,0,0,"0.0","u",0,0,,"false"
"2026-10-09T07:21:20Z",129,"Ayari","BHA","-41.9","-36.2","-27.5","-18.8",-2,19,"0.4",54,3407,2749,15,333,"5.5","a",0,-1,,"false"
"2026-10-09T07:21:20Z",130,"Wieffer","BHA","-40.3","-45.0","-52.2","-59.5",-3,-20,"0.2",49,37,2469,7,156,"0.0","i",0,-1,,"false"
"2026-10-09T07:21:20Z",132,"Howell","BHA","0.0","0.0","0.0","0.0",0,-1,"0.0",45,0,267,0,0,"0.0","u",0,0,,"false"
"2026-10-09T07:21:20Z",133,"Watson","BHA","0.0","0.0","0.0","0.0",0,0,"0.0",50,0,6,0,0,"0.0","u",0,0,,"false"
"2026-10-09T07:21:20Z",134,"Oriola","BHA","-94.3","-97.4","-102.3","-107.1",-4,-7,"0.2",45,413,1667,0,0,"0.0","a",0,0,,"false"
"2026-10-09T07:21:20Z",135,"Yohanna","BHA","-4.8","-6.2","-8.5","-10.7",-1,-2,"0.0",48,29,502,1,12,"0.0","i",-1,-2,,"false"
"2026-10-09T07:21:20Z",137,"Tzimas","BHA","-5.5","-5.5","-5.5","-5.5",-1,0,"0.0",54,47,68,0,0,"0.0","i",0,-1,,"false"
"2026-10-09T07:21:20Z",138,"Kostoulas","BHA","42.6","53.8","71.0","88.2",3,2880,"5.6",56,451732,32779,28,353,"10.0","a",1,1,,"false"
"2026-10-09T07:21:20Z",139,"Ferguson","BHA","-64.4","-67.6","-72.5","-77.4",-3,-2,"0.0",50,173,302,0,0,"0.0","i",0,0,,"false"
"2026-10-09T07:21:20Z",328,"Struijk","BHA","-16.0","-17.7","-20.3","-22.9",-1,-5,"0.2",49,665,1319,7,98,"3.0","d",0,-1,,"false"
"2026-10-09T07:21:20Z",504,"Vuskovic","BHA","66.3","68.4","71.6","74.7",3,197,"3.9",50,86721,21625,32,437,"7.0","a",0,0,,"false"
"2026-10-09T07:21:20Z",594,"David","BHA","0.8","0.7","0.6","0.5",1,-7,"0.2",59,3837,2687,1,23,"0.0","a",-1,-1,,"false"
"2026-10-09T07:21:20Z",600,"Osman","BHA","-76.1","-76.1","-76.1","-76.1",-3,0,"0.0",50,131,152,3,40,"0.5","a",0,0,,"false"
"2026-10-09T07:21:20Z",605,"Yalcouyé","BHA","57.5","56.9","56.0","55.1",3,-57,"3.9",45,34202,42864,20,236,"4.5","a",0,0,,"false"
"2026-10-09T07:21:20Z",614,"Hadjam","BHA","-3.6","-3.6","-3.6","-3.6",-1,0,"0.0",45,287,282,0,0,"0.0","a",0,0,,"false"
"2026-10-09T07:21:20Z",624,"Cozier-Duberry","BHA","0.0","0.0","0.0","0.0",0,0,"0.0",50,0,6,0,0,"0.0","u",0,0,,"false"
"2026-10-09T07:21:20Z",639,"Andrés","BHA","2.0","2.4","2.9","3.4",1,33,"0.0",55,3748,419,12,109,"6.0","a",0,0,,"false"
"2026-10-09T07:21:20Z",652,"Azeez","BHA","-36.0","-36.0","-36.0","-36.0",-2,0,"0.0",55,23,52,0,0,"0.0","i",0,0,,"false"
"2026-10-09T07:21:20Z",658,"Ibrahim","BHA","0.0","0.0","0.0","0.0",0,0,"0.0",45,367,235,0,0,"0.0","a",0,0,,"false"
"2026-10-09T07:21:20Z",28,"Martinez","CHE","-7.3","-7.0","-6.6","-6.1",-1,12,"4.7",50,11412,27299,9,360,"2.0","a",0,0,,"false"
"2026-10-09T07:21:20Z",40,"Rogers","CHE","5.7","10.3","17.3","24.4",1,1179,"41.3",78,255972,90898,29,437,"5.0","a",1,3,,"false"
"2026-10-09T07:21:20Z",101,"Henderson","CHE","0.1","0.1","0.2","0.2",1,3,"0.0",49,628,203,2,90,"1.0","a",0,-1,,"false"
"2026-10-09T07:21:20Z",136,"Welbeck","CHE","8.2","8.9","10.0","11.1",1,68,"1.0",59,12175,12298,4,85,"1.5","a",0,-1,,"false"
"2026-10-09T07:21:20Z",140,"Sánchez","CHE","0.0","0.0","0.0","0.0",0,-25,"0.7",49,0,6167,2,90,"0.0","u",0,-1,,"false"
"2026-10-09T07:21:20Z",141,"Jörgensen","CHE","0.0","0.0","0.0","0.0",0,0,"0.0",50,0,36,0,0,"0.0","u",0,0,,"false"
"2026-10-09T07:21:20Z",142,"James","CHE","-4.7","-7.2","-11.0","-14.8",-1,-400,"5.6",53,812,98288,3,292,"0.5","d",-1,-2,,"false"
"2026-10-09T07:21:20Z",143,"Chalobah","CHE","0.0","0.0","0.0","0.0",0,0,"0.1",55,0,378,0,0,"0.0","u",0,0,,"false"
"2026-10-09T07:21:20Z",144,"Gusto","CHE","-5.0","-6.0","-7.6","-9.2",-1,-15,"0.9",49,2073,8120,4,272,"0.5","a",-1,-1,,"false"
"2026-10-09T07:21:20Z",145,"Fofana","CHE","5.6","5.9","6.3","6.8",1,30,"0.2",50,3760,1646,8,312,"2.5","a",0,0,,"false"
"2026-10-09T07:21:20Z",146,"B.Badiashile","CHE","0.0","0.0","0.0","0.0",0,0,"0.0",45,0,54,0,0,"0.0","u",0,0,,"false"
"2026-10-09T07:21:20Z",148,"Hato","CHE","13.1","12.9","12.5","12.1",1,-24,"0.8",45,1253,9569,8,258,"0.0","a",0,0,,"false"
"2026-10-09T07:21:20Z",149,"Colwill","CHE","-11.6","-11.7","-11.7","-11.8",-1,-1,"0.9",48,1762,6920,3,341,"1.0","a",-1,-2,,"false"
"2026-10-09T07:21:20Z",150,"M.Sarr","CHE","0.0","0.0","0.0","0.0",0,0,"0.0",45,0,213,0,0,"0.0","u",0,0,,"false"
"2026-10-09T07:21:20Z",151,"Acheampong","CHE","-17.0","-19.1","-22.4","-25.8",-1,-7,"0.3",45,554,2449,5,221,"0.0","a",0,0,,"false"
"2026-10-09T07:21:20Z",152,"Palestra","CHE","-7.0","-10.3","-15.2","-20.1",-1,-32,"0.6",53,424,5549,0,0,"0.0","d",0,-2,,"false"
"2026-10-09T07:21:20Z",154,"Palmer","CHE","-35.6","-45.8","-61.5","-77.2",-3,-1792,"24.7",97,62468,271737,28,442,"3.5","d",0,2,,"false"
"2026-10-09T07:21:20Z",156,"Neto","CHE","-2.3","-0.0","0.5","0.9",0,28,"1.4",65,8450,11988,14,332,"2.0","a",0,0,,"false"
"2026-10-09T07:21:20Z",157,"Estêvão","CHE","-33.2","-31.3","-28.3","-25.3",-2,12,"0.7",63,2607,5014,4,23,"1.0","a",0,-2,,"false"
"2026-10-09T07:21:20Z",158,"Gittens","CHE","-7.9","-9.4","-11.8","-14.1",-1,-1,"0.0",58,163,311,0,0,"0.0","d",-1,-2,,"false"
"2026-10-09T07:21:20Z",159,"Caicedo","CHE","-9.1","-12.6","-18.0","-23.4",-1,-60,"1.0",53,501,11488,1,13,"0.0","d",0,-2,,"false"
"2026-10-09T07:21:20Z",161,"Lavia","CHE","4.9","4.8","4.7","4.5",1,-9,"0.2",50,675,2971,11,258,"1.0","a",0,0,,"false"
"2026-10-09T07:21:20Z",163,"D.Essugo","CHE","0.0","0.0","0.0","0.0",0,-6,"0.1",45,0,911,0,0,"0.0","u",0,0,,"false"
"2026-10-09T07:21:20Z",164,"Quenda","CHE","-33.2","-33.2","-33.2","-33.2",-2,0,"0.0",53,86,218,2,27,"0.5","a",0,-2,,"false"
"2026-10-09T07:21:20Z",165,"João Pedro","CHE","-4.2","-5.2","-6.9","-8.5",-1,-1960,"63.9",77,99381,519859,33,360,"6.0","d",-1,2,,"false"
"2026-10-09T07:21:20Z",168,"Marc Guiu","CHE","0.0","0.0","0.0","0.0",0,-6,"0.2",50,0,1928,0,0,"0.0","u",0,0,,"false"
"2026-10-09T07:21:20Z",169,"Mheuka","CHE","4.9","5.0","5.1","5.1",1,5,"0.5",45,5530,4286,0,0,"0.0","a",0,0,,"false"
"2026-10-09T07:21:20Z",170,"Emegha","CHE","-2.0","-2.3","-2.7","-3.1",-1,-1,"0.1",49,132,1281,0,0,"0.0","i",-1,-1,,"false"
"2026-10-09T07:21:20Z",200,"Lacroix","CHE","-8.2","-8.1","-8.0","-7.9",-1,7,"6.7",59,12647,37359,13,364,"2.0","a",-1,-1,,"false"
"2026-10-09T07:21:20Z",560,"Penders","CHE","-3.0","-3.0","-3.0","-3.0",-1,0,"0.1",44,279,367,0,0,"0.0","a",0,-1,,"false"
"2026-10-09T07:21:20Z",561,"Anselmino","CHE","-0.7","-0.7","-0.7","-0.7",-1,0,"0.0",45,84,124,0,0,"0.0","a",0,0,,"false"
"2026-10-09T07:21:20Z",568,"Barco","CHE","-17.8","-17.8","-17.8","-17.8",-1,0,"0.1",54,295,561,3,115,"1.0","a",0,-1,,"false"
"2026-10-09T07:21:20Z",583,"Chavarria","CHE","-50.2","-45.8","-39.2","-32.5",-3,6,"0.2",49,660,712,5,208,"1.0","a",0,-1,,"false"
"2026-10-09T07:21:20Z",662,"Nicoll-Jazuli","CHE","0.0","0.0","0.0","0.0",0,0,"0.0",45,399,94,1,3,"1.0","a",0,0,,"false"
"2026-10-09T07:21:20Z",91,"Pinnock","COV","-69.8","-69.8","-69.8","-69.8",-3,0,"0.1",45,612,344,14,282,"5.0","a",0,0,,"false"
"2026-10-09T07:21:20Z",104,"Onyeka","COV","-42.3","-42.3","-42.3","-42.3",-3,0,"0.1",49,210,606,9,314,"2.5","a",0,-1,,"false"
"2026-10-09T07:21:20Z",110,"Rushworth","COV","-63.9","-64.4","-65.3","-66.1",-3,-4,"0.8",45,3542,7577,16,450,"5.5","a",0,0,,"false"
"2026-10-09T07:21:20Z",171,"Dovin","COV","0.0","0.0","0.0","0.0",0,-12,"1.0",40,0,6757,0,0,"0.0","u",0,0,,"false"
"2026-10-09T07:21:20Z",172,"Wilson","COV","-7.7","-7.7","-7.7","-7.7",-1,0,"0.4",44,290,884,0,0,"0.0","a",0,-1,,"false"
"2026-10-09T07:21:20Z",173,"Thomas","COV","19.4","19.8","20.5","21.2",1,43,"8.6",40,45288,45755,24,437,"4.5","a",0,0,,"false"
"2026-10-09T07:21:20Z",174,"Kitching","COV","0.0","0.0","0.0","0.0",0,-12,"0.3",40,0,2523,0,0,"0.0","u",0,0,,"false"
"2026-10-09T07:21:20Z",175,"van Ewijk","COV","-59.4","-61.3","-64.3","-67.3",-3,-275,"8.4",40,1348,107149,6,360,"0.0","d",0,0,,"false"
"2026-10-09T07:21:20Z",176,"Dasilva","COV","-18.9","-13.2","-4.4","0.3",-1,40,"0.8",40,11146,2956,20,444,"7.5","a",0,0,,"false"
"2026-10-09T07:21:20Z",177,"Kesler-Hayden","COV","0.2","0.2","0.2","0.2",1,0,"0.1",39,4181,1163,0,0,"0.0","d",-1,-1,"2026-10-16T14:00:11.606100Z","false"
"2026-10-09T07:21:20Z",178,"Bidwell","COV","-33.9","-33.9","-33.9","-33.9",-2,0,"0.1",40,234,397,0,0,"0.0","a",0,0,,"false"
"2026-10-09T07:21:20Z",179,"Latibeaudiere","COV","-85.9","-85.9","-85.9","-85.9",-3,0,"0.0",40,92,186,1,1,"0.5","a",0,0,,"false"
"2026-10-09T07:21:20Z",180,"Woolfenden","COV","-0.3","-0.3","-0.3","-0.3",-1,0,"0.1",39,328,758,0,0,"0.0","i",-1,-1,,"false"
"2026-10-09T07:21:20Z",181,"Brau","COV","0.0","0.0","0.0","0.0",0,-1,"0.0",40,0,140,0,0,"0.0","u",0,0,,"false"
"2026-10-09T07:21:20Z",182,"Amenda","COV","-66.6","-69.1","-72.9","-76.7",-3,-37,"0.6",40,56,8706,4,360,"0.0","i",0,0,,"false"
"2026-10-09T07:21:20Z",183,"Rudoni","COV","0.2","0.2","0.2","0.3",1,3,"0.1",49,1326,1014,13,297,"3.5","a",0,-1,,"false"
"2026-10-09T07:21:20Z",184,"Grimes","COV","-37.3","-44.8","-56.2","-67.7",-3,-8,"0.1",49,243,1171,11,443,"2.5","a",0,-1,,"false"
"2026-10-09T07:21:20Z",185,"Sakamoto","COV","-32.6","-36.3","-41.9","-47.4",-2,-2,"0.1",48,141,509,1,31,"0.0","a",0,-2,,"false"
"2026-10-09T07:21:20Z",186,"Mason-Clark","COV","-4.3","-4.3","-4.3","-4.3",-1,0,"0.1",53,94,438,5,231,"1.0","a",-1,-2,,"false"
"2026-10-09T07:21:20Z",187,"Eccles","COV","-6.2","-6.2","-6.2","-6.2",-1,0,"0.0",48,38,123,0,0,"0.0","i",-1,-2,,"false"
"2026-10-09T07:21:20Z",188,"Torp","COV","-16.2","-16.2","-16.2","-16.2",-1,0,"0.1",53,48,567,3,53,"0.5","a",-1,-2,,"false"
"2026-10-09T07:21:20Z",189,"Shepherd","COV","0.8","0.6","0.4","0.2",1,-15,"0.3",44,4708,3493,0,0,"0.0","a",0,-1,,"false"
"2026-10-09T07:21:20Z",190,"Tchaouna","COV","-96.4","-96.4","-96.4","-96.4",-4,0,"0.1",54,38,469,5,211,"0.5","a",0,-1,,"false"
"2026-10-09T07:21:20Z",191,"Borges Rodrigues","COV","0.0","0.0","0.0","0.0",0,-5,"0.1",45,0,957,0,0,"0.0","u",0,0,,"false"
"2026-10-09T07:21:20Z",192,"Andrews","COV","0.0","0.0","0.0","0.0",0,-13,"0.3",45,0,2759,0,0,"0.0","u",0,0,,"false"
"2026-10-09T07:21:20Z",193,"Wright","COV","-3.0","-3.4","-4.0","-4.6",-1,-1,"0.1",53,53,733,0,0,"0.0","i",-1,-2,,"false"
"2026-10-09T07:21:20Z",194,"Thomas-Asante","COV","3.7","4.0","4.4","4.8",1,26,"0.8",50,12297,8233,9,227,"2.5","a",0,0,,"false"
"2026-10-09T07:21:20Z",195,"Simms","COV","-1.0","-0.7","-0.1","0.0",-1,4,"0.6",49,3273,7015,4,104,"0.5","a",-1,-1,,"false"
"2026-10-09T07:21:20Z",196,"Markelo","COV","0.0","0.0","0.0","0.0",0,0,"0.0",50,0,72,0,0,"0.0","u",0,0,,"false"
"2026-10-09T07:21:20Z",197,"Bassette","COV","0.0","0.0","0.0","0.0",0,0,"0.0",45,0,177,0,0,"0.0","u",0,0,,"false"
"2026-10-09T07:21:20Z",492,"Awoniyi","COV","-19.9","-21.8","-24.6","-27.5",-2,-30,"0.4",54,98,6655,3,232,"-1.0","s",-1,-1,,"false"
"2026-10-09T07:21:20Z",575,"Yirenkyi","COV","-5.8","-5.8","-5.8","-5.8",-1,0,"0.1",48,386,1313,9,265,"2.0","a",-1,-2,,"false"
"2026-10-09T07:21:20Z",584,"Hamer","COV","-100.0","-104.4","-111.1","-117.9",-5,-4,"0.1",54,59,518,3,32,"0.0","a",0,-1,,"false"
"2026-10-09T07:21:20Z",599,"Cherif","COV","-8.1","-10.8","-15.1","-19.4",-1,-3,"0.1",50,693,959,1,30,"0.5","a",0,0,,"false"
"2026-10-09T07:21:20Z",623,"Bentley","COV","2.6","2.7","2.9","3.1",1,12,"0.7",40,15403,3313,0,0,"0.0","a",0,0,,"false"
"2026-10-09T07:21:20Z",655,"Gboho","COV","0.0","0.0","0.0","0.0",0,0,"0.0",55,88,60,0,0,"0.0","a",0,0,,"false"
"2026-10-09T07:21:20Z",656,"Mfuni","COV","0.1","0.1","0.2","0.2",1,2,"0.1",40,2373,1038,6,90,"3.0","a",0,0,,"false"
"2026-10-09T07:21:20Z",42,"Guessand","CRY","-33.4","-33.4","-33.4","-33.4",-2,0,"0.0",54,128,309,2,54,"0.0","a",0,-1,,"false"
"2026-10-09T07:21:20Z",153,"Disasi","CRY","-78.3","-83.4","-91.1","-98.8",-3,-8,"0.1",45,39,1031,1,139,"-1.5","s",0,0,,"false"
"2026-10-09T07:21:20Z",198,"Henderson","CRY","-2.5","-3.8","-5.8","-7.7",-1,-70,"1.3",49,182,14563,5,270,"0.0","i",-1,-1,,"false"
"2026-10-09T07:21:20Z",199,"Benitez","CRY","-20.0","-16.9","-12.1","-7.3",-1,3,"0.1",45,1069,542,8,180,"4.0","a",0,0,,"false"
"2026-10-09T07:21:20Z",202,"Richards","CRY","0.1","0.2","0.3","0.4",1,6,"0.6",49,2511,2920,14,450,"5.0","a",-1,-1,,"false"
"2026-10-09T07:21:20Z",203,"Canvot","CRY","0.0","0.1","0.1","0.2",1,3,"0.2",48,711,1178,10,360,"4.0","a",-1,-2,,"false"
"2026-10-09T07:21:20Z",204,"Mitchell","CRY","29.5","29.9","30.4","31.0",2,34,"6.1",45,21908,24412,24,419,"4.0","a",0,0,,"false"
"2026-10-09T07:21:20Z",205,"Sosa","CRY","0.0","0.0","0.0","0.0",0,-1,"0.0",45,0,137,0,0,"0.0","u",0,0,,"false"
"2026-10-09T07:21:20Z",206,"Chadi Riad","CRY","-8.3","-13.2","-20.7","-28.2",-1,-4,"0.0",43,36,188,1,72,"0.0","i",-1,-2,,"false"
"2026-10-09T07:21:20Z",207,"Mingueza","CRY","-0.4","0.0","0.1","0.1",0,3,"0.1",43,123,403,2,16,"0.0","a",-1,-2,,"false"
"2026-10-09T07:21:20Z",208,"Sarr","CRY","0.3","0.3","0.3","0.3",1,0,"0.6",62,3684,2952,1,8,"0.5","a",0,-3,,"false"
"2026-10-09T07:21:20Z",210,"Wharton","CRY","-4.9","-6.2","-8.2","-10.3",-1,-15,"0.7",54,1507,5603,12,436,"2.0","a",-1,-1,,"false"
"2026-10-09T07:21:20Z",211,"Yeremy","CRY","4.7","4.4","4.1","3.7",1,-24,"0.3",55,906,3756,14,307,"1.5","a",0,0,,"false"
"2026-10-09T07:21:20Z",212,"Hughes","CRY","-27.8","-30.4","-34.3","-38.1",-2,-165,"7.1",44,11328,62501,2,29,"0.5","a",0,-1,,"false"
"2026-10-09T07:21:20Z",213,"Lerma","CRY","-4.4","-4.4","-4.4","-4.4",-1,0,"0.1",48,126,483,1,51,"0.5","a",-1,-2,,"false"
"2026-10-09T07:21:20Z",214,"Kamada","CRY","12.5","12.6","12.6","12.7",1,3,"0.5",50,4492,4189,21,441,"5.5","a",0,0,,"false"
"2026-10-09T07:21:20Z",215,"Devenny","CRY","0.0","0.0","0.0","0.0",0,0,"0.0",50,0,47,0,0,"0.0","u",0,0,,"false"
"2026-10-09T07:21:20Z",216,"Esse","CRY","0.0","0.0","0.0","0.0",0,-2,"0.0",50,0,159,0,0,"0.0","u",0,0,,"false"
"2026-10-09T07:21:20Z",217,"M.França","CRY","0.0","0.0","0.0","0.0",0,0,"0.0",49,0,202,0,0,"0.0","u",0,-1,,"false"
"2026-10-09T07:21:20Z",218,"Doucouré","CRY","-4.7","-4.7","-4.7","-4.7",-1,0,"0.0",48,144,368,0,0,"0.0","a",-1,-2,,"false"
"2026-10-09T07:21:20Z",219,"J.Rak-Sakyi","CRY","0.0","0.0","0.0","0.0",0,0,"0.0",49,0,34,0,0,"0.0","u",0,-1,,"false"
"2026-10-09T07:21:20Z",220,"Cardines","CRY","0.0","0.0","0.0","0.0",0,0,"0.0",45,0,3,0,0,"0.0","u",0,0,,"false"
"2026-10-09T07:21:20Z",221,"Drakes-Thomas","CRY","-1.1","-1.1","-1.1","-1.1",-1,0,"0.1",44,207,544,0,0,"0.0","a",-1,-1,,"false"
"2026-10-09T07:21:20Z",222,"Strand Larsen","CRY","6.6","7.2","8.1","8.9",1,53,"0.7",60,8414,5481,14,298,"5.0","a",0,0,,"false"
"2026-10-09T07:21:20Z",223,"Mateta","CRY","-31.8","-33.4","-35.8","-38.1",-2,-49,"1.3",63,280,11286,2,62,"0.0","i",0,-2,,"false"
"2026-10-09T07:21:20Z",224,"Nketiah","CRY","-24.8","-27.7","-32.2","-36.7",-2,-13,"0.5",55,1720,4388,8,175,"0.5","a",0,0,,"false"
"2026-10-09T07:21:20Z",225,"Uche","CRY","0.0","0.0","0.0","0.0",0,0,"0.0",50,0,0,0,0,"0.0","u",0,0,,"false"
"2026-10-09T07:21:20Z",241,"McNeil","CRY","-2.4","-2.7","-3.1","-3.6",-1,-1,"0.1",53,115,634,3,84,"0.0","a",-1,-2,,"false"
"2026-10-09T07:21:20Z",555,"Matthews","CRY","-10.5","-10.7","-10.9","-11.2",-1,-2,"1.7",40,1519,3793,0,0,"0.0","a",0,0,,"false"
"2026-10-09T07:21:20Z",577,"Tomiyasu","CRY","-21.5","-23.3","-26.2","-29.0",-2,-8,"0.3",44,156,1752,3,189,"0.5","d",0,-1,,"false"
"2026-10-09T07:21:20Z",588,"Khalaili","CRY","6.8","6.5","6.1","5.7",1,-26,"0.3",50,2367,2496,19,379,"6.5","d",0,0,,"false"
"2026-10-09T07:21:20Z",595,"Gozo","CRY","-4.5","-4.5","-4.5","-4.5",-1,0,"0.0",49,43,110,2,28,"0.5","a",-1,-1,,"false"
"2026-10-09T07:21:20Z",633,"Ahanor","CRY","0.1","0.1","0.1","0.1",1,0,"0.0",45,175,135,3,90,"1.5","a",0,0,,"false"
"2026-10-09T07:21:20Z",643,"Chilwell","CRY","-87.9","-90.9","-95.6","-100.2",-3,-12,"0.4",45,761,3776,8,29,"0.5","a",0,0,,"false"
"2026-10-09T07:21:20Z",644,"Timber","CRY","0.2","0.2","0.2","0.2",1,0,"0.0",50,603,393,9,253,"3.5","a",0,0,,"false"
"2026-10-09T07:21:20Z",647,"Osorio","CRY","-81.5","-81.5","-81.5","-81.5",-3,0,"0.0",55,37,89,1,1,"0.0","a",0,0,,"false"
"2026-10-09T07:21:20Z",21,"Nørgaard","EVE","-3.0","-5.7","-9.8","-13.9",-1,-5,"0.0",48,78,447,0,0,"0.0","i",-1,-2,,"false"
"2026-10-09T07:21:20Z",209,"Johnson","EVE","-25.4","-31.9","-41.9","-52.0",-2,-7,"0.1",59,576,996,9,238,"3.0","a",0,-1,,"false"
"2026-10-09T07:21:20Z",226,"Pickford","EVE","32.5","32.5","32.6","32.6",2,2,"9.2",55,37728,23126,25,450,"7.0","a",0,0,,"false"
"2026-10-09T07:21:20Z",227,"Travers","EVE","-34.5","-34.5","-34.5","-34.5",-2,0,"0.0",50,319,327,0,0,"0.0","a",0,0,,"false"
"2026-10-09T07:21:20Z",228,"King","EVE","-46.5","-46.5","-46.5","-46.5",-3,0,"0.0",45,145,203,0,0,"0.0","a",0,0,,"false"
"2026-10-09T07:21:20Z",229,"Tarkowski","EVE","7.8","11.3","16.7","22.1",1,901,"17.4",62,310178,36993,43,450,"11.0","a",1,2,,"false"
"2026-10-09T07:21:20Z",230,"Branthwaite","EVE","41.8","43.1","45.2","47.3",3,130,"2.5",55,31518,11061,27,450,"7.0","a",0,0,,"false"
"2026-10-09T07:21:20Z",231,"Keane","EVE","-48.0","-48.9","-50.3","-51.8",-3,-6,"0.7",48,612,5019,0,0,"0.0","a",0,-2,,"false"
"2026-10-09T07:21:20Z",232,"O'Brien","EVE","-6.3","-7.5","-9.5","-11.4",-1,-5,"0.3",48,474,1529,2,16,"1.0","a",-1,-2,,"false"
"2026-10-09T07:21:20Z",233,"Mykolenko","EVE","-1.9","-5.2","-10.3","-15.4",-1,-222,"4.0",46,43423,44356,27,450,"8.0","d",1,1,,"false"
"2026-10-09T07:21:20Z",234,"Patterson","EVE","0.0","0.0","0.0","0.0",0,0,"0.0",45,0,162,0,0,"0.0","u",0,0,,"false"
"2026-10-09T07:21:20Z",235,"Aznou","EVE","0.0","0.0","0.0","0.0",0,0,"0.1",40,0,749,0,0,"0.0","u",0,0,,"false"
"2026-10-09T07:21:20Z",236,"Dewsbury-Hall","EVE","-23.0","-25.5","-29.4","-33.3",-2,-134,"5.8",66,41657,67284,20,450,"2.5","a",1,1,,"false"
"2026-10-09T07:21:20Z",238,"Grealish","EVE","10.0","10.1","10.3","10.5",1,12,"0.5",65,5437,3907,6,135,"2.0","a",0,0,,"false"
"2026-10-09T07:21:20Z",239,"Garner","EVE","3.9","4.0","4.2","4.4",1,10,"0.2",60,2767,2752,11,328,"3.5","a",0,0,,"false"
"2026-10-09T07:21:20Z",242,"George","EVE","31.3","30.4","29.0","27.7",2,-84,"0.9",55,3178,14742,19,309,"2.0","a",0,0,,"false"
"2026-10-09T07:21:20Z",243,"Alcaraz","EVE","-54.5","-54.5","-54.5","-54.5",-3,0,"0.1",49,198,514,1,5,"0.0","a",0,-1,,"false"
"2026-10-09T07:21:20Z",244,"Armstrong","EVE","10.0","9.8","9.5","9.2",1,-19,"0.4",50,1113,4075,16,446,"2.5","a",0,0,,"false"
"2026-10-09T07:21:20Z",245,"Dibling","EVE","-0.4","-5.1","-12.2","-19.4",-1,-2,"0.0",53,148,206,1,24,"0.5","a",-1,-2,,"false"
"2026-10-09T07:21:20Z",246,"Röhl","EVE","-61.9","-64.8","-69.2","-73.7",-3,-2,"0.0",49,8,760,6,249,"0.0","i",0,-1,,"false"
"2026-10-09T07:21:20Z",247,"Hackney","EVE","-9.2","-9.9","-11.0","-12.1",-1,-2,"0.2",54,240,1403,10,137,"1.0","a",-1,-1,,"false"
"2026-10-09T07:21:20Z",248,"Beto","EVE","0.0","0.0","0.0","0.0",0,-32,"0.6",54,0,9272,2,31,"0.0","u",0,-1,,"false"
"2026-10-09T07:21:20Z",249,"Barry","EVE","2.5","4.0","6.3","8.6",1,385,"8.5",57,121865,60431,20,417,"4.0","a",1,2,,"false"
"2026-10-09T07:21:20Z",649,"Maitland-Niles","EVE","20.2","20.8","21.7","22.6",2,57,"1.5",45,25974,7078,21,177,"7.0","a",0,0,,"false"
"2026-10-09T07:21:20Z",654,"Graham","EVE","-43.8","-45.6","-48.5","-51.3",-3,-2,"0.1",45,268,1148,0,0,"0.0","a",0,0,,"false"
"2026-10-09T07:21:20Z",250,"Leno","FUL","12.6","14.0","16.1","18.3",1,132,"3.6",45,65840,19333,18,450,"6.0","a",0,0,,"false"
"2026-10-09T07:21:20Z",251,"Lecomte","FUL","-26.6","-26.6","-26.6","-26.6",-2,0,"1.1",40,3633,3592,0,0,"0.0","a",0,0,,"false"
"2026-10-09T07:21:20Z",252,"McNally","FUL","0.0","0.0","0.0","0.0",0,0,"0.1",40,0,791,0,0,"0.0","u",0,0,,"false"
"2026-10-09T07:21:20Z",253,"Andersen","FUL","1.2","1.3","1.5","1.7",1,11,"0.2",50,4085,1496,3,190,"0.5","a",0,0,,"false"
"2026-10-09T07:21:20Z",254,"Robinson","FUL","0.0","1.5","3.7","5.9",1,136,"1.6",45,29581,10771,12,429,"4.0","a",0,0,,"false"
"2026-10-09T07:21:20Z",255,"J.Cuenca","FUL","-80.8","-75.8","-68.2","-60.6",-3,1,"0.0",45,81,135,3,90,"0.0","a",0,0,,"false"
"2026-10-09T07:21:20Z",256,"Tete","FUL","-3.1","-5.3","-8.6","-12.0",-1,-4,"0.2",44,115,1211,0,27,"0.0","a",0,-1,,"false"
"2026-10-09T07:21:20Z",257,"Bassey","FUL","2.3","3.5","5.3","7.1",1,110,"0.8",45,12603,3186,15,450,"6.0","a",0,0,,"false"
"2026-10-09T07:21:20Z",258,"Castagne","FUL","17.9","18.9","20.4","21.8",1,91,"1.0",45,24112,7438,20,408,"3.5","a",0,0,,"false"
"2026-10-09T07:21:20Z",261,"Iwobi","FUL","-47.5","-41.3","-31.9","-22.5",-3,38,"0.7",54,6647,4622,14,408,"4.0","a",0,-1,,"false"
"2026-10-09T07:21:20Z",262,"Smith Rowe","FUL","-2.7","-3.3","-4.3","-5.3",-1,-2,"0.2",53,447,1615,3,38,"0.5","a",-1,-2,,"false"
"2026-10-09T07:21:20Z",263,"Kevin","FUL","-14.8","-19.4","-26.5","-33.6",-1,-2,"0.0",53,268,364,4,61,"1.0","a",0,-2,,"false"
"2026-10-09T07:21:20Z",264,"Bobb","FUL","-31.3","-26.7","-19.6","-12.5",-2,13,"0.3",55,4115,2462,13,343,"3.0","a",0,0,,"false"
"2026-10-09T07:21:20Z",265,"Berge","FUL","-37.9","-39.0","-40.7","-42.4",-2,-3,"0.3",49,973,1786,11,349,"3.0","a",0,-1,,"false"
"2026-10-09T07:21:20Z",266,"Cairney","FUL","-9.0","-9.0","-9.0","-9.0",-1,0,"0.0",49,18,22,0,0,"0.0","i",0,-1,,"false"
"2026-10-09T07:21:20Z",268,"King","FUL","5.4","9.4","15.6","21.8",1,1035,"3.3",56,175308,30190,24,425,"2.5","a",1,1,,"false"
"2026-10-09T07:21:20Z",269,"Sessegnon","FUL","-2.3","-2.3","-2.3","-2.3",-1,0,"0.3",43,478,1644,3,50,"0.0","a",-1,-2,,"false"
"2026-10-09T07:21:20Z",270,"Reed","FUL","-17.6","-20.4","-24.8","-29.2",-2,-29,"1.1",44,3389,9016,0,0,"0.0","a",0,-1,,"false"
"2026-10-09T07:21:20Z",271,"Muniz","FUL","-53.0","-52.0","-50.6","-49.1",-3,4,"0.4",54,2582,3440,3,38,"0.5","a",0,-1,,"false"
"2026-10-09T07:21:20Z",272,"Kusi-Asare","FUL","-74.1","-76.4","-79.8","-83.2",-3,-108,"5.3",45,14680,44911,0,0,"0.0","a",0,0,,"false"
"2026-10-09T07:21:20Z",569,"Gonzalo","FUL","83.5","97.5","119.0","140.5",4,1329,"4.8",60,159533,46392,14,425,"2.0","a",0,0,,"false"
"2026-10-09T07:21:20Z",570,"Palacios","FUL","-9.3","-9.9","-11.0","-12.0",-1,-1,"0.2",54,927,1238,12,226,"0.5","a",0,-1,,"false"
"2026-10-09T07:21:20Z",580,"Charles","FUL","-40.7","-22.6","0.0","0.3",-2,13,"0.1",50,1577,683,13,303,"4.5","a",0,0,,"false"
"2026-10-09T07:21:20Z",610,"De Fougerolles","FUL","0.0","0.0","0.0","0.0",0,-2,"0.1",40,0,564,0,0,"0.0","u",0,0,,"false"
"2026-10-09T07:21:20Z",626,"Zepa","FUL","0.5","0.6","0.7","0.8",1,7,"0.3",44,2091,2836,0,0,"0.0","a",-1,-1,,"false"
"2026-10-09T07:21:20Z",635,"Larsson","FUL","0.0","0.0","0.0","0.0",0,0,"0.0",50,121,87,3,37,"1.0","a",0,0,,"false"
"2026-10-09T07:21:20Z",636,"Ángel","FUL","0.0","-31.6","-85.9","-140.2",-2,-1,"0.0",50,39,35,0,0,"0.0","a",0,0,,"false"
"2026-10-09T07:21:20Z",650,"Affengruber","FUL","3.7","4.4","5.6","6.7",1,72,"0.2",45,22731,4306,12,180,"6.0","a",0,0,,"false"
"2026-10-09T07:21:20Z",240,"Iroegbunam","HUL","0.1","0.1","0.1","0.1",1,0,"0.0",50,91,162,2,70,"0.5","a",0,0,,"false"
"2026-10-09T07:21:20Z",273,"Phillips","HUL","-32.1","-32.3","-32.5","-32.8",-2,-2,"1.4",40,4257,5108,0,0,"0.0","a",0,0,,"false"
"2026-10-09T07:21:20Z",274,"Butland","HUL","-1.7","-1.7","-1.7","-1.7",-1,0,"0.1",44,79,400,0,0,"0.0","i",-1,-1,,"false"
"2026-10-09T07:21:20Z",275,"Cartwright","HUL","0.0","0.0","0.0","0.0",0,0,"0.0",40,0,35,0,0,"0.0","u",0,0,,"false"
"2026-10-09T07:21:20Z",276,"Lo-Tutala","HUL","0.0","0.0","0.0","0.0",0,0,"0.0",40,0,146,0,0,"0.0","u",0,0,,"false"
"2026-10-09T07:21:20Z",277,"Egan","HUL","28.2","28.0","27.6","27.2",2,-23,"7.1",41,48884,40191,26,437,"1.5","a",0,1,,"false"
"2026-10-09T07:21:20Z",278,"Hughes","HUL","0.4","0.3","0.2","0.1",1,-7,"0.2",39,1293,2341,0,0,"0.0","i",0,-1,,"false"
"2026-10-09T07:21:20Z",279,"Ajayi","HUL","74.5","74.3","73.9","73.5",3,-25,"13.9",42,60042,75763,27,423,"1.0","a",0,2,,"false"
"2026-10-09T07:21:20Z",280,"Coyle","HUL","0.2","0.1","-0.7","-3.1",1,-9,"0.7",40,2700,2803,14,348,"1.0","a",0,0,,"false"
"2026-10-09T07:21:20Z",281,"Drameh","HUL","0.0","0.0","0.0","0.0",0,-1,"0.0",40,0,305,2,65,"0.0","u",0,0,,"false"
"2026-10-09T07:21:20Z",282,"Giles","HUL","76.5","76.4","76.3","76.1",3,-8,"2.9",40,28301,18421,24,444,"2.0","a",0,0,,"false"
"2026-10-09T07:21:20Z",283,"Jacob","HUL","0.0","0.0","0.0","0.0",0,0,"0.0",40,0,44,0,0,"0.0","u",0,0,,"false"
"2026-10-09T07:21:20Z",284,"McCarthy","HUL","0.5","0.5","0.5","0.5",1,0,"0.1",40,500,573,0,0,"0.0","a",0,0,,"false"
"2026-10-09T07:21:20Z",285,"McNair","HUL","-47.5","-47.5","-47.5","-47.5",-3,0,"0.1",40,245,527,1,26,"0.0","a",0,0,,"false"
"2026-10-09T07:21:20Z",286,"Belloumi","HUL","47.4","51.1","56.9","62.6",3,355,"5.5",51,110215,36836,31,394,"8.5","a",0,1,,"false"
"2026-10-09T07:21:20Z",287,"Millar","HUL","0.0","0.0","0.0","0.0",0,-1,"0.0",50,0,376,6,50,"0.0","u",0,0,,"false"
"2026-10-09T07:21:20Z",288,"Dowell","HUL","-2.1","-2.8","-4.0","-5.2",-1,-4,"0.3",44,764,2598,0,0,"0.0","a",-1,-1,,"false"
"2026-10-09T07:21:20Z",289,"Crooks","HUL","0.8","0.8","0.7","0.7",1,-1,"0.5",44,6475,5729,3,203,"0.5","a",-1,-1,,"false"
"2026-10-09T07:21:20Z",290,"Slater","HUL","79.2","78.1","76.4","74.8",3,-103,"5.1",45,21294,51172,15,437,"2.0","a",0,0,,"false"
"2026-10-09T07:21:20Z",291,"Matazo","HUL","-24.2","-24.2","-24.2","-24.2",-2,0,"0.0",45,34,78,0,0,"0.0","i",0,0,,"false"
"2026-10-09T07:21:20Z",292,"Ömür","HUL","-16.9","-16.9","-16.9","-16.9",-1,0,"0.0",49,92,168,0,0,"0.0","a",0,-1,,"false"
"2026-10-09T07:21:20Z",293,"Kamara","HUL","0.0","0.0","0.0","0.0",0,0,"0.0",50,0,15,0,0,"0.0","u",0,0,,"false"
"2026-10-09T07:21:20Z",294,"Zambrano","HUL","-28.6","-30.1","-32.3","-34.5",-2,-1,"0.1",45,175,600,0,0,"0.0","a",0,0,,"false"
"2026-10-09T07:21:20Z",295,"McBurnie","HUL","29.7","29.4","29.1","28.7",2,-22,"1.9",55,11846,23198,13,441,"2.5","a",0,0,,"false"
"2026-10-09T07:21:20Z",296,"Akintola","HUL","0.0","0.0","0.0","0.0",0,-2,"0.0",50,0,333,0,0,"0.0","u",0,0,,"false"
"2026-10-09T07:21:20Z",297,"Gyabi","HUL","-1.0","-1.0","-1.0","-1.0",-1,0,"0.0",44,75,171,0,0,"0.0","i",-1,-1,,"false"
"2026-10-09T07:21:20Z",298,"Destan","HUL","0.0","0.0","0.0","0.0",0,-4,"0.2",45,0,1766,0,0,"0.0","u",0,0,,"false"
"2026-10-09T07:21:20Z",299,"Burstow","HUL","0.0","0.0","0.0","0.0",0,0,"0.0",45,0,272,0,0,"0.0","u",0,0,,"false"
"2026-10-09T07:21:20Z",340,"Gelhardt","HUL","0.0","0.0","0.0","0.0",0,0,"0.0",50,117,137,1,7,"0.5","a",0,0,,"false"
"2026-10-09T07:21:20Z",556,"Targett","HUL","-87.0","-88.3","-90.1","-92.0",-3,-33,"1.6",40,141,13285,1,5,"0.0","d",0,0,,"false"
"2026-10-09T07:21:20Z",563,"Morita","HUL","-4.5","-4.5","-4.5","-4.5",-1,0,"0.0",49,25,225,1,45,"0.0","i",-1,-1,,"false"
"2026-10-09T07:21:20Z",572,"Tzolakis","HUL","1.9","2.4","3.1","3.8",1,119,"13.0",47,159705,34905,34,450,"4.0","a",1,2,,"false"
"2026-10-09T07:21:20Z",574,"Hjertø-Dahl","HUL","-87.7","-87.7","-87.7","-87.7",-3,0,"0.1",49,84,405,1,8,"0.0","a",0,-1,,"false"
"2026-10-09T07:21:20Z",576,"Stroud","HUL","-64.7","-63.2","-61.1","-58.9",-3,1,"0.1",50,178,607,7,249,"0.5","a",0,0,,"false"
"2026-10-09T07:21:20Z",585,"Herrington","HUL","-31.3","-31.4","-31.5","-31.7",-2,-1,"0.6",40,1280,2195,5,197,"1.0","a",0,0,,"false"
"2026-10-09T07:21:20Z",586,"Mendy","HUL","-1.6","-2.1","-2.8","-3.5",-1,-26,"6.2",41,10488,38679,25,249,"0.5","a",0,1,,"false"
"2026-10-09T07:21:20Z",589,"Gourna-Douath","HUL","-90.5","-90.5","-90.5","-90.5",-3,0,"0.0",50,39,132,4,138,"0.5","a",0,0,,"false"
"2026-10-09T07:21:20Z",617,"Cho","HUL","0.3","0.3","0.3","0.3",1,0,"0.0",50,435,187,9,72,"3.5","a",0,0,,"false"
"2026-10-09T07:21:20Z",632,"Ansah","HUL","-80.8","-82.7","-85.6","-88.4",-3,-1,"0.0",50,88,511,0,0,"0.0","i",0,0,,"false"
"2026-10-09T07:21:20Z",637,"Vaz","HUL","1.4","1.5","1.6","1.7",1,7,"0.1",50,2296,1411,2,20,"1.0","a",0,0,,"false"
"2026-10-09T07:21:20Z",638,"Norton-Cuffy","HUL","-35.3","-37.4","-40.7","-44.0",-2,-8,"0.2",40,474,3052,1,34,"0.0","d",0,0,,"false"
"2026-10-09T07:21:20Z",642,"Thomas","HUL","0.3","0.3","0.3","0.3",1,-1,"0.0",55,622,410,4,119,"1.5","a",0,0,,"false"
"2026-10-09T07:21:20Z",645,"Mouzakitis","HUL","0.0","0.0","0.0","0.0",0,0,"0.0",50,108,104,0,0,"0.0","a",0,0,,"false"
"2026-10-09T07:21:20Z",259,"Diop","IPS","-60.2","-60.8","-61.7","-62.6",-3,-68,"12.4",40,10549,80297,12,450,"2.5","a",0,0,,"false"
"2026-10-09T07:21:20Z",267,"Lukić","IPS","-8.4","-10.1","-12.7","-15.3",-1,-3,"0.1",49,312,743,11,400,"1.5","a",-1,-1,,"false"
"2026-10-09T07:21:20Z",300,"Walton","IPS","-3.7","0.0","0.3","0.6",0,18,"0.4",44,2681,1514,2,90,"1.0","a",0,-1,,"false"
"2026-10-09T07:21:20Z",301,"Palmer","IPS","-28.9","-29.4","-30.2","-31.0",-2,-18,"3.8",40,6875,16970,0,0,"0.0","a",0,0,,"false"
"2026-10-09T07:21:20Z",302,"Button","IPS","1.2","1.2","1.1","1.1",1,-3,"0.6",40,2306,1848,0,0,"0.0","a",0,0,,"false"
"2026-10-09T07:21:20Z",303,"Kipré","IPS","3.3","3.3","3.3","3.3",1,0,"0.9",39,5710,5544,0,0,"0.0","a",0,-1,,"false"
"2026-10-09T07:21:20Z",304,"O'Shea","IPS","-45.9","-46.2","-46.7","-47.3",-3,-8,"2.6",40,3031,19941,10,450,"1.5","a",0,0,,"false"
"2026-10-09T07:21:20Z",305,"Davis","IPS","83.4","85.4","88.5","91.6",3,191,"7.2",40,83165,39837,25,450,"8.0","a",0,0,,"false"
"2026-10-09T07:21:20Z",306,"Greaves","IPS","0.1","0.2","0.4","0.6",1,12,"1.1",39,2593,5386,3,357,"0.5","a",-1,-1,,"false"
"2026-10-09T07:21:20Z",307,"Johnson","IPS","0.0","0.0","0.0","0.0",0,-2,"0.1",40,0,492,0,0,"0.0","u",0,0,,"false"
"2026-10-09T07:21:20Z",308,"Furlong","IPS","2.3","2.3","2.4","2.5",1,5,"0.6",39,7625,3904,1,17,"0.0","a",0,-1,,"false"
"2026-10-09T07:21:20Z",309,"Núñez","IPS","-48.5","-50.7","-54.1","-57.4",-3,-2,"0.1",49,114,856,6,140,"0.0","a",0,-1,,"false"
"2026-10-09T07:21:20Z",310,"Matusiwa","IPS","0.0","0.0","0.0","0.0",0,0,"0.0",49,19,23,0,0,"0.0","a",0,-1,,"false"
"2026-10-09T07:21:20Z",311,"Burns","IPS","0.0","0.0","0.0","0.0",0,0,"0.0",50,0,10,0,0,"0.0","u",0,0,,"false"
"2026-10-09T07:21:20Z",312,"Taylor","IPS","0.1","0.1","0.1","0.1",1,2,"0.0",44,428,363,0,0,"0.0","i",-1,-1,,"false"
"2026-10-09T07:21:20Z",313,"Clarke","IPS","-96.3","-99.9","-105.3","-110.7",-4,-6,"0.2",54,301,1249,11,170,"1.5","a",0,-1,,"false"
"2026-10-09T07:21:20Z",314,"Ogbene","IPS","0.0","0.0","0.0","0.0",0,0,"0.0",49,0,82,0,0,"0.0","u",0,-1,,"false"
"2026-10-09T07:21:20Z",315,"Fatawu","IPS","-49.2","-51.3","-54.6","-57.9",-3,-8,"0.1",54,75,3280,8,352,"0.0","s",0,-1,,"false"
"2026-10-09T07:21:20Z",316,"Emersonn","IPS","97.6","101.0","106.3","111.6",5,327,"3.8",55,57470,29417,26,317,"7.0","a",0,0,,"false"
"2026-10-09T07:21:20Z",317,"Hirst","IPS","0.0","0.0","0.0","0.0",0,0,"0.1",50,0,645,0,0,"0.0","u",0,0,,"false"
"2026-10-09T07:21:20Z",318,"Philogene","IPS","-10.2","-10.2","-10.2","-10.2",-1,0,"0.1",54,46,204,2,52,"1.0","a",0,-1,,"false"
"2026-10-09T07:21:20Z",319,"Szmodics","IPS","0.0","0.0","0.0","0.0",0,0,"0.0",50,0,20,0,0,"0.0","u",0,0,,"false"
"2026-10-09T07:21:20Z",320,"Akpom","IPS","25.6","25.4","24.9","24.5",2,-26,"1.2",50,6054,12082,7,78,"0.5","a",0,0,,"false"
"2026-10-09T07:21:20Z",321,"Walle Egeli","IPS","41.3","40.5","39.3","38.1",3,-75,"3.5",45,25712,35377,1,10,"0.0","a",0,0,,"false"
"2026-10-09T07:21:20Z",322,"Al-Hamadi","IPS","0.0","0.0","0.0","0.0",0,-2,"0.0",50,0,482,0,0,"0.0","u",0,0,,"false"
"2026-10-09T07:21:20Z",323,"McAteer","IPS","-3.8","-4.8","-6.5","-8.1",-1,-17,"1.0",44,2299,8691,3,42,"0.0","a",-1,-1,,"false"
"2026-10-09T07:21:20Z",324,"Mehmeti","IPS","-4.6","-4.6","-4.6","-4.6",-1,0,"0.0",48,91,195,0,0,"0.0","a",-1,-2,,"false"
"2026-10-09T07:21:20Z",554,"Van Oevelen","IPS","0.0","0.0","0.0","0.0",0,0,"0.0",45,0,116,0,0,"0.0","u",0,0,,"false"
"2026-10-09T07:21:20Z",562,"Maeda","IPS","-16.6","-19.7","-24.3","-28.9",-1,-10,"0.2",53,183,2014,8,259,"1.0","a",-1,-2,,"false"
"2026-10-09T07:21:20Z",564,"Scherpen","IPS","-36.0","-39.5","-44.9","-50.2",-2,-18,"0.6",45,1094,3596,7,360,"0.5","a",0,0,,"false"
"2026-10-09T07:21:20Z",571,"Florentino","IPS","-5.8","-11.5","-20.4","-29.2",-1,-7,"0.1",48,141,482,2,30,"1.0","a",-1,-2,,"false"
"2026-10-09T07:21:20Z",591,"Enciso","IPS","9.5","9.4","9.4","9.3",1,-3,"0.8",55,4147,8211,15,413,"2.0","a",0,0,,"false"
"2026-10-09T07:21:20Z",592,"Ouattara","IPS","-36.1","-36.1","-36.2","-36.3",-2,-1,"0.8",40,958,2713,6,131,"1.5","a",0,0,,"false"
"2026-10-09T07:21:20Z",602,"Humphreys","IPS","0.0","0.0","0.0","0.0",0,-1,"0.0",45,0,273,0,0,"0.0","u",0,0,,"false"
"2026-10-09T07:21:20Z",619,"Palacios","IPS","1.1","1.2","1.2","1.3",1,5,"0.1",50,716,1061,11,275,"3.0","a",0,0,,"false"
"2026-10-09T07:21:20Z",640,"Flemming","IPS","0.6","0.7","0.9","1.1",1,11,"0.1",55,1426,1298,6,60,"2.5","a",0,0,,"false"
"2026-10-09T07:21:20Z",260,"Wilson","LEE","-0.1","-0.1","-0.1","-0.1",-1,0,"1.6",62,94,52041,5,145,"0.5","d",0,-3,"2026-10-16T14:00:11.701762Z","false"
"2026-10-09T07:21:20Z",326,"Perri","LEE","0.0","0.0","0.0","0.0",0,-6,"0.3",45,0,1701,0,0,"0.0","u",0,0,,"false"
"2026-10-09T07:21:20Z",327,"Bijol","LEE","5.0","4.9","4.7","4.5",1,-12,"0.7",50,1021,6838,12,164,"0.0","a",0,0,,"false"
"2026-10-09T07:21:20Z",329,"Rodon","LEE","-10.1","-11.6","-14.0","-16.3",-1,-48,"0.7",43,63,12144,7,123,"0.0","i",-1,-2,,"false"
"2026-10-09T07:21:20Z",330,"Bogle","LEE","72.3","76.6","83.3","89.9",3,412,"7.7",46,174284,39813,42,365,"10.0","a",0,1,,"false"
"2026-10-09T07:21:20Z",331,"Gudmundsson","LEE","1.1","1.1","1.2","1.2",1,2,"0.1",45,1027,514,14,252,"6.0","a",0,0,,"false"
"2026-10-09T07:21:20Z",332,"Justin","LEE","19.6","19.7","19.7","19.7",1,2,"1.4",45,7664,8845,26,450,"5.0","a",0,0,,"false"
"2026-10-09T07:21:20Z",333,"Bornauw","LEE","0.0","0.0","0.0","0.0",0,0,"0.0",45,0,6,0,0,"0.0","u",0,0,,"false"
"2026-10-09T07:21:20Z",334,"Muharemović","LEE","42.0","42.0","42.0","42.1",3,1,"4.4",50,50633,36546,27,450,"6.5","a",0,0,,"false"
"2026-10-09T07:21:20Z",335,"Stach","LEE","15.8","15.0","13.8","12.6",1,-75,"2.4",60,6778,25299,27,447,"4.0","a",0,0,,"false"
"2026-10-09T07:21:20Z",336,"Okafor","LEE","1.3","1.1","0.7","0.4",1,-20,"0.4",58,2741,4995,18,299,"6.0","a",0,-2,,"false"
"2026-10-09T07:21:20Z",337,"Aaronson","LEE","-14.1","-16.1","-19.2","-22.2",-1,-14,"0.5",53,280,4417,7,194,"1.0","a",-1,-2,,"false"
"2026-10-09T07:21:20Z",338,"Ampadu","LEE","-34.8","-36.1","-38.0","-40.0",-2,-11,"0.9",54,2635,7166,21,450,"6.0","a",0,-1,,"false"
"2026-10-09T07:21:20Z",339,"Longstaff","LEE","-1.7","-2.6","-4.0","-5.4",-1,-1,"0.1",48,210,820,2,10,"0.5","a",-1,-2,,"false"
"2026-10-09T07:21:20Z",341,"Gnonto","LEE","0.0","0.0","0.0","0.0",0,0,"0.0",50,0,73,0,0,"0.0","u",0,0,,"false"
"2026-10-09T07:21:20Z",342,"Harrison","LEE","0.0","0.0","0.0","0.0",0,0,"0.0",50,0,5,0,0,"0.0","u",0,0,,"false"
"2026-10-09T07:21:20Z",343,"James","LEE","-15.3","-18.3","-22.8","-27.3",-1,-7,"0.1",49,247,836,3,52,"1.0","i",0,-1,,"false"
"2026-10-09T07:21:20Z",344,"Gruev","LEE","0.0","0.0","0.0","0.0",0,0,"0.0",50,56,25,0,0,"0.0","a",0,0,,"false"
"2026-10-09T07:21:20Z",345,"Tanaka","LEE","5.2","5.1","5.0","4.9",1,-5,"0.3",49,2970,3095,14,255,"4.0","a",0,-1,,"false"
"2026-10-09T07:21:20Z",346,"Calvert-Lewin","LEE","67.4","62.2","54.3","46.3",3,-491,"24.4",60,128819,243503,22,419,"6.0","a",0,0,,"false"
"2026-10-09T07:21:20Z",347,"Nmecha","LEE","-31.7","-36.1","-42.9","-49.7",-2,-18,"0.5",54,2613,4665,7,64,"1.0","a",0,-1,,"false"
"2026-10-09T07:21:20Z",348,"Piroe","LEE","0.0","0.0","0.0","0.0",0,-4,"0.1",50,0,537,0,0,"0.0","u",0,0,,"false"
"2026-10-09T07:21:20Z",349,"Mateo Joseph","LEE","-45.2","-45.2","-45.2","-45.2",-3,0,"0.1",45,431,612,0,0,"0.0","i",0,0,,"false"
"2026-10-09T07:21:20Z",385,"Trafford","LEE","37.1","37.4","37.9","38.3",2,27,"5.5",50,32008,21596,28,450,"6.5","a",0,0,,"false"
"2026-10-09T07:21:20Z",598,"Elvedi","LEE","0.7","0.8","0.9","1.0",1,6,"0.1",45,380,336,13,326,"4.0","a",0,0,,"false"
"2026-10-09T07:21:20Z",603,"Lienou","LEE","0.1","0.1","0.1","0.1",1,0,"0.1",40,294,597,0,0,"0.0","a",0,0,,"false"
"2026-10-09T07:21:20Z",604,"Cresswell","LEE","-15.6","-19.8","-26.3","-32.8",-1,-5,"0.1",45,394,1043,0,0,"0.0","a",0,0,,"false"
"2026-10-09T07:21:20Z",625,"Cairns","LEE","0.4","0.4","0.3","0.3",1,-3,"0.2",40,1070,931,0,0,"0.0","a",0,0,,"false"
"2026-10-09T07:21:20Z",629,"Zetterer","LEE","2.4","2.5","2.5","2.6",1,3,"0.7",40,3949,3263,0,0,"0.0","a",0,0,,"false"
"2026-10-09T07:21:20Z",641,"Bard","LEE","0.1","0.1","0.1","0.1",1,1,"0.0",45,121,96,1,18,"0.5","a",0,0,,"false"
"2026-10-09T07:21:20Z",648,"Bahoya","LEE","-36.7","-36.7","-36.7","-36.7",-2,0,"0.0",50,129,222,1,1,"0.5","d",0,0,,"false"
"2026-10-09T07:21:20Z",350,"A.Becker","LIV","1.9","1.7","1.5","1.2",1,-16,"4.2",55,19082,16140,27,450,"8.5","a",0,0,,"false"
"2026-10-09T07:21:20Z",351,"Mamardashvili","LIV","-0.3","-1.3","-2.9","-4.5",-1,-2,"0.1",48,310,728,0,0,"0.0","a",-1,-2,,"false"
"2026-10-09T07:21:20Z",352,"Woodman","LIV","-35.6","-35.6","-35.6","-35.6",-2,0,"1.0",40,1053,3005,0,0,"0.0","a",0,0,,"false"
"2026-10-09T07:21:20Z",353,"Pecsi","LIV","0.0","0.0","0.0","0.0",0,-1,"0.0",40,0,82,0,0,"0.0","u",0,0,,"false"
"2026-10-09T07:21:20Z",354,"Jaros","LIV","0.1","0.1","0.1","0.1",1,0,"0.0",40,258,198,0,0,"0.0","i",0,0,,"false"
"2026-10-09T07:21:20Z",355,"Davies","LIV","0.1","0.1","0.0","0.0",1,-1,"0.2",40,381,560,0,0,"0.0","a",0,0,,"false"
"2026-10-09T07:21:20Z",356,"Virgil","LIV","-64.8","-64.9","-65.0","-65.2",-3,-14,"16.2",65,32421,59141,25,450,"8.0","a",0,0,,"false"
"2026-10-09T07:21:20Z",357,"Frimpong","LIV","-47.6","-50.8","-55.7","-60.5",-3,-50,"1.7",53,2000,15797,2,178,"0.5","a",0,-2,,"false"
"2026-10-09T07:21:20Z",358,"Kerkez","LIV","-2.7","-4.0","-6.0","-8.0",-1,-44,"2.2",53,3381,14494,13,385,"3.5","a",-1,-2,,"false"
"2026-10-09T07:21:20Z",359,"Gomez","LIV","0.1","0.1","0.1","0.1",1,0,"0.0",49,407,138,0,0,"0.0","a",0,-1,,"false"
"2026-10-09T07:21:20Z",360,"Bradley","LIV","-93.9","-93.9","-93.9","-93.9",-3,0,"0.0",50,73,100,0,0,"0.0","i",0,0,,"false"
"2026-10-09T07:21:20Z",361,"Lucky","LIV","-60.6","-63.4","-67.6","-71.9",-3,-3,"0.1",40,342,687,0,0,"0.0","a",0,0,,"false"
"2026-10-09T07:21:20Z",362,"Jacquet","LIV","58.8","57.2","54.6","52.1",3,-156,"3.4",50,41841,26803,24,415,"7.5","d",0,0,,"false"
"2026-10-09T07:21:20Z",363,"Leoni","LIV","-68.6","-68.6","-68.6","-68.6",-3,0,"0.0",40,81,233,0,0,"0.0","i",0,0,,"false"
"2026-10-09T07:21:20Z",364,"Tsimikas","LIV","-61.2","-63.0","-65.8","-68.6",-3,-1,"0.1",49,127,460,2,64,"0.5","a",0,-1,,"false"
"2026-10-09T07:21:20Z",365,"Ramsay","LIV","0.0","0.0","0.0","0.0",0,-2,"0.1",40,0,616,0,0,"0.0","u",0,0,,"false"
"2026-10-09T07:21:20Z",366,"Wirtz","LIV","-45.5","-48.5","-53.1","-57.7",-3,-154,"5.6",73,7941,55535,18,402,"4.5","a",0,-2,,"false"
"2026-10-09T07:21:20Z",367,"Gakpo","LIV","-17.7","-25.6","-37.6","-49.7",-2,-1377,"11.7",72,54282,159942,32,370,"2.0","d",0,2,,"false"
"2026-10-09T07:21:20Z",368,"Szoboszlai","LIV","-3.8","-5.9","-9.3","-12.6",-1,-1087,"32.0",69,49613,299349,20,440,"2.5","a",-1,-1,,"false"
"2026-10-09T07:21:20Z",369,"Ngumoha","LIV","-29.6","-31.6","-34.6","-37.6",-2,-14,"0.5",57,1043,5204,4,99,"0.5","a",-1,-3,,"false"
"2026-10-09T07:21:20Z",370,"Chiesa","LIV","-7.4","-7.4","-7.4","-7.4",-1,0,"0.0",53,20,288,0,0,"0.0","i",-1,-2,,"false"
"2026-10-09T07:21:20Z",371,"Gravenberch","LIV","-28.4","-31.2","-35.6","-39.9",-2,-47,"1.1",58,1589,10851,9,190,"1.0","a",-1,-2,,"false"
"2026-10-09T07:21:20Z",372,"Mac Allister","LIV","-49.6","-50.8","-52.5","-54.3",-3,-13,"1.3",54,4851,8755,11,306,"3.0","a",0,-1,,"false"
"2026-10-09T07:21:20Z",373,"C.Jones","LIV","0.0","0.0","0.0","0.0",0,0,"0.0",55,0,81,0,0,"0.0","u",0,0,,"false"
"2026-10-09T07:21:20Z",374,"Endo","LIV","-70.4","-70.4","-70.4","-70.4",-3,0,"0.1",49,185,499,0,0,"0.0","a",0,-1,,"false"
"2026-10-09T07:21:20Z",375,"Nyoni","LIV","-97.5","-97.5","-97.5","-97.5",-4,0,"0.0",49,111,359,3,38,"0.5","a",0,-1,,"false"
"2026-10-09T07:21:20Z",376,"Bajcetic","LIV","0.0","0.0","0.0","0.0",0,0,"0.0",50,0,4,0,0,"0.0","u",0,0,,"false"
"2026-10-09T07:21:20Z",377,"Munoz","LIV","6.0","5.5","4.7","4.0",1,-46,"0.9",65,2117,14265,15,257,"1.0","a",0,0,,"false"
"2026-10-09T07:21:20Z",378,"McConnell","LIV","-7.0","-7.0","-7.0","-7.0",-1,0,"0.2",44,1169,1808,0,0,"0.0","a",0,-1,,"false"
"2026-10-09T07:21:20Z",379,"Isak","LIV","-13.7","-23.6","-38.9","-54.2",-2,-1745,"21.5",91,128714,172944,33,413,"5.0","d",0,1,,"false"
"2026-10-09T07:21:20Z",380,"Ekitiké","LIV","-30.8","-30.8","-30.8","-30.8",-2,0,"0.1",74,491,984,0,0,"0.0","i",0,-1,,"false"
"2026-10-09T07:21:20Z",381,"Koumas","LIV","-93.2","-100.5","-111.6","-122.8",-5,-2,"0.0",50,230,238,3,22,"0.5","a",0,0,,"false"
"2026-10-09T07:21:20Z",382,"Danns","LIV","4.0","4.1","4.2","4.4",1,8,"0.2",45,4360,2932,0,0,"0.0","a",0,0,,"false"
"2026-10-09T07:21:20Z",383,"Elliott","LIV","0.0","0.0","0.0","0.0",0,-1,"0.0",54,0,273,0,0,"0.0","u",0,-1,,"false"
"2026-10-09T07:21:20Z",579,"Araujo","LIV","38.5","39.1","40.0","40.9",2,56,"3.1",54,23594,13496,22,284,"6.5","a",0,-1,,"false"
"2026-10-09T07:21:20Z",627,"Barcola","LIV","-63.4","-61.5","-58.7","-55.9",-3,32,"1.9",80,19300,24195,7,168,"3.0","a",0,0,,"false"
"2026-10-09T07:21:20Z",155,"Enzo","MCI","3.9","4.6","5.7","6.8",1,68,"3.7",69,40492,20294,13,271,"4.5","a",0,-1,,"false"
"2026-10-09T07:21:20Z",237,"Ndiaye","MCI","-28.3","-31.7","-37.0","-42.3",-2,-349,"6.5",58,9840,90965,22,385,"3.0","a",-1,-2,,"false"
"2026-10-09T07:21:20Z",384,"Donnarumma","MCI","-59.7","-61.5","-64.1","-66.7",-3,-117,"7.5",55,13301,40397,19,450,"4.5","a",0,0,,"false"
"2026-10-09T07:21:20Z",386,"Bettinelli","MCI","-93.6","-93.6","-93.6","-93.6",-3,0,"0.0",45,75,106,0,0,"0.0","a",0,0,,"false"
"2026-10-09T07:21:20Z",387,"O'Reilly","MCI","-8.0","-10.8","-15.1","-19.3",-1,-839,"10.5",63,5544,109908,6,163,"1.0","d",-1,-2,,"false"
"2026-10-09T07:21:20Z",388,"Guéhi","MCI","67.9","67.1","65.8","64.6",3,-76,"18.0",60,30739,70208,30,450,"5.0","a",0,0,,"false"
"2026-10-09T07:21:20Z",389,"Matheus N.","MCI","-37.8","-38.5","-39.4","-40.3",-2,-5,"1.0",59,2250,3774,11,213,"5.0","a",0,-1,,"false"
"2026-10-09T07:21:20Z",390,"Rúben","MCI","3.9","3.8","3.5","3.2",1,-18,"1.9",55,5971,11571,17,450,"3.5","a",0,0,,"false"
"2026-10-09T07:21:20Z",391,"Gvardiol","MCI","90.7","93.0","96.6","100.2",3,222,"27.0",57,196537,84866,37,434,"7.5","a",0,2,,"false"
"2026-10-09T07:21:20Z",392,"Aït-Nouri","MCI","-2.1","-2.5","-3.1","-3.8",-1,-3,"0.4",52,638,2676,0,0,"0.0","a",-1,-3,,"false"
"2026-10-09T07:21:20Z",393,"Khusanov","MCI","-42.8","-44.8","-48.0","-51.2",-3,-25,"1.3",54,1732,10773,9,268,"0.0","a",0,-1,,"false"
"2026-10-09T07:21:20Z",394,"Alleyne","MCI","0.0","0.0","0.0","0.0",0,0,"0.0",50,0,22,0,0,"0.0","u",0,0,,"false"
"2026-10-09T07:21:20Z",395,"Lewis","MCI","-75.2","-80.4","-88.4","-96.4",-3,-9,"0.2",44,405,1471,1,56,"0.0","a",0,-1,,"false"
"2026-10-09T07:21:20Z",396,"Vitor Reis","MCI","-90.9","-90.9","-90.9","-90.9",-3,0,"0.0",45,91,181,1,1,"0.0","a",0,0,,"false"
"2026-10-09T07:21:20Z",397,"Semenyo","MCI","-29.8","-33.4","-38.9","-44.5",-2,-894,"14.7",84,135411,134017,33,450,"10.0","d",0,-1,,"false"
"2026-10-09T07:21:20Z",398,"Foden","MCI","-63.4","-67.3","-73.3","-79.3",-3,-169,"1.7",69,255,36346,9,217,"-1.0","s",0,-1,,"false"
"2026-10-09T07:21:20Z",399,"Cherki","MCI","-51.3","-47.9","-42.8","-37.7",-3,317,"28.5",78,179118,129540,34,302,"4.5","a",0,3,,"false"
"2026-10-09T07:21:20Z",400,"Doku","MCI","1.1","1.5","2.1","2.6",1,35,"0.7",74,6592,2714,1,15,"0.5","a",0,-1,,"false"
"2026-10-09T07:21:20Z",402,"Rodrigo","MCI","0.0","0.0","0.0","0.0",0,0,"0.0",65,0,30,0,0,"0.0","u",0,0,,"false"
"2026-10-09T07:21:20Z",404,"Reijnders","MCI","0.0","0.0","0.0","0.0",0,-1,"0.0",60,0,116,0,0,"0.0","u",0,0,,"false"
"2026-10-09T07:21:20Z",406,"Kovačić","MCI","-1.3","-2.3","-3.8","-5.3",-1,-1,"0.1",53,139,547,2,42,"0.0","a",-1,-2,,"false"
"2026-10-09T07:21:20Z",407,"Echeverri","MCI","0.0","0.0","0.0","0.0",0,0,"0.0",49,0,61,0,0,"0.0","u",0,-1,,"false"
"2026-10-09T07:21:20Z",408,"Phillips","MCI","0.0","0.0","0.0","0.0",0,0,"0.0",50,0,18,0,0,"0.0","u",0,0,,"false"
"2026-10-09T07:21:20Z",409,"Mukasa","MCI","0.0","0.0","0.0","0.0",0,0,"0.1",45,0,759,0,0,"0.0","u",0,0,,"false"
"2026-10-09T07:21:20Z",410,"Monga","MCI","0.0","0.0","0.0","0.0",0,0,"0.0",49,0,63,0,0,"0.0","u",0,-1,,"false"
"2026-10-09T07:21:20Z",411,"Haaland","MCI","27.5","29.2","31.8","34.4",2,159,"74.0",156,110016,33911,39,450,"7.5","a",0,1,,"false"
"2026-10-09T07:21:20Z",481,"Anderson","MCI","-50.5","-52.6","-55.8","-59.0",-3,-75,"3.9",63,10576,36009,15,413,"3.5","a",0,-2,,"false"
"2026-10-09T07:21:20Z",587,"Rulli","MCI","-98.6","-98.6","-98.6","-98.6",-4,0,"0.0",50,89,121,0,0,"0.0","a",0,0,,"false"
"2026-10-09T07:21:20Z",616,"Bouaddi","MCI","-41.6","-44.4","-48.8","-53.2",-3,-4,"0.2",55,976,2431,2,22,"0.0","a",0,0,,"false"
"2026-10-09T07:21:20Z",621,"McAidoo","MCI","0.0","0.0","0.1","0.2",0,3,"0.1",44,340,1278,2,11,"0.0","a",-1,-1,,"false"
"2026-10-09T07:21:20Z",622,"Braithwaite","MCI","-44.3","-44.3","-44.3","-44.3",-3,0,"0.2",40,678,1826,1,1,"0.0","a",0,0,,"false"
"2026-10-09T07:21:20Z",628,"Allan","MCI","0.1","0.1","0.1","0.1",1,0,"0.0",60,256,196,0,0,"0.0","a",0,0,,"false"
"2026-10-09T07:21:20Z",653,"Samba","MCI","-46.3","-50.0","-55.6","-61.1",-3,-1,"0.0",45,281,546,0,0,"0.0","a",0,0,,"false"
"2026-10-09T07:21:20Z",43,"Tielemans","MUN","-44.7","-47.0","-50.5","-54.1",-3,-31,"1.5",58,4152,13253,14,402,"3.0","a",0,-2,,"false"
"2026-10-09T07:21:20Z",131,"Baleba","MUN","0.4","0.5","0.8","1.0",1,14,"0.1",49,2225,975,0,0,"0.0","a",0,-1,,"false"
"2026-10-09T07:21:20Z",162,"Andrey Santos","MUN","-64.3","-69.6","-77.8","-86.0",-3,-27,"0.6",48,1185,6276,4,82,"0.0","a",0,-2,,"false"
"2026-10-09T07:21:20Z",325,"Darlow","MUN","-28.3","-30.2","-33.0","-35.8",-2,-1,"0.0",45,71,277,0,0,"0.0","d",0,0,,"false"
"2026-10-09T07:21:20Z",412,"Lammens","MUN","-20.1","-20.8","-21.8","-22.9",-2,-60,"9.7",49,9495,67426,11,450,"3.0","a",0,-1,,"false"
"2026-10-09T07:21:20Z",413,"Bayindir","MUN","0.0","0.0","0.0","0.0",0,0,"0.0",45,0,57,0,0,"0.0","u",0,0,,"false"
"2026-10-09T07:21:20Z",414,"Heaton","MUN","-39.3","-40.4","-42.0","-43.6",-3,-2,"0.1",40,274,374,0,0,"0.0","i",0,0,,"false"
"2026-10-09T07:21:20Z",415,"Dorgu","MUN","-77.6","-82.1","-89.1","-96.0",-3,-38,"0.5",58,1061,6140,10,171,"4.0","d",0,-2,,"false"
"2026-10-09T07:21:20Z",416,"De Ligt","MUN","0.0","0.0","0.0","0.0",0,0,"0.0",49,100,158,0,0,"0.0","i",-1,-1,,"false"
"2026-10-09T07:21:20Z",417,"Dalot","MUN","-86.3","-87.8","-90.0","-92.3",-3,-22,"1.6",49,2193,10100,8,346,"2.0","a",0,-1,,"false"
"2026-10-09T07:21:20Z",418,"Maguire","MUN","-4.2","-5.3","-7.1","-8.9",-1,-154,"8.4",48,7071,98034,10,450,"1.5","a",-1,-2,,"false"
"2026-10-09T07:21:20Z",419,"Martinez","MUN","-0.1","0.0","0.1","0.1",0,3,"1.3",49,4710,7796,6,360,"1.0","a",-1,-1,,"false"
"2026-10-09T07:21:20Z",420,"Yoro","MUN","-12.7","-13.2","-14.1","-15.0",-1,-4,"0.5",48,660,2583,2,22,"0.0","a",-1,-2,,"false"
"2026-10-09T07:21:20Z",421,"Heaven","MUN","-2.1","-1.9","-1.7","-1.4",-1,1,"0.3",43,329,1835,1,90,"0.0","a",-1,-2,,"false"
"2026-10-09T07:21:20Z",422,"Mazraoui","MUN","-50.6","-53.3","-57.4","-61.5",-3,-22,"0.5",44,620,4136,3,97,"0.0","d",0,-1,,"false"
"2026-10-09T07:21:20Z",423,"Shaw","MUN","-7.4","-8.6","-10.4","-12.2",-1,-137,"7.5",43,6502,98928,9,335,"1.0","a",-1,-2,,"false"
"2026-10-09T07:21:20Z",424,"Amass","MUN","-52.0","-52.9","-54.4","-55.9",-3,-2,"0.2",40,518,995,0,0,"0.0","a",0,0,,"false"
"2026-10-09T07:21:20Z",425,"Fredricson","MUN","0.0","0.0","0.0","0.0",0,0,"0.0",40,0,64,0,0,"0.0","u",0,0,,"false"
"2026-10-09T07:21:20Z",426,"B.Fernandes","MUN","-1.5","-1.7","-1.9","-2.2",-1,-100,"38.2",119,72194,255763,31,450,"2.0","a",-1,-1,,"false"
"2026-10-09T07:21:20Z",427,"Mbeumo","MUN","-83.1","-83.3","-83.7","-84.1",-3,-44,"20.4",79,64973,176416,25,450,"2.0","a",0,-1,,"false"
"2026-10-09T07:21:20Z",428,"Cunha","MUN","-94.5","-91.6","-87.2","-82.7",-3,155,"5.9",79,36051,29184,26,407,"6.0","a",0,-1,,"false"
"2026-10-09T07:21:20Z",429,"Rashford","MUN","-0.7","-3.7","-8.4","-13.0",-1,-122,"1.4",69,4597,23521,10,351,"2.0","d",-1,-1,,"false"
"2026-10-09T07:21:20Z",430,"Mount","MUN","0.1","0.0","-3.9","-21.5",0,-4,"0.0",54,224,233,1,10,"0.5","a",0,-1,,"false"
"2026-10-09T07:21:20Z",431,"Amad","MUN","-22.5","-24.0","-26.3","-28.7",-2,-11,"0.3",57,180,2368,0,0,"0.0","i",0,-3,,"false"
"2026-10-09T07:21:20Z",432,"Mainoo","MUN","12.6","11.4","9.6","7.7",1,-113,"1.5",55,8603,20367,22,354,"4.0","d",0,0,,"false"
"2026-10-09T07:21:20Z",433,"Ugarte","MUN","-75.7","-75.7","-75.7","-75.7",-3,0,"0.0",50,27,31,0,0,"0.0","i",0,0,,"false"
"2026-10-09T07:21:20Z",434,"J.Fletcher","MUN","-43.5","-55.3","-73.5","-91.6",-3,-1,"0.0",49,53,72,0,0,"0.0","a",0,-1,,"false"
"2026-10-09T07:21:20Z",435,"Lacey","MUN","-7.0","-18.6","-36.6","-54.5",-1,-6,"0.1",49,445,436,1,10,"0.0","a",0,-1,,"false"
"2026-10-09T07:21:20Z",436,"Collyer","MUN","0.0","0.0","0.0","0.0",0,0,"0.0",50,0,51,0,0,"0.0","u",0,0,,"false"
"2026-10-09T07:21:20Z",437,"Bendito Mantato","MUN","0.0","0.0","0.0","0.0",0,0,"0.2",44,624,1104,0,0,"0.0","a",-1,-1,,"false"
"2026-10-09T07:21:20Z",438,"Fletcher","MUN","0.4","0.3","0.3","0.2",1,-4,"0.3",44,2801,2552,0,0,"0.0","a",0,-1,,"false"
"2026-10-09T07:21:20Z",439,"Šeško","MUN","-58.3","-63.9","-72.6","-81.2",-3,-147,"1.6",70,7019,30143,8,76,"0.5","d",0,0,,"false"
"2026-10-09T07:21:20Z",440,"Zirkzee","MUN","-8.4","-9.5","-11.3","-13.1",-1,-7,"0.4",53,2606,3763,2,20,"1.0","a",-1,-2,,"false"
"2026-10-09T07:21:20Z",441,"Obi","MUN","0.0","0.0","0.0","0.0",0,-28,"0.9",45,0,13273,0,0,"0.0","u",0,0,,"false"
"2026-10-09T07:21:20Z",405,"N.Gonzalez","NEW","1.0","1.1","1.3","1.4",1,11,"0.2",55,932,2075,5,164,"0.5","a",0,0,,"false"
"2026-10-09T07:21:20Z",442,"Pope","NEW","-49.8","-49.8","-49.8","-49.8",-3,0,"0.9",49,1150,3851,0,0,"0.0","a",0,-1,,"false"
"2026-10-09T07:21:20Z",443,"Gillespie","NEW","-43.9","-43.9","-43.9","-43.9",-3,0,"0.0",45,57,112,0,0,"0.0","a",0,0,,"false"
"2026-10-09T07:21:20Z",444,"Jaouen","NEW","-6.4","-6.4","-6.4","-6.4",-1,0,"0.0",44,25,165,0,0,"0.0","i",-1,-1,,"false"
"2026-10-09T07:21:20Z",445,"Thiaw","NEW","19.7","19.6","19.5","19.4",1,-6,"2.2",50,13691,14370,14,450,"3.0","a",0,0,,"false"
"2026-10-09T07:21:20Z",446,"Schär","NEW","-8.6","-7.5","-5.9","-4.3",-1,2,"0.2",49,877,1122,2,25,"0.5","a",0,-1,,"false"
"2026-10-09T07:21:20Z",447,"Botman","NEW","10.9","10.9","10.9","10.9",1,-1,"0.7",50,7109,4249,15,450,"3.0","a",0,0,,"false"
"2026-10-09T07:21:20Z",448,"Burn","NEW","-6.6","-8.1","-10.5","-12.8",-1,-47,"0.7",48,142,7395,0,0,"0.0","i",-1,-2,,"false"
"2026-10-09T07:21:20Z",449,"Hall","NEW","18.1","23.9","32.8","41.8",2,1497,"18.4",53,358256,34451,31,449,"6.5","a",1,3,,"false"
"2026-10-09T07:21:20Z",450,"Livramento","NEW","1.4","1.2","0.8","0.5",1,-22,"0.1",49,507,2037,4,33,"1.5","d",0,-1,,"false"
"2026-10-09T07:21:20Z",451,"A.Murphy","NEW","0.0","0.0","0.0","0.0",0,0,"0.1",40,0,378,0,0,"0.0","u",0,0,,"false"
"2026-10-09T07:21:20Z",453,"Barnes","NEW","26.2","31.1","38.6","46.2",2,1262,"6.4",61,240196,40695,28,450,"5.5","a",1,1,,"false"
"2026-10-09T07:21:20Z",454,"Elanga","NEW","-58.3","-63.5","-71.5","-79.5",-3,-934,"4.1",61,386,204613,18,232,"0.0","i",-1,1,,"false"
"2026-10-09T07:21:20Z",456,"J.Ramsey","NEW","-3.9","-7.0","-11.8","-16.5",-1,-31,"0.2",48,91,5903,7,69,"0.0","i",-1,-2,,"false"
"2026-10-09T07:21:20Z",457,"J.Murphy","NEW","-19.8","-27.3","-38.8","-50.3",-2,-9,"0.1",59,1270,1075,3,181,"0.5","a",0,-1,,"false"
"2026-10-09T07:21:20Z",458,"Joelinton","NEW","0.0","0.0","0.0","0.0",0,0,"0.0",54,29,104,0,0,"0.0","d",0,-1,"2026-10-16T14:00:12.032649Z","false"
"2026-10-09T07:21:20Z",459,"L.Miley","NEW","0.5","0.4","0.2","-2.6",1,-12,"0.1",55,504,875,12,396,"2.0","d",0,0,,"false"
"2026-10-09T07:21:20Z",460,"Willock","NEW","17.7","18.3","19.2","20.1",1,57,"0.6",50,13428,4111,22,284,"5.5","a",0,0,,"false"
"2026-10-09T07:21:20Z",461,"Touré","NEW","-16.9","-20.0","-24.7","-29.4",-2,-4,"0.1",58,459,1121,8,50,"3.5","a",0,-2,,"false"
"2026-10-09T07:21:20Z",462,"Steur","NEW","-58.0","-58.0","-58.0","-58.0",-3,0,"0.1",49,346,522,8,223,"2.5","a",0,-1,,"false"
"2026-10-09T07:21:20Z",463,"Woltemade","NEW","0.0","0.0","0.0","0.0",0,-15,"0.5",59,0,4401,4,19,"0.0","u",0,-1,,"false"
"2026-10-09T07:21:20Z",464,"Wissa","NEW","76.4","81.8","89.9","98.1",3,504,"18.8",62,139556,181057,15,441,"1.0","a",0,2,,"false"
"2026-10-09T07:21:20Z",465,"Osula","NEW","-0.0","-0.0","-0.0","-0.0",0,0,"0.3",58,169,3057,4,55,"0.0","d",-1,-2,"2026-10-16T20:30:11.173862Z","false"
"2026-10-09T07:21:20Z",466,"Neave","NEW","0.0","0.0","0.0","0.0",0,-20,"0.5",45,0,4804,0,0,"0.0","u",0,0,,"false"
"2026-10-09T07:21:20Z",559,"Bamba","NEW","-82.5","-82.5","-82.5","-82.5",-3,0,"0.1",49,150,626,3,27,"1.0","a",0,-1,,"false"
"2026-10-09T07:21:20Z",567,"Horníček","NEW","26.0","26.2","26.5","26.8",2,20,"1.5",50,9897,7403,14,450,"2.0","a",0,0,,"false"
"2026-10-09T07:21:20Z",593,"Dedić","NEW","-0.1","-0.1","-0.1","-0.1",-1,0,"1.7",45,347,51290,13,327,"0.0","d",0,0,"2026-10-16T20:30:11.350437Z","false"
"2026-10-09T07:21:20Z",609,"Shahar","NEW","0.0","0.0","0.0","0.0",0,-11,"0.2",40,0,2107,0,0,"0.0","u",0,0,,"false"
"2026-10-09T07:21:20Z",634,"Fernandez-Pardo","NEW","1.1","1.3","1.7","2.0",1,20,"0.1",60,3091,1906,4,157,"1.5","a",0,0,,"false"
"2026-10-09T07:21:20Z",659,"Miley","NEW","0.1","0.1","0.2","0.2",1,4,"0.0",45,1703,772,0,0,"0.0","a",0,0,,"false"
"2026-10-09T07:21:20Z",663,"Pivas","NEW","0.0","0.1","0.1","0.1",1,2,"0.0",40,489,79,0,0,"0.0","a",0,0,,"false"
"2026-10-09T07:21:20Z",664,"Salia","NEW","0.8","1.1","1.7","2.2",1,32,"0.2",45,12514,2188,0,0,"0.0","a",0,0,,"false"
"2026-10-09T07:21:20Z",665,"Mills","NEW","0.0","0.0","0.0","0.0",0,0,"0.0",45,191,37,0,0,"0.0","a",0,0,,"false"
"2026-10-09T07:21:20Z",666,"Thompson","NEW","0.0","0.0","0.1","0.1",0,2,"0.0",45,275,43,0,0,"0.0","a",0,0,,"false"
"2026-10-09T07:21:20Z",167,"Delap","NFO","-33.0","-38.0","-45.7","-53.5",-2,-122,"2.7",56,30219,39115,9,277,"3.0","a",1,1,,"false"
"2026-10-09T07:21:20Z",201,"Muñoz","NFO","-55.1","-56.4","-58.4","-60.4",-3,-66,"5.6",54,10545,40121,5,257,"2.0","a",0,-1,,"false"
"2026-10-09T07:21:20Z",467,"Sels","NFO","4.1","3.8","3.4","2.9",1,-29,"1.5",50,2789,8803,14,450,"2.5","a",0,0,,"false"
"2026-10-09T07:21:20Z",468,"John","NFO","-80.9","-77.7","-72.8","-67.8",-3,2,"0.1",45,77,189,0,0,"0.0","a",0,0,,"false"
"2026-10-09T07:21:20Z",469,"N.Williams","NFO","24.2","23.2","21.5","19.9",2,-101,"8.6",50,16030,66076,19,450,"2.0","a",0,0,,"false"
"2026-10-09T07:21:20Z",470,"Morato","NFO","0.0","0.0","0.0","0.0",0,0,"0.0",50,0,147,0,0,"0.0","u",0,0,,"false"
"2026-10-09T07:21:20Z",471,"Milenković","NFO","-18.9","-20.5","-23.1","-25.6",-2,-69,"1.0",54,93,15595,12,270,"0.0","i",-1,-1,,"false"
"2026-10-09T07:21:20Z",472,"Murillo","NFO","26.7","27.1","27.7","28.3",2,38,"2.2",55,12978,11239,23,449,"5.0","a",0,0,,"false"
"2026-10-09T07:21:20Z",473,"Aina","NFO","-6.8","-8.6","-11.2","-13.9",-1,-63,"2.3",44,1482,27359,8,306,"1.0","a",-1,-1,,"false"
"2026-10-09T07:21:20Z",474,"Jair Cunha","NFO","-52.0","-52.0","-52.0","-52.0",-3,0,"0.2",45,381,828,11,360,"0.5","a",0,0,,"false"
"2026-10-09T07:21:20Z",475,"Savona","NFO","-21.9","-21.9","-21.9","-21.9",-2,0,"0.0",45,23,26,0,0,"0.0","i",0,0,,"false"
"2026-10-09T07:21:20Z",476,"O.Richards","NFO","-75.2","-74.1","-72.6","-71.0",-3,2,"0.2",40,369,942,0,0,"0.0","a",0,0,,"false"
"2026-10-09T07:21:20Z",477,"Abbott","NFO","0.0","0.0","0.0","0.0",0,0,"0.1",40,0,1100,0,0,"0.0","u",0,0,,"false"
"2026-10-09T07:21:20Z",478,"Netz","NFO","-10.7","-10.7","-10.7","-10.7",-1,0,"0.0",44,72,150,3,27,"0.5","a",0,-1,,"false"
"2026-10-09T07:21:20Z",479,"Bindon","NFO","0.0","0.0","0.0","0.0",0,-2,"0.1",40,0,701,0,0,"0.0","u",0,0,,"false"
"2026-10-09T07:21:20Z",480,"Gibbs-White","NFO","56.4","57.5","59.0","60.6",3,98,"15.7",80,104186,120583,28,450,"5.0","a",0,0,,"false"
"2026-10-09T07:21:20Z",482,"Hudson-Odoi","NFO","-46.2","-48.1","-51.0","-53.9",-3,-3,"0.1",58,386,1422,1,1,"0.0","a",0,-2,,"false"
"2026-10-09T07:21:20Z",483,"Ndoye","NFO","13.7","13.3","12.7","12.2",1,-35,"0.7",55,1162,10725,15,316,"1.0","a",0,0,,"false"
"2026-10-09T07:21:20Z",484,"Hutchinson","NFO","0.0","0.0","0.0","0.0",0,-2,"0.1",54,0,473,0,0,"0.0","u",0,-1,,"false"
"2026-10-09T07:21:20Z",485,"Bakwa","NFO","0.0","0.0","0.0","0.0",0,0,"0.0",55,0,44,0,0,"0.0","u",0,0,,"false"
"2026-10-09T07:21:20Z",486,"McAtee","NFO","2.4","2.3","2.3","2.2",1,-4,"0.1",55,478,1194,12,416,"2.5","a",0,0,,"false"
"2026-10-09T07:21:20Z",487,"Dominguez","NFO","-78.5","-78.5","-78.5","-78.5",-3,0,"0.1",49,74,369,1,1,"0.0","a",0,-1,,"false"
"2026-10-09T07:21:20Z",488,"I.Sangaré","NFO","-3.8","-5.9","-9.0","-12.1",-1,-13,"0.4",48,481,4441,4,105,"1.0","a",-1,-2,,"false"
"2026-10-09T07:21:20Z",489,"Yates","NFO","-0.1","-0.5","-1.1","-1.7",-1,-7,"1.1",44,821,9348,0,0,"0.0","a",-1,-1,,"false"
"2026-10-09T07:21:20Z",490,"Wood","NFO","-46.7","-46.9","-47.3","-47.7",-3,-2,"0.9",58,2819,7959,4,62,"1.0","a",0,-2,,"false"
"2026-10-09T07:21:20Z",491,"Igor Jesus","NFO","-4.6","-7.5","-11.9","-16.2",-1,-68,"2.6",58,11354,31416,12,257,"4.0","a",0,-2,,"false"
"2026-10-09T07:21:20Z",493,"Kalimuendo","NFO","0.0","0.0","0.0","0.0",0,0,"0.1",54,284,501,1,1,"0.0","a",0,-1,,"false"
"2026-10-09T07:21:20Z",558,"Schlager","NFO","0.4","0.3","0.2","0.0",1,-8,"0.1",50,281,1069,13,376,"2.5","a",0,0,,"false"
"2026-10-09T07:21:20Z",581,"Diomande","NFO","-54.0","-51.7","-48.2","-44.6",-3,11,"0.5",54,1975,2824,7,163,"3.0","a",0,-1,,"false"
"2026-10-09T07:21:20Z",590,"Benda","NFO","0.0","0.0","0.0","-1.7",0,-1,"0.1",45,159,286,0,0,"0.0","a",0,0,,"false"
"2026-10-09T07:21:20Z",112,"Van Hecke","TOT","-26.6","-31.0","-37.7","-44.3",-2,-456,"6.2",49,24593,61757,24,450,"7.0","d",0,-1,,"false"
"2026-10-09T07:21:20Z",147,"Tosin","TOT","-45.5","-45.5","-45.5","-45.5",-3,0,"0.1",44,136,685,1,5,"0.5","a",0,-1,,"false"
"2026-10-09T07:21:20Z",401,"Marmoush","TOT","41.2","41.2","41.2","41.2",3,0,"2.2",70,18406,28034,8,339,"2.0","a",0,0,,"false"
"2026-10-09T07:21:20Z",403,"Sávio","TOT","10.9","10.4","9.7","8.9",1,-47,"0.6",65,4367,9579,8,240,"2.5","a",0,0,,"false"
"2026-10-09T07:21:20Z",455,"Tonali","TOT","-26.5","-29.0","-32.8","-36.6",-2,-70,"1.8",53,3122,19817,14,427,"2.5","a",-1,-2,,"false"
"2026-10-09T07:21:20Z",494,"Vicario","TOT","0.0","0.0","0.0","0.0",0,-2,"0.1",45,0,879,0,0,"0.0","u",0,0,,"false"
"2026-10-09T07:21:20Z",495,"Austin","TOT","2.3","2.3","2.3","2.3",1,0,"1.0",40,2663,2834,0,0,"0.0","a",0,0,,"false"
"2026-10-09T07:21:20Z",496,"Kinsky","TOT","-59.5","-61.0","-63.4","-65.7",-3,-236,"16.8",45,27060,158753,18,450,"4.5","a",0,0,,"false"
"2026-10-09T07:21:20Z",497,"Dubravka","TOT","-27.4","-28.1","-29.0","-30.0",-2,-96,"17.0",40,43478,68156,0,0,"0.0","a",0,0,,"false"
"2026-10-09T07:21:20Z",498,"Senesi","TOT","-66.7","-69.9","-74.7","-79.5",-3,-99,"3.5",58,1597,27063,3,90,"0.0","a",0,-2,,"false"
"2026-10-09T07:21:20Z",499,"Pedro Porro","TOT","-43.6","-48.7","-56.5","-64.4",-3,-626,"7.3",54,1884,102338,9,198,"0.5","d",0,-1,,"false"
"2026-10-09T07:21:20Z",500,"Romero","TOT","0.0","0.0","0.0","0.0",0,0,"0.1",50,0,337,0,0,"0.0","u",0,0,,"false"
"2026-10-09T07:21:20Z",502,"Robertson","TOT","-1.3","-3.5","-6.8","-10.2",-1,-50,"2.5",44,9178,19367,17,366,"5.5","a",0,-1,,"false"
"2026-10-09T07:21:20Z",503,"Van de Ven","TOT","-27.7","-30.3","-34.2","-38.1",-2,-88,"3.8",50,9139,26198,16,360,"3.5","a",0,0,,"false"
"2026-10-09T07:21:20Z",505,"Spence","TOT","0.0","0.0","0.0","0.0",0,-8,"0.2",45,0,1423,0,0,"0.0","u",0,0,,"false"
"2026-10-09T07:21:20Z",506,"Udogie","TOT","-26.4","-27.1","-28.1","-29.1",-2,-2,"0.3",44,451,2042,7,86,"0.0","a",0,-1,,"false"
"2026-10-09T07:21:20Z",507,"Phillips","TOT","0.0","0.0","0.0","0.0",0,0,"0.0",45,0,64,0,0,"0.0","u",0,0,,"false"
"2026-10-09T07:21:20Z",508,"Davies","TOT","1.9","2.0","2.1","2.2",1,6,"0.9",39,9684,5400,0,0,"0.0","a",-1,-1,,"false"
"2026-10-09T07:21:20Z",509,"Byfield","TOT","-6.8","-9.0","-12.3","-15.7",-1,-1,"0.1",40,158,310,0,0,"0.0","a",0,0,,"false"
"2026-10-09T07:21:20Z",510,"Rowswell","TOT","-19.4","-19.4","-19.4","-19.4",-1,0,"0.1",40,198,418,0,0,"0.0","a",0,0,,"false"
"2026-10-09T07:21:20Z",511,"Souza","TOT","0.0","0.0","0.0","0.0",0,-2,"0.2",40,0,1155,0,0,"0.0","u",0,0,,"false"
"2026-10-09T07:21:20Z",512,"Kudus","TOT","2.5","2.6","2.8","3.0",1,11,"0.2",65,3302,1636,7,123,"2.5","a",0,0,,"false"
"2026-10-09T07:21:20Z",513,"Xavi","TOT","-17.4","-17.4","-17.4","-17.4",-1,0,"0.0",59,67,94,0,0,"0.0","i",0,-1,,"false"
"2026-10-09T07:21:20Z",514,"Tel","TOT","-39.2","-43.0","-49.0","-54.9",-3,-11,"0.2",57,274,2577,8,257,"0.5","a",-1,-3,,"false"
"2026-10-09T07:21:20Z",515,"Maddison","TOT","-80.0","-81.2","-83.1","-85.0",-3,-4,"0.4",63,1066,2555,3,59,"1.0","a",0,-2,,"false"
"2026-10-09T07:21:20Z",516,"Bentancur","TOT","-90.5","-95.6","-103.4","-111.2",-4,-8,"0.2",55,551,1130,15,370,"3.5","a",0,0,,"false"
"2026-10-09T07:21:20Z",517,"Odobert","TOT","0.0","0.0","0.0","0.0",0,0,"0.0",55,41,19,0,0,"0.0","i",0,0,,"false"
"2026-10-09T07:21:20Z",518,"P.M.Sarr","TOT","0.0","0.0","0.0","0.0",0,-4,"0.1",49,0,856,0,0,"0.0","u",0,-1,,"false"
"2026-10-09T07:21:20Z",519,"Gallagher","TOT","0.0","-3.8","-11.4","-18.9",-1,-8,"0.2",53,987,930,9,134,"3.0","a",0,-2,,"false"
"2026-10-09T07:21:20Z",520,"Bergvall","TOT","-6.1","-7.7","-10.1","-12.5",-1,-3,"0.1",53,134,775,3,78,"1.0","a",-1,-2,,"false"
"2026-10-09T07:21:20Z",521,"Kulusevski","TOT","-79.8","-79.8","-79.8","-79.8",-3,0,"0.0",65,137,98,0,0,"0.0","i",0,0,,"false"
"2026-10-09T07:21:20Z",522,"Gray","TOT","-31.9","-33.6","-36.1","-38.7",-2,-3,"0.2",49,585,1514,9,307,"2.5","a",0,-1,,"false"
"2026-10-09T07:21:20Z",523,"Moore","TOT","0.0","0.0","0.0","0.0",0,-5,"0.1",50,0,714,3,89,"0.0","u",0,0,,"false"
"2026-10-09T07:21:20Z",524,"Olusesi","TOT","8.2","8.0","7.6","7.3",1,-20,"1.0",44,6462,8902,0,0,"0.0","a",0,-1,,"false"
"2026-10-09T07:21:20Z",525,"Fernandes","TOT","-18.2","-21.1","-25.6","-30.2",-2,-34,"0.7",57,640,8597,7,249,"2.0","a",-1,-3,,"false"
"2026-10-09T07:21:20Z",526,"Solanke","TOT","-38.9","-40.5","-42.9","-45.3",-3,-12,"0.8",58,2841,7445,7,170,"2.0","a",0,-2,,"false"
"2026-10-09T07:21:20Z",527,"Richarlison","TOT","0.0","0.0","0.0","0.0",0,-27,"0.6",59,0,7255,2,67,"0.0","u",0,-1,,"false"
"2026-10-09T07:21:20Z",528,"Scarlett","TOT","0.0","0.0","0.0","0.0",0,-31,"1.1",45,0,9980,0,0,"0.0","u",0,0,,"false"
"2026-10-09T07:21:20Z",578,"Mudryk","TOT","-16.8","-16.8","-16.8","-16.8",-1,0,"0.0",53,29,672,1,16,"0.0","i",-1,-2,,"false"
"2026-10-09T07:21:20Z",601,"Williams-Barnett","TOT","-60.1","-63.2","-68.1","-72.9",-3,-4,"0.1",45,206,862,0,0,"0.0","a",0,0,,"false"
"2026-10-09T07:21:20Z",501,"Danso","SUN","-81.8","-80.1","-77.6","-75.0",-3,3,"0.2",50,1515,1011,3,270,"0.5","a",0,0,,"false"
"2026-10-09T07:21:20Z",529,"Roefs","SUN","-20.6","-21.6","-23.1","-24.6",-2,-22,"2.4",49,2662,16447,11,450,"1.0","a",0,-1,,"false"
"2026-10-09T07:21:20Z",530,"Patterson","SUN","0.0","0.0","0.0","0.0",0,-2,"0.1",40,0,451,0,0,"0.0","u",0,0,,"false"
"2026-10-09T07:21:20Z",531,"Ellborg","SUN","-0.1","-1.1","-2.6","-4.1",-1,-1,"0.1",44,180,327,0,0,"0.0","a",-1,-1,,"false"
"2026-10-09T07:21:20Z",532,"Ballard","SUN","-49.6","-55.9","-65.7","-75.4",-3,-377,"2.3",49,3750,32441,14,450,"1.0","i",0,-1,,"false"
"2026-10-09T07:21:20Z",533,"Mukiele","SUN","-18.9","-18.8","-18.6","-18.5",-1,2,"1.9",54,6824,11700,13,360,"0.0","a",0,-1,,"false"
"2026-10-09T07:21:20Z",534,"Hume","SUN","-12.2","-13.9","-16.6","-19.3",-1,-74,"2.7",43,1581,41516,10,206,"0.5","a",-1,-2,,"false"
"2026-10-09T07:21:20Z",535,"Alderete","SUN","-9.1","-9.1","-9.1","-9.1",-1,0,"0.2",48,338,1420,1,23,"0.0","a",-1,-2,,"false"
"2026-10-09T07:21:20Z",536,"Reinildo","SUN","-0.8","-1.4","-2.4","-3.4",-1,-3,"0.3",44,337,1991,7,360,"-1.0","a",-1,-1,,"false"
"2026-10-09T07:21:20Z",537,"Seelt","SUN","0.0","0.0","0.0","0.0",0,0,"0.0",45,0,31,0,0,"0.0","u",0,0,,"false"
"2026-10-09T07:21:20Z",538,"Hjelde","SUN","0.0","0.0","0.0","0.0",0,0,"0.0",40,0,205,0,0,"0.0","u",0,0,,"false"
"2026-10-09T07:21:20Z",539,"O'Nien","SUN","4.8","4.9","5.1","5.3",1,11,"2.5",39,22553,16441,1,66,"0.0","a",-1,-1,,"false"
"2026-10-09T07:21:20Z",540,"Masuaku","SUN","0.0","0.0","0.0","0.0",0,0,"0.1",40,0,782,0,0,"0.0","u",0,0,,"false"
"2026-10-09T07:21:20Z",541,"Meunier","SUN","-30.4","-29.0","-26.9","-24.7",-2,4,"0.3",45,2355,1339,14,396,"2.5","a",0,0,,"false"
"2026-10-09T07:21:20Z",542,"E.Le Fée","SUN","-6.0","-6.6","-7.6","-8.6",-1,-34,"3.3",57,15701,34354,18,438,"2.5","a",-1,-3,,"false"
"2026-10-09T07:21:20Z",543,"Diarra","SUN","-2.9","-2.9","-2.9","-2.9",-1,0,"0.0",53,22,289,5,28,"0.0","i",-1,-2,,"false"
"2026-10-09T07:21:20Z",544,"Xhaka","SUN","-85.5","-88.7","-93.5","-98.4",-3,-103,"3.6",55,8222,30564,21,450,"1.5","a",0,0,,"false"
"2026-10-09T07:21:20Z",545,"Sadiki","SUN","-86.8","-91.7","-99.1","-106.6",-3,-9,"0.2",49,521,1825,10,410,"2.0","a",0,-1,,"false"
"2026-10-09T07:21:20Z",546,"Adingra","SUN","0.0","0.0","0.0","0.0",0,0,"0.0",49,0,245,0,0,"0.0","u",0,-1,,"false"
"2026-10-09T07:21:20Z",547,"Mundle","SUN","-90.1","-90.1","-90.1","-90.1",-3,0,"0.0",49,11,62,1,1,"0.0","i",0,-1,,"false"
"2026-10-09T07:21:20Z",548,"Rigg","SUN","-89.0","-89.0","-89.0","-89.0",-3,0,"0.0",49,46,301,2,17,"0.0","a",0,-1,,"false"
"2026-10-09T07:21:20Z",549,"Talbi","SUN","-36.2","-36.2","-36.2","-36.2",-2,0,"0.1",53,137,709,1,31,"0.0","a",0,-2,,"false"
"2026-10-09T07:21:20Z",550,"Jocelin.T","SUN","-98.1","-98.1","-98.1","-98.1",-4,0,"0.0",50,55,60,0,0,"0.0","a",0,0,,"false"
"2026-10-09T07:21:20Z",551,"N.Angulo","SUN","1.5","1.5","1.5","1.5",1,0,"0.1",50,697,994,16,313,"3.0","a",0,0,,"false"
"2026-10-09T07:21:20Z",552,"Brobbey","SUN","77.9","67.0","50.2","33.4",3,-1037,"6.6",57,203250,85009,24,399,"9.0","i",-1,-3,,"false"
"2026-10-09T07:21:20Z",553,"Isidor","SUN","3.4","3.5","3.7","4.0",1,14,"1.3",55,6116,14378,15,117,"1.0","a",0,0,,"false"
"2026-10-09T07:21:20Z",612,"Methalie","SUN","0.0","0.0","0.0","0.0",0,0,"0.0",45,144,82,-1,90,"-0.5","a",0,0,,"false"
"2026-10-09T07:21:20Z",613,"Ahoka","SUN","-53.8","-57.7","-63.6","-69.5",-3,-8,"0.2",45,703,1868,0,0,"0.0","a",0,0,,"false"
"2026-10-09T07:21:20Z",646,"Fofana","SUN","-11.2","-15.4","-21.8","-28.2",-1,-1,"0.0",55,407,368,3,60,"1.0","a",0,0,,"false"
"2026-10-09T07:21:20Z",651,"J.Angulo","SUN","5.6","5.6","5.8","5.9",1,7,"0.8",45,11622,8817,0,0,"0.0","a",0,0,,"false"
"2026-10-09T10:55:28Z",1,"Raya","ARS","3.5","4.9","7.7","10.4",1,461,"42.8",61,195698,70895,30,450,"7.5","a",1,1,,"false"
"2026-10-09T10:55:28Z",2,"Arrizabalaga","ARS","-55.7","-55.7","-55.7","-55.7",-3,0,"0.1",49,151,316,0,0,"0.0","a",0,-1,,"false"
"2026-10-09T10:55:28Z",3,"Meslier","ARS","-42.6","-42.6","-42.6","-42.6",-3,0,"0.0",49,66,142,0,0,"0.0","a",0,-1,,"false"
"2026-10-09T10:55:28Z",4,"Gabriel","ARS","-96.9","-96.8","-96.5","-96.3",-4,33,"22.7",80,41435,93690,25,450,"5.0","a",0,0,,"false"
"2026-10-09T10:55:28Z",5,"J.Timber","ARS","14.7","16.3","19.5","22.6",1,194,"0.5",65,21643,6357,1,104,"0.5","a",0,0,,"false"
"2026-10-09T10:55:28Z",6,"Saliba","ARS","-28.8","-29.3","-30.4","-31.4",-2,-3,"0.2",59,505,1325,0,0,"0.0","i",0,-1,,"false"
"2026-10-09T10:55:28Z",7,"Lewis-Skelly","ARS","-19.4","-20.4","-22.6","-24.7",-2,-12,"0.6",54,1545,6072,9,271,"0.5","a",-1,-1,,"false"
"2026-10-09T10:55:28Z",8,"Calafiori","ARS","2.8","4.8","8.8","12.8",1,668,"50.8",59,134003,82354,29,416,"3.5","a",1,4,,"false"
"2026-10-09T10:55:28Z",9,"Hincapie","ARS","-7.4","-9.0","-12.4","-15.7",-1,-29,"0.9",52,2085,6831,2,32,"0.0","a",-1,-3,,"false"
"2026-10-09T10:55:28Z",10,"White","ARS","-68.5","-76.9","-93.5","-110.1",-3,-845,"4.6",55,3542,92665,21,315,"0.5","d",0,0,,"false"
"2026-10-09T10:55:28Z",11,"Mosquera","ARS","-32.3","-33.6","-36.3","-39.0",-2,-26,"1.6",53,2509,13355,12,168,"0.0","a",0,-2,,"false"
"2026-10-09T10:55:28Z",12,"Saka","ARS","8.4","15.9","30.7","45.6",1,2476,"15.1",96,259081,63783,32,416,"5.0","a",1,1,,"false"
"2026-10-09T10:55:28Z",13,"Rice","ARS","-49.2","-55.5","-68.1","-80.6",-3,-1534,"11.2",74,8439,125795,20,411,"3.5","d",0,-1,,"false"
"2026-10-09T10:55:28Z",14,"Eze","ARS","0.5","0.9","1.6","2.3",1,44,"1.0",62,4858,8334,4,85,"1.0","a",-1,-3,,"false"
"2026-10-09T10:55:28Z",15,"Ødegaard","ARS","10.6","19.1","36.0","52.9",1,1042,"19.9",68,131060,125560,29,377,"2.5","a",0,3,,"false"
"2026-10-09T10:55:28Z",16,"Madueke","ARS","-27.3","-22.7","-13.5","-4.2",-2,11,"0.2",62,984,1823,2,23,"0.0","a",0,-3,,"false"
"2026-10-09T10:55:28Z",17,"Merino","ARS","0.3","0.6","1.0","1.5",1,28,"0.4",57,1923,3422,4,81,"1.0","a",-1,-3,,"false"
"2026-10-09T10:55:28Z",18,"Martinelli","ARS","0.0","0.0","0.0","0.0",0,-1,"0.1",63,0,682,0,0,"0.0","u",0,-2,,"false"
"2026-10-09T10:55:28Z",19,"Zubimendi","ARS","-59.7","-63.1","-69.7","-76.4",-3,-22,"0.6",53,633,4616,5,89,"1.0","a",0,-2,,"false"
"2026-10-09T10:55:28Z",20,"Dowman","ARS","-23.1","-25.4","-30.0","-34.6",-2,-3,"0.1",53,496,786,1,9,"0.5","d",0,-2,,"false"
"2026-10-09T10:55:28Z",22,"Nwaneri","ARS","0.0","0.0","0.0","0.0",0,0,"0.0",54,0,59,0,0,"0.0","u",0,-1,,"false"
"2026-10-09T10:55:28Z",23,"Fábio Vieira","ARS","0.0","0.0","0.0","0.0",0,0,"0.0",55,0,45,0,0,"0.0","u",0,0,,"false"
"2026-10-09T10:55:28Z",24,"Nelson","ARS","0.0","0.0","0.0","0.0",0,0,"0.0",55,0,27,0,0,"0.0","u",0,0,,"false"
"2026-10-09T10:55:28Z",25,"Gyökeres","ARS","13.0","22.6","41.4","60.3",2,1165,"3.5",71,47960,22914,2,29,"0.5","a",-1,-4,,"false"
"2026-10-09T10:55:28Z",26,"Havertz","ARS","-18.9","-32.9","-60.6","-88.3",-2,-2317,"7.6",76,52495,125224,19,437,"1.5","d",0,1,,"false"
"2026-10-09T10:55:28Z",27,"G.Jesus","ARS","0.0","0.0","0.0","0.0",0,0,"0.1",59,0,1176,0,0,"0.0","u",0,-1,,"false"
"2026-10-09T10:55:28Z",31,"Konsa","ARS","-4.5","-8.3","-15.9","-23.5",-1,-1545,"18.6",46,109480,138847,12,281,"3.5","d",1,1,,"false"
"2026-10-09T10:55:28Z",452,"Bruno G.","ARS","1.5","2.0","3.0","4.0",1,63,"1.8",67,9706,10162,9,123,"4.0","a",0,-3,,"false"
"2026-10-09T10:55:28Z",557,"Tzolis","ARS","-23.1","-34.5","-57.1","-79.6",-2,-4623,"11.0",63,12937,260079,16,362,"2.5","d",-1,-2,,"false"
"2026-10-09T10:55:28Z",29,"M.Bizot","AVL","-45.8","-49.0","-55.5","-61.9",-3,-12,"0.1",45,88,1284,1,90,"0.0","i",0,0,,"false"
"2026-10-09T10:55:28Z",30,"Digne","AVL","0.0","0.0","0.0","0.0",0,-1,"0.0",45,0,285,0,0,"0.0","u",0,0,,"false"
"2026-10-09T10:55:28Z",32,"Cash","AVL","-29.8","-33.2","-39.9","-46.7",-2,-188,"4.7",44,4020,35702,6,296,"-0.5","a",0,-1,,"false"
"2026-10-09T10:55:28Z",33,"Mings","AVL","1.2","1.5","2.1","2.7",1,37,"0.4",45,3042,2059,10,261,"1.5","a",0,0,,"false"
"2026-10-09T10:55:28Z",34,"Pau","AVL","-4.1","-7.0","-12.7","-18.5",-1,-45,"0.3",44,65,4167,3,187,"0.5","i",-1,-1,,"false"
"2026-10-09T10:55:28Z",35,"Bogarde","AVL","-5.5","-3.8","-0.5","0.0",-1,2,"0.1",49,207,525,1,16,"0.0","a",-1,-1,,"false"
"2026-10-09T10:55:28Z",36,"Maatsen","AVL","-9.4","-13.0","-19.9","-26.9",-1,-92,"0.5",44,64,9041,9,335,"0.5","i",-1,-1,,"false"
"2026-10-09T10:55:28Z",37,"Lindelöf","AVL","1.2","1.2","1.1","1.0",1,-4,"0.3",45,1865,1939,8,450,"1.0","a",0,0,,"false"
"2026-10-09T10:55:28Z",38,"A.García","AVL","-40.8","-43.2","-48.0","-52.9",-3,-43,"1.5",40,2256,7988,0,0,"0.0","a",0,0,,"false"
"2026-10-09T10:55:28Z",39,"Nedeljkovic","AVL","0.0","0.0","0.0","0.0",0,-4,"0.1",40,0,734,0,0,"0.0","u",0,0,,"false"
"2026-10-09T10:55:28Z",41,"Buendía","AVL","-8.5","1.0","4.6","8.2",1,224,"1.1",59,20676,7143,21,401,"7.0","a",0,-1,,"false"
"2026-10-09T10:55:28Z",44,"Bailey","AVL","0.0","0.0","0.0","0.0",0,-7,"0.1",54,0,606,0,0,"0.0","u",0,-1,,"false"
"2026-10-09T10:55:28Z",45,"McGinn","AVL","-21.8","-20.6","-18.2","-15.8",-2,31,"2.2",54,11359,13577,17,434,"6.0","a",0,-1,,"false"
"2026-10-09T10:55:28Z",46,"Barkley","AVL","0.3","0.1","-14.4","-33.2",1,-27,"0.2",50,722,2401,10,308,"1.5","a",0,0,,"false"
"2026-10-09T10:55:28Z",47,"Kamara","AVL","-89.5","-93.6","-101.8","-110.0",-3,-15,"0.3",50,1748,2180,15,443,"4.0","a",0,0,,"false"
"2026-10-09T10:55:28Z",48,"Onana","AVL","-12.2","-12.2","-12.2","-12.2",-1,0,"0.0",49,64,122,0,0,"0.0","i",0,-1,,"false"
"2026-10-09T10:55:28Z",49,"Iling Jr","AVL","0.0","0.0","0.0","0.0",0,0,"0.0",50,0,12,0,0,"0.0","u",0,0,,"false"
"2026-10-09T10:55:28Z",50,"Burrowes","AVL","-92.2","-96.5","-105.0","-113.5",-4,-28,"0.6",45,752,4315,0,0,"0.0","a",0,0,,"false"
"2026-10-09T10:55:28Z",51,"George Hemmings","AVL","13.8","12.8","10.9","9.0",1,-117,"1.1",45,4067,13560,9,297,"1.0","a",0,0,,"false"
"2026-10-09T10:55:28Z",52,"Alysson","AVL","-15.8","-25.0","-43.1","-61.3",-2,-9,"0.0",50,76,984,8,87,"3.0","d",0,0,,"false"
"2026-10-09T10:55:28Z",53,"Manzambi","AVL","14.1","17.3","23.8","30.3",1,398,"0.5",59,42154,5601,14,98,"7.0","a",0,-1,,"false"
"2026-10-09T10:55:28Z",54,"Gomes","AVL","0.2","0.2","0.2","0.3",1,4,"0.0",55,619,265,2,129,"2.0","a",0,0,,"false"
"2026-10-09T10:55:28Z",55,"Watkins","AVL","0.0","0.0","0.0","0.0",0,-103,"2.4",78,0,15718,0,0,"0.0","u",0,-2,,"false"
"2026-10-09T10:55:28Z",56,"Abraham","AVL","3.9","4.0","4.2","4.4",1,12,"0.2",55,2425,2275,4,71,"1.0","a",0,0,,"false"
"2026-10-09T10:55:28Z",160,"Garnacho","AVL","-78.3","-78.9","-80.1","-81.2",-3,-2,"0.3",58,729,3316,3,31,"0.0","a",0,-2,,"false"
"2026-10-09T10:55:28Z",166,"N.Jackson","AVL","66.2","72.3","84.4","96.5",3,745,"1.7",65,59713,12463,10,286,"3.0","a",0,0,,"false"
"2026-10-09T10:55:28Z",582,"Madjo","AVL","-31.5","-34.7","-41.1","-47.6",-2,-20,"0.2",54,492,2502,0,0,"0.0","i",0,-1,,"false"
"2026-10-09T10:55:28Z",596,"Ruggeri","AVL","-55.4","-48.9","-36.1","-23.4",-3,7,"0.1",45,1035,487,5,113,"1.5","a",0,0,,"false"
"2026-10-09T10:55:28Z",597,"Suzuki","AVL","33.1","33.5","34.3","35.1",2,49,"1.9",50,18272,9579,16,360,"2.0","a",0,0,,"false"
"2026-10-09T10:55:28Z",606,"Rowe","AVL","0.1","0.1","0.1","0.1",1,-1,"0.2",40,394,1033,0,0,"0.0","a",0,0,,"false"
"2026-10-09T10:55:28Z",607,"Lynch","AVL","0.0","0.0","0.0","0.0",0,0,"0.1",45,0,806,0,0,"0.0","u",0,0,,"false"
"2026-10-09T10:55:28Z",611,"Wan-Bissaka","AVL","2.3","2.3","2.3","2.3",1,0,"0.2",45,2072,1818,6,152,"2.0","a",0,0,,"false"
"2026-10-09T10:55:28Z",618,"Goretzka","AVL","-50.4","-56.8","-69.4","-81.9",-3,-5,"0.0",59,35,481,0,0,"0.0","i",0,-1,,"false"
"2026-10-09T10:55:28Z",630,"Harwood-Bellis","AVL","0.0","0.0","-7.7","-23.6",0,-2,"0.0",45,283,247,0,0,"0.0","a",0,0,,"false"
"2026-10-09T10:55:28Z",631,"Mbaye","AVL","0.3","0.3","0.2","0.2",1,-4,"0.1",60,1245,1488,2,33,"1.0","a",0,0,,"false"
"2026-10-09T10:55:28Z",667,"Wright","AVL","0.5","0.6","0.9","1.2",1,19,"0.2",40,11256,1429,0,0,"0.0","a",0,0,,"false"
"2026-10-09T10:55:28Z",57,"Petrović","BOU","0.0","-0.6","-2.0","-3.4",-1,-24,"2.9",45,9505,17486,9,450,"1.5","a",0,0,,"false"
"2026-10-09T10:55:28Z",58,"Forster","BOU","5.0","4.9","4.9","4.9",1,-2,"3.5",40,12197,10482,0,0,"0.0","a",0,0,,"false"
"2026-10-09T10:55:28Z",59,"Dennis","BOU","0.0","0.0","0.0","0.0",0,-4,"0.1",40,0,800,0,0,"0.0","u",0,0,,"false"
"2026-10-09T10:55:28Z",60,"Hill","BOU","-30.7","-27.5","-21.3","-15.0",-2,28,"0.8",55,4754,4352,12,450,"3.0","a",0,0,,"false"
"2026-10-09T10:55:28Z",61,"Truffert","BOU","-2.4","-3.0","-4.1","-5.2",-1,-34,"3.0",54,7204,17571,10,450,"2.5","a",-1,-1,,"false"
"2026-10-09T10:55:28Z",62,"Diakité","BOU","-7.1","-6.5","-5.3","-4.0",-1,2,"0.2",49,591,1164,0,0,"0.0","a",-1,-1,,"false"
"2026-10-09T10:55:28Z",63,"Milosavljević","BOU","-9.4","-9.4","-9.4","-9.4",-1,0,"0.0",49,45,79,0,0,"0.0","i",0,-1,,"false"
"2026-10-09T10:55:28Z",64,"Smith","BOU","0.4","0.3","0.3","0.3",1,-2,"0.1",45,612,686,4,434,"1.0","a",0,0,,"false"
"2026-10-09T10:55:28Z",65,"J.Araujo","BOU","-16.6","-16.6","-16.6","-16.6",-1,0,"0.0",44,53,87,0,0,"0.0","i",0,-1,,"false"
"2026-10-09T10:55:28Z",66,"Soler","BOU","1.5","1.5","1.5","1.5",1,0,"0.3",40,947,1461,0,0,"0.0","a",0,0,,"false"
"2026-10-09T10:55:28Z",67,"Rayan","BOU","-10.9","-11.3","-12.2","-13.1",-1,-14,"1.5",63,6600,13290,10,434,"2.0","a",-1,-2,,"false"
"2026-10-09T10:55:28Z",68,"Tavernier","BOU","39.1","42.0","47.8","53.7",3,359,"7.0",61,124908,67643,31,424,"5.0","a",0,1,,"false"
"2026-10-09T10:55:28Z",69,"Scott","BOU","-25.0","-43.5","-80.1","-116.6",-3,-3092,"5.1",61,26615,103853,30,446,"3.0","i",0,1,,"false"
"2026-10-09T10:55:28Z",70,"Kluivert","BOU","-87.6","-99.5","-123.0","-146.4",-4,-302,"0.8",60,2334,26222,15,294,"4.0","i",0,0,,"false"
"2026-10-09T10:55:28Z",71,"Cook","BOU","-20.4","-25.2","-34.5","-43.9",-2,-9,"0.2",50,342,1481,8,180,"0.5","a",0,0,,"false"
"2026-10-09T10:55:28Z",72,"Gannon-Doak","BOU","-77.4","-77.4","-77.4","-77.4",-3,0,"0.1",49,189,515,4,12,"1.0","a",0,-1,,"false"
"2026-10-09T10:55:28Z",73,"Adams","BOU","1.7","1.7","1.6","1.6",1,-3,"0.3",50,1560,2119,12,279,"3.0","a",0,0,,"false"
"2026-10-09T10:55:28Z",74,"Brooks","BOU","-26.0","-35.4","-54.0","-72.6",-2,-6,"0.1",50,249,447,3,45,"0.5","a",0,0,,"false"
"2026-10-09T10:55:28Z",75,"Christie","BOU","0.5","0.5","0.6","0.7",1,6,"0.0",50,521,334,5,102,"1.5","a",0,0,,"false"
"2026-10-09T10:55:28Z",76,"Tóth.A","BOU","-17.7","-17.7","-17.7","-17.7",-1,0,"0.0",49,39,77,2,17,"0.5","a",0,-1,,"false"
"2026-10-09T10:55:28Z",77,"Adli","BOU","-93.3","-93.3","-93.3","-93.3",-3,0,"0.0",49,34,95,0,0,"0.0","i",0,-1,,"false"
"2026-10-09T10:55:28Z",78,"Kroupi.Jr","BOU","-85.2","-86.6","-89.4","-92.3",-3,-8,"0.2",74,255,1084,0,0,"0.0","i",0,-1,,"false"
"2026-10-09T10:55:28Z",79,"Evanilson","BOU","58.4","60.3","64.0","67.7",3,229,"3.3",60,29964,28856,18,424,"3.5","a",0,0,,"false"
"2026-10-09T10:55:28Z",80,"Enes Ünal","BOU","0.0","0.0","0.0","0.0",0,0,"0.0",55,0,63,0,0,"0.0","u",0,0,,"false"
"2026-10-09T10:55:28Z",81,"Rodríguez","BOU","-26.1","-21.1","-11.3","-1.4",-2,7,"0.1",60,1113,894,2,10,"0.5","a",0,0,,"false"
"2026-10-09T10:55:28Z",566,"Silva","BOU","2.2","2.5","3.2","4.0",1,44,"0.5",50,18353,8409,13,450,"3.0","a",0,0,,"false"
"2026-10-09T10:55:28Z",573,"Sanchez","BOU","-15.9","-15.9","-15.9","-15.9",-1,0,"0.2",44,186,568,0,0,"0.0","a",0,-1,,"false"
"2026-10-09T10:55:28Z",608,"Jebbison","BOU","0.6","0.6","0.6","0.6",1,-2,"0.1",50,1191,1120,3,31,"0.5","a",0,0,,"false"
"2026-10-09T10:55:28Z",615,"Di Gregorio","BOU","-33.7","-33.7","-33.7","-33.7",-2,0,"0.0",45,227,242,0,0,"0.0","a",0,0,,"false"
"2026-10-09T10:55:28Z",82,"Kelleher","BRE","23.3","23.8","24.6","25.4",2,50,"6.1",50,28031,21044,20,450,"4.5","a",0,0,,"false"
"2026-10-09T10:55:28Z",83,"Valdimarsson","BRE","-82.1","-82.1","-82.1","-82.1",-3,0,"0.1",45,395,468,0,0,"0.0","a",0,0,,"false"
"2026-10-09T10:55:28Z",84,"Collins","BRE","-39.4","-43.5","-51.5","-59.6",-3,-122,"0.9",54,144,12674,10,196,"0.0","i",0,-1,,"false"
"2026-10-09T10:55:28Z",85,"Van den Berg","BRE","-93.4","-94.7","-97.4","-100.1",-3,-3,"0.1",49,58,466,0,0,"0.0","i",0,-1,,"false"
"2026-10-09T10:55:28Z",86,"Lewis-Potter","BRE","34.2","33.5","32.1","30.6",2,-89,"1.6",55,5193,16176,22,406,"2.0","a",0,0,,"false"
"2026-10-09T10:55:28Z",87,"Ajer","BRE","34.6","34.9","35.5","36.1",2,37,"3.8",45,18734,33458,21,450,"4.0","a",0,0,,"false"
"2026-10-09T10:55:28Z",88,"Kayode","BRE","-39.3","-38.0","-35.5","-33.0",-2,113,"7.6",46,23334,31005,23,294,"3.5","a",0,1,,"false"
"2026-10-09T10:55:28Z",89,"Henry","BRE","-20.3","-22.7","-27.4","-32.1",-2,-5,"0.2",44,206,794,1,2,"0.0","a",0,-1,,"false"
"2026-10-09T10:55:28Z",90,"Hickey","BRE","-32.9","-30.0","-24.3","-18.6",-2,2,"0.1",45,252,350,5,152,"1.0","a",0,0,,"false"
"2026-10-09T10:55:28Z",92,"Ji-soo","BRE","-3.9","-3.9","-3.9","-3.9",-1,0,"0.0",44,77,105,0,0,"0.0","a",-1,-1,,"false"
"2026-10-09T10:55:28Z",93,"Schuster","BRE","8.6","10.2","13.6","16.9",1,205,"0.4",45,26312,4187,21,253,"8.5","a",0,0,,"false"
"2026-10-09T10:55:28Z",94,"Schade","BRE","38.4","54.5","86.2","117.9",3,5300,"13.3",62,576103,49937,39,447,"12.0","a",1,2,,"false"
"2026-10-09T10:55:28Z",95,"O.Dango","BRE","-62.3","-65.5","-71.7","-78.0",-3,-17,"0.4",63,1245,5027,7,179,"1.0","a",0,-2,,"false"
"2026-10-09T10:55:28Z",96,"Damsgaard","BRE","-16.5","-25.3","-42.7","-60.0",-2,-76,"0.4",54,1903,4108,16,283,"2.0","d",0,-1,,"false"
"2026-10-09T10:55:28Z",97,"Jensen","BRE","-68.2","-70.4","-74.7","-79.1",-3,-6,"0.1",54,23,854,6,66,"0.0","i",0,-1,,"false"
"2026-10-09T10:55:28Z",98,"Janelt","BRE","85.0","84.7","84.2","83.7",3,-32,"2.5",50,26965,25005,28,450,"3.5","a",0,0,,"false"
"2026-10-09T10:55:28Z",99,"Milambo","BRE","-41.9","-41.9","-41.9","-41.9",-3,0,"0.0",50,11,9,0,0,"0.0","i",0,0,,"false"
"2026-10-09T10:55:28Z",100,"Carvalho","BRE","0.4","0.4","0.5","0.5",1,4,"0.0",50,745,219,6,3,"3.0","a",0,0,,"false"
"2026-10-09T10:55:28Z",102,"Yarmoliuk","BRE","-24.4","-31.4","-45.1","-58.8",-2,-51,"0.6",48,1947,5017,9,216,"3.5","a",0,-2,,"false"
"2026-10-09T10:55:28Z",103,"Dasilva","BRE","-74.1","-77.1","-83.0","-88.9",-3,-1,"0.0",49,15,138,0,0,"0.0","i",0,-1,,"false"
"2026-10-09T10:55:28Z",105,"Anthony","BRE","1.3","1.5","1.9","2.3",1,23,"0.2",59,3395,869,15,267,"5.5","a",0,-1,,"false"
"2026-10-09T10:55:28Z",106,"Thiago","BRE","23.2","30.5","44.8","59.1",2,885,"9.3",78,92388,54176,10,442,"3.0","a",0,-2,,"false"
"2026-10-09T10:55:28Z",107,"Furo","BRE","-11.1","-14.0","-19.7","-25.4",-1,-80,"0.9",45,1100,12106,0,0,"0.0","i",0,0,,"false"
"2026-10-09T10:55:28Z",108,"Wilson","BRE","-14.0","-15.5","-18.5","-21.5",-1,-9,"0.3",54,1618,3057,3,13,"0.0","a",-1,-1,,"false"
"2026-10-09T10:55:28Z",565,"M.Sangaré","BRE","-46.2","-52.7","-65.5","-78.3",-3,-1226,"9.5",56,11259,183358,22,321,"2.0","a",-1,1,,"false"
"2026-10-09T10:55:28Z",620,"Diouf","BRE","-36.9","-38.8","-42.6","-46.3",-2,-2,"0.1",45,704,878,2,39,"1.0","a",0,0,,"false"
"2026-10-09T10:55:28Z",657,"Nunes","BRE","0.0","0.0","-5.1","-13.1",0,-1,"0.0",45,415,310,0,0,"0.0","a",0,0,,"false"
"2026-10-09T10:55:28Z",660,"Fredrick","BRE","0.1","0.1","0.1","0.2",1,3,"0.0",40,648,82,0,0,"0.0","a",0,0,,"false"
"2026-10-09T10:55:28Z",661,"Balcombe","BRE","0.1","0.2","0.5","0.7",1,14,"0.1",40,3941,783,0,0,"0.0","a",0,0,,"false"
"2026-10-09T10:55:28Z",109,"Verbruggen","BHA","71.9","72.9","74.9","76.9",3,124,"21.5",45,106511,115725,23,450,"7.0","a",0,0,,"false"
"2026-10-09T10:55:28Z",111,"Steele","BHA","-2.9","-4.4","-7.4","-10.4",-1,-72,"4.1",40,10455,21233,0,0,"0.0","a",0,0,,"false"
"2026-10-09T10:55:28Z",113,"F.Kadıoğlu","BHA","-64.6","-63.4","-61.0","-58.6",-3,22,"1.5",44,6405,10731,13,332,"5.5","a",0,-1,,"false"
"2026-10-09T10:55:28Z",114,"Boscagli","BHA","3.5","3.8","4.3","4.9",1,34,"0.3",45,3730,1332,19,437,"6.0","a",0,0,,"false"
"2026-10-09T10:55:28Z",115,"De Cuyper","BHA","16.7","26.8","46.7","66.7",2,3337,"29.0",50,432952,37855,38,423,"8.5","a",1,5,,"false"
"2026-10-09T10:55:28Z",116,"Dunk","BHA","19.6","18.4","16.0","13.7",1,-146,"1.4",45,8204,15553,22,360,"6.0","a",0,0,,"false"
"2026-10-09T10:55:28Z",117,"Coppola","BHA","-9.7","-9.7","-9.7","-9.7",-1,0,"0.0",45,144,125,0,0,"0.0","a",0,0,,"false"
"2026-10-09T10:55:28Z",118,"Igor","BHA","0.0","0.0","0.0","0.0",0,-4,"0.0",45,0,381,0,0,"0.0","u",0,0,,"false"
"2026-10-09T10:55:28Z",119,"Costinha","BHA","0.0","0.0","0.1","0.1",0,2,"0.0",45,235,166,4,68,"1.0","a",0,0,,"false"
"2026-10-09T10:55:28Z",120,"Svoboda","BHA","0.6","0.6","0.6","0.6",1,0,"0.1",50,1483,549,1,4,"0.5","a",0,0,,"false"
"2026-10-09T10:55:28Z",121,"Mitoma","BHA","-27.7","-30.2","-35.0","-39.8",-2,-2,"0.0",59,164,215,0,0,"0.0","i",0,-1,,"false"
"2026-10-09T10:55:28Z",122,"Minteh","BHA","-8.2","-12.2","-20.1","-28.1",-1,-7,"0.0",58,54,285,0,0,"0.0","i",-1,-2,,"false"
"2026-10-09T10:55:28Z",123,"Hinshelwood","BHA","-0.1","0","0","0",0,0,"0.5",59,401,8600,16,63,"0.0","d",0,-1,"2026-10-17T10:30:10.117676Z","true"
"2026-10-09T10:55:28Z",124,"Groß","BHA","39.3","69.3","128.4","187.4",3,9875,"31.5",59,1054442,21140,47,450,"15.5","a",2,4,,"false"
"2026-10-09T10:55:28Z",125,"Georginio","BHA","-0.7","0.0","0.1","0.3",0,8,"0.5",53,3738,5387,6,104,"0.5","a",-1,-2,,"false"
"2026-10-09T10:55:28Z",126,"O'Riley","BHA","-9.3","-9.3","-9.3","-9.3",-1,0,"0.1",54,517,674,2,10,"1.0","a",0,-1,,"false"
"2026-10-09T10:55:28Z",127,"Gomez","BHA","32.5","31.3","29.0","26.7",2,-142,"3.8",50,17260,54540,24,433,"5.5","a",0,0,,"false"
"2026-10-09T10:55:28Z",128,"Buonanotte","BHA","0.0","0.0","0.0","0.0",0,0,"0.0",50,0,10,0,0,"0.0","u",0,0,,"false"
"2026-10-09T10:55:28Z",129,"Ayari","BHA","-40.5","-32.5","-16.7","-0.9",-2,35,"0.4",54,3569,2855,15,333,"5.5","a",0,-1,,"false"
"2026-10-09T10:55:28Z",130,"Wieffer","BHA","-41.4","-45.5","-53.6","-61.8",-3,-22,"0.2",49,37,2539,7,156,"0.0","i",0,-1,,"false"
"2026-10-09T10:55:28Z",132,"Howell","BHA","0.0","0.0","0.0","0.0",0,-2,"0.0",45,0,273,0,0,"0.0","u",0,0,,"false"
"2026-10-09T10:55:28Z",133,"Watson","BHA","0.0","0.0","0.0","0.0",0,0,"0.0",50,0,6,0,0,"0.0","u",0,0,,"false"
"2026-10-09T10:55:28Z",134,"Oriola","BHA","-95.3","-101.1","-112.4","-123.8",-5,-15,"0.2",45,421,1718,0,0,"0.0","a",0,0,,"false"
"2026-10-09T10:55:28Z",135,"Yohanna","BHA","-5.2","-8.2","-14.2","-20.2",-1,-5,"0.0",48,29,512,1,12,"0.0","i",-1,-2,,"false"
"2026-10-09T10:55:28Z",137,"Tzimas","BHA","-6.3","-6.3","-6.3","-6.3",-1,0,"0.0",54,47,70,0,0,"0.0","i",0,-1,,"false"
"2026-10-09T10:55:28Z",138,"Kostoulas","BHA","46.3","64.1","99.1","134.2",3,5859,"5.8",56,474235,34436,28,353,"10.0","a",1,1,,"false"
"2026-10-09T10:55:28Z",139,"Ferguson","BHA","-64.7","-64.7","-64.7","-64.7",-3,0,"0.0",50,174,305,0,0,"0.0","i",0,0,,"false"
"2026-10-09T10:55:28Z",328,"Struijk","BHA","-16.8","-21.1","-29.5","-37.9",-2,-15,"0.2",49,668,1367,7,98,"3.0","d",0,-1,,"false"
"2026-10-09T10:55:28Z",504,"Vuskovic","BHA","67.2","70.6","77.2","83.8",3,409,"4.0",50,90448,22684,32,437,"7.0","a",0,0,,"false"
"2026-10-09T10:55:28Z",594,"David","BHA","0.8","0.9","1.1","1.2",1,10,"0.2",59,3909,2746,1,23,"0.0","a",-1,-1,,"false"
"2026-10-09T10:55:28Z",600,"Osman","BHA","-75.9","-75.9","-75.9","-75.9",-3,0,"0.0",50,132,153,3,40,"0.5","a",0,0,,"false"
"2026-10-09T10:55:28Z",605,"Yalcouyé","BHA","57.5","56.7","55.2","53.7",3,-93,"3.9",45,35392,44313,20,236,"4.5","a",0,0,,"false"
"2026-10-09T10:55:28Z",614,"Hadjam","BHA","-3.5","0.0","0.0","0.1",0,2,"0.0",45,293,286,0,0,"0.0","a",0,0,,"false"
"2026-10-09T10:55:28Z",624,"Cozier-Duberry","BHA","0.0","0.0","0.0","0.0",0,0,"0.0",50,0,6,0,0,"0.0","u",0,0,,"false"
"2026-10-09T10:55:28Z",639,"Andrés","BHA","2.1","2.5","3.3","4.2",1,51,"0.0",55,3895,431,12,109,"6.0","a",0,0,,"false"
"2026-10-09T10:55:28Z",652,"Azeez","BHA","-35.0","-35.0","-35.0","-35.0",-2,0,"0.0",55,24,52,0,0,"0.0","i",0,0,,"false"
"2026-10-09T10:55:28Z",658,"Ibrahim","BHA","0.0","0.0","0.0","0.0",0,0,"0.0",45,376,240,0,0,"0.0","a",0,0,,"false"
"2026-10-09T10:55:28Z",28,"Martinez","CHE","-7.4","-8.0","-9.1","-10.3",-1,-33,"4.7",50,11886,27956,9,360,"2.0","a",0,0,,"false"
"2026-10-09T10:55:28Z",40,"Rogers","CHE","7.1","13.8","26.9","40.1",1,2200,"41.5",78,270646,93332,29,437,"5.0","a",1,3,,"false"
"2026-10-09T10:55:28Z",101,"Henderson","CHE","0.1","0.1","0.1","0.1",1,1,"0.0",49,635,204,2,90,"1.0","a",0,-1,,"false"
"2026-10-09T10:55:28Z",136,"Welbeck","CHE","8.3","8.6","9.1","9.7",1,33,"1.0",59,12886,12764,4,85,"1.5","a",0,-1,,"false"
"2026-10-09T10:55:28Z",140,"Sánchez","CHE","0.0","0.0","0.0","0.0",0,-43,"0.7",49,0,6338,2,90,"0.0","u",0,-1,,"false"
"2026-10-09T10:55:28Z",141,"Jörgensen","CHE","0.0","0.0","0.0","0.0",0,0,"0.0",50,0,36,0,0,"0.0","u",0,0,,"false"
"2026-10-09T10:55:28Z",142,"James","CHE","-5.6","-10.0","-18.7","-27.4",-1,-903,"5.5",53,834,101566,3,292,"0.5","d",-1,-2,,"false"
"2026-10-09T10:55:28Z",143,"Chalobah","CHE","0.0","0.0","0.0","0.0",0,0,"0.1",55,0,381,0,0,"0.0","u",0,0,,"false"
"2026-10-09T10:55:28Z",144,"Gusto","CHE","-5.3","-6.9","-10.0","-13.1",-1,-30,"0.9",49,2134,8305,4,272,"0.5","a",-1,-1,,"false"
"2026-10-09T10:55:28Z",145,"Fofana","CHE","5.6","6.0","6.8","7.6",1,49,"0.2",50,3913,1667,8,312,"2.5","a",0,0,,"false"
"2026-10-09T10:55:28Z",146,"B.Badiashile","CHE","0.0","0.0","0.0","0.0",0,0,"0.0",45,0,55,0,0,"0.0","u",0,0,,"false"
"2026-10-09T10:55:28Z",148,"Hato","CHE","13.1","12.4","11.2","10.0",1,-76,"0.8",45,1318,9930,8,258,"0.0","a",0,0,,"false"
"2026-10-09T10:55:28Z",149,"Colwill","CHE","-11.9","-12.7","-14.3","-15.8",-1,-14,"0.9",48,1857,7178,3,341,"1.0","a",-1,-2,,"false"
"2026-10-09T10:55:28Z",150,"M.Sarr","CHE","0.0","0.0","0.0","0.0",0,0,"0.0",45,0,216,0,0,"0.0","u",0,0,,"false"
"2026-10-09T10:55:28Z",151,"Acheampong","CHE","-17.8","-22.4","-31.3","-40.2",-2,-18,"0.3",45,576,2533,5,221,"0.0","a",0,0,,"false"
"2026-10-09T10:55:28Z",152,"Palestra","CHE","-8.0","-11.9","-19.6","-27.4",-1,-50,"0.6",53,452,5842,0,0,"0.0","d",0,-2,,"false"
"2026-10-09T10:55:28Z",154,"Palmer","CHE","-39.1","-55.4","-87.7","-119.9",-3,-3679,"24.5",97,64069,287057,28,442,"3.5","d",0,2,,"false"
"2026-10-09T10:55:28Z",156,"Neto","CHE","-1.5","0.4","1.4","2.5",1,67,"1.4",65,8902,12324,14,332,"2.0","a",0,0,,"false"
"2026-10-09T10:55:28Z",157,"Estêvão","CHE","-33.1","-31.8","-29.2","-26.6",-2,11,"0.7",63,2709,5101,4,23,"1.0","a",0,-2,,"false"
"2026-10-09T10:55:28Z",158,"Gittens","CHE","-8.6","-12.3","-19.8","-27.2",-1,-4,"0.0",58,163,320,0,0,"0.0","d",-1,-2,,"false"
"2026-10-09T10:55:28Z",159,"Caicedo","CHE","-10.1","-14.9","-24.5","-34.0",-1,-105,"1.0",53,510,11880,1,13,"0.0","d",0,-2,,"false"
"2026-10-09T10:55:28Z",161,"Lavia","CHE","4.9","4.9","4.7","4.5",1,-10,"0.2",50,710,3054,11,258,"1.0","a",0,0,,"false"
"2026-10-09T10:55:28Z",163,"D.Essugo","CHE","0.0","0.0","0.0","0.0",0,-9,"0.1",45,0,929,0,0,"0.0","u",0,0,,"false"
"2026-10-09T10:55:28Z",164,"Quenda","CHE","-33.8","-39.1","-49.6","-60.1",-2,-2,"0.0",53,87,223,2,27,"0.5","a",0,-2,,"false"
"2026-10-09T10:55:28Z",165,"João Pedro","CHE","-4.6","-6.4","-9.9","-13.5",-1,-4259,"63.7",77,104195,539998,33,360,"6.0","d",-1,2,,"false"
"2026-10-09T10:55:28Z",168,"Marc Guiu","CHE","0.0","0.0","0.0","0.0",0,-16,"0.2",50,0,1972,0,0,"0.0","u",0,0,,"false"
"2026-10-09T10:55:28Z",169,"Mheuka","CHE","4.9","4.9","4.9","4.9",1,0,"0.5",45,5646,4382,0,0,"0.0","a",0,0,,"false"
"2026-10-09T10:55:28Z",170,"Emegha","CHE","-2.1","-2.4","-3.0","-3.6",-1,-2,"0.1",49,135,1301,0,0,"0.0","i",-1,-1,,"false"
"2026-10-09T10:55:28Z",200,"Lacroix","CHE","-8.3","-8.5","-9.0","-9.4",-1,-32,"6.7",59,13247,38544,13,364,"2.0","a",-1,-1,,"false"
"2026-10-09T10:55:28Z",560,"Penders","CHE","-3.3","-3.3","-3.3","-3.3",-1,0,"0.1",44,284,371,0,0,"0.0","a",0,-1,,"false"
"2026-10-09T10:55:28Z",561,"Anselmino","CHE","0.0","0.0","0.0","0.0",0,1,"0.0",45,87,125,0,0,"0.0","a",0,0,,"false"
"2026-10-09T10:55:28Z",568,"Barco","CHE","-18.1","-16.5","-13.2","-10.0",-1,2,"0.1",54,302,578,3,115,"1.0","a",0,-1,,"false"
"2026-10-09T10:55:28Z",583,"Chavarria","CHE","-49.5","-46.3","-39.9","-33.5",-3,6,"0.2",49,699,733,5,208,"1.0","a",0,-1,,"false"
"2026-10-09T10:55:28Z",662,"Nicoll-Jazuli","CHE","0.0","0.0","0.1","0.1",0,3,"0.0",45,406,94,1,3,"1.0","a",0,0,,"false"
"2026-10-09T10:55:28Z",91,"Pinnock","COV","-69.1","-65.4","-58.2","-51.0",-3,3,"0.1",45,637,352,14,282,"5.0","a",0,0,,"false"
"2026-10-09T10:55:28Z",104,"Onyeka","COV","-42.8","-42.8","-42.8","-42.8",-3,0,"0.1",49,219,624,9,314,"2.5","a",0,-1,,"false"
"2026-10-09T10:55:28Z",110,"Rushworth","COV","-64.2","-64.1","-63.9","-63.7",-3,1,"0.8",45,3663,7809,16,450,"5.5","a",0,0,,"false"
"2026-10-09T10:55:28Z",171,"Dovin","COV","0.0","0.0","0.0","0.0",0,-30,"1.0",40,0,7072,0,0,"0.0","u",0,0,,"false"
"2026-10-09T10:55:28Z",172,"Wilson","COV","-7.9","-8.4","-9.4","-10.4",-1,-2,"0.4",44,298,907,0,0,"0.0","a",0,-1,,"false"
"2026-10-09T10:55:28Z",173,"Thomas","COV","19.5","19.8","20.4","21.0",1,36,"8.6",40,47889,47561,24,437,"4.5","a",0,0,,"false"
"2026-10-09T10:55:28Z",174,"Kitching","COV","0.0","0.0","0.0","0.0",0,-24,"0.3",40,0,2628,0,0,"0.0","u",0,0,,"false"
"2026-10-09T10:55:28Z",175,"van Ewijk","COV","-60.6","-64.1","-71.0","-78.0",-3,-634,"8.3",40,1368,112324,6,360,"0.0","d",0,0,,"false"
"2026-10-09T10:55:28Z",176,"Dasilva","COV","-17.0","-9.0","0.5","1.7",-1,73,"0.8",40,11834,3107,20,444,"7.5","a",0,0,,"false"
"2026-10-09T10:55:28Z",177,"Kesler-Hayden","COV","0.2","0.2","0.2","0.2",1,0,"0.1",39,4224,1190,0,0,"0.0","d",-1,-1,"2026-10-16T14:00:11.606100Z","false"
"2026-10-09T10:55:28Z",178,"Bidwell","COV","-34.1","-36.7","-41.9","-47.2",-2,-2,"0.1",40,243,414,0,0,"0.0","a",0,0,,"false"
"2026-10-09T10:55:28Z",179,"Latibeaudiere","COV","-86.5","-86.5","-86.5","-86.5",-3,0,"0.0",40,92,193,1,1,"0.5","a",0,0,,"false"
"2026-10-09T10:55:28Z",180,"Woolfenden","COV","-0.2","0.0","0.1","0.2",0,4,"0.1",39,362,793,0,0,"0.0","i",-1,-1,,"false"
"2026-10-09T10:55:28Z",181,"Brau","COV","0.0","0.0","0.0","0.0",0,-1,"0.0",40,0,145,0,0,"0.0","u",0,0,,"false"
"2026-10-09T10:55:28Z",182,"Amenda","COV","-67.8","-70.3","-75.2","-80.1",-3,-47,"0.6",40,57,8968,4,360,"0.0","i",0,0,,"false"
"2026-10-09T10:55:28Z",183,"Rudoni","COV","0.2","0.2","0.2","0.2",1,0,"0.1",49,1370,1057,13,297,"3.5","a",0,-1,,"false"
"2026-10-09T10:55:28Z",184,"Grimes","COV","-38.8","-43.2","-52.0","-60.7",-3,-6,"0.1",49,248,1233,11,443,"2.5","a",0,-1,,"false"
"2026-10-09T10:55:28Z",185,"Sakamoto","COV","-34.4","-46.1","-69.1","-92.2",-3,-8,"0.1",48,142,531,1,31,"0.0","a",0,-2,,"false"
"2026-10-09T10:55:28Z",186,"Mason-Clark","COV","-4.3","-5.0","-6.2","-7.5",-1,-1,"0.1",53,99,446,5,231,"1.0","a",-1,-2,,"false"
"2026-10-09T10:55:28Z",187,"Eccles","COV","-6.6","-6.6","-6.6","-6.6",-1,0,"0.0",48,38,127,0,0,"0.0","i",-1,-2,,"false"
"2026-10-09T10:55:28Z",188,"Torp","COV","-16.8","-18.2","-20.9","-23.6",-1,-3,"0.1",53,48,591,3,53,"0.5","a",-1,-2,,"false"
"2026-10-09T10:55:28Z",189,"Shepherd","COV","0.8","0.7","0.6","0.5",1,-7,"0.3",44,4754,3578,0,0,"0.0","a",0,-1,,"false"
"2026-10-09T10:55:28Z",190,"Tchaouna","COV","-97.6","-101.5","-109.3","-117.1",-5,-4,"0.1",54,38,488,5,211,"0.5","a",0,-1,,"false"
"2026-10-09T10:55:28Z",191,"Borges Rodrigues","COV","0.0","0.0","0.0","0.0",0,-10,"0.1",45,0,1007,0,0,"0.0","u",0,0,,"false"
"2026-10-09T10:55:28Z",192,"Andrews","COV","0.0","0.0","0.0","0.0",0,-30,"0.3",45,0,2885,0,0,"0.0","u",0,0,,"false"
"2026-10-09T10:55:28Z",193,"Wright","COV","-3.4","-4.2","-5.8","-7.4",-1,-3,"0.1",53,53,755,0,0,"0.0","i",-1,-2,,"false"
"2026-10-09T10:55:28Z",194,"Thomas-Asante","COV","3.8","4.1","4.7","5.2",1,35,"0.8",50,12870,8562,9,227,"2.5","a",0,0,,"false"
"2026-10-09T10:55:28Z",195,"Simms","COV","-1.1","-1.3","-1.9","-2.4",-1,-4,"0.6",49,3513,7281,4,104,"0.5","a",-1,-1,,"false"
"2026-10-09T10:55:28Z",196,"Markelo","COV","0.0","0.0","0.0","0.0",0,-1,"0.0",50,0,74,0,0,"0.0","u",0,0,,"false"
"2026-10-09T10:55:28Z",197,"Bassette","COV","0.0","0.0","0.0","0.0",0,0,"0.0",45,0,183,0,0,"0.0","u",0,0,,"false"
"2026-10-09T10:55:28Z",492,"Awoniyi","COV","-20.8","-24.0","-30.2","-36.4",-2,-65,"0.4",54,100,6897,3,232,"-1.0","s",-1,-1,,"false"
"2026-10-09T10:55:28Z",575,"Yirenkyi","COV","-6.4","-7.5","-9.6","-11.7",-1,-3,"0.1",48,395,1359,9,265,"2.0","a",-1,-2,,"false"
"2026-10-09T10:55:28Z",584,"Hamer","COV","-101.1","-103.8","-109.1","-114.4",-5,-3,"0.1",54,61,533,3,32,"0.0","a",0,-1,,"false"
"2026-10-09T10:55:28Z",599,"Cherif","COV","-8.4","-8.9","-9.7","-10.6",-1,-1,"0.1",50,715,989,1,30,"0.5","a",0,0,,"false"
"2026-10-09T10:55:28Z",623,"Bentley","COV","2.6","2.7","2.9","3.0",1,11,"0.7",40,16604,3442,0,0,"0.0","a",0,0,,"false"
"2026-10-09T10:55:28Z",655,"Gboho","COV","0.0","0.0","0.0","0.0",0,0,"0.0",55,90,61,0,0,"0.0","a",0,0,,"false"
"2026-10-09T10:55:28Z",656,"Mfuni","COV","0.1","0.1","0.1","0.1",1,0,"0.1",40,2442,1056,6,90,"3.0","a",0,0,,"false"
"2026-10-09T10:55:28Z",42,"Guessand","CRY","-33.7","-36.4","-41.7","-47.0",-2,-1,"0.0",54,129,314,2,54,"0.0","a",0,-1,,"false"
"2026-10-09T10:55:28Z",153,"Disasi","CRY","-79.9","-93.4","-120.1","-146.8",-3,-27,"0.1",45,40,1065,1,139,"-1.5","s",0,0,,"false"
"2026-10-09T10:55:28Z",198,"Henderson","CRY","-2.8","-4.3","-7.1","-9.9",-1,-99,"1.2",49,184,14993,5,270,"0.0","i",-1,-1,,"false"
"2026-10-09T10:55:28Z",199,"Benitez","CRY","-18.9","-13.6","-3.0","0.1",-1,8,"0.1",45,1128,567,8,180,"4.0","a",0,0,,"false"
"2026-10-09T10:55:28Z",202,"Richards","CRY","0.2","0.3","0.4","0.6",1,12,"0.6",49,2623,2988,14,450,"5.0","a",-1,-1,,"false"
"2026-10-09T10:55:28Z",203,"Canvot","CRY","0.1","0.0","0.0","0.0",0,-1,"0.2",48,753,1216,10,360,"4.0","a",-1,-2,,"false"
"2026-10-09T10:55:28Z",204,"Mitchell","CRY","29.7","30.3","31.3","32.4",2,66,"6.1",45,22837,25609,24,419,"4.0","a",0,0,,"false"
"2026-10-09T10:55:28Z",205,"Sosa","CRY","0.0","0.0","0.0","0.0",0,-2,"0.0",45,0,141,0,0,"0.0","u",0,0,,"false"
"2026-10-09T10:55:28Z",206,"Chadi Riad","CRY","-8.5","-8.5","-8.5","-8.5",-1,0,"0.0",43,36,190,1,72,"0.0","i",-1,-2,,"false"
"2026-10-09T10:55:28Z",207,"Mingueza","CRY","-1.0","-6.1","-16.1","-26.2",-1,-6,"0.1",43,131,426,2,16,"0.0","a",-1,-2,,"false"
"2026-10-09T10:55:28Z",208,"Sarr","CRY","0.3","0.6","1.0","1.4",1,26,"0.6",62,3828,3035,1,8,"0.5","a",0,-3,,"false"
"2026-10-09T10:55:28Z",210,"Wharton","CRY","-5.4","-8.0","-13.1","-18.1",-1,-37,"0.7",54,1534,5766,12,436,"2.0","a",-1,-1,,"false"
"2026-10-09T10:55:28Z",211,"Yeremy","CRY","4.6","4.4","3.8","3.2",1,-36,"0.3",55,931,3914,14,307,"1.5","a",0,0,,"false"
"2026-10-09T10:55:28Z",212,"Hughes","CRY","-28.9","-33.6","-42.9","-52.2",-2,-391,"7.1",44,11668,65702,2,29,"0.5","a",0,-1,,"false"
"2026-10-09T10:55:28Z",213,"Lerma","CRY","-4.7","-9.6","-19.2","-28.7",-1,-7,"0.1",48,133,498,1,51,"0.5","a",-1,-2,,"false"
"2026-10-09T10:55:28Z",214,"Kamada","CRY","12.6","12.7","12.9","13.1",1,13,"0.5",50,4689,4351,21,441,"5.5","a",0,0,,"false"
"2026-10-09T10:55:28Z",215,"Devenny","CRY","0.0","0.0","0.0","0.0",0,0,"0.0",50,0,47,0,0,"0.0","u",0,0,,"false"
"2026-10-09T10:55:28Z",216,"Esse","CRY","0.0","0.0","0.0","0.0",0,-5,"0.0",50,0,168,0,0,"0.0","u",0,0,,"false"
"2026-10-09T10:55:28Z",217,"M.França","CRY","0.0","0.0","0.0","0.0",0,0,"0.0",49,0,206,0,0,"0.0","u",0,-1,,"false"
"2026-10-09T10:55:28Z",218,"Doucouré","CRY","-5.4","-11.2","-22.8","-34.4",-1,-5,"0.0",48,148,383,0,0,"0.0","a",-1,-2,,"false"
"2026-10-09T10:55:28Z",219,"J.Rak-Sakyi","CRY","0.0","0.0","0.0","0.0",0,0,"0.0",49,0,34,0,0,"0.0","u",0,-1,,"false"
"2026-10-09T10:55:28Z",220,"Cardines","CRY","0.0","0.0","0.0","0.0",0,0,"0.0",45,0,3,0,0,"0.0","u",0,0,,"false"
"2026-10-09T10:55:28Z",221,"Drakes-Thomas","CRY","-1.3","-4.2","-10.0","-15.8",-1,-4,"0.1",44,214,555,0,0,"0.0","a",-1,-1,,"false"
"2026-10-09T10:55:28Z",222,"Strand Larsen","CRY","6.8","7.6","9.2","10.8",1,99,"0.7",60,8912,5685,14,298,"5.0","a",0,0,,"false"
"2026-10-09T10:55:28Z",223,"Mateta","CRY","-32.4","-35.1","-40.3","-45.6",-2,-108,"1.2",63,286,11587,2,62,"0.0","i",0,-2,,"false"
"2026-10-09T10:55:28Z",224,"Nketiah","CRY","-25.3","-28.2","-34.0","-39.7",-2,-17,"0.5",55,1786,4520,8,175,"0.5","a",0,0,,"false"
"2026-10-09T10:55:28Z",225,"Uche","CRY","0.0","0.0","0.0","0.0",0,0,"0.0",50,0,0,0,0,"0.0","u",0,0,,"false"
"2026-10-09T10:55:28Z",241,"McNeil","CRY","-3.0","-7.4","-16.1","-24.8",-1,-10,"0.1",53,118,663,3,84,"0.0","a",-1,-2,,"false"
"2026-10-09T10:55:28Z",555,"Matthews","CRY","-10.6","-10.7","-10.9","-11.1",-1,-2,"1.7",40,1563,3897,0,0,"0.0","a",0,0,,"false"
"2026-10-09T10:55:28Z",577,"Tomiyasu","CRY","-22.5","-27.6","-37.7","-47.7",-2,-28,"0.3",44,157,1847,3,189,"0.5","d",0,-1,,"false"
"2026-10-09T10:55:28Z",588,"Khalaili","CRY","6.8","6.3","5.5","4.7",1,-51,"0.3",50,2381,2675,19,379,"6.5","d",0,0,,"false"
"2026-10-09T10:55:28Z",595,"Gozo","CRY","-4.6","0.0","0.0","0.0",0,1,"0.0",49,46,114,2,28,"0.5","a",-1,-1,,"false"
"2026-10-09T10:55:28Z",633,"Ahanor","CRY","0.1","0.1","0.1","0.1",1,0,"0.0",45,176,137,3,90,"1.5","a",0,0,,"false"
"2026-10-09T10:55:28Z",643,"Chilwell","CRY","-89.3","-92.9","-100.0","-107.2",-3,-18,"0.4",45,798,3905,8,29,"0.5","a",0,0,,"false"
"2026-10-09T10:55:28Z",644,"Timber","CRY","0.2","0.3","0.4","0.5",1,6,"0.0",50,620,404,9,253,"3.5","a",0,0,,"false"
"2026-10-09T10:55:28Z",647,"Osorio","CRY","-83.9","-83.9","-83.9","-83.9",-3,0,"0.0",55,37,92,1,1,"0.0","a",0,0,,"false"
"2026-10-09T10:55:28Z",21,"Nørgaard","EVE","-3.5","-3.5","-3.5","-3.5",-1,0,"0.0",48,78,466,0,0,"0.0","i",-1,-2,,"false"
"2026-10-09T10:55:28Z",209,"Johnson","EVE","-26.6","-28.7","-32.8","-36.9",-2,-3,"0.1",59,593,1038,9,238,"3.0","a",0,-1,,"false"
"2026-10-09T10:55:28Z",226,"Pickford","EVE","32.6","32.8","33.3","33.7",2,26,"9.2",55,38859,24112,25,450,"7.0","a",0,0,,"false"
"2026-10-09T10:55:28Z",227,"Travers","EVE","-34.3","-34.3","-34.3","-34.3",-2,0,"0.0",50,328,331,0,0,"0.0","a",0,0,,"false"
"2026-10-09T10:55:28Z",228,"King","EVE","-46.9","-46.9","-46.9","-46.9",-3,0,"0.0",45,147,209,0,0,"0.0","a",0,0,,"false"
"2026-10-09T10:55:28Z",229,"Tarkowski","EVE","9.0","14.6","25.7","36.7",1,1850,"17.5",62,321211,38862,43,450,"11.0","a",1,2,,"false"
"2026-10-09T10:55:28Z",230,"Branthwaite","EVE","42.3","44.7","49.3","53.9",3,284,"2.5",55,33142,11548,27,450,"7.0","a",0,0,,"false"
"2026-10-09T10:55:28Z",231,"Keane","EVE","-49.0","-53.1","-61.0","-68.9",-3,-34,"0.7",48,644,5243,0,0,"0.0","a",0,-2,,"false"
"2026-10-09T10:55:28Z",232,"O'Brien","EVE","-6.4","-7.1","-8.3","-9.6",-1,-4,"0.3",48,499,1579,2,16,"1.0","a",-1,-2,,"false"
"2026-10-09T10:55:28Z",233,"Mykolenko","EVE","-3.0","-8.3","-18.7","-29.1",-1,-450,"3.9",46,43707,47116,27,450,"8.0","d",1,1,,"false"
"2026-10-09T10:55:28Z",234,"Patterson","EVE","0.0","0.0","0.0","0.0",0,0,"0.0",45,0,168,0,0,"0.0","u",0,0,,"false"
"2026-10-09T10:55:28Z",235,"Aznou","EVE","0.0","0.0","0.0","0.0",0,-8,"0.1",40,0,780,0,0,"0.0","u",0,0,,"false"
"2026-10-09T10:55:28Z",236,"Dewsbury-Hall","EVE","-23.9","-26.8","-32.6","-38.3",-2,-196,"5.8",66,42685,69812,20,450,"2.5","a",1,1,,"false"
"2026-10-09T10:55:28Z",238,"Grealish","EVE","10.0","10.4","11.0","11.7",1,40,"0.5",65,5664,4035,6,135,"2.0","a",0,0,,"false"
"2026-10-09T10:55:28Z",239,"Garner","EVE","4.0","4.1","4.3","4.5",1,13,"0.2",60,2893,2843,11,328,"3.5","a",0,0,,"false"
"2026-10-09T10:55:28Z",242,"George","EVE","31.1","29.9","27.4","24.9",2,-152,"0.9",55,3269,15401,19,309,"2.0","a",0,0,,"false"
"2026-10-09T10:55:28Z",243,"Alcaraz","EVE","-55.5","-60.4","-70.0","-79.7",-3,-4,"0.1",49,202,535,1,5,"0.0","a",0,-1,,"false"
"2026-10-09T10:55:28Z",244,"Armstrong","EVE","10.0","9.9","9.6","9.4",1,-17,"0.4",50,1134,4160,16,446,"2.5","a",0,0,,"false"
"2026-10-09T10:55:28Z",245,"Dibling","EVE","-0.4","-0.4","-0.4","-0.4",-1,0,"0.0",53,154,215,1,24,"0.5","a",-1,-2,,"false"
"2026-10-09T10:55:28Z",246,"Röhl","EVE","-63.2","-65.3","-69.4","-73.6",-3,-2,"0.0",49,8,775,6,249,"0.0","i",0,-1,,"false"
"2026-10-09T10:55:28Z",247,"Hackney","EVE","-9.8","-12.4","-17.5","-22.6",-1,-9,"0.2",54,248,1455,10,137,"1.0","a",-1,-1,,"false"
"2026-10-09T10:55:28Z",248,"Beto","EVE","0.0","0.0","0.0","0.0",0,-84,"0.6",54,0,9555,2,31,"0.0","u",0,-1,,"false"
"2026-10-09T10:55:28Z",249,"Barry","EVE","2.9","4.9","8.9","12.8",1,657,"8.5",57,127420,63293,20,417,"4.0","a",1,2,,"false"
"2026-10-09T10:55:28Z",649,"Maitland-Niles","EVE","20.4","21.5","23.6","25.7",2,130,"1.5",45,26832,7364,21,177,"7.0","a",0,0,,"false"
"2026-10-09T10:55:28Z",654,"Graham","EVE","-44.1","-43.1","-41.1","-39.1",-3,1,"0.1",45,275,1159,0,0,"0.0","a",0,0,,"false"
"2026-10-09T10:55:28Z",250,"Leno","FUL","13.1","15.6","20.4","25.2",1,299,"3.6",45,69364,20160,18,450,"6.0","a",0,0,,"false"
"2026-10-09T10:55:28Z",251,"Lecomte","FUL","-26.7","-27.2","-28.1","-29.0",-2,-6,"1.1",40,3777,3712,0,0,"0.0","a",0,0,,"false"
"2026-10-09T10:55:28Z",252,"McNally","FUL","0.0","0.0","0.0","0.0",0,-4,"0.1",40,0,821,0,0,"0.0","u",0,0,,"false"
"2026-10-09T10:55:28Z",253,"Andersen","FUL","1.3","1.6","2.3","3.0",1,43,"0.2",50,4309,1539,3,190,"0.5","a",0,0,,"false"
"2026-10-09T10:55:28Z",254,"Robinson","FUL","0.6","3.1","8.0","13.0",1,306,"1.6",45,31549,11305,12,429,"4.0","a",0,0,,"false"
"2026-10-09T10:55:28Z",255,"J.Cuenca","FUL","-81.6","-81.6","-81.6","-81.6",-3,0,"0.0",45,83,139,3,90,"0.0","a",0,0,,"false"
"2026-10-09T10:55:28Z",256,"Tete","FUL","-3.6","-6.3","-11.5","-16.7",-1,-5,"0.2",44,119,1240,0,27,"0.0","a",0,-1,,"false"
"2026-10-09T10:55:28Z",257,"Bassey","FUL","2.7","4.5","8.1","11.7",1,221,"0.8",45,13652,3335,15,450,"6.0","a",0,0,,"false"
"2026-10-09T10:55:28Z",258,"Castagne","FUL","18.4","20.3","24.1","28.0",2,237,"1.0",45,25557,7739,20,408,"3.5","a",0,0,,"false"
"2026-10-09T10:55:28Z",261,"Iwobi","FUL","-44.4","-26.8","0.5","2.8",-2,140,"0.7",54,7190,4800,14,408,"4.0","a",0,-1,,"false"
"2026-10-09T10:55:28Z",262,"Smith Rowe","FUL","-2.9","-5.0","-9.2","-13.4",-1,-10,"0.2",53,462,1660,3,38,"0.5","a",-1,-2,,"false"
"2026-10-09T10:55:28Z",263,"Kevin","FUL","-14.8","-19.3","-28.3","-37.3",-1,-2,"0.0",53,284,380,4,61,"1.0","a",0,-2,,"false"
"2026-10-09T10:55:28Z",264,"Bobb","FUL","-28.8","-19.0","0.0","0.6",-1,35,"0.3",55,4351,2548,13,343,"3.0","a",0,0,,"false"
"2026-10-09T10:55:28Z",265,"Berge","FUL","-38.3","-39.5","-42.0","-44.4",-2,-4,"0.3",49,1025,1871,11,349,"3.0","a",0,-1,,"false"
"2026-10-09T10:55:28Z",266,"Cairney","FUL","-8.1","-8.1","-8.1","-8.1",-1,0,"0.0",49,19,22,0,0,"0.0","i",0,-1,,"false"
"2026-10-09T10:55:28Z",268,"King","FUL","6.6","12.2","23.2","34.3",1,1844,"3.4",56,186035,31609,24,425,"2.5","a",1,1,,"false"
"2026-10-09T10:55:28Z",269,"Sessegnon","FUL","-2.5","-3.3","-4.8","-6.3",-1,-4,"0.3",43,495,1699,3,50,"0.0","a",-1,-2,,"false"
"2026-10-09T10:55:28Z",270,"Reed","FUL","-18.5","-23.3","-32.7","-42.2",-2,-61,"1.1",44,3434,9347,0,0,"0.0","a",0,-1,,"false"
"2026-10-09T10:55:28Z",271,"Muniz","FUL","-53.0","-50.8","-46.5","-42.2",-3,10,"0.4",54,2717,3575,3,38,"0.5","a",0,-1,,"false"
"2026-10-09T10:55:28Z",272,"Kusi-Asare","FUL","-75.2","-78.7","-85.5","-92.3",-3,-214,"5.3",45,15188,46736,0,0,"0.0","a",0,0,,"false"
"2026-10-09T10:55:28Z",569,"Gonzalo","FUL","88.7","112.2","158.5","204.7",5,2856,"4.9",60,177369,47916,14,425,"2.0","a",0,0,,"false"
"2026-10-09T10:55:28Z",570,"Palacios","FUL","-9.1","-6.7","-2.0","0.0",-1,5,"0.2",54,963,1281,12,226,"0.5","a",0,-1,,"false"
"2026-10-09T10:55:28Z",580,"Charles","FUL","-34.7","-8.9","0.3","0.7",-1,25,"0.1",50,1736,727,13,303,"4.5","a",0,0,,"false"
"2026-10-09T10:55:28Z",610,"De Fougerolles","FUL","0.0","0.0","0.0","0.0",0,-1,"0.1",40,0,568,0,0,"0.0","u",0,0,,"false"
"2026-10-09T10:55:28Z",626,"Zepa","FUL","0.5","0.6","0.8","1.0",1,12,"0.3",44,2244,2897,0,0,"0.0","a",-1,-1,,"false"
"2026-10-09T10:55:28Z",635,"Larsson","FUL","0.0","0.0","0.0","-8.2",0,-1,"0.0",50,125,89,3,37,"1.0","a",0,0,,"false"
"2026-10-09T10:55:28Z",636,"Ángel","FUL","0.0","0.0","0.0","0.0",0,0,"0.0",50,41,35,0,0,"0.0","a",0,0,,"false"
"2026-10-09T10:55:28Z",650,"Affengruber","FUL","4.0","5.5","8.5","11.5",1,183,"0.2",45,25136,4645,12,180,"6.0","a",0,0,,"false"
"2026-10-09T10:55:28Z",240,"Iroegbunam","HUL","0.1","0.1","0.1","0.1",1,1,"0.0",50,94,165,2,70,"0.5","a",0,0,,"false"
"2026-10-09T10:55:28Z",273,"Phillips","HUL","-32.2","-32.4","-32.7","-33.0",-2,-2,"1.4",40,4444,5296,0,0,"0.0","a",0,0,,"false"
"2026-10-09T10:55:28Z",274,"Butland","HUL","-2.0","-2.5","-3.7","-4.8",-1,-2,"0.1",44,79,412,0,0,"0.0","i",-1,-1,,"false"
"2026-10-09T10:55:28Z",275,"Cartwright","HUL","0.0","0.0","0.0","0.0",0,0,"0.0",40,0,37,0,0,"0.0","u",0,0,,"false"
"2026-10-09T10:55:28Z",276,"Lo-Tutala","HUL","0.0","0.0","0.0","0.0",0,0,"0.0",40,0,153,0,0,"0.0","u",0,0,,"false"
"2026-10-09T10:55:28Z",277,"Egan","HUL","28.3","28.2","27.9","27.7",2,-14,"7.1",41,51973,41521,26,437,"1.5","a",0,1,,"false"
"2026-10-09T10:55:28Z",278,"Hughes","HUL","0.4","0.3","0.1","-1.5",1,-11,"0.2",39,1305,2395,0,0,"0.0","i",0,-1,,"false"
"2026-10-09T10:55:28Z",279,"Ajayi","HUL","74.7","75.2","76.0","76.9",3,53,"13.9",42,62684,77975,27,423,"1.0","a",0,2,,"false"
"2026-10-09T10:55:28Z",280,"Coyle","HUL","0.2","0.3","0.4","0.5",1,8,"0.7",40,2799,2893,14,348,"1.0","a",0,0,,"false"
"2026-10-09T10:55:28Z",281,"Drameh","HUL","0.0","0.0","0.0","0.0",0,0,"0.0",40,0,309,2,65,"0.0","u",0,0,,"false"
"2026-10-09T10:55:28Z",282,"Giles","HUL","76.7","76.7","76.8","76.8",3,4,"2.9",40,29266,18957,24,444,"2.0","a",0,0,,"false"
"2026-10-09T10:55:28Z",283,"Jacob","HUL","0.0","0.0","0.0","0.0",0,-2,"0.0",40,0,47,0,0,"0.0","u",0,0,,"false"
"2026-10-09T10:55:28Z",284,"McCarthy","HUL","0.5","0.5","0.4","0.4",1,-2,"0.1",40,512,586,0,0,"0.0","a",0,0,,"false"
"2026-10-09T10:55:28Z",285,"McNair","HUL","-48.0","-51.0","-57.0","-63.0",-3,-4,"0.1",40,255,547,1,26,"0.0","a",0,0,,"false"
"2026-10-09T10:55:28Z",286,"Belloumi","HUL","48.8","56.2","70.6","85.0",3,890,"5.5",51,115438,38256,31,394,"8.5","a",0,1,,"false"
"2026-10-09T10:55:28Z",287,"Millar","HUL","0.0","0.0","0.0","0.0",0,-5,"0.0",50,0,389,6,50,"0.0","u",0,0,,"false"
"2026-10-09T10:55:28Z",288,"Dowell","HUL","-2.5","-3.9","-6.7","-9.4",-1,-8,"0.3",44,783,2686,0,0,"0.0","a",-1,-1,,"false"
"2026-10-09T10:55:28Z",289,"Crooks","HUL","0.8","0.7","0.5","0.3",1,-13,"0.5",44,6687,5942,3,203,"0.5","a",-1,-1,,"false"
"2026-10-09T10:55:28Z",290,"Slater","HUL","79.0","77.0","73.0","69.1",3,-243,"5.1",45,22055,53080,15,437,"2.0","a",0,0,,"false"
"2026-10-09T10:55:28Z",291,"Matazo","HUL","-24.8","-24.8","-24.8","-24.8",-2,0,"0.0",45,34,79,0,0,"0.0","i",0,0,,"false"
"2026-10-09T10:55:28Z",292,"Ömür","HUL","-17.9","-17.9","-17.9","-17.9",-1,0,"0.0",49,93,173,0,0,"0.0","a",0,-1,,"false"
"2026-10-09T10:55:28Z",293,"Kamara","HUL","0.0","0.0","0.0","0.0",0,0,"0.0",50,0,15,0,0,"0.0","u",0,0,,"false"
"2026-10-09T10:55:28Z",294,"Zambrano","HUL","-29.3","-29.3","-29.3","-29.3",-2,0,"0.1",45,183,614,0,0,"0.0","a",0,0,,"false"
"2026-10-09T10:55:28Z",295,"McBurnie","HUL","29.7","29.7","29.7","29.7",2,-1,"1.9",55,12411,23911,13,441,"2.5","a",0,0,,"false"
"2026-10-09T10:55:28Z",296,"Akintola","HUL","0.0","0.0","0.0","0.0",0,-2,"0.0",50,0,336,0,0,"0.0","u",0,0,,"false"
"2026-10-09T10:55:28Z",297,"Gyabi","HUL","-1.0","0.0","0.0","0.0",0,1,"0.0",44,76,172,0,0,"0.0","i",-1,-1,,"false"
"2026-10-09T10:55:28Z",298,"Destan","HUL","0.0","0.0","0.0","0.0",0,-15,"0.2",45,0,1813,0,0,"0.0","u",0,0,,"false"
"2026-10-09T10:55:28Z",299,"Burstow","HUL","0.0","0.0","0.0","0.0",0,-1,"0.0",45,0,280,0,0,"0.0","u",0,0,,"false"
"2026-10-09T10:55:28Z",340,"Gelhardt","HUL","0.0","0.0","-12.1","-36.1",0,-2,"0.0",50,119,140,1,7,"0.5","a",0,0,,"false"
"2026-10-09T10:55:28Z",556,"Targett","HUL","-88.1","-91.1","-97.0","-102.9",-3,-103,"1.6",40,146,13801,1,5,"0.0","d",0,0,,"false"
"2026-10-09T10:55:28Z",563,"Morita","HUL","-4.6","-4.6","-4.6","-4.6",-1,0,"0.0",49,25,228,1,45,"0.0","i",-1,-1,,"false"
"2026-10-09T10:55:28Z",572,"Tzolakis","HUL","2.2","3.2","5.3","7.4",1,349,"13.0",47,164463,36429,34,450,"4.0","a",1,2,,"false"
"2026-10-09T10:55:28Z",574,"Hjertø-Dahl","HUL","-89.8","-98.5","-115.9","-133.2",-4,-5,"0.1",49,89,431,1,8,"0.0","a",0,-1,,"false"
"2026-10-09T10:55:28Z",576,"Stroud","HUL","-66.1","-76.8","-98.1","-119.3",-3,-10,"0.1",50,181,625,7,249,"0.5","a",0,0,,"false"
"2026-10-09T10:55:28Z",585,"Herrington","HUL","-31.5","-32.7","-35.2","-37.7",-2,-8,"0.6",40,1312,2275,5,197,"1.0","a",0,0,,"false"
"2026-10-09T10:55:28Z",586,"Mendy","HUL","-1.7","-1.9","-2.3","-2.7",-1,-14,"6.2",41,11030,39372,25,249,"0.5","a",0,1,,"false"
"2026-10-09T10:55:28Z",589,"Gourna-Douath","HUL","-90.9","-86.6","-78.1","-69.6",-3,1,"0.0",50,41,136,4,138,"0.5","a",0,0,,"false"
"2026-10-09T10:55:28Z",617,"Cho","HUL","0.3","0.3","0.2","0.2",1,-2,"0.0",50,445,192,9,72,"3.5","a",0,0,,"false"
"2026-10-09T10:55:28Z",632,"Ansah","HUL","-82.1","-85.3","-91.8","-98.2",-3,-3,"0.0",50,89,523,0,0,"0.0","i",0,0,,"false"
"2026-10-09T10:55:28Z",637,"Vaz","HUL","1.4","1.4","1.4","1.4",1,-1,"0.1",50,2352,1458,2,20,"1.0","a",0,0,,"false"
"2026-10-09T10:55:28Z",638,"Norton-Cuffy","HUL","-36.1","-39.0","-44.7","-50.5",-2,-15,"0.2",40,479,3102,1,34,"0.0","d",0,0,,"false"
"2026-10-09T10:55:28Z",642,"Thomas","HUL","0.3","0.3","0.4","0.4",1,2,"0.0",55,633,417,4,119,"1.5","a",0,0,,"false"
"2026-10-09T10:55:28Z",645,"Mouzakitis","HUL","0.0","0.0","-18.4","-44.0",0,-1,"0.0",50,111,107,0,0,"0.0","a",0,0,,"false"
"2026-10-09T10:55:28Z",259,"Diop","IPS","-60.7","-61.7","-63.6","-65.6",-3,-141,"12.4",40,11043,84332,12,450,"2.5","a",0,0,,"false"
"2026-10-09T10:55:28Z",267,"Lukić","IPS","-8.9","-10.3","-13.0","-15.7",-1,-3,"0.1",49,325,777,11,400,"1.5","a",-1,-1,,"false"
"2026-10-09T10:55:28Z",300,"Walton","IPS","-3.0","0.0","0.3","0.5",0,16,"0.4",44,2823,1574,2,90,"1.0","a",0,-1,,"false"
"2026-10-09T10:55:28Z",301,"Palmer","IPS","-29.1","-29.8","-31.0","-32.2",-2,-28,"3.8",40,7318,17689,0,0,"0.0","a",0,0,,"false"
"2026-10-09T10:55:28Z",302,"Button","IPS","1.2","1.2","1.2","1.1",1,-2,"0.6",40,2404,1914,0,0,"0.0","a",0,0,,"false"
"2026-10-09T10:55:28Z",303,"Kipré","IPS","3.3","3.2","3.1","2.9",1,-10,"0.9",39,5844,5691,0,0,"0.0","a",0,-1,,"false"
"2026-10-09T10:55:28Z",304,"O'Shea","IPS","-46.3","-47.7","-50.5","-53.3",-3,-43,"2.6",40,3194,20774,10,450,"1.5","a",0,0,,"false"
"2026-10-09T10:55:28Z",305,"Davis","IPS","84.3","87.4","93.6","99.8",3,381,"7.2",40,87776,41224,25,450,"8.0","a",0,0,,"false"
"2026-10-09T10:55:28Z",306,"Greaves","IPS","0.2","0.5","1.1","1.7",1,38,"1.1",39,3196,5726,3,357,"0.5","a",-1,-1,,"false"
"2026-10-09T10:55:28Z",307,"Johnson","IPS","0.0","0.0","0.0","0.0",0,-1,"0.1",40,0,504,0,0,"0.0","u",0,0,,"false"
"2026-10-09T10:55:28Z",308,"Furlong","IPS","2.3","2.2","2.1","2.0",1,-7,"0.6",39,7714,4025,1,17,"0.0","a",0,-1,,"false"
"2026-10-09T10:55:28Z",309,"Núñez","IPS","-49.3","-55.9","-68.8","-81.6",-3,-8,"0.1",49,120,874,6,140,"0.0","a",0,-1,,"false"
"2026-10-09T10:55:28Z",310,"Matusiwa","IPS","0.0","0.0","0.0","0.0",0,0,"0.0",49,19,23,0,0,"0.0","a",0,-1,,"false"
"2026-10-09T10:55:28Z",311,"Burns","IPS","0.0","0.0","0.0","0.0",0,0,"0.0",50,0,10,0,0,"0.0","u",0,0,,"false"
"2026-10-09T10:55:28Z",312,"Taylor","IPS","0.1","0.0","0.0","-1.7",0,-2,"0.0",44,432,370,0,0,"0.0","i",-1,-1,,"false"
"2026-10-09T10:55:28Z",313,"Clarke","IPS","-97.2","-101.6","-110.3","-119.1",-5,-9,"0.2",54,318,1303,11,170,"1.5","a",0,-1,,"false"
"2026-10-09T10:55:28Z",314,"Ogbene","IPS","0.0","0.0","0.0","0.0",0,0,"0.0",49,0,85,0,0,"0.0","u",0,-1,,"false"
"2026-10-09T10:55:28Z",315,"Fatawu","IPS","-51.2","-57.7","-70.6","-83.5",-3,-32,"0.1",54,75,3392,8,352,"0.0","s",0,-1,,"false"
"2026-10-09T10:55:28Z",316,"Emersonn","IPS","98.8","103.0","111.5","120.0",5,522,"3.9",55,60788,30256,26,317,"7.0","a",0,0,,"false"
"2026-10-09T10:55:28Z",317,"Hirst","IPS","0.0","0.0","0.0","0.0",0,-3,"0.1",50,0,679,0,0,"0.0","u",0,0,,"false"
"2026-10-09T10:55:28Z",318,"Philogene","IPS","-10.7","-10.7","-10.7","-10.7",-1,0,"0.1",54,47,214,2,52,"1.0","a",0,-1,,"false"
"2026-10-09T10:55:28Z",319,"Szmodics","IPS","0.0","0.0","0.0","0.0",0,0,"0.0",50,0,21,0,0,"0.0","u",0,0,,"false"
"2026-10-09T10:55:28Z",320,"Akpom","IPS","25.6","25.1","24.2","23.3",2,-56,"1.1",50,6212,12436,7,78,"0.5","a",0,0,,"false"
"2026-10-09T10:55:28Z",321,"Walle Egeli","IPS","41.2","40.4","38.6","36.9",3,-107,"3.5",45,26701,36566,1,10,"0.0","a",0,0,,"false"
"2026-10-09T10:55:28Z",322,"Al-Hamadi","IPS","0.0","0.0","0.0","0.0",0,-2,"0.0",50,0,495,0,0,"0.0","u",0,0,,"false"
"2026-10-09T10:55:28Z",323,"McAteer","IPS","-4.2","-6.5","-10.9","-15.3",-1,-45,"1.0",44,2392,9038,3,42,"0.0","a",-1,-1,,"false"
"2026-10-09T10:55:28Z",324,"Mehmeti","IPS","-4.9","-4.9","-4.9","-4.9",-1,0,"0.0",48,92,201,0,0,"0.0","a",-1,-2,,"false"
"2026-10-09T10:55:28Z",554,"Van Oevelen","IPS","0.0","0.0","0.0","0.0",0,-5,"0.0",45,0,121,0,0,"0.0","u",0,0,,"false"
"2026-10-09T10:55:28Z",562,"Maeda","IPS","-17.9","-23.5","-34.6","-45.6",-2,-24,"0.2",53,194,2122,8,259,"1.0","a",-1,-2,,"false"
"2026-10-09T10:55:28Z",564,"Scherpen","IPS","-36.3","-37.6","-40.2","-42.9",-2,-9,"0.6",45,1142,3688,7,360,"0.5","a",0,0,,"false"
"2026-10-09T10:55:28Z",571,"Florentino","IPS","-6.2","-4.7","-1.6","0.0",-1,2,"0.1",48,148,507,2,30,"1.0","a",-1,-2,,"false"
"2026-10-09T10:55:28Z",591,"Enciso","IPS","9.5","9.5","9.5","9.6",1,2,"0.8",55,4424,8522,15,413,"2.0","a",0,0,,"false"
"2026-10-09T10:55:28Z",592,"Ouattara","IPS","-36.4","-37.8","-40.5","-43.3",-2,-14,"0.8",40,992,2797,6,131,"1.5","a",0,0,,"false"
"2026-10-09T10:55:28Z",602,"Humphreys","IPS","0.0","0.0","0.0","0.0",0,0,"0.0",45,0,275,0,0,"0.0","u",0,0,,"false"
"2026-10-09T10:55:28Z",619,"Palacios","IPS","1.1","1.0","0.9","0.8",1,-7,"0.1",50,742,1094,11,275,"3.0","a",0,0,,"false"
"2026-10-09T10:55:28Z",640,"Flemming","IPS","0.6","0.6","0.7","0.8",1,4,"0.1",55,1482,1342,6,60,"2.5","a",0,0,,"false"
"2026-10-09T10:55:28Z",260,"Wilson","LEE","-0.1","-0.1","-0.1","-0.1",-1,0,"1.5",62,96,53509,5,145,"0.5","d",0,-3,"2026-10-16T14:00:11.701762Z","false"
"2026-10-09T10:55:28Z",326,"Perri","LEE","0.0","0.0","0.0","0.0",0,-9,"0.3",45,0,1747,0,0,"0.0","u",0,0,,"false"
"2026-10-09T10:55:28Z",327,"Bijol","LEE","4.9","4.6","4.0","3.3",1,-40,"0.7",50,1036,7002,12,164,"0.0","a",0,0,,"false"
"2026-10-09T10:55:28Z",329,"Rodon","LEE","-10.7","-13.6","-19.2","-24.9",-1,-115,"0.7",43,63,12736,7,123,"0.0","i",-1,-2,,"false"
"2026-10-09T10:55:28Z",330,"Bogle","LEE","73.7","80.0","92.4","104.8",3,766,"7.7",46,180804,41584,42,365,"10.0","a",0,1,,"false"
"2026-10-09T10:55:28Z",331,"Gudmundsson","LEE","1.1","1.2","1.3","1.4",1,7,"0.1",45,1091,531,14,252,"6.0","a",0,0,,"false"
"2026-10-09T10:55:28Z",332,"Justin","LEE","19.7","19.6","19.4","19.2",1,-13,"1.4",45,8135,9205,26,450,"5.0","a",0,0,,"false"
"2026-10-09T10:55:28Z",333,"Bornauw","LEE","0.0","0.0","0.0","0.0",0,-1,"0.0",45,0,7,0,0,"0.0","u",0,0,,"false"
"2026-10-09T10:55:28Z",334,"Muharemović","LEE","42.1","41.7","40.8","40.0",3,-51,"4.4",50,53457,38159,27,450,"6.5","a",0,0,,"false"
"2026-10-09T10:55:28Z",335,"Stach","LEE","15.6","14.2","11.5","8.9",1,-164,"2.4",60,7035,26201,27,447,"4.0","a",0,0,,"false"
"2026-10-09T10:55:28Z",336,"Okafor","LEE","1.2","0.7","-2.4","-24.9",1,-52,"0.4",58,2854,5287,18,299,"6.0","a",0,-2,,"false"
"2026-10-09T10:55:28Z",337,"Aaronson","LEE","-15.1","-19.6","-28.6","-37.5",-1,-42,"0.5",53,287,4611,7,194,"1.0","a",-1,-2,,"false"
"2026-10-09T10:55:28Z",338,"Ampadu","LEE","-35.8","-39.5","-46.8","-54.1",-2,-38,"0.9",54,2759,7518,21,450,"6.0","a",0,-1,,"false"
"2026-10-09T10:55:28Z",339,"Longstaff","LEE","-2.4","-5.7","-12.3","-18.9",-1,-5,"0.1",48,221,857,2,10,"0.5","a",-1,-2,,"false"
"2026-10-09T10:55:28Z",341,"Gnonto","LEE","0.0","0.0","0.0","0.0",0,0,"0.0",50,0,75,0,0,"0.0","u",0,0,,"false"
"2026-10-09T10:55:28Z",342,"Harrison","LEE","0.0","0.0","0.0","0.0",0,0,"0.0",50,0,5,0,0,"0.0","u",0,0,,"false"
"2026-10-09T10:55:28Z",343,"James","LEE","-17.2","-26.7","-45.5","-64.3",-2,-27,"0.1",49,247,907,3,52,"1.0","i",0,-1,,"false"
"2026-10-09T10:55:28Z",344,"Gruev","LEE","0.0","0.0","0.0","0.0",0,0,"0.0",50,57,25,0,0,"0.0","a",0,0,,"false"
"2026-10-09T10:55:28Z",345,"Tanaka","LEE","5.1","5.1","5.0","4.9",1,-5,"0.3",49,3068,3222,14,255,"4.0","a",0,-1,,"false"
"2026-10-09T10:55:28Z",346,"Calvert-Lewin","LEE","65.4","55.4","35.8","16.2",3,-1210,"24.3",60,133198,256523,22,419,"6.0","a",0,0,,"false"
"2026-10-09T10:55:28Z",347,"Nmecha","LEE","-32.7","-34.6","-38.3","-42.1",-2,-10,"0.5",54,2680,4821,7,64,"1.0","a",0,-1,,"false"
"2026-10-09T10:55:28Z",348,"Piroe","LEE","0.0","0.0","0.0","0.0",0,-8,"0.1",50,0,559,0,0,"0.0","u",0,0,,"false"
"2026-10-09T10:55:28Z",349,"Mateo Joseph","LEE","-45.1","-43.8","-41.3","-38.8",-3,2,"0.1",45,447,625,0,0,"0.0","i",0,0,,"false"
"2026-10-09T10:55:28Z",385,"Trafford","LEE","37.2","37.2","37.3","37.3",2,3,"5.5",50,33023,22411,28,450,"6.5","a",0,0,,"false"
"2026-10-09T10:55:28Z",598,"Elvedi","LEE","0.7","0.8","0.8","0.8",1,2,"0.1",45,404,349,13,326,"4.0","a",0,0,,"false"
"2026-10-09T10:55:28Z",603,"Lienou","LEE","0.1","0.1","0.1","0.1",1,0,"0.1",40,299,606,0,0,"0.0","a",0,0,,"false"
"2026-10-09T10:55:28Z",604,"Cresswell","LEE","-16.3","-20.2","-28.0","-35.8",-2,-6,"0.1",45,406,1065,0,0,"0.0","a",0,0,,"false"
"2026-10-09T10:55:28Z",625,"Cairns","LEE","0.4","0.3","0.3","0.2",1,-5,"0.2",40,1096,948,0,0,"0.0","a",0,0,,"false"
"2026-10-09T10:55:28Z",629,"Zetterer","LEE","2.4","2.4","2.4","2.3",1,-4,"0.7",40,4057,3310,0,0,"0.0","a",0,0,,"false"
"2026-10-09T10:55:28Z",641,"Bard","LEE","0.1","0.1","0.1","0.1",1,0,"0.0",45,123,96,1,18,"0.5","a",0,0,,"false"
"2026-10-09T10:55:28Z",648,"Bahoya","LEE","-39.2","-39.2","-39.2","-39.2",-2,0,"0.0",50,131,232,1,1,"0.5","d",0,0,,"false"
"2026-10-09T10:55:28Z",350,"A.Becker","LIV","1.8","1.5","1.0","0.4",1,-34,"4.2",55,19647,16793,27,450,"8.5","a",0,0,,"false"
"2026-10-09T10:55:28Z",351,"Mamardashvili","LIV","-0.3","-1.5","-4.0","-6.5",-1,-3,"0.1",48,314,733,0,0,"0.0","a",-1,-2,,"false"
"2026-10-09T10:55:28Z",352,"Woodman","LIV","-35.8","-36.1","-36.7","-37.2",-2,-4,"1.0",40,1090,3085,0,0,"0.0","a",0,0,,"false"
"2026-10-09T10:55:28Z",353,"Pecsi","LIV","0.0","0.0","0.0","0.0",0,0,"0.0",40,0,88,0,0,"0.0","u",0,0,,"false"
"2026-10-09T10:55:28Z",354,"Jaros","LIV","0.1","0.1","0.1","0.1",1,0,"0.0",40,261,199,0,0,"0.0","i",0,0,,"false"
"2026-10-09T10:55:28Z",355,"Davies","LIV","0.1","0.1","0.1","0.1",1,0,"0.2",40,389,568,0,0,"0.0","a",0,0,,"false"
"2026-10-09T10:55:28Z",356,"Virgil","LIV","-65.1","-65.3","-65.7","-66.2",-3,-43,"16.2",65,33643,61454,25,450,"8.0","a",0,0,,"false"
"2026-10-09T10:55:28Z",357,"Frimpong","LIV","-48.7","-51.7","-57.5","-63.4",-3,-60,"1.7",53,2040,16251,2,178,"0.5","a",0,-2,,"false"
"2026-10-09T10:55:28Z",358,"Kerkez","LIV","-3.2","-5.5","-10.0","-14.5",-1,-100,"2.2",53,3461,15209,13,385,"3.5","a",-1,-2,,"false"
"2026-10-09T10:55:28Z",359,"Gomez","LIV","0.1","0.1","0.1","0.1",1,1,"0.0",49,415,139,0,0,"0.0","a",0,-1,,"false"
"2026-10-09T10:55:28Z",360,"Bradley","LIV","-93.9","-93.9","-93.9","-93.9",-3,0,"0.0",50,74,100,0,0,"0.0","i",0,0,,"false"
"2026-10-09T10:55:28Z",361,"Lucky","LIV","-61.3","-63.2","-67.0","-70.7",-3,-3,"0.1",40,346,705,0,0,"0.0","a",0,0,,"false"
"2026-10-09T10:55:28Z",362,"Jacquet","LIV","58.7","57.4","54.9","52.4",3,-154,"3.4",50,42890,28549,24,415,"7.5","d",0,0,,"false"
"2026-10-09T10:55:28Z",363,"Leoni","LIV","-69.3","-70.5","-72.8","-75.1",-3,-1,"0.0",40,81,241,0,0,"0.0","i",0,0,,"false"
"2026-10-09T10:55:28Z",364,"Tsimikas","LIV","-61.6","-61.6","-61.6","-61.6",-3,0,"0.1",49,128,464,2,64,"0.5","a",0,-1,,"false"
"2026-10-09T10:55:28Z",365,"Ramsay","LIV","0.0","0.0","0.0","0.0",0,-4,"0.1",40,0,633,0,0,"0.0","u",0,0,,"false"
"2026-10-09T10:55:28Z",366,"Wirtz","LIV","-46.7","-51.2","-60.2","-69.1",-3,-297,"5.6",73,8504,57853,18,402,"4.5","a",0,-2,,"false"
"2026-10-09T10:55:28Z",367,"Gakpo","LIV","-20.4","-32.9","-57.6","-82.3",-2,-2818,"11.6",72,54639,170033,32,370,"2.0","d",0,2,,"false"
"2026-10-09T10:55:28Z",368,"Szoboszlai","LIV","-4.5","-8.0","-14.9","-21.8",-1,-2219,"31.8",69,51371,313442,20,440,"2.5","a",-1,-1,,"false"
"2026-10-09T10:55:28Z",369,"Ngumoha","LIV","-30.5","-32.7","-37.1","-41.5",-2,-20,"0.4",57,1075,5372,4,99,"0.5","a",-1,-3,,"false"
"2026-10-09T10:55:28Z",370,"Chiesa","LIV","-7.5","-7.5","-7.5","-7.5",-1,0,"0.0",53,20,296,0,0,"0.0","i",-1,-2,,"false"
"2026-10-09T10:55:28Z",371,"Gravenberch","LIV","-29.1","-31.1","-35.2","-39.3",-2,-44,"1.1",58,1622,11091,9,190,"1.0","a",-1,-2,,"false"
"2026-10-09T10:55:28Z",372,"Mac Allister","LIV","-50.5","-53.4","-59.2","-65.1",-3,-44,"1.3",54,4972,9030,11,306,"3.0","a",0,-1,,"false"
"2026-10-09T10:55:28Z",373,"C.Jones","LIV","0.0","0.0","0.0","0.0",0,0,"0.0",55,0,82,0,0,"0.0","u",0,0,,"false"
"2026-10-09T10:55:28Z",374,"Endo","LIV","-70.8","-70.8","-70.8","-70.8",-3,0,"0.1",49,186,504,0,0,"0.0","a",0,-1,,"false"
"2026-10-09T10:55:28Z",375,"Nyoni","LIV","-99.6","-109.1","-127.9","-146.6",-5,-4,"0.0",49,113,371,3,38,"0.5","a",0,-1,,"false"
"2026-10-09T10:55:28Z",376,"Bajcetic","LIV","0.0","0.0","0.0","0.0",0,0,"0.0",50,0,4,0,0,"0.0","u",0,0,,"false"
"2026-10-09T10:55:28Z",377,"Munoz","LIV","5.8","4.9","3.1","1.3",1,-111,"0.9",65,2191,14689,15,257,"1.0","a",0,0,,"false"
"2026-10-09T10:55:28Z",378,"McConnell","LIV","-7.3","-8.4","-10.6","-12.7",-1,-3,"0.2",44,1175,1838,0,0,"0.0","a",0,-1,,"false"
"2026-10-09T10:55:28Z",379,"Isak","LIV","-16.9","-32.0","-61.9","-91.8",-2,-3409,"21.3",91,130084,186882,33,413,"5.0","d",0,1,,"false"
"2026-10-09T10:55:28Z",380,"Ekitiké","LIV","-31.2","-33.5","-38.1","-42.7",-2,-8,"0.1",74,498,1004,0,0,"0.0","i",0,-1,,"false"
"2026-10-09T10:55:28Z",381,"Koumas","LIV","-91.6","-80.4","-58.1","-35.9",-3,4,"0.0",50,247,244,3,22,"0.5","a",0,0,,"false"
"2026-10-09T10:55:28Z",382,"Danns","LIV","4.0","4.1","4.4","4.6",1,14,"0.2",45,4473,2988,0,0,"0.0","a",0,0,,"false"
"2026-10-09T10:55:28Z",383,"Elliott","LIV","0.0","0.0","0.0","0.0",0,0,"0.0",54,0,275,0,0,"0.0","u",0,-1,,"false"
"2026-10-09T10:55:28Z",579,"Araujo","LIV","38.9","40.5","43.7","46.9",3,198,"3.1",54,24762,13890,22,284,"6.5","a",0,-1,,"false"
"2026-10-09T10:55:28Z",627,"Barcola","LIV","-62.0","-56.8","-46.7","-36.5",-3,115,"1.9",80,20580,24917,7,168,"3.0","a",0,0,,"false"
"2026-10-09T10:55:28Z",155,"Enzo","MCI","4.2","5.9","9.2","12.5",1,205,"3.7",69,41733,20961,13,271,"4.5","a",0,-1,,"false"
"2026-10-09T10:55:28Z",237,"Ndiaye","MCI","-29.6","-35.0","-45.6","-56.3",-2,-697,"6.5",58,10232,94822,22,385,"3.0","a",-1,-2,,"false"
"2026-10-09T10:55:28Z",384,"Donnarumma","MCI","-60.5","-62.7","-67.0","-71.3",-3,-192,"7.5",55,13577,41858,19,450,"4.5","a",0,0,,"false"
"2026-10-09T10:55:28Z",386,"Bettinelli","MCI","-94.8","-94.8","-94.8","-94.8",-3,0,"0.0",45,76,111,0,0,"0.0","a",0,0,,"false"
"2026-10-09T10:55:28Z",387,"O'Reilly","MCI","-9.0","-13.2","-21.6","-30.0",-1,-1634,"10.4",63,5569,116162,6,163,"1.0","d",-1,-2,,"false"
"2026-10-09T10:55:28Z",388,"Guéhi","MCI","67.7","66.2","63.3","60.3",3,-181,"18.0",60,31666,72931,30,450,"5.0","a",0,0,,"false"
"2026-10-09T10:55:28Z",389,"Matheus N.","MCI","-38.2","-39.1","-41.0","-42.9",-2,-11,"1.0",59,2313,3891,11,213,"5.0","a",0,-1,,"false"
"2026-10-09T10:55:28Z",390,"Rúben","MCI","3.9","3.9","3.8","3.7",1,-5,"1.9",55,6108,11880,17,450,"3.5","a",0,0,,"false"
"2026-10-09T10:55:28Z",391,"Gvardiol","MCI","91.4","94.9","101.6","108.4",3,416,"27.0",57,203144,88765,37,434,"7.5","a",0,2,,"false"
"2026-10-09T10:55:28Z",392,"Aït-Nouri","MCI","-2.3","-4.2","-8.1","-11.9",-1,-15,"0.4",52,650,2731,0,0,"0.0","a",-1,-3,,"false"
"2026-10-09T10:55:28Z",393,"Khusanov","MCI","-43.7","-48.3","-57.5","-66.7",-3,-73,"1.3",54,1761,11023,9,268,"0.0","a",0,-1,,"false"
"2026-10-09T10:55:28Z",394,"Alleyne","MCI","0.0","0.0","0.0","0.0",0,0,"0.0",50,0,22,0,0,"0.0","u",0,0,,"false"
"2026-10-09T10:55:28Z",395,"Lewis","MCI","-75.8","-76.9","-79.2","-81.5",-3,-3,"0.2",44,419,1501,1,56,"0.0","a",0,-1,,"false"
"2026-10-09T10:55:28Z",396,"Vitor Reis","MCI","-91.2","-91.2","-91.2","-91.2",-3,0,"0.0",45,91,182,1,1,"0.0","a",0,0,,"false"
"2026-10-09T10:55:28Z",397,"Semenyo","MCI","-31.2","-36.9","-48.2","-59.4",-2,-1793,"14.6",84,136459,143406,33,450,"10.0","d",0,-1,,"false"
"2026-10-09T10:55:28Z",398,"Foden","MCI","-65.2","-71.3","-83.3","-95.3",-3,-335,"1.7",69,259,37490,9,217,"-1.0","s",0,-1,,"false"
"2026-10-09T10:55:28Z",399,"Cherki","MCI","-50.2","-44.0","-31.9","-19.8",-3,747,"28.5",78,186726,135445,34,302,"4.5","a",0,3,,"false"
"2026-10-09T10:55:28Z",400,"Doku","MCI","1.2","1.7","2.5","3.4",1,52,"0.7",74,6840,2782,1,15,"0.5","a",0,-1,,"false"
"2026-10-09T10:55:28Z",402,"Rodrigo","MCI","0.0","0.0","0.0","0.0",0,0,"0.0",65,0,30,0,0,"0.0","u",0,0,,"false"
"2026-10-09T10:55:28Z",404,"Reijnders","MCI","0.0","0.0","0.0","0.0",0,0,"0.0",60,0,117,0,0,"0.0","u",0,0,,"false"
"2026-10-09T10:55:28Z",406,"Kovačić","MCI","-1.5","-1.5","-1.5","-1.5",-1,0,"0.1",53,140,556,2,42,"0.0","a",-1,-2,,"false"
"2026-10-09T10:55:28Z",407,"Echeverri","MCI","0.0","0.0","0.0","0.0",0,0,"0.0",49,0,62,0,0,"0.0","u",0,-1,,"false"
"2026-10-09T10:55:28Z",408,"Phillips","MCI","0.0","0.0","0.0","0.0",0,0,"0.0",50,0,18,0,0,"0.0","u",0,0,,"false"
"2026-10-09T10:55:28Z",409,"Mukasa","MCI","0.0","0.0","0.0","0.0",0,-8,"0.1",45,0,777,0,0,"0.0","u",0,0,,"false"
"2026-10-09T10:55:28Z",410,"Monga","MCI","0.0","0.0","0.0","0.0",0,0,"0.0",49,0,64,0,0,"0.0","u",0,-1,,"false"
"2026-10-09T10:55:28Z",411,"Haaland","MCI","28.0","30.3","35.0","39.6",2,286,"74.0",156,114530,35429,39,450,"7.5","a",0,1,,"false"
"2026-10-09T10:55:28Z",481,"Anderson","MCI","-51.5","-54.7","-61.1","-67.4",-3,-147,"3.9",63,10890,37247,15,413,"3.5","a",0,-2,,"false"
"2026-10-09T10:55:28Z",587,"Rulli","MCI","-98.8","-98.8","-98.8","-98.8",-4,0,"0.0",50,89,122,0,0,"0.0","a",0,0,,"false"
"2026-10-09T10:55:28Z",616,"Bouaddi","MCI","-42.7","-44.4","-47.7","-51.0",-3,-3,"0.2",55,988,2477,2,22,"0.0","a",0,0,,"false"
"2026-10-09T10:55:28Z",621,"McAidoo","MCI","0.0","-0.3","-1.9","-3.5",-1,-2,"0.1",44,376,1299,2,11,"0.0","a",-1,-1,,"false"
"2026-10-09T10:55:28Z",622,"Braithwaite","MCI","-44.8","-45.9","-47.9","-49.9",-3,-2,"0.2",40,687,1842,1,1,"0.0","a",0,0,,"false"
"2026-10-09T10:55:28Z",628,"Allan","MCI","0.1","0.1","0.1","0.1",1,0,"0.0",60,262,200,0,0,"0.0","a",0,0,,"false"
"2026-10-09T10:55:28Z",653,"Samba","MCI","-46.7","-49.5","-55.1","-60.7",-3,-1,"0.0",45,286,552,0,0,"0.0","a",0,0,,"false"
"2026-10-09T10:55:28Z",43,"Tielemans","MUN","-45.4","-46.8","-49.6","-52.3",-3,-24,"1.5",58,4290,13621,14,402,"3.0","a",0,-2,,"false"
"2026-10-09T10:55:28Z",131,"Baleba","MUN","0.4","0.7","1.2","1.7",1,30,"0.1",49,2356,997,0,0,"0.0","a",0,-1,,"false"
"2026-10-09T10:55:28Z",162,"Andrey Santos","MUN","-66.0","-71.2","-81.5","-91.8",-3,-34,"0.5",48,1203,6485,4,82,"0.0","a",0,-2,,"false"
"2026-10-09T10:55:28Z",325,"Darlow","MUN","-28.7","-28.7","-28.7","-28.7",-2,0,"0.0",45,72,282,0,0,"0.0","d",0,0,,"false"
"2026-10-09T10:55:28Z",412,"Lammens","MUN","-20.5","-22.0","-25.0","-27.9",-2,-170,"9.7",49,9860,70412,11,450,"3.0","a",0,-1,,"false"
"2026-10-09T10:55:28Z",413,"Bayindir","MUN","0.0","0.0","0.0","0.0",0,0,"0.0",45,0,58,0,0,"0.0","u",0,0,,"false"
"2026-10-09T10:55:28Z",414,"Heaton","MUN","-39.4","-39.4","-39.4","-39.4",-2,0,"0.1",40,279,382,0,0,"0.0","i",0,0,,"false"
"2026-10-09T10:55:28Z",415,"Dorgu","MUN","-79.8","-88.1","-104.5","-121.0",-3,-89,"0.5",58,1063,6416,10,171,"4.0","d",0,-2,,"false"
"2026-10-09T10:55:28Z",416,"De Ligt","MUN","-0.1","-0.1","-0.1","-0.1",-1,0,"0.0",49,100,161,0,0,"0.0","i",-1,-1,,"false"
"2026-10-09T10:55:28Z",417,"Dalot","MUN","-87.0","-88.9","-92.6","-96.2",-3,-35,"1.6",49,2316,10504,8,346,"2.0","a",0,-1,,"false"
"2026-10-09T10:55:28Z",418,"Maguire","MUN","-4.6","-6.6","-10.4","-14.3",-1,-328,"8.4",48,7456,102112,10,450,"1.5","a",-1,-2,,"false"
"2026-10-09T10:55:28Z",419,"Martinez","MUN","-0.0","0.2","0.5","0.9",1,23,"1.3",49,4850,7969,6,360,"1.0","a",-1,-1,,"false"
"2026-10-09T10:55:28Z",420,"Yoro","MUN","-12.8","-13.2","-14.1","-15.0",-1,-4,"0.5",48,687,2628,2,22,"0.0","a",-1,-2,,"false"
"2026-10-09T10:55:28Z",421,"Heaven","MUN","-2.5","-4.8","-9.4","-14.0",-1,-12,"0.3",43,335,1889,1,90,"0.0","a",-1,-2,,"false"
"2026-10-09T10:55:28Z",422,"Mazraoui","MUN","-51.7","-55.0","-61.3","-67.7",-3,-34,"0.5",44,621,4310,3,97,"0.0","d",0,-1,,"false"
"2026-10-09T10:55:28Z",423,"Shaw","MUN","-7.8","-9.6","-13.0","-16.4",-1,-258,"7.4",43,6887,102675,9,335,"1.0","a",-1,-2,,"false"
"2026-10-09T10:55:28Z",424,"Amass","MUN","-52.4","-55.4","-61.4","-67.4",-3,-7,"0.2",40,536,1028,0,0,"0.0","a",0,0,,"false"
"2026-10-09T10:55:28Z",425,"Fredricson","MUN","0.0","0.0","0.0","0.0",0,0,"0.0",40,0,64,0,0,"0.0","u",0,0,,"false"
"2026-10-09T10:55:28Z",426,"B.Fernandes","MUN","-1.5","-1.7","-2.2","-2.6",-1,-164,"38.2",119,75969,264984,31,450,"2.0","a",-1,-1,,"false"
"2026-10-09T10:55:28Z",427,"Mbeumo","MUN","-83.4","-83.6","-84.0","-84.4",-3,-50,"20.3",79,69368,183386,25,450,"2.0","a",0,-1,,"false"
"2026-10-09T10:55:28Z",428,"Cunha","MUN","-93.4","-88.2","-78.0","-67.8",-3,356,"5.9",79,38233,30112,26,407,"6.0","a",0,-1,,"false"
"2026-10-09T10:55:28Z",429,"Rashford","MUN","-1.6","-6.3","-15.6","-24.8",-1,-241,"1.4",69,4641,24281,10,351,"2.0","d",-1,-1,,"false"
"2026-10-09T10:55:28Z",430,"Mount","MUN","0.1","0.0","-25.4","-58.9",0,-7,"0.0",54,230,241,1,10,"0.5","a",0,-1,,"false"
"2026-10-09T10:55:28Z",431,"Amad","MUN","-23.0","-25.2","-29.7","-34.2",-2,-21,"0.3",57,190,2443,0,0,"0.0","i",0,-3,,"false"
"2026-10-09T10:55:28Z",432,"Mainoo","MUN","12.3","11.0","8.4","5.8",1,-160,"1.5",55,8702,21048,22,354,"4.0","d",0,0,,"false"
"2026-10-09T10:55:28Z",433,"Ugarte","MUN","-75.9","-75.9","-75.9","-75.9",-3,0,"0.0",50,27,31,0,0,"0.0","i",0,0,,"false"
"2026-10-09T10:55:28Z",434,"J.Fletcher","MUN","-44.3","-53.5","-71.7","-90.0",-3,-1,"0.0",49,53,73,0,0,"0.0","a",0,-1,,"false"
"2026-10-09T10:55:28Z",435,"Lacey","MUN","-7.2","-8.0","-9.5","-11.0",-1,-1,"0.1",49,455,446,1,10,"0.0","a",0,-1,,"false"
"2026-10-09T10:55:28Z",436,"Collyer","MUN","0.0","0.0","0.0","0.0",0,-2,"0.0",50,0,53,0,0,"0.0","u",0,0,,"false"
"2026-10-09T10:55:28Z",437,"Bendito Mantato","MUN","0.0","-1.3","-4.6","-7.9",-1,-6,"0.2",44,639,1123,0,0,"0.0","a",-1,-1,,"false"
"2026-10-09T10:55:28Z",438,"Fletcher","MUN","0.3","0.2","0.0","-4.9",1,-12,"0.3",44,2815,2609,0,0,"0.0","a",0,-1,,"false"
"2026-10-09T10:55:28Z",439,"Šeško","MUN","-60.3","-68.6","-85.0","-101.4",-3,-277,"1.5",70,7059,30938,8,76,"0.5","d",0,0,,"false"
"2026-10-09T10:55:28Z",440,"Zirkzee","MUN","-8.4","-8.2","-7.8","-7.3",-1,2,"0.4",53,2682,3844,2,20,"1.0","a",-1,-2,,"false"
"2026-10-09T10:55:28Z",441,"Obi","MUN","0.0","0.0","0.0","0.0",0,-77,"0.9",45,0,13535,0,0,"0.0","u",0,0,,"false"
"2026-10-09T10:55:28Z",405,"N.Gonzalez","NEW","1.0","1.0","1.1","1.1",1,4,"0.2",55,966,2107,5,164,"0.5","a",0,0,,"false"
"2026-10-09T10:55:28Z",442,"Pope","NEW","-50.1","-51.0","-52.9","-54.8",-3,-10,"0.9",49,1188,3937,0,0,"0.0","a",0,-1,,"false"
"2026-10-09T10:55:28Z",443,"Gillespie","NEW","-44.3","-47.3","-53.3","-59.3",-3,-1,"0.0",45,58,114,0,0,"0.0","a",0,0,,"false"
"2026-10-09T10:55:28Z",444,"Jaouen","NEW","-6.5","-6.5","-6.5","-6.5",-1,0,"0.0",44,26,170,0,0,"0.0","i",-1,-1,,"false"
"2026-10-09T10:55:28Z",445,"Thiaw","NEW","19.8","20.4","21.5","22.6",2,68,"2.2",50,14360,14913,14,450,"3.0","a",0,0,,"false"
"2026-10-09T10:55:28Z",446,"Schär","NEW","-7.8","-4.5","0.0","0.2",-1,8,"0.2",49,930,1148,2,25,"0.5","a",0,-1,,"false"
"2026-10-09T10:55:28Z",447,"Botman","NEW","11.0","11.3","11.8","12.3",1,31,"0.7",50,7427,4395,15,450,"3.0","a",0,0,,"false"
"2026-10-09T10:55:28Z",448,"Burn","NEW","-6.9","-8.5","-11.6","-14.8",-1,-63,"0.7",48,143,7607,0,0,"0.0","i",-1,-2,,"false"
"2026-10-09T10:55:28Z",449,"Hall","NEW","20.1","29.6","48.5","67.3",2,3150,"18.6",53,377599,35795,31,449,"6.5","a",1,3,,"false"
"2026-10-09T10:55:28Z",450,"Livramento","NEW","1.4","1.0","0.4","-11.6",1,-38,"0.1",49,511,2169,4,33,"1.5","d",0,-1,,"false"
"2026-10-09T10:55:28Z",451,"A.Murphy","NEW","0.0","0.0","0.0","0.0",0,-3,"0.1",40,0,386,0,0,"0.0","u",0,0,,"false"
"2026-10-09T10:55:28Z",453,"Barnes","NEW","28.0","36.1","52.3","68.5",2,2702,"6.5",61,253702,42337,28,450,"5.5","a",1,1,,"false"
"2026-10-09T10:55:28Z",454,"Elanga","NEW","-61.0","-69.2","-85.4","-101.6",-3,-1864,"4.1",61,400,210604,18,232,"0.0","i",-1,1,,"false"
"2026-10-09T10:55:28Z",456,"J.Ramsey","NEW","-4.9","-9.7","-19.1","-28.6",-1,-60,"0.2",48,92,6096,7,69,"0.0","i",-1,-2,,"false"
"2026-10-09T10:55:28Z",457,"J.Murphy","NEW","-19.5","-22.6","-28.7","-34.8",-2,-5,"0.1",59,1306,1104,3,181,"0.5","a",0,-1,,"false"
"2026-10-09T10:55:28Z",458,"Joelinton","NEW","0.0","0.0","0.0","0.0",0,0,"0.0",54,30,105,0,0,"0.0","d",0,-1,"2026-10-16T14:00:12.032649Z","false"
"2026-10-09T10:55:28Z",459,"L.Miley","NEW","0.4","0.3","-0.3","-23.1",1,-19,"0.1",55,505,932,12,396,"2.0","d",0,0,,"false"
"2026-10-09T10:55:28Z",460,"Willock","NEW","17.9","18.5","19.7","20.9",1,74,"0.6",50,13983,4309,22,284,"5.5","a",0,0,,"false"
"2026-10-09T10:55:28Z",461,"Touré","NEW","-18.4","-23.1","-32.5","-41.9",-2,-7,"0.1",58,468,1174,8,50,"3.5","a",0,-2,,"false"
"2026-10-09T10:55:28Z",462,"Steur","NEW","-58.9","-56.4","-51.6","-46.7",-3,2,"0.1",49,362,551,8,223,"2.5","a",0,-1,,"false"
"2026-10-09T10:55:28Z",463,"Woltemade","NEW","0.0","0.0","0.0","0.0",0,-37,"0.5",59,0,4490,4,19,"0.0","u",0,-1,,"false"
"2026-10-09T10:55:28Z",464,"Wissa","NEW","78.6","89.0","109.4","129.8",3,1258,"18.9",62,148254,186933,15,441,"1.0","a",0,2,,"false"
"2026-10-09T10:55:28Z",465,"Osula","NEW","-0.0","-0.0","-0.0","-0.0",0,0,"0.3",58,183,3124,4,55,"0.0","d",-1,-2,"2026-10-16T20:30:11.173862Z","false"
"2026-10-09T10:55:28Z",466,"Neave","NEW","0.0","0.0","0.0","0.0",0,-25,"0.5",45,0,4936,0,0,"0.0","u",0,0,,"false"
"2026-10-09T10:55:28Z",559,"Bamba","NEW","-84.0","-91.7","-107.0","-122.2",-3,-8,"0.1",49,155,653,3,27,"1.0","a",0,-1,,"false"
"2026-10-09T10:55:28Z",567,"Horníček","NEW","26.0","26.2","26.6","27.0",2,25,"1.5",50,10280,7722,14,450,"2.0","a",0,0,,"false"
"2026-10-09T10:55:28Z",593,"Dedić","NEW","-0.1","-0.1","-0.1","-0.1",-1,0,"1.7",45,370,53055,13,327,"0.0","d",0,0,"2026-10-16T20:30:11.350437Z","false"
"2026-10-09T10:55:28Z",609,"Shahar","NEW","0.0","0.0","0.0","0.0",0,-7,"0.2",40,0,2132,0,0,"0.0","u",0,0,,"false"
"2026-10-09T10:55:28Z",634,"Fernandez-Pardo","NEW","1.2","1.4","1.8","2.2",1,26,"0.1",60,3235,1974,4,157,"1.5","a",0,0,,"false"
"2026-10-09T10:55:28Z",659,"Miley","NEW","0.1","0.1","0.1","0.0",1,-1,"0.0",45,1761,793,0,0,"0.0","a",0,0,,"false"
"2026-10-09T10:55:28Z",663,"Pivas","NEW","0.0","0.1","0.1","0.1",1,2,"0.0",40,497,79,0,0,"0.0","a",0,0,,"false"
"2026-10-09T10:55:28Z",664,"Salia","NEW","0.9","1.5","2.5","3.6",1,66,"0.2",45,12844,2247,0,0,"0.0","a",0,0,,"false"
"2026-10-09T10:55:28Z",665,"Mills","NEW","0.0","0.0","0.0","0.1",0,1,"0.0",45,194,37,0,0,"0.0","a",0,0,,"false"
"2026-10-09T10:55:28Z",666,"Thompson","NEW","0.0","0.0","0.0","0.0",0,0,"0.0",45,279,43,0,0,"0.0","a",0,0,,"false"
"2026-10-09T10:55:28Z",167,"Delap","NFO","-34.3","-39.8","-50.7","-61.6",-2,-171,"2.6",56,30992,40800,9,277,"3.0","a",1,1,,"false"
"2026-10-09T10:55:28Z",201,"Muñoz","NFO","-56.0","-58.7","-64.2","-69.7",-3,-182,"5.6",54,10925,41783,5,257,"2.0","a",0,-1,,"false"
"2026-10-09T10:55:28Z",467,"Sels","NFO","4.0","3.4","2.2","1.0",1,-75,"1.5",50,2894,9180,14,450,"2.5","a",0,0,,"false"
"2026-10-09T10:55:28Z",468,"John","NFO","-81.1","-81.1","-81.1","-81.1",-3,0,"0.1",45,80,193,0,0,"0.0","a",0,0,,"false"
"2026-10-09T10:55:28Z",469,"N.Williams","NFO","23.9","22.4","19.4","16.3",2,-187,"8.5",50,16620,69155,19,450,"2.0","a",0,0,,"false"
"2026-10-09T10:55:28Z",470,"Morato","NFO","0.0","0.0","0.0","0.0",0,-2,"0.0",50,0,154,0,0,"0.0","u",0,0,,"false"
"2026-10-09T10:55:28Z",471,"Milenković","NFO","-19.6","-22.7","-28.7","-34.6",-2,-161,"1.0",54,96,16123,12,270,"0.0","i",-1,-1,,"false"
"2026-10-09T10:55:28Z",472,"Murillo","NFO","26.8","27.4","28.5","29.6",2,69,"2.2",55,13822,11659,23,449,"5.0","a",0,0,,"false"
"2026-10-09T10:55:28Z",473,"Aina","NFO","-7.4","-9.9","-14.9","-19.8",-1,-115,"2.3",44,1561,28487,8,306,"1.0","a",-1,-1,,"false"
"2026-10-09T10:55:28Z",474,"Jair Cunha","NFO","-52.0","-51.3","-49.9","-48.5",-3,2,"0.2",45,402,854,11,360,"0.5","a",0,0,,"false"
"2026-10-09T10:55:28Z",475,"Savona","NFO","-22.0","-22.0","-22.0","-22.0",-2,0,"0.0",45,23,26,0,0,"0.0","i",0,0,,"false"
"2026-10-09T10:55:28Z",476,"O.Richards","NFO","-75.7","-77.1","-79.8","-82.6",-3,-3,"0.2",40,379,972,0,0,"0.0","a",0,0,,"false"
"2026-10-09T10:55:28Z",477,"Abbott","NFO","0.0","0.0","0.0","0.0",0,-9,"0.1",40,0,1136,0,0,"0.0","u",0,0,,"false"
"2026-10-09T10:55:28Z",478,"Netz","NFO","-10.7","-10.7","-10.7","-10.7",-1,0,"0.0",44,75,151,3,27,"0.5","a",0,-1,,"false"
"2026-10-09T10:55:28Z",479,"Bindon","NFO","0.0","0.0","0.0","0.0",0,-5,"0.1",40,0,736,0,0,"0.0","u",0,0,,"false"
"2026-10-09T10:55:28Z",480,"Gibbs-White","NFO","56.9","58.6","62.1","65.5",3,212,"15.8",80,110276,125445,28,450,"5.0","a",0,0,,"false"
"2026-10-09T10:55:28Z",482,"Hudson-Odoi","NFO","-47.5","-51.5","-59.2","-66.9",-3,-7,"0.1",58,394,1458,1,1,"0.0","a",0,-2,,"false"
"2026-10-09T10:55:28Z",483,"Ndoye","NFO","13.5","12.9","11.5","10.2",1,-83,"0.7",55,1215,11164,15,316,"1.0","a",0,0,,"false"
"2026-10-09T10:55:28Z",484,"Hutchinson","NFO","0.0","0.0","0.0","0.0",0,0,"0.1",54,0,482,0,0,"0.0","u",0,-1,,"false"
"2026-10-09T10:55:28Z",485,"Bakwa","NFO","0.0","0.0","0.0","0.0",0,0,"0.0",55,0,44,0,0,"0.0","u",0,0,,"false"
"2026-10-09T10:55:28Z",486,"McAtee","NFO","2.4","2.3","2.2","2.1",1,-8,"0.1",55,504,1237,12,416,"2.5","a",0,0,,"false"
"2026-10-09T10:55:28Z",487,"Dominguez","NFO","-79.5","-82.1","-87.2","-92.3",-3,-2,"0.1",49,76,383,1,1,"0.0","a",0,-1,,"false"
"2026-10-09T10:55:28Z",488,"I.Sangaré","NFO","-4.6","-8.4","-16.0","-23.5",-1,-31,"0.4",48,515,4695,4,105,"1.0","a",-1,-2,,"false"
"2026-10-09T10:55:28Z",489,"Yates","NFO","-0.4","-1.4","-3.5","-5.5",-1,-23,"1.1",44,912,9603,0,0,"0.0","a",-1,-1,,"false"
"2026-10-09T10:55:28Z",490,"Wood","NFO","-47.3","-49.1","-52.6","-56.1",-3,-18,"0.9",58,2931,8158,4,62,"1.0","a",0,-2,,"false"
"2026-10-09T10:55:28Z",491,"Igor Jesus","NFO","-5.4","-10.9","-21.6","-32.4",-1,-165,"2.6",58,11970,32724,12,257,"4.0","a",0,-2,,"false"
"2026-10-09T10:55:28Z",493,"Kalimuendo","NFO","0.0","0.0","-3.0","-9.7",0,-2,"0.1",54,288,508,1,1,"0.0","a",0,-1,,"false"
"2026-10-09T10:55:28Z",558,"Schlager","NFO","0.4","0.3","0.1","-4.8",1,-11,"0.1",50,285,1105,13,376,"2.5","a",0,0,,"false"
"2026-10-09T10:55:28Z",581,"Diomande","NFO","-54.3","-53.5","-52.0","-50.4",-3,5,"0.5",54,2014,2899,7,163,"3.0","a",0,-1,,"false"
"2026-10-09T10:55:28Z",590,"Benda","NFO","0.0","-0.7","-13.0","-25.2",-1,-5,"0.1",45,161,293,0,0,"0.0","a",0,0,,"false"
"2026-10-09T10:55:28Z",112,"Van Hecke","TOT","-28.4","-35.4","-49.2","-63.0",-2,-936,"6.2",49,25326,66556,24,450,"7.0","d",0,-1,,"false"
"2026-10-09T10:55:28Z",147,"Tosin","TOT","-45.8","-44.4","-41.7","-39.0",-3,2,"0.1",44,142,701,1,5,"0.5","a",0,-1,,"false"
"2026-10-09T10:55:28Z",401,"Marmoush","TOT","41.3","41.5","41.8","42.1",3,20,"2.2",70,19276,28889,8,339,"2.0","a",0,0,,"false"
"2026-10-09T10:55:28Z",403,"Sávio","TOT","10.9","10.6","10.1","9.6",1,-31,"0.6",65,4540,9925,8,240,"2.5","a",0,0,,"false"
"2026-10-09T10:55:28Z",455,"Tonali","TOT","-27.5","-31.5","-39.4","-47.3",-2,-144,"1.8",53,3227,20596,14,427,"2.5","a",-1,-2,,"false"
"2026-10-09T10:55:28Z",494,"Vicario","TOT","0.0","0.0","0.0","0.0",0,-7,"0.1",45,0,903,0,0,"0.0","u",0,0,,"false"
"2026-10-09T10:55:28Z",495,"Austin","TOT","2.3","2.3","2.3","2.2",1,-2,"1.0",40,2754,2940,0,0,"0.0","a",0,0,,"false"
"2026-10-09T10:55:28Z",496,"Kinsky","TOT","-60.3","-62.5","-66.6","-70.8",-3,-413,"16.8",45,28101,166409,18,450,"4.5","a",0,0,,"false"
"2026-10-09T10:55:28Z",497,"Dubravka","TOT","-27.6","-28.1","-29.1","-30.1",-2,-99,"17.0",40,45951,70863,0,0,"0.0","a",0,0,,"false"
"2026-10-09T10:55:28Z",498,"Senesi","TOT","-68.0","-72.6","-81.7","-90.8",-3,-186,"3.5",58,1633,27924,3,90,"0.0","a",0,-2,,"false"
"2026-10-09T10:55:28Z",499,"Pedro Porro","TOT","-45.6","-54.0","-70.7","-87.3",-3,-1318,"7.2",54,1901,107154,9,198,"0.5","d",0,-1,,"false"
"2026-10-09T10:55:28Z",500,"Romero","TOT","0.0","0.0","0.0","0.0",0,-4,"0.1",50,0,344,0,0,"0.0","u",0,0,,"false"
"2026-10-09T10:55:28Z",502,"Robertson","TOT","-1.9","-4.6","-10.0","-15.3",-1,-79,"2.5",44,9582,20399,17,366,"5.5","a",0,-1,,"false"
"2026-10-09T10:55:28Z",503,"Van de Ven","TOT","-28.4","-30.1","-33.5","-36.9",-2,-76,"3.8",50,9577,27090,16,360,"3.5","a",0,0,,"false"
"2026-10-09T10:55:28Z",505,"Spence","TOT","0.0","0.0","0.0","0.0",0,-10,"0.2",45,0,1451,0,0,"0.0","u",0,0,,"false"
"2026-10-09T10:55:28Z",506,"Udogie","TOT","-27.1","-29.8","-35.0","-40.3",-2,-10,"0.3",44,457,2103,7,86,"0.0","a",0,-1,,"false"
"2026-10-09T10:55:28Z",507,"Phillips","TOT","0.0","0.0","0.0","0.0",0,0,"0.0",45,0,64,0,0,"0.0","u",0,0,,"false"
"2026-10-09T10:55:28Z",508,"Davies","TOT","2.0","2.1","2.4","2.7",1,19,"0.9",39,9938,5579,0,0,"0.0","a",-1,-1,,"false"
"2026-10-09T10:55:28Z",509,"Byfield","TOT","-7.1","-10.1","-16.2","-22.2",-1,-2,"0.1",40,163,320,0,0,"0.0","a",0,0,,"false"
"2026-10-09T10:55:28Z",510,"Rowswell","TOT","-19.7","-20.7","-22.7","-24.6",-2,-1,"0.1",40,203,430,0,0,"0.0","a",0,0,,"false"
"2026-10-09T10:55:28Z",511,"Souza","TOT","0.0","0.0","0.0","0.0",0,-10,"0.2",40,0,1206,0,0,"0.0","u",0,0,,"false"
"2026-10-09T10:55:28Z",512,"Kudus","TOT","2.6","2.7","3.0","3.3",1,18,"0.2",65,3447,1696,7,123,"2.5","a",0,0,,"false"
"2026-10-09T10:55:28Z",513,"Xavi","TOT","-17.5","-17.5","-17.5","-17.5",-1,0,"0.0",59,67,94,0,0,"0.0","i",0,-1,,"false"
"2026-10-09T10:55:28Z",514,"Tel","TOT","-40.8","-46.5","-57.9","-69.3",-3,-20,"0.2",57,286,2672,8,257,"0.5","a",-1,-3,,"false"
"2026-10-09T10:55:28Z",515,"Maddison","TOT","-80.8","-84.4","-91.5","-98.6",-3,-17,"0.4",63,1099,2631,3,59,"1.0","a",0,-2,,"false"
"2026-10-09T10:55:28Z",516,"Bentancur","TOT","-92.2","-98.3","-110.4","-122.4",-4,-12,"0.2",55,573,1192,15,370,"3.5","a",0,0,,"false"
"2026-10-09T10:55:28Z",517,"Odobert","TOT","0.0","0.0","0.0","0.0",0,0,"0.0",55,41,19,0,0,"0.0","i",0,0,,"false"
"2026-10-09T10:55:28Z",518,"P.M.Sarr","TOT","0.0","0.0","0.0","0.0",0,-6,"0.1",49,0,880,0,0,"0.0","u",0,-1,,"false"
"2026-10-09T10:55:28Z",519,"Gallagher","TOT","0.0","0.0","0.1","0.1",0,3,"0.2",53,1016,973,9,134,"3.0","a",0,-2,,"false"
"2026-10-09T10:55:28Z",520,"Bergvall","TOT","-6.8","-9.1","-13.8","-18.4",-1,-6,"0.1",53,139,806,3,78,"1.0","a",-1,-2,,"false"
"2026-10-09T10:55:28Z",521,"Kulusevski","TOT","-78.5","-74.5","-66.5","-58.5",-3,1,"0.0",65,141,98,0,0,"0.0","i",0,0,,"false"
"2026-10-09T10:55:28Z",522,"Gray","TOT","-32.5","-32.8","-33.4","-34.1",-2,-1,"0.2",49,603,1548,9,307,"2.5","a",0,-1,,"false"
"2026-10-09T10:55:28Z",523,"Moore","TOT","0.0","0.0","0.0","0.0",0,0,"0.1",50,0,741,3,89,"0.0","u",0,0,,"false"
"2026-10-09T10:55:28Z",524,"Olusesi","TOT","8.1","7.8","7.2","6.6",1,-37,"1.0",44,6494,9066,0,0,"0.0","a",0,-1,,"false"
"2026-10-09T10:55:28Z",525,"Fernandes","TOT","-19.3","-24.6","-34.9","-45.2",-2,-78,"0.7",57,662,8905,7,249,"2.0","a",-1,-3,,"false"
"2026-10-09T10:55:28Z",526,"Solanke","TOT","-39.9","-41.6","-44.9","-48.2",-3,-16,"0.8",58,2961,7687,7,170,"2.0","a",0,-2,,"false"
"2026-10-09T10:55:28Z",527,"Richarlison","TOT","0.0","0.0","0.0","0.0",0,-52,"0.6",59,0,7442,2,67,"0.0","u",0,-1,,"false"
"2026-10-09T10:55:28Z",528,"Scarlett","TOT","0.0","0.0","0.0","0.0",0,-53,"1.1",45,0,10244,0,0,"0.0","u",0,0,,"false"
"2026-10-09T10:55:28Z",578,"Mudryk","TOT","-17.4","-21.1","-28.3","-35.5",-2,-8,"0.0",53,32,692,1,16,"0.0","i",-1,-2,,"false"
"2026-10-09T10:55:28Z",601,"Williams-Barnett","TOT","-60.5","-61.9","-64.7","-67.4",-3,-2,"0.1",45,213,874,0,0,"0.0","a",0,0,,"false"
"2026-10-09T10:55:28Z",501,"Danso","SUN","-80.7","-79.1","-76.1","-73.1",-3,3,"0.2",50,1575,1032,3,270,"0.5","a",0,0,,"false"
"2026-10-09T10:55:28Z",529,"Roefs","SUN","-21.1","-22.8","-26.1","-29.5",-2,-48,"2.4",49,2744,17217,11,450,"1.0","a",0,-1,,"false"
"2026-10-09T10:55:28Z",530,"Patterson","SUN","0.0","0.0","0.0","0.0",0,-3,"0.1",40,0,468,0,0,"0.0","u",0,0,,"false"
"2026-10-09T10:55:28Z",531,"Ellborg","SUN","-0.1","-0.1","-0.1","-0.1",-1,0,"0.1",44,185,333,0,0,"0.0","a",-1,-1,,"false"
"2026-10-09T10:55:28Z",532,"Ballard","SUN","-52.5","-62.8","-83.2","-103.6",-3,-777,"2.3",49,3753,35647,14,450,"1.0","i",0,-1,,"false"
"2026-10-09T10:55:28Z",533,"Mukiele","SUN","-19.0","-19.7","-21.1","-22.4",-1,-15,"1.9",54,7057,12125,13,360,"0.0","a",0,-1,,"false"
"2026-10-09T10:55:28Z",534,"Hume","SUN","-12.9","-16.6","-24.0","-31.4",-1,-199,"2.7",43,1640,43444,10,206,"0.5","a",-1,-2,,"false"
"2026-10-09T10:55:28Z",535,"Alderete","SUN","-9.4","-11.0","-14.3","-17.5",-1,-8,"0.2",48,350,1470,1,23,"0.0","a",-1,-2,,"false"
"2026-10-09T10:55:28Z",536,"Reinildo","SUN","-1.0","-2.4","-5.0","-7.7",-1,-7,"0.2",44,348,2071,7,360,"-1.0","a",-1,-1,,"false"
"2026-10-09T10:55:28Z",537,"Seelt","SUN","0.0","0.0","0.0","0.0",0,0,"0.0",45,0,31,0,0,"0.0","u",0,0,,"false"
"2026-10-09T10:55:28Z",538,"Hjelde","SUN","0.0","0.0","0.0","0.0",0,0,"0.0",40,0,210,0,0,"0.0","u",0,0,,"false"
"2026-10-09T10:55:28Z",539,"O'Nien","SUN","4.8","4.8","4.9","5.0",1,4,"2.5",39,23175,17172,1,66,"0.0","a",-1,-1,,"false"
"2026-10-09T10:55:28Z",540,"Masuaku","SUN","0.0","0.0","0.0","0.0",0,0,"0.1",40,0,796,0,0,"0.0","u",0,0,,"false"
"2026-10-09T10:55:28Z",541,"Meunier","SUN","-29.7","-26.8","-21.1","-15.4",-2,9,"0.3",45,2452,1390,14,396,"2.5","a",0,0,,"false"
"2026-10-09T10:55:28Z",542,"E.Le Fée","SUN","-6.2","-7.8","-11.0","-14.1",-1,-105,"3.3",57,16248,35932,18,438,"2.5","a",-1,-3,,"false"
"2026-10-09T10:55:28Z",543,"Diarra","SUN","-3.1","-4.4","-7.1","-9.8",-1,-2,"0.0",53,22,298,5,28,"0.0","i",-1,-2,,"false"
"2026-10-09T10:55:28Z",544,"Xhaka","SUN","-86.8","-90.9","-99.0","-107.1",-3,-170,"3.6",55,8454,31728,21,450,"1.5","a",0,0,,"false"
"2026-10-09T10:55:28Z",545,"Sadiki","SUN","-88.3","-96.9","-113.8","-130.6",-4,-21,"0.2",49,538,1904,10,410,"2.0","a",0,-1,,"false"
"2026-10-09T10:55:28Z",546,"Adingra","SUN","0.0","0.0","0.0","0.0",0,-5,"0.0",49,0,256,0,0,"0.0","u",0,-1,,"false"
"2026-10-09T10:55:28Z",547,"Mundle","SUN","-91.0","-91.0","-91.0","-91.0",-3,0,"0.0",49,11,63,1,1,"0.0","i",0,-1,,"false"
"2026-10-09T10:55:28Z",548,"Rigg","SUN","-89.9","-89.9","-89.9","-89.9",-3,0,"0.0",49,46,308,2,17,"0.0","a",0,-1,,"false"
"2026-10-09T10:55:28Z",549,"Talbi","SUN","-36.6","-38.0","-40.9","-43.8",-2,-2,"0.1",53,140,723,1,31,"0.0","a",0,-2,,"false"
"2026-10-09T10:55:28Z",550,"Jocelin.T","SUN","-98.2","-98.2","-98.2","-98.2",-4,0,"0.0",50,56,60,0,0,"0.0","a",0,0,,"false"
"2026-10-09T10:55:28Z",551,"N.Angulo","SUN","1.5","1.6","1.7","1.9",1,11,"0.1",50,718,1024,16,313,"3.0","a",0,0,,"false"
"2026-10-09T10:55:28Z",552,"Brobbey","SUN","75.0","59.9","30.0","0.1",3,-1842,"6.5",57,203396,92619,24,399,"9.0","i",-1,-3,,"false"
"2026-10-09T10:55:28Z",553,"Isidor","SUN","3.4","3.7","4.2","4.8",1,33,"1.3",55,6622,14773,15,117,"1.0","a",0,0,,"false"
"2026-10-09T10:55:28Z",612,"Methalie","SUN","0.0","0.0","0.0","0.0",0,0,"0.0",45,147,83,-1,90,"-0.5","a",0,0,,"false"
"2026-10-09T10:55:28Z",613,"Ahoka","SUN","-54.6","-56.3","-59.6","-62.9",-3,-5,"0.2",45,719,1908,0,0,"0.0","a",0,0,,"false"
"2026-10-09T10:55:28Z",646,"Fofana","SUN","-11.3","-8.0","-1.6","0.0",-1,1,"0.0",55,419,379,3,60,"1.0","a",0,0,,"false"
"2026-10-09T10:55:28Z",651,"J.Angulo","SUN","5.6","5.9","6.5","7.1",1,37,"0.8",45,11974,8997,0,0,"0.0","a",0,0,,"false"
