snapshot_utc,element_id,web_name,team,progress_pct,proj_0,proj_1,proj_2,likelihood,hourly_rate,selected_by_percent,now_cost,transfers_in_event,transfers_out_event,total_points,minutes,form,status,cost_change_event,cost_change_start,locked_until,calibrating
"2026-09-25T06:08:54Z",1,"Raya","ARS","0.9","0.9","1.0","1.0",1,8,"42.2",61,113768,40378,30,450,"6.0","a",1,1,,"false"
"2026-09-25T06:08:54Z",2,"Arrizabalaga","ARS","-45.3","-45.3","-45.3","-45.3",-3,0,"0.1",49,88,214,0,0,"0.0","a",0,-1,,"false"
"2026-09-25T06:08:54Z",3,"Meslier","ARS","-34.1","-34.1","-34.1","-34.1",-2,0,"0.0",49,41,102,0,0,"0.0","a",0,-1,,"false"
"2026-09-25T06:08:54Z",4,"Gabriel","ARS","-83.2","-83.2","-83.3","-83.4",-3,-12,"22.8",80,20327,59058,25,450,"5.0","a",0,0,,"false"
"2026-09-25T06:08:54Z",5,"J.Timber","ARS","9.9","10.0","10.1","10.2",1,8,"0.4",65,10520,3383,1,104,"0.2","a",0,0,,"false"
"2026-09-25T06:08:54Z",6,"Saliba","ARS","-23.3","-23.3","-23.3","-23.3",-2,0,"0.2",59,327,961,0,0,"0.0","i",0,-1,,"false"
"2026-09-25T06:08:54Z",7,"Lewis-Skelly","ARS","-13.8","-14.0","-14.3","-14.6",-1,-2,"0.6",54,755,4542,9,271,"1.5","a",-1,-1,,"false"
"2026-09-25T06:08:54Z",8,"Calafiori","ARS","87.8","87.9","88.0","88.1",3,7,"50.5",58,65711,55425,29,416,"5.0","a",0,3,,"false"
"2026-09-25T06:08:54Z",9,"Hincapie","ARS","-4.3","-4.3","-4.3","-4.3",-1,0,"0.9",52,1240,5201,2,32,"0.2","a",-1,-3,,"false"
"2026-09-25T06:08:54Z",10,"White","ARS","-41.0","-41.6","-42.3","-43.1",-3,-50,"5.0",55,3175,59900,21,315,"2.5","d",0,0,,"false"
"2026-09-25T06:08:54Z",11,"Mosquera","ARS","-21.7","-21.8","-22.0","-22.1",-2,-2,"1.6",53,1021,8283,12,168,"1.5","a",0,-2,,"false"
"2026-09-25T06:08:54Z",12,"Saka","ARS","83.2","83.5","84.0","84.5",3,36,"13.6",95,89009,40720,32,416,"5.8","a",0,0,,"false"
"2026-09-25T06:08:54Z",13,"Rice","ARS","-28.1","-28.7","-29.4","-30.1",-2,-111,"11.8",74,7195,68363,20,411,"4.2","d",0,-1,,"false"
"2026-09-25T06:08:54Z",14,"Eze","ARS","-99.7","-99.7","-99.7","-99.7",-4,0,"1.0",63,1897,5976,4,85,"0.8","a",0,-2,,"false"
"2026-09-25T06:08:54Z",15,"Ødegaard","ARS","-2.2","-2.1","-1.9","-1.8",-1,12,"19.8",68,65454,78776,29,377,"4.5","a",0,3,,"false"
"2026-09-25T06:08:54Z",16,"Madueke","ARS","-22.8","-23.3","-24.2","-25.0",-2,-1,"0.2",62,652,1404,2,23,"0.2","a",0,-3,,"false"
"2026-09-25T06:08:54Z",17,"Merino","ARS","-93.3","-94.4","-96.0","-97.5",-3,-4,"0.4",58,589,2586,4,81,"0.8","a",0,-2,,"false"
"2026-09-25T06:08:54Z",18,"Martinelli","ARS","0.0","0.0","0.0","0.0",0,-1,"0.1",63,0,482,0,0,"0.0","u",0,-2,,"false"
"2026-09-25T06:08:54Z",19,"Zubimendi","ARS","-42.2","-42.5","-42.9","-43.4",-3,-2,"0.6",53,419,3323,5,89,"1.0","a",0,-2,,"false"
"2026-09-25T06:08:54Z",20,"Dowman","ARS","-25.0","-26.7","-29.2","-31.7",-2,-1,"0.1",53,393,509,1,9,"0.2","a",0,-2,,"false"
"2026-09-25T06:08:54Z",22,"Nwaneri","ARS","0.0","0.0","0.0","0.0",0,0,"0.0",54,0,46,0,0,"0.0","u",0,-1,,"false"
"2026-09-25T06:08:54Z",23,"Fábio Vieira","ARS","0.0","0.0","0.0","0.0",0,0,"0.0",55,0,34,0,0,"0.0","u",0,0,,"false"
"2026-09-25T06:08:54Z",24,"Nelson","ARS","0.0","0.0","0.0","0.0",0,0,"0.0",55,0,16,0,0,"0.0","u",0,0,,"false"
"2026-09-25T06:08:54Z",25,"Gyökeres","ARS","-6.4","-6.1","-5.8","-5.4",-1,13,"3.1",71,5379,14601,2,29,"0.5","a",-1,-4,,"false"
"2026-09-25T06:08:54Z",26,"Havertz","ARS","13.1","11.3","8.8","6.4",1,-177,"8.5",76,49557,42676,19,437,"3.2","d",0,1,,"false"
"2026-09-25T06:08:54Z",27,"G.Jesus","ARS","0.0","0.0","0.0","0.0",0,0,"0.1",59,0,842,0,0,"0.0","u",0,-1,,"false"
"2026-09-25T06:08:54Z",31,"Konsa","ARS","0.7","0.7","0.7","0.8",1,7,"19.4",46,80806,39184,12,281,"3.0","a",1,1,,"false"
"2026-09-25T06:08:54Z",452,"Bruno G.","ARS","0.3","0.3","0.3","0.3",1,0,"1.8",67,4636,6656,9,123,"2.2","a",0,-3,,"false"
"2026-09-25T06:08:54Z",557,"Tzolis","ARS","-10.0","-10.1","-10.3","-10.5",-1,-25,"12.3",63,10263,129553,16,362,"2.5","a",-1,-2,,"false"
"2026-09-25T06:08:54Z",29,"M.Bizot","AVL","-33.2","-33.6","-34.1","-34.7",-2,-1,"0.1",45,52,890,1,90,"0.0","i",0,0,,"false"
"2026-09-25T06:08:54Z",30,"Digne","AVL","0.0","0.0","0.0","0.0",0,0,"0.0",45,0,190,0,0,"0.0","u",0,0,,"false"
"2026-09-25T06:08:54Z",32,"Cash","AVL","-20.1","-20.4","-20.9","-21.4",-2,-16,"4.9",44,2324,22592,6,296,"1.8","a",0,-1,,"false"
"2026-09-25T06:08:54Z",33,"Mings","AVL","0.6","0.6","0.6","0.5",1,-2,"0.4",45,1440,1199,10,261,"2.2","a",0,0,,"false"
"2026-09-25T06:08:54Z",34,"Pau","AVL","-93.3","-93.6","-93.9","-94.3",-3,-2,"0.3",45,37,2802,3,187,"0.8","i",0,0,,"false"
"2026-09-25T06:08:54Z",35,"Bogarde","AVL","-2.3","-3.5","-5.1","-6.7",-1,-1,"0.1",49,151,401,1,16,"0.0","a",-1,-1,,"false"
"2026-09-25T06:08:54Z",36,"Maatsen","AVL","-1.0","-1.3","-1.8","-2.3",-1,-8,"0.5",44,48,5539,9,335,"2.2","i",-1,-1,,"false"
"2026-09-25T06:08:54Z",37,"Lindelöf","AVL","0.9","0.9","0.9","0.9",1,0,"0.3",45,850,1121,8,450,"2.5","a",0,0,,"false"
"2026-09-25T06:08:54Z",38,"A.García","AVL","-31.6","-31.9","-32.2","-32.6",-2,-4,"1.5",40,1618,5345,0,0,"0.0","a",0,0,,"false"
"2026-09-25T06:08:54Z",39,"Nedeljkovic","AVL","0.0","0.0","0.0","0.0",0,0,"0.1",40,0,477,0,0,"0.0","u",0,0,,"false"
"2026-09-25T06:08:54Z",41,"Buendía","AVL","-39.6","-39.0","-38.3","-37.5",-2,5,"1.0",59,10549,3503,21,401,"4.8","a",0,-1,,"false"
"2026-09-25T06:08:54Z",44,"Bailey","AVL","0.0","0.0","0.0","0.0",0,0,"0.1",54,0,420,0,0,"0.0","u",0,-1,,"false"
"2026-09-25T06:08:54Z",45,"McGinn","AVL","-19.1","-18.9","-18.6","-18.4",-1,4,"2.2",54,5916,7378,17,434,"4.0","a",0,-1,,"false"
"2026-09-25T06:08:54Z",46,"Barkley","AVL","0.5","0.5","0.6","0.6",1,1,"0.3",50,488,1593,10,308,"2.0","a",0,0,,"false"
"2026-09-25T06:08:54Z",47,"Kamara","AVL","-76.0","-76.0","-76.0","-76.0",-3,0,"0.3",50,1112,1389,15,443,"3.2","a",0,0,,"false"
"2026-09-25T06:08:54Z",48,"Onana","AVL","-9.1","-9.1","-9.1","-9.1",-1,0,"0.0",49,32,78,0,0,"0.0","i",0,-1,,"false"
"2026-09-25T06:08:54Z",49,"Iling Jr","AVL","0.0","0.0","0.0","0.0",0,0,"0.0",50,0,9,0,0,"0.0","u",0,0,,"false"
"2026-09-25T06:08:54Z",50,"Burrowes","AVL","-71.6","-71.6","-71.6","-71.6",-3,0,"0.6",45,553,3007,0,0,"0.0","a",0,0,,"false"
"2026-09-25T06:08:54Z",51,"George Hemmings","AVL","13.1","13.0","12.9","12.9",1,-5,"1.2",45,2828,8735,9,297,"1.8","a",0,0,,"false"
"2026-09-25T06:08:54Z",52,"Alysson","AVL","0.0","0.0","0.0","0.0",0,0,"0.0",50,63,693,8,87,"1.8","d",0,0,,"false"
"2026-09-25T06:08:54Z",53,"Manzambi","AVL","7.2","7.2","7.3","7.4",1,5,"0.4",59,25755,2537,14,98,"3.5","a",0,-1,,"false"
"2026-09-25T06:08:54Z",54,"Gomes","AVL","0.1","0.1","0.1","0.1",1,1,"0.0",55,383,155,2,129,"1.0","a",0,0,,"false"
"2026-09-25T06:08:54Z",55,"Watkins","AVL","0.0","0.0","0.0","0.0",0,-11,"2.5",78,0,10577,0,0,"0.0","u",0,-2,,"false"
"2026-09-25T06:08:54Z",56,"Abraham","AVL","3.2","3.3","3.3","3.4",1,4,"0.2",55,1409,1515,4,71,"1.0","a",0,0,,"false"
"2026-09-25T06:08:54Z",160,"Garnacho","AVL","-58.9","-60.4","-62.5","-64.6",-3,-5,"0.3",58,441,2476,3,31,"0.5","a",0,-2,,"false"
"2026-09-25T06:08:54Z",166,"N.Jackson","AVL","46.4","46.7","47.1","47.5",3,30,"1.4",65,29767,6681,10,286,"2.5","a",0,0,,"false"
"2026-09-25T06:08:54Z",582,"Madjo","AVL","-22.2","-22.2","-22.2","-22.2",-2,0,"0.2",54,160,1607,0,0,"0.0","i",0,-1,,"false"
"2026-09-25T06:08:54Z",596,"Ruggeri","AVL","-72.1","-72.1","-72.1","-72.1",-3,0,"0.1",45,445,282,5,113,"1.0","a",0,0,,"false"
"2026-09-25T06:08:54Z",597,"Suzuki","AVL","27.7","27.7","27.7","27.7",2,0,"1.9",50,12144,5598,16,360,"4.0","a",0,0,,"false"
"2026-09-25T06:08:54Z",606,"Rowe","AVL","0.2","0.2","0.2","0.2",1,0,"0.2",40,270,805,0,0,"0.0","a",0,0,,"false"
"2026-09-25T06:08:54Z",607,"Lynch","AVL","0.0","0.0","0.0","0.0",0,-2,"0.1",45,0,626,0,0,"0.0","u",0,0,,"false"
"2026-09-25T06:08:54Z",611,"Wan-Bissaka","AVL","1.9","1.9","1.9","1.9",1,-2,"0.2",45,1270,1269,6,152,"1.5","a",0,0,,"false"
"2026-09-25T06:08:54Z",618,"Goretzka","AVL","-36.4","-36.4","-36.4","-36.4",-2,0,"0.0",59,17,379,0,0,"0.0","i",0,-1,,"false"
"2026-09-25T06:08:54Z",630,"Harwood-Bellis","AVL","0.0","0.0","0.0","0.0",0,0,"0.0",45,160,158,0,0,"0.0","a",0,0,,"false"
"2026-09-25T06:08:54Z",631,"Mbaye","AVL","0.3","0.3","0.2","0.2",1,-2,"0.1",60,784,1028,2,33,"0.7","a",0,0,,"false"
"2026-09-25T06:08:54Z",667,"Wright","AVL","0.0","0.0","0.0","0.0",0,0,"0.1",40,6029,617,0,0,"0.0","a",0,0,"2026-10-02T19:12:30.130761Z","false"
"2026-09-25T06:08:54Z",57,"Petrović","BOU","0.3","0.3","0.3","0.2",1,-2,"3.0",45,5160,10248,9,450,"1.8","a",0,0,,"false"
"2026-09-25T06:08:54Z",58,"Forster","BOU","4.3","4.4","4.4","4.4",1,3,"3.5",40,7202,6364,0,0,"0.0","a",0,0,,"false"
"2026-09-25T06:08:54Z",59,"Dennis","BOU","0.0","0.0","0.0","0.0",0,0,"0.1",40,0,487,0,0,"0.0","u",0,0,,"false"
"2026-09-25T06:08:54Z",60,"Hill","BOU","-32.1","-30.5","-28.3","-26.1",-2,12,"0.8",55,2705,2669,12,450,"2.8","a",0,0,,"false"
"2026-09-25T06:08:54Z",61,"Truffert","BOU","-0.9","-1.0","-1.2","-1.3",-1,-6,"3.0",54,3946,10740,10,450,"2.2","a",-1,-1,,"false"
"2026-09-25T06:08:54Z",62,"Diakité","BOU","-4.6","-5.4","-6.5","-7.6",-1,-2,"0.2",49,418,860,0,0,"0.0","a",-1,-1,,"false"
"2026-09-25T06:08:54Z",63,"Milosavljević","BOU","-4.8","-4.8","-4.8","-4.8",-1,0,"0.0",49,18,37,0,0,"0.0","i",0,-1,,"false"
"2026-09-25T06:08:54Z",64,"Smith","BOU","0.3","0.3","0.3","0.3",1,0,"0.1",45,352,420,4,434,"0.8","a",0,0,,"false"
"2026-09-25T06:08:54Z",65,"J.Araujo","BOU","-10.6","-10.6","-10.6","-10.6",-1,0,"0.0",44,29,41,0,0,"0.0","i",0,-1,,"false"
"2026-09-25T06:08:54Z",66,"Soler","BOU","1.3","1.3","1.3","1.3",1,0,"0.3",40,654,992,0,0,"0.0","a",0,0,,"false"
"2026-09-25T06:08:54Z",67,"Rayan","BOU","-8.9","-8.9","-8.9","-8.9",-1,0,"1.6",63,3384,8839,10,434,"2.0","a",-1,-2,,"false"
"2026-09-25T06:08:54Z",68,"Tavernier","BOU","28.2","28.2","28.3","28.4",2,6,"6.7",61,72205,37653,31,424,"5.2","a",0,1,,"false"
"2026-09-25T06:08:54Z",69,"Scott","BOU","0.5","0.4","0.3","0.3",1,-7,"5.7",61,20074,34458,30,446,"7.0","a",0,1,,"false"
"2026-09-25T06:08:54Z",70,"Kluivert","BOU","-44.9","-45.5","-46.4","-47.2",-3,-14,"0.9",60,2280,15797,15,294,"3.0","i",0,0,,"false"
"2026-09-25T06:08:54Z",71,"Cook","BOU","-9.1","-9.1","-9.1","-9.1",-1,0,"0.2",50,236,1030,8,180,"1.2","a",0,0,,"false"
"2026-09-25T06:08:54Z",72,"Gannon-Doak","BOU","-58.4","-58.4","-58.4","-58.4",-3,0,"0.1",49,124,332,4,12,"0.8","a",0,-1,,"false"
"2026-09-25T06:08:54Z",73,"Adams","BOU","1.5","1.5","1.5","1.5",1,0,"0.3",50,955,1456,12,279,"2.8","a",0,0,,"false"
"2026-09-25T06:08:54Z",74,"Brooks","BOU","-17.3","-17.3","-17.3","-17.3",-1,0,"0.1",50,159,295,3,45,"0.8","a",0,0,,"false"
"2026-09-25T06:08:54Z",75,"Christie","BOU","0.4","0.4","0.4","0.4",1,0,"0.0",50,259,217,5,102,"1.2","a",0,0,,"false"
"2026-09-25T06:08:54Z",76,"Tóth.A","BOU","-11.5","-11.5","-11.5","-11.5",-1,0,"0.0",49,24,52,2,17,"0.2","a",0,-1,,"false"
"2026-09-25T06:08:54Z",77,"Adli","BOU","-77.3","-77.3","-77.3","-77.3",-3,0,"0.0",49,21,65,0,0,"0.0","i",0,-1,,"false"
"2026-09-25T06:08:54Z",78,"Kroupi.Jr","BOU","-69.6","-69.6","-69.6","-69.6",-3,0,"0.2",74,153,728,0,0,"0.0","i",0,-1,,"false"
"2026-09-25T06:08:54Z",79,"Evanilson","BOU","47.4","47.5","47.6","47.7",3,8,"3.2",60,14431,18733,18,424,"3.5","a",0,0,,"false"
"2026-09-25T06:08:54Z",80,"Enes Ünal","BOU","0.0","0.0","0.0","0.0",0,0,"0.0",55,0,45,0,0,"0.0","u",0,0,,"false"
"2026-09-25T06:08:54Z",81,"Rodríguez","BOU","-34.6","-34.6","-34.6","-34.6",-2,0,"0.1",60,610,624,2,10,"0.5","a",0,0,,"false"
"2026-09-25T06:08:54Z",566,"Silva","BOU","1.3","1.2","1.2","1.2",1,-1,"0.4",50,4716,2581,13,450,"2.8","a",0,0,,"false"
"2026-09-25T06:08:54Z",573,"Sanchez","BOU","-10.9","-11.6","-12.7","-13.7",-1,-1,"0.2",44,132,375,0,0,"0.0","a",0,-1,,"false"
"2026-09-25T06:08:54Z",608,"Jebbison","BOU","0.5","0.5","0.5","0.5",1,0,"0.1",50,759,783,3,31,"0.5","a",0,0,,"false"
"2026-09-25T06:08:54Z",615,"Di Gregorio","BOU","-26.2","-29.5","-34.3","-39.1",-2,-1,"0.0",45,162,166,0,0,"0.0","a",0,0,,"false"
"2026-09-25T06:08:54Z",82,"Kelleher","BRE","18.9","19.0","19.2","19.4",1,12,"6.1",50,17732,11491,20,450,"3.2","a",0,0,,"false"
"2026-09-25T06:08:54Z",83,"Valdimarsson","BRE","-70.1","-70.1","-70.1","-70.1",-3,0,"0.1",45,245,284,0,0,"0.0","a",0,0,,"false"
"2026-09-25T06:08:54Z",84,"Collins","BRE","-24.4","-24.7","-25.1","-25.5",-2,-8,"1.0",54,102,8212,10,196,"1.0","i",0,-1,,"false"
"2026-09-25T06:08:54Z",85,"Van den Berg","BRE","-73.1","-73.1","-73.1","-73.1",-3,0,"0.1",49,31,280,0,0,"0.0","i",0,-1,,"false"
"2026-09-25T06:08:54Z",86,"Lewis-Potter","BRE","30.6","30.6","30.5","30.5",2,-2,"1.7",55,3336,10874,22,406,"3.0","a",0,0,,"false"
"2026-09-25T06:08:54Z",87,"Ajer","BRE","29.0","28.9","28.9","28.8",2,-4,"3.9",45,9949,19819,21,450,"3.2","a",0,0,,"false"
"2026-09-25T06:08:54Z",88,"Kayode","BRE","-35.1","-35.2","-35.3","-35.5",-2,-6,"7.6",46,11578,18584,23,294,"2.5","a",0,1,,"false"
"2026-09-25T06:08:54Z",89,"Henry","BRE","-13.6","-13.6","-13.6","-13.6",-1,0,"0.2",44,140,518,1,2,"0.2","a",0,-1,,"false"
"2026-09-25T06:08:54Z",90,"Hickey","BRE","-28.1","-28.1","-28.1","-28.1",-2,0,"0.1",45,154,215,5,152,"1.0","a",0,0,,"false"
"2026-09-25T06:08:54Z",92,"Ji-soo","BRE","-4.0","-4.0","-4.0","-4.0",-1,0,"0.0",44,55,80,0,0,"0.0","a",-1,-1,,"false"
"2026-09-25T06:08:54Z",93,"Schuster","BRE","4.5","4.6","4.7","4.8",1,8,"0.3",45,13820,1767,21,253,"5.2","a",0,0,,"false"
"2026-09-25T06:08:54Z",94,"Schade","BRE","7.4","8.0","8.9","9.9",1,177,"11.1",62,350587,19695,39,447,"9.0","a",1,2,,"false"
"2026-09-25T06:08:54Z",95,"O.Dango","BRE","-42.5","-42.8","-43.1","-43.5",-3,-1,"0.5",63,689,3225,7,179,"1.0","a",0,-2,,"false"
"2026-09-25T06:08:54Z",96,"Damsgaard","BRE","-8.8","-8.2","-7.3","-6.5",-1,3,"0.4",54,1314,1806,16,283,"3.8","a",0,-1,,"false"
"2026-09-25T06:08:54Z",97,"Jensen","BRE","-51.3","-52.2","-53.5","-54.8",-3,-2,"0.1",54,17,558,6,66,"0.0","i",0,-1,,"false"
"2026-09-25T06:08:54Z",98,"Janelt","BRE","73.1","73.0","72.9","72.8",3,-8,"2.5",50,17318,15850,28,450,"4.8","a",0,0,,"false"
"2026-09-25T06:08:54Z",99,"Milambo","BRE","-39.0","-39.0","-39.0","-39.0",-2,0,"0.0",50,6,6,0,0,"0.0","i",0,0,,"false"
"2026-09-25T06:08:54Z",100,"Carvalho","BRE","0.3","0.3","0.3","0.3",1,0,"0.0",50,562,149,6,3,"1.5","a",0,0,,"false"
"2026-09-25T06:08:54Z",102,"Yarmoliuk","BRE","-15.8","-16.0","-16.2","-16.5",-1,-1,"0.6",48,1148,2877,9,216,"2.0","a",0,-2,,"false"
"2026-09-25T06:08:54Z",103,"Dasilva","BRE","-55.3","-55.3","-55.3","-55.3",-3,0,"0.0",49,9,90,0,0,"0.0","i",0,-1,,"false"
"2026-09-25T06:08:54Z",105,"Anthony","BRE","0.7","0.7","0.7","0.7",1,0,"0.1",59,2051,516,15,267,"3.5","a",0,-1,,"false"
"2026-09-25T06:08:54Z",106,"Thiago","BRE","6.5","6.9","7.4","7.9",1,35,"9.0",78,47094,32975,10,442,"2.5","a",0,-2,,"false"
"2026-09-25T06:08:54Z",107,"Furo","BRE","-3.7","-4.0","-4.3","-4.6",-1,-6,"0.9",45,528,8533,0,0,"0.0","i",0,0,,"false"
"2026-09-25T06:08:54Z",108,"Wilson","BRE","-10.8","-10.8","-10.8","-10.8",-1,0,"0.3",54,1013,2207,3,13,"0.5","a",-1,-1,,"false"
"2026-09-25T06:08:54Z",565,"M.Sangaré","BRE","-27.7","-28.0","-28.6","-29.1",-2,-61,"10.0",56,7499,129514,22,321,"2.0","a",-1,1,,"false"
"2026-09-25T06:08:54Z",620,"Diouf","BRE","-33.0","-33.0","-33.0","-33.0",-2,0,"0.1",45,417,608,2,39,"0.5","a",0,0,,"false"
"2026-09-25T06:08:54Z",657,"Nunes","BRE","0.0","0.0","0.0","0.0",0,0,"0.0",45,302,239,0,0,"0.0","a",0,0,"2026-09-25T22:05:18.379374Z","false"
"2026-09-25T06:08:54Z",660,"Fredrick","BRE","0.0","0.0","0.0","0.0",0,0,"0.0",40,454,59,0,0,"0.0","a",0,0,"2026-10-01T21:16:22.650713Z","false"
"2026-09-25T06:08:54Z",661,"Balcombe","BRE","0.0","0.0","0.0","0.0",0,0,"0.0",40,2576,463,0,0,"0.0","a",0,0,"2026-10-01T21:16:40.866514Z","false"
"2026-09-25T06:08:54Z",109,"Verbruggen","BHA","59.7","59.8","59.9","60.1",3,10,"21.6",45,62840,63246,23,450,"4.2","a",0,0,,"false"
"2026-09-25T06:08:54Z",111,"Steele","BHA","-0.1","-0.2","-0.4","-0.5",-1,-4,"4.1",40,6344,13126,0,0,"0.0","a",0,0,,"false"
"2026-09-25T06:08:54Z",113,"F.Kadıoğlu","BHA","-56.7","-56.6","-56.4","-56.2",-3,2,"1.6",44,3532,6096,13,332,"3.2","a",0,-1,,"false"
"2026-09-25T06:08:54Z",114,"Boscagli","BHA","2.4","2.4","2.4","2.4",1,0,"0.3",45,1740,661,19,437,"3.2","a",0,0,,"false"
"2026-09-25T06:08:54Z",115,"De Cuyper","BHA","97.0","98.1","99.5","101.0",4,106,"27.5",49,267642,17049,38,423,"5.2","a",0,4,,"false"
"2026-09-25T06:08:54Z",116,"Dunk","BHA","19.6","19.5","19.4","19.2",1,-12,"1.5",45,7374,7965,22,360,"4.0","d",0,0,,"false"
"2026-09-25T06:08:54Z",117,"Coppola","BHA","-9.7","-9.7","-9.7","-9.7",-1,0,"0.0",45,97,81,0,0,"0.0","a",0,0,,"false"
"2026-09-25T06:08:54Z",118,"Igor","BHA","0.0","0.0","0.0","0.0",0,0,"0.0",45,0,249,0,0,"0.0","u",0,0,,"false"
"2026-09-25T06:08:54Z",119,"Costinha","BHA","-1.0","-1.0","-1.0","-1.0",-1,0,"0.0",45,142,115,4,68,"0.8","a",0,0,,"false"
"2026-09-25T06:08:54Z",120,"Svoboda","BHA","0.4","0.4","0.4","0.4",1,0,"0.1",50,1231,399,1,4,"0.2","a",0,0,,"false"
"2026-09-25T06:08:54Z",121,"Mitoma","BHA","-24.2","-25.7","-27.8","-29.9",-2,-1,"0.0",59,97,148,0,0,"0.0","i",0,-1,,"false"
"2026-09-25T06:08:54Z",122,"Minteh","BHA","-3.4","-3.4","-3.4","-3.4",-1,0,"0.0",58,40,181,0,0,"0.0","i",-1,-2,,"false"
"2026-09-25T06:08:54Z",123,"Hinshelwood","BHA","-34.3","-34.5","-34.8","-35.2",-2,-4,"0.6",59,232,5993,16,63,"0.0","i",0,-1,,"false"
"2026-09-25T06:08:54Z",124,"Groß","BHA","77.8","79.3","81.5","83.7",3,425,"28.3",58,727019,9561,47,450,"11.2","a",1,3,,"false"
"2026-09-25T06:08:54Z",125,"Georginio","BHA","-0.2","-0.2","-0.1","0.0",-1,1,"0.5",53,2272,3412,6,104,"0.2","a",-1,-2,,"false"
"2026-09-25T06:08:54Z",126,"O'Riley","BHA","-8.4","-8.4","-8.4","-8.4",-1,0,"0.1",54,351,496,2,10,"0.5","a",0,-1,,"false"
"2026-09-25T06:08:54Z",127,"Gomez","BHA","29.4","29.4","29.4","29.5",2,1,"4.0",50,10824,35225,24,433,"4.5","a",0,0,,"false"
"2026-09-25T06:08:54Z",128,"Buonanotte","BHA","0.0","0.0","0.0","0.0",0,0,"0.0",50,0,6,0,0,"0.0","u",0,0,,"false"
"2026-09-25T06:08:54Z",129,"Ayari","BHA","-45.6","-45.6","-45.6","-45.6",-3,0,"0.4",54,1943,1773,15,333,"3.2","a",0,-1,,"false"
"2026-09-25T06:08:54Z",130,"Wieffer","BHA","-26.0","-26.2","-26.6","-26.9",-2,-1,"0.2",49,25,1732,7,156,"0.0","i",0,-1,,"false"
"2026-09-25T06:08:54Z",132,"Howell","BHA","0.0","0.0","0.0","0.0",0,0,"0.0",45,0,181,0,0,"0.0","u",0,0,,"false"
"2026-09-25T06:08:54Z",133,"Watson","BHA","0.0","0.0","0.0","0.0",0,0,"0.0",50,0,3,0,0,"0.0","u",0,0,,"false"
"2026-09-25T06:08:54Z",134,"Oriola","BHA","-75.2","-74.7","-74.0","-73.3",-3,1,"0.2",45,309,1222,0,0,"0.0","a",0,0,,"false"
"2026-09-25T06:08:54Z",135,"Yohanna","BHA","-97.8","-99.1","-100.9","-102.7",-4,-1,"0.0",49,18,339,1,12,"0.0","i",0,-1,,"false"
"2026-09-25T06:08:54Z",137,"Tzimas","BHA","-4.1","-4.1","-4.1","-4.1",-1,0,"0.0",54,27,42,0,0,"0.0","i",0,-1,,"false"
"2026-09-25T06:08:54Z",138,"Kostoulas","BHA","13.7","14.4","15.5","16.5",1,205,"3.7",56,275188,14135,28,353,"6.8","a",1,1,,"false"
"2026-09-25T06:08:54Z",139,"Ferguson","BHA","-55.6","-55.6","-55.6","-55.6",-3,0,"0.0",50,111,231,0,0,"0.0","i",0,0,,"false"
"2026-09-25T06:08:54Z",328,"Struijk","BHA","-3.9","-4.6","-5.7","-6.7",-1,-2,"0.2",49,627,642,7,98,"1.8","d",0,-1,,"false"
"2026-09-25T06:08:54Z",504,"Vuskovic","BHA","50.6","51.0","51.5","52.1",3,40,"3.6",50,48265,10759,32,437,"6.5","a",0,0,,"false"
"2026-09-25T06:08:54Z",594,"David","BHA","0.4","0.5","0.5","0.5",1,2,"0.2",59,2712,1963,1,23,"0.2","a",-1,-1,,"false"
"2026-09-25T06:08:54Z",600,"Osman","BHA","-64.6","-64.6","-64.6","-64.6",-3,0,"0.0",50,99,113,3,40,"0.5","a",0,0,,"false"
"2026-09-25T06:08:54Z",605,"Yalcouyé","BHA","50.8","50.7","50.5","50.4",3,-9,"4.0",45,23069,29987,20,236,"4.8","a",0,0,,"false"
"2026-09-25T06:08:54Z",614,"Hadjam","BHA","-5.9","-5.9","-5.9","-5.9",-1,0,"0.0",45,226,227,0,0,"0.0","a",0,0,,"false"
"2026-09-25T06:08:54Z",624,"Cozier-Duberry","BHA","0.0","0.0","0.0","0.0",0,0,"0.0",50,0,5,0,0,"0.0","u",0,0,,"false"
"2026-09-25T06:08:54Z",639,"Andrés","BHA","1.2","1.2","1.2","1.2",1,0,"0.0",55,2456,258,12,109,"4.0","a",0,0,,"false"
"2026-09-25T06:08:54Z",652,"Azeez","BHA","-26.6","-26.6","-26.6","-26.6",-2,0,"0.0",55,15,38,0,0,"0.0","i",0,0,,"false"
"2026-09-25T06:08:54Z",658,"Ibrahim","BHA","0.0","0.0","0.0","0.0",0,0,"0.0",45,273,193,0,0,"0.0","a",0,0,"2026-09-26T17:44:20.289392Z","false"
"2026-09-25T06:08:54Z",28,"Martinez","CHE","-5.2","-5.2","-5.2","-5.2",-1,1,"4.8",50,6389,19700,9,360,"2.2","a",0,0,,"false"
"2026-09-25T06:08:54Z",40,"Rogers","CHE","77.5","78.2","79.2","80.2",3,71,"40.4",77,125615,62162,29,437,"5.2","a",0,2,,"false"
"2026-09-25T06:08:54Z",101,"Henderson","CHE","0.0","0.0","0.0","0.0",0,0,"0.0",49,445,128,2,90,"0.5","a",0,-1,"2026-09-25T13:30:09.904003Z","false"
"2026-09-25T06:08:54Z",136,"Welbeck","CHE","6.2","6.2","6.3","6.4",1,8,"1.0",59,6228,8279,4,85,"1.0","a",0,-1,,"false"
"2026-09-25T06:08:54Z",140,"Sánchez","CHE","0.0","0.0","0.0","0.0",0,-3,"0.7",49,0,4149,2,90,"0.0","u",0,-1,,"false"
"2026-09-25T06:08:54Z",141,"Jörgensen","CHE","0.0","0.0","0.0","0.0",0,0,"0.0",50,0,29,0,0,"0.0","u",0,0,,"false"
"2026-09-25T06:08:54Z",142,"James","CHE","-85.4","-85.9","-86.5","-87.1",-3,-46,"5.9",54,530,70540,3,292,"0.8","d",0,-1,,"false"
"2026-09-25T06:08:54Z",143,"Chalobah","CHE","0.0","0.0","0.0","0.0",0,0,"0.1",55,0,266,0,0,"0.0","u",0,0,,"false"
"2026-09-25T06:08:54Z",144,"Gusto","CHE","-2.2","-2.4","-2.8","-3.1",-1,-4,"1.0",49,1438,6327,4,272,"0.8","a",-1,-1,,"false"
"2026-09-25T06:08:54Z",145,"Fofana","CHE","4.2","4.2","4.2","4.2",1,0,"0.2",50,2096,1116,8,312,"2.0","a",0,0,,"false"
"2026-09-25T06:08:54Z",146,"B.Badiashile","CHE","0.0","0.0","0.0","0.0",0,0,"0.0",45,0,37,0,0,"0.0","u",0,0,,"false"
"2026-09-25T06:08:54Z",148,"Hato","CHE","12.0","12.0","11.9","11.8",1,-4,"0.8",45,695,6741,8,258,"1.8","a",0,0,,"false"
"2026-09-25T06:08:54Z",149,"Colwill","CHE","-8.4","-8.4","-8.4","-8.4",-1,0,"0.9",48,922,4855,3,341,"0.8","a",-1,-2,,"false"
"2026-09-25T06:08:54Z",150,"M.Sarr","CHE","0.0","0.0","0.0","0.0",0,0,"0.0",45,0,135,0,0,"0.0","u",0,0,,"false"
"2026-09-25T06:08:54Z",151,"Acheampong","CHE","-8.8","-8.8","-8.8","-8.8",-1,0,"0.3",45,357,1710,5,221,"0.5","a",0,0,,"false"
"2026-09-25T06:08:54Z",152,"Palestra","CHE","-0.0","-0.0","-0.0","-0.0",0,0,"0.6",53,176,3373,0,0,"0.0","d",0,-2,"2026-09-25T13:30:10.008957Z","false"
"2026-09-25T06:08:54Z",154,"Palmer","CHE","-6.9","-7.8","-9.1","-10.3",-1,-170,"25.9",97,43047,139697,28,442,"3.8","d",0,2,,"false"
"2026-09-25T06:08:54Z",156,"Neto","CHE","-7.6","-7.5","-7.4","-7.3",-1,1,"1.4",65,4156,8730,14,332,"3.2","a",0,0,,"false"
"2026-09-25T06:08:54Z",157,"Estêvão","CHE","-30.3","-30.3","-30.3","-30.3",-2,0,"0.7",63,1430,3870,4,23,"0.8","a",0,-2,,"false"
"2026-09-25T06:08:54Z",158,"Gittens","CHE","-1.0","-1.0","-1.0","-1.0",-1,0,"0.0",58,136,186,0,0,"0.0","a",-1,-2,,"false"
"2026-09-25T06:08:54Z",159,"Caicedo","CHE","-0.0","-0.0","-0.0","-0.0",0,0,"1.1",53,355,7905,1,13,"0.2","d",0,-2,"2026-09-25T13:30:10.038499Z","false"
"2026-09-25T06:08:54Z",161,"Lavia","CHE","4.4","4.4","4.4","4.4",1,0,"0.2",50,363,2252,11,258,"2.5","a",0,0,,"false"
"2026-09-25T06:08:54Z",163,"D.Essugo","CHE","0.0","0.0","0.0","0.0",0,0,"0.1",45,0,629,0,0,"0.0","u",0,0,,"false"
"2026-09-25T06:08:54Z",164,"Quenda","CHE","-24.3","-20.5","-15.1","-9.8",-2,1,"0.0",53,60,156,2,27,"0.2","a",0,-2,,"false"
"2026-09-25T06:08:54Z",165,"João Pedro","CHE","-1.2","-1.3","-1.4","-1.6",-1,-210,"65.5",77,50330,357402,33,360,"5.5","d",-1,2,,"false"
"2026-09-25T06:08:54Z",168,"Marc Guiu","CHE","0.0","0.0","0.0","0.0",0,0,"0.2",50,0,1347,0,0,"0.0","u",0,0,,"false"
"2026-09-25T06:08:54Z",169,"Mheuka","CHE","4.1","4.1","4.2","4.2",1,4,"0.5",45,3847,3094,0,0,"0.0","a",0,0,,"false"
"2026-09-25T06:08:54Z",170,"Emegha","CHE","-96.0","-96.0","-96.0","-96.0",-4,0,"0.1",50,65,945,0,0,"0.0","i",0,0,,"false"
"2026-09-25T06:08:54Z",200,"Lacroix","CHE","-6.4","-6.5","-6.6","-6.7",-1,-10,"6.8",59,6573,26165,13,364,"1.8","a",-1,-1,,"false"
"2026-09-25T06:08:54Z",560,"Penders","CHE","0.0","0.0","0.0","0.0",0,0,"0.1",44,213,254,0,0,"0.0","a",0,-1,,"false"
"2026-09-25T06:08:54Z",561,"Anselmino","CHE","-3.7","-3.7","-3.7","-3.7",-1,0,"0.0",45,52,96,0,0,"0.0","a",0,0,,"false"
"2026-09-25T06:08:54Z",568,"Barco","CHE","-12.9","-12.9","-12.9","-12.9",-1,0,"0.1",54,196,389,3,115,"0.8","a",0,-1,,"false"
"2026-09-25T06:08:54Z",583,"Chavarria","CHE","-47.4","-49.0","-51.3","-53.6",-3,-2,"0.1",49,349,468,5,208,"1.0","a",0,-1,,"false"
"2026-09-25T06:08:54Z",662,"Nicoll-Jazuli","CHE","0.0","0.0","0.0","0.0",0,0,"0.0",45,293,56,1,3,"1.0","a",0,0,"2026-10-01T21:17:24.996715Z","false"
"2026-09-25T06:08:54Z",91,"Pinnock","COV","-71.8","-71.8","-71.8","-71.8",-3,0,"0.1",45,324,191,14,282,"3.5","a",0,0,,"false"
"2026-09-25T06:08:54Z",104,"Onyeka","COV","-30.3","-30.3","-30.3","-30.3",-2,0,"0.1",49,152,400,9,314,"1.8","a",0,-1,,"false"
"2026-09-25T06:08:54Z",110,"Rushworth","COV","-54.9","-54.9","-54.9","-54.9",-3,0,"0.8",45,2193,5454,16,450,"3.8","a",0,0,,"false"
"2026-09-25T06:08:54Z",171,"Dovin","COV","0.0","0.0","0.0","0.0",0,-2,"1.0",40,0,4166,0,0,"0.0","u",0,0,,"false"
"2026-09-25T06:08:54Z",172,"Wilson","COV","-5.2","-5.2","-5.2","-5.2",-1,0,"0.4",44,198,572,0,0,"0.0","a",0,-1,,"false"
"2026-09-25T06:08:54Z",173,"Thomas","COV","16.1","16.2","16.2","16.3",1,6,"8.6",40,21918,26611,24,437,"5.2","a",0,0,,"false"
"2026-09-25T06:08:54Z",174,"Kitching","COV","0.0","0.0","0.0","0.0",0,-4,"0.3",40,0,1546,0,0,"0.0","u",0,0,,"false"
"2026-09-25T06:08:54Z",175,"van Ewijk","COV","-44.0","-44.3","-44.6","-44.9",-3,-36,"8.8",40,1068,68067,6,360,"1.2","d",0,0,,"false"
"2026-09-25T06:08:54Z",176,"Dasilva","COV","-33.1","-33.1","-33.1","-33.1",-2,0,"0.7",40,5311,1393,20,444,"4.8","a",0,0,,"false"
"2026-09-25T06:08:54Z",177,"Kesler-Hayden","COV","0.1","0.1","0.1","0.1",1,0,"0.0",39,899,443,0,0,"0.0","i",-1,-1,,"false"
"2026-09-25T06:08:54Z",178,"Bidwell","COV","-27.8","-27.8","-27.8","-27.8",-2,0,"0.1",40,166,264,0,0,"0.0","a",0,0,,"false"
"2026-09-25T06:08:54Z",179,"Latibeaudiere","COV","-70.1","-70.1","-70.1","-70.1",-3,0,"0.0",40,62,115,1,1,"0.2","a",0,0,,"false"
"2026-09-25T06:08:54Z",180,"Woolfenden","COV","-89.8","-89.8","-89.8","-89.8",-3,0,"0.1",40,21,452,0,0,"0.0","i",0,0,,"false"
"2026-09-25T06:08:54Z",181,"Brau","COV","0.0","0.0","0.0","0.0",0,0,"0.0",40,0,87,0,0,"0.0","u",0,0,,"false"
"2026-09-25T06:08:54Z",182,"Amenda","COV","-48.1","-48.4","-48.9","-49.3",-3,-5,"0.6",40,26,6035,4,360,"0.8","i",0,0,,"false"
"2026-09-25T06:08:54Z",183,"Rudoni","COV","0.1","0.1","0.1","0.1",1,0,"0.1",49,766,576,13,297,"3.0","a",0,-1,,"false"
"2026-09-25T06:08:54Z",184,"Grimes","COV","-25.2","-25.2","-25.2","-25.2",-2,0,"0.1",49,159,766,11,443,"2.2","a",0,-1,,"false"
"2026-09-25T06:08:54Z",185,"Sakamoto","COV","-19.8","-19.8","-19.8","-19.8",-1,0,"0.1",48,113,345,1,31,"0.2","a",0,-2,,"false"
"2026-09-25T06:08:54Z",186,"Mason-Clark","COV","-1.1","-1.1","-1.1","-1.1",-1,0,"0.1",53,65,324,5,231,"1.2","a",-1,-2,,"false"
"2026-09-25T06:08:54Z",187,"Eccles","COV","-4.5","-4.5","-4.5","-4.5",-1,0,"0.0",48,11,82,0,0,"0.0","i",-1,-2,,"false"
"2026-09-25T06:08:54Z",188,"Torp","COV","-9.5","-9.5","-9.5","-9.5",-1,0,"0.1",53,40,382,3,53,"0.5","a",-1,-2,,"false"
"2026-09-25T06:08:54Z",189,"Shepherd","COV","0.7","0.7","0.7","0.8",1,2,"0.3",44,3714,2018,0,0,"0.0","a",0,-1,,"false"
"2026-09-25T06:08:54Z",190,"Tchaouna","COV","-75.1","-75.1","-75.1","-75.1",-3,0,"0.1",54,18,306,5,211,"0.8","a",0,-1,,"false"
"2026-09-25T06:08:54Z",191,"Borges Rodrigues","COV","0.0","0.0","0.0","0.0",0,-1,"0.1",45,0,595,0,0,"0.0","u",0,0,,"false"
"2026-09-25T06:08:54Z",192,"Andrews","COV","0.0","0.0","0.0","0.0",0,-4,"0.3",45,0,1762,0,0,"0.0","u",0,0,,"false"
"2026-09-25T06:08:54Z",193,"Wright","COV","-93.1","-93.1","-93.1","-93.1",-3,0,"0.1",54,38,465,0,0,"0.0","i",0,-1,,"false"
"2026-09-25T06:08:54Z",194,"Thomas-Asante","COV","2.4","2.5","2.6","2.7",1,8,"0.8",50,6670,5088,9,227,"1.8","a",0,0,,"false"
"2026-09-25T06:08:54Z",195,"Simms","COV","-0.3","-0.3","-0.3","-0.3",-1,0,"0.6",49,1334,4718,4,104,"0.5","a",-1,-1,,"false"
"2026-09-25T06:08:54Z",196,"Markelo","COV","0.0","0.0","0.0","0.0",0,0,"0.0",50,0,56,0,0,"0.0","u",0,0,,"false"
"2026-09-25T06:08:54Z",197,"Bassette","COV","0.0","0.0","0.0","0.0",0,0,"0.0",45,0,128,0,0,"0.0","u",0,0,,"false"
"2026-09-25T06:08:54Z",492,"Awoniyi","COV","-11.1","-11.1","-11.1","-11.1",-1,0,"0.4",54,55,4511,3,232,"0.5","s",-1,-1,,"false"
"2026-09-25T06:08:54Z",575,"Yirenkyi","COV","-0.9","-0.9","-0.9","-0.9",-1,0,"0.1",48,249,880,9,265,"2.0","a",-1,-2,,"false"
"2026-09-25T06:08:54Z",584,"Hamer","COV","-77.0","-77.0","-77.0","-77.0",-3,0,"0.1",54,39,347,3,32,"0.5","a",0,-1,,"false"
"2026-09-25T06:08:54Z",599,"Cherif","COV","-7.1","-7.1","-7.1","-7.1",-1,0,"0.1",50,445,679,1,30,"0.2","a",0,0,,"false"
"2026-09-25T06:08:54Z",623,"Bentley","COV","2.0","2.0","2.0","2.1",1,2,"0.6",40,7425,1982,0,0,"0.0","a",0,0,,"false"
"2026-09-25T06:08:54Z",655,"Gboho","COV","0.0","0.0","0.0","0.0",0,0,"0.0",55,60,47,0,0,"0.0","a",0,0,,"false"
"2026-09-25T06:08:54Z",656,"Mfuni","COV","0.0","0.0","0.1","0.1",0,2,"0.1",40,1628,730,6,90,"3.0","a",0,0,,"false"
"2026-09-25T06:08:54Z",42,"Guessand","CRY","-23.6","-23.6","-23.6","-23.6",-2,0,"0.0",54,92,234,2,54,"0.2","a",0,-1,,"false"
"2026-09-25T06:08:54Z",153,"Disasi","CRY","-55.0","-55.0","-55.0","-55.0",-3,0,"0.1",45,21,682,1,139,"0.2","s",0,0,,"false"
"2026-09-25T06:08:54Z",198,"Henderson","CRY","-89.0","-89.6","-90.4","-91.1",-3,-20,"1.3",50,110,9697,5,270,"0.8","i",0,0,,"false"
"2026-09-25T06:08:54Z",199,"Benitez","CRY","-24.3","-24.3","-24.3","-24.3",-2,0,"0.1",45,566,292,8,180,"2.0","a",0,0,,"false"
"2026-09-25T06:08:54Z",202,"Richards","CRY","-94.4","-94.4","-94.4","-94.4",-3,0,"0.6",50,1377,1910,14,450,"2.8","a",0,0,,"false"
"2026-09-25T06:08:54Z",203,"Canvot","CRY","-0.8","-0.8","-0.8","-0.8",-1,0,"0.2",48,329,763,10,360,"2.2","a",-1,-2,,"false"
"2026-09-25T06:08:54Z",204,"Mitchell","CRY","24.6","24.6","24.6","24.6",2,2,"6.0",45,11870,13856,24,419,"5.8","a",0,0,,"false"
"2026-09-25T06:08:54Z",205,"Sosa","CRY","0.0","0.0","0.0","0.0",0,0,"0.0",45,0,89,0,0,"0.0","u",0,0,,"false"
"2026-09-25T06:08:54Z",206,"Chadi Riad","CRY","-3.7","-3.7","-3.7","-3.7",-1,0,"0.0",43,20,109,1,72,"0.0","i",-1,-2,,"false"
"2026-09-25T06:08:54Z",207,"Mingueza","CRY","-81.8","-81.8","-81.8","-81.8",-3,0,"0.1",44,68,247,2,16,"0.5","a",0,-1,,"false"
"2026-09-25T06:08:54Z",208,"Sarr","CRY","0.0","0.0","0.0","0.0",0,0,"0.6",62,2177,1894,1,8,"0.2","a",0,-3,,"false"
"2026-09-25T06:08:54Z",210,"Wharton","CRY","-1.1","-1.2","-1.4","-1.5",-1,-1,"0.7",54,1021,4087,12,436,"2.0","a",-1,-1,,"false"
"2026-09-25T06:08:54Z",211,"Yeremy","CRY","4.5","4.5","4.4","4.4",1,-2,"0.3",55,622,2359,14,307,"3.2","a",0,0,,"false"
"2026-09-25T06:08:54Z",212,"Hughes","CRY","-17.5","-17.8","-18.2","-18.6",-1,-21,"7.4",44,7954,39390,2,29,"0.5","a",0,-1,,"false"
"2026-09-25T06:08:54Z",213,"Lerma","CRY","-0.8","-0.8","-0.8","-0.8",-1,0,"0.1",48,75,320,1,51,"0.2","a",-1,-2,,"false"
"2026-09-25T06:08:54Z",214,"Kamada","CRY","10.8","10.7","10.7","10.7",1,-3,"0.5",50,2739,2591,21,441,"4.5","a",0,0,,"false"
"2026-09-25T06:08:54Z",215,"Devenny","CRY","0.0","0.0","0.0","0.0",0,0,"0.0",50,0,30,0,0,"0.0","u",0,0,,"false"
"2026-09-25T06:08:54Z",216,"Esse","CRY","0.0","0.0","0.0","0.0",0,0,"0.0",50,0,102,0,0,"0.0","u",0,0,,"false"
"2026-09-25T06:08:54Z",217,"M.França","CRY","0.0","0.0","0.0","0.0",0,0,"0.0",49,0,129,0,0,"0.0","u",0,-1,,"false"
"2026-09-25T06:08:54Z",218,"Doucouré","CRY","-2.0","-2.0","-2.0","-2.0",-1,0,"0.0",48,91,263,0,0,"0.0","a",-1,-2,,"false"
"2026-09-25T06:08:54Z",219,"J.Rak-Sakyi","CRY","0.0","0.0","0.0","0.0",0,0,"0.0",49,0,19,0,0,"0.0","u",0,-1,,"false"
"2026-09-25T06:08:54Z",220,"Cardines","CRY","0.0","0.0","0.0","0.0",0,0,"0.0",45,0,3,0,0,"0.0","u",0,0,,"false"
"2026-09-25T06:08:54Z",221,"Drakes-Thomas","CRY","-86.3","-86.3","-86.3","-86.3",-3,0,"0.1",45,125,372,0,0,"0.0","a",0,0,,"false"
"2026-09-25T06:08:54Z",222,"Strand Larsen","CRY","4.6","4.7","4.8","5.0",1,8,"0.6",60,3933,3368,14,298,"3.2","a",0,0,,"false"
"2026-09-25T06:08:54Z",223,"Mateta","CRY","-21.9","-22.0","-22.2","-22.4",-2,-4,"1.3",63,172,7798,2,62,"0.0","i",0,-2,,"false"
"2026-09-25T06:08:54Z",224,"Nketiah","CRY","-16.0","-16.8","-17.9","-19.1",-1,-4,"0.5",55,1045,2991,8,175,"1.8","a",0,0,,"false"
"2026-09-25T06:08:54Z",225,"Uche","CRY","0.0","0.0","0.0","0.0",0,0,"0.0",50,0,0,0,0,"0.0","u",0,0,,"false"
"2026-09-25T06:08:54Z",241,"McNeil","CRY","-88.0","-88.0","-88.0","-88.0",-3,0,"0.1",54,58,415,3,84,"0.2","a",0,-1,,"false"
"2026-09-25T06:08:54Z",555,"Matthews","CRY","-8.3","-8.5","-8.9","-9.2",-1,-4,"1.7",40,936,2677,0,0,"0.0","a",0,0,,"false"
"2026-09-25T06:08:54Z",577,"Tomiyasu","CRY","-10.2","-10.2","-10.2","-10.2",-1,0,"0.3",44,143,915,3,189,"0.5","d",0,-1,,"false"
"2026-09-25T06:08:54Z",588,"Khalaili","CRY","6.2","6.2","6.2","6.2",1,-1,"0.3",50,1722,916,19,379,"4.5","a",0,0,,"false"
"2026-09-25T06:08:54Z",595,"Gozo","CRY","-99.6","-99.6","-99.6","-99.6",-4,0,"0.0",50,36,71,2,28,"0.5","a",0,0,,"false"
"2026-09-25T06:08:54Z",633,"Ahanor","CRY","0.1","0.1","0.1","0.1",1,0,"0.0",45,119,98,3,90,"1.0","a",0,0,,"false"
"2026-09-25T06:08:54Z",643,"Chilwell","CRY","-66.7","-67.1","-67.8","-68.4",-3,-2,"0.4",45,486,2645,8,29,"2.7","a",0,0,,"false"
"2026-09-25T06:08:54Z",644,"Timber","CRY","0.2","0.2","0.2","0.2",1,0,"0.0",50,405,270,9,253,"3.0","a",0,0,,"false"
"2026-09-25T06:08:54Z",647,"Osorio","CRY","-68.0","-68.0","-68.0","-68.0",-3,0,"0.0",55,21,66,1,1,"0.3","a",0,0,,"false"
"2026-09-25T06:08:54Z",21,"Nørgaard","EVE","-94.9","-94.9","-94.9","-94.9",-3,0,"0.0",49,34,266,0,0,"0.0","i",0,-1,,"false"
"2026-09-25T06:08:54Z",209,"Johnson","EVE","-18.8","-18.8","-18.8","-18.8",-1,0,"0.1",59,320,621,9,238,"2.0","a",0,-1,,"false"
"2026-09-25T06:08:54Z",226,"Pickford","EVE","27.4","27.4","27.4","27.5",2,3,"9.1",55,25343,12861,25,450,"4.5","a",0,0,,"false"
"2026-09-25T06:08:54Z",227,"Travers","EVE","-30.7","-30.7","-30.7","-30.7",-2,0,"0.0",50,210,225,0,0,"0.0","a",0,0,,"false"
"2026-09-25T06:08:54Z",228,"King","EVE","-38.5","-38.5","-38.5","-38.5",-2,0,"0.0",45,97,145,0,0,"0.0","a",0,0,,"false"
"2026-09-25T06:08:54Z",229,"Tarkowski","EVE","87.8","88.9","90.4","91.9",3,108,"16.1",61,193381,16115,43,450,"9.2","a",0,1,,"false"
"2026-09-25T06:08:54Z",230,"Branthwaite","EVE","32.8","32.9","33.0","33.1",2,8,"2.4",55,16895,5744,27,450,"5.2","a",0,0,,"false"
"2026-09-25T06:08:54Z",231,"Keane","EVE","-34.3","-34.6","-35.0","-35.4",-2,-2,"0.7",48,335,3397,0,0,"0.0","a",0,-2,,"false"
"2026-09-25T06:08:54Z",232,"O'Brien","EVE","-2.8","-2.8","-2.8","-2.8",-1,0,"0.3",48,284,986,2,16,"0.5","a",-1,-2,,"false"
"2026-09-25T06:08:54Z",233,"Mykolenko","EVE","1.2","1.2","1.3","1.3",1,9,"4.2",46,38466,14706,27,450,"5.2","a",1,1,,"false"
"2026-09-25T06:08:54Z",234,"Patterson","EVE","0.0","0.0","0.0","0.0",0,0,"0.0",45,0,103,0,0,"0.0","u",0,0,,"false"
"2026-09-25T06:08:54Z",235,"Aznou","EVE","0.0","0.0","0.0","0.0",0,0,"0.1",40,0,485,0,0,"0.0","u",0,0,,"false"
"2026-09-25T06:08:54Z",236,"Dewsbury-Hall","EVE","-13.7","-13.9","-14.1","-14.3",-1,-8,"6.0",66,32035,39937,20,450,"2.2","a",1,1,,"false"
"2026-09-25T06:08:54Z",238,"Grealish","EVE","8.0","8.0","8.0","8.0",1,1,"0.5",65,3078,2610,6,135,"1.2","a",0,0,,"false"
"2026-09-25T06:08:54Z",239,"Garner","EVE","3.2","3.2","3.2","3.2",1,-1,"0.2",60,1424,1732,11,328,"2.5","a",0,0,,"false"
"2026-09-25T06:08:54Z",242,"George","EVE","28.5","28.5","28.4","28.4",2,-4,"0.9",55,2114,9868,19,309,"4.0","a",0,0,,"false"
"2026-09-25T06:08:54Z",243,"Alcaraz","EVE","-42.0","-42.0","-42.0","-42.0",-3,0,"0.1",49,141,360,1,5,"0.0","a",0,-1,,"false"
"2026-09-25T06:08:54Z",244,"Armstrong","EVE","8.8","8.8","8.8","8.8",1,0,"0.4",50,708,3028,16,446,"2.0","a",0,0,,"false"
"2026-09-25T06:08:54Z",245,"Dibling","EVE","-82.5","-82.5","-82.5","-82.5",-3,0,"0.0",54,106,135,1,24,"0.2","a",0,-1,,"false"
"2026-09-25T06:08:54Z",246,"Röhl","EVE","-39.6","-40.9","-42.7","-44.6",-3,-1,"0.0",49,7,534,6,249,"0.8","i",0,-1,,"false"
"2026-09-25T06:08:54Z",247,"Hackney","EVE","-3.7","-4.5","-5.6","-6.7",-1,-2,"0.2",54,172,977,10,137,"1.8","a",-1,-1,,"false"
"2026-09-25T06:08:54Z",248,"Beto","EVE","0.0","0.0","0.0","0.0",0,-5,"0.6",54,0,6420,2,31,"0.2","u",0,-1,,"false"
"2026-09-25T06:08:54Z",249,"Barry","EVE","96.4","96.6","96.9","97.3",4,24,"8.2",56,68932,33014,20,417,"3.0","a",0,1,,"false"
"2026-09-25T06:08:54Z",649,"Maitland-Niles","EVE","15.9","15.9","16.0","16.1",1,7,"1.3",45,17197,3696,21,177,"7.0","a",0,0,,"false"
"2026-09-25T06:08:54Z",654,"Graham","EVE","-28.1","-28.1","-28.1","-28.1",-2,0,"0.1",45,208,899,0,0,"0.0","a",0,0,,"false"
"2026-09-25T06:08:54Z",250,"Leno","FUL","7.7","7.7","7.8","7.8",1,3,"3.3",45,32397,8968,18,450,"4.0","a",0,0,,"false"
"2026-09-25T06:08:54Z",251,"Lecomte","FUL","-22.2","-22.2","-22.2","-22.2",-2,0,"1.1",40,2150,2151,0,0,"0.0","a",0,0,,"false"
"2026-09-25T06:08:54Z",252,"McNally","FUL","0.0","0.0","0.0","0.0",0,0,"0.1",40,0,541,0,0,"0.0","u",0,0,,"false"
"2026-09-25T06:08:54Z",253,"Andersen","FUL","0.6","0.7","0.7","0.7",1,1,"0.1",50,2365,954,3,190,"0.8","a",0,0,,"false"
"2026-09-25T06:08:54Z",254,"Robinson","FUL","-19.6","-19.3","-18.9","-18.5",-1,4,"1.4",45,13563,5388,12,429,"2.8","a",0,0,,"false"
"2026-09-25T06:08:54Z",255,"J.Cuenca","FUL","-68.3","-68.3","-68.3","-68.3",-3,0,"0.0",45,55,94,3,90,"0.0","a",0,0,,"false"
"2026-09-25T06:08:54Z",256,"Tete","FUL","-0.1","-0.1","-0.1","-0.1",-1,0,"0.2",44,42,961,0,27,"0.0","a",0,-1,"2026-09-28T19:00:09.637551Z","false"
"2026-09-25T06:08:54Z",257,"Bassey","FUL","-3.1","-2.5","-1.7","-0.8",-1,4,"0.7",45,4332,1435,15,450,"3.8","a",0,0,,"false"
"2026-09-25T06:08:54Z",258,"Castagne","FUL","13.1","13.1","13.2","13.2",1,4,"0.9",45,12800,3998,20,408,"3.5","a",0,0,,"false"
"2026-09-25T06:08:54Z",261,"Iwobi","FUL","-57.2","-57.3","-57.6","-57.9",-3,-1,"0.7",54,2772,2783,14,408,"3.0","a",0,-1,,"false"
"2026-09-25T06:08:54Z",262,"Smith Rowe","FUL","-0.1","-0.1","-0.1","-0.1",-1,0,"0.2",53,246,1186,3,38,"0.8","a",-1,-2,,"false"
"2026-09-25T06:08:54Z",263,"Kevin","FUL","-9.0","-9.0","-9.0","-9.0",-1,0,"0.0",53,172,235,4,61,"0.8","a",0,-2,,"false"
"2026-09-25T06:08:54Z",264,"Bobb","FUL","-49.1","-48.3","-47.1","-45.9",-3,2,"0.3",55,1848,1539,13,343,"2.8","a",0,0,,"false"
"2026-09-25T06:08:54Z",265,"Berge","FUL","-31.5","-31.5","-31.5","-31.5",-2,0,"0.3",49,510,1122,11,349,"2.2","a",0,-1,,"false"
"2026-09-25T06:08:54Z",266,"Cairney","FUL","-15.1","-15.1","-15.1","-15.1",-1,0,"0.0",49,7,19,0,0,"0.0","i",0,-1,,"false"
"2026-09-25T06:08:54Z",268,"King","FUL","80.3","80.5","80.8","81.1",3,20,"2.5",55,73426,14824,24,425,"4.2","a",0,0,,"false"
"2026-09-25T06:08:54Z",269,"Sessegnon","FUL","-1.0","-1.0","-1.0","-1.0",-1,0,"0.3",43,235,1161,3,50,"0.5","a",-1,-2,,"false"
"2026-09-25T06:08:54Z",270,"Reed","FUL","-9.1","-9.1","-9.1","-9.1",-1,0,"1.1",44,2525,6065,0,0,"0.0","a",0,-1,,"false"
"2026-09-25T06:08:54Z",271,"Muniz","FUL","-48.2","-48.2","-48.2","-48.2",-3,0,"0.4",54,1413,2378,3,38,"0.5","a",0,-1,,"false"
"2026-09-25T06:08:54Z",272,"Kusi-Asare","FUL","-58.8","-58.9","-59.2","-59.4",-3,-9,"5.4",45,9255,29605,0,0,"0.0","a",0,0,,"false"
"2026-09-25T06:08:54Z",569,"Gonzalo","FUL","52.2","52.3","52.4","52.5",3,9,"3.9",60,53274,27831,14,425,"2.0","a",0,0,,"false"
"2026-09-25T06:08:54Z",570,"Palacios","FUL","-5.7","-5.7","-5.7","-5.7",-1,0,"0.2",54,647,851,12,226,"2.5","a",0,-1,,"false"
"2026-09-25T06:08:54Z",580,"Charles","FUL","-79.8","-79.8","-79.8","-79.8",-3,0,"0.1",50,475,341,13,303,"3.0","a",0,0,,"false"
"2026-09-25T06:08:54Z",610,"De Fougerolles","FUL","0.0","0.0","0.0","0.0",0,0,"0.1",40,0,445,0,0,"0.0","u",0,0,,"false"
"2026-09-25T06:08:54Z",626,"Zepa","FUL","-97.4","-98.3","-99.5","-100.8",-4,-3,"0.3",45,114,1966,0,0,"0.0","a",0,0,,"false"
"2026-09-25T06:08:54Z",635,"Larsson","FUL","0.0","0.0","0.0","0.0",0,0,"0.0",50,79,62,3,37,"1.0","a",0,0,,"false"
"2026-09-25T06:08:54Z",636,"Ángel","FUL","0.0","0.0","0.0","0.0",0,0,"0.0",50,25,21,0,0,"0.0","a",0,0,,"false"
"2026-09-25T06:08:54Z",650,"Affengruber","FUL","0.9","0.9","1.0","1.1",1,6,"0.0",45,2864,616,12,180,"4.0","a",0,0,,"false"
"2026-09-25T06:08:54Z",240,"Iroegbunam","HUL","0.1","0.1","0.1","0.1",1,0,"0.0",50,70,124,2,70,"0.5","a",0,0,,"false"
"2026-09-25T06:08:54Z",273,"Phillips","HUL","-25.9","-25.9","-25.9","-25.9",-2,0,"1.4",40,2575,2957,0,0,"0.0","a",0,0,,"false"
"2026-09-25T06:08:54Z",274,"Butland","HUL","-0.3","-0.3","-0.3","-0.3",-1,0,"0.1",44,59,276,0,0,"0.0","i",-1,-1,,"false"
"2026-09-25T06:08:54Z",275,"Cartwright","HUL","0.0","0.0","0.0","0.0",0,0,"0.0",40,0,22,0,0,"0.0","u",0,0,,"false"
"2026-09-25T06:08:54Z",276,"Lo-Tutala","HUL","0.0","0.0","0.0","0.0",0,0,"0.0",40,0,104,0,0,"0.0","u",0,0,,"false"
"2026-09-25T06:08:54Z",277,"Egan","HUL","25.1","25.0","24.9","24.8",2,-8,"7.0",41,24215,25572,26,437,"4.5","a",0,1,,"false"
"2026-09-25T06:08:54Z",278,"Hughes","HUL","0.5","0.5","0.5","0.5",1,0,"0.2",39,978,1704,0,0,"0.0","i",0,-1,,"false"
"2026-09-25T06:08:54Z",279,"Ajayi","HUL","66.7","66.5","66.2","66.0",3,-18,"14.0",42,39523,52148,27,423,"3.2","a",0,2,,"false"
"2026-09-25T06:08:54Z",280,"Coyle","HUL","0.2","0.2","0.2","0.2",1,0,"0.7",40,1837,1756,14,348,"2.0","a",0,0,,"false"
"2026-09-25T06:08:54Z",281,"Drameh","HUL","0.0","0.0","0.0","0.0",0,0,"0.0",40,0,219,2,65,"0.2","u",0,0,,"false"
"2026-09-25T06:08:54Z",282,"Giles","HUL","66.1","66.1","66.1","66.2",3,2,"2.9",40,19353,11946,24,444,"4.5","a",0,0,,"false"
"2026-09-25T06:08:54Z",283,"Jacob","HUL","0.0","0.0","0.0","0.0",0,0,"0.0",40,0,31,0,0,"0.0","u",0,0,,"false"
"2026-09-25T06:08:54Z",284,"McCarthy","HUL","0.4","0.4","0.4","0.4",1,0,"0.1",40,348,387,0,0,"0.0","a",0,0,,"false"
"2026-09-25T06:08:54Z",285,"McNair","HUL","-38.4","-38.4","-38.4","-38.4",-2,0,"0.1",40,169,358,1,26,"0.0","a",0,0,,"false"
"2026-09-25T06:08:54Z",286,"Belloumi","HUL","32.6","33.0","33.5","33.9",2,35,"5.0",51,66570,21176,31,394,"7.0","a",0,1,,"false"
"2026-09-25T06:08:54Z",287,"Millar","HUL","0.0","0.0","0.0","0.0",0,0,"0.0",50,0,263,6,50,"1.5","u",0,0,,"false"
"2026-09-25T06:08:54Z",288,"Dowell","HUL","-87.6","-87.6","-87.6","-87.6",-3,0,"0.3",45,515,1783,0,0,"0.0","a",0,0,,"false"
"2026-09-25T06:08:54Z",289,"Crooks","HUL","0.6","0.6","0.7","0.7",1,2,"0.5",44,4533,3675,3,203,"0.2","a",-1,-1,,"false"
"2026-09-25T06:08:54Z",290,"Slater","HUL","71.1","71.0","70.9","70.8",3,-8,"5.3",45,13772,33277,15,437,"2.2","a",0,0,,"false"
"2026-09-25T06:08:54Z",291,"Matazo","HUL","-13.4","-13.4","-13.4","-13.4",-1,0,"0.0",45,27,50,0,0,"0.0","i",0,0,,"false"
"2026-09-25T06:08:54Z",292,"Ömür","HUL","-8.4","-8.4","-8.4","-8.4",-1,0,"0.0",49,77,131,0,0,"0.0","a",0,-1,,"false"
"2026-09-25T06:08:54Z",293,"Kamara","HUL","0.0","0.0","0.0","0.0",0,0,"0.0",50,0,11,0,0,"0.0","u",0,0,,"false"
"2026-09-25T06:08:54Z",294,"Zambrano","HUL","-20.4","-22.8","-26.2","-29.6",-2,-2,"0.1",45,124,450,0,0,"0.0","a",0,0,,"false"
"2026-09-25T06:08:54Z",295,"McBurnie","HUL","26.2","26.1","25.9","25.8",2,-10,"1.9",55,6575,16242,13,441,"2.0","a",0,0,,"false"
"2026-09-25T06:08:54Z",296,"Akintola","HUL","0.0","0.0","0.0","0.0",0,0,"0.0",50,0,240,0,0,"0.0","u",0,0,,"false"
"2026-09-25T06:08:54Z",297,"Gyabi","HUL","-0.1","-0.1","-0.1","-0.1",-1,0,"0.0",44,41,116,0,0,"0.0","i",-1,-1,,"false"
"2026-09-25T06:08:54Z",298,"Destan","HUL","0.0","0.0","0.0","0.0",0,-2,"0.2",45,0,1130,0,0,"0.0","u",0,0,,"false"
"2026-09-25T06:08:54Z",299,"Burstow","HUL","0.0","0.0","0.0","0.0",0,0,"0.0",45,0,196,0,0,"0.0","u",0,0,,"false"
"2026-09-25T06:08:54Z",340,"Gelhardt","HUL","0.0","0.0","0.0","0.0",0,0,"0.0",50,82,97,1,7,"0.2","a",0,0,,"false"
"2026-09-25T06:08:54Z",556,"Targett","HUL","-67.9","-68.2","-68.6","-69.0",-3,-9,"1.6",40,96,8727,1,5,"0.0","d",0,0,,"false"
"2026-09-25T06:08:54Z",563,"Morita","HUL","-94.0","-94.0","-94.0","-94.0",-3,0,"0.0",50,12,140,1,45,"0.2","i",0,0,,"false"
"2026-09-25T06:08:54Z",572,"Tzolakis","HUL","0.0","0.1","0.2","0.3",1,20,"12.7",47,113717,17692,34,450,"6.0","a",1,2,,"false"
"2026-09-25T06:08:54Z",574,"Hjertø-Dahl","HUL","-68.0","-68.0","-68.0","-68.0",-3,0,"0.1",49,68,290,1,8,"0.2","a",0,-1,,"false"
"2026-09-25T06:08:54Z",576,"Stroud","HUL","-48.5","-50.1","-52.2","-54.4",-3,-1,"0.1",50,115,414,7,249,"1.0","a",0,0,,"false"
"2026-09-25T06:08:54Z",585,"Herrington","HUL","-25.2","-25.2","-25.2","-25.2",-2,0,"0.6",40,908,1444,5,197,"1.0","a",0,0,,"false"
"2026-09-25T06:08:54Z",586,"Mendy","HUL","-0.2","-0.2","-0.2","-0.2",-1,0,"6.3",41,5940,31231,25,249,"2.5","a",0,1,"2026-09-27T16:30:09.400433Z","false"
"2026-09-25T06:08:54Z",589,"Gourna-Douath","HUL","-73.3","-73.3","-73.3","-73.3",-3,0,"0.0",50,30,98,4,138,"1.0","a",0,0,,"false"
"2026-09-25T06:08:54Z",617,"Cho","HUL","0.2","0.2","0.2","0.2",1,0,"0.0",50,311,124,9,72,"2.2","a",0,0,,"false"
"2026-09-25T06:08:54Z",632,"Ansah","HUL","-57.6","-57.6","-57.6","-57.6",-3,0,"0.0",50,57,364,0,0,"0.0","i",0,0,,"false"
"2026-09-25T06:08:54Z",637,"Vaz","HUL","1.1","1.1","1.1","1.1",1,0,"0.1",50,1575,1029,2,20,"0.7","a",0,0,,"false"
"2026-09-25T06:08:54Z",638,"Norton-Cuffy","HUL","-19.6","-20.4","-21.5","-22.6",-2,-4,"0.2",40,444,2189,1,34,"0.3","d",0,0,,"false"
"2026-09-25T06:08:54Z",642,"Thomas","HUL","0.2","0.2","0.2","0.2",1,0,"0.0",55,401,304,4,119,"1.3","a",0,0,,"false"
"2026-09-25T06:08:54Z",645,"Mouzakitis","HUL","0.0","-13.2","-45.8","-78.4",-1,-2,"0.0",50,74,84,0,0,"0.0","a",0,0,,"false"
"2026-09-25T06:08:54Z",259,"Diop","IPS","-49.3","-49.3","-49.3","-49.4",-3,-4,"12.8",40,6145,49154,12,450,"2.5","a",0,0,,"false"
"2026-09-25T06:08:54Z",267,"Lukić","IPS","-4.4","-4.4","-4.4","-4.4",-1,0,"0.1",49,175,462,11,400,"1.5","a",-1,-1,,"false"
"2026-09-25T06:08:54Z",300,"Walton","IPS","-7.2","-7.2","-7.2","-7.2",-1,0,"0.4",44,1429,827,2,90,"0.5","a",0,-1,,"false"
"2026-09-25T06:08:54Z",301,"Palmer","IPS","-23.7","-23.7","-23.7","-23.7",-2,0,"3.9",40,3464,10480,0,0,"0.0","a",0,0,,"false"
"2026-09-25T06:08:54Z",302,"Button","IPS","1.1","1.1","1.1","1.1",1,0,"0.6",40,1290,1147,0,0,"0.0","a",0,0,,"false"
"2026-09-25T06:08:54Z",303,"Kipré","IPS","3.0","3.0","3.1","3.2",1,5,"0.9",39,3942,3799,0,0,"0.0","a",0,-1,,"false"
"2026-09-25T06:08:54Z",304,"O'Shea","IPS","-37.0","-37.1","-37.3","-37.5",-2,-3,"2.7",40,1660,13102,10,450,"1.5","a",0,0,,"false"
"2026-09-25T06:08:54Z",305,"Davis","IPS","67.7","67.8","68.0","68.2",3,15,"6.9",40,43479,22856,25,450,"5.8","a",0,0,,"false"
"2026-09-25T06:08:54Z",306,"Greaves","IPS","-83.8","-84.0","-84.1","-84.3",-3,-1,"1.1",40,406,2950,3,357,"0.2","a",0,0,,"false"
"2026-09-25T06:08:54Z",307,"Johnson","IPS","0.0","0.0","0.0","0.0",0,0,"0.1",40,0,313,0,0,"0.0","u",0,0,,"false"
"2026-09-25T06:08:54Z",308,"Furlong","IPS","1.8","1.8","1.8","1.8",1,0,"0.6",39,5635,2398,1,17,"0.2","a",0,-1,,"false"
"2026-09-25T06:08:54Z",309,"Núñez","IPS","-30.3","-30.3","-30.3","-30.3",-2,0,"0.1",49,79,548,6,140,"0.5","a",0,-1,,"false"
"2026-09-25T06:08:54Z",310,"Matusiwa","IPS","0.0","0.0","0.0","0.0",0,0,"0.0",49,14,15,0,0,"0.0","a",0,-1,,"false"
"2026-09-25T06:08:54Z",311,"Burns","IPS","0.0","0.0","0.0","0.0",0,0,"0.0",50,0,8,0,0,"0.0","u",0,0,,"false"
"2026-09-25T06:08:54Z",312,"Taylor","IPS","0.1","0.1","0.1","0.1",1,0,"0.0",44,336,223,0,0,"0.0","i",-1,-1,,"false"
"2026-09-25T06:08:54Z",313,"Clarke","IPS","-78.4","-78.4","-78.4","-78.4",-3,0,"0.2",54,112,827,11,170,"1.0","a",0,-1,,"false"
"2026-09-25T06:08:54Z",314,"Ogbene","IPS","0.0","0.0","0.0","0.0",0,0,"0.0",49,0,57,0,0,"0.0","u",0,-1,,"false"
"2026-09-25T06:08:54Z",315,"Fatawu","IPS","-28.3","-28.3","-28.3","-28.3",-2,0,"0.2",54,52,2237,8,352,"1.5","s",0,-1,,"false"
"2026-09-25T06:08:54Z",316,"Emersonn","IPS","78.1","78.2","78.3","78.4",3,10,"3.5",55,28860,20543,26,317,"4.2","a",0,0,,"false"
"2026-09-25T06:08:54Z",317,"Hirst","IPS","0.0","0.0","0.0","0.0",0,0,"0.1",50,0,412,0,0,"0.0","u",0,0,,"false"
"2026-09-25T06:08:54Z",318,"Philogene","IPS","-7.0","-7.0","-7.0","-7.0",-1,0,"0.1",54,27,137,2,52,"0.5","a",0,-1,,"false"
"2026-09-25T06:08:54Z",319,"Szmodics","IPS","0.0","0.0","0.0","0.0",0,0,"0.0",50,0,7,0,0,"0.0","u",0,0,,"false"
"2026-09-25T06:08:54Z",320,"Akpom","IPS","22.8","22.8","22.8","22.7",2,-3,"1.2",50,4472,8661,7,78,"1.5","a",0,0,,"false"
"2026-09-25T06:08:54Z",321,"Walle Egeli","IPS","36.9","36.8","36.7","36.6",2,-7,"3.5",45,15644,23677,1,10,"0.0","a",0,0,,"false"
"2026-09-25T06:08:54Z",322,"Al-Hamadi","IPS","0.0","0.0","0.0","0.0",0,0,"0.1",50,0,328,0,0,"0.0","u",0,0,,"false"
"2026-09-25T06:08:54Z",323,"McAteer","IPS","-0.5","-0.5","-0.5","-0.5",-1,0,"1.0",44,1029,5704,3,42,"0.5","a",-1,-1,,"false"
"2026-09-25T06:08:54Z",324,"Mehmeti","IPS","-1.8","-1.8","-1.8","-1.8",-1,0,"0.0",48,60,124,0,0,"0.0","a",-1,-2,,"false"
"2026-09-25T06:08:54Z",554,"Van Oevelen","IPS","0.0","0.0","0.0","0.0",0,0,"0.0",45,0,70,0,0,"0.0","u",0,0,,"false"
"2026-09-25T06:08:54Z",562,"Maeda","IPS","-8.4","-8.4","-8.4","-8.4",-1,0,"0.2",53,112,1324,8,259,"1.5","a",-1,-2,,"false"
"2026-09-25T06:08:54Z",564,"Scherpen","IPS","-29.3","-29.3","-29.3","-29.3",-2,0,"0.6",45,504,2572,7,360,"1.2","a",0,0,,"false"
"2026-09-25T06:08:54Z",571,"Florentino","IPS","-1.6","-1.6","-1.6","-1.6",-1,0,"0.1",48,92,291,2,30,"0.5","a",-1,-2,,"false"
"2026-09-25T06:08:54Z",591,"Enciso","IPS","8.1","8.1","8.1","8.1",1,-2,"0.8",55,1843,5523,15,413,"2.5","a",0,0,,"false"
"2026-09-25T06:08:54Z",592,"Ouattara","IPS","-29.3","-29.5","-29.9","-30.2",-2,-2,"0.9",40,603,1811,6,131,"1.2","a",0,0,,"false"
"2026-09-25T06:08:54Z",602,"Humphreys","IPS","0.0","0.0","0.0","0.0",0,0,"0.0",45,0,211,0,0,"0.0","u",0,0,,"false"
"2026-09-25T06:08:54Z",619,"Palacios","IPS","1.0","1.0","1.0","1.0",1,0,"0.1",50,443,742,11,275,"2.8","a",0,0,,"false"
"2026-09-25T06:08:54Z",640,"Flemming","IPS","0.4","0.4","0.5","0.5",1,1,"0.1",55,742,869,6,60,"2.0","a",0,0,,"false"
"2026-09-25T06:08:54Z",260,"Wilson","LEE","-51.8","-52.2","-52.8","-53.4",-3,-20,"1.7",62,63,36377,5,145,"0.5","i",0,-3,,"false"
"2026-09-25T06:08:54Z",326,"Perri","LEE","0.0","0.0","0.0","0.0",0,-2,"0.3",45,0,1091,0,0,"0.0","u",0,0,,"false"
"2026-09-25T06:08:54Z",327,"Bijol","LEE","4.9","4.9","4.9","4.8",1,-2,"0.7",50,710,4909,12,164,"0.5","a",0,0,,"false"
"2026-09-25T06:08:54Z",329,"Rodon","LEE","-5.2","-5.3","-5.5","-5.6",-1,-4,"0.8",43,41,7937,7,123,"0.2","i",-1,-2,,"false"
"2026-09-25T06:08:54Z",330,"Bogle","LEE","49.6","50.1","50.7","51.3",3,45,"7.0",46,108529,21009,42,365,"9.0","a",0,1,,"false"
"2026-09-25T06:08:54Z",331,"Gudmundsson","LEE","0.9","0.9","0.9","0.9",1,0,"0.1",45,438,275,14,252,"3.5","a",0,0,,"false"
"2026-09-25T06:08:54Z",332,"Justin","LEE","16.9","17.0","17.0","17.1",1,4,"1.5",45,3500,4996,26,450,"4.0","a",0,0,,"false"
"2026-09-25T06:08:54Z",333,"Bornauw","LEE","0.0","0.0","0.0","0.0",0,0,"0.0",45,0,4,0,0,"0.0","u",0,0,,"false"
"2026-09-25T06:08:54Z",334,"Muharemović","LEE","36.2","36.2","36.2","36.2",2,0,"4.3",50,23175,19117,27,450,"5.2","a",0,0,,"false"
"2026-09-25T06:08:54Z",335,"Stach","LEE","15.5","15.4","15.2","15.0",1,-13,"2.5",60,4124,17512,27,447,"3.5","a",0,0,,"false"
"2026-09-25T06:08:54Z",336,"Okafor","LEE","1.4","1.4","1.4","1.3",1,-1,"0.4",58,1505,2996,18,299,"4.2","a",0,-2,,"false"
"2026-09-25T06:08:54Z",337,"Aaronson","LEE","-5.6","-5.9","-6.2","-6.6",-1,-2,"0.5",53,180,3013,7,194,"1.0","a",-1,-2,,"false"
"2026-09-25T06:08:54Z",338,"Ampadu","LEE","-25.4","-25.9","-26.5","-27.2",-2,-4,"0.9",54,1344,4288,21,450,"4.0","a",0,-1,,"false"
"2026-09-25T06:08:54Z",339,"Longstaff","LEE","-87.9","-87.9","-87.9","-87.9",-3,0,"0.1",49,114,558,2,10,"0.2","a",0,-1,,"false"
"2026-09-25T06:08:54Z",341,"Gnonto","LEE","0.0","0.0","0.0","0.0",0,0,"0.0",50,0,47,0,0,"0.0","u",0,0,,"false"
"2026-09-25T06:08:54Z",342,"Harrison","LEE","0.0","0.0","0.0","0.0",0,0,"0.0",50,0,5,0,0,"0.0","u",0,0,,"false"
"2026-09-25T06:08:54Z",343,"James","LEE","-24.7","-24.7","-24.7","-24.7",-2,0,"0.1",49,166,502,3,52,"0.8","a",0,-1,,"false"
"2026-09-25T06:08:54Z",344,"Gruev","LEE","0.0","0.0","0.0","0.0",0,0,"0.0",50,42,13,0,0,"0.0","a",0,0,,"false"
"2026-09-25T06:08:54Z",345,"Tanaka","LEE","4.5","4.5","4.4","4.4",1,-2,"0.3",49,1875,1980,14,255,"3.5","a",0,-1,,"false"
"2026-09-25T06:08:54Z",346,"Calvert-Lewin","LEE","63.2","63.3","63.5","63.7",3,14,"24.9",60,79674,151035,22,419,"5.2","a",0,0,,"false"
"2026-09-25T06:08:54Z",347,"Nmecha","LEE","-24.5","-24.9","-25.6","-26.2",-2,-2,"0.5",54,1651,3326,7,64,"1.8","a",0,-1,,"false"
"2026-09-25T06:08:54Z",348,"Piroe","LEE","0.0","0.0","0.0","0.0",0,0,"0.1",50,0,372,0,0,"0.0","u",0,0,,"false"
"2026-09-25T06:08:54Z",349,"Mateo Joseph","LEE","-37.8","-37.8","-37.8","-37.8",-2,0,"0.1",45,275,419,0,0,"0.0","i",0,0,,"false"
"2026-09-25T06:08:54Z",385,"Trafford","LEE","31.0","31.1","31.3","31.5",2,15,"5.5",50,18008,12599,28,450,"4.8","a",0,0,,"false"
"2026-09-25T06:08:54Z",598,"Elvedi","LEE","0.6","0.6","0.6","0.6",1,0,"0.1",45,191,204,13,326,"3.2","a",0,0,,"false"
"2026-09-25T06:08:54Z",603,"Lienou","LEE","0.1","0.1","0.1","0.1",1,0,"0.1",40,218,456,0,0,"0.0","a",0,0,,"false"
"2026-09-25T06:08:54Z",604,"Cresswell","LEE","-9.5","-10.4","-11.7","-13.0",-1,-1,"0.1",45,262,808,0,0,"0.0","a",0,0,,"false"
"2026-09-25T06:08:54Z",625,"Cairns","LEE","0.4","0.4","0.4","0.4",1,0,"0.2",40,744,687,0,0,"0.0","a",0,0,,"false"
"2026-09-25T06:08:54Z",629,"Zetterer","LEE","2.1","2.1","2.0","1.9",1,-5,"0.7",40,2688,2419,0,0,"0.0","a",0,0,,"false"
"2026-09-25T06:08:54Z",641,"Bard","LEE","0.0","0.0","0.0","0.0",0,0,"0.0",45,88,70,1,18,"0.3","a",0,0,,"false"
"2026-09-25T06:08:54Z",648,"Bahoya","LEE","-47.6","-47.6","-47.6","-47.6",-3,0,"0.0",50,95,160,1,1,"0.3","a",0,0,,"false"
"2026-09-25T06:08:54Z",350,"A.Becker","LIV","1.2","1.4","1.6","1.7",1,13,"4.0",55,10359,9951,27,450,"6.2","a",0,0,,"false"
"2026-09-25T06:08:54Z",351,"Mamardashvili","LIV","-89.3","-89.3","-89.3","-89.3",-3,0,"0.1",49,217,531,0,0,"0.0","a",0,-1,,"false"
"2026-09-25T06:08:54Z",352,"Woodman","LIV","-28.9","-29.2","-29.6","-30.1",-2,-3,"1.0",40,683,2063,0,0,"0.0","a",0,0,,"false"
"2026-09-25T06:08:54Z",353,"Pecsi","LIV","0.0","0.0","0.0","0.0",0,0,"0.0",40,0,53,0,0,"0.0","u",0,0,,"false"
"2026-09-25T06:08:54Z",354,"Jaros","LIV","0.0","0.0","0.0","0.0",0,0,"0.0",40,179,140,0,0,"0.0","i",0,0,,"false"
"2026-09-25T06:08:54Z",355,"Davies","LIV","0.1","0.1","0.1","0.1",1,0,"0.2",40,253,404,0,0,"0.0","a",0,0,,"false"
"2026-09-25T06:08:54Z",356,"Virgil","LIV","-55.9","-56.0","-56.1","-56.3",-3,-15,"16.2",65,17753,38165,25,450,"5.8","a",0,0,,"false"
"2026-09-25T06:08:54Z",357,"Frimpong","LIV","-32.3","-32.8","-33.5","-34.1",-2,-8,"1.8",53,1377,11337,2,178,"0.5","a",0,-2,,"false"
"2026-09-25T06:08:54Z",358,"Kerkez","LIV","-94.3","-94.5","-94.7","-95.0",-3,-4,"2.2",54,2238,8821,13,385,"3.2","a",0,-1,,"false"
"2026-09-25T06:08:54Z",359,"Gomez","LIV","0.0","0.0","0.0","0.0",0,0,"0.0",49,274,100,0,0,"0.0","a",0,-1,,"false"
"2026-09-25T06:08:54Z",360,"Bradley","LIV","-80.6","-80.6","-80.6","-80.6",-3,0,"0.0",50,44,64,0,0,"0.0","i",0,0,,"false"
"2026-09-25T06:08:54Z",361,"Lucky","LIV","-48.2","-48.2","-48.2","-48.2",-3,0,"0.1",40,245,475,0,0,"0.0","a",0,0,,"false"
"2026-09-25T06:08:54Z",362,"Jacquet","LIV","51.3","51.4","51.7","51.9",3,17,"3.5",50,28658,11173,24,415,"5.8","a",0,0,,"false"
"2026-09-25T06:08:54Z",363,"Leoni","LIV","-55.6","-55.6","-55.6","-55.6",-3,0,"0.0",40,58,152,0,0,"0.0","i",0,0,,"false"
"2026-09-25T06:08:54Z",364,"Tsimikas","LIV","-50.5","-52.3","-54.7","-57.1",-3,-1,"0.1",49,69,348,2,64,"0.5","a",0,-1,,"false"
"2026-09-25T06:08:54Z",365,"Ramsay","LIV","0.0","0.0","0.0","0.0",0,0,"0.1",40,0,393,0,0,"0.0","u",0,0,,"false"
"2026-09-25T06:08:54Z",366,"Wirtz","LIV","-32.9","-33.3","-33.9","-34.4",-2,-22,"5.8",73,2432,38054,18,402,"4.0","a",0,-2,,"false"
"2026-09-25T06:08:54Z",367,"Gakpo","LIV","5.0","5.1","5.3","5.4",1,9,"12.6",72,45636,70593,32,370,"5.0","a",0,2,,"false"
"2026-09-25T06:08:54Z",368,"Szoboszlai","LIV","-89.2","-89.4","-89.7","-90.0",-3,-73,"33.0",70,30349,189995,20,440,"3.0","a",0,0,,"false"
"2026-09-25T06:08:54Z",369,"Ngumoha","LIV","-19.5","-19.9","-20.6","-21.2",-1,-4,"0.5",57,643,3754,4,99,"0.5","a",-1,-3,,"false"
"2026-09-25T06:08:54Z",370,"Chiesa","LIV","-4.7","-4.7","-4.7","-4.7",-1,0,"0.0",53,13,212,0,0,"0.0","i",-1,-2,,"false"
"2026-09-25T06:08:54Z",371,"Gravenberch","LIV","-18.8","-19.1","-19.5","-19.9",-1,-5,"1.1",58,1042,8102,9,190,"1.0","a",-1,-2,,"false"
"2026-09-25T06:08:54Z",372,"Mac Allister","LIV","-39.1","-39.2","-39.4","-39.7",-2,-2,"1.3",54,3362,6027,11,306,"2.5","a",0,-1,,"false"
"2026-09-25T06:08:54Z",373,"C.Jones","LIV","0.0","0.0","0.0","0.0",0,0,"0.0",55,0,51,0,0,"0.0","u",0,0,,"false"
"2026-09-25T06:08:54Z",374,"Endo","LIV","-55.6","-55.6","-55.6","-55.6",-3,0,"0.1",49,138,375,0,0,"0.0","a",0,-1,,"false"
"2026-09-25T06:08:54Z",375,"Nyoni","LIV","-78.9","-78.9","-78.9","-78.9",-3,0,"0.0",49,72,271,3,38,"0.8","a",0,-1,,"false"
"2026-09-25T06:08:54Z",376,"Bajcetic","LIV","0.0","0.0","0.0","0.0",0,0,"0.0",50,0,1,0,0,"0.0","u",0,0,,"false"
"2026-09-25T06:08:54Z",377,"Munoz","LIV","6.3","6.3","6.2","6.2",1,-4,"0.9",65,1194,10428,15,257,"2.8","a",0,0,,"false"
"2026-09-25T06:08:54Z",378,"McConnell","LIV","-1.9","-1.9","-1.9","-1.9",-1,0,"0.2",44,944,1284,0,0,"0.0","a",0,-1,,"false"
"2026-09-25T06:08:54Z",379,"Isak","LIV","9.7","10.7","12.2","13.6",1,103,"22.5",91,101458,60870,33,413,"7.8","a",0,1,,"false"
"2026-09-25T06:08:54Z",380,"Ekitiké","LIV","-24.7","-24.7","-24.7","-24.7",-2,0,"0.1",74,296,687,0,0,"0.0","i",0,-1,,"false"
"2026-09-25T06:08:54Z",381,"Koumas","LIV","-89.3","-89.3","-89.3","-89.3",-3,0,"0.0",50,125,158,3,22,"0.5","a",0,0,,"false"
"2026-09-25T06:08:54Z",382,"Danns","LIV","3.3","3.3","3.3","3.3",1,0,"0.2",45,2984,2073,0,0,"0.0","a",0,0,,"false"
"2026-09-25T06:08:54Z",383,"Elliott","LIV","0.0","0.0","0.0","0.0",0,0,"0.0",54,0,184,0,0,"0.0","u",0,-1,,"false"
"2026-09-25T06:08:54Z",579,"Araujo","LIV","31.4","31.5","31.7","31.9",2,12,"3.0",54,14427,9062,22,284,"5.2","a",0,-1,,"false"
"2026-09-25T06:08:54Z",627,"Barcola","LIV","-65.6","-65.5","-65.5","-65.5",-3,1,"1.8",80,7880,16735,7,168,"2.3","a",0,0,,"false"
"2026-09-25T06:08:54Z",155,"Enzo","MCI","0.5","0.6","0.9","1.1",1,16,"3.6",69,26791,12145,13,271,"3.0","a",0,-1,,"false"
"2026-09-25T06:08:54Z",237,"Ndiaye","MCI","-17.0","-17.2","-17.5","-17.7",-1,-21,"6.8",58,6052,62501,22,385,"3.2","a",-1,-2,,"false"
"2026-09-25T06:08:54Z",384,"Donnarumma","MCI","-47.0","-47.1","-47.3","-47.5",-3,-9,"7.6",55,9415,26560,19,450,"4.0","a",0,0,,"false"
"2026-09-25T06:08:54Z",386,"Bettinelli","MCI","-80.0","-80.0","-80.0","-80.0",-3,0,"0.0",45,44,73,0,0,"0.0","a",0,0,,"false"
"2026-09-25T06:08:54Z",387,"O'Reilly","MCI","-2.3","-2.6","-2.9","-3.3",-1,-45,"11.0",63,4431,63517,6,163,"1.0","a",-1,-2,,"false"
"2026-09-25T06:08:54Z",388,"Guéhi","MCI","62.2","62.2","62.1","62.0",3,-7,"18.3",60,20968,43726,30,450,"5.0","a",0,0,,"false"
"2026-09-25T06:08:54Z",389,"Matheus N.","MCI","-30.8","-31.3","-31.9","-32.5",-2,-4,"1.0",59,1433,2506,11,213,"2.5","a",0,-1,,"false"
"2026-09-25T06:08:54Z",390,"Rúben","MCI","3.7","3.7","3.6","3.5",1,-7,"1.9",55,4044,7976,17,450,"3.8","a",0,0,,"false"
"2026-09-25T06:08:54Z",391,"Gvardiol","MCI","72.5","72.9","73.4","73.9",3,36,"26.7",57,130365,44782,37,434,"7.0","a",0,2,,"false"
"2026-09-25T06:08:54Z",392,"Aït-Nouri","MCI","-89.8","-90.1","-90.6","-91.0",-3,-1,"0.4",53,448,1924,0,0,"0.0","a",0,-2,,"false"
"2026-09-25T06:08:54Z",393,"Khusanov","MCI","-30.3","-30.8","-31.4","-32.1",-2,-6,"1.4",54,1219,8152,9,268,"1.8","a",0,-1,,"false"
"2026-09-25T06:08:54Z",394,"Alleyne","MCI","0.0","0.0","0.0","0.0",0,0,"0.0",50,0,16,0,0,"0.0","u",0,0,,"false"
"2026-09-25T06:08:54Z",395,"Lewis","MCI","-58.9","-58.9","-58.9","-58.9",-3,0,"0.2",44,261,1063,1,56,"0.0","a",0,-1,,"false"
"2026-09-25T06:08:54Z",396,"Vitor Reis","MCI","-76.3","-76.3","-76.3","-76.3",-3,0,"0.0",45,63,129,1,1,"0.2","a",0,0,,"false"
"2026-09-25T06:08:54Z",397,"Semenyo","MCI","-16.9","-17.2","-17.5","-17.9",-1,-74,"15.5",84,118725,45089,33,450,"7.8","d",0,-1,,"false"
"2026-09-25T06:08:54Z",398,"Foden","MCI","-41.6","-41.9","-42.4","-42.9",-3,-18,"1.8",69,161,25250,9,217,"2.0","s",0,-1,,"false"
"2026-09-25T06:08:54Z",399,"Cherki","MCI","-57.1","-56.3","-55.2","-54.2",-3,76,"28.3",78,101981,78382,34,302,"6.5","a",0,3,,"false"
"2026-09-25T06:08:54Z",400,"Doku","MCI","-0.1","-0.1","-0.1","-0.1",-1,0,"0.7",74,3223,1648,1,15,"0.2","a",0,-1,"2026-09-26T13:30:09.795433Z","false"
"2026-09-25T06:08:54Z",402,"Rodrigo","MCI","0.0","0.0","0.0","0.0",0,0,"0.0",65,0,22,0,0,"0.0","u",0,0,,"false"
"2026-09-25T06:08:54Z",404,"Reijnders","MCI","0.0","0.0","0.0","0.0",0,0,"0.0",60,0,80,0,0,"0.0","u",0,0,,"false"
"2026-09-25T06:08:54Z",406,"Kovačić","MCI","-87.6","-87.6","-87.6","-87.6",-3,0,"0.1",54,88,398,2,42,"0.2","a",0,-1,,"false"
"2026-09-25T06:08:54Z",407,"Echeverri","MCI","0.0","0.0","0.0","0.0",0,0,"0.0",49,0,46,0,0,"0.0","u",0,-1,,"false"
"2026-09-25T06:08:54Z",408,"Phillips","MCI","0.0","0.0","0.0","0.0",0,0,"0.0",50,0,9,0,0,"0.0","u",0,0,,"false"
"2026-09-25T06:08:54Z",409,"Mukasa","MCI","0.0","0.0","0.0","0.0",0,0,"0.1",45,0,513,0,0,"0.0","u",0,0,,"false"
"2026-09-25T06:08:54Z",410,"Monga","MCI","0.0","0.0","0.0","0.0",0,0,"0.0",49,0,45,0,0,"0.0","u",0,-1,,"false"
"2026-09-25T06:08:54Z",411,"Haaland","MCI","19.2","19.6","20.1","20.6",1,38,"73.7",156,66935,16354,39,450,"9.2","a",0,1,,"false"
"2026-09-25T06:08:54Z",481,"Anderson","MCI","-37.0","-37.3","-37.6","-38.0",-2,-11,"4.0",63,6736,24752,15,413,"3.2","a",0,-2,,"false"
"2026-09-25T06:08:54Z",587,"Rulli","MCI","-85.1","-85.1","-85.1","-85.1",-3,0,"0.0",50,56,90,0,0,"0.0","a",0,0,,"false"
"2026-09-25T06:08:54Z",616,"Bouaddi","MCI","-28.1","-27.4","-26.4","-25.4",-2,1,"0.2",55,730,1922,2,22,"0.5","a",0,0,,"false"
"2026-09-25T06:08:54Z",621,"McAidoo","MCI","-78.5","-79.6","-81.3","-82.9",-3,-1,"0.1",45,166,963,2,11,"0.5","a",0,0,,"false"
"2026-09-25T06:08:54Z",622,"Braithwaite","MCI","-31.5","-31.2","-30.8","-30.4",-2,1,"0.2",40,509,1442,1,1,"0.2","a",0,0,,"false"
"2026-09-25T06:08:54Z",628,"Allan","MCI","0.1","0.1","0.1","0.2",1,2,"0.0",60,197,137,0,0,"0.0","a",0,0,,"false"
"2026-09-25T06:08:54Z",653,"Samba","MCI","-31.0","-31.0","-31.0","-31.0",-2,0,"0.0",45,216,423,0,0,"0.0","a",0,0,,"false"
"2026-09-25T06:08:54Z",43,"Tielemans","MUN","-32.8","-33.5","-34.3","-35.2",-2,-9,"1.5",58,2606,9592,14,402,"3.0","a",0,-2,,"false"
"2026-09-25T06:08:54Z",131,"Baleba","MUN","0.0","0.0","0.0","0.0",0,0,"0.1",49,1010,626,0,0,"0.0","a",0,-1,"2026-09-26T13:30:09.440487Z","false"
"2026-09-25T06:08:54Z",162,"Andrey Santos","MUN","-42.7","-43.8","-45.3","-46.9",-3,-6,"0.6",48,905,4387,4,82,"0.5","a",0,-2,,"false"
"2026-09-25T06:08:54Z",325,"Darlow","MUN","-18.2","-18.2","-18.2","-18.2",-1,0,"0.0",45,57,168,0,0,"0.0","d",0,0,,"false"
"2026-09-25T06:08:54Z",412,"Lammens","MUN","-15.1","-15.2","-15.4","-15.6",-1,-14,"10.0",49,5693,43734,11,450,"2.5","a",0,-1,,"false"
"2026-09-25T06:08:54Z",413,"Bayindir","MUN","0.0","0.0","0.0","0.0",0,0,"0.0",45,0,32,0,0,"0.0","u",0,0,,"false"
"2026-09-25T06:08:54Z",414,"Heaton","MUN","-33.2","-33.7","-34.5","-35.3",-2,-1,"0.1",40,174,232,0,0,"0.0","i",0,0,,"false"
"2026-09-25T06:08:54Z",415,"Dorgu","MUN","-95.2","-95.2","-95.2","-95.2",-4,0,"0.5",58,910,3410,10,171,"2.5","a",0,-2,,"false"
"2026-09-25T06:08:54Z",416,"De Ligt","MUN","-89.6","-91.5","-94.2","-96.9",-3,-1,"0.0",50,62,105,0,0,"0.0","i",0,0,,"false"
"2026-09-25T06:08:54Z",417,"Dalot","MUN","-70.5","-70.8","-71.2","-71.7",-3,-5,"1.6",49,1024,6579,8,346,"1.8","a",0,-1,,"false"
"2026-09-25T06:08:54Z",418,"Maguire","MUN","-0.9","-0.9","-1.0","-1.1",-1,-10,"8.7",48,3598,68843,10,450,"2.2","a",-1,-2,,"false"
"2026-09-25T06:08:54Z",419,"Martinez","MUN","-89.8","-90.0","-90.2","-90.4",-3,-2,"1.3",50,3207,5677,6,360,"1.5","a",0,0,,"false"
"2026-09-25T06:08:54Z",420,"Yoro","MUN","-9.0","-9.2","-9.6","-10.0",-1,-2,"0.5",48,419,1938,2,22,"0.5","a",-1,-2,,"false"
"2026-09-25T06:08:54Z",421,"Heaven","MUN","-92.3","-92.8","-93.4","-94.1",-3,-1,"0.3",44,194,1272,1,90,"0.0","a",0,-1,,"false"
"2026-09-25T06:08:54Z",422,"Mazraoui","MUN","-67.0","-66.8","-66.4","-66.1",-3,1,"0.5",44,510,2576,3,97,"0.5","a",0,-1,,"false"
"2026-09-25T06:08:54Z",423,"Shaw","MUN","-3.7","-3.8","-3.9","-4.0",-1,-13,"7.7",43,2892,70950,9,335,"2.0","a",-1,-2,,"false"
"2026-09-25T06:08:54Z",424,"Amass","MUN","-41.3","-41.3","-41.3","-41.3",-3,0,"0.2",40,366,672,0,0,"0.0","a",0,0,,"false"
"2026-09-25T06:08:54Z",425,"Fredricson","MUN","0.0","0.0","0.0","0.0",0,0,"0.0",40,0,40,0,0,"0.0","u",0,0,,"false"
"2026-09-25T06:08:54Z",426,"B.Fernandes","MUN","-0.8","-0.9","-1.0","-1.0",-1,-40,"38.6",119,34323,178820,31,450,"7.2","a",-1,-1,,"false"
"2026-09-25T06:08:54Z",427,"Mbeumo","MUN","-69.8","-70.0","-70.2","-70.3",-3,-27,"20.6",79,29418,117059,25,450,"5.8","a",0,-1,,"false"
"2026-09-25T06:08:54Z",428,"Cunha","MUN","-91.1","-90.8","-90.4","-90.0",-3,16,"5.7",79,17023,19099,26,407,"6.0","a",0,-1,,"false"
"2026-09-25T06:08:54Z",429,"Rashford","MUN","-71.3","-71.9","-72.8","-73.6",-3,-16,"1.5",70,3942,14850,10,351,"2.2","d",0,0,,"false"
"2026-09-25T06:08:54Z",430,"Mount","MUN","0.1","0.1","0.1","0.1",1,0,"0.0",54,152,165,1,10,"0.2","a",0,-1,,"false"
"2026-09-25T06:08:54Z",431,"Amad","MUN","-14.3","-14.3","-14.3","-14.3",-1,0,"0.3",57,104,1550,0,0,"0.0","i",0,-3,,"false"
"2026-09-25T06:08:54Z",432,"Mainoo","MUN","14.0","13.9","13.7","13.6",1,-12,"1.6",55,7080,12493,22,354,"5.2","d",0,0,,"false"
"2026-09-25T06:08:54Z",433,"Ugarte","MUN","-65.6","-65.6","-65.6","-65.6",-3,0,"0.0",50,20,23,0,0,"0.0","i",0,0,,"false"
"2026-09-25T06:08:54Z",434,"J.Fletcher","MUN","-36.7","-36.7","-36.7","-36.7",-2,0,"0.0",49,37,53,0,0,"0.0","a",0,-1,,"false"
"2026-09-25T06:08:54Z",435,"Lacey","MUN","-5.0","-5.0","-5.0","-5.0",-1,0,"0.1",49,335,304,1,10,"0.0","a",0,-1,,"false"
"2026-09-25T06:08:54Z",436,"Collyer","MUN","0.0","0.0","0.0","0.0",0,0,"0.0",50,0,42,0,0,"0.0","u",0,0,,"false"
"2026-09-25T06:08:54Z",437,"Bendito Mantato","MUN","0.0","0.0","0.0","0.0",0,0,"0.2",44,286,721,0,0,"0.0","a",-1,-1,,"false"
"2026-09-25T06:08:54Z",438,"Fletcher","MUN","0.4","0.4","0.4","0.4",1,0,"0.3",44,2273,1814,0,0,"0.0","a",0,-1,,"false"
"2026-09-25T06:08:54Z",439,"Šeško","MUN","-33.1","-34.2","-35.7","-37.2",-2,-31,"1.6",70,6379,20966,8,76,"1.8","d",0,0,,"false"
"2026-09-25T06:08:54Z",440,"Zirkzee","MUN","-7.5","-7.5","-7.5","-7.5",-1,0,"0.4",53,1554,2724,2,20,"0.5","a",-1,-2,,"false"
"2026-09-25T06:08:54Z",441,"Obi","MUN","0.0","0.0","0.0","0.0",0,-8,"0.9",45,0,10019,0,0,"0.0","u",0,0,,"false"
"2026-09-25T06:08:54Z",405,"N.Gonzalez","NEW","0.8","0.8","0.8","0.8",1,0,"0.2",55,490,1711,5,164,"1.2","a",0,0,"2026-09-27T16:30:09.285267Z","false"
"2026-09-25T06:08:54Z",442,"Pope","NEW","-40.4","-40.4","-40.4","-40.4",-3,0,"0.9",49,756,2779,0,0,"0.0","a",0,-1,,"false"
"2026-09-25T06:08:54Z",443,"Gillespie","NEW","-35.6","-35.6","-35.6","-35.6",-2,0,"0.0",45,35,73,0,0,"0.0","a",0,0,,"false"
"2026-09-25T06:08:54Z",444,"Jaouen","NEW","-5.6","-5.6","-5.6","-5.6",-1,0,"0.0",44,18,107,0,0,"0.0","d",-1,-1,,"false"
"2026-09-25T06:08:54Z",445,"Thiaw","NEW","16.7","16.7","16.7","16.7",1,0,"2.2",50,7386,8630,14,450,"2.8","a",0,0,,"false"
"2026-09-25T06:08:54Z",446,"Schär","NEW","-10.8","-11.4","-12.2","-13.0",-1,-1,"0.2",49,480,820,2,25,"0.2","a",0,-1,,"false"
"2026-09-25T06:08:54Z",447,"Botman","NEW","9.0","9.0","9.0","9.0",1,0,"0.7",50,4117,2527,15,450,"3.0","a",0,0,,"false"
"2026-09-25T06:08:54Z",448,"Burn","NEW","-2.6","-2.7","-2.8","-2.9",-1,-3,"0.7",48,85,5073,0,0,"0.0","i",-1,-2,,"false"
"2026-09-25T06:08:54Z",449,"Hall","NEW","4.4","4.7","5.3","5.8",1,102,"17.1",53,222154,15814,31,449,"7.0","a",1,3,,"false"
"2026-09-25T06:08:54Z",450,"Livramento","NEW","1.5","1.5","1.5","1.5",1,-1,"0.1",49,412,1354,4,33,"1.0","d",0,-1,,"false"
"2026-09-25T06:08:54Z",451,"A.Murphy","NEW","0.0","0.0","0.0","0.0",0,0,"0.1",40,0,253,0,0,"0.0","u",0,0,,"false"
"2026-09-25T06:08:54Z",453,"Barnes","NEW","13.4","13.6","13.9","14.2",1,59,"5.5",61,141551,13650,28,450,"6.5","a",1,1,,"false"
"2026-09-25T06:08:54Z",454,"Elanga","NEW","-34.1","-34.4","-34.9","-35.4",-2,-72,"4.6",61,278,155313,18,232,"2.2","i",-1,1,,"false"
"2026-09-25T06:08:54Z",456,"J.Ramsey","NEW","-81.5","-81.9","-82.4","-82.9",-3,-3,"0.2",49,41,4274,7,69,"1.8","i",0,-1,,"false"
"2026-09-25T06:08:54Z",457,"J.Murphy","NEW","-20.6","-19.1","-16.9","-14.8",-1,2,"0.1",59,812,670,3,181,"0.8","a",0,-1,,"false"
"2026-09-25T06:08:54Z",458,"Joelinton","NEW","-57.6","-57.6","-57.6","-57.6",-3,0,"0.0",54,11,65,0,0,"0.0","i",0,-1,,"false"
"2026-09-25T06:08:54Z",459,"L.Miley","NEW","0.6","0.6","0.6","0.6",1,0,"0.1",55,411,382,12,396,"2.2","a",0,0,,"false"
"2026-09-25T06:08:54Z",460,"Willock","NEW","14.1","14.1","14.2","14.2",1,3,"0.5",50,8613,2225,22,284,"4.0","a",0,0,,"false"
"2026-09-25T06:08:54Z",461,"Touré","NEW","-8.1","-8.1","-8.1","-8.1",-1,0,"0.1",58,283,749,8,50,"2.0","a",0,-2,,"false"
"2026-09-25T06:08:54Z",462,"Steur","NEW","-48.4","-45.5","-41.4","-37.2",-3,2,"0.1",49,235,336,8,223,"1.8","a",0,-1,,"false"
"2026-09-25T06:08:54Z",463,"Woltemade","NEW","0.0","0.0","0.0","0.0",0,0,"0.5",59,0,3185,4,19,"1.0","u",0,-1,,"false"
"2026-09-25T06:08:54Z",464,"Wissa","NEW","57.1","57.4","57.9","58.3",3,30,"18.7",62,72795,128349,15,441,"2.8","a",0,2,,"false"
"2026-09-25T06:08:54Z",465,"Osula","NEW","-6.5","-6.5","-6.5","-6.5",-1,0,"0.3",58,103,2059,4,55,"0.0","i",-1,-2,,"false"
"2026-09-25T06:08:54Z",466,"Neave","NEW","0.0","0.0","0.0","0.0",0,-2,"0.5",45,0,3407,0,0,"0.0","u",0,0,,"false"
"2026-09-25T06:08:54Z",559,"Bamba","NEW","-63.0","-63.0","-63.0","-63.0",-3,0,"0.1",49,111,426,3,27,"0.5","a",0,-1,,"false"
"2026-09-25T06:08:54Z",567,"Horníček","NEW","22.3","22.3","22.2","22.2",2,-2,"1.5",50,6322,4204,14,450,"3.2","a",0,0,,"false"
"2026-09-25T06:08:54Z",593,"Dedić","NEW","-7.4","-7.6","-7.9","-8.3",-1,-11,"1.8",45,219,34607,13,327,"3.0","i",0,0,,"false"
"2026-09-25T06:08:54Z",609,"Shahar","NEW","0.0","0.0","0.0","0.0",0,0,"0.2",40,0,1656,0,0,"0.0","u",0,0,,"false"
"2026-09-25T06:08:54Z",634,"Fernandez-Pardo","NEW","0.6","0.6","0.6","0.6",1,0,"0.1",60,1551,1241,4,157,"1.3","a",0,0,,"false"
"2026-09-25T06:08:54Z",659,"Miley","NEW","0.0","0.0","0.0","0.0",0,0,"0.0",45,1258,570,0,0,"0.0","a",0,0,"2026-09-27T21:39:41.033165Z","false"
"2026-09-25T06:08:54Z",663,"Pivas","NEW","0.0","0.0","0.0","0.0",0,0,"0.0",40,330,41,0,0,"0.0","a",0,0,"2026-10-02T19:10:51.639791Z","false"
"2026-09-25T06:08:54Z",664,"Salia","NEW","0.0","0.0","0.0","0.0",0,0,"0.1",45,7931,1178,0,0,"0.0","a",0,0,"2026-10-02T19:11:17.402697Z","false"
"2026-09-25T06:08:54Z",665,"Mills","NEW","0.0","0.0","0.0","0.0",0,0,"0.0",45,142,23,0,0,"0.0","a",0,0,"2026-10-02T19:11:39.931907Z","false"
"2026-09-25T06:08:54Z",666,"Thompson","NEW","0.0","0.0","0.0","0.0",0,0,"0.0",45,190,23,0,0,"0.0","a",0,0,"2026-10-02T19:12:09.032926Z","false"
"2026-09-25T06:08:54Z",167,"Delap","NFO","-21.2","-21.2","-21.2","-21.2",-2,0,"2.7",56,23358,25755,9,277,"2.2","a",1,1,,"false"
"2026-09-25T06:08:54Z",201,"Muñoz","NFO","-42.8","-42.9","-43.2","-43.4",-3,-9,"5.7",54,7019,26692,5,257,"1.2","a",0,-1,,"false"
"2026-09-25T06:08:54Z",467,"Sels","NFO","4.3","4.3","4.3","4.2",1,-2,"1.6",50,1700,5402,14,450,"3.0","a",0,0,,"false"
"2026-09-25T06:08:54Z",468,"John","NFO","-68.8","-68.8","-68.8","-68.8",-3,0,"0.1",45,49,129,0,0,"0.0","a",0,0,,"false"
"2026-09-25T06:08:54Z",469,"N.Williams","NFO","23.4","23.4","23.3","23.1",2,-8,"8.8",50,9832,40407,19,450,"4.2","a",0,0,,"false"
"2026-09-25T06:08:54Z",470,"Morato","NFO","0.0","0.0","0.0","0.0",0,0,"0.0",50,0,98,0,0,"0.0","u",0,0,,"false"
"2026-09-25T06:08:54Z",471,"Milenković","NFO","-10.9","-11.1","-11.5","-11.8",-1,-12,"1.0",54,53,10802,12,270,"2.5","i",-1,-1,,"false"
"2026-09-25T06:08:54Z",472,"Murillo","NFO","22.5","22.5","22.5","22.5",2,0,"2.1",55,7066,7025,23,449,"4.8","a",0,0,,"false"
"2026-09-25T06:08:54Z",473,"Aina","NFO","-1.8","-1.9","-2.2","-2.4",-1,-6,"2.4",44,947,18699,8,306,"0.8","a",-1,-1,,"false"
"2026-09-25T06:08:54Z",474,"Jair Cunha","NFO","-44.4","-44.4","-44.4","-44.4",-3,0,"0.2",45,207,575,11,360,"2.5","a",0,0,,"false"
"2026-09-25T06:08:54Z",475,"Savona","NFO","-17.3","-17.3","-17.3","-17.3",-1,0,"0.0",45,19,17,0,0,"0.0","i",0,0,,"false"
"2026-09-25T06:08:54Z",476,"O.Richards","NFO","-62.5","-62.5","-62.5","-62.5",-3,0,"0.2",40,250,637,0,0,"0.0","a",0,0,,"false"
"2026-09-25T06:08:54Z",477,"Abbott","NFO","0.0","0.0","0.0","0.0",0,-3,"0.1",40,0,696,0,0,"0.0","u",0,0,,"false"
"2026-09-25T06:08:54Z",478,"Netz","NFO","-5.9","-5.9","-5.9","-5.9",-1,0,"0.0",44,49,100,3,27,"0.5","a",0,-1,,"false"
"2026-09-25T06:08:54Z",479,"Bindon","NFO","0.0","0.0","0.0","0.0",0,0,"0.1",40,0,461,0,0,"0.0","u",0,0,,"false"
"2026-09-25T06:08:54Z",480,"Gibbs-White","NFO","47.4","47.5","47.7","47.9",3,14,"15.7",80,55327,72722,28,450,"6.5","a",0,0,,"false"
"2026-09-25T06:08:54Z",482,"Hudson-Odoi","NFO","-33.2","-33.2","-33.2","-33.2",-2,0,"0.1",58,225,1043,1,1,"0.2","a",0,-2,,"false"
"2026-09-25T06:08:54Z",483,"Ndoye","NFO","12.7","12.7","12.7","12.6",1,-1,"0.7",55,646,7443,15,316,"3.0","a",0,0,,"false"
"2026-09-25T06:08:54Z",484,"Hutchinson","NFO","0.0","0.0","0.0","0.0",0,0,"0.1",54,0,297,0,0,"0.0","u",0,-1,,"false"
"2026-09-25T06:08:54Z",485,"Bakwa","NFO","0.0","0.0","0.0","0.0",0,0,"0.0",55,0,28,0,0,"0.0","u",0,0,,"false"
"2026-09-25T06:08:54Z",486,"McAtee","NFO","2.1","2.1","2.1","2.0",1,-2,"0.1",55,308,831,12,416,"2.2","a",0,0,,"false"
"2026-09-25T06:08:54Z",487,"Dominguez","NFO","-61.3","-61.3","-61.3","-61.3",-3,0,"0.1",49,54,267,1,1,"0.2","a",0,-1,,"false"
"2026-09-25T06:08:54Z",488,"I.Sangaré","NFO","-88.7","-88.5","-88.1","-87.7",-3,1,"0.4",49,267,2678,4,105,"0.5","a",0,-1,,"false"
"2026-09-25T06:08:54Z",489,"Yates","NFO","-79.9","-80.0","-80.3","-80.5",-3,-2,"1.2",45,517,6568,0,0,"0.0","a",0,0,,"false"
"2026-09-25T06:08:54Z",490,"Wood","NFO","-35.5","-35.9","-36.4","-37.0",-2,-4,"0.9",58,1591,5747,4,62,"0.8","a",0,-2,,"false"
"2026-09-25T06:08:54Z",491,"Igor Jesus","NFO","0.3","0.1","-0.3","-1.1",1,-16,"2.6",58,5986,20894,12,257,"2.5","a",0,-2,,"false"
"2026-09-25T06:08:54Z",493,"Kalimuendo","NFO","0.0","0.0","0.0","-0.5",0,-1,"0.1",54,187,353,1,1,"0.0","a",0,-1,,"false"
"2026-09-25T06:08:54Z",558,"Schlager","NFO","0.4","0.4","0.4","0.4",1,0,"0.1",50,184,681,13,376,"3.0","a",0,0,,"false"
"2026-09-25T06:08:54Z",581,"Diomande","NFO","-46.8","-46.8","-46.8","-46.8",-3,0,"0.5",54,1297,1960,7,163,"1.8","a",0,-1,,"false"
"2026-09-25T06:08:54Z",590,"Benda","NFO","0.0","0.0","0.0","0.0",0,0,"0.1",45,109,203,0,0,"0.0","a",0,0,,"false"
"2026-09-25T06:08:54Z",112,"Van Hecke","TOT","-25.3","-25.3","-25.4","-25.5",-2,-3,"6.6",49,15184,23931,24,450,"5.8","a",0,-1,,"false"
"2026-09-25T06:08:54Z",147,"Tosin","TOT","-35.3","-35.3","-35.3","-35.3",-2,0,"0.1",44,86,491,1,5,"0.2","a",0,-1,,"false"
"2026-09-25T06:08:54Z",401,"Marmoush","TOT","35.1","35.1","35.2","35.2",2,3,"2.1",70,8555,19316,8,339,"2.0","a",0,0,,"false"
"2026-09-25T06:08:54Z",403,"Sávio","TOT","10.2","10.1","10.1","10.1",1,-2,"0.7",65,2407,5995,8,240,"2.0","a",0,0,,"false"
"2026-09-25T06:08:54Z",455,"Tonali","TOT","-16.4","-16.6","-16.8","-16.9",-1,-4,"1.9",53,1950,13537,14,427,"3.0","a",-1,-2,,"false"
"2026-09-25T06:08:54Z",494,"Vicario","TOT","0.0","0.0","0.0","0.0",0,0,"0.1",45,0,635,0,0,"0.0","u",0,0,,"false"
"2026-09-25T06:08:54Z",495,"Austin","TOT","2.0","2.0","2.0","2.0",1,0,"1.0",40,1663,1922,0,0,"0.0","a",0,0,,"false"
"2026-09-25T06:08:54Z",496,"Kinsky","TOT","-46.7","-46.8","-46.9","-47.0",-3,-12,"17.4",45,14576,100965,18,450,"4.0","a",0,0,,"false"
"2026-09-25T06:08:54Z",497,"Dubravka","TOT","-22.5","-22.5","-22.5","-22.6",-2,-3,"17.2",40,22608,42239,0,0,"0.0","a",0,0,,"false"
"2026-09-25T06:08:54Z",498,"Senesi","TOT","-48.2","-48.6","-49.1","-49.7",-3,-13,"3.5",58,1001,19040,3,90,"0.0","a",0,-2,,"false"
"2026-09-25T06:08:54Z",499,"Pedro Porro","TOT","-25.4","-25.8","-26.3","-26.8",-2,-50,"7.7",54,1563,66217,9,198,"2.2","d",0,-1,,"false"
"2026-09-25T06:08:54Z",500,"Romero","TOT","0.0","0.0","0.0","0.0",0,0,"0.1",50,0,245,0,0,"0.0","u",0,0,,"false"
"2026-09-25T06:08:54Z",502,"Robertson","TOT","0.4","0.4","0.4","0.4",1,0,"2.5",44,4685,11138,17,366,"3.5","a",0,-1,,"false"
"2026-09-25T06:08:54Z",503,"Van de Ven","TOT","-19.3","-19.5","-19.9","-20.3",-1,-10,"3.8",50,4822,17676,16,360,"4.0","a",0,0,,"false"
"2026-09-25T06:08:54Z",505,"Spence","TOT","0.0","0.0","0.0","0.0",0,-4,"0.2",45,0,1021,0,0,"0.0","u",0,0,,"false"
"2026-09-25T06:08:54Z",506,"Udogie","TOT","-18.1","-18.1","-18.1","-18.1",-1,0,"0.3",44,288,1442,7,86,"1.5","a",0,-1,,"false"
"2026-09-25T06:08:54Z",507,"Phillips","TOT","0.0","0.0","0.0","0.0",0,0,"0.0",45,0,49,0,0,"0.0","u",0,0,,"false"
"2026-09-25T06:08:54Z",508,"Davies","TOT","1.3","1.3","1.3","1.3",1,2,"0.9",39,6363,3291,0,0,"0.0","a",-1,-1,,"false"
"2026-09-25T06:08:54Z",509,"Byfield","TOT","-2.5","-2.5","-2.5","-2.5",-1,0,"0.1",40,113,216,0,0,"0.0","a",0,0,,"false"
"2026-09-25T06:08:54Z",510,"Rowswell","TOT","-14.7","-14.7","-14.7","-14.7",-1,0,"0.1",40,129,299,0,0,"0.0","a",0,0,,"false"
"2026-09-25T06:08:54Z",511,"Souza","TOT","0.0","0.0","0.0","0.0",0,0,"0.2",40,0,781,0,0,"0.0","u",0,0,,"false"
"2026-09-25T06:08:54Z",512,"Kudus","TOT","1.9","1.9","2.0","2.0",1,2,"0.2",65,1919,959,7,123,"1.8","a",0,0,,"false"
"2026-09-25T06:08:54Z",513,"Xavi","TOT","-16.7","-16.7","-16.7","-16.7",-1,0,"0.0",59,40,70,0,0,"0.0","i",0,-1,,"false"
"2026-09-25T06:08:54Z",514,"Tel","TOT","-22.5","-23.8","-25.7","-27.5",-2,-4,"0.2",57,168,1765,8,257,"1.5","a",-1,-3,,"false"
"2026-09-25T06:08:54Z",515,"Maddison","TOT","-64.9","-64.9","-64.9","-64.9",-3,0,"0.4",63,627,1738,3,59,"0.5","a",0,-2,,"false"
"2026-09-25T06:08:54Z",516,"Bentancur","TOT","-67.5","-67.5","-67.5","-67.5",-3,0,"0.2",55,306,582,15,370,"3.5","a",0,0,,"false"
"2026-09-25T06:08:54Z",517,"Odobert","TOT","0.0","0.0","0.0","0.0",0,0,"0.0",55,14,10,0,0,"0.0","i",0,0,,"false"
"2026-09-25T06:08:54Z",518,"P.M.Sarr","TOT","0.0","0.0","0.0","0.0",0,0,"0.1",49,0,594,0,0,"0.0","u",0,-1,,"false"
"2026-09-25T06:08:54Z",519,"Gallagher","TOT","0.1","0.1","0.1","0.1",1,0,"0.2",53,716,555,9,134,"2.2","a",0,-2,,"false"
"2026-09-25T06:08:54Z",520,"Bergvall","TOT","-1.8","-1.8","-1.8","-1.8",-1,0,"0.1",53,85,543,3,78,"0.5","a",-1,-2,,"false"
"2026-09-25T06:08:54Z",521,"Kulusevski","TOT","-82.4","-82.4","-82.4","-82.4",-3,0,"0.0",65,56,52,0,0,"0.0","i",0,0,,"false"
"2026-09-25T06:08:54Z",522,"Gray","TOT","-20.3","-20.3","-20.3","-20.3",-2,0,"0.2",49,415,1056,9,307,"1.8","a",0,-1,,"false"
"2026-09-25T06:08:54Z",523,"Moore","TOT","0.0","0.0","0.0","0.0",0,0,"0.1",50,0,483,3,89,"0.2","u",0,0,,"false"
"2026-09-25T06:08:54Z",524,"Olusesi","TOT","7.4","7.4","7.4","7.4",1,-2,"1.0",44,5541,6827,0,0,"0.0","a",0,-1,,"false"
"2026-09-25T06:08:54Z",525,"Fernandes","TOT","-7.2","-7.4","-7.6","-7.8",-1,-2,"0.8",57,393,5946,7,249,"1.5","a",-1,-3,,"false"
"2026-09-25T06:08:54Z",526,"Solanke","TOT","-27.0","-27.9","-29.1","-30.2",-2,-7,"0.8",58,1470,4997,7,170,"1.5","a",0,-2,,"false"
"2026-09-25T06:08:54Z",527,"Richarlison","TOT","0.0","0.0","0.0","0.0",0,-3,"0.6",59,0,4997,2,67,"0.0","u",0,-1,,"false"
"2026-09-25T06:08:54Z",528,"Scarlett","TOT","0.0","0.0","0.0","0.0",0,-4,"1.1",45,0,7184,0,0,"0.0","u",0,0,,"false"
"2026-09-25T06:08:54Z",578,"Mudryk","TOT","-9.4","-9.4","-9.4","-9.4",-1,0,"0.0",53,19,506,1,16,"0.2","i",-1,-2,,"false"
"2026-09-25T06:08:54Z",601,"Williams-Barnett","TOT","-46.5","-46.5","-46.5","-46.5",-3,0,"0.1",45,147,673,0,0,"0.0","a",0,0,,"false"
"2026-09-25T06:08:54Z",501,"Danso","SUN","-78.4","-78.4","-78.4","-78.4",-3,0,"0.2",50,1031,725,3,270,"0.8","a",0,0,,"false"
"2026-09-25T06:08:54Z",529,"Roefs","SUN","-14.5","-14.8","-15.1","-15.4",-1,-6,"2.5",49,1864,10338,11,450,"2.5","a",0,-1,,"false"
"2026-09-25T06:08:54Z",530,"Patterson","SUN","0.0","0.0","0.0","0.0",0,0,"0.1",40,0,310,0,0,"0.0","u",0,0,,"false"
"2026-09-25T06:08:54Z",531,"Ellborg","SUN","-96.1","-96.1","-96.1","-96.1",-4,0,"0.1",45,116,217,0,0,"0.0","a",0,0,,"false"
"2026-09-25T06:08:54Z",532,"Ballard","SUN","-87.0","-87.1","-87.3","-87.5",-3,-4,"2.5",49,3437,13448,14,450,"3.5","a",0,-1,,"false"
"2026-09-25T06:08:54Z",533,"Mukiele","SUN","-15.0","-15.4","-15.8","-16.3",-1,-6,"1.9",54,4592,7761,13,360,"3.2","a",0,-1,,"false"
"2026-09-25T06:08:54Z",534,"Hume","SUN","-6.5","-6.6","-6.8","-7.0",-1,-6,"2.8",43,1099,27207,10,206,"2.0","a",-1,-2,,"false"
"2026-09-25T06:08:54Z",535,"Alderete","SUN","-5.4","-5.4","-5.4","-5.4",-1,0,"0.2",48,197,950,1,23,"0.0","a",-1,-2,,"false"
"2026-09-25T06:08:54Z",536,"Reinildo","SUN","-0.0","-0.0","-0.0","-0.0",0,0,"0.3",44,155,1461,7,360,"1.5","a",-1,-1,"2026-09-28T16:00:10.163369Z","false"
"2026-09-25T06:08:54Z",537,"Seelt","SUN","0.0","0.0","0.0","0.0",0,0,"0.0",45,0,19,0,0,"0.0","u",0,0,,"false"
"2026-09-25T06:08:54Z",538,"Hjelde","SUN","0.0","0.0","0.0","0.0",0,0,"0.0",40,0,134,0,0,"0.0","u",0,0,,"false"
"2026-09-25T06:08:54Z",539,"O'Nien","SUN","3.4","3.5","3.6","3.7",1,6,"2.5",39,15532,10058,1,66,"0.0","a",-1,-1,,"false"
"2026-09-25T06:08:54Z",540,"Masuaku","SUN","0.0","0.0","0.0","0.0",0,0,"0.1",40,0,559,0,0,"0.0","u",0,0,,"false"
"2026-09-25T06:08:54Z",541,"Meunier","SUN","-31.0","-31.0","-31.0","-31.0",-2,0,"0.3",45,1457,727,14,396,"3.2","a",0,0,,"false"
"2026-09-25T06:08:54Z",542,"E.Le Fée","SUN","-3.8","-3.8","-3.8","-3.8",-1,0,"3.4",57,9975,21362,18,438,"4.0","a",-1,-3,,"false"
"2026-09-25T06:08:54Z",543,"Diarra","SUN","-94.5","-94.5","-94.5","-94.5",-3,0,"0.0",54,9,182,5,28,"1.0","i",0,-1,,"false"
"2026-09-25T06:08:54Z",544,"Xhaka","SUN","-67.3","-67.4","-67.5","-67.7",-3,-3,"3.6",55,5449,21053,21,450,"3.0","a",0,0,,"false"
"2026-09-25T06:08:54Z",545,"Sadiki","SUN","-67.1","-67.1","-67.1","-67.1",-3,0,"0.2",49,359,1201,10,410,"2.0","a",0,-1,,"false"
"2026-09-25T06:08:54Z",546,"Adingra","SUN","0.0","0.0","0.0","0.0",0,0,"0.0",49,0,174,0,0,"0.0","u",0,-1,,"false"
"2026-09-25T06:08:54Z",547,"Mundle","SUN","-71.6","-71.6","-71.6","-71.6",-3,0,"0.0",49,10,50,1,1,"0.2","i",0,-1,,"false"
"2026-09-25T06:08:54Z",548,"Rigg","SUN","-70.7","-70.7","-70.7","-70.7",-3,0,"0.0",49,26,205,2,17,"0.2","a",0,-1,,"false"
"2026-09-25T06:08:54Z",549,"Talbi","SUN","-25.5","-25.5","-25.5","-25.5",-2,0,"0.1",53,101,502,1,31,"0.0","a",0,-2,,"false"
"2026-09-25T06:08:54Z",550,"Jocelin.T","SUN","-90.1","-90.1","-90.1","-90.1",-3,0,"0.0",50,25,36,0,0,"0.0","a",0,0,,"false"
"2026-09-25T06:08:54Z",551,"N.Angulo","SUN","1.3","1.3","1.3","1.3",1,0,"0.1",50,456,689,16,313,"2.8","a",0,0,,"false"
"2026-09-25T06:08:54Z",552,"Brobbey","SUN","78.0","77.7","77.4","77.1",3,-23,"7.1",57,188089,28576,24,399,"5.5","d",-1,-3,,"false"
"2026-09-25T06:08:54Z",553,"Isidor","SUN","3.0","3.0","2.9","2.9",1,-3,"1.3",55,2315,10515,15,117,"3.5","a",0,0,,"false"
"2026-09-25T06:08:54Z",612,"Methalie","SUN","0.0","0.0","0.0","0.0",0,0,"0.0",45,96,56,-1,90,"-0.2","a",0,0,,"false"
"2026-09-25T06:08:54Z",613,"Ahoka","SUN","-40.7","-40.7","-40.7","-40.7",-3,0,"0.2",45,523,1431,0,0,"0.0","a",0,0,,"false"
"2026-09-25T06:08:54Z",646,"Fofana","SUN","-14.3","-14.3","-14.3","-14.3",-1,0,"0.0",55,287,272,3,60,"1.0","a",0,0,,"false"
"2026-09-25T06:08:54Z",651,"J.Angulo","SUN","4.5","4.6","4.7","4.8",1,7,"0.7",45,7713,6480,0,0,"0.0","a",0,0,,"false"
"2026-09-25T09:06:24Z",1,"Raya","ARS","0.9","1.0","1.2","1.4",1,36,"42.2",61,114191,40626,30,450,"6.0","a",1,1,,"false"
"2026-09-25T09:06:24Z",2,"Arrizabalaga","ARS","-45.4","-46.9","-49.4","-51.8",-3,-1,"0.1",49,89,217,0,0,"0.0","a",0,-1,,"false"
"2026-09-25T09:06:24Z",3,"Meslier","ARS","-34.4","-34.4","-34.4","-34.4",-2,0,"0.0",49,41,103,0,0,"0.0","a",0,-1,,"false"
"2026-09-25T09:06:24Z",4,"Gabriel","ARS","-83.3","-83.3","-83.5","-83.6",-3,-18,"22.8",80,20448,59318,25,450,"5.0","a",0,0,,"false"
"2026-09-25T09:06:24Z",5,"J.Timber","ARS","9.9","10.0","10.2","10.3",1,10,"0.4",65,10579,3410,1,104,"0.2","a",0,0,,"false"
"2026-09-25T09:06:24Z",6,"Saliba","ARS","-23.4","-23.4","-23.4","-23.4",-2,0,"0.2",59,331,966,0,0,"0.0","i",0,-1,,"false"
"2026-09-25T09:06:24Z",7,"Lewis-Skelly","ARS","-13.8","-14.2","-14.8","-15.4",-1,-4,"0.6",54,761,4558,9,271,"1.5","a",-1,-1,,"false"
"2026-09-25T09:06:24Z",8,"Calafiori","ARS","87.9","88.0","88.1","88.2",3,9,"50.5",58,66044,55753,29,416,"5.0","a",0,3,,"false"
"2026-09-25T09:06:24Z",9,"Hincapie","ARS","-4.3","-4.5","-4.9","-5.3",-1,-4,"0.9",52,1251,5218,2,32,"0.2","a",-1,-3,,"false"
"2026-09-25T09:06:24Z",10,"White","ARS","-41.2","-41.9","-43.0","-44.1",-3,-72,"5.0",55,3177,60143,21,315,"2.5","d",0,0,,"false"
"2026-09-25T09:06:24Z",11,"Mosquera","ARS","-21.7","-22.3","-23.4","-24.4",-2,-12,"1.6",53,1027,8320,12,168,"1.5","a",0,-2,,"false"
"2026-09-25T09:06:24Z",12,"Saka","ARS","83.3","83.8","84.7","85.6",3,62,"13.6",95,89657,40922,32,416,"5.8","a",0,0,,"false"
"2026-09-25T09:06:24Z",13,"Rice","ARS","-28.3","-29.0","-30.1","-31.3",-2,-172,"11.8",74,7206,68943,20,411,"4.2","d",0,-1,,"false"
"2026-09-25T09:06:24Z",14,"Eze","ARS","-99.9","-100.5","-101.5","-102.5",-5,-7,"1.0",63,1910,6014,4,85,"0.8","a",0,-2,,"false"
"2026-09-25T09:06:24Z",15,"Ødegaard","ARS","-2.2","-2.1","-2.1","-2.0",-1,4,"19.8",68,65826,79070,29,377,"4.5","a",0,3,,"false"
"2026-09-25T09:06:24Z",16,"Madueke","ARS","-22.7","-22.7","-22.7","-22.7",-2,0,"0.2",62,657,1409,2,23,"0.2","a",0,-3,,"false"
"2026-09-25T09:06:24Z",17,"Merino","ARS","-93.3","-93.1","-92.6","-92.2",-3,1,"0.4",58,599,2593,4,81,"0.8","a",0,-2,,"false"
"2026-09-25T09:06:24Z",18,"Martinelli","ARS","0.0","0.0","0.0","0.0",0,0,"0.1",63,0,483,0,0,"0.0","u",0,-2,,"false"
"2026-09-25T09:06:24Z",19,"Zubimendi","ARS","-42.4","-43.0","-44.0","-45.1",-3,-4,"0.6",53,423,3340,5,89,"1.0","a",0,-2,,"false"
"2026-09-25T09:06:24Z",20,"Dowman","ARS","-24.6","-24.6","-24.6","-24.6",-2,0,"0.1",53,399,511,1,9,"0.2","a",0,-2,,"false"
"2026-09-25T09:06:24Z",22,"Nwaneri","ARS","0.0","0.0","0.0","0.0",0,0,"0.0",54,0,46,0,0,"0.0","u",0,-1,,"false"
"2026-09-25T09:06:24Z",23,"Fábio Vieira","ARS","0.0","0.0","0.0","0.0",0,0,"0.0",55,0,34,0,0,"0.0","u",0,0,,"false"
"2026-09-25T09:06:24Z",24,"Nelson","ARS","0.0","0.0","0.0","0.0",0,0,"0.0",55,0,16,0,0,"0.0","u",0,0,,"false"
"2026-09-25T09:06:24Z",25,"Gyökeres","ARS","-6.3","-5.8","-5.0","-4.2",-1,29,"3.1",71,5579,14680,2,29,"0.5","a",-1,-4,,"false"
"2026-09-25T09:06:24Z",26,"Havertz","ARS","12.6","10.7","7.4","4.1",1,-236,"8.5",76,49585,43663,19,437,"3.2","d",0,1,,"false"
"2026-09-25T09:06:24Z",27,"G.Jesus","ARS","0.0","0.0","0.0","0.0",0,-1,"0.1",59,0,847,0,0,"0.0","u",0,-1,,"false"
"2026-09-25T09:06:24Z",31,"Konsa","ARS","0.7","0.7","0.8","0.8",1,14,"19.4",46,81160,39358,12,281,"3.0","a",1,1,,"false"
"2026-09-25T09:06:24Z",452,"Bruno G.","ARS","0.3","0.3","0.3","0.3",1,0,"1.8",67,4683,6689,9,123,"2.2","a",0,-3,,"false"
"2026-09-25T09:06:24Z",557,"Tzolis","ARS","-10.0","-10.2","-10.5","-10.8",-1,-44,"12.3",63,10327,129849,16,362,"2.5","a",-1,-2,,"false"
"2026-09-25T09:06:24Z",29,"M.Bizot","AVL","-33.4","-33.7","-34.2","-34.8",-2,-1,"0.1",45,52,897,1,90,"0.0","i",0,0,,"false"
"2026-09-25T09:06:24Z",30,"Digne","AVL","0.0","0.0","0.0","0.0",0,0,"0.0",45,0,190,0,0,"0.0","u",0,0,,"false"
"2026-09-25T09:06:24Z",32,"Cash","AVL","-20.2","-20.5","-21.0","-21.4",-2,-16,"4.9",44,2331,22679,6,296,"1.8","a",0,-1,,"false"
"2026-09-25T09:06:24Z",33,"Mings","AVL","0.6","0.6","0.6","0.6",1,0,"0.4",45,1443,1204,10,261,"2.2","a",0,0,,"false"
"2026-09-25T09:06:24Z",34,"Pau","AVL","-93.5","-93.9","-94.6","-95.3",-3,-4,"0.3",45,37,2813,3,187,"0.8","i",0,0,,"false"
"2026-09-25T09:06:24Z",35,"Bogarde","AVL","-2.3","-2.3","-2.3","-2.3",-1,0,"0.1",49,151,401,1,16,"0.0","a",-1,-1,,"false"
"2026-09-25T09:06:24Z",36,"Maatsen","AVL","-1.0","-1.2","-1.5","-1.8",-1,-5,"0.5",44,48,5557,9,335,"2.2","i",-1,-1,,"false"
"2026-09-25T09:06:24Z",37,"Lindelöf","AVL","0.9","0.9","1.0","1.1",1,6,"0.3",45,859,1123,8,450,"2.5","a",0,0,,"false"
"2026-09-25T09:06:24Z",38,"A.García","AVL","-31.7","-31.7","-31.8","-31.9",-2,-1,"1.5",40,1625,5371,0,0,"0.0","a",0,0,,"false"
"2026-09-25T09:06:24Z",39,"Nedeljkovic","AVL","0.0","0.0","0.0","0.0",0,0,"0.1",40,0,480,0,0,"0.0","u",0,0,,"false"
"2026-09-25T09:06:24Z",41,"Buendía","AVL","-39.5","-38.8","-37.6","-36.4",-2,8,"1.0",59,10595,3520,21,401,"4.8","a",0,-1,,"false"
"2026-09-25T09:06:24Z",44,"Bailey","AVL","0.0","0.0","0.0","0.0",0,0,"0.1",54,0,421,0,0,"0.0","u",0,-1,,"false"
"2026-09-25T09:06:24Z",45,"McGinn","AVL","-19.1","-18.9","-18.6","-18.4",-1,4,"2.2",54,5945,7415,17,434,"4.0","a",0,-1,,"false"
"2026-09-25T09:06:24Z",46,"Barkley","AVL","0.5","0.5","0.5","0.5",1,0,"0.3",50,494,1594,10,308,"2.0","a",0,0,,"false"
"2026-09-25T09:06:24Z",47,"Kamara","AVL","-76.1","-76.1","-76.1","-76.1",-3,0,"0.3",50,1116,1394,15,443,"3.2","a",0,0,,"false"
"2026-09-25T09:06:24Z",48,"Onana","AVL","-9.3","-9.3","-9.3","-9.3",-1,0,"0.0",49,34,80,0,0,"0.0","i",0,-1,,"false"
"2026-09-25T09:06:24Z",49,"Iling Jr","AVL","0.0","0.0","0.0","0.0",0,0,"0.0",50,0,9,0,0,"0.0","u",0,0,,"false"
"2026-09-25T09:06:24Z",50,"Burrowes","AVL","-71.8","-71.8","-71.8","-71.8",-3,0,"0.6",45,553,3018,0,0,"0.0","a",0,0,,"false"
"2026-09-25T09:06:24Z",51,"George Hemmings","AVL","13.1","13.0","12.8","12.7",1,-10,"1.2",45,2836,8767,9,297,"1.8","a",0,0,,"false"
"2026-09-25T09:06:24Z",52,"Alysson","AVL","0.0","0.0","0.0","0.0",0,0,"0.0",50,64,697,8,87,"1.8","d",0,0,,"false"
"2026-09-25T09:06:24Z",53,"Manzambi","AVL","7.2","7.3","7.4","7.5",1,9,"0.4",59,25812,2559,14,98,"3.5","a",0,-1,,"false"
"2026-09-25T09:06:24Z",54,"Gomes","AVL","0.1","0.1","0.1","0.1",1,0,"0.0",55,385,156,2,129,"1.0","a",0,0,,"false"
"2026-09-25T09:06:24Z",55,"Watkins","AVL","0.0","0.0","0.0","0.0",0,-18,"2.5",78,0,10631,0,0,"0.0","u",0,-2,,"false"
"2026-09-25T09:06:24Z",56,"Abraham","AVL","3.2","3.2","3.1","3.1",1,-4,"0.2",55,1417,1524,4,71,"1.0","a",0,0,,"false"
"2026-09-25T09:06:24Z",160,"Garnacho","AVL","-59.0","-59.0","-59.0","-59.0",-3,0,"0.3",58,444,2482,3,31,"0.5","a",0,-2,,"false"
"2026-09-25T09:06:24Z",166,"N.Jackson","AVL","46.5","46.9","47.5","48.1",3,46,"1.4",65,29965,6716,10,286,"2.5","a",0,0,,"false"
"2026-09-25T09:06:24Z",582,"Madjo","AVL","-22.2","-22.2","-22.2","-22.2",-2,0,"0.2",54,160,1612,0,0,"0.0","i",0,-1,,"false"
"2026-09-25T09:06:24Z",596,"Ruggeri","AVL","-72.1","-72.1","-72.1","-72.1",-3,0,"0.1",45,446,282,5,113,"1.0","a",0,0,,"false"
"2026-09-25T09:06:24Z",597,"Suzuki","AVL","27.8","27.8","27.8","27.8",2,2,"1.9",50,12185,5625,16,360,"4.0","a",0,0,,"false"
"2026-09-25T09:06:24Z",606,"Rowe","AVL","0.2","0.2","0.2","0.2",1,0,"0.2",40,270,809,0,0,"0.0","a",0,0,,"false"
"2026-09-25T09:06:24Z",607,"Lynch","AVL","0.0","0.0","0.0","0.0",0,-5,"0.1",45,0,632,0,0,"0.0","u",0,0,,"false"
"2026-09-25T09:06:24Z",611,"Wan-Bissaka","AVL","1.9","1.9","2.0","2.0",1,2,"0.2",45,1281,1274,6,152,"1.5","a",0,0,,"false"
"2026-09-25T09:06:24Z",618,"Goretzka","AVL","-36.5","-36.5","-36.5","-36.5",-2,0,"0.0",59,17,381,0,0,"0.0","i",0,-1,,"false"
"2026-09-25T09:06:24Z",630,"Harwood-Bellis","AVL","0.0","0.0","0.0","0.0",0,0,"0.0",45,160,158,0,0,"0.0","a",0,0,,"false"
"2026-09-25T09:06:24Z",631,"Mbaye","AVL","0.3","0.3","0.3","0.3",1,0,"0.1",60,787,1029,2,33,"0.7","a",0,0,,"false"
"2026-09-25T09:06:24Z",667,"Wright","AVL","0.0","0.0","0.0","0.0",0,0,"0.1",40,6066,623,0,0,"0.0","a",0,0,"2026-10-02T19:12:30.130761Z","false"
"2026-09-25T09:06:24Z",57,"Petrović","BOU","0.3","0.3","0.3","0.3",1,-1,"3.0",45,5199,10301,9,450,"1.8","a",0,0,,"false"
"2026-09-25T09:06:24Z",58,"Forster","BOU","4.3","4.3","4.2","4.2",1,-5,"3.5",40,7233,6398,0,0,"0.0","a",0,0,,"false"
"2026-09-25T09:06:24Z",59,"Dennis","BOU","0.0","0.0","0.0","0.0",0,0,"0.1",40,0,491,0,0,"0.0","u",0,0,,"false"
"2026-09-25T09:06:24Z",60,"Hill","BOU","-32.1","-31.8","-31.4","-30.9",-2,3,"0.8",55,2713,2684,12,450,"2.8","a",0,0,,"false"
"2026-09-25T09:06:24Z",61,"Truffert","BOU","-0.9","-1.0","-1.2","-1.4",-1,-7,"3.0",54,3963,10797,10,450,"2.2","a",-1,-1,,"false"
"2026-09-25T09:06:24Z",62,"Diakité","BOU","-4.7","-5.3","-6.4","-7.5",-1,-2,"0.2",49,419,863,0,0,"0.0","a",-1,-1,,"false"
"2026-09-25T09:06:24Z",63,"Milosavljević","BOU","-4.9","-4.9","-4.9","-4.9",-1,0,"0.0",49,18,37,0,0,"0.0","i",0,-1,,"false"
"2026-09-25T09:06:24Z",64,"Smith","BOU","0.3","0.3","0.3","0.3",1,0,"0.1",45,354,422,4,434,"0.8","a",0,0,,"false"
"2026-09-25T09:06:24Z",65,"J.Araujo","BOU","-10.6","-10.6","-10.6","-10.6",-1,0,"0.0",44,29,41,0,0,"0.0","i",0,-1,,"false"
"2026-09-25T09:06:24Z",66,"Soler","BOU","1.3","1.3","1.3","1.3",1,-1,"0.3",40,655,996,0,0,"0.0","a",0,0,,"false"
"2026-09-25T09:06:24Z",67,"Rayan","BOU","-8.9","-9.2","-9.7","-10.1",-1,-9,"1.6",63,3397,8878,10,434,"2.0","a",-1,-2,,"false"
"2026-09-25T09:06:24Z",68,"Tavernier","BOU","28.2","28.3","28.5","28.6",2,12,"6.7",61,72523,37824,31,424,"5.2","a",0,1,,"false"
"2026-09-25T09:06:24Z",69,"Scott","BOU","0.5","0.5","0.5","0.5",1,1,"5.7",61,20190,34601,30,446,"7.0","a",0,1,,"false"
"2026-09-25T09:06:24Z",70,"Kluivert","BOU","-45.2","-45.8","-46.9","-48.1",-3,-19,"0.9",60,2280,15868,15,294,"3.0","i",0,0,,"false"
"2026-09-25T09:06:24Z",71,"Cook","BOU","-9.3","-10.9","-13.4","-16.0",-1,-3,"0.2",50,238,1041,8,180,"1.2","a",0,0,,"false"
"2026-09-25T09:06:24Z",72,"Gannon-Doak","BOU","-58.6","-60.3","-63.3","-66.3",-3,-1,"0.1",49,124,333,4,12,"0.8","a",0,-1,,"false"
"2026-09-25T09:06:24Z",73,"Adams","BOU","1.5","1.5","1.5","1.5",1,1,"0.3",50,962,1462,12,279,"2.8","a",0,0,,"false"
"2026-09-25T09:06:24Z",74,"Brooks","BOU","-17.6","-17.6","-17.6","-17.6",-1,0,"0.1",50,159,297,3,45,"0.8","a",0,0,,"false"
"2026-09-25T09:06:24Z",75,"Christie","BOU","0.4","0.4","0.4","0.4",1,0,"0.0",50,259,217,5,102,"1.2","a",0,0,,"false"
"2026-09-25T09:06:24Z",76,"Tóth.A","BOU","-11.5","-11.5","-11.5","-11.5",-1,0,"0.0",49,24,52,2,17,"0.2","a",0,-1,,"false"
"2026-09-25T09:06:24Z",77,"Adli","BOU","-77.4","-77.4","-77.4","-77.4",-3,0,"0.0",49,21,65,0,0,"0.0","i",0,-1,,"false"
"2026-09-25T09:06:24Z",78,"Kroupi.Jr","BOU","-69.7","-69.7","-69.7","-69.7",-3,0,"0.2",74,154,729,0,0,"0.0","i",0,-1,,"false"
"2026-09-25T09:06:24Z",79,"Evanilson","BOU","47.5","47.5","47.5","47.5",3,2,"3.2",60,14542,18806,18,424,"3.5","a",0,0,,"false"
"2026-09-25T09:06:24Z",80,"Enes Ünal","BOU","0.0","0.0","0.0","0.0",0,0,"0.0",55,0,45,0,0,"0.0","u",0,0,,"false"
"2026-09-25T09:06:24Z",81,"Rodríguez","BOU","-34.4","-34.4","-34.4","-34.4",-2,0,"0.1",60,619,626,2,10,"0.5","a",0,0,,"false"
"2026-09-25T09:06:24Z",566,"Silva","BOU","1.3","1.3","1.3","1.3",1,2,"0.4",50,4744,2607,13,450,"2.8","a",0,0,,"false"
"2026-09-25T09:06:24Z",573,"Sanchez","BOU","-11.0","-12.2","-14.3","-16.4",-1,-2,"0.2",44,132,379,0,0,"0.0","a",0,-1,,"false"
"2026-09-25T09:06:24Z",608,"Jebbison","BOU","0.5","0.5","0.5","0.6",1,1,"0.1",50,766,786,3,31,"0.5","a",0,0,,"false"
"2026-09-25T09:06:24Z",615,"Di Gregorio","BOU","-26.0","-26.0","-26.0","-26.0",-2,0,"0.0",45,163,166,0,0,"0.0","a",0,0,,"false"
"2026-09-25T09:06:24Z",82,"Kelleher","BRE","18.9","18.9","18.9","18.9",1,-1,"6.1",50,17790,11563,20,450,"3.2","a",0,0,,"false"
"2026-09-25T09:06:24Z",83,"Valdimarsson","BRE","-70.2","-70.2","-70.2","-70.2",-3,0,"0.1",45,250,289,0,0,"0.0","a",0,0,,"false"
"2026-09-25T09:06:24Z",84,"Collins","BRE","-24.5","-25.1","-26.1","-27.0",-2,-18,"1.0",54,103,8262,10,196,"1.0","i",0,-1,,"false"
"2026-09-25T09:06:24Z",85,"Van den Berg","BRE","-73.2","-73.2","-73.2","-73.2",-3,0,"0.1",49,31,281,0,0,"0.0","i",0,-1,,"false"
"2026-09-25T09:06:24Z",86,"Lewis-Potter","BRE","30.6","30.5","30.5","30.4",2,-5,"1.7",55,3344,10911,22,406,"3.0","a",0,0,,"false"
"2026-09-25T09:06:24Z",87,"Ajer","BRE","29.0","29.0","29.0","29.0",2,0,"3.9",45,9986,19913,21,450,"3.2","a",0,0,,"false"
"2026-09-25T09:06:24Z",88,"Kayode","BRE","-35.2","-35.3","-35.5","-35.8",-2,-11,"7.6",46,11606,18667,23,294,"2.5","a",0,1,,"false"
"2026-09-25T09:06:24Z",89,"Henry","BRE","-13.6","-14.6","-16.2","-17.7",-1,-2,"0.2",44,141,521,1,2,"0.2","a",0,-1,,"false"
"2026-09-25T09:06:24Z",90,"Hickey","BRE","-28.0","-28.0","-28.0","-28.0",-2,0,"0.1",45,156,215,5,152,"1.0","a",0,0,,"false"
"2026-09-25T09:06:24Z",92,"Ji-soo","BRE","-4.0","-4.0","-4.0","-4.0",-1,0,"0.0",44,55,80,0,0,"0.0","a",-1,-1,,"false"
"2026-09-25T09:06:24Z",93,"Schuster","BRE","4.5","4.5","4.6","4.7",1,6,"0.3",45,13850,1783,21,253,"5.2","a",0,0,,"false"
"2026-09-25T09:06:24Z",94,"Schade","BRE","7.6","8.4","9.8","11.2",1,271,"11.1",62,351943,19854,39,447,"9.0","a",1,2,,"false"
"2026-09-25T09:06:24Z",95,"O.Dango","BRE","-42.7","-43.1","-43.7","-44.3",-3,-2,"0.5",63,691,3243,7,179,"1.0","a",0,-2,,"false"
"2026-09-25T09:06:24Z",96,"Damsgaard","BRE","-8.8","-8.7","-8.4","-8.2",-1,1,"0.4",54,1322,1815,16,283,"3.8","a",0,-1,,"false"
"2026-09-25T09:06:24Z",97,"Jensen","BRE","-51.4","-51.8","-52.5","-53.1",-3,-1,"0.1",54,17,564,6,66,"0.0","i",0,-1,,"false"
"2026-09-25T09:06:24Z",98,"Janelt","BRE","73.2","73.1","73.0","72.9",3,-8,"2.5",50,17395,15911,28,450,"4.8","a",0,0,,"false"
"2026-09-25T09:06:24Z",99,"Milambo","BRE","-39.1","-39.1","-39.1","-39.1",-2,0,"0.0",50,6,6,0,0,"0.0","i",0,0,,"false"
"2026-09-25T09:06:24Z",100,"Carvalho","BRE","0.3","0.3","0.3","0.3",1,0,"0.0",50,563,150,6,3,"1.5","a",0,0,,"false"
"2026-09-25T09:06:24Z",102,"Yarmoliuk","BRE","-15.9","-15.9","-15.9","-15.9",-1,0,"0.6",48,1152,2888,9,216,"2.0","a",0,-2,,"false"
"2026-09-25T09:06:24Z",103,"Dasilva","BRE","-55.4","-55.4","-55.4","-55.4",-3,0,"0.0",49,9,90,0,0,"0.0","i",0,-1,,"false"
"2026-09-25T09:06:24Z",105,"Anthony","BRE","0.7","0.7","0.7","0.7",1,0,"0.1",59,2061,519,15,267,"3.5","a",0,-1,,"false"
"2026-09-25T09:06:24Z",106,"Thiago","BRE","6.6","7.2","8.0","8.9",1,63,"9.0",78,47438,33166,10,442,"2.5","a",0,-2,,"false"
"2026-09-25T09:06:24Z",107,"Furo","BRE","-3.8","-4.0","-4.4","-4.7",-1,-6,"0.9",45,531,8563,0,0,"0.0","i",0,0,,"false"
"2026-09-25T09:06:24Z",108,"Wilson","BRE","-10.8","-10.8","-10.8","-10.8",-1,0,"0.3",54,1017,2215,3,13,"0.5","a",-1,-1,,"false"
"2026-09-25T09:06:24Z",565,"M.Sangaré","BRE","-27.8","-28.1","-28.7","-29.3",-2,-68,"10.0",56,7530,129878,22,321,"2.0","a",-1,1,,"false"
"2026-09-25T09:06:24Z",620,"Diouf","BRE","-33.0","-34.1","-36.0","-37.9",-2,-1,"0.1",45,419,609,2,39,"0.5","a",0,0,,"false"
"2026-09-25T09:06:24Z",657,"Nunes","BRE","0.0","0.0","0.0","0.0",0,0,"0.0",45,304,239,0,0,"0.0","a",0,0,"2026-09-25T22:05:18.379374Z","false"
"2026-09-25T09:06:24Z",660,"Fredrick","BRE","0.0","0.0","0.0","0.0",0,0,"0.0",40,457,59,0,0,"0.0","a",0,0,"2026-10-01T21:16:22.650713Z","false"
"2026-09-25T09:06:24Z",661,"Balcombe","BRE","0.0","0.0","0.0","0.0",0,0,"0.0",40,2586,465,0,0,"0.0","a",0,0,"2026-10-01T21:16:40.866514Z","false"
"2026-09-25T09:06:24Z",109,"Verbruggen","BHA","59.8","60.0","60.3","60.6",3,24,"21.6",45,63157,63488,23,450,"4.2","a",0,0,,"false"
"2026-09-25T09:06:24Z",111,"Steele","BHA","-0.2","-0.2","-0.2","-0.3",-1,-1,"4.1",40,6375,13184,0,0,"0.0","a",0,0,,"false"
"2026-09-25T09:06:24Z",113,"F.Kadıoğlu","BHA","-56.8","-57.1","-57.6","-58.0",-3,-5,"1.6",44,3540,6126,13,332,"3.2","a",0,-1,,"false"
"2026-09-25T09:06:24Z",114,"Boscagli","BHA","2.5","2.5","2.5","2.6",1,4,"0.3",45,1749,665,19,437,"3.2","a",0,0,,"false"
"2026-09-25T09:06:24Z",115,"De Cuyper","BHA","97.4","99.1","102.0","104.8",4,205,"27.5",49,268785,17178,38,423,"5.2","a",0,4,,"false"
"2026-09-25T09:06:24Z",116,"Dunk","BHA","19.6","19.5","19.3","19.2",1,-13,"1.5",45,7379,8040,22,360,"4.0","d",0,0,,"false"
"2026-09-25T09:06:24Z",117,"Coppola","BHA","-9.7","-9.7","-9.7","-9.7",-1,0,"0.0",45,97,81,0,0,"0.0","a",0,0,,"false"
"2026-09-25T09:06:24Z",118,"Igor","BHA","0.0","0.0","0.0","0.0",0,0,"0.0",45,0,252,0,0,"0.0","u",0,0,,"false"
"2026-09-25T09:06:24Z",119,"Costinha","BHA","-0.5","0.0","0.0","0.0",0,1,"0.0",45,146,115,4,68,"0.8","a",0,0,,"false"
"2026-09-25T09:06:24Z",120,"Svoboda","BHA","0.4","0.5","0.5","0.5",1,1,"0.1",50,1242,402,1,4,"0.2","a",0,0,,"false"
"2026-09-25T09:06:24Z",121,"Mitoma","BHA","-24.2","-24.2","-24.2","-24.2",-2,0,"0.0",59,98,149,0,0,"0.0","i",0,-1,,"false"
"2026-09-25T09:06:24Z",122,"Minteh","BHA","-3.4","-3.4","-3.4","-3.4",-1,0,"0.0",58,40,181,0,0,"0.0","i",-1,-2,,"false"
"2026-09-25T09:06:24Z",123,"Hinshelwood","BHA","-34.4","-34.8","-35.4","-36.1",-2,-7,"0.6",59,232,6019,16,63,"0.0","i",0,-1,,"false"
"2026-09-25T09:06:24Z",124,"Groß","BHA","78.2","80.1","83.2","86.4",3,610,"28.3",58,729353,9622,47,450,"11.2","a",1,3,,"false"
"2026-09-25T09:06:24Z",125,"Georginio","BHA","-0.2","-0.2","-0.2","-0.2",-1,0,"0.5",53,2281,3424,6,104,"0.2","a",-1,-2,,"false"
"2026-09-25T09:06:24Z",126,"O'Riley","BHA","-8.3","-8.3","-8.3","-8.3",-1,0,"0.1",54,354,500,2,10,"0.5","a",0,-1,,"false"
"2026-09-25T09:06:24Z",127,"Gomez","BHA","29.4","29.4","29.3","29.1",2,-8,"4.0",50,10862,35309,24,433,"4.5","a",0,0,,"false"
"2026-09-25T09:06:24Z",128,"Buonanotte","BHA","0.0","0.0","0.0","0.0",0,0,"0.0",50,0,6,0,0,"0.0","u",0,0,,"false"
"2026-09-25T09:06:24Z",129,"Ayari","BHA","-45.6","-45.5","-45.3","-45.1",-3,1,"0.4",54,1948,1779,15,333,"3.2","a",0,-1,,"false"
"2026-09-25T09:06:24Z",130,"Wieffer","BHA","-26.1","-26.1","-26.1","-26.1",-2,0,"0.2",49,25,1740,7,156,"0.0","i",0,-1,,"false"
"2026-09-25T09:06:24Z",132,"Howell","BHA","0.0","0.0","0.0","0.0",0,0,"0.0",45,0,181,0,0,"0.0","u",0,0,,"false"
"2026-09-25T09:06:24Z",133,"Watson","BHA","0.0","0.0","0.0","0.0",0,0,"0.0",50,0,3,0,0,"0.0","u",0,0,,"false"
"2026-09-25T09:06:24Z",134,"Oriola","BHA","-75.3","-74.8","-74.1","-73.4",-3,1,"0.2",45,314,1225,0,0,"0.0","a",0,0,,"false"
"2026-09-25T09:06:24Z",135,"Yohanna","BHA","-98.1","-98.1","-98.1","-98.1",-4,0,"0.0",49,18,341,1,12,"0.0","i",0,-1,,"false"
"2026-09-25T09:06:24Z",137,"Tzimas","BHA","-4.1","-4.1","-4.1","-4.1",-1,0,"0.0",54,27,42,0,0,"0.0","i",0,-1,,"false"
"2026-09-25T09:06:24Z",138,"Kostoulas","BHA","13.9","14.8","16.4","18.0",1,311,"3.8",56,276545,14289,28,353,"6.8","a",1,1,,"false"
"2026-09-25T09:06:24Z",139,"Ferguson","BHA","-55.7","-55.7","-55.7","-55.7",-3,0,"0.0",50,111,232,0,0,"0.0","i",0,0,,"false"
"2026-09-25T09:06:24Z",328,"Struijk","BHA","-4.1","-5.2","-7.0","-8.8",-1,-4,"0.2",49,628,654,7,98,"1.8","d",0,-1,,"false"
"2026-09-25T09:06:24Z",504,"Vuskovic","BHA","50.7","51.0","51.7","52.3",3,44,"3.6",50,48529,10848,32,437,"6.5","a",0,0,,"false"
"2026-09-25T09:06:24Z",594,"David","BHA","0.5","0.5","0.5","0.6",1,3,"0.2",59,2736,1972,1,23,"0.2","a",-1,-1,,"false"
"2026-09-25T09:06:24Z",600,"Osman","BHA","-64.6","-64.6","-64.6","-64.6",-3,0,"0.0",50,99,113,3,40,"0.5","a",0,0,,"false"
"2026-09-25T09:06:24Z",605,"Yalcouyé","BHA","50.8","50.9","51.2","51.4",3,16,"4.0",45,23200,30083,20,236,"4.8","a",0,0,,"false"
"2026-09-25T09:06:24Z",614,"Hadjam","BHA","-5.9","-5.9","-5.9","-5.9",-1,0,"0.0",45,226,227,0,0,"0.0","a",0,0,,"false"
"2026-09-25T09:06:24Z",624,"Cozier-Duberry","BHA","0.0","0.0","0.0","0.0",0,0,"0.0",50,0,5,0,0,"0.0","u",0,0,,"false"
"2026-09-25T09:06:24Z",639,"Andrés","BHA","1.2","1.2","1.2","1.3",1,1,"0.0",55,2467,260,12,109,"4.0","a",0,0,,"false"
"2026-09-25T09:06:24Z",652,"Azeez","BHA","-26.6","-26.6","-26.6","-26.6",-2,0,"0.0",55,15,38,0,0,"0.0","i",0,0,,"false"
"2026-09-25T09:06:24Z",658,"Ibrahim","BHA","0.0","0.0","0.0","0.0",0,0,"0.0",45,274,194,0,0,"0.0","a",0,0,"2026-09-26T17:44:20.289392Z","false"
"2026-09-25T09:06:24Z",28,"Martinez","CHE","-5.3","-5.3","-5.3","-5.3",-1,-1,"4.8",50,6427,19779,9,360,"2.2","a",0,0,,"false"
"2026-09-25T09:06:24Z",40,"Rogers","CHE","77.7","78.3","79.3","80.3",3,72,"40.4",77,126309,62459,29,437,"5.2","a",0,2,,"false"
"2026-09-25T09:06:24Z",101,"Henderson","CHE","0.0","0.0","0.0","0.0",0,0,"0.0",49,449,130,2,90,"0.5","a",0,-1,"2026-09-25T13:30:09.904003Z","false"
"2026-09-25T09:06:24Z",136,"Welbeck","CHE","6.2","6.1","6.0","6.0",1,-6,"1.0",59,6267,8320,4,85,"1.0","a",0,-1,,"false"
"2026-09-25T09:06:24Z",140,"Sánchez","CHE","0.0","0.0","0.0","0.0",0,-10,"0.7",49,0,4183,2,90,"0.0","u",0,-1,,"false"
"2026-09-25T09:06:24Z",141,"Jörgensen","CHE","0.0","0.0","0.0","0.0",0,0,"0.0",50,0,29,0,0,"0.0","u",0,0,,"false"
"2026-09-25T09:06:24Z",142,"James","CHE","-85.7","-86.3","-87.4","-88.4",-3,-80,"5.9",54,530,70799,3,292,"0.8","d",0,-1,,"false"
"2026-09-25T09:06:24Z",143,"Chalobah","CHE","0.0","0.0","0.0","0.0",0,-2,"0.1",55,0,268,0,0,"0.0","u",0,0,,"false"
"2026-09-25T09:06:24Z",144,"Gusto","CHE","-2.2","-2.4","-2.6","-2.9",-1,-3,"1.0",49,1440,6348,4,272,"0.8","a",-1,-1,,"false"
"2026-09-25T09:06:24Z",145,"Fofana","CHE","4.2","4.2","4.3","4.3",1,1,"0.2",50,2103,1119,8,312,"2.0","a",0,0,,"false"
"2026-09-25T09:06:24Z",146,"B.Badiashile","CHE","0.0","0.0","0.0","0.0",0,0,"0.0",45,0,38,0,0,"0.0","u",0,0,,"false"
"2026-09-25T09:06:24Z",148,"Hato","CHE","12.0","12.0","11.9","11.8",1,-5,"0.8",45,701,6760,8,258,"1.8","a",0,0,,"false"
"2026-09-25T09:06:24Z",149,"Colwill","CHE","-8.5","-8.5","-8.5","-8.5",-1,0,"0.9",48,926,4880,3,341,"0.8","a",-1,-2,,"false"
"2026-09-25T09:06:24Z",150,"M.Sarr","CHE","0.0","0.0","0.0","0.0",0,0,"0.0",45,0,135,0,0,"0.0","u",0,0,,"false"
"2026-09-25T09:06:24Z",151,"Acheampong","CHE","-8.9","-8.9","-8.9","-8.9",-1,0,"0.3",45,358,1719,5,221,"0.5","a",0,0,,"false"
"2026-09-25T09:06:24Z",152,"Palestra","CHE","-0.0","-0.0","-0.0","-0.0",0,0,"0.6",53,176,3386,0,0,"0.0","d",0,-2,"2026-09-25T13:30:10.008957Z","false"
"2026-09-25T09:06:24Z",154,"Palmer","CHE","-7.1","-8.1","-9.8","-11.4",-1,-223,"25.9",97,43208,140688,28,442,"3.8","d",0,2,,"false"
"2026-09-25T09:06:24Z",156,"Neto","CHE","-7.6","-7.6","-7.6","-7.6",-1,0,"1.4",65,4184,8762,14,332,"3.2","a",0,0,,"false"
"2026-09-25T09:06:24Z",157,"Estêvão","CHE","-30.4","-31.1","-32.3","-33.5",-2,-6,"0.7",63,1438,3894,4,23,"0.8","a",0,-2,,"false"
"2026-09-25T09:06:24Z",158,"Gittens","CHE","-1.0","-1.0","-1.0","-1.0",-1,0,"0.0",58,138,188,0,0,"0.0","a",-1,-2,,"false"
"2026-09-25T09:06:24Z",159,"Caicedo","CHE","-0.0","-0.0","-0.0","-0.0",0,0,"1.0",53,357,7947,1,13,"0.2","d",0,-2,"2026-09-25T13:30:10.038499Z","false"
"2026-09-25T09:06:24Z",161,"Lavia","CHE","4.4","4.4","4.4","4.4",1,-1,"0.2",50,364,2260,11,258,"2.5","a",0,0,,"false"
"2026-09-25T09:06:24Z",163,"D.Essugo","CHE","0.0","0.0","0.0","0.0",0,0,"0.1",45,0,630,0,0,"0.0","u",0,0,,"false"
"2026-09-25T09:06:24Z",164,"Quenda","CHE","-24.7","-24.7","-24.7","-24.7",-2,0,"0.0",53,60,158,2,27,"0.2","a",0,-2,,"false"
"2026-09-25T09:06:24Z",165,"João Pedro","CHE","-1.2","-1.3","-1.5","-1.7",-1,-268,"65.5",77,50704,358720,33,360,"5.5","d",-1,2,,"false"
"2026-09-25T09:06:24Z",168,"Marc Guiu","CHE","0.0","0.0","0.0","0.0",0,0,"0.2",50,0,1352,0,0,"0.0","u",0,0,,"false"
"2026-09-25T09:06:24Z",169,"Mheuka","CHE","4.1","4.1","4.1","4.1",1,2,"0.5",45,3869,3112,0,0,"0.0","a",0,0,,"false"
"2026-09-25T09:06:24Z",170,"Emegha","CHE","-96.2","-96.9","-98.0","-99.2",-4,-2,"0.1",50,65,948,0,0,"0.0","i",0,0,,"false"
"2026-09-25T09:06:24Z",200,"Lacroix","CHE","-6.4","-6.6","-6.9","-7.1",-1,-22,"6.8",59,6610,26273,13,364,"1.8","a",-1,-1,,"false"
"2026-09-25T09:06:24Z",560,"Penders","CHE","0.0","0.0","0.0","0.0",0,0,"0.1",44,214,255,0,0,"0.0","a",0,-1,,"false"
"2026-09-25T09:06:24Z",561,"Anselmino","CHE","-3.7","-3.7","-3.7","-3.7",-1,0,"0.0",45,52,97,0,0,"0.0","a",0,0,,"false"
"2026-09-25T09:06:24Z",568,"Barco","CHE","-12.9","-14.1","-16.1","-18.1",-1,-2,"0.1",54,197,391,3,115,"0.8","a",0,-1,,"false"
"2026-09-25T09:06:24Z",583,"Chavarria","CHE","-47.6","-47.6","-47.6","-47.6",-3,0,"0.1",49,351,473,5,208,"1.0","a",0,-1,,"false"
"2026-09-25T09:06:24Z",662,"Nicoll-Jazuli","CHE","0.0","0.0","0.0","0.0",0,0,"0.0",45,296,57,1,3,"1.0","a",0,0,"2026-10-01T21:17:24.996715Z","false"
"2026-09-25T09:06:24Z",91,"Pinnock","COV","-71.8","-71.8","-71.8","-71.8",-3,0,"0.1",45,326,193,14,282,"3.5","a",0,0,,"false"
"2026-09-25T09:06:24Z",104,"Onyeka","COV","-30.3","-30.3","-30.3","-30.3",-2,0,"0.1",49,154,402,9,314,"1.8","a",0,-1,,"false"
"2026-09-25T09:06:24Z",110,"Rushworth","COV","-55.0","-54.9","-54.6","-54.4",-3,1,"0.8",45,2205,5468,16,450,"3.8","a",0,0,,"false"
"2026-09-25T09:06:24Z",171,"Dovin","COV","0.0","0.0","0.0","0.0",0,-3,"1.0",40,0,4182,0,0,"0.0","u",0,0,,"false"
"2026-09-25T09:06:24Z",172,"Wilson","COV","-5.2","-5.2","-5.2","-5.2",-1,0,"0.4",44,200,574,0,0,"0.0","a",0,-1,,"false"
"2026-09-25T09:06:24Z",173,"Thomas","COV","16.1","16.1","16.2","16.2",1,2,"8.6",40,22085,26739,24,437,"5.2","a",0,0,,"false"
"2026-09-25T09:06:24Z",174,"Kitching","COV","0.0","0.0","0.0","0.0",0,-4,"0.3",40,0,1555,0,0,"0.0","u",0,0,,"false"
"2026-09-25T09:06:24Z",175,"van Ewijk","COV","-44.1","-44.4","-44.8","-45.2",-3,-48,"8.8",40,1073,68334,6,360,"1.2","d",0,0,,"false"
"2026-09-25T09:06:24Z",176,"Dasilva","COV","-33.0","-32.0","-30.4","-28.8",-2,8,"0.7",40,5351,1405,20,444,"4.8","a",0,0,,"false"
"2026-09-25T09:06:24Z",177,"Kesler-Hayden","COV","0.1","0.1","0.1","0.1",1,0,"0.0",39,904,447,0,0,"0.0","i",-1,-1,,"false"
"2026-09-25T09:06:24Z",178,"Bidwell","COV","-27.9","-27.9","-27.9","-27.9",-2,0,"0.1",40,167,267,0,0,"0.0","a",0,0,,"false"
"2026-09-25T09:06:24Z",179,"Latibeaudiere","COV","-70.2","-70.2","-70.2","-70.2",-3,0,"0.0",40,62,115,1,1,"0.2","a",0,0,,"false"
"2026-09-25T09:06:24Z",180,"Woolfenden","COV","-90.0","-90.0","-90.0","-90.0",-3,0,"0.1",40,21,455,0,0,"0.0","i",0,0,,"false"
"2026-09-25T09:06:24Z",181,"Brau","COV","0.0","0.0","0.0","0.0",0,0,"0.0",40,0,87,0,0,"0.0","u",0,0,,"false"
"2026-09-25T09:06:24Z",182,"Amenda","COV","-48.2","-48.4","-48.8","-49.1",-3,-4,"0.6",40,26,6056,4,360,"0.8","i",0,0,,"false"
"2026-09-25T09:06:24Z",183,"Rudoni","COV","0.1","0.1","0.1","0.1",1,0,"0.1",49,770,581,13,297,"3.0","a",0,-1,,"false"
"2026-09-25T09:06:24Z",184,"Grimes","COV","-25.2","-25.2","-25.2","-25.2",-2,0,"0.1",49,159,768,11,443,"2.2","a",0,-1,,"false"
"2026-09-25T09:06:24Z",185,"Sakamoto","COV","-19.9","-19.9","-19.9","-19.9",-1,0,"0.1",48,113,346,1,31,"0.2","a",0,-2,,"false"
"2026-09-25T09:06:24Z",186,"Mason-Clark","COV","-1.2","-1.2","-1.2","-1.2",-1,0,"0.1",53,65,327,5,231,"1.2","a",-1,-2,,"false"
"2026-09-25T09:06:24Z",187,"Eccles","COV","-4.5","-4.5","-4.5","-4.5",-1,0,"0.0",48,11,82,0,0,"0.0","i",-1,-2,,"false"
"2026-09-25T09:06:24Z",188,"Torp","COV","-9.5","-9.5","-9.5","-9.5",-1,0,"0.1",53,40,383,3,53,"0.5","a",-1,-2,,"false"
"2026-09-25T09:06:24Z",189,"Shepherd","COV","0.7","0.7","0.7","0.6",1,-1,"0.3",44,3727,2032,0,0,"0.0","a",0,-1,,"false"
"2026-09-25T09:06:24Z",190,"Tchaouna","COV","-75.3","-75.3","-75.3","-75.3",-3,0,"0.1",54,18,309,5,211,"0.8","a",0,-1,,"false"
"2026-09-25T09:06:24Z",191,"Borges Rodrigues","COV","0.0","0.0","0.0","0.0",0,0,"0.1",45,0,597,0,0,"0.0","u",0,0,,"false"
"2026-09-25T09:06:24Z",192,"Andrews","COV","0.0","0.0","0.0","0.0",0,-4,"0.3",45,0,1770,0,0,"0.0","u",0,0,,"false"
"2026-09-25T09:06:24Z",193,"Wright","COV","-93.3","-93.3","-93.3","-93.3",-3,0,"0.1",54,38,468,0,0,"0.0","i",0,-1,,"false"
"2026-09-25T09:06:24Z",194,"Thomas-Asante","COV","2.4","2.4","2.4","2.4",1,0,"0.8",50,6712,5117,9,227,"1.8","a",0,0,,"false"
"2026-09-25T09:06:24Z",195,"Simms","COV","-0.3","-0.2","-0.1","0.0",-1,1,"0.6",49,1351,4735,4,104,"0.5","a",-1,-1,,"false"
"2026-09-25T09:06:24Z",196,"Markelo","COV","0.0","0.0","0.0","0.0",0,0,"0.0",50,0,56,0,0,"0.0","u",0,0,,"false"
"2026-09-25T09:06:24Z",197,"Bassette","COV","0.0","0.0","0.0","0.0",0,-1,"0.0",45,0,129,0,0,"0.0","u",0,0,,"false"
"2026-09-25T09:06:24Z",492,"Awoniyi","COV","-11.1","-11.4","-11.8","-12.3",-1,-6,"0.4",54,55,4531,3,232,"0.5","s",-1,-1,,"false"
"2026-09-25T09:06:24Z",575,"Yirenkyi","COV","-0.8","-0.4","0.0","0.0",-1,1,"0.1",48,252,880,9,265,"2.0","a",-1,-2,,"false"
"2026-09-25T09:06:24Z",584,"Hamer","COV","-77.2","-79.1","-82.4","-85.7",-3,-2,"0.1",54,39,350,3,32,"0.5","a",0,-1,,"false"
"2026-09-25T09:06:24Z",599,"Cherif","COV","-7.2","-7.2","-7.2","-7.2",-1,0,"0.1",50,450,681,1,30,"0.2","a",0,0,,"false"
"2026-09-25T09:06:24Z",623,"Bentley","COV","2.0","2.0","2.0","2.0",1,0,"0.6",40,7447,1987,0,0,"0.0","a",0,0,,"false"
"2026-09-25T09:06:24Z",655,"Gboho","COV","0.0","0.0","0.0","0.0",0,0,"0.0",55,60,47,0,0,"0.0","a",0,0,,"false"
"2026-09-25T09:06:24Z",656,"Mfuni","COV","0.0","0.0","0.0","0.0",0,0,"0.1",40,1635,737,6,90,"3.0","a",0,0,,"false"
"2026-09-25T09:06:24Z",42,"Guessand","CRY","-23.6","-23.6","-23.6","-23.6",-2,0,"0.0",54,92,234,2,54,"0.2","a",0,-1,,"false"
"2026-09-25T09:06:24Z",153,"Disasi","CRY","-55.1","-55.1","-55.1","-55.1",-3,0,"0.1",45,21,683,1,139,"0.2","s",0,0,,"false"
"2026-09-25T09:06:24Z",198,"Henderson","CRY","-89.2","-89.5","-90.1","-90.6",-3,-14,"1.3",50,110,9738,5,270,"0.8","i",0,0,,"false"
"2026-09-25T09:06:24Z",199,"Benitez","CRY","-24.3","-24.3","-24.3","-24.3",-2,0,"0.1",45,569,295,8,180,"2.0","a",0,0,,"false"
"2026-09-25T09:06:24Z",202,"Richards","CRY","-94.4","-94.1","-93.6","-93.1",-3,2,"0.6",50,1383,1916,14,450,"2.8","a",0,0,,"false"
"2026-09-25T09:06:24Z",203,"Canvot","CRY","-0.9","-0.9","-0.9","-0.9",-1,0,"0.2",48,329,766,10,360,"2.2","a",-1,-2,,"false"
"2026-09-25T09:06:24Z",204,"Mitchell","CRY","24.6","24.6","24.8","24.9",2,8,"6.0",45,11937,13918,24,419,"5.8","a",0,0,,"false"
"2026-09-25T09:06:24Z",205,"Sosa","CRY","0.0","0.0","0.0","0.0",0,0,"0.0",45,0,90,0,0,"0.0","u",0,0,,"false"
"2026-09-25T09:06:24Z",206,"Chadi Riad","CRY","-3.7","-3.7","-3.7","-3.7",-1,0,"0.0",43,20,109,1,72,"0.0","i",-1,-2,,"false"
"2026-09-25T09:06:24Z",207,"Mingueza","CRY","-81.8","-81.8","-81.8","-81.8",-3,0,"0.1",44,69,247,2,16,"0.5","a",0,-1,,"false"
"2026-09-25T09:06:24Z",208,"Sarr","CRY","0.0","0.0","0.1","0.2",0,4,"0.6",62,2187,1904,1,8,"0.2","a",0,-3,,"false"
"2026-09-25T09:06:24Z",210,"Wharton","CRY","-1.2","-1.4","-1.8","-2.3",-1,-4,"0.7",54,1023,4109,12,436,"2.0","a",-1,-1,,"false"
"2026-09-25T09:06:24Z",211,"Yeremy","CRY","4.5","4.5","4.5","4.4",1,-2,"0.3",55,623,2363,14,307,"3.2","a",0,0,,"false"
"2026-09-25T09:06:24Z",212,"Hughes","CRY","-17.6","-17.8","-18.0","-18.3",-1,-14,"7.4",44,8000,39531,2,29,"0.5","a",0,-1,,"false"
"2026-09-25T09:06:24Z",213,"Lerma","CRY","-0.8","-0.8","-0.8","-0.8",-1,0,"0.1",48,75,322,1,51,"0.2","a",-1,-2,,"false"
"2026-09-25T09:06:24Z",214,"Kamada","CRY","10.8","10.8","10.8","10.8",1,0,"0.5",50,2748,2604,21,441,"4.5","a",0,0,,"false"
"2026-09-25T09:06:24Z",215,"Devenny","CRY","0.0","0.0","0.0","0.0",0,0,"0.0",50,0,30,0,0,"0.0","u",0,0,,"false"
"2026-09-25T09:06:24Z",216,"Esse","CRY","0.0","0.0","0.0","0.0",0,0,"0.0",50,0,102,0,0,"0.0","u",0,0,,"false"
"2026-09-25T09:06:24Z",217,"M.França","CRY","0.0","0.0","0.0","0.0",0,0,"0.0",49,0,129,0,0,"0.0","u",0,-1,,"false"
"2026-09-25T09:06:24Z",218,"Doucouré","CRY","-1.9","-1.9","-1.9","-1.9",-1,0,"0.0",48,92,263,0,0,"0.0","a",-1,-2,,"false"
"2026-09-25T09:06:24Z",219,"J.Rak-Sakyi","CRY","0.0","0.0","0.0","0.0",0,0,"0.0",49,0,19,0,0,"0.0","u",0,-1,,"false"
"2026-09-25T09:06:24Z",220,"Cardines","CRY","0.0","0.0","0.0","0.0",0,0,"0.0",45,0,3,0,0,"0.0","u",0,0,,"false"
"2026-09-25T09:06:24Z",221,"Drakes-Thomas","CRY","-86.4","-86.4","-86.4","-86.4",-3,0,"0.1",45,125,373,0,0,"0.0","a",0,0,,"false"
"2026-09-25T09:06:24Z",222,"Strand Larsen","CRY","4.7","4.7","4.7","4.8",1,3,"0.6",60,3962,3385,14,298,"3.2","a",0,0,,"false"
"2026-09-25T09:06:24Z",223,"Mateta","CRY","-22.0","-22.2","-22.6","-23.0",-2,-10,"1.3",63,175,7836,2,62,"0.0","i",0,-2,,"false"
"2026-09-25T09:06:24Z",224,"Nketiah","CRY","-16.0","-15.9","-15.6","-15.3",-1,1,"0.5",55,1052,3004,8,175,"1.8","a",0,0,,"false"
"2026-09-25T09:06:24Z",225,"Uche","CRY","0.0","0.0","0.0","0.0",0,0,"0.0",50,0,0,0,0,"0.0","u",0,0,,"false"
"2026-09-25T09:06:24Z",241,"McNeil","CRY","-88.2","-88.2","-88.2","-88.2",-3,0,"0.1",54,58,416,3,84,"0.2","a",0,-1,,"false"
"2026-09-25T09:06:24Z",555,"Matthews","CRY","-8.3","-8.6","-9.1","-9.5",-1,-6,"1.7",40,941,2690,0,0,"0.0","a",0,0,,"false"
"2026-09-25T09:06:24Z",577,"Tomiyasu","CRY","-10.3","-11.0","-12.2","-13.4",-1,-4,"0.3",44,144,927,3,189,"0.5","d",0,-1,,"false"
"2026-09-25T09:06:24Z",588,"Khalaili","CRY","6.2","6.3","6.3","6.3",1,2,"0.3",50,1733,923,19,379,"4.5","a",0,0,,"false"
"2026-09-25T09:06:24Z",595,"Gozo","CRY","-99.6","-99.6","-99.6","-99.6",-4,0,"0.0",50,36,71,2,28,"0.5","a",0,0,,"false"
"2026-09-25T09:06:24Z",633,"Ahanor","CRY","0.1","0.1","0.1","0.1",1,0,"0.0",45,119,98,3,90,"1.0","a",0,0,,"false"
"2026-09-25T09:06:24Z",643,"Chilwell","CRY","-66.9","-68.2","-70.5","-72.8",-3,-7,"0.4",45,487,2656,8,29,"2.7","a",0,0,,"false"
"2026-09-25T09:06:24Z",644,"Timber","CRY","0.2","0.2","0.2","0.2",1,1,"0.0",50,406,271,9,253,"3.0","a",0,0,,"false"
"2026-09-25T09:06:24Z",647,"Osorio","CRY","-67.9","-67.9","-67.9","-67.9",-3,0,"0.0",55,21,66,1,1,"0.3","a",0,0,,"false"
"2026-09-25T09:06:24Z",21,"Nørgaard","EVE","-95.0","-95.0","-95.0","-95.0",-4,0,"0.0",49,34,266,0,0,"0.0","i",0,-1,,"false"
"2026-09-25T09:06:24Z",209,"Johnson","EVE","-18.7","-18.7","-18.7","-18.7",-1,0,"0.1",59,324,625,9,238,"2.0","a",0,-1,,"false"
"2026-09-25T09:06:24Z",226,"Pickford","EVE","27.4","27.4","27.5","27.5",2,3,"9.1",55,25467,12937,25,450,"4.5","a",0,0,,"false"
"2026-09-25T09:06:24Z",227,"Travers","EVE","-30.7","-30.7","-30.7","-30.7",-2,0,"0.0",50,210,225,0,0,"0.0","a",0,0,,"false"
"2026-09-25T09:06:24Z",228,"King","EVE","-38.7","-38.7","-38.7","-38.7",-2,0,"0.0",45,97,146,0,0,"0.0","a",0,0,,"false"
"2026-09-25T09:06:24Z",229,"Tarkowski","EVE","88.2","89.6","92.0","94.5",3,174,"16.1",61,194271,16243,43,450,"9.2","a",0,1,,"false"
"2026-09-25T09:06:24Z",230,"Branthwaite","EVE","32.9","33.0","33.1","33.3",2,12,"2.4",55,16964,5780,27,450,"5.2","a",0,0,,"false"
"2026-09-25T09:06:24Z",231,"Keane","EVE","-34.4","-34.4","-34.4","-34.4",-2,0,"0.7",48,338,3409,0,0,"0.0","a",0,-2,,"false"
"2026-09-25T09:06:24Z",232,"O'Brien","EVE","-2.8","-2.8","-2.8","-2.8",-1,0,"0.3",48,287,994,2,16,"0.5","a",-1,-2,,"false"
"2026-09-25T09:06:24Z",233,"Mykolenko","EVE","1.2","1.2","1.2","1.2",1,-3,"4.2",46,38555,14786,27,450,"5.2","a",1,1,,"false"
"2026-09-25T09:06:24Z",234,"Patterson","EVE","0.0","0.0","0.0","0.0",0,0,"0.0",45,0,103,0,0,"0.0","u",0,0,,"false"
"2026-09-25T09:06:24Z",235,"Aznou","EVE","0.0","0.0","0.0","0.0",0,0,"0.1",40,0,485,0,0,"0.0","u",0,0,,"false"
"2026-09-25T09:06:24Z",236,"Dewsbury-Hall","EVE","-13.8","-14.0","-14.5","-14.9",-1,-17,"6.0",66,32101,40073,20,450,"2.2","a",1,1,,"false"
"2026-09-25T09:06:24Z",238,"Grealish","EVE","8.0","8.0","8.0","8.0",1,0,"0.5",65,3094,2626,6,135,"1.2","a",0,0,,"false"
"2026-09-25T09:06:24Z",239,"Garner","EVE","3.2","3.2","3.2","3.2",1,-2,"0.2",60,1435,1740,11,328,"2.5","a",0,0,,"false"
"2026-09-25T09:06:24Z",242,"George","EVE","28.5","28.5","28.4","28.4",2,-4,"0.9",55,2128,9906,19,309,"4.0","a",0,0,,"false"
"2026-09-25T09:06:24Z",243,"Alcaraz","EVE","-41.9","-40.5","-38.1","-35.7",-3,1,"0.1",49,144,361,1,5,"0.0","a",0,-1,,"false"
"2026-09-25T09:06:24Z",244,"Armstrong","EVE","8.9","8.9","8.9","8.9",1,0,"0.4",50,713,3033,16,446,"2.0","a",0,0,,"false"
"2026-09-25T09:06:24Z",245,"Dibling","EVE","-82.8","-82.8","-82.8","-82.8",-3,0,"0.0",54,106,136,1,24,"0.2","a",0,-1,,"false"
"2026-09-25T09:06:24Z",246,"Röhl","EVE","-39.9","-41.0","-42.8","-44.6",-3,-1,"0.0",49,7,537,6,249,"0.8","i",0,-1,,"false"
"2026-09-25T09:06:24Z",247,"Hackney","EVE","-3.8","-4.4","-5.3","-6.2",-1,-2,"0.2",54,173,981,10,137,"1.8","a",-1,-1,,"false"
"2026-09-25T09:06:24Z",248,"Beto","EVE","0.0","0.0","0.0","0.0",0,-4,"0.6",54,0,6444,2,31,"0.2","u",0,-1,,"false"
"2026-09-25T09:06:24Z",249,"Barry","EVE","96.5","97.0","97.7","98.4",4,51,"8.2",56,69545,33173,20,417,"3.0","a",0,1,,"false"
"2026-09-25T09:06:24Z",649,"Maitland-Niles","EVE","15.9","15.9","16.0","16.1",1,5,"1.3",45,17282,3739,21,177,"7.0","a",0,0,,"false"
"2026-09-25T09:06:24Z",654,"Graham","EVE","-28.3","-29.3","-31.0","-32.7",-2,-1,"0.1",45,210,904,0,0,"0.0","a",0,0,,"false"
"2026-09-25T09:06:24Z",250,"Leno","FUL","7.7","7.8","7.9","8.1",1,10,"3.3",45,32586,9035,18,450,"4.0","a",0,0,,"false"
"2026-09-25T09:06:24Z",251,"Lecomte","FUL","-22.2","-22.3","-22.5","-22.6",-2,-1,"1.1",40,2160,2165,0,0,"0.0","a",0,0,,"false"
"2026-09-25T09:06:24Z",252,"McNally","FUL","0.0","0.0","0.0","0.0",0,-1,"0.1",40,0,544,0,0,"0.0","u",0,0,,"false"
"2026-09-25T09:06:24Z",253,"Andersen","FUL","0.6","0.7","0.7","0.7",1,2,"0.1",50,2379,962,3,190,"0.8","a",0,0,,"false"
"2026-09-25T09:06:24Z",254,"Robinson","FUL","-19.6","-19.5","-19.4","-19.2",-1,2,"1.4",45,13621,5427,12,429,"2.8","a",0,0,,"false"
"2026-09-25T09:06:24Z",255,"J.Cuenca","FUL","-67.8","-67.8","-67.8","-67.8",-3,0,"0.0",45,57,94,3,90,"0.0","a",0,0,,"false"
"2026-09-25T09:06:24Z",256,"Tete","FUL","-0.1","-0.1","-0.1","-0.1",-1,0,"0.2",44,42,967,0,27,"0.0","a",0,-1,"2026-09-28T19:00:09.637551Z","false"
"2026-09-25T09:06:24Z",257,"Bassey","FUL","-3.0","-2.9","-2.8","-2.7",-1,1,"0.7",45,4358,1450,15,450,"3.8","a",0,0,,"false"
"2026-09-25T09:06:24Z",258,"Castagne","FUL","13.1","13.1","13.2","13.2",1,3,"0.9",45,12829,4021,20,408,"3.5","a",0,0,,"false"
"2026-09-25T09:06:24Z",261,"Iwobi","FUL","-57.2","-56.9","-56.3","-55.7",-3,3,"0.7",54,2792,2805,14,408,"3.0","a",0,-1,,"false"
"2026-09-25T09:06:24Z",262,"Smith Rowe","FUL","-0.1","-0.1","-0.1","-0.1",-1,0,"0.2",53,246,1189,3,38,"0.8","a",-1,-2,,"false"
"2026-09-25T09:06:24Z",263,"Kevin","FUL","-9.2","-9.2","-9.2","-9.2",-1,0,"0.0",53,174,236,4,61,"0.8","a",0,-2,,"false"
"2026-09-25T09:06:24Z",264,"Bobb","FUL","-48.9","-48.9","-48.9","-48.9",-3,0,"0.3",55,1868,1548,13,343,"2.8","a",0,0,,"false"
"2026-09-25T09:06:24Z",265,"Berge","FUL","-31.6","-31.6","-31.6","-31.6",-2,0,"0.3",49,510,1129,11,349,"2.2","a",0,-1,,"false"
"2026-09-25T09:06:24Z",266,"Cairney","FUL","-15.2","-15.2","-15.2","-15.2",-1,0,"0.0",49,7,20,0,0,"0.0","i",0,-1,,"false"
"2026-09-25T09:06:24Z",268,"King","FUL","80.4","80.8","81.3","81.8",3,39,"2.5",55,73764,14902,24,425,"4.2","a",0,0,,"false"
"2026-09-25T09:06:24Z",269,"Sessegnon","FUL","-1.0","-1.0","-1.0","-1.0",-1,0,"0.3",43,236,1161,3,50,"0.5","a",-1,-2,,"false"
"2026-09-25T09:06:24Z",270,"Reed","FUL","-9.2","-9.6","-10.2","-10.9",-1,-5,"1.1",44,2535,6102,0,0,"0.0","a",0,-1,,"false"
"2026-09-25T09:06:24Z",271,"Muniz","FUL","-48.2","-47.4","-45.9","-44.5",-3,4,"0.4",54,1424,2385,3,38,"0.5","a",0,-1,,"false"
"2026-09-25T09:06:24Z",272,"Kusi-Asare","FUL","-58.9","-59.1","-59.5","-59.9",-3,-15,"5.4",45,9302,29708,0,0,"0.0","a",0,0,,"false"
"2026-09-25T09:06:24Z",569,"Gonzalo","FUL","52.3","52.6","53.2","53.8",3,41,"3.9",60,53710,27953,14,425,"2.0","a",0,0,,"false"
"2026-09-25T09:06:24Z",570,"Palacios","FUL","-5.9","-5.9","-5.9","-5.9",-1,0,"0.2",54,648,856,12,226,"2.5","a",0,-1,,"false"
"2026-09-25T09:06:24Z",580,"Charles","FUL","-79.7","-79.7","-79.7","-79.7",-3,0,"0.1",50,480,343,13,303,"3.0","a",0,0,,"false"
"2026-09-25T09:06:24Z",610,"De Fougerolles","FUL","0.0","0.0","0.0","0.0",0,0,"0.1",40,0,448,0,0,"0.0","u",0,0,,"false"
"2026-09-25T09:06:24Z",626,"Zepa","FUL","-97.6","-97.6","-97.6","-97.6",-4,0,"0.3",45,114,1974,0,0,"0.0","a",0,0,,"false"
"2026-09-25T09:06:24Z",635,"Larsson","FUL","0.0","0.0","0.0","0.0",0,0,"0.0",50,79,62,3,37,"1.0","a",0,0,,"false"
"2026-09-25T09:06:24Z",636,"Ángel","FUL","0.0","0.0","0.0","0.0",0,0,"0.0",50,25,21,0,0,"0.0","a",0,0,,"false"
"2026-09-25T09:06:24Z",650,"Affengruber","FUL","0.9","0.9","0.9","1.0",1,3,"0.0",45,2938,630,12,180,"4.0","a",0,0,,"false"
"2026-09-25T09:06:24Z",240,"Iroegbunam","HUL","0.1","0.1","0.1","0.1",1,0,"0.0",50,70,124,2,70,"0.5","a",0,0,,"false"
"2026-09-25T09:06:24Z",273,"Phillips","HUL","-25.9","-25.9","-25.9","-25.9",-2,0,"1.4",40,2592,2971,0,0,"0.0","a",0,0,,"false"
"2026-09-25T09:06:24Z",274,"Butland","HUL","-0.3","-0.3","-0.3","-0.3",-1,0,"0.1",44,59,276,0,0,"0.0","i",-1,-1,,"false"
"2026-09-25T09:06:24Z",275,"Cartwright","HUL","0.0","0.0","0.0","0.0",0,0,"0.0",40,0,22,0,0,"0.0","u",0,0,,"false"
"2026-09-25T09:06:24Z",276,"Lo-Tutala","HUL","0.0","0.0","0.0","0.0",0,0,"0.0",40,0,105,0,0,"0.0","u",0,0,,"false"
"2026-09-25T09:06:24Z",277,"Egan","HUL","25.1","25.1","25.0","25.0",2,-3,"7.0",41,24331,25680,26,437,"4.5","a",0,1,,"false"
"2026-09-25T09:06:24Z",278,"Hughes","HUL","0.5","0.5","0.5","0.5",1,0,"0.2",39,981,1714,0,0,"0.0","i",0,-1,,"false"
"2026-09-25T09:06:24Z",279,"Ajayi","HUL","66.7","66.4","66.0","65.6",3,-29,"14.0",42,39667,52360,27,423,"3.2","a",0,2,,"false"
"2026-09-25T09:06:24Z",280,"Coyle","HUL","0.2","0.3","0.3","0.4",1,4,"0.7",40,1848,1764,14,348,"2.0","a",0,0,,"false"
"2026-09-25T09:06:24Z",281,"Drameh","HUL","0.0","0.0","0.0","0.0",0,0,"0.0",40,0,220,2,65,"0.2","u",0,0,,"false"
"2026-09-25T09:06:24Z",282,"Giles","HUL","66.1","66.1","66.1","66.1",3,-1,"2.9",40,19406,12006,24,444,"4.5","a",0,0,,"false"
"2026-09-25T09:06:24Z",283,"Jacob","HUL","0.0","0.0","0.0","0.0",0,0,"0.0",40,0,31,0,0,"0.0","u",0,0,,"false"
"2026-09-25T09:06:24Z",284,"McCarthy","HUL","0.4","0.4","0.4","0.4",1,0,"0.1",40,349,387,0,0,"0.0","a",0,0,,"false"
"2026-09-25T09:06:24Z",285,"McNair","HUL","-38.5","-39.4","-40.9","-42.4",-2,-1,"0.1",40,171,362,1,26,"0.0","a",0,0,,"false"
"2026-09-25T09:06:24Z",286,"Belloumi","HUL","32.7","33.1","33.7","34.3",2,44,"5.0",51,66894,21280,31,394,"7.0","a",0,1,,"false"
"2026-09-25T09:06:24Z",287,"Millar","HUL","0.0","0.0","0.0","0.0",0,0,"0.0",50,0,264,6,50,"1.5","u",0,0,,"false"
"2026-09-25T09:06:24Z",288,"Dowell","HUL","-87.8","-88.5","-89.8","-91.0",-3,-3,"0.3",45,515,1791,0,0,"0.0","a",0,0,,"false"
"2026-09-25T09:06:24Z",289,"Crooks","HUL","0.6","0.6","0.6","0.7",1,2,"0.5",44,4543,3691,3,203,"0.2","a",-1,-1,,"false"
"2026-09-25T09:06:24Z",290,"Slater","HUL","71.1","71.0","70.7","70.5",3,-18,"5.3",45,13834,33416,15,437,"2.2","a",0,0,,"false"
"2026-09-25T09:06:24Z",291,"Matazo","HUL","-13.4","-13.4","-13.4","-13.4",-1,0,"0.0",45,27,50,0,0,"0.0","i",0,0,,"false"
"2026-09-25T09:06:24Z",292,"Ömür","HUL","-8.0","-8.0","-8.0","-8.0",-1,0,"0.0",49,78,131,0,0,"0.0","a",0,-1,,"false"
"2026-09-25T09:06:24Z",293,"Kamara","HUL","0.0","0.0","0.0","0.0",0,0,"0.0",50,0,12,0,0,"0.0","u",0,0,,"false"
"2026-09-25T09:06:24Z",294,"Zambrano","HUL","-20.4","-20.4","-20.4","-20.4",-2,0,"0.1",45,125,451,0,0,"0.0","a",0,0,,"false"
"2026-09-25T09:06:24Z",295,"McBurnie","HUL","26.2","26.2","26.3","26.4",2,4,"1.9",55,6622,16285,13,441,"2.0","a",0,0,,"false"
"2026-09-25T09:06:24Z",296,"Akintola","HUL","0.0","0.0","0.0","0.0",0,-1,"0.0",50,0,241,0,0,"0.0","u",0,0,,"false"
"2026-09-25T09:06:24Z",297,"Gyabi","HUL","-0.1","-0.1","-0.1","-0.1",-1,0,"0.0",44,42,116,0,0,"0.0","i",-1,-1,,"false"
"2026-09-25T09:06:24Z",298,"Destan","HUL","0.0","0.0","0.0","0.0",0,-1,"0.2",45,0,1136,0,0,"0.0","u",0,0,,"false"
"2026-09-25T09:06:24Z",299,"Burstow","HUL","0.0","0.0","0.0","0.0",0,0,"0.0",45,0,197,0,0,"0.0","u",0,0,,"false"
"2026-09-25T09:06:24Z",340,"Gelhardt","HUL","0.0","0.0","0.0","0.0",0,0,"0.0",50,83,97,1,7,"0.2","a",0,0,,"false"
"2026-09-25T09:06:24Z",556,"Targett","HUL","-68.0","-68.1","-68.3","-68.5",-3,-4,"1.6",40,96,8752,1,5,"0.0","d",0,0,,"false"
"2026-09-25T09:06:24Z",563,"Morita","HUL","-94.1","-94.1","-94.1","-94.1",-3,0,"0.0",50,12,140,1,45,"0.2","i",0,0,,"false"
"2026-09-25T09:06:24Z",572,"Tzolakis","HUL","0.1","0.2","0.4","0.7",1,46,"12.7",47,114093,17792,34,450,"6.0","a",1,2,,"false"
"2026-09-25T09:06:24Z",574,"Hjertø-Dahl","HUL","-68.4","-70.3","-73.5","-76.6",-3,-1,"0.1",49,68,293,1,8,"0.2","a",0,-1,,"false"
"2026-09-25T09:06:24Z",576,"Stroud","HUL","-48.8","-50.1","-52.3","-54.4",-3,-1,"0.1",50,115,417,7,249,"1.0","a",0,0,,"false"
"2026-09-25T09:06:24Z",585,"Herrington","HUL","-25.2","-24.9","-24.3","-23.7",-2,2,"0.6",40,915,1450,5,197,"1.0","a",0,0,,"false"
"2026-09-25T09:06:24Z",586,"Mendy","HUL","-0.2","-0.2","-0.2","-0.2",-1,0,"6.3",41,5966,31310,25,249,"2.5","a",0,1,"2026-09-27T16:30:09.400433Z","false"
"2026-09-25T09:06:24Z",589,"Gourna-Douath","HUL","-73.7","-73.7","-73.7","-73.7",-3,0,"0.0",50,30,99,4,138,"1.0","a",0,0,,"false"
"2026-09-25T09:06:24Z",617,"Cho","HUL","0.2","0.2","0.2","0.2",1,0,"0.0",50,312,125,9,72,"2.2","a",0,0,,"false"
"2026-09-25T09:06:24Z",632,"Ansah","HUL","-57.8","-59.2","-61.6","-64.0",-3,-1,"0.0",50,57,367,0,0,"0.0","i",0,0,,"false"
"2026-09-25T09:06:24Z",637,"Vaz","HUL","1.1","1.1","1.1","1.1",1,1,"0.1",50,1585,1032,2,20,"0.7","a",0,0,,"false"
"2026-09-25T09:06:24Z",638,"Norton-Cuffy","HUL","-19.7","-20.6","-22.0","-23.5",-2,-5,"0.2",40,445,2200,1,34,"0.3","d",0,0,,"false"
"2026-09-25T09:06:24Z",642,"Thomas","HUL","0.2","0.2","0.2","0.2",1,0,"0.0",55,403,306,4,119,"1.3","a",0,0,,"false"
"2026-09-25T09:06:24Z",645,"Mouzakitis","HUL","0.0","0.0","0.0","0.0",0,0,"0.0",50,74,84,0,0,"0.0","a",0,0,,"false"
"2026-09-25T09:06:24Z",259,"Diop","IPS","-49.3","-49.4","-49.5","-49.6",-3,-8,"12.8",40,6175,49357,12,450,"2.5","a",0,0,,"false"
"2026-09-25T09:06:24Z",267,"Lukić","IPS","-4.5","-5.1","-6.1","-7.1",-1,-1,"0.1",49,175,466,11,400,"1.5","a",-1,-1,,"false"
"2026-09-25T09:06:24Z",300,"Walton","IPS","-7.2","-7.2","-7.2","-7.2",-1,0,"0.4",44,1437,832,2,90,"0.5","a",0,-1,,"false"
"2026-09-25T09:06:24Z",301,"Palmer","IPS","-23.7","-23.8","-23.9","-24.0",-2,-3,"3.9",40,3477,10521,0,0,"0.0","a",0,0,,"false"
"2026-09-25T09:06:24Z",302,"Button","IPS","1.1","1.1","1.1","1.1",1,0,"0.6",40,1294,1155,0,0,"0.0","a",0,0,,"false"
"2026-09-25T09:06:24Z",303,"Kipré","IPS","3.0","3.0","3.0","2.9",1,-1,"0.9",39,3961,3818,0,0,"0.0","a",0,-1,,"false"
"2026-09-25T09:06:24Z",304,"O'Shea","IPS","-37.1","-37.0","-37.0","-36.9",-2,1,"2.7",40,1671,13152,10,450,"1.5","a",0,0,,"false"
"2026-09-25T09:06:24Z",305,"Davis","IPS","67.7","67.8","68.0","68.2",3,13,"6.9",40,43690,22990,25,450,"5.8","a",0,0,,"false"
"2026-09-25T09:06:24Z",306,"Greaves","IPS","-84.0","-84.1","-84.2","-84.4",-3,-1,"1.1",40,409,2973,3,357,"0.2","a",0,0,,"false"
"2026-09-25T09:06:24Z",307,"Johnson","IPS","0.0","0.0","0.0","0.0",0,0,"0.1",40,0,313,0,0,"0.0","u",0,0,,"false"
"2026-09-25T09:06:24Z",308,"Furlong","IPS","1.8","1.8","1.9","1.9",1,2,"0.6",39,5663,2409,1,17,"0.2","a",0,-1,,"false"
"2026-09-25T09:06:24Z",309,"Núñez","IPS","-30.4","-30.4","-30.4","-30.4",-2,0,"0.1",49,79,550,6,140,"0.5","a",0,-1,,"false"
"2026-09-25T09:06:24Z",310,"Matusiwa","IPS","0.0","0.0","0.0","0.0",0,0,"0.0",49,14,15,0,0,"0.0","a",0,-1,,"false"
"2026-09-25T09:06:24Z",311,"Burns","IPS","0.0","0.0","0.0","0.0",0,0,"0.0",50,0,8,0,0,"0.0","u",0,0,,"false"
"2026-09-25T09:06:24Z",312,"Taylor","IPS","0.1","0.1","0.1","0.1",1,0,"0.0",44,338,225,0,0,"0.0","i",-1,-1,,"false"
"2026-09-25T09:06:24Z",313,"Clarke","IPS","-78.5","-77.9","-77.0","-76.0",-3,1,"0.2",54,114,833,11,170,"1.0","a",0,-1,,"false"
"2026-09-25T09:06:24Z",314,"Ogbene","IPS","0.0","0.0","0.0","0.0",0,0,"0.0",49,0,58,0,0,"0.0","u",0,-1,,"false"
"2026-09-25T09:06:24Z",315,"Fatawu","IPS","-28.4","-28.9","-29.7","-30.5",-2,-3,"0.2",54,52,2247,8,352,"1.5","s",0,-1,,"false"
"2026-09-25T09:06:24Z",316,"Emersonn","IPS","78.1","78.3","78.5","78.7",3,16,"3.5",55,29029,20643,26,317,"4.2","a",0,0,,"false"
"2026-09-25T09:06:24Z",317,"Hirst","IPS","0.0","0.0","0.0","0.0",0,-2,"0.1",50,0,414,0,0,"0.0","u",0,0,,"false"
"2026-09-25T09:06:24Z",318,"Philogene","IPS","-6.9","-6.9","-6.9","-6.9",-1,0,"0.1",54,28,137,2,52,"0.5","a",0,-1,,"false"
"2026-09-25T09:06:24Z",319,"Szmodics","IPS","0.0","0.0","0.0","0.0",0,0,"0.0",50,0,7,0,0,"0.0","u",0,0,,"false"
"2026-09-25T09:06:24Z",320,"Akpom","IPS","22.8","22.8","22.6","22.5",2,-11,"1.2",50,4491,8710,7,78,"1.5","a",0,0,,"false"
"2026-09-25T09:06:24Z",321,"Walle Egeli","IPS","36.9","36.8","36.8","36.7",2,-6,"3.5",45,15700,23763,1,10,"0.0","a",0,0,,"false"
"2026-09-25T09:06:24Z",322,"Al-Hamadi","IPS","0.0","0.0","0.0","0.0",0,0,"0.1",50,0,329,0,0,"0.0","u",0,0,,"false"
"2026-09-25T09:06:24Z",323,"McAteer","IPS","-0.5","-0.7","-1.1","-1.4",-1,-4,"1.0",44,1044,5731,3,42,"0.5","a",-1,-1,,"false"
"2026-09-25T09:06:24Z",324,"Mehmeti","IPS","-1.9","-3.8","-6.9","-10.0",-1,-1,"0.0",48,60,125,0,0,"0.0","a",-1,-2,,"false"
"2026-09-25T09:06:24Z",554,"Van Oevelen","IPS","0.0","0.0","0.0","0.0",0,0,"0.0",45,0,70,0,0,"0.0","u",0,0,,"false"
"2026-09-25T09:06:24Z",562,"Maeda","IPS","-8.4","-8.4","-8.4","-8.4",-1,0,"0.2",53,113,1329,8,259,"1.5","a",-1,-2,,"false"
"2026-09-25T09:06:24Z",564,"Scherpen","IPS","-29.3","-29.3","-29.3","-29.3",-2,0,"0.6",45,507,2577,7,360,"1.2","a",0,0,,"false"
"2026-09-25T09:06:24Z",571,"Florentino","IPS","-1.7","-2.5","-3.7","-5.0",-1,-1,"0.1",48,93,293,2,30,"0.5","a",-1,-2,,"false"
"2026-09-25T09:06:24Z",591,"Enciso","IPS","8.2","8.1","8.1","8.0",1,-4,"0.8",55,1850,5540,15,413,"2.5","a",0,0,,"false"
"2026-09-25T09:06:24Z",592,"Ouattara","IPS","-29.4","-29.6","-30.0","-30.4",-2,-2,"0.9",40,605,1819,6,131,"1.2","a",0,0,,"false"
"2026-09-25T09:06:24Z",602,"Humphreys","IPS","0.0","0.0","0.0","0.0",0,0,"0.0",45,0,211,0,0,"0.0","u",0,0,,"false"
"2026-09-25T09:06:24Z",619,"Palacios","IPS","1.0","1.0","1.0","1.0",1,0,"0.1",50,444,749,11,275,"2.8","a",0,0,,"false"
"2026-09-25T09:06:24Z",640,"Flemming","IPS","0.4","0.4","0.4","0.4",1,0,"0.1",55,744,869,6,60,"2.0","a",0,0,,"false"
"2026-09-25T09:06:24Z",260,"Wilson","LEE","-52.0","-52.8","-54.1","-55.5",-3,-44,"1.7",62,63,36510,5,145,"0.5","i",0,-3,,"false"
"2026-09-25T09:06:24Z",326,"Perri","LEE","0.0","0.0","0.0","0.0",0,-1,"0.3",45,0,1096,0,0,"0.0","u",0,0,,"false"
"2026-09-25T09:06:24Z",327,"Bijol","LEE","4.9","4.9","4.8","4.8",1,-4,"0.7",50,714,4933,12,164,"0.5","a",0,0,,"false"
"2026-09-25T09:06:24Z",329,"Rodon","LEE","-5.2","-5.3","-5.5","-5.6",-1,-4,"0.8",43,41,7970,7,123,"0.2","i",-1,-2,,"false"
"2026-09-25T09:06:24Z",330,"Bogle","LEE","49.8","50.3","51.2","52.1",3,65,"7.0",46,109014,21161,42,365,"9.0","a",0,1,,"false"
"2026-09-25T09:06:24Z",331,"Gudmundsson","LEE","0.9","0.9","0.9","0.9",1,0,"0.1",45,438,278,14,252,"3.5","a",0,0,,"false"
"2026-09-25T09:06:24Z",332,"Justin","LEE","17.0","16.9","16.9","16.9",1,-2,"1.5",45,3515,5025,26,450,"4.0","a",0,0,,"false"
"2026-09-25T09:06:24Z",333,"Bornauw","LEE","0.0","0.0","0.0","0.0",0,0,"0.0",45,0,5,0,0,"0.0","u",0,0,,"false"
"2026-09-25T09:06:24Z",334,"Muharemović","LEE","36.2","36.2","36.1","36.1",2,-3,"4.3",50,23301,19241,27,450,"5.2","a",0,0,,"false"
"2026-09-25T09:06:24Z",335,"Stach","LEE","15.5","15.4","15.2","15.0",1,-12,"2.5",60,4144,17588,27,447,"3.5","a",0,0,,"false"
"2026-09-25T09:06:24Z",336,"Okafor","LEE","1.4","1.4","1.4","1.4",1,0,"0.4",58,1511,3007,18,299,"4.2","a",0,-2,,"false"
"2026-09-25T09:06:24Z",337,"Aaronson","LEE","-5.7","-5.8","-6.0","-6.3",-1,-1,"0.5",53,181,3023,7,194,"1.0","a",-1,-2,,"false"
"2026-09-25T09:06:24Z",338,"Ampadu","LEE","-25.5","-25.9","-26.5","-27.1",-2,-4,"0.9",54,1357,4312,21,450,"4.0","a",0,-1,,"false"
"2026-09-25T09:06:24Z",339,"Longstaff","LEE","-88.0","-88.0","-88.0","-88.0",-3,0,"0.1",49,115,561,2,10,"0.2","a",0,-1,,"false"
"2026-09-25T09:06:24Z",341,"Gnonto","LEE","0.0","0.0","0.0","0.0",0,0,"0.0",50,0,47,0,0,"0.0","u",0,0,,"false"
"2026-09-25T09:06:24Z",342,"Harrison","LEE","0.0","0.0","0.0","0.0",0,0,"0.0",50,0,5,0,0,"0.0","u",0,0,,"false"
"2026-09-25T09:06:24Z",343,"James","LEE","-24.7","-24.7","-24.7","-24.7",-2,0,"0.1",49,166,502,3,52,"0.8","a",0,-1,,"false"
"2026-09-25T09:06:24Z",344,"Gruev","LEE","0.0","0.0","0.0","0.0",0,0,"0.0",50,42,13,0,0,"0.0","a",0,0,,"false"
"2026-09-25T09:06:24Z",345,"Tanaka","LEE","4.5","4.5","4.5","4.5",1,1,"0.3",49,1883,1986,14,255,"3.5","a",0,-1,,"false"
"2026-09-25T09:06:24Z",346,"Calvert-Lewin","LEE","63.3","63.5","63.8","64.1",3,22,"24.9",60,80195,151649,22,419,"5.2","a",0,0,,"false"
"2026-09-25T09:06:24Z",347,"Nmecha","LEE","-24.5","-24.5","-24.5","-24.5",-2,0,"0.5",54,1664,3340,7,64,"1.8","a",0,-1,,"false"
"2026-09-25T09:06:24Z",348,"Piroe","LEE","0.0","0.0","0.0","0.0",0,0,"0.1",50,0,372,0,0,"0.0","u",0,0,,"false"
"2026-09-25T09:06:24Z",349,"Mateo Joseph","LEE","-37.8","-37.8","-37.8","-37.8",-2,0,"0.1",45,275,420,0,0,"0.0","i",0,0,,"false"
"2026-09-25T09:06:24Z",385,"Trafford","LEE","31.0","31.0","31.0","31.0",2,0,"5.5",50,18125,12670,28,450,"4.8","a",0,0,,"false"
"2026-09-25T09:06:24Z",598,"Elvedi","LEE","0.6","0.6","0.6","0.6",1,0,"0.1",45,192,204,13,326,"3.2","a",0,0,,"false"
"2026-09-25T09:06:24Z",603,"Lienou","LEE","0.1","0.1","0.1","0.1",1,0,"0.1",40,218,458,0,0,"0.0","a",0,0,,"false"
"2026-09-25T09:06:24Z",604,"Cresswell","LEE","-9.8","-11.1","-13.3","-15.5",-1,-2,"0.1",45,262,813,0,0,"0.0","a",0,0,,"false"
"2026-09-25T09:06:24Z",625,"Cairns","LEE","0.4","0.4","0.4","0.4",1,0,"0.2",40,748,689,0,0,"0.0","a",0,0,,"false"
"2026-09-25T09:06:24Z",629,"Zetterer","LEE","2.1","2.1","2.1","2.1",1,-2,"0.7",40,2694,2432,0,0,"0.0","a",0,0,,"false"
"2026-09-25T09:06:24Z",641,"Bard","LEE","0.0","0.0","0.0","0.0",0,0,"0.0",45,88,70,1,18,"0.3","a",0,0,,"false"
"2026-09-25T09:06:24Z",648,"Bahoya","LEE","-48.1","-48.1","-48.1","-48.1",-3,0,"0.0",50,95,161,1,1,"0.3","a",0,0,,"false"
"2026-09-25T09:06:24Z",350,"A.Becker","LIV","1.3","1.3","1.4","1.5",1,6,"4.0",55,10438,10004,27,450,"6.2","a",0,0,,"false"
"2026-09-25T09:06:24Z",351,"Mamardashvili","LIV","-89.6","-89.6","-89.6","-89.6",-3,0,"0.1",49,217,535,0,0,"0.0","a",0,-1,,"false"
"2026-09-25T09:06:24Z",352,"Woodman","LIV","-29.0","-29.2","-29.5","-29.9",-2,-3,"1.0",40,685,2073,0,0,"0.0","a",0,0,,"false"
"2026-09-25T09:06:24Z",353,"Pecsi","LIV","0.0","0.0","0.0","0.0",0,0,"0.0",40,0,53,0,0,"0.0","u",0,0,,"false"
"2026-09-25T09:06:24Z",354,"Jaros","LIV","0.0","0.0","0.0","0.0",0,0,"0.0",40,180,142,0,0,"0.0","i",0,0,,"false"
"2026-09-25T09:06:24Z",355,"Davies","LIV","0.1","0.1","0.1","0.1",1,0,"0.2",40,254,405,0,0,"0.0","a",0,0,,"false"
"2026-09-25T09:06:24Z",356,"Virgil","LIV","-56.0","-56.1","-56.2","-56.4",-3,-20,"16.2",65,17863,38370,25,450,"5.8","a",0,0,,"false"
"2026-09-25T09:06:24Z",357,"Frimpong","LIV","-32.5","-32.9","-33.5","-34.2",-2,-8,"1.8",53,1386,11383,2,178,"0.5","a",0,-2,,"false"
"2026-09-25T09:06:24Z",358,"Kerkez","LIV","-94.4","-94.4","-94.5","-94.5",-3,-1,"2.2",54,2247,8849,13,385,"3.2","a",0,-1,,"false"
"2026-09-25T09:06:24Z",359,"Gomez","LIV","0.0","0.0","0.0","0.0",0,0,"0.0",49,275,100,0,0,"0.0","a",0,-1,,"false"
"2026-09-25T09:06:24Z",360,"Bradley","LIV","-81.0","-81.0","-81.0","-81.0",-3,0,"0.0",50,44,65,0,0,"0.0","i",0,0,,"false"
"2026-09-25T09:06:24Z",361,"Lucky","LIV","-48.3","-48.3","-48.3","-48.3",-3,0,"0.1",40,246,477,0,0,"0.0","a",0,0,,"false"
"2026-09-25T09:06:24Z",362,"Jacquet","LIV","51.4","51.5","51.7","52.0",3,17,"3.5",50,28843,11234,24,415,"5.8","a",0,0,,"false"
"2026-09-25T09:06:24Z",363,"Leoni","LIV","-55.7","-55.7","-55.7","-55.7",-3,0,"0.0",40,58,153,0,0,"0.0","i",0,0,,"false"
"2026-09-25T09:06:24Z",364,"Tsimikas","LIV","-50.6","-50.6","-50.6","-50.6",-3,0,"0.1",49,69,349,2,64,"0.5","a",0,-1,,"false"
"2026-09-25T09:06:24Z",365,"Ramsay","LIV","0.0","0.0","0.0","0.0",0,-1,"0.1",40,0,394,0,0,"0.0","u",0,0,,"false"
"2026-09-25T09:06:24Z",366,"Wirtz","LIV","-33.1","-33.6","-34.4","-35.3",-2,-35,"5.8",73,2450,38200,18,402,"4.0","a",0,-2,,"false"
"2026-09-25T09:06:24Z",367,"Gakpo","LIV","5.0","5.1","5.3","5.5",1,12,"12.6",72,45944,70851,32,370,"5.0","a",0,2,,"false"
"2026-09-25T09:06:24Z",368,"Szoboszlai","LIV","-89.3","-89.6","-90.1","-90.6",-3,-118,"33.0",70,30483,190717,20,440,"3.0","a",0,0,,"false"
"2026-09-25T09:06:24Z",369,"Ngumoha","LIV","-19.6","-20.5","-21.9","-23.4",-2,-8,"0.5",57,647,3770,4,99,"0.5","a",-1,-3,,"false"
"2026-09-25T09:06:24Z",370,"Chiesa","LIV","-4.7","-4.7","-4.7","-4.7",-1,0,"0.0",53,13,212,0,0,"0.0","i",-1,-2,,"false"
"2026-09-25T09:06:24Z",371,"Gravenberch","LIV","-18.9","-19.3","-20.1","-20.8",-1,-10,"1.1",58,1046,8135,9,190,"1.0","a",-1,-2,,"false"
"2026-09-25T09:06:24Z",372,"Mac Allister","LIV","-39.2","-39.1","-39.0","-39.0",-2,1,"1.3",54,3374,6055,11,306,"2.5","a",0,-1,,"false"
"2026-09-25T09:06:24Z",373,"C.Jones","LIV","0.0","0.0","0.0","0.0",0,0,"0.0",55,0,51,0,0,"0.0","u",0,0,,"false"
"2026-09-25T09:06:24Z",374,"Endo","LIV","-56.1","-56.1","-56.1","-56.1",-3,0,"0.1",49,138,380,0,0,"0.0","a",0,-1,,"false"
"2026-09-25T09:06:24Z",375,"Nyoni","LIV","-79.0","-76.3","-71.8","-67.2",-3,1,"0.0",49,73,272,3,38,"0.8","a",0,-1,,"false"
"2026-09-25T09:06:24Z",376,"Bajcetic","LIV","0.0","0.0","0.0","0.0",0,0,"0.0",50,0,1,0,0,"0.0","u",0,0,,"false"
"2026-09-25T09:06:24Z",377,"Munoz","LIV","6.3","6.3","6.3","6.3",1,-2,"0.9",65,1201,10458,15,257,"2.8","a",0,0,,"false"
"2026-09-25T09:06:24Z",378,"McConnell","LIV","-2.0","-1.5","-0.8","-0.1",-1,1,"0.2",44,950,1290,0,0,"0.0","a",0,-1,,"false"
"2026-09-25T09:06:24Z",379,"Isak","LIV","9.9","10.8","12.2","13.6",1,102,"22.5",91,102226,61135,33,413,"7.8","a",0,1,,"false"
"2026-09-25T09:06:24Z",380,"Ekitiké","LIV","-24.8","-25.4","-26.4","-27.3",-2,-2,"0.1",74,299,693,0,0,"0.0","i",0,-1,,"false"
"2026-09-25T09:06:24Z",381,"Koumas","LIV","-89.0","-89.0","-89.0","-89.0",-3,0,"0.0",50,127,159,3,22,"0.5","a",0,0,,"false"
"2026-09-25T09:06:24Z",382,"Danns","LIV","3.3","3.3","3.4","3.4",1,2,"0.2",45,3000,2081,0,0,"0.0","a",0,0,,"false"
"2026-09-25T09:06:24Z",383,"Elliott","LIV","0.0","0.0","0.0","0.0",0,0,"0.0",54,0,186,0,0,"0.0","u",0,-1,,"false"
"2026-09-25T09:06:24Z",579,"Araujo","LIV","31.5","31.5","31.6","31.7",2,6,"3.0",54,14491,9119,22,284,"5.2","a",0,-1,,"false"
"2026-09-25T09:06:24Z",627,"Barcola","LIV","-65.6","-65.4","-65.1","-64.7",-3,4,"1.8",80,7944,16819,7,168,"2.3","a",0,0,,"false"
"2026-09-25T09:06:24Z",155,"Enzo","MCI","0.5","0.7","1.1","1.5",1,27,"3.6",69,26926,12210,13,271,"3.0","a",0,-1,,"false"
"2026-09-25T09:06:24Z",237,"Ndiaye","MCI","-17.1","-17.4","-18.0","-18.6",-1,-48,"6.8",58,6083,62719,22,385,"3.2","a",-1,-2,,"false"
"2026-09-25T09:06:24Z",384,"Donnarumma","MCI","-47.1","-47.4","-47.9","-48.4",-3,-27,"7.6",55,9454,26712,19,450,"4.0","a",0,0,,"false"
"2026-09-25T09:06:24Z",386,"Bettinelli","MCI","-80.4","-80.4","-80.4","-80.4",-3,0,"0.0",45,44,75,0,0,"0.0","a",0,0,,"false"
"2026-09-25T09:06:24Z",387,"O'Reilly","MCI","-2.4","-2.6","-3.1","-3.5",-1,-56,"11.0",63,4454,63766,6,163,"1.0","a",-1,-2,,"false"
"2026-09-25T09:06:24Z",388,"Guéhi","MCI","62.2","62.1","61.8","61.5",3,-20,"18.3",60,21050,43927,30,450,"5.0","a",0,0,,"false"
"2026-09-25T09:06:24Z",389,"Matheus N.","MCI","-30.9","-31.3","-31.9","-32.5",-2,-4,"1.0",59,1441,2521,11,213,"2.5","a",0,-1,,"false"
"2026-09-25T09:06:24Z",390,"Rúben","MCI","3.7","3.7","3.6","3.6",1,-5,"1.9",55,4058,8019,17,450,"3.8","a",0,0,,"false"
"2026-09-25T09:06:24Z",391,"Gvardiol","MCI","72.7","73.1","73.7","74.4",3,47,"26.7",57,130901,45016,37,434,"7.0","a",0,2,,"false"
"2026-09-25T09:06:24Z",392,"Aït-Nouri","MCI","-90.0","-91.0","-92.7","-94.3",-3,-5,"0.4",53,452,1932,0,0,"0.0","a",0,-2,,"false"
"2026-09-25T09:06:24Z",393,"Khusanov","MCI","-30.4","-30.6","-31.0","-31.4",-2,-4,"1.4",54,1228,8183,9,268,"1.8","a",0,-1,,"false"
"2026-09-25T09:06:24Z",394,"Alleyne","MCI","0.0","0.0","0.0","0.0",0,0,"0.0",50,0,16,0,0,"0.0","u",0,0,,"false"
"2026-09-25T09:06:24Z",395,"Lewis","MCI","-59.2","-61.0","-64.0","-67.0",-3,-4,"0.2",44,261,1069,1,56,"0.0","a",0,-1,,"false"
"2026-09-25T09:06:24Z",396,"Vitor Reis","MCI","-76.4","-76.4","-76.4","-76.4",-3,0,"0.0",45,63,130,1,1,"0.2","a",0,0,,"false"
"2026-09-25T09:06:24Z",397,"Semenyo","MCI","-17.0","-17.2","-17.7","-18.1",-1,-89,"15.5",84,118951,45917,33,450,"7.8","d",0,-1,,"false"
"2026-09-25T09:06:24Z",398,"Foden","MCI","-41.7","-42.3","-43.2","-44.1",-3,-32,"1.8",69,161,25343,9,217,"2.0","s",0,-1,,"false"
"2026-09-25T09:06:24Z",399,"Cherki","MCI","-56.9","-56.0","-54.6","-53.1",-3,105,"28.3",78,102730,78681,34,302,"6.5","a",0,3,,"false"
"2026-09-25T09:06:24Z",400,"Doku","MCI","-0.1","-0.1","-0.1","-0.1",-1,0,"0.7",74,3270,1665,1,15,"0.2","a",0,-1,"2026-09-26T13:30:09.795433Z","false"
"2026-09-25T09:06:24Z",402,"Rodrigo","MCI","0.0","0.0","0.0","0.0",0,0,"0.0",65,0,22,0,0,"0.0","u",0,0,,"false"
"2026-09-25T09:06:24Z",404,"Reijnders","MCI","0.0","0.0","0.0","0.0",0,0,"0.0",60,0,81,0,0,"0.0","u",0,0,,"false"
"2026-09-25T09:06:24Z",406,"Kovačić","MCI","-87.7","-87.7","-87.7","-87.7",-3,0,"0.1",54,89,400,2,42,"0.2","a",0,-1,,"false"
"2026-09-25T09:06:24Z",407,"Echeverri","MCI","0.0","0.0","0.0","0.0",0,0,"0.0",49,0,46,0,0,"0.0","u",0,-1,,"false"
"2026-09-25T09:06:24Z",408,"Phillips","MCI","0.0","0.0","0.0","0.0",0,0,"0.0",50,0,9,0,0,"0.0","u",0,0,,"false"
"2026-09-25T09:06:24Z",409,"Mukasa","MCI","0.0","0.0","0.0","0.0",0,-2,"0.1",45,0,516,0,0,"0.0","u",0,0,,"false"
"2026-09-25T09:06:24Z",410,"Monga","MCI","0.0","0.0","0.0","0.0",0,0,"0.0",49,0,45,0,0,"0.0","u",0,-1,,"false"
"2026-09-25T09:06:24Z",411,"Haaland","MCI","19.3","19.7","20.2","20.8",1,41,"73.7",156,67316,16442,39,450,"9.2","a",0,1,,"false"
"2026-09-25T09:06:24Z",481,"Anderson","MCI","-37.1","-37.8","-38.8","-39.9",-2,-30,"4.0",63,6768,24878,15,413,"3.2","a",0,-2,,"false"
"2026-09-25T09:06:24Z",587,"Rulli","MCI","-85.2","-85.2","-85.2","-85.2",-3,0,"0.0",50,56,90,0,0,"0.0","a",0,0,,"false"
"2026-09-25T09:06:24Z",616,"Bouaddi","MCI","-28.0","-27.4","-26.4","-25.4",-2,1,"0.2",55,738,1925,2,22,"0.5","a",0,0,,"false"
"2026-09-25T09:06:24Z",621,"McAidoo","MCI","-78.9","-78.9","-78.9","-78.9",-3,0,"0.1",45,167,970,2,11,"0.5","a",0,0,,"false"
"2026-09-25T09:06:24Z",622,"Braithwaite","MCI","-31.9","-32.5","-33.5","-34.5",-2,-1,"0.2",40,515,1455,1,1,"0.2","a",0,0,,"false"
"2026-09-25T09:06:24Z",628,"Allan","MCI","0.1","0.1","0.0","0.0",1,-2,"0.0",60,197,141,0,0,"0.0","a",0,0,,"false"
"2026-09-25T09:06:24Z",653,"Samba","MCI","-31.0","-31.0","-31.0","-31.0",-2,0,"0.0",45,217,424,0,0,"0.0","a",0,0,,"false"
"2026-09-25T09:06:24Z",43,"Tielemans","MUN","-32.9","-33.4","-34.2","-35.0",-2,-8,"1.5",58,2619,9628,14,402,"3.0","a",0,-2,,"false"
"2026-09-25T09:06:24Z",131,"Baleba","MUN","0.0","0.0","0.0","0.0",0,0,"0.1",49,1020,630,0,0,"0.0","a",0,-1,"2026-09-26T13:30:09.440487Z","false"
"2026-09-25T09:06:24Z",162,"Andrey Santos","MUN","-42.9","-42.9","-42.9","-42.9",-3,0,"0.6",48,907,4404,4,82,"0.5","a",0,-2,,"false"
"2026-09-25T09:06:24Z",325,"Darlow","MUN","-18.4","-18.4","-18.4","-18.4",-1,0,"0.0",45,57,170,0,0,"0.0","d",0,0,,"false"
"2026-09-25T09:06:24Z",412,"Lammens","MUN","-15.1","-15.2","-15.5","-15.7",-1,-16,"10.0",49,5718,43875,11,450,"2.5","a",0,-1,,"false"
"2026-09-25T09:06:24Z",413,"Bayindir","MUN","0.0","0.0","0.0","0.0",0,0,"0.0",45,0,32,0,0,"0.0","u",0,0,,"false"
"2026-09-25T09:06:24Z",414,"Heaton","MUN","-33.2","-33.2","-33.2","-33.2",-2,0,"0.1",40,176,234,0,0,"0.0","i",0,0,,"false"
"2026-09-25T09:06:24Z",415,"Dorgu","MUN","-95.4","-96.2","-97.7","-99.1",-4,-5,"0.5",58,917,3424,10,171,"2.5","a",0,-2,,"false"
"2026-09-25T09:06:24Z",416,"De Ligt","MUN","-89.7","-89.7","-89.7","-89.7",-3,0,"0.0",50,62,105,0,0,"0.0","i",0,0,,"false"
"2026-09-25T09:06:24Z",417,"Dalot","MUN","-70.6","-70.8","-71.1","-71.5",-3,-4,"1.6",49,1031,6610,8,346,"1.8","a",0,-1,,"false"
"2026-09-25T09:06:24Z",418,"Maguire","MUN","-0.9","-1.1","-1.4","-1.6",-1,-28,"8.7",48,3627,69046,10,450,"2.2","a",-1,-2,,"false"
"2026-09-25T09:06:24Z",419,"Martinez","MUN","-89.9","-89.9","-90.0","-90.0",-3,-1,"1.3",50,3232,5706,6,360,"1.5","a",0,0,,"false"
"2026-09-25T09:06:24Z",420,"Yoro","MUN","-9.1","-9.7","-10.8","-12.0",-1,-6,"0.5",48,421,1950,2,22,"0.5","a",-1,-2,,"false"
"2026-09-25T09:06:24Z",421,"Heaven","MUN","-92.5","-92.5","-92.5","-92.5",-3,0,"0.3",44,195,1280,1,90,"0.0","a",0,-1,,"false"
"2026-09-25T09:06:24Z",422,"Mazraoui","MUN","-67.1","-67.5","-68.0","-68.6",-3,-2,"0.5",44,511,2585,3,97,"0.5","a",0,-1,,"false"
"2026-09-25T09:06:24Z",423,"Shaw","MUN","-3.7","-3.8","-4.0","-4.3",-1,-20,"7.7",43,2911,71130,9,335,"2.0","a",-1,-2,,"false"
"2026-09-25T09:06:24Z",424,"Amass","MUN","-41.4","-41.4","-41.4","-41.4",-3,0,"0.2",40,369,676,0,0,"0.0","a",0,0,,"false"
"2026-09-25T09:06:24Z",425,"Fredricson","MUN","0.0","0.0","0.0","0.0",0,0,"0.0",40,0,40,0,0,"0.0","u",0,0,,"false"
"2026-09-25T09:06:24Z",426,"B.Fernandes","MUN","-0.8","-0.9","-1.1","-1.2",-1,-70,"38.6",119,34556,179455,31,450,"7.2","a",-1,-1,,"false"
"2026-09-25T09:06:24Z",427,"Mbeumo","MUN","-69.9","-70.0","-70.1","-70.3",-3,-20,"20.6",79,29622,117418,25,450,"5.8","a",0,-1,,"false"
"2026-09-25T09:06:24Z",428,"Cunha","MUN","-91.1","-90.9","-90.7","-90.4",-3,10,"5.7",79,17158,19172,26,407,"6.0","a",0,-1,,"false"
"2026-09-25T09:06:24Z",429,"Rashford","MUN","-71.5","-72.2","-73.2","-74.2",-3,-19,"1.5",70,3947,14929,10,351,"2.2","d",0,0,,"false"
"2026-09-25T09:06:24Z",430,"Mount","MUN","0.1","0.1","0.1","0.1",1,0,"0.0",54,154,165,1,10,"0.2","a",0,-1,,"false"
"2026-09-25T09:06:24Z",431,"Amad","MUN","-14.4","-14.4","-14.4","-14.4",-1,0,"0.3",57,105,1559,0,0,"0.0","i",0,-3,,"false"
"2026-09-25T09:06:24Z",432,"Mainoo","MUN","14.0","13.8","13.5","13.2",1,-21,"1.6",55,7101,12606,22,354,"5.2","d",0,0,,"false"
"2026-09-25T09:06:24Z",433,"Ugarte","MUN","-65.4","-65.4","-65.4","-65.4",-3,0,"0.0",50,20,23,0,0,"0.0","i",0,0,,"false"
"2026-09-25T09:06:24Z",434,"J.Fletcher","MUN","-37.4","-37.4","-37.4","-37.4",-2,0,"0.0",49,37,54,0,0,"0.0","a",0,-1,,"false"
"2026-09-25T09:06:24Z",435,"Lacey","MUN","-5.2","-7.1","-10.1","-13.2",-1,-1,"0.1",49,336,307,1,10,"0.0","a",0,-1,,"false"
"2026-09-25T09:06:24Z",436,"Collyer","MUN","0.0","0.0","0.0","0.0",0,0,"0.0",50,0,42,0,0,"0.0","u",0,0,,"false"
"2026-09-25T09:06:24Z",437,"Bendito Mantato","MUN","0.0","-0.0","-1.0","-2.1",0,-2,"0.2",44,291,727,0,0,"0.0","a",-1,-1,,"false"
"2026-09-25T09:06:24Z",438,"Fletcher","MUN","0.4","0.3","0.3","0.2",1,-4,"0.3",44,2286,1826,0,0,"0.0","a",0,-1,,"false"
"2026-09-25T09:06:24Z",439,"Šeško","MUN","-33.3","-34.2","-35.6","-36.9",-2,-29,"1.6",70,6382,21084,8,76,"1.8","d",0,0,,"false"
"2026-09-25T09:06:24Z",440,"Zirkzee","MUN","-7.6","-7.3","-6.9","-6.5",-1,2,"0.4",53,1564,2741,2,20,"0.5","a",-1,-2,,"false"
"2026-09-25T09:06:24Z",441,"Obi","MUN","0.0","0.0","0.0","0.0",0,-7,"0.9",45,0,10063,0,0,"0.0","u",0,0,,"false"
"2026-09-25T09:06:24Z",405,"N.Gonzalez","NEW","0.8","0.8","0.8","0.8",1,0,"0.2",55,494,1714,5,164,"1.2","a",0,0,"2026-09-27T16:30:09.285267Z","false"
"2026-09-25T09:06:24Z",442,"Pope","NEW","-40.4","-40.4","-40.4","-40.4",-3,0,"0.9",49,762,2788,0,0,"0.0","a",0,-1,,"false"
"2026-09-25T09:06:24Z",443,"Gillespie","NEW","-35.6","-35.6","-35.6","-35.6",-2,0,"0.0",45,35,73,0,0,"0.0","a",0,0,,"false"
"2026-09-25T09:06:24Z",444,"Jaouen","NEW","-5.6","-5.6","-5.6","-5.6",-1,0,"0.0",44,18,107,0,0,"0.0","d",-1,-1,,"false"
"2026-09-25T09:06:24Z",445,"Thiaw","NEW","16.7","16.8","16.9","17.0",1,8,"2.2",50,7429,8669,14,450,"2.8","a",0,0,,"false"
"2026-09-25T09:06:24Z",446,"Schär","NEW","-10.7","-10.2","-9.4","-8.6",-1,1,"0.2",49,483,824,2,25,"0.2","a",0,-1,,"false"
"2026-09-25T09:06:24Z",447,"Botman","NEW","9.1","9.1","9.2","9.3",1,8,"0.7",50,4137,2536,15,450,"3.0","a",0,0,,"false"
"2026-09-25T09:06:24Z",448,"Burn","NEW","-2.6","-2.7","-2.9","-3.1",-1,-4,"0.7",48,85,5095,0,0,"0.0","i",-1,-2,,"false"
"2026-09-25T09:06:24Z",449,"Hall","NEW","4.5","4.9","5.7","6.5",1,153,"17.1",53,222984,15946,31,449,"7.0","a",1,3,,"false"
"2026-09-25T09:06:24Z",450,"Livramento","NEW","1.5","1.5","1.5","1.5",1,0,"0.1",49,412,1357,4,33,"1.0","d",0,-1,,"false"
"2026-09-25T09:06:24Z",451,"A.Murphy","NEW","0.0","0.0","0.0","0.0",0,0,"0.1",40,0,253,0,0,"0.0","u",0,0,,"false"
"2026-09-25T09:06:24Z",453,"Barnes","NEW","13.4","13.8","14.3","14.8",1,105,"5.5",61,142048,13763,28,450,"6.5","a",1,1,,"false"
"2026-09-25T09:06:24Z",454,"Elanga","NEW","-34.2","-34.7","-35.4","-36.1",-2,-111,"4.6",61,278,155692,18,232,"2.2","i",-1,1,,"false"
"2026-09-25T09:06:24Z",456,"J.Ramsey","NEW","-81.8","-82.1","-82.8","-83.4",-3,-3,"0.2",49,41,4295,7,69,"1.8","i",0,-1,,"false"
"2026-09-25T09:06:24Z",457,"J.Murphy","NEW","-20.6","-20.6","-20.6","-20.6",-2,0,"0.1",59,813,671,3,181,"0.8","a",0,-1,,"false"
"2026-09-25T09:06:24Z",458,"Joelinton","NEW","-57.7","-57.7","-57.7","-57.7",-3,0,"0.0",54,11,66,0,0,"0.0","i",0,-1,,"false"
"2026-09-25T09:06:24Z",459,"L.Miley","NEW","0.6","0.6","0.6","0.6",1,-1,"0.1",55,413,384,12,396,"2.2","a",0,0,,"false"
"2026-09-25T09:06:24Z",460,"Willock","NEW","14.1","14.2","14.3","14.4",1,8,"0.5",50,8656,2233,22,284,"4.0","a",0,0,,"false"
"2026-09-25T09:06:24Z",461,"Touré","NEW","-8.1","-8.1","-8.1","-8.1",-1,0,"0.1",58,285,749,8,50,"2.0","a",0,-2,,"false"
"2026-09-25T09:06:24Z",462,"Steur","NEW","-48.5","-48.5","-48.5","-48.5",-3,0,"0.1",49,236,339,8,223,"1.8","a",0,-1,,"false"
"2026-09-25T09:06:24Z",463,"Woltemade","NEW","0.0","0.0","0.0","0.0",0,-8,"0.5",59,0,3208,4,19,"1.0","u",0,-1,,"false"
"2026-09-25T09:06:24Z",464,"Wissa","NEW","57.2","57.3","57.5","57.8",3,16,"18.7",62,73239,128758,15,441,"2.8","a",0,2,,"false"
"2026-09-25T09:06:24Z",465,"Osula","NEW","-6.6","-6.7","-6.9","-7.0",-1,-2,"0.3",58,104,2072,4,55,"0.0","i",-1,-2,,"false"
"2026-09-25T09:06:24Z",466,"Neave","NEW","0.0","0.0","0.0","0.0",0,-5,"0.5",45,0,3425,0,0,"0.0","u",0,0,,"false"
"2026-09-25T09:06:24Z",559,"Bamba","NEW","-63.2","-63.2","-63.2","-63.2",-3,0,"0.1",49,111,428,3,27,"0.5","a",0,-1,,"false"
"2026-09-25T09:06:24Z",567,"Horníček","NEW","22.3","22.3","22.4","22.4",2,4,"1.5",50,6341,4225,14,450,"3.2","a",0,0,,"false"
"2026-09-25T09:06:24Z",593,"Dedić","NEW","-7.5","-7.8","-8.4","-8.9",-1,-20,"1.8",45,220,34701,13,327,"3.0","i",0,0,,"false"
"2026-09-25T09:06:24Z",609,"Shahar","NEW","0.0","0.0","0.0","0.0",0,-2,"0.2",40,0,1665,0,0,"0.0","u",0,0,,"false"
"2026-09-25T09:06:24Z",634,"Fernandez-Pardo","NEW","0.6","0.6","0.6","0.6",1,1,"0.1",60,1561,1249,4,157,"1.3","a",0,0,,"false"
"2026-09-25T09:06:24Z",659,"Miley","NEW","0.0","0.0","0.0","0.0",0,0,"0.0",45,1260,575,0,0,"0.0","a",0,0,"2026-09-27T21:39:41.033165Z","false"
"2026-09-25T09:06:24Z",663,"Pivas","NEW","0.0","0.0","0.0","0.0",0,0,"0.0",40,331,41,0,0,"0.0","a",0,0,"2026-10-02T19:10:51.639791Z","false"
"2026-09-25T09:06:24Z",664,"Salia","NEW","0.0","0.0","0.0","0.0",0,0,"0.1",45,7992,1189,0,0,"0.0","a",0,0,"2026-10-02T19:11:17.402697Z","false"
"2026-09-25T09:06:24Z",665,"Mills","NEW","0.0","0.0","0.0","0.0",0,0,"0.0",45,142,23,0,0,"0.0","a",0,0,"2026-10-02T19:11:39.931907Z","false"
"2026-09-25T09:06:24Z",666,"Thompson","NEW","0.0","0.0","0.0","0.0",0,0,"0.0",45,190,23,0,0,"0.0","a",0,0,"2026-10-02T19:12:09.032926Z","false"
"2026-09-25T09:06:24Z",167,"Delap","NFO","-21.3","-21.6","-22.1","-22.7",-2,-10,"2.7",56,23403,25852,9,277,"2.2","a",1,1,,"false"
"2026-09-25T09:06:24Z",201,"Muñoz","NFO","-42.8","-43.0","-43.2","-43.4",-3,-8,"5.7",54,7042,26806,5,257,"1.2","a",0,-1,,"false"
"2026-09-25T09:06:24Z",467,"Sels","NFO","4.3","4.3","4.2","4.2",1,-4,"1.6",50,1705,5419,14,450,"3.0","a",0,0,,"false"
"2026-09-25T09:06:24Z",468,"John","NFO","-68.5","-68.5","-68.5","-68.5",-3,0,"0.1",45,52,129,0,0,"0.0","a",0,0,,"false"
"2026-09-25T09:06:24Z",469,"N.Williams","NFO","23.4","23.3","23.0","22.7",2,-20,"8.8",50,9879,40578,19,450,"4.2","a",0,0,,"false"
"2026-09-25T09:06:24Z",470,"Morato","NFO","0.0","0.0","0.0","0.0",0,0,"0.0",50,0,99,0,0,"0.0","u",0,0,,"false"
"2026-09-25T09:06:24Z",471,"Milenković","NFO","-10.9","-11.1","-11.3","-11.6",-1,-9,"1.0",54,53,10841,12,270,"2.5","i",-1,-1,,"false"
"2026-09-25T09:06:24Z",472,"Murillo","NFO","22.5","22.5","22.4","22.4",2,-3,"2.1",55,7101,7061,23,449,"4.8","a",0,0,,"false"
"2026-09-25T09:06:24Z",473,"Aina","NFO","-1.9","-2.0","-2.3","-2.6",-1,-8,"2.4",44,948,18756,8,306,"0.8","a",-1,-1,,"false"
"2026-09-25T09:06:24Z",474,"Jair Cunha","NFO","-44.4","-44.4","-44.4","-44.4",-3,0,"0.2",45,208,576,11,360,"2.5","a",0,0,,"false"
"2026-09-25T09:06:24Z",475,"Savona","NFO","-17.3","-17.3","-17.3","-17.3",-1,0,"0.0",45,19,17,0,0,"0.0","i",0,0,,"false"
"2026-09-25T09:06:24Z",476,"O.Richards","NFO","-62.5","-62.5","-62.5","-62.5",-3,0,"0.2",40,252,639,0,0,"0.0","a",0,0,,"false"
"2026-09-25T09:06:24Z",477,"Abbott","NFO","0.0","0.0","0.0","0.0",0,0,"0.1",40,0,699,0,0,"0.0","u",0,0,,"false"
"2026-09-25T09:06:24Z",478,"Netz","NFO","-5.9","-5.9","-5.9","-5.9",-1,0,"0.0",44,49,100,3,27,"0.5","a",0,-1,,"false"
"2026-09-25T09:06:24Z",479,"Bindon","NFO","0.0","0.0","0.0","0.0",0,-3,"0.1",40,0,467,0,0,"0.0","u",0,0,,"false"
"2026-09-25T09:06:24Z",480,"Gibbs-White","NFO","47.4","47.5","47.6","47.7",3,9,"15.7",80,55637,73031,28,450,"6.5","a",0,0,,"false"
"2026-09-25T09:06:24Z",482,"Hudson-Odoi","NFO","-33.5","-33.5","-33.5","-33.5",-2,0,"0.1",58,226,1050,1,1,"0.2","a",0,-2,,"false"
"2026-09-25T09:06:24Z",483,"Ndoye","NFO","12.7","12.7","12.6","12.6",1,-2,"0.7",55,649,7468,15,316,"3.0","a",0,0,,"false"
"2026-09-25T09:06:24Z",484,"Hutchinson","NFO","0.0","0.0","0.0","0.0",0,0,"0.1",54,0,299,0,0,"0.0","u",0,-1,,"false"
"2026-09-25T09:06:24Z",485,"Bakwa","NFO","0.0","0.0","0.0","0.0",0,0,"0.0",55,0,28,0,0,"0.0","u",0,0,,"false"
"2026-09-25T09:06:24Z",486,"McAtee","NFO","2.1","2.1","2.1","2.0",1,-2,"0.1",55,308,834,12,416,"2.2","a",0,0,,"false"
"2026-09-25T09:06:24Z",487,"Dominguez","NFO","-61.5","-61.5","-61.5","-61.5",-3,0,"0.1",49,54,268,1,1,"0.2","a",0,-1,,"false"
"2026-09-25T09:06:24Z",488,"I.Sangaré","NFO","-88.9","-88.9","-88.9","-88.9",-3,0,"0.4",49,268,2688,4,105,"0.5","a",0,-1,,"false"
"2026-09-25T09:06:24Z",489,"Yates","NFO","-80.0","-80.6","-81.6","-82.6",-3,-8,"1.2",45,518,6597,0,0,"0.0","a",0,0,,"false"
"2026-09-25T09:06:24Z",490,"Wood","NFO","-35.6","-36.0","-36.6","-37.3",-2,-4,"0.9",58,1603,5776,4,62,"0.8","a",0,-2,,"false"
"2026-09-25T09:06:24Z",491,"Igor Jesus","NFO","0.3","0.2","0.2","0.1",1,-6,"2.6",58,6038,20974,12,257,"2.5","a",0,-2,,"false"
"2026-09-25T09:06:24Z",493,"Kalimuendo","NFO","0.0","0.0","0.0","0.0",0,0,"0.1",54,187,356,1,1,"0.0","a",0,-1,,"false"
"2026-09-25T09:06:24Z",558,"Schlager","NFO","0.4","0.4","0.4","0.4",1,0,"0.1",50,184,681,13,376,"3.0","a",0,0,,"false"
"2026-09-25T09:06:24Z",581,"Diomande","NFO","-46.9","-46.7","-46.4","-46.0",-3,1,"0.5",54,1305,1974,7,163,"1.8","a",0,-1,,"false"
"2026-09-25T09:06:24Z",590,"Benda","NFO","0.0","0.0","0.0","0.0",0,0,"0.1",45,111,205,0,0,"0.0","a",0,0,,"false"
"2026-09-25T09:06:24Z",112,"Van Hecke","TOT","-25.3","-25.5","-25.9","-26.2",-2,-15,"6.6",49,15298,24067,24,450,"5.8","a",0,-1,,"false"
"2026-09-25T09:06:24Z",147,"Tosin","TOT","-35.5","-35.5","-35.5","-35.5",-2,0,"0.1",44,87,495,1,5,"0.2","a",0,-1,,"false"
"2026-09-25T09:06:24Z",401,"Marmoush","TOT","35.1","35.1","35.0","34.9",2,-5,"2.1",70,8624,19378,8,339,"2.0","a",0,0,,"false"
"2026-09-25T09:06:24Z",403,"Sávio","TOT","10.2","10.1","10.0","10.0",1,-6,"0.7",65,2420,6016,8,240,"2.0","a",0,0,,"false"
"2026-09-25T09:06:24Z",455,"Tonali","TOT","-16.5","-16.9","-17.6","-18.2",-1,-15,"1.9",53,1960,13587,14,427,"3.0","a",-1,-2,,"false"
"2026-09-25T09:06:24Z",494,"Vicario","TOT","0.0","0.0","0.0","0.0",0,-1,"0.1",45,0,638,0,0,"0.0","u",0,0,,"false"
"2026-09-25T09:06:24Z",495,"Austin","TOT","2.0","2.0","2.0","2.0",1,-1,"1.0",40,1669,1935,0,0,"0.0","a",0,0,,"false"
"2026-09-25T09:06:24Z",496,"Kinsky","TOT","-46.8","-46.9","-47.2","-47.4",-3,-29,"17.4",45,14664,101266,18,450,"4.0","a",0,0,,"false"
"2026-09-25T09:06:24Z",497,"Dubravka","TOT","-22.5","-22.6","-22.6","-22.7",-2,-10,"17.1",40,22720,42427,0,0,"0.0","a",0,0,,"false"
"2026-09-25T09:06:24Z",498,"Senesi","TOT","-48.4","-49.0","-50.2","-51.3",-3,-27,"3.5",58,1005,19137,3,90,"0.0","a",0,-2,,"false"
"2026-09-25T09:06:24Z",499,"Pedro Porro","TOT","-25.6","-26.0","-26.7","-27.5",-2,-73,"7.7",54,1564,66492,9,198,"2.2","d",0,-1,,"false"
"2026-09-25T09:06:24Z",500,"Romero","TOT","0.0","0.0","0.0","0.0",0,0,"0.1",50,0,245,0,0,"0.0","u",0,0,,"false"
"2026-09-25T09:06:24Z",502,"Robertson","TOT","0.4","0.5","0.5","0.5",1,1,"2.5",44,4713,11197,17,366,"3.5","a",0,-1,,"false"
"2026-09-25T09:06:24Z",503,"Van de Ven","TOT","-19.3","-19.5","-19.7","-20.0",-1,-6,"3.8",50,4856,17741,16,360,"4.0","a",0,0,,"false"
"2026-09-25T09:06:24Z",505,"Spence","TOT","0.0","0.0","0.0","0.0",0,0,"0.2",45,0,1022,0,0,"0.0","u",0,0,,"false"
"2026-09-25T09:06:24Z",506,"Udogie","TOT","-18.2","-18.5","-19.0","-19.5",-1,-1,"0.3",44,288,1445,7,86,"1.5","a",0,-1,,"false"
"2026-09-25T09:06:24Z",507,"Phillips","TOT","0.0","0.0","0.0","0.0",0,0,"0.0",45,0,49,0,0,"0.0","u",0,0,,"false"
"2026-09-25T09:06:24Z",508,"Davies","TOT","1.3","1.3","1.2","1.2",1,-1,"0.9",39,6405,3311,0,0,"0.0","a",-1,-1,,"false"
"2026-09-25T09:06:24Z",509,"Byfield","TOT","-2.4","-2.4","-2.4","-2.4",-1,0,"0.1",40,114,216,0,0,"0.0","a",0,0,,"false"
"2026-09-25T09:06:24Z",510,"Rowswell","TOT","-15.0","-17.0","-20.3","-23.7",-1,-2,"0.1",40,130,304,0,0,"0.0","a",0,0,,"false"
"2026-09-25T09:06:24Z",511,"Souza","TOT","0.0","0.0","0.0","0.0",0,-1,"0.2",40,0,785,0,0,"0.0","u",0,0,,"false"
"2026-09-25T09:06:24Z",512,"Kudus","TOT","1.9","1.9","1.9","1.9",1,-1,"0.2",65,1929,964,7,123,"1.8","a",0,0,,"false"
"2026-09-25T09:06:24Z",513,"Xavi","TOT","-16.7","-16.7","-16.7","-16.7",-1,0,"0.0",59,40,71,0,0,"0.0","i",0,-1,,"false"
"2026-09-25T09:06:24Z",514,"Tel","TOT","-22.5","-22.9","-23.6","-24.3",-2,-2,"0.2",57,171,1768,8,257,"1.5","a",-1,-3,,"false"
"2026-09-25T09:06:24Z",515,"Maddison","TOT","-65.0","-65.0","-65.0","-65.0",-3,0,"0.4",63,631,1750,3,59,"0.5","a",0,-2,,"false"
"2026-09-25T09:06:24Z",516,"Bentancur","TOT","-67.6","-67.6","-67.6","-67.6",-3,0,"0.2",55,308,585,15,370,"3.5","a",0,0,,"false"
"2026-09-25T09:06:24Z",517,"Odobert","TOT","0.0","0.0","0.0","0.0",0,0,"0.0",55,14,11,0,0,"0.0","i",0,0,,"false"
"2026-09-25T09:06:24Z",518,"P.M.Sarr","TOT","0.0","0.0","0.0","0.0",0,0,"0.1",49,0,594,0,0,"0.0","u",0,-1,,"false"
"2026-09-25T09:06:24Z",519,"Gallagher","TOT","0.1","0.1","0.1","0.1",1,0,"0.2",53,719,556,9,134,"2.2","a",0,-2,,"false"
"2026-09-25T09:06:24Z",520,"Bergvall","TOT","-1.8","-1.8","-1.8","-1.8",-1,0,"0.1",53,86,545,3,78,"0.5","a",-1,-2,,"false"
"2026-09-25T09:06:24Z",521,"Kulusevski","TOT","-82.2","-82.2","-82.2","-82.2",-3,0,"0.0",65,58,53,0,0,"0.0","i",0,0,,"false"
"2026-09-25T09:06:24Z",522,"Gray","TOT","-20.4","-21.4","-23.0","-24.7",-2,-2,"0.2",49,417,1061,9,307,"1.8","a",0,-1,,"false"
"2026-09-25T09:06:24Z",523,"Moore","TOT","0.0","0.0","0.0","0.0",0,0,"0.1",50,0,483,3,89,"0.2","u",0,0,,"false"
"2026-09-25T09:06:24Z",524,"Olusesi","TOT","7.4","7.5","7.5","7.6",1,4,"1.0",44,5571,6862,0,0,"0.0","a",0,-1,,"false"
"2026-09-25T09:06:24Z",525,"Fernandes","TOT","-7.3","-7.8","-8.6","-9.5",-1,-8,"0.8",57,394,5969,7,249,"1.5","a",-1,-3,,"false"
"2026-09-25T09:06:24Z",526,"Solanke","TOT","-27.1","-27.1","-27.1","-27.1",-2,0,"0.8",58,1489,5027,7,170,"1.5","a",0,-2,,"false"
"2026-09-25T09:06:24Z",527,"Richarlison","TOT","0.0","0.0","0.0","0.0",0,-8,"0.6",59,0,5022,2,67,"0.0","u",0,-1,,"false"
"2026-09-25T09:06:24Z",528,"Scarlett","TOT","0.0","0.0","0.0","0.0",0,-9,"1.1",45,0,7213,0,0,"0.0","u",0,0,,"false"
"2026-09-25T09:06:24Z",578,"Mudryk","TOT","-9.4","-9.4","-9.4","-9.4",-1,0,"0.0",53,19,508,1,16,"0.2","i",-1,-2,,"false"
"2026-09-25T09:06:24Z",601,"Williams-Barnett","TOT","-46.8","-48.2","-50.5","-52.9",-3,-2,"0.1",45,148,679,0,0,"0.0","a",0,0,,"false"
"2026-09-25T09:06:24Z",501,"Danso","SUN","-78.2","-78.2","-78.2","-78.2",-3,0,"0.2",50,1038,727,3,270,"0.8","a",0,0,,"false"
"2026-09-25T09:06:24Z",529,"Roefs","SUN","-14.5","-14.5","-14.3","-14.2",-1,2,"2.5",49,1876,10370,11,450,"2.5","a",0,-1,,"false"
"2026-09-25T09:06:24Z",530,"Patterson","SUN","0.0","0.0","0.0","0.0",0,0,"0.1",40,0,310,0,0,"0.0","u",0,0,,"false"
"2026-09-25T09:06:24Z",531,"Ellborg","SUN","-96.1","-96.1","-96.1","-96.1",-4,0,"0.1",45,118,218,0,0,"0.0","a",0,0,,"false"
"2026-09-25T09:06:24Z",532,"Ballard","SUN","-87.1","-87.3","-87.7","-88.1",-3,-7,"2.5",49,3453,13506,14,450,"3.5","a",0,-1,,"false"
"2026-09-25T09:06:24Z",533,"Mukiele","SUN","-15.1","-15.3","-15.6","-15.9",-1,-4,"1.9",54,4610,7803,13,360,"3.2","a",0,-1,,"false"
"2026-09-25T09:06:24Z",534,"Hume","SUN","-6.5","-6.6","-6.8","-6.9",-1,-5,"2.8",43,1102,27270,10,206,"2.0","a",-1,-2,,"false"
"2026-09-25T09:06:24Z",535,"Alderete","SUN","-5.4","-5.4","-5.4","-5.4",-1,0,"0.2",48,200,956,1,23,"0.0","a",-1,-2,,"false"
"2026-09-25T09:06:24Z",536,"Reinildo","SUN","-0.0","-0.0","-0.0","-0.0",0,0,"0.3",44,155,1463,7,360,"1.5","a",-1,-1,"2026-09-28T16:00:10.163369Z","false"
"2026-09-25T09:06:24Z",537,"Seelt","SUN","0.0","0.0","0.0","0.0",0,0,"0.0",45,0,19,0,0,"0.0","u",0,0,,"false"
"2026-09-25T09:06:24Z",538,"Hjelde","SUN","0.0","0.0","0.0","0.0",0,0,"0.0",40,0,135,0,0,"0.0","u",0,0,,"false"
"2026-09-25T09:06:24Z",539,"O'Nien","SUN","3.5","3.7","4.0","4.3",1,23,"2.5",39,15611,10098,1,66,"0.0","a",-1,-1,,"false"
"2026-09-25T09:06:24Z",540,"Masuaku","SUN","0.0","0.0","0.0","0.0",0,0,"0.1",40,0,560,0,0,"0.0","u",0,0,,"false"
"2026-09-25T09:06:24Z",541,"Meunier","SUN","-31.1","-31.1","-31.1","-31.1",-2,0,"0.3",45,1461,731,14,396,"3.2","a",0,0,,"false"
"2026-09-25T09:06:24Z",542,"E.Le Fée","SUN","-3.8","-3.9","-4.0","-4.1",-1,-4,"3.4",57,10049,21445,18,438,"4.0","a",-1,-3,,"false"
"2026-09-25T09:06:24Z",543,"Diarra","SUN","-94.6","-94.6","-94.6","-94.6",-3,0,"0.0",54,9,183,5,28,"1.0","i",0,-1,,"false"
"2026-09-25T09:06:24Z",544,"Xhaka","SUN","-67.4","-67.6","-68.0","-68.4",-3,-10,"3.6",55,5483,21118,21,450,"3.0","a",0,0,,"false"
"2026-09-25T09:06:24Z",545,"Sadiki","SUN","-67.4","-67.9","-68.7","-69.4",-3,-1,"0.2",49,360,1210,10,410,"2.0","a",0,-1,,"false"
"2026-09-25T09:06:24Z",546,"Adingra","SUN","0.0","0.0","0.0","0.0",0,0,"0.0",49,0,174,0,0,"0.0","u",0,-1,,"false"
"2026-09-25T09:06:24Z",547,"Mundle","SUN","-71.7","-71.7","-71.7","-71.7",-3,0,"0.0",49,10,50,1,1,"0.2","i",0,-1,,"false"
"2026-09-25T09:06:24Z",548,"Rigg","SUN","-70.9","-70.9","-70.9","-70.9",-3,0,"0.0",49,26,206,2,17,"0.2","a",0,-1,,"false"
"2026-09-25T09:06:24Z",549,"Talbi","SUN","-25.6","-25.6","-25.6","-25.6",-2,0,"0.1",53,101,504,1,31,"0.0","a",0,-2,,"false"
"2026-09-25T09:06:24Z",550,"Jocelin.T","SUN","-90.2","-90.2","-90.2","-90.2",-3,0,"0.0",50,25,36,0,0,"0.0","a",0,0,,"false"
"2026-09-25T09:06:24Z",551,"N.Angulo","SUN","1.3","1.3","1.3","1.3",1,0,"0.1",50,458,693,16,313,"2.8","a",0,0,,"false"
"2026-09-25T09:06:24Z",552,"Brobbey","SUN","77.9","77.4","76.4","75.5",3,-65,"7.0",57,188402,29690,24,399,"5.5","d",-1,-3,,"false"
"2026-09-25T09:06:24Z",553,"Isidor","SUN","3.0","3.0","2.9","2.9",1,-4,"1.3",55,2368,10555,15,117,"3.5","a",0,0,,"false"
"2026-09-25T09:06:24Z",612,"Methalie","SUN","0.0","0.0","0.0","0.0",0,0,"0.0",45,96,56,-1,90,"-0.2","a",0,0,,"false"
"2026-09-25T09:06:24Z",613,"Ahoka","SUN","-40.8","-40.8","-40.8","-40.8",-3,0,"0.2",45,526,1436,0,0,"0.0","a",0,0,,"false"
"2026-09-25T09:06:24Z",646,"Fofana","SUN","-14.1","-14.1","-14.1","-14.1",-1,0,"0.0",55,289,274,3,60,"1.0","a",0,0,,"false"
"2026-09-25T09:06:24Z",651,"J.Angulo","SUN","4.5","4.6","4.7","4.7",1,6,"0.7",45,7749,6503,0,0,"0.0","a",0,0,,"false"
