snapshot_utc,element_id,web_name,team,progress_pct,proj_0,proj_1,proj_2,likelihood,hourly_rate,selected_by_percent,now_cost,transfers_in_event,transfers_out_event,total_points,minutes,form,status,cost_change_event,cost_change_start,locked_until,calibrating
"2026-10-02T00:58:16Z",1,"Raya","ARS","1.4","1.5","1.6","1.6",1,12,"42.3",61,127409,48278,30,450,"6.0","a",1,1,,"false"
"2026-10-02T00:58:16Z",2,"Arrizabalaga","ARS","-49.2","-49.2","-49.2","-49.2",-3,0,"0.1",49,113,258,0,0,"0.0","a",0,-1,,"false"
"2026-10-02T00:58:16Z",3,"Meslier","ARS","-39.1","-39.1","-39.1","-39.1",-2,0,"0.0",49,47,124,0,0,"0.0","a",0,-1,,"false"
"2026-10-02T00:58:16Z",4,"Gabriel","ARS","-89.2","-89.2","-89.3","-89.3",-3,-4,"22.7",80,25025,67010,25,450,"4.0","a",0,0,,"false"
"2026-10-02T00:58:16Z",5,"J.Timber","ARS","11.2","11.3","11.3","11.4",1,4,"0.4",65,12778,4169,1,104,"0.3","a",0,0,,"false"
"2026-10-02T00:58:16Z",6,"Saliba","ARS","-25.6","-25.6","-25.6","-25.6",-2,0,"0.2",59,396,1116,0,0,"0.0","i",0,-1,,"false"
"2026-10-02T00:58:16Z",7,"Lewis-Skelly","ARS","-16.1","-16.3","-16.4","-16.6",-1,-1,"0.6",54,935,4982,9,271,"1.0","a",-1,-1,,"false"
"2026-10-02T00:58:16Z",8,"Calafiori","ARS","94.6","94.7","94.8","94.9",3,7,"50.5",58,77143,64220,29,416,"3.0","a",0,3,,"false"
"2026-10-02T00:58:16Z",9,"Hincapie","ARS","-5.6","-5.6","-5.6","-5.6",-1,0,"0.9",52,1454,5759,2,32,"0.3","a",-1,-3,,"false"
"2026-10-02T00:58:16Z",10,"White","ARS","-48.8","-49.1","-49.4","-49.7",-3,-17,"4.9",55,3251,67753,21,315,"1.0","d",0,0,,"false"
"2026-10-02T00:58:16Z",11,"Mosquera","ARS","-25.7","-25.9","-26.1","-26.3",-2,-2,"1.6",53,1211,9483,12,168,"0.0","a",0,-2,,"false"
"2026-10-02T00:58:16Z",12,"Saka","ARS","92.1","92.3","92.5","92.7",3,15,"13.7",95,110838,47851,32,416,"4.0","a",0,0,,"false"
"2026-10-02T00:58:16Z",13,"Rice","ARS","-34.5","-34.7","-34.9","-35.1",-2,-30,"11.6",74,7593,84350,20,411,"4.0","d",0,-1,,"false"
"2026-10-02T00:58:16Z",14,"Eze","ARS","-0.8","-0.9","-1.1","-1.3",-1,-2,"1.0",62,2331,6841,4,85,"0.7","a",-1,-3,,"false"
"2026-10-02T00:58:16Z",15,"Ødegaard","ARS","-1.0","-0.7","-0.4","-0.1",-1,21,"19.8",68,77654,88933,29,377,"5.0","a",0,3,,"false"
"2026-10-02T00:58:16Z",16,"Madueke","ARS","-26.0","-26.0","-26.0","-26.0",-2,0,"0.2",62,746,1579,2,23,"0.3","a",0,-3,,"false"
"2026-10-02T00:58:16Z",17,"Merino","ARS","-0.2","-0.2","-0.2","-0.2",-1,0,"0.4",57,758,2912,4,81,"0.7","a",-1,-3,,"false"
"2026-10-02T00:58:16Z",18,"Martinelli","ARS","0.0","0.0","0.0","0.0",0,0,"0.1",63,0,577,0,0,"0.0","u",0,-2,,"false"
"2026-10-02T00:58:16Z",19,"Zubimendi","ARS","-48.4","-48.4","-48.4","-48.4",-3,0,"0.6",53,511,3742,5,89,"1.0","a",0,-2,,"false"
"2026-10-02T00:58:16Z",20,"Dowman","ARS","-27.0","-27.0","-27.0","-27.0",-2,0,"0.1",53,460,582,1,9,"0.3","a",0,-2,,"false"
"2026-10-02T00:58:16Z",22,"Nwaneri","ARS","0.0","0.0","0.0","0.0",0,0,"0.0",54,0,52,0,0,"0.0","u",0,-1,,"false"
"2026-10-02T00:58:16Z",23,"Fábio Vieira","ARS","0.0","0.0","0.0","0.0",0,0,"0.0",55,0,40,0,0,"0.0","u",0,0,,"false"
"2026-10-02T00:58:16Z",24,"Nelson","ARS","0.0","0.0","0.0","0.0",0,0,"0.0",55,0,24,0,0,"0.0","u",0,0,,"false"
"2026-10-02T00:58:16Z",25,"Gyökeres","ARS","-2.8","-2.5","-2.2","-1.8",-1,12,"3.1",71,11817,17023,2,29,"0.7","a",-1,-4,,"false"
"2026-10-02T00:58:16Z",26,"Havertz","ARS","4.1","3.5","2.8","2.1",1,-45,"8.3",76,50479,64121,19,437,"3.7","d",0,1,,"false"
"2026-10-02T00:58:16Z",27,"G.Jesus","ARS","0.0","0.0","0.0","0.0",0,0,"0.1",59,0,1029,0,0,"0.0","u",0,-1,,"false"
"2026-10-02T00:58:16Z",31,"Konsa","ARS","0.8","0.9","0.9","0.9",1,6,"19.4",46,91249,46675,12,281,"3.7","a",1,1,,"false"
"2026-10-02T00:58:16Z",452,"Bruno G.","ARS","0.4","0.5","0.5","0.6",1,4,"1.8",67,5722,7671,9,123,"2.7","a",0,-3,,"false"
"2026-10-02T00:58:16Z",557,"Tzolis","ARS","-11.9","-12.3","-12.7","-13.1",-1,-52,"12.2",63,12228,140038,16,362,"3.3","a",-1,-2,,"false"
"2026-10-02T00:58:16Z",29,"M.Bizot","AVL","-38.1","-38.1","-38.1","-38.1",-2,0,"0.1",45,60,1020,1,90,"0.0","i",0,0,,"false"
"2026-10-02T00:58:16Z",30,"Digne","AVL","0.0","0.0","0.0","0.0",0,0,"0.0",45,0,233,0,0,"0.0","u",0,0,,"false"
"2026-10-02T00:58:16Z",32,"Cash","AVL","-23.2","-23.3","-23.4","-23.5",-2,-4,"4.8",44,2692,25217,6,296,"1.7","a",0,-1,,"false"
"2026-10-02T00:58:16Z",33,"Mings","AVL","0.7","0.7","0.7","0.7",1,0,"0.4",45,1722,1412,10,261,"3.0","a",0,0,,"false"
"2026-10-02T00:58:16Z",34,"Pau","AVL","-0.3","-0.3","-0.3","-0.3",-1,0,"0.3",44,44,3157,3,187,"0.3","i",-1,-1,,"false"
"2026-10-02T00:58:16Z",35,"Bogarde","AVL","-3.4","-3.4","-3.4","-3.4",-1,0,"0.1",49,174,444,1,16,"0.0","a",-1,-1,,"false"
"2026-10-02T00:58:16Z",36,"Maatsen","AVL","-2.5","-2.7","-3.0","-3.2",-1,-4,"0.5",44,50,6190,9,335,"2.7","i",-1,-1,,"false"
"2026-10-02T00:58:16Z",37,"Lindelöf","AVL","1.0","1.0","1.0","0.9",1,-1,"0.3",45,1043,1298,8,450,"2.7","a",0,0,,"false"
"2026-10-02T00:58:16Z",38,"A.García","AVL","-35.1","-35.1","-35.1","-35.1",-2,0,"1.5",40,1853,6101,0,0,"0.0","a",0,0,,"false"
"2026-10-02T00:58:16Z",39,"Nedeljkovic","AVL","0.0","0.0","0.0","0.0",0,0,"0.1",40,0,565,0,0,"0.0","u",0,0,,"false"
"2026-10-02T00:58:16Z",41,"Buendía","AVL","-36.3","-35.1","-33.9","-32.6",-2,8,"1.0",59,12271,4196,21,401,"5.7","a",0,-1,,"false"
"2026-10-02T00:58:16Z",44,"Bailey","AVL","0.0","0.0","0.0","0.0",0,0,"0.1",54,0,497,0,0,"0.0","u",0,-1,,"false"
"2026-10-02T00:58:16Z",45,"McGinn","AVL","-20.4","-20.4","-20.4","-20.4",-2,0,"2.2",54,6878,8563,17,434,"5.0","a",0,-1,,"false"
"2026-10-02T00:58:16Z",46,"Barkley","AVL","0.5","0.5","0.5","0.5",1,0,"0.3",50,566,1768,10,308,"2.0","a",0,0,,"false"
"2026-10-02T00:58:16Z",47,"Kamara","AVL","-80.5","-80.5","-80.5","-80.5",-3,0,"0.3",50,1318,1574,15,443,"3.7","a",0,0,,"false"
"2026-10-02T00:58:16Z",48,"Onana","AVL","-10.9","-10.9","-10.9","-10.9",-1,0,"0.0",49,40,94,0,0,"0.0","i",0,-1,,"false"
"2026-10-02T00:58:16Z",49,"Iling Jr","AVL","0.0","0.0","0.0","0.0",0,0,"0.0",50,0,11,0,0,"0.0","u",0,0,,"false"
"2026-10-02T00:58:16Z",50,"Burrowes","AVL","-79.4","-79.9","-80.5","-81.0",-3,-2,"0.6",45,636,3407,0,0,"0.0","a",0,0,,"false"
"2026-10-02T00:58:16Z",51,"George Hemmings","AVL","13.7","13.7","13.7","13.7",1,-2,"1.2",45,3204,9663,9,297,"1.7","a",0,0,,"false"
"2026-10-02T00:58:16Z",52,"Alysson","AVL","-2.4","-2.4","-2.4","-2.4",-1,0,"0.0",50,68,786,8,87,"2.3","d",0,0,,"false"
"2026-10-02T00:58:16Z",53,"Manzambi","AVL","8.4","8.5","8.7","8.8",1,8,"0.4",59,28185,3283,14,98,"4.7","a",0,-1,,"false"
"2026-10-02T00:58:16Z",54,"Gomes","AVL","0.1","0.1","0.1","0.1",1,0,"0.0",55,462,197,2,129,"1.3","a",0,0,,"false"
"2026-10-02T00:58:16Z",55,"Watkins","AVL","0.0","0.0","0.0","0.0",0,-6,"2.5",78,0,12790,0,0,"0.0","u",0,-2,,"false"
"2026-10-02T00:58:16Z",56,"Abraham","AVL","3.5","3.5","3.5","3.5",1,1,"0.2",55,1702,1730,4,71,"1.0","a",0,0,,"false"
"2026-10-02T00:58:16Z",160,"Garnacho","AVL","-66.6","-66.6","-66.6","-66.6",-3,0,"0.3",58,536,2776,3,31,"0.3","a",0,-2,,"false"
"2026-10-02T00:58:16Z",166,"N.Jackson","AVL","52.2","52.3","52.4","52.6",3,9,"1.5",65,36430,8105,10,286,"2.7","a",0,0,,"false"
"2026-10-02T00:58:16Z",582,"Madjo","AVL","-25.0","-25.3","-25.6","-26.0",-2,-1,"0.2",54,206,1781,0,0,"0.0","i",0,-1,,"false"
"2026-10-02T00:58:16Z",596,"Ruggeri","AVL","-74.5","-76.4","-78.5","-80.5",-3,-1,"0.1",45,527,337,5,113,"1.3","a",0,0,,"false"
"2026-10-02T00:58:16Z",597,"Suzuki","AVL","29.8","29.8","29.8","29.8",2,-1,"1.9",50,13578,6546,16,360,"4.7","a",0,0,,"false"
"2026-10-02T00:58:16Z",606,"Rowe","AVL","0.1","0.1","0.1","0.1",1,0,"0.2",40,317,904,0,0,"0.0","a",0,0,,"false"
"2026-10-02T00:58:16Z",607,"Lynch","AVL","0.0","0.0","0.0","0.0",0,0,"0.1",45,0,708,0,0,"0.0","u",0,0,,"false"
"2026-10-02T00:58:16Z",611,"Wan-Bissaka","AVL","2.1","2.1","2.1","2.1",1,0,"0.2",45,1450,1431,6,152,"1.7","a",0,0,,"false"
"2026-10-02T00:58:16Z",618,"Goretzka","AVL","-41.6","-41.6","-41.6","-41.6",-3,0,"0.0",59,23,418,0,0,"0.0","i",0,-1,,"false"
"2026-10-02T00:58:16Z",630,"Harwood-Bellis","AVL","0.0","0.0","0.0","0.0",0,0,"0.0",45,192,188,0,0,"0.0","a",0,0,,"false"
"2026-10-02T00:58:16Z",631,"Mbaye","AVL","0.3","0.3","0.4","0.4",1,1,"0.1",60,915,1117,2,33,"0.7","a",0,0,,"false"
"2026-10-02T00:58:16Z",667,"Wright","AVL","0.0","0.0","0.0","0.0",0,0,"0.1",40,7203,850,0,0,"0.0","a",0,0,"2026-10-02T19:12:30.130761Z","false"
"2026-10-02T00:58:16Z",57,"Petrović","BOU","0.2","0.2","0.2","0.1",1,-2,"3.0",45,6251,11774,9,450,"1.3","a",0,0,,"false"
"2026-10-02T00:58:16Z",58,"Forster","BOU","4.6","4.6","4.6","4.5",1,-2,"3.5",40,8191,7334,0,0,"0.0","a",0,0,,"false"
"2026-10-02T00:58:16Z",59,"Dennis","BOU","0.0","0.0","0.0","0.0",0,0,"0.1",40,0,555,0,0,"0.0","u",0,0,,"false"
"2026-10-02T00:58:16Z",60,"Hill","BOU","-33.4","-33.4","-33.4","-33.4",-2,0,"0.8",55,3175,3121,12,450,"2.3","a",0,0,,"false"
"2026-10-02T00:58:16Z",61,"Truffert","BOU","-1.4","-1.4","-1.4","-1.4",-1,0,"3.0",54,4605,12218,10,450,"1.7","a",-1,-1,,"false"
"2026-10-02T00:58:16Z",62,"Diakité","BOU","-5.5","-5.5","-5.5","-5.5",-1,0,"0.2",49,475,968,0,0,"0.0","a",-1,-1,,"false"
"2026-10-02T00:58:16Z",63,"Milosavljević","BOU","-3.0","-3.0","-3.0","-3.0",-1,0,"0.0",49,32,45,0,0,"0.0","i",0,-1,,"false"
"2026-10-02T00:58:16Z",64,"Smith","BOU","0.3","0.3","0.3","0.3",1,0,"0.1",45,401,481,4,434,"0.7","a",0,0,,"false"
"2026-10-02T00:58:16Z",65,"J.Araujo","BOU","-12.2","-12.2","-12.2","-12.2",-1,0,"0.0",44,37,54,0,0,"0.0","i",0,-1,,"false"
"2026-10-02T00:58:16Z",66,"Soler","BOU","1.4","1.4","1.4","1.4",1,0,"0.3",40,739,1122,0,0,"0.0","a",0,0,,"false"
"2026-10-02T00:58:16Z",67,"Rayan","BOU","-9.9","-9.8","-9.7","-9.6",-1,2,"1.6",63,4033,9786,10,434,"2.0","a",-1,-2,,"false"
"2026-10-02T00:58:16Z",68,"Tavernier","BOU","30.8","30.8","30.9","30.9",2,4,"6.8",61,83119,44326,31,424,"6.7","a",0,1,,"false"
"2026-10-02T00:58:16Z",69,"Scott","BOU","0.4","0.3","0.3","0.2",1,-4,"5.8",61,24088,38659,30,446,"5.3","a",0,1,,"false"
"2026-10-02T00:58:16Z",70,"Kluivert","BOU","-54.9","-55.4","-56.0","-56.5",-3,-9,"0.9",60,2300,18119,15,294,"3.0","i",0,0,,"false"
"2026-10-02T00:58:16Z",71,"Cook","BOU","-12.3","-12.3","-12.3","-12.3",-1,0,"0.2",50,267,1150,8,180,"0.7","a",0,0,,"false"
"2026-10-02T00:58:16Z",72,"Gannon-Doak","BOU","-65.1","-65.1","-65.1","-65.1",-3,0,"0.1",49,140,381,4,12,"1.0","a",0,-1,,"false"
"2026-10-02T00:58:16Z",73,"Adams","BOU","1.6","1.6","1.6","1.6",1,1,"0.3",50,1109,1654,12,279,"3.3","a",0,0,,"false"
"2026-10-02T00:58:16Z",74,"Brooks","BOU","-19.8","-19.8","-19.8","-19.8",-1,0,"0.1",50,175,325,3,45,"0.7","a",0,0,,"false"
"2026-10-02T00:58:16Z",75,"Christie","BOU","0.4","0.4","0.4","0.4",1,0,"0.0",50,297,252,5,102,"1.3","a",0,0,,"false"
"2026-10-02T00:58:16Z",76,"Tóth.A","BOU","-11.8","-11.8","-11.8","-11.8",-1,0,"0.0",49,27,55,2,17,"0.3","a",0,-1,,"false"
"2026-10-02T00:58:16Z",77,"Adli","BOU","-84.5","-84.5","-84.5","-84.5",-3,0,"0.0",49,23,77,0,0,"0.0","i",0,-1,,"false"
"2026-10-02T00:58:16Z",78,"Kroupi.Jr","BOU","-76.1","-76.1","-76.1","-76.1",-3,0,"0.2",74,187,860,0,0,"0.0","i",0,-1,,"false"
"2026-10-02T00:58:16Z",79,"Evanilson","BOU","51.3","51.4","51.6","51.8",3,12,"3.2",60,17918,21091,18,424,"3.0","a",0,0,,"false"
"2026-10-02T00:58:16Z",80,"Enes Ünal","BOU","0.0","0.0","0.0","0.0",0,0,"0.0",55,0,50,0,0,"0.0","u",0,0,,"false"
"2026-10-02T00:58:16Z",81,"Rodríguez","BOU","-32.2","-30.8","-29.3","-27.8",-2,1,"0.1",60,793,726,2,10,"0.3","a",0,0,,"false"
"2026-10-02T00:58:16Z",566,"Silva","BOU","1.4","1.4","1.4","1.3",1,-1,"0.4",50,6291,3685,13,450,"2.3","a",0,0,,"false"
"2026-10-02T00:58:16Z",573,"Sanchez","BOU","-12.7","-12.7","-12.7","-12.7",-1,0,"0.2",44,151,437,0,0,"0.0","a",0,-1,,"false"
"2026-10-02T00:58:16Z",608,"Jebbison","BOU","0.6","0.6","0.6","0.6",1,0,"0.1",50,902,901,3,31,"0.7","a",0,0,,"false"
"2026-10-02T00:58:16Z",615,"Di Gregorio","BOU","-29.1","-29.1","-29.1","-29.1",-2,0,"0.0",45,184,195,0,0,"0.0","a",0,0,,"false"
"2026-10-02T00:58:16Z",82,"Kelleher","BRE","20.5","20.5","20.5","20.5",2,0,"6.1",50,19952,13612,20,450,"3.7","a",0,0,,"false"
"2026-10-02T00:58:16Z",83,"Valdimarsson","BRE","-75.2","-75.2","-75.2","-75.2",-3,0,"0.1",45,299,340,0,0,"0.0","a",0,0,,"false"
"2026-10-02T00:58:16Z",84,"Collins","BRE","-29.0","-29.1","-29.3","-29.5",-2,-3,"0.9",54,121,9461,10,196,"0.3","i",0,-1,,"false"
"2026-10-02T00:58:16Z",85,"Van den Berg","BRE","-81.2","-81.2","-81.2","-81.2",-3,0,"0.1",49,38,353,0,0,"0.0","i",0,-1,,"false"
"2026-10-02T00:58:16Z",86,"Lewis-Potter","BRE","32.4","32.4","32.4","32.4",2,0,"1.7",55,3700,12008,22,406,"2.0","a",0,0,,"false"
"2026-10-02T00:58:16Z",87,"Ajer","BRE","30.9","30.9","30.9","30.9",2,0,"3.9",45,11274,22844,21,450,"3.3","a",0,0,,"false"
"2026-10-02T00:58:16Z",88,"Kayode","BRE","-37.9","-37.8","-37.6","-37.5",-2,8,"7.6",46,13298,21332,23,294,"2.7","a",0,1,,"false"
"2026-10-02T00:58:16Z",89,"Henry","BRE","-15.8","-15.8","-15.8","-15.8",-1,0,"0.2",44,160,589,1,2,"0.0","a",0,-1,,"false"
"2026-10-02T00:58:16Z",90,"Hickey","BRE","-29.4","-27.0","-24.4","-21.8",-2,1,"0.1",45,180,248,5,152,"1.0","a",0,0,,"false"
"2026-10-02T00:58:16Z",92,"Ji-soo","BRE","-5.2","-5.2","-5.2","-5.2",-1,0,"0.0",44,58,89,0,0,"0.0","a",-1,-1,,"false"
"2026-10-02T00:58:16Z",93,"Schuster","BRE","5.2","5.2","5.2","5.2",1,2,"0.3",45,15201,2352,21,253,"7.0","a",0,0,,"false"
"2026-10-02T00:58:16Z",94,"Schade","BRE","13.6","13.9","14.2","14.5",1,57,"11.6",62,394153,25184,39,447,"8.7","a",1,2,,"false"
"2026-10-02T00:58:16Z",95,"O.Dango","BRE","-49.4","-49.4","-49.4","-49.4",-3,0,"0.5",63,818,3696,7,179,"1.0","a",0,-2,,"false"
"2026-10-02T00:58:16Z",96,"Damsgaard","BRE","-7.5","-7.1","-6.7","-6.3",-1,1,"0.4",54,1651,2057,16,283,"4.0","a",0,-1,,"false"
"2026-10-02T00:58:16Z",97,"Jensen","BRE","-57.4","-57.4","-57.4","-57.4",-3,0,"0.1",54,20,648,6,66,"0.0","i",0,-1,,"false"
"2026-10-02T00:58:16Z",98,"Janelt","BRE","78.2","78.2","78.2","78.2",3,0,"2.5",50,19636,17932,28,450,"6.0","a",0,0,,"false"
"2026-10-02T00:58:16Z",99,"Milambo","BRE","-42.9","-42.9","-42.9","-42.9",-3,0,"0.0",50,6,7,0,0,"0.0","i",0,0,,"false"
"2026-10-02T00:58:16Z",100,"Carvalho","BRE","0.3","0.3","0.3","0.3",1,0,"0.0",50,610,174,6,3,"2.0","a",0,0,,"false"
"2026-10-02T00:58:16Z",102,"Yarmoliuk","BRE","-18.0","-18.5","-19.0","-19.4",-1,-2,"0.6",48,1348,3299,9,216,"2.3","a",0,-2,,"false"
"2026-10-02T00:58:16Z",103,"Dasilva","BRE","-62.0","-62.0","-62.0","-62.0",-3,0,"0.0",49,9,103,0,0,"0.0","i",0,-1,,"false"
"2026-10-02T00:58:16Z",105,"Anthony","BRE","0.8","0.8","0.8","0.8",1,0,"0.1",59,2340,616,15,267,"4.0","a",0,-1,,"false"
"2026-10-02T00:58:16Z",106,"Thiago","BRE","10.6","10.7","10.8","10.9",1,7,"9.1",78,58605,38426,10,442,"2.7","a",0,-2,,"false"
"2026-10-02T00:58:16Z",107,"Furo","BRE","-6.0","-6.1","-6.2","-6.4",-1,-2,"0.9",45,627,9553,0,0,"0.0","i",0,0,,"false"
"2026-10-02T00:58:16Z",108,"Wilson","BRE","-12.0","-12.0","-12.0","-12.0",-1,0,"0.3",54,1212,2477,3,13,"0.3","a",-1,-1,,"false"
"2026-10-02T00:58:16Z",565,"M.Sangaré","BRE","-32.1","-32.2","-32.4","-32.6",-2,-20,"9.9",56,8442,139150,22,321,"1.3","a",-1,1,,"false"
"2026-10-02T00:58:16Z",620,"Diouf","BRE","-35.9","-35.9","-35.9","-35.9",-2,0,"0.1",45,474,683,2,39,"0.7","a",0,0,,"false"
"2026-10-02T00:58:16Z",657,"Nunes","BRE","0.0","0.0","0.0","0.0",0,0,"0.0",45,346,271,0,0,"0.0","a",0,0,,"false"
"2026-10-02T00:58:16Z",660,"Fredrick","BRE","0.0","0.0","0.0","0.0",0,0,"0.0",40,523,68,0,0,"0.0","a",0,0,,"false"
"2026-10-02T00:58:16Z",661,"Balcombe","BRE","0.0","0.0","0.0","0.0",0,0,"0.0",40,2889,551,0,0,"0.0","a",0,0,,"false"
"2026-10-02T00:58:16Z",109,"Verbruggen","BHA","64.5","64.6","64.6","64.7",3,4,"21.6",45,72791,72444,23,450,"5.7","a",0,0,,"false"
"2026-10-02T00:58:16Z",111,"Steele","BHA","-0.7","-0.7","-0.7","-0.7",-1,0,"4.1",40,7180,14832,0,0,"0.0","a",0,0,,"false"
"2026-10-02T00:58:16Z",113,"F.Kadıoğlu","BHA","-60.5","-60.5","-60.5","-60.5",-3,0,"1.6",44,4018,6928,13,332,"4.3","a",0,-1,,"false"
"2026-10-02T00:58:16Z",114,"Boscagli","BHA","2.7","2.7","2.7","2.7",1,0,"0.3",45,2059,794,19,437,"4.7","a",0,0,,"false"
"2026-10-02T00:58:16Z",115,"De Cuyper","BHA","2.5","2.7","2.9","3.1",1,35,"27.8",50,301087,21661,38,423,"7.0","a",1,5,,"false"
"2026-10-02T00:58:16Z",116,"Dunk","BHA","20.1","20.1","19.9","19.8",2,-7,"1.5",45,7583,9916,22,360,"5.7","d",0,0,,"false"
"2026-10-02T00:58:16Z",117,"Coppola","BHA","-12.0","-12.0","-12.0","-12.0",-1,0,"0.0",45,110,100,0,0,"0.0","a",0,0,,"false"
"2026-10-02T00:58:16Z",118,"Igor","BHA","0.0","0.0","0.0","0.0",0,0,"0.0",45,0,295,0,0,"0.0","u",0,0,,"false"
"2026-10-02T00:58:16Z",119,"Costinha","BHA","0.0","0.0","0.0","0.0",0,0,"0.0",45,171,137,4,68,"1.0","a",0,0,,"false"
"2026-10-02T00:58:16Z",120,"Svoboda","BHA","0.5","0.5","0.5","0.5",1,0,"0.1",50,1330,463,1,4,"0.3","a",0,0,,"false"
"2026-10-02T00:58:16Z",121,"Mitoma","BHA","-25.3","-25.3","-25.3","-25.3",-2,0,"0.0",59,127,176,0,0,"0.0","i",0,-1,,"false"
"2026-10-02T00:58:16Z",122,"Minteh","BHA","-5.6","-5.6","-5.6","-5.6",-1,0,"0.0",58,45,232,0,0,"0.0","i",-1,-2,,"false"
"2026-10-02T00:58:16Z",123,"Hinshelwood","BHA","-40.0","-40.4","-40.8","-41.2",-3,-4,"0.6",59,275,6822,16,63,"0.0","i",0,-1,,"false"
"2026-10-02T00:58:16Z",124,"Groß","BHA","94.2","95.0","95.9","96.8",4,157,"29.0",58,793067,12095,47,450,"10.7","a",1,3,,"false"
"2026-10-02T00:58:16Z",125,"Georginio","BHA","-0.1","0.0","0.1","0.1",0,2,"0.5",53,2684,3866,6,104,"0.3","a",-1,-2,,"false"
"2026-10-02T00:58:16Z",126,"O'Riley","BHA","-8.5","-8.5","-8.5","-8.5",-1,0,"0.1",54,429,570,2,10,"0.7","a",0,-1,,"false"
"2026-10-02T00:58:16Z",127,"Gomez","BHA","31.2","31.3","31.4","31.4",2,4,"4.0",50,12261,38492,24,433,"4.3","a",0,0,,"false"
"2026-10-02T00:58:16Z",128,"Buonanotte","BHA","0.0","0.0","0.0","0.0",0,0,"0.0",50,0,7,0,0,"0.0","u",0,0,,"false"
"2026-10-02T00:58:16Z",129,"Ayari","BHA","-45.9","-46.3","-46.8","-47.3",-3,-1,"0.4",54,2342,2016,15,333,"4.3","a",0,-1,,"false"
"2026-10-02T00:58:16Z",130,"Wieffer","BHA","-31.1","-32.1","-33.3","-34.4",-2,-4,"0.2",49,30,1985,7,156,"0.0","i",0,-1,,"false"
"2026-10-02T00:58:16Z",132,"Howell","BHA","0.0","0.0","0.0","0.0",0,0,"0.0",45,0,204,0,0,"0.0","u",0,0,,"false"
"2026-10-02T00:58:16Z",133,"Watson","BHA","0.0","0.0","0.0","0.0",0,0,"0.0",50,0,5,0,0,"0.0","u",0,0,,"false"
"2026-10-02T00:58:16Z",134,"Oriola","BHA","-82.2","-82.2","-82.2","-82.2",-3,0,"0.2",45,356,1349,0,0,"0.0","a",0,0,,"false"
"2026-10-02T00:58:16Z",135,"Yohanna","BHA","-1.1","-1.1","-1.1","-1.1",-1,0,"0.0",48,24,393,1,12,"0.0","i",-1,-2,,"false"
"2026-10-02T00:58:16Z",137,"Tzimas","BHA","-3.6","-3.6","-3.6","-3.6",-1,0,"0.0",54,37,52,0,0,"0.0","i",0,-1,,"false"
"2026-10-02T00:58:16Z",138,"Kostoulas","BHA","20.5","20.9","21.3","21.8",2,80,"4.2",56,314999,19218,28,353,"7.3","a",1,1,,"false"
"2026-10-02T00:58:16Z",139,"Ferguson","BHA","-59.3","-59.3","-59.3","-59.3",-3,0,"0.0",50,135,259,0,0,"0.0","i",0,0,,"false"
"2026-10-02T00:58:16Z",328,"Struijk","BHA","-8.2","-7.6","-7.1","-6.5",-1,1,"0.2",49,641,882,7,98,"2.3","d",0,-1,,"false"
"2026-10-02T00:58:16Z",504,"Vuskovic","BHA","56.1","56.3","56.6","56.8",3,15,"3.7",50,56862,13461,32,437,"8.7","a",0,0,,"false"
"2026-10-02T00:58:16Z",594,"David","BHA","0.6","0.6","0.6","0.6",1,0,"0.2",59,3197,2220,1,23,"0.0","a",-1,-1,,"false"
"2026-10-02T00:58:16Z",600,"Osman","BHA","-67.4","-67.4","-67.4","-67.4",-3,0,"0.0",50,117,126,3,40,"0.3","a",0,0,,"false"
"2026-10-02T00:58:16Z",605,"Yalcouyé","BHA","54.3","54.3","54.3","54.3",3,0,"4.0",45,26178,33057,20,236,"3.7","a",0,0,,"false"
"2026-10-02T00:58:16Z",614,"Hadjam","BHA","-5.6","-5.6","-5.6","-5.6",-1,0,"0.0",45,248,256,0,0,"0.0","a",0,0,,"false"
"2026-10-02T00:58:16Z",624,"Cozier-Duberry","BHA","0.0","0.0","0.0","0.0",0,0,"0.0",50,0,5,0,0,"0.0","u",0,0,,"false"
"2026-10-02T00:58:16Z",639,"Andrés","BHA","1.4","1.4","1.4","1.4",1,0,"0.0",55,2753,310,12,109,"4.0","a",0,0,,"false"
"2026-10-02T00:58:16Z",652,"Azeez","BHA","-30.4","-30.4","-30.4","-30.4",-2,0,"0.0",55,19,45,0,0,"0.0","i",0,0,,"false"
"2026-10-02T00:58:16Z",658,"Ibrahim","BHA","0.0","0.0","0.0","0.0",0,0,"0.0",45,312,220,0,0,"0.0","a",0,0,,"false"
"2026-10-02T00:58:16Z",28,"Martinez","CHE","-6.4","-6.4","-6.3","-6.2",-1,2,"4.7",50,7660,22057,9,360,"2.3","a",0,0,,"false"
"2026-10-02T00:58:16Z",40,"Rogers","CHE","87.9","88.3","88.8","89.3",3,33,"40.5",77,149269,70625,29,437,"5.3","a",0,2,,"false"
"2026-10-02T00:58:16Z",101,"Henderson","CHE","0.0","0.0","0.0","0.0",0,0,"0.0",49,513,158,2,90,"0.7","a",0,-1,,"false"
"2026-10-02T00:58:16Z",136,"Welbeck","CHE","6.8","6.8","6.8","6.8",1,1,"1.0",59,7618,9317,4,85,"1.3","a",0,-1,,"false"
"2026-10-02T00:58:16Z",140,"Sánchez","CHE","0.0","0.0","0.0","0.0",0,0,"0.7",49,0,4862,2,90,"0.0","u",0,-1,,"false"
"2026-10-02T00:58:16Z",141,"Jörgensen","CHE","0.0","0.0","0.0","0.0",0,0,"0.0",50,0,33,0,0,"0.0","u",0,0,,"false"
"2026-10-02T00:58:16Z",142,"James","CHE","-96.4","-96.7","-97.0","-97.3",-4,-22,"5.8",54,627,78140,3,292,"0.7","d",0,-1,,"false"
"2026-10-02T00:58:16Z",143,"Chalobah","CHE","0.0","0.0","0.0","0.0",0,0,"0.1",55,0,321,0,0,"0.0","u",0,0,,"false"
"2026-10-02T00:58:16Z",144,"Gusto","CHE","-3.4","-3.6","-3.8","-4.0",-1,-2,"1.0",49,1582,6912,4,272,"0.7","a",-1,-1,,"false"
"2026-10-02T00:58:16Z",145,"Fofana","CHE","4.7","4.7","4.7","4.7",1,0,"0.2",50,2503,1300,8,312,"2.7","a",0,0,,"false"
"2026-10-02T00:58:16Z",146,"B.Badiashile","CHE","0.0","0.0","0.0","0.0",0,0,"0.0",45,0,43,0,0,"0.0","u",0,0,,"false"
"2026-10-02T00:58:16Z",148,"Hato","CHE","12.6","12.6","12.6","12.6",1,-1,"0.8",45,820,7374,8,258,"1.0","a",0,0,,"false"
"2026-10-02T00:58:16Z",149,"Colwill","CHE","-10.0","-10.1","-10.4","-10.6",-1,-2,"0.9",48,1074,5428,3,341,"0.7","a",-1,-2,,"false"
"2026-10-02T00:58:16Z",150,"M.Sarr","CHE","0.0","0.0","0.0","0.0",0,0,"0.0",45,0,172,0,0,"0.0","u",0,0,,"false"
"2026-10-02T00:58:16Z",151,"Acheampong","CHE","-11.8","-11.8","-11.8","-11.8",-1,0,"0.3",45,423,1950,5,221,"0.3","a",0,0,,"false"
"2026-10-02T00:58:16Z",152,"Palestra","CHE","-1.5","-1.7","-2.0","-2.3",-1,-2,"0.6",53,230,3833,0,0,"0.0","d",0,-2,,"false"
"2026-10-02T00:58:16Z",154,"Palmer","CHE","-13.8","-14.1","-14.4","-14.7",-1,-39,"25.6",97,48624,169362,28,442,"2.7","d",0,2,,"false"
"2026-10-02T00:58:16Z",156,"Neto","CHE","-7.4","-7.4","-7.4","-7.4",-1,0,"1.4",65,5175,9658,14,332,"2.0","a",0,0,,"false"
"2026-10-02T00:58:16Z",157,"Estêvão","CHE","-32.9","-33.1","-33.4","-33.7",-2,-1,"0.7",63,1790,4348,4,23,"1.0","a",0,-2,,"false"
"2026-10-02T00:58:16Z",158,"Gittens","CHE","-4.0","-4.0","-4.0","-4.0",-1,0,"0.0",58,155,256,0,0,"0.0","d",-1,-2,,"false"
"2026-10-02T00:58:16Z",159,"Caicedo","CHE","-2.5","-2.8","-3.2","-3.5",-1,-4,"1.0",53,412,8957,1,13,"0.0","d",0,-2,,"false"
"2026-10-02T00:58:16Z",161,"Lavia","CHE","4.7","4.7","4.6","4.6",1,-1,"0.2",50,434,2467,11,258,"1.0","a",0,0,,"false"
"2026-10-02T00:58:16Z",163,"D.Essugo","CHE","0.0","0.0","0.0","0.0",0,0,"0.1",45,0,727,0,0,"0.0","u",0,0,,"false"
"2026-10-02T00:58:16Z",164,"Quenda","CHE","-27.9","-27.9","-27.9","-27.9",-2,0,"0.0",53,72,181,2,27,"0.3","a",0,-2,,"false"
"2026-10-02T00:58:16Z",165,"João Pedro","CHE","-2.0","-2.0","-2.0","-2.1",-1,-50,"65.1",77,63565,395324,33,360,"4.3","d",-1,2,,"false"
"2026-10-02T00:58:16Z",168,"Marc Guiu","CHE","0.0","0.0","0.0","0.0",0,-2,"0.2",50,0,1552,0,0,"0.0","u",0,0,,"false"
"2026-10-02T00:58:16Z",169,"Mheuka","CHE","4.5","4.5","4.5","4.5",1,0,"0.5",45,4539,3542,0,0,"0.0","a",0,0,,"false"
"2026-10-02T00:58:16Z",170,"Emegha","CHE","-0.5","-0.5","-0.5","-0.5",-1,0,"0.1",49,78,1099,0,0,"0.0","i",-1,-1,,"false"
"2026-10-02T00:58:16Z",200,"Lacroix","CHE","-7.4","-7.4","-7.4","-7.4",-1,0,"6.8",59,7951,29386,13,364,"2.0","a",-1,-1,,"false"
"2026-10-02T00:58:16Z",560,"Penders","CHE","-0.5","-0.5","-0.5","-0.5",-1,0,"0.1",44,245,298,0,0,"0.0","a",0,-1,,"false"
"2026-10-02T00:58:16Z",561,"Anselmino","CHE","-1.0","-1.0","-1.0","-1.0",-1,0,"0.0",45,66,103,0,0,"0.0","a",0,0,,"false"
"2026-10-02T00:58:16Z",568,"Barco","CHE","-14.5","-14.5","-14.5","-14.5",-1,0,"0.1",54,235,448,3,115,"0.7","a",0,-1,,"false"
"2026-10-02T00:58:16Z",583,"Chavarria","CHE","-51.1","-50.0","-48.7","-47.5",-3,1,"0.1",49,416,550,5,208,"1.0","a",0,-1,,"false"
"2026-10-02T00:58:16Z",662,"Nicoll-Jazuli","CHE","0.0","0.0","0.0","0.0",0,0,"0.0",45,340,72,1,3,"1.0","a",0,0,,"false"
"2026-10-02T00:58:16Z",91,"Pinnock","COV","-73.3","-73.3","-73.3","-73.3",-3,0,"0.1",45,395,230,14,282,"4.3","a",0,0,,"false"
"2026-10-02T00:58:16Z",104,"Onyeka","COV","-33.7","-33.7","-33.7","-33.7",-2,0,"0.1",49,174,449,9,314,"2.3","a",0,-1,,"false"
"2026-10-02T00:58:16Z",110,"Rushworth","COV","-58.5","-58.5","-58.5","-58.5",-3,0,"0.8",45,2573,5922,16,450,"4.3","a",0,0,,"false"
"2026-10-02T00:58:16Z",171,"Dovin","COV","0.0","0.0","0.0","0.0",0,-2,"1.0",40,0,4763,0,0,"0.0","u",0,0,,"false"
"2026-10-02T00:58:16Z",172,"Wilson","COV","-6.2","-6.2","-6.2","-6.2",-1,0,"0.4",44,243,685,0,0,"0.0","a",0,-1,,"false"
"2026-10-02T00:58:16Z",173,"Thomas","COV","17.3","17.3","17.3","17.3",1,2,"8.5",40,26266,32035,24,437,"4.3","a",0,0,,"false"
"2026-10-02T00:58:16Z",174,"Kitching","COV","0.0","0.0","0.0","0.0",0,0,"0.3",40,0,1825,0,0,"0.0","u",0,0,,"false"
"2026-10-02T00:58:16Z",175,"van Ewijk","COV","-49.1","-49.2","-49.2","-49.3",-3,-7,"8.7",40,1173,76267,6,360,"1.0","d",0,0,,"false"
"2026-10-02T00:58:16Z",176,"Dasilva","COV","-30.7","-30.7","-30.7","-30.7",-2,0,"0.7",40,6412,1782,20,444,"5.7","a",0,0,,"false"
"2026-10-02T00:58:16Z",177,"Kesler-Hayden","COV","0.2","0.2","0.2","0.2",1,0,"0.0",39,1028,570,0,0,"0.0","i",-1,-1,,"false"
"2026-10-02T00:58:16Z",178,"Bidwell","COV","-30.2","-30.2","-30.2","-30.2",-2,0,"0.1",40,182,300,0,0,"0.0","a",0,0,,"false"
"2026-10-02T00:58:16Z",179,"Latibeaudiere","COV","-76.3","-76.3","-76.3","-76.3",-3,0,"0.0",40,73,136,1,1,"0.3","a",0,0,,"false"
"2026-10-02T00:58:16Z",180,"Woolfenden","COV","-97.5","-97.5","-97.5","-97.5",-4,0,"0.1",40,32,507,0,0,"0.0","i",0,0,,"false"
"2026-10-02T00:58:16Z",181,"Brau","COV","0.0","0.0","0.0","0.0",0,0,"0.0",40,0,101,0,0,"0.0","u",0,0,,"false"
"2026-10-02T00:58:16Z",182,"Amenda","COV","-54.6","-54.6","-54.6","-54.6",-3,0,"0.6",40,36,6822,4,360,"0.7","i",0,0,,"false"
"2026-10-02T00:58:16Z",183,"Rudoni","COV","0.1","0.1","0.1","0.1",1,0,"0.1",49,914,678,13,297,"3.0","a",0,-1,,"false"
"2026-10-02T00:58:16Z",184,"Grimes","COV","-28.9","-28.9","-28.9","-28.9",-2,0,"0.1",49,185,867,11,443,"2.3","a",0,-1,,"false"
"2026-10-02T00:58:16Z",185,"Sakamoto","COV","-22.9","-22.9","-22.9","-22.9",-2,0,"0.1",48,129,385,1,31,"0.0","a",0,-2,,"false"
"2026-10-02T00:58:16Z",186,"Mason-Clark","COV","-2.3","-2.3","-2.3","-2.3",-1,0,"0.1",53,73,363,5,231,"1.3","a",-1,-2,,"false"
"2026-10-02T00:58:16Z",187,"Eccles","COV","-4.5","-4.5","-4.5","-4.5",-1,0,"0.0",48,18,89,0,0,"0.0","i",-1,-2,,"false"
"2026-10-02T00:58:16Z",188,"Torp","COV","-11.6","-11.6","-11.6","-11.6",-1,0,"0.1",53,43,437,3,53,"0.3","a",-1,-2,,"false"
"2026-10-02T00:58:16Z",189,"Shepherd","COV","0.8","0.8","0.8","0.8",1,0,"0.3",44,4063,2273,0,0,"0.0","a",0,-1,,"false"
"2026-10-02T00:58:16Z",190,"Tchaouna","COV","-82.3","-82.3","-82.3","-82.3",-3,0,"0.1",54,24,348,5,211,"0.7","a",0,-1,,"false"
"2026-10-02T00:58:16Z",191,"Borges Rodrigues","COV","0.0","0.0","0.0","0.0",0,0,"0.1",45,0,679,0,0,"0.0","u",0,0,,"false"
"2026-10-02T00:58:16Z",192,"Andrews","COV","0.0","0.0","0.0","0.0",0,0,"0.3",45,0,1975,0,0,"0.0","u",0,0,,"false"
"2026-10-02T00:58:16Z",193,"Wright","COV","-0.2","-0.2","-0.2","-0.2",-1,0,"0.1",53,48,555,0,0,"0.0","i",-1,-2,,"false"
"2026-10-02T00:58:16Z",194,"Thomas-Asante","COV","2.8","2.8","2.9","2.9",1,1,"0.8",50,8096,5917,9,227,"2.0","a",0,0,,"false"
"2026-10-02T00:58:16Z",195,"Simms","COV","-0.1","-0.1","-0.1","-0.1",-1,0,"0.6",49,1897,5262,4,104,"0.7","a",-1,-1,,"false"
"2026-10-02T00:58:16Z",196,"Markelo","COV","0.0","0.0","0.0","0.0",0,0,"0.0",50,0,60,0,0,"0.0","u",0,0,,"false"
"2026-10-02T00:58:16Z",197,"Bassette","COV","0.0","0.0","0.0","0.0",0,0,"0.0",45,0,145,0,0,"0.0","u",0,0,,"false"
"2026-10-02T00:58:16Z",492,"Awoniyi","COV","-13.5","-13.5","-13.5","-13.5",-1,0,"0.4",54,68,5038,3,232,"0.0","s",-1,-1,,"false"
"2026-10-02T00:58:16Z",575,"Yirenkyi","COV","-2.8","-2.8","-2.8","-2.8",-1,0,"0.1",48,292,1008,9,265,"1.7","a",-1,-2,,"false"
"2026-10-02T00:58:16Z",584,"Hamer","COV","-85.6","-85.6","-85.6","-85.6",-3,0,"0.1",54,43,399,3,32,"0.3","a",0,-1,,"false"
"2026-10-02T00:58:16Z",599,"Cherif","COV","-6.4","-6.4","-6.4","-6.4",-1,0,"0.1",50,537,757,1,30,"0.3","a",0,0,,"false"
"2026-10-02T00:58:16Z",623,"Bentley","COV","2.1","2.1","2.1","2.1",1,0,"0.6",40,8059,2321,0,0,"0.0","a",0,0,,"false"
"2026-10-02T00:58:16Z",655,"Gboho","COV","0.0","0.0","0.0","0.0",0,0,"0.0",55,70,52,0,0,"0.0","a",0,0,,"false"
"2026-10-02T00:58:16Z",656,"Mfuni","COV","0.0","0.0","0.0","0.0",0,0,"0.1",40,1860,861,6,90,"3.0","a",0,0,,"false"
"2026-10-02T00:58:16Z",42,"Guessand","CRY","-27.2","-27.2","-27.2","-27.2",-2,0,"0.0",54,111,267,2,54,"0.0","a",0,-1,,"false"
"2026-10-02T00:58:16Z",153,"Disasi","CRY","-62.2","-63.1","-64.1","-65.1",-3,-1,"0.1",45,26,768,1,139,"0.0","s",0,0,,"false"
"2026-10-02T00:58:16Z",198,"Henderson","CRY","-98.6","-98.6","-98.6","-98.6",-4,0,"1.3",50,146,11161,5,270,"0.7","i",0,0,,"false"
"2026-10-02T00:58:16Z",199,"Benitez","CRY","-24.0","-24.0","-24.0","-24.0",-2,0,"0.1",45,688,375,8,180,"2.7","a",0,0,,"false"
"2026-10-02T00:58:16Z",202,"Richards","CRY","0.0","0.0","0.0","0.0",0,0,"0.6",49,1601,2187,14,450,"3.7","a",-1,-1,,"false"
"2026-10-02T00:58:16Z",203,"Canvot","CRY","-0.5","-0.5","-0.5","-0.5",-1,0,"0.2",48,407,866,10,360,"3.0","a",-1,-2,,"false"
"2026-10-02T00:58:16Z",204,"Mitchell","CRY","26.6","26.6","26.6","26.6",2,-1,"6.1",45,14515,16088,24,419,"7.7","a",0,0,,"false"
"2026-10-02T00:58:16Z",205,"Sosa","CRY","0.0","0.0","0.0","0.0",0,0,"0.0",45,0,106,0,0,"0.0","u",0,0,,"false"
"2026-10-02T00:58:16Z",206,"Chadi Riad","CRY","-4.4","-4.4","-4.4","-4.4",-1,0,"0.0",43,25,121,1,72,"0.0","i",-1,-2,,"false"
"2026-10-02T00:58:16Z",207,"Mingueza","CRY","-89.6","-89.6","-89.6","-89.6",-3,0,"0.1",44,79,279,2,16,"0.3","a",0,-1,,"false"
"2026-10-02T00:58:16Z",208,"Sarr","CRY","0.1","0.1","0.1","0.1",1,0,"0.6",62,2537,2205,1,8,"0.3","a",0,-3,,"false"
"2026-10-02T00:58:16Z",210,"Wharton","CRY","-2.4","-2.4","-2.4","-2.4",-1,0,"0.7",54,1166,4543,12,436,"2.0","a",-1,-1,,"false"
"2026-10-02T00:58:16Z",211,"Yeremy","CRY","4.7","4.7","4.7","4.7",1,0,"0.3",55,698,2619,14,307,"2.7","a",0,0,,"false"
"2026-10-02T00:58:16Z",212,"Hughes","CRY","-20.3","-20.4","-20.5","-20.6",-2,-4,"7.3",44,9035,44132,2,29,"0.7","a",0,-1,,"false"
"2026-10-02T00:58:16Z",213,"Lerma","CRY","-2.2","-2.2","-2.2","-2.2",-1,0,"0.1",48,90,377,1,51,"0.3","a",-1,-2,,"false"
"2026-10-02T00:58:16Z",214,"Kamada","CRY","11.6","11.6","11.6","11.6",1,0,"0.5",50,3229,2992,21,441,"5.3","a",0,0,,"false"
"2026-10-02T00:58:16Z",215,"Devenny","CRY","0.0","0.0","0.0","0.0",0,0,"0.0",50,0,33,0,0,"0.0","u",0,0,,"false"
"2026-10-02T00:58:16Z",216,"Esse","CRY","0.0","0.0","0.0","0.0",0,0,"0.0",50,0,123,0,0,"0.0","u",0,0,,"false"
"2026-10-02T00:58:16Z",217,"M.França","CRY","0.0","0.0","0.0","0.0",0,0,"0.0",49,0,159,0,0,"0.0","u",0,-1,,"false"
"2026-10-02T00:58:16Z",218,"Doucouré","CRY","-2.3","-2.3","-2.3","-2.3",-1,0,"0.0",48,112,294,0,0,"0.0","a",-1,-2,,"false"
"2026-10-02T00:58:16Z",219,"J.Rak-Sakyi","CRY","0.0","0.0","0.0","0.0",0,0,"0.0",49,0,25,0,0,"0.0","u",0,-1,,"false"
"2026-10-02T00:58:16Z",220,"Cardines","CRY","0.0","0.0","0.0","0.0",0,0,"0.0",45,0,3,0,0,"0.0","u",0,0,,"false"
"2026-10-02T00:58:16Z",221,"Drakes-Thomas","CRY","-95.0","-95.0","-95.0","-95.0",-4,0,"0.1",45,139,422,0,0,"0.0","a",0,0,,"false"
"2026-10-02T00:58:16Z",222,"Strand Larsen","CRY","5.2","5.2","5.2","5.3",1,1,"0.7",60,4906,3884,14,298,"3.7","a",0,0,,"false"
"2026-10-02T00:58:16Z",223,"Mateta","CRY","-25.8","-26.0","-26.3","-26.5",-2,-6,"1.3",63,212,9119,2,62,"0.0","i",0,-2,,"false"
"2026-10-02T00:58:16Z",224,"Nketiah","CRY","-18.0","-18.0","-18.0","-18.0",-1,0,"0.5",55,1280,3344,8,175,"1.7","a",0,0,,"false"
"2026-10-02T00:58:16Z",225,"Uche","CRY","0.0","0.0","0.0","0.0",0,0,"0.0",50,0,0,0,0,"0.0","u",0,0,,"false"
"2026-10-02T00:58:16Z",241,"McNeil","CRY","-96.8","-96.8","-96.8","-96.8",-4,0,"0.1",54,74,478,3,84,"0.0","a",0,-1,,"false"
"2026-10-02T00:58:16Z",555,"Matthews","CRY","-9.3","-9.3","-9.3","-9.3",-1,0,"1.7",40,1098,3022,0,0,"0.0","a",0,0,,"false"
"2026-10-02T00:58:16Z",577,"Tomiyasu","CRY","-14.1","-14.1","-14.1","-14.1",-1,0,"0.3",44,149,1188,3,189,"0.3","d",0,-1,,"false"
"2026-10-02T00:58:16Z",588,"Khalaili","CRY","6.8","6.8","6.8","6.8",1,0,"0.3",50,2079,1109,19,379,"5.3","a",0,0,,"false"
"2026-10-02T00:58:16Z",595,"Gozo","CRY","-0.6","-0.6","-0.6","-0.6",-1,0,"0.0",49,41,90,2,28,"0.3","a",-1,-1,,"false"
"2026-10-02T00:58:16Z",633,"Ahanor","CRY","0.1","0.1","0.1","0.1",1,0,"0.0",45,139,107,3,90,"1.0","a",0,0,,"false"
"2026-10-02T00:58:16Z",643,"Chilwell","CRY","-74.2","-74.2","-74.2","-74.2",-3,0,"0.4",45,564,2936,8,29,"2.7","a",0,0,,"false"
"2026-10-02T00:58:16Z",644,"Timber","CRY","0.2","0.2","0.2","0.2",1,0,"0.0",50,467,317,9,253,"3.0","a",0,0,,"false"
"2026-10-02T00:58:16Z",647,"Osorio","CRY","-74.1","-74.1","-74.1","-74.1",-3,0,"0.0",55,27,75,1,1,"0.3","a",0,0,,"false"
"2026-10-02T00:58:16Z",21,"Nørgaard","EVE","-0.3","-0.3","-0.3","-0.3",-1,0,"0.0",48,54,325,0,0,"0.0","i",-1,-2,,"false"
"2026-10-02T00:58:16Z",209,"Johnson","EVE","-19.5","-19.5","-19.5","-19.5",-1,0,"0.1",59,412,711,9,238,"2.3","a",0,-1,,"false"
"2026-10-02T00:58:16Z",226,"Pickford","EVE","29.6","29.7","29.8","29.9",2,6,"9.1",55,28730,15581,25,450,"5.0","a",0,0,,"false"
"2026-10-02T00:58:16Z",227,"Travers","EVE","-32.6","-28.3","-23.6","-18.9",-2,1,"0.0",50,251,263,0,0,"0.0","a",0,0,,"false"
"2026-10-02T00:58:16Z",228,"King","EVE","-41.8","-41.8","-41.8","-41.8",-3,0,"0.0",45,112,170,0,0,"0.0","a",0,0,,"false"
"2026-10-02T00:58:16Z",229,"Tarkowski","EVE","0.4","0.6","0.9","1.2",1,53,"16.6",62,234177,20742,43,450,"8.3","a",1,2,,"false"
"2026-10-02T00:58:16Z",230,"Branthwaite","EVE","35.8","35.9","36.0","36.0",2,4,"2.4",55,19711,7220,27,450,"5.7","a",0,0,,"false"
"2026-10-02T00:58:16Z",231,"Keane","EVE","-39.3","-39.3","-39.3","-39.3",-2,0,"0.7",48,387,3844,0,0,"0.0","a",0,-2,,"false"
"2026-10-02T00:58:16Z",232,"O'Brien","EVE","-4.1","-4.1","-4.1","-4.1",-1,0,"0.3",48,331,1147,2,16,"0.7","a",-1,-2,,"false"
"2026-10-02T00:58:16Z",233,"Mykolenko","EVE","1.3","1.3","1.3","1.2",1,-5,"4.2",46,41301,21803,27,450,"5.7","d",1,1,,"false"
"2026-10-02T00:58:16Z",234,"Patterson","EVE","0.0","0.0","0.0","0.0",0,0,"0.0",45,0,123,0,0,"0.0","u",0,0,,"false"
"2026-10-02T00:58:16Z",235,"Aznou","EVE","0.0","0.0","0.0","0.0",0,0,"0.1",40,0,557,0,0,"0.0","u",0,0,,"false"
"2026-10-02T00:58:16Z",236,"Dewsbury-Hall","EVE","-15.7","-15.7","-15.7","-15.7",-1,-1,"6.0",66,34304,44578,20,450,"2.3","a",1,1,,"false"
"2026-10-02T00:58:16Z",238,"Grealish","EVE","8.7","8.7","8.7","8.7",1,-2,"0.5",65,3760,2976,6,135,"1.7","a",0,0,,"false"
"2026-10-02T00:58:16Z",239,"Garner","EVE","3.5","3.5","3.5","3.5",1,1,"0.2",60,1746,1992,11,328,"3.0","a",0,0,,"false"
"2026-10-02T00:58:16Z",242,"George","EVE","30.2","30.2","30.2","30.2",2,0,"0.9",55,2449,10771,19,309,"4.7","a",0,0,,"false"
"2026-10-02T00:58:16Z",243,"Alcaraz","EVE","-46.8","-46.8","-46.8","-46.8",-3,0,"0.1",49,159,407,1,5,"0.0","a",0,-1,,"false"
"2026-10-02T00:58:16Z",244,"Armstrong","EVE","9.4","9.4","9.4","9.4",1,0,"0.4",50,840,3311,16,446,"2.0","a",0,0,,"false"
"2026-10-02T00:58:16Z",245,"Dibling","EVE","-90.9","-90.9","-90.9","-90.9",-3,0,"0.0",54,118,158,1,24,"0.3","a",0,-1,,"false"
"2026-10-02T00:58:16Z",246,"Röhl","EVE","-46.0","-46.0","-46.0","-46.0",-3,0,"0.0",49,7,585,6,249,"0.3","i",0,-1,,"false"
"2026-10-02T00:58:16Z",247,"Hackney","EVE","-5.3","-5.3","-5.3","-5.3",-1,0,"0.2",54,191,1085,10,137,"2.0","a",-1,-1,,"false"
"2026-10-02T00:58:16Z",248,"Beto","EVE","0.0","0.0","0.0","0.0",0,0,"0.6",54,0,7314,2,31,"0.0","u",0,-1,,"false"
"2026-10-02T00:58:16Z",249,"Barry","EVE","0.4","0.4","0.5","0.5",1,8,"8.3",57,84957,39111,20,417,"3.3","a",1,2,,"false"
"2026-10-02T00:58:16Z",649,"Maitland-Niles","EVE","17.5","17.5","17.5","17.5",1,0,"1.4",45,19406,4728,21,177,"7.0","a",0,0,,"false"
"2026-10-02T00:58:16Z",654,"Graham","EVE","-34.6","-34.6","-34.6","-34.6",-2,0,"0.1",45,234,1007,0,0,"0.0","a",0,0,,"false"
"2026-10-02T00:58:16Z",250,"Leno","FUL","8.8","8.9","8.9","9.0",1,3,"3.4",45,39165,11353,18,450,"4.3","a",0,0,,"false"
"2026-10-02T00:58:16Z",251,"Lecomte","FUL","-24.0","-24.0","-24.0","-24.0",-2,0,"1.1",40,2500,2513,0,0,"0.0","a",0,0,,"false"
"2026-10-02T00:58:16Z",252,"McNally","FUL","0.0","0.0","0.0","0.0",0,0,"0.1",40,0,599,0,0,"0.0","u",0,0,,"false"
"2026-10-02T00:58:16Z",253,"Andersen","FUL","0.8","0.8","0.8","0.8",1,0,"0.2",50,2721,1092,3,190,"0.7","a",0,0,,"false"
"2026-10-02T00:58:16Z",254,"Robinson","FUL","-18.8","-18.4","-18.0","-17.5",-1,4,"1.5",45,15937,6677,12,429,"3.0","a",0,0,,"false"
"2026-10-02T00:58:16Z",255,"J.Cuenca","FUL","-73.2","-73.2","-73.2","-73.2",-3,0,"0.0",45,67,112,3,90,"0.0","a",0,0,,"false"
"2026-10-02T00:58:16Z",256,"Tete","FUL","-0.7","-0.7","-0.7","-0.7",-1,0,"0.2",44,57,1041,0,27,"0.0","a",0,-1,,"false"
"2026-10-02T00:58:16Z",257,"Bassey","FUL","0.1","0.2","0.2","0.3",1,6,"0.7",45,5472,1812,15,450,"4.3","a",0,0,,"false"
"2026-10-02T00:58:16Z",258,"Castagne","FUL","14.3","14.4","14.5","14.6",1,6,"0.9",45,14639,4875,20,408,"2.7","a",0,0,,"false"
"2026-10-02T00:58:16Z",261,"Iwobi","FUL","-59.1","-57.4","-55.6","-53.9",-3,8,"0.7",54,3460,3239,14,408,"3.3","a",0,-1,,"false"
"2026-10-02T00:58:16Z",262,"Smith Rowe","FUL","-1.1","-1.1","-1.1","-1.1",-1,0,"0.2",53,307,1340,3,38,"0.7","a",-1,-2,,"false"
"2026-10-02T00:58:16Z",263,"Kevin","FUL","-13.3","-13.3","-13.3","-13.3",-1,0,"0.0",53,195,287,4,61,"0.7","a",0,-2,,"false"
"2026-10-02T00:58:16Z",264,"Bobb","FUL","-48.0","-48.0","-48.0","-48.0",-3,0,"0.3",55,2342,1797,13,343,"2.7","a",0,0,,"false"
"2026-10-02T00:58:16Z",265,"Berge","FUL","-34.1","-34.1","-34.1","-34.1",-2,0,"0.3",49,626,1298,11,349,"2.3","a",0,-1,,"false"
"2026-10-02T00:58:16Z",266,"Cairney","FUL","-15.3","-15.3","-15.3","-15.3",-1,0,"0.0",49,8,20,0,0,"0.0","i",0,-1,,"false"
"2026-10-02T00:58:16Z",268,"King","FUL","88.9","89.4","89.9","90.4",3,34,"2.6",55,88308,18357,24,425,"5.0","a",0,0,,"false"
"2026-10-02T00:58:16Z",269,"Sessegnon","FUL","-1.7","-1.7","-1.7","-1.7",-1,0,"0.3",43,299,1297,3,50,"0.3","a",-1,-2,,"false"
"2026-10-02T00:58:16Z",270,"Reed","FUL","-11.4","-11.4","-11.4","-11.4",-1,0,"1.1",44,2800,6832,0,0,"0.0","a",0,-1,,"false"
"2026-10-02T00:58:16Z",271,"Muniz","FUL","-51.0","-51.7","-52.5","-53.2",-3,-2,"0.4",54,1726,2676,3,38,"0.7","a",0,-1,,"false"
"2026-10-02T00:58:16Z",272,"Kusi-Asare","FUL","-64.0","-64.0","-64.1","-64.1",-3,-1,"5.4",45,10888,33205,0,0,"0.0","a",0,0,,"false"
"2026-10-02T00:58:16Z",569,"Gonzalo","FUL","58.2","58.5","58.8","59.2",3,22,"4.0",60,68480,32500,14,425,"2.0","a",0,0,,"false"
"2026-10-02T00:58:16Z",570,"Palacios","FUL","-7.2","-7.2","-7.2","-7.2",-1,0,"0.2",54,705,943,12,226,"3.0","a",0,-1,,"false"
"2026-10-02T00:58:16Z",580,"Charles","FUL","-81.2","-77.9","-74.3","-70.7",-3,2,"0.1",50,609,434,13,303,"3.7","a",0,0,,"false"
"2026-10-02T00:58:16Z",610,"De Fougerolles","FUL","0.0","0.0","0.0","0.0",0,0,"0.1",40,0,504,0,0,"0.0","u",0,0,,"false"
"2026-10-02T00:58:16Z",626,"Zepa","FUL","0.2","0.2","0.2","0.2",1,0,"0.3",44,690,2250,0,0,"0.0","a",-1,-1,,"false"
"2026-10-02T00:58:16Z",635,"Larsson","FUL","0.0","0.0","0.0","0.0",0,0,"0.0",50,94,70,3,37,"1.0","a",0,0,,"false"
"2026-10-02T00:58:16Z",636,"Ángel","FUL","0.0","0.0","0.0","0.0",0,0,"0.0",50,32,27,0,0,"0.0","a",0,0,,"false"
"2026-10-02T00:58:16Z",650,"Affengruber","FUL","1.2","1.2","1.2","1.2",1,0,"0.1",45,5802,1365,12,180,"4.0","a",0,0,,"false"
"2026-10-02T00:58:16Z",240,"Iroegbunam","HUL","0.1","0.1","0.1","0.1",1,0,"0.0",50,75,138,2,70,"0.3","a",0,0,,"false"
"2026-10-02T00:58:16Z",273,"Phillips","HUL","-28.3","-28.5","-28.6","-28.7",-2,-1,"1.4",40,3001,3511,0,0,"0.0","a",0,0,,"false"
"2026-10-02T00:58:16Z",274,"Butland","HUL","-0.7","-0.7","-0.7","-0.7",-1,0,"0.1",44,68,323,0,0,"0.0","i",-1,-1,,"false"
"2026-10-02T00:58:16Z",275,"Cartwright","HUL","0.0","0.0","0.0","0.0",0,0,"0.0",40,0,25,0,0,"0.0","u",0,0,,"false"
"2026-10-02T00:58:16Z",276,"Lo-Tutala","HUL","0.0","0.0","0.0","0.0",0,0,"0.0",40,0,115,0,0,"0.0","u",0,0,,"false"
"2026-10-02T00:58:16Z",277,"Egan","HUL","26.3","26.3","26.2","26.2",2,-3,"7.0",41,27131,29530,26,437,"3.0","a",0,1,,"false"
"2026-10-02T00:58:16Z",278,"Hughes","HUL","0.5","0.5","0.5","0.5",1,0,"0.2",39,1097,1947,0,0,"0.0","i",0,-1,,"false"
"2026-10-02T00:58:16Z",279,"Ajayi","HUL","70.0","69.9","69.8","69.7",3,-7,"14.0",42,43591,59125,27,423,"2.3","a",0,2,,"false"
"2026-10-02T00:58:16Z",280,"Coyle","HUL","0.3","0.3","0.3","0.3",1,0,"0.7",40,2068,2041,14,348,"2.7","a",0,0,,"false"
"2026-10-02T00:58:16Z",281,"Drameh","HUL","0.0","0.0","0.0","0.0",0,0,"0.0",40,0,255,2,65,"0.0","u",0,0,,"false"
"2026-10-02T00:58:16Z",282,"Giles","HUL","70.6","70.6","70.6","70.7",3,2,"2.9",40,21328,13840,24,444,"4.0","a",0,0,,"false"
"2026-10-02T00:58:16Z",283,"Jacob","HUL","0.0","0.0","0.0","0.0",0,0,"0.0",40,0,36,0,0,"0.0","u",0,0,,"false"
"2026-10-02T00:58:16Z",284,"McCarthy","HUL","0.5","0.5","0.5","0.5",1,0,"0.1",40,393,439,0,0,"0.0","a",0,0,,"false"
"2026-10-02T00:58:16Z",285,"McNair","HUL","-42.2","-42.2","-42.2","-42.2",-3,0,"0.1",40,195,413,1,26,"0.0","a",0,0,,"false"
"2026-10-02T00:58:16Z",286,"Belloumi","HUL","37.2","37.4","37.6","37.8",2,15,"5.2",51,76487,25042,31,394,"7.3","a",0,1,,"false"
"2026-10-02T00:58:16Z",287,"Millar","HUL","0.0","0.0","0.0","0.0",0,0,"0.0",50,0,298,6,50,"0.0","u",0,0,,"false"
"2026-10-02T00:58:16Z",288,"Dowell","HUL","-96.6","-96.6","-96.6","-96.6",-4,0,"0.3",45,589,2014,0,0,"0.0","a",0,0,,"false"
"2026-10-02T00:58:16Z",289,"Crooks","HUL","0.7","0.7","0.7","0.7",1,0,"0.5",44,5059,4182,3,203,"0.3","a",-1,-1,,"false"
"2026-10-02T00:58:16Z",290,"Slater","HUL","75.4","75.3","75.3","75.2",3,-5,"5.2",45,15754,37293,15,437,"2.3","a",0,0,,"false"
"2026-10-02T00:58:16Z",291,"Matazo","HUL","-14.9","-14.9","-14.9","-14.9",-1,0,"0.0",45,29,53,0,0,"0.0","i",0,0,,"false"
"2026-10-02T00:58:16Z",292,"Ömür","HUL","-10.5","-10.5","-10.5","-10.5",-1,0,"0.0",49,86,147,0,0,"0.0","a",0,-1,,"false"
"2026-10-02T00:58:16Z",293,"Kamara","HUL","0.0","0.0","0.0","0.0",0,0,"0.0",50,0,12,0,0,"0.0","u",0,0,,"false"
"2026-10-02T00:58:16Z",294,"Zambrano","HUL","-22.5","-22.5","-22.5","-22.5",-2,0,"0.1",45,151,491,0,0,"0.0","a",0,0,,"false"
"2026-10-02T00:58:16Z",295,"McBurnie","HUL","27.9","27.9","27.9","27.9",2,0,"1.9",55,8020,17960,13,441,"2.3","a",0,0,,"false"
"2026-10-02T00:58:16Z",296,"Akintola","HUL","0.0","0.0","0.0","0.0",0,0,"0.0",50,0,272,0,0,"0.0","u",0,0,,"false"
"2026-10-02T00:58:16Z",297,"Gyabi","HUL","-0.7","-0.7","-0.7","-0.7",-1,0,"0.0",44,59,143,0,0,"0.0","i",-1,-1,,"false"
"2026-10-02T00:58:16Z",298,"Destan","HUL","0.0","0.0","0.0","0.0",0,0,"0.2",45,0,1339,0,0,"0.0","u",0,0,,"false"
"2026-10-02T00:58:16Z",299,"Burstow","HUL","0.0","0.0","0.0","0.0",0,0,"0.0",45,0,218,0,0,"0.0","u",0,0,,"false"
"2026-10-02T00:58:16Z",340,"Gelhardt","HUL","0.0","0.0","0.0","0.0",0,0,"0.0",50,97,109,1,7,"0.3","a",0,0,,"false"
"2026-10-02T00:58:16Z",556,"Targett","HUL","-75.0","-75.0","-75.0","-75.0",-3,0,"1.6",40,112,9900,1,5,"0.0","d",0,0,,"false"
"2026-10-02T00:58:16Z",563,"Morita","HUL","-0.3","-0.3","-0.3","-0.3",-1,0,"0.0",49,24,178,1,45,"0.0","i",-1,-1,,"false"
"2026-10-02T00:58:16Z",572,"Tzolakis","HUL","0.7","0.8","0.9","0.9",1,12,"12.8",47,125553,22029,34,450,"4.7","a",1,2,,"false"
"2026-10-02T00:58:16Z",574,"Hjertø-Dahl","HUL","-75.9","-75.9","-75.9","-75.9",-3,0,"0.1",49,75,327,1,8,"0.3","a",0,-1,,"false"
"2026-10-02T00:58:16Z",576,"Stroud","HUL","-52.9","-52.9","-52.9","-52.9",-3,0,"0.1",50,145,459,7,249,"1.3","a",0,0,,"false"
"2026-10-02T00:58:16Z",585,"Herrington","HUL","-27.5","-27.5","-27.5","-27.5",-2,0,"0.6",40,1042,1688,5,197,"1.0","a",0,0,,"false"
"2026-10-02T00:58:16Z",586,"Mendy","HUL","-0.6","-0.7","-0.7","-0.8",-1,-3,"6.3",41,7047,33573,25,249,"3.0","a",0,1,,"false"
"2026-10-02T00:58:16Z",589,"Gourna-Douath","HUL","-80.1","-80.1","-80.1","-80.1",-3,0,"0.0",50,32,109,4,138,"1.0","a",0,0,,"false"
"2026-10-02T00:58:16Z",617,"Cho","HUL","0.2","0.2","0.2","0.2",1,0,"0.0",50,353,150,9,72,"2.7","a",0,0,,"false"
"2026-10-02T00:58:16Z",632,"Ansah","HUL","-65.1","-65.1","-65.1","-65.1",-3,0,"0.0",50,73,413,0,0,"0.0","i",0,0,,"false"
"2026-10-02T00:58:16Z",637,"Vaz","HUL","1.3","1.3","1.3","1.3",1,0,"0.1",50,1846,1153,2,20,"0.7","a",0,0,,"false"
"2026-10-02T00:58:16Z",638,"Norton-Cuffy","HUL","-26.2","-26.2","-26.2","-26.2",-2,0,"0.2",40,454,2585,1,34,"0.3","d",0,0,,"false"
"2026-10-02T00:58:16Z",642,"Thomas","HUL","0.3","0.3","0.3","0.3",1,0,"0.0",55,478,349,4,119,"1.3","a",0,0,,"false"
"2026-10-02T00:58:16Z",645,"Mouzakitis","HUL","0.0","0.0","0.0","0.0",0,0,"0.0",50,89,90,0,0,"0.0","a",0,0,,"false"
"2026-10-02T00:58:16Z",259,"Diop","IPS","-53.5","-53.6","-53.7","-53.7",-3,-5,"12.7",40,7079,55440,12,450,"2.7","a",0,0,,"false"
"2026-10-02T00:58:16Z",267,"Lukić","IPS","-5.5","-5.5","-5.5","-5.5",-1,0,"0.1",49,193,525,11,400,"1.7","a",-1,-1,,"false"
"2026-10-02T00:58:16Z",300,"Walton","IPS","-7.3","-7.3","-7.3","-7.3",-1,0,"0.4",44,1688,1054,2,90,"0.7","a",0,-1,,"false"
"2026-10-02T00:58:16Z",301,"Palmer","IPS","-25.8","-25.8","-25.8","-25.8",-2,0,"3.9",40,3988,11918,0,0,"0.0","a",0,0,,"false"
"2026-10-02T00:58:16Z",302,"Button","IPS","1.1","1.1","1.1","1.1",1,0,"0.6",40,1469,1329,0,0,"0.0","a",0,0,,"false"
"2026-10-02T00:58:16Z",303,"Kipré","IPS","3.1","3.1","3.1","3.0",1,-2,"0.9",39,4506,4400,0,0,"0.0","a",0,-1,,"false"
"2026-10-02T00:58:16Z",304,"O'Shea","IPS","-40.6","-40.6","-40.5","-40.4",-3,1,"2.7",40,1981,14758,10,450,"2.0","a",0,0,,"false"
"2026-10-02T00:58:16Z",305,"Davis","IPS","73.1","73.2","73.3","73.4",3,9,"6.9",40,50614,27891,25,450,"5.7","a",0,0,,"false"
"2026-10-02T00:58:16Z",306,"Greaves","IPS","-91.4","-91.4","-91.4","-91.4",-3,0,"1.1",40,480,3471,3,357,"0.7","a",0,0,,"false"
"2026-10-02T00:58:16Z",307,"Johnson","IPS","0.0","0.0","0.0","0.0",0,0,"0.1",40,0,361,0,0,"0.0","u",0,0,,"false"
"2026-10-02T00:58:16Z",308,"Furlong","IPS","2.0","2.0","2.0","2.0",1,-2,"0.6",39,6409,2925,1,17,"0.0","a",0,-1,,"false"
"2026-10-02T00:58:16Z",309,"Núñez","IPS","-35.6","-35.6","-35.6","-35.6",-2,0,"0.1",49,100,639,6,140,"0.0","a",0,-1,,"false"
"2026-10-02T00:58:16Z",310,"Matusiwa","IPS","0.0","0.0","0.0","0.0",0,0,"0.0",49,15,18,0,0,"0.0","a",0,-1,,"false"
"2026-10-02T00:58:16Z",311,"Burns","IPS","0.0","0.0","0.0","0.0",0,0,"0.0",50,0,8,0,0,"0.0","u",0,0,,"false"
"2026-10-02T00:58:16Z",312,"Taylor","IPS","0.1","0.1","0.1","0.1",1,0,"0.0",44,381,274,0,0,"0.0","i",-1,-1,,"false"
"2026-10-02T00:58:16Z",313,"Clarke","IPS","-85.7","-85.7","-85.7","-85.7",-3,0,"0.2",54,145,930,11,170,"1.3","a",0,-1,,"false"
"2026-10-02T00:58:16Z",314,"Ogbene","IPS","0.0","0.0","0.0","0.0",0,0,"0.0",49,0,66,0,0,"0.0","u",0,-1,,"false"
"2026-10-02T00:58:16Z",315,"Fatawu","IPS","-34.5","-34.5","-34.5","-34.5",-2,0,"0.2",54,57,2521,8,352,"0.7","s",0,-1,,"false"
"2026-10-02T00:58:16Z",316,"Emersonn","IPS","84.6","84.6","84.6","84.6",3,-1,"3.6",55,34694,23122,26,317,"5.3","a",0,0,,"false"
"2026-10-02T00:58:16Z",317,"Hirst","IPS","0.0","0.0","0.0","0.0",0,0,"0.1",50,0,480,0,0,"0.0","u",0,0,,"false"
"2026-10-02T00:58:16Z",318,"Philogene","IPS","-8.1","-8.1","-8.1","-8.1",-1,0,"0.1",54,33,159,2,52,"0.7","a",0,-1,,"false"
"2026-10-02T00:58:16Z",319,"Szmodics","IPS","0.0","0.0","0.0","0.0",0,0,"0.0",50,0,13,0,0,"0.0","u",0,0,,"false"
"2026-10-02T00:58:16Z",320,"Akpom","IPS","24.2","24.2","24.2","24.2",2,0,"1.2",50,5032,9623,7,78,"0.3","a",0,0,,"false"
"2026-10-02T00:58:16Z",321,"Walle Egeli","IPS","39.1","39.2","39.2","39.2",2,2,"3.5",45,18150,26785,1,10,"0.0","a",0,0,,"false"
"2026-10-02T00:58:16Z",322,"Al-Hamadi","IPS","0.0","0.0","0.0","0.0",0,0,"0.0",50,0,375,0,0,"0.0","u",0,0,,"false"
"2026-10-02T00:58:16Z",323,"McAteer","IPS","-1.1","-1.1","-1.1","-1.1",-1,0,"1.0",44,1508,6456,3,42,"0.3","a",-1,-1,,"false"
"2026-10-02T00:58:16Z",324,"Mehmeti","IPS","-2.4","-2.4","-2.4","-2.4",-1,0,"0.0",48,76,143,0,0,"0.0","a",-1,-2,,"false"
"2026-10-02T00:58:16Z",554,"Van Oevelen","IPS","0.0","0.0","0.0","0.0",0,0,"0.0",45,0,83,0,0,"0.0","u",0,0,,"false"
"2026-10-02T00:58:16Z",562,"Maeda","IPS","-10.2","-10.2","-10.2","-10.2",-1,0,"0.2",53,138,1462,8,259,"1.3","a",-1,-2,,"false"
"2026-10-02T00:58:16Z",564,"Scherpen","IPS","-31.8","-31.8","-31.8","-31.8",-2,0,"0.6",45,636,2794,7,360,"1.0","a",0,0,,"false"
"2026-10-02T00:58:16Z",571,"Florentino","IPS","-2.8","-2.8","-2.8","-2.8",-1,0,"0.1",48,111,338,2,30,"0.7","a",-1,-2,,"false"
"2026-10-02T00:58:16Z",591,"Enciso","IPS","8.6","8.6","8.6","8.6",1,0,"0.8",55,2234,6102,15,413,"1.7","a",0,0,,"false"
"2026-10-02T00:58:16Z",592,"Ouattara","IPS","-32.2","-32.2","-32.2","-32.2",-2,0,"0.9",40,677,2077,6,131,"1.3","a",0,0,,"false"
"2026-10-02T00:58:16Z",602,"Humphreys","IPS","0.0","0.0","0.0","0.0",0,0,"0.0",45,0,239,0,0,"0.0","u",0,0,,"false"
"2026-10-02T00:58:16Z",619,"Palacios","IPS","1.0","1.0","1.0","1.0",1,0,"0.1",50,516,836,11,275,"3.3","a",0,0,,"false"
"2026-10-02T00:58:16Z",640,"Flemming","IPS","0.5","0.5","0.5","0.5",1,0,"0.1",55,927,991,6,60,"2.0","a",0,0,,"false"
"2026-10-02T00:58:16Z",260,"Wilson","LEE","-61.8","-62.2","-62.6","-63.0",-3,-12,"1.7",62,73,40493,5,145,"0.3","i",0,-3,,"false"
"2026-10-02T00:58:16Z",326,"Perri","LEE","0.0","0.0","0.0","0.0",0,0,"0.3",45,0,1300,0,0,"0.0","u",0,0,,"false"
"2026-10-02T00:58:16Z",327,"Bijol","LEE","5.0","5.0","4.9","4.9",1,-2,"0.7",50,796,5536,12,164,"0.3","a",0,0,,"false"
"2026-10-02T00:58:16Z",329,"Rodon","LEE","-6.5","-6.5","-6.5","-6.5",-1,0,"0.8",43,45,8802,7,123,"0.0","i",-1,-2,,"false"
"2026-10-02T00:58:16Z",330,"Bogle","LEE","57.6","57.9","58.2","58.5",3,22,"7.2",46,125078,25726,42,365,"11.3","a",0,1,,"false"
"2026-10-02T00:58:16Z",331,"Gudmundsson","LEE","1.0","1.0","1.0","1.0",1,0,"0.1",45,536,333,14,252,"4.7","a",0,0,,"false"
"2026-10-02T00:58:16Z",332,"Justin","LEE","18.1","18.1","18.1","18.1",1,-1,"1.4",45,4227,5857,26,450,"4.7","a",0,0,,"false"
"2026-10-02T00:58:16Z",333,"Bornauw","LEE","0.0","0.0","0.0","0.0",0,0,"0.0",45,0,5,0,0,"0.0","u",0,0,,"false"
"2026-10-02T00:58:16Z",334,"Muharemović","LEE","38.5","38.6","38.6","38.6",2,2,"4.3",50,28001,24098,27,450,"5.7","a",0,0,,"false"
"2026-10-02T00:58:16Z",335,"Stach","LEE","16.0","15.9","15.8","15.7",1,-6,"2.5",60,4804,19501,27,447,"3.3","a",0,0,,"false"
"2026-10-02T00:58:16Z",336,"Okafor","LEE","1.4","1.4","1.4","1.4",1,0,"0.4",58,1769,3371,18,299,"5.0","a",0,-2,,"false"
"2026-10-02T00:58:16Z",337,"Aaronson","LEE","-7.9","-7.9","-7.9","-7.9",-1,0,"0.5",53,213,3382,7,194,"1.0","a",-1,-2,,"false"
"2026-10-02T00:58:16Z",338,"Ampadu","LEE","-28.5","-28.9","-29.3","-29.8",-2,-3,"0.9",54,1611,4920,21,450,"4.7","a",0,-1,,"false"
"2026-10-02T00:58:16Z",339,"Longstaff","LEE","-98.2","-98.2","-98.2","-98.2",-4,0,"0.1",49,133,632,2,10,"0.3","a",0,-1,,"false"
"2026-10-02T00:58:16Z",341,"Gnonto","LEE","0.0","0.0","0.0","0.0",0,0,"0.0",50,0,52,0,0,"0.0","u",0,0,,"false"
"2026-10-02T00:58:16Z",342,"Harrison","LEE","0.0","0.0","0.0","0.0",0,0,"0.0",50,0,5,0,0,"0.0","u",0,0,,"false"
"2026-10-02T00:58:16Z",343,"James","LEE","-28.0","-28.0","-28.0","-28.0",-2,0,"0.1",49,186,555,3,52,"0.7","a",0,-1,,"false"
"2026-10-02T00:58:16Z",344,"Gruev","LEE","0.0","0.0","0.0","0.0",0,0,"0.0",50,48,21,0,0,"0.0","a",0,0,,"false"
"2026-10-02T00:58:16Z",345,"Tanaka","LEE","4.8","4.8","4.8","4.8",1,0,"0.3",49,2223,2267,14,255,"4.3","a",0,-1,,"false"
"2026-10-02T00:58:16Z",346,"Calvert-Lewin","LEE","68.6","68.7","68.9","69.0",3,9,"24.8",60,94088,168998,22,419,"4.3","a",0,0,,"false"
"2026-10-02T00:58:16Z",347,"Nmecha","LEE","-26.2","-25.8","-25.4","-25.0",-2,1,"0.5",54,2023,3725,7,64,"1.0","a",0,-1,,"false"
"2026-10-02T00:58:16Z",348,"Piroe","LEE","0.0","0.0","0.0","0.0",0,0,"0.1",50,0,425,0,0,"0.0","u",0,0,,"false"
"2026-10-02T00:58:16Z",349,"Mateo Joseph","LEE","-41.3","-42.5","-43.8","-45.1",-3,-1,"0.1",45,318,483,0,0,"0.0","i",0,0,,"false"
"2026-10-02T00:58:16Z",385,"Trafford","LEE","33.7","33.8","33.8","33.8",2,2,"5.5",50,22508,15022,28,450,"5.3","a",0,0,,"false"
"2026-10-02T00:58:16Z",598,"Elvedi","LEE","0.7","0.7","0.7","0.7",1,0,"0.1",45,230,236,13,326,"4.0","a",0,0,,"false"
"2026-10-02T00:58:16Z",603,"Lienou","LEE","0.1","0.1","0.1","0.1",1,0,"0.1",40,240,518,0,0,"0.0","a",0,0,,"false"
"2026-10-02T00:58:16Z",604,"Cresswell","LEE","-11.7","-11.7","-11.7","-11.7",-1,0,"0.1",45,304,884,0,0,"0.0","a",0,0,,"false"
"2026-10-02T00:58:16Z",625,"Cairns","LEE","0.4","0.4","0.4","0.4",1,0,"0.2",40,845,783,0,0,"0.0","a",0,0,,"false"
"2026-10-02T00:58:16Z",629,"Zetterer","LEE","2.2","2.2","2.2","2.2",1,0,"0.7",40,3031,2785,0,0,"0.0","a",0,0,,"false"
"2026-10-02T00:58:16Z",641,"Bard","LEE","0.0","0.0","0.0","0.0",0,0,"0.0",45,97,79,1,18,"0.3","a",0,0,,"false"
"2026-10-02T00:58:16Z",648,"Bahoya","LEE","-52.4","-52.4","-52.4","-52.4",-3,0,"0.0",50,109,176,1,1,"0.3","a",0,0,,"false"
"2026-10-02T00:58:16Z",350,"A.Becker","LIV","1.7","1.6","1.6","1.5",1,-3,"4.1",55,13320,11768,27,450,"8.3","a",0,0,,"false"
"2026-10-02T00:58:16Z",351,"Mamardashvili","LIV","-98.0","-98.0","-98.0","-98.0",-4,0,"0.1",49,254,623,0,0,"0.0","a",0,-1,,"false"
"2026-10-02T00:58:16Z",352,"Woodman","LIV","-31.8","-31.8","-31.8","-31.8",-2,0,"1.0",40,785,2358,0,0,"0.0","a",0,0,,"false"
"2026-10-02T00:58:16Z",353,"Pecsi","LIV","0.0","0.0","0.0","0.0",0,0,"0.0",40,0,61,0,0,"0.0","u",0,0,,"false"
"2026-10-02T00:58:16Z",354,"Jaros","LIV","0.1","0.1","0.1","0.1",1,0,"0.0",40,205,160,0,0,"0.0","i",0,0,,"false"
"2026-10-02T00:58:16Z",355,"Davies","LIV","0.1","0.1","0.1","0.1",1,0,"0.2",40,291,467,0,0,"0.0","a",0,0,,"false"
"2026-10-02T00:58:16Z",356,"Virgil","LIV","-59.8","-59.8","-59.8","-59.7",-3,2,"16.2",65,21685,43799,25,450,"7.3","a",0,0,,"false"
"2026-10-02T00:58:16Z",357,"Frimpong","LIV","-37.8","-38.0","-38.2","-38.4",-2,-2,"1.8",53,1619,12754,2,178,"0.3","a",0,-2,,"false"
"2026-10-02T00:58:16Z",358,"Kerkez","LIV","-0.3","-0.4","-0.5","-0.5",-1,-2,"2.2",53,2630,10473,13,385,"4.0","a",-1,-2,,"false"
"2026-10-02T00:58:16Z",359,"Gomez","LIV","0.0","0.0","0.0","0.0",0,0,"0.0",49,323,116,0,0,"0.0","a",0,-1,,"false"
"2026-10-02T00:58:16Z",360,"Bradley","LIV","-87.1","-87.1","-87.1","-87.1",-3,0,"0.0",50,56,85,0,0,"0.0","i",0,0,,"false"
"2026-10-02T00:58:16Z",361,"Lucky","LIV","-54.0","-54.0","-54.0","-54.0",-3,0,"0.1",40,296,584,0,0,"0.0","a",0,0,,"false"
"2026-10-02T00:58:16Z",362,"Jacquet","LIV","56.0","56.0","56.1","56.1",3,1,"3.5",50,33776,13407,24,415,"6.7","a",0,0,,"false"
"2026-10-02T00:58:16Z",363,"Leoni","LIV","-61.2","-61.2","-61.2","-61.2",-3,0,"0.0",40,65,183,0,0,"0.0","i",0,0,,"false"
"2026-10-02T00:58:16Z",364,"Tsimikas","LIV","-55.1","-55.1","-55.1","-55.1",-3,0,"0.1",49,93,394,2,64,"0.3","a",0,-1,,"false"
"2026-10-02T00:58:16Z",365,"Ramsay","LIV","0.0","0.0","0.0","0.0",0,0,"0.1",40,0,477,0,0,"0.0","u",0,0,,"false"
"2026-10-02T00:58:16Z",366,"Wirtz","LIV","-37.3","-37.4","-37.5","-37.5",-2,-3,"5.7",73,3531,42000,18,402,"4.0","a",0,-2,,"false"
"2026-10-02T00:58:16Z",367,"Gakpo","LIV","-0.9","-1.3","-1.7","-2.2",-1,-54,"12.4",72,51218,92200,32,370,"5.0","d",0,2,,"false"
"2026-10-02T00:58:16Z",368,"Szoboszlai","LIV","-97.8","-97.9","-98.1","-98.3",-4,-36,"32.8",70,36283,213949,20,440,"2.7","a",0,0,,"false"
"2026-10-02T00:58:16Z",369,"Ngumoha","LIV","-23.4","-23.6","-23.8","-24.0",-2,-1,"0.5",57,784,4261,4,99,"0.3","a",-1,-3,,"false"
"2026-10-02T00:58:16Z",370,"Chiesa","LIV","-6.0","-6.0","-6.0","-6.0",-1,0,"0.0",53,17,250,0,0,"0.0","i",-1,-2,,"false"
"2026-10-02T00:58:16Z",371,"Gravenberch","LIV","-22.6","-22.8","-23.1","-23.4",-2,-4,"1.1",58,1214,9103,9,190,"1.0","a",-1,-2,,"false"
"2026-10-02T00:58:16Z",372,"Mac Allister","LIV","-43.2","-43.2","-43.2","-43.2",-3,0,"1.3",54,3845,6878,11,306,"2.7","a",0,-1,,"false"
"2026-10-02T00:58:16Z",373,"C.Jones","LIV","0.0","0.0","0.0","0.0",0,0,"0.0",55,0,61,0,0,"0.0","u",0,0,,"false"
"2026-10-02T00:58:16Z",374,"Endo","LIV","-62.3","-62.3","-62.3","-62.3",-3,0,"0.1",49,168,445,0,0,"0.0","a",0,-1,,"false"
"2026-10-02T00:58:16Z",375,"Nyoni","LIV","-86.8","-86.8","-86.8","-86.8",-3,0,"0.0",49,93,312,3,38,"0.7","a",0,-1,,"false"
"2026-10-02T00:58:16Z",376,"Bajcetic","LIV","0.0","0.0","0.0","0.0",0,0,"0.0",50,0,3,0,0,"0.0","u",0,0,,"false"
"2026-10-02T00:58:16Z",377,"Munoz","LIV","6.4","6.4","6.4","6.3",1,-2,"0.9",65,1470,11487,15,257,"1.7","a",0,0,,"false"
"2026-10-02T00:58:16Z",378,"McConnell","LIV","-3.8","-4.5","-5.3","-6.1",-1,-1,"0.2",44,1058,1507,0,0,"0.0","a",0,-1,,"false"
"2026-10-02T00:58:16Z",379,"Isak","LIV","6.8","6.0","5.2","4.3",1,-59,"22.3",91,115648,85250,33,413,"7.7","d",0,1,,"false"
"2026-10-02T00:58:16Z",380,"Ekitiké","LIV","-27.7","-27.7","-27.7","-27.7",-2,0,"0.1",74,380,838,0,0,"0.0","i",0,-1,,"false"
"2026-10-02T00:58:16Z",381,"Koumas","LIV","-92.7","-92.7","-92.7","-92.7",-3,0,"0.0",50,158,190,3,22,"0.7","a",0,0,,"false"
"2026-10-02T00:58:16Z",382,"Danns","LIV","3.6","3.6","3.6","3.7",1,1,"0.2",45,3501,2407,0,0,"0.0","a",0,0,,"false"
"2026-10-02T00:58:16Z",383,"Elliott","LIV","0.0","0.0","0.0","0.0",0,0,"0.0",54,0,227,0,0,"0.0","u",0,-1,,"false"
"2026-10-02T00:58:16Z",579,"Araujo","LIV","34.2","34.3","34.3","34.3",2,2,"3.0",54,17026,10493,22,284,"7.0","a",0,-1,,"false"
"2026-10-02T00:58:16Z",627,"Barcola","LIV","-66.7","-66.7","-66.7","-66.7",-3,0,"1.9",80,11036,18959,7,168,"2.3","a",0,0,,"false"
"2026-10-02T00:58:16Z",155,"Enzo","MCI","1.5","1.5","1.6","1.6",1,4,"3.6",69,30998,14638,13,271,"4.0","a",0,-1,,"false"
"2026-10-02T00:58:16Z",237,"Ndiaye","MCI","-20.1","-20.3","-20.5","-20.6",-2,-12,"6.7",58,7005,68584,22,385,"3.0","a",-1,-2,,"false"
"2026-10-02T00:58:16Z",384,"Donnarumma","MCI","-51.7","-51.9","-52.1","-52.3",-3,-10,"7.6",55,10684,30463,19,450,"5.3","a",0,0,,"false"
"2026-10-02T00:58:16Z",386,"Bettinelli","MCI","-87.1","-87.1","-87.1","-87.1",-3,0,"0.0",45,51,89,0,0,"0.0","a",0,0,,"false"
"2026-10-02T00:58:16Z",387,"O'Reilly","MCI","-2.3","-2.4","-2.6","-2.8",-1,-39,"10.9",63,5340,71261,6,163,"0.7","d",-1,-2,,"false"
"2026-10-02T00:58:16Z",388,"Guéhi","MCI","64.9","64.9","64.9","64.9",3,-1,"18.2",60,23538,51491,30,450,"6.0","a",0,0,,"false"
"2026-10-02T00:58:16Z",389,"Matheus N.","MCI","-33.8","-33.8","-33.8","-33.8",-2,0,"1.0",59,1659,2944,11,213,"3.3","a",0,-1,,"false"
"2026-10-02T00:58:16Z",390,"Rúben","MCI","3.8","3.9","3.9","3.9",1,2,"1.9",55,4679,9105,17,450,"4.3","a",0,0,,"false"
"2026-10-02T00:58:16Z",391,"Gvardiol","MCI","79.8","80.0","80.3","80.5",3,17,"26.8",57,147391,54873,37,434,"7.7","a",0,2,,"false"
"2026-10-02T00:58:16Z",392,"Aït-Nouri","MCI","-98.7","-99.1","-99.6","-100.0",-4,-1,"0.4",53,526,2184,0,0,"0.0","a",0,-2,,"false"
"2026-10-02T00:58:16Z",393,"Khusanov","MCI","-34.9","-34.9","-34.9","-34.9",-2,0,"1.4",54,1414,9004,9,268,"1.7","a",0,-1,,"false"
"2026-10-02T00:58:16Z",394,"Alleyne","MCI","0.0","0.0","0.0","0.0",0,0,"0.0",50,0,20,0,0,"0.0","u",0,0,,"false"
"2026-10-02T00:58:16Z",395,"Lewis","MCI","-65.8","-65.8","-65.8","-65.8",-3,0,"0.2",44,305,1207,1,56,"0.0","a",0,-1,,"false"
"2026-10-02T00:58:16Z",396,"Vitor Reis","MCI","-82.5","-82.5","-82.5","-82.5",-3,0,"0.0",45,73,150,1,1,"0.0","a",0,0,,"false"
"2026-10-02T00:58:16Z",397,"Semenyo","MCI","-20.1","-20.2","-20.3","-20.4",-2,-14,"15.3",84,125584,68053,33,450,"8.7","d",0,-1,,"false"
"2026-10-02T00:58:16Z",398,"Foden","MCI","-48.7","-48.9","-49.2","-49.5",-3,-9,"1.8",69,209,28441,9,217,"-0.3","s",0,-1,,"false"
"2026-10-02T00:58:16Z",399,"Cherki","MCI","-56.1","-56.1","-56.1","-56.1",-3,1,"28.4",78,123599,89398,34,302,"4.0","a",0,3,,"false"
"2026-10-02T00:58:16Z",400,"Doku","MCI","0.3","0.3","0.3","0.3",1,0,"0.7",74,4403,2070,1,15,"0.3","a",0,-1,,"false"
"2026-10-02T00:58:16Z",402,"Rodrigo","MCI","0.0","0.0","0.0","0.0",0,0,"0.0",65,0,25,0,0,"0.0","u",0,0,,"false"
"2026-10-02T00:58:16Z",404,"Reijnders","MCI","0.0","0.0","0.0","0.0",0,-1,"0.0",60,0,100,0,0,"0.0","u",0,0,,"false"
"2026-10-02T00:58:16Z",406,"Kovačić","MCI","-97.0","-97.0","-97.0","-97.0",-4,0,"0.1",54,112,462,2,42,"0.0","a",0,-1,,"false"
"2026-10-02T00:58:16Z",407,"Echeverri","MCI","0.0","0.0","0.0","0.0",0,0,"0.0",49,0,54,0,0,"0.0","u",0,-1,,"false"
"2026-10-02T00:58:16Z",408,"Phillips","MCI","0.0","0.0","0.0","0.0",0,0,"0.0",50,0,12,0,0,"0.0","u",0,0,,"false"
"2026-10-02T00:58:16Z",409,"Mukasa","MCI","0.0","0.0","0.0","0.0",0,0,"0.1",45,0,598,0,0,"0.0","u",0,0,,"false"
"2026-10-02T00:58:16Z",410,"Monga","MCI","0.0","0.0","0.0","0.0",0,0,"0.0",49,0,50,0,0,"0.0","u",0,-1,,"false"
"2026-10-02T00:58:16Z",411,"Haaland","MCI","23.0","23.1","23.2","23.3",2,9,"73.8",156,78931,20373,39,450,"8.0","a",0,1,,"false"
"2026-10-02T00:58:16Z",481,"Anderson","MCI","-41.8","-41.8","-41.7","-41.7",-3,1,"4.0",63,7837,27817,15,413,"3.3","a",0,-2,,"false"
"2026-10-02T00:58:16Z",587,"Rulli","MCI","-89.7","-81.8","-73.2","-64.6",-3,1,"0.0",50,72,103,0,0,"0.0","a",0,0,,"false"
"2026-10-02T00:58:16Z",616,"Bouaddi","MCI","-32.8","-32.8","-32.8","-32.8",-2,0,"0.2",55,839,2119,2,22,"0.3","a",0,0,,"false"
"2026-10-02T00:58:16Z",621,"McAidoo","MCI","-89.6","-89.6","-89.6","-89.6",-3,0,"0.1",45,194,1089,2,11,"0.3","a",0,0,,"false"
"2026-10-02T00:58:16Z",622,"Braithwaite","MCI","-38.2","-38.2","-38.2","-38.2",-2,0,"0.2",40,583,1641,1,1,"0.0","a",0,0,,"false"
"2026-10-02T00:58:16Z",628,"Allan","MCI","0.1","0.1","0.1","0.1",1,0,"0.0",60,223,165,0,0,"0.0","a",0,0,,"false"
"2026-10-02T00:58:16Z",653,"Samba","MCI","-40.4","-40.4","-40.4","-40.4",-3,0,"0.0",45,248,494,0,0,"0.0","a",0,0,,"false"
"2026-10-02T00:58:16Z",43,"Tielemans","MUN","-37.0","-37.0","-37.0","-37.0",-2,0,"1.5",58,3150,10710,14,402,"2.7","a",0,-2,,"false"
"2026-10-02T00:58:16Z",131,"Baleba","MUN","0.1","0.1","0.1","0.1",1,0,"0.1",49,1285,732,0,0,"0.0","a",0,-1,,"false"
"2026-10-02T00:58:16Z",162,"Andrey Santos","MUN","-49.9","-50.4","-50.9","-51.5",-3,-2,"0.6",48,1037,4941,4,82,"0.3","a",0,-2,,"false"
"2026-10-02T00:58:16Z",325,"Darlow","MUN","-22.9","-22.9","-22.9","-22.9",-2,0,"0.0",45,59,212,0,0,"0.0","d",0,0,,"false"
"2026-10-02T00:58:16Z",412,"Lammens","MUN","-16.9","-17.0","-17.0","-17.1",-1,-4,"9.9",49,6740,48624,11,450,"2.7","a",0,-1,,"false"
"2026-10-02T00:58:16Z",413,"Bayindir","MUN","0.0","0.0","0.0","0.0",0,0,"0.0",45,0,40,0,0,"0.0","u",0,0,,"false"
"2026-10-02T00:58:16Z",414,"Heaton","MUN","-35.6","-35.6","-35.6","-35.6",-2,0,"0.1",40,198,268,0,0,"0.0","i",0,0,,"false"
"2026-10-02T00:58:16Z",415,"Dorgu","MUN","-59.2","-59.2","-59.2","-59.2",-3,0,"0.5",58,1030,4162,10,171,"3.0","d",0,-2,,"false"
"2026-10-02T00:58:16Z",416,"De Ligt","MUN","-96.4","-96.4","-96.4","-96.4",-4,0,"0.0",50,76,132,0,0,"0.0","i",0,0,,"false"
"2026-10-02T00:58:16Z",417,"Dalot","MUN","-77.3","-77.3","-77.3","-77.3",-3,0,"1.6",49,1267,7533,8,346,"1.7","a",0,-1,,"false"
"2026-10-02T00:58:16Z",418,"Maguire","MUN","-1.9","-1.9","-2.0","-2.1",-1,-7,"8.6",48,4361,74881,10,450,"1.7","a",-1,-2,,"false"
"2026-10-02T00:58:16Z",419,"Martinez","MUN","-96.6","-96.7","-96.8","-97.0",-4,-1,"1.3",50,3700,6443,6,360,"1.7","a",0,0,,"false"
"2026-10-02T00:58:16Z",420,"Yoro","MUN","-10.7","-10.7","-10.7","-10.7",-1,0,"0.5",48,464,2180,2,22,"0.3","a",-1,-2,,"false"
"2026-10-02T00:58:16Z",421,"Heaven","MUN","-0.1","-0.1","-0.1","-0.1",-1,0,"0.3",43,239,1484,1,90,"0.0","a",-1,-2,,"false"
"2026-10-02T00:58:16Z",422,"Mazraoui","MUN","-73.7","-74.0","-74.4","-74.7",-3,-1,"0.5",44,585,2876,3,97,"0.3","a",0,-1,,"false"
"2026-10-02T00:58:16Z",423,"Shaw","MUN","-4.7","-4.8","-4.9","-5.0",-1,-8,"7.7",43,3643,76584,9,335,"2.0","a",-1,-2,,"false"
"2026-10-02T00:58:16Z",424,"Amass","MUN","-45.7","-45.7","-45.7","-45.7",-3,0,"0.2",40,420,789,0,0,"0.0","a",0,0,,"false"
"2026-10-02T00:58:16Z",425,"Fredricson","MUN","0.0","0.0","0.0","0.0",0,0,"0.0",40,0,49,0,0,"0.0","u",0,0,,"false"
"2026-10-02T00:58:16Z",426,"B.Fernandes","MUN","-1.1","-1.1","-1.1","-1.1",-1,7,"38.5",119,44140,196849,31,450,"2.0","a",-1,-1,,"false"
"2026-10-02T00:58:16Z",427,"Mbeumo","MUN","-75.5","-75.5","-75.6","-75.6",-3,-7,"20.6",79,37057,129900,25,450,"4.0","a",0,-1,,"false"
"2026-10-02T00:58:16Z",428,"Cunha","MUN","-94.4","-94.2","-94.0","-93.7",-3,9,"5.8",79,22155,21602,26,407,"5.0","a",0,-1,,"false"
"2026-10-02T00:58:16Z",429,"Rashford","MUN","-83.2","-83.3","-83.3","-83.4",-3,-1,"1.5",70,4168,17740,10,351,"2.3","d",0,0,,"false"
"2026-10-02T00:58:16Z",430,"Mount","MUN","0.1","0.1","0.1","0.1",1,0,"0.0",54,188,200,1,10,"0.3","a",0,-1,,"false"
"2026-10-02T00:58:16Z",431,"Amad","MUN","-17.3","-17.3","-17.3","-17.3",-1,0,"0.3",57,131,1833,0,0,"0.0","i",0,-3,,"false"
"2026-10-02T00:58:16Z",432,"Mainoo","MUN","13.8","13.8","13.8","13.8",1,0,"1.6",55,7667,15147,22,354,"5.7","d",0,0,,"false"
"2026-10-02T00:58:16Z",433,"Ugarte","MUN","-68.3","-68.3","-68.3","-68.3",-3,0,"0.0",50,23,24,0,0,"0.0","i",0,0,,"false"
"2026-10-02T00:58:16Z",434,"J.Fletcher","MUN","-37.8","-37.8","-37.8","-37.8",-2,0,"0.0",49,44,58,0,0,"0.0","a",0,-1,,"false"
"2026-10-02T00:58:16Z",435,"Lacey","MUN","-6.2","-6.2","-6.2","-6.2",-1,0,"0.1",49,373,362,1,10,"0.0","a",0,-1,,"false"
"2026-10-02T00:58:16Z",436,"Collyer","MUN","0.0","0.0","0.0","0.0",0,0,"0.0",50,0,49,0,0,"0.0","u",0,0,,"false"
"2026-10-02T00:58:16Z",437,"Bendito Mantato","MUN","0.0","0.0","0.0","0.0",0,0,"0.2",44,423,866,0,0,"0.0","a",-1,-1,,"false"
"2026-10-02T00:58:16Z",438,"Fletcher","MUN","0.4","0.4","0.4","0.4",1,0,"0.3",44,2571,2124,0,0,"0.0","a",0,-1,,"false"
"2026-10-02T00:58:16Z",439,"Šeško","MUN","-41.7","-41.9","-42.1","-42.3",-3,-4,"1.6",70,6635,24147,8,76,"2.0","d",0,0,,"false"
"2026-10-02T00:58:16Z",440,"Zirkzee","MUN","-8.0","-8.0","-8.0","-8.0",-1,0,"0.4",53,1959,3138,2,20,"0.7","a",-1,-2,,"false"
"2026-10-02T00:58:16Z",441,"Obi","MUN","0.0","0.0","0.0","0.0",0,-3,"0.9",45,0,11334,0,0,"0.0","u",0,0,,"false"
"2026-10-02T00:58:16Z",405,"N.Gonzalez","NEW","0.8","0.8","0.8","0.8",1,0,"0.2",55,604,1840,5,164,"1.0","a",0,0,,"false"
"2026-10-02T00:58:16Z",442,"Pope","NEW","-44.5","-44.5","-44.5","-44.5",-3,0,"0.9",49,864,3143,0,0,"0.0","a",0,-1,,"false"
"2026-10-02T00:58:16Z",443,"Gillespie","NEW","-38.9","-38.9","-38.9","-38.9",-2,0,"0.0",45,43,88,0,0,"0.0","a",0,0,,"false"
"2026-10-02T00:58:16Z",444,"Jaouen","NEW","-6.7","-6.7","-6.7","-6.7",-1,0,"0.0",44,20,118,0,0,"0.0","d",-1,-1,,"false"
"2026-10-02T00:58:16Z",445,"Thiaw","NEW","17.8","17.9","17.9","17.9",1,2,"2.2",50,8633,10057,14,450,"1.7","a",0,0,,"false"
"2026-10-02T00:58:16Z",446,"Schär","NEW","-11.3","-11.3","-11.3","-11.3",-1,0,"0.2",49,556,903,2,25,"0.3","a",0,-1,,"false"
"2026-10-02T00:58:16Z",447,"Botman","NEW","9.8","9.7","9.7","9.7",1,-2,"0.7",50,4782,3030,15,450,"2.3","a",0,0,,"false"
"2026-10-02T00:58:16Z",448,"Burn","NEW","-3.9","-4.0","-4.1","-4.2",-1,-3,"0.7",48,113,5813,0,0,"0.0","i",-1,-2,,"false"
"2026-10-02T00:58:16Z",449,"Hall","NEW","7.2","7.3","7.5","7.7",1,35,"17.3",53,246738,20635,31,449,"5.7","a",1,3,,"false"
"2026-10-02T00:58:16Z",450,"Livramento","NEW","1.5","1.5","1.5","1.5",1,0,"0.1",49,451,1498,4,33,"1.3","d",0,-1,,"false"
"2026-10-02T00:58:16Z",451,"A.Murphy","NEW","0.0","0.0","0.0","0.0",0,0,"0.1",40,0,293,0,0,"0.0","u",0,0,,"false"
"2026-10-02T00:58:16Z",453,"Barnes","NEW","16.1","16.2","16.4","16.6",1,30,"5.7",61,160521,18177,28,450,"7.7","a",1,1,,"false"
"2026-10-02T00:58:16Z",454,"Elanga","NEW","-40.4","-40.5","-40.7","-40.9",-3,-24,"4.5",61,328,166761,18,232,"0.3","i",-1,1,,"false"
"2026-10-02T00:58:16Z",456,"J.Ramsey","NEW","-92.3","-92.3","-92.3","-92.3",-3,0,"0.2",49,64,4728,7,69,"2.0","i",0,-1,,"false"
"2026-10-02T00:58:16Z",457,"J.Murphy","NEW","-20.2","-21.9","-23.8","-25.7",-2,-2,"0.1",59,959,784,3,181,"0.7","a",0,-1,,"false"
"2026-10-02T00:58:16Z",458,"Joelinton","NEW","-62.7","-62.7","-62.7","-62.7",-3,0,"0.0",54,19,81,0,0,"0.0","i",0,-1,,"false"
"2026-10-02T00:58:16Z",459,"L.Miley","NEW","0.6","0.6","0.5","0.5",1,-4,"0.1",55,486,477,12,396,"2.0","d",0,0,,"false"
"2026-10-02T00:58:16Z",460,"Willock","NEW","15.4","15.4","15.4","15.4",1,1,"0.6",50,9685,2734,22,284,"4.3","a",0,0,,"false"
"2026-10-02T00:58:16Z",461,"Touré","NEW","-11.0","-11.0","-11.0","-11.0",-1,0,"0.1",58,330,858,8,50,"2.3","a",0,-2,,"false"
"2026-10-02T00:58:16Z",462,"Steur","NEW","-52.4","-52.4","-52.4","-52.4",-3,0,"0.1",49,264,385,8,223,"2.0","a",0,-1,,"false"
"2026-10-02T00:58:16Z",463,"Woltemade","NEW","0.0","0.0","0.0","0.0",0,0,"0.5",59,0,3735,4,19,"0.0","u",0,-1,,"false"
"2026-10-02T00:58:16Z",464,"Wissa","NEW","62.2","62.4","62.6","62.7",3,12,"18.7",62,87775,141012,15,441,"1.0","a",0,2,,"false"
"2026-10-02T00:58:16Z",465,"Osula","NEW","-8.2","-8.3","-8.5","-8.6",-1,-1,"0.3",58,128,2381,4,55,"0.0","i",-1,-2,,"false"
"2026-10-02T00:58:16Z",466,"Neave","NEW","0.0","0.0","0.0","0.0",0,0,"0.5",45,0,3893,0,0,"0.0","u",0,0,,"false"
"2026-10-02T00:58:16Z",559,"Bamba","NEW","-70.5","-70.5","-70.5","-70.5",-3,0,"0.1",49,128,493,3,27,"0.7","a",0,-1,,"false"
"2026-10-02T00:58:16Z",567,"Horníček","NEW","23.8","23.8","23.8","23.8",2,0,"1.5",50,7199,4982,14,450,"2.0","a",0,0,,"false"
"2026-10-02T00:58:16Z",593,"Dedić","NEW","-10.7","-10.9","-11.0","-11.2",-1,-5,"1.8",45,258,37527,13,327,"0.3","i",0,0,,"false"
"2026-10-02T00:58:16Z",609,"Shahar","NEW","0.0","0.0","0.0","0.0",0,0,"0.2",40,0,1863,0,0,"0.0","u",0,0,,"false"
"2026-10-02T00:58:16Z",634,"Fernandez-Pardo","NEW","0.8","0.8","0.8","0.8",1,1,"0.1",60,2026,1421,4,157,"1.3","a",0,0,,"false"
"2026-10-02T00:58:16Z",659,"Miley","NEW","0.0","0.0","0.0","0.0",0,0,"0.0",45,1412,646,0,0,"0.0","a",0,0,,"false"
"2026-10-02T00:58:16Z",663,"Pivas","NEW","0.0","0.0","0.0","0.0",0,0,"0.0",40,395,59,0,0,"0.0","a",0,0,"2026-10-02T19:10:51.639791Z","false"
"2026-10-02T00:58:16Z",664,"Salia","NEW","0.0","0.0","0.0","0.0",0,0,"0.1",45,9711,1582,0,0,"0.0","a",0,0,"2026-10-02T19:11:17.402697Z","false"
"2026-10-02T00:58:16Z",665,"Mills","NEW","0.0","0.0","0.0","0.0",0,0,"0.0",45,162,29,0,0,"0.0","a",0,0,"2026-10-02T19:11:39.931907Z","false"
"2026-10-02T00:58:16Z",666,"Thompson","NEW","0.0","0.0","0.0","0.0",0,0,"0.0",45,235,35,0,0,"0.0","a",0,0,"2026-10-02T19:12:09.032926Z","false"
"2026-10-02T00:58:16Z",167,"Delap","NFO","-23.8","-23.6","-23.5","-23.3",-2,3,"2.7",56,25005,28712,9,277,"2.7","a",1,1,,"false"
"2026-10-02T00:58:16Z",201,"Muñoz","NFO","-47.3","-47.4","-47.5","-47.7",-3,-5,"5.7",54,7868,30034,5,257,"1.7","a",0,-1,,"false"
"2026-10-02T00:58:16Z",467,"Sels","NFO","4.5","4.5","4.5","4.5",1,0,"1.6",50,2006,6107,14,450,"3.7","a",0,0,,"false"
"2026-10-02T00:58:16Z",468,"John","NFO","-73.6","-73.6","-73.6","-73.6",-3,0,"0.1",45,62,152,0,0,"0.0","a",0,0,,"false"
"2026-10-02T00:58:16Z",469,"N.Williams","NFO","24.3","24.2","24.2","24.2",2,-3,"8.7",50,11056,46858,19,450,"3.7","a",0,0,,"false"
"2026-10-02T00:58:16Z",470,"Morato","NFO","0.0","0.0","0.0","0.0",0,0,"0.0",50,0,116,0,0,"0.0","u",0,0,,"false"
"2026-10-02T00:58:16Z",471,"Milenković","NFO","-13.4","-13.5","-13.6","-13.8",-1,-4,"1.0",54,66,12199,12,270,"2.3","i",-1,-1,,"false"
"2026-10-02T00:58:16Z",472,"Murillo","NFO","24.2","24.4","24.5","24.7",2,10,"2.1",55,8431,8172,23,449,"6.0","a",0,0,,"false"
"2026-10-02T00:58:16Z",473,"Aina","NFO","-3.0","-3.1","-3.3","-3.4",-1,-3,"2.4",44,1069,20388,8,306,"1.0","a",-1,-1,,"false"
"2026-10-02T00:58:16Z",474,"Jair Cunha","NFO","-47.9","-46.9","-46.0","-45.0",-3,1,"0.2",45,256,643,11,360,"3.0","a",0,0,,"false"
"2026-10-02T00:58:16Z",475,"Savona","NFO","-19.4","-19.4","-19.4","-19.4",-1,0,"0.0",45,20,20,0,0,"0.0","i",0,0,,"false"
"2026-10-02T00:58:16Z",476,"O.Richards","NFO","-67.4","-67.4","-67.4","-67.4",-3,0,"0.2",40,298,732,0,0,"0.0","a",0,0,,"false"
"2026-10-02T00:58:16Z",477,"Abbott","NFO","0.0","0.0","0.0","0.0",0,0,"0.1",40,0,818,0,0,"0.0","u",0,0,,"false"
"2026-10-02T00:58:16Z",478,"Netz","NFO","-8.0","-8.0","-8.0","-8.0",-1,0,"0.0",44,55,119,3,27,"0.3","a",0,-1,,"false"
"2026-10-02T00:58:16Z",479,"Bindon","NFO","0.0","0.0","0.0","0.0",0,0,"0.1",40,0,525,0,0,"0.0","u",0,0,,"false"
"2026-10-02T00:58:16Z",480,"Gibbs-White","NFO","51.4","51.5","51.5","51.6",3,3,"15.7",80,66165,82392,28,450,"4.3","a",0,0,,"false"
"2026-10-02T00:58:16Z",482,"Hudson-Odoi","NFO","-38.9","-38.9","-38.9","-38.9",-2,0,"0.1",58,262,1164,1,1,"0.0","a",0,-2,,"false"
"2026-10-02T00:58:16Z",483,"Ndoye","NFO","13.4","13.4","13.4","13.4",1,0,"0.7",55,766,8101,15,316,"1.0","a",0,0,,"false"
"2026-10-02T00:58:16Z",484,"Hutchinson","NFO","0.0","0.0","0.0","0.0",0,0,"0.1",54,0,369,0,0,"0.0","u",0,-1,,"false"
"2026-10-02T00:58:16Z",485,"Bakwa","NFO","0.0","0.0","0.0","0.0",0,0,"0.0",55,0,34,0,0,"0.0","u",0,0,,"false"
"2026-10-02T00:58:16Z",486,"McAtee","NFO","2.3","2.3","2.3","2.3",1,0,"0.1",55,351,911,12,416,"2.3","a",0,0,,"false"
"2026-10-02T00:58:16Z",487,"Dominguez","NFO","-67.9","-67.9","-67.9","-67.9",-3,0,"0.1",49,62,295,1,1,"0.0","a",0,-1,,"false"
"2026-10-02T00:58:16Z",488,"I.Sangaré","NFO","-98.4","-98.4","-98.4","-98.4",-4,0,"0.4",49,306,3051,4,105,"0.7","a",0,-1,,"false"
"2026-10-02T00:58:16Z",489,"Yates","NFO","-88.6","-89.2","-89.8","-90.4",-3,-5,"1.2",45,591,7362,0,0,"0.0","a",0,0,,"false"
"2026-10-02T00:58:16Z",490,"Wood","NFO","-40.0","-40.0","-40.0","-40.0",-3,0,"0.9",58,2017,6513,4,62,"1.0","a",0,-2,,"false"
"2026-10-02T00:58:16Z",491,"Igor Jesus","NFO","0.1","0.1","0.1","0.1",1,0,"2.6",58,7337,23165,12,257,"3.0","a",0,-2,,"false"
"2026-10-02T00:58:16Z",493,"Kalimuendo","NFO","0.0","0.0","0.0","0.0",0,0,"0.1",54,227,424,1,1,"0.0","a",0,-1,,"false"
"2026-10-02T00:58:16Z",558,"Schlager","NFO","0.4","0.4","0.4","0.4",1,-1,"0.1",50,221,780,13,376,"2.7","a",0,0,,"false"
"2026-10-02T00:58:16Z",581,"Diomande","NFO","-50.2","-49.8","-49.5","-49.2",-3,1,"0.5",54,1531,2267,7,163,"2.3","a",0,-1,,"false"
"2026-10-02T00:58:16Z",590,"Benda","NFO","0.0","0.0","0.0","0.0",0,0,"0.1",45,123,241,0,0,"0.0","a",0,0,,"false"
"2026-10-02T00:58:16Z",112,"Van Hecke","TOT","-15.4","-15.7","-16.0","-16.2",-1,-21,"6.5",49,18595,29926,24,450,"7.3","d",0,-1,,"false"
"2026-10-02T00:58:16Z",147,"Tosin","TOT","-39.5","-39.5","-39.5","-39.5",-2,0,"0.1",44,103,563,1,5,"0.3","a",0,-1,,"false"
"2026-10-02T00:58:16Z",401,"Marmoush","TOT","37.9","37.8","37.8","37.7",2,-4,"2.1",70,11559,21683,8,339,"2.0","a",0,0,,"false"
"2026-10-02T00:58:16Z",403,"Sávio","TOT","10.7","10.7","10.7","10.7",1,0,"0.7",65,2898,6860,8,240,"2.7","a",0,0,,"false"
"2026-10-02T00:58:16Z",455,"Tonali","TOT","-19.4","-19.4","-19.4","-19.4",-1,0,"1.8",53,2297,15059,14,427,"3.3","a",-1,-2,,"false"
"2026-10-02T00:58:16Z",494,"Vicario","TOT","0.0","0.0","0.0","0.0",0,0,"0.1",45,0,723,0,0,"0.0","u",0,0,,"false"
"2026-10-02T00:58:16Z",495,"Austin","TOT","2.2","2.2","2.2","2.2",1,0,"1.0",40,1931,2171,0,0,"0.0","a",0,0,,"false"
"2026-10-02T00:58:16Z",496,"Kinsky","TOT","-50.9","-51.0","-51.1","-51.2",-3,-12,"17.3",45,18021,111064,18,450,"5.0","a",0,0,,"false"
"2026-10-02T00:58:16Z",497,"Dubravka","TOT","-24.4","-24.5","-24.5","-24.6",-2,-5,"17.1",40,26570,48089,0,0,"0.0","a",0,0,,"false"
"2026-10-02T00:58:16Z",498,"Senesi","TOT","-55.1","-55.3","-55.5","-55.7",-3,-4,"3.5",58,1201,21553,3,90,"0.0","a",0,-2,,"false"
"2026-10-02T00:58:16Z",499,"Pedro Porro","TOT","-30.8","-31.0","-31.3","-31.5",-2,-23,"7.6",54,1705,75179,9,198,"2.7","d",0,-1,,"false"
"2026-10-02T00:58:16Z",500,"Romero","TOT","0.0","0.0","0.0","0.0",0,0,"0.1",50,0,301,0,0,"0.0","u",0,0,,"false"
"2026-10-02T00:58:16Z",502,"Robertson","TOT","0.3","0.3","0.3","0.3",1,0,"2.5",44,5580,12781,17,366,"4.0","a",0,-1,,"false"
"2026-10-02T00:58:16Z",503,"Van de Ven","TOT","-22.0","-22.0","-22.0","-22.0",-2,0,"3.8",50,5822,19771,16,360,"5.3","a",0,0,,"false"
"2026-10-02T00:58:16Z",505,"Spence","TOT","0.0","0.0","0.0","0.0",0,-2,"0.2",45,0,1203,0,0,"0.0","u",0,0,,"false"
"2026-10-02T00:58:16Z",506,"Udogie","TOT","-21.0","-21.0","-21.0","-21.0",-2,0,"0.3",44,343,1623,7,86,"1.7","a",0,-1,,"false"
"2026-10-02T00:58:16Z",507,"Phillips","TOT","0.0","0.0","0.0","0.0",0,0,"0.0",45,0,55,0,0,"0.0","u",0,0,,"false"
"2026-10-02T00:58:16Z",508,"Davies","TOT","1.6","1.6","1.6","1.6",1,0,"0.9",39,7467,3905,0,0,"0.0","a",-1,-1,,"false"
"2026-10-02T00:58:16Z",509,"Byfield","TOT","-4.4","-4.4","-4.4","-4.4",-1,0,"0.1",40,124,248,0,0,"0.0","a",0,0,,"false"
"2026-10-02T00:58:16Z",510,"Rowswell","TOT","-16.4","-16.4","-16.4","-16.4",-1,0,"0.1",40,157,339,0,0,"0.0","a",0,0,,"false"
"2026-10-02T00:58:16Z",511,"Souza","TOT","0.0","0.0","0.0","0.0",0,0,"0.2",40,0,890,0,0,"0.0","u",0,0,,"false"
"2026-10-02T00:58:16Z",512,"Kudus","TOT","2.1","2.1","2.1","2.1",1,0,"0.2",65,2277,1137,7,123,"2.0","a",0,0,,"false"
"2026-10-02T00:58:16Z",513,"Xavi","TOT","-17.0","-17.0","-17.0","-17.0",-1,0,"0.0",59,52,80,0,0,"0.0","i",0,-1,,"false"
"2026-10-02T00:58:16Z",514,"Tel","TOT","-27.0","-27.5","-28.1","-28.7",-2,-1,"0.2",57,200,1959,8,257,"1.3","a",-1,-3,,"false"
"2026-10-02T00:58:16Z",515,"Maddison","TOT","-70.9","-70.9","-70.9","-70.9",-3,0,"0.4",63,747,1982,3,59,"0.7","a",0,-2,,"false"
"2026-10-02T00:58:16Z",516,"Bentancur","TOT","-74.7","-74.7","-74.7","-74.7",-3,0,"0.2",55,381,722,15,370,"4.0","a",0,0,,"false"
"2026-10-02T00:58:16Z",517,"Odobert","TOT","0.0","0.0","0.0","0.0",0,0,"0.0",55,25,14,0,0,"0.0","i",0,0,,"false"
"2026-10-02T00:58:16Z",518,"P.M.Sarr","TOT","0.0","0.0","0.0","0.0",0,0,"0.1",49,0,677,0,0,"0.0","u",0,-1,,"false"
"2026-10-02T00:58:16Z",519,"Gallagher","TOT","0.1","0.1","0.1","0.1",1,0,"0.2",53,811,662,9,134,"3.0","a",0,-2,,"false"
"2026-10-02T00:58:16Z",520,"Bergvall","TOT","-3.3","-4.7","-6.2","-7.7",-1,-2,"0.1",53,107,633,3,78,"0.7","a",-1,-2,,"false"
"2026-10-02T00:58:16Z",521,"Kulusevski","TOT","-79.6","-79.6","-79.6","-79.6",-3,0,"0.0",65,96,72,0,0,"0.0","i",0,0,,"false"
"2026-10-02T00:58:16Z",522,"Gray","TOT","-24.9","-24.9","-24.9","-24.9",-2,0,"0.2",49,465,1211,9,307,"1.7","a",0,-1,,"false"
"2026-10-02T00:58:16Z",523,"Moore","TOT","0.0","0.0","0.0","0.0",0,0,"0.1",50,0,541,3,89,"0.0","u",0,0,,"false"
"2026-10-02T00:58:16Z",524,"Olusesi","TOT","7.9","7.9","7.8","7.8",1,-1,"1.0",44,6104,7632,0,0,"0.0","a",0,-1,,"false"
"2026-10-02T00:58:16Z",525,"Fernandes","TOT","-10.4","-10.6","-10.8","-11.1",-1,-2,"0.8",57,471,6685,7,249,"1.3","a",-1,-3,,"false"
"2026-10-02T00:58:16Z",526,"Solanke","TOT","-30.6","-30.6","-30.6","-30.6",-2,0,"0.8",58,1941,5720,7,170,"1.7","a",0,-2,,"false"
"2026-10-02T00:58:16Z",527,"Richarlison","TOT","0.0","0.0","0.0","0.0",0,-2,"0.6",59,0,5774,2,67,"0.0","u",0,-1,,"false"
"2026-10-02T00:58:16Z",528,"Scarlett","TOT","0.0","0.0","0.0","0.0",0,-1,"1.1",45,0,8074,0,0,"0.0","u",0,0,,"false"
"2026-10-02T00:58:16Z",578,"Mudryk","TOT","-12.0","-12.0","-12.0","-12.0",-1,0,"0.0",53,20,562,1,16,"0.3","i",-1,-2,,"false"
"2026-10-02T00:58:16Z",601,"Williams-Barnett","TOT","-52.5","-52.5","-52.5","-52.5",-3,0,"0.1",45,168,761,0,0,"0.0","a",0,0,,"false"
"2026-10-02T00:58:16Z",501,"Danso","SUN","-82.5","-82.5","-82.5","-82.5",-3,0,"0.2",50,1162,837,3,270,"1.0","a",0,0,,"false"
"2026-10-02T00:58:16Z",529,"Roefs","SUN","-16.5","-16.7","-16.9","-17.2",-1,-4,"2.4",49,2067,11617,11,450,"1.3","a",0,-1,,"false"
"2026-10-02T00:58:16Z",530,"Patterson","SUN","0.0","0.0","0.0","0.0",0,0,"0.1",40,0,356,0,0,"0.0","u",0,0,,"false"
"2026-10-02T00:58:16Z",531,"Ellborg","SUN","-0.1","-0.1","-0.1","-0.1",-1,0,"0.1",44,136,256,0,0,"0.0","a",-1,-1,,"false"
"2026-10-02T00:58:16Z",532,"Ballard","SUN","-53.7","-53.9","-54.2","-54.4",-3,-8,"2.5",49,3600,17141,14,450,"2.0","d",0,-1,,"false"
"2026-10-02T00:58:16Z",533,"Mukiele","SUN","-16.9","-16.9","-16.9","-16.9",-1,0,"1.9",54,5157,8850,13,360,"1.3","a",0,-1,,"false"
"2026-10-02T00:58:16Z",534,"Hume","SUN","-7.8","-7.9","-8.0","-8.1",-1,-4,"2.8",43,1229,29717,10,206,"0.7","a",-1,-2,,"false"
"2026-10-02T00:58:16Z",535,"Alderete","SUN","-6.7","-6.7","-6.7","-6.7",-1,0,"0.2",48,221,1067,1,23,"0.0","a",-1,-2,,"false"
"2026-10-02T00:58:16Z",536,"Reinildo","SUN","0.0","0.0","0.0","0.0",0,0,"0.3",44,202,1570,7,360,"0.0","a",-1,-1,,"false"
"2026-10-02T00:58:16Z",537,"Seelt","SUN","0.0","0.0","0.0","0.0",0,0,"0.0",45,0,22,0,0,"0.0","u",0,0,,"false"
"2026-10-02T00:58:16Z",538,"Hjelde","SUN","0.0","0.0","0.0","0.0",0,0,"0.0",40,0,157,0,0,"0.0","u",0,0,,"false"
"2026-10-02T00:58:16Z",539,"O'Nien","SUN","4.1","4.2","4.2","4.3",1,4,"2.5",39,17792,11663,1,66,"0.0","a",-1,-1,,"false"
"2026-10-02T00:58:16Z",540,"Masuaku","SUN","0.0","0.0","0.0","0.0",0,0,"0.1",40,0,634,0,0,"0.0","u",0,0,,"false"
"2026-10-02T00:58:16Z",541,"Meunier","SUN","-32.4","-32.4","-32.4","-32.4",-2,0,"0.3",45,1640,882,14,396,"2.3","a",0,0,,"false"
"2026-10-02T00:58:16Z",542,"E.Le Fée","SUN","-4.3","-4.4","-4.4","-4.4",-1,-1,"3.4",57,11455,24038,18,438,"4.3","a",-1,-3,,"false"
"2026-10-02T00:58:16Z",543,"Diarra","SUN","-0.4","-0.4","-0.4","-0.4",-1,0,"0.0",53,20,235,5,28,"0.0","i",-1,-2,,"false"
"2026-10-02T00:58:16Z",544,"Xhaka","SUN","-73.7","-73.9","-74.1","-74.3",-3,-5,"3.6",55,6265,23278,21,450,"2.0","a",0,0,,"false"
"2026-10-02T00:58:16Z",545,"Sadiki","SUN","-74.1","-74.1","-74.1","-74.1",-3,0,"0.2",49,407,1346,10,410,"1.7","a",0,-1,,"false"
"2026-10-02T00:58:16Z",546,"Adingra","SUN","0.0","0.0","0.0","0.0",0,0,"0.0",49,0,190,0,0,"0.0","u",0,-1,,"false"
"2026-10-02T00:58:16Z",547,"Mundle","SUN","-79.8","-79.8","-79.8","-79.8",-3,0,"0.0",49,10,55,1,1,"0.0","i",0,-1,,"false"
"2026-10-02T00:58:16Z",548,"Rigg","SUN","-77.5","-77.5","-77.5","-77.5",-3,0,"0.0",49,32,229,2,17,"0.0","a",0,-1,,"false"
"2026-10-02T00:58:16Z",549,"Talbi","SUN","-29.5","-29.5","-29.5","-29.5",-2,0,"0.1",53,109,569,1,31,"0.0","a",0,-2,,"false"
"2026-10-02T00:58:16Z",550,"Jocelin.T","SUN","-95.4","-95.4","-95.4","-95.4",-4,0,"0.0",50,32,44,0,0,"0.0","a",0,0,,"false"
"2026-10-02T00:58:16Z",551,"N.Angulo","SUN","1.3","1.3","1.3","1.3",1,0,"0.1",50,510,788,16,313,"2.7","a",0,0,,"false"
"2026-10-02T00:58:16Z",552,"Brobbey","SUN","81.4","81.3","81.2","81.0",3,-9,"6.9",57,195032,46044,24,399,"6.7","d",-1,-3,,"false"
"2026-10-02T00:58:16Z",553,"Isidor","SUN","3.1","3.1","3.1","3.2",1,2,"1.3",55,3291,11610,15,117,"2.0","a",0,0,,"false"
"2026-10-02T00:58:16Z",612,"Methalie","SUN","0.0","0.0","0.0","0.0",0,0,"0.0",45,114,67,-1,90,"-0.3","a",0,0,,"false"
"2026-10-02T00:58:16Z",613,"Ahoka","SUN","-45.9","-45.9","-45.9","-45.9",-3,0,"0.2",45,594,1604,0,0,"0.0","a",0,0,,"false"
"2026-10-02T00:58:16Z",646,"Fofana","SUN","-12.6","-12.6","-12.6","-12.6",-1,0,"0.0",55,333,304,3,60,"1.0","a",0,0,,"false"
"2026-10-02T00:58:16Z",651,"J.Angulo","SUN","4.9","4.9","4.9","4.9",1,0,"0.7",45,8841,7294,0,0,"0.0","a",0,0,,"false"
"2026-10-02T06:58:59Z",1,"Raya","ARS","1.4","1.5","1.5","1.5",1,3,"42.3",61,127644,48414,30,450,"6.0","a",1,1,,"false"
"2026-10-02T06:58:59Z",2,"Arrizabalaga","ARS","-49.3","-49.3","-49.3","-49.3",-3,0,"0.1",49,113,258,0,0,"0.0","a",0,-1,,"false"
"2026-10-02T06:58:59Z",3,"Meslier","ARS","-39.2","-39.2","-39.2","-39.2",-2,0,"0.0",49,47,124,0,0,"0.0","a",0,-1,,"false"
"2026-10-02T06:58:59Z",4,"Gabriel","ARS","-89.4","-89.4","-89.4","-89.4",-3,1,"22.7",80,25110,67136,25,450,"4.0","a",0,0,,"false"
"2026-10-02T06:58:59Z",5,"J.Timber","ARS","11.3","11.3","11.3","11.4",1,4,"0.4",65,12822,4183,1,104,"0.3","a",0,0,,"false"
"2026-10-02T06:58:59Z",6,"Saliba","ARS","-25.7","-25.7","-25.7","-25.7",-2,0,"0.2",59,396,1117,0,0,"0.0","i",0,-1,,"false"
"2026-10-02T06:58:59Z",7,"Lewis-Skelly","ARS","-16.1","-16.1","-16.1","-16.1",-1,0,"0.6",54,936,4986,9,271,"1.0","a",-1,-1,,"false"
"2026-10-02T06:58:59Z",8,"Calafiori","ARS","94.8","94.9","94.9","95.0",3,4,"50.5",58,77342,64344,29,416,"3.0","a",0,3,,"false"
"2026-10-02T06:58:59Z",9,"Hincapie","ARS","-5.7","-5.8","-6.1","-6.3",-1,-2,"0.9",52,1455,5768,2,32,"0.3","a",-1,-3,,"false"
"2026-10-02T06:58:59Z",10,"White","ARS","-49.0","-49.3","-49.7","-50.1",-3,-24,"4.9",55,3255,67891,21,315,"1.0","d",0,0,,"false"
"2026-10-02T06:58:59Z",11,"Mosquera","ARS","-25.8","-25.8","-25.8","-25.8",-2,0,"1.6",53,1214,9496,12,168,"0.0","a",0,-2,,"false"
"2026-10-02T06:58:59Z",12,"Saka","ARS","92.3","92.7","93.3","93.9",3,40,"13.7",95,111307,47963,32,416,"4.0","a",0,0,,"false"
"2026-10-02T06:58:59Z",13,"Rice","ARS","-34.6","-34.9","-35.3","-35.7",-2,-59,"11.6",74,7600,84605,20,411,"4.0","d",0,-1,,"false"
"2026-10-02T06:58:59Z",14,"Eze","ARS","-0.8","-0.5","-0.2","0.0",-1,4,"1.0",62,2349,6856,4,85,"0.7","a",-1,-3,,"false"
"2026-10-02T06:58:59Z",15,"Ødegaard","ARS","-0.9","-0.6","-0.1","0.4",-1,34,"19.8",68,77945,89110,29,377,"5.0","a",0,3,,"false"
"2026-10-02T06:58:59Z",16,"Madueke","ARS","-26.1","-26.7","-27.5","-28.4",-2,-1,"0.2",62,749,1580,2,23,"0.3","a",0,-3,,"false"
"2026-10-02T06:58:59Z",17,"Merino","ARS","-0.2","-0.0","0.0","0.0",0,1,"0.4",57,762,2916,4,81,"0.7","a",-1,-3,,"false"
"2026-10-02T06:58:59Z",18,"Martinelli","ARS","0.0","0.0","0.0","0.0",0,0,"0.1",63,0,577,0,0,"0.0","u",0,-2,,"false"
"2026-10-02T06:58:59Z",19,"Zubimendi","ARS","-48.6","-48.6","-48.6","-48.6",-3,0,"0.6",53,511,3747,5,89,"1.0","a",0,-2,,"false"
"2026-10-02T06:58:59Z",20,"Dowman","ARS","-27.1","-27.1","-27.1","-27.1",-2,0,"0.1",53,460,583,1,9,"0.3","a",0,-2,,"false"
"2026-10-02T06:58:59Z",22,"Nwaneri","ARS","0.0","0.0","0.0","0.0",0,0,"0.0",54,0,52,0,0,"0.0","u",0,-1,,"false"
"2026-10-02T06:58:59Z",23,"Fábio Vieira","ARS","0.0","0.0","0.0","0.0",0,0,"0.0",55,0,40,0,0,"0.0","u",0,0,,"false"
"2026-10-02T06:58:59Z",24,"Nelson","ARS","0.0","0.0","0.0","0.0",0,0,"0.0",55,0,24,0,0,"0.0","u",0,0,,"false"
"2026-10-02T06:58:59Z",25,"Gyökeres","ARS","-2.8","-2.6","-2.3","-2.0",-1,9,"3.1",71,11932,17056,2,29,"0.7","a",-1,-4,,"false"
"2026-10-02T06:58:59Z",26,"Havertz","ARS","3.9","3.3","2.3","1.3",1,-67,"8.3",76,50493,64430,19,437,"3.7","d",0,1,,"false"
"2026-10-02T06:58:59Z",27,"G.Jesus","ARS","0.0","0.0","0.0","0.0",0,0,"0.1",59,0,1033,0,0,"0.0","u",0,-1,,"false"
"2026-10-02T06:58:59Z",31,"Konsa","ARS","0.9","0.9","0.8","0.8",1,-1,"19.4",46,91465,46829,12,281,"3.7","a",1,1,,"false"
"2026-10-02T06:58:59Z",452,"Bruno G.","ARS","0.4","0.4","0.4","0.3",1,-2,"1.8",67,5743,7697,9,123,"2.7","a",0,-3,,"false"
"2026-10-02T06:58:59Z",557,"Tzolis","ARS","-12.1","-12.4","-12.8","-13.3",-1,-62,"12.1",63,12266,140444,16,362,"3.3","a",-1,-2,,"false"
"2026-10-02T06:58:59Z",29,"M.Bizot","AVL","-38.2","-38.2","-38.2","-38.2",-2,0,"0.1",45,60,1021,1,90,"0.0","i",0,0,,"false"
"2026-10-02T06:58:59Z",30,"Digne","AVL","0.0","0.0","0.0","0.0",0,0,"0.0",45,0,233,0,0,"0.0","u",0,0,,"false"
"2026-10-02T06:58:59Z",32,"Cash","AVL","-23.2","-23.4","-23.7","-23.9",-2,-8,"4.8",44,2699,25264,6,296,"1.7","a",0,-1,,"false"
"2026-10-02T06:58:59Z",33,"Mings","AVL","0.7","0.7","0.7","0.7",1,-1,"0.4",45,1728,1417,10,261,"3.0","a",0,0,,"false"
"2026-10-02T06:58:59Z",34,"Pau","AVL","-0.4","-0.5","-0.8","-1.1",-1,-2,"0.3",44,44,3164,3,187,"0.3","i",-1,-1,,"false"
"2026-10-02T06:58:59Z",35,"Bogarde","AVL","-3.4","-3.4","-3.4","-3.4",-1,0,"0.1",49,174,444,1,16,"0.0","a",-1,-1,,"false"
"2026-10-02T06:58:59Z",36,"Maatsen","AVL","-2.6","-2.7","-2.8","-2.9",-1,-2,"0.5",44,50,6208,9,335,"2.7","i",-1,-1,,"false"
"2026-10-02T06:58:59Z",37,"Lindelöf","AVL","1.0","1.1","1.1","1.2",1,6,"0.3",45,1051,1302,8,450,"2.7","a",0,0,,"false"
"2026-10-02T06:58:59Z",38,"A.García","AVL","-35.2","-35.2","-35.2","-35.2",-2,0,"1.5",40,1856,6106,0,0,"0.0","a",0,0,,"false"
"2026-10-02T06:58:59Z",39,"Nedeljkovic","AVL","0.0","0.0","0.0","0.0",0,0,"0.1",40,0,565,0,0,"0.0","u",0,0,,"false"
"2026-10-02T06:58:59Z",41,"Buendía","AVL","-36.3","-36.0","-35.7","-35.4",-2,2,"1.0",59,12308,4213,21,401,"5.7","a",0,-1,,"false"
"2026-10-02T06:58:59Z",44,"Bailey","AVL","0.0","0.0","0.0","0.0",0,0,"0.1",54,0,497,0,0,"0.0","u",0,-1,,"false"
"2026-10-02T06:58:59Z",45,"McGinn","AVL","-20.5","-20.7","-21.0","-21.4",-2,-5,"2.2",54,6893,8597,17,434,"5.0","a",0,-1,,"false"
"2026-10-02T06:58:59Z",46,"Barkley","AVL","0.5","0.5","0.5","0.5",1,0,"0.3",50,567,1769,10,308,"2.0","a",0,0,,"false"
"2026-10-02T06:58:59Z",47,"Kamara","AVL","-80.7","-80.7","-80.7","-80.7",-3,0,"0.3",50,1320,1579,15,443,"3.7","a",0,0,,"false"
"2026-10-02T06:58:59Z",48,"Onana","AVL","-11.1","-11.1","-11.1","-11.1",-1,0,"0.0",49,40,95,0,0,"0.0","i",0,-1,,"false"
"2026-10-02T06:58:59Z",49,"Iling Jr","AVL","0.0","0.0","0.0","0.0",0,0,"0.0",50,0,11,0,0,"0.0","u",0,0,,"false"
"2026-10-02T06:58:59Z",50,"Burrowes","AVL","-79.6","-79.6","-79.6","-79.6",-3,0,"0.6",45,637,3409,0,0,"0.0","a",0,0,,"false"
"2026-10-02T06:58:59Z",51,"George Hemmings","AVL","13.8","13.7","13.7","13.6",1,-3,"1.2",45,3205,9676,9,297,"1.7","a",0,0,,"false"
"2026-10-02T06:58:59Z",52,"Alysson","AVL","-2.5","-2.5","-2.5","-2.5",-1,0,"0.0",50,68,787,8,87,"2.3","d",0,0,,"false"
"2026-10-02T06:58:59Z",53,"Manzambi","AVL","8.5","8.6","8.7","8.8",1,9,"0.4",59,28233,3302,14,98,"4.7","a",0,-1,,"false"
"2026-10-02T06:58:59Z",54,"Gomes","AVL","0.1","0.1","0.1","0.1",1,0,"0.0",55,463,197,2,129,"1.3","a",0,0,,"false"
"2026-10-02T06:58:59Z",55,"Watkins","AVL","0.0","0.0","0.0","0.0",0,-10,"2.5",78,0,12834,0,0,"0.0","u",0,-2,,"false"
"2026-10-02T06:58:59Z",56,"Abraham","AVL","3.5","3.5","3.6","3.6",1,3,"0.2",55,1709,1734,4,71,"1.0","a",0,0,,"false"
"2026-10-02T06:58:59Z",160,"Garnacho","AVL","-66.8","-66.4","-65.8","-65.2",-3,1,"0.3",58,538,2779,3,31,"0.3","a",0,-2,,"false"
"2026-10-02T06:58:59Z",166,"N.Jackson","AVL","52.3","52.5","52.8","53.1",3,20,"1.5",65,36556,8137,10,286,"2.7","a",0,0,,"false"
"2026-10-02T06:58:59Z",582,"Madjo","AVL","-25.1","-25.1","-25.1","-25.1",-2,0,"0.2",54,206,1785,0,0,"0.0","i",0,-1,,"false"
"2026-10-02T06:58:59Z",596,"Ruggeri","AVL","-74.3","-67.7","-57.9","-48.1",-3,6,"0.1",45,533,339,5,113,"1.3","a",0,0,,"false"
"2026-10-02T06:58:59Z",597,"Suzuki","AVL","29.9","29.9","29.9","30.0",2,1,"1.9",50,13612,6573,16,360,"4.7","a",0,0,,"false"
"2026-10-02T06:58:59Z",606,"Rowe","AVL","0.1","0.1","0.1","0.1",1,0,"0.2",40,318,907,0,0,"0.0","a",0,0,,"false"
"2026-10-02T06:58:59Z",607,"Lynch","AVL","0.0","0.0","0.0","0.0",0,0,"0.1",45,0,708,0,0,"0.0","u",0,0,,"false"
"2026-10-02T06:58:59Z",611,"Wan-Bissaka","AVL","2.1","2.1","2.1","2.1",1,0,"0.2",45,1451,1435,6,152,"1.7","a",0,0,,"false"
"2026-10-02T06:58:59Z",618,"Goretzka","AVL","-41.7","-41.7","-41.7","-41.7",-3,0,"0.0",59,23,418,0,0,"0.0","i",0,-1,,"false"
"2026-10-02T06:58:59Z",630,"Harwood-Bellis","AVL","0.0","0.0","0.0","0.0",0,0,"0.0",45,192,188,0,0,"0.0","a",0,0,,"false"
"2026-10-02T06:58:59Z",631,"Mbaye","AVL","0.3","0.3","0.2","0.1",1,-5,"0.1",60,915,1121,2,33,"0.7","a",0,0,,"false"
"2026-10-02T06:58:59Z",667,"Wright","AVL","0.0","0.0","0.0","0.0",0,0,"0.1",40,7222,852,0,0,"0.0","a",0,0,"2026-10-02T19:12:30.130761Z","false"
"2026-10-02T06:58:59Z",57,"Petrović","BOU","0.2","0.2","0.1","0.1",1,-3,"3.0",45,6268,11807,9,450,"1.3","a",0,0,,"false"
"2026-10-02T06:58:59Z",58,"Forster","BOU","4.6","4.6","4.6","4.6",1,-2,"3.5",40,8211,7351,0,0,"0.0","a",0,0,,"false"
"2026-10-02T06:58:59Z",59,"Dennis","BOU","0.0","0.0","0.0","0.0",0,0,"0.1",40,0,557,0,0,"0.0","u",0,0,,"false"
"2026-10-02T06:58:59Z",60,"Hill","BOU","-33.4","-32.9","-32.2","-31.4",-2,4,"0.8",55,3186,3127,12,450,"2.3","a",0,0,,"false"
"2026-10-02T06:58:59Z",61,"Truffert","BOU","-1.4","-1.4","-1.3","-1.2",-1,3,"3.0",54,4619,12237,10,450,"1.7","a",-1,-1,,"false"
"2026-10-02T06:58:59Z",62,"Diakité","BOU","-5.6","-5.6","-5.6","-5.6",-1,0,"0.2",49,475,969,0,0,"0.0","a",-1,-1,,"false"
"2026-10-02T06:58:59Z",63,"Milosavljević","BOU","-3.3","-3.3","-3.3","-3.3",-1,0,"0.0",49,32,46,0,0,"0.0","i",0,-1,,"false"
"2026-10-02T06:58:59Z",64,"Smith","BOU","0.3","0.3","0.3","0.3",1,0,"0.1",45,401,482,4,434,"0.7","a",0,0,,"false"
"2026-10-02T06:58:59Z",65,"J.Araujo","BOU","-12.3","-12.3","-12.3","-12.3",-1,0,"0.0",44,37,54,0,0,"0.0","i",0,-1,,"false"
"2026-10-02T06:58:59Z",66,"Soler","BOU","1.4","1.4","1.4","1.4",1,0,"0.3",40,740,1124,0,0,"0.0","a",0,0,,"false"
"2026-10-02T06:58:59Z",67,"Rayan","BOU","-9.9","-9.9","-9.9","-9.9",-1,0,"1.6",63,4048,9800,10,434,"2.0","a",-1,-2,,"false"
"2026-10-02T06:58:59Z",68,"Tavernier","BOU","30.9","30.9","31.0","31.1",2,6,"6.8",61,83334,44425,31,424,"6.7","a",0,1,,"false"
"2026-10-02T06:58:59Z",69,"Scott","BOU","0.4","0.5","0.6","0.7",1,7,"5.8",61,24155,38727,30,446,"5.3","a",0,1,,"false"
"2026-10-02T06:58:59Z",70,"Kluivert","BOU","-55.2","-55.8","-56.7","-57.7",-3,-15,"0.9",60,2300,18171,15,294,"3.0","i",0,0,,"false"
"2026-10-02T06:58:59Z",71,"Cook","BOU","-12.3","-12.3","-12.3","-12.3",-1,0,"0.2",50,269,1153,8,180,"0.7","a",0,0,,"false"
"2026-10-02T06:58:59Z",72,"Gannon-Doak","BOU","-65.2","-65.2","-65.2","-65.2",-3,0,"0.1",49,141,381,4,12,"1.0","a",0,-1,,"false"
"2026-10-02T06:58:59Z",73,"Adams","BOU","1.6","1.6","1.6","1.6",1,0,"0.3",50,1111,1655,12,279,"3.3","a",0,0,,"false"
"2026-10-02T06:58:59Z",74,"Brooks","BOU","-19.9","-19.9","-19.9","-19.9",-1,0,"0.1",50,175,325,3,45,"0.7","a",0,0,,"false"
"2026-10-02T06:58:59Z",75,"Christie","BOU","0.4","0.4","0.4","0.4",1,0,"0.0",50,297,252,5,102,"1.3","a",0,0,,"false"
"2026-10-02T06:58:59Z",76,"Tóth.A","BOU","-11.8","-11.8","-11.8","-11.8",-1,0,"0.0",49,27,55,2,17,"0.3","a",0,-1,,"false"
"2026-10-02T06:58:59Z",77,"Adli","BOU","-84.6","-84.6","-84.6","-84.6",-3,0,"0.0",49,23,77,0,0,"0.0","i",0,-1,,"false"
"2026-10-02T06:58:59Z",78,"Kroupi.Jr","BOU","-76.2","-76.2","-76.2","-76.2",-3,0,"0.2",74,189,862,0,0,"0.0","i",0,-1,,"false"
"2026-10-02T06:58:59Z",79,"Evanilson","BOU","51.4","51.4","51.5","51.6",3,5,"3.2",60,17994,21138,18,424,"3.0","a",0,0,,"false"
"2026-10-02T06:58:59Z",80,"Enes Ünal","BOU","0.0","0.0","0.0","0.0",0,0,"0.0",55,0,50,0,0,"0.0","u",0,0,,"false"
"2026-10-02T06:58:59Z",81,"Rodríguez","BOU","-32.2","-32.2","-32.2","-32.2",-2,0,"0.1",60,796,728,2,10,"0.3","a",0,0,,"false"
"2026-10-02T06:58:59Z",566,"Silva","BOU","1.4","1.4","1.4","1.4",1,0,"0.4",50,6325,3706,13,450,"2.3","a",0,0,,"false"
"2026-10-02T06:58:59Z",573,"Sanchez","BOU","-12.8","-12.8","-12.8","-12.8",-1,0,"0.2",44,151,438,0,0,"0.0","a",0,-1,,"false"
"2026-10-02T06:58:59Z",608,"Jebbison","BOU","0.6","0.6","0.6","0.6",1,0,"0.1",50,903,902,3,31,"0.7","a",0,0,,"false"
"2026-10-02T06:58:59Z",615,"Di Gregorio","BOU","-29.1","-29.1","-29.1","-29.1",-2,0,"0.0",45,184,195,0,0,"0.0","a",0,0,,"false"
"2026-10-02T06:58:59Z",82,"Kelleher","BRE","20.5","20.6","20.6","20.6",2,2,"6.1",50,20002,13646,20,450,"3.7","a",0,0,,"false"
"2026-10-02T06:58:59Z",83,"Valdimarsson","BRE","-75.3","-75.3","-75.3","-75.3",-3,0,"0.1",45,300,340,0,0,"0.0","a",0,0,,"false"
"2026-10-02T06:58:59Z",84,"Collins","BRE","-29.1","-29.1","-29.2","-29.3",-2,-1,"0.9",54,121,9479,10,196,"0.3","i",0,-1,,"false"
"2026-10-02T06:58:59Z",85,"Van den Berg","BRE","-81.3","-81.3","-81.3","-81.3",-3,0,"0.1",49,38,353,0,0,"0.0","i",0,-1,,"false"
"2026-10-02T06:58:59Z",86,"Lewis-Potter","BRE","32.4","32.4","32.3","32.3",2,-4,"1.7",55,3707,12029,22,406,"2.0","a",0,0,,"false"
"2026-10-02T06:58:59Z",87,"Ajer","BRE","31.0","31.0","31.0","31.0",2,0,"3.9",45,11304,22880,21,450,"3.3","a",0,0,,"false"
"2026-10-02T06:58:59Z",88,"Kayode","BRE","-38.0","-38.0","-37.9","-37.9",-2,2,"7.6",46,13350,21375,23,294,"2.7","a",0,1,,"false"
"2026-10-02T06:58:59Z",89,"Henry","BRE","-15.9","-15.9","-15.9","-15.9",-1,0,"0.2",44,160,590,1,2,"0.0","a",0,-1,,"false"
"2026-10-02T06:58:59Z",90,"Hickey","BRE","-29.5","-29.5","-29.5","-29.5",-2,0,"0.1",45,181,248,5,152,"1.0","a",0,0,,"false"
"2026-10-02T06:58:59Z",92,"Ji-soo","BRE","-5.2","-5.2","-5.2","-5.2",-1,0,"0.0",44,58,89,0,0,"0.0","a",-1,-1,,"false"
"2026-10-02T06:58:59Z",93,"Schuster","BRE","5.2","5.2","5.3","5.4",1,6,"0.3",45,15248,2369,21,253,"7.0","a",0,0,,"false"
"2026-10-02T06:58:59Z",94,"Schade","BRE","13.8","14.2","14.9","15.7",1,129,"11.6",62,394999,25288,39,447,"8.7","a",1,2,,"false"
"2026-10-02T06:58:59Z",95,"O.Dango","BRE","-49.6","-50.0","-50.7","-51.4",-3,-2,"0.5",63,819,3700,7,179,"1.0","a",0,-2,,"false"
"2026-10-02T06:58:59Z",96,"Damsgaard","BRE","-7.3","-6.3","-4.8","-3.3",-1,4,"0.4",54,1673,2062,16,283,"4.0","a",0,-1,,"false"
"2026-10-02T06:58:59Z",97,"Jensen","BRE","-57.6","-57.6","-57.6","-57.6",-3,0,"0.1",54,20,652,6,66,"0.0","i",0,-1,,"false"
"2026-10-02T06:58:59Z",98,"Janelt","BRE","78.3","78.3","78.2","78.1",3,-5,"2.5",50,19686,17989,28,450,"6.0","a",0,0,,"false"
"2026-10-02T06:58:59Z",99,"Milambo","BRE","-43.0","-43.0","-43.0","-43.0",-3,0,"0.0",50,6,7,0,0,"0.0","i",0,0,,"false"
"2026-10-02T06:58:59Z",100,"Carvalho","BRE","0.3","0.3","0.3","0.3",1,0,"0.0",50,610,174,6,3,"2.0","a",0,0,,"false"
"2026-10-02T06:58:59Z",102,"Yarmoliuk","BRE","-18.1","-18.1","-18.1","-18.1",-1,0,"0.6",48,1352,3312,9,216,"2.3","a",0,-2,,"false"
"2026-10-02T06:58:59Z",103,"Dasilva","BRE","-62.1","-62.1","-62.1","-62.1",-3,0,"0.0",49,9,103,0,0,"0.0","i",0,-1,,"false"
"2026-10-02T06:58:59Z",105,"Anthony","BRE","0.8","0.8","0.8","0.8",1,-1,"0.1",59,2341,619,15,267,"4.0","a",0,-1,,"false"
"2026-10-02T06:58:59Z",106,"Thiago","BRE","10.7","11.1","11.8","12.4",1,43,"9.1",78,58820,38513,10,442,"2.7","a",0,-2,,"false"
"2026-10-02T06:58:59Z",107,"Furo","BRE","-6.1","-6.4","-6.7","-7.1",-1,-6,"0.9",45,627,9579,0,0,"0.0","i",0,0,,"false"
"2026-10-02T06:58:59Z",108,"Wilson","BRE","-12.0","-12.0","-12.0","-12.0",-1,0,"0.3",54,1214,2481,3,13,"0.3","a",-1,-1,,"false"
"2026-10-02T06:58:59Z",565,"M.Sangaré","BRE","-32.2","-32.3","-32.6","-32.9",-2,-30,"9.9",56,8453,139307,22,321,"1.3","a",-1,1,,"false"
"2026-10-02T06:58:59Z",620,"Diouf","BRE","-36.0","-36.0","-36.0","-36.0",-2,0,"0.1",45,475,685,2,39,"0.7","a",0,0,,"false"
"2026-10-02T06:58:59Z",657,"Nunes","BRE","0.0","0.0","0.0","0.0",0,0,"0.0",45,346,271,0,0,"0.0","a",0,0,,"false"
"2026-10-02T06:58:59Z",660,"Fredrick","BRE","0.0","0.0","0.0","0.0",0,0,"0.0",40,525,68,0,0,"0.0","a",0,0,,"false"
"2026-10-02T06:58:59Z",661,"Balcombe","BRE","0.0","0.0","0.0","0.0",0,0,"0.0",40,2896,552,0,0,"0.0","a",0,0,,"false"
"2026-10-02T06:58:59Z",109,"Verbruggen","BHA","64.7","64.7","64.7","64.7",3,0,"21.6",45,72938,72594,23,450,"5.7","a",0,0,,"false"
"2026-10-02T06:58:59Z",111,"Steele","BHA","-0.7","-0.7","-0.7","-0.7",-1,0,"4.1",40,7195,14854,0,0,"0.0","a",0,0,,"false"
"2026-10-02T06:58:59Z",113,"F.Kadıoğlu","BHA","-60.6","-60.6","-60.6","-60.6",-3,0,"1.6",44,4027,6951,13,332,"4.3","a",0,-1,,"false"
"2026-10-02T06:58:59Z",114,"Boscagli","BHA","2.7","2.8","2.8","2.9",1,4,"0.3",45,2071,795,19,437,"4.7","a",0,0,,"false"
"2026-10-02T06:58:59Z",115,"De Cuyper","BHA","2.6","3.0","3.5","4.1",1,99,"27.8",50,301617,21752,38,423,"7.0","a",1,5,,"false"
"2026-10-02T06:58:59Z",116,"Dunk","BHA","20.2","20.0","19.8","19.6",2,-15,"1.5",45,7586,9957,22,360,"5.7","d",0,0,,"false"
"2026-10-02T06:58:59Z",117,"Coppola","BHA","-12.0","-12.0","-12.0","-12.0",-1,0,"0.0",45,110,100,0,0,"0.0","a",0,0,,"false"
"2026-10-02T06:58:59Z",118,"Igor","BHA","0.0","0.0","0.0","0.0",0,-1,"0.0",45,0,296,0,0,"0.0","u",0,0,,"false"
"2026-10-02T06:58:59Z",119,"Costinha","BHA","0.0","0.0","0.0","0.0",0,0,"0.0",45,171,137,4,68,"1.0","a",0,0,,"false"
"2026-10-02T06:58:59Z",120,"Svoboda","BHA","0.5","0.5","0.5","0.5",1,0,"0.1",50,1331,463,1,4,"0.3","a",0,0,,"false"
"2026-10-02T06:58:59Z",121,"Mitoma","BHA","-25.4","-25.4","-25.4","-25.4",-2,0,"0.0",59,127,176,0,0,"0.0","i",0,-1,,"false"
"2026-10-02T06:58:59Z",122,"Minteh","BHA","-5.6","-5.6","-5.6","-5.6",-1,0,"0.0",58,45,232,0,0,"0.0","i",-1,-2,,"false"
"2026-10-02T06:58:59Z",123,"Hinshelwood","BHA","-40.2","-40.4","-40.9","-41.3",-3,-4,"0.6",59,275,6839,16,63,"0.0","i",0,-1,,"false"
"2026-10-02T06:58:59Z",124,"Groß","BHA","94.6","95.7","97.3","98.8",4,284,"29.0",58,794359,12137,47,450,"10.7","a",1,3,,"false"
"2026-10-02T06:58:59Z",125,"Georginio","BHA","-0.2","-0.6","-1.3","-2.0",-1,-4,"0.5",53,2686,3874,6,104,"0.3","a",-1,-2,,"false"
"2026-10-02T06:58:59Z",126,"O'Riley","BHA","-8.5","-8.5","-8.5","-8.5",-1,0,"0.1",54,429,570,2,10,"0.7","a",0,-1,,"false"
"2026-10-02T06:58:59Z",127,"Gomez","BHA","31.3","31.3","31.2","31.1",2,-4,"4.0",50,12272,38548,24,433,"4.3","a",0,0,,"false"
"2026-10-02T06:58:59Z",128,"Buonanotte","BHA","0.0","0.0","0.0","0.0",0,0,"0.0",50,0,7,0,0,"0.0","u",0,0,,"false"
"2026-10-02T06:58:59Z",129,"Ayari","BHA","-45.9","-45.9","-45.9","-45.9",-3,0,"0.4",54,2346,2019,15,333,"4.3","a",0,-1,,"false"
"2026-10-02T06:58:59Z",130,"Wieffer","BHA","-31.2","-31.2","-31.2","-31.2",-2,0,"0.2",49,30,1989,7,156,"0.0","i",0,-1,,"false"
"2026-10-02T06:58:59Z",132,"Howell","BHA","0.0","0.0","0.0","0.0",0,0,"0.0",45,0,205,0,0,"0.0","u",0,0,,"false"
"2026-10-02T06:58:59Z",133,"Watson","BHA","0.0","0.0","0.0","0.0",0,0,"0.0",50,0,5,0,0,"0.0","u",0,0,,"false"
"2026-10-02T06:58:59Z",134,"Oriola","BHA","-82.4","-82.4","-82.4","-82.4",-3,0,"0.2",45,357,1351,0,0,"0.0","a",0,0,,"false"
"2026-10-02T06:58:59Z",135,"Yohanna","BHA","-1.2","-1.2","-1.2","-1.2",-1,0,"0.0",48,24,395,1,12,"0.0","i",-1,-2,,"false"
"2026-10-02T06:58:59Z",137,"Tzimas","BHA","-3.6","-3.6","-3.6","-3.6",-1,0,"0.0",54,37,52,0,0,"0.0","i",0,-1,,"false"
"2026-10-02T06:58:59Z",138,"Kostoulas","BHA","20.6","21.2","22.0","22.7",2,143,"4.2",56,315785,19291,28,353,"7.3","a",1,1,,"false"
"2026-10-02T06:58:59Z",139,"Ferguson","BHA","-59.4","-59.4","-59.4","-59.4",-3,0,"0.0",50,135,259,0,0,"0.0","i",0,0,,"false"
"2026-10-02T06:58:59Z",328,"Struijk","BHA","-8.2","-8.8","-9.6","-10.4",-1,-2,"0.2",49,641,887,7,98,"2.3","d",0,-1,,"false"
"2026-10-02T06:58:59Z",504,"Vuskovic","BHA","56.3","56.4","56.4","56.5",3,6,"3.7",50,57070,13506,32,437,"8.7","a",0,0,,"false"
"2026-10-02T06:58:59Z",594,"David","BHA","0.6","0.6","0.7","0.7",1,2,"0.2",59,3206,2226,1,23,"0.0","a",-1,-1,,"false"
"2026-10-02T06:58:59Z",600,"Osman","BHA","-68.0","-68.0","-68.0","-68.0",-3,0,"0.0",50,117,127,3,40,"0.3","a",0,0,,"false"
"2026-10-02T06:58:59Z",605,"Yalcouyé","BHA","54.4","54.4","54.3","54.2",3,-4,"4.0",45,26232,33102,20,236,"3.7","a",0,0,,"false"
"2026-10-02T06:58:59Z",614,"Hadjam","BHA","-5.6","-5.6","-5.6","-5.6",-1,0,"0.0",45,248,256,0,0,"0.0","a",0,0,,"false"
"2026-10-02T06:58:59Z",624,"Cozier-Duberry","BHA","0.0","0.0","0.0","0.0",0,0,"0.0",50,0,5,0,0,"0.0","u",0,0,,"false"
"2026-10-02T06:58:59Z",639,"Andrés","BHA","1.4","1.4","1.5","1.5",1,1,"0.0",55,2759,312,12,109,"4.0","a",0,0,,"false"
"2026-10-02T06:58:59Z",652,"Azeez","BHA","-30.4","-30.4","-30.4","-30.4",-2,0,"0.0",55,19,45,0,0,"0.0","i",0,0,,"false"
"2026-10-02T06:58:59Z",658,"Ibrahim","BHA","0.0","0.0","0.0","0.0",0,0,"0.0",45,313,220,0,0,"0.0","a",0,0,,"false"
"2026-10-02T06:58:59Z",28,"Martinez","CHE","-6.4","-6.5","-6.5","-6.5",-1,-1,"4.7",50,7681,22102,9,360,"2.3","a",0,0,,"false"
"2026-10-02T06:58:59Z",40,"Rogers","CHE","88.2","88.8","89.7","90.6",3,60,"40.5",77,149745,70780,29,437,"5.3","a",0,2,,"false"
"2026-10-02T06:58:59Z",101,"Henderson","CHE","0.0","0.0","0.0","0.0",0,0,"0.0",49,513,160,2,90,"0.7","a",0,-1,,"false"
"2026-10-02T06:58:59Z",136,"Welbeck","CHE","6.8","6.8","6.7","6.7",1,-4,"1.0",59,7645,9336,4,85,"1.3","a",0,-1,,"false"
"2026-10-02T06:58:59Z",140,"Sánchez","CHE","0.0","0.0","0.0","0.0",0,-4,"0.7",49,0,4870,2,90,"0.0","u",0,-1,,"false"
"2026-10-02T06:58:59Z",141,"Jörgensen","CHE","0.0","0.0","0.0","0.0",0,0,"0.0",50,0,33,0,0,"0.0","u",0,0,,"false"
"2026-10-02T06:58:59Z",142,"James","CHE","-96.6","-96.9","-97.3","-97.6",-4,-26,"5.8",54,632,78266,3,292,"0.7","d",0,-1,,"false"
"2026-10-02T06:58:59Z",143,"Chalobah","CHE","0.0","0.0","0.0","0.0",0,-1,"0.1",55,0,323,0,0,"0.0","u",0,0,,"false"
"2026-10-02T06:58:59Z",144,"Gusto","CHE","-3.4","-3.4","-3.4","-3.4",-1,0,"1.0",49,1584,6922,4,272,"0.7","a",-1,-1,,"false"
"2026-10-02T06:58:59Z",145,"Fofana","CHE","4.7","4.7","4.7","4.7",1,1,"0.2",50,2509,1301,8,312,"2.7","a",0,0,,"false"
"2026-10-02T06:58:59Z",146,"B.Badiashile","CHE","0.0","0.0","0.0","0.0",0,0,"0.0",45,0,43,0,0,"0.0","u",0,0,,"false"
"2026-10-02T06:58:59Z",148,"Hato","CHE","12.6","12.6","12.6","12.6",1,0,"0.8",45,822,7383,8,258,"1.0","a",0,0,,"false"
"2026-10-02T06:58:59Z",149,"Colwill","CHE","-10.0","-10.0","-10.0","-10.0",-1,0,"0.9",48,1077,5433,3,341,"0.7","a",-1,-2,,"false"
"2026-10-02T06:58:59Z",150,"M.Sarr","CHE","0.0","0.0","0.0","0.0",0,0,"0.0",45,0,172,0,0,"0.0","u",0,0,,"false"
"2026-10-02T06:58:59Z",151,"Acheampong","CHE","-11.8","-12.2","-12.7","-13.3",-1,-1,"0.3",45,425,1956,5,221,"0.3","a",0,0,,"false"
"2026-10-02T06:58:59Z",152,"Palestra","CHE","-1.5","-1.5","-1.5","-1.5",-1,0,"0.6",53,231,3846,0,0,"0.0","d",0,-2,,"false"
"2026-10-02T06:58:59Z",154,"Palmer","CHE","-14.0","-14.4","-15.0","-15.7",-1,-81,"25.6",97,48719,169881,28,442,"2.7","d",0,2,,"false"
"2026-10-02T06:58:59Z",156,"Neto","CHE","-7.3","-7.0","-6.6","-6.1",-1,4,"1.4",65,5208,9670,14,332,"2.0","a",0,0,,"false"
"2026-10-02T06:58:59Z",157,"Estêvão","CHE","-33.0","-33.2","-33.6","-33.9",-2,-2,"0.7",63,1794,4356,4,23,"1.0","a",0,-2,,"false"
"2026-10-02T06:58:59Z",158,"Gittens","CHE","-4.1","-4.1","-4.1","-4.1",-1,0,"0.0",58,155,256,0,0,"0.0","d",-1,-2,,"false"
"2026-10-02T06:58:59Z",159,"Caicedo","CHE","-2.6","-3.0","-3.7","-4.4",-1,-9,"1.0",53,412,8981,1,13,"0.0","d",0,-2,,"false"
"2026-10-02T06:58:59Z",161,"Lavia","CHE","4.7","4.7","4.6","4.6",1,-2,"0.2",50,435,2471,11,258,"1.0","a",0,0,,"false"
"2026-10-02T06:58:59Z",163,"D.Essugo","CHE","0.0","0.0","0.0","0.0",0,0,"0.1",45,0,728,0,0,"0.0","u",0,0,,"false"
"2026-10-02T06:58:59Z",164,"Quenda","CHE","-28.0","-28.0","-28.0","-28.0",-2,0,"0.0",53,72,181,2,27,"0.3","a",0,-2,,"false"
"2026-10-02T06:58:59Z",165,"João Pedro","CHE","-2.0","-2.0","-2.1","-2.1",-1,-81,"65.1",77,63763,395991,33,360,"4.3","d",-1,2,,"false"
"2026-10-02T06:58:59Z",168,"Marc Guiu","CHE","0.0","0.0","0.0","0.0",0,-1,"0.2",50,0,1554,0,0,"0.0","u",0,0,,"false"
"2026-10-02T06:58:59Z",169,"Mheuka","CHE","4.5","4.4","4.4","4.4",1,-3,"0.5",45,4545,3552,0,0,"0.0","a",0,0,,"false"
"2026-10-02T06:58:59Z",170,"Emegha","CHE","-0.6","-0.8","-1.2","-1.6",-1,-1,"0.1",49,79,1102,0,0,"0.0","i",-1,-1,,"false"
"2026-10-02T06:58:59Z",200,"Lacroix","CHE","-7.4","-7.4","-7.5","-7.5",-1,-4,"6.8",59,7979,29427,13,364,"2.0","a",-1,-1,,"false"
"2026-10-02T06:58:59Z",560,"Penders","CHE","-0.6","-0.6","-0.6","-0.6",-1,0,"0.1",44,245,299,0,0,"0.0","a",0,-1,,"false"
"2026-10-02T06:58:59Z",561,"Anselmino","CHE","-1.0","-1.0","-1.0","-1.0",-1,0,"0.0",45,66,103,0,0,"0.0","a",0,0,,"false"
"2026-10-02T06:58:59Z",568,"Barco","CHE","-14.5","-14.5","-14.5","-14.5",-1,0,"0.1",54,235,448,3,115,"0.7","a",0,-1,,"false"
"2026-10-02T06:58:59Z",583,"Chavarria","CHE","-51.1","-49.4","-47.0","-44.6",-3,2,"0.1",49,419,550,5,208,"1.0","a",0,-1,,"false"
"2026-10-02T06:58:59Z",662,"Nicoll-Jazuli","CHE","-1.1","-1.1","-1.1","-1.1",-1,0,"0.0",45,340,73,1,3,"1.0","a",0,0,,"false"
"2026-10-02T06:58:59Z",91,"Pinnock","COV","-73.4","-73.4","-73.4","-73.4",-3,0,"0.1",45,396,230,14,282,"4.3","a",0,0,,"false"
"2026-10-02T06:58:59Z",104,"Onyeka","COV","-33.7","-33.7","-33.7","-33.7",-2,0,"0.1",49,174,449,9,314,"2.3","a",0,-1,,"false"
"2026-10-02T06:58:59Z",110,"Rushworth","COV","-58.6","-58.6","-58.6","-58.6",-3,0,"0.8",45,2582,5929,16,450,"4.3","a",0,0,,"false"
"2026-10-02T06:58:59Z",171,"Dovin","COV","0.0","0.0","0.0","0.0",0,-1,"1.0",40,0,4780,0,0,"0.0","u",0,0,,"false"
"2026-10-02T06:58:59Z",172,"Wilson","COV","-6.3","-6.3","-6.3","-6.3",-1,0,"0.4",44,243,688,0,0,"0.0","a",0,-1,,"false"
"2026-10-02T06:58:59Z",173,"Thomas","COV","17.3","17.3","17.3","17.3",1,-1,"8.5",40,26334,32097,24,437,"4.3","a",0,0,,"false"
"2026-10-02T06:58:59Z",174,"Kitching","COV","0.0","0.0","0.0","0.0",0,0,"0.3",40,0,1830,0,0,"0.0","u",0,0,,"false"
"2026-10-02T06:58:59Z",175,"van Ewijk","COV","-49.2","-49.4","-49.5","-49.7",-3,-19,"8.7",40,1174,76405,6,360,"1.0","d",0,0,,"false"
"2026-10-02T06:58:59Z",176,"Dasilva","COV","-30.6","-30.1","-29.2","-28.3",-2,4,"0.7",40,6439,1788,20,444,"5.7","a",0,0,,"false"
"2026-10-02T06:58:59Z",177,"Kesler-Hayden","COV","0.2","0.2","0.2","0.2",1,0,"0.0",39,1029,572,0,0,"0.0","i",-1,-1,,"false"
"2026-10-02T06:58:59Z",178,"Bidwell","COV","-30.3","-30.3","-30.3","-30.3",-2,0,"0.1",40,182,300,0,0,"0.0","a",0,0,,"false"
"2026-10-02T06:58:59Z",179,"Latibeaudiere","COV","-76.7","-76.7","-76.7","-76.7",-3,0,"0.0",40,73,137,1,1,"0.3","a",0,0,,"false"
"2026-10-02T06:58:59Z",180,"Woolfenden","COV","-97.6","-97.6","-97.6","-97.6",-4,0,"0.1",40,32,507,0,0,"0.0","i",0,0,,"false"
"2026-10-02T06:58:59Z",181,"Brau","COV","0.0","0.0","0.0","0.0",0,0,"0.0",40,0,101,0,0,"0.0","u",0,0,,"false"
"2026-10-02T06:58:59Z",182,"Amenda","COV","-54.8","-55.0","-55.4","-55.8",-3,-4,"0.6",40,36,6842,4,360,"0.7","i",0,0,,"false"
"2026-10-02T06:58:59Z",183,"Rudoni","COV","0.1","0.1","0.1","0.0",1,-2,"0.1",49,916,680,13,297,"3.0","a",0,-1,,"false"
"2026-10-02T06:58:59Z",184,"Grimes","COV","-29.0","-29.0","-29.0","-29.0",-2,0,"0.1",49,185,868,11,443,"2.3","a",0,-1,,"false"
"2026-10-02T06:58:59Z",185,"Sakamoto","COV","-23.0","-23.0","-23.0","-23.0",-2,0,"0.1",48,129,386,1,31,"0.0","a",0,-2,,"false"
"2026-10-02T06:58:59Z",186,"Mason-Clark","COV","-2.3","-2.3","-2.3","-2.3",-1,0,"0.1",53,73,363,5,231,"1.3","a",-1,-2,,"false"
"2026-10-02T06:58:59Z",187,"Eccles","COV","-4.4","-4.4","-4.4","-4.4",-1,0,"0.0",48,19,89,0,0,"0.0","i",-1,-2,,"false"
"2026-10-02T06:58:59Z",188,"Torp","COV","-11.6","-11.6","-11.6","-11.6",-1,0,"0.1",53,43,437,3,53,"0.3","a",-1,-2,,"false"
"2026-10-02T06:58:59Z",189,"Shepherd","COV","0.8","0.8","0.8","0.8",1,0,"0.3",44,4065,2276,0,0,"0.0","a",0,-1,,"false"
"2026-10-02T06:58:59Z",190,"Tchaouna","COV","-82.5","-82.5","-82.5","-82.5",-3,0,"0.1",54,24,349,5,211,"0.7","a",0,-1,,"false"
"2026-10-02T06:58:59Z",191,"Borges Rodrigues","COV","0.0","0.0","0.0","0.0",0,0,"0.1",45,0,682,0,0,"0.0","u",0,0,,"false"
"2026-10-02T06:58:59Z",192,"Andrews","COV","0.0","0.0","0.0","0.0",0,0,"0.3",45,0,1977,0,0,"0.0","u",0,0,,"false"
"2026-10-02T06:58:59Z",193,"Wright","COV","-0.2","-0.2","-0.2","-0.2",-1,0,"0.1",53,48,555,0,0,"0.0","i",-1,-2,,"false"
"2026-10-02T06:58:59Z",194,"Thomas-Asante","COV","2.8","2.9","2.9","2.9",1,2,"0.8",50,8124,5937,9,227,"2.0","a",0,0,,"false"
"2026-10-02T06:58:59Z",195,"Simms","COV","-0.1","0.0","0.0","0.1",0,2,"0.6",49,1907,5273,4,104,"0.7","a",-1,-1,,"false"
"2026-10-02T06:58:59Z",196,"Markelo","COV","0.0","0.0","0.0","0.0",0,0,"0.0",50,0,60,0,0,"0.0","u",0,0,,"false"
"2026-10-02T06:58:59Z",197,"Bassette","COV","0.0","0.0","0.0","0.0",0,0,"0.0",45,0,145,0,0,"0.0","u",0,0,,"false"
"2026-10-02T06:58:59Z",492,"Awoniyi","COV","-13.6","-13.7","-14.0","-14.2",-1,-3,"0.4",54,68,5048,3,232,"0.0","s",-1,-1,,"false"
"2026-10-02T06:58:59Z",575,"Yirenkyi","COV","-2.9","-2.9","-2.9","-2.9",-1,0,"0.1",48,292,1011,9,265,"1.7","a",-1,-2,,"false"
"2026-10-02T06:58:59Z",584,"Hamer","COV","-85.7","-85.7","-85.7","-85.7",-3,0,"0.1",54,43,399,3,32,"0.3","a",0,-1,,"false"
"2026-10-02T06:58:59Z",599,"Cherif","COV","-6.3","-6.3","-6.3","-6.3",-1,0,"0.1",50,538,758,1,30,"0.3","a",0,0,,"false"
"2026-10-02T06:58:59Z",623,"Bentley","COV","2.1","2.1","2.1","2.1",1,0,"0.6",40,8067,2325,0,0,"0.0","a",0,0,,"false"
"2026-10-02T06:58:59Z",655,"Gboho","COV","0.0","0.0","0.0","0.0",0,0,"0.0",55,70,52,0,0,"0.0","a",0,0,,"false"
"2026-10-02T06:58:59Z",656,"Mfuni","COV","0.1","0.1","0.1","0.1",1,0,"0.1",40,1867,863,6,90,"3.0","a",0,0,,"false"
"2026-10-02T06:58:59Z",42,"Guessand","CRY","-27.3","-27.3","-27.3","-27.3",-2,0,"0.0",54,111,267,2,54,"0.0","a",0,-1,,"false"
"2026-10-02T06:58:59Z",153,"Disasi","CRY","-62.3","-62.3","-62.3","-62.3",-3,0,"0.1",45,27,768,1,139,"0.0","s",0,0,,"false"
"2026-10-02T06:58:59Z",198,"Henderson","CRY","-98.9","-99.2","-99.6","-100.0",-4,-9,"1.3",50,146,11195,5,270,"0.7","i",0,0,,"false"
"2026-10-02T06:58:59Z",199,"Benitez","CRY","-24.0","-24.0","-24.0","-24.0",-2,0,"0.1",45,689,376,8,180,"2.7","a",0,0,,"false"
"2026-10-02T06:58:59Z",202,"Richards","CRY","0.0","0.0","0.0","0.0",0,0,"0.6",49,1608,2194,14,450,"3.7","a",-1,-1,,"false"
"2026-10-02T06:58:59Z",203,"Canvot","CRY","-0.5","-0.5","-0.5","-0.5",-1,0,"0.2",48,407,866,10,360,"3.0","a",-1,-2,,"false"
"2026-10-02T06:58:59Z",204,"Mitchell","CRY","26.7","26.8","26.9","27.0",2,8,"6.1",45,14587,16134,24,419,"7.7","a",0,0,,"false"
"2026-10-02T06:58:59Z",205,"Sosa","CRY","0.0","0.0","0.0","0.0",0,0,"0.0",45,0,106,0,0,"0.0","u",0,0,,"false"
"2026-10-02T06:58:59Z",206,"Chadi Riad","CRY","-4.4","-4.4","-4.4","-4.4",-1,0,"0.0",43,25,121,1,72,"0.0","i",-1,-2,,"false"
"2026-10-02T06:58:59Z",207,"Mingueza","CRY","-89.7","-89.7","-89.7","-89.7",-3,0,"0.1",44,79,279,2,16,"0.3","a",0,-1,,"false"
"2026-10-02T06:58:59Z",208,"Sarr","CRY","0.1","0.1","0.1","0.1",1,0,"0.6",62,2539,2208,1,8,"0.3","a",0,-3,,"false"
"2026-10-02T06:58:59Z",210,"Wharton","CRY","-2.5","-2.7","-3.0","-3.3",-1,-2,"0.7",54,1167,4553,12,436,"2.0","a",-1,-1,,"false"
"2026-10-02T06:58:59Z",211,"Yeremy","CRY","4.7","4.7","4.7","4.7",1,0,"0.3",55,698,2628,14,307,"2.7","a",0,0,,"false"
"2026-10-02T06:58:59Z",212,"Hughes","CRY","-20.4","-20.5","-20.7","-20.8",-2,-8,"7.3",44,9049,44205,2,29,"0.7","a",0,-1,,"false"
"2026-10-02T06:58:59Z",213,"Lerma","CRY","-2.2","-2.2","-2.2","-2.2",-1,0,"0.1",48,90,377,1,51,"0.3","a",-1,-2,,"false"
"2026-10-02T06:58:59Z",214,"Kamada","CRY","11.6","11.6","11.6","11.7",1,2,"0.5",50,3238,3003,21,441,"5.3","a",0,0,,"false"
"2026-10-02T06:58:59Z",215,"Devenny","CRY","0.0","0.0","0.0","0.0",0,0,"0.0",50,0,33,0,0,"0.0","u",0,0,,"false"
"2026-10-02T06:58:59Z",216,"Esse","CRY","0.0","0.0","0.0","0.0",0,0,"0.0",50,0,125,0,0,"0.0","u",0,0,,"false"
"2026-10-02T06:58:59Z",217,"M.França","CRY","0.0","0.0","0.0","0.0",0,0,"0.0",49,0,159,0,0,"0.0","u",0,-1,,"false"
"2026-10-02T06:58:59Z",218,"Doucouré","CRY","-2.3","-2.3","-2.3","-2.3",-1,0,"0.0",48,112,294,0,0,"0.0","a",-1,-2,,"false"
"2026-10-02T06:58:59Z",219,"J.Rak-Sakyi","CRY","0.0","0.0","0.0","0.0",0,0,"0.0",49,0,25,0,0,"0.0","u",0,-1,,"false"
"2026-10-02T06:58:59Z",220,"Cardines","CRY","0.0","0.0","0.0","0.0",0,0,"0.0",45,0,3,0,0,"0.0","u",0,0,,"false"
"2026-10-02T06:58:59Z",221,"Drakes-Thomas","CRY","-95.2","-95.2","-95.2","-95.2",-4,0,"0.1",45,139,422,0,0,"0.0","a",0,0,,"false"
"2026-10-02T06:58:59Z",222,"Strand Larsen","CRY","5.2","5.2","5.2","5.3",1,1,"0.7",60,4927,3894,14,298,"3.7","a",0,0,,"false"
"2026-10-02T06:58:59Z",223,"Mateta","CRY","-25.9","-25.9","-25.9","-25.9",-2,0,"1.3",63,212,9133,2,62,"0.0","i",0,-2,,"false"
"2026-10-02T06:58:59Z",224,"Nketiah","CRY","-18.1","-18.4","-18.8","-19.3",-1,-2,"0.5",55,1286,3353,8,175,"1.7","a",0,0,,"false"
"2026-10-02T06:58:59Z",225,"Uche","CRY","0.0","0.0","0.0","0.0",0,0,"0.0",50,0,0,0,0,"0.0","u",0,0,,"false"
"2026-10-02T06:58:59Z",241,"McNeil","CRY","-96.9","-96.9","-96.9","-96.9",-4,0,"0.1",54,74,478,3,84,"0.0","a",0,-1,,"false"
"2026-10-02T06:58:59Z",555,"Matthews","CRY","-9.3","-9.3","-9.3","-9.3",-1,0,"1.7",40,1103,3027,0,0,"0.0","a",0,0,,"false"
"2026-10-02T06:58:59Z",577,"Tomiyasu","CRY","-14.1","-14.1","-14.1","-14.1",-1,0,"0.3",44,149,1191,3,189,"0.3","d",0,-1,,"false"
"2026-10-02T06:58:59Z",588,"Khalaili","CRY","6.8","6.8","6.8","6.8",1,0,"0.3",50,2084,1113,19,379,"5.3","a",0,0,,"false"
"2026-10-02T06:58:59Z",595,"Gozo","CRY","-0.6","-0.6","-0.6","-0.6",-1,0,"0.0",49,41,90,2,28,"0.3","a",-1,-1,,"false"
"2026-10-02T06:58:59Z",633,"Ahanor","CRY","0.1","0.1","0.1","0.1",1,0,"0.0",45,139,107,3,90,"1.0","a",0,0,,"false"
"2026-10-02T06:58:59Z",643,"Chilwell","CRY","-74.3","-74.3","-74.3","-74.3",-3,0,"0.4",45,564,2939,8,29,"2.7","a",0,0,,"false"
"2026-10-02T06:58:59Z",644,"Timber","CRY","0.2","0.2","0.2","0.1",1,-1,"0.0",50,467,318,9,253,"3.0","a",0,0,,"false"
"2026-10-02T06:58:59Z",647,"Osorio","CRY","-74.3","-74.3","-74.3","-74.3",-3,0,"0.0",55,27,75,1,1,"0.3","a",0,0,,"false"
"2026-10-02T06:58:59Z",21,"Nørgaard","EVE","-0.3","-0.3","-0.3","-0.3",-1,0,"0.0",48,54,326,0,0,"0.0","i",-1,-2,,"false"
"2026-10-02T06:58:59Z",209,"Johnson","EVE","-19.5","-19.5","-19.5","-19.5",-1,0,"0.1",59,414,712,9,238,"2.3","a",0,-1,,"false"
"2026-10-02T06:58:59Z",226,"Pickford","EVE","29.7","29.7","29.7","29.8",2,1,"9.1",55,28777,15627,25,450,"5.0","a",0,0,,"false"
"2026-10-02T06:58:59Z",227,"Travers","EVE","-32.7","-32.7","-32.7","-32.7",-2,0,"0.0",50,251,263,0,0,"0.0","a",0,0,,"false"
"2026-10-02T06:58:59Z",228,"King","EVE","-41.9","-41.9","-41.9","-41.9",-3,0,"0.0",45,112,170,0,0,"0.0","a",0,0,,"false"
"2026-10-02T06:58:59Z",229,"Tarkowski","EVE","0.4","0.6","1.0","1.3",1,61,"16.6",62,234639,20842,43,450,"8.3","a",1,2,,"false"
"2026-10-02T06:58:59Z",230,"Branthwaite","EVE","35.9","36.0","36.1","36.2",2,6,"2.4",55,19769,7246,27,450,"5.7","a",0,0,,"false"
"2026-10-02T06:58:59Z",231,"Keane","EVE","-39.5","-39.8","-40.3","-40.9",-2,-3,"0.7",48,388,3852,0,0,"0.0","a",0,-2,,"false"
"2026-10-02T06:58:59Z",232,"O'Brien","EVE","-4.1","-4.1","-4.1","-4.1",-1,0,"0.3",48,331,1148,2,16,"0.7","a",-1,-2,,"false"
"2026-10-02T06:58:59Z",233,"Mykolenko","EVE","1.3","1.2","1.2","1.1",1,-16,"4.2",46,41315,21993,27,450,"5.7","d",1,1,,"false"
"2026-10-02T06:58:59Z",234,"Patterson","EVE","0.0","0.0","0.0","0.0",0,0,"0.0",45,0,124,0,0,"0.0","u",0,0,,"false"
"2026-10-02T06:58:59Z",235,"Aznou","EVE","0.0","0.0","0.0","0.0",0,0,"0.1",40,0,558,0,0,"0.0","u",0,0,,"false"
"2026-10-02T06:58:59Z",236,"Dewsbury-Hall","EVE","-15.8","-15.9","-16.2","-16.5",-1,-10,"6.0",66,34349,44683,20,450,"2.3","a",1,1,,"false"
"2026-10-02T06:58:59Z",238,"Grealish","EVE","8.8","8.8","8.8","8.8",1,2,"0.5",65,3770,2983,6,135,"1.7","a",0,0,,"false"
"2026-10-02T06:58:59Z",239,"Garner","EVE","3.5","3.4","3.3","3.2",1,-6,"0.2",60,1750,2005,11,328,"3.0","a",0,0,,"false"
"2026-10-02T06:58:59Z",242,"George","EVE","30.3","30.3","30.2","30.2",2,-3,"0.9",55,2453,10797,19,309,"4.7","a",0,0,,"false"
"2026-10-02T06:58:59Z",243,"Alcaraz","EVE","-46.9","-46.9","-46.9","-46.9",-3,0,"0.1",49,159,407,1,5,"0.0","a",0,-1,,"false"
"2026-10-02T06:58:59Z",244,"Armstrong","EVE","9.4","9.4","9.4","9.4",1,0,"0.4",50,841,3315,16,446,"2.0","a",0,0,,"false"
"2026-10-02T06:58:59Z",245,"Dibling","EVE","-91.0","-91.0","-91.0","-91.0",-3,0,"0.0",54,118,158,1,24,"0.3","a",0,-1,,"false"
"2026-10-02T06:58:59Z",246,"Röhl","EVE","-46.1","-46.1","-46.1","-46.1",-3,0,"0.0",49,7,585,6,249,"0.3","i",0,-1,,"false"
"2026-10-02T06:58:59Z",247,"Hackney","EVE","-5.4","-5.4","-5.4","-5.4",-1,0,"0.2",54,191,1086,10,137,"2.0","a",-1,-1,,"false"
"2026-10-02T06:58:59Z",248,"Beto","EVE","0.0","0.0","0.0","0.0",0,0,"0.6",54,0,7332,2,31,"0.0","u",0,-1,,"false"
"2026-10-02T06:58:59Z",249,"Barry","EVE","0.4","0.4","0.5","0.6",1,12,"8.3",57,85137,39209,20,417,"3.3","a",1,2,,"false"
"2026-10-02T06:58:59Z",649,"Maitland-Niles","EVE","17.5","17.5","17.6","17.6",1,2,"1.4",45,19449,4741,21,177,"7.0","a",0,0,,"false"
"2026-10-02T06:58:59Z",654,"Graham","EVE","-34.7","-34.7","-34.7","-34.7",-2,0,"0.1",45,234,1007,0,0,"0.0","a",0,0,,"false"
"2026-10-02T06:58:59Z",250,"Leno","FUL","8.9","9.0","9.0","9.1",1,6,"3.4",45,39317,11407,18,450,"4.3","a",0,0,,"false"
"2026-10-02T06:58:59Z",251,"Lecomte","FUL","-24.1","-24.1","-24.1","-24.1",-2,0,"1.1",40,2506,2516,0,0,"0.0","a",0,0,,"false"
"2026-10-02T06:58:59Z",252,"McNally","FUL","0.0","0.0","0.0","0.0",0,0,"0.1",40,0,600,0,0,"0.0","u",0,0,,"false"
"2026-10-02T06:58:59Z",253,"Andersen","FUL","0.8","0.8","0.8","0.8",1,0,"0.2",50,2726,1092,3,190,"0.7","a",0,0,,"false"
"2026-10-02T06:58:59Z",254,"Robinson","FUL","-18.8","-18.9","-19.2","-19.4",-1,-2,"1.5",45,15991,6700,12,429,"3.0","a",0,0,,"false"
"2026-10-02T06:58:59Z",255,"J.Cuenca","FUL","-73.4","-73.4","-73.4","-73.4",-3,0,"0.0",45,67,113,3,90,"0.0","a",0,0,,"false"
"2026-10-02T06:58:59Z",256,"Tete","FUL","-0.7","-0.7","-0.7","-0.7",-1,0,"0.2",44,57,1042,0,27,"0.0","a",0,-1,,"false"
"2026-10-02T06:58:59Z",257,"Bassey","FUL","0.1","0.1","0.2","0.2",1,4,"0.7",45,5500,1819,15,450,"4.3","a",0,0,,"false"
"2026-10-02T06:58:59Z",258,"Castagne","FUL","14.3","14.4","14.4","14.5",1,5,"0.9",45,14692,4888,20,408,"2.7","a",0,0,,"false"
"2026-10-02T06:58:59Z",261,"Iwobi","FUL","-59.1","-58.7","-58.2","-57.6",-3,2,"0.7",54,3471,3244,14,408,"3.3","a",0,-1,,"false"
"2026-10-02T06:58:59Z",262,"Smith Rowe","FUL","-1.1","-1.4","-1.9","-2.3",-1,-1,"0.2",53,308,1341,3,38,"0.7","a",-1,-2,,"false"
"2026-10-02T06:58:59Z",263,"Kevin","FUL","-13.3","-13.3","-13.3","-13.3",-1,0,"0.0",53,195,287,4,61,"0.7","a",0,-2,,"false"
"2026-10-02T06:58:59Z",264,"Bobb","FUL","-48.0","-47.4","-46.5","-45.6",-3,2,"0.3",55,2358,1800,13,343,"2.7","a",0,0,,"false"
"2026-10-02T06:58:59Z",265,"Berge","FUL","-34.3","-34.3","-34.3","-34.3",-2,0,"0.3",49,626,1301,11,349,"2.3","a",0,-1,,"false"
"2026-10-02T06:58:59Z",266,"Cairney","FUL","-15.4","-15.4","-15.4","-15.4",-1,0,"0.0",49,8,20,0,0,"0.0","i",0,-1,,"false"
"2026-10-02T06:58:59Z",268,"King","FUL","89.2","89.6","90.2","90.8",3,41,"2.6",55,88625,18440,24,425,"5.0","a",0,0,,"false"
"2026-10-02T06:58:59Z",269,"Sessegnon","FUL","-1.8","-2.1","-2.5","-2.9",-1,-1,"0.3",43,299,1302,3,50,"0.3","a",-1,-2,,"false"
"2026-10-02T06:58:59Z",270,"Reed","FUL","-11.5","-11.5","-11.5","-11.5",-1,0,"1.1",44,2804,6843,0,0,"0.0","a",0,-1,,"false"
"2026-10-02T06:58:59Z",271,"Muniz","FUL","-51.1","-51.4","-51.8","-52.3",-3,-1,"0.4",54,1733,2682,3,38,"0.7","a",0,-1,,"false"
"2026-10-02T06:58:59Z",272,"Kusi-Asare","FUL","-64.1","-64.2","-64.4","-64.5",-3,-5,"5.4",45,10911,33266,0,0,"0.0","a",0,0,,"false"
"2026-10-02T06:58:59Z",569,"Gonzalo","FUL","58.4","58.6","59.0","59.3",3,24,"4.0",60,68792,32575,14,425,"2.0","a",0,0,,"false"
"2026-10-02T06:58:59Z",570,"Palacios","FUL","-7.2","-8.7","-10.9","-13.1",-1,-2,"0.2",54,706,945,12,226,"3.0","a",0,-1,,"false"
"2026-10-02T06:58:59Z",580,"Charles","FUL","-81.2","-81.2","-81.2","-81.2",-3,0,"0.1",50,615,436,13,303,"3.7","a",0,0,,"false"
"2026-10-02T06:58:59Z",610,"De Fougerolles","FUL","0.0","0.0","0.0","0.0",0,0,"0.1",40,0,504,0,0,"0.0","u",0,0,,"false"
"2026-10-02T06:58:59Z",626,"Zepa","FUL","0.2","0.2","0.2","0.3",1,3,"0.3",44,699,2254,0,0,"0.0","a",-1,-1,,"false"
"2026-10-02T06:58:59Z",635,"Larsson","FUL","0.0","0.0","0.0","0.0",0,0,"0.0",50,95,71,3,37,"1.0","a",0,0,,"false"
"2026-10-02T06:58:59Z",636,"Ángel","FUL","0.0","0.0","0.0","0.0",0,0,"0.0",50,32,27,0,0,"0.0","a",0,0,,"false"
"2026-10-02T06:58:59Z",650,"Affengruber","FUL","1.2","1.3","1.4","1.5",1,8,"0.1",45,5860,1383,12,180,"4.0","a",0,0,,"false"
"2026-10-02T06:58:59Z",240,"Iroegbunam","HUL","0.1","0.1","0.1","0.1",1,0,"0.0",50,75,138,2,70,"0.3","a",0,0,,"false"
"2026-10-02T06:58:59Z",273,"Phillips","HUL","-28.4","-28.4","-28.4","-28.4",-2,0,"1.4",40,3008,3519,0,0,"0.0","a",0,0,,"false"
"2026-10-02T06:58:59Z",274,"Butland","HUL","-0.7","-0.7","-0.7","-0.7",-1,0,"0.1",44,68,323,0,0,"0.0","i",-1,-1,,"false"
"2026-10-02T06:58:59Z",275,"Cartwright","HUL","0.0","0.0","0.0","0.0",0,0,"0.0",40,0,25,0,0,"0.0","u",0,0,,"false"
"2026-10-02T06:58:59Z",276,"Lo-Tutala","HUL","0.0","0.0","0.0","0.0",0,0,"0.0",40,0,115,0,0,"0.0","u",0,0,,"false"
"2026-10-02T06:58:59Z",277,"Egan","HUL","26.4","26.4","26.4","26.4",2,2,"7.0",41,27182,29578,26,437,"3.0","a",0,1,,"false"
"2026-10-02T06:58:59Z",278,"Hughes","HUL","0.5","0.5","0.5","0.5",1,0,"0.2",39,1097,1948,0,0,"0.0","i",0,-1,,"false"
"2026-10-02T06:58:59Z",279,"Ajayi","HUL","70.1","70.0","69.8","69.7",3,-9,"14.0",42,43676,59245,27,423,"2.3","a",0,2,,"false"
"2026-10-02T06:58:59Z",280,"Coyle","HUL","0.2","0.2","0.2","0.1",1,-3,"0.7",40,2075,2050,14,348,"2.7","a",0,0,,"false"
"2026-10-02T06:58:59Z",281,"Drameh","HUL","0.0","0.0","0.0","0.0",0,0,"0.0",40,0,255,2,65,"0.0","u",0,0,,"false"
"2026-10-02T06:58:59Z",282,"Giles","HUL","70.7","70.7","70.6","70.5",3,-6,"2.9",40,21370,13875,24,444,"4.0","a",0,0,,"false"
"2026-10-02T06:58:59Z",283,"Jacob","HUL","0.0","0.0","0.0","0.0",0,0,"0.0",40,0,36,0,0,"0.0","u",0,0,,"false"
"2026-10-02T06:58:59Z",284,"McCarthy","HUL","0.5","0.5","0.5","0.5",1,0,"0.1",40,393,439,0,0,"0.0","a",0,0,,"false"
"2026-10-02T06:58:59Z",285,"McNair","HUL","-42.2","-42.2","-42.2","-42.2",-3,0,"0.1",40,195,413,1,26,"0.0","a",0,0,,"false"
"2026-10-02T06:58:59Z",286,"Belloumi","HUL","37.3","37.4","37.5","37.7",2,10,"5.2",51,76665,25132,31,394,"7.3","a",0,1,,"false"
"2026-10-02T06:58:59Z",287,"Millar","HUL","0.0","0.0","0.0","0.0",0,0,"0.0",50,0,300,6,50,"0.0","u",0,0,,"false"
"2026-10-02T06:58:59Z",288,"Dowell","HUL","-96.8","-96.8","-96.8","-96.8",-4,0,"0.3",45,589,2018,0,0,"0.0","a",0,0,,"false"
"2026-10-02T06:58:59Z",289,"Crooks","HUL","0.7","0.7","0.7","0.7",1,0,"0.5",44,5069,4190,3,203,"0.3","a",-1,-1,,"false"
"2026-10-02T06:58:59Z",290,"Slater","HUL","75.5","75.5","75.4","75.4",3,-4,"5.2",45,15789,37348,15,437,"2.3","a",0,0,,"false"
"2026-10-02T06:58:59Z",291,"Matazo","HUL","-14.9","-14.9","-14.9","-14.9",-1,0,"0.0",45,29,53,0,0,"0.0","i",0,0,,"false"
"2026-10-02T06:58:59Z",292,"Ömür","HUL","-10.5","-10.5","-10.5","-10.5",-1,0,"0.0",49,86,147,0,0,"0.0","a",0,-1,,"false"
"2026-10-02T06:58:59Z",293,"Kamara","HUL","0.0","0.0","0.0","0.0",0,0,"0.0",50,0,12,0,0,"0.0","u",0,0,,"false"
"2026-10-02T06:58:59Z",294,"Zambrano","HUL","-22.6","-22.6","-22.6","-22.6",-2,0,"0.1",45,151,492,0,0,"0.0","a",0,0,,"false"
"2026-10-02T06:58:59Z",295,"McBurnie","HUL","28.0","27.9","27.8","27.7",2,-7,"1.9",55,8047,18007,13,441,"2.3","a",0,0,,"false"
"2026-10-02T06:58:59Z",296,"Akintola","HUL","0.0","0.0","0.0","0.0",0,0,"0.0",50,0,272,0,0,"0.0","u",0,0,,"false"
"2026-10-02T06:58:59Z",297,"Gyabi","HUL","-0.7","-0.7","-0.7","-0.7",-1,0,"0.0",44,59,143,0,0,"0.0","i",-1,-1,,"false"
"2026-10-02T06:58:59Z",298,"Destan","HUL","0.0","0.0","0.0","0.0",0,0,"0.2",45,0,1341,0,0,"0.0","u",0,0,,"false"
"2026-10-02T06:58:59Z",299,"Burstow","HUL","0.0","0.0","0.0","0.0",0,0,"0.0",45,0,218,0,0,"0.0","u",0,0,,"false"
"2026-10-02T06:58:59Z",340,"Gelhardt","HUL","0.0","0.0","0.0","0.0",0,0,"0.0",50,97,109,1,7,"0.3","a",0,0,,"false"
"2026-10-02T06:58:59Z",556,"Targett","HUL","-75.2","-75.3","-75.6","-75.8",-3,-4,"1.6",40,112,9920,1,5,"0.0","d",0,0,,"false"
"2026-10-02T06:58:59Z",563,"Morita","HUL","-0.4","-0.4","-0.4","-0.4",-1,0,"0.0",49,24,179,1,45,"0.0","i",-1,-1,,"false"
"2026-10-02T06:58:59Z",572,"Tzolakis","HUL","0.7","0.8","0.8","0.9",1,12,"12.8",47,125769,22118,34,450,"4.7","a",1,2,,"false"
"2026-10-02T06:58:59Z",574,"Hjertø-Dahl","HUL","-76.1","-76.1","-76.1","-76.1",-3,0,"0.1",49,75,327,1,8,"0.3","a",0,-1,,"false"
"2026-10-02T06:58:59Z",576,"Stroud","HUL","-53.1","-53.1","-53.1","-53.1",-3,0,"0.1",50,145,460,7,249,"1.3","a",0,0,,"false"
"2026-10-02T06:58:59Z",585,"Herrington","HUL","-27.6","-27.6","-27.6","-27.6",-2,0,"0.6",40,1044,1690,5,197,"1.0","a",0,0,,"false"
"2026-10-02T06:58:59Z",586,"Mendy","HUL","-0.6","-0.6","-0.7","-0.7",-1,-2,"6.3",41,7061,33609,25,249,"3.0","a",0,1,,"false"
"2026-10-02T06:58:59Z",589,"Gourna-Douath","HUL","-80.2","-80.2","-80.2","-80.2",-3,0,"0.0",50,32,109,4,138,"1.0","a",0,0,,"false"
"2026-10-02T06:58:59Z",617,"Cho","HUL","0.2","0.2","0.2","0.2",1,0,"0.0",50,353,150,9,72,"2.7","a",0,0,,"false"
"2026-10-02T06:58:59Z",632,"Ansah","HUL","-65.2","-65.2","-65.2","-65.2",-3,0,"0.0",50,73,413,0,0,"0.0","i",0,0,,"false"
"2026-10-02T06:58:59Z",637,"Vaz","HUL","1.3","1.2","1.2","1.2",1,-2,"0.1",50,1849,1157,2,20,"0.7","a",0,0,,"false"
"2026-10-02T06:58:59Z",638,"Norton-Cuffy","HUL","-26.3","-26.3","-26.3","-26.3",-2,0,"0.2",40,454,2592,1,34,"0.3","d",0,0,,"false"
"2026-10-02T06:58:59Z",642,"Thomas","HUL","0.3","0.3","0.3","0.3",1,0,"0.0",55,480,349,4,119,"1.3","a",0,0,,"false"
"2026-10-02T06:58:59Z",645,"Mouzakitis","HUL","0.0","0.0","0.0","0.0",0,0,"0.0",50,90,91,0,0,"0.0","a",0,0,,"false"
"2026-10-02T06:58:59Z",259,"Diop","IPS","-53.7","-53.7","-53.8","-53.9",-3,-9,"12.7",40,7098,55532,12,450,"2.7","a",0,0,,"false"
"2026-10-02T06:58:59Z",267,"Lukić","IPS","-5.5","-5.5","-5.5","-5.5",-1,0,"0.1",49,193,525,11,400,"1.7","a",-1,-1,,"false"
"2026-10-02T06:58:59Z",300,"Walton","IPS","-7.3","-6.9","-6.2","-5.5",-1,2,"0.4",44,1692,1056,2,90,"0.7","a",0,-1,,"false"
"2026-10-02T06:58:59Z",301,"Palmer","IPS","-25.8","-25.9","-25.9","-26.0",-2,-1,"3.9",40,3998,11945,0,0,"0.0","a",0,0,,"false"
"2026-10-02T06:58:59Z",302,"Button","IPS","1.1","1.1","1.1","1.1",1,0,"0.6",40,1471,1331,0,0,"0.0","a",0,0,,"false"
"2026-10-02T06:58:59Z",303,"Kipré","IPS","3.1","3.1","3.1","3.1",1,0,"0.9",39,4515,4404,0,0,"0.0","a",0,-1,,"false"
"2026-10-02T06:58:59Z",304,"O'Shea","IPS","-40.7","-40.8","-40.9","-41.0",-3,-2,"2.7",40,1988,14776,10,450,"2.0","a",0,0,,"false"
"2026-10-02T06:58:59Z",305,"Davis","IPS","73.2","73.3","73.4","73.5",3,8,"6.9",40,50755,27976,25,450,"5.7","a",0,0,,"false"
"2026-10-02T06:58:59Z",306,"Greaves","IPS","-91.5","-91.5","-91.5","-91.5",-3,0,"1.1",40,482,3482,3,357,"0.7","a",0,0,,"false"
"2026-10-02T06:58:59Z",307,"Johnson","IPS","0.0","0.0","0.0","0.0",0,0,"0.1",40,0,362,0,0,"0.0","u",0,0,,"false"
"2026-10-02T06:58:59Z",308,"Furlong","IPS","2.1","2.1","2.1","2.1",1,0,"0.6",39,6426,2933,1,17,"0.0","a",0,-1,,"false"
"2026-10-02T06:58:59Z",309,"Núñez","IPS","-35.8","-37.0","-38.8","-40.6",-2,-1,"0.1",49,100,642,6,140,"0.0","a",0,-1,,"false"
"2026-10-02T06:58:59Z",310,"Matusiwa","IPS","0.0","0.0","0.0","0.0",0,0,"0.0",49,15,18,0,0,"0.0","a",0,-1,,"false"
"2026-10-02T06:58:59Z",311,"Burns","IPS","0.0","0.0","0.0","0.0",0,0,"0.0",50,0,8,0,0,"0.0","u",0,0,,"false"
"2026-10-02T06:58:59Z",312,"Taylor","IPS","0.1","0.1","0.1","0.1",1,0,"0.0",44,382,274,0,0,"0.0","i",-1,-1,,"false"
"2026-10-02T06:58:59Z",313,"Clarke","IPS","-85.9","-86.6","-87.6","-88.6",-3,-1,"0.2",54,146,931,11,170,"1.3","a",0,-1,,"false"
"2026-10-02T06:58:59Z",314,"Ogbene","IPS","0.0","0.0","0.0","0.0",0,0,"0.0",49,0,66,0,0,"0.0","u",0,-1,,"false"
"2026-10-02T06:58:59Z",315,"Fatawu","IPS","-34.6","-34.6","-34.6","-34.6",-2,0,"0.2",54,57,2525,8,352,"0.7","s",0,-1,,"false"
"2026-10-02T06:58:59Z",316,"Emersonn","IPS","84.8","85.0","85.3","85.5",3,18,"3.6",55,34833,23179,26,317,"5.3","a",0,0,,"false"
"2026-10-02T06:58:59Z",317,"Hirst","IPS","0.0","0.0","0.0","0.0",0,0,"0.1",50,0,481,0,0,"0.0","u",0,0,,"false"
"2026-10-02T06:58:59Z",318,"Philogene","IPS","-8.1","-8.1","-8.1","-8.1",-1,0,"0.1",54,33,159,2,52,"0.7","a",0,-1,,"false"
"2026-10-02T06:58:59Z",319,"Szmodics","IPS","0.0","0.0","0.0","0.0",0,0,"0.0",50,0,13,0,0,"0.0","u",0,0,,"false"
"2026-10-02T06:58:59Z",320,"Akpom","IPS","24.3","24.3","24.3","24.3",2,1,"1.2",50,5040,9636,7,78,"0.3","a",0,0,,"false"
"2026-10-02T06:58:59Z",321,"Walle Egeli","IPS","39.2","39.2","39.3","39.3",2,2,"3.5",45,18191,26826,1,10,"0.0","a",0,0,,"false"
"2026-10-02T06:58:59Z",322,"Al-Hamadi","IPS","0.0","0.0","0.0","0.0",0,-1,"0.0",50,0,376,0,0,"0.0","u",0,0,,"false"
"2026-10-02T06:58:59Z",323,"McAteer","IPS","-1.1","-1.2","-1.3","-1.4",-1,-1,"1.0",44,1512,6466,3,42,"0.3","a",-1,-1,,"false"
"2026-10-02T06:58:59Z",324,"Mehmeti","IPS","-2.4","-2.4","-2.4","-2.4",-1,0,"0.0",48,76,143,0,0,"0.0","a",-1,-2,,"false"
"2026-10-02T06:58:59Z",554,"Van Oevelen","IPS","0.0","0.0","0.0","0.0",0,0,"0.0",45,0,83,0,0,"0.0","u",0,0,,"false"
"2026-10-02T06:58:59Z",562,"Maeda","IPS","-10.2","-10.2","-10.2","-10.2",-1,0,"0.2",53,139,1464,8,259,"1.3","a",-1,-2,,"false"
"2026-10-02T06:58:59Z",564,"Scherpen","IPS","-31.8","-31.8","-31.8","-31.8",-2,0,"0.6",45,641,2802,7,360,"1.0","a",0,0,,"false"
"2026-10-02T06:58:59Z",571,"Florentino","IPS","-2.8","-2.8","-2.8","-2.8",-1,0,"0.1",48,111,338,2,30,"0.7","a",-1,-2,,"false"
"2026-10-02T06:58:59Z",591,"Enciso","IPS","8.7","8.7","8.7","8.7",1,1,"0.8",55,2243,6114,15,413,"1.7","a",0,0,,"false"
"2026-10-02T06:58:59Z",592,"Ouattara","IPS","-32.3","-32.8","-33.5","-34.2",-2,-4,"0.9",40,679,2083,6,131,"1.3","a",0,0,,"false"
"2026-10-02T06:58:59Z",602,"Humphreys","IPS","0.0","0.0","0.0","0.0",0,0,"0.0",45,0,239,0,0,"0.0","u",0,0,,"false"
"2026-10-02T06:58:59Z",619,"Palacios","IPS","1.0","1.0","1.0","1.0",1,0,"0.1",50,520,840,11,275,"3.3","a",0,0,,"false"
"2026-10-02T06:58:59Z",640,"Flemming","IPS","0.5","0.5","0.5","0.4",1,-1,"0.1",55,929,993,6,60,"2.0","a",0,0,,"false"
"2026-10-02T06:58:59Z",260,"Wilson","LEE","-62.1","-62.4","-62.9","-63.5",-3,-15,"1.7",62,74,40565,5,145,"0.3","i",0,-3,,"false"
"2026-10-02T06:58:59Z",326,"Perri","LEE","0.0","0.0","0.0","0.0",0,0,"0.3",45,0,1300,0,0,"0.0","u",0,0,,"false"
"2026-10-02T06:58:59Z",327,"Bijol","LEE","5.0","5.0","4.9","4.9",1,-4,"0.7",50,798,5548,12,164,"0.3","a",0,0,,"false"
"2026-10-02T06:58:59Z",329,"Rodon","LEE","-6.5","-6.6","-6.7","-6.8",-1,-3,"0.8",43,45,8818,7,123,"0.0","i",-1,-2,,"false"
"2026-10-02T06:58:59Z",330,"Bogle","LEE","57.8","58.3","59.1","60.0",3,56,"7.2",46,125425,25815,42,365,"11.3","a",0,1,,"false"
"2026-10-02T06:58:59Z",331,"Gudmundsson","LEE","1.0","1.0","1.0","1.0",1,0,"0.1",45,537,334,14,252,"4.7","a",0,0,,"false"
"2026-10-02T06:58:59Z",332,"Justin","LEE","18.2","18.2","18.2","18.2",1,0,"1.4",45,4240,5873,26,450,"4.7","a",0,0,,"false"
"2026-10-02T06:58:59Z",333,"Bornauw","LEE","0.0","0.0","0.0","0.0",0,0,"0.0",45,0,5,0,0,"0.0","u",0,0,,"false"
"2026-10-02T06:58:59Z",334,"Muharemović","LEE","38.6","38.7","38.7","38.8",2,4,"4.3",50,28074,24158,27,450,"5.7","a",0,0,,"false"
"2026-10-02T06:58:59Z",335,"Stach","LEE","16.0","16.0","16.0","16.0",1,-1,"2.5",60,4817,19535,27,447,"3.3","a",0,0,,"false"
"2026-10-02T06:58:59Z",336,"Okafor","LEE","1.4","1.4","1.4","1.4",1,0,"0.4",58,1770,3378,18,299,"5.0","a",0,-2,,"false"
"2026-10-02T06:58:59Z",337,"Aaronson","LEE","-8.1","-8.4","-8.9","-9.4",-1,-3,"0.5",53,213,3397,7,194,"1.0","a",-1,-2,,"false"
"2026-10-02T06:58:59Z",338,"Ampadu","LEE","-28.6","-28.4","-28.2","-28.0",-2,1,"0.9",54,1614,4929,21,450,"4.7","a",0,-1,,"false"
"2026-10-02T06:58:59Z",339,"Longstaff","LEE","-98.3","-98.3","-98.3","-98.3",-4,0,"0.1",49,134,632,2,10,"0.3","a",0,-1,,"false"
"2026-10-02T06:58:59Z",341,"Gnonto","LEE","0.0","0.0","0.0","0.0",0,0,"0.0",50,0,52,0,0,"0.0","u",0,0,,"false"
"2026-10-02T06:58:59Z",342,"Harrison","LEE","0.0","0.0","0.0","0.0",0,0,"0.0",50,0,5,0,0,"0.0","u",0,0,,"false"
"2026-10-02T06:58:59Z",343,"James","LEE","-28.0","-28.0","-28.0","-28.0",-2,0,"0.1",49,186,555,3,52,"0.7","a",0,-1,,"false"
"2026-10-02T06:58:59Z",344,"Gruev","LEE","0.0","0.0","0.0","0.0",0,0,"0.0",50,48,21,0,0,"0.0","a",0,0,,"false"
"2026-10-02T06:58:59Z",345,"Tanaka","LEE","4.8","4.8","4.8","4.8",1,0,"0.3",49,2230,2271,14,255,"4.3","a",0,-1,,"false"
"2026-10-02T06:58:59Z",346,"Calvert-Lewin","LEE","68.7","68.8","68.8","68.9",3,4,"24.8",60,94304,169290,22,419,"4.3","a",0,0,,"false"
"2026-10-02T06:58:59Z",347,"Nmecha","LEE","-26.2","-26.2","-26.2","-26.2",-2,0,"0.5",54,2027,3730,7,64,"1.0","a",0,-1,,"false"
"2026-10-02T06:58:59Z",348,"Piroe","LEE","0.0","0.0","0.0","0.0",0,0,"0.1",50,0,426,0,0,"0.0","u",0,0,,"false"
"2026-10-02T06:58:59Z",349,"Mateo Joseph","LEE","-41.4","-41.4","-41.4","-41.4",-3,0,"0.1",45,318,483,0,0,"0.0","i",0,0,,"false"
"2026-10-02T06:58:59Z",385,"Trafford","LEE","33.8","33.9","34.0","34.1",2,8,"5.5",50,22571,15074,28,450,"5.3","a",0,0,,"false"
"2026-10-02T06:58:59Z",598,"Elvedi","LEE","0.7","0.7","0.7","0.7",1,0,"0.1",45,231,237,13,326,"4.0","a",0,0,,"false"
"2026-10-02T06:58:59Z",603,"Lienou","LEE","0.1","0.1","0.1","0.1",1,0,"0.1",40,240,519,0,0,"0.0","a",0,0,,"false"
"2026-10-02T06:58:59Z",604,"Cresswell","LEE","-11.7","-11.7","-11.7","-11.7",-1,0,"0.1",45,305,887,0,0,"0.0","a",0,0,,"false"
"2026-10-02T06:58:59Z",625,"Cairns","LEE","0.4","0.4","0.4","0.4",1,0,"0.2",40,847,784,0,0,"0.0","a",0,0,,"false"
"2026-10-02T06:58:59Z",629,"Zetterer","LEE","2.2","2.2","2.2","2.2",1,0,"0.7",40,3037,2788,0,0,"0.0","a",0,0,,"false"
"2026-10-02T06:58:59Z",641,"Bard","LEE","0.0","0.0","0.0","0.0",0,0,"0.0",45,97,79,1,18,"0.3","a",0,0,,"false"
"2026-10-02T06:58:59Z",648,"Bahoya","LEE","-52.5","-52.5","-52.5","-52.5",-3,0,"0.0",50,109,176,1,1,"0.3","a",0,0,,"false"
"2026-10-02T06:58:59Z",350,"A.Becker","LIV","1.7","1.7","1.9","2.0",1,8,"4.1",55,13383,11805,27,450,"8.3","a",0,0,,"false"
"2026-10-02T06:58:59Z",351,"Mamardashvili","LIV","-98.2","-98.2","-98.2","-98.2",-4,0,"0.1",49,256,625,0,0,"0.0","a",0,-1,,"false"
"2026-10-02T06:58:59Z",352,"Woodman","LIV","-31.8","-31.7","-31.5","-31.3",-2,1,"1.0",40,787,2361,0,0,"0.0","a",0,0,,"false"
"2026-10-02T06:58:59Z",353,"Pecsi","LIV","0.0","0.0","0.0","0.0",0,0,"0.0",40,0,61,0,0,"0.0","u",0,0,,"false"
"2026-10-02T06:58:59Z",354,"Jaros","LIV","0.1","0.1","0.1","0.1",1,0,"0.0",40,205,160,0,0,"0.0","i",0,0,,"false"
"2026-10-02T06:58:59Z",355,"Davies","LIV","0.1","0.1","0.1","0.1",1,0,"0.2",40,292,467,0,0,"0.0","a",0,0,,"false"
"2026-10-02T06:58:59Z",356,"Virgil","LIV","-59.9","-59.9","-59.9","-59.9",-3,-1,"16.2",65,21756,43891,25,450,"7.3","a",0,0,,"false"
"2026-10-02T06:58:59Z",357,"Frimpong","LIV","-37.9","-38.2","-38.8","-39.3",-2,-6,"1.8",53,1627,12772,2,178,"0.3","a",0,-2,,"false"
"2026-10-02T06:58:59Z",358,"Kerkez","LIV","-0.4","-1.3","-2.7","-4.1",-1,-34,"2.2",53,2633,10524,13,385,"4.0","a",-1,-2,,"false"
"2026-10-02T06:58:59Z",359,"Gomez","LIV","0.0","0.0","0.0","0.0",0,0,"0.0",49,323,116,0,0,"0.0","a",0,-1,,"false"
"2026-10-02T06:58:59Z",360,"Bradley","LIV","-87.0","-87.0","-87.0","-87.0",-3,0,"0.0",50,57,85,0,0,"0.0","i",0,0,,"false"
"2026-10-02T06:58:59Z",361,"Lucky","LIV","-54.1","-54.1","-54.1","-54.1",-3,0,"0.1",40,296,584,0,0,"0.0","a",0,0,,"false"
"2026-10-02T06:58:59Z",362,"Jacquet","LIV","56.2","56.3","56.5","56.6",3,12,"3.5",50,33876,13440,24,415,"6.7","a",0,0,,"false"
"2026-10-02T06:58:59Z",363,"Leoni","LIV","-61.3","-61.3","-61.3","-61.3",-3,0,"0.0",40,65,183,0,0,"0.0","i",0,0,,"false"
"2026-10-02T06:58:59Z",364,"Tsimikas","LIV","-55.2","-55.2","-55.2","-55.2",-3,0,"0.1",49,93,394,2,64,"0.3","a",0,-1,,"false"
"2026-10-02T06:58:59Z",365,"Ramsay","LIV","0.0","0.0","0.0","0.0",0,-1,"0.1",40,0,478,0,0,"0.0","u",0,0,,"false"
"2026-10-02T06:58:59Z",366,"Wirtz","LIV","-37.4","-37.2","-37.0","-36.8",-2,8,"5.7",73,3579,42065,18,402,"4.0","a",0,-2,,"false"
"2026-10-02T06:58:59Z",367,"Gakpo","LIV","-1.0","-1.5","-2.3","-3.1",-1,-98,"12.4",72,51252,92675,32,370,"5.0","d",0,2,,"false"
"2026-10-02T06:58:59Z",368,"Szoboszlai","LIV","-98.0","-98.2","-98.5","-98.8",-4,-60,"32.8",70,36379,214459,20,440,"2.7","a",0,0,,"false"
"2026-10-02T06:58:59Z",369,"Ngumoha","LIV","-23.4","-23.4","-23.4","-23.4",-2,0,"0.5",57,785,4262,4,99,"0.3","a",-1,-3,,"false"
"2026-10-02T06:58:59Z",370,"Chiesa","LIV","-6.1","-6.1","-6.1","-6.1",-1,0,"0.0",53,17,250,0,0,"0.0","i",-1,-2,,"false"
"2026-10-02T06:58:59Z",371,"Gravenberch","LIV","-22.6","-22.8","-22.9","-23.1",-2,-2,"1.1",58,1219,9117,9,190,"1.0","a",-1,-2,,"false"
"2026-10-02T06:58:59Z",372,"Mac Allister","LIV","-43.3","-43.3","-43.3","-43.3",-3,0,"1.3",54,3851,6888,11,306,"2.7","a",0,-1,,"false"
"2026-10-02T06:58:59Z",373,"C.Jones","LIV","0.0","0.0","0.0","0.0",0,0,"0.0",55,0,61,0,0,"0.0","u",0,0,,"false"
"2026-10-02T06:58:59Z",374,"Endo","LIV","-62.4","-62.4","-62.4","-62.4",-3,0,"0.1",49,168,445,0,0,"0.0","a",0,-1,,"false"
"2026-10-02T06:58:59Z",375,"Nyoni","LIV","-86.9","-86.9","-86.9","-86.9",-3,0,"0.0",49,93,312,3,38,"0.7","a",0,-1,,"false"
"2026-10-02T06:58:59Z",376,"Bajcetic","LIV","0.0","0.0","0.0","0.0",0,0,"0.0",50,0,3,0,0,"0.0","u",0,0,,"false"
"2026-10-02T06:58:59Z",377,"Munoz","LIV","6.4","6.4","6.4","6.4",1,-1,"0.9",65,1472,11502,15,257,"1.7","a",0,0,,"false"
"2026-10-02T06:58:59Z",378,"McConnell","LIV","-3.9","-3.9","-3.9","-3.9",-1,0,"0.2",44,1059,1509,0,0,"0.0","a",0,-1,,"false"
"2026-10-02T06:58:59Z",379,"Isak","LIV","6.7","6.1","5.2","4.4",1,-58,"22.3",91,115763,85778,33,413,"7.7","d",0,1,,"false"
"2026-10-02T06:58:59Z",380,"Ekitiké","LIV","-27.8","-28.2","-28.8","-29.4",-2,-1,"0.1",74,380,839,0,0,"0.0","i",0,-1,,"false"
"2026-10-02T06:58:59Z",381,"Koumas","LIV","-92.9","-92.9","-92.9","-92.9",-3,0,"0.0",50,159,191,3,22,"0.7","a",0,0,,"false"
"2026-10-02T06:58:59Z",382,"Danns","LIV","3.6","3.6","3.6","3.7",1,1,"0.2",45,3506,2416,0,0,"0.0","a",0,0,,"false"
"2026-10-02T06:58:59Z",383,"Elliott","LIV","0.0","0.0","0.0","0.0",0,0,"0.0",54,0,228,0,0,"0.0","u",0,-1,,"false"
"2026-10-02T06:58:59Z",579,"Araujo","LIV","34.3","34.3","34.4","34.5",2,4,"3.0",54,17062,10510,22,284,"7.0","a",0,-1,,"false"
"2026-10-02T06:58:59Z",627,"Barcola","LIV","-66.8","-66.0","-64.9","-63.9",-3,13,"1.9",80,11099,18989,7,168,"2.3","a",0,0,,"false"
"2026-10-02T06:58:59Z",155,"Enzo","MCI","1.5","1.5","1.6","1.7",1,7,"3.6",69,31068,14682,13,271,"4.0","a",0,-1,,"false"
"2026-10-02T06:58:59Z",237,"Ndiaye","MCI","-20.2","-20.4","-20.6","-20.8",-2,-17,"6.7",58,7018,68694,22,385,"3.0","a",-1,-2,,"false"
"2026-10-02T06:58:59Z",384,"Donnarumma","MCI","-51.8","-52.0","-52.1","-52.3",-3,-8,"7.6",55,10704,30525,19,450,"5.3","a",0,0,,"false"
"2026-10-02T06:58:59Z",386,"Bettinelli","MCI","-87.3","-87.3","-87.3","-87.3",-3,0,"0.0",45,51,89,0,0,"0.0","a",0,0,,"false"
"2026-10-02T06:58:59Z",387,"O'Reilly","MCI","-2.3","-2.5","-2.7","-3.0",-1,-55,"10.9",63,5342,71509,6,163,"0.7","d",-1,-2,,"false"
"2026-10-02T06:58:59Z",388,"Guéhi","MCI","65.0","64.9","64.8","64.6",3,-11,"18.2",60,23591,51612,30,450,"6.0","a",0,0,,"false"
"2026-10-02T06:58:59Z",389,"Matheus N.","MCI","-33.9","-33.9","-33.9","-33.9",-2,0,"1.0",59,1662,2946,11,213,"3.3","a",0,-1,,"false"
"2026-10-02T06:58:59Z",390,"Rúben","MCI","3.9","3.8","3.8","3.7",1,-4,"1.9",55,4690,9121,17,450,"4.3","a",0,0,,"false"
"2026-10-02T06:58:59Z",391,"Gvardiol","MCI","80.0","80.2","80.7","81.1",3,28,"26.8",57,147676,55013,37,434,"7.7","a",0,2,,"false"
"2026-10-02T06:58:59Z",392,"Aït-Nouri","MCI","-98.9","-98.9","-98.9","-98.9",-4,0,"0.4",53,528,2184,0,0,"0.0","a",0,-2,,"false"
"2026-10-02T06:58:59Z",393,"Khusanov","MCI","-35.0","-35.3","-35.8","-36.2",-2,-4,"1.4",54,1416,9022,9,268,"1.7","a",0,-1,,"false"
"2026-10-02T06:58:59Z",394,"Alleyne","MCI","0.0","0.0","0.0","0.0",0,0,"0.0",50,0,20,0,0,"0.0","u",0,0,,"false"
"2026-10-02T06:58:59Z",395,"Lewis","MCI","-65.9","-65.9","-65.9","-65.9",-3,0,"0.2",44,306,1207,1,56,"0.0","a",0,-1,,"false"
"2026-10-02T06:58:59Z",396,"Vitor Reis","MCI","-82.9","-82.9","-82.9","-82.9",-3,0,"0.0",45,73,151,1,1,"0.0","a",0,0,,"false"
"2026-10-02T06:58:59Z",397,"Semenyo","MCI","-20.2","-20.4","-20.8","-21.1",-2,-57,"15.3",84,125660,68442,33,450,"8.7","d",0,-1,,"false"
"2026-10-02T06:58:59Z",398,"Foden","MCI","-48.9","-49.2","-49.8","-50.3",-3,-17,"1.8",69,211,28506,9,217,"-0.3","s",0,-1,,"false"
"2026-10-02T06:58:59Z",399,"Cherki","MCI","-56.2","-55.9","-55.6","-55.2",-3,26,"28.4",78,123893,89614,34,302,"4.0","a",0,3,,"false"
"2026-10-02T06:58:59Z",400,"Doku","MCI","0.3","0.3","0.3","0.4",1,2,"0.7",74,4420,2080,1,15,"0.3","a",0,-1,,"false"
"2026-10-02T06:58:59Z",402,"Rodrigo","MCI","0.0","0.0","0.0","0.0",0,0,"0.0",65,0,25,0,0,"0.0","u",0,0,,"false"
"2026-10-02T06:58:59Z",404,"Reijnders","MCI","0.0","0.0","0.0","0.0",0,0,"0.0",60,0,100,0,0,"0.0","u",0,0,,"false"
"2026-10-02T06:58:59Z",406,"Kovačić","MCI","-97.1","-97.1","-97.1","-97.1",-4,0,"0.1",54,113,462,2,42,"0.0","a",0,-1,,"false"
"2026-10-02T06:58:59Z",407,"Echeverri","MCI","0.0","0.0","0.0","0.0",0,0,"0.0",49,0,54,0,0,"0.0","u",0,-1,,"false"
"2026-10-02T06:58:59Z",408,"Phillips","MCI","0.0","0.0","0.0","0.0",0,0,"0.0",50,0,12,0,0,"0.0","u",0,0,,"false"
"2026-10-02T06:58:59Z",409,"Mukasa","MCI","0.0","0.0","0.0","0.0",0,0,"0.1",45,0,600,0,0,"0.0","u",0,0,,"false"
"2026-10-02T06:58:59Z",410,"Monga","MCI","0.0","0.0","0.0","0.0",0,0,"0.0",49,0,51,0,0,"0.0","u",0,-1,,"false"
"2026-10-02T06:58:59Z",411,"Haaland","MCI","23.0","23.2","23.6","23.9",2,21,"73.8",156,79139,20467,39,450,"8.0","a",0,1,,"false"
"2026-10-02T06:58:59Z",481,"Anderson","MCI","-41.9","-42.1","-42.5","-42.8",-3,-9,"4.0",63,7850,27860,15,413,"3.3","a",0,-2,,"false"
"2026-10-02T06:58:59Z",587,"Rulli","MCI","-89.8","-89.8","-89.8","-89.8",-3,0,"0.0",50,72,103,0,0,"0.0","a",0,0,,"false"
"2026-10-02T06:58:59Z",616,"Bouaddi","MCI","-32.9","-32.9","-32.9","-32.9",-2,0,"0.2",55,839,2122,2,22,"0.3","a",0,0,,"false"
"2026-10-02T06:58:59Z",621,"McAidoo","MCI","-89.9","-89.9","-89.9","-89.9",-3,0,"0.1",45,194,1092,2,11,"0.3","a",0,0,,"false"
"2026-10-02T06:58:59Z",622,"Braithwaite","MCI","-38.4","-39.1","-40.2","-41.3",-2,-1,"0.2",40,583,1645,1,1,"0.0","a",0,0,,"false"
"2026-10-02T06:58:59Z",628,"Allan","MCI","0.1","0.1","0.1","0.1",1,0,"0.0",60,225,167,0,0,"0.0","a",0,0,,"false"
"2026-10-02T06:58:59Z",653,"Samba","MCI","-40.5","-40.5","-40.5","-40.5",-3,0,"0.0",45,248,494,0,0,"0.0","a",0,0,,"false"
"2026-10-02T06:58:59Z",43,"Tielemans","MUN","-37.2","-37.2","-37.2","-37.2",-2,0,"1.5",58,3153,10730,14,402,"2.7","a",0,-2,,"false"
"2026-10-02T06:58:59Z",131,"Baleba","MUN","0.1","0.1","0.1","0.1",1,1,"0.1",49,1287,732,0,0,"0.0","a",0,-1,,"false"
"2026-10-02T06:58:59Z",162,"Andrey Santos","MUN","-50.1","-50.5","-51.1","-51.8",-3,-2,"0.6",48,1040,4949,4,82,"0.3","a",0,-2,,"false"
"2026-10-02T06:58:59Z",325,"Darlow","MUN","-22.9","-22.9","-22.9","-22.9",-2,0,"0.0",45,59,212,0,0,"0.0","d",0,0,,"false"
"2026-10-02T06:58:59Z",412,"Lammens","MUN","-17.0","-17.0","-17.1","-17.1",-1,-4,"9.9",49,6755,48700,11,450,"2.7","a",0,-1,,"false"
"2026-10-02T06:58:59Z",413,"Bayindir","MUN","0.0","0.0","0.0","0.0",0,0,"0.0",45,0,40,0,0,"0.0","u",0,0,,"false"
"2026-10-02T06:58:59Z",414,"Heaton","MUN","-35.8","-35.8","-35.8","-35.8",-2,0,"0.1",40,199,270,0,0,"0.0","i",0,0,,"false"
"2026-10-02T06:58:59Z",415,"Dorgu","MUN","-59.4","-60.2","-61.3","-62.5",-3,-7,"0.5",58,1030,4178,10,171,"3.0","d",0,-2,,"false"
"2026-10-02T06:58:59Z",416,"De Ligt","MUN","-96.5","-96.5","-96.5","-96.5",-4,0,"0.0",50,76,132,0,0,"0.0","i",0,0,,"false"
"2026-10-02T06:58:59Z",417,"Dalot","MUN","-77.4","-77.3","-77.1","-76.9",-3,2,"1.6",49,1273,7548,8,346,"1.7","a",0,-1,,"false"
"2026-10-02T06:58:59Z",418,"Maguire","MUN","-1.9","-2.0","-2.1","-2.2",-1,-10,"8.6",48,4374,74981,10,450,"1.7","a",-1,-2,,"false"
"2026-10-02T06:58:59Z",419,"Martinez","MUN","-96.8","-96.9","-97.0","-97.1",-4,-1,"1.3",50,3708,6453,6,360,"1.7","a",0,0,,"false"
"2026-10-02T06:58:59Z",420,"Yoro","MUN","-10.8","-10.8","-10.8","-10.8",-1,0,"0.5",48,464,2185,2,22,"0.3","a",-1,-2,,"false"
"2026-10-02T06:58:59Z",421,"Heaven","MUN","-0.2","-0.8","-1.7","-2.5",-1,-3,"0.3",43,239,1489,1,90,"0.0","a",-1,-2,,"false"
"2026-10-02T06:58:59Z",422,"Mazraoui","MUN","-73.8","-73.8","-73.8","-73.8",-3,0,"0.5",44,585,2878,3,97,"0.3","a",0,-1,,"false"
"2026-10-02T06:58:59Z",423,"Shaw","MUN","-4.7","-4.8","-4.8","-4.9",-1,-5,"7.7",43,3657,76657,9,335,"2.0","a",-1,-2,,"false"
"2026-10-02T06:58:59Z",424,"Amass","MUN","-45.8","-45.8","-45.8","-45.8",-3,0,"0.2",40,420,789,0,0,"0.0","a",0,0,,"false"
"2026-10-02T06:58:59Z",425,"Fredricson","MUN","0.0","0.0","0.0","0.0",0,0,"0.0",40,0,49,0,0,"0.0","u",0,0,,"false"
"2026-10-02T06:58:59Z",426,"B.Fernandes","MUN","-1.1","-1.1","-1.2","-1.2",-1,-18,"38.5",119,44366,197106,31,450,"2.0","a",-1,-1,,"false"
"2026-10-02T06:58:59Z",427,"Mbeumo","MUN","-75.6","-75.6","-75.7","-75.7",-3,-5,"20.6",79,37179,130110,25,450,"4.0","a",0,-1,,"false"
"2026-10-02T06:58:59Z",428,"Cunha","MUN","-94.6","-94.5","-94.4","-94.3",-3,4,"5.8",79,22245,21650,26,407,"5.0","a",0,-1,,"false"
"2026-10-02T06:58:59Z",429,"Rashford","MUN","-83.5","-83.8","-84.4","-84.9",-3,-10,"1.5",70,4172,17777,10,351,"2.3","d",0,0,,"false"
"2026-10-02T06:58:59Z",430,"Mount","MUN","0.1","0.1","0.1","0.1",1,0,"0.0",54,188,200,1,10,"0.3","a",0,-1,,"false"
"2026-10-02T06:58:59Z",431,"Amad","MUN","-17.4","-17.9","-18.5","-19.2",-1,-4,"0.3",57,131,1841,0,0,"0.0","i",0,-3,,"false"
"2026-10-02T06:58:59Z",432,"Mainoo","MUN","13.8","13.7","13.5","13.2",1,-15,"1.6",55,7682,15199,22,354,"5.7","d",0,0,,"false"
"2026-10-02T06:58:59Z",433,"Ugarte","MUN","-68.6","-68.6","-68.6","-68.6",-3,0,"0.0",50,23,24,0,0,"0.0","i",0,0,,"false"
"2026-10-02T06:58:59Z",434,"J.Fletcher","MUN","-37.9","-37.9","-37.9","-37.9",-2,0,"0.0",49,44,58,0,0,"0.0","a",0,-1,,"false"
"2026-10-02T06:58:59Z",435,"Lacey","MUN","-6.2","-6.2","-6.2","-6.2",-1,0,"0.1",49,373,362,1,10,"0.0","a",0,-1,,"false"
"2026-10-02T06:58:59Z",436,"Collyer","MUN","0.0","0.0","0.0","0.0",0,0,"0.0",50,0,49,0,0,"0.0","u",0,0,,"false"
"2026-10-02T06:58:59Z",437,"Bendito Mantato","MUN","0.0","0.0","0.0","0.0",0,0,"0.2",44,426,868,0,0,"0.0","a",-1,-1,,"false"
"2026-10-02T06:58:59Z",438,"Fletcher","MUN","0.4","0.4","0.4","0.4",1,-1,"0.3",44,2573,2127,0,0,"0.0","a",0,-1,,"false"
"2026-10-02T06:58:59Z",439,"Šeško","MUN","-41.8","-42.4","-43.2","-44.1",-3,-16,"1.6",70,6641,24199,8,76,"2.0","d",0,0,,"false"
"2026-10-02T06:58:59Z",440,"Zirkzee","MUN","-8.0","-8.0","-8.0","-8.0",-1,0,"0.4",53,1963,3143,2,20,"0.7","a",-1,-2,,"false"
"2026-10-02T06:58:59Z",441,"Obi","MUN","0.0","0.0","0.0","0.0",0,-6,"0.9",45,0,11345,0,0,"0.0","u",0,0,,"false"
"2026-10-02T06:58:59Z",405,"N.Gonzalez","NEW","0.8","0.9","0.9","0.9",1,1,"0.2",55,606,1840,5,164,"1.0","a",0,0,,"false"
"2026-10-02T06:58:59Z",442,"Pope","NEW","-44.6","-44.6","-44.6","-44.6",-3,0,"0.9",49,867,3153,0,0,"0.0","a",0,-1,,"false"
"2026-10-02T06:58:59Z",443,"Gillespie","NEW","-38.9","-38.9","-38.9","-38.9",-2,0,"0.0",45,43,89,0,0,"0.0","a",0,0,,"false"
"2026-10-02T06:58:59Z",444,"Jaouen","NEW","-6.7","-6.7","-6.7","-6.7",-1,0,"0.0",44,20,118,0,0,"0.0","d",-1,-1,,"false"
"2026-10-02T06:58:59Z",445,"Thiaw","NEW","17.9","17.9","17.9","17.9",1,1,"2.2",50,8654,10078,14,450,"1.7","a",0,0,,"false"
"2026-10-02T06:58:59Z",446,"Schär","NEW","-11.4","-11.4","-11.4","-11.4",-1,0,"0.2",49,556,904,2,25,"0.3","a",0,-1,,"false"
"2026-10-02T06:58:59Z",447,"Botman","NEW","9.8","9.8","9.9","9.9",1,4,"0.7",50,4800,3044,15,450,"2.3","a",0,0,,"false"
"2026-10-02T06:58:59Z",448,"Burn","NEW","-3.9","-3.9","-3.9","-3.9",-1,0,"0.7",48,113,5825,0,0,"0.0","i",-1,-2,,"false"
"2026-10-02T06:58:59Z",449,"Hall","NEW","7.2","7.5","7.8","8.2",1,65,"17.3",53,247182,20709,31,449,"5.7","a",1,3,,"false"
"2026-10-02T06:58:59Z",450,"Livramento","NEW","1.6","1.6","1.6","1.6",1,0,"0.1",49,451,1499,4,33,"1.3","d",0,-1,,"false"
"2026-10-02T06:58:59Z",451,"A.Murphy","NEW","0.0","0.0","0.0","0.0",0,0,"0.1",40,0,293,0,0,"0.0","u",0,0,,"false"
"2026-10-02T06:58:59Z",453,"Barnes","NEW","16.2","16.3","16.6","16.9",1,53,"5.7",61,160925,18270,28,450,"7.7","a",1,1,,"false"
"2026-10-02T06:58:59Z",454,"Elanga","NEW","-40.5","-40.8","-41.2","-41.5",-3,-53,"4.5",61,329,166989,18,232,"0.3","i",-1,1,,"false"
"2026-10-02T06:58:59Z",456,"J.Ramsey","NEW","-92.5","-92.5","-92.5","-92.5",-3,0,"0.2",49,65,4733,7,69,"2.0","i",0,-1,,"false"
"2026-10-02T06:58:59Z",457,"J.Murphy","NEW","-20.2","-21.1","-22.5","-23.8",-2,-1,"0.1",59,960,787,3,181,"0.7","a",0,-1,,"false"
"2026-10-02T06:58:59Z",458,"Joelinton","NEW","-62.9","-62.9","-62.9","-62.9",-3,0,"0.0",54,19,81,0,0,"0.0","i",0,-1,,"false"
"2026-10-02T06:58:59Z",459,"L.Miley","NEW","0.6","0.6","0.6","0.6",1,0,"0.1",55,486,479,12,396,"2.0","d",0,0,,"false"
"2026-10-02T06:58:59Z",460,"Willock","NEW","15.4","15.4","15.4","15.4",1,-1,"0.6",50,9699,2743,22,284,"4.3","a",0,0,,"false"
"2026-10-02T06:58:59Z",461,"Touré","NEW","-11.0","-11.0","-11.0","-11.0",-1,0,"0.1",58,330,858,8,50,"2.3","a",0,-2,,"false"
"2026-10-02T06:58:59Z",462,"Steur","NEW","-52.5","-52.5","-52.5","-52.5",-3,0,"0.1",49,264,385,8,223,"2.0","a",0,-1,,"false"
"2026-10-02T06:58:59Z",463,"Woltemade","NEW","0.0","0.0","0.0","0.0",0,-4,"0.5",59,0,3746,4,19,"0.0","u",0,-1,,"false"
"2026-10-02T06:58:59Z",464,"Wissa","NEW","62.4","62.5","62.7","62.8",3,11,"18.7",62,88035,141186,15,441,"1.0","a",0,2,,"false"
"2026-10-02T06:58:59Z",465,"Osula","NEW","-8.3","-8.3","-8.3","-8.3",-1,0,"0.3",58,129,2388,4,55,"0.0","i",-1,-2,,"false"
"2026-10-02T06:58:59Z",466,"Neave","NEW","0.0","0.0","0.0","0.0",0,-2,"0.5",45,0,3901,0,0,"0.0","u",0,0,,"false"
"2026-10-02T06:58:59Z",559,"Bamba","NEW","-70.6","-70.6","-70.6","-70.6",-3,0,"0.1",49,128,493,3,27,"0.7","a",0,-1,,"false"
"2026-10-02T06:58:59Z",567,"Horníček","NEW","23.9","23.9","24.0","24.0",2,3,"1.5",50,7221,4997,14,450,"2.0","a",0,0,,"false"
"2026-10-02T06:58:59Z",593,"Dedić","NEW","-10.8","-11.0","-11.4","-11.7",-1,-11,"1.8",45,258,37597,13,327,"0.3","i",0,0,,"false"
"2026-10-02T06:58:59Z",609,"Shahar","NEW","0.0","0.0","0.0","0.0",0,0,"0.2",40,0,1865,0,0,"0.0","u",0,0,,"false"
"2026-10-02T06:58:59Z",634,"Fernandez-Pardo","NEW","0.8","0.8","0.8","0.8",1,0,"0.1",60,2028,1423,4,157,"1.3","a",0,0,,"false"
"2026-10-02T06:58:59Z",659,"Miley","NEW","0.0","0.0","0.0","0.0",0,0,"0.0",45,1412,646,0,0,"0.0","a",0,0,,"false"
"2026-10-02T06:58:59Z",663,"Pivas","NEW","0.0","0.0","0.0","0.0",0,0,"0.0",40,395,59,0,0,"0.0","a",0,0,"2026-10-02T19:10:51.639791Z","false"
"2026-10-02T06:58:59Z",664,"Salia","NEW","0.0","0.0","0.0","0.0",0,0,"0.1",45,9737,1585,0,0,"0.0","a",0,0,"2026-10-02T19:11:17.402697Z","false"
"2026-10-02T06:58:59Z",665,"Mills","NEW","0.0","0.0","0.0","0.0",0,0,"0.0",45,162,29,0,0,"0.0","a",0,0,"2026-10-02T19:11:39.931907Z","false"
"2026-10-02T06:58:59Z",666,"Thompson","NEW","0.0","0.0","0.0","0.0",0,0,"0.0",45,235,35,0,0,"0.0","a",0,0,"2026-10-02T19:12:09.032926Z","false"
"2026-10-02T06:58:59Z",167,"Delap","NFO","-23.8","-23.8","-23.8","-23.8",-2,0,"2.7",56,25035,28753,9,277,"2.7","a",1,1,,"false"
"2026-10-02T06:58:59Z",201,"Muñoz","NFO","-47.4","-47.4","-47.5","-47.6",-3,-3,"5.7",54,7884,30095,5,257,"1.7","a",0,-1,,"false"
"2026-10-02T06:58:59Z",467,"Sels","NFO","4.5","4.5","4.5","4.5",1,0,"1.6",50,2013,6127,14,450,"3.7","a",0,0,,"false"
"2026-10-02T06:58:59Z",468,"John","NFO","-73.8","-73.8","-73.8","-73.8",-3,0,"0.1",45,62,153,0,0,"0.0","a",0,0,,"false"
"2026-10-02T06:58:59Z",469,"N.Williams","NFO","24.3","24.2","24.1","24.0",2,-7,"8.7",50,11079,46946,19,450,"3.7","a",0,0,,"false"
"2026-10-02T06:58:59Z",470,"Morato","NFO","0.0","0.0","0.0","0.0",0,0,"0.0",50,0,117,0,0,"0.0","u",0,0,,"false"
"2026-10-02T06:58:59Z",471,"Milenković","NFO","-13.5","-13.6","-13.8","-14.1",-1,-7,"1.0",54,66,12228,12,270,"2.3","i",-1,-1,,"false"
"2026-10-02T06:58:59Z",472,"Murillo","NFO","24.3","24.3","24.3","24.4",2,2,"2.1",55,8458,8185,23,449,"6.0","a",0,0,,"false"
"2026-10-02T06:58:59Z",473,"Aina","NFO","-3.0","-3.1","-3.3","-3.5",-1,-4,"2.4",44,1074,20419,8,306,"1.0","a",-1,-1,,"false"
"2026-10-02T06:58:59Z",474,"Jair Cunha","NFO","-48.0","-48.0","-48.0","-48.0",-3,0,"0.2",45,256,645,11,360,"3.0","a",0,0,,"false"
"2026-10-02T06:58:59Z",475,"Savona","NFO","-19.4","-19.4","-19.4","-19.4",-1,0,"0.0",45,20,20,0,0,"0.0","i",0,0,,"false"
"2026-10-02T06:58:59Z",476,"O.Richards","NFO","-67.5","-67.5","-67.5","-67.5",-3,0,"0.2",40,299,733,0,0,"0.0","a",0,0,,"false"
"2026-10-02T06:58:59Z",477,"Abbott","NFO","0.0","0.0","0.0","0.0",0,0,"0.1",40,0,818,0,0,"0.0","u",0,0,,"false"
"2026-10-02T06:58:59Z",478,"Netz","NFO","-8.3","-8.3","-8.3","-8.3",-1,0,"0.0",44,55,120,3,27,"0.3","a",0,-1,,"false"
"2026-10-02T06:58:59Z",479,"Bindon","NFO","0.0","0.0","0.0","0.0",0,0,"0.1",40,0,527,0,0,"0.0","u",0,0,,"false"
"2026-10-02T06:58:59Z",480,"Gibbs-White","NFO","51.5","51.5","51.5","51.5",3,0,"15.7",80,66336,82595,28,450,"4.3","a",0,0,,"false"
"2026-10-02T06:58:59Z",482,"Hudson-Odoi","NFO","-39.0","-39.0","-39.0","-39.0",-2,0,"0.1",58,262,1165,1,1,"0.0","a",0,-2,,"false"
"2026-10-02T06:58:59Z",483,"Ndoye","NFO","13.4","13.4","13.4","13.4",1,0,"0.7",55,768,8110,15,316,"1.0","a",0,0,,"false"
"2026-10-02T06:58:59Z",484,"Hutchinson","NFO","0.0","0.0","0.0","0.0",0,0,"0.1",54,0,371,0,0,"0.0","u",0,-1,,"false"
"2026-10-02T06:58:59Z",485,"Bakwa","NFO","0.0","0.0","0.0","0.0",0,0,"0.0",55,0,34,0,0,"0.0","u",0,0,,"false"
"2026-10-02T06:58:59Z",486,"McAtee","NFO","2.3","2.3","2.3","2.3",1,0,"0.1",55,351,913,12,416,"2.3","a",0,0,,"false"
"2026-10-02T06:58:59Z",487,"Dominguez","NFO","-68.0","-68.0","-68.0","-68.0",-3,0,"0.1",49,62,295,1,1,"0.0","a",0,-1,,"false"
"2026-10-02T06:58:59Z",488,"I.Sangaré","NFO","-98.7","-99.2","-100.0","-100.7",-4,-2,"0.4",49,306,3060,4,105,"0.7","a",0,-1,,"false"
"2026-10-02T06:58:59Z",489,"Yates","NFO","-88.8","-89.0","-89.4","-89.7",-3,-2,"1.2",45,594,7379,0,0,"0.0","a",0,0,,"false"
"2026-10-02T06:58:59Z",490,"Wood","NFO","-40.1","-40.1","-40.1","-40.1",-3,0,"0.9",58,2022,6521,4,62,"1.0","a",0,-2,,"false"
"2026-10-02T06:58:59Z",491,"Igor Jesus","NFO","0.0","-0.0","-0.2","-0.5",0,-4,"2.6",58,7350,23212,12,257,"3.0","a",0,-2,,"false"
"2026-10-02T06:58:59Z",493,"Kalimuendo","NFO","0.0","0.0","0.0","0.0",0,0,"0.1",54,227,425,1,1,"0.0","a",0,-1,,"false"
"2026-10-02T06:58:59Z",558,"Schlager","NFO","0.4","0.4","0.4","0.4",1,0,"0.1",50,221,784,13,376,"2.7","a",0,0,,"false"
"2026-10-02T06:58:59Z",581,"Diomande","NFO","-50.2","-50.2","-50.2","-50.2",-3,0,"0.5",54,1535,2272,7,163,"2.3","a",0,-1,,"false"
"2026-10-02T06:58:59Z",590,"Benda","NFO","0.0","0.0","0.0","0.0",0,0,"0.1",45,123,241,0,0,"0.0","a",0,0,,"false"
"2026-10-02T06:58:59Z",112,"Van Hecke","TOT","-15.5","-15.8","-16.1","-16.5",-1,-28,"6.5",49,18611,30132,24,450,"7.3","d",0,-1,,"false"
"2026-10-02T06:58:59Z",147,"Tosin","TOT","-39.6","-39.6","-39.6","-39.6",-2,0,"0.1",44,103,565,1,5,"0.3","a",0,-1,,"false"
"2026-10-02T06:58:59Z",401,"Marmoush","TOT","37.9","37.9","37.7","37.6",2,-8,"2.1",70,11618,21729,8,339,"2.0","a",0,0,,"false"
"2026-10-02T06:58:59Z",403,"Sávio","TOT","10.7","10.7","10.6","10.5",1,-4,"0.7",65,2913,6881,8,240,"2.7","a",0,0,,"false"
"2026-10-02T06:58:59Z",455,"Tonali","TOT","-19.5","-19.5","-19.5","-19.5",-1,-1,"1.8",53,2304,15080,14,427,"3.3","a",-1,-2,,"false"
"2026-10-02T06:58:59Z",494,"Vicario","TOT","0.0","0.0","0.0","0.0",0,0,"0.1",45,0,725,0,0,"0.0","u",0,0,,"false"
"2026-10-02T06:58:59Z",495,"Austin","TOT","2.2","2.2","2.2","2.1",1,-1,"1.0",40,1934,2176,0,0,"0.0","a",0,0,,"false"
"2026-10-02T06:58:59Z",496,"Kinsky","TOT","-51.0","-51.1","-51.1","-51.1",-3,-4,"17.3",45,18079,111238,18,450,"5.0","a",0,0,,"false"
"2026-10-02T06:58:59Z",497,"Dubravka","TOT","-24.5","-24.5","-24.5","-24.4",-2,3,"17.1",40,26630,48173,0,0,"0.0","a",0,0,,"false"
"2026-10-02T06:58:59Z",498,"Senesi","TOT","-55.3","-55.5","-55.7","-55.9",-3,-6,"3.5",58,1203,21592,3,90,"0.0","a",0,-2,,"false"
"2026-10-02T06:58:59Z",499,"Pedro Porro","TOT","-30.9","-31.2","-31.5","-31.9",-2,-33,"7.6",54,1707,75315,9,198,"2.7","d",0,-1,,"false"
"2026-10-02T06:58:59Z",500,"Romero","TOT","0.0","0.0","0.0","0.0",0,0,"0.1",50,0,301,0,0,"0.0","u",0,0,,"false"
"2026-10-02T06:58:59Z",502,"Robertson","TOT","0.3","0.3","0.3","0.3",1,-2,"2.5",44,5590,12808,17,366,"4.0","a",0,-1,,"false"
"2026-10-02T06:58:59Z",503,"Van de Ven","TOT","-22.1","-22.2","-22.3","-22.4",-2,-4,"3.8",50,5847,19818,16,360,"5.3","a",0,0,,"false"
"2026-10-02T06:58:59Z",505,"Spence","TOT","0.0","0.0","0.0","0.0",0,0,"0.2",45,0,1204,0,0,"0.0","u",0,0,,"false"
"2026-10-02T06:58:59Z",506,"Udogie","TOT","-21.1","-21.1","-21.1","-21.1",-2,0,"0.3",44,343,1624,7,86,"1.7","a",0,-1,,"false"
"2026-10-02T06:58:59Z",507,"Phillips","TOT","0.0","0.0","0.0","0.0",0,0,"0.0",45,0,55,0,0,"0.0","u",0,0,,"false"
"2026-10-02T06:58:59Z",508,"Davies","TOT","1.6","1.6","1.7","1.7",1,4,"0.9",39,7484,3915,0,0,"0.0","a",-1,-1,,"false"
"2026-10-02T06:58:59Z",509,"Byfield","TOT","-4.4","-4.4","-4.4","-4.4",-1,0,"0.1",40,124,248,0,0,"0.0","a",0,0,,"false"
"2026-10-02T06:58:59Z",510,"Rowswell","TOT","-16.5","-16.5","-16.5","-16.5",-1,0,"0.1",40,157,340,0,0,"0.0","a",0,0,,"false"
"2026-10-02T06:58:59Z",511,"Souza","TOT","0.0","0.0","0.0","0.0",0,0,"0.2",40,0,892,0,0,"0.0","u",0,0,,"false"
"2026-10-02T06:58:59Z",512,"Kudus","TOT","2.1","2.2","2.2","2.2",1,2,"0.2",65,2285,1142,7,123,"2.0","a",0,0,,"false"
"2026-10-02T06:58:59Z",513,"Xavi","TOT","-16.6","-13.1","-7.8","-2.5",-1,1,"0.0",59,54,80,0,0,"0.0","i",0,-1,,"false"
"2026-10-02T06:58:59Z",514,"Tel","TOT","-27.1","-27.8","-28.8","-29.8",-2,-2,"0.2",57,201,1964,8,257,"1.3","a",-1,-3,,"false"
"2026-10-02T06:58:59Z",515,"Maddison","TOT","-71.1","-71.1","-71.1","-71.1",-3,0,"0.4",63,748,1985,3,59,"0.7","a",0,-2,,"false"
"2026-10-02T06:58:59Z",516,"Bentancur","TOT","-75.1","-75.1","-75.1","-75.1",-3,0,"0.2",55,382,727,15,370,"4.0","a",0,0,,"false"
"2026-10-02T06:58:59Z",517,"Odobert","TOT","0.0","0.0","0.0","0.0",0,0,"0.0",55,25,14,0,0,"0.0","i",0,0,,"false"
"2026-10-02T06:58:59Z",518,"P.M.Sarr","TOT","0.0","0.0","0.0","0.0",0,0,"0.1",49,0,677,0,0,"0.0","u",0,-1,,"false"
"2026-10-02T06:58:59Z",519,"Gallagher","TOT","0.1","0.1","0.1","0.1",1,0,"0.2",53,814,662,9,134,"3.0","a",0,-2,,"false"
"2026-10-02T06:58:59Z",520,"Bergvall","TOT","-3.3","-3.3","-3.3","-3.3",-1,0,"0.1",53,107,635,3,78,"0.7","a",-1,-2,,"false"
"2026-10-02T06:58:59Z",521,"Kulusevski","TOT","-79.8","-79.8","-79.8","-79.8",-3,0,"0.0",65,96,72,0,0,"0.0","i",0,0,,"false"
"2026-10-02T06:58:59Z",522,"Gray","TOT","-25.1","-25.1","-25.1","-25.1",-2,0,"0.2",49,466,1216,9,307,"1.7","a",0,-1,,"false"
"2026-10-02T06:58:59Z",523,"Moore","TOT","0.0","0.0","0.0","0.0",0,0,"0.1",50,0,541,3,89,"0.0","u",0,0,,"false"
"2026-10-02T06:58:59Z",524,"Olusesi","TOT","7.9","7.9","7.9","7.9",1,0,"1.0",44,6106,7640,0,0,"0.0","a",0,-1,,"false"
"2026-10-02T06:58:59Z",525,"Fernandes","TOT","-10.5","-11.1","-12.1","-13.0",-1,-8,"0.8",57,471,6700,7,249,"1.3","a",-1,-3,,"false"
"2026-10-02T06:58:59Z",526,"Solanke","TOT","-30.7","-30.5","-30.3","-30.1",-2,1,"0.8",58,1954,5731,7,170,"1.7","a",0,-2,,"false"
"2026-10-02T06:58:59Z",527,"Richarlison","TOT","0.0","0.0","0.0","0.0",0,-3,"0.6",59,0,5785,2,67,"0.0","u",0,-1,,"false"
"2026-10-02T06:58:59Z",528,"Scarlett","TOT","0.0","0.0","0.0","0.0",0,-3,"1.1",45,0,8083,0,0,"0.0","u",0,0,,"false"
"2026-10-02T06:58:59Z",578,"Mudryk","TOT","-12.0","-12.0","-12.0","-12.0",-1,0,"0.0",53,20,562,1,16,"0.3","i",-1,-2,,"false"
"2026-10-02T06:58:59Z",601,"Williams-Barnett","TOT","-52.7","-52.7","-52.7","-52.7",-3,0,"0.1",45,168,763,0,0,"0.0","a",0,0,,"false"
"2026-10-02T06:58:59Z",501,"Danso","SUN","-82.7","-82.7","-82.7","-82.7",-3,0,"0.2",50,1163,839,3,270,"1.0","a",0,0,,"false"
"2026-10-02T06:58:59Z",529,"Roefs","SUN","-16.5","-16.6","-16.8","-16.9",-1,-2,"2.4",49,2071,11647,11,450,"1.3","a",0,-1,,"false"
"2026-10-02T06:58:59Z",530,"Patterson","SUN","0.0","0.0","0.0","0.0",0,0,"0.1",40,0,356,0,0,"0.0","u",0,0,,"false"
"2026-10-02T06:58:59Z",531,"Ellborg","SUN","-0.1","-0.1","-0.1","-0.1",-1,0,"0.1",44,136,256,0,0,"0.0","a",-1,-1,,"false"
"2026-10-02T06:58:59Z",532,"Ballard","SUN","-53.8","-54.0","-54.2","-54.4",-3,-7,"2.5",49,3602,17198,14,450,"2.0","d",0,-1,,"false"
"2026-10-02T06:58:59Z",533,"Mukiele","SUN","-16.9","-17.0","-17.2","-17.4",-1,-2,"1.9",54,5168,8868,13,360,"1.3","a",0,-1,,"false"
"2026-10-02T06:58:59Z",534,"Hume","SUN","-7.8","-8.0","-8.1","-8.3",-1,-5,"2.8",43,1231,29758,10,206,"0.7","a",-1,-2,,"false"
"2026-10-02T06:58:59Z",535,"Alderete","SUN","-6.7","-6.7","-6.7","-6.7",-1,0,"0.2",48,221,1067,1,23,"0.0","a",-1,-2,,"false"
"2026-10-02T06:58:59Z",536,"Reinildo","SUN","0.0","0.0","0.0","0.0",0,0,"0.3",44,202,1570,7,360,"0.0","a",-1,-1,,"false"
"2026-10-02T06:58:59Z",537,"Seelt","SUN","0.0","0.0","0.0","0.0",0,0,"0.0",45,0,22,0,0,"0.0","u",0,0,,"false"
"2026-10-02T06:58:59Z",538,"Hjelde","SUN","0.0","0.0","0.0","0.0",0,0,"0.0",40,0,157,0,0,"0.0","u",0,0,,"false"
"2026-10-02T06:58:59Z",539,"O'Nien","SUN","4.1","4.2","4.2","4.3",1,4,"2.5",39,17824,11693,1,66,"0.0","a",-1,-1,,"false"
"2026-10-02T06:58:59Z",540,"Masuaku","SUN","0.0","0.0","0.0","0.0",0,0,"0.1",40,0,634,0,0,"0.0","u",0,0,,"false"
"2026-10-02T06:58:59Z",541,"Meunier","SUN","-32.5","-32.5","-32.5","-32.5",-2,0,"0.3",45,1645,884,14,396,"2.3","a",0,0,,"false"
"2026-10-02T06:58:59Z",542,"E.Le Fée","SUN","-4.4","-4.4","-4.5","-4.6",-1,-4,"3.4",57,11473,24089,18,438,"4.3","a",-1,-3,,"false"
"2026-10-02T06:58:59Z",543,"Diarra","SUN","-0.4","-0.4","-0.4","-0.4",-1,0,"0.0",53,20,235,5,28,"0.0","i",-1,-2,,"false"
"2026-10-02T06:58:59Z",544,"Xhaka","SUN","-73.8","-73.8","-73.8","-73.8",-3,0,"3.6",55,6280,23319,21,450,"2.0","a",0,0,,"false"
"2026-10-02T06:58:59Z",545,"Sadiki","SUN","-74.3","-74.9","-75.8","-76.6",-3,-1,"0.2",49,408,1354,10,410,"1.7","a",0,-1,,"false"
"2026-10-02T06:58:59Z",546,"Adingra","SUN","0.0","0.0","0.0","0.0",0,0,"0.0",49,0,190,0,0,"0.0","u",0,-1,,"false"
"2026-10-02T06:58:59Z",547,"Mundle","SUN","-80.0","-80.0","-80.0","-80.0",-3,0,"0.0",49,10,55,1,1,"0.0","i",0,-1,,"false"
"2026-10-02T06:58:59Z",548,"Rigg","SUN","-77.7","-77.7","-77.7","-77.7",-3,0,"0.0",49,32,230,2,17,"0.0","a",0,-1,,"false"
"2026-10-02T06:58:59Z",549,"Talbi","SUN","-29.6","-29.6","-29.6","-29.6",-2,0,"0.1",53,110,571,1,31,"0.0","a",0,-2,,"false"
"2026-10-02T06:58:59Z",550,"Jocelin.T","SUN","-95.6","-95.6","-95.6","-95.6",-4,0,"0.0",50,32,44,0,0,"0.0","a",0,0,,"false"
"2026-10-02T06:58:59Z",551,"N.Angulo","SUN","1.3","1.3","1.3","1.3",1,0,"0.1",50,510,789,16,313,"2.7","a",0,0,,"false"
"2026-10-02T06:58:59Z",552,"Brobbey","SUN","81.6","81.4","81.2","81.0",3,-14,"6.9",57,195124,46235,24,399,"6.7","d",-1,-3,,"false"
"2026-10-02T06:58:59Z",553,"Isidor","SUN","3.1","3.1","3.1","3.1",1,0,"1.3",55,3305,11625,15,117,"2.0","a",0,0,,"false"
"2026-10-02T06:58:59Z",612,"Methalie","SUN","0.0","0.0","0.0","0.0",0,0,"0.0",45,114,67,-1,90,"-0.3","a",0,0,,"false"
"2026-10-02T06:58:59Z",613,"Ahoka","SUN","-46.0","-46.0","-46.0","-46.0",-3,0,"0.2",45,594,1606,0,0,"0.0","a",0,0,,"false"
"2026-10-02T06:58:59Z",646,"Fofana","SUN","-12.6","-12.6","-12.6","-12.6",-1,0,"0.0",55,333,305,3,60,"1.0","a",0,0,,"false"
"2026-10-02T06:58:59Z",651,"J.Angulo","SUN","4.9","4.9","4.8","4.8",1,-4,"0.7",45,8854,7307,0,0,"0.0","a",0,0,,"false"
"2026-10-02T10:03:43Z",1,"Raya","ARS","1.5","1.4","1.4","1.4",1,-3,"42.3",61,127885,48574,30,450,"6.0","a",1,1,,"false"
"2026-10-02T10:03:43Z",2,"Arrizabalaga","ARS","-49.4","-49.4","-49.4","-49.4",-3,0,"0.1",49,113,258,0,0,"0.0","a",0,-1,,"false"
"2026-10-02T10:03:43Z",3,"Meslier","ARS","-39.3","-39.3","-39.3","-39.3",-2,0,"0.0",49,47,124,0,0,"0.0","a",0,-1,,"false"
"2026-10-02T10:03:43Z",4,"Gabriel","ARS","-89.6","-89.6","-89.6","-89.6",-3,-3,"22.7",80,25185,67264,25,450,"4.0","a",0,0,,"false"
"2026-10-02T10:03:43Z",5,"J.Timber","ARS","11.3","11.3","11.4","11.4",1,4,"0.4",65,12871,4200,1,104,"0.3","a",0,0,,"false"
"2026-10-02T10:03:43Z",6,"Saliba","ARS","-25.7","-25.9","-26.2","-26.6",-2,-1,"0.2",59,398,1119,0,0,"0.0","i",0,-1,,"false"
"2026-10-02T10:03:43Z",7,"Lewis-Skelly","ARS","-16.2","-16.2","-16.2","-16.2",-1,0,"0.6",54,938,4993,9,271,"1.0","a",-1,-1,,"false"
"2026-10-02T10:03:43Z",8,"Calafiori","ARS","95.1","95.2","95.3","95.5",4,12,"50.5",58,77605,64486,29,416,"3.0","a",0,3,,"false"
"2026-10-02T10:03:43Z",9,"Hincapie","ARS","-5.7","-5.8","-5.9","-6.0",-1,-1,"0.9",52,1459,5773,2,32,"0.3","a",-1,-3,,"false"
"2026-10-02T10:03:43Z",10,"White","ARS","-49.2","-49.5","-50.1","-50.6",-3,-32,"4.9",55,3257,68030,21,315,"1.0","d",0,0,,"false"
"2026-10-02T10:03:43Z",11,"Mosquera","ARS","-25.8","-26.1","-26.4","-26.8",-2,-4,"1.6",53,1216,9513,12,168,"0.0","a",0,-2,,"false"
"2026-10-02T10:03:43Z",12,"Saka","ARS","92.6","93.1","93.9","94.8",3,57,"13.7",95,111788,48097,32,416,"4.0","a",0,0,,"false"
"2026-10-02T10:03:43Z",13,"Rice","ARS","-34.7","-35.0","-35.5","-36.0",-2,-66,"11.6",74,7610,84833,20,411,"4.0","d",0,-1,,"false"
"2026-10-02T10:03:43Z",14,"Eze","ARS","-0.7","-0.7","-0.7","-0.7",-1,0,"1.0",62,2363,6867,4,85,"0.7","a",-1,-3,,"false"
"2026-10-02T10:03:43Z",15,"Ødegaard","ARS","-0.9","-0.5","0.1","0.7",-1,41,"19.8",68,78272,89278,29,377,"5.0","a",0,3,,"false"
"2026-10-02T10:03:43Z",16,"Madueke","ARS","-26.1","-26.1","-26.1","-26.1",-2,0,"0.2",62,751,1581,2,23,"0.3","a",0,-3,,"false"
"2026-10-02T10:03:43Z",17,"Merino","ARS","-0.2","-0.4","-0.7","-0.9",-1,-1,"0.4",57,765,2922,4,81,"0.7","a",-1,-3,,"false"
"2026-10-02T10:03:43Z",18,"Martinelli","ARS","0.0","0.0","0.0","0.0",0,0,"0.1",63,0,578,0,0,"0.0","u",0,-2,,"false"
"2026-10-02T10:03:43Z",19,"Zubimendi","ARS","-48.8","-48.8","-48.8","-48.8",-3,0,"0.6",53,511,3755,5,89,"1.0","a",0,-2,,"false"
"2026-10-02T10:03:43Z",20,"Dowman","ARS","-27.2","-27.2","-27.2","-27.2",-2,0,"0.1",53,461,584,1,9,"0.3","a",0,-2,,"false"
"2026-10-02T10:03:43Z",22,"Nwaneri","ARS","0.0","0.0","0.0","0.0",0,0,"0.0",54,0,52,0,0,"0.0","u",0,-1,,"false"
"2026-10-02T10:03:43Z",23,"Fábio Vieira","ARS","0.0","0.0","0.0","0.0",0,0,"0.0",55,0,40,0,0,"0.0","u",0,0,,"false"
"2026-10-02T10:03:43Z",24,"Nelson","ARS","0.0","0.0","0.0","0.0",0,0,"0.0",55,0,24,0,0,"0.0","u",0,0,,"false"
"2026-10-02T10:03:43Z",25,"Gyökeres","ARS","-2.7","-2.2","-1.3","-0.5",-1,30,"3.1",71,12059,17099,2,29,"0.7","a",-1,-4,,"false"
"2026-10-02T10:03:43Z",26,"Havertz","ARS","3.8","2.9","1.4","-0.1",1,-104,"8.3",76,50506,64773,19,437,"3.7","d",0,1,,"false"
"2026-10-02T10:03:43Z",27,"G.Jesus","ARS","0.0","0.0","0.0","0.0",0,-2,"0.1",59,0,1036,0,0,"0.0","u",0,-1,,"false"
"2026-10-02T10:03:43Z",31,"Konsa","ARS","0.9","0.9","1.0","1.1",1,18,"19.4",46,91687,46979,12,281,"3.7","a",1,1,,"false"
"2026-10-02T10:03:43Z",452,"Bruno G.","ARS","0.4","0.5","0.5","0.6",1,5,"1.8",67,5764,7715,9,123,"2.7","a",0,-3,,"false"
"2026-10-02T10:03:43Z",557,"Tzolis","ARS","-12.2","-12.6","-13.4","-14.2",-1,-104,"12.1",63,12301,140915,16,362,"3.3","a",-1,-2,,"false"
"2026-10-02T10:03:43Z",29,"M.Bizot","AVL","-38.3","-38.7","-39.2","-39.8",-2,-1,"0.1",45,60,1024,1,90,"0.0","i",0,0,,"false"
"2026-10-02T10:03:43Z",30,"Digne","AVL","0.0","0.0","0.0","0.0",0,0,"0.0",45,0,233,0,0,"0.0","u",0,0,,"false"
"2026-10-02T10:03:43Z",32,"Cash","AVL","-23.3","-23.4","-23.7","-23.9",-2,-8,"4.8",44,2706,25305,6,296,"1.7","a",0,-1,,"false"
"2026-10-02T10:03:43Z",33,"Mings","AVL","0.7","0.7","0.8","0.8",1,2,"0.4",45,1734,1419,10,261,"3.0","a",0,0,,"false"
"2026-10-02T10:03:43Z",34,"Pau","AVL","-0.4","-0.4","-0.4","-0.4",-1,0,"0.3",44,44,3168,3,187,"0.3","i",-1,-1,,"false"
"2026-10-02T10:03:43Z",35,"Bogarde","AVL","-3.4","-3.4","-3.4","-3.4",-1,0,"0.1",49,174,444,1,16,"0.0","a",-1,-1,,"false"
"2026-10-02T10:03:43Z",36,"Maatsen","AVL","-2.6","-2.7","-3.0","-3.2",-1,-4,"0.5",44,50,6220,9,335,"2.7","i",-1,-1,,"false"
"2026-10-02T10:03:43Z",37,"Lindelöf","AVL","1.0","1.0","1.0","1.0",1,1,"0.3",45,1056,1305,8,450,"2.7","a",0,0,,"false"
"2026-10-02T10:03:43Z",38,"A.García","AVL","-35.2","-35.4","-35.6","-35.8",-2,-2,"1.5",40,1858,6114,0,0,"0.0","a",0,0,,"false"
"2026-10-02T10:03:43Z",39,"Nedeljkovic","AVL","0.0","0.0","0.0","0.0",0,-1,"0.1",40,0,566,0,0,"0.0","u",0,0,,"false"
"2026-10-02T10:03:43Z",41,"Buendía","AVL","-36.3","-35.6","-34.3","-33.0",-2,8,"1.0",59,12338,4226,21,401,"5.7","a",0,-1,,"false"
"2026-10-02T10:03:43Z",44,"Bailey","AVL","0.0","0.0","0.0","0.0",0,0,"0.1",54,0,497,0,0,"0.0","u",0,-1,,"false"
"2026-10-02T10:03:43Z",45,"McGinn","AVL","-20.5","-20.2","-19.6","-19.1",-2,8,"2.2",54,6915,8622,17,434,"5.0","a",0,-1,,"false"
"2026-10-02T10:03:43Z",46,"Barkley","AVL","0.5","0.5","0.5","0.5",1,0,"0.3",50,567,1770,10,308,"2.0","a",0,0,,"false"
"2026-10-02T10:03:43Z",47,"Kamara","AVL","-80.8","-80.1","-78.9","-77.7",-3,2,"0.3",50,1324,1580,15,443,"3.7","a",0,0,,"false"
"2026-10-02T10:03:43Z",48,"Onana","AVL","-11.1","-11.1","-11.1","-11.1",-1,0,"0.0",49,40,95,0,0,"0.0","i",0,-1,,"false"
"2026-10-02T10:03:43Z",49,"Iling Jr","AVL","0.0","0.0","0.0","0.0",0,0,"0.0",50,0,11,0,0,"0.0","u",0,0,,"false"
"2026-10-02T10:03:43Z",50,"Burrowes","AVL","-79.7","-79.4","-78.9","-78.3",-3,2,"0.6",45,639,3409,0,0,"0.0","a",0,0,,"false"
"2026-10-02T10:03:43Z",51,"George Hemmings","AVL","13.8","13.8","13.7","13.6",1,-4,"1.2",45,3209,9692,9,297,"1.7","a",0,0,,"false"
"2026-10-02T10:03:43Z",52,"Alysson","AVL","-2.7","-2.7","-2.7","-2.7",-1,0,"0.0",50,68,790,8,87,"2.3","d",0,0,,"false"
"2026-10-02T10:03:43Z",53,"Manzambi","AVL","8.5","8.5","8.6","8.6",1,3,"0.4",59,28281,3321,14,98,"4.7","a",0,-1,,"false"
"2026-10-02T10:03:43Z",54,"Gomes","AVL","0.1","0.1","0.1","0.1",1,1,"0.0",55,467,197,2,129,"1.3","a",0,0,,"false"
"2026-10-02T10:03:43Z",55,"Watkins","AVL","0.0","0.0","0.0","0.0",0,-8,"2.5",78,0,12875,0,0,"0.0","u",0,-2,,"false"
"2026-10-02T10:03:43Z",56,"Abraham","AVL","3.5","3.5","3.6","3.6",1,2,"0.2",55,1713,1736,4,71,"1.0","a",0,0,,"false"
"2026-10-02T10:03:43Z",160,"Garnacho","AVL","-66.9","-66.9","-66.9","-66.9",-3,0,"0.3",58,540,2781,3,31,"0.3","a",0,-2,,"false"
"2026-10-02T10:03:43Z",166,"N.Jackson","AVL","52.5","52.9","53.5","54.2",3,44,"1.5",65,36692,8163,10,286,"2.7","a",0,0,,"false"
"2026-10-02T10:03:43Z",582,"Madjo","AVL","-25.2","-25.6","-26.2","-26.9",-2,-2,"0.2",54,207,1789,0,0,"0.0","i",0,-1,,"false"
"2026-10-02T10:03:43Z",596,"Ruggeri","AVL","-74.4","-74.4","-74.4","-74.4",-3,0,"0.1",45,536,339,5,113,"1.3","a",0,0,,"false"
"2026-10-02T10:03:43Z",597,"Suzuki","AVL","30.0","30.1","30.2","30.3",2,9,"1.9",50,13651,6595,16,360,"4.7","a",0,0,,"false"
"2026-10-02T10:03:43Z",606,"Rowe","AVL","0.1","0.1","0.1","0.1",1,0,"0.2",40,318,908,0,0,"0.0","a",0,0,,"false"
"2026-10-02T10:03:43Z",607,"Lynch","AVL","0.0","0.0","0.0","0.0",0,0,"0.1",45,0,709,0,0,"0.0","u",0,0,,"false"
"2026-10-02T10:03:43Z",611,"Wan-Bissaka","AVL","2.1","2.1","2.1","2.1",1,0,"0.2",45,1452,1436,6,152,"1.7","a",0,0,,"false"
"2026-10-02T10:03:43Z",618,"Goretzka","AVL","-41.8","-41.8","-41.8","-41.8",-3,0,"0.0",59,23,418,0,0,"0.0","i",0,-1,,"false"
"2026-10-02T10:03:43Z",630,"Harwood-Bellis","AVL","0.0","0.0","0.0","0.0",0,0,"0.0",45,193,189,0,0,"0.0","a",0,0,,"false"
"2026-10-02T10:03:43Z",631,"Mbaye","AVL","0.3","0.3","0.3","0.3",1,0,"0.1",60,915,1126,2,33,"0.7","a",0,0,,"false"
"2026-10-02T10:03:43Z",667,"Wright","AVL","0.0","0.0","0.0","0.0",0,0,"0.1",40,7241,857,0,0,"0.0","a",0,0,"2026-10-02T19:12:30.130761Z","false"
"2026-10-02T10:03:43Z",57,"Petrović","BOU","0.2","0.2","0.2","0.2",1,0,"3.0",45,6289,11837,9,450,"1.3","a",0,0,,"false"
"2026-10-02T10:03:43Z",58,"Forster","BOU","4.6","4.6","4.6","4.6",1,0,"3.5",40,8223,7371,0,0,"0.0","a",0,0,,"false"
"2026-10-02T10:03:43Z",59,"Dennis","BOU","0.0","0.0","0.0","0.0",0,0,"0.1",40,0,559,0,0,"0.0","u",0,0,,"false"
"2026-10-02T10:03:43Z",60,"Hill","BOU","-33.3","-32.7","-31.5","-30.4",-2,6,"0.8",55,3204,3133,12,450,"2.3","a",0,0,,"false"
"2026-10-02T10:03:43Z",61,"Truffert","BOU","-1.4","-1.4","-1.4","-1.4",-1,0,"3.0",54,4629,12255,10,450,"1.7","a",-1,-1,,"false"
"2026-10-02T10:03:43Z",62,"Diakité","BOU","-5.6","-5.6","-5.6","-5.6",-1,0,"0.2",49,475,969,0,0,"0.0","a",-1,-1,,"false"
"2026-10-02T10:03:43Z",63,"Milosavljević","BOU","-3.3","-3.3","-3.3","-3.3",-1,0,"0.0",49,32,46,0,0,"0.0","i",0,-1,,"false"
"2026-10-02T10:03:43Z",64,"Smith","BOU","0.3","0.3","0.3","0.3",1,0,"0.1",45,401,483,4,434,"0.7","a",0,0,,"false"
"2026-10-02T10:03:43Z",65,"J.Araujo","BOU","-12.1","-9.0","-3.3","0.0",-1,1,"0.0",44,38,54,0,0,"0.0","i",0,-1,,"false"
"2026-10-02T10:03:43Z",66,"Soler","BOU","1.4","1.4","1.4","1.4",1,-1,"0.3",40,741,1126,0,0,"0.0","a",0,0,,"false"
"2026-10-02T10:03:43Z",67,"Rayan","BOU","-9.9","-9.8","-9.6","-9.3",-1,4,"1.6",63,4061,9815,10,434,"2.0","a",-1,-2,,"false"
"2026-10-02T10:03:43Z",68,"Tavernier","BOU","30.9","31.0","31.2","31.3",2,10,"6.8",61,83554,44532,31,424,"6.7","a",0,1,,"false"
"2026-10-02T10:03:43Z",69,"Scott","BOU","0.4","0.3","0.2","0.1",1,-7,"5.8",61,24213,38806,30,446,"5.3","a",0,1,,"false"
"2026-10-02T10:03:43Z",70,"Kluivert","BOU","-55.4","-56.0","-57.0","-58.1",-3,-17,"0.9",60,2300,18209,15,294,"3.0","i",0,0,,"false"
"2026-10-02T10:03:43Z",71,"Cook","BOU","-12.3","-12.3","-12.3","-12.3",-1,0,"0.2",50,269,1153,8,180,"0.7","a",0,0,,"false"
"2026-10-02T10:03:43Z",72,"Gannon-Doak","BOU","-65.2","-65.2","-65.2","-65.2",-3,0,"0.1",49,143,382,4,12,"1.0","a",0,-1,,"false"
"2026-10-02T10:03:43Z",73,"Adams","BOU","1.6","1.6","1.6","1.6",1,1,"0.3",50,1114,1658,12,279,"3.3","a",0,0,,"false"
"2026-10-02T10:03:43Z",74,"Brooks","BOU","-19.7","-19.7","-19.7","-19.7",-1,0,"0.1",50,178,325,3,45,"0.7","a",0,0,,"false"
"2026-10-02T10:03:43Z",75,"Christie","BOU","0.4","0.4","0.4","0.4",1,0,"0.0",50,297,252,5,102,"1.3","a",0,0,,"false"
"2026-10-02T10:03:43Z",76,"Tóth.A","BOU","-11.8","-11.8","-11.8","-11.8",-1,0,"0.0",49,27,55,2,17,"0.3","a",0,-1,,"false"
"2026-10-02T10:03:43Z",77,"Adli","BOU","-84.8","-84.8","-84.8","-84.8",-3,0,"0.0",49,23,77,0,0,"0.0","i",0,-1,,"false"
"2026-10-02T10:03:43Z",78,"Kroupi.Jr","BOU","-76.4","-76.4","-76.4","-76.4",-3,0,"0.2",74,189,865,0,0,"0.0","i",0,-1,,"false"
"2026-10-02T10:03:43Z",79,"Evanilson","BOU","51.5","51.6","51.7","51.8",3,8,"3.2",60,18068,21184,18,424,"3.0","a",0,0,,"false"
"2026-10-02T10:03:43Z",80,"Enes Ünal","BOU","0.0","0.0","0.0","0.0",0,0,"0.0",55,0,51,0,0,"0.0","u",0,0,,"false"
"2026-10-02T10:03:43Z",81,"Rodríguez","BOU","-32.2","-31.4","-29.9","-28.4",-2,1,"0.1",60,798,730,2,10,"0.3","a",0,0,,"false"
"2026-10-02T10:03:43Z",566,"Silva","BOU","1.4","1.4","1.4","1.5",1,2,"0.4",50,6357,3726,13,450,"2.3","a",0,0,,"false"
"2026-10-02T10:03:43Z",573,"Sanchez","BOU","-12.8","-12.2","-11.1","-10.0",-1,1,"0.2",44,153,440,0,0,"0.0","a",0,-1,,"false"
"2026-10-02T10:03:43Z",608,"Jebbison","BOU","0.6","0.6","0.6","0.6",1,0,"0.1",50,903,905,3,31,"0.7","a",0,0,,"false"
"2026-10-02T10:03:43Z",615,"Di Gregorio","BOU","-29.2","-29.2","-29.2","-29.2",-2,0,"0.0",45,184,196,0,0,"0.0","a",0,0,,"false"
"2026-10-02T10:03:43Z",82,"Kelleher","BRE","20.6","20.6","20.6","20.6",2,2,"6.1",50,20047,13684,20,450,"3.7","a",0,0,,"false"
"2026-10-02T10:03:43Z",83,"Valdimarsson","BRE","-75.5","-75.5","-75.5","-75.5",-3,0,"0.1",45,300,340,0,0,"0.0","a",0,0,,"false"
"2026-10-02T10:03:43Z",84,"Collins","BRE","-29.2","-29.5","-30.0","-30.6",-2,-9,"0.9",54,121,9504,10,196,"0.3","i",0,-1,,"false"
"2026-10-02T10:03:43Z",85,"Van den Berg","BRE","-81.5","-81.5","-81.5","-81.5",-3,0,"0.1",49,38,353,0,0,"0.0","i",0,-1,,"false"
"2026-10-02T10:03:43Z",86,"Lewis-Potter","BRE","32.5","32.5","32.5","32.5",2,0,"1.7",55,3712,12049,22,406,"2.0","a",0,0,,"false"
"2026-10-02T10:03:43Z",87,"Ajer","BRE","31.0","31.0","31.0","31.0",2,0,"3.9",45,11335,22931,21,450,"3.3","a",0,0,,"false"
"2026-10-02T10:03:43Z",88,"Kayode","BRE","-38.1","-38.1","-38.0","-38.0",-2,2,"7.6",46,13386,21425,23,294,"2.7","a",0,1,,"false"
"2026-10-02T10:03:43Z",89,"Henry","BRE","-15.9","-15.9","-15.9","-15.9",-1,0,"0.2",44,161,591,1,2,"0.0","a",0,-1,,"false"
"2026-10-02T10:03:43Z",90,"Hickey","BRE","-29.4","-29.4","-29.4","-29.4",-2,0,"0.1",45,182,248,5,152,"1.0","a",0,0,,"false"
"2026-10-02T10:03:43Z",92,"Ji-soo","BRE","-5.2","-5.2","-5.2","-5.2",-1,0,"0.0",44,58,89,0,0,"0.0","a",-1,-1,,"false"
"2026-10-02T10:03:43Z",93,"Schuster","BRE","5.2","5.3","5.4","5.5",1,9,"0.3",45,15299,2381,21,253,"7.0","a",0,0,,"false"
"2026-10-02T10:03:43Z",94,"Schade","BRE","13.9","14.4","15.3","16.3",1,170,"11.6",62,395830,25397,39,447,"8.7","a",1,2,,"false"
"2026-10-02T10:03:43Z",95,"O.Dango","BRE","-49.8","-51.0","-53.1","-55.3",-3,-6,"0.5",63,822,3713,7,179,"1.0","a",0,-2,,"false"
"2026-10-02T10:03:43Z",96,"Damsgaard","BRE","-7.2","-6.2","-4.2","-2.3",-1,5,"0.4",54,1683,2067,16,283,"4.0","a",0,-1,,"false"
"2026-10-02T10:03:43Z",97,"Jensen","BRE","-57.8","-57.8","-57.8","-57.8",-3,0,"0.1",54,20,653,6,66,"0.0","i",0,-1,,"false"
"2026-10-02T10:03:43Z",98,"Janelt","BRE","78.5","78.5","78.6","78.6",3,3,"2.5",50,19741,18023,28,450,"6.0","a",0,0,,"false"
"2026-10-02T10:03:43Z",99,"Milambo","BRE","-43.1","-43.1","-43.1","-43.1",-3,0,"0.0",50,6,7,0,0,"0.0","i",0,0,,"false"
"2026-10-02T10:03:43Z",100,"Carvalho","BRE","0.3","0.3","0.3","0.4",1,1,"0.0",50,611,174,6,3,"2.0","a",0,0,,"false"
"2026-10-02T10:03:43Z",102,"Yarmoliuk","BRE","-18.2","-18.5","-19.1","-19.6",-1,-2,"0.6",48,1353,3322,9,216,"2.3","a",0,-2,,"false"
"2026-10-02T10:03:43Z",103,"Dasilva","BRE","-62.4","-62.4","-62.4","-62.4",-3,0,"0.0",49,9,104,0,0,"0.0","i",0,-1,,"false"
"2026-10-02T10:03:43Z",105,"Anthony","BRE","0.8","0.8","0.8","0.8",1,0,"0.1",59,2347,619,15,267,"4.0","a",0,-1,,"false"
"2026-10-02T10:03:43Z",106,"Thiago","BRE","10.8","11.1","11.7","12.3",1,38,"9.1",78,59037,38604,10,442,"2.7","a",0,-2,,"false"
"2026-10-02T10:03:43Z",107,"Furo","BRE","-6.1","-6.3","-6.6","-6.9",-1,-5,"0.9",45,629,9588,0,0,"0.0","i",0,0,,"false"
"2026-10-02T10:03:43Z",108,"Wilson","BRE","-12.0","-12.0","-12.0","-12.0",-1,0,"0.3",54,1216,2482,3,13,"0.3","a",-1,-1,,"false"
"2026-10-02T10:03:43Z",565,"M.Sangaré","BRE","-32.3","-32.5","-33.0","-33.4",-2,-47,"9.9",56,8471,139525,22,321,"1.3","a",-1,1,,"false"
"2026-10-02T10:03:43Z",620,"Diouf","BRE","-36.1","-36.1","-36.1","-36.1",-2,0,"0.1",45,475,686,2,39,"0.7","a",0,0,,"false"
"2026-10-02T10:03:43Z",657,"Nunes","BRE","0.0","0.0","0.0","0.0",0,0,"0.0",45,347,271,0,0,"0.0","a",0,0,,"false"
"2026-10-02T10:03:43Z",660,"Fredrick","BRE","0.0","0.0","0.0","0.0",0,0,"0.0",40,525,68,0,0,"0.0","a",0,0,,"false"
"2026-10-02T10:03:43Z",661,"Balcombe","BRE","0.0","0.0","0.0","0.1",0,2,"0.0",40,2903,554,0,0,"0.0","a",0,0,,"false"
"2026-10-02T10:03:43Z",109,"Verbruggen","BHA","64.8","64.9","65.0","65.1",3,7,"21.6",45,73104,72749,23,450,"5.7","a",0,0,,"false"
"2026-10-02T10:03:43Z",111,"Steele","BHA","-0.7","-0.8","-0.9","-1.0",-1,-3,"4.1",40,7210,14880,0,0,"0.0","a",0,0,,"false"
"2026-10-02T10:03:43Z",113,"F.Kadıoğlu","BHA","-60.8","-60.8","-60.9","-60.9",-3,-1,"1.6",44,4036,6968,13,332,"4.3","a",0,-1,,"false"
"2026-10-02T10:03:43Z",114,"Boscagli","BHA","2.7","2.7","2.8","2.8",1,2,"0.3",45,2080,799,19,437,"4.7","a",0,0,,"false"
"2026-10-02T10:03:43Z",115,"De Cuyper","BHA","2.7","2.9","3.4","3.9",1,85,"27.8",50,302181,21852,38,423,"7.0","a",1,5,,"false"
"2026-10-02T10:03:43Z",116,"Dunk","BHA","20.2","20.1","20.0","19.9",2,-8,"1.5",45,7588,9989,22,360,"5.7","d",0,0,,"false"
"2026-10-02T10:03:43Z",117,"Coppola","BHA","-12.0","-12.0","-12.0","-12.0",-1,0,"0.0",45,110,101,0,0,"0.0","a",0,0,,"false"
"2026-10-02T10:03:43Z",118,"Igor","BHA","0.0","0.0","0.0","0.0",0,0,"0.0",45,0,296,0,0,"0.0","u",0,0,,"false"
"2026-10-02T10:03:43Z",119,"Costinha","BHA","0.0","0.0","0.0","0.0",0,0,"0.0",45,171,137,4,68,"1.0","a",0,0,,"false"
"2026-10-02T10:03:43Z",120,"Svoboda","BHA","0.5","0.5","0.6","0.6",1,4,"0.1",50,1335,463,1,4,"0.3","a",0,0,,"false"
"2026-10-02T10:03:43Z",121,"Mitoma","BHA","-25.4","-25.4","-25.4","-25.4",-2,0,"0.0",59,127,176,0,0,"0.0","i",0,-1,,"false"
"2026-10-02T10:03:43Z",122,"Minteh","BHA","-5.7","-5.7","-5.7","-5.7",-1,0,"0.0",58,45,233,0,0,"0.0","i",-1,-2,,"false"
"2026-10-02T10:03:43Z",123,"Hinshelwood","BHA","-40.3","-40.5","-40.9","-41.2",-3,-4,"0.6",59,276,6851,16,63,"0.0","i",0,-1,,"false"
"2026-10-02T10:03:43Z",124,"Groß","BHA","95.1","96.2","98.1","100.1",4,356,"29.0",58,795733,12186,47,450,"10.7","a",1,3,,"false"
"2026-10-02T10:03:43Z",125,"Georginio","BHA","-0.2","-0.2","-0.2","-0.2",-1,0,"0.5",53,2691,3882,6,104,"0.3","a",-1,-2,,"false"
"2026-10-02T10:03:43Z",126,"O'Riley","BHA","-8.7","-8.7","-8.7","-8.7",-1,0,"0.1",54,429,572,2,10,"0.7","a",0,-1,,"false"
"2026-10-02T10:03:43Z",127,"Gomez","BHA","31.4","31.3","31.3","31.2",2,-4,"4.0",50,12292,38618,24,433,"4.3","a",0,0,,"false"
"2026-10-02T10:03:43Z",128,"Buonanotte","BHA","0.0","0.0","0.0","0.0",0,0,"0.0",50,0,7,0,0,"0.0","u",0,0,,"false"
"2026-10-02T10:03:43Z",129,"Ayari","BHA","-46.0","-46.0","-46.0","-46.0",-3,0,"0.4",54,2350,2023,15,333,"4.3","a",0,-1,,"false"
"2026-10-02T10:03:43Z",130,"Wieffer","BHA","-31.3","-31.3","-31.3","-31.3",-2,0,"0.2",49,30,1990,7,156,"0.0","i",0,-1,,"false"
"2026-10-02T10:03:43Z",132,"Howell","BHA","0.0","0.0","0.0","0.0",0,0,"0.0",45,0,205,0,0,"0.0","u",0,0,,"false"
"2026-10-02T10:03:43Z",133,"Watson","BHA","0.0","0.0","0.0","0.0",0,0,"0.0",50,0,5,0,0,"0.0","u",0,0,,"false"
"2026-10-02T10:03:43Z",134,"Oriola","BHA","-82.7","-83.1","-83.9","-84.7",-3,-1,"0.2",45,359,1354,0,0,"0.0","a",0,0,,"false"
"2026-10-02T10:03:43Z",135,"Yohanna","BHA","-1.2","-1.2","-1.2","-1.2",-1,0,"0.0",48,25,395,1,12,"0.0","i",-1,-2,,"false"
"2026-10-02T10:03:43Z",137,"Tzimas","BHA","-3.6","-3.6","-3.6","-3.6",-1,0,"0.0",54,37,52,0,0,"0.0","i",0,-1,,"false"
"2026-10-02T10:03:43Z",138,"Kostoulas","BHA","20.8","21.3","22.3","23.3",2,179,"4.2",56,316566,19375,28,353,"7.3","a",1,1,,"false"
"2026-10-02T10:03:43Z",139,"Ferguson","BHA","-59.5","-59.5","-59.5","-59.5",-3,0,"0.0",50,135,259,0,0,"0.0","i",0,0,,"false"
"2026-10-02T10:03:43Z",328,"Struijk","BHA","-8.3","-8.3","-8.3","-8.3",-1,0,"0.2",49,641,889,7,98,"2.3","d",0,-1,,"false"
"2026-10-02T10:03:43Z",504,"Vuskovic","BHA","56.5","56.7","57.0","57.4",3,25,"3.7",50,57279,13549,32,437,"8.7","a",0,0,,"false"
"2026-10-02T10:03:43Z",594,"David","BHA","0.6","0.6","0.7","0.7",1,2,"0.2",59,3211,2228,1,23,"0.0","a",-1,-1,,"false"
"2026-10-02T10:03:43Z",600,"Osman","BHA","-68.1","-68.1","-68.1","-68.1",-3,0,"0.0",50,117,127,3,40,"0.3","a",0,0,,"false"
"2026-10-02T10:03:43Z",605,"Yalcouyé","BHA","54.5","54.5","54.5","54.5",3,-2,"4.0",45,26289,33167,20,236,"3.7","a",0,0,,"false"
"2026-10-02T10:03:43Z",614,"Hadjam","BHA","-5.7","-5.7","-5.7","-5.7",-1,0,"0.0",45,248,256,0,0,"0.0","a",0,0,,"false"
"2026-10-02T10:03:43Z",624,"Cozier-Duberry","BHA","0.0","0.0","0.0","0.0",0,0,"0.0",50,0,5,0,0,"0.0","u",0,0,,"false"
"2026-10-02T10:03:43Z",639,"Andrés","BHA","1.4","1.5","1.5","1.5",1,1,"0.0",55,2762,313,12,109,"4.0","a",0,0,,"false"
"2026-10-02T10:03:43Z",652,"Azeez","BHA","-30.5","-30.5","-30.5","-30.5",-2,0,"0.0",55,19,45,0,0,"0.0","i",0,0,,"false"
"2026-10-02T10:03:43Z",658,"Ibrahim","BHA","0.0","0.0","0.0","0.0",0,0,"0.0",45,313,220,0,0,"0.0","a",0,0,,"false"
"2026-10-02T10:03:43Z",28,"Martinez","CHE","-6.4","-6.3","-6.0","-5.7",-1,9,"4.7",50,7713,22129,9,360,"2.3","a",0,0,,"false"
"2026-10-02T10:03:43Z",40,"Rogers","CHE","88.5","89.0","90.0","90.9",3,65,"40.5",77,150225,70919,29,437,"5.3","a",0,2,,"false"
"2026-10-02T10:03:43Z",101,"Henderson","CHE","0.0","0.0","0.0","0.0",0,0,"0.0",49,514,160,2,90,"0.7","a",0,-1,,"false"
"2026-10-02T10:03:43Z",136,"Welbeck","CHE","6.8","6.9","7.1","7.3",1,11,"1.0",59,7683,9354,4,85,"1.3","a",0,-1,,"false"
"2026-10-02T10:03:43Z",140,"Sánchez","CHE","0.0","0.0","0.0","0.0",0,-4,"0.7",49,0,4881,2,90,"0.0","u",0,-1,,"false"
"2026-10-02T10:03:43Z",141,"Jörgensen","CHE","0.0","0.0","0.0","0.0",0,0,"0.0",50,0,33,0,0,"0.0","u",0,0,,"false"
"2026-10-02T10:03:43Z",142,"James","CHE","-96.9","-97.3","-97.9","-98.6",-4,-44,"5.8",54,632,78391,3,292,"0.7","d",0,-1,,"false"
"2026-10-02T10:03:43Z",143,"Chalobah","CHE","0.0","0.0","0.0","0.0",0,-1,"0.1",55,0,324,0,0,"0.0","u",0,0,,"false"
"2026-10-02T10:03:43Z",144,"Gusto","CHE","-3.5","-3.6","-3.9","-4.1",-1,-3,"1.0",49,1584,6934,4,272,"0.7","a",-1,-1,,"false"
"2026-10-02T10:03:43Z",145,"Fofana","CHE","4.7","4.7","4.8","4.8",1,4,"0.2",50,2518,1302,8,312,"2.7","a",0,0,,"false"
"2026-10-02T10:03:43Z",146,"B.Badiashile","CHE","0.0","0.0","0.0","0.0",0,0,"0.0",45,0,43,0,0,"0.0","u",0,0,,"false"
"2026-10-02T10:03:43Z",148,"Hato","CHE","12.7","12.7","12.6","12.6",1,-2,"0.8",45,823,7394,8,258,"1.0","a",0,0,,"false"
"2026-10-02T10:03:43Z",149,"Colwill","CHE","-10.0","-10.1","-10.3","-10.4",-1,-2,"0.9",48,1082,5443,3,341,"0.7","a",-1,-2,,"false"
"2026-10-02T10:03:43Z",150,"M.Sarr","CHE","0.0","0.0","0.0","0.0",0,0,"0.0",45,0,172,0,0,"0.0","u",0,0,,"false"
"2026-10-02T10:03:43Z",151,"Acheampong","CHE","-11.9","-11.9","-11.9","-11.9",-1,0,"0.3",45,427,1957,5,221,"0.3","a",0,0,,"false"
"2026-10-02T10:03:43Z",152,"Palestra","CHE","-1.6","-1.8","-2.2","-2.5",-1,-3,"0.6",53,231,3862,0,0,"0.0","d",0,-2,,"false"
"2026-10-02T10:03:43Z",154,"Palmer","CHE","-14.1","-14.6","-15.5","-16.5",-1,-115,"25.6",97,48814,170401,28,442,"2.7","d",0,2,,"false"
"2026-10-02T10:03:43Z",156,"Neto","CHE","-7.4","-7.4","-7.6","-7.7",-1,-1,"1.4",65,5223,9692,14,332,"2.0","a",0,0,,"false"
"2026-10-02T10:03:43Z",157,"Estêvão","CHE","-33.0","-33.2","-33.4","-33.7",-2,-1,"0.7",63,1803,4363,4,23,"1.0","a",0,-2,,"false"
"2026-10-02T10:03:43Z",158,"Gittens","CHE","-4.2","-4.2","-4.2","-4.2",-1,0,"0.0",58,155,258,0,0,"0.0","d",-1,-2,,"false"
"2026-10-02T10:03:43Z",159,"Caicedo","CHE","-2.6","-3.0","-3.8","-4.6",-1,-9,"1.0",53,413,9000,1,13,"0.0","d",0,-2,,"false"
"2026-10-02T10:03:43Z",161,"Lavia","CHE","4.7","4.7","4.7","4.7",1,0,"0.2",50,435,2472,11,258,"1.0","a",0,0,,"false"
"2026-10-02T10:03:43Z",163,"D.Essugo","CHE","0.0","0.0","0.0","0.0",0,0,"0.1",45,0,730,0,0,"0.0","u",0,0,,"false"
"2026-10-02T10:03:43Z",164,"Quenda","CHE","-28.2","-28.2","-28.2","-28.2",-2,0,"0.0",53,72,182,2,27,"0.3","a",0,-2,,"false"
"2026-10-02T10:03:43Z",165,"João Pedro","CHE","-2.0","-2.0","-2.1","-2.2",-1,-129,"65.1",77,63984,396652,33,360,"4.3","d",-1,2,,"false"
"2026-10-02T10:03:43Z",168,"Marc Guiu","CHE","0.0","0.0","0.0","0.0",0,0,"0.2",50,0,1556,0,0,"0.0","u",0,0,,"false"
"2026-10-02T10:03:43Z",169,"Mheuka","CHE","4.5","4.4","4.4","4.3",1,-4,"0.5",45,4557,3560,0,0,"0.0","a",0,0,,"false"
"2026-10-02T10:03:43Z",170,"Emegha","CHE","-0.6","-0.6","-0.6","-0.6",-1,0,"0.1",49,80,1103,0,0,"0.0","i",-1,-1,,"false"
"2026-10-02T10:03:43Z",200,"Lacroix","CHE","-7.4","-7.4","-7.3","-7.2",-1,7,"6.8",59,8003,29474,13,364,"2.0","a",-1,-1,,"false"
"2026-10-02T10:03:43Z",560,"Penders","CHE","-0.6","-0.6","-0.6","-0.6",-1,0,"0.1",44,245,299,0,0,"0.0","a",0,-1,,"false"
"2026-10-02T10:03:43Z",561,"Anselmino","CHE","-1.0","-1.0","-1.0","-1.0",-1,0,"0.0",45,66,103,0,0,"0.0","a",0,0,,"false"
"2026-10-02T10:03:43Z",568,"Barco","CHE","-14.4","-14.4","-14.4","-14.4",-1,0,"0.1",54,237,449,3,115,"0.7","a",0,-1,,"false"
"2026-10-02T10:03:43Z",583,"Chavarria","CHE","-50.9","-47.7","-42.0","-36.2",-3,6,"0.1",49,428,552,5,208,"1.0","a",0,-1,,"false"
"2026-10-02T10:03:43Z",662,"Nicoll-Jazuli","CHE","-1.1","-1.1","-1.1","-1.1",-1,0,"0.0",45,340,73,1,3,"1.0","a",0,0,,"false"
"2026-10-02T10:03:43Z",91,"Pinnock","COV","-73.5","-73.5","-73.5","-73.5",-3,0,"0.1",45,397,230,14,282,"4.3","a",0,0,,"false"
"2026-10-02T10:03:43Z",104,"Onyeka","COV","-33.7","-33.7","-33.7","-33.7",-2,0,"0.1",49,176,449,9,314,"2.3","a",0,-1,,"false"
"2026-10-02T10:03:43Z",110,"Rushworth","COV","-58.7","-58.7","-58.7","-58.7",-3,0,"0.8",45,2586,5940,16,450,"4.3","a",0,0,,"false"
"2026-10-02T10:03:43Z",171,"Dovin","COV","0.0","0.0","0.0","0.0",0,0,"1.0",40,0,4788,0,0,"0.0","u",0,0,,"false"
"2026-10-02T10:03:43Z",172,"Wilson","COV","-6.3","-6.3","-6.3","-6.3",-1,0,"0.4",44,243,689,0,0,"0.0","a",0,-1,,"false"
"2026-10-02T10:03:43Z",173,"Thomas","COV","17.3","17.3","17.3","17.3",1,-1,"8.5",40,26400,32204,24,437,"4.3","a",0,0,,"false"
"2026-10-02T10:03:43Z",174,"Kitching","COV","0.0","0.0","0.0","0.0",0,0,"0.3",40,0,1833,0,0,"0.0","u",0,0,,"false"
"2026-10-02T10:03:43Z",175,"van Ewijk","COV","-49.4","-49.5","-49.7","-49.9",-3,-22,"8.7",40,1176,76564,6,360,"1.0","d",0,0,,"false"
"2026-10-02T10:03:43Z",176,"Dasilva","COV","-30.6","-30.2","-29.5","-28.7",-2,4,"0.7",40,6462,1795,20,444,"5.7","a",0,0,,"false"
"2026-10-02T10:03:43Z",177,"Kesler-Hayden","COV","0.2","0.2","0.2","0.2",1,0,"0.0",39,1034,576,0,0,"0.0","i",-1,-1,,"false"
"2026-10-02T10:03:43Z",178,"Bidwell","COV","-30.3","-30.3","-30.3","-30.3",-2,0,"0.1",40,182,300,0,0,"0.0","a",0,0,,"false"
"2026-10-02T10:03:43Z",179,"Latibeaudiere","COV","-76.8","-76.8","-76.8","-76.8",-3,0,"0.0",40,73,137,1,1,"0.3","a",0,0,,"false"
"2026-10-02T10:03:43Z",180,"Woolfenden","COV","-97.9","-97.9","-97.9","-97.9",-4,0,"0.1",40,33,509,0,0,"0.0","i",0,0,,"false"
"2026-10-02T10:03:43Z",181,"Brau","COV","0.0","0.0","0.0","0.0",0,0,"0.0",40,0,102,0,0,"0.0","u",0,0,,"false"
"2026-10-02T10:03:43Z",182,"Amenda","COV","-55.0","-55.2","-55.6","-55.9",-3,-4,"0.6",40,37,6862,4,360,"0.7","i",0,0,,"false"
"2026-10-02T10:03:43Z",183,"Rudoni","COV","0.1","0.1","0.1","0.1",1,0,"0.1",49,919,682,13,297,"3.0","a",0,-1,,"false"
"2026-10-02T10:03:43Z",184,"Grimes","COV","-29.0","-29.0","-29.0","-29.0",-2,0,"0.1",49,186,868,11,443,"2.3","a",0,-1,,"false"
"2026-10-02T10:03:43Z",185,"Sakamoto","COV","-23.1","-23.1","-23.1","-23.1",-2,0,"0.1",48,129,386,1,31,"0.0","a",0,-2,,"false"
"2026-10-02T10:03:43Z",186,"Mason-Clark","COV","-2.3","-2.3","-2.3","-2.3",-1,0,"0.1",53,73,364,5,231,"1.3","a",-1,-2,,"false"
"2026-10-02T10:03:43Z",187,"Eccles","COV","-4.4","-6.8","-11.2","-15.6",-1,-1,"0.0",48,20,90,0,0,"0.0","i",-1,-2,,"false"
"2026-10-02T10:03:43Z",188,"Torp","COV","-11.7","-11.7","-11.7","-11.7",-1,0,"0.1",53,43,440,3,53,"0.3","a",-1,-2,,"false"
"2026-10-02T10:03:43Z",189,"Shepherd","COV","0.8","0.8","0.8","0.8",1,0,"0.3",44,4066,2280,0,0,"0.0","a",0,-1,,"false"
"2026-10-02T10:03:43Z",190,"Tchaouna","COV","-82.7","-82.7","-82.7","-82.7",-3,0,"0.1",54,24,350,5,211,"0.7","a",0,-1,,"false"
"2026-10-02T10:03:43Z",191,"Borges Rodrigues","COV","0.0","0.0","0.0","0.0",0,0,"0.1",45,0,683,0,0,"0.0","u",0,0,,"false"
"2026-10-02T10:03:43Z",192,"Andrews","COV","0.0","0.0","0.0","0.0",0,-2,"0.3",45,0,1982,0,0,"0.0","u",0,0,,"false"
"2026-10-02T10:03:43Z",193,"Wright","COV","-0.2","-0.2","-0.2","-0.2",-1,0,"0.1",53,48,555,0,0,"0.0","i",-1,-2,,"false"
"2026-10-02T10:03:43Z",194,"Thomas-Asante","COV","2.8","2.8","2.9","2.9",1,1,"0.8",50,8149,5954,9,227,"2.0","a",0,0,,"false"
"2026-10-02T10:03:43Z",195,"Simms","COV","-0.0","-0.0","-0.0","-0.0",0,0,"0.6",49,1919,5277,4,104,"0.7","a",-1,-1,,"false"
"2026-10-02T10:03:43Z",196,"Markelo","COV","0.0","0.0","0.0","0.0",0,0,"0.0",50,0,60,0,0,"0.0","u",0,0,,"false"
"2026-10-02T10:03:43Z",197,"Bassette","COV","0.0","0.0","0.0","0.0",0,0,"0.0",45,0,145,0,0,"0.0","u",0,0,,"false"
"2026-10-02T10:03:43Z",492,"Awoniyi","COV","-13.6","-13.7","-13.9","-14.1",-1,-2,"0.4",54,68,5060,3,232,"0.0","s",-1,-1,,"false"
"2026-10-02T10:03:43Z",575,"Yirenkyi","COV","-2.9","-2.9","-2.9","-2.9",-1,0,"0.1",48,293,1013,9,265,"1.7","a",-1,-2,,"false"
"2026-10-02T10:03:43Z",584,"Hamer","COV","-85.9","-85.9","-85.9","-85.9",-3,0,"0.1",54,43,399,3,32,"0.3","a",0,-1,,"false"
"2026-10-02T10:03:43Z",599,"Cherif","COV","-6.3","-6.3","-6.3","-6.3",-1,0,"0.1",50,539,760,1,30,"0.3","a",0,0,,"false"
"2026-10-02T10:03:43Z",623,"Bentley","COV","2.1","2.2","2.2","2.2",1,1,"0.6",40,8074,2329,0,0,"0.0","a",0,0,,"false"
"2026-10-02T10:03:43Z",655,"Gboho","COV","0.0","0.0","0.0","0.0",0,0,"0.0",55,70,52,0,0,"0.0","a",0,0,,"false"
"2026-10-02T10:03:43Z",656,"Mfuni","COV","0.1","0.1","0.1","0.1",1,0,"0.1",40,1870,869,6,90,"3.0","a",0,0,,"false"
"2026-10-02T10:03:43Z",42,"Guessand","CRY","-27.3","-27.3","-27.3","-27.3",-2,0,"0.0",54,111,267,2,54,"0.0","a",0,-1,,"false"
"2026-10-02T10:03:43Z",153,"Disasi","CRY","-62.4","-62.4","-62.4","-62.4",-3,0,"0.1",45,27,769,1,139,"0.0","s",0,0,,"false"
"2026-10-02T10:03:43Z",198,"Henderson","CRY","-99.2","-99.4","-99.7","-100.1",-4,-8,"1.3",50,146,11224,5,270,"0.7","i",0,0,,"false"
"2026-10-02T10:03:43Z",199,"Benitez","CRY","-24.0","-24.0","-24.0","-24.0",-2,0,"0.1",45,689,376,8,180,"2.7","a",0,0,,"false"
"2026-10-02T10:03:43Z",202,"Richards","CRY","0.0","0.0","0.0","0.0",0,0,"0.6",49,1608,2199,14,450,"3.7","a",-1,-1,,"false"
"2026-10-02T10:03:43Z",203,"Canvot","CRY","-0.4","-0.4","-0.4","-0.4",-1,0,"0.2",48,409,868,10,360,"3.0","a",-1,-2,,"false"
"2026-10-02T10:03:43Z",204,"Mitchell","CRY","26.8","26.8","26.9","27.0",2,5,"6.1",45,14657,16179,24,419,"7.7","a",0,0,,"false"
"2026-10-02T10:03:43Z",205,"Sosa","CRY","0.0","0.0","0.0","0.0",0,0,"0.0",45,0,106,0,0,"0.0","u",0,0,,"false"
"2026-10-02T10:03:43Z",206,"Chadi Riad","CRY","-4.4","-4.4","-4.4","-4.4",-1,0,"0.0",43,25,121,1,72,"0.0","i",-1,-2,,"false"
"2026-10-02T10:03:43Z",207,"Mingueza","CRY","-89.8","-88.0","-84.8","-81.6",-3,1,"0.1",44,80,279,2,16,"0.3","a",0,-1,,"false"
"2026-10-02T10:03:43Z",208,"Sarr","CRY","0.1","0.1","0.1","0.1",1,1,"0.6",62,2544,2209,1,8,"0.3","a",0,-3,,"false"
"2026-10-02T10:03:43Z",210,"Wharton","CRY","-2.5","-2.5","-2.5","-2.5",-1,0,"0.7",54,1172,4556,12,436,"2.0","a",-1,-1,,"false"
"2026-10-02T10:03:43Z",211,"Yeremy","CRY","4.7","4.7","4.7","4.7",1,0,"0.3",55,698,2631,14,307,"2.7","a",0,0,,"false"
"2026-10-02T10:03:43Z",212,"Hughes","CRY","-20.5","-20.7","-21.0","-21.3",-2,-16,"7.3",44,9063,44317,2,29,"0.7","a",0,-1,,"false"
"2026-10-02T10:03:43Z",213,"Lerma","CRY","-2.2","-2.2","-2.2","-2.2",-1,0,"0.1",48,91,379,1,51,"0.3","a",-1,-2,,"false"
"2026-10-02T10:03:43Z",214,"Kamada","CRY","11.6","11.6","11.6","11.6",1,1,"0.5",50,3247,3009,21,441,"5.3","a",0,0,,"false"
"2026-10-02T10:03:43Z",215,"Devenny","CRY","0.0","0.0","0.0","0.0",0,0,"0.0",50,0,33,0,0,"0.0","u",0,0,,"false"
"2026-10-02T10:03:43Z",216,"Esse","CRY","0.0","0.0","0.0","0.0",0,0,"0.0",50,0,125,0,0,"0.0","u",0,0,,"false"
"2026-10-02T10:03:43Z",217,"M.França","CRY","0.0","0.0","0.0","0.0",0,0,"0.0",49,0,159,0,0,"0.0","u",0,-1,,"false"
"2026-10-02T10:03:43Z",218,"Doucouré","CRY","-2.3","-2.3","-2.3","-2.3",-1,0,"0.0",48,112,294,0,0,"0.0","a",-1,-2,,"false"
"2026-10-02T10:03:43Z",219,"J.Rak-Sakyi","CRY","0.0","0.0","0.0","0.0",0,0,"0.0",49,0,25,0,0,"0.0","u",0,-1,,"false"
"2026-10-02T10:03:43Z",220,"Cardines","CRY","0.0","0.0","0.0","0.0",0,0,"0.0",45,0,3,0,0,"0.0","u",0,0,,"false"
"2026-10-02T10:03:43Z",221,"Drakes-Thomas","CRY","-95.5","-95.5","-95.5","-95.5",-4,0,"0.1",45,139,423,0,0,"0.0","a",0,0,,"false"
"2026-10-02T10:03:43Z",222,"Strand Larsen","CRY","5.2","5.3","5.3","5.3",1,2,"0.7",60,4947,3907,14,298,"3.7","a",0,0,,"false"
"2026-10-02T10:03:43Z",223,"Mateta","CRY","-26.0","-26.1","-26.2","-26.4",-2,-4,"1.3",63,213,9150,2,62,"0.0","i",0,-2,,"false"
"2026-10-02T10:03:43Z",224,"Nketiah","CRY","-18.1","-18.1","-18.1","-18.1",-1,0,"0.5",55,1288,3358,8,175,"1.7","a",0,0,,"false"
"2026-10-02T10:03:43Z",225,"Uche","CRY","0.0","0.0","0.0","0.0",0,0,"0.0",50,0,0,0,0,"0.0","u",0,0,,"false"
"2026-10-02T10:03:43Z",241,"McNeil","CRY","-97.2","-97.2","-97.2","-97.2",-4,0,"0.1",54,74,478,3,84,"0.0","a",0,-1,,"false"
"2026-10-02T10:03:43Z",555,"Matthews","CRY","-9.3","-9.3","-9.3","-9.3",-1,0,"1.7",40,1104,3032,0,0,"0.0","a",0,0,,"false"
"2026-10-02T10:03:43Z",577,"Tomiyasu","CRY","-14.2","-14.2","-14.2","-14.2",-1,0,"0.3",44,149,1194,3,189,"0.3","d",0,-1,,"false"
"2026-10-02T10:03:43Z",588,"Khalaili","CRY","6.8","6.8","6.8","6.8",1,0,"0.3",50,2085,1120,19,379,"5.3","a",0,0,,"false"
"2026-10-02T10:03:43Z",595,"Gozo","CRY","-0.6","-0.6","-0.6","-0.6",-1,0,"0.0",49,41,90,2,28,"0.3","a",-1,-1,,"false"
"2026-10-02T10:03:43Z",633,"Ahanor","CRY","0.1","0.1","0.1","0.1",1,0,"0.0",45,139,108,3,90,"1.0","a",0,0,,"false"
"2026-10-02T10:03:43Z",643,"Chilwell","CRY","-74.6","-75.0","-75.7","-76.4",-3,-2,"0.4",45,566,2946,8,29,"2.7","a",0,0,,"false"
"2026-10-02T10:03:43Z",644,"Timber","CRY","0.2","0.2","0.2","0.2",1,0,"0.0",50,468,323,9,253,"3.0","a",0,0,,"false"
"2026-10-02T10:03:43Z",647,"Osorio","CRY","-74.5","-74.5","-74.5","-74.5",-3,0,"0.0",55,27,75,1,1,"0.3","a",0,0,,"false"
"2026-10-02T10:03:43Z",21,"Nørgaard","EVE","-0.3","-0.3","-0.3","-0.3",-1,0,"0.0",48,55,327,0,0,"0.0","i",-1,-2,,"false"
"2026-10-02T10:03:43Z",209,"Johnson","EVE","-19.6","-19.6","-19.6","-19.6",-1,0,"0.1",59,415,714,9,238,"2.3","a",0,-1,,"false"
"2026-10-02T10:03:43Z",226,"Pickford","EVE","29.8","29.8","29.8","29.9",2,3,"9.1",55,28850,15678,25,450,"5.0","a",0,0,,"false"
"2026-10-02T10:03:43Z",227,"Travers","EVE","-32.6","-30.0","-25.3","-20.5",-2,1,"0.0",50,252,263,0,0,"0.0","a",0,0,,"false"
"2026-10-02T10:03:43Z",228,"King","EVE","-42.0","-42.0","-42.0","-42.0",-3,0,"0.0",45,114,171,0,0,"0.0","a",0,0,,"false"
"2026-10-02T10:03:43Z",229,"Tarkowski","EVE","0.5","0.6","1.0","1.3",1,57,"16.6",62,235077,20919,43,450,"8.3","a",1,2,,"false"
"2026-10-02T10:03:43Z",230,"Branthwaite","EVE","36.0","36.0","36.0","36.0",2,1,"2.4",55,19833,7268,27,450,"5.7","a",0,0,,"false"
"2026-10-02T10:03:43Z",231,"Keane","EVE","-39.6","-39.9","-40.5","-41.1",-2,-3,"0.7",48,388,3858,0,0,"0.0","a",0,-2,,"false"
"2026-10-02T10:03:43Z",232,"O'Brien","EVE","-4.1","-4.7","-5.9","-7.0",-1,-4,"0.3",48,334,1152,2,16,"0.7","a",-1,-2,,"false"
"2026-10-02T10:03:43Z",233,"Mykolenko","EVE","1.3","1.2","1.1","1.0",1,-18,"4.2",46,41322,22164,27,450,"5.7","d",1,1,,"false"
"2026-10-02T10:03:43Z",234,"Patterson","EVE","0.0","0.0","0.0","0.0",0,0,"0.0",45,0,124,0,0,"0.0","u",0,0,,"false"
"2026-10-02T10:03:43Z",235,"Aznou","EVE","0.0","0.0","0.0","0.0",0,0,"0.1",40,0,560,0,0,"0.0","u",0,0,,"false"
"2026-10-02T10:03:43Z",236,"Dewsbury-Hall","EVE","-15.8","-16.0","-16.4","-16.8",-1,-14,"6.0",66,34384,44786,20,450,"2.3","a",1,1,,"false"
"2026-10-02T10:03:43Z",238,"Grealish","EVE","8.8","8.8","8.9","8.9",1,4,"0.5",65,3787,2991,6,135,"1.7","a",0,0,,"false"
"2026-10-02T10:03:43Z",239,"Garner","EVE","3.5","3.5","3.5","3.5",1,1,"0.2",60,1752,2009,11,328,"3.0","a",0,0,,"false"
"2026-10-02T10:03:43Z",242,"George","EVE","30.4","30.3","30.3","30.2",2,-3,"0.9",55,2459,10815,19,309,"4.7","a",0,0,,"false"
"2026-10-02T10:03:43Z",243,"Alcaraz","EVE","-46.9","-46.9","-46.9","-46.9",-3,0,"0.1",49,160,407,1,5,"0.0","a",0,-1,,"false"
"2026-10-02T10:03:43Z",244,"Armstrong","EVE","9.4","9.5","9.5","9.6",1,4,"0.4",50,849,3323,16,446,"2.0","a",0,0,,"false"
"2026-10-02T10:03:43Z",245,"Dibling","EVE","-90.9","-90.9","-90.9","-90.9",-3,0,"0.0",54,119,158,1,24,"0.3","a",0,-1,,"false"
"2026-10-02T10:03:43Z",246,"Röhl","EVE","-46.2","-46.2","-46.2","-46.2",-3,0,"0.0",49,7,586,6,249,"0.3","i",0,-1,,"false"
"2026-10-02T10:03:43Z",247,"Hackney","EVE","-5.4","-5.4","-5.4","-5.4",-1,0,"0.2",54,191,1089,10,137,"2.0","a",-1,-1,,"false"
"2026-10-02T10:03:43Z",248,"Beto","EVE","0.0","0.0","0.0","0.0",0,-2,"0.6",54,0,7341,2,31,"0.0","u",0,-1,,"false"
"2026-10-02T10:03:43Z",249,"Barry","EVE","0.4","0.5","0.6","0.8",1,27,"8.3",57,85353,39313,20,417,"3.3","a",1,2,,"false"
"2026-10-02T10:03:43Z",649,"Maitland-Niles","EVE","17.6","17.6","17.7","17.8",1,7,"1.4",45,19495,4765,21,177,"7.0","a",0,0,,"false"
"2026-10-02T10:03:43Z",654,"Graham","EVE","-34.9","-35.9","-37.7","-39.6",-2,-1,"0.1",45,234,1009,0,0,"0.0","a",0,0,,"false"
"2026-10-02T10:03:43Z",250,"Leno","FUL","8.9","9.0","9.2","9.3",1,10,"3.4",45,39476,11436,18,450,"4.3","a",0,0,,"false"
"2026-10-02T10:03:43Z",251,"Lecomte","FUL","-24.1","-24.1","-24.1","-24.1",-2,0,"1.1",40,2510,2522,0,0,"0.0","a",0,0,,"false"
"2026-10-02T10:03:43Z",252,"McNally","FUL","0.0","0.0","0.0","0.0",0,0,"0.1",40,0,602,0,0,"0.0","u",0,0,,"false"
"2026-10-02T10:03:43Z",253,"Andersen","FUL","0.8","0.8","0.8","0.8",1,0,"0.2",50,2732,1093,3,190,"0.7","a",0,0,,"false"
"2026-10-02T10:03:43Z",254,"Robinson","FUL","-18.7","-18.3","-17.6","-16.8",-1,7,"1.5",45,16045,6716,12,429,"3.0","a",0,0,,"false"
"2026-10-02T10:03:43Z",255,"J.Cuenca","FUL","-73.6","-73.6","-73.6","-73.6",-3,0,"0.0",45,67,113,3,90,"0.0","a",0,0,,"false"
"2026-10-02T10:03:43Z",256,"Tete","FUL","-0.8","-1.4","-2.4","-3.4",-1,-1,"0.2",44,57,1044,0,27,"0.0","a",0,-1,,"false"
"2026-10-02T10:03:43Z",257,"Bassey","FUL","0.1","0.2","0.3","0.4",1,8,"0.7",45,5544,1826,15,450,"4.3","a",0,0,,"false"
"2026-10-02T10:03:43Z",258,"Castagne","FUL","14.4","14.4","14.6","14.7",1,8,"0.9",45,14745,4905,20,408,"2.7","a",0,0,,"false"
"2026-10-02T10:03:43Z",261,"Iwobi","FUL","-59.2","-58.9","-58.4","-57.8",-3,2,"0.7",54,3484,3256,14,408,"3.3","a",0,-1,,"false"
"2026-10-02T10:03:43Z",262,"Smith Rowe","FUL","-1.1","-1.1","-1.1","-1.1",-1,0,"0.2",53,308,1344,3,38,"0.7","a",-1,-2,,"false"
"2026-10-02T10:03:43Z",263,"Kevin","FUL","-13.3","-13.3","-13.3","-13.3",-1,0,"0.0",53,195,287,4,61,"0.7","a",0,-2,,"false"
"2026-10-02T10:03:43Z",264,"Bobb","FUL","-48.0","-47.5","-46.6","-45.7",-3,2,"0.3",55,2372,1804,13,343,"2.7","a",0,0,,"false"
"2026-10-02T10:03:43Z",265,"Berge","FUL","-34.4","-34.4","-34.4","-34.4",-2,0,"0.3",49,629,1307,11,349,"2.3","a",0,-1,,"false"
"2026-10-02T10:03:43Z",266,"Cairney","FUL","-15.4","-15.4","-15.4","-15.4",-1,0,"0.0",49,8,20,0,0,"0.0","i",0,-1,,"false"
"2026-10-02T10:03:43Z",268,"King","FUL","89.5","89.9","90.7","91.4",3,51,"2.6",55,88980,18508,24,425,"5.0","a",0,0,,"false"
"2026-10-02T10:03:43Z",269,"Sessegnon","FUL","-1.8","-1.8","-1.8","-1.8",-1,0,"0.3",43,299,1306,3,50,"0.3","a",-1,-2,,"false"
"2026-10-02T10:03:43Z",270,"Reed","FUL","-11.5","-11.6","-11.8","-12.0",-1,-1,"1.1",44,2809,6864,0,0,"0.0","a",0,-1,,"false"
"2026-10-02T10:03:43Z",271,"Muniz","FUL","-51.1","-51.1","-51.1","-51.1",-3,0,"0.4",54,1742,2688,3,38,"0.7","a",0,-1,,"false"
"2026-10-02T10:03:43Z",272,"Kusi-Asare","FUL","-64.3","-64.4","-64.6","-64.8",-3,-7,"5.4",45,10934,33339,0,0,"0.0","a",0,0,,"false"
"2026-10-02T10:03:43Z",569,"Gonzalo","FUL","58.6","58.9","59.4","60.0",3,37,"4.0",60,69107,32644,14,425,"2.0","a",0,0,,"false"
"2026-10-02T10:03:43Z",570,"Palacios","FUL","-7.3","-7.3","-7.3","-7.3",-1,0,"0.2",54,707,948,12,226,"3.0","a",0,-1,,"false"
"2026-10-02T10:03:43Z",580,"Charles","FUL","-81.3","-81.3","-81.3","-81.3",-3,0,"0.1",50,618,438,13,303,"3.7","a",0,0,,"false"
"2026-10-02T10:03:43Z",610,"De Fougerolles","FUL","0.0","0.0","0.0","0.0",0,0,"0.1",40,0,504,0,0,"0.0","u",0,0,,"false"
"2026-10-02T10:03:43Z",626,"Zepa","FUL","0.2","0.2","0.2","0.2",1,2,"0.3",44,709,2258,0,0,"0.0","a",-1,-1,,"false"
"2026-10-02T10:03:43Z",635,"Larsson","FUL","0.0","0.0","0.0","0.0",0,0,"0.0",50,95,71,3,37,"1.0","a",0,0,,"false"
"2026-10-02T10:03:43Z",636,"Ángel","FUL","0.0","0.0","0.0","0.0",0,0,"0.0",50,32,27,0,0,"0.0","a",0,0,,"false"
"2026-10-02T10:03:43Z",650,"Affengruber","FUL","1.2","1.2","1.3","1.3",1,2,"0.1",45,5910,1399,12,180,"4.0","a",0,0,,"false"
"2026-10-02T10:03:43Z",240,"Iroegbunam","HUL","0.1","0.1","0.1","0.1",1,0,"0.0",50,75,138,2,70,"0.3","a",0,0,,"false"
"2026-10-02T10:03:43Z",273,"Phillips","HUL","-28.5","-28.5","-28.5","-28.5",-2,0,"1.4",40,3015,3524,0,0,"0.0","a",0,0,,"false"
"2026-10-02T10:03:43Z",274,"Butland","HUL","-0.7","-0.7","-0.7","-0.7",-1,0,"0.1",44,68,323,0,0,"0.0","i",-1,-1,,"false"
"2026-10-02T10:03:43Z",275,"Cartwright","HUL","0.0","0.0","0.0","0.0",0,0,"0.0",40,0,25,0,0,"0.0","u",0,0,,"false"
"2026-10-02T10:03:43Z",276,"Lo-Tutala","HUL","0.0","0.0","0.0","0.0",0,0,"0.0",40,0,115,0,0,"0.0","u",0,0,,"false"
"2026-10-02T10:03:43Z",277,"Egan","HUL","26.4","26.4","26.4","26.3",2,-2,"7.0",41,27239,29641,26,437,"3.0","a",0,1,,"false"
"2026-10-02T10:03:43Z",278,"Hughes","HUL","0.5","0.5","0.5","0.5",1,0,"0.2",39,1102,1950,0,0,"0.0","i",0,-1,,"false"
"2026-10-02T10:03:43Z",279,"Ajayi","HUL","70.2","70.2","70.1","70.0",3,-6,"14.0",42,43754,59345,27,423,"2.3","a",0,2,,"false"
"2026-10-02T10:03:43Z",280,"Coyle","HUL","0.3","0.3","0.3","0.3",1,0,"0.7",40,2081,2054,14,348,"2.7","a",0,0,,"false"
"2026-10-02T10:03:43Z",281,"Drameh","HUL","0.0","0.0","0.0","0.0",0,0,"0.0",40,0,256,2,65,"0.0","u",0,0,,"false"
"2026-10-02T10:03:43Z",282,"Giles","HUL","70.9","70.9","70.9","70.9",3,0,"2.9",40,21405,13910,24,444,"4.0","a",0,0,,"false"
"2026-10-02T10:03:43Z",283,"Jacob","HUL","0.0","0.0","0.0","0.0",0,0,"0.0",40,0,36,0,0,"0.0","u",0,0,,"false"
"2026-10-02T10:03:43Z",284,"McCarthy","HUL","0.5","0.5","0.5","0.5",1,0,"0.1",40,393,439,0,0,"0.0","a",0,0,,"false"
"2026-10-02T10:03:43Z",285,"McNair","HUL","-42.3","-42.3","-42.3","-42.3",-3,0,"0.1",40,195,413,1,26,"0.0","a",0,0,,"false"
"2026-10-02T10:03:43Z",286,"Belloumi","HUL","37.4","37.5","37.8","38.1",2,20,"5.2",51,76845,25211,31,394,"7.3","a",0,1,,"false"
"2026-10-02T10:03:43Z",287,"Millar","HUL","0.0","0.0","0.0","0.0",0,0,"0.0",50,0,300,6,50,"0.0","u",0,0,,"false"
"2026-10-02T10:03:43Z",288,"Dowell","HUL","-97.1","-97.1","-97.1","-97.1",-4,0,"0.3",45,590,2023,0,0,"0.0","a",0,0,,"false"
"2026-10-02T10:03:43Z",289,"Crooks","HUL","0.7","0.7","0.7","0.7",1,0,"0.5",44,5077,4195,3,203,"0.3","a",-1,-1,,"false"
"2026-10-02T10:03:43Z",290,"Slater","HUL","75.7","75.6","75.6","75.5",3,-5,"5.2",45,15830,37428,15,437,"2.3","a",0,0,,"false"
"2026-10-02T10:03:43Z",291,"Matazo","HUL","-14.9","-14.9","-14.9","-14.9",-1,0,"0.0",45,30,54,0,0,"0.0","i",0,0,,"false"
"2026-10-02T10:03:43Z",292,"Ömür","HUL","-11.3","-28.7","-60.5","-92.2",-2,-3,"0.0",49,86,149,0,0,"0.0","a",0,-1,,"false"
"2026-10-02T10:03:43Z",293,"Kamara","HUL","0.0","0.0","0.0","0.0",0,0,"0.0",50,0,12,0,0,"0.0","u",0,0,,"false"
"2026-10-02T10:03:43Z",294,"Zambrano","HUL","-22.7","-23.8","-25.9","-27.9",-2,-1,"0.1",45,151,493,0,0,"0.0","a",0,0,,"false"
"2026-10-02T10:03:43Z",295,"McBurnie","HUL","28.0","28.1","28.1","28.2",2,5,"1.9",55,8081,18037,13,441,"2.3","a",0,0,,"false"
"2026-10-02T10:03:43Z",296,"Akintola","HUL","0.0","0.0","0.0","0.0",0,0,"0.0",50,0,273,0,0,"0.0","u",0,0,,"false"
"2026-10-02T10:03:43Z",297,"Gyabi","HUL","-0.6","-0.6","-0.6","-0.6",-1,0,"0.0",44,60,143,0,0,"0.0","i",-1,-1,,"false"
"2026-10-02T10:03:43Z",298,"Destan","HUL","0.0","0.0","0.0","0.0",0,0,"0.2",45,0,1345,0,0,"0.0","u",0,0,,"false"
"2026-10-02T10:03:43Z",299,"Burstow","HUL","0.0","0.0","0.0","0.0",0,0,"0.0",45,0,218,0,0,"0.0","u",0,0,,"false"
"2026-10-02T10:03:43Z",340,"Gelhardt","HUL","0.0","0.0","0.0","0.0",0,0,"0.0",50,97,109,1,7,"0.3","a",0,0,,"false"
"2026-10-02T10:03:43Z",556,"Targett","HUL","-75.4","-75.6","-75.9","-76.2",-3,-6,"1.6",40,112,9947,1,5,"0.0","d",0,0,,"false"
"2026-10-02T10:03:43Z",563,"Morita","HUL","-0.4","-0.4","-0.4","-0.4",-1,0,"0.0",49,24,179,1,45,"0.0","i",-1,-1,,"false"
"2026-10-02T10:03:43Z",572,"Tzolakis","HUL","0.7","0.8","0.9","1.0",1,19,"12.8",47,125976,22195,34,450,"4.7","a",1,2,,"false"
"2026-10-02T10:03:43Z",574,"Hjertø-Dahl","HUL","-76.3","-76.3","-76.3","-76.3",-3,0,"0.1",49,75,327,1,8,"0.3","a",0,-1,,"false"
"2026-10-02T10:03:43Z",576,"Stroud","HUL","-53.2","-53.2","-53.2","-53.2",-3,0,"0.1",50,145,461,7,249,"1.3","a",0,0,,"false"
"2026-10-02T10:03:43Z",585,"Herrington","HUL","-27.7","-27.7","-27.7","-27.7",-2,0,"0.6",40,1047,1695,5,197,"1.0","a",0,0,,"false"
"2026-10-02T10:03:43Z",586,"Mendy","HUL","-0.6","-0.7","-0.9","-1.1",-1,-8,"6.3",41,7081,33641,25,249,"3.0","a",0,1,,"false"
"2026-10-02T10:03:43Z",589,"Gourna-Douath","HUL","-80.1","-75.8","-68.1","-60.3",-3,1,"0.0",50,33,109,4,138,"1.0","a",0,0,,"false"
"2026-10-02T10:03:43Z",617,"Cho","HUL","0.2","0.2","0.2","0.2",1,0,"0.0",50,353,150,9,72,"2.7","a",0,0,,"false"
"2026-10-02T10:03:43Z",632,"Ansah","HUL","-65.6","-65.6","-65.6","-65.6",-3,0,"0.0",50,74,416,0,0,"0.0","i",0,0,,"false"
"2026-10-02T10:03:43Z",637,"Vaz","HUL","1.3","1.3","1.3","1.3",1,2,"0.1",50,1852,1158,2,20,"0.7","a",0,0,,"false"
"2026-10-02T10:03:43Z",638,"Norton-Cuffy","HUL","-26.5","-26.9","-27.6","-28.3",-2,-2,"0.2",40,454,2598,1,34,"0.3","d",0,0,,"false"
"2026-10-02T10:03:43Z",642,"Thomas","HUL","0.3","0.3","0.3","0.3",1,0,"0.0",55,481,350,4,119,"1.3","a",0,0,,"false"
"2026-10-02T10:03:43Z",645,"Mouzakitis","HUL","0.0","0.0","0.0","0.0",0,0,"0.0",50,90,91,0,0,"0.0","a",0,0,,"false"
"2026-10-02T10:03:43Z",259,"Diop","IPS","-53.8","-53.8","-53.9","-53.9",-3,-4,"12.7",40,7122,55644,12,450,"2.7","a",0,0,,"false"
"2026-10-02T10:03:43Z",267,"Lukić","IPS","-5.5","-5.5","-5.5","-5.5",-1,0,"0.1",49,195,527,11,400,"1.7","a",-1,-1,,"false"
"2026-10-02T10:03:43Z",300,"Walton","IPS","-7.3","-7.0","-6.5","-6.1",-1,1,"0.4",44,1697,1060,2,90,"0.7","a",0,-1,,"false"
"2026-10-02T10:03:43Z",301,"Palmer","IPS","-25.9","-25.9","-25.9","-25.9",-2,0,"3.9",40,4004,11966,0,0,"0.0","a",0,0,,"false"
"2026-10-02T10:03:43Z",302,"Button","IPS","1.1","1.1","1.1","1.1",1,0,"0.6",40,1474,1333,0,0,"0.0","a",0,0,,"false"
"2026-10-02T10:03:43Z",303,"Kipré","IPS","3.2","3.2","3.2","3.2",1,1,"0.9",39,4518,4415,0,0,"0.0","a",0,-1,,"false"
"2026-10-02T10:03:43Z",304,"O'Shea","IPS","-40.8","-40.9","-41.0","-41.1",-3,-2,"2.7",40,1996,14799,10,450,"2.0","a",0,0,,"false"
"2026-10-02T10:03:43Z",305,"Davis","IPS","73.4","73.5","73.5","73.6",3,6,"6.9",40,50879,28054,25,450,"5.7","a",0,0,,"false"
"2026-10-02T10:03:43Z",306,"Greaves","IPS","-91.8","-91.8","-91.8","-91.8",-3,0,"1.1",40,482,3492,3,357,"0.7","a",0,0,,"false"
"2026-10-02T10:03:43Z",307,"Johnson","IPS","0.0","0.0","0.0","0.0",0,0,"0.1",40,0,362,0,0,"0.0","u",0,0,,"false"
"2026-10-02T10:03:43Z",308,"Furlong","IPS","2.1","2.1","2.1","2.2",1,2,"0.6",39,6433,2936,1,17,"0.0","a",0,-1,,"false"
"2026-10-02T10:03:43Z",309,"Núñez","IPS","-35.9","-35.9","-35.9","-35.9",-2,0,"0.1",49,100,643,6,140,"0.0","a",0,-1,,"false"
"2026-10-02T10:03:43Z",310,"Matusiwa","IPS","0.0","0.0","0.0","0.0",0,0,"0.0",49,15,18,0,0,"0.0","a",0,-1,,"false"
"2026-10-02T10:03:43Z",311,"Burns","IPS","0.0","0.0","0.0","0.0",0,0,"0.0",50,0,8,0,0,"0.0","u",0,0,,"false"
"2026-10-02T10:03:43Z",312,"Taylor","IPS","0.1","0.1","0.1","0.1",1,0,"0.0",44,384,275,0,0,"0.0","i",-1,-1,,"false"
"2026-10-02T10:03:43Z",313,"Clarke","IPS","-86.2","-87.1","-88.9","-90.7",-3,-2,"0.2",54,146,933,11,170,"1.3","a",0,-1,,"false"
"2026-10-02T10:03:43Z",314,"Ogbene","IPS","0.0","0.0","0.0","0.0",0,0,"0.0",49,0,66,0,0,"0.0","u",0,-1,,"false"
"2026-10-02T10:03:43Z",315,"Fatawu","IPS","-34.8","-35.2","-35.9","-36.6",-2,-2,"0.2",54,57,2532,8,352,"0.7","s",0,-1,,"false"
"2026-10-02T10:03:43Z",316,"Emersonn","IPS","85.0","85.2","85.5","85.8",3,19,"3.6",55,34968,23230,26,317,"5.3","a",0,0,,"false"
"2026-10-02T10:03:43Z",317,"Hirst","IPS","0.0","0.0","0.0","0.0",0,-1,"0.1",50,0,484,0,0,"0.0","u",0,0,,"false"
"2026-10-02T10:03:43Z",318,"Philogene","IPS","-8.1","-8.1","-8.1","-8.1",-1,0,"0.1",54,33,159,2,52,"0.7","a",0,-1,,"false"
"2026-10-02T10:03:43Z",319,"Szmodics","IPS","0.0","0.0","0.0","0.0",0,0,"0.0",50,0,13,0,0,"0.0","u",0,0,,"false"
"2026-10-02T10:03:43Z",320,"Akpom","IPS","24.3","24.3","24.3","24.3",2,-2,"1.2",50,5042,9651,7,78,"0.3","a",0,0,,"false"
"2026-10-02T10:03:43Z",321,"Walle Egeli","IPS","39.3","39.2","39.1","39.0",2,-9,"3.5",45,18228,26880,1,10,"0.0","a",0,0,,"false"
"2026-10-02T10:03:43Z",322,"Al-Hamadi","IPS","0.0","0.0","0.0","0.0",0,0,"0.0",50,0,376,0,0,"0.0","u",0,0,,"false"
"2026-10-02T10:03:43Z",323,"McAteer","IPS","-1.1","-1.2","-1.4","-1.5",-1,-2,"1.0",44,1514,6474,3,42,"0.3","a",-1,-1,,"false"
"2026-10-02T10:03:43Z",324,"Mehmeti","IPS","-2.4","-2.4","-2.4","-2.4",-1,0,"0.0",48,76,143,0,0,"0.0","a",-1,-2,,"false"
"2026-10-02T10:03:43Z",554,"Van Oevelen","IPS","0.0","0.0","0.0","0.0",0,0,"0.0",45,0,83,0,0,"0.0","u",0,0,,"false"
"2026-10-02T10:03:43Z",562,"Maeda","IPS","-10.3","-11.0","-12.1","-13.3",-1,-3,"0.2",53,139,1467,8,259,"1.3","a",-1,-2,,"false"
"2026-10-02T10:03:43Z",564,"Scherpen","IPS","-31.9","-31.5","-30.9","-30.2",-2,2,"0.6",45,646,2807,7,360,"1.0","a",0,0,,"false"
"2026-10-02T10:03:43Z",571,"Florentino","IPS","-2.7","-2.7","-2.7","-2.7",-1,0,"0.1",48,112,338,2,30,"0.7","a",-1,-2,,"false"
"2026-10-02T10:03:43Z",591,"Enciso","IPS","8.7","8.7","8.8","8.8",1,4,"0.8",55,2251,6130,15,413,"1.7","a",0,0,,"false"
"2026-10-02T10:03:43Z",592,"Ouattara","IPS","-32.4","-32.4","-32.4","-32.4",-2,0,"0.9",40,683,2083,6,131,"1.3","a",0,0,,"false"
"2026-10-02T10:03:43Z",602,"Humphreys","IPS","0.0","0.0","0.0","0.0",0,0,"0.0",45,0,239,0,0,"0.0","u",0,0,,"false"
"2026-10-02T10:03:43Z",619,"Palacios","IPS","1.0","1.0","1.0","1.0",1,0,"0.1",50,521,842,11,275,"3.3","a",0,0,,"false"
"2026-10-02T10:03:43Z",640,"Flemming","IPS","0.5","0.5","0.5","0.5",1,1,"0.1",55,932,994,6,60,"2.0","a",0,0,,"false"
"2026-10-02T10:03:43Z",260,"Wilson","LEE","-62.3","-62.8","-63.6","-64.4",-3,-25,"1.7",62,74,40618,5,145,"0.3","i",0,-3,,"false"
"2026-10-02T10:03:43Z",326,"Perri","LEE","0.0","0.0","0.0","0.0",0,-1,"0.3",45,0,1305,0,0,"0.0","u",0,0,,"false"
"2026-10-02T10:03:43Z",327,"Bijol","LEE","5.0","5.0","5.0","5.0",1,0,"0.7",50,799,5555,12,164,"0.3","a",0,0,,"false"
"2026-10-02T10:03:43Z",329,"Rodon","LEE","-6.6","-6.6","-6.7","-6.8",-1,-2,"0.8",43,45,8836,7,123,"0.0","i",-1,-2,,"false"
"2026-10-02T10:03:43Z",330,"Bogle","LEE","58.0","58.4","59.1","59.8",3,48,"7.2",46,125803,25894,42,365,"11.3","a",0,1,,"false"
"2026-10-02T10:03:43Z",331,"Gudmundsson","LEE","1.0","1.0","1.0","1.0",1,0,"0.1",45,538,337,14,252,"4.7","a",0,0,,"false"
"2026-10-02T10:03:43Z",332,"Justin","LEE","18.2","18.2","18.2","18.2",1,-1,"1.4",45,4252,5885,26,450,"4.7","a",0,0,,"false"
"2026-10-02T10:03:43Z",333,"Bornauw","LEE","0.0","0.0","0.0","0.0",0,0,"0.0",45,0,5,0,0,"0.0","u",0,0,,"false"
"2026-10-02T10:03:43Z",334,"Muharemović","LEE","38.7","38.8","38.8","38.9",2,5,"4.3",50,28172,24218,27,450,"5.7","a",0,0,,"false"
"2026-10-02T10:03:43Z",335,"Stach","LEE","16.0","16.0","15.8","15.7",1,-8,"2.5",60,4834,19578,27,447,"3.3","a",0,0,,"false"
"2026-10-02T10:03:43Z",336,"Okafor","LEE","1.4","1.4","1.5","1.5",1,1,"0.4",58,1776,3390,18,299,"5.0","a",0,-2,,"false"
"2026-10-02T10:03:43Z",337,"Aaronson","LEE","-8.1","-8.1","-8.1","-8.1",-1,0,"0.5",53,213,3400,7,194,"1.0","a",-1,-2,,"false"
"2026-10-02T10:03:43Z",338,"Ampadu","LEE","-28.7","-29.0","-29.7","-30.4",-2,-4,"0.9",54,1619,4939,21,450,"4.7","a",0,-1,,"false"
"2026-10-02T10:03:43Z",339,"Longstaff","LEE","-98.7","-98.7","-98.7","-98.7",-4,0,"0.1",49,134,634,2,10,"0.3","a",0,-1,,"false"
"2026-10-02T10:03:43Z",341,"Gnonto","LEE","0.0","0.0","0.0","0.0",0,0,"0.0",50,0,52,0,0,"0.0","u",0,0,,"false"
"2026-10-02T10:03:43Z",342,"Harrison","LEE","0.0","0.0","0.0","0.0",0,0,"0.0",50,0,5,0,0,"0.0","u",0,0,,"false"
"2026-10-02T10:03:43Z",343,"James","LEE","-28.0","-28.0","-28.0","-28.0",-2,0,"0.1",49,187,556,3,52,"0.7","a",0,-1,,"false"
"2026-10-02T10:03:43Z",344,"Gruev","LEE","0.0","0.0","0.0","0.0",0,0,"0.0",50,48,21,0,0,"0.0","a",0,0,,"false"
"2026-10-02T10:03:43Z",345,"Tanaka","LEE","4.8","4.8","4.8","4.8",1,-2,"0.3",49,2238,2278,14,255,"4.3","a",0,-1,,"false"
"2026-10-02T10:03:43Z",346,"Calvert-Lewin","LEE","68.9","69.0","69.2","69.4",3,12,"24.8",60,94541,169621,22,419,"4.3","a",0,0,,"false"
"2026-10-02T10:03:43Z",347,"Nmecha","LEE","-26.3","-26.7","-27.4","-28.1",-2,-2,"0.5",54,2030,3738,7,64,"1.0","a",0,-1,,"false"
"2026-10-02T10:03:43Z",348,"Piroe","LEE","0.0","0.0","0.0","0.0",0,0,"0.1",50,0,428,0,0,"0.0","u",0,0,,"false"
"2026-10-02T10:03:43Z",349,"Mateo Joseph","LEE","-41.4","-41.4","-41.4","-41.4",-3,0,"0.1",45,320,483,0,0,"0.0","i",0,0,,"false"
"2026-10-02T10:03:43Z",385,"Trafford","LEE","33.9","33.9","33.8","33.7",2,-4,"5.5",50,22638,15118,28,450,"5.3","a",0,0,,"false"
"2026-10-02T10:03:43Z",598,"Elvedi","LEE","0.7","0.7","0.7","0.7",1,0,"0.1",45,232,237,13,326,"4.0","a",0,0,,"false"
"2026-10-02T10:03:43Z",603,"Lienou","LEE","0.1","0.1","0.1","0.1",1,0,"0.1",40,240,519,0,0,"0.0","a",0,0,,"false"
"2026-10-02T10:03:43Z",604,"Cresswell","LEE","-11.8","-11.8","-11.8","-11.8",-1,0,"0.1",45,307,889,0,0,"0.0","a",0,0,,"false"
"2026-10-02T10:03:43Z",625,"Cairns","LEE","0.4","0.4","0.4","0.4",1,0,"0.2",40,847,785,0,0,"0.0","a",0,0,,"false"
"2026-10-02T10:03:43Z",629,"Zetterer","LEE","2.2","2.2","2.2","2.2",1,0,"0.7",40,3041,2792,0,0,"0.0","a",0,0,,"false"
"2026-10-02T10:03:43Z",641,"Bard","LEE","0.1","0.1","0.1","0.1",1,1,"0.0",45,98,80,1,18,"0.3","a",0,0,,"false"
"2026-10-02T10:03:43Z",648,"Bahoya","LEE","-52.6","-52.6","-52.6","-52.6",-3,0,"0.0",50,109,176,1,1,"0.3","a",0,0,,"false"
"2026-10-02T10:03:43Z",350,"A.Becker","LIV","1.7","1.7","1.8","1.8",1,4,"4.1",55,13445,11842,27,450,"8.3","a",0,0,,"false"
"2026-10-02T10:03:43Z",351,"Mamardashvili","LIV","-98.4","-98.4","-98.4","-98.4",-4,0,"0.1",49,256,625,0,0,"0.0","a",0,-1,,"false"
"2026-10-02T10:03:43Z",352,"Woodman","LIV","-31.9","-32.1","-32.4","-32.7",-2,-2,"1.0",40,787,2366,0,0,"0.0","a",0,0,,"false"
"2026-10-02T10:03:43Z",353,"Pecsi","LIV","0.0","0.0","0.0","0.0",0,0,"0.0",40,0,62,0,0,"0.0","u",0,0,,"false"
"2026-10-02T10:03:43Z",354,"Jaros","LIV","0.1","0.1","0.1","0.1",1,0,"0.0",40,205,160,0,0,"0.0","i",0,0,,"false"
"2026-10-02T10:03:43Z",355,"Davies","LIV","0.1","0.1","0.1","0.1",1,0,"0.2",40,292,468,0,0,"0.0","a",0,0,,"false"
"2026-10-02T10:03:43Z",356,"Virgil","LIV","-60.0","-60.0","-60.0","-60.0",-3,2,"16.2",65,21850,43987,25,450,"7.3","a",0,0,,"false"
"2026-10-02T10:03:43Z",357,"Frimpong","LIV","-38.0","-38.1","-38.2","-38.4",-2,-2,"1.8",53,1631,12797,2,178,"0.3","a",0,-2,,"false"
"2026-10-02T10:03:43Z",358,"Kerkez","LIV","-0.4","-0.5","-0.6","-0.8",-1,-4,"2.2",53,2638,10553,13,385,"4.0","a",-1,-2,,"false"
"2026-10-02T10:03:43Z",359,"Gomez","LIV","0.0","0.0","0.0","0.0",0,0,"0.0",49,323,116,0,0,"0.0","a",0,-1,,"false"
"2026-10-02T10:03:43Z",360,"Bradley","LIV","-87.1","-87.1","-87.1","-87.1",-3,0,"0.0",50,57,85,0,0,"0.0","i",0,0,,"false"
"2026-10-02T10:03:43Z",361,"Lucky","LIV","-54.3","-54.3","-54.3","-54.3",-3,0,"0.1",40,296,585,0,0,"0.0","a",0,0,,"false"
"2026-10-02T10:03:43Z",362,"Jacquet","LIV","56.3","56.4","56.5","56.6",3,8,"3.5",50,33954,13477,24,415,"6.7","a",0,0,,"false"
"2026-10-02T10:03:43Z",363,"Leoni","LIV","-61.3","-61.3","-61.3","-61.3",-3,0,"0.0",40,66,183,0,0,"0.0","i",0,0,,"false"
"2026-10-02T10:03:43Z",364,"Tsimikas","LIV","-55.2","-55.2","-55.2","-55.2",-3,0,"0.1",49,94,394,2,64,"0.3","a",0,-1,,"false"
"2026-10-02T10:03:43Z",365,"Ramsay","LIV","0.0","0.0","0.0","0.0",0,0,"0.1",40,0,478,0,0,"0.0","u",0,0,,"false"
"2026-10-02T10:03:43Z",366,"Wirtz","LIV","-37.5","-37.6","-37.7","-37.9",-2,-7,"5.7",73,3633,42128,18,402,"4.0","a",0,-2,,"false"
"2026-10-02T10:03:43Z",367,"Gakpo","LIV","-1.1","-1.7","-2.7","-3.7",-1,-127,"12.4",72,51283,93135,32,370,"5.0","d",0,2,,"false"
"2026-10-02T10:03:43Z",368,"Szoboszlai","LIV","-98.3","-98.5","-98.8","-99.2",-4,-72,"32.7",70,36488,214974,20,440,"2.7","a",0,0,,"false"
"2026-10-02T10:03:43Z",369,"Ngumoha","LIV","-23.5","-23.3","-23.1","-22.9",-2,1,"0.5",57,788,4267,4,99,"0.3","a",-1,-3,,"false"
"2026-10-02T10:03:43Z",370,"Chiesa","LIV","-6.1","-6.1","-6.1","-6.1",-1,0,"0.0",53,17,251,0,0,"0.0","i",-1,-2,,"false"
"2026-10-02T10:03:43Z",371,"Gravenberch","LIV","-22.7","-23.0","-23.5","-24.0",-2,-6,"1.1",58,1224,9135,9,190,"1.0","a",-1,-2,,"false"
"2026-10-02T10:03:43Z",372,"Mac Allister","LIV","-43.4","-43.2","-42.9","-42.6",-3,2,"1.3",54,3861,6896,11,306,"2.7","a",0,-1,,"false"
"2026-10-02T10:03:43Z",373,"C.Jones","LIV","0.0","0.0","0.0","0.0",0,0,"0.0",55,0,61,0,0,"0.0","u",0,0,,"false"
"2026-10-02T10:03:43Z",374,"Endo","LIV","-62.6","-62.6","-62.6","-62.6",-3,0,"0.1",49,168,446,0,0,"0.0","a",0,-1,,"false"
"2026-10-02T10:03:43Z",375,"Nyoni","LIV","-87.1","-87.1","-87.1","-87.1",-3,0,"0.0",49,93,312,3,38,"0.7","a",0,-1,,"false"
"2026-10-02T10:03:43Z",376,"Bajcetic","LIV","0.0","0.0","0.0","0.0",0,0,"0.0",50,0,3,0,0,"0.0","u",0,0,,"false"
"2026-10-02T10:03:43Z",377,"Munoz","LIV","6.4","6.4","6.3","6.3",1,-4,"0.9",65,1480,11524,15,257,"1.7","a",0,0,,"false"
"2026-10-02T10:03:43Z",378,"McConnell","LIV","-3.9","-3.9","-3.9","-3.9",-1,0,"0.2",44,1061,1511,0,0,"0.0","a",0,-1,,"false"
"2026-10-02T10:03:43Z",379,"Isak","LIV","6.5","5.6","4.1","2.5",1,-106,"22.3",91,115873,86318,33,413,"7.7","d",0,1,,"false"
"2026-10-02T10:03:43Z",380,"Ekitiké","LIV","-27.9","-28.2","-28.8","-29.4",-2,-1,"0.1",74,382,842,0,0,"0.0","i",0,-1,,"false"
"2026-10-02T10:03:43Z",381,"Koumas","LIV","-93.0","-93.0","-93.0","-93.0",-3,0,"0.0",50,160,191,3,22,"0.7","a",0,0,,"false"
"2026-10-02T10:03:43Z",382,"Danns","LIV","3.6","3.6","3.6","3.6",1,-2,"0.2",45,3516,2423,0,0,"0.0","a",0,0,,"false"
"2026-10-02T10:03:43Z",383,"Elliott","LIV","0.0","0.0","0.0","0.0",0,0,"0.0",54,0,229,0,0,"0.0","u",0,-1,,"false"
"2026-10-02T10:03:43Z",579,"Araujo","LIV","34.4","34.5","34.7","34.9",2,14,"3.0",54,17115,10536,22,284,"7.0","a",0,-1,,"false"
"2026-10-02T10:03:43Z",627,"Barcola","LIV","-66.8","-66.4","-65.8","-65.1",-3,8,"1.9",80,11154,19013,7,168,"2.3","a",0,0,,"false"
"2026-10-02T10:03:43Z",155,"Enzo","MCI","1.5","1.7","2.0","2.3",1,20,"3.6",69,31156,14729,13,271,"4.0","a",0,-1,,"false"
"2026-10-02T10:03:43Z",237,"Ndiaye","MCI","-20.3","-20.5","-21.0","-21.4",-2,-32,"6.7",58,7034,68818,22,385,"3.0","a",-1,-2,,"false"
"2026-10-02T10:03:43Z",384,"Donnarumma","MCI","-52.0","-52.1","-52.4","-52.7",-3,-13,"7.6",55,10725,30599,19,450,"5.3","a",0,0,,"false"
"2026-10-02T10:03:43Z",386,"Bettinelli","MCI","-87.8","-87.8","-87.8","-87.8",-3,0,"0.0",45,51,90,0,0,"0.0","a",0,0,,"false"
"2026-10-02T10:03:43Z",387,"O'Reilly","MCI","-2.3","-2.5","-2.9","-3.3",-1,-80,"10.9",63,5342,71792,6,163,"0.7","d",-1,-2,,"false"
"2026-10-02T10:03:43Z",388,"Guéhi","MCI","65.2","65.1","64.9","64.7",3,-11,"18.2",60,23648,51749,30,450,"6.0","a",0,0,,"false"
"2026-10-02T10:03:43Z",389,"Matheus N.","MCI","-33.9","-33.9","-33.9","-33.9",-2,0,"1.0",59,1666,2953,11,213,"3.3","a",0,-1,,"false"
"2026-10-02T10:03:43Z",390,"Rúben","MCI","3.9","3.9","3.9","3.9",1,2,"1.9",55,4700,9139,17,450,"4.3","a",0,0,,"false"
"2026-10-02T10:03:43Z",391,"Gvardiol","MCI","80.2","80.4","80.7","81.0",3,23,"26.8",57,147981,55185,37,434,"7.7","a",0,2,,"false"
"2026-10-02T10:03:43Z",392,"Aït-Nouri","MCI","-99.2","-99.2","-99.2","-99.2",-4,0,"0.4",53,529,2190,0,0,"0.0","a",0,-2,,"false"
"2026-10-02T10:03:43Z",393,"Khusanov","MCI","-35.1","-35.2","-35.5","-35.7",-2,-2,"1.4",54,1419,9036,9,268,"1.7","a",0,-1,,"false"
"2026-10-02T10:03:43Z",394,"Alleyne","MCI","0.0","0.0","0.0","0.0",0,0,"0.0",50,0,20,0,0,"0.0","u",0,0,,"false"
"2026-10-02T10:03:43Z",395,"Lewis","MCI","-65.9","-65.9","-65.9","-65.9",-3,0,"0.2",44,308,1207,1,56,"0.0","a",0,-1,,"false"
"2026-10-02T10:03:43Z",396,"Vitor Reis","MCI","-83.3","-83.3","-83.3","-83.3",-3,0,"0.0",45,73,153,1,1,"0.0","a",0,0,,"false"
"2026-10-02T10:03:43Z",397,"Semenyo","MCI","-20.3","-20.5","-21.0","-21.4",-2,-74,"15.3",84,125758,68877,33,450,"8.7","d",0,-1,,"false"
"2026-10-02T10:03:43Z",398,"Foden","MCI","-49.0","-49.2","-49.4","-49.7",-3,-8,"1.8",69,211,28553,9,217,"-0.3","s",0,-1,,"false"
"2026-10-02T10:03:43Z",399,"Cherki","MCI","-56.2","-55.9","-55.2","-54.5",-3,45,"28.4",78,124239,89853,34,302,"4.0","a",0,3,,"false"
"2026-10-02T10:03:43Z",400,"Doku","MCI","0.3","0.3","0.4","0.4",1,3,"0.7",74,4434,2086,1,15,"0.3","a",0,-1,,"false"
"2026-10-02T10:03:43Z",402,"Rodrigo","MCI","0.0","0.0","0.0","0.0",0,0,"0.0",65,0,25,0,0,"0.0","u",0,0,,"false"
"2026-10-02T10:03:43Z",404,"Reijnders","MCI","0.0","0.0","0.0","0.0",0,0,"0.0",60,0,100,0,0,"0.0","u",0,0,,"false"
"2026-10-02T10:03:43Z",406,"Kovačić","MCI","-97.5","-97.5","-97.5","-97.5",-4,0,"0.1",54,113,464,2,42,"0.0","a",0,-1,,"false"
"2026-10-02T10:03:43Z",407,"Echeverri","MCI","0.0","0.0","0.0","0.0",0,0,"0.0",49,0,54,0,0,"0.0","u",0,-1,,"false"
"2026-10-02T10:03:43Z",408,"Phillips","MCI","0.0","0.0","0.0","0.0",0,0,"0.0",50,0,12,0,0,"0.0","u",0,0,,"false"
"2026-10-02T10:03:43Z",409,"Mukasa","MCI","0.0","0.0","0.0","0.0",0,0,"0.1",45,0,601,0,0,"0.0","u",0,0,,"false"
"2026-10-02T10:03:43Z",410,"Monga","MCI","0.0","0.0","0.0","0.0",0,0,"0.0",49,0,51,0,0,"0.0","u",0,-1,,"false"
"2026-10-02T10:03:43Z",411,"Haaland","MCI","23.1","23.3","23.7","24.1",2,25,"73.8",156,79353,20555,39,450,"8.0","a",0,1,,"false"
"2026-10-02T10:03:43Z",481,"Anderson","MCI","-42.1","-42.1","-42.3","-42.5",-3,-4,"4.0",63,7866,27915,15,413,"3.3","a",0,-2,,"false"
"2026-10-02T10:03:43Z",587,"Rulli","MCI","-90.1","-90.1","-90.1","-90.1",-3,0,"0.0",50,72,103,0,0,"0.0","a",0,0,,"false"
"2026-10-02T10:03:43Z",616,"Bouaddi","MCI","-33.0","-33.0","-33.0","-33.0",-2,0,"0.2",55,839,2122,2,22,"0.3","a",0,0,,"false"
"2026-10-02T10:03:43Z",621,"McAidoo","MCI","-90.2","-90.2","-90.2","-90.2",-3,0,"0.1",45,194,1094,2,11,"0.3","a",0,0,,"false"
"2026-10-02T10:03:43Z",622,"Braithwaite","MCI","-38.6","-39.4","-41.0","-42.6",-2,-2,"0.2",40,583,1648,1,1,"0.0","a",0,0,,"false"
"2026-10-02T10:03:43Z",628,"Allan","MCI","0.1","0.1","0.1","0.1",1,0,"0.0",60,225,167,0,0,"0.0","a",0,0,,"false"
"2026-10-02T10:03:43Z",653,"Samba","MCI","-40.6","-40.6","-40.6","-40.6",-3,0,"0.0",45,248,494,0,0,"0.0","a",0,0,,"false"
"2026-10-02T10:03:43Z",43,"Tielemans","MUN","-37.3","-37.5","-37.9","-38.4",-2,-4,"1.5",58,3160,10749,14,402,"2.7","a",0,-2,,"false"
"2026-10-02T10:03:43Z",131,"Baleba","MUN","0.1","0.1","0.1","0.1",1,1,"0.1",49,1290,733,0,0,"0.0","a",0,-1,,"false"
"2026-10-02T10:03:43Z",162,"Andrey Santos","MUN","-50.3","-50.3","-50.3","-50.3",-3,0,"0.6",48,1045,4965,4,82,"0.3","a",0,-2,,"false"
"2026-10-02T10:03:43Z",325,"Darlow","MUN","-23.0","-23.0","-23.0","-23.0",-2,0,"0.0",45,59,212,0,0,"0.0","d",0,0,,"false"
"2026-10-02T10:03:43Z",412,"Lammens","MUN","-17.0","-17.0","-17.1","-17.2",-1,-4,"9.9",49,6774,48799,11,450,"2.7","a",0,-1,,"false"
"2026-10-02T10:03:43Z",413,"Bayindir","MUN","0.0","0.0","0.0","0.0",0,0,"0.0",45,0,40,0,0,"0.0","u",0,0,,"false"
"2026-10-02T10:03:43Z",414,"Heaton","MUN","-35.8","-35.8","-35.8","-35.8",-2,0,"0.1",40,200,271,0,0,"0.0","i",0,0,,"false"
"2026-10-02T10:03:43Z",415,"Dorgu","MUN","-59.6","-60.0","-60.8","-61.5",-3,-5,"0.5",58,1030,4191,10,171,"3.0","d",0,-2,,"false"
"2026-10-02T10:03:43Z",416,"De Ligt","MUN","-96.7","-96.7","-96.7","-96.7",-4,0,"0.0",50,76,132,0,0,"0.0","i",0,0,,"false"
"2026-10-02T10:03:43Z",417,"Dalot","MUN","-77.7","-77.9","-78.2","-78.6",-3,-4,"1.6",49,1278,7566,8,346,"1.7","a",0,-1,,"false"
"2026-10-02T10:03:43Z",418,"Maguire","MUN","-1.9","-1.9","-2.0","-2.1",-1,-7,"8.6",48,4387,75088,10,450,"1.7","a",-1,-2,,"false"
"2026-10-02T10:03:43Z",419,"Martinez","MUN","-97.0","-97.3","-97.7","-98.2",-4,-4,"1.3",50,3713,6463,6,360,"1.7","a",0,0,,"false"
"2026-10-02T10:03:43Z",420,"Yoro","MUN","-10.8","-10.8","-10.8","-10.8",-1,0,"0.5",48,465,2189,2,22,"0.3","a",-1,-2,,"false"
"2026-10-02T10:03:43Z",421,"Heaven","MUN","-0.2","-0.2","-0.2","-0.2",-1,0,"0.3",43,240,1492,1,90,"0.0","a",-1,-2,,"false"
"2026-10-02T10:03:43Z",422,"Mazraoui","MUN","-74.0","-74.0","-74.0","-74.0",-3,0,"0.5",44,585,2880,3,97,"0.3","a",0,-1,,"false"
"2026-10-02T10:03:43Z",423,"Shaw","MUN","-4.8","-4.8","-5.0","-5.1",-1,-11,"7.7",43,3664,76758,9,335,"2.0","a",-1,-2,,"false"
"2026-10-02T10:03:43Z",424,"Amass","MUN","-45.9","-45.9","-45.9","-45.9",-3,0,"0.2",40,421,790,0,0,"0.0","a",0,0,,"false"
"2026-10-02T10:03:43Z",425,"Fredricson","MUN","0.0","0.0","0.0","0.0",0,0,"0.0",40,0,49,0,0,"0.0","u",0,0,,"false"
"2026-10-02T10:03:43Z",426,"B.Fernandes","MUN","-1.1","-1.1","-1.2","-1.2",-1,-21,"38.5",119,44583,197436,31,450,"2.0","a",-1,-1,,"false"
"2026-10-02T10:03:43Z",427,"Mbeumo","MUN","-75.8","-75.9","-76.0","-76.1",-3,-15,"20.6",79,37314,130353,25,450,"4.0","a",0,-1,,"false"
"2026-10-02T10:03:43Z",428,"Cunha","MUN","-94.8","-94.6","-94.4","-94.1",-3,9,"5.8",79,22319,21701,26,407,"5.0","a",0,-1,,"false"
"2026-10-02T10:03:43Z",429,"Rashford","MUN","-83.8","-84.1","-84.8","-85.5",-3,-12,"1.5",70,4176,17819,10,351,"2.3","d",0,0,,"false"
"2026-10-02T10:03:43Z",430,"Mount","MUN","0.1","0.1","0.1","0.1",1,0,"0.0",54,188,200,1,10,"0.3","a",0,-1,,"false"
"2026-10-02T10:03:43Z",431,"Amad","MUN","-17.5","-17.5","-17.5","-17.5",-1,0,"0.3",57,132,1845,0,0,"0.0","i",0,-3,,"false"
"2026-10-02T10:03:43Z",432,"Mainoo","MUN","13.8","13.8","13.7","13.5",1,-8,"1.6",55,7689,15236,22,354,"5.7","d",0,0,,"false"
"2026-10-02T10:03:43Z",433,"Ugarte","MUN","-68.8","-68.8","-68.8","-68.8",-3,0,"0.0",50,23,24,0,0,"0.0","i",0,0,,"false"
"2026-10-02T10:03:43Z",434,"J.Fletcher","MUN","-37.9","-37.9","-37.9","-37.9",-2,0,"0.0",49,44,58,0,0,"0.0","a",0,-1,,"false"
"2026-10-02T10:03:43Z",435,"Lacey","MUN","-6.3","-8.1","-11.4","-14.7",-1,-1,"0.1",49,374,364,1,10,"0.0","a",0,-1,,"false"
"2026-10-02T10:03:43Z",436,"Collyer","MUN","0.0","0.0","0.0","0.0",0,0,"0.0",50,0,49,0,0,"0.0","u",0,0,,"false"
"2026-10-02T10:03:43Z",437,"Bendito Mantato","MUN","0.0","0.0","0.0","0.0",0,0,"0.2",44,429,870,0,0,"0.0","a",-1,-1,,"false"
"2026-10-02T10:03:43Z",438,"Fletcher","MUN","0.4","0.4","0.4","0.4",1,0,"0.3",44,2575,2129,0,0,"0.0","a",0,-1,,"false"
"2026-10-02T10:03:43Z",439,"Šeško","MUN","-42.1","-42.6","-43.6","-44.5",-3,-19,"1.6",70,6644,24258,8,76,"2.0","d",0,0,,"false"
"2026-10-02T10:03:43Z",440,"Zirkzee","MUN","-8.1","-8.1","-8.1","-8.1",-1,0,"0.4",53,1968,3150,2,20,"0.7","a",-1,-2,,"false"
"2026-10-02T10:03:43Z",441,"Obi","MUN","0.0","0.0","0.0","0.0",0,-6,"0.9",45,0,11367,0,0,"0.0","u",0,0,,"false"
"2026-10-02T10:03:43Z",405,"N.Gonzalez","NEW","0.8","0.8","0.8","0.8",1,0,"0.2",55,606,1842,5,164,"1.0","a",0,0,,"false"
"2026-10-02T10:03:43Z",442,"Pope","NEW","-44.7","-44.6","-44.4","-44.2",-3,1,"0.9",49,869,3158,0,0,"0.0","a",0,-1,,"false"
"2026-10-02T10:03:43Z",443,"Gillespie","NEW","-39.0","-39.0","-39.0","-39.0",-2,0,"0.0",45,43,89,0,0,"0.0","a",0,0,,"false"
"2026-10-02T10:03:43Z",444,"Jaouen","NEW","-6.8","-6.8","-6.8","-6.8",-1,0,"0.0",44,20,118,0,0,"0.0","d",-1,-1,,"false"
"2026-10-02T10:03:43Z",445,"Thiaw","NEW","17.9","17.9","17.9","17.8",1,-2,"2.2",50,8677,10105,14,450,"1.7","a",0,0,,"false"
"2026-10-02T10:03:43Z",446,"Schär","NEW","-11.3","-11.3","-11.3","-11.3",-1,0,"0.2",49,561,905,2,25,"0.3","a",0,-1,,"false"
"2026-10-02T10:03:43Z",447,"Botman","NEW","9.8","9.8","9.8","9.8",1,0,"0.7",50,4816,3052,15,450,"2.3","a",0,0,,"false"
"2026-10-02T10:03:43Z",448,"Burn","NEW","-4.0","-4.1","-4.5","-4.8",-1,-7,"0.7",48,113,5841,0,0,"0.0","i",-1,-2,,"false"
"2026-10-02T10:03:43Z",449,"Hall","NEW","7.3","7.5","7.9","8.4",1,75,"17.3",53,247697,20790,31,449,"5.7","a",1,3,,"false"
"2026-10-02T10:03:43Z",450,"Livramento","NEW","1.6","1.6","1.6","1.6",1,0,"0.1",49,451,1502,4,33,"1.3","d",0,-1,,"false"
"2026-10-02T10:03:43Z",451,"A.Murphy","NEW","0.0","0.0","0.0","0.0",0,0,"0.1",40,0,294,0,0,"0.0","u",0,0,,"false"
"2026-10-02T10:03:43Z",453,"Barnes","NEW","16.2","16.4","16.8","17.2",1,68,"5.7",61,161335,18359,28,450,"7.7","a",1,1,,"false"
"2026-10-02T10:03:43Z",454,"Elanga","NEW","-40.7","-41.0","-41.4","-41.9",-3,-65,"4.5",61,330,167214,18,232,"0.3","i",-1,1,,"false"
"2026-10-02T10:03:43Z",456,"J.Ramsey","NEW","-92.9","-93.1","-93.6","-94.0",-3,-2,"0.2",49,65,4742,7,69,"2.0","i",0,-1,,"false"
"2026-10-02T10:03:43Z",457,"J.Murphy","NEW","-20.1","-19.4","-18.0","-16.7",-1,1,"0.1",59,964,787,3,181,"0.7","a",0,-1,,"false"
"2026-10-02T10:03:43Z",458,"Joelinton","NEW","-63.0","-63.0","-63.0","-63.0",-3,0,"0.0",54,19,81,0,0,"0.0","i",0,-1,,"false"
"2026-10-02T10:03:43Z",459,"L.Miley","NEW","0.6","0.6","0.6","0.6",1,0,"0.1",55,486,479,12,396,"2.0","d",0,0,,"false"
"2026-10-02T10:03:43Z",460,"Willock","NEW","15.5","15.5","15.5","15.5",1,0,"0.6",50,9722,2758,22,284,"4.3","a",0,0,,"false"
"2026-10-02T10:03:43Z",461,"Touré","NEW","-11.2","-11.2","-11.2","-11.2",-1,0,"0.1",58,330,862,8,50,"2.3","a",0,-2,,"false"
"2026-10-02T10:03:43Z",462,"Steur","NEW","-52.9","-54.3","-56.9","-59.5",-3,-1,"0.1",49,265,389,8,223,"2.0","a",0,-1,,"false"
"2026-10-02T10:03:43Z",463,"Woltemade","NEW","0.0","0.0","0.0","0.0",0,-6,"0.5",59,0,3756,4,19,"0.0","u",0,-1,,"false"
"2026-10-02T10:03:43Z",464,"Wissa","NEW","62.5","62.6","62.7","62.8",3,6,"18.7",62,88293,141396,15,441,"1.0","a",0,2,,"false"
"2026-10-02T10:03:43Z",465,"Osula","NEW","-8.3","-8.4","-8.7","-8.9",-1,-2,"0.3",58,129,2396,4,55,"0.0","i",-1,-2,,"false"
"2026-10-02T10:03:43Z",466,"Neave","NEW","0.0","0.0","0.0","0.0",0,0,"0.5",45,0,3909,0,0,"0.0","u",0,0,,"false"
"2026-10-02T10:03:43Z",559,"Bamba","NEW","-70.9","-70.9","-70.9","-70.9",-3,0,"0.1",49,129,495,3,27,"0.7","a",0,-1,,"false"
"2026-10-02T10:03:43Z",567,"Horníček","NEW","23.9","23.9","23.9","23.9",2,0,"1.5",50,7237,5013,14,450,"2.0","a",0,0,,"false"
"2026-10-02T10:03:43Z",593,"Dedić","NEW","-10.9","-11.1","-11.6","-12.1",-1,-15,"1.8",45,261,37666,13,327,"0.3","i",0,0,,"false"
"2026-10-02T10:03:43Z",609,"Shahar","NEW","0.0","0.0","0.0","0.0",0,0,"0.2",40,0,1870,0,0,"0.0","u",0,0,,"false"
"2026-10-02T10:03:43Z",634,"Fernandez-Pardo","NEW","0.8","0.8","0.8","0.8",1,1,"0.1",60,2034,1426,4,157,"1.3","a",0,0,,"false"
"2026-10-02T10:03:43Z",659,"Miley","NEW","0.0","0.0","0.0","0.0",0,0,"0.0",45,1413,647,0,0,"0.0","a",0,0,,"false"
"2026-10-02T10:03:43Z",663,"Pivas","NEW","0.0","0.0","0.0","0.0",0,0,"0.0",40,398,59,0,0,"0.0","a",0,0,"2026-10-02T19:10:51.639791Z","false"
"2026-10-02T10:03:43Z",664,"Salia","NEW","0.0","0.0","0.0","0.0",0,0,"0.1",45,9768,1591,0,0,"0.0","a",0,0,"2026-10-02T19:11:17.402697Z","false"
"2026-10-02T10:03:43Z",665,"Mills","NEW","0.0","0.0","0.0","0.0",0,0,"0.0",45,163,30,0,0,"0.0","a",0,0,"2026-10-02T19:11:39.931907Z","false"
"2026-10-02T10:03:43Z",666,"Thompson","NEW","0.0","0.0","0.0","0.0",0,0,"0.0",45,236,35,0,0,"0.0","a",0,0,"2026-10-02T19:12:09.032926Z","false"
"2026-10-02T10:03:43Z",167,"Delap","NFO","-23.9","-24.0","-24.1","-24.3",-2,-3,"2.7",56,25067,28799,9,277,"2.7","a",1,1,,"false"
"2026-10-02T10:03:43Z",201,"Muñoz","NFO","-47.5","-47.6","-47.7","-47.8",-3,-4,"5.7",54,7899,30157,5,257,"1.7","a",0,-1,,"false"
"2026-10-02T10:03:43Z",467,"Sels","NFO","4.5","4.5","4.5","4.5",1,0,"1.6",50,2017,6143,14,450,"3.7","a",0,0,,"false"
"2026-10-02T10:03:43Z",468,"John","NFO","-73.9","-73.9","-73.9","-73.9",-3,0,"0.1",45,62,154,0,0,"0.0","a",0,0,,"false"
"2026-10-02T10:03:43Z",469,"N.Williams","NFO","24.4","24.3","24.3","24.2",2,-3,"8.7",50,11122,47045,19,450,"3.7","a",0,0,,"false"
"2026-10-02T10:03:43Z",470,"Morato","NFO","0.0","0.0","0.0","0.0",0,0,"0.0",50,0,117,0,0,"0.0","u",0,0,,"false"
"2026-10-02T10:03:43Z",471,"Milenković","NFO","-13.5","-13.7","-13.9","-14.2",-1,-8,"1.0",54,66,12250,12,270,"2.3","i",-1,-1,,"false"
"2026-10-02T10:03:43Z",472,"Murillo","NFO","24.3","24.4","24.4","24.5",2,3,"2.1",55,8479,8206,23,449,"6.0","a",0,0,,"false"
"2026-10-02T10:03:43Z",473,"Aina","NFO","-3.1","-3.2","-3.3","-3.5",-1,-4,"2.4",44,1074,20460,8,306,"1.0","a",-1,-1,,"false"
"2026-10-02T10:03:43Z",474,"Jair Cunha","NFO","-48.1","-48.1","-48.1","-48.1",-3,0,"0.2",45,256,646,11,360,"3.0","a",0,0,,"false"
"2026-10-02T10:03:43Z",475,"Savona","NFO","-19.3","-19.3","-19.3","-19.3",-1,0,"0.0",45,20,20,0,0,"0.0","i",0,0,,"false"
"2026-10-02T10:03:43Z",476,"O.Richards","NFO","-67.7","-68.2","-69.1","-69.9",-3,-1,"0.2",40,300,734,0,0,"0.0","a",0,0,,"false"
"2026-10-02T10:03:43Z",477,"Abbott","NFO","0.0","0.0","0.0","0.0",0,0,"0.1",40,0,819,0,0,"0.0","u",0,0,,"false"
"2026-10-02T10:03:43Z",478,"Netz","NFO","-8.3","-8.3","-8.3","-8.3",-1,0,"0.0",44,55,120,3,27,"0.3","a",0,-1,,"false"
"2026-10-02T10:03:43Z",479,"Bindon","NFO","0.0","0.0","0.0","0.0",0,0,"0.1",40,0,528,0,0,"0.0","u",0,0,,"false"
"2026-10-02T10:03:43Z",480,"Gibbs-White","NFO","51.7","51.6","51.5","51.3",3,-9,"15.7",80,66504,82772,28,450,"4.3","a",0,0,,"false"
"2026-10-02T10:03:43Z",482,"Hudson-Odoi","NFO","-39.2","-40.6","-43.1","-45.6",-3,-2,"0.1",58,262,1168,1,1,"0.0","a",0,-2,,"false"
"2026-10-02T10:03:43Z",483,"Ndoye","NFO","13.4","13.4","13.4","13.4",1,0,"0.7",55,768,8117,15,316,"1.0","a",0,0,,"false"
"2026-10-02T10:03:43Z",484,"Hutchinson","NFO","0.0","0.0","0.0","0.0",0,0,"0.1",54,0,375,0,0,"0.0","u",0,-1,,"false"
"2026-10-02T10:03:43Z",485,"Bakwa","NFO","0.0","0.0","0.0","0.0",0,0,"0.0",55,0,34,0,0,"0.0","u",0,0,,"false"
"2026-10-02T10:03:43Z",486,"McAtee","NFO","2.3","2.3","2.3","2.3",1,0,"0.1",55,351,914,12,416,"2.3","a",0,0,,"false"
"2026-10-02T10:03:43Z",487,"Dominguez","NFO","-68.2","-68.2","-68.2","-68.2",-3,0,"0.1",49,62,295,1,1,"0.0","a",0,-1,,"false"
"2026-10-02T10:03:43Z",488,"I.Sangaré","NFO","-99.0","-99.3","-99.7","-100.1",-4,-1,"0.4",49,307,3072,4,105,"0.7","a",0,-1,,"false"
"2026-10-02T10:03:43Z",489,"Yates","NFO","-89.1","-89.3","-89.7","-90.1",-3,-3,"1.2",45,594,7394,0,0,"0.0","a",0,0,,"false"
"2026-10-02T10:03:43Z",490,"Wood","NFO","-40.2","-40.8","-41.9","-42.9",-3,-6,"0.9",58,2026,6532,4,62,"1.0","a",0,-2,,"false"
"2026-10-02T10:03:43Z",491,"Igor Jesus","NFO","0.0","0.1","0.1","0.1",1,2,"2.6",58,7385,23239,12,257,"3.0","a",0,-2,,"false"
"2026-10-02T10:03:43Z",493,"Kalimuendo","NFO","0.0","0.0","0.0","0.0",0,0,"0.1",54,228,425,1,1,"0.0","a",0,-1,,"false"
"2026-10-02T10:03:43Z",558,"Schlager","NFO","0.5","0.5","0.5","0.5",1,0,"0.1",50,222,784,13,376,"2.7","a",0,0,,"false"
"2026-10-02T10:03:43Z",581,"Diomande","NFO","-50.4","-50.4","-50.4","-50.4",-3,0,"0.5",54,1537,2278,7,163,"2.3","a",0,-1,,"false"
"2026-10-02T10:03:43Z",590,"Benda","NFO","0.0","0.0","0.0","0.0",0,0,"0.1",45,124,241,0,0,"0.0","a",0,0,,"false"
"2026-10-02T10:03:43Z",112,"Van Hecke","TOT","-15.6","-15.9","-16.3","-16.7",-1,-32,"6.5",49,18625,30311,24,450,"7.3","d",0,-1,,"false"
"2026-10-02T10:03:43Z",147,"Tosin","TOT","-39.7","-39.7","-39.7","-39.7",-2,0,"0.1",44,103,565,1,5,"0.3","a",0,-1,,"false"
"2026-10-02T10:03:43Z",401,"Marmoush","TOT","38.0","38.1","38.2","38.3",2,6,"2.1",70,11672,21773,8,339,"2.0","a",0,0,,"false"
"2026-10-02T10:03:43Z",403,"Sávio","TOT","10.7","10.7","10.6","10.5",1,-6,"0.7",65,2923,6896,8,240,"2.7","a",0,0,,"false"
"2026-10-02T10:03:43Z",455,"Tonali","TOT","-19.6","-19.7","-20.0","-20.3",-1,-6,"1.8",53,2312,15113,14,427,"3.3","a",-1,-2,,"false"
"2026-10-02T10:03:43Z",494,"Vicario","TOT","0.0","0.0","0.0","0.0",0,0,"0.1",45,0,725,0,0,"0.0","u",0,0,,"false"
"2026-10-02T10:03:43Z",495,"Austin","TOT","2.2","2.2","2.2","2.2",1,0,"1.0",40,1942,2179,0,0,"0.0","a",0,0,,"false"
"2026-10-02T10:03:43Z",496,"Kinsky","TOT","-51.2","-51.3","-51.5","-51.7",-3,-22,"17.3",45,18145,111450,18,450,"5.0","a",0,0,,"false"
"2026-10-02T10:03:43Z",497,"Dubravka","TOT","-24.6","-24.6","-24.6","-24.6",-2,-3,"17.1",40,26707,48279,0,0,"0.0","a",0,0,,"false"
"2026-10-02T10:03:43Z",498,"Senesi","TOT","-55.5","-55.8","-56.4","-57.0",-3,-13,"3.5",58,1207,21631,3,90,"0.0","a",0,-2,,"false"
"2026-10-02T10:03:43Z",499,"Pedro Porro","TOT","-31.0","-31.3","-31.8","-32.3",-2,-44,"7.6",54,1708,75474,9,198,"2.7","d",0,-1,,"false"
"2026-10-02T10:03:43Z",500,"Romero","TOT","0.0","0.0","0.0","0.0",0,0,"0.1",50,0,301,0,0,"0.0","u",0,0,,"false"
"2026-10-02T10:03:43Z",502,"Robertson","TOT","0.3","0.3","0.3","0.3",1,-1,"2.5",44,5609,12844,17,366,"4.0","a",0,-1,,"false"
"2026-10-02T10:03:43Z",503,"Van de Ven","TOT","-22.1","-22.2","-22.4","-22.6",-2,-5,"3.8",50,5872,19856,16,360,"5.3","a",0,0,,"false"
"2026-10-02T10:03:43Z",505,"Spence","TOT","0.0","0.0","0.0","0.0",0,0,"0.2",45,0,1209,0,0,"0.0","u",0,0,,"false"
"2026-10-02T10:03:43Z",506,"Udogie","TOT","-21.2","-21.2","-21.2","-21.2",-2,0,"0.3",44,343,1627,7,86,"1.7","a",0,-1,,"false"
"2026-10-02T10:03:43Z",507,"Phillips","TOT","0.0","0.0","0.0","0.0",0,0,"0.0",45,0,55,0,0,"0.0","u",0,0,,"false"
"2026-10-02T10:03:43Z",508,"Davies","TOT","1.6","1.6","1.7","1.7",1,3,"0.9",39,7497,3919,0,0,"0.0","a",-1,-1,,"false"
"2026-10-02T10:03:43Z",509,"Byfield","TOT","-4.4","-4.4","-4.4","-4.4",-1,0,"0.1",40,124,248,0,0,"0.0","a",0,0,,"false"
"2026-10-02T10:03:43Z",510,"Rowswell","TOT","-16.7","-16.7","-16.7","-16.7",-1,0,"0.1",40,157,342,0,0,"0.0","a",0,0,,"false"
"2026-10-02T10:03:43Z",511,"Souza","TOT","0.0","0.0","0.0","0.0",0,0,"0.2",40,0,892,0,0,"0.0","u",0,0,,"false"
"2026-10-02T10:03:43Z",512,"Kudus","TOT","2.1","2.2","2.2","2.2",1,1,"0.2",65,2289,1145,7,123,"2.0","a",0,0,,"false"
"2026-10-02T10:03:43Z",513,"Xavi","TOT","-16.7","-16.7","-16.7","-16.7",-1,0,"0.0",59,54,80,0,0,"0.0","i",0,-1,,"false"
"2026-10-02T10:03:43Z",514,"Tel","TOT","-27.3","-27.3","-27.3","-27.3",-2,0,"0.2",57,202,1968,8,257,"1.3","a",-1,-3,,"false"
"2026-10-02T10:03:43Z",515,"Maddison","TOT","-71.2","-71.2","-71.2","-71.2",-3,0,"0.4",63,752,1987,3,59,"0.7","a",0,-2,,"false"
"2026-10-02T10:03:43Z",516,"Bentancur","TOT","-75.3","-75.8","-76.9","-77.9",-3,-1,"0.2",55,382,728,15,370,"4.0","a",0,0,,"false"
"2026-10-02T10:03:43Z",517,"Odobert","TOT","0.0","0.0","0.0","0.0",0,0,"0.0",55,25,14,0,0,"0.0","i",0,0,,"false"
"2026-10-02T10:03:43Z",518,"P.M.Sarr","TOT","0.0","0.0","0.0","0.0",0,0,"0.1",49,0,680,0,0,"0.0","u",0,-1,,"false"
"2026-10-02T10:03:43Z",519,"Gallagher","TOT","0.1","0.1","0.1","0.1",1,0,"0.2",53,814,664,9,134,"3.0","a",0,-2,,"false"
"2026-10-02T10:03:43Z",520,"Bergvall","TOT","-3.3","-3.3","-3.3","-3.3",-1,0,"0.1",53,107,636,3,78,"0.7","a",-1,-2,,"false"
"2026-10-02T10:03:43Z",521,"Kulusevski","TOT","-80.0","-80.0","-80.0","-80.0",-3,0,"0.0",65,96,72,0,0,"0.0","i",0,0,,"false"
"2026-10-02T10:03:43Z",522,"Gray","TOT","-25.3","-25.3","-25.3","-25.3",-2,0,"0.2",49,466,1220,9,307,"1.7","a",0,-1,,"false"
"2026-10-02T10:03:43Z",523,"Moore","TOT","0.0","0.0","0.0","0.0",0,0,"0.1",50,0,544,3,89,"0.0","u",0,0,,"false"
"2026-10-02T10:03:43Z",524,"Olusesi","TOT","7.9","7.9","7.9","7.9",1,0,"1.0",44,6112,7654,0,0,"0.0","a",0,-1,,"false"
"2026-10-02T10:03:43Z",525,"Fernandes","TOT","-10.5","-10.7","-10.9","-11.2",-1,-2,"0.8",57,472,6710,7,249,"1.3","a",-1,-3,,"false"
"2026-10-02T10:03:43Z",526,"Solanke","TOT","-30.8","-30.9","-31.3","-31.6",-2,-2,"0.8",58,1959,5741,7,170,"1.7","a",0,-2,,"false"
"2026-10-02T10:03:43Z",527,"Richarlison","TOT","0.0","0.0","0.0","0.0",0,-7,"0.6",59,0,5800,2,67,"0.0","u",0,-1,,"false"
"2026-10-02T10:03:43Z",528,"Scarlett","TOT","0.0","0.0","0.0","0.0",0,-4,"1.1",45,0,8098,0,0,"0.0","u",0,0,,"false"
"2026-10-02T10:03:43Z",578,"Mudryk","TOT","-12.1","-12.6","-13.6","-14.6",-1,-1,"0.0",53,20,564,1,16,"0.3","i",-1,-2,,"false"
"2026-10-02T10:03:43Z",601,"Williams-Barnett","TOT","-52.8","-52.8","-52.8","-52.8",-3,0,"0.1",45,168,763,0,0,"0.0","a",0,0,,"false"
"2026-10-02T10:03:43Z",501,"Danso","SUN","-82.9","-82.9","-82.9","-82.9",-3,0,"0.2",50,1167,842,3,270,"1.0","a",0,0,,"false"
"2026-10-02T10:03:43Z",529,"Roefs","SUN","-16.6","-16.7","-16.9","-17.0",-1,-3,"2.4",49,2072,11682,11,450,"1.3","a",0,-1,,"false"
"2026-10-02T10:03:43Z",530,"Patterson","SUN","0.0","0.0","0.0","0.0",0,0,"0.1",40,0,356,0,0,"0.0","u",0,0,,"false"
"2026-10-02T10:03:43Z",531,"Ellborg","SUN","-0.1","-0.1","-0.1","-0.1",-1,0,"0.1",44,136,256,0,0,"0.0","a",-1,-1,,"false"
"2026-10-02T10:03:43Z",532,"Ballard","SUN","-54.0","-54.3","-54.7","-55.1",-3,-13,"2.5",49,3602,17266,14,450,"2.0","d",0,-1,,"false"
"2026-10-02T10:03:43Z",533,"Mukiele","SUN","-16.9","-16.9","-16.7","-16.6",-1,2,"1.9",54,5177,8876,13,360,"1.3","a",0,-1,,"false"
"2026-10-02T10:03:43Z",534,"Hume","SUN","-7.9","-7.9","-8.0","-8.0",-1,-2,"2.8",43,1234,29793,10,206,"0.7","a",-1,-2,,"false"
"2026-10-02T10:03:43Z",535,"Alderete","SUN","-6.7","-6.7","-6.7","-6.7",-1,0,"0.2",48,221,1070,1,23,"0.0","a",-1,-2,,"false"
"2026-10-02T10:03:43Z",536,"Reinildo","SUN","0.0","0.0","0.0","0.0",0,1,"0.3",44,204,1571,7,360,"0.0","a",-1,-1,,"false"
"2026-10-02T10:03:43Z",537,"Seelt","SUN","0.0","0.0","0.0","0.0",0,0,"0.0",45,0,22,0,0,"0.0","u",0,0,,"false"
"2026-10-02T10:03:43Z",538,"Hjelde","SUN","0.0","0.0","0.0","0.0",0,0,"0.0",40,0,157,0,0,"0.0","u",0,0,,"false"
"2026-10-02T10:03:43Z",539,"O'Nien","SUN","4.1","4.2","4.3","4.3",1,6,"2.5",39,17855,11720,1,66,"0.0","a",-1,-1,,"false"
"2026-10-02T10:03:43Z",540,"Masuaku","SUN","0.0","0.0","0.0","0.0",0,0,"0.1",40,0,637,0,0,"0.0","u",0,0,,"false"
"2026-10-02T10:03:43Z",541,"Meunier","SUN","-32.4","-31.1","-28.8","-26.5",-2,4,"0.3",45,1652,888,14,396,"2.3","a",0,0,,"false"
"2026-10-02T10:03:43Z",542,"E.Le Fée","SUN","-4.4","-4.4","-4.4","-4.5",-1,-2,"3.4",57,11496,24138,18,438,"4.3","a",-1,-3,,"false"
"2026-10-02T10:03:43Z",543,"Diarra","SUN","-0.5","-0.5","-0.5","-0.5",-1,0,"0.0",53,20,237,5,28,"0.0","i",-1,-2,,"false"
"2026-10-02T10:03:43Z",544,"Xhaka","SUN","-74.1","-74.1","-74.2","-74.3",-3,-3,"3.6",55,6294,23373,21,450,"2.0","a",0,0,,"false"
"2026-10-02T10:03:43Z",545,"Sadiki","SUN","-74.6","-75.0","-75.9","-76.7",-3,-1,"0.2",49,409,1359,10,410,"1.7","a",0,-1,,"false"
"2026-10-02T10:03:43Z",546,"Adingra","SUN","0.0","0.0","0.0","0.0",0,0,"0.0",49,0,190,0,0,"0.0","u",0,-1,,"false"
"2026-10-02T10:03:43Z",547,"Mundle","SUN","-80.2","-80.2","-80.2","-80.2",-3,0,"0.0",49,10,55,1,1,"0.0","i",0,-1,,"false"
"2026-10-02T10:03:43Z",548,"Rigg","SUN","-77.8","-77.8","-77.8","-77.8",-3,0,"0.0",49,32,231,2,17,"0.0","a",0,-1,,"false"
"2026-10-02T10:03:43Z",549,"Talbi","SUN","-29.7","-29.7","-29.7","-29.7",-2,0,"0.1",53,110,571,1,31,"0.0","a",0,-2,,"false"
"2026-10-02T10:03:43Z",550,"Jocelin.T","SUN","-95.7","-95.7","-95.7","-95.7",-4,0,"0.0",50,32,44,0,0,"0.0","a",0,0,,"false"
"2026-10-02T10:03:43Z",551,"N.Angulo","SUN","1.3","1.3","1.3","1.3",1,0,"0.1",50,512,791,16,313,"2.7","a",0,0,,"false"
"2026-10-02T10:03:43Z",552,"Brobbey","SUN","81.7","81.5","81.2","80.8",3,-24,"6.9",57,195210,46461,24,399,"6.7","d",-1,-3,,"false"
"2026-10-02T10:03:43Z",553,"Isidor","SUN","3.1","3.1","3.1","3.1",1,0,"1.3",55,3322,11637,15,117,"2.0","a",0,0,,"false"
"2026-10-02T10:03:43Z",612,"Methalie","SUN","0.0","0.0","0.1","0.1",0,1,"0.0",45,115,67,-1,90,"-0.3","a",0,0,,"false"
"2026-10-02T10:03:43Z",613,"Ahoka","SUN","-46.2","-46.2","-46.2","-46.2",-3,0,"0.2",45,594,1608,0,0,"0.0","a",0,0,,"false"
"2026-10-02T10:03:43Z",646,"Fofana","SUN","-12.6","-12.6","-12.6","-12.6",-1,0,"0.0",55,333,305,3,60,"1.0","a",0,0,,"false"
"2026-10-02T10:03:43Z",651,"J.Angulo","SUN","4.9","5.0","5.0","5.1",1,4,"0.7",45,8877,7315,0,0,"0.0","a",0,0,,"false"
"2026-10-02T13:49:26Z",1,"Raya","ARS","1.5","1.5","1.6","1.8",1,22,"42.3",61,128297,48776,30,450,"6.0","a",1,1,,"false"
"2026-10-02T13:49:26Z",2,"Arrizabalaga","ARS","-49.6","-49.6","-49.6","-49.6",-3,0,"0.1",49,113,258,0,0,"0.0","a",0,-1,,"false"
"2026-10-02T13:49:26Z",3,"Meslier","ARS","-39.5","-39.5","-39.5","-39.5",-2,0,"0.0",49,48,124,0,0,"0.0","a",0,-1,,"false"
"2026-10-02T13:49:26Z",4,"Gabriel","ARS","-90.0","-90.0","-89.9","-89.8",-3,11,"22.7",80,25344,67444,25,450,"4.0","a",0,0,,"false"
"2026-10-02T13:49:26Z",5,"J.Timber","ARS","11.4","11.4","11.5","11.7",1,8,"0.4",65,12934,4214,1,104,"0.3","a",0,0,,"false"
"2026-10-02T13:49:26Z",6,"Saliba","ARS","-25.9","-25.7","-25.4","-25.1",-2,1,"0.2",59,400,1124,0,0,"0.0","i",0,-1,,"false"
"2026-10-02T13:49:26Z",7,"Lewis-Skelly","ARS","-16.3","-16.5","-16.8","-17.2",-1,-2,"0.6",54,941,5009,9,271,"1.0","a",-1,-1,,"false"
"2026-10-02T13:49:26Z",8,"Calafiori","ARS","95.5","95.8","96.3","96.8",4,36,"50.5",58,78019,64681,29,416,"3.0","a",0,3,,"false"
"2026-10-02T13:49:26Z",9,"Hincapie","ARS","-5.7","-5.9","-6.3","-6.7",-1,-4,"0.9",52,1460,5783,2,32,"0.3","a",-1,-3,,"false"
"2026-10-02T13:49:26Z",10,"White","ARS","-49.5","-49.8","-50.6","-51.4",-3,-44,"4.9",55,3259,68233,21,315,"1.0","d",0,0,,"false"
"2026-10-02T13:49:26Z",11,"Mosquera","ARS","-26.1","-26.6","-27.8","-29.1",-2,-13,"1.6",53,1219,9562,12,168,"0.0","a",0,-2,,"false"
"2026-10-02T13:49:26Z",12,"Saka","ARS","93.2","93.6","94.7","95.8",3,72,"13.7",95,112509,48282,32,416,"4.0","a",0,0,,"false"
"2026-10-02T13:49:26Z",13,"Rice","ARS","-35.0","-35.2","-35.7","-36.2",-2,-70,"11.6",74,7616,85193,20,411,"4.0","d",0,-1,,"false"
"2026-10-02T13:49:26Z",14,"Eze","ARS","-0.7","-0.6","-0.2","0.0",-1,4,"1.0",62,2385,6890,4,85,"0.7","a",-1,-3,,"false"
"2026-10-02T13:49:26Z",15,"Ødegaard","ARS","-0.8","-0.5","0.3","1.0",-1,50,"19.8",68,78774,89570,29,377,"5.0","a",0,3,,"false"
"2026-10-02T13:49:26Z",16,"Madueke","ARS","-26.3","-26.3","-26.3","-26.3",-2,0,"0.2",62,751,1583,2,23,"0.3","a",0,-3,,"false"
"2026-10-02T13:49:26Z",17,"Merino","ARS","-0.3","-0.4","-0.8","-1.2",-1,-2,"0.4",57,766,2926,4,81,"0.7","a",-1,-3,,"false"
"2026-10-02T13:49:26Z",18,"Martinelli","ARS","0.0","0.0","0.0","0.0",0,0,"0.1",63,0,579,0,0,"0.0","u",0,-2,,"false"
"2026-10-02T13:49:26Z",19,"Zubimendi","ARS","-49.0","-49.0","-49.0","-49.0",-3,0,"0.6",53,513,3764,5,89,"1.0","a",0,-2,,"false"
"2026-10-02T13:49:26Z",20,"Dowman","ARS","-27.6","-27.6","-27.6","-27.6",-2,0,"0.1",53,462,587,1,9,"0.3","a",0,-2,,"false"
"2026-10-02T13:49:26Z",22,"Nwaneri","ARS","0.0","0.0","0.0","0.0",0,0,"0.0",54,0,52,0,0,"0.0","u",0,-1,,"false"
"2026-10-02T13:49:26Z",23,"Fábio Vieira","ARS","0.0","0.0","0.0","0.0",0,0,"0.0",55,0,41,0,0,"0.0","u",0,0,,"false"
"2026-10-02T13:49:26Z",24,"Nelson","ARS","0.0","0.0","0.0","0.0",0,0,"0.0",55,0,24,0,0,"0.0","u",0,0,,"false"
"2026-10-02T13:49:26Z",25,"Gyökeres","ARS","-2.6","-2.3","-1.5","-0.8",-1,27,"3.1",71,12230,17167,2,29,"0.7","a",-1,-4,,"false"
"2026-10-02T13:49:26Z",26,"Havertz","ARS","3.6","2.9","1.3","-0.2",1,-108,"8.3",76,50538,65283,19,437,"3.7","d",0,1,,"false"
"2026-10-02T13:49:26Z",27,"G.Jesus","ARS","0.0","0.0","0.0","0.0",0,0,"0.1",59,0,1039,0,0,"0.0","u",0,-1,,"false"
"2026-10-02T13:49:26Z",31,"Konsa","ARS","0.9","0.9","1.0","1.1",1,16,"19.4",46,91997,47215,12,281,"3.7","a",1,1,,"false"
"2026-10-02T13:49:26Z",452,"Bruno G.","ARS","0.4","0.4","0.4","0.4",1,-2,"1.8",67,5788,7742,9,123,"2.7","a",0,-3,,"false"
"2026-10-02T13:49:26Z",557,"Tzolis","ARS","-12.4","-13.0","-14.5","-16.1",-1,-203,"12.1",63,12350,141778,16,362,"3.3","a",-1,-2,,"false"
"2026-10-02T13:49:26Z",29,"M.Bizot","AVL","-38.6","-38.4","-37.8","-37.2",-2,1,"0.1",45,61,1028,1,90,"0.0","i",0,0,,"false"
"2026-10-02T13:49:26Z",30,"Digne","AVL","0.0","0.0","0.0","0.0",0,0,"0.0",45,0,234,0,0,"0.0","u",0,0,,"false"
"2026-10-02T13:49:26Z",32,"Cash","AVL","-23.5","-23.6","-23.8","-24.0",-2,-8,"4.8",44,2718,25384,6,296,"1.7","a",0,-1,,"false"
"2026-10-02T13:49:26Z",33,"Mings","AVL","0.7","0.7","0.7","0.7",1,0,"0.4",45,1742,1428,10,261,"3.0","a",0,0,,"false"
"2026-10-02T13:49:26Z",34,"Pau","AVL","-0.4","-0.5","-0.7","-0.9",-1,-2,"0.3",44,44,3175,3,187,"0.3","i",-1,-1,,"false"
"2026-10-02T13:49:26Z",35,"Bogarde","AVL","-3.5","-3.5","-3.5","-3.5",-1,0,"0.1",49,174,445,1,16,"0.0","a",-1,-1,,"false"
"2026-10-02T13:49:26Z",36,"Maatsen","AVL","-2.7","-2.9","-3.4","-3.9",-1,-8,"0.5",44,50,6246,9,335,"2.7","i",-1,-1,,"false"
"2026-10-02T13:49:26Z",37,"Lindelöf","AVL","1.0","1.0","1.0","0.9",1,-2,"0.3",45,1058,1311,8,450,"2.7","a",0,0,,"false"
"2026-10-02T13:49:26Z",38,"A.García","AVL","-35.4","-35.6","-35.9","-36.3",-2,-4,"1.5",40,1861,6130,0,0,"0.0","a",0,0,,"false"
"2026-10-02T13:49:26Z",39,"Nedeljkovic","AVL","0.0","0.0","0.0","0.0",0,0,"0.1",40,0,568,0,0,"0.0","u",0,0,,"false"
"2026-10-02T13:49:26Z",41,"Buendía","AVL","-36.2","-35.7","-34.6","-33.4",-2,8,"1.0",59,12399,4251,21,401,"5.7","a",0,-1,,"false"
"2026-10-02T13:49:26Z",44,"Bailey","AVL","0.0","0.0","0.0","0.0",0,0,"0.1",54,0,499,0,0,"0.0","u",0,-1,,"false"
"2026-10-02T13:49:26Z",45,"McGinn","AVL","-20.6","-20.6","-20.5","-20.4",-2,1,"2.2",54,6939,8660,17,434,"5.0","a",0,-1,,"false"
"2026-10-02T13:49:26Z",46,"Barkley","AVL","0.5","0.5","0.5","0.4",1,-2,"0.3",50,568,1777,10,308,"2.0","a",0,0,,"false"
"2026-10-02T13:49:26Z",47,"Kamara","AVL","-81.1","-81.1","-81.1","-81.1",-3,0,"0.3",50,1328,1585,15,443,"3.7","a",0,0,,"false"
"2026-10-02T13:49:26Z",48,"Onana","AVL","-11.2","-11.2","-11.2","-11.2",-1,0,"0.0",49,40,95,0,0,"0.0","i",0,-1,,"false"
"2026-10-02T13:49:26Z",49,"Iling Jr","AVL","0.0","0.0","0.0","0.0",0,0,"0.0",50,0,11,0,0,"0.0","u",0,0,,"false"
"2026-10-02T13:49:26Z",50,"Burrowes","AVL","-80.1","-80.4","-81.2","-82.0",-3,-3,"0.6",45,643,3422,0,0,"0.0","a",0,0,,"false"
"2026-10-02T13:49:26Z",51,"George Hemmings","AVL","13.8","13.8","13.8","13.8",1,-1,"1.2",45,3217,9717,9,297,"1.7","a",0,0,,"false"
"2026-10-02T13:49:26Z",52,"Alysson","AVL","-2.8","-2.8","-2.8","-2.8",-1,0,"0.0",50,68,791,8,87,"2.3","d",0,0,,"false"
"2026-10-02T13:49:26Z",53,"Manzambi","AVL","8.6","8.6","8.8","9.0",1,11,"0.4",59,28349,3347,14,98,"4.7","a",0,-1,,"false"
"2026-10-02T13:49:26Z",54,"Gomes","AVL","0.1","0.1","0.1","0.1",1,0,"0.0",55,468,197,2,129,"1.3","a",0,0,,"false"
"2026-10-02T13:49:26Z",55,"Watkins","AVL","0.0","0.0","0.0","0.0",0,-17,"2.5",78,0,12935,0,0,"0.0","u",0,-2,,"false"
"2026-10-02T13:49:26Z",56,"Abraham","AVL","3.5","3.5","3.5","3.5",1,0,"0.2",55,1719,1744,4,71,"1.0","a",0,0,,"false"
"2026-10-02T13:49:26Z",160,"Garnacho","AVL","-67.3","-67.7","-68.8","-69.8",-3,-2,"0.3",58,542,2788,3,31,"0.3","a",0,-2,,"false"
"2026-10-02T13:49:26Z",166,"N.Jackson","AVL","52.8","53.0","53.5","54.0",3,31,"1.5",65,36910,8201,10,286,"2.7","a",0,0,,"false"
"2026-10-02T13:49:26Z",582,"Madjo","AVL","-25.4","-25.4","-25.4","-25.4",-2,0,"0.2",54,210,1795,0,0,"0.0","i",0,-1,,"false"
"2026-10-02T13:49:26Z",596,"Ruggeri","AVL","-74.7","-74.7","-74.7","-74.7",-3,0,"0.1",45,537,340,5,113,"1.3","a",0,0,,"false"
"2026-10-02T13:49:26Z",597,"Suzuki","AVL","30.1","30.2","30.4","30.6",2,13,"1.9",50,13706,6620,16,360,"4.7","a",0,0,,"false"
"2026-10-02T13:49:26Z",606,"Rowe","AVL","0.1","0.2","0.2","0.2",1,1,"0.2",40,319,911,0,0,"0.0","a",0,0,,"false"
"2026-10-02T13:49:26Z",607,"Lynch","AVL","0.0","0.0","0.0","0.0",0,0,"0.1",45,0,712,0,0,"0.0","u",0,0,,"false"
"2026-10-02T13:49:26Z",611,"Wan-Bissaka","AVL","2.1","2.1","2.1","2.1",1,0,"0.2",45,1456,1438,6,152,"1.7","a",0,0,,"false"
"2026-10-02T13:49:26Z",618,"Goretzka","AVL","-42.1","-43.1","-45.8","-48.5",-3,-1,"0.0",59,23,419,0,0,"0.0","i",0,-1,,"false"
"2026-10-02T13:49:26Z",630,"Harwood-Bellis","AVL","0.0","0.0","0.0","0.0",0,0,"0.0",45,194,189,0,0,"0.0","a",0,0,,"false"
"2026-10-02T13:49:26Z",631,"Mbaye","AVL","0.3","0.3","0.4","0.4",1,1,"0.1",60,919,1129,2,33,"0.7","a",0,0,,"false"
"2026-10-02T13:49:26Z",667,"Wright","AVL","0.0","0.0","0.0","0.0",0,0,"0.1",40,7266,860,0,0,"0.0","a",0,0,"2026-10-02T19:12:30.130761Z","false"
"2026-10-02T13:49:26Z",57,"Petrović","BOU","0.2","0.2","0.2","0.2",1,0,"3.0",45,6325,11883,9,450,"1.3","a",0,0,,"false"
"2026-10-02T13:49:26Z",58,"Forster","BOU","4.6","4.6","4.5","4.4",1,-8,"3.5",40,8238,7412,0,0,"0.0","a",0,0,,"false"
"2026-10-02T13:49:26Z",59,"Dennis","BOU","0.0","0.0","0.0","0.0",0,0,"0.1",40,0,561,0,0,"0.0","u",0,0,,"false"
"2026-10-02T13:49:26Z",60,"Hill","BOU","-33.5","-33.3","-32.8","-32.3",-2,2,"0.8",55,3213,3139,12,450,"2.3","a",0,0,,"false"
"2026-10-02T13:49:26Z",61,"Truffert","BOU","-1.4","-1.4","-1.4","-1.3",-1,2,"3.0",54,4644,12299,10,450,"1.7","a",-1,-1,,"false"
"2026-10-02T13:49:26Z",62,"Diakité","BOU","-5.6","-5.6","-5.6","-5.6",-1,0,"0.2",49,477,971,0,0,"0.0","a",-1,-1,,"false"
"2026-10-02T13:49:26Z",63,"Milosavljević","BOU","-3.7","-3.7","-3.7","-3.7",-1,0,"0.0",49,32,47,0,0,"0.0","i",0,-1,,"false"
"2026-10-02T13:49:26Z",64,"Smith","BOU","0.3","0.3","0.3","0.3",1,0,"0.1",45,402,488,4,434,"0.7","a",0,0,,"false"
"2026-10-02T13:49:26Z",65,"J.Araujo","BOU","-12.1","-12.1","-12.1","-12.1",-1,0,"0.0",44,38,54,0,0,"0.0","i",0,-1,,"false"
"2026-10-02T13:49:26Z",66,"Soler","BOU","1.4","1.4","1.4","1.4",1,0,"0.3",40,742,1128,0,0,"0.0","a",0,0,,"false"
"2026-10-02T13:49:26Z",67,"Rayan","BOU","-10.0","-10.0","-10.0","-10.0",-1,0,"1.6",63,4077,9835,10,434,"2.0","a",-1,-2,,"false"
"2026-10-02T13:49:26Z",68,"Tavernier","BOU","31.1","31.2","31.4","31.5",2,11,"6.8",61,83944,44734,31,424,"6.7","a",0,1,,"false"
"2026-10-02T13:49:26Z",69,"Scott","BOU","0.4","0.3","0.2","0.0",1,-10,"5.8",61,24320,38926,30,446,"5.3","a",0,1,,"false"
"2026-10-02T13:49:26Z",70,"Kluivert","BOU","-55.8","-56.2","-57.2","-58.2",-3,-15,"0.9",60,2300,18268,15,294,"3.0","i",0,0,,"false"
"2026-10-02T13:49:26Z",71,"Cook","BOU","-12.5","-12.5","-12.5","-12.5",-1,0,"0.2",50,270,1156,8,180,"0.7","a",0,0,,"false"
"2026-10-02T13:49:26Z",72,"Gannon-Doak","BOU","-65.7","-65.7","-65.7","-65.7",-3,0,"0.1",49,144,385,4,12,"1.0","a",0,-1,,"false"
"2026-10-02T13:49:26Z",73,"Adams","BOU","1.6","1.6","1.6","1.6",1,0,"0.3",50,1120,1664,12,279,"3.3","a",0,0,,"false"
"2026-10-02T13:49:26Z",74,"Brooks","BOU","-19.6","-18.2","-14.7","-11.1",-1,1,"0.1",50,179,326,3,45,"0.7","a",0,0,,"false"
"2026-10-02T13:49:26Z",75,"Christie","BOU","0.4","0.4","0.4","0.4",1,0,"0.0",50,297,252,5,102,"1.3","a",0,0,,"false"
"2026-10-02T13:49:26Z",76,"Tóth.A","BOU","-11.9","-11.9","-11.9","-11.9",-1,0,"0.0",49,27,55,2,17,"0.3","a",0,-1,,"false"
"2026-10-02T13:49:26Z",77,"Adli","BOU","-85.2","-85.2","-85.2","-85.2",-3,0,"0.0",49,23,77,0,0,"0.0","i",0,-1,,"false"
"2026-10-02T13:49:26Z",78,"Kroupi.Jr","BOU","-76.8","-77.0","-77.7","-78.3",-3,-2,"0.2",74,190,871,0,0,"0.0","i",0,-1,,"false"
"2026-10-02T13:49:26Z",79,"Evanilson","BOU","51.8","51.9","52.1","52.3",3,16,"3.2",60,18197,21247,18,424,"3.0","a",0,0,,"false"
"2026-10-02T13:49:26Z",80,"Enes Ünal","BOU","0.0","0.0","0.0","0.0",0,0,"0.0",55,0,51,0,0,"0.0","u",0,0,,"false"
"2026-10-02T13:49:26Z",81,"Rodríguez","BOU","-32.2","-32.2","-32.2","-32.2",-2,0,"0.1",60,802,731,2,10,"0.3","a",0,0,,"false"
"2026-10-02T13:49:26Z",566,"Silva","BOU","1.4","1.4","1.4","1.5",1,1,"0.4",50,6413,3753,13,450,"2.3","a",0,0,,"false"
"2026-10-02T13:49:26Z",573,"Sanchez","BOU","-12.9","-12.4","-11.3","-10.2",-1,1,"0.2",44,154,441,0,0,"0.0","a",0,-1,,"false"
"2026-10-02T13:49:26Z",608,"Jebbison","BOU","0.6","0.6","0.6","0.6",1,0,"0.1",50,905,909,3,31,"0.7","a",0,0,,"false"
"2026-10-02T13:49:26Z",615,"Di Gregorio","BOU","-29.2","-29.2","-29.2","-29.2",-2,0,"0.0",45,185,196,0,0,"0.0","a",0,0,,"false"
"2026-10-02T13:49:26Z",82,"Kelleher","BRE","20.7","20.7","20.8","20.9",2,6,"6.1",50,20125,13740,20,450,"3.7","a",0,0,,"false"
"2026-10-02T13:49:26Z",83,"Valdimarsson","BRE","-75.8","-75.8","-75.8","-75.8",-3,0,"0.1",45,300,340,0,0,"0.0","a",0,0,,"false"
"2026-10-02T13:49:26Z",84,"Collins","BRE","-29.5","-29.7","-30.4","-31.2",-2,-12,"0.9",54,121,9550,10,196,"0.3","i",0,-1,,"false"
"2026-10-02T13:49:26Z",85,"Van den Berg","BRE","-82.0","-82.0","-82.0","-82.0",-3,0,"0.1",49,38,355,0,0,"0.0","i",0,-1,,"false"
"2026-10-02T13:49:26Z",86,"Lewis-Potter","BRE","32.6","32.6","32.6","32.5",2,-4,"1.7",55,3720,12086,22,406,"2.0","a",0,0,,"false"
"2026-10-02T13:49:26Z",87,"Ajer","BRE","31.2","31.2","31.4","31.5",2,8,"3.9",45,11398,23007,21,450,"3.3","a",0,0,,"false"
"2026-10-02T13:49:26Z",88,"Kayode","BRE","-38.3","-38.2","-38.0","-37.8",-2,9,"7.6",46,13453,21490,23,294,"2.7","a",0,1,,"false"
"2026-10-02T13:49:26Z",89,"Henry","BRE","-16.0","-16.0","-16.0","-16.0",-1,0,"0.2",44,163,595,1,2,"0.0","a",0,-1,,"false"
"2026-10-02T13:49:26Z",90,"Hickey","BRE","-29.7","-29.7","-29.7","-29.7",-2,0,"0.1",45,182,249,5,152,"1.0","a",0,0,,"false"
"2026-10-02T13:49:26Z",92,"Ji-soo","BRE","-5.2","-5.2","-5.2","-5.2",-1,0,"0.0",44,58,89,0,0,"0.0","a",-1,-1,,"false"
"2026-10-02T13:49:26Z",93,"Schuster","BRE","5.2","5.3","5.5","5.7",1,14,"0.3",45,15353,2386,21,253,"7.0","a",0,0,,"false"
"2026-10-02T13:49:26Z",94,"Schade","BRE","14.1","14.7","16.0","17.3",1,237,"11.6",62,397176,25570,39,447,"8.7","a",1,2,,"false"
"2026-10-02T13:49:26Z",95,"O.Dango","BRE","-50.1","-50.1","-50.1","-50.1",-3,0,"0.5",63,823,3725,7,179,"1.0","a",0,-2,,"false"
"2026-10-02T13:49:26Z",96,"Damsgaard","BRE","-7.1","-7.1","-7.1","-7.1",-1,0,"0.4",54,1699,2073,16,283,"4.0","a",0,-1,,"false"
"2026-10-02T13:49:26Z",97,"Jensen","BRE","-58.1","-58.1","-58.1","-58.1",-3,0,"0.1",54,20,653,6,66,"0.0","i",0,-1,,"false"
"2026-10-02T13:49:26Z",98,"Janelt","BRE","78.9","78.8","78.7","78.6",3,-8,"2.5",50,19800,18095,28,450,"6.0","a",0,0,,"false"
"2026-10-02T13:49:26Z",99,"Milambo","BRE","-43.3","-43.3","-43.3","-43.3",-3,0,"0.0",50,6,7,0,0,"0.0","i",0,0,,"false"
"2026-10-02T13:49:26Z",100,"Carvalho","BRE","0.3","0.3","0.3","0.3",1,-1,"0.0",50,611,176,6,3,"2.0","a",0,0,,"false"
"2026-10-02T13:49:26Z",102,"Yarmoliuk","BRE","-18.4","-18.5","-18.7","-19.0",-1,-1,"0.6",48,1355,3331,9,216,"2.3","a",0,-2,,"false"
"2026-10-02T13:49:26Z",103,"Dasilva","BRE","-62.7","-62.7","-62.7","-62.7",-3,0,"0.0",49,9,104,0,0,"0.0","i",0,-1,,"false"
"2026-10-02T13:49:26Z",105,"Anthony","BRE","0.8","0.8","0.9","0.9",1,2,"0.1",59,2363,623,15,267,"4.0","a",0,-1,,"false"
"2026-10-02T13:49:26Z",106,"Thiago","BRE","11.0","11.2","11.9","12.6",1,46,"9.1",78,59358,38737,10,442,"2.7","a",0,-2,,"false"
"2026-10-02T13:49:26Z",107,"Furo","BRE","-6.2","-6.3","-6.4","-6.5",-1,-2,"0.9",45,629,9610,0,0,"0.0","i",0,0,,"false"
"2026-10-02T13:49:26Z",108,"Wilson","BRE","-12.1","-11.9","-11.4","-10.9",-1,2,"0.3",54,1223,2487,3,13,"0.3","a",-1,-1,,"false"
"2026-10-02T13:49:26Z",565,"M.Sangaré","BRE","-32.5","-32.7","-33.2","-33.7",-2,-53,"9.9",56,8495,139843,22,321,"1.3","a",-1,1,,"false"
"2026-10-02T13:49:26Z",620,"Diouf","BRE","-36.3","-36.3","-36.3","-36.3",-2,0,"0.1",45,477,691,2,39,"0.7","a",0,0,,"false"
"2026-10-02T13:49:26Z",657,"Nunes","BRE","0.0","0.0","0.0","0.0",0,0,"0.0",45,349,271,0,0,"0.0","a",0,0,,"false"
"2026-10-02T13:49:26Z",660,"Fredrick","BRE","0.0","0.0","0.0","0.0",0,0,"0.0",40,527,69,0,0,"0.0","a",0,0,,"false"
"2026-10-02T13:49:26Z",661,"Balcombe","BRE","0.0","0.0","0.0","0.0",0,0,"0.0",40,2910,557,0,0,"0.0","a",0,0,,"false"
"2026-10-02T13:49:26Z",109,"Verbruggen","BHA","65.1","65.2","65.3","65.5",3,10,"21.6",45,73383,73041,23,450,"5.7","a",0,0,,"false"
"2026-10-02T13:49:26Z",111,"Steele","BHA","-0.8","-0.8","-1.0","-1.2",-1,-5,"4.1",40,7222,14928,0,0,"0.0","a",0,0,,"false"
"2026-10-02T13:49:26Z",113,"F.Kadıoğlu","BHA","-61.0","-60.9","-60.6","-60.4",-3,3,"1.6",44,4050,6987,13,332,"4.3","a",0,-1,,"false"
"2026-10-02T13:49:26Z",114,"Boscagli","BHA","2.8","2.8","2.8","2.8",1,2,"0.3",45,2092,806,19,437,"4.7","a",0,0,,"false"
"2026-10-02T13:49:26Z",115,"De Cuyper","BHA","2.8","3.0","3.7","4.4",1,119,"27.8",50,303076,22005,38,423,"7.0","a",1,5,,"false"
"2026-10-02T13:49:26Z",116,"Dunk","BHA","20.3","20.2","20.1","20.0",2,-7,"1.5",45,7593,10037,22,360,"5.7","d",0,0,,"false"
"2026-10-02T13:49:26Z",117,"Coppola","BHA","-12.1","-12.1","-12.1","-12.1",-1,0,"0.0",45,110,101,0,0,"0.0","a",0,0,,"false"
"2026-10-02T13:49:26Z",118,"Igor","BHA","0.0","0.0","0.0","0.0",0,0,"0.0",45,0,297,0,0,"0.0","u",0,0,,"false"
"2026-10-02T13:49:26Z",119,"Costinha","BHA","0.0","0.0","0.0","0.0",0,0,"0.0",45,172,137,4,68,"1.0","a",0,0,,"false"
"2026-10-02T13:49:26Z",120,"Svoboda","BHA","0.5","0.5","0.5","0.5",1,0,"0.1",50,1335,464,1,4,"0.3","a",0,0,,"false"
"2026-10-02T13:49:26Z",121,"Mitoma","BHA","-25.5","-25.5","-25.5","-25.5",-2,0,"0.0",59,128,177,0,0,"0.0","i",0,-1,,"false"
"2026-10-02T13:49:26Z",122,"Minteh","BHA","-5.8","-5.8","-5.8","-5.8",-1,0,"0.0",58,45,235,0,0,"0.0","i",-1,-2,,"false"
"2026-10-02T13:49:26Z",123,"Hinshelwood","BHA","-40.6","-40.8","-41.2","-41.6",-3,-4,"0.6",59,277,6878,16,63,"0.0","i",0,-1,,"false"
"2026-10-02T13:49:26Z",124,"Groß","BHA","95.9","96.9","99.4","102.0",4,460,"29.0",58,798080,12274,47,450,"10.7","a",1,3,,"false"
"2026-10-02T13:49:26Z",125,"Georginio","BHA","-0.2","-0.2","-0.2","-0.2",-1,0,"0.5",53,2697,3894,6,104,"0.3","a",-1,-2,,"false"
"2026-10-02T13:49:26Z",126,"O'Riley","BHA","-8.8","-8.8","-8.8","-8.8",-1,0,"0.1",54,429,574,2,10,"0.7","a",0,-1,,"false"
"2026-10-02T13:49:26Z",127,"Gomez","BHA","31.5","31.4","31.3","31.2",2,-8,"4.0",50,12328,38749,24,433,"4.3","a",0,0,,"false"
"2026-10-02T13:49:26Z",128,"Buonanotte","BHA","0.0","0.0","0.0","0.0",0,0,"0.0",50,0,7,0,0,"0.0","u",0,0,,"false"
"2026-10-02T13:49:26Z",129,"Ayari","BHA","-46.1","-45.6","-44.4","-43.2",-3,3,"0.4",54,2363,2030,15,333,"4.3","a",0,-1,,"false"
"2026-10-02T13:49:26Z",130,"Wieffer","BHA","-31.5","-32.1","-33.6","-35.1",-2,-5,"0.2",49,30,1998,7,156,"0.0","i",0,-1,,"false"
"2026-10-02T13:49:26Z",132,"Howell","BHA","0.0","0.0","0.0","0.0",0,0,"0.0",45,0,207,0,0,"0.0","u",0,0,,"false"
"2026-10-02T13:49:26Z",133,"Watson","BHA","0.0","0.0","0.0","0.0",0,0,"0.0",50,0,5,0,0,"0.0","u",0,0,,"false"
"2026-10-02T13:49:26Z",134,"Oriola","BHA","-83.1","-83.1","-83.1","-83.1",-3,0,"0.2",45,361,1357,0,0,"0.0","a",0,0,,"false"
"2026-10-02T13:49:26Z",135,"Yohanna","BHA","-1.1","-0.7","0.0","0.0",-1,1,"0.0",48,26,395,1,12,"0.0","i",-1,-2,,"false"
"2026-10-02T13:49:26Z",137,"Tzimas","BHA","-4.0","-4.0","-4.0","-4.0",-1,0,"0.0",54,37,53,0,0,"0.0","i",0,-1,,"false"
"2026-10-02T13:49:26Z",138,"Kostoulas","BHA","21.1","21.5","22.8","24.0",2,220,"4.2",56,317744,19504,28,353,"7.3","a",1,1,,"false"
"2026-10-02T13:49:26Z",139,"Ferguson","BHA","-59.7","-59.7","-59.7","-59.7",-3,0,"0.0",50,136,260,0,0,"0.0","i",0,0,,"false"
"2026-10-02T13:49:26Z",328,"Struijk","BHA","-8.4","-8.6","-9.2","-9.8",-1,-1,"0.2",49,641,893,7,98,"2.3","d",0,-1,,"false"
"2026-10-02T13:49:26Z",504,"Vuskovic","BHA","56.8","57.0","57.5","57.9",3,32,"3.7",50,57576,13600,32,437,"8.7","a",0,0,,"false"
"2026-10-02T13:49:26Z",594,"David","BHA","0.6","0.6","0.7","0.7",1,4,"0.2",59,3215,2231,1,23,"0.0","a",-1,-1,,"false"
"2026-10-02T13:49:26Z",600,"Osman","BHA","-68.4","-68.4","-68.4","-68.4",-3,0,"0.0",50,117,127,3,40,"0.3","a",0,0,,"false"
"2026-10-02T13:49:26Z",605,"Yalcouyé","BHA","54.7","54.7","54.5","54.4",3,-10,"4.0",45,26350,33280,20,236,"3.7","a",0,0,,"false"
"2026-10-02T13:49:26Z",614,"Hadjam","BHA","-5.5","-5.5","-5.5","-5.5",-1,0,"0.0",45,249,256,0,0,"0.0","a",0,0,,"false"
"2026-10-02T13:49:26Z",624,"Cozier-Duberry","BHA","0.0","0.0","0.0","0.0",0,0,"0.0",50,0,5,0,0,"0.0","u",0,0,,"false"
"2026-10-02T13:49:26Z",639,"Andrés","BHA","1.5","1.5","1.5","1.5",1,0,"0.0",55,2768,315,12,109,"4.0","a",0,0,,"false"
"2026-10-02T13:49:26Z",652,"Azeez","BHA","-30.6","-30.6","-30.6","-30.6",-2,0,"0.0",55,19,45,0,0,"0.0","i",0,0,,"false"
"2026-10-02T13:49:26Z",658,"Ibrahim","BHA","0.0","-0.4","-13.0","-25.5",-1,-1,"0.0",45,313,221,0,0,"0.0","a",0,0,,"false"
"2026-10-02T13:49:26Z",28,"Martinez","CHE","-6.5","-6.5","-6.5","-6.5",-1,0,"4.7",50,7746,22179,9,360,"2.3","a",0,0,,"false"
"2026-10-02T13:49:26Z",40,"Rogers","CHE","89.0","89.5","90.6","91.7",3,73,"40.5",77,150942,71130,29,437,"5.3","a",0,2,,"false"
"2026-10-02T13:49:26Z",101,"Henderson","CHE","0.0","0.0","0.0","0.0",0,0,"0.0",49,514,160,2,90,"0.7","a",0,-1,,"false"
"2026-10-02T13:49:26Z",136,"Welbeck","CHE","6.9","6.9","6.9","6.9",1,0,"1.0",59,7726,9377,4,85,"1.3","a",0,-1,,"false"
"2026-10-02T13:49:26Z",140,"Sánchez","CHE","0.0","0.0","0.0","0.0",0,-3,"0.7",49,0,4891,2,90,"0.0","u",0,-1,,"false"
"2026-10-02T13:49:26Z",141,"Jörgensen","CHE","0.0","0.0","0.0","0.0",0,0,"0.0",50,0,33,0,0,"0.0","u",0,0,,"false"
"2026-10-02T13:49:26Z",142,"James","CHE","-97.5","-97.8","-98.5","-99.3",-4,-50,"5.8",54,632,78603,3,292,"0.7","d",0,-1,,"false"
"2026-10-02T13:49:26Z",143,"Chalobah","CHE","0.0","0.0","0.0","0.0",0,-1,"0.1",55,0,327,0,0,"0.0","u",0,0,,"false"
"2026-10-02T13:49:26Z",144,"Gusto","CHE","-3.5","-3.5","-3.5","-3.5",-1,0,"1.0",49,1588,6944,4,272,"0.7","a",-1,-1,,"false"
"2026-10-02T13:49:26Z",145,"Fofana","CHE","4.7","4.7","4.8","4.8",1,4,"0.2",50,2527,1304,8,312,"2.7","a",0,0,,"false"
"2026-10-02T13:49:26Z",146,"B.Badiashile","CHE","0.0","0.0","0.0","0.0",0,0,"0.0",45,0,43,0,0,"0.0","u",0,0,,"false"
"2026-10-02T13:49:26Z",148,"Hato","CHE","12.7","12.7","12.7","12.7",1,-2,"0.8",45,827,7409,8,258,"1.0","a",0,0,,"false"
"2026-10-02T13:49:26Z",149,"Colwill","CHE","-10.0","-10.0","-10.0","-10.0",-1,0,"0.9",48,1090,5455,3,341,"0.7","a",-1,-2,,"false"
"2026-10-02T13:49:26Z",150,"M.Sarr","CHE","0.0","0.0","0.0","0.0",0,0,"0.0",45,0,172,0,0,"0.0","u",0,0,,"false"
"2026-10-02T13:49:26Z",151,"Acheampong","CHE","-12.0","-11.8","-11.2","-10.7",-1,1,"0.3",45,430,1961,5,221,"0.3","a",0,0,,"false"
"2026-10-02T13:49:26Z",152,"Palestra","CHE","-1.7","-1.7","-1.7","-1.7",-1,0,"0.6",53,234,3878,0,0,"0.0","d",0,-2,,"false"
"2026-10-02T13:49:26Z",154,"Palmer","CHE","-14.3","-14.7","-15.8","-16.9",-1,-130,"25.6",97,48974,171187,28,442,"2.7","d",0,2,,"false"
"2026-10-02T13:49:26Z",156,"Neto","CHE","-7.4","-7.3","-7.1","-6.8",-1,2,"1.4",65,5256,9725,14,332,"2.0","a",0,0,,"false"
"2026-10-02T13:49:26Z",157,"Estêvão","CHE","-33.2","-33.2","-33.2","-33.2",-2,0,"0.7",63,1812,4377,4,23,"1.0","a",0,-2,,"false"
"2026-10-02T13:49:26Z",158,"Gittens","CHE","-4.3","-4.3","-4.3","-4.3",-1,0,"0.0",58,155,259,0,0,"0.0","d",-1,-2,,"false"
"2026-10-02T13:49:26Z",159,"Caicedo","CHE","-2.7","-2.7","-2.7","-2.7",-1,0,"1.0",53,414,9020,1,13,"0.0","d",0,-2,,"false"
"2026-10-02T13:49:26Z",161,"Lavia","CHE","4.7","4.7","4.7","4.7",1,-2,"0.2",50,436,2481,11,258,"1.0","a",0,0,,"false"
"2026-10-02T13:49:26Z",163,"D.Essugo","CHE","0.0","0.0","0.0","0.0",0,0,"0.1",45,0,730,0,0,"0.0","u",0,0,,"false"
"2026-10-02T13:49:26Z",164,"Quenda","CHE","-28.4","-28.4","-28.4","-28.4",-2,0,"0.0",53,72,183,2,27,"0.3","a",0,-2,,"false"
"2026-10-02T13:49:26Z",165,"João Pedro","CHE","-2.0","-2.1","-2.2","-2.3",-1,-158,"65.1",77,64350,397741,33,360,"4.3","d",-1,2,,"false"
"2026-10-02T13:49:26Z",168,"Marc Guiu","CHE","0.0","0.0","0.0","0.0",0,0,"0.2",50,0,1556,0,0,"0.0","u",0,0,,"false"
"2026-10-02T13:49:26Z",169,"Mheuka","CHE","4.5","4.5","4.5","4.4",1,-2,"0.5",45,4564,3568,0,0,"0.0","a",0,0,,"false"
"2026-10-02T13:49:26Z",170,"Emegha","CHE","-0.6","-0.9","-1.6","-2.4",-1,-2,"0.1",49,80,1106,0,0,"0.0","i",-1,-1,,"false"
"2026-10-02T13:49:26Z",200,"Lacroix","CHE","-7.4","-7.4","-7.4","-7.4",-1,3,"6.8",59,8051,29551,13,364,"2.0","a",-1,-1,,"false"
"2026-10-02T13:49:26Z",560,"Penders","CHE","-0.7","-0.7","-0.7","-0.7",-1,0,"0.1",44,245,300,0,0,"0.0","a",0,-1,,"false"
"2026-10-02T13:49:26Z",561,"Anselmino","CHE","-1.3","-1.3","-1.3","-1.3",-1,0,"0.0",45,66,104,0,0,"0.0","a",0,0,,"false"
"2026-10-02T13:49:26Z",568,"Barco","CHE","-14.6","-15.6","-18.3","-21.0",-1,-2,"0.1",54,237,451,3,115,"0.7","a",0,-1,,"false"
"2026-10-02T13:49:26Z",583,"Chavarria","CHE","-51.0","-50.5","-49.3","-48.1",-3,1,"0.1",49,432,554,5,208,"1.0","a",0,-1,,"false"
"2026-10-02T13:49:26Z",662,"Nicoll-Jazuli","CHE","-1.1","-1.1","-1.1","-1.1",-1,0,"0.0",45,340,73,1,3,"1.0","a",0,0,,"false"
"2026-10-02T13:49:26Z",91,"Pinnock","COV","-73.7","-74.7","-77.4","-80.1",-3,-1,"0.1",45,399,231,14,282,"4.3","a",0,0,,"false"
"2026-10-02T13:49:26Z",104,"Onyeka","COV","-34.0","-34.0","-34.0","-34.0",-2,0,"0.1",49,177,452,9,314,"2.3","a",0,-1,,"false"
"2026-10-02T13:49:26Z",110,"Rushworth","COV","-59.0","-59.0","-59.0","-59.0",-3,0,"0.8",45,2594,5947,16,450,"4.3","a",0,0,,"false"
"2026-10-02T13:49:26Z",171,"Dovin","COV","0.0","0.0","0.0","0.0",0,-4,"1.0",40,0,4802,0,0,"0.0","u",0,0,,"false"
"2026-10-02T13:49:26Z",172,"Wilson","COV","-6.3","-6.3","-6.3","-6.3",-1,0,"0.4",44,243,692,0,0,"0.0","a",0,-1,,"false"
"2026-10-02T13:49:26Z",173,"Thomas","COV","17.4","17.4","17.5","17.5",1,1,"8.5",40,26521,32319,24,437,"4.3","a",0,0,,"false"
"2026-10-02T13:49:26Z",174,"Kitching","COV","0.0","0.0","0.0","0.0",0,-3,"0.3",40,0,1843,0,0,"0.0","u",0,0,,"false"
"2026-10-02T13:49:26Z",175,"van Ewijk","COV","-49.7","-49.8","-50.2","-50.6",-3,-41,"8.7",40,1178,76849,6,360,"1.0","d",0,0,,"false"
"2026-10-02T13:49:26Z",176,"Dasilva","COV","-30.5","-29.8","-27.8","-25.9",-2,9,"0.7",40,6510,1807,20,444,"5.7","a",0,0,,"false"
"2026-10-02T13:49:26Z",177,"Kesler-Hayden","COV","0.2","0.2","0.2","0.2",1,0,"0.0",39,1038,578,0,0,"0.0","i",-1,-1,,"false"
"2026-10-02T13:49:26Z",178,"Bidwell","COV","-30.6","-29.6","-27.2","-24.8",-2,1,"0.1",40,183,303,0,0,"0.0","a",0,0,,"false"
"2026-10-02T13:49:26Z",179,"Latibeaudiere","COV","-77.0","-77.0","-77.0","-77.0",-3,0,"0.0",40,74,138,1,1,"0.3","a",0,0,,"false"
"2026-10-02T13:49:26Z",180,"Woolfenden","COV","-98.4","-98.6","-99.2","-99.8",-4,-1,"0.1",40,33,510,0,0,"0.0","i",0,0,,"false"
"2026-10-02T13:49:26Z",181,"Brau","COV","0.0","0.0","0.0","0.0",0,0,"0.0",40,0,103,0,0,"0.0","u",0,0,,"false"
"2026-10-02T13:49:26Z",182,"Amenda","COV","-55.3","-55.5","-56.0","-56.5",-3,-6,"0.6",40,37,6884,4,360,"0.7","i",0,0,,"false"
"2026-10-02T13:49:26Z",183,"Rudoni","COV","0.1","0.1","0.1","0.1",1,0,"0.1",49,923,683,13,297,"3.0","a",0,-1,,"false"
"2026-10-02T13:49:26Z",184,"Grimes","COV","-29.2","-29.2","-29.2","-29.2",-2,0,"0.1",49,186,869,11,443,"2.3","a",0,-1,,"false"
"2026-10-02T13:49:26Z",185,"Sakamoto","COV","-23.1","-23.1","-23.1","-23.1",-2,0,"0.1",48,130,386,1,31,"0.0","a",0,-2,,"false"
"2026-10-02T13:49:26Z",186,"Mason-Clark","COV","-2.4","-2.4","-2.4","-2.4",-1,0,"0.1",53,73,364,5,231,"1.3","a",-1,-2,,"false"
"2026-10-02T13:49:26Z",187,"Eccles","COV","-4.4","-4.4","-4.4","-4.4",-1,0,"0.0",48,20,90,0,0,"0.0","i",-1,-2,,"false"
"2026-10-02T13:49:26Z",188,"Torp","COV","-11.8","-11.8","-11.8","-11.8",-1,0,"0.1",53,43,442,3,53,"0.3","a",-1,-2,,"false"
"2026-10-02T13:49:26Z",189,"Shepherd","COV","0.8","0.8","0.8","0.8",1,0,"0.3",44,4073,2288,0,0,"0.0","a",0,-1,,"false"
"2026-10-02T13:49:26Z",190,"Tchaouna","COV","-83.1","-83.1","-83.1","-83.1",-3,0,"0.1",54,24,350,5,211,"0.7","a",0,-1,,"false"
"2026-10-02T13:49:26Z",191,"Borges Rodrigues","COV","0.0","0.0","0.0","0.0",0,0,"0.1",45,0,685,0,0,"0.0","u",0,0,,"false"
"2026-10-02T13:49:26Z",192,"Andrews","COV","0.0","0.0","0.0","0.0",0,0,"0.3",45,0,1991,0,0,"0.0","u",0,0,,"false"
"2026-10-02T13:49:26Z",193,"Wright","COV","-0.3","-0.7","-1.6","-2.6",-1,-2,"0.1",53,48,559,0,0,"0.0","i",-1,-2,,"false"
"2026-10-02T13:49:26Z",194,"Thomas-Asante","COV","2.9","2.9","3.0","3.2",1,8,"0.8",50,8192,5974,9,227,"2.0","a",0,0,,"false"
"2026-10-02T13:49:26Z",195,"Simms","COV","-0.0","-0.0","-0.0","-0.0",0,0,"0.6",49,1933,5294,4,104,"0.7","a",-1,-1,,"false"
"2026-10-02T13:49:26Z",196,"Markelo","COV","0.0","0.0","0.0","0.0",0,0,"0.0",50,0,60,0,0,"0.0","u",0,0,,"false"
"2026-10-02T13:49:26Z",197,"Bassette","COV","0.0","0.0","0.0","0.0",0,0,"0.0",45,0,145,0,0,"0.0","u",0,0,,"false"
"2026-10-02T13:49:26Z",492,"Awoniyi","COV","-13.7","-13.8","-14.0","-14.1",-1,-2,"0.4",54,68,5072,3,232,"0.0","s",-1,-1,,"false"
"2026-10-02T13:49:26Z",575,"Yirenkyi","COV","-2.9","-2.9","-2.9","-2.9",-1,0,"0.1",48,297,1013,9,265,"1.7","a",-1,-2,,"false"
"2026-10-02T13:49:26Z",584,"Hamer","COV","-86.3","-86.3","-86.3","-86.3",-3,0,"0.1",54,43,399,3,32,"0.3","a",0,-1,,"false"
"2026-10-02T13:49:26Z",599,"Cherif","COV","-6.3","-5.6","-3.7","-1.9",-1,1,"0.1",50,541,761,1,30,"0.3","a",0,0,,"false"
"2026-10-02T13:49:26Z",623,"Bentley","COV","2.2","2.2","2.2","2.2",1,1,"0.6",40,8091,2332,0,0,"0.0","a",0,0,,"false"
"2026-10-02T13:49:26Z",655,"Gboho","COV","0.0","0.0","0.0","0.0",0,0,"0.0",55,71,52,0,0,"0.0","a",0,0,,"false"
"2026-10-02T13:49:26Z",656,"Mfuni","COV","0.1","0.1","0.1","0.1",1,1,"0.1",40,1875,871,6,90,"3.0","a",0,0,,"false"
"2026-10-02T13:49:26Z",42,"Guessand","CRY","-27.5","-27.5","-27.5","-27.5",-2,0,"0.0",54,111,267,2,54,"0.0","a",0,-1,,"false"
"2026-10-02T13:49:26Z",153,"Disasi","CRY","-62.8","-63.2","-64.2","-65.2",-3,-1,"0.1",45,27,771,1,139,"0.0","s",0,0,,"false"
"2026-10-02T13:49:26Z",198,"Henderson","CRY","-99.7","-99.9","-100.4","-100.9",-4,-11,"1.3",50,149,11271,5,270,"0.7","i",0,0,,"false"
"2026-10-02T13:49:26Z",199,"Benitez","CRY","-24.2","-24.2","-24.2","-24.2",-2,0,"0.1",45,693,379,8,180,"2.7","a",0,0,,"false"
"2026-10-02T13:49:26Z",202,"Richards","CRY","0.0","0.0","0.0","0.0",0,0,"0.6",49,1614,2210,14,450,"3.7","a",-1,-1,,"false"
"2026-10-02T13:49:26Z",203,"Canvot","CRY","-0.4","-0.4","-0.4","-0.4",-1,0,"0.2",48,412,872,10,360,"3.0","a",-1,-2,,"false"
"2026-10-02T13:49:26Z",204,"Mitchell","CRY","26.9","26.9","26.9","26.9",2,1,"6.1",45,14756,16250,24,419,"7.7","a",0,0,,"false"
"2026-10-02T13:49:26Z",205,"Sosa","CRY","0.0","0.0","0.0","0.0",0,0,"0.0",45,0,106,0,0,"0.0","u",0,0,,"false"
"2026-10-02T13:49:26Z",206,"Chadi Riad","CRY","-4.5","-4.5","-4.5","-4.5",-1,0,"0.0",43,25,121,1,72,"0.0","i",-1,-2,,"false"
"2026-10-02T13:49:26Z",207,"Mingueza","CRY","-90.2","-90.2","-90.2","-90.2",-3,0,"0.1",44,80,279,2,16,"0.3","a",0,-1,,"false"
"2026-10-02T13:49:26Z",208,"Sarr","CRY","0.1","0.1","0.1","0.1",1,2,"0.6",62,2557,2215,1,8,"0.3","a",0,-3,,"false"
"2026-10-02T13:49:26Z",210,"Wharton","CRY","-2.5","-2.6","-2.9","-3.2",-1,-2,"0.7",54,1175,4562,12,436,"2.0","a",-1,-1,,"false"
"2026-10-02T13:49:26Z",211,"Yeremy","CRY","4.8","4.8","4.8","4.8",1,0,"0.3",55,700,2643,14,307,"2.7","a",0,0,,"false"
"2026-10-02T13:49:26Z",212,"Hughes","CRY","-20.6","-20.8","-21.1","-21.4",-2,-16,"7.3",44,9087,44466,2,29,"0.7","a",0,-1,,"false"
"2026-10-02T13:49:26Z",213,"Lerma","CRY","-2.2","-2.2","-2.2","-2.2",-1,0,"0.1",48,91,379,1,51,"0.3","a",-1,-2,,"false"
"2026-10-02T13:49:26Z",214,"Kamada","CRY","11.7","11.6","11.6","11.6",1,-2,"0.5",50,3263,3022,21,441,"5.3","a",0,0,,"false"
"2026-10-02T13:49:26Z",215,"Devenny","CRY","0.0","0.0","0.0","0.0",0,0,"0.0",50,0,33,0,0,"0.0","u",0,0,,"false"
"2026-10-02T13:49:26Z",216,"Esse","CRY","0.0","0.0","0.0","0.0",0,0,"0.0",50,0,127,0,0,"0.0","u",0,0,,"false"
"2026-10-02T13:49:26Z",217,"M.França","CRY","0.0","0.0","0.0","0.0",0,0,"0.0",49,0,159,0,0,"0.0","u",0,-1,,"false"
"2026-10-02T13:49:26Z",218,"Doucouré","CRY","-2.4","-2.4","-2.4","-2.4",-1,0,"0.0",48,112,295,0,0,"0.0","a",-1,-2,,"false"
"2026-10-02T13:49:26Z",219,"J.Rak-Sakyi","CRY","0.0","0.0","0.0","0.0",0,0,"0.0",49,0,26,0,0,"0.0","u",0,-1,,"false"
"2026-10-02T13:49:26Z",220,"Cardines","CRY","0.0","0.0","0.0","0.0",0,0,"0.0",45,0,3,0,0,"0.0","u",0,0,,"false"
"2026-10-02T13:49:26Z",221,"Drakes-Thomas","CRY","-95.9","-95.9","-95.9","-95.9",-4,0,"0.1",45,139,424,0,0,"0.0","a",0,0,,"false"
"2026-10-02T13:49:26Z",222,"Strand Larsen","CRY","5.3","5.3","5.3","5.4",1,3,"0.7",60,4969,3919,14,298,"3.7","a",0,0,,"false"
"2026-10-02T13:49:26Z",223,"Mateta","CRY","-26.1","-26.3","-26.6","-27.0",-2,-8,"1.3",63,214,9183,2,62,"0.0","i",0,-2,,"false"
"2026-10-02T13:49:26Z",224,"Nketiah","CRY","-18.2","-18.2","-18.2","-18.2",-1,0,"0.5",55,1296,3367,8,175,"1.7","a",0,0,,"false"
"2026-10-02T13:49:26Z",225,"Uche","CRY","0.0","0.0","0.0","0.0",0,0,"0.0",50,0,0,0,0,"0.0","u",0,0,,"false"
"2026-10-02T13:49:26Z",241,"McNeil","CRY","-97.7","-97.7","-97.7","-97.7",-4,0,"0.1",54,74,480,3,84,"0.0","a",0,-1,,"false"
"2026-10-02T13:49:26Z",555,"Matthews","CRY","-9.4","-9.4","-9.4","-9.4",-1,0,"1.7",40,1110,3038,0,0,"0.0","a",0,0,,"false"
"2026-10-02T13:49:26Z",577,"Tomiyasu","CRY","-14.3","-14.3","-14.3","-14.3",-1,0,"0.3",44,149,1198,3,189,"0.3","d",0,-1,,"false"
"2026-10-02T13:49:26Z",588,"Khalaili","CRY","6.8","6.8","6.9","6.9",1,2,"0.3",50,2094,1122,19,379,"5.3","a",0,0,,"false"
"2026-10-02T13:49:26Z",595,"Gozo","CRY","-0.6","-0.6","-0.6","-0.6",-1,0,"0.0",49,41,90,2,28,"0.3","a",-1,-1,,"false"
"2026-10-02T13:49:26Z",633,"Ahanor","CRY","0.1","0.1","0.1","0.1",1,0,"0.0",45,140,108,3,90,"1.0","a",0,0,,"false"
"2026-10-02T13:49:26Z",643,"Chilwell","CRY","-75.0","-75.1","-75.5","-76.0",-3,-1,"0.4",45,568,2954,8,29,"2.7","a",0,0,,"false"
"2026-10-02T13:49:26Z",644,"Timber","CRY","0.2","0.2","0.2","0.2",1,0,"0.0",50,470,324,9,253,"3.0","a",0,0,,"false"
"2026-10-02T13:49:26Z",647,"Osorio","CRY","-74.8","-74.8","-74.8","-74.8",-3,0,"0.0",55,27,75,1,1,"0.3","a",0,0,,"false"
"2026-10-02T13:49:26Z",21,"Nørgaard","EVE","-0.4","-0.7","-1.7","-2.6",-1,-1,"0.0",48,55,329,0,0,"0.0","i",-1,-2,,"false"
"2026-10-02T13:49:26Z",209,"Johnson","EVE","-19.6","-19.6","-19.6","-19.6",-1,0,"0.1",59,419,715,9,238,"2.3","a",0,-1,,"false"
"2026-10-02T13:49:26Z",226,"Pickford","EVE","29.9","29.9","29.9","29.9",2,0,"9.1",55,28958,15759,25,450,"5.0","a",0,0,,"false"
"2026-10-02T13:49:26Z",227,"Travers","EVE","-32.9","-34.8","-39.5","-44.3",-2,-1,"0.0",50,252,264,0,0,"0.0","a",0,0,,"false"
"2026-10-02T13:49:26Z",228,"King","EVE","-42.5","-42.5","-42.5","-42.5",-3,0,"0.0",45,114,173,0,0,"0.0","a",0,0,,"false"
"2026-10-02T13:49:26Z",229,"Tarkowski","EVE","0.5","0.7","1.2","1.6",1,82,"16.6",62,235789,21062,43,450,"8.3","a",1,2,,"false"
"2026-10-02T13:49:26Z",230,"Branthwaite","EVE","36.2","36.3","36.4","36.6",2,10,"2.4",55,19905,7310,27,450,"5.7","a",0,0,,"false"
"2026-10-02T13:49:26Z",231,"Keane","EVE","-39.8","-39.7","-39.5","-39.2",-2,1,"0.7",48,392,3870,0,0,"0.0","a",0,-2,,"false"
"2026-10-02T13:49:26Z",232,"O'Brien","EVE","-4.1","-4.3","-4.7","-5.1",-1,-1,"0.3",48,336,1157,2,16,"0.7","a",-1,-2,,"false"
"2026-10-02T13:49:26Z",233,"Mykolenko","EVE","1.3","1.2","1.1","1.1",1,-16,"4.2",46,41346,22426,27,450,"5.7","d",1,1,,"false"
"2026-10-02T13:49:26Z",234,"Patterson","EVE","0.0","0.0","0.0","0.0",0,0,"0.0",45,0,124,0,0,"0.0","u",0,0,,"false"
"2026-10-02T13:49:26Z",235,"Aznou","EVE","0.0","0.0","0.0","0.0",0,0,"0.1",40,0,562,0,0,"0.0","u",0,0,,"false"
"2026-10-02T13:49:26Z",236,"Dewsbury-Hall","EVE","-16.0","-16.1","-16.5","-16.9",-1,-14,"6.0",66,34441,44959,20,450,"2.3","a",1,1,,"false"
"2026-10-02T13:49:26Z",238,"Grealish","EVE","8.8","8.8","8.9","8.9",1,1,"0.5",65,3796,2999,6,135,"1.7","a",0,0,,"false"
"2026-10-02T13:49:26Z",239,"Garner","EVE","3.5","3.5","3.5","3.5",1,-1,"0.2",60,1758,2017,11,328,"3.0","a",0,0,,"false"
"2026-10-02T13:49:26Z",242,"George","EVE","30.5","30.4","30.3","30.2",2,-8,"0.9",55,2468,10854,19,309,"4.7","a",0,0,,"false"
"2026-10-02T13:49:26Z",243,"Alcaraz","EVE","-47.2","-47.2","-47.2","-47.2",-3,0,"0.1",49,161,409,1,5,"0.0","a",0,-1,,"false"
"2026-10-02T13:49:26Z",244,"Armstrong","EVE","9.5","9.5","9.5","9.5",1,1,"0.4",50,852,3332,16,446,"2.0","a",0,0,,"false"
"2026-10-02T13:49:26Z",245,"Dibling","EVE","-91.4","-91.4","-91.4","-91.4",-3,0,"0.0",54,119,159,1,24,"0.3","a",0,-1,,"false"
"2026-10-02T13:49:26Z",246,"Röhl","EVE","-46.6","-48.2","-52.2","-56.3",-3,-2,"0.0",49,7,588,6,249,"0.3","i",0,-1,,"false"
"2026-10-02T13:49:26Z",247,"Hackney","EVE","-5.5","-5.5","-5.5","-5.5",-1,0,"0.2",54,191,1094,10,137,"2.0","a",-1,-1,,"false"
"2026-10-02T13:49:26Z",248,"Beto","EVE","0.0","0.0","0.0","0.0",0,-6,"0.6",54,0,7373,2,31,"0.0","u",0,-1,,"false"
"2026-10-02T13:49:26Z",249,"Barry","EVE","0.4","0.5","0.6","0.6",1,17,"8.3",57,85665,39514,20,417,"3.3","a",1,2,,"false"
"2026-10-02T13:49:26Z",649,"Maitland-Niles","EVE","17.7","17.7","17.7","17.8",1,5,"1.4",45,19558,4787,21,177,"7.0","a",0,0,,"false"
"2026-10-02T13:49:26Z",654,"Graham","EVE","-35.2","-35.2","-35.2","-35.2",-2,0,"0.1",45,234,1011,0,0,"0.0","a",0,0,,"false"
"2026-10-02T13:49:26Z",250,"Leno","FUL","9.0","9.1","9.2","9.3",1,8,"3.4",45,39718,11508,18,450,"4.3","a",0,0,,"false"
"2026-10-02T13:49:26Z",251,"Lecomte","FUL","-24.2","-24.3","-24.5","-24.6",-2,-1,"1.1",40,2523,2533,0,0,"0.0","a",0,0,,"false"
"2026-10-02T13:49:26Z",252,"McNally","FUL","0.0","0.0","0.0","0.0",0,0,"0.1",40,0,603,0,0,"0.0","u",0,0,,"false"
"2026-10-02T13:49:26Z",253,"Andersen","FUL","0.8","0.8","0.8","0.8",1,0,"0.2",50,2739,1100,3,190,"0.7","a",0,0,,"false"
"2026-10-02T13:49:26Z",254,"Robinson","FUL","-18.7","-18.4","-17.7","-17.1",-1,6,"1.5",45,16148,6748,12,429,"3.0","a",0,0,,"false"
"2026-10-02T13:49:26Z",255,"J.Cuenca","FUL","-73.6","-73.6","-73.6","-73.6",-3,0,"0.0",45,68,113,3,90,"0.0","a",0,0,,"false"
"2026-10-02T13:49:26Z",256,"Tete","FUL","-0.8","-0.8","-0.8","-0.8",-1,0,"0.2",44,58,1045,0,27,"0.0","a",0,-1,,"false"
"2026-10-02T13:49:26Z",257,"Bassey","FUL","0.1","0.2","0.3","0.5",1,10,"0.7",45,5609,1841,15,450,"4.3","a",0,0,,"false"
"2026-10-02T13:49:26Z",258,"Castagne","FUL","14.5","14.6","14.8","15.0",1,14,"0.9",45,14840,4922,20,408,"2.7","a",0,0,,"false"
"2026-10-02T13:49:26Z",261,"Iwobi","FUL","-59.4","-59.4","-59.4","-59.4",-3,0,"0.7",54,3506,3263,14,408,"3.3","a",0,-1,,"false"
"2026-10-02T13:49:26Z",262,"Smith Rowe","FUL","-1.2","-1.2","-1.2","-1.2",-1,0,"0.2",53,308,1346,3,38,"0.7","a",-1,-2,,"false"
"2026-10-02T13:49:26Z",263,"Kevin","FUL","-13.2","-13.2","-13.2","-13.2",-1,0,"0.0",53,196,287,4,61,"0.7","a",0,-2,,"false"
"2026-10-02T13:49:26Z",264,"Bobb","FUL","-47.9","-47.4","-46.2","-44.9",-3,2,"0.3",55,2392,1808,13,343,"2.7","a",0,0,,"false"
"2026-10-02T13:49:26Z",265,"Berge","FUL","-34.6","-34.6","-34.6","-34.6",-2,0,"0.3",49,631,1309,11,349,"2.3","a",0,-1,,"false"
"2026-10-02T13:49:26Z",266,"Cairney","FUL","-15.5","-15.5","-15.5","-15.5",-1,0,"0.0",49,8,20,0,0,"0.0","i",0,-1,,"false"
"2026-10-02T13:49:26Z",268,"King","FUL","90.0","90.4","91.5","92.5",3,69,"2.6",55,89526,18612,24,425,"5.0","a",0,0,,"false"
"2026-10-02T13:49:26Z",269,"Sessegnon","FUL","-1.8","-1.8","-1.8","-1.8",-1,0,"0.3",43,300,1309,3,50,"0.3","a",-1,-2,,"false"
"2026-10-02T13:49:26Z",270,"Reed","FUL","-11.6","-11.9","-12.4","-13.0",-1,-4,"1.1",44,2815,6885,0,0,"0.0","a",0,-1,,"false"
"2026-10-02T13:49:26Z",271,"Muniz","FUL","-51.3","-51.0","-50.4","-49.7",-3,2,"0.4",54,1748,2693,3,38,"0.7","a",0,-1,,"false"
"2026-10-02T13:49:26Z",272,"Kusi-Asare","FUL","-64.6","-64.7","-64.9","-65.0",-3,-6,"5.4",45,10975,33435,0,0,"0.0","a",0,0,,"false"
"2026-10-02T13:49:26Z",569,"Gonzalo","FUL","58.9","59.3","60.0","60.8",3,52,"4.0",60,69630,32743,14,425,"2.0","a",0,0,,"false"
"2026-10-02T13:49:26Z",570,"Palacios","FUL","-7.3","-7.3","-7.3","-7.3",-1,0,"0.2",54,709,950,12,226,"3.0","a",0,-1,,"false"
"2026-10-02T13:49:26Z",580,"Charles","FUL","-81.5","-80.5","-78.0","-75.5",-3,1,"0.1",50,623,438,13,303,"3.7","a",0,0,,"false"
"2026-10-02T13:49:26Z",610,"De Fougerolles","FUL","0.0","0.0","0.0","0.0",0,0,"0.1",40,0,504,0,0,"0.0","u",0,0,,"false"
"2026-10-02T13:49:26Z",626,"Zepa","FUL","0.2","0.2","0.2","0.3",1,4,"0.3",44,727,2265,0,0,"0.0","a",-1,-1,,"false"
"2026-10-02T13:49:26Z",635,"Larsson","FUL","0.0","0.0","0.0","0.0",0,0,"0.0",50,96,71,3,37,"1.0","a",0,0,,"false"
"2026-10-02T13:49:26Z",636,"Ángel","FUL","0.0","0.0","0.0","0.0",0,0,"0.0",50,32,27,0,0,"0.0","a",0,0,,"false"
"2026-10-02T13:49:26Z",650,"Affengruber","FUL","1.2","1.3","1.4","1.5",1,7,"0.1",45,5990,1426,12,180,"4.0","a",0,0,,"false"
"2026-10-02T13:49:26Z",240,"Iroegbunam","HUL","0.1","0.1","0.1","0.1",1,0,"0.0",50,76,139,2,70,"0.3","a",0,0,,"false"
"2026-10-02T13:49:26Z",273,"Phillips","HUL","-28.6","-28.6","-28.6","-28.6",-2,0,"1.4",40,3031,3533,0,0,"0.0","a",0,0,,"false"
"2026-10-02T13:49:26Z",274,"Butland","HUL","-0.7","-0.5","0.0","0.0",-1,1,"0.1",44,69,323,0,0,"0.0","i",-1,-1,,"false"
"2026-10-02T13:49:26Z",275,"Cartwright","HUL","0.0","0.0","0.0","0.0",0,0,"0.0",40,0,25,0,0,"0.0","u",0,0,,"false"
"2026-10-02T13:49:26Z",276,"Lo-Tutala","HUL","0.0","0.0","0.0","0.0",0,0,"0.0",40,0,115,0,0,"0.0","u",0,0,,"false"
"2026-10-02T13:49:26Z",277,"Egan","HUL","26.5","26.5","26.3","26.2",2,-9,"7.0",41,27326,29733,26,437,"3.0","a",0,1,,"false"
"2026-10-02T13:49:26Z",278,"Hughes","HUL","0.5","0.5","0.5","0.5",1,0,"0.2",39,1103,1954,0,0,"0.0","i",0,-1,,"false"
"2026-10-02T13:49:26Z",279,"Ajayi","HUL","70.5","70.4","70.3","70.2",3,-9,"14.0",42,43894,59525,27,423,"2.3","a",0,2,,"false"
"2026-10-02T13:49:26Z",280,"Coyle","HUL","0.3","0.3","0.3","0.3",1,2,"0.7",40,2086,2055,14,348,"2.7","a",0,0,,"false"
"2026-10-02T13:49:26Z",281,"Drameh","HUL","0.0","0.0","0.0","0.0",0,0,"0.0",40,0,257,2,65,"0.0","u",0,0,,"false"
"2026-10-02T13:49:26Z",282,"Giles","HUL","71.2","71.2","71.2","71.2",3,0,"2.9",40,21471,13970,24,444,"4.0","a",0,0,,"false"
"2026-10-02T13:49:26Z",283,"Jacob","HUL","0.0","0.0","0.0","0.0",0,0,"0.0",40,0,36,0,0,"0.0","u",0,0,,"false"
"2026-10-02T13:49:26Z",284,"McCarthy","HUL","0.5","0.5","0.5","0.5",1,0,"0.1",40,394,440,0,0,"0.0","a",0,0,,"false"
"2026-10-02T13:49:26Z",285,"McNair","HUL","-42.5","-42.5","-42.5","-42.5",-3,0,"0.1",40,196,414,1,26,"0.0","a",0,0,,"false"
"2026-10-02T13:49:26Z",286,"Belloumi","HUL","37.6","37.7","38.0","38.2",2,18,"5.2",51,77112,25330,31,394,"7.3","a",0,1,,"false"
"2026-10-02T13:49:26Z",287,"Millar","HUL","0.0","0.0","0.0","0.0",0,0,"0.0",50,0,301,6,50,"0.0","u",0,0,,"false"
"2026-10-02T13:49:26Z",288,"Dowell","HUL","-97.5","-97.5","-97.5","-97.5",-4,0,"0.3",45,592,2027,0,0,"0.0","a",0,0,,"false"
"2026-10-02T13:49:26Z",289,"Crooks","HUL","0.7","0.7","0.7","0.7",1,0,"0.5",44,5091,4205,3,203,"0.3","a",-1,-1,,"false"
"2026-10-02T13:49:26Z",290,"Slater","HUL","76.0","76.0","75.9","75.8",3,-7,"5.2",45,15880,37550,15,437,"2.3","a",0,0,,"false"
"2026-10-02T13:49:26Z",291,"Matazo","HUL","-15.0","-15.0","-15.0","-15.0",-1,0,"0.0",45,30,54,0,0,"0.0","i",0,0,,"false"
"2026-10-02T13:49:26Z",292,"Ömür","HUL","-10.9","-6.7","0.0","0.0",-1,1,"0.0",49,87,149,0,0,"0.0","a",0,-1,,"false"
"2026-10-02T13:49:26Z",293,"Kamara","HUL","0.0","0.0","0.0","0.0",0,0,"0.0",50,0,12,0,0,"0.0","u",0,0,,"false"
"2026-10-02T13:49:26Z",294,"Zambrano","HUL","-22.9","-22.9","-22.9","-22.9",-2,0,"0.1",45,151,494,0,0,"0.0","a",0,0,,"false"
"2026-10-02T13:49:26Z",295,"McBurnie","HUL","28.1","28.1","28.1","28.0",2,-4,"1.9",55,8120,18085,13,441,"2.3","a",0,0,,"false"
"2026-10-02T13:49:26Z",296,"Akintola","HUL","0.0","0.0","0.0","0.0",0,0,"0.0",50,0,274,0,0,"0.0","u",0,0,,"false"
"2026-10-02T13:49:26Z",297,"Gyabi","HUL","-0.6","-0.6","-0.6","-0.6",-1,0,"0.0",44,61,144,0,0,"0.0","i",-1,-1,,"false"
"2026-10-02T13:49:26Z",298,"Destan","HUL","0.0","0.0","0.0","0.0",0,0,"0.2",45,0,1350,0,0,"0.0","u",0,0,,"false"
"2026-10-02T13:49:26Z",299,"Burstow","HUL","0.0","0.0","0.0","0.0",0,0,"0.0",45,0,219,0,0,"0.0","u",0,0,,"false"
"2026-10-02T13:49:26Z",340,"Gelhardt","HUL","0.0","0.0","0.0","0.0",0,0,"0.0",50,97,110,1,7,"0.3","a",0,0,,"false"
"2026-10-02T13:49:26Z",556,"Targett","HUL","-75.8","-75.9","-76.3","-76.6",-3,-6,"1.6",40,113,9972,1,5,"0.0","d",0,0,,"false"
"2026-10-02T13:49:26Z",563,"Morita","HUL","-0.4","-0.4","-0.4","-0.4",-1,0,"0.0",49,24,179,1,45,"0.0","i",-1,-1,,"false"
"2026-10-02T13:49:26Z",572,"Tzolakis","HUL","0.8","0.8","0.9","1.0",1,17,"12.8",47,126284,22322,34,450,"4.7","a",1,2,,"false"
"2026-10-02T13:49:26Z",574,"Hjertø-Dahl","HUL","-76.5","-76.5","-76.5","-76.5",-3,0,"0.1",49,76,327,1,8,"0.3","a",0,-1,,"false"
"2026-10-02T13:49:26Z",576,"Stroud","HUL","-53.7","-53.7","-53.7","-53.7",-3,0,"0.1",50,145,464,7,249,"1.3","a",0,0,,"false"
"2026-10-02T13:49:26Z",585,"Herrington","HUL","-27.8","-27.8","-27.8","-27.8",-2,0,"0.6",40,1049,1697,5,197,"1.0","a",0,0,,"false"
"2026-10-02T13:49:26Z",586,"Mendy","HUL","-0.6","-0.7","-0.9","-1.1",-1,-7,"6.3",41,7113,33699,25,249,"3.0","a",0,1,,"false"
"2026-10-02T13:49:26Z",589,"Gourna-Douath","HUL","-80.5","-80.5","-80.5","-80.5",-3,0,"0.0",50,33,109,4,138,"1.0","a",0,0,,"false"
"2026-10-02T13:49:26Z",617,"Cho","HUL","0.2","0.2","0.2","0.2",1,0,"0.0",50,353,151,9,72,"2.7","a",0,0,,"false"
"2026-10-02T13:49:26Z",632,"Ansah","HUL","-66.0","-66.0","-66.0","-66.0",-3,0,"0.0",50,74,417,0,0,"0.0","i",0,0,,"false"
"2026-10-02T13:49:26Z",637,"Vaz","HUL","1.3","1.3","1.2","1.2",1,-1,"0.1",50,1857,1164,2,20,"0.7","a",0,0,,"false"
"2026-10-02T13:49:26Z",638,"Norton-Cuffy","HUL","-26.6","-26.6","-26.6","-26.6",-2,0,"0.2",40,454,2599,1,34,"0.3","d",0,0,,"false"
"2026-10-02T13:49:26Z",642,"Thomas","HUL","0.3","0.3","0.3","0.3",1,1,"0.0",55,482,352,4,119,"1.3","a",0,0,,"false"
"2026-10-02T13:49:26Z",645,"Mouzakitis","HUL","0.0","0.0","0.0","0.0",0,0,"0.0",50,90,92,0,0,"0.0","a",0,0,,"false"
"2026-10-02T13:49:26Z",259,"Diop","IPS","-54.0","-54.1","-54.2","-54.3",-3,-7,"12.7",40,7150,55822,12,450,"2.7","a",0,0,,"false"
"2026-10-02T13:49:26Z",267,"Lukić","IPS","-5.4","-5.4","-5.4","-5.4",-1,0,"0.1",49,196,528,11,400,"1.7","a",-1,-1,,"false"
"2026-10-02T13:49:26Z",300,"Walton","IPS","-7.2","-6.9","-6.1","-5.3",-1,2,"0.4",44,1705,1061,2,90,"0.7","a",0,-1,,"false"
"2026-10-02T13:49:26Z",301,"Palmer","IPS","-26.0","-26.0","-26.1","-26.1",-2,-1,"3.9",40,4016,12015,0,0,"0.0","a",0,0,,"false"
"2026-10-02T13:49:26Z",302,"Button","IPS","1.1","1.1","1.1","1.1",1,0,"0.6",40,1476,1337,0,0,"0.0","a",0,0,,"false"
"2026-10-02T13:49:26Z",303,"Kipré","IPS","3.2","3.2","3.1","3.1",1,-2,"0.9",39,4533,4435,0,0,"0.0","a",0,-1,,"false"
"2026-10-02T13:49:26Z",304,"O'Shea","IPS","-41.0","-41.1","-41.2","-41.4",-3,-2,"2.7",40,2002,14829,10,450,"2.0","a",0,0,,"false"
"2026-10-02T13:49:26Z",305,"Davis","IPS","73.8","73.8","74.0","74.1",3,10,"6.9",40,51119,28163,25,450,"5.7","a",0,0,,"false"
"2026-10-02T13:49:26Z",306,"Greaves","IPS","-92.2","-92.5","-93.0","-93.6",-3,-4,"1.1",40,482,3502,3,357,"0.7","a",0,0,,"false"
"2026-10-02T13:49:26Z",307,"Johnson","IPS","0.0","0.0","0.0","0.0",0,0,"0.1",40,0,362,0,0,"0.0","u",0,0,,"false"
"2026-10-02T13:49:26Z",308,"Furlong","IPS","2.1","2.1","2.1","2.1",1,1,"0.6",39,6449,2952,1,17,"0.0","a",0,-1,,"false"
"2026-10-02T13:49:26Z",309,"Núñez","IPS","-36.1","-36.1","-36.1","-36.1",-2,0,"0.1",49,100,643,6,140,"0.0","a",0,-1,,"false"
"2026-10-02T13:49:26Z",310,"Matusiwa","IPS","0.0","0.0","0.0","0.0",0,0,"0.0",49,15,18,0,0,"0.0","a",0,-1,,"false"
"2026-10-02T13:49:26Z",311,"Burns","IPS","0.0","0.0","0.0","0.0",0,0,"0.0",50,0,8,0,0,"0.0","u",0,0,,"false"
"2026-10-02T13:49:26Z",312,"Taylor","IPS","0.1","0.1","0.1","0.1",1,0,"0.0",44,385,276,0,0,"0.0","i",-1,-1,,"false"
"2026-10-02T13:49:26Z",313,"Clarke","IPS","-86.7","-86.7","-86.7","-86.7",-3,0,"0.2",54,146,938,11,170,"1.3","a",0,-1,,"false"
"2026-10-02T13:49:26Z",314,"Ogbene","IPS","0.0","0.0","0.0","0.0",0,0,"0.0",49,0,66,0,0,"0.0","u",0,-1,,"false"
"2026-10-02T13:49:26Z",315,"Fatawu","IPS","-35.1","-35.1","-35.1","-35.1",-2,0,"0.2",54,58,2541,8,352,"0.7","s",0,-1,,"false"
"2026-10-02T13:49:26Z",316,"Emersonn","IPS","85.5","85.7","86.2","86.7",3,33,"3.6",55,35166,23289,26,317,"5.3","a",0,0,,"false"
"2026-10-02T13:49:26Z",317,"Hirst","IPS","0.0","0.0","0.0","0.0",0,0,"0.1",50,0,485,0,0,"0.0","u",0,0,,"false"
"2026-10-02T13:49:26Z",318,"Philogene","IPS","-8.2","-8.2","-8.2","-8.2",-1,0,"0.1",54,33,159,2,52,"0.7","a",0,-1,,"false"
"2026-10-02T13:49:26Z",319,"Szmodics","IPS","0.0","0.0","0.0","0.0",0,0,"0.0",50,0,13,0,0,"0.0","u",0,0,,"false"
"2026-10-02T13:49:26Z",320,"Akpom","IPS","24.4","24.4","24.4","24.4",2,-2,"1.2",50,5062,9670,7,78,"0.3","a",0,0,,"false"
"2026-10-02T13:49:26Z",321,"Walle Egeli","IPS","39.4","39.4","39.2","39.1",2,-10,"3.5",45,18291,26962,1,10,"0.0","a",0,0,,"false"
"2026-10-02T13:49:26Z",322,"Al-Hamadi","IPS","0.0","0.0","0.0","0.0",0,0,"0.0",50,0,377,0,0,"0.0","u",0,0,,"false"
"2026-10-02T13:49:26Z",323,"McAteer","IPS","-1.2","-1.2","-1.2","-1.2",-1,0,"1.0",44,1527,6499,3,42,"0.3","a",-1,-1,,"false"
"2026-10-02T13:49:26Z",324,"Mehmeti","IPS","-2.4","-2.4","-2.4","-2.4",-1,0,"0.0",48,76,143,0,0,"0.0","a",-1,-2,,"false"
"2026-10-02T13:49:26Z",554,"Van Oevelen","IPS","0.0","0.0","0.0","0.0",0,0,"0.0",45,0,83,0,0,"0.0","u",0,0,,"false"
"2026-10-02T13:49:26Z",562,"Maeda","IPS","-10.5","-10.5","-10.5","-10.5",-1,0,"0.2",53,139,1478,8,259,"1.3","a",-1,-2,,"false"
"2026-10-02T13:49:26Z",564,"Scherpen","IPS","-32.0","-32.0","-32.0","-32.0",-2,0,"0.6",45,653,2813,7,360,"1.0","a",0,0,,"false"
"2026-10-02T13:49:26Z",571,"Florentino","IPS","-2.7","-2.7","-2.7","-2.7",-1,0,"0.1",48,113,339,2,30,"0.7","a",-1,-2,,"false"
"2026-10-02T13:49:26Z",591,"Enciso","IPS","8.7","8.7","8.8","8.9",1,5,"0.8",55,2275,6143,15,413,"1.7","a",0,0,,"false"
"2026-10-02T13:49:26Z",592,"Ouattara","IPS","-32.5","-32.4","-32.2","-32.0",-2,1,"0.9",40,687,2087,6,131,"1.3","a",0,0,,"false"
"2026-10-02T13:49:26Z",602,"Humphreys","IPS","0.0","0.0","0.0","0.0",0,0,"0.0",45,0,239,0,0,"0.0","u",0,0,,"false"
"2026-10-02T13:49:26Z",619,"Palacios","IPS","1.0","1.0","1.1","1.1",1,1,"0.1",50,524,844,11,275,"3.3","a",0,0,,"false"
"2026-10-02T13:49:26Z",640,"Flemming","IPS","0.5","0.5","0.5","0.5",1,0,"0.1",55,932,996,6,60,"2.0","a",0,0,,"false"
"2026-10-02T13:49:26Z",260,"Wilson","LEE","-62.8","-63.3","-64.4","-65.5",-3,-34,"1.7",62,74,40754,5,145,"0.3","i",0,-3,,"false"
"2026-10-02T13:49:26Z",326,"Perri","LEE","0.0","0.0","0.0","0.0",0,0,"0.3",45,0,1305,0,0,"0.0","u",0,0,,"false"
"2026-10-02T13:49:26Z",327,"Bijol","LEE","5.0","5.0","5.0","5.0",1,-2,"0.7",50,800,5569,12,164,"0.3","a",0,0,,"false"
"2026-10-02T13:49:26Z",329,"Rodon","LEE","-6.6","-6.7","-6.8","-7.0",-1,-4,"0.8",43,46,8866,7,123,"0.0","i",-1,-2,,"false"
"2026-10-02T13:49:26Z",330,"Bogle","LEE","58.4","58.8","59.6","60.5",3,59,"7.2",46,126354,26034,42,365,"11.3","a",0,1,,"false"
"2026-10-02T13:49:26Z",331,"Gudmundsson","LEE","1.0","1.0","1.0","1.0",1,0,"0.1",45,540,338,14,252,"4.7","a",0,0,,"false"
"2026-10-02T13:49:26Z",332,"Justin","LEE","18.3","18.3","18.3","18.3",1,0,"1.4",45,4268,5905,26,450,"4.7","a",0,0,,"false"
"2026-10-02T13:49:26Z",333,"Bornauw","LEE","0.0","0.0","0.0","0.0",0,0,"0.0",45,0,5,0,0,"0.0","u",0,0,,"false"
"2026-10-02T13:49:26Z",334,"Muharemović","LEE","38.9","38.9","38.8","38.8",2,-3,"4.3",50,28288,24339,27,450,"5.7","a",0,0,,"false"
"2026-10-02T13:49:26Z",335,"Stach","LEE","16.1","16.0","15.9","15.8",1,-8,"2.5",60,4858,19644,27,447,"3.3","a",0,0,,"false"
"2026-10-02T13:49:26Z",336,"Okafor","LEE","1.4","1.4","1.4","1.5",1,1,"0.4",58,1783,3403,18,299,"5.0","a",0,-2,,"false"
"2026-10-02T13:49:26Z",337,"Aaronson","LEE","-8.2","-8.3","-8.5","-8.7",-1,-1,"0.5",53,213,3409,7,194,"1.0","a",-1,-2,,"false"
"2026-10-02T13:49:26Z",338,"Ampadu","LEE","-28.9","-29.0","-29.4","-29.8",-2,-2,"0.9",54,1623,4956,21,450,"4.7","a",0,-1,,"false"
"2026-10-02T13:49:26Z",339,"Longstaff","LEE","-99.2","-99.2","-99.2","-99.2",-4,0,"0.1",49,134,635,2,10,"0.3","a",0,-1,,"false"
"2026-10-02T13:49:26Z",341,"Gnonto","LEE","0.0","0.0","0.0","0.0",0,0,"0.0",50,0,52,0,0,"0.0","u",0,0,,"false"
"2026-10-02T13:49:26Z",342,"Harrison","LEE","0.0","0.0","0.0","0.0",0,0,"0.0",50,0,5,0,0,"0.0","u",0,0,,"false"
"2026-10-02T13:49:26Z",343,"James","LEE","-28.1","-27.3","-25.3","-23.2",-2,1,"0.1",49,188,556,3,52,"0.7","a",0,-1,,"false"
"2026-10-02T13:49:26Z",344,"Gruev","LEE","0.0","0.0","0.0","0.0",0,0,"0.0",50,48,21,0,0,"0.0","a",0,0,,"false"
"2026-10-02T13:49:26Z",345,"Tanaka","LEE","4.9","4.9","4.9","4.9",1,0,"0.3",49,2249,2284,14,255,"4.3","a",0,-1,,"false"
"2026-10-02T13:49:26Z",346,"Calvert-Lewin","LEE","69.2","69.2","69.0","68.8",3,-13,"24.8",60,94882,170141,22,419,"4.3","a",0,0,,"false"
"2026-10-02T13:49:26Z",347,"Nmecha","LEE","-26.5","-26.5","-26.5","-26.5",-2,0,"0.5",54,2033,3746,7,64,"1.0","a",0,-1,,"false"
"2026-10-02T13:49:26Z",348,"Piroe","LEE","0.0","0.0","0.0","0.0",0,-1,"0.1",50,0,429,0,0,"0.0","u",0,0,,"false"
"2026-10-02T13:49:26Z",349,"Mateo Joseph","LEE","-41.6","-42.1","-43.4","-44.7",-3,-1,"0.1",45,320,484,0,0,"0.0","i",0,0,,"false"
"2026-10-02T13:49:26Z",385,"Trafford","LEE","34.1","34.1","34.2","34.3",2,8,"5.5",50,22750,15168,28,450,"5.3","a",0,0,,"false"
"2026-10-02T13:49:26Z",598,"Elvedi","LEE","0.7","0.7","0.7","0.7",1,0,"0.1",45,232,240,13,326,"4.0","a",0,0,,"false"
"2026-10-02T13:49:26Z",603,"Lienou","LEE","0.1","0.1","0.1","0.1",1,0,"0.1",40,240,519,0,0,"0.0","a",0,0,,"false"
"2026-10-02T13:49:26Z",604,"Cresswell","LEE","-11.9","-11.9","-11.9","-11.9",-1,0,"0.1",45,308,893,0,0,"0.0","a",0,0,,"false"
"2026-10-02T13:49:26Z",625,"Cairns","LEE","0.4","0.4","0.4","0.4",1,0,"0.2",40,848,787,0,0,"0.0","a",0,0,,"false"
"2026-10-02T13:49:26Z",629,"Zetterer","LEE","2.3","2.3","2.3","2.2",1,-1,"0.7",40,3052,2795,0,0,"0.0","a",0,0,,"false"
"2026-10-02T13:49:26Z",641,"Bard","LEE","0.1","0.1","0.1","0.1",1,0,"0.0",45,98,80,1,18,"0.3","a",0,0,,"false"
"2026-10-02T13:49:26Z",648,"Bahoya","LEE","-52.3","-52.3","-52.3","-52.3",-3,0,"0.0",50,110,176,1,1,"0.3","a",0,0,,"false"
"2026-10-02T13:49:26Z",350,"A.Becker","LIV","1.7","1.7","1.6","1.6",1,-2,"4.1",55,13502,11890,27,450,"8.3","a",0,0,,"false"
"2026-10-02T13:49:26Z",351,"Mamardashvili","LIV","-98.9","-99.9","-102.3","-104.8",-4,-2,"0.1",49,257,627,0,0,"0.0","a",0,-1,,"false"
"2026-10-02T13:49:26Z",352,"Woodman","LIV","-32.1","-32.4","-33.0","-33.6",-2,-4,"1.0",40,789,2376,0,0,"0.0","a",0,0,,"false"
"2026-10-02T13:49:26Z",353,"Pecsi","LIV","0.0","0.0","0.0","0.0",0,0,"0.0",40,0,62,0,0,"0.0","u",0,0,,"false"
"2026-10-02T13:49:26Z",354,"Jaros","LIV","0.1","0.1","0.1","0.1",1,1,"0.0",40,206,160,0,0,"0.0","i",0,0,,"false"
"2026-10-02T13:49:26Z",355,"Davies","LIV","0.1","0.1","0.1","0.1",1,0,"0.2",40,294,468,0,0,"0.0","a",0,0,,"false"
"2026-10-02T13:49:26Z",356,"Virgil","LIV","-60.3","-60.3","-60.3","-60.2",-3,3,"16.2",65,21967,44133,25,450,"7.3","a",0,0,,"false"
"2026-10-02T13:49:26Z",357,"Frimpong","LIV","-38.2","-38.4","-38.7","-39.1",-2,-4,"1.8",53,1634,12818,2,178,"0.3","a",0,-2,,"false"
"2026-10-02T13:49:26Z",358,"Kerkez","LIV","-0.4","-0.4","-0.3","-0.3",-1,2,"2.2",53,2653,10585,13,385,"4.0","a",-1,-2,,"false"
"2026-10-02T13:49:26Z",359,"Gomez","LIV","0.0","0.0","0.0","0.0",0,0,"0.0",49,323,116,0,0,"0.0","a",0,-1,,"false"
"2026-10-02T13:49:26Z",360,"Bradley","LIV","-87.8","-90.6","-97.5","-104.5",-3,-1,"0.0",50,57,86,0,0,"0.0","i",0,0,,"false"
"2026-10-02T13:49:26Z",361,"Lucky","LIV","-54.4","-54.4","-54.4","-54.4",-3,0,"0.1",40,299,586,0,0,"0.0","a",0,0,,"false"
"2026-10-02T13:49:26Z",362,"Jacquet","LIV","56.6","56.7","57.0","57.3",3,19,"3.5",50,34084,13532,24,415,"6.7","a",0,0,,"false"
"2026-10-02T13:49:26Z",363,"Leoni","LIV","-61.6","-61.6","-61.6","-61.6",-3,0,"0.0",40,66,183,0,0,"0.0","i",0,0,,"false"
"2026-10-02T13:49:26Z",364,"Tsimikas","LIV","-55.3","-54.3","-51.6","-49.0",-3,1,"0.1",49,96,394,2,64,"0.3","a",0,-1,,"false"
"2026-10-02T13:49:26Z",365,"Ramsay","LIV","0.0","0.0","0.0","0.0",0,-1,"0.1",40,0,482,0,0,"0.0","u",0,0,,"false"
"2026-10-02T13:49:26Z",366,"Wirtz","LIV","-37.7","-37.7","-38.0","-38.2",-2,-8,"5.7",73,3691,42229,18,402,"4.0","a",0,-2,,"false"
"2026-10-02T13:49:26Z",367,"Gakpo","LIV","-1.3","-1.8","-3.0","-4.2",-1,-150,"12.4",72,51327,93795,32,370,"5.0","d",0,2,,"false"
"2026-10-02T13:49:26Z",368,"Szoboszlai","LIV","-98.9","-99.1","-99.6","-100.2",-4,-117,"32.7",70,36665,215842,20,440,"2.7","a",0,0,,"false"
"2026-10-02T13:49:26Z",369,"Ngumoha","LIV","-23.7","-23.9","-24.6","-25.3",-2,-4,"0.5",57,791,4279,4,99,"0.3","a",-1,-3,,"false"
"2026-10-02T13:49:26Z",370,"Chiesa","LIV","-6.1","-6.1","-6.1","-6.1",-1,0,"0.0",53,17,251,0,0,"0.0","i",-1,-2,,"false"
"2026-10-02T13:49:26Z",371,"Gravenberch","LIV","-22.9","-22.9","-23.1","-23.3",-2,-2,"1.1",58,1233,9153,9,190,"1.0","a",-1,-2,,"false"
"2026-10-02T13:49:26Z",372,"Mac Allister","LIV","-43.6","-43.8","-44.3","-44.8",-3,-4,"1.3",54,3872,6917,11,306,"2.7","a",0,-1,,"false"
"2026-10-02T13:49:26Z",373,"C.Jones","LIV","0.0","0.0","0.0","0.0",0,0,"0.0",55,0,61,0,0,"0.0","u",0,0,,"false"
"2026-10-02T13:49:26Z",374,"Endo","LIV","-62.9","-62.9","-62.9","-62.9",-3,0,"0.1",49,168,446,0,0,"0.0","a",0,-1,,"false"
"2026-10-02T13:49:26Z",375,"Nyoni","LIV","-87.5","-87.5","-87.5","-87.5",-3,0,"0.0",49,93,312,3,38,"0.7","a",0,-1,,"false"
"2026-10-02T13:49:26Z",376,"Bajcetic","LIV","0.0","0.0","0.0","0.0",0,0,"0.0",50,0,3,0,0,"0.0","u",0,0,,"false"
"2026-10-02T13:49:26Z",377,"Munoz","LIV","6.4","6.4","6.3","6.3",1,-5,"0.9",65,1487,11552,15,257,"1.7","a",0,0,,"false"
"2026-10-02T13:49:26Z",378,"McConnell","LIV","-4.0","-4.3","-5.1","-5.8",-1,-1,"0.2",44,1061,1515,0,0,"0.0","a",0,-1,,"false"
"2026-10-02T13:49:26Z",379,"Isak","LIV","6.2","5.4","3.3","1.2",1,-140,"22.3",91,116062,87123,33,413,"7.7","d",0,1,,"false"
"2026-10-02T13:49:26Z",380,"Ekitiké","LIV","-28.0","-28.0","-28.0","-28.0",-2,0,"0.1",74,382,842,0,0,"0.0","i",0,-1,,"false"
"2026-10-02T13:49:26Z",381,"Koumas","LIV","-93.4","-93.4","-93.4","-93.4",-3,0,"0.0",50,161,191,3,22,"0.7","a",0,0,,"false"
"2026-10-02T13:49:26Z",382,"Danns","LIV","3.6","3.7","3.7","3.8",1,4,"0.2",45,3530,2429,0,0,"0.0","a",0,0,,"false"
"2026-10-02T13:49:26Z",383,"Elliott","LIV","0.0","0.0","0.0","0.0",0,0,"0.0",54,0,229,0,0,"0.0","u",0,-1,,"false"
"2026-10-02T13:49:26Z",579,"Araujo","LIV","34.6","34.6","34.8","34.9",2,11,"3.0",54,17174,10559,22,284,"7.0","a",0,-1,,"false"
"2026-10-02T13:49:26Z",627,"Barcola","LIV","-67.0","-66.9","-66.6","-66.3",-3,4,"1.9",80,11233,19054,7,168,"2.3","a",0,0,,"false"
"2026-10-02T13:49:26Z",155,"Enzo","MCI","1.5","1.6","1.8","2.0",1,13,"3.6",69,31255,14790,13,271,"4.0","a",0,-1,,"false"
"2026-10-02T13:49:26Z",237,"Ndiaye","MCI","-20.4","-20.6","-21.0","-21.3",-2,-27,"6.7",58,7064,68990,22,385,"3.0","a",-1,-2,,"false"
"2026-10-02T13:49:26Z",384,"Donnarumma","MCI","-52.3","-52.4","-52.7","-53.1",-3,-17,"7.6",55,10760,30701,19,450,"5.3","a",0,0,,"false"
"2026-10-02T13:49:26Z",386,"Bettinelli","MCI","-88.2","-88.2","-88.2","-88.2",-3,0,"0.0",45,51,90,0,0,"0.0","a",0,0,,"false"
"2026-10-02T13:49:26Z",387,"O'Reilly","MCI","-2.4","-2.5","-2.8","-3.1",-1,-67,"10.9",63,5348,72183,6,163,"0.7","d",-1,-2,,"false"
"2026-10-02T13:49:26Z",388,"Guéhi","MCI","65.4","65.3","65.0","64.7",3,-21,"18.2",60,23728,51912,30,450,"6.0","a",0,0,,"false"
"2026-10-02T13:49:26Z",389,"Matheus N.","MCI","-34.1","-34.1","-34.1","-34.1",-2,0,"1.0",59,1675,2963,11,213,"3.3","a",0,-1,,"false"
"2026-10-02T13:49:26Z",390,"Rúben","MCI","3.9","3.9","3.8","3.8",1,-3,"1.9",55,4712,9160,17,450,"4.3","a",0,0,,"false"
"2026-10-02T13:49:26Z",391,"Gvardiol","MCI","80.6","80.8","81.2","81.6",3,27,"26.8",57,148472,55464,37,434,"7.7","a",0,2,,"false"
"2026-10-02T13:49:26Z",392,"Aït-Nouri","MCI","-99.8","-99.8","-99.8","-99.8",-4,0,"0.4",53,531,2202,0,0,"0.0","a",0,-2,,"false"
"2026-10-02T13:49:26Z",393,"Khusanov","MCI","-35.4","-35.6","-36.1","-36.6",-2,-5,"1.4",54,1423,9062,9,268,"1.7","a",0,-1,,"false"
"2026-10-02T13:49:26Z",394,"Alleyne","MCI","0.0","0.0","0.0","0.0",0,0,"0.0",50,0,20,0,0,"0.0","u",0,0,,"false"
"2026-10-02T13:49:26Z",395,"Lewis","MCI","-66.3","-66.3","-66.3","-66.3",-3,0,"0.2",44,308,1209,1,56,"0.0","a",0,-1,,"false"
"2026-10-02T13:49:26Z",396,"Vitor Reis","MCI","-83.5","-83.5","-83.5","-83.5",-3,0,"0.0",45,74,153,1,1,"0.0","a",0,0,,"false"
"2026-10-02T13:49:26Z",397,"Semenyo","MCI","-20.5","-20.6","-21.0","-21.3",-2,-65,"15.3",84,125881,69471,33,450,"8.7","d",0,-1,,"false"
"2026-10-02T13:49:26Z",398,"Foden","MCI","-49.4","-49.6","-50.2","-50.8",-3,-18,"1.8",69,211,28649,9,217,"-0.3","s",0,-1,,"false"
"2026-10-02T13:49:26Z",399,"Cherki","MCI","-56.4","-56.2","-55.7","-55.2",-3,34,"28.4",78,124732,90188,34,302,"4.0","a",0,3,,"false"
"2026-10-02T13:49:26Z",400,"Doku","MCI","0.3","0.3","0.3","0.4",1,2,"0.7",74,4457,2102,1,15,"0.3","a",0,-1,,"false"
"2026-10-02T13:49:26Z",402,"Rodrigo","MCI","0.0","0.0","0.0","0.0",0,0,"0.0",65,0,25,0,0,"0.0","u",0,0,,"false"
"2026-10-02T13:49:26Z",404,"Reijnders","MCI","0.0","0.0","0.0","0.0",0,0,"0.0",60,0,100,0,0,"0.0","u",0,0,,"false"
"2026-10-02T13:49:26Z",406,"Kovačić","MCI","-98.0","-98.0","-98.0","-98.0",-4,0,"0.1",54,113,465,2,42,"0.0","a",0,-1,,"false"
"2026-10-02T13:49:26Z",407,"Echeverri","MCI","0.0","0.0","0.0","0.0",0,0,"0.0",49,0,55,0,0,"0.0","u",0,-1,,"false"
"2026-10-02T13:49:26Z",408,"Phillips","MCI","0.0","0.0","0.0","0.0",0,0,"0.0",50,0,12,0,0,"0.0","u",0,0,,"false"
"2026-10-02T13:49:26Z",409,"Mukasa","MCI","0.0","0.0","0.0","0.0",0,0,"0.1",45,0,604,0,0,"0.0","u",0,0,,"false"
"2026-10-02T13:49:26Z",410,"Monga","MCI","0.0","0.0","0.0","0.0",0,0,"0.0",49,0,51,0,0,"0.0","u",0,-1,,"false"
"2026-10-02T13:49:26Z",411,"Haaland","MCI","23.3","23.4","23.8","24.1",2,24,"73.8",156,79661,20689,39,450,"8.0","a",0,1,,"false"
"2026-10-02T13:49:26Z",481,"Anderson","MCI","-42.3","-42.4","-42.8","-43.1",-3,-9,"4.0",63,7885,27998,15,413,"3.3","a",0,-2,,"false"
"2026-10-02T13:49:26Z",587,"Rulli","MCI","-90.5","-90.5","-90.5","-90.5",-3,0,"0.0",50,72,103,0,0,"0.0","a",0,0,,"false"
"2026-10-02T13:49:26Z",616,"Bouaddi","MCI","-33.2","-33.2","-33.2","-33.2",-2,0,"0.2",55,841,2126,2,22,"0.3","a",0,0,,"false"
"2026-10-02T13:49:26Z",621,"McAidoo","MCI","-90.7","-90.7","-90.7","-90.7",-3,0,"0.1",45,194,1095,2,11,"0.3","a",0,0,,"false"
"2026-10-02T13:49:26Z",622,"Braithwaite","MCI","-38.8","-39.3","-40.4","-41.5",-2,-1,"0.2",40,583,1650,1,1,"0.0","a",0,0,,"false"
"2026-10-02T13:49:26Z",628,"Allan","MCI","0.1","0.1","0.1","0.1",1,1,"0.0",60,226,167,0,0,"0.0","a",0,0,,"false"
"2026-10-02T13:49:26Z",653,"Samba","MCI","-40.6","-40.6","-40.6","-40.6",-3,0,"0.0",45,250,494,0,0,"0.0","a",0,0,,"false"
"2026-10-02T13:49:26Z",43,"Tielemans","MUN","-37.5","-37.6","-37.8","-38.0",-2,-2,"1.5",58,3169,10778,14,402,"2.7","a",0,-2,,"false"
"2026-10-02T13:49:26Z",131,"Baleba","MUN","0.1","0.1","0.1","0.1",1,0,"0.1",49,1294,734,0,0,"0.0","a",0,-1,,"false"
"2026-10-02T13:49:26Z",162,"Andrey Santos","MUN","-50.6","-50.8","-51.5","-52.1",-3,-2,"0.6",48,1045,4975,4,82,"0.3","a",0,-2,,"false"
"2026-10-02T13:49:26Z",325,"Darlow","MUN","-23.2","-23.2","-23.2","-23.2",-2,0,"0.0",45,59,214,0,0,"0.0","d",0,0,,"false"
"2026-10-02T13:49:26Z",412,"Lammens","MUN","-17.1","-17.2","-17.4","-17.5",-1,-11,"9.9",49,6810,48947,11,450,"2.7","a",0,-1,,"false"
"2026-10-02T13:49:26Z",413,"Bayindir","MUN","0.0","0.0","0.0","0.0",0,0,"0.0",45,0,41,0,0,"0.0","u",0,0,,"false"
"2026-10-02T13:49:26Z",414,"Heaton","MUN","-36.0","-36.0","-36.0","-36.0",-2,0,"0.1",40,201,273,0,0,"0.0","i",0,0,,"false"
"2026-10-02T13:49:26Z",415,"Dorgu","MUN","-60.1","-60.7","-62.0","-63.3",-3,-8,"0.5",58,1030,4224,10,171,"3.0","d",0,-2,,"false"
"2026-10-02T13:49:26Z",416,"De Ligt","MUN","-97.1","-97.1","-97.1","-97.1",-4,0,"0.0",50,76,132,0,0,"0.0","i",0,0,,"false"
"2026-10-02T13:49:26Z",417,"Dalot","MUN","-78.0","-78.0","-78.0","-78.0",-3,0,"1.6",49,1287,7592,8,346,"1.7","a",0,-1,,"false"
"2026-10-02T13:49:26Z",418,"Maguire","MUN","-1.9","-2.0","-2.3","-2.5",-1,-21,"8.6",48,4404,75264,10,450,"1.7","a",-1,-2,,"false"
"2026-10-02T13:49:26Z",419,"Martinez","MUN","-97.4","-97.6","-97.9","-98.3",-4,-3,"1.3",50,3724,6478,6,360,"1.7","a",0,0,,"false"
"2026-10-02T13:49:26Z",420,"Yoro","MUN","-10.9","-10.9","-10.9","-10.9",-1,0,"0.5",48,465,2192,2,22,"0.3","a",-1,-2,,"false"
"2026-10-02T13:49:26Z",421,"Heaven","MUN","-0.2","-0.2","-0.2","-0.2",-1,0,"0.3",43,242,1495,1,90,"0.0","a",-1,-2,,"false"
"2026-10-02T13:49:26Z",422,"Mazraoui","MUN","-74.4","-74.5","-74.9","-75.3",-3,-1,"0.5",44,588,2887,3,97,"0.3","a",0,-1,,"false"
"2026-10-02T13:49:26Z",423,"Shaw","MUN","-4.8","-4.9","-5.2","-5.4",-1,-21,"7.7",43,3690,76923,9,335,"2.0","a",-1,-2,,"false"
"2026-10-02T13:49:26Z",424,"Amass","MUN","-46.1","-46.1","-46.1","-46.1",-3,0,"0.2",40,421,792,0,0,"0.0","a",0,0,,"false"
"2026-10-02T13:49:26Z",425,"Fredricson","MUN","0.0","0.0","0.0","0.0",0,0,"0.0",40,0,49,0,0,"0.0","u",0,0,,"false"
"2026-10-02T13:49:26Z",426,"B.Fernandes","MUN","-1.1","-1.1","-1.2","-1.2",-1,-19,"38.5",119,44903,197927,31,450,"2.0","a",-1,-1,,"false"
"2026-10-02T13:49:26Z",427,"Mbeumo","MUN","-76.2","-76.1","-76.0","-75.9",-3,17,"20.6",79,37565,130727,25,450,"4.0","a",0,-1,,"false"
"2026-10-02T13:49:26Z",428,"Cunha","MUN","-95.1","-95.0","-94.7","-94.4",-4,12,"5.8",79,22442,21776,26,407,"5.0","a",0,-1,,"false"
"2026-10-02T13:49:26Z",429,"Rashford","MUN","-84.3","-84.6","-85.3","-86.0",-3,-12,"1.5",70,4180,17874,10,351,"2.3","d",0,0,,"false"
"2026-10-02T13:49:26Z",430,"Mount","MUN","0.1","0.1","0.1","0.1",1,0,"0.0",54,188,201,1,10,"0.3","a",0,-1,,"false"
"2026-10-02T13:49:26Z",431,"Amad","MUN","-17.6","-17.9","-18.7","-19.5",-1,-4,"0.3",57,135,1855,0,0,"0.0","i",0,-3,,"false"
"2026-10-02T13:49:26Z",432,"Mainoo","MUN","13.9","13.8","13.7","13.6",1,-8,"1.6",55,7702,15298,22,354,"5.7","d",0,0,,"false"
"2026-10-02T13:49:26Z",433,"Ugarte","MUN","-68.3","-61.3","-43.4","-25.6",-3,1,"0.0",50,24,24,0,0,"0.0","i",0,0,,"false"
"2026-10-02T13:49:26Z",434,"J.Fletcher","MUN","-38.1","-38.1","-38.1","-38.1",-2,0,"0.0",49,44,58,0,0,"0.0","a",0,-1,,"false"
"2026-10-02T13:49:26Z",435,"Lacey","MUN","-6.4","-6.4","-6.4","-6.4",-1,0,"0.1",49,374,365,1,10,"0.0","a",0,-1,,"false"
"2026-10-02T13:49:26Z",436,"Collyer","MUN","0.0","0.0","0.0","0.0",0,0,"0.0",50,0,49,0,0,"0.0","u",0,0,,"false"
"2026-10-02T13:49:26Z",437,"Bendito Mantato","MUN","0.0","0.0","0.0","0.0",0,0,"0.2",44,432,876,0,0,"0.0","a",-1,-1,,"false"
"2026-10-02T13:49:26Z",438,"Fletcher","MUN","0.4","0.4","0.4","0.4",1,0,"0.3",44,2579,2134,0,0,"0.0","a",0,-1,,"false"
"2026-10-02T13:49:26Z",439,"Šeško","MUN","-42.4","-42.7","-43.6","-44.5",-3,-17,"1.6",70,6649,24322,8,76,"2.0","d",0,0,,"false"
"2026-10-02T13:49:26Z",440,"Zirkzee","MUN","-8.1","-8.1","-8.1","-8.1",-1,0,"0.4",53,1969,3157,2,20,"0.7","a",-1,-2,,"false"
"2026-10-02T13:49:26Z",441,"Obi","MUN","0.0","0.0","0.0","0.0",0,-3,"0.9",45,0,11385,0,0,"0.0","u",0,0,,"false"
"2026-10-02T13:49:26Z",405,"N.Gonzalez","NEW","0.8","0.8","0.8","0.8",1,0,"0.2",55,610,1843,5,164,"1.0","a",0,0,,"false"
"2026-10-02T13:49:26Z",442,"Pope","NEW","-45.0","-45.1","-45.4","-45.8",-3,-2,"0.9",49,870,3167,0,0,"0.0","a",0,-1,,"false"
"2026-10-02T13:49:26Z",443,"Gillespie","NEW","-39.2","-39.2","-39.2","-39.2",-2,0,"0.0",45,43,89,0,0,"0.0","a",0,0,,"false"
"2026-10-02T13:49:26Z",444,"Jaouen","NEW","-6.8","-6.8","-6.8","-6.8",-1,0,"0.0",44,20,119,0,0,"0.0","d",-1,-1,,"false"
"2026-10-02T13:49:26Z",445,"Thiaw","NEW","18.0","18.0","17.9","17.9",1,-3,"2.2",50,8712,10143,14,450,"1.7","a",0,0,,"false"
"2026-10-02T13:49:26Z",446,"Schär","NEW","-11.3","-11.0","-10.1","-9.2",-1,1,"0.2",49,564,906,2,25,"0.3","a",0,-1,,"false"
"2026-10-02T13:49:26Z",447,"Botman","NEW","9.8","9.8","9.9","9.9",1,1,"0.7",50,4838,3069,15,450,"2.3","a",0,0,,"false"
"2026-10-02T13:49:26Z",448,"Burn","NEW","-4.0","-4.0","-4.1","-4.2",-1,-2,"0.7",48,113,5857,0,0,"0.0","i",-1,-2,,"false"
"2026-10-02T13:49:26Z",449,"Hall","NEW","7.4","7.6","7.9","8.3",1,69,"17.3",53,248428,20924,31,449,"5.7","a",1,3,,"false"
"2026-10-02T13:49:26Z",450,"Livramento","NEW","1.6","1.5","1.5","1.5",1,-2,"0.1",49,451,1506,4,33,"1.3","d",0,-1,,"false"
"2026-10-02T13:49:26Z",451,"A.Murphy","NEW","0.0","0.0","0.0","0.0",0,0,"0.1",40,0,295,0,0,"0.0","u",0,0,,"false"
"2026-10-02T13:49:26Z",453,"Barnes","NEW","16.4","16.6","17.1","17.6",1,89,"5.7",61,161993,18523,28,450,"7.7","a",1,1,,"false"
"2026-10-02T13:49:26Z",454,"Elanga","NEW","-41.0","-41.2","-41.8","-42.3",-3,-74,"4.5",61,330,167564,18,232,"0.3","i",-1,1,,"false"
"2026-10-02T13:49:26Z",456,"J.Ramsey","NEW","-93.5","-93.7","-94.2","-94.8",-3,-2,"0.2",49,65,4756,7,69,"2.0","i",0,-1,,"false"
"2026-10-02T13:49:26Z",457,"J.Murphy","NEW","-20.2","-20.2","-20.2","-20.2",-2,0,"0.1",59,966,789,3,181,"0.7","a",0,-1,,"false"
"2026-10-02T13:49:26Z",458,"Joelinton","NEW","-63.1","-61.6","-57.8","-53.9",-3,1,"0.0",54,20,81,0,0,"0.0","i",0,-1,,"false"
"2026-10-02T13:49:26Z",459,"L.Miley","NEW","0.6","0.6","0.6","0.6",1,0,"0.1",55,486,486,12,396,"2.0","d",0,0,,"false"
"2026-10-02T13:49:26Z",460,"Willock","NEW","15.5","15.6","15.7","15.7",1,6,"0.6",50,9762,2769,22,284,"4.3","a",0,0,,"false"
"2026-10-02T13:49:26Z",461,"Touré","NEW","-11.4","-12.4","-14.8","-17.3",-1,-2,"0.1",58,331,865,8,50,"2.3","a",0,-2,,"false"
"2026-10-02T13:49:26Z",462,"Steur","NEW","-53.1","-53.1","-53.1","-53.1",-3,0,"0.1",49,265,389,8,223,"2.0","a",0,-1,,"false"
"2026-10-02T13:49:26Z",463,"Woltemade","NEW","0.0","0.0","0.0","0.0",0,-4,"0.5",59,0,3768,4,19,"0.0","u",0,-1,,"false"
"2026-10-02T13:49:26Z",464,"Wissa","NEW","62.9","63.1","63.6","64.1",3,34,"18.7",62,88767,141775,15,441,"1.0","a",0,2,,"false"
"2026-10-02T13:49:26Z",465,"Osula","NEW","-8.3","-8.3","-8.3","-8.3",-1,0,"0.3",58,130,2400,4,55,"0.0","i",-1,-2,,"false"
"2026-10-02T13:49:26Z",466,"Neave","NEW","0.0","0.0","0.0","0.0",0,-3,"0.5",45,0,3918,0,0,"0.0","u",0,0,,"false"
"2026-10-02T13:49:26Z",559,"Bamba","NEW","-71.2","-71.2","-71.2","-71.2",-3,0,"0.1",49,129,495,3,27,"0.7","a",0,-1,,"false"
"2026-10-02T13:49:26Z",567,"Horníček","NEW","24.1","24.1","24.1","24.1",2,1,"1.5",50,7265,5035,14,450,"2.0","a",0,0,,"false"
"2026-10-02T13:49:26Z",593,"Dedić","NEW","-11.0","-11.3","-12.1","-12.8",-1,-24,"1.8",45,263,37779,13,327,"0.3","i",0,0,,"false"
"2026-10-02T13:49:26Z",609,"Shahar","NEW","0.0","0.0","0.0","0.0",0,0,"0.2",40,0,1875,0,0,"0.0","u",0,0,,"false"
"2026-10-02T13:49:26Z",634,"Fernandez-Pardo","NEW","0.8","0.8","0.8","0.9",1,4,"0.1",60,2050,1431,4,157,"1.3","a",0,0,,"false"
"2026-10-02T13:49:26Z",659,"Miley","NEW","0.0","0.0","0.0","0.0",0,0,"0.0",45,1414,648,0,0,"0.0","a",0,0,,"false"
"2026-10-02T13:49:26Z",663,"Pivas","NEW","0.0","0.0","0.0","0.0",0,0,"0.0",40,399,59,0,0,"0.0","a",0,0,"2026-10-02T19:10:51.639791Z","false"
"2026-10-02T13:49:26Z",664,"Salia","NEW","0.0","0.0","0.0","0.0",0,0,"0.1",45,9791,1599,0,0,"0.0","a",0,0,"2026-10-02T19:11:17.402697Z","false"
"2026-10-02T13:49:26Z",665,"Mills","NEW","0.0","0.0","0.0","0.0",0,0,"0.0",45,163,30,0,0,"0.0","a",0,0,"2026-10-02T19:11:39.931907Z","false"
"2026-10-02T13:49:26Z",666,"Thompson","NEW","0.0","0.0","0.0","0.0",0,0,"0.0",45,236,35,0,0,"0.0","a",0,0,"2026-10-02T19:12:09.032926Z","false"
"2026-10-02T13:49:26Z",167,"Delap","NFO","-24.1","-24.2","-24.7","-25.2",-2,-8,"2.7",56,25102,28869,9,277,"2.7","a",1,1,,"false"
"2026-10-02T13:49:26Z",201,"Muñoz","NFO","-47.8","-47.8","-47.9","-48.0",-3,-4,"5.7",54,7938,30262,5,257,"1.7","a",0,-1,,"false"
"2026-10-02T13:49:26Z",467,"Sels","NFO","4.5","4.5","4.6","4.6",1,4,"1.6",50,2025,6160,14,450,"3.7","a",0,0,,"false"
"2026-10-02T13:49:26Z",468,"John","NFO","-74.4","-75.6","-78.9","-82.1",-3,-1,"0.1",45,62,155,0,0,"0.0","a",0,0,,"false"
"2026-10-02T13:49:26Z",469,"N.Williams","NFO","24.5","24.4","24.3","24.2",2,-6,"8.7",50,11180,47172,19,450,"3.7","a",0,0,,"false"
"2026-10-02T13:49:26Z",470,"Morato","NFO","0.0","0.0","0.0","0.0",0,0,"0.0",50,0,117,0,0,"0.0","u",0,0,,"false"
"2026-10-02T13:49:26Z",471,"Milenković","NFO","-13.6","-13.7","-13.9","-14.2",-1,-7,"1.0",54,66,12287,12,270,"2.3","i",-1,-1,,"false"
"2026-10-02T13:49:26Z",472,"Murillo","NFO","24.5","24.5","24.5","24.5",2,2,"2.1",55,8533,8234,23,449,"6.0","a",0,0,,"false"
"2026-10-02T13:49:26Z",473,"Aina","NFO","-3.1","-3.2","-3.6","-3.9",-1,-8,"2.4",44,1077,20515,8,306,"1.0","a",-1,-1,,"false"
"2026-10-02T13:49:26Z",474,"Jair Cunha","NFO","-48.2","-47.8","-46.8","-45.8",-3,1,"0.2",45,260,646,11,360,"3.0","a",0,0,,"false"
"2026-10-02T13:49:26Z",475,"Savona","NFO","-19.3","-19.3","-19.3","-19.3",-1,0,"0.0",45,20,20,0,0,"0.0","i",0,0,,"false"
"2026-10-02T13:49:26Z",476,"O.Richards","NFO","-67.9","-67.3","-65.8","-64.3",-3,2,"0.2",40,303,735,0,0,"0.0","a",0,0,,"false"
"2026-10-02T13:49:26Z",477,"Abbott","NFO","0.0","0.0","0.0","0.0",0,0,"0.1",40,0,824,0,0,"0.0","u",0,0,,"false"
"2026-10-02T13:49:26Z",478,"Netz","NFO","-8.3","-8.3","-8.3","-8.3",-1,0,"0.0",44,55,120,3,27,"0.3","a",0,-1,,"false"
"2026-10-02T13:49:26Z",479,"Bindon","NFO","0.0","0.0","0.0","0.0",0,0,"0.1",40,0,528,0,0,"0.0","u",0,0,,"false"
"2026-10-02T13:49:26Z",480,"Gibbs-White","NFO","51.9","51.8","51.7","51.6",3,-9,"15.7",80,66767,83069,28,450,"4.3","a",0,0,,"false"
"2026-10-02T13:49:26Z",482,"Hudson-Odoi","NFO","-39.4","-38.9","-37.6","-36.4",-2,1,"0.1",58,264,1170,1,1,"0.0","a",0,-2,,"false"
"2026-10-02T13:49:26Z",483,"Ndoye","NFO","13.5","13.5","13.4","13.4",1,-2,"0.7",55,769,8136,15,316,"1.0","a",0,0,,"false"
"2026-10-02T13:49:26Z",484,"Hutchinson","NFO","0.0","0.0","0.0","0.0",0,-1,"0.1",54,0,377,0,0,"0.0","u",0,-1,,"false"
"2026-10-02T13:49:26Z",485,"Bakwa","NFO","0.0","0.0","0.0","0.0",0,0,"0.0",55,0,34,0,0,"0.0","u",0,0,,"false"
"2026-10-02T13:49:26Z",486,"McAtee","NFO","2.3","2.3","2.3","2.3",1,0,"0.1",55,351,916,12,416,"2.3","a",0,0,,"false"
"2026-10-02T13:49:26Z",487,"Dominguez","NFO","-68.5","-68.5","-68.5","-68.5",-3,0,"0.1",49,62,295,1,1,"0.0","a",0,-1,,"false"
"2026-10-02T13:49:26Z",488,"I.Sangaré","NFO","-99.7","-100.3","-101.8","-103.3",-5,-4,"0.4",49,307,3088,4,105,"0.7","a",0,-1,,"false"
"2026-10-02T13:49:26Z",489,"Yates","NFO","-89.6","-89.7","-90.0","-90.4",-3,-3,"1.2",45,594,7408,0,0,"0.0","a",0,0,,"false"
"2026-10-02T13:49:26Z",490,"Wood","NFO","-40.5","-40.6","-41.0","-41.5",-3,-2,"0.9",58,2038,6557,4,62,"1.0","a",0,-2,,"false"
"2026-10-02T13:49:26Z",491,"Igor Jesus","NFO","0.0","0.1","0.1","0.2",1,4,"2.6",58,7423,23297,12,257,"3.0","a",0,-2,,"false"
"2026-10-02T13:49:26Z",493,"Kalimuendo","NFO","0.0","0.0","0.1","0.1",0,1,"0.1",54,229,425,1,1,"0.0","a",0,-1,,"false"
"2026-10-02T13:49:26Z",558,"Schlager","NFO","0.5","0.5","0.5","0.5",1,1,"0.1",50,223,786,13,376,"2.7","a",0,0,,"false"
"2026-10-02T13:49:26Z",581,"Diomande","NFO","-50.6","-50.5","-50.1","-49.8",-3,1,"0.5",54,1541,2281,7,163,"2.3","a",0,-1,,"false"
"2026-10-02T13:49:26Z",590,"Benda","NFO","0.0","0.0","0.0","0.0",0,0,"0.1",45,125,241,0,0,"0.0","a",0,0,,"false"
"2026-10-02T13:49:26Z",112,"Van Hecke","TOT","-15.8","-16.0","-16.5","-17.0",-1,-39,"6.5",49,18665,30638,24,450,"7.3","d",0,-1,,"false"
"2026-10-02T13:49:26Z",147,"Tosin","TOT","-39.9","-39.9","-39.9","-39.9",-2,0,"0.1",44,104,565,1,5,"0.3","a",0,-1,,"false"
"2026-10-02T13:49:26Z",401,"Marmoush","TOT","38.2","38.3","38.3","38.4",2,6,"2.1",70,11782,21837,8,339,"2.0","a",0,0,,"false"
"2026-10-02T13:49:26Z",403,"Sávio","TOT","10.8","10.8","10.8","10.8",1,0,"0.7",65,2942,6927,8,240,"2.7","a",0,0,,"false"
"2026-10-02T13:49:26Z",455,"Tonali","TOT","-19.7","-19.9","-20.3","-20.7",-1,-8,"1.8",53,2319,15159,14,427,"3.3","a",-1,-2,,"false"
"2026-10-02T13:49:26Z",494,"Vicario","TOT","0.0","0.0","0.0","0.0",0,0,"0.1",45,0,728,0,0,"0.0","u",0,0,,"false"
"2026-10-02T13:49:26Z",495,"Austin","TOT","2.2","2.2","2.2","2.2",1,0,"1.0",40,1947,2187,0,0,"0.0","a",0,0,,"false"
"2026-10-02T13:49:26Z",496,"Kinsky","TOT","-51.4","-51.5","-51.6","-51.8",-3,-15,"17.3",45,18245,111793,18,450,"5.0","a",0,0,,"false"
"2026-10-02T13:49:26Z",497,"Dubravka","TOT","-24.7","-24.7","-24.9","-25.0",-2,-16,"17.1",40,26837,48478,0,0,"0.0","a",0,0,,"false"
"2026-10-02T13:49:26Z",498,"Senesi","TOT","-55.8","-56.0","-56.4","-56.8",-3,-9,"3.5",58,1213,21694,3,90,"0.0","a",0,-2,,"false"
"2026-10-02T13:49:26Z",499,"Pedro Porro","TOT","-31.3","-31.4","-31.9","-32.3",-2,-38,"7.6",54,1711,75708,9,198,"2.7","d",0,-1,,"false"
"2026-10-02T13:49:26Z",500,"Romero","TOT","0.0","0.0","0.0","0.0",0,0,"0.1",50,0,301,0,0,"0.0","u",0,0,,"false"
"2026-10-02T13:49:26Z",502,"Robertson","TOT","0.3","0.3","0.3","0.2",1,-3,"2.5",44,5638,12898,17,366,"4.0","a",0,-1,,"false"
"2026-10-02T13:49:26Z",503,"Van de Ven","TOT","-22.3","-22.4","-22.8","-23.2",-2,-9,"3.8",50,5910,19929,16,360,"5.3","a",0,0,,"false"
"2026-10-02T13:49:26Z",505,"Spence","TOT","0.0","0.0","0.0","0.0",0,0,"0.2",45,0,1215,0,0,"0.0","u",0,0,,"false"
"2026-10-02T13:49:26Z",506,"Udogie","TOT","-21.3","-21.3","-21.3","-21.3",-2,0,"0.3",44,345,1631,7,86,"1.7","a",0,-1,,"false"
"2026-10-02T13:49:26Z",507,"Phillips","TOT","0.0","0.0","0.0","0.0",0,0,"0.0",45,0,55,0,0,"0.0","u",0,0,,"false"
"2026-10-02T13:49:26Z",508,"Davies","TOT","1.6","1.6","1.6","1.5",1,-2,"0.9",39,7511,3940,0,0,"0.0","a",-1,-1,,"false"
"2026-10-02T13:49:26Z",509,"Byfield","TOT","-4.4","-4.4","-4.4","-4.4",-1,0,"0.1",40,124,248,0,0,"0.0","a",0,0,,"false"
"2026-10-02T13:49:26Z",510,"Rowswell","TOT","-16.7","-16.7","-16.7","-16.7",-1,0,"0.1",40,158,342,0,0,"0.0","a",0,0,,"false"
"2026-10-02T13:49:26Z",511,"Souza","TOT","0.0","0.0","0.0","0.0",0,0,"0.2",40,0,896,0,0,"0.0","u",0,0,,"false"
"2026-10-02T13:49:26Z",512,"Kudus","TOT","2.2","2.1","2.1","2.1",1,-1,"0.2",65,2298,1151,7,123,"2.0","a",0,0,,"false"
"2026-10-02T13:49:26Z",513,"Xavi","TOT","-16.7","-16.7","-16.7","-16.7",-1,0,"0.0",59,54,80,0,0,"0.0","i",0,-1,,"false"
"2026-10-02T13:49:26Z",514,"Tel","TOT","-27.5","-28.1","-29.5","-30.9",-2,-3,"0.2",57,202,1973,8,257,"1.3","a",-1,-3,,"false"
"2026-10-02T13:49:26Z",515,"Maddison","TOT","-71.5","-71.5","-71.5","-71.5",-3,0,"0.4",63,756,1989,3,59,"0.7","a",0,-2,,"false"
"2026-10-02T13:49:26Z",516,"Bentancur","TOT","-75.6","-74.9","-73.1","-71.2",-3,2,"0.2",55,388,732,15,370,"4.0","a",0,0,,"false"
"2026-10-02T13:49:26Z",517,"Odobert","TOT","0.0","0.0","0.0","0.1",0,1,"0.0",55,26,14,0,0,"0.0","i",0,0,,"false"
"2026-10-02T13:49:26Z",518,"P.M.Sarr","TOT","0.0","0.0","0.0","0.0",0,-1,"0.1",49,0,685,0,0,"0.0","u",0,-1,,"false"
"2026-10-02T13:49:26Z",519,"Gallagher","TOT","0.1","0.1","0.1","0.1",1,0,"0.2",53,815,667,9,134,"3.0","a",0,-2,,"false"
"2026-10-02T13:49:26Z",520,"Bergvall","TOT","-3.4","-3.4","-3.4","-3.4",-1,0,"0.1",53,107,638,3,78,"0.7","a",-1,-2,,"false"
"2026-10-02T13:49:26Z",521,"Kulusevski","TOT","-80.3","-77.4","-69.8","-62.2",-3,1,"0.0",65,97,73,0,0,"0.0","i",0,0,,"false"
"2026-10-02T13:49:26Z",522,"Gray","TOT","-25.4","-25.4","-25.4","-25.4",-2,0,"0.2",49,466,1223,9,307,"1.7","a",0,-1,,"false"
"2026-10-02T13:49:26Z",523,"Moore","TOT","0.0","0.0","0.0","0.0",0,0,"0.1",50,0,544,3,89,"0.0","u",0,0,,"false"
"2026-10-02T13:49:26Z",524,"Olusesi","TOT","7.9","7.9","7.9","7.9",1,-2,"1.0",44,6116,7666,0,0,"0.0","a",0,-1,,"false"
"2026-10-02T13:49:26Z",525,"Fernandes","TOT","-10.6","-10.8","-11.1","-11.4",-1,-3,"0.8",57,474,6731,7,249,"1.3","a",-1,-3,,"false"
"2026-10-02T13:49:26Z",526,"Solanke","TOT","-30.9","-31.3","-32.3","-33.3",-2,-5,"0.8",58,1970,5758,7,170,"1.7","a",0,-2,,"false"
"2026-10-02T13:49:26Z",527,"Richarlison","TOT","0.0","0.0","0.0","0.0",0,-2,"0.6",59,0,5818,2,67,"0.0","u",0,-1,,"false"
"2026-10-02T13:49:26Z",528,"Scarlett","TOT","0.0","0.0","0.0","0.0",0,0,"1.1",45,0,8115,0,0,"0.0","u",0,0,,"false"
"2026-10-02T13:49:26Z",578,"Mudryk","TOT","-12.2","-12.2","-12.2","-12.2",-1,0,"0.0",53,20,566,1,16,"0.3","i",-1,-2,,"false"
"2026-10-02T13:49:26Z",601,"Williams-Barnett","TOT","-53.2","-53.2","-53.2","-53.2",-3,0,"0.1",45,168,765,0,0,"0.0","a",0,0,,"false"
"2026-10-02T13:49:26Z",501,"Danso","SUN","-83.2","-82.8","-81.7","-80.5",-3,1,"0.2",50,1169,845,3,270,"1.0","a",0,0,,"false"
"2026-10-02T13:49:26Z",529,"Roefs","SUN","-16.7","-16.7","-16.7","-16.7",-1,0,"2.4",49,2075,11724,11,450,"1.3","a",0,-1,,"false"
"2026-10-02T13:49:26Z",530,"Patterson","SUN","0.0","0.0","0.0","0.0",0,0,"0.1",40,0,356,0,0,"0.0","u",0,0,,"false"
"2026-10-02T13:49:26Z",531,"Ellborg","SUN","-0.1","0.0","0.0","0.0",0,1,"0.1",44,137,257,0,0,"0.0","a",-1,-1,,"false"
"2026-10-02T13:49:26Z",532,"Ballard","SUN","-54.4","-54.7","-55.4","-56.1",-3,-21,"2.5",49,3606,17390,14,450,"2.0","d",0,-1,,"false"
"2026-10-02T13:49:26Z",533,"Mukiele","SUN","-17.0","-17.1","-17.4","-17.6",-1,-3,"1.9",54,5194,8902,13,360,"1.3","a",0,-1,,"false"
"2026-10-02T13:49:26Z",534,"Hume","SUN","-7.9","-8.1","-8.3","-8.6",-1,-9,"2.8",43,1236,29881,10,206,"0.7","a",-1,-2,,"false"
"2026-10-02T13:49:26Z",535,"Alderete","SUN","-6.8","-7.0","-7.4","-7.9",-1,-1,"0.2",48,222,1073,1,23,"0.0","a",-1,-2,,"false"
"2026-10-02T13:49:26Z",536,"Reinildo","SUN","0.0","0.0","0.0","0.0",0,0,"0.3",44,207,1572,7,360,"0.0","a",-1,-1,,"false"
"2026-10-02T13:49:26Z",537,"Seelt","SUN","0.0","0.0","0.0","0.0",0,0,"0.0",45,0,22,0,0,"0.0","u",0,0,,"false"
"2026-10-02T13:49:26Z",538,"Hjelde","SUN","0.0","0.0","0.0","0.0",0,0,"0.0",40,0,157,0,0,"0.0","u",0,0,,"false"
"2026-10-02T13:49:26Z",539,"O'Nien","SUN","4.1","4.1","4.1","4.1",1,0,"2.5",39,17900,11762,1,66,"0.0","a",-1,-1,,"false"
"2026-10-02T13:49:26Z",540,"Masuaku","SUN","0.0","0.0","0.0","0.0",0,0,"0.1",40,0,641,0,0,"0.0","u",0,0,,"false"
"2026-10-02T13:49:26Z",541,"Meunier","SUN","-32.5","-32.8","-33.5","-34.2",-2,-1,"0.3",45,1655,891,14,396,"2.3","a",0,0,,"false"
"2026-10-02T13:49:26Z",542,"E.Le Fée","SUN","-4.4","-4.5","-4.6","-4.7",-1,-5,"3.4",57,11554,24230,18,438,"4.3","a",-1,-3,,"false"
"2026-10-02T13:49:26Z",543,"Diarra","SUN","-0.6","-1.3","-3.0","-4.6",-1,-1,"0.0",53,20,238,5,28,"0.0","i",-1,-2,,"false"
"2026-10-02T13:49:26Z",544,"Xhaka","SUN","-74.4","-74.5","-74.7","-74.9",-3,-4,"3.6",55,6320,23437,21,450,"2.0","a",0,0,,"false"
"2026-10-02T13:49:26Z",545,"Sadiki","SUN","-75.0","-75.0","-75.0","-75.0",-3,0,"0.2",49,409,1361,10,410,"1.7","a",0,-1,,"false"
"2026-10-02T13:49:26Z",546,"Adingra","SUN","0.0","0.0","0.0","0.0",0,0,"0.0",49,0,190,0,0,"0.0","u",0,-1,,"false"
"2026-10-02T13:49:26Z",547,"Mundle","SUN","-80.5","-80.5","-80.5","-80.5",-3,0,"0.0",49,10,55,1,1,"0.0","i",0,-1,,"false"
"2026-10-02T13:49:26Z",548,"Rigg","SUN","-78.2","-78.2","-78.2","-78.2",-3,0,"0.0",49,32,231,2,17,"0.0","a",0,-1,,"false"
"2026-10-02T13:49:26Z",549,"Talbi","SUN","-29.9","-29.9","-29.9","-29.9",-2,0,"0.1",53,110,572,1,31,"0.0","a",0,-2,,"false"
"2026-10-02T13:49:26Z",550,"Jocelin.T","SUN","-96.0","-96.0","-96.0","-96.0",-4,0,"0.0",50,32,44,0,0,"0.0","a",0,0,,"false"
"2026-10-02T13:49:26Z",551,"N.Angulo","SUN","1.3","1.3","1.3","1.3",1,0,"0.1",50,515,791,16,313,"2.7","a",0,0,,"false"
"2026-10-02T13:49:26Z",552,"Brobbey","SUN","82.0","82.0","81.9","81.8",3,-6,"6.9",57,195332,46759,24,399,"6.7","d",-1,-3,,"false"
"2026-10-02T13:49:26Z",553,"Isidor","SUN","3.1","3.1","3.1","3.1",1,0,"1.3",55,3344,11663,15,117,"2.0","a",0,0,,"false"
"2026-10-02T13:49:26Z",612,"Methalie","SUN","0.0","0.0","0.0","0.0",0,0,"0.0",45,116,67,-1,90,"-0.3","a",0,0,,"false"
"2026-10-02T13:49:26Z",613,"Ahoka","SUN","-46.4","-46.1","-45.3","-44.5",-3,1,"0.2",45,595,1610,0,0,"0.0","a",0,0,,"false"
"2026-10-02T13:49:26Z",646,"Fofana","SUN","-12.5","-10.1","-4.1","0.0",-1,1,"0.0",55,334,305,3,60,"1.0","a",0,0,,"false"
"2026-10-02T13:49:26Z",651,"J.Angulo","SUN","5.0","5.0","5.1","5.2",1,5,"0.7",45,8904,7333,0,0,"0.0","a",0,0,,"false"
