snapshot_utc,element_id,web_name,team,progress_pct,proj_0,proj_1,proj_2,likelihood,hourly_rate,selected_by_percent,now_cost,transfers_in_event,transfers_out_event,total_points,minutes,form,status,cost_change_event,cost_change_start,locked_until,calibrating
"2026-09-20T06:12:00Z",1,"Raya","ARS","99.4","99.6","99.8","100.1",4,17,"41.8",60,45102,8715,30,450,"6.0","a",0,0,,"false"
"2026-09-20T06:12:00Z",2,"Arrizabalaga","ARS","-36.8","-36.8","-36.8","-36.8",-2,0,"0.1",49,32,56,0,0,"0.0","a",0,-1,,"false"
"2026-09-20T06:12:00Z",3,"Meslier","ARS","-26.4","-26.4","-26.4","-26.4",-2,0,"0.0",49,9,25,0,0,"0.0","a",0,-1,,"false"
"2026-09-20T06:12:00Z",4,"Gabriel","ARS","-78.0","-78.4","-79.0","-79.5",-3,-91,"23.0",80,4715,17976,25,450,"5.0","a",0,0,,"false"
"2026-09-20T06:12:00Z",5,"J.Timber","ARS","7.8","7.9","8.0","8.1",1,8,"0.3",65,3024,806,1,104,"0.2","a",0,0,,"false"
"2026-09-20T06:12:00Z",6,"Saliba","ARS","-18.6","-19.0","-19.5","-20.0",-1,-2,"0.2",59,81,283,0,0,"0.0","i",0,-1,,"false"
"2026-09-20T06:12:00Z",7,"Lewis-Skelly","ARS","-0.6","-2.0","-4.1","-6.1",-1,-15,"0.6",54,232,1462,9,271,"1.8","a",-1,-1,,"false"
"2026-09-20T06:12:00Z",8,"Calafiori","ARS","86.6","86.5","86.2","86.0",3,-18,"50.7",58,19686,13726,29,416,"5.8","a",0,3,,"false"
"2026-09-20T06:12:00Z",9,"Hincapie","ARS","-94.3","-94.8","-95.4","-96.0",-3,-4,"0.9",53,298,1411,2,32,"0.4","a",0,-2,,"false"
"2026-09-20T06:12:00Z",10,"White","ARS","-35.7","-38.0","-41.2","-44.5",-2,-124,"5.4",55,1709,18055,21,315,"4.2","a",0,0,,"false"
"2026-09-20T06:12:00Z",11,"Mosquera","ARS","-10.3","-11.2","-12.5","-13.8",-1,-16,"1.7",53,269,2528,12,168,"2.4","a",0,-2,,"false"
"2026-09-20T06:12:00Z",12,"Saka","ARS","77.8","78.0","78.3","78.5",3,19,"13.3",95,27711,9614,32,416,"6.4","a",0,0,,"false"
"2026-09-20T06:12:00Z",13,"Rice","ARS","-27.8","-28.8","-30.1","-31.4",-2,-116,"12.3",74,2714,10768,20,411,"4.0","a",0,-1,,"false"
"2026-09-20T06:12:00Z",14,"Eze","ARS","-82.4","-83.3","-84.5","-85.8",-3,-9,"1.0",63,445,1714,4,85,"0.8","a",0,-2,,"false"
"2026-09-20T06:12:00Z",15,"Ødegaard","ARS","2.1","1.1","-0.2","-1.6",1,-100,"20.0",68,21791,24698,29,377,"5.8","a",0,3,,"false"
"2026-09-20T06:12:00Z",16,"Madueke","ARS","-8.1","-8.1","-8.1","-8.1",-1,0,"0.2",62,217,378,2,23,"0.4","a",0,-3,,"false"
"2026-09-20T06:12:00Z",17,"Merino","ARS","-70.9","-72.8","-75.5","-78.3",-3,-8,"0.4",58,168,752,4,81,"0.8","a",0,-2,,"false"
"2026-09-20T06:12:00Z",18,"Martinelli","ARS","0.0","0.0","0.0","0.0",0,-2,"0.1",63,0,163,0,0,"0.0","u",0,-2,,"false"
"2026-09-20T06:12:00Z",19,"Zubimendi","ARS","-23.3","-25.8","-29.5","-33.1",-2,-15,"0.6",53,112,1014,5,89,"1.0","a",0,-2,,"false"
"2026-09-20T06:12:00Z",20,"Dowman","ARS","-17.9","-17.9","-17.9","-17.9",-1,0,"0.1",53,127,144,1,9,"0.2","a",0,-2,,"false"
"2026-09-20T06:12:00Z",22,"Nwaneri","ARS","0.0","0.0","0.0","0.0",0,0,"0.0",54,0,13,0,0,"0.0","u",0,-1,,"false"
"2026-09-20T06:12:00Z",23,"Fábio Vieira","ARS","0.0","0.0","0.0","0.0",0,0,"0.0",55,0,13,0,0,"0.0","u",0,0,,"false"
"2026-09-20T06:12:00Z",24,"Nelson","ARS","0.0","0.0","0.0","0.0",0,0,"0.0",55,0,6,0,0,"0.0","u",0,0,,"false"
"2026-09-20T06:12:00Z",25,"Gyökeres","ARS","-0.2","-0.7","-1.5","-2.2",-1,-28,"3.1",71,1431,4300,2,29,"0.4","a",-1,-4,,"false"
"2026-09-20T06:12:00Z",26,"Havertz","ARS","12.2","12.3","12.4","12.5",1,8,"8.5",76,18863,10117,19,437,"3.8","a",0,1,,"false"
"2026-09-20T06:12:00Z",27,"G.Jesus","ARS","0.0","0.0","0.0","0.0",0,-2,"0.2",59,0,262,0,0,"0.0","u",0,-1,,"false"
"2026-09-20T06:12:00Z",31,"Konsa","ARS","0.4","0.3","0.3","0.2",1,-13,"19.4",46,38585,10241,12,281,"2.4","a",1,1,,"false"
"2026-09-20T06:12:00Z",452,"Bruno G.","ARS","0.9","0.9","0.7","0.6",1,-9,"1.8",67,1226,1662,9,123,"1.8","a",0,-3,,"false"
"2026-09-20T06:12:00Z",557,"Tzolis","ARS","-0.7","-2.2","-4.3","-6.4",-1,-327,"12.9",63,3050,60235,16,362,"3.2","a",-1,-2,,"false"
"2026-09-20T06:12:00Z",29,"M.Bizot","AVL","-23.2","-23.5","-24.0","-24.5",-2,-1,"0.1",45,18,319,1,90,"0.2","i",0,0,,"false"
"2026-09-20T06:12:00Z",30,"Digne","AVL","0.0","0.0","0.0","0.0",0,0,"0.0",45,0,64,0,0,"0.0","u",0,0,,"false"
"2026-09-20T06:12:00Z",32,"Cash","AVL","-9.8","-10.7","-12.0","-13.2",-1,-45,"5.0",44,824,7293,6,296,"1.2","a",0,-1,,"false"
"2026-09-20T06:12:00Z",33,"Mings","AVL","0.5","0.5","0.6","0.6",1,3,"0.4",45,476,303,10,261,"2.0","a",0,0,,"false"
"2026-09-20T06:12:00Z",34,"Pau","AVL","-75.6","-76.9","-78.7","-80.5",-3,-11,"0.3",45,4,1031,3,187,"0.6","i",0,0,,"false"
"2026-09-20T06:12:00Z",35,"Bogarde","AVL","-89.5","-89.5","-89.5","-89.5",-3,0,"0.1",50,42,109,1,16,"0.2","a",0,0,,"false"
"2026-09-20T06:12:00Z",36,"Maatsen","AVL","-86.0","-87.4","-89.3","-91.1",-3,-20,"0.5",45,10,1982,9,335,"1.8","i",0,0,,"false"
"2026-09-20T06:12:00Z",37,"Lindelöf","AVL","1.0","0.9","0.9","0.9",1,-2,"0.3",45,302,304,8,450,"1.6","a",0,0,,"false"
"2026-09-20T06:12:00Z",38,"A.García","AVL","-24.4","-25.3","-26.5","-27.7",-2,-13,"1.6",40,549,1493,0,0,"0.0","a",0,0,,"false"
"2026-09-20T06:12:00Z",39,"Nedeljkovic","AVL","0.0","0.0","0.0","0.0",0,-2,"0.1",40,0,132,0,0,"0.0","u",0,0,,"false"
"2026-09-20T06:12:00Z",41,"Buendía","AVL","-72.9","-69.7","-65.1","-60.5",-3,29,"0.9",59,2583,1181,21,401,"4.2","a",0,-1,,"false"
"2026-09-20T06:12:00Z",44,"Bailey","AVL","0.0","0.0","0.0","0.0",0,0,"0.1",54,0,148,0,0,"0.0","u",0,-1,,"false"
"2026-09-20T06:12:00Z",45,"McGinn","AVL","-18.9","-18.6","-18.2","-17.8",-1,6,"2.2",54,1637,2317,17,434,"3.4","a",0,-1,,"false"
"2026-09-20T06:12:00Z",46,"Barkley","AVL","0.9","0.8","0.8","0.7",1,-5,"0.3",50,167,479,10,308,"2.0","a",0,0,,"false"
"2026-09-20T06:12:00Z",47,"Kamara","AVL","-73.6","-73.0","-72.0","-71.1",-3,2,"0.3",50,306,424,15,443,"3.0","a",0,0,,"false"
"2026-09-20T06:12:00Z",48,"Onana","AVL","-5.8","-8.6","-12.5","-16.5",-1,-1,"0.0",49,9,27,0,0,"0.0","i",0,-1,,"false"
"2026-09-20T06:12:00Z",49,"Iling Jr","AVL","0.0","0.0","0.0","0.0",0,0,"0.0",50,0,5,0,0,"0.0","u",0,0,,"false"
"2026-09-20T06:12:00Z",50,"Burrowes","AVL","-56.0","-57.1","-58.7","-60.2",-3,-7,"0.6",45,183,894,0,0,"0.0","a",0,0,,"false"
"2026-09-20T06:12:00Z",51,"George Hemmings","AVL","14.1","13.9","13.7","13.4",1,-18,"1.2",45,890,3179,9,297,"1.8","a",0,0,,"false"
"2026-09-20T06:12:00Z",52,"Alysson","AVL","0.2","0.2","0.1","0.1",1,-4,"0.1",50,37,220,8,87,"1.6","d",0,0,,"false"
"2026-09-20T06:12:00Z",53,"Manzambi","AVL","1.6","2.6","3.9","5.2",1,98,"0.2",59,10526,471,14,98,"2.8","a",0,-1,,"false"
"2026-09-20T06:12:00Z",54,"Gomes","AVL","0.0","0.0","0.0","0.0",0,0,"0.0",55,97,39,2,129,"0.4","a",0,0,"2026-09-20T16:30:08.780195Z","false"
"2026-09-20T06:12:00Z",55,"Watkins","AVL","0.0","0.0","0.0","0.0",0,-47,"2.6",78,0,3267,0,0,"0.0","u",0,-2,,"false"
"2026-09-20T06:12:00Z",56,"Abraham","AVL","3.3","3.2","3.2","3.2",1,-1,"0.2",55,507,420,4,71,"0.8","a",0,0,,"false"
"2026-09-20T06:12:00Z",160,"Garnacho","AVL","-32.4","-33.2","-34.3","-35.4",-2,-3,"0.3",58,149,749,3,31,"0.6","a",0,-2,,"false"
"2026-09-20T06:12:00Z",166,"N.Jackson","AVL","37.5","38.3","39.5","40.7",2,85,"1.2",65,8786,1675,10,286,"2.0","a",0,0,,"false"
"2026-09-20T06:12:00Z",582,"Madjo","AVL","-12.8","-13.4","-14.4","-15.4",-1,-4,"0.2",54,44,514,0,0,"0.0","i",0,-1,,"false"
"2026-09-20T06:12:00Z",596,"Ruggeri","AVL","-78.5","-76.6","-73.8","-71.1",-3,2,"0.1",45,157,97,5,113,"1.0","a",0,0,,"false"
"2026-09-20T06:12:00Z",597,"Suzuki","AVL","25.6","25.9","26.3","26.7",2,30,"1.8",50,4268,1621,16,360,"3.2","a",0,0,,"false"
"2026-09-20T06:12:00Z",606,"Rowe","AVL","0.3","0.3","0.3","0.3",1,-2,"0.2",40,84,239,0,0,"0.0","a",0,0,,"false"
"2026-09-20T06:12:00Z",607,"Lynch","AVL","0.0","0.0","0.0","0.0",0,-2,"0.1",45,0,170,0,0,"0.0","u",0,0,,"false"
"2026-09-20T06:12:00Z",611,"Wan-Bissaka","AVL","1.9","1.9","1.8","1.8",1,-4,"0.2",45,419,314,6,152,"1.5","a",0,0,,"false"
"2026-09-20T06:12:00Z",618,"Goretzka","AVL","-15.9","-18.6","-22.4","-26.2",-1,-2,"0.0",59,4,128,0,0,"0.0","i",0,-1,,"false"
"2026-09-20T06:12:00Z",630,"Harwood-Bellis","AVL","0.0","0.0","-1.7","-11.9",0,-1,"0.0",45,55,50,0,0,"0.0","a",0,0,,"false"
"2026-09-20T06:12:00Z",631,"Mbaye","AVL","0.3","0.3","0.3","0.3",1,0,"0.1",60,297,404,2,33,"0.7","a",0,0,,"false"
"2026-09-20T06:12:00Z",667,"Wright","AVL","0.0","0.0","0.0","0.0",0,0,"0.0",40,326,24,0,0,"0.0","a",0,0,"2026-10-02T19:12:30.130761Z","false"
"2026-09-20T06:12:00Z",57,"Petrović","BOU","1.1","1.1","0.9","0.8",1,-8,"3.0",45,1651,3013,7,360,"1.4","a",0,0,,"false"
"2026-09-20T06:12:00Z",58,"Forster","BOU","4.6","4.6","4.7","4.7",1,4,"3.5",40,2594,1457,0,0,"0.0","a",0,0,,"false"
"2026-09-20T06:12:00Z",59,"Dennis","BOU","0.0","0.0","0.0","0.0",0,0,"0.1",40,0,156,0,0,"0.0","u",0,0,,"false"
"2026-09-20T06:12:00Z",60,"Hill","BOU","-35.5","-36.5","-37.9","-39.4",-2,-8,"0.8",55,603,771,8,360,"1.6","a",0,0,,"false"
"2026-09-20T06:12:00Z",61,"Truffert","BOU","-95.0","-95.4","-96.0","-96.5",-4,-13,"3.1",55,1285,2632,8,360,"1.6","a",0,0,,"false"
"2026-09-20T06:12:00Z",62,"Diakité","BOU","-99.1","-99.1","-99.1","-99.1",-4,0,"0.2",50,166,208,0,0,"0.0","a",0,0,,"false"
"2026-09-20T06:12:00Z",63,"Milosavljević","BOU","-1.7","-1.7","-1.7","-1.7",-1,0,"0.0",49,6,10,0,0,"0.0","i",0,-1,,"false"
"2026-09-20T06:12:00Z",64,"Smith","BOU","0.3","0.3","0.3","0.3",1,0,"0.1",45,116,101,2,360,"0.4","a",0,0,,"false"
"2026-09-20T06:12:00Z",65,"J.Araujo","BOU","-9.1","-9.1","-9.1","-9.1",-1,0,"0.0",44,9,13,0,0,"0.0","i",0,-1,,"false"
"2026-09-20T06:12:00Z",66,"Soler","BOU","1.4","1.4","1.4","1.4",1,-1,"0.3",40,223,237,0,0,"0.0","a",0,0,,"false"
"2026-09-20T06:12:00Z",67,"Rayan","BOU","-2.0","-2.1","-2.3","-2.4",-1,-3,"1.6",63,995,2379,8,347,"1.6","a",-1,-2,,"false"
"2026-09-20T06:12:00Z",68,"Tavernier","BOU","27.7","28.2","28.9","29.6",2,51,"6.6",61,30182,8181,29,350,"5.8","a",0,1,,"false"
"2026-09-20T06:12:00Z",69,"Scott","BOU","6.7","6.4","5.9","5.5",1,-34,"5.8",61,6492,9264,28,356,"5.6","a",0,1,,"false"
"2026-09-20T06:12:00Z",70,"Kluivert","BOU","-35.5","-35.6","-35.8","-36.1",-2,-2,"1.0",60,1698,1401,15,294,"3.0","a",0,0,,"false"
"2026-09-20T06:12:00Z",71,"Cook","BOU","0.1","0.1","0.1","0.0",1,-2,"0.2",50,76,285,7,165,"1.4","a",0,0,,"false"
"2026-09-20T06:12:00Z",72,"Gannon-Doak","BOU","-44.4","-44.4","-44.4","-44.4",-3,0,"0.1",49,32,79,3,10,"0.6","a",0,-1,,"false"
"2026-09-20T06:12:00Z",73,"Adams","BOU","1.6","1.6","1.6","1.6",1,0,"0.3",50,236,430,8,192,"1.6","a",0,0,,"false"
"2026-09-20T06:12:00Z",74,"Brooks","BOU","-8.4","-10.6","-13.8","-17.0",-1,-1,"0.1",50,39,79,2,30,"0.4","a",0,0,,"false"
"2026-09-20T06:12:00Z",75,"Christie","BOU","0.3","0.3","0.3","0.3",1,0,"0.0",50,56,52,3,28,"0.6","a",0,0,,"false"
"2026-09-20T06:12:00Z",76,"Tóth.A","BOU","-5.3","-5.3","-5.3","-5.3",-1,0,"0.0",49,6,13,1,15,"0.2","a",0,-1,,"false"
"2026-09-20T06:12:00Z",77,"Adli","BOU","-70.5","-70.5","-70.5","-70.5",-3,0,"0.0",49,8,26,0,0,"0.0","i",0,-1,,"false"
"2026-09-20T06:12:00Z",78,"Kroupi.Jr","BOU","-62.2","-63.0","-64.2","-65.3",-3,-4,"0.2",74,52,204,0,0,"0.0","i",0,-1,,"false"
"2026-09-20T06:12:00Z",79,"Evanilson","BOU","48.9","49.1","49.3","49.6",3,18,"3.3",60,5473,3942,16,334,"3.2","a",0,0,,"false"
"2026-09-20T06:12:00Z",80,"Enes Ünal","BOU","0.0","0.0","0.0","0.0",0,0,"0.0",55,0,11,0,0,"0.0","u",0,0,,"false"
"2026-09-20T06:12:00Z",81,"Rodríguez","BOU","-31.3","-29.6","-27.2","-24.8",-2,2,"0.1",60,202,129,2,10,"0.4","a",0,0,,"false"
"2026-09-20T06:12:00Z",566,"Silva","BOU","1.2","1.2","1.2","1.2",1,2,"0.4",50,946,510,10,360,"2.0","a",0,0,,"false"
"2026-09-20T06:12:00Z",573,"Sanchez","BOU","-5.5","-6.2","-7.2","-8.2",-1,-1,"0.2",44,41,80,0,0,"0.0","a",0,-1,,"false"
"2026-09-20T06:12:00Z",608,"Jebbison","BOU","0.5","0.5","0.4","0.4",1,-3,"0.1",50,216,204,2,16,"0.4","a",0,0,,"false"
"2026-09-20T06:12:00Z",615,"Di Gregorio","BOU","-23.5","-23.5","-23.5","-23.5",-2,0,"0.0",45,57,41,0,0,"0.0","a",0,0,,"false"
"2026-09-20T06:12:00Z",82,"Kelleher","BRE","17.0","17.2","17.6","17.9",1,26,"6.1",50,7040,2865,20,450,"4.0","a",0,0,,"false"
"2026-09-20T06:12:00Z",83,"Valdimarsson","BRE","-67.6","-68.8","-70.6","-72.3",-3,-1,"0.1",45,74,88,0,0,"0.0","a",0,0,,"false"
"2026-09-20T06:12:00Z",84,"Collins","BRE","-13.0","-13.6","-14.4","-15.3",-1,-17,"1.0",54,36,2739,10,196,"2.0","i",0,-1,,"false"
"2026-09-20T06:12:00Z",85,"Van den Berg","BRE","-64.2","-64.2","-64.2","-64.2",-3,0,"0.1",49,13,76,0,0,"0.0","i",0,-1,,"false"
"2026-09-20T06:12:00Z",86,"Lewis-Potter","BRE","31.8","31.6","31.3","31.1",2,-21,"1.7",55,1238,4210,22,406,"4.4","a",0,0,,"false"
"2026-09-20T06:12:00Z",87,"Ajer","BRE","28.9","28.9","28.9","29.0",2,2,"4.0",45,4170,5720,21,450,"4.2","a",0,0,,"false"
"2026-09-20T06:12:00Z",88,"Kayode","BRE","-32.3","-32.3","-32.2","-32.0",-2,6,"7.7",46,4904,5582,23,294,"4.6","a",0,1,,"false"
"2026-09-20T06:12:00Z",89,"Henry","BRE","-7.3","-9.2","-11.9","-14.5",-1,-4,"0.2",44,50,163,1,2,"0.2","a",0,-1,,"false"
"2026-09-20T06:12:00Z",90,"Hickey","BRE","-26.3","-26.3","-26.3","-26.3",-2,0,"0.1",45,47,60,5,152,"1.0","a",0,0,,"false"
"2026-09-20T06:12:00Z",92,"Ji-soo","BRE","-0.2","-0.2","-0.2","-0.2",-1,0,"0.0",44,25,28,0,0,"0.0","a",-1,-1,,"false"
"2026-09-20T06:12:00Z",93,"Schuster","BRE","2.7","3.0","3.5","3.9",1,31,"0.2",45,8218,433,21,253,"4.2","a",0,0,,"false"
"2026-09-20T06:12:00Z",94,"Schade","BRE","63.6","70.0","79.0","88.1",3,660,"8.6",61,108696,4716,39,447,"7.8","a",0,1,,"false"
"2026-09-20T06:12:00Z",95,"O.Dango","BRE","-27.1","-28.0","-29.2","-30.3",-2,-4,"0.5",63,206,1236,7,179,"1.4","a",0,-2,,"false"
"2026-09-20T06:12:00Z",96,"Damsgaard","BRE","-6.1","-6.9","-8.1","-9.2",-1,-3,"0.4",54,487,612,16,283,"3.2","a",0,-1,,"false"
"2026-09-20T06:12:00Z",97,"Jensen","BRE","-41.1","-43.2","-46.2","-49.2",-3,-6,"0.1",54,6,173,6,66,"1.2","i",0,-1,,"false"
"2026-09-20T06:12:00Z",98,"Janelt","BRE","72.1","72.0","71.8","71.7",3,-13,"2.5",50,6998,5707,28,450,"5.6","a",0,0,,"false"
"2026-09-20T06:12:00Z",99,"Milambo","BRE","-40.2","-40.2","-40.2","-40.2",-3,0,"0.0",50,2,3,0,0,"0.0","i",0,0,,"false"
"2026-09-20T06:12:00Z",100,"Carvalho","BRE","0.2","0.2","0.2","0.3",1,4,"0.0",50,238,46,6,3,"1.2","a",0,0,,"false"
"2026-09-20T06:12:00Z",102,"Yarmoliuk","BRE","-9.5","-9.5","-9.5","-9.5",-1,0,"0.7",48,365,893,9,216,"1.8","a",0,-2,,"false"
"2026-09-20T06:12:00Z",103,"Dasilva","BRE","-43.2","-43.2","-43.2","-43.2",-3,0,"0.0",49,2,25,0,0,"0.0","i",0,-1,,"false"
"2026-09-20T06:12:00Z",105,"Anthony","BRE","0.2","0.2","0.3","0.3",1,4,"0.1",59,792,148,15,267,"3.0","a",0,-1,,"false"
"2026-09-20T06:12:00Z",106,"Thiago","BRE","1.1","1.7","2.5","3.4",1,61,"9.0",78,17372,8902,10,442,"2.0","a",0,-2,,"false"
"2026-09-20T06:12:00Z",107,"Furo","BRE","1.6","1.4","1.2","1.0",1,-17,"0.9",45,187,2742,0,0,"0.0","i",0,0,,"false"
"2026-09-20T06:12:00Z",108,"Wilson","BRE","-3.2","-4.4","-6.1","-7.9",-1,-6,"0.3",54,329,716,3,13,"0.6","a",-1,-1,,"false"
"2026-09-20T06:12:00Z",565,"M.Sangaré","BRE","-11.0","-12.8","-15.2","-17.7",-1,-315,"10.7",56,2324,62026,22,321,"4.4","a",-1,1,,"false"
"2026-09-20T06:12:00Z",620,"Diouf","BRE","-28.8","-30.6","-33.3","-35.9",-2,-2,"0.1",45,139,223,2,39,"0.5","a",0,0,,"false"
"2026-09-20T06:12:00Z",657,"Nunes","BRE","0.0","0.0","0.0","0.0",0,0,"0.0",45,91,63,0,0,"0.0","a",0,0,"2026-09-25T22:05:18.379374Z","false"
"2026-09-20T06:12:00Z",660,"Fredrick","BRE","0.0","0.0","0.0","0.0",0,0,"0.0",40,135,14,0,0,"0.0","a",0,0,"2026-10-01T21:16:22.650713Z","false"
"2026-09-20T06:12:00Z",661,"Balcombe","BRE","0.0","0.0","0.0","0.0",0,0,"0.0",40,1276,121,0,0,"0.0","a",0,0,"2026-10-01T21:16:40.866514Z","false"
"2026-09-20T06:12:00Z",109,"Verbruggen","BHA","54.4","55.1","56.1","57.1",3,73,"21.7",45,18599,19426,23,450,"4.6","a",0,0,,"false"
"2026-09-20T06:12:00Z",111,"Steele","BHA","1.4","1.2","1.0","0.8",1,-15,"4.2",40,2464,4217,0,0,"0.0","a",0,0,,"false"
"2026-09-20T06:12:00Z",113,"F.Kadıoğlu","BHA","-57.4","-57.4","-57.5","-57.6",-3,-1,"1.6",44,1072,2201,13,332,"2.6","a",0,-1,,"false"
"2026-09-20T06:12:00Z",114,"Boscagli","BHA","2.0","2.1","2.1","2.2",1,4,"0.3",45,531,191,19,437,"3.8","a",0,0,,"false"
"2026-09-20T06:12:00Z",115,"De Cuyper","BHA","37.7","44.2","53.4","62.7",3,676,"25.8",49,81856,4598,38,423,"7.6","a",0,4,,"false"
"2026-09-20T06:12:00Z",116,"Dunk","BHA","20.0","19.9","19.9","19.8",1,-5,"1.5",45,3038,1774,22,360,"4.4","a",0,0,,"false"
"2026-09-20T06:12:00Z",117,"Coppola","BHA","-17.1","-17.1","-17.1","-17.1",-1,0,"0.0",45,19,23,0,0,"0.0","a",0,0,,"false"
"2026-09-20T06:12:00Z",118,"Igor","BHA","0.0","0.0","0.0","0.0",0,-1,"0.0",45,0,90,0,0,"0.0","u",0,0,,"false"
"2026-09-20T06:12:00Z",119,"Costinha","BHA","-5.9","-5.9","-5.9","-5.9",-1,0,"0.0",45,32,35,4,68,"0.8","a",0,0,,"false"
"2026-09-20T06:12:00Z",120,"Svoboda","BHA","0.0","0.0","0.0","0.0",0,0,"0.1",50,228,115,1,4,"0.2","a",0,0,,"false"
"2026-09-20T06:12:00Z",121,"Mitoma","BHA","-21.8","-24.3","-27.8","-31.3",-2,-2,"0.0",59,27,44,0,0,"0.0","i",0,-1,,"false"
"2026-09-20T06:12:00Z",122,"Minteh","BHA","-0.2","-1.8","-4.1","-6.3",-1,-2,"0.0",58,9,64,0,0,"0.0","i",-1,-2,,"false"
"2026-09-20T06:12:00Z",123,"Hinshelwood","BHA","-20.6","-21.8","-23.5","-25.2",-2,-20,"0.6",59,58,2235,16,63,"3.2","i",0,-1,,"false"
"2026-09-20T06:12:00Z",124,"Groß","BHA","4.2","13.8","27.5","41.2",1,2703,"24.0",58,294602,3413,47,450,"9.4","a",1,3,,"false"
"2026-09-20T06:12:00Z",125,"Georginio","BHA","-0.2","-0.4","-0.7","-1.0",-1,-2,"0.5",53,522,1239,6,104,"1.2","a",-1,-2,,"false"
"2026-09-20T06:12:00Z",126,"O'Riley","BHA","-5.3","-5.3","-5.3","-5.3",-1,0,"0.1",54,87,133,2,10,"0.4","a",0,-1,,"false"
"2026-09-20T06:12:00Z",127,"Gomez","BHA","30.0","29.9","29.8","29.6",2,-9,"4.1",50,2450,14593,24,433,"4.8","a",0,0,,"false"
"2026-09-20T06:12:00Z",128,"Buonanotte","BHA","0.0","0.0","0.0","0.0",0,0,"0.0",50,0,2,0,0,"0.0","u",0,0,,"false"
"2026-09-20T06:12:00Z",129,"Ayari","BHA","-52.5","-52.2","-51.7","-51.2",-3,1,"0.4",54,465,602,15,333,"3.0","a",0,-1,,"false"
"2026-09-20T06:12:00Z",130,"Wieffer","BHA","-12.0","-13.3","-15.2","-17.1",-1,-7,"0.2",49,9,537,7,156,"1.4","i",0,-1,,"false"
"2026-09-20T06:12:00Z",132,"Howell","BHA","0.0","0.0","0.0","0.0",0,-3,"0.0",45,0,65,0,0,"0.0","u",0,0,,"false"
"2026-09-20T06:12:00Z",133,"Watson","BHA","0.0","0.0","0.0","0.0",0,0,"0.0",50,0,1,0,0,"0.0","u",0,0,,"false"
"2026-09-20T06:12:00Z",134,"Oriola","BHA","-60.5","-62.1","-64.5","-66.9",-3,-4,"0.2",45,70,363,0,0,"0.0","a",0,0,,"false"
"2026-09-20T06:12:00Z",135,"Yohanna","BHA","-79.8","-79.8","-79.8","-79.8",-3,0,"0.0",49,2,123,1,12,"0.2","i",0,-1,,"false"
"2026-09-20T06:12:00Z",137,"Tzimas","BHA","0.0","0.0","0.0","0.0",0,0,"0.0",54,11,12,0,0,"0.0","i",0,-1,,"false"
"2026-09-20T06:12:00Z",138,"Kostoulas","BHA","67.6","79.2","95.7","112.2",3,1205,"1.7",55,79316,1689,28,353,"5.6","a",0,0,,"false"
"2026-09-20T06:12:00Z",139,"Ferguson","BHA","-49.0","-49.0","-49.0","-49.0",-3,0,"0.0",50,27,69,0,0,"0.0","i",0,0,,"false"
"2026-09-20T06:12:00Z",328,"Struijk","BHA","-7.5","-6.0","-4.0","-2.0",-1,3,"0.2",49,164,142,7,98,"1.4","a",0,-1,,"false"
"2026-09-20T06:12:00Z",504,"Vuskovic","BHA","38.0","40.0","42.9","45.8",3,209,"3.3",50,13247,2793,32,437,"6.4","a",0,0,,"false"
"2026-09-20T06:12:00Z",594,"David","BHA","0.0","-0.6","-2.2","-3.9",-1,-4,"0.2",59,605,576,1,23,"0.2","a",-1,-1,,"false"
"2026-09-20T06:12:00Z",600,"Osman","BHA","-65.5","-65.5","-65.5","-65.5",-3,0,"0.0",50,18,30,3,40,"0.6","a",0,0,,"false"
"2026-09-20T06:12:00Z",605,"Yalcouyé","BHA","51.7","51.1","50.4","49.6",3,-55,"4.0",45,8183,11744,20,236,"4.0","a",0,0,,"false"
"2026-09-20T06:12:00Z",614,"Hadjam","BHA","-6.4","-6.4","-6.4","-6.4",-1,0,"0.0",45,92,71,0,0,"0.0","a",0,0,,"false"
"2026-09-20T06:12:00Z",624,"Cozier-Duberry","BHA","0.0","0.0","0.0","0.0",0,0,"0.0",50,0,0,0,0,"0.0","u",0,0,,"false"
"2026-09-20T06:12:00Z",639,"Andrés","BHA","0.3","0.5","0.6","0.8",1,12,"0.0",55,555,50,12,109,"4.0","a",0,0,,"false"
"2026-09-20T06:12:00Z",652,"Azeez","BHA","-18.6","-18.6","-18.6","-18.6",-1,0,"0.0",55,5,16,0,0,"0.0","i",0,0,,"false"
"2026-09-20T06:12:00Z",658,"Ibrahim","BHA","0.0","0.0","0.0","0.0",0,0,"0.0",45,80,49,0,0,"0.0","a",0,0,"2026-09-26T17:44:20.289392Z","false"
"2026-09-20T06:12:00Z",28,"Martinez","CHE","0.9","0.5","0.1","-0.8",1,-34,"4.8",50,1732,6956,9,360,"1.8","a",0,0,,"false"
"2026-09-20T06:12:00Z",40,"Rogers","CHE","64.4","64.9","65.6","66.3",3,52,"40.1",77,38882,17329,29,437,"5.8","a",0,2,,"false"
"2026-09-20T06:12:00Z",101,"Henderson","CHE","0.0","0.0","0.0","0.0",0,0,"0.0",49,127,35,2,90,"0.4","a",0,-1,"2026-09-25T13:30:09.904003Z","false"
"2026-09-20T06:12:00Z",136,"Welbeck","CHE","7.2","7.1","7.0","6.8",1,-10,"1.0",59,3059,2609,4,85,"0.8","a",0,-1,,"false"
"2026-09-20T06:12:00Z",140,"Sánchez","CHE","0.0","0.0","0.0","0.0",0,-10,"0.7",49,0,1363,2,90,"0.4","u",0,-1,,"false"
"2026-09-20T06:12:00Z",141,"Jörgensen","CHE","0.0","0.0","0.0","0.0",0,0,"0.0",50,0,12,0,0,"0.0","u",0,0,,"false"
"2026-09-20T06:12:00Z",142,"James","CHE","-58.7","-60.5","-63.1","-65.6",-3,-210,"6.3",54,167,25485,3,292,"0.6","d",0,-1,,"false"
"2026-09-20T06:12:00Z",143,"Chalobah","CHE","0.0","0.0","0.0","0.0",0,-1,"0.1",55,0,73,0,0,"0.0","u",0,0,,"false"
"2026-09-20T06:12:00Z",144,"Gusto","CHE","-91.0","-93.0","-96.0","-99.0",-3,-21,"1.0",50,466,2150,4,272,"0.8","a",0,0,,"false"
"2026-09-20T06:12:00Z",145,"Fofana","CHE","3.8","3.8","3.8","3.8",1,0,"0.2",50,626,322,8,312,"1.6","a",0,0,,"false"
"2026-09-20T06:12:00Z",146,"B.Badiashile","CHE","0.0","0.0","0.0","0.0",0,0,"0.0",45,0,13,0,0,"0.0","u",0,0,,"false"
"2026-09-20T06:12:00Z",148,"Hato","CHE","13.0","12.9","12.7","12.5",1,-15,"0.9",45,216,2766,8,258,"1.6","a",0,0,,"false"
"2026-09-20T06:12:00Z",149,"Colwill","CHE","-2.6","-3.4","-4.5","-5.5",-1,-12,"0.9",48,291,1838,3,341,"0.6","a",-1,-2,,"false"
"2026-09-20T06:12:00Z",150,"M.Sarr","CHE","0.0","0.0","0.0","0.0",0,0,"0.0",45,0,49,0,0,"0.0","u",0,0,,"false"
"2026-09-20T06:12:00Z",151,"Acheampong","CHE","0.1","0.1","0.1","0.1",1,-1,"0.4",45,126,556,5,221,"1.0","a",0,0,,"false"
"2026-09-20T06:12:00Z",152,"Palestra","CHE","-0.0","-0.0","-0.0","-0.0",0,0,"0.6",53,41,1145,0,0,"0.0","d",0,-2,"2026-09-25T13:30:10.008957Z","false"
"2026-09-20T06:12:00Z",154,"Palmer","CHE","23.8","22.5","20.7","18.9",2,-134,"26.8",97,13530,31872,28,442,"5.6","a",0,2,,"false"
"2026-09-20T06:12:00Z",156,"Neto","CHE","0.2","0.1","-1.1","-2.7",1,-16,"1.4",65,1149,2895,14,332,"2.8","a",0,0,,"false"
"2026-09-20T06:12:00Z",157,"Estêvão","CHE","-17.0","-18.7","-21.2","-23.7",-1,-12,"0.7",63,384,1150,4,23,"0.8","a",0,-2,,"false"
"2026-09-20T06:12:00Z",158,"Gittens","CHE","-96.3","-100.6","-106.8","-112.9",-5,-1,"0.0",59,39,49,0,0,"0.0","a",0,-1,,"false"
"2026-09-20T06:12:00Z",159,"Caicedo","CHE","-0.0","-0.0","-0.0","-0.0",0,0,"1.1",53,100,2655,1,13,"0.2","d",0,-2,"2026-09-25T13:30:10.038499Z","false"
"2026-09-20T06:12:00Z",161,"Lavia","CHE","4.9","4.8","4.7","4.6",1,-8,"0.2",50,113,836,11,258,"2.2","a",0,0,,"false"
"2026-09-20T06:12:00Z",163,"D.Essugo","CHE","0.0","0.0","0.0","0.0",0,0,"0.1",45,0,199,0,0,"0.0","u",0,0,,"false"
"2026-09-20T06:12:00Z",164,"Quenda","CHE","-13.0","-13.0","-13.0","-13.0",-1,0,"0.0",53,16,45,2,27,"0.4","a",0,-2,,"false"
"2026-09-20T06:12:00Z",165,"João Pedro","CHE","-64.3","-67.9","-73.0","-78.0",-3,-685,"67.8",78,12923,111689,33,360,"6.6","d",0,3,,"false"
"2026-09-20T06:12:00Z",168,"Marc Guiu","CHE","0.0","0.0","0.0","0.0",0,-2,"0.2",50,0,395,0,0,"0.0","u",0,0,,"false"
"2026-09-20T06:12:00Z",169,"Mheuka","CHE","3.9","3.9","3.9","4.0",1,3,"0.5",45,1318,793,0,0,"0.0","a",0,0,,"false"
"2026-09-20T06:12:00Z",170,"Emegha","CHE","-79.0","-79.3","-79.9","-80.4",-3,-1,"0.1",50,18,297,0,0,"0.0","i",0,0,,"false"
"2026-09-20T06:12:00Z",200,"Lacroix","CHE","-2.0","-2.4","-2.8","-3.3",-1,-41,"6.9",59,1513,8447,13,364,"2.6","a",-1,-1,,"false"
"2026-09-20T06:12:00Z",560,"Penders","CHE","0.0","-0.1","-2.6","-5.1",-1,-1,"0.1",44,51,76,0,0,"0.0","a",0,-1,,"false"
"2026-09-20T06:12:00Z",561,"Anselmino","CHE","0.0","0.0","0.0","0.0",0,1,"0.0",45,24,38,0,0,"0.0","a",0,0,,"false"
"2026-09-20T06:12:00Z",568,"Barco","CHE","-7.2","-7.2","-7.2","-7.2",-1,0,"0.1",54,81,131,3,115,"0.6","a",0,-1,,"false"
"2026-09-20T06:12:00Z",583,"Chavarria","CHE","-43.7","-43.7","-43.7","-43.7",-3,0,"0.1",49,132,134,5,208,"1.0","a",0,-1,,"false"
"2026-09-20T06:12:00Z",662,"Nicoll-Jazuli","CHE","0.0","0.0","0.0","0.0",0,0,"0.0",45,79,7,1,3,"1.0","a",0,0,"2026-10-01T21:17:24.996715Z","false"
"2026-09-20T06:12:00Z",91,"Pinnock","COV","-80.7","-79.0","-76.5","-74.0",-3,1,"0.1",45,75,70,14,282,"2.8","a",0,0,,"false"
"2026-09-20T06:12:00Z",104,"Onyeka","COV","-23.7","-25.7","-28.6","-31.5",-2,-2,"0.1",49,24,129,9,314,"1.8","a",0,-1,,"false"
"2026-09-20T06:12:00Z",110,"Rushworth","COV","-55.6","-55.3","-54.7","-54.2",-3,3,"0.8",45,399,2727,16,450,"3.2","a",0,0,,"false"
"2026-09-20T06:12:00Z",171,"Dovin","COV","0.0","0.0","0.0","0.0",0,-10,"1.0",40,0,1275,0,0,"0.0","u",0,0,,"false"
"2026-09-20T06:12:00Z",172,"Wilson","COV","-2.0","-2.0","-2.0","-2.0",-1,0,"0.4",44,49,143,0,0,"0.0","a",0,-1,,"false"
"2026-09-20T06:12:00Z",173,"Thomas","COV","14.3","14.5","14.9","15.3",1,28,"8.6",40,4465,9526,24,437,"4.8","a",0,0,,"false"
"2026-09-20T06:12:00Z",174,"Kitching","COV","0.0","0.0","0.0","0.0",0,-8,"0.4",40,0,456,0,0,"0.0","u",0,0,,"false"
"2026-09-20T06:12:00Z",175,"van Ewijk","COV","-33.6","-34.3","-35.3","-36.3",-2,-122,"9.3",40,723,20492,6,360,"1.2","d",0,0,,"false"
"2026-09-20T06:12:00Z",176,"Dasilva","COV","-53.7","-52.2","-50.2","-48.2",-3,10,"0.7",40,717,375,20,444,"4.0","a",0,0,,"false"
"2026-09-20T06:12:00Z",177,"Kesler-Hayden","COV","0.0","0.0","0.0","0.0",0,0,"0.0",39,309,90,0,0,"0.0","i",-1,-1,,"false"
"2026-09-20T06:12:00Z",178,"Bidwell","COV","-22.9","-22.9","-22.9","-22.9",-2,0,"0.1",40,62,61,0,0,"0.0","a",0,0,,"false"
"2026-09-20T06:12:00Z",179,"Latibeaudiere","COV","-64.8","-64.8","-64.8","-64.8",-3,0,"0.0",40,21,31,1,1,"0.2","a",0,0,,"false"
"2026-09-20T06:12:00Z",180,"Woolfenden","COV","-81.7","-81.7","-81.7","-81.7",-3,0,"0.1",40,8,136,0,0,"0.0","i",0,0,,"false"
"2026-09-20T06:12:00Z",181,"Brau","COV","0.0","0.0","0.0","0.0",0,0,"0.0",40,0,19,0,0,"0.0","u",0,0,,"false"
"2026-09-20T06:12:00Z",182,"Amenda","COV","-34.5","-35.6","-37.2","-38.7",-2,-20,"0.7",40,9,1966,4,360,"0.8","i",0,0,,"false"
"2026-09-20T06:12:00Z",183,"Rudoni","COV","-3.9","-0.9","0.0","0.1",-1,3,"0.1",49,149,176,13,297,"2.6","a",0,-1,,"false"
"2026-09-20T06:12:00Z",184,"Grimes","COV","-16.8","-16.8","-16.8","-16.8",-1,0,"0.1",49,48,302,11,443,"2.2","a",0,-1,,"false"
"2026-09-20T06:12:00Z",185,"Sakamoto","COV","-9.2","-9.2","-9.2","-9.2",-1,0,"0.1",48,39,113,1,31,"0.2","a",0,-2,,"false"
"2026-09-20T06:12:00Z",186,"Mason-Clark","COV","-92.6","-92.6","-92.6","-92.6",-3,0,"0.1",54,19,108,5,231,"1.0","a",0,-1,,"false"
"2026-09-20T06:12:00Z",187,"Eccles","COV","0.0","0.0","0.0","0.0",0,0,"0.0",48,6,36,0,0,"0.0","i",-1,-2,,"false"
"2026-09-20T06:12:00Z",188,"Torp","COV","-2.8","-2.8","-2.8","-2.8",-1,0,"0.1",53,16,123,3,53,"0.6","a",-1,-2,,"false"
"2026-09-20T06:12:00Z",189,"Shepherd","COV","0.3","0.3","0.4","0.4",1,3,"0.3",44,1596,588,0,0,"0.0","a",0,-1,,"false"
"2026-09-20T06:12:00Z",190,"Tchaouna","COV","-62.3","-62.3","-62.3","-62.3",-3,0,"0.1",54,2,101,5,211,"1.0","a",0,-1,,"false"
"2026-09-20T06:12:00Z",191,"Borges Rodrigues","COV","0.0","0.0","0.0","0.0",0,-1,"0.1",45,0,200,0,0,"0.0","u",0,0,,"false"
"2026-09-20T06:12:00Z",192,"Andrews","COV","0.0","0.0","0.0","0.0",0,-8,"0.3",45,0,603,0,0,"0.0","u",0,0,,"false"
"2026-09-20T06:12:00Z",193,"Wright","COV","-79.6","-80.6","-82.0","-83.4",-3,-2,"0.1",54,15,129,0,0,"0.0","i",0,-1,,"false"
"2026-09-20T06:12:00Z",194,"Thomas-Asante","COV","1.5","1.6","1.6","1.7",1,5,"0.7",50,1141,1389,9,227,"1.8","a",0,0,,"false"
"2026-09-20T06:12:00Z",195,"Simms","COV","-89.7","-90.9","-92.6","-94.4",-3,-8,"0.7",50,275,1376,4,104,"0.8","a",0,0,,"false"
"2026-09-20T06:12:00Z",196,"Markelo","COV","0.0","0.0","0.0","0.0",0,-1,"0.0",50,0,18,0,0,"0.0","u",0,0,,"false"
"2026-09-20T06:12:00Z",197,"Bassette","COV","0.0","0.0","0.0","0.0",0,0,"0.0",45,0,48,0,0,"0.0","u",0,0,,"false"
"2026-09-20T06:12:00Z",492,"Awoniyi","COV","-3.0","-3.8","-4.8","-5.9",-1,-15,"0.4",54,21,1638,3,232,"0.6","s",-1,-1,,"false"
"2026-09-20T06:12:00Z",575,"Yirenkyi","COV","-95.7","-95.7","-95.7","-95.7",-4,0,"0.1",49,32,343,9,265,"1.8","a",0,-1,,"false"
"2026-09-20T06:12:00Z",584,"Hamer","COV","-62.4","-63.7","-65.5","-67.3",-3,-1,"0.1",54,12,94,3,32,"0.6","a",0,-1,,"false"
"2026-09-20T06:12:00Z",599,"Cherif","COV","0.0","0.0","0.0","0.0",0,0,"0.1",50,143,162,1,30,"0.2","a",0,0,,"false"
"2026-09-20T06:12:00Z",623,"Bentley","COV","1.3","1.3","1.3","1.3",1,0,"0.6",40,1443,314,0,0,"0.0","a",0,0,,"false"
"2026-09-20T06:12:00Z",655,"Gboho","COV","0.0","0.0","0.0","0.0",0,0,"0.0",55,26,20,0,0,"0.0","a",0,0,"2026-09-23T15:00:18.732507Z","false"
"2026-09-20T06:12:00Z",656,"Mfuni","COV","0.0","0.0","0.0","0.0",0,0,"0.1",40,230,190,6,90,"3.0","a",0,0,"2026-09-24T14:54:23.064516Z","false"
"2026-09-20T06:12:00Z",42,"Guessand","CRY","-7.7","-7.7","-7.7","-7.7",-1,0,"0.0",54,24,53,2,54,"0.4","a",0,-1,,"false"
"2026-09-20T06:12:00Z",153,"Disasi","CRY","-39.4","-40.4","-41.9","-43.3",-3,-2,"0.1",45,6,245,1,139,"0.2","s",0,0,,"false"
"2026-09-20T06:12:00Z",198,"Henderson","CRY","-74.7","-75.4","-76.6","-77.7",-3,-30,"1.4",50,30,3217,5,270,"1.0","i",0,0,,"false"
"2026-09-20T06:12:00Z",199,"Benitez","CRY","-32.2","-32.2","-32.2","-32.2",-2,0,"0.1",45,97,72,2,90,"0.4","a",0,0,,"false"
"2026-09-20T06:12:00Z",202,"Richards","CRY","-94.4","-94.8","-95.4","-96.0",-3,-3,"0.6",50,241,815,6,360,"1.2","a",0,0,,"false"
"2026-09-20T06:12:00Z",203,"Canvot","CRY","-1.5","-1.9","-2.4","-2.9",-1,-1,"0.2",48,47,369,2,270,"0.4","a",-1,-2,,"false"
"2026-09-20T06:12:00Z",204,"Mitchell","CRY","22.9","22.7","22.5","22.2",2,-20,"6.0",45,1749,5504,17,329,"3.4","a",0,0,,"false"
"2026-09-20T06:12:00Z",205,"Sosa","CRY","0.0","0.0","0.0","0.0",0,0,"0.0",45,0,28,0,0,"0.0","u",0,0,,"false"
"2026-09-20T06:12:00Z",206,"Chadi Riad","CRY","-0.9","-0.9","-0.9","-0.9",-1,0,"0.0",43,6,36,1,72,"0.2","i",-1,-2,,"false"
"2026-09-20T06:12:00Z",207,"Mingueza","CRY","-68.4","-70.4","-73.3","-76.1",-3,-1,"0.1",44,23,55,2,16,"0.4","a",0,-1,,"false"
"2026-09-20T06:12:00Z",208,"Sarr","CRY","0.0","0.0","0.0","0.0",0,0,"0.6",62,712,471,0,0,"0.0","a",0,-3,"2026-09-24T16:30:08.977944Z","false"
"2026-09-20T06:12:00Z",210,"Wharton","CRY","-84.6","-85.4","-86.6","-87.8",-3,-6,"0.8",55,261,1141,10,346,"2.0","a",0,0,,"false"
"2026-09-20T06:12:00Z",211,"Yeremy","CRY","4.8","4.8","4.7","4.7",1,-4,"0.4",55,212,837,12,226,"2.4","a",0,0,,"false"
"2026-09-20T06:12:00Z",212,"Hughes","CRY","-8.2","-9.0","-10.0","-11.0",-1,-54,"7.6",44,2617,11910,2,29,"0.4","a",0,-1,,"false"
"2026-09-20T06:12:00Z",213,"Lerma","CRY","-92.0","-92.0","-92.0","-92.0",-3,0,"0.1",49,13,77,1,6,"0.2","a",0,-1,,"false"
"2026-09-20T06:12:00Z",214,"Kamada","CRY","10.6","10.6","10.6","10.7",1,2,"0.5",50,910,734,18,351,"3.6","a",0,0,,"false"
"2026-09-20T06:12:00Z",215,"Devenny","CRY","0.0","0.0","0.0","0.0",0,0,"0.0",50,0,6,0,0,"0.0","u",0,0,,"false"
"2026-09-20T06:12:00Z",216,"Esse","CRY","0.0","0.0","0.0","0.0",0,0,"0.0",50,0,29,0,0,"0.0","u",0,0,,"false"
"2026-09-20T06:12:00Z",217,"M.França","CRY","0.0","0.0","0.0","0.0",0,0,"0.0",49,0,42,0,0,"0.0","u",0,-1,,"false"
"2026-09-20T06:12:00Z",218,"Doucouré","CRY","-91.8","-91.8","-91.8","-91.8",-3,0,"0.0",49,20,58,0,0,"0.0","a",0,-1,,"false"
"2026-09-20T06:12:00Z",219,"J.Rak-Sakyi","CRY","0.0","0.0","0.0","0.0",0,0,"0.0",49,0,1,0,0,"0.0","u",0,-1,,"false"
"2026-09-20T06:12:00Z",220,"Cardines","CRY","0.0","0.0","0.0","0.0",0,0,"0.0",45,0,3,0,0,"0.0","u",0,0,,"false"
"2026-09-20T06:12:00Z",221,"Drakes-Thomas","CRY","-73.8","-73.8","-73.8","-73.8",-3,0,"0.1",45,36,115,0,0,"0.0","a",0,0,,"false"
"2026-09-20T06:12:00Z",222,"Strand Larsen","CRY","4.6","4.6","4.6","4.7",1,3,"0.6",60,1473,712,12,217,"2.4","a",0,0,,"false"
"2026-09-20T06:12:00Z",223,"Mateta","CRY","-13.0","-13.7","-14.7","-15.6",-1,-25,"1.3",63,40,2279,2,62,"0.4","i",0,-2,,"false"
"2026-09-20T06:12:00Z",224,"Nketiah","CRY","-0.6","-1.1","-1.8","-2.5",-1,-3,"0.5",55,350,681,7,167,"1.4","a",0,0,,"false"
"2026-09-20T06:12:00Z",225,"Uche","CRY","0.0","0.0","0.0","0.0",0,0,"0.0",50,0,0,0,0,"0.0","u",0,0,,"false"
"2026-09-20T06:12:00Z",241,"McNeil","CRY","-72.4","-72.4","-72.4","-72.4",-3,0,"0.1",54,13,96,3,84,"0.6","a",0,-1,,"false"
"2026-09-20T06:12:00Z",555,"Matthews","CRY","-5.6","-5.8","-6.2","-6.5",-1,-4,"1.7",40,320,663,0,0,"0.0","a",0,0,,"false"
"2026-09-20T06:12:00Z",577,"Tomiyasu","CRY","-5.7","-5.7","-5.7","-5.7",-1,0,"0.3",44,55,159,2,144,"0.4","a",0,-1,,"false"
"2026-09-20T06:12:00Z",588,"Khalaili","CRY","5.9","5.9","5.9","5.9",1,0,"0.3",50,420,267,13,289,"2.6","a",0,0,,"false"
"2026-09-20T06:12:00Z",595,"Gozo","CRY","-84.6","-84.6","-84.6","-84.6",-3,0,"0.0",50,2,19,2,28,"0.4","a",0,0,,"false"
"2026-09-20T06:12:00Z",633,"Ahanor","CRY","0.1","0.1","0.1","0.1",1,1,"0.0",45,49,13,3,90,"1.0","a",0,0,,"false"
"2026-09-20T06:12:00Z",643,"Chilwell","CRY","-44.1","-45.2","-46.8","-48.3",-3,-5,"0.5",45,172,537,8,29,"2.7","a",0,0,,"false"
"2026-09-20T06:12:00Z",644,"Timber","CRY","0.1","0.1","0.1","0.1",1,0,"0.0",50,94,67,6,163,"2.0","a",0,0,,"false"
"2026-09-20T06:12:00Z",647,"Osorio","CRY","-44.2","-44.2","-44.2","-44.2",-3,0,"0.0",55,3,19,1,1,"0.3","a",0,0,,"false"
"2026-09-20T06:12:00Z",21,"Nørgaard","EVE","-84.3","-84.3","-84.3","-84.3",-3,0,"0.0",49,11,94,0,0,"0.0","i",0,-1,,"false"
"2026-09-20T06:12:00Z",209,"Johnson","EVE","-11.8","-12.8","-14.1","-15.4",-1,-1,"0.1",59,93,199,9,238,"1.8","a",0,-1,,"false"
"2026-09-20T06:12:00Z",226,"Pickford","EVE","22.8","23.3","24.1","24.8",2,56,"9.0",55,6403,3545,25,450,"5.0","a",0,0,,"false"
"2026-09-20T06:12:00Z",227,"Travers","EVE","-29.3","-29.3","-29.3","-29.3",-2,0,"0.0",50,52,54,0,0,"0.0","a",0,0,,"false"
"2026-09-20T06:12:00Z",228,"King","EVE","-34.3","-34.3","-34.3","-34.3",-2,0,"0.0",45,28,36,0,0,"0.0","a",0,0,,"false"
"2026-09-20T06:12:00Z",229,"Tarkowski","EVE","32.8","37.0","42.9","48.8",2,430,"14.5",61,42096,3940,43,450,"8.6","a",0,1,,"false"
"2026-09-20T06:12:00Z",230,"Branthwaite","EVE","28.0","28.3","28.8","29.2",2,32,"2.3",55,3785,1513,27,450,"5.4","a",0,0,,"false"
"2026-09-20T06:12:00Z",231,"Keane","EVE","-19.8","-20.2","-20.7","-21.3",-2,-3,"0.8",48,117,1011,0,0,"0.0","a",0,-2,,"false"
"2026-09-20T06:12:00Z",232,"O'Brien","EVE","-98.6","-98.6","-98.6","-98.6",-4,0,"0.3",49,94,292,2,16,"0.4","a",0,-1,,"false"
"2026-09-20T06:12:00Z",233,"Mykolenko","EVE","0.4","0.5","0.7","0.8",1,29,"4.2",46,24432,3764,27,450,"5.4","a",1,1,,"false"
"2026-09-20T06:12:00Z",234,"Patterson","EVE","0.0","0.0","0.0","0.0",0,0,"0.0",45,0,32,0,0,"0.0","u",0,0,,"false"
"2026-09-20T06:12:00Z",235,"Aznou","EVE","0.0","0.0","0.0","0.0",0,0,"0.1",40,0,159,0,0,"0.0","u",0,0,,"false"
"2026-09-20T06:12:00Z",236,"Dewsbury-Hall","EVE","-5.8","-7.1","-9.0","-11.0",-1,-83,"6.2",66,21864,13756,20,450,"4.0","a",1,1,,"false"
"2026-09-20T06:12:00Z",238,"Grealish","EVE","7.6","7.6","7.6","7.7",1,2,"0.4",65,888,755,6,135,"1.2","a",0,0,,"false"
"2026-09-20T06:12:00Z",239,"Garner","EVE","3.2","3.2","3.1","3.1",1,-3,"0.2",60,496,598,11,328,"2.2","a",0,0,,"false"
"2026-09-20T06:12:00Z",242,"George","EVE","29.9","29.5","29.0","28.5",2,-36,"0.9",55,807,4066,19,309,"3.8","a",0,0,,"false"
"2026-09-20T06:12:00Z",243,"Alcaraz","EVE","-31.4","-31.4","-31.4","-31.4",-2,0,"0.1",49,48,101,1,5,"0.2","a",0,-1,,"false"
"2026-09-20T06:12:00Z",244,"Armstrong","EVE","9.2","9.0","8.9","8.7",1,-12,"0.4",50,176,1353,16,446,"3.2","a",0,0,,"false"
"2026-09-20T06:12:00Z",245,"Dibling","EVE","-78.5","-78.5","-78.5","-78.5",-3,0,"0.0",54,31,37,1,24,"0.2","a",0,-1,,"false"
"2026-09-20T06:12:00Z",246,"Röhl","EVE","-19.9","-21.1","-22.7","-24.4",-2,-1,"0.0",49,4,211,6,249,"1.2","i",0,-1,,"false"
"2026-09-20T06:12:00Z",247,"Hackney","EVE","-91.4","-92.7","-94.4","-96.2",-3,-2,"0.2",55,51,292,10,137,"2.0","a",0,0,,"false"
"2026-09-20T06:12:00Z",248,"Beto","EVE","0.0","0.0","0.0","0.0",0,-26,"0.7",54,0,2064,2,31,"0.4","u",0,-1,,"false"
"2026-09-20T06:12:00Z",249,"Barry","EVE","88.5","89.3","90.4","91.5",3,81,"8.0",56,22661,8509,20,417,"4.0","a",0,1,,"false"
"2026-09-20T06:12:00Z",649,"Maitland-Niles","EVE","12.1","12.5","13.1","13.7",1,44,"1.0",45,3837,828,21,177,"7.0","a",0,0,,"false"
"2026-09-20T06:12:00Z",654,"Graham","EVE","-2.4","-2.4","-2.4","-2.4",-1,0,"0.1",45,57,233,0,0,"0.0","a",0,0,,"false"
"2026-09-20T06:12:00Z",250,"Leno","FUL","4.9","5.1","5.3","5.5",1,18,"3.2",45,8821,1892,15,360,"3.0","a",0,0,,"false"
"2026-09-20T06:12:00Z",251,"Lecomte","FUL","-20.1","-20.0","-19.8","-19.5",-2,2,"1.1",40,840,539,0,0,"0.0","a",0,0,,"false"
"2026-09-20T06:12:00Z",252,"McNally","FUL","0.0","0.0","0.0","0.0",0,0,"0.1",40,0,181,0,0,"0.0","u",0,0,,"false"
"2026-09-20T06:12:00Z",253,"Andersen","FUL","0.3","0.3","0.4","0.4",1,4,"0.1",50,766,208,2,180,"0.4","a",0,0,,"false"
"2026-09-20T06:12:00Z",254,"Robinson","FUL","-28.9","-28.1","-26.8","-25.6",-2,12,"1.4",45,4375,1243,10,339,"2.0","a",0,0,,"false"
"2026-09-20T06:12:00Z",255,"J.Cuenca","FUL","-60.4","-55.9","-49.7","-43.4",-3,1,"0.0",45,19,19,3,90,"0.6","a",0,0,,"false"
"2026-09-20T06:12:00Z",256,"Tete","FUL","-22.5","-24.0","-26.1","-28.2",-2,-8,"0.2",44,2,456,0,27,"0.0","i",0,-1,,"false"
"2026-09-20T06:12:00Z",257,"Bassey","FUL","-17.7","-17.4","-16.9","-16.4",-1,2,"0.7",45,589,327,9,360,"1.8","a",0,0,,"false"
"2026-09-20T06:12:00Z",258,"Castagne","FUL","11.8","12.0","12.4","12.7",1,26,"0.9",45,5782,856,19,318,"3.8","a",0,0,,"false"
"2026-09-20T06:12:00Z",261,"Iwobi","FUL","-60.2","-60.9","-61.7","-62.6",-3,-4,"0.6",54,352,953,9,338,"1.8","a",0,-1,,"false"
"2026-09-20T06:12:00Z",262,"Smith Rowe","FUL","-80.9","-80.9","-80.9","-80.9",-3,0,"0.2",54,78,299,3,38,"0.6","a",0,-1,,"false"
"2026-09-20T06:12:00Z",263,"Kevin","FUL","-3.0","-3.0","-3.0","-3.0",-1,0,"0.0",53,43,69,3,42,"0.6","a",0,-2,,"false"
"2026-09-20T06:12:00Z",264,"Bobb","FUL","-53.7","-53.7","-53.7","-53.7",-3,0,"0.3",55,462,414,10,273,"2.0","a",0,0,,"false"
"2026-09-20T06:12:00Z",265,"Berge","FUL","-25.7","-27.3","-29.7","-32.0",-2,-5,"0.3",49,123,355,8,273,"1.6","a",0,-1,,"false"
"2026-09-20T06:12:00Z",266,"Cairney","FUL","-7.6","-7.6","-7.6","-7.6",-1,0,"0.0",49,2,6,0,0,"0.0","i",0,-1,,"false"
"2026-09-20T06:12:00Z",268,"King","FUL","67.9","68.6","69.6","70.6",3,73,"2.1",55,23312,4090,22,346,"4.4","a",0,0,,"false"
"2026-09-20T06:12:00Z",269,"Sessegnon","FUL","-53.2","-54.4","-56.2","-57.9",-3,-6,"0.3",44,9,470,3,50,"0.6","d",0,-1,,"false"
"2026-09-20T06:12:00Z",270,"Reed","FUL","-0.0","-0.8","-2.0","-3.1",-1,-9,"1.1",44,741,1689,0,0,"0.0","a",0,-1,,"false"
"2026-09-20T06:12:00Z",271,"Muniz","FUL","-34.9","-36.5","-38.7","-41.0",-2,-7,"0.4",54,507,489,3,28,"0.6","a",0,-1,,"false"
"2026-09-20T06:12:00Z",272,"Kusi-Asare","FUL","-47.2","-47.7","-48.5","-49.3",-3,-30,"5.6",45,2999,7723,0,0,"0.0","a",0,0,,"false"
"2026-09-20T06:12:00Z",569,"Gonzalo","FUL","49.1","49.2","49.5","49.7",3,18,"3.7",60,16966,6792,12,346,"2.4","a",0,0,,"false"
"2026-09-20T06:12:00Z",570,"Palacios","FUL","0.0","0.0","0.0","-1.2",0,-2,"0.2",54,329,207,11,207,"2.2","a",0,-1,,"false"
"2026-09-20T06:12:00Z",580,"Charles","FUL","-87.9","-86.2","-83.9","-81.5",-3,1,"0.1",50,85,80,9,213,"1.8","a",0,0,,"false"
"2026-09-20T06:12:00Z",610,"De Fougerolles","FUL","0.0","0.0","0.0","0.0",0,0,"0.1",40,0,136,0,0,"0.0","u",0,0,,"false"
"2026-09-20T06:12:00Z",626,"Zepa","FUL","-69.4","-70.3","-71.6","-72.8",-3,-3,"0.3",45,34,575,0,0,"0.0","a",0,0,,"false"
"2026-09-20T06:12:00Z",635,"Larsson","FUL","0.0","0.0","0.0","0.0",0,0,"0.0",50,20,19,2,24,"0.7","a",0,0,,"false"
"2026-09-20T06:12:00Z",636,"Ángel","FUL","0.0","0.0","0.0","0.0",0,0,"0.0",50,7,4,0,0,"0.0","a",0,0,,"false"
"2026-09-20T06:12:00Z",650,"Affengruber","FUL","0.4","0.4","0.4","0.4",1,0,"0.0",45,375,79,8,90,"2.7","a",0,0,,"false"
"2026-09-20T06:12:00Z",240,"Iroegbunam","HUL","0.1","0.1","0.1","0.1",1,1,"0.0",50,18,40,2,70,"0.4","a",0,0,,"false"
"2026-09-20T06:12:00Z",273,"Phillips","HUL","-23.6","-23.9","-24.2","-24.5",-2,-3,"1.4",40,694,762,0,0,"0.0","a",0,0,,"false"
"2026-09-20T06:12:00Z",274,"Butland","HUL","-93.2","-93.2","-93.2","-93.2",-3,0,"0.1",45,30,83,0,0,"0.0","i",0,0,,"false"
"2026-09-20T06:12:00Z",275,"Cartwright","HUL","0.0","0.0","0.0","0.0",0,0,"0.0",40,0,6,0,0,"0.0","u",0,0,,"false"
"2026-09-20T06:12:00Z",276,"Lo-Tutala","HUL","0.0","0.0","0.0","0.0",0,0,"0.0",40,0,22,0,0,"0.0","u",0,0,,"false"
"2026-09-20T06:12:00Z",277,"Egan","HUL","27.7","27.3","26.7","26.2",2,-41,"7.1",41,10428,7021,26,437,"5.2","a",0,1,,"false"
"2026-09-20T06:12:00Z",278,"Hughes","HUL","0.8","0.8","0.8","0.8",1,0,"0.2",39,531,469,0,0,"0.0","i",0,-1,,"false"
"2026-09-20T06:12:00Z",279,"Ajayi","HUL","73.0","72.5","71.7","71.0",3,-53,"14.2",42,17256,13931,27,423,"5.4","a",0,2,,"false"
"2026-09-20T06:12:00Z",280,"Coyle","HUL","0.3","0.3","0.3","0.3",1,1,"0.7",40,720,467,14,348,"2.8","a",0,0,,"false"
"2026-09-20T06:12:00Z",281,"Drameh","HUL","0.0","0.0","0.0","0.0",0,-1,"0.0",40,0,69,2,65,"0.4","u",0,0,,"false"
"2026-09-20T06:12:00Z",282,"Giles","HUL","65.3","65.2","65.0","64.9",3,-10,"2.9",40,9961,3277,24,444,"4.8","a",0,0,,"false"
"2026-09-20T06:12:00Z",283,"Jacob","HUL","0.0","0.0","0.0","0.0",0,0,"0.0",40,0,9,0,0,"0.0","u",0,0,,"false"
"2026-09-20T06:12:00Z",284,"McCarthy","HUL","0.4","0.4","0.4","0.4",1,-1,"0.1",40,121,95,0,0,"0.0","a",0,0,,"false"
"2026-09-20T06:12:00Z",285,"McNair","HUL","-31.3","-31.3","-31.3","-31.3",-2,0,"0.1",40,57,67,1,26,"0.2","a",0,0,,"false"
"2026-09-20T06:12:00Z",286,"Belloumi","HUL","21.2","22.2","23.6","25.0",2,102,"4.5",51,20178,6851,31,394,"6.2","a",0,1,,"false"
"2026-09-20T06:12:00Z",287,"Millar","HUL","0.0","0.0","0.0","0.0",0,-2,"0.0",50,0,80,6,50,"1.2","u",0,0,,"false"
"2026-09-20T06:12:00Z",288,"Dowell","HUL","-72.9","-72.9","-72.9","-72.9",-3,0,"0.3",45,144,544,0,0,"0.0","a",0,0,,"false"
"2026-09-20T06:12:00Z",289,"Crooks","HUL","0.1","0.1","0.1","0.1",1,0,"0.5",44,1120,1215,3,203,"0.6","a",-1,-1,,"false"
"2026-09-20T06:12:00Z",290,"Slater","HUL","73.6","73.2","72.7","72.2",3,-39,"5.4",45,4522,11905,15,437,"3.0","a",0,0,,"false"
"2026-09-20T06:12:00Z",291,"Matazo","HUL","-12.0","-12.0","-12.0","-12.0",-1,0,"0.0",45,13,22,0,0,"0.0","i",0,0,,"false"
"2026-09-20T06:12:00Z",292,"Ömür","HUL","0.0","0.0","0.0","0.0",0,0,"0.0",49,26,36,0,0,"0.0","a",0,-1,,"false"
"2026-09-20T06:12:00Z",293,"Kamara","HUL","0.0","0.0","0.0","0.0",0,0,"0.0",50,0,3,0,0,"0.0","u",0,0,,"false"
"2026-09-20T06:12:00Z",294,"Zambrano","HUL","-8.9","-8.9","-8.9","-8.9",-1,0,"0.1",45,44,129,0,0,"0.0","a",0,0,,"false"
"2026-09-20T06:12:00Z",295,"McBurnie","HUL","28.7","28.4","28.1","27.7",2,-26,"2.0",55,2645,5089,14,441,"2.8","a",0,0,,"false"
"2026-09-20T06:12:00Z",296,"Akintola","HUL","0.0","0.0","0.0","0.0",0,0,"0.0",50,0,80,0,0,"0.0","u",0,0,,"false"
"2026-09-20T06:12:00Z",297,"Gyabi","HUL","-93.9","-93.9","-93.9","-93.9",-3,0,"0.0",45,5,30,0,0,"0.0","i",0,0,,"false"
"2026-09-20T06:12:00Z",298,"Destan","HUL","0.0","0.0","0.0","0.0",0,-5,"0.2",45,0,351,0,0,"0.0","u",0,0,,"false"
"2026-09-20T06:12:00Z",299,"Burstow","HUL","0.0","0.0","0.0","0.0",0,-2,"0.0",45,0,67,0,0,"0.0","u",0,0,,"false"
"2026-09-20T06:12:00Z",340,"Gelhardt","HUL","0.0","0.0","-2.9","-17.1",0,-1,"0.0",50,24,31,1,7,"0.2","a",0,0,,"false"
"2026-09-20T06:12:00Z",556,"Targett","HUL","-56.2","-56.4","-56.7","-57.1",-3,-7,"1.7",40,30,2623,1,5,"0.2","d",0,0,,"false"
"2026-09-20T06:12:00Z",563,"Morita","HUL","-76.1","-76.1","-76.1","-76.1",-3,0,"0.0",50,3,36,1,45,"0.2","i",0,0,,"false"
"2026-09-20T06:12:00Z",572,"Tzolakis","HUL","84.5","85.8","87.6","89.5",3,134,"11.7",46,25303,5168,34,450,"6.8","a",0,1,,"false"
"2026-09-20T06:12:00Z",574,"Hjertø-Dahl","HUL","-51.2","-55.5","-61.5","-67.4",-3,-2,"0.1",49,22,78,1,8,"0.2","a",0,-1,,"false"
"2026-09-20T06:12:00Z",576,"Stroud","HUL","-31.9","-31.9","-31.9","-31.9",-2,0,"0.1",50,39,95,7,249,"1.4","a",0,0,,"false"
"2026-09-20T06:12:00Z",585,"Herrington","HUL","-21.4","-21.4","-21.4","-21.4",-2,0,"0.6",40,306,333,5,197,"1.0","a",0,0,,"false"
"2026-09-20T06:12:00Z",586,"Mendy","HUL","-0.2","-0.2","-0.2","-0.2",-1,0,"6.4",41,884,18564,25,249,"5.0","a",0,1,"2026-09-27T16:30:09.400433Z","false"
"2026-09-20T06:12:00Z",589,"Gourna-Douath","HUL","-59.3","-64.2","-71.1","-78.0",-3,-1,"0.0",50,11,24,4,138,"0.8","a",0,0,,"false"
"2026-09-20T06:12:00Z",617,"Cho","HUL","0.1","0.1","0.2","0.2",1,1,"0.0",50,93,31,9,72,"2.2","a",0,0,,"false"
"2026-09-20T06:12:00Z",632,"Ansah","HUL","-37.1","-39.7","-43.4","-47.1",-2,-2,"0.0",50,21,108,0,0,"0.0","i",0,0,,"false"
"2026-09-20T06:12:00Z",637,"Vaz","HUL","1.0","1.0","1.0","1.0",1,0,"0.1",50,527,223,2,20,"0.7","a",0,0,,"false"
"2026-09-20T06:12:00Z",638,"Norton-Cuffy","HUL","-2.5","-3.1","-4.0","-4.9",-1,-2,"0.3",40,230,404,1,34,"0.3","a",0,0,,"false"
"2026-09-20T06:12:00Z",642,"Thomas","HUL","0.2","0.2","0.1","0.1",1,-2,"0.0",55,116,77,4,119,"1.3","a",0,0,,"false"
"2026-09-20T06:12:00Z",645,"Mouzakitis","HUL","0.0","0.0","0.0","0.0",0,0,"0.0",50,18,17,0,0,"0.0","a",0,0,,"false"
"2026-09-20T06:12:00Z",259,"Diop","IPS","-44.0","-44.1","-44.2","-44.3",-3,-13,"13.1",40,1910,14741,12,450,"2.4","a",0,0,,"false"
"2026-09-20T06:12:00Z",267,"Lukić","IPS","-0.2","0.0","0.0","0.0",0,1,"0.1",49,34,146,11,400,"2.2","a",-1,-1,,"false"
"2026-09-20T06:12:00Z",300,"Walton","IPS","-11.0","-11.5","-12.3","-13.0",-1,-2,"0.4",44,286,167,2,90,"0.4","a",0,-1,,"false"
"2026-09-20T06:12:00Z",301,"Palmer","IPS","-20.9","-21.1","-21.4","-21.6",-2,-7,"4.0",40,1230,2994,0,0,"0.0","a",0,0,,"false"
"2026-09-20T06:12:00Z",302,"Button","IPS","1.1","1.1","1.1","1.1",1,0,"0.6",40,588,305,0,0,"0.0","a",0,0,,"false"
"2026-09-20T06:12:00Z",303,"Kipré","IPS","3.2","3.2","3.2","3.1",1,-4,"0.9",39,1470,910,0,0,"0.0","a",0,-1,,"false"
"2026-09-20T06:12:00Z",304,"O'Shea","IPS","-31.3","-31.7","-32.2","-32.6",-2,-10,"2.8",40,500,3876,10,450,"2.0","a",0,0,,"false"
"2026-09-20T06:12:00Z",305,"Davis","IPS","63.5","63.9","64.4","64.9",3,37,"6.8",40,16738,5501,25,450,"5.0","a",0,0,,"false"
"2026-09-20T06:12:00Z",306,"Greaves","IPS","-76.3","-76.9","-77.6","-78.4",-3,-6,"1.1",40,125,889,3,357,"0.6","a",0,0,,"false"
"2026-09-20T06:12:00Z",307,"Johnson","IPS","0.0","0.0","0.0","0.0",0,0,"0.1",40,0,94,0,0,"0.0","u",0,0,,"false"
"2026-09-20T06:12:00Z",308,"Furlong","IPS","1.3","1.3","1.4","1.4",1,3,"0.6",39,2189,608,1,17,"0.2","a",0,-1,,"false"
"2026-09-20T06:12:00Z",309,"Núñez","IPS","-14.5","-15.6","-17.2","-18.7",-1,-1,"0.1",49,26,153,6,140,"1.2","a",0,-1,,"false"
"2026-09-20T06:12:00Z",310,"Matusiwa","IPS","0.0","0.0","0.0","0.0",0,0,"0.0",49,5,4,0,0,"0.0","a",0,-1,,"false"
"2026-09-20T06:12:00Z",311,"Burns","IPS","0.0","0.0","0.0","0.0",0,0,"0.0",50,0,3,0,0,"0.0","u",0,0,,"false"
"2026-09-20T06:12:00Z",312,"Taylor","IPS","-0.1","-0.1","-0.1","-0.1",-1,0,"0.0",44,19,50,0,0,"0.0","i",-1,-1,,"false"
"2026-09-20T06:12:00Z",313,"Clarke","IPS","-65.1","-65.7","-66.6","-67.5",-3,-1,"0.2",54,30,299,11,170,"2.2","a",0,-1,,"false"
"2026-09-20T06:12:00Z",314,"Ogbene","IPS","0.0","0.0","0.0","0.0",0,0,"0.0",49,0,16,0,0,"0.0","u",0,-1,,"false"
"2026-09-20T06:12:00Z",315,"Fatawu","IPS","-7.7","-9.7","-12.4","-15.2",-1,-10,"0.2",54,37,607,8,352,"1.6","s",0,-1,,"false"
"2026-09-20T06:12:00Z",316,"Emersonn","IPS","77.1","77.2","77.3","77.5",3,12,"3.4",55,13383,5347,26,317,"5.2","a",0,0,,"false"
"2026-09-20T06:12:00Z",317,"Hirst","IPS","0.0","0.0","0.0","0.0",0,-1,"0.1",50,0,113,0,0,"0.0","u",0,0,,"false"
"2026-09-20T06:12:00Z",318,"Philogene","IPS","-1.7","-1.7","-1.7","-1.7",-1,0,"0.1",54,9,38,2,52,"0.4","a",0,-1,,"false"
"2026-09-20T06:12:00Z",319,"Szmodics","IPS","0.0","0.0","0.0","0.0",0,0,"0.0",50,0,2,0,0,"0.0","u",0,0,,"false"
"2026-09-20T06:12:00Z",320,"Akpom","IPS","24.1","23.9","23.6","23.4",2,-20,"1.2",50,1881,2393,7,78,"1.4","a",0,0,,"false"
"2026-09-20T06:12:00Z",321,"Walle Egeli","IPS","38.9","38.8","38.5","38.3",2,-18,"3.6",45,5230,6742,1,10,"0.2","a",0,0,,"false"
"2026-09-20T06:12:00Z",322,"Al-Hamadi","IPS","0.0","0.0","0.0","0.0",0,-4,"0.1",50,0,91,0,0,"0.0","u",0,0,,"false"
"2026-09-20T06:12:00Z",323,"McAteer","IPS","-89.4","-91.2","-93.7","-96.2",-3,-19,"1.1",45,132,1801,3,42,"0.6","a",0,0,,"false"
"2026-09-20T06:12:00Z",324,"Mehmeti","IPS","-0.1","-0.1","-0.1","-0.1",-1,0,"0.0",48,9,38,0,0,"0.0","a",-1,-2,,"false"
"2026-09-20T06:12:00Z",554,"Van Oevelen","IPS","0.0","0.0","0.0","0.0",0,-1,"0.0",45,0,26,0,0,"0.0","u",0,0,,"false"
"2026-09-20T06:12:00Z",562,"Maeda","IPS","-0.5","-1.2","-2.3","-3.3",-1,-3,"0.2",53,34,531,8,259,"1.6","a",-1,-2,,"false"
"2026-09-20T06:12:00Z",564,"Scherpen","IPS","-24.2","-24.5","-24.9","-25.3",-2,-2,"0.6",45,174,1047,7,360,"1.4","a",0,0,,"false"
"2026-09-20T06:12:00Z",571,"Florentino","IPS","-94.5","-94.5","-94.5","-94.5",-3,0,"0.1",49,16,71,2,30,"0.4","a",0,-1,,"false"
"2026-09-20T06:12:00Z",591,"Enciso","IPS","8.9","8.8","8.6","8.4",1,-13,"0.8",55,578,2041,15,413,"3.0","a",0,0,,"false"
"2026-09-20T06:12:00Z",592,"Ouattara","IPS","-24.7","-25.2","-25.8","-26.5",-2,-4,"0.9",40,191,486,6,131,"1.2","a",0,0,,"false"
"2026-09-20T06:12:00Z",602,"Humphreys","IPS","0.0","0.0","0.0","0.0",0,0,"0.0",45,0,60,0,0,"0.0","u",0,0,,"false"
"2026-09-20T06:12:00Z",619,"Palacios","IPS","1.1","1.1","1.0","1.0",1,-4,"0.1",50,203,188,11,275,"2.8","a",0,0,,"false"
"2026-09-20T06:12:00Z",640,"Flemming","IPS","0.5","0.5","0.4","0.3",1,-5,"0.1",55,272,222,6,60,"2.0","a",0,0,,"false"
"2026-09-20T06:12:00Z",260,"Wilson","LEE","-23.4","-25.4","-28.4","-31.4",-2,-111,"1.9",62,17,14427,5,145,"1.0","i",0,-3,,"false"
"2026-09-20T06:12:00Z",326,"Perri","LEE","0.0","0.0","0.0","0.0",0,-2,"0.3",45,0,309,0,0,"0.0","u",0,0,,"false"
"2026-09-20T06:12:00Z",327,"Bijol","LEE","6.3","6.2","6.2","6.1",1,-7,"0.7",50,241,1089,12,164,"2.4","a",0,0,,"false"
"2026-09-20T06:12:00Z",329,"Rodon","LEE","-1.5","-1.9","-2.6","-3.2",-1,-17,"0.8",43,5,3529,7,123,"1.4","i",-1,-2,,"false"
"2026-09-20T06:12:00Z",330,"Bogle","LEE","28.7","30.0","31.9","33.7",2,134,"6.2",46,33997,4802,37,299,"7.4","a",0,1,,"false"
"2026-09-20T06:12:00Z",331,"Gudmundsson","LEE","0.8","0.8","0.8","0.8",1,1,"0.1",45,100,66,8,162,"1.6","a",0,0,,"false"
"2026-09-20T06:12:00Z",332,"Justin","LEE","16.6","16.6","16.4","16.3",1,-10,"1.5",45,547,1886,18,360,"3.6","a",0,0,,"false"
"2026-09-20T06:12:00Z",333,"Bornauw","LEE","0.0","0.0","0.0","0.0",0,0,"0.0",45,0,1,0,0,"0.0","u",0,0,,"false"
"2026-09-20T06:12:00Z",334,"Muharemović","LEE","34.9","34.9","35.1","35.2",2,9,"4.3",50,5643,5187,21,360,"4.2","a",0,0,,"false"
"2026-09-20T06:12:00Z",335,"Stach","LEE","18.8","18.2","17.3","16.5",1,-61,"2.6",60,1181,6300,22,357,"4.4","a",0,0,,"false"
"2026-09-20T06:12:00Z",336,"Okafor","LEE","1.9","1.9","1.8","1.8",1,-3,"0.4",58,591,879,15,224,"3.0","a",0,-2,,"false"
"2026-09-20T06:12:00Z",337,"Aaronson","LEE","-99.4","-101.3","-104.0","-106.8",-5,-10,"0.5",54,49,946,6,172,"1.2","a",0,-1,,"false"
"2026-09-20T06:12:00Z",338,"Ampadu","LEE","-18.4","-19.9","-21.9","-24.0",-1,-14,"0.9",54,252,1530,16,360,"3.2","a",0,-1,,"false"
"2026-09-20T06:12:00Z",339,"Longstaff","LEE","-65.6","-65.6","-65.6","-65.6",-3,0,"0.1",49,36,144,2,10,"0.4","a",0,-1,,"false"
"2026-09-20T06:12:00Z",341,"Gnonto","LEE","0.0","0.0","0.0","0.0",0,0,"0.0",50,0,17,0,0,"0.0","u",0,0,,"false"
"2026-09-20T06:12:00Z",342,"Harrison","LEE","0.0","0.0","0.0","0.0",0,0,"0.0",50,0,2,0,0,"0.0","u",0,0,,"false"
"2026-09-20T06:12:00Z",343,"James","LEE","-11.5","-11.5","-11.5","-11.5",-1,0,"0.1",49,53,139,2,29,"0.4","a",0,-1,,"false"
"2026-09-20T06:12:00Z",344,"Gruev","LEE","0.0","0.0","0.0","0.0",0,0,"0.0",50,13,2,0,0,"0.0","a",0,0,,"false"
"2026-09-20T06:12:00Z",345,"Tanaka","LEE","4.5","4.5","4.4","4.4",1,-4,"0.3",49,594,484,12,188,"2.4","a",0,-1,,"false"
"2026-09-20T06:12:00Z",346,"Calvert-Lewin","LEE","76.6","77.5","78.8","80.0",3,92,"25.7",60,35554,33387,20,329,"4.0","a",0,0,,"false"
"2026-09-20T06:12:00Z",347,"Nmecha","LEE","-8.4","-8.1","-7.6","-7.2",-1,2,"0.5",54,537,764,6,50,"1.2","a",0,-1,,"false"
"2026-09-20T06:12:00Z",348,"Piroe","LEE","0.0","0.0","0.0","0.0",0,0,"0.1",50,0,105,0,0,"0.0","u",0,0,,"false"
"2026-09-20T06:12:00Z",349,"Mateo Joseph","LEE","-32.7","-33.5","-34.7","-35.8",-2,-1,"0.1",45,113,120,0,0,"0.0","i",0,0,,"false"
"2026-09-20T06:12:00Z",385,"Trafford","LEE","28.3","28.2","28.2","28.2",2,-2,"5.4",50,1830,4191,18,360,"3.6","a",0,0,,"false"
"2026-09-20T06:12:00Z",598,"Elvedi","LEE","0.6","0.6","0.6","0.6",1,0,"0.1",45,37,62,7,236,"1.4","a",0,0,,"false"
"2026-09-20T06:12:00Z",603,"Lienou","LEE","0.2","0.2","0.2","0.3",1,1,"0.1",40,81,118,0,0,"0.0","a",0,0,,"false"
"2026-09-20T06:12:00Z",604,"Cresswell","LEE","0.1","0.1","0.0","-0.5",1,-3,"0.1",45,90,211,0,0,"0.0","a",0,0,,"false"
"2026-09-20T06:12:00Z",625,"Cairns","LEE","0.4","0.4","0.4","0.4",1,0,"0.2",40,307,159,0,0,"0.0","a",0,0,,"false"
"2026-09-20T06:12:00Z",629,"Zetterer","LEE","2.4","2.4","2.4","2.4",1,0,"0.7",40,1015,580,0,0,"0.0","a",0,0,,"false"
"2026-09-20T06:12:00Z",641,"Bard","LEE","0.0","0.0","0.0","0.0",0,0,"0.0",45,29,18,1,18,"0.3","a",0,0,,"false"
"2026-09-20T06:12:00Z",648,"Bahoya","LEE","-32.7","-32.7","-32.7","-32.7",-2,0,"0.0",50,30,62,0,0,"0.0","a",0,0,,"false"
"2026-09-20T06:12:00Z",350,"A.Becker","LIV","0.8","0.8","0.9","1.0",1,4,"3.9",55,1405,2685,19,360,"3.8","a",0,0,,"false"
"2026-09-20T06:12:00Z",351,"Mamardashvili","LIV","-79.1","-79.1","-79.1","-79.1",-3,0,"0.1",49,65,134,0,0,"0.0","a",0,-1,,"false"
"2026-09-20T06:12:00Z",352,"Woodman","LIV","-24.0","-24.3","-24.7","-25.1",-2,-3,"1.0",40,244,546,0,0,"0.0","a",0,0,,"false"
"2026-09-20T06:12:00Z",353,"Pecsi","LIV","0.0","0.0","0.0","0.0",0,0,"0.0",40,0,12,0,0,"0.0","u",0,0,,"false"
"2026-09-20T06:12:00Z",354,"Jaros","LIV","0.0","0.0","0.0","0.0",0,0,"0.0",40,96,57,0,0,"0.0","i",0,0,,"false"
"2026-09-20T06:12:00Z",355,"Davies","LIV","0.1","0.1","0.1","0.1",1,0,"0.2",40,83,93,0,0,"0.0","a",0,0,,"false"
"2026-09-20T06:12:00Z",356,"Virgil","LIV","-53.2","-53.5","-53.8","-54.1",-3,-36,"16.3",65,3157,12111,17,360,"3.4","a",0,0,,"false"
"2026-09-20T06:12:00Z",357,"Frimpong","LIV","-11.6","-12.0","-12.7","-13.3",-1,-8,"1.8",53,408,2400,2,178,"0.4","a",0,-2,,"false"
"2026-09-20T06:12:00Z",358,"Kerkez","LIV","-85.5","-86.4","-87.7","-89.0",-3,-21,"2.3",54,496,2959,7,295,"1.4","a",0,-1,,"false"
"2026-09-20T06:12:00Z",359,"Gomez","LIV","0.0","0.0","0.0","0.0",0,0,"0.0",49,86,23,0,0,"0.0","a",0,-1,"2026-09-22T14:30:07.295674Z","false"
"2026-09-20T06:12:00Z",360,"Bradley","LIV","-76.4","-76.4","-76.4","-76.4",-3,0,"0.0",50,14,16,0,0,"0.0","i",0,0,,"false"
"2026-09-20T06:12:00Z",361,"Lucky","LIV","-39.7","-39.7","-39.7","-39.7",-2,0,"0.1",40,86,102,0,0,"0.0","a",0,0,,"false"
"2026-09-20T06:12:00Z",362,"Jacquet","LIV","44.0","44.0","43.9","43.9",3,-2,"3.3",50,4267,3291,18,325,"3.6","a",0,0,,"false"
"2026-09-20T06:12:00Z",363,"Leoni","LIV","-49.5","-49.5","-49.5","-49.5",-3,0,"0.0",40,27,45,0,0,"0.0","i",0,0,,"false"
"2026-09-20T06:12:00Z",364,"Tsimikas","LIV","-32.6","-34.2","-36.6","-38.9",-2,-1,"0.1",49,25,70,2,64,"0.4","a",0,-1,,"false"
"2026-09-20T06:12:00Z",365,"Ramsay","LIV","0.0","0.0","0.0","0.0",0,0,"0.1",40,0,124,0,0,"0.0","u",0,0,,"false"
"2026-09-20T06:12:00Z",366,"Wirtz","LIV","-17.4","-18.4","-19.8","-21.2",-1,-60,"6.0",73,549,13245,12,332,"2.4","a",0,-2,,"false"
"2026-09-20T06:12:00Z",367,"Gakpo","LIV","13.2","12.6","11.9","11.1",1,-56,"12.7",72,12264,19572,29,280,"5.8","a",0,2,,"false"
"2026-09-20T06:12:00Z",368,"Szoboszlai","LIV","-72.8","-73.5","-74.4","-75.4",-3,-229,"34.2",70,9678,55379,18,360,"3.6","a",0,0,,"false"
"2026-09-20T06:12:00Z",369,"Ngumoha","LIV","-3.7","-4.2","-4.9","-5.5",-1,-4,"0.5",57,205,889,4,99,"0.8","a",-1,-3,,"false"
"2026-09-20T06:12:00Z",370,"Chiesa","LIV","-1.0","-1.0","-1.0","-1.0",-1,0,"0.0",53,5,61,0,0,"0.0","i",-1,-2,,"false"
"2026-09-20T06:12:00Z",371,"Gravenberch","LIV","-3.3","-4.0","-5.0","-6.1",-1,-14,"1.1",58,359,1872,8,181,"1.6","a",-1,-2,,"false"
"2026-09-20T06:12:00Z",372,"Mac Allister","LIV","-32.0","-32.6","-33.3","-34.1",-2,-7,"1.3",54,938,1764,6,216,"1.2","a",0,-1,,"false"
"2026-09-20T06:12:00Z",373,"C.Jones","LIV","0.0","0.0","0.0","0.0",0,0,"0.0",55,0,14,0,0,"0.0","u",0,0,,"false"
"2026-09-20T06:12:00Z",374,"Endo","LIV","-38.8","-38.8","-38.8","-38.8",-2,0,"0.1",49,47,89,0,0,"0.0","a",0,-1,,"false"
"2026-09-20T06:12:00Z",375,"Nyoni","LIV","-57.6","-57.6","-57.6","-57.6",-3,0,"0.0",49,14,60,2,19,"0.4","a",0,-1,,"false"
"2026-09-20T06:12:00Z",376,"Bajcetic","LIV","0.0","0.0","0.0","0.0",0,0,"0.0",50,0,1,0,0,"0.0","u",0,0,,"false"
"2026-09-20T06:12:00Z",377,"Munoz","LIV","9.6","9.5","9.2","9.0",1,-16,"1.0",65,441,2609,14,239,"2.8","a",0,0,,"false"
"2026-09-20T06:12:00Z",378,"McConnell","LIV","0.1","0.1","0.0","-1.8",1,-4,"0.2",44,311,342,0,0,"0.0","a",0,-1,,"false"
"2026-09-20T06:12:00Z",379,"Isak","LIV","-8.7","-9.1","-9.6","-10.1",-1,-38,"21.9",91,15533,21549,25,333,"5.0","a",0,1,,"false"
"2026-09-20T06:12:00Z",380,"Ekitiké","LIV","-18.9","-19.6","-20.6","-21.5",-1,-2,"0.1",74,102,205,0,0,"0.0","i",0,-1,,"false"
"2026-09-20T06:12:00Z",381,"Koumas","LIV","-84.9","-104.7","-132.9","-161.1",-5,-5,"0.0",50,32,37,2,13,"0.4","a",0,0,,"false"
"2026-09-20T06:12:00Z",382,"Danns","LIV","3.2","3.1","3.1","3.1",1,-1,"0.2",45,1214,523,0,0,"0.0","a",0,0,,"false"
"2026-09-20T06:12:00Z",383,"Elliott","LIV","0.0","0.0","0.0","0.0",0,-1,"0.0",54,0,60,0,0,"0.0","u",0,-1,,"false"
"2026-09-20T06:12:00Z",579,"Araujo","LIV","28.4","28.5","28.6","28.8",2,10,"2.9",54,3165,2441,15,194,"3.0","a",0,-1,,"false"
"2026-09-20T06:12:00Z",627,"Barcola","LIV","-43.1","-43.7","-44.6","-45.5",-3,-12,"1.9",80,2383,3712,4,97,"1.3","a",0,0,,"false"
"2026-09-20T06:12:00Z",155,"Enzo","MCI","-19.8","-19.9","-20.1","-20.2",-1,-3,"3.5",69,3650,3817,6,181,"1.2","a",0,-1,,"false"
"2026-09-20T06:12:00Z",237,"Ndiaye","MCI","-6.1","-7.3","-8.9","-10.5",-1,-138,"7.1",58,1774,26371,17,311,"3.4","a",-1,-2,,"false"
"2026-09-20T06:12:00Z",384,"Donnarumma","MCI","-37.7","-37.8","-37.9","-38.0",-2,-7,"7.8",55,3876,5311,17,360,"3.4","a",0,0,,"false"
"2026-09-20T06:12:00Z",386,"Bettinelli","MCI","-74.3","-74.3","-74.3","-74.3",-3,0,"0.0",45,17,17,0,0,"0.0","a",0,0,,"false"
"2026-09-20T06:12:00Z",387,"O'Reilly","MCI","-84.8","-85.5","-86.6","-87.6",-3,-85,"11.5",64,1481,12657,5,158,"1.0","a",0,-1,,"false"
"2026-09-20T06:12:00Z",388,"Guéhi","MCI","66.9","66.7","66.3","65.9",3,-29,"18.5",60,6310,9203,26,360,"5.2","a",0,0,,"false"
"2026-09-20T06:12:00Z",389,"Matheus N.","MCI","-25.2","-25.2","-25.2","-25.2",-2,0,"1.0",59,479,481,10,123,"2.0","a",0,-1,,"false"
"2026-09-20T06:12:00Z",390,"Rúben","MCI","5.0","5.0","5.0","5.0",1,-2,"1.9",55,1335,1404,16,360,"3.2","a",0,0,,"false"
"2026-09-20T06:12:00Z",391,"Gvardiol","MCI","58.1","59.3","61.0","62.8",3,126,"26.1",57,42967,7002,33,344,"6.6","a",0,2,,"false"
"2026-09-20T06:12:00Z",392,"Aït-Nouri","MCI","-71.5","-73.0","-75.2","-77.4",-3,-6,"0.4",53,156,431,0,0,"0.0","a",0,-2,,"false"
"2026-09-20T06:12:00Z",393,"Khusanov","MCI","-7.7","-8.0","-8.5","-9.0",-1,-5,"1.4",54,454,1339,9,268,"1.8","a",0,-1,,"false"
"2026-09-20T06:12:00Z",394,"Alleyne","MCI","0.0","0.0","0.0","0.0",0,0,"0.0",50,0,5,0,0,"0.0","u",0,0,,"false"
"2026-09-20T06:12:00Z",395,"Lewis","MCI","-40.5","-40.5","-40.5","-40.5",-3,0,"0.2",44,92,231,1,56,"0.2","a",0,-1,,"false"
"2026-09-20T06:12:00Z",396,"Vitor Reis","MCI","-69.4","-69.4","-69.4","-69.4",-3,0,"0.0",45,20,29,1,1,"0.2","a",0,0,,"false"
"2026-09-20T06:12:00Z",397,"Semenyo","MCI","-57.2","-57.8","-58.6","-59.5",-3,-86,"14.6",84,2576,19838,16,360,"3.2","a",0,-1,,"false"
"2026-09-20T06:12:00Z",398,"Foden","MCI","-25.3","-26.5","-28.2","-29.9",-2,-66,"2.0",69,53,10513,9,217,"1.8","s",0,-1,,"false"
"2026-09-20T06:12:00Z",399,"Cherki","MCI","-76.9","-78.3","-80.3","-82.2",-3,-145,"27.8",78,9858,35070,26,218,"5.2","a",0,3,,"false"
"2026-09-20T06:12:00Z",400,"Doku","MCI","-0.1","-0.1","-0.1","-0.1",-1,0,"0.7",74,114,510,0,0,"0.0","d",0,-1,"2026-09-26T13:30:09.795433Z","false"
"2026-09-20T06:12:00Z",402,"Rodrigo","MCI","0.0","0.0","0.0","0.0",0,0,"0.0",65,0,1,0,0,"0.0","u",0,0,,"false"
"2026-09-20T06:12:00Z",404,"Reijnders","MCI","0.0","0.0","0.0","0.0",0,-1,"0.0",60,0,23,0,0,"0.0","u",0,0,,"false"
"2026-09-20T06:12:00Z",406,"Kovačić","MCI","-69.6","-69.6","-69.6","-69.6",-3,0,"0.1",54,28,105,2,42,"0.4","a",0,-1,,"false"
"2026-09-20T06:12:00Z",407,"Echeverri","MCI","0.0","0.0","0.0","0.0",0,0,"0.0",49,0,13,0,0,"0.0","u",0,-1,,"false"
"2026-09-20T06:12:00Z",408,"Phillips","MCI","0.0","0.0","0.0","0.0",0,0,"0.0",50,0,4,0,0,"0.0","u",0,0,,"false"
"2026-09-20T06:12:00Z",409,"Mukasa","MCI","0.0","0.0","0.0","0.0",0,-3,"0.1",45,0,161,0,0,"0.0","u",0,0,,"false"
"2026-09-20T06:12:00Z",410,"Monga","MCI","0.0","0.0","0.0","0.0",0,0,"0.0",49,0,20,0,0,"0.0","u",0,-1,,"false"
"2026-09-20T06:12:00Z",411,"Haaland","MCI","9.0","10.0","11.3","12.7",1,101,"73.4",156,18077,3062,33,360,"6.6","a",0,1,,"false"
"2026-09-20T06:12:00Z",481,"Anderson","MCI","-20.3","-21.0","-21.9","-22.9",-2,-28,"4.1",63,2377,5778,13,323,"2.6","a",0,-2,,"false"
"2026-09-20T06:12:00Z",587,"Rulli","MCI","-76.8","-76.8","-76.8","-76.8",-3,0,"0.0",50,20,19,0,0,"0.0","a",0,0,,"false"
"2026-09-20T06:12:00Z",616,"Bouaddi","MCI","0.1","0.1","0.0","-0.5",1,-4,"0.2",55,310,388,2,22,"0.5","a",0,0,,"false"
"2026-09-20T06:12:00Z",621,"McAidoo","MCI","-45.6","-48.8","-53.4","-58.0",-3,-4,"0.1",45,66,256,2,11,"0.5","a",0,0,,"false"
"2026-09-20T06:12:00Z",622,"Braithwaite","MCI","-6.9","-6.9","-6.9","-6.9",-1,0,"0.2",40,180,309,1,1,"0.2","a",0,0,,"false"
"2026-09-20T06:12:00Z",628,"Allan","MCI","0.1","0.1","0.1","0.1",1,0,"0.0",60,66,33,0,0,"0.0","a",0,0,,"false"
"2026-09-20T06:12:00Z",653,"Samba","MCI","0.0","-2.7","-7.1","-11.6",-1,-1,"0.0",45,93,85,0,0,"0.0","a",0,0,,"false"
"2026-09-20T06:12:00Z",43,"Tielemans","MUN","-15.2","-16.7","-18.8","-20.9",-1,-22,"1.5",58,717,2683,10,312,"2.0","a",0,-2,,"false"
"2026-09-20T06:12:00Z",131,"Baleba","MUN","0.0","0.0","0.0","0.0",0,0,"0.1",49,172,237,0,0,"0.0","d",0,-1,"2026-09-26T13:30:09.440487Z","false"
"2026-09-20T06:12:00Z",162,"Andrey Santos","MUN","-21.3","-22.0","-23.0","-23.9",-2,-4,"0.6",48,276,1303,4,82,"0.8","a",0,-2,,"false"
"2026-09-20T06:12:00Z",325,"Darlow","MUN","-19.5","-19.5","-19.5","-19.5",-1,0,"0.0",45,27,30,0,0,"0.0","a",0,0,,"false"
"2026-09-20T06:12:00Z",412,"Lammens","MUN","-9.9","-10.4","-11.2","-11.9",-1,-55,"10.2",49,1266,14553,7,360,"1.4","a",0,-1,,"false"
"2026-09-20T06:12:00Z",413,"Bayindir","MUN","0.0","0.0","0.0","0.0",0,0,"0.0",45,0,5,0,0,"0.0","u",0,0,,"false"
"2026-09-20T06:12:00Z",414,"Heaton","MUN","-30.6","-30.6","-30.6","-30.6",-2,0,"0.1",40,78,64,0,0,"0.0","i",0,0,,"false"
"2026-09-20T06:12:00Z",415,"Dorgu","MUN","-77.1","-78.6","-80.7","-82.9",-3,-8,"0.5",58,211,1086,6,165,"1.2","a",0,-2,,"false"
"2026-09-20T06:12:00Z",416,"De Ligt","MUN","-85.8","-87.7","-90.3","-93.0",-3,-1,"0.0",50,13,21,0,0,"0.0","i",0,0,,"false"
"2026-09-20T06:12:00Z",417,"Dalot","MUN","-58.7","-59.5","-60.6","-61.8",-3,-13,"1.7",49,279,1815,6,256,"1.2","a",0,-1,,"false"
"2026-09-20T06:12:00Z",418,"Maguire","MUN","-85.2","-85.8","-86.7","-87.6",-3,-56,"9.1",49,979,22814,8,360,"1.6","a",0,-1,,"false"
"2026-09-20T06:12:00Z",419,"Martinez","MUN","-78.9","-79.0","-79.1","-79.2",-3,-1,"1.3",50,916,968,6,270,"1.2","a",0,0,,"false"
"2026-09-20T06:12:00Z",420,"Yoro","MUN","-1.5","-2.0","-2.7","-3.5",-1,-4,"0.5",48,123,435,2,22,"0.4","a",-1,-2,,"false"
"2026-09-20T06:12:00Z",421,"Heaven","MUN","-74.4","-74.4","-74.4","-74.4",-3,0,"0.3",44,69,347,1,90,"0.2","a",0,-1,,"false"
"2026-09-20T06:12:00Z",422,"Mazraoui","MUN","-50.1","-50.5","-51.1","-51.6",-3,-2,"0.5",44,199,628,3,97,"0.6","a",0,-1,,"false"
"2026-09-20T06:12:00Z",423,"Shaw","MUN","-3.7","-4.5","-5.7","-6.9",-1,-215,"8.1",43,231,36378,7,252,"1.4","d",-1,-2,,"false"
"2026-09-20T06:12:00Z",424,"Amass","MUN","-35.2","-35.2","-35.2","-35.2",-2,0,"0.2",40,114,166,0,0,"0.0","a",0,0,,"false"
"2026-09-20T06:12:00Z",425,"Fredricson","MUN","0.0","0.0","0.0","0.0",0,0,"0.0",40,0,12,0,0,"0.0","u",0,0,,"false"
"2026-09-20T06:12:00Z",426,"B.Fernandes","MUN","-93.1","-93.2","-93.3","-93.5",-3,-33,"39.7",120,8900,39696,29,360,"5.8","a",0,0,,"false"
"2026-09-20T06:12:00Z",427,"Mbeumo","MUN","-56.6","-57.0","-57.6","-58.1",-3,-82,"21.3",79,9282,29754,23,360,"4.6","a",0,-1,,"false"
"2026-09-20T06:12:00Z",428,"Cunha","MUN","-93.5","-94.3","-95.4","-96.6",-3,-45,"5.7",79,1217,6788,16,317,"3.2","a",0,-1,,"false"
"2026-09-20T06:12:00Z",429,"Rashford","MUN","-87.8","-88.3","-89.1","-89.9",-3,-9,"1.6",70,1489,2215,8,275,"1.6","a",0,0,,"false"
"2026-09-20T06:12:00Z",430,"Mount","MUN","0.1","0.1","0.1","0.1",1,0,"0.0",54,41,29,0,0,"0.0","a",0,-1,,"false"
"2026-09-20T06:12:00Z",431,"Amad","MUN","-7.5","-7.8","-8.3","-8.8",-1,-3,"0.3",57,23,508,0,0,"0.0","i",0,-3,,"false"
"2026-09-20T06:12:00Z",432,"Mainoo","MUN","16.7","16.7","16.6","16.5",1,-5,"1.6",55,2332,2001,18,275,"3.6","a",0,0,,"false"
"2026-09-20T06:12:00Z",433,"Ugarte","MUN","-61.0","-61.0","-61.0","-61.0",-3,0,"0.0",50,8,3,0,0,"0.0","i",0,0,,"false"
"2026-09-20T06:12:00Z",434,"J.Fletcher","MUN","-38.3","-38.3","-38.3","-38.3",-2,0,"0.0",49,6,14,0,0,"0.0","a",0,-1,,"false"
"2026-09-20T06:12:00Z",435,"Lacey","MUN","-4.0","-4.0","-4.0","-4.0",-1,0,"0.1",49,114,67,1,10,"0.2","a",0,-1,,"false"
"2026-09-20T06:12:00Z",436,"Collyer","MUN","0.0","0.0","0.0","0.0",0,0,"0.0",50,0,15,0,0,"0.0","u",0,0,,"false"
"2026-09-20T06:12:00Z",437,"Bendito Mantato","MUN","-89.0","-90.4","-92.4","-94.4",-3,-2,"0.2",45,53,200,0,0,"0.0","a",0,0,,"false"
"2026-09-20T06:12:00Z",438,"Fletcher","MUN","0.2","0.3","0.3","0.4",1,4,"0.3",44,612,477,0,0,"0.0","a",0,-1,,"false"
"2026-09-20T06:12:00Z",439,"Šeško","MUN","-8.9","-8.5","-8.0","-7.4",-1,7,"1.8",70,3831,2753,8,76,"1.6","a",0,0,,"false"
"2026-09-20T06:12:00Z",440,"Zirkzee","MUN","-1.3","-2.0","-2.9","-3.9",-1,-5,"0.4",53,445,721,1,7,"0.2","a",-1,-2,,"false"
"2026-09-20T06:12:00Z",441,"Obi","MUN","0.0","0.0","0.0","0.0",0,-21,"1.0",45,0,3439,0,0,"0.0","u",0,0,,"false"
"2026-09-20T06:12:00Z",405,"N.Gonzalez","NEW","0.8","0.8","0.8","0.8",1,0,"0.2",55,54,975,5,164,"1.0","a",0,0,"2026-09-27T16:30:09.285267Z","false"
"2026-09-20T06:12:00Z",442,"Pope","NEW","-31.8","-32.9","-34.3","-35.8",-2,-10,"1.0",49,229,713,0,0,"0.0","a",0,-1,,"false"
"2026-09-20T06:12:00Z",443,"Gillespie","NEW","-30.8","-30.8","-30.8","-30.8",-2,0,"0.0",45,12,16,0,0,"0.0","a",0,0,,"false"
"2026-09-20T06:12:00Z",444,"Jaouen","NEW","-1.4","-1.4","-1.4","-1.4",-1,0,"0.0",44,4,32,0,0,"0.0","d",-1,-1,,"false"
"2026-09-20T06:12:00Z",445,"Thiaw","NEW","16.4","16.4","16.4","16.4",1,2,"2.2",50,2036,2551,14,450,"2.8","a",0,0,,"false"
"2026-09-20T06:12:00Z",446,"Schär","NEW","-7.2","-8.0","-9.2","-10.3",-1,-2,"0.2",49,126,264,2,25,"0.4","a",0,-1,,"false"
"2026-09-20T06:12:00Z",447,"Botman","NEW","8.2","8.2","8.2","8.2",1,2,"0.7",50,941,747,15,450,"3.0","a",0,0,,"false"
"2026-09-20T06:12:00Z",448,"Burn","NEW","-97.8","-98.3","-99.0","-99.7",-4,-11,"0.8",49,22,1599,0,0,"0.0","i",0,-1,,"false"
"2026-09-20T06:12:00Z",449,"Hall","NEW","65.6","69.5","75.1","80.6",3,407,"15.4",52,49035,4773,31,449,"6.2","a",0,2,,"false"
"2026-09-20T06:12:00Z",450,"Livramento","NEW","1.9","1.8","1.7","1.6",1,-7,"0.1",49,322,445,4,33,"0.8","d",0,-1,,"false"
"2026-09-20T06:12:00Z",451,"A.Murphy","NEW","0.0","0.0","0.0","0.0",0,-3,"0.1",40,0,69,0,0,"0.0","u",0,0,,"false"
"2026-09-20T06:12:00Z",453,"Barnes","NEW","4.0","4.8","5.9","7.0",1,221,"4.8",61,54002,2816,28,450,"5.6","a",1,1,,"false"
"2026-09-20T06:12:00Z",454,"Elanga","NEW","-12.2","-14.4","-17.6","-20.7",-1,-565,"5.4",61,87,74856,18,232,"3.6","i",-1,1,,"false"
"2026-09-20T06:12:00Z",456,"J.Ramsey","NEW","-54.6","-57.7","-62.0","-66.4",-3,-23,"0.3",49,11,1663,7,69,"1.4","i",0,-1,,"false"
"2026-09-20T06:12:00Z",457,"J.Murphy","NEW","-25.2","-25.2","-25.2","-25.2",-2,0,"0.1",59,227,191,3,181,"0.6","a",0,-1,,"false"
"2026-09-20T06:12:00Z",458,"Joelinton","NEW","-51.3","-51.3","-51.3","-51.3",-3,0,"0.0",54,3,24,0,0,"0.0","i",0,-1,,"false"
"2026-09-20T06:12:00Z",459,"L.Miley","NEW","0.6","0.6","0.6","0.6",1,2,"0.1",55,119,122,12,396,"2.4","a",0,0,,"false"
"2026-09-20T06:12:00Z",460,"Willock","NEW","11.8","12.0","12.2","12.4",1,16,"0.5",50,2263,635,22,284,"4.4","a",0,0,,"false"
"2026-09-20T06:12:00Z",461,"Touré","NEW","0.1","0.1","0.1","0.1",1,0,"0.1",58,120,203,8,50,"1.6","a",0,-2,,"false"
"2026-09-20T06:12:00Z",462,"Steur","NEW","-47.0","-47.0","-47.0","-47.0",-3,0,"0.1",49,55,106,8,223,"1.6","a",0,-1,,"false"
"2026-09-20T06:12:00Z",463,"Woltemade","NEW","0.0","0.0","0.0","0.0",0,-9,"0.5",59,0,1008,4,19,"0.8","u",0,-1,,"false"
"2026-09-20T06:12:00Z",464,"Wissa","NEW","75.5","73.1","69.7","66.3",3,-249,"19.1",62,26298,36469,15,441,"3.0","a",0,2,,"false"
"2026-09-20T06:12:00Z",465,"Osula","NEW","-1.7","-1.9","-2.3","-2.7",-1,-4,"0.3",58,27,647,4,55,"0.8","i",-1,-2,,"false"
"2026-09-20T06:12:00Z",466,"Neave","NEW","0.0","0.0","0.0","0.0",0,-2,"0.5",45,0,967,0,0,"0.0","u",0,0,,"false"
"2026-09-20T06:12:00Z",559,"Bamba","NEW","-50.2","-50.2","-50.2","-50.2",-3,0,"0.1",49,32,110,3,27,"0.6","a",0,-1,,"false"
"2026-09-20T06:12:00Z",567,"Horníček","NEW","21.3","21.3","21.3","21.3",2,0,"1.5",50,1875,1159,14,450,"2.8","a",0,0,,"false"
"2026-09-20T06:12:00Z",593,"Dedić","NEW","3.6","2.8","1.6","0.5",1,-85,"2.0",45,75,15982,13,327,"2.6","i",0,0,,"false"
"2026-09-20T06:12:00Z",609,"Shahar","NEW","0.0","0.0","0.0","0.0",0,-4,"0.2",40,0,493,0,0,"0.0","u",0,0,,"false"
"2026-09-20T06:12:00Z",634,"Fernandez-Pardo","NEW","0.4","0.4","0.4","0.4",1,0,"0.1",60,475,349,4,157,"1.3","a",0,0,,"false"
"2026-09-20T06:12:00Z",659,"Miley","NEW","0.0","0.0","0.0","0.0",0,0,"0.0",45,432,136,0,0,"0.0","a",0,0,"2026-09-27T21:39:41.033165Z","false"
"2026-09-20T06:12:00Z",663,"Pivas","NEW","0.0","0.0","0.0","0.0",0,0,"0.0",40,14,0,0,0,"0.0","a",0,0,"2026-10-02T19:10:51.639791Z","false"
"2026-09-20T06:12:00Z",664,"Salia","NEW","0.0","0.0","0.0","0.0",0,0,"0.0",45,461,50,0,0,"0.0","a",0,0,"2026-10-02T19:11:17.402697Z","false"
"2026-09-20T06:12:00Z",665,"Mills","NEW","0.0","0.0","0.0","0.0",0,0,"0.0",45,11,0,0,0,"0.0","a",0,0,"2026-10-02T19:11:39.931907Z","false"
"2026-09-20T06:12:00Z",666,"Thompson","NEW","0.0","0.0","0.0","0.0",0,0,"0.0",45,11,1,0,0,"0.0","a",0,0,"2026-10-02T19:12:09.032926Z","false"
"2026-09-20T06:12:00Z",167,"Delap","NFO","-2.1","-4.5","-8.0","-11.5",-1,-70,"2.9",56,18547,5993,9,277,"1.8","a",1,1,,"false"
"2026-09-20T06:12:00Z",201,"Muñoz","NFO","-32.8","-33.5","-34.4","-35.3",-2,-38,"5.9",54,3309,7476,5,257,"1.0","a",0,-1,,"false"
"2026-09-20T06:12:00Z",467,"Sels","NFO","5.2","5.0","4.8","4.5",1,-19,"1.6",50,632,1403,14,450,"2.8","a",0,0,,"false"
"2026-09-20T06:12:00Z",468,"John","NFO","-62.8","-62.8","-62.8","-62.8",-3,0,"0.1",45,17,40,0,0,"0.0","a",0,0,,"false"
"2026-09-20T06:12:00Z",469,"N.Williams","NFO","27.8","27.3","26.7","26.0",2,-49,"9.1",50,4218,9686,19,450,"3.8","a",0,0,,"false"
"2026-09-20T06:12:00Z",470,"Morato","NFO","0.0","0.0","0.0","0.0",0,0,"0.0",50,0,28,0,0,"0.0","u",0,0,,"false"
"2026-09-20T06:12:00Z",471,"Milenković","NFO","-3.0","-3.7","-4.8","-5.8",-1,-38,"1.1",54,19,3837,12,270,"2.4","i",-1,-1,,"false"
"2026-09-20T06:12:00Z",472,"Murillo","NFO","22.0","21.9","21.9","21.9",2,-3,"2.1",55,2052,1614,23,449,"4.6","a",0,0,,"false"
"2026-09-20T06:12:00Z",473,"Aina","NFO","-84.8","-86.2","-88.2","-90.2",-3,-36,"2.5",45,438,5573,8,306,"1.6","a",0,0,,"false"
"2026-09-20T06:12:00Z",474,"Jair Cunha","NFO","-40.5","-40.5","-40.5","-40.5",-3,0,"0.2",45,60,253,11,360,"2.2","a",0,0,,"false"
"2026-09-20T06:12:00Z",475,"Savona","NFO","-19.6","-19.6","-19.6","-19.6",-1,0,"0.0",45,5,7,0,0,"0.0","i",0,0,,"false"
"2026-09-20T06:12:00Z",476,"O.Richards","NFO","-55.1","-55.1","-55.1","-55.1",-3,0,"0.2",40,75,180,0,0,"0.0","a",0,0,,"false"
"2026-09-20T06:12:00Z",477,"Abbott","NFO","0.0","0.0","0.0","0.0",0,-1,"0.1",40,0,207,0,0,"0.0","u",0,0,,"false"
"2026-09-20T06:12:00Z",478,"Netz","NFO","-2.0","-2.0","-2.0","-2.0",-1,0,"0.0",44,18,34,3,27,"0.6","a",0,-1,,"false"
"2026-09-20T06:12:00Z",479,"Bindon","NFO","0.0","0.0","0.0","0.0",0,-3,"0.1",40,0,126,0,0,"0.0","u",0,0,,"false"
"2026-09-20T06:12:00Z",480,"Gibbs-White","NFO","54.2","52.9","51.0","49.1",3,-138,"16.0",80,21825,16885,28,450,"5.6","a",0,0,,"false"
"2026-09-20T06:12:00Z",482,"Hudson-Odoi","NFO","-9.8","-10.5","-11.4","-12.3",-1,-1,"0.2",58,89,264,1,1,"0.2","a",0,-2,,"false"
"2026-09-20T06:12:00Z",483,"Ndoye","NFO","14.2","14.0","13.8","13.6",1,-15,"0.8",55,261,2694,15,316,"3.0","a",0,0,,"false"
"2026-09-20T06:12:00Z",484,"Hutchinson","NFO","0.0","0.0","0.0","0.0",0,-4,"0.1",54,0,90,0,0,"0.0","u",0,-1,,"false"
"2026-09-20T06:12:00Z",485,"Bakwa","NFO","0.0","0.0","0.0","0.0",0,0,"0.0",55,0,8,0,0,"0.0","u",0,0,,"false"
"2026-09-20T06:12:00Z",486,"McAtee","NFO","2.3","2.2","2.2","2.2",1,-3,"0.1",55,120,233,12,416,"2.4","a",0,0,,"false"
"2026-09-20T06:12:00Z",487,"Dominguez","NFO","-45.0","-47.0","-49.9","-52.8",-3,-1,"0.1",49,18,68,1,1,"0.2","a",0,-1,,"false"
"2026-09-20T06:12:00Z",488,"I.Sangaré","NFO","-73.0","-74.8","-77.4","-80.1",-3,-8,"0.4",49,73,868,4,105,"0.8","a",0,-1,,"false"
"2026-09-20T06:12:00Z",489,"Yates","NFO","-61.5","-62.9","-64.8","-66.8",-3,-17,"1.2",45,163,1956,0,0,"0.0","a",0,0,,"false"
"2026-09-20T06:12:00Z",490,"Wood","NFO","-15.5","-16.5","-17.9","-19.3",-1,-9,"0.9",58,518,1321,4,62,"0.8","a",0,-2,,"false"
"2026-09-20T06:12:00Z",491,"Igor Jesus","NFO","5.1","4.6","4.0","3.4",1,-46,"2.8",58,2451,5411,12,257,"2.4","a",0,-2,,"false"
"2026-09-20T06:12:00Z",493,"Kalimuendo","NFO","0.1","0.1","0.1","0.1",1,0,"0.1",54,57,97,1,1,"0.2","a",0,-1,,"false"
"2026-09-20T06:12:00Z",558,"Schlager","NFO","0.6","0.6","0.6","0.6",1,0,"0.1",50,83,210,13,376,"2.6","a",0,0,,"false"
"2026-09-20T06:12:00Z",581,"Diomande","NFO","-42.7","-43.7","-45.1","-46.4",-3,-5,"0.5",54,389,479,7,163,"1.4","a",0,-1,,"false"
"2026-09-20T06:12:00Z",590,"Benda","NFO","0.1","0.1","0.1","0.1",1,0,"0.1",45,38,52,0,0,"0.0","a",0,0,,"false"
"2026-09-20T06:12:00Z",112,"Van Hecke","TOT","-22.3","-22.5","-22.8","-23.1",-2,-13,"6.6",49,3030,7316,24,450,"4.8","a",0,-1,,"false"
"2026-09-20T06:12:00Z",147,"Tosin","TOT","-24.2","-24.2","-24.2","-24.2",-2,0,"0.2",44,32,108,1,5,"0.2","a",0,-1,,"false"
"2026-09-20T06:12:00Z",401,"Marmoush","TOT","38.0","37.7","37.4","37.0",2,-26,"2.2",70,3130,6293,8,339,"1.6","a",0,0,,"false"
"2026-09-20T06:12:00Z",403,"Sávio","TOT","10.9","10.8","10.6","10.4",1,-16,"0.7",65,764,2272,8,240,"1.6","a",0,0,,"false"
"2026-09-20T06:12:00Z",455,"Tonali","TOT","-5.4","-6.6","-8.3","-10.0",-1,-39,"1.9",53,566,4739,14,427,"2.8","a",-1,-2,,"false"
"2026-09-20T06:12:00Z",494,"Vicario","TOT","0.0","0.0","0.0","0.0",0,-2,"0.1",45,0,192,0,0,"0.0","u",0,0,,"false"
"2026-09-20T06:12:00Z",495,"Austin","TOT","2.1","2.1","2.1","2.1",1,0,"1.0",40,578,523,0,0,"0.0","a",0,0,,"false"
"2026-09-20T06:12:00Z",496,"Kinsky","TOT","-39.2","-39.8","-40.5","-41.3",-2,-94,"18.0",45,4683,35070,18,450,"3.6","a",0,0,,"false"
"2026-09-20T06:12:00Z",497,"Dubravka","TOT","-19.8","-20.0","-20.3","-20.5",-2,-35,"17.4",40,7723,11914,0,0,"0.0","a",0,0,,"false"
"2026-09-20T06:12:00Z",498,"Senesi","TOT","-29.2","-30.9","-33.3","-35.6",-2,-61,"3.7",58,323,5709,3,90,"0.6","a",0,-2,,"false"
"2026-09-20T06:12:00Z",499,"Pedro Porro","TOT","-8.9","-10.2","-12.0","-13.9",-1,-195,"8.2",54,1176,19334,9,198,"1.8","d",0,-1,,"false"
"2026-09-20T06:12:00Z",500,"Romero","TOT","0.0","0.0","0.0","0.0",0,0,"0.1",50,0,78,0,0,"0.0","u",0,0,,"false"
"2026-09-20T06:12:00Z",502,"Robertson","TOT","1.2","1.1","1.0","0.9",1,-9,"2.6",44,1592,3751,17,366,"3.4","a",0,-1,,"false"
"2026-09-20T06:12:00Z",503,"Van de Ven","TOT","-8.5","-9.6","-11.1","-12.6",-1,-42,"3.9",50,1465,5032,16,360,"3.2","a",0,0,,"false"
"2026-09-20T06:12:00Z",505,"Spence","TOT","0.0","0.0","0.0","0.0",0,-4,"0.2",45,0,302,0,0,"0.0","u",0,0,,"false"
"2026-09-20T06:12:00Z",506,"Udogie","TOT","-6.7","-7.9","-9.5","-11.2",-1,-4,"0.3",44,103,415,7,86,"1.4","a",0,-1,,"false"
"2026-09-20T06:12:00Z",507,"Phillips","TOT","0.0","0.0","0.0","0.0",0,-1,"0.0",45,0,16,0,0,"0.0","u",0,0,,"false"
"2026-09-20T06:12:00Z",508,"Davies","TOT","0.3","0.3","0.4","0.5",1,5,"0.8",39,1453,800,0,0,"0.0","a",-1,-1,,"false"
"2026-09-20T06:12:00Z",509,"Byfield","TOT","0.0","0.0","-1.3","-4.0",0,-1,"0.1",40,36,59,0,0,"0.0","a",0,0,,"false"
"2026-09-20T06:12:00Z",510,"Rowswell","TOT","-8.9","-8.9","-8.9","-8.9",-1,0,"0.1",40,29,80,0,0,"0.0","a",0,0,,"false"
"2026-09-20T06:12:00Z",511,"Souza","TOT","0.0","0.0","0.0","0.0",0,-2,"0.2",40,0,249,0,0,"0.0","u",0,0,,"false"
"2026-09-20T06:12:00Z",512,"Kudus","TOT","1.5","1.5","1.5","1.5",1,0,"0.1",65,519,272,7,123,"1.4","a",0,0,,"false"
"2026-09-20T06:12:00Z",513,"Xavi","TOT","-12.5","-12.5","-12.5","-12.5",-1,0,"0.0",59,16,23,0,0,"0.0","i",0,-1,,"false"
"2026-09-20T06:12:00Z",514,"Tel","TOT","-7.6","-8.1","-8.8","-9.5",-1,-2,"0.2",57,59,713,8,257,"1.6","a",-1,-3,,"false"
"2026-09-20T06:12:00Z",515,"Maddison","TOT","-52.3","-52.7","-53.2","-53.7",-3,-2,"0.4",63,210,482,3,59,"0.6","a",0,-2,,"false"
"2026-09-20T06:12:00Z",516,"Bentancur","TOT","-60.8","-61.9","-63.6","-65.2",-3,-2,"0.2",55,79,189,15,370,"3.0","a",0,0,,"false"
"2026-09-20T06:12:00Z",517,"Odobert","TOT","0.0","0.0","0.0","0.0",0,0,"0.0",55,7,4,0,0,"0.0","i",0,0,,"false"
"2026-09-20T06:12:00Z",518,"P.M.Sarr","TOT","0.0","0.0","0.0","0.0",0,-3,"0.1",49,0,215,0,0,"0.0","u",0,-1,,"false"
"2026-09-20T06:12:00Z",519,"Gallagher","TOT","-0.9","-1.5","-2.4","-3.3",-1,-1,"0.2",53,205,170,9,134,"1.8","a",0,-2,,"false"
"2026-09-20T06:12:00Z",520,"Bergvall","TOT","-90.2","-91.3","-93.0","-94.6",-3,-2,"0.1",54,24,145,3,78,"0.6","a",0,-1,,"false"
"2026-09-20T06:12:00Z",521,"Kulusevski","TOT","-84.4","-89.5","-96.7","-104.0",-3,-1,"0.0",65,14,18,0,0,"0.0","i",0,0,,"false"
"2026-09-20T06:12:00Z",522,"Gray","TOT","-6.4","-7.0","-7.9","-8.9",-1,-1,"0.2",49,150,305,9,307,"1.8","a",0,-1,,"false"
"2026-09-20T06:12:00Z",523,"Moore","TOT","0.0","0.0","0.0","0.0",0,-1,"0.1",50,0,185,3,89,"0.6","u",0,0,,"false"
"2026-09-20T06:12:00Z",524,"Olusesi","TOT","7.6","7.6","7.5","7.5",1,-4,"1.0",44,1407,1996,0,0,"0.0","a",0,-1,,"false"
"2026-09-20T06:12:00Z",525,"Fernandes","TOT","-91.2","-93.0","-95.7","-98.3",-3,-15,"0.8",58,145,1907,7,249,"1.4","a",0,-2,,"false"
"2026-09-20T06:12:00Z",526,"Solanke","TOT","-9.3","-11.0","-13.3","-15.6",-1,-14,"0.8",58,553,1336,7,170,"1.4","a",0,-2,,"false"
"2026-09-20T06:12:00Z",527,"Richarlison","TOT","0.0","0.0","0.0","0.0",0,-16,"0.7",59,0,1751,2,67,"0.4","u",0,-1,,"false"
"2026-09-20T06:12:00Z",528,"Scarlett","TOT","0.0","0.0","0.0","0.0",0,-18,"1.2",45,0,2057,0,0,"0.0","u",0,0,,"false"
"2026-09-20T06:12:00Z",578,"Mudryk","TOT","-0.3","-0.9","-1.8","-2.6",-1,-1,"0.0",53,8,184,1,16,"0.2","i",-1,-2,,"false"
"2026-09-20T06:12:00Z",601,"Williams-Barnett","TOT","-29.4","-33.1","-38.3","-43.6",-2,-5,"0.1",45,48,180,0,0,"0.0","a",0,0,,"false"
"2026-09-20T06:12:00Z",501,"Danso","SUN","-86.7","-86.7","-86.7","-86.7",-3,0,"0.2",50,231,155,3,180,"0.6","a",0,0,,"false"
"2026-09-20T06:12:00Z",529,"Roefs","SUN","-8.8","-9.2","-9.8","-10.4",-1,-11,"2.5",49,620,3063,11,360,"2.2","a",0,-1,,"false"
"2026-09-20T06:12:00Z",530,"Patterson","SUN","0.0","0.0","0.0","0.0",0,0,"0.1",40,0,75,0,0,"0.0","u",0,0,,"false"
"2026-09-20T06:12:00Z",531,"Ellborg","SUN","-89.7","-89.7","-89.7","-89.7",-3,0,"0.1",45,33,47,0,0,"0.0","a",0,0,,"false"
"2026-09-20T06:12:00Z",532,"Ballard","SUN","-79.1","-79.5","-80.2","-80.9",-3,-13,"2.6",49,863,4336,12,360,"2.4","a",0,-1,,"false"
"2026-09-20T06:12:00Z",533,"Mukiele","SUN","-9.8","-9.8","-9.8","-9.7",-1,1,"1.9",54,1444,1737,13,270,"2.6","a",0,-1,,"false"
"2026-09-20T06:12:00Z",534,"Hume","SUN","-1.9","-2.3","-2.8","-3.4",-1,-20,"3.0",43,451,11855,9,195,"1.8","a",-1,-2,,"false"
"2026-09-20T06:12:00Z",535,"Alderete","SUN","-0.2","-0.2","-0.2","-0.2",-1,0,"0.2",48,47,258,1,23,"0.2","a",-1,-2,,"false"
"2026-09-20T06:12:00Z",536,"Reinildo","SUN","-0.1","-0.6","-1.3","-2.0",-1,-6,"0.3",44,25,766,7,360,"1.4","s",-1,-1,,"false"
"2026-09-20T06:12:00Z",537,"Seelt","SUN","0.0","0.0","0.0","0.0",0,0,"0.0",45,0,4,0,0,"0.0","u",0,0,,"false"
"2026-09-20T06:12:00Z",538,"Hjelde","SUN","0.0","0.0","0.0","0.0",0,0,"0.0",40,0,39,0,0,"0.0","u",0,0,,"false"
"2026-09-20T06:12:00Z",539,"O'Nien","SUN","0.9","0.9","0.9","0.9",1,0,"2.4",39,3738,2911,1,66,"0.2","a",-1,-1,,"false"
"2026-09-20T06:12:00Z",540,"Masuaku","SUN","0.0","0.0","0.0","0.0",0,-1,"0.1",40,0,162,0,0,"0.0","u",0,0,,"false"
"2026-09-20T06:12:00Z",541,"Meunier","SUN","-38.9","-38.4","-37.8","-37.2",-2,1,"0.3",45,211,162,11,318,"2.2","a",0,0,,"false"
"2026-09-20T06:12:00Z",542,"E.Le Fée","SUN","-4.1","-4.7","-5.5","-6.3",-1,-33,"3.4",57,1383,10508,13,348,"2.6","a",-1,-3,,"false"
"2026-09-20T06:12:00Z",543,"Diarra","SUN","-79.3","-79.3","-79.3","-79.3",-3,0,"0.0",54,2,58,5,28,"1.0","i",0,-1,,"false"
"2026-09-20T06:12:00Z",544,"Xhaka","SUN","-53.5","-54.6","-56.2","-57.8",-3,-42,"3.7",55,1474,6778,19,360,"3.8","a",0,0,,"false"
"2026-09-20T06:12:00Z",545,"Sadiki","SUN","-55.3","-56.2","-57.5","-58.8",-3,-2,"0.2",49,83,383,8,343,"1.6","a",0,-1,,"false"
"2026-09-20T06:12:00Z",546,"Adingra","SUN","0.0","0.0","0.0","0.0",0,-1,"0.0",49,0,61,0,0,"0.0","u",0,-1,,"false"
"2026-09-20T06:12:00Z",547,"Mundle","SUN","-57.1","-57.1","-57.1","-57.1",-3,0,"0.0",49,3,17,1,1,"0.2","i",0,-1,,"false"
"2026-09-20T06:12:00Z",548,"Rigg","SUN","-52.9","-52.9","-52.9","-52.9",-3,0,"0.0",49,4,43,2,17,"0.4","a",0,-1,,"false"
"2026-09-20T06:12:00Z",549,"Talbi","SUN","-12.9","-12.9","-12.9","-12.9",-1,0,"0.1",53,31,137,1,31,"0.2","a",0,-2,,"false"
"2026-09-20T06:12:00Z",550,"Jocelin.T","SUN","-84.3","-84.3","-84.3","-84.3",-3,0,"0.0",50,8,13,0,0,"0.0","a",0,0,,"false"
"2026-09-20T06:12:00Z",551,"N.Angulo","SUN","1.2","1.2","1.2","1.2",1,0,"0.1",50,70,240,12,254,"2.4","a",0,0,,"false"
"2026-09-20T06:12:00Z",552,"Brobbey","SUN","-2.7","-3.2","-4.0","-4.7",-1,-46,"5.3",57,2283,10769,7,309,"1.4","a",-1,-3,,"false"
"2026-09-20T06:12:00Z",553,"Isidor","SUN","6.3","6.2","5.9","5.6",1,-19,"1.3",55,915,2167,14,95,"2.8","a",0,0,,"false"
"2026-09-20T06:12:00Z",612,"Methalie","SUN","0.0","0.0","0.0","0.0",0,0,"0.0",45,17,13,0,0,"0.0","a",0,0,,"false"
"2026-09-20T06:12:00Z",613,"Ahoka","SUN","-26.5","-27.9","-30.0","-32.1",-2,-4,"0.2",45,137,423,0,0,"0.0","a",0,0,,"false"
"2026-09-20T06:12:00Z",646,"Fofana","SUN","-19.8","-19.8","-19.8","-19.8",-1,0,"0.0",55,71,88,2,30,"0.7","a",0,0,,"false"
"2026-09-20T06:12:00Z",651,"J.Angulo","SUN","4.8","4.9","4.9","5.0",1,4,"0.7",45,3300,1543,0,0,"0.0","a",0,0,,"false"
"2026-09-20T08:49:34Z",1,"Raya","ARS","99.5","99.9","100.4","101.0",4,43,"41.8",60,46106,9239,30,450,"6.0","a",0,0,,"false"
"2026-09-20T08:49:34Z",2,"Arrizabalaga","ARS","-37.1","-37.1","-37.1","-37.1",-2,0,"0.1",49,34,60,0,0,"0.0","a",0,-1,,"false"
"2026-09-20T08:49:34Z",3,"Meslier","ARS","-26.4","-26.4","-26.4","-26.4",-2,0,"0.0",49,9,25,0,0,"0.0","a",0,-1,,"false"
"2026-09-20T08:49:34Z",4,"Gabriel","ARS","-78.1","-78.7","-79.7","-80.7",-3,-162,"23.0",80,4883,18689,25,450,"5.0","a",0,0,,"false"
"2026-09-20T08:49:34Z",5,"J.Timber","ARS","7.8","8.0","8.2","8.5",1,20,"0.3",65,3118,836,1,104,"0.2","a",0,0,,"false"
"2026-09-20T08:49:34Z",6,"Saliba","ARS","-18.7","-18.9","-19.3","-19.8",-1,-2,"0.2",59,83,290,0,0,"0.0","i",0,-1,,"false"
"2026-09-20T08:49:34Z",7,"Lewis-Skelly","ARS","-0.9","-3.9","-8.7","-13.5",-1,-34,"0.6",54,239,1538,9,271,"1.8","a",-1,-1,,"false"
"2026-09-20T08:49:34Z",8,"Calafiori","ARS","86.6","85.8","84.6","83.4",3,-89,"50.7",58,20333,14503,29,416,"5.8","a",0,3,,"false"
"2026-09-20T08:49:34Z",9,"Hincapie","ARS","-94.6","-96.2","-98.7","-101.2",-4,-16,"0.9",53,305,1466,2,32,"0.4","a",0,-2,,"false"
"2026-09-20T08:49:34Z",10,"White","ARS","-36.1","-39.6","-45.3","-51.0",-2,-215,"5.4",55,1762,18638,21,315,"4.2","a",0,0,,"false"
"2026-09-20T08:49:34Z",11,"Mosquera","ARS","-10.5","-12.0","-14.5","-16.9",-1,-30,"1.7",53,286,2617,12,168,"2.4","a",0,-2,,"false"
"2026-09-20T08:49:34Z",12,"Saka","ARS","77.9","78.0","78.2","78.4",3,15,"13.3",95,28675,10112,32,416,"6.4","a",0,0,,"false"
"2026-09-20T08:49:34Z",13,"Rice","ARS","-28.0","-29.5","-32.0","-34.4",-2,-212,"12.3",74,2804,11408,20,411,"4.0","a",0,-1,,"false"
"2026-09-20T08:49:34Z",14,"Eze","ARS","-82.8","-84.9","-88.5","-92.1",-3,-26,"1.0",63,454,1782,4,85,"0.8","a",0,-2,,"false"
"2026-09-20T08:49:34Z",15,"Ødegaard","ARS","1.9","0.4","-2.0","-4.3",1,-174,"20.0",68,22522,25743,29,377,"5.8","a",0,3,,"false"
"2026-09-20T08:49:34Z",16,"Madueke","ARS","-8.4","-11.6","-16.7","-21.9",-1,-8,"0.2",62,219,392,2,23,"0.4","a",0,-3,,"false"
"2026-09-20T08:49:34Z",17,"Merino","ARS","-71.4","-74.0","-78.4","-82.8",-3,-12,"0.4",58,168,784,4,81,"0.8","a",0,-2,,"false"
"2026-09-20T08:49:34Z",18,"Martinelli","ARS","0.0","0.0","0.0","0.0",0,-3,"0.1",63,0,168,0,0,"0.0","u",0,-2,,"false"
"2026-09-20T08:49:34Z",19,"Zubimendi","ARS","-23.6","-26.3","-30.7","-35.2",-2,-18,"0.6",53,115,1053,5,89,"1.0","a",0,-2,,"false"
"2026-09-20T08:49:34Z",20,"Dowman","ARS","-17.7","-19.2","-21.7","-24.1",-1,-1,"0.1",53,132,148,1,9,"0.2","a",0,-2,,"false"
"2026-09-20T08:49:34Z",22,"Nwaneri","ARS","0.0","0.0","0.0","0.0",0,0,"0.0",54,0,13,0,0,"0.0","u",0,-1,,"false"
"2026-09-20T08:49:34Z",23,"Fábio Vieira","ARS","0.0","0.0","0.0","0.0",0,0,"0.0",55,0,14,0,0,"0.0","u",0,0,,"false"
"2026-09-20T08:49:34Z",24,"Nelson","ARS","0.0","0.0","0.0","0.0",0,0,"0.0",55,0,6,0,0,"0.0","u",0,0,,"false"
"2026-09-20T08:49:34Z",25,"Gyökeres","ARS","-0.3","-1.4","-3.1","-4.8",-1,-65,"3.1",71,1470,4474,2,29,"0.4","a",-1,-4,,"false"
"2026-09-20T08:49:34Z",26,"Havertz","ARS","12.2","12.3","12.4","12.4",1,6,"8.5",76,19312,10628,19,437,"3.8","a",0,1,,"false"
"2026-09-20T08:49:34Z",27,"G.Jesus","ARS","0.0","0.0","0.0","0.0",0,-4,"0.2",59,0,272,0,0,"0.0","u",0,-1,,"false"
"2026-09-20T08:49:34Z",31,"Konsa","ARS","0.4","0.3","0.2","0.2",1,-13,"19.4",46,39130,10717,12,281,"2.4","a",1,1,,"false"
"2026-09-20T08:49:34Z",452,"Bruno G.","ARS","0.9","0.6","0.1","-2.3",1,-37,"1.8",67,1263,1760,9,123,"1.8","a",0,-3,,"false"
"2026-09-20T08:49:34Z",557,"Tzolis","ARS","-1.0","-3.1","-6.4","-9.8",-1,-519,"12.9",63,3149,61971,16,362,"3.2","a",-1,-2,,"false"
"2026-09-20T08:49:34Z",29,"M.Bizot","AVL","-23.3","-24.6","-26.5","-28.5",-2,-5,"0.1",45,18,329,1,90,"0.2","i",0,0,,"false"
"2026-09-20T08:49:34Z",30,"Digne","AVL","0.0","0.0","0.0","0.0",0,0,"0.0",45,0,65,0,0,"0.0","u",0,0,,"false"
"2026-09-20T08:49:34Z",32,"Cash","AVL","-10.0","-11.4","-13.7","-16.0",-1,-80,"5.0",44,849,7601,6,296,"1.2","a",0,-1,,"false"
"2026-09-20T08:49:34Z",33,"Mings","AVL","0.5","0.5","0.6","0.6",1,4,"0.4",45,493,313,10,261,"2.0","a",0,0,,"false"
"2026-09-20T08:49:34Z",34,"Pau","AVL","-76.0","-77.6","-80.2","-82.8",-3,-16,"0.3",45,4,1064,3,187,"0.6","i",0,0,,"false"
"2026-09-20T08:49:34Z",35,"Bogarde","AVL","-89.5","-89.5","-89.5","-89.5",-3,0,"0.1",50,45,111,1,16,"0.2","a",0,0,,"false"
"2026-09-20T08:49:34Z",36,"Maatsen","AVL","-86.3","-87.2","-88.7","-90.1",-3,-16,"0.5",45,11,2036,9,335,"1.8","i",0,0,,"false"
"2026-09-20T08:49:34Z",37,"Lindelöf","AVL","1.0","1.0","1.0","1.1",1,4,"0.3",45,313,319,8,450,"1.6","a",0,0,,"false"
"2026-09-20T08:49:34Z",38,"A.García","AVL","-24.5","-25.3","-26.7","-28.0",-2,-14,"1.6",40,571,1572,0,0,"0.0","a",0,0,,"false"
"2026-09-20T08:49:34Z",39,"Nedeljkovic","AVL","0.0","0.0","0.0","0.0",0,-4,"0.1",40,0,135,0,0,"0.0","u",0,0,,"false"
"2026-09-20T08:49:34Z",41,"Buendía","AVL","-72.3","-69.6","-65.2","-60.8",-3,28,"0.9",59,2739,1229,21,401,"4.2","a",0,-1,,"false"
"2026-09-20T08:49:34Z",44,"Bailey","AVL","0.0","0.0","0.0","0.0",0,0,"0.1",54,0,154,0,0,"0.0","u",0,-1,,"false"
"2026-09-20T08:49:34Z",45,"McGinn","AVL","-18.9","-19.0","-19.3","-19.6",-1,-4,"2.2",54,1725,2417,17,434,"3.4","a",0,-1,,"false"
"2026-09-20T08:49:34Z",46,"Barkley","AVL","0.8","0.8","0.8","0.7",1,-3,"0.3",50,172,499,10,308,"2.0","a",0,0,,"false"
"2026-09-20T08:49:34Z",47,"Kamara","AVL","-73.7","-74.9","-76.8","-78.7",-3,-4,"0.3",50,314,439,15,443,"3.0","a",0,0,,"false"
"2026-09-20T08:49:34Z",48,"Onana","AVL","-5.9","-8.3","-12.3","-16.2",-1,-1,"0.0",49,9,28,0,0,"0.0","i",0,-1,,"false"
"2026-09-20T08:49:34Z",49,"Iling Jr","AVL","0.0","0.0","0.0","0.0",0,0,"0.0",50,0,5,0,0,"0.0","u",0,0,,"false"
"2026-09-20T08:49:34Z",50,"Burrowes","AVL","-56.4","-59.3","-64.2","-69.1",-3,-20,"0.6",45,188,940,0,0,"0.0","a",0,0,,"false"
"2026-09-20T08:49:34Z",51,"George Hemmings","AVL","14.0","13.8","13.4","12.9",1,-31,"1.2",45,917,3278,9,297,"1.8","a",0,0,,"false"
"2026-09-20T08:49:34Z",52,"Alysson","AVL","0.2","0.2","0.1","-1.2",1,-7,"0.1",50,38,234,8,87,"1.6","d",0,0,,"false"
"2026-09-20T08:49:34Z",53,"Manzambi","AVL","1.8","3.2","5.5","7.8",1,168,"0.2",59,10990,499,14,98,"2.8","a",0,-1,,"false"
"2026-09-20T08:49:34Z",54,"Gomes","AVL","0.0","0.0","0.0","0.0",0,0,"0.0",55,98,42,2,129,"0.4","a",0,0,"2026-09-20T16:30:08.780195Z","false"
"2026-09-20T08:49:34Z",55,"Watkins","AVL","0.0","0.0","0.0","0.0",0,-72,"2.6",78,0,3406,0,0,"0.0","u",0,-2,,"false"
"2026-09-20T08:49:34Z",56,"Abraham","AVL","3.3","3.2","3.2","3.1",1,-4,"0.2",55,517,435,4,71,"0.8","a",0,0,,"false"
"2026-09-20T08:49:34Z",160,"Garnacho","AVL","-33.0","-37.4","-44.8","-52.1",-2,-17,"0.3",58,153,781,3,31,"0.6","a",0,-2,,"false"
"2026-09-20T08:49:34Z",166,"N.Jackson","AVL","37.7","38.9","40.9","42.9",2,146,"1.3",65,9279,1768,10,286,"2.0","a",0,0,,"false"
"2026-09-20T08:49:34Z",582,"Madjo","AVL","-12.9","-14.0","-15.7","-17.5",-1,-7,"0.2",54,45,540,0,0,"0.0","i",0,-1,,"false"
"2026-09-20T08:49:34Z",596,"Ruggeri","AVL","-78.4","-78.4","-78.4","-78.4",-3,0,"0.1",45,162,100,5,113,"1.0","a",0,0,,"false"
"2026-09-20T08:49:34Z",597,"Suzuki","AVL","25.7","26.3","27.4","28.4",2,77,"1.8",50,4531,1695,16,360,"3.2","a",0,0,,"false"
"2026-09-20T08:49:34Z",606,"Rowe","AVL","0.3","0.3","0.2","0.1",1,-7,"0.2",40,88,252,0,0,"0.0","a",0,0,,"false"
"2026-09-20T08:49:34Z",607,"Lynch","AVL","0.0","0.0","0.0","0.0",0,-2,"0.1",45,0,175,0,0,"0.0","u",0,0,,"false"
"2026-09-20T08:49:34Z",611,"Wan-Bissaka","AVL","1.9","1.8","1.7","1.5",1,-11,"0.2",45,431,333,6,152,"1.5","a",0,0,,"false"
"2026-09-20T08:49:34Z",618,"Goretzka","AVL","-16.2","-16.2","-16.2","-16.2",-1,0,"0.0",59,4,131,0,0,"0.0","i",0,-1,,"false"
"2026-09-20T08:49:34Z",630,"Harwood-Bellis","AVL","0.0","0.0","0.0","0.0",0,0,"0.0",45,58,53,0,0,"0.0","a",0,0,,"false"
"2026-09-20T08:49:34Z",631,"Mbaye","AVL","0.3","0.3","0.3","0.3",1,-2,"0.1",60,302,416,2,33,"0.7","a",0,0,,"false"
"2026-09-20T08:49:34Z",667,"Wright","AVL","0.0","0.0","0.0","0.0",0,0,"0.0",40,413,28,0,0,"0.0","a",0,0,"2026-10-02T19:12:30.130761Z","false"
"2026-09-20T08:49:34Z",57,"Petrović","BOU","1.1","1.0","0.9","0.8",1,-10,"3.0",45,1731,3121,7,360,"1.4","a",0,0,,"false"
"2026-09-20T08:49:34Z",58,"Forster","BOU","4.6","4.5","4.4","4.3",1,-8,"3.5",40,2674,1526,0,0,"0.0","a",0,0,,"false"
"2026-09-20T08:49:34Z",59,"Dennis","BOU","0.0","0.0","0.0","0.0",0,-2,"0.1",40,0,162,0,0,"0.0","u",0,0,,"false"
"2026-09-20T08:49:34Z",60,"Hill","BOU","-35.5","-35.8","-36.3","-36.8",-2,-3,"0.8",55,633,800,8,360,"1.6","a",0,0,,"false"
"2026-09-20T08:49:34Z",61,"Truffert","BOU","-95.1","-95.9","-97.2","-98.6",-4,-29,"3.1",55,1331,2790,8,360,"1.6","a",0,0,,"false"
"2026-09-20T08:49:34Z",62,"Diakité","BOU","-98.9","-97.6","-95.6","-93.5",-4,2,"0.2",50,175,213,0,0,"0.0","a",0,0,,"false"
"2026-09-20T08:49:34Z",63,"Milosavljević","BOU","-1.7","-1.7","-1.7","-1.7",-1,0,"0.0",49,6,10,0,0,"0.0","i",0,-1,,"false"
"2026-09-20T08:49:34Z",64,"Smith","BOU","0.3","0.3","0.3","0.3",1,0,"0.1",45,121,105,2,360,"0.4","a",0,0,,"false"
"2026-09-20T08:49:34Z",65,"J.Araujo","BOU","-9.1","-9.1","-9.1","-9.1",-1,0,"0.0",44,9,13,0,0,"0.0","i",0,-1,,"false"
"2026-09-20T08:49:34Z",66,"Soler","BOU","1.4","1.4","1.4","1.4",1,-2,"0.3",40,229,248,0,0,"0.0","a",0,0,,"false"
"2026-09-20T08:49:34Z",67,"Rayan","BOU","-2.1","-3.0","-4.4","-5.9",-1,-28,"1.6",63,1034,2479,8,347,"1.6","a",-1,-2,,"false"
"2026-09-20T08:49:34Z",68,"Tavernier","BOU","27.8","28.3","29.1","29.9",2,59,"6.6",61,30929,8563,29,350,"5.8","a",0,1,,"false"
"2026-09-20T08:49:34Z",69,"Scott","BOU","6.6","6.0","5.1","4.1",1,-72,"5.8",61,6746,9618,28,356,"5.6","a",0,1,,"false"
"2026-09-20T08:49:34Z",70,"Kluivert","BOU","-35.6","-36.7","-38.5","-40.3",-2,-13,"1.0",60,1748,1466,15,294,"3.0","a",0,0,,"false"
"2026-09-20T08:49:34Z",71,"Cook","BOU","0.1","0.1","0.1","0.1",1,-2,"0.2",50,77,294,7,165,"1.4","a",0,0,,"false"
"2026-09-20T08:49:34Z",72,"Gannon-Doak","BOU","-44.1","-40.7","-35.1","-29.4",-3,2,"0.1",49,34,79,3,10,"0.6","a",0,-1,,"false"
"2026-09-20T08:49:34Z",73,"Adams","BOU","1.6","1.6","1.5","1.5",1,-1,"0.3",50,245,443,8,192,"1.6","a",0,0,,"false"
"2026-09-20T08:49:34Z",74,"Brooks","BOU","-8.5","-8.5","-8.5","-8.5",-1,0,"0.1",50,40,80,2,30,"0.4","a",0,0,,"false"
"2026-09-20T08:49:34Z",75,"Christie","BOU","0.3","0.3","0.3","0.3",1,0,"0.0",50,61,56,3,28,"0.6","a",0,0,,"false"
"2026-09-20T08:49:34Z",76,"Tóth.A","BOU","-5.8","-5.8","-5.8","-5.8",-1,0,"0.0",49,6,14,1,15,"0.2","a",0,-1,,"false"
"2026-09-20T08:49:34Z",77,"Adli","BOU","-70.5","-70.5","-70.5","-70.5",-3,0,"0.0",49,9,27,0,0,"0.0","i",0,-1,,"false"
"2026-09-20T08:49:34Z",78,"Kroupi.Jr","BOU","-62.4","-64.0","-66.6","-69.2",-3,-9,"0.2",74,53,218,0,0,"0.0","i",0,-1,,"false"
"2026-09-20T08:49:34Z",79,"Evanilson","BOU","48.9","49.1","49.4","49.7",3,21,"3.3",60,5683,4134,16,334,"3.2","a",0,0,,"false"
"2026-09-20T08:49:34Z",80,"Enes Ünal","BOU","0.0","0.0","0.0","0.0",0,0,"0.0",55,0,11,0,0,"0.0","u",0,0,,"false"
"2026-09-20T08:49:34Z",81,"Rodríguez","BOU","-31.2","-29.7","-27.3","-24.9",-2,2,"0.1",60,211,135,2,10,"0.4","a",0,0,,"false"
"2026-09-20T08:49:34Z",566,"Silva","BOU","1.2","1.2","1.2","1.3",1,3,"0.4",50,974,530,10,360,"2.0","a",0,0,,"false"
"2026-09-20T08:49:34Z",573,"Sanchez","BOU","-5.5","-4.9","-3.9","-2.9",-1,1,"0.2",44,45,83,0,0,"0.0","a",0,-1,,"false"
"2026-09-20T08:49:34Z",608,"Jebbison","BOU","0.5","0.5","0.5","0.5",1,0,"0.1",50,224,214,2,16,"0.4","a",0,0,,"false"
"2026-09-20T08:49:34Z",615,"Di Gregorio","BOU","-23.7","-23.7","-23.7","-23.7",-2,0,"0.0",45,58,43,0,0,"0.0","a",0,0,,"false"
"2026-09-20T08:49:34Z",82,"Kelleher","BRE","17.0","17.4","17.9","18.5",1,39,"6.1",50,7292,2999,20,450,"4.0","a",0,0,,"false"
"2026-09-20T08:49:34Z",83,"Valdimarsson","BRE","-67.6","-67.6","-67.6","-67.6",-3,0,"0.1",45,77,90,0,0,"0.0","a",0,0,,"false"
"2026-09-20T08:49:34Z",84,"Collins","BRE","-13.2","-14.7","-17.2","-19.6",-1,-49,"1.0",54,37,2842,10,196,"2.0","i",0,-1,,"false"
"2026-09-20T08:49:34Z",85,"Van den Berg","BRE","-64.3","-64.9","-65.8","-66.8",-3,-1,"0.1",49,14,79,0,0,"0.0","i",0,-1,,"false"
"2026-09-20T08:49:34Z",86,"Lewis-Potter","BRE","31.8","31.4","30.8","30.2",2,-44,"1.7",55,1287,4376,22,406,"4.4","a",0,0,,"false"
"2026-09-20T08:49:34Z",87,"Ajer","BRE","28.9","29.0","29.0","29.1",2,6,"4.0",45,4294,5860,21,450,"4.2","a",0,0,,"false"
"2026-09-20T08:49:34Z",88,"Kayode","BRE","-32.4","-32.5","-32.7","-32.9",-2,-10,"7.7",46,5067,5823,23,294,"4.6","a",0,1,,"false"
"2026-09-20T08:49:34Z",89,"Henry","BRE","-7.4","-7.4","-7.4","-7.4",-1,0,"0.2",44,50,168,1,2,"0.2","a",0,-1,,"false"
"2026-09-20T08:49:34Z",90,"Hickey","BRE","-26.3","-26.3","-26.3","-26.3",-2,0,"0.1",45,49,66,5,152,"1.0","a",0,0,,"false"
"2026-09-20T08:49:34Z",92,"Ji-soo","BRE","-0.4","-0.4","-0.4","-0.4",-1,0,"0.0",44,26,30,0,0,"0.0","a",-1,-1,,"false"
"2026-09-20T08:49:34Z",93,"Schuster","BRE","2.8","3.1","3.6","4.1",1,38,"0.2",45,8337,460,21,253,"4.2","a",0,0,,"false"
"2026-09-20T08:49:34Z",94,"Schade","BRE","64.9","74.0","88.9","103.8",3,1089,"8.7",61,112206,4932,39,447,"7.8","a",0,1,,"false"
"2026-09-20T08:49:34Z",95,"O.Dango","BRE","-27.6","-29.8","-33.3","-36.9",-2,-12,"0.5",63,210,1279,7,179,"1.4","a",0,-2,,"false"
"2026-09-20T08:49:34Z",96,"Damsgaard","BRE","-6.2","-6.9","-8.1","-9.2",-1,-3,"0.4",54,504,642,16,283,"3.2","a",0,-1,,"false"
"2026-09-20T08:49:34Z",97,"Jensen","BRE","-41.4","-42.7","-44.8","-46.9",-3,-4,"0.1",54,6,183,6,66,"1.2","i",0,-1,,"false"
"2026-09-20T08:49:34Z",98,"Janelt","BRE","72.1","72.1","72.1","72.1",3,-2,"2.5",50,7220,5907,28,450,"5.6","a",0,0,,"false"
"2026-09-20T08:49:34Z",99,"Milambo","BRE","-40.2","-40.2","-40.2","-40.2",-3,0,"0.0",50,2,3,0,0,"0.0","i",0,0,,"false"
"2026-09-20T08:49:34Z",100,"Carvalho","BRE","0.2","0.2","0.2","0.2",1,0,"0.0",50,242,47,6,3,"1.2","a",0,0,,"false"
"2026-09-20T08:49:34Z",102,"Yarmoliuk","BRE","-9.7","-11.0","-13.1","-15.3",-1,-10,"0.7",48,376,932,9,216,"1.8","a",0,-2,,"false"
"2026-09-20T08:49:34Z",103,"Dasilva","BRE","-43.4","-43.4","-43.4","-43.4",-3,0,"0.0",49,2,26,0,0,"0.0","i",0,-1,,"false"
"2026-09-20T08:49:34Z",105,"Anthony","BRE","0.2","0.3","0.4","0.5",1,8,"0.1",59,811,155,15,267,"3.0","a",0,-1,,"false"
"2026-09-20T08:49:34Z",106,"Thiago","BRE","1.3","2.5","4.6","6.7",1,151,"9.0",78,17915,9255,10,442,"2.0","a",0,-2,,"false"
"2026-09-20T08:49:34Z",107,"Furo","BRE","1.6","1.3","0.8","0.4",1,-34,"0.9",45,195,2839,0,0,"0.0","i",0,0,,"false"
"2026-09-20T08:49:34Z",108,"Wilson","BRE","-3.3","-3.7","-4.3","-5.0",-1,-2,"0.3",54,341,739,3,13,"0.6","a",-1,-1,,"false"
"2026-09-20T08:49:34Z",565,"M.Sangaré","BRE","-11.5","-14.3","-19.0","-23.6",-1,-595,"10.7",56,2423,63650,22,321,"4.4","a",-1,1,,"false"
"2026-09-20T08:49:34Z",620,"Diouf","BRE","-28.8","-27.6","-25.8","-24.0",-2,1,"0.1",45,145,230,2,39,"0.5","a",0,0,,"false"
"2026-09-20T08:49:34Z",657,"Nunes","BRE","0.0","0.0","0.0","0.0",0,0,"0.0",45,94,64,0,0,"0.0","a",0,0,"2026-09-25T22:05:18.379374Z","false"
"2026-09-20T08:49:34Z",660,"Fredrick","BRE","0.0","0.0","0.0","0.0",0,0,"0.0",40,141,14,0,0,"0.0","a",0,0,"2026-10-01T21:16:22.650713Z","false"
"2026-09-20T08:49:34Z",661,"Balcombe","BRE","0.0","0.0","0.0","0.0",0,0,"0.0",40,1300,127,0,0,"0.0","a",0,0,"2026-10-01T21:16:40.866514Z","false"
"2026-09-20T08:49:34Z",109,"Verbruggen","BHA","54.5","55.6","57.4","59.2",3,132,"21.7",45,19513,20034,23,450,"4.6","a",0,0,,"false"
"2026-09-20T08:49:34Z",111,"Steele","BHA","1.3","0.9","0.2","-1.3",1,-51,"4.2",40,2536,4425,0,0,"0.0","a",0,0,,"false"
"2026-09-20T08:49:34Z",113,"F.Kadıoğlu","BHA","-57.3","-56.7","-55.7","-54.7",-3,11,"1.6",44,1129,2282,13,332,"2.6","a",0,-1,,"false"
"2026-09-20T08:49:34Z",114,"Boscagli","BHA","2.0","2.1","2.2","2.4",1,10,"0.3",45,559,201,19,437,"3.8","a",0,0,,"false"
"2026-09-20T08:49:34Z",115,"De Cuyper","BHA","39.0","48.8","65.0","81.1",3,1179,"25.8",49,85357,4791,38,423,"7.6","a",0,4,,"false"
"2026-09-20T08:49:34Z",116,"Dunk","BHA","20.0","20.0","20.1","20.1",2,4,"1.5",45,3168,1888,22,360,"4.4","a",0,0,,"false"
"2026-09-20T08:49:34Z",117,"Coppola","BHA","-17.4","-17.4","-17.4","-17.4",-1,0,"0.0",45,19,25,0,0,"0.0","a",0,0,,"false"
"2026-09-20T08:49:34Z",118,"Igor","BHA","0.0","0.0","0.0","0.0",0,-4,"0.0",45,0,94,0,0,"0.0","u",0,0,,"false"
"2026-09-20T08:49:34Z",119,"Costinha","BHA","-6.1","-9.9","-16.1","-22.3",-1,-2,"0.0",45,33,37,4,68,"0.8","a",0,0,,"false"
"2026-09-20T08:49:34Z",120,"Svoboda","BHA","0.0","0.1","0.2","0.3",1,6,"0.1",50,240,118,1,4,"0.2","a",0,0,,"false"
"2026-09-20T08:49:34Z",121,"Mitoma","BHA","-22.0","-22.0","-22.0","-22.0",-2,0,"0.0",59,30,49,0,0,"0.0","i",0,-1,,"false"
"2026-09-20T08:49:34Z",122,"Minteh","BHA","-0.3","-0.3","-0.3","-0.3",-1,0,"0.0",58,10,67,0,0,"0.0","i",-1,-2,,"false"
"2026-09-20T08:49:34Z",123,"Hinshelwood","BHA","-20.9","-23.5","-27.7","-31.8",-2,-49,"0.6",59,60,2340,16,63,"3.2","i",0,-1,,"false"
"2026-09-20T08:49:34Z",124,"Groß","BHA","6.3","21.3","46.0","70.7",2,4889,"24.1",58,305939,3490,47,450,"9.4","a",1,3,,"false"
"2026-09-20T08:49:34Z",125,"Georginio","BHA","-0.3","-0.3","-0.3","-0.3",-1,0,"0.5",53,556,1286,6,104,"1.2","a",-1,-2,,"false"
"2026-09-20T08:49:34Z",126,"O'Riley","BHA","-5.1","-7.7","-11.9","-16.2",-1,-3,"0.1",54,94,141,2,10,"0.4","a",0,-1,,"false"
"2026-09-20T08:49:34Z",127,"Gomez","BHA","30.0","29.9","29.7","29.5",2,-14,"4.1",50,2634,14892,24,433,"4.8","a",0,0,,"false"
"2026-09-20T08:49:34Z",128,"Buonanotte","BHA","0.0","0.0","0.0","0.0",0,0,"0.0",50,0,2,0,0,"0.0","u",0,0,,"false"
"2026-09-20T08:49:34Z",129,"Ayari","BHA","-52.4","-53.4","-54.9","-56.5",-3,-4,"0.4",54,496,630,15,333,"3.0","a",0,-1,,"false"
"2026-09-20T08:49:34Z",130,"Wieffer","BHA","-12.3","-15.1","-19.8","-24.4",-1,-17,"0.2",49,9,558,7,156,"1.4","i",0,-1,,"false"
"2026-09-20T08:49:34Z",132,"Howell","BHA","0.0","0.0","0.0","0.0",0,0,"0.0",45,0,66,0,0,"0.0","u",0,0,,"false"
"2026-09-20T08:49:34Z",133,"Watson","BHA","0.0","0.0","0.0","0.0",0,0,"0.0",50,0,1,0,0,"0.0","u",0,0,,"false"
"2026-09-20T08:49:34Z",134,"Oriola","BHA","-60.9","-62.3","-64.7","-67.0",-3,-4,"0.2",45,72,382,0,0,"0.0","a",0,0,,"false"
"2026-09-20T08:49:34Z",135,"Yohanna","BHA","-80.1","-83.6","-89.3","-95.1",-3,-4,"0.0",49,2,126,1,12,"0.2","i",0,-1,,"false"
"2026-09-20T08:49:34Z",137,"Tzimas","BHA","0.0","0.0","0.0","0.0",0,0,"0.0",54,11,12,0,0,"0.0","i",0,-1,,"false"
"2026-09-20T08:49:34Z",138,"Kostoulas","BHA","69.9","86.4","113.3","140.3",3,1969,"1.8",55,84411,1808,28,353,"5.6","a",0,0,,"false"
"2026-09-20T08:49:34Z",139,"Ferguson","BHA","-49.4","-51.8","-55.8","-59.8",-3,-2,"0.0",50,28,74,0,0,"0.0","i",0,0,,"false"
"2026-09-20T08:49:34Z",328,"Struijk","BHA","-7.3","-6.5","-5.1","-3.7",-1,2,"0.2",49,177,148,7,98,"1.4","a",0,-1,,"false"
"2026-09-20T08:49:34Z",504,"Vuskovic","BHA","38.4","41.1","45.5","49.9",3,320,"3.3",50,14233,2909,32,437,"6.4","a",0,0,,"false"
"2026-09-20T08:49:34Z",594,"David","BHA","0.0","0.0","0.1","0.1",0,3,"0.2",59,636,604,1,23,"0.2","a",-1,-1,,"false"
"2026-09-20T08:49:34Z",600,"Osman","BHA","-65.9","-72.1","-82.3","-92.5",-3,-1,"0.0",50,18,32,3,40,"0.6","a",0,0,,"false"
"2026-09-20T08:49:34Z",605,"Yalcouyé","BHA","51.6","50.7","49.4","48.1",3,-98,"4.0",45,8437,12206,20,236,"4.0","a",0,0,,"false"
"2026-09-20T08:49:34Z",614,"Hadjam","BHA","-6.4","-6.4","-6.4","-6.4",-1,0,"0.0",45,94,74,0,0,"0.0","a",0,0,,"false"
"2026-09-20T08:49:34Z",624,"Cozier-Duberry","BHA","0.0","0.0","0.0","0.0",0,0,"0.0",50,0,0,0,0,"0.0","u",0,0,,"false"
"2026-09-20T08:49:34Z",639,"Andrés","BHA","0.4","0.5","0.7","0.9",1,16,"0.0",55,596,53,12,109,"4.0","a",0,0,,"false"
"2026-09-20T08:49:34Z",652,"Azeez","BHA","-17.8","-17.8","-17.8","-17.8",-1,0,"0.0",55,6,16,0,0,"0.0","i",0,0,,"false"
"2026-09-20T08:49:34Z",658,"Ibrahim","BHA","0.0","0.0","0.0","0.0",0,0,"0.0",45,84,51,0,0,"0.0","a",0,0,"2026-09-26T17:44:20.289392Z","false"
"2026-09-20T08:49:34Z",28,"Martinez","CHE","0.8","0.3","-1.2","-3.0",1,-62,"4.8",50,1810,7188,9,360,"1.8","a",0,0,,"false"
"2026-09-20T08:49:34Z",40,"Rogers","CHE","64.5","65.5","67.2","68.9",3,123,"40.1",77,40101,18021,29,437,"5.8","a",0,2,,"false"
"2026-09-20T08:49:34Z",101,"Henderson","CHE","0.0","0.0","0.0","0.0",0,0,"0.0",49,129,35,2,90,"0.4","a",0,-1,"2026-09-25T13:30:09.904003Z","false"
"2026-09-20T08:49:34Z",136,"Welbeck","CHE","7.2","7.0","6.8","6.5",1,-18,"1.0",59,3107,2711,4,85,"0.8","a",0,-1,,"false"
"2026-09-20T08:49:34Z",140,"Sánchez","CHE","0.0","0.0","0.0","0.0",0,-22,"0.7",49,0,1411,2,90,"0.4","u",0,-1,,"false"
"2026-09-20T08:49:34Z",141,"Jörgensen","CHE","0.0","0.0","0.0","0.0",0,-1,"0.0",50,0,13,0,0,"0.0","u",0,0,,"false"
"2026-09-20T08:49:34Z",142,"James","CHE","-59.2","-61.9","-66.5","-71.0",-3,-373,"6.3",54,174,26301,3,292,"0.6","d",0,-1,,"false"
"2026-09-20T08:49:34Z",143,"Chalobah","CHE","0.0","0.0","0.0","0.0",0,-1,"0.1",55,0,78,0,0,"0.0","u",0,0,,"false"
"2026-09-20T08:49:34Z",144,"Gusto","CHE","-91.3","-93.7","-97.5","-101.3",-3,-26,"1.0",50,480,2227,4,272,"0.8","a",0,0,,"false"
"2026-09-20T08:49:34Z",145,"Fofana","CHE","3.8","3.8","3.8","3.8",1,0,"0.2",50,649,334,8,312,"1.6","a",0,0,,"false"
"2026-09-20T08:49:34Z",146,"B.Badiashile","CHE","0.0","0.0","0.0","0.0",0,0,"0.0",45,0,13,0,0,"0.0","u",0,0,,"false"
"2026-09-20T08:49:34Z",148,"Hato","CHE","13.0","12.8","12.5","12.1",1,-26,"0.9",45,224,2846,8,258,"1.6","a",0,0,,"false"
"2026-09-20T08:49:34Z",149,"Colwill","CHE","-2.8","-3.7","-5.2","-6.7",-1,-16,"0.9",48,301,1899,3,341,"0.6","a",-1,-2,,"false"
"2026-09-20T08:49:34Z",150,"M.Sarr","CHE","0.0","0.0","0.0","0.0",0,-1,"0.0",45,0,53,0,0,"0.0","u",0,0,,"false"
"2026-09-20T08:49:34Z",151,"Acheampong","CHE","0.1","0.1","0.0","-0.2",1,-4,"0.3",45,128,571,5,221,"1.0","a",0,0,,"false"
"2026-09-20T08:49:34Z",152,"Palestra","CHE","-0.0","-0.0","-0.0","-0.0",0,0,"0.6",53,43,1194,0,0,"0.0","d",0,-2,"2026-09-25T13:30:10.008957Z","false"
"2026-09-20T08:49:34Z",154,"Palmer","CHE","23.6","21.6","18.5","15.3",2,-231,"26.8",97,14024,32931,28,442,"5.6","a",0,2,,"false"
"2026-09-20T08:49:34Z",156,"Neto","CHE","0.2","-0.7","-4.3","-7.9",-1,-35,"1.4",65,1179,2998,14,332,"2.8","a",0,0,,"false"
"2026-09-20T08:49:34Z",157,"Estêvão","CHE","-17.2","-18.2","-19.9","-21.5",-1,-8,"0.7",63,397,1184,4,23,"0.8","a",0,-2,,"false"
"2026-09-20T08:49:34Z",158,"Gittens","CHE","-96.9","-100.6","-106.8","-113.0",-5,-1,"0.0",59,39,52,0,0,"0.0","a",0,-1,,"false"
"2026-09-20T08:49:34Z",159,"Caicedo","CHE","-0.0","-0.0","-0.0","-0.0",0,0,"1.1",53,103,2741,1,13,"0.2","d",0,-2,"2026-09-25T13:30:10.038499Z","false"
"2026-09-20T08:49:34Z",161,"Lavia","CHE","4.9","4.8","4.7","4.7",1,-7,"0.2",50,118,860,11,258,"2.2","a",0,0,,"false"
"2026-09-20T08:49:34Z",163,"D.Essugo","CHE","0.0","0.0","0.0","0.0",0,-4,"0.1",45,0,205,0,0,"0.0","u",0,0,,"false"
"2026-09-20T08:49:34Z",164,"Quenda","CHE","-13.4","-13.4","-13.4","-13.4",-1,0,"0.0",53,16,47,2,27,"0.4","a",0,-2,,"false"
"2026-09-20T08:49:34Z",165,"João Pedro","CHE","-65.1","-71.3","-81.4","-91.5",-3,-1366,"67.8",78,13488,115184,33,360,"6.6","d",0,3,,"false"
"2026-09-20T08:49:34Z",168,"Marc Guiu","CHE","0.0","0.0","0.0","0.0",0,0,"0.2",50,0,403,0,0,"0.0","u",0,0,,"false"
"2026-09-20T08:49:34Z",169,"Mheuka","CHE","3.9","3.9","4.0","4.1",1,6,"0.5",45,1361,827,0,0,"0.0","a",0,0,,"false"
"2026-09-20T08:49:34Z",170,"Emegha","CHE","-79.2","-80.3","-82.1","-83.9",-3,-4,"0.1",50,19,307,0,0,"0.0","i",0,0,,"false"
"2026-09-20T08:49:34Z",200,"Lacroix","CHE","-2.1","-3.0","-4.3","-5.7",-1,-114,"6.9",59,1569,8804,13,364,"2.6","a",-1,-1,,"false"
"2026-09-20T08:49:34Z",560,"Penders","CHE","0.0","0.0","0.0","0.0",0,0,"0.1",44,58,80,0,0,"0.0","a",0,-1,,"false"
"2026-09-20T08:49:34Z",561,"Anselmino","CHE","0.0","0.0","0.0","0.0",0,0,"0.0",45,24,38,0,0,"0.0","a",0,0,,"false"
"2026-09-20T08:49:34Z",568,"Barco","CHE","-7.4","-10.3","-15.0","-19.6",-1,-4,"0.1",54,83,138,3,115,"0.6","a",0,-1,,"false"
"2026-09-20T08:49:34Z",583,"Chavarria","CHE","-43.6","-42.4","-40.5","-38.6",-3,2,"0.1",49,137,136,5,208,"1.0","a",0,-1,,"false"
"2026-09-20T08:49:34Z",662,"Nicoll-Jazuli","CHE","0.0","0.0","0.0","0.0",0,0,"0.0",45,81,7,1,3,"1.0","a",0,0,"2026-10-01T21:17:24.996715Z","false"
"2026-09-20T08:49:34Z",91,"Pinnock","COV","-80.6","-75.3","-66.8","-58.2",-3,4,"0.1",45,81,74,14,282,"2.8","a",0,0,,"false"
"2026-09-20T08:49:34Z",104,"Onyeka","COV","-23.8","-26.3","-30.5","-34.6",-2,-3,"0.1",49,27,136,9,314,"1.8","a",0,-1,,"false"
"2026-09-20T08:49:34Z",110,"Rushworth","COV","-55.6","-54.7","-53.2","-51.7",-3,8,"0.8",45,445,2758,16,450,"3.2","a",0,0,,"false"
"2026-09-20T08:49:34Z",171,"Dovin","COV","0.0","0.0","0.0","0.0",0,-13,"1.0",40,0,1319,0,0,"0.0","u",0,0,,"false"
"2026-09-20T08:49:34Z",172,"Wilson","COV","-2.1","-2.1","-2.1","-2.1",-1,0,"0.4",44,52,151,0,0,"0.0","a",0,-1,,"false"
"2026-09-20T08:49:34Z",173,"Thomas","COV","14.3","14.6","15.2","15.7",1,40,"8.6",40,4805,9705,24,437,"4.8","a",0,0,,"false"
"2026-09-20T08:49:34Z",174,"Kitching","COV","0.0","0.0","0.0","0.0",0,-4,"0.4",40,0,471,0,0,"0.0","u",0,0,,"false"
"2026-09-20T08:49:34Z",175,"van Ewijk","COV","-33.8","-35.0","-36.9","-38.9",-2,-236,"9.3",40,727,21400,6,360,"1.2","d",0,0,,"false"
"2026-09-20T08:49:34Z",176,"Dasilva","COV","-53.2","-50.7","-46.6","-42.6",-3,20,"0.7",40,797,381,20,444,"4.0","a",0,0,,"false"
"2026-09-20T08:49:34Z",177,"Kesler-Hayden","COV","0.0","0.0","0.0","0.0",0,0,"0.0",39,315,94,0,0,"0.0","i",-1,-1,,"false"
"2026-09-20T08:49:34Z",178,"Bidwell","COV","-23.2","-24.5","-26.6","-28.7",-2,-1,"0.1",40,62,66,0,0,"0.0","a",0,0,,"false"
"2026-09-20T08:49:34Z",179,"Latibeaudiere","COV","-64.9","-64.9","-64.9","-64.9",-3,0,"0.0",40,21,33,1,1,"0.2","a",0,0,,"false"
"2026-09-20T08:49:34Z",180,"Woolfenden","COV","-81.8","-82.4","-83.5","-84.6",-3,-2,"0.1",40,8,141,0,0,"0.0","i",0,0,,"false"
"2026-09-20T08:49:34Z",181,"Brau","COV","0.0","0.0","0.0","0.0",0,0,"0.0",40,0,21,0,0,"0.0","u",0,0,,"false"
"2026-09-20T08:49:34Z",182,"Amenda","COV","-34.8","-36.8","-40.1","-43.4",-2,-42,"0.7",40,9,2047,4,360,"0.8","i",0,0,,"false"
"2026-09-20T08:49:34Z",183,"Rudoni","COV","-3.8","-0.7","0.0","0.1",-1,4,"0.1",49,161,185,13,297,"2.6","a",0,-1,,"false"
"2026-09-20T08:49:34Z",184,"Grimes","COV","-17.1","-21.2","-27.8","-34.5",-2,-6,"0.1",49,49,313,11,443,"2.2","a",0,-1,,"false"
"2026-09-20T08:49:34Z",185,"Sakamoto","COV","-9.3","-9.3","-9.3","-9.3",-1,0,"0.1",48,40,116,1,31,"0.2","a",0,-2,,"false"
"2026-09-20T08:49:34Z",186,"Mason-Clark","COV","-92.9","-91.3","-88.7","-86.1",-3,2,"0.1",54,21,115,5,231,"1.0","a",0,-1,,"false"
"2026-09-20T08:49:34Z",187,"Eccles","COV","-0.3","-3.6","-9.1","-14.6",-1,-2,"0.0",48,6,38,0,0,"0.0","i",-1,-2,,"false"
"2026-09-20T08:49:34Z",188,"Torp","COV","-2.9","-5.0","-8.3","-11.6",-1,-4,"0.1",53,16,127,3,53,"0.6","a",-1,-2,,"false"
"2026-09-20T08:49:34Z",189,"Shepherd","COV","0.3","0.3","0.3","0.3",1,1,"0.3",44,1625,617,0,0,"0.0","a",0,-1,,"false"
"2026-09-20T08:49:34Z",190,"Tchaouna","COV","-62.6","-63.6","-65.4","-67.1",-3,-1,"0.1",54,2,104,5,211,"1.0","a",0,-1,,"false"
"2026-09-20T08:49:34Z",191,"Borges Rodrigues","COV","0.0","0.0","0.0","0.0",0,-3,"0.1",45,0,210,0,0,"0.0","u",0,0,,"false"
"2026-09-20T08:49:34Z",192,"Andrews","COV","0.0","0.0","0.0","0.0",0,-8,"0.3",45,0,625,0,0,"0.0","u",0,0,,"false"
"2026-09-20T08:49:34Z",193,"Wright","COV","-79.9","-81.1","-83.1","-85.2",-3,-3,"0.1",54,15,139,0,0,"0.0","i",0,-1,,"false"
"2026-09-20T08:49:34Z",194,"Thomas-Asante","COV","1.5","1.6","1.7","1.8",1,7,"0.7",50,1228,1451,9,227,"1.8","a",0,0,,"false"
"2026-09-20T08:49:34Z",195,"Simms","COV","-90.1","-92.5","-96.4","-100.3",-3,-18,"0.7",50,286,1433,4,104,"0.8","a",0,0,,"false"
"2026-09-20T08:49:34Z",196,"Markelo","COV","0.0","0.0","0.0","0.0",0,0,"0.0",50,0,19,0,0,"0.0","u",0,0,,"false"
"2026-09-20T08:49:34Z",197,"Bassette","COV","0.0","0.0","0.0","0.0",0,-2,"0.0",45,0,51,0,0,"0.0","u",0,0,,"false"
"2026-09-20T08:49:34Z",492,"Awoniyi","COV","-3.2","-4.2","-5.9","-7.6",-1,-24,"0.4",54,21,1691,3,232,"0.6","s",-1,-1,,"false"
"2026-09-20T08:49:34Z",575,"Yirenkyi","COV","-96.2","-98.9","-103.3","-107.7",-4,-5,"0.1",49,32,356,9,265,"1.8","a",0,-1,,"false"
"2026-09-20T08:49:34Z",584,"Hamer","COV","-62.4","-62.4","-62.4","-62.4",-3,0,"0.1",54,13,95,3,32,"0.6","a",0,-1,,"false"
"2026-09-20T08:49:34Z",599,"Cherif","COV","0.0","0.0","-2.0","-4.9",0,-2,"0.1",50,147,169,1,30,"0.2","a",0,0,,"false"
"2026-09-20T08:49:34Z",623,"Bentley","COV","1.3","1.3","1.3","1.3",1,2,"0.6",40,1472,324,0,0,"0.0","a",0,0,,"false"
"2026-09-20T08:49:34Z",655,"Gboho","COV","0.0","0.0","0.0","0.0",0,0,"0.0",55,26,21,0,0,"0.0","a",0,0,"2026-09-23T15:00:18.732507Z","false"
"2026-09-20T08:49:34Z",656,"Mfuni","COV","0.0","0.0","0.0","0.0",0,0,"0.1",40,254,199,6,90,"3.0","a",0,0,"2026-09-24T14:54:23.064516Z","false"
"2026-09-20T08:49:34Z",42,"Guessand","CRY","-7.9","-7.9","-7.9","-7.9",-1,0,"0.0",54,24,54,2,54,"0.4","a",0,-1,,"false"
"2026-09-20T08:49:34Z",153,"Disasi","CRY","-39.8","-41.5","-44.4","-47.3",-3,-4,"0.1",45,6,255,1,139,"0.2","s",0,0,,"false"
"2026-09-20T08:49:34Z",198,"Henderson","CRY","-74.9","-76.0","-77.9","-79.8",-3,-51,"1.4",50,30,3333,5,270,"1.0","i",0,0,,"false"
"2026-09-20T08:49:34Z",199,"Benitez","CRY","-32.1","-32.1","-32.1","-32.1",-2,0,"0.1",45,103,74,2,90,"0.4","a",0,0,,"false"
"2026-09-20T08:49:34Z",202,"Richards","CRY","-94.5","-94.5","-94.5","-94.5",-3,0,"0.6",50,253,840,6,360,"1.2","a",0,0,,"false"
"2026-09-20T08:49:34Z",203,"Canvot","CRY","-1.6","-1.6","-1.6","-1.6",-1,0,"0.2",48,49,378,2,270,"0.4","a",-1,-2,,"false"
"2026-09-20T08:49:34Z",204,"Mitchell","CRY","22.9","22.6","22.2","21.8",2,-30,"6.0",45,1797,5708,17,329,"3.4","a",0,0,,"false"
"2026-09-20T08:49:34Z",205,"Sosa","CRY","0.0","0.0","0.0","0.0",0,0,"0.0",45,0,29,0,0,"0.0","u",0,0,,"false"
"2026-09-20T08:49:34Z",206,"Chadi Riad","CRY","-1.0","-1.0","-1.0","-1.0",-1,0,"0.0",43,6,37,1,72,"0.2","i",-1,-2,,"false"
"2026-09-20T08:49:34Z",207,"Mingueza","CRY","-68.5","-68.5","-68.5","-68.5",-3,0,"0.1",44,23,57,2,16,"0.4","a",0,-1,,"false"
"2026-09-20T08:49:34Z",208,"Sarr","CRY","0.0","0.0","0.0","0.0",0,0,"0.6",62,735,490,0,0,"0.0","a",0,-3,"2026-09-24T16:30:08.977944Z","false"
"2026-09-20T08:49:34Z",210,"Wharton","CRY","-84.9","-86.8","-90.0","-93.2",-3,-17,"0.8",55,270,1182,10,346,"2.0","a",0,0,,"false"
"2026-09-20T08:49:34Z",211,"Yeremy","CRY","4.8","4.8","4.8","4.7",1,-3,"0.4",55,220,866,12,226,"2.4","a",0,0,,"false"
"2026-09-20T08:49:34Z",212,"Hughes","CRY","-8.4","-9.5","-11.3","-13.1",-1,-96,"7.6",44,2710,12358,2,29,"0.4","a",0,-1,,"false"
"2026-09-20T08:49:34Z",213,"Lerma","CRY","-92.5","-92.5","-92.5","-92.5",-3,0,"0.1",49,13,82,1,6,"0.2","a",0,-1,,"false"
"2026-09-20T08:49:34Z",214,"Kamada","CRY","10.6","10.6","10.6","10.6",1,0,"0.5",50,943,766,18,351,"3.6","a",0,0,,"false"
"2026-09-20T08:49:34Z",215,"Devenny","CRY","0.0","0.0","0.0","0.0",0,0,"0.0",50,0,6,0,0,"0.0","u",0,0,,"false"
"2026-09-20T08:49:34Z",216,"Esse","CRY","0.0","0.0","0.0","0.0",0,0,"0.0",50,0,30,0,0,"0.0","u",0,0,,"false"
"2026-09-20T08:49:34Z",217,"M.França","CRY","0.0","0.0","0.0","0.0",0,-1,"0.0",49,0,43,0,0,"0.0","u",0,-1,,"false"
"2026-09-20T08:49:34Z",218,"Doucouré","CRY","-92.2","-95.9","-101.8","-107.7",-4,-2,"0.0",49,20,61,0,0,"0.0","a",0,-1,,"false"
"2026-09-20T08:49:34Z",219,"J.Rak-Sakyi","CRY","0.0","0.0","0.0","0.0",0,0,"0.0",49,0,1,0,0,"0.0","u",0,-1,,"false"
"2026-09-20T08:49:34Z",220,"Cardines","CRY","0.0","0.0","0.0","0.0",0,0,"0.0",45,0,3,0,0,"0.0","u",0,0,,"false"
"2026-09-20T08:49:34Z",221,"Drakes-Thomas","CRY","-74.3","-75.7","-78.1","-80.4",-3,-1,"0.1",45,37,121,0,0,"0.0","a",0,0,,"false"
"2026-09-20T08:49:34Z",222,"Strand Larsen","CRY","4.6","4.6","4.7","4.8",1,7,"0.6",60,1531,752,12,217,"2.4","a",0,0,,"false"
"2026-09-20T08:49:34Z",223,"Mateta","CRY","-13.2","-14.1","-15.6","-17.1",-1,-40,"1.3",63,42,2370,2,62,"0.4","i",0,-2,,"false"
"2026-09-20T08:49:34Z",224,"Nketiah","CRY","-0.8","-2.5","-5.2","-7.9",-1,-10,"0.5",55,362,713,7,167,"1.4","a",0,0,,"false"
"2026-09-20T08:49:34Z",225,"Uche","CRY","0.0","0.0","0.0","0.0",0,0,"0.0",50,0,0,0,0,"0.0","u",0,0,,"false"
"2026-09-20T08:49:34Z",241,"McNeil","CRY","-72.6","-74.1","-76.6","-79.1",-3,-2,"0.1",54,17,102,3,84,"0.6","a",0,-1,,"false"
"2026-09-20T08:49:34Z",555,"Matthews","CRY","-5.7","-6.1","-6.8","-7.5",-1,-9,"1.7",40,333,694,0,0,"0.0","a",0,0,,"false"
"2026-09-20T08:49:34Z",577,"Tomiyasu","CRY","-5.8","-6.2","-7.0","-7.8",-1,-2,"0.3",44,58,165,2,144,"0.4","a",0,-1,,"false"
"2026-09-20T08:49:34Z",588,"Khalaili","CRY","5.9","5.9","5.9","6.0",1,3,"0.3",50,438,280,13,289,"2.6","a",0,0,,"false"
"2026-09-20T08:49:34Z",595,"Gozo","CRY","-84.6","-84.6","-84.6","-84.6",-3,0,"0.0",50,2,19,2,28,"0.4","a",0,0,,"false"
"2026-09-20T08:49:34Z",633,"Ahanor","CRY","0.1","0.1","0.1","0.2",1,2,"0.0",45,53,14,3,90,"1.0","a",0,0,,"false"
"2026-09-20T08:49:34Z",643,"Chilwell","CRY","-44.3","-46.2","-49.4","-52.6",-3,-10,"0.5",45,178,556,8,29,"2.7","a",0,0,,"false"
"2026-09-20T08:49:34Z",644,"Timber","CRY","0.1","0.1","0.1","0.1",1,0,"0.0",50,96,71,6,163,"2.0","a",0,0,,"false"
"2026-09-20T08:49:34Z",647,"Osorio","CRY","-44.2","-44.2","-44.2","-44.2",-3,0,"0.0",55,3,19,1,1,"0.3","a",0,0,,"false"
"2026-09-20T08:49:34Z",21,"Nørgaard","EVE","-84.7","-86.2","-88.6","-91.0",-3,-2,"0.0",49,11,100,0,0,"0.0","i",0,-1,,"false"
"2026-09-20T08:49:34Z",209,"Johnson","EVE","-12.1","-14.9","-19.4","-24.0",-1,-4,"0.1",59,100,214,9,238,"1.8","a",0,-1,,"false"
"2026-09-20T08:49:34Z",226,"Pickford","EVE","22.9","23.6","24.9","26.1",2,92,"9.0",55,6824,3695,25,450,"5.0","a",0,0,,"false"
"2026-09-20T08:49:34Z",227,"Travers","EVE","-29.7","-38.2","-51.9","-65.7",-2,-4,"0.0",50,52,57,0,0,"0.0","a",0,0,,"false"
"2026-09-20T08:49:34Z",228,"King","EVE","-34.4","-34.4","-34.4","-34.4",-2,0,"0.0",45,29,38,0,0,"0.0","a",0,0,,"false"
"2026-09-20T08:49:34Z",229,"Tarkowski","EVE","33.8","41.2","53.2","65.2",3,878,"14.5",61,44716,4079,43,450,"8.6","a",0,1,,"false"
"2026-09-20T08:49:34Z",230,"Branthwaite","EVE","28.1","28.6","29.4","30.1",2,57,"2.3",55,3985,1576,27,450,"5.4","a",0,0,,"false"
"2026-09-20T08:49:34Z",231,"Keane","EVE","-20.1","-22.1","-25.3","-28.6",-2,-17,"0.8",48,121,1060,0,0,"0.0","a",0,-2,,"false"
"2026-09-20T08:49:34Z",232,"O'Brien","EVE","-98.9","-100.2","-102.2","-104.2",-5,-4,"0.3",49,96,311,2,16,"0.4","a",0,-1,,"false"
"2026-09-20T08:49:34Z",233,"Mykolenko","EVE","0.4","0.6","0.9","1.1",1,52,"4.2",46,24734,3901,27,450,"5.4","a",1,1,,"false"
"2026-09-20T08:49:34Z",234,"Patterson","EVE","0.0","0.0","0.0","0.0",0,0,"0.0",45,0,33,0,0,"0.0","u",0,0,,"false"
"2026-09-20T08:49:34Z",235,"Aznou","EVE","0.0","0.0","0.0","0.0",0,0,"0.1",40,0,163,0,0,"0.0","u",0,0,,"false"
"2026-09-20T08:49:34Z",236,"Dewsbury-Hall","EVE","-6.0","-8.0","-11.1","-14.3",-1,-136,"6.2",66,22046,14321,20,450,"4.0","a",1,1,,"false"
"2026-09-20T08:49:34Z",238,"Grealish","EVE","7.6","7.5","7.3","7.2",1,-12,"0.4",65,911,803,6,135,"1.2","a",0,0,,"false"
"2026-09-20T08:49:34Z",239,"Garner","EVE","3.2","3.1","3.1","3.0",1,-6,"0.2",60,504,618,11,328,"2.2","a",0,0,,"false"
"2026-09-20T08:49:34Z",242,"George","EVE","29.8","29.5","29.0","28.4",2,-39,"0.9",55,827,4207,19,309,"3.8","a",0,0,,"false"
"2026-09-20T08:49:34Z",243,"Alcaraz","EVE","-31.5","-31.5","-31.5","-31.5",-2,0,"0.1",49,51,106,1,5,"0.2","a",0,-1,,"false"
"2026-09-20T08:49:34Z",244,"Armstrong","EVE","9.1","9.0","8.7","8.5",1,-19,"0.4",50,181,1396,16,446,"3.2","a",0,0,,"false"
"2026-09-20T08:49:34Z",245,"Dibling","EVE","-79.0","-79.0","-79.0","-79.0",-3,0,"0.0",54,32,40,1,24,"0.2","a",0,-1,,"false"
"2026-09-20T08:49:34Z",246,"Röhl","EVE","-20.4","-23.8","-29.5","-35.1",-2,-4,"0.0",49,4,218,6,249,"1.2","i",0,-1,,"false"
"2026-09-20T08:49:34Z",247,"Hackney","EVE","-92.1","-96.7","-104.2","-111.8",-4,-10,"0.2",55,57,317,10,137,"2.0","a",0,0,,"false"
"2026-09-20T08:49:34Z",248,"Beto","EVE","0.0","0.0","0.0","0.0",0,-36,"0.7",54,0,2150,2,31,"0.4","u",0,-1,,"false"
"2026-09-20T08:49:34Z",249,"Barry","EVE","88.7","90.7","93.9","97.1",3,235,"8.0",56,23605,8856,20,417,"4.0","a",0,1,,"false"
"2026-09-20T08:49:34Z",649,"Maitland-Niles","EVE","12.1","12.8","14.0","15.1",1,83,"1.0",45,4134,865,21,177,"7.0","a",0,0,,"false"
"2026-09-20T08:49:34Z",654,"Graham","EVE","-2.7","-7.3","-14.8","-22.3",-1,-6,"0.1",45,61,245,0,0,"0.0","a",0,0,,"false"
"2026-09-20T08:49:34Z",250,"Leno","FUL","4.9","5.1","5.5","5.9",1,28,"3.2",45,9089,1968,15,360,"3.0","a",0,0,,"false"
"2026-09-20T08:49:34Z",251,"Lecomte","FUL","-20.2","-20.2","-20.2","-20.2",-2,0,"1.1",40,871,568,0,0,"0.0","a",0,0,,"false"
"2026-09-20T08:49:34Z",252,"McNally","FUL","0.0","0.0","0.0","0.0",0,0,"0.1",40,0,187,0,0,"0.0","u",0,0,,"false"
"2026-09-20T08:49:34Z",253,"Andersen","FUL","0.3","0.3","0.4","0.4",1,4,"0.1",50,790,219,2,180,"0.4","a",0,0,,"false"
"2026-09-20T08:49:34Z",254,"Robinson","FUL","-28.8","-28.1","-26.9","-25.6",-2,12,"1.4",45,4488,1294,10,339,"2.0","a",0,0,,"false"
"2026-09-20T08:49:34Z",255,"J.Cuenca","FUL","-60.1","-56.3","-50.0","-43.7",-3,1,"0.0",45,21,20,3,90,"0.6","a",0,0,,"false"
"2026-09-20T08:49:34Z",256,"Tete","FUL","-22.7","-23.5","-24.8","-26.0",-2,-5,"0.2",44,2,471,0,27,"0.0","i",0,-1,,"false"
"2026-09-20T08:49:34Z",257,"Bassey","FUL","-17.6","-17.6","-17.5","-17.4",-1,1,"0.7",45,613,346,9,360,"1.8","a",0,0,,"false"
"2026-09-20T08:49:34Z",258,"Castagne","FUL","11.8","11.9","12.2","12.5",1,19,"0.9",45,5941,903,19,318,"3.8","a",0,0,,"false"
"2026-09-20T08:49:34Z",261,"Iwobi","FUL","-60.5","-62.0","-64.6","-67.1",-3,-12,"0.6",54,363,994,9,338,"1.8","a",0,-1,,"false"
"2026-09-20T08:49:34Z",262,"Smith Rowe","FUL","-81.2","-82.3","-84.1","-85.8",-3,-3,"0.2",54,80,310,3,38,"0.6","a",0,-1,,"false"
"2026-09-20T08:49:34Z",263,"Kevin","FUL","-2.8","-2.8","-2.8","-2.8",-1,0,"0.0",53,45,70,3,42,"0.6","a",0,-2,,"false"
"2026-09-20T08:49:34Z",264,"Bobb","FUL","-53.8","-53.8","-53.8","-53.8",-3,0,"0.3",55,472,428,10,273,"2.0","a",0,0,,"false"
"2026-09-20T08:49:34Z",265,"Berge","FUL","-25.9","-25.9","-25.9","-25.9",-2,0,"0.3",49,126,369,8,273,"1.6","a",0,-1,,"false"
"2026-09-20T08:49:34Z",266,"Cairney","FUL","-7.6","-7.6","-7.6","-7.6",-1,0,"0.0",49,2,6,0,0,"0.0","i",0,-1,,"false"
"2026-09-20T08:49:34Z",268,"King","FUL","68.0","68.9","70.2","71.5",3,98,"2.1",55,23880,4247,22,346,"4.4","a",0,0,,"false"
"2026-09-20T08:49:34Z",269,"Sessegnon","FUL","-53.5","-54.8","-57.0","-59.1",-3,-8,"0.3",44,10,489,3,50,"0.6","d",0,-1,,"false"
"2026-09-20T08:49:34Z",270,"Reed","FUL","-0.1","-0.5","-1.0","-1.6",-1,-5,"1.1",44,773,1756,0,0,"0.0","a",0,-1,,"false"
"2026-09-20T08:49:34Z",271,"Muniz","FUL","-35.0","-36.1","-37.9","-39.7",-2,-5,"0.4",54,527,517,3,28,"0.6","a",0,-1,,"false"
"2026-09-20T08:49:34Z",272,"Kusi-Asare","FUL","-47.3","-48.5","-50.5","-52.5",-3,-78,"5.6",45,3103,8042,0,0,"0.0","a",0,0,,"false"
"2026-09-20T08:49:34Z",569,"Gonzalo","FUL","49.1","49.5","50.2","50.9",3,50,"3.7",60,17459,7030,12,346,"2.4","a",0,0,,"false"
"2026-09-20T08:49:34Z",570,"Palacios","FUL","0.0","0.0","0.0","0.0",0,0,"0.2",54,339,213,11,207,"2.2","a",0,-1,,"false"
"2026-09-20T08:49:34Z",580,"Charles","FUL","-87.9","-87.9","-87.9","-87.9",-3,0,"0.1",50,90,84,9,213,"1.8","a",0,0,,"false"
"2026-09-20T08:49:34Z",610,"De Fougerolles","FUL","0.0","0.0","0.0","0.0",0,-2,"0.1",40,0,140,0,0,"0.0","u",0,0,,"false"
"2026-09-20T08:49:34Z",626,"Zepa","FUL","-69.8","-71.4","-74.0","-76.5",-3,-5,"0.3",45,37,595,0,0,"0.0","a",0,0,,"false"
"2026-09-20T08:49:34Z",635,"Larsson","FUL","0.0","0.0","0.0","0.1",0,1,"0.0",50,22,19,2,24,"0.7","a",0,0,,"false"
"2026-09-20T08:49:34Z",636,"Ángel","FUL","0.0","0.0","0.0","0.0",0,0,"0.0",50,7,4,0,0,"0.0","a",0,0,,"false"
"2026-09-20T08:49:34Z",650,"Affengruber","FUL","0.4","0.4","0.5","0.5",1,3,"0.0",45,388,82,8,90,"2.7","a",0,0,,"false"
"2026-09-20T08:49:34Z",240,"Iroegbunam","HUL","0.1","0.1","0.0","0.0",1,-2,"0.0",50,18,42,2,70,"0.4","a",0,0,,"false"
"2026-09-20T08:49:34Z",273,"Phillips","HUL","-23.6","-23.3","-22.7","-22.1",-2,6,"1.4",40,717,789,0,0,"0.0","a",0,0,,"false"
"2026-09-20T08:49:34Z",274,"Butland","HUL","-93.4","-94.3","-95.8","-97.3",-3,-2,"0.1",45,30,87,0,0,"0.0","i",0,0,,"false"
"2026-09-20T08:49:34Z",275,"Cartwright","HUL","0.0","0.0","0.0","0.0",0,0,"0.0",40,0,7,0,0,"0.0","u",0,0,,"false"
"2026-09-20T08:49:34Z",276,"Lo-Tutala","HUL","0.0","0.0","0.0","0.0",0,0,"0.0",40,0,23,0,0,"0.0","u",0,0,,"false"
"2026-09-20T08:49:34Z",277,"Egan","HUL","27.6","27.2","26.4","25.6",2,-56,"7.1",41,10662,7350,26,437,"5.2","a",0,1,,"false"
"2026-09-20T08:49:34Z",278,"Hughes","HUL","0.8","0.8","0.8","0.8",1,0,"0.2",39,536,487,0,0,"0.0","i",0,-1,,"false"
"2026-09-20T08:49:34Z",279,"Ajayi","HUL","72.8","72.0","70.5","69.0",3,-107,"14.2",42,17742,14640,27,423,"5.4","a",0,2,,"false"
"2026-09-20T08:49:34Z",280,"Coyle","HUL","0.3","0.3","0.2","0.2",1,-2,"0.7",40,731,491,14,348,"2.8","a",0,0,,"false"
"2026-09-20T08:49:34Z",281,"Drameh","HUL","0.0","0.0","0.0","0.0",0,0,"0.0",40,0,70,2,65,"0.4","u",0,0,,"false"
"2026-09-20T08:49:34Z",282,"Giles","HUL","65.3","65.2","65.2","65.1",3,-4,"2.9",40,10167,3438,24,444,"4.8","a",0,0,,"false"
"2026-09-20T08:49:34Z",283,"Jacob","HUL","0.0","0.0","0.0","0.0",0,0,"0.0",40,0,9,0,0,"0.0","u",0,0,,"false"
"2026-09-20T08:49:34Z",284,"McCarthy","HUL","0.4","0.4","0.5","0.5",1,1,"0.1",40,125,101,0,0,"0.0","a",0,0,,"false"
"2026-09-20T08:49:34Z",285,"McNair","HUL","-31.6","-31.6","-31.6","-31.6",-2,0,"0.1",40,59,74,1,26,"0.2","a",0,0,,"false"
"2026-09-20T08:49:34Z",286,"Belloumi","HUL","21.5","23.1","25.7","28.3",2,191,"4.5",51,21131,7075,31,394,"6.2","a",0,1,,"false"
"2026-09-20T08:49:34Z",287,"Millar","HUL","0.0","0.0","0.0","0.0",0,0,"0.0",50,0,83,6,50,"1.2","u",0,0,,"false"
"2026-09-20T08:49:34Z",288,"Dowell","HUL","-73.2","-75.2","-78.5","-81.8",-3,-7,"0.3",45,146,571,0,0,"0.0","a",0,0,,"false"
"2026-09-20T08:49:34Z",289,"Crooks","HUL","0.1","0.2","0.4","0.6",1,14,"0.5",44,1187,1260,3,203,"0.6","a",-1,-1,,"false"
"2026-09-20T08:49:34Z",290,"Slater","HUL","73.5","72.9","71.8","70.7",3,-80,"5.4",45,4690,12327,15,437,"3.0","a",0,0,,"false"
"2026-09-20T08:49:34Z",291,"Matazo","HUL","-12.0","-12.0","-12.0","-12.0",-1,0,"0.0",45,13,22,0,0,"0.0","i",0,0,,"false"
"2026-09-20T08:49:34Z",292,"Ömür","HUL","0.0","0.0","0.0","0.0",0,1,"0.0",49,28,37,0,0,"0.0","a",0,-1,,"false"
"2026-09-20T08:49:34Z",293,"Kamara","HUL","0.0","0.0","0.0","0.0",0,0,"0.0",50,0,3,0,0,"0.0","u",0,0,,"false"
"2026-09-20T08:49:34Z",294,"Zambrano","HUL","-9.2","-11.6","-15.6","-19.6",-1,-3,"0.1",45,45,134,0,0,"0.0","a",0,0,,"false"
"2026-09-20T08:49:34Z",295,"McBurnie","HUL","28.6","28.1","27.3","26.5",2,-60,"2.0",55,2744,5309,14,441,"2.8","a",0,0,,"false"
"2026-09-20T08:49:34Z",296,"Akintola","HUL","0.0","0.0","0.0","0.0",0,-3,"0.0",50,0,84,0,0,"0.0","u",0,0,,"false"
"2026-09-20T08:49:34Z",297,"Gyabi","HUL","-93.9","-93.9","-93.9","-93.9",-3,0,"0.0",45,5,30,0,0,"0.0","i",0,0,,"false"
"2026-09-20T08:49:34Z",298,"Destan","HUL","0.0","0.0","0.0","0.0",0,-6,"0.2",45,0,365,0,0,"0.0","u",0,0,,"false"
"2026-09-20T08:49:34Z",299,"Burstow","HUL","0.0","0.0","0.0","0.0",0,-1,"0.0",45,0,72,0,0,"0.0","u",0,0,,"false"
"2026-09-20T08:49:34Z",340,"Gelhardt","HUL","0.0","0.0","0.0","0.0",0,0,"0.0",50,24,31,1,7,"0.2","a",0,0,,"false"
"2026-09-20T08:49:34Z",556,"Targett","HUL","-56.4","-57.3","-58.9","-60.5",-3,-35,"1.7",40,30,2732,1,5,"0.2","d",0,0,,"false"
"2026-09-20T08:49:34Z",563,"Morita","HUL","-76.1","-76.1","-76.1","-76.1",-3,0,"0.0",50,4,37,1,45,"0.2","i",0,0,,"false"
"2026-09-20T08:49:34Z",572,"Tzolakis","HUL","84.7","86.6","89.6","92.6",3,221,"11.7",46,26505,5372,34,450,"6.8","a",0,1,,"false"
"2026-09-20T08:49:34Z",574,"Hjertø-Dahl","HUL","-51.4","-51.4","-51.4","-51.4",-3,0,"0.1",49,24,80,1,8,"0.2","a",0,-1,,"false"
"2026-09-20T08:49:34Z",576,"Stroud","HUL","-32.0","-30.7","-28.6","-26.6",-2,1,"0.1",50,41,98,7,249,"1.4","a",0,0,,"false"
"2026-09-20T08:49:34Z",585,"Herrington","HUL","-21.6","-22.5","-23.9","-25.4",-2,-6,"0.6",40,314,358,5,197,"1.0","a",0,0,,"false"
"2026-09-20T08:49:34Z",586,"Mendy","HUL","-0.2","-0.2","-0.2","-0.2",-1,0,"6.4",41,982,18795,25,249,"5.0","a",0,1,"2026-09-27T16:30:09.400433Z","false"
"2026-09-20T08:49:34Z",589,"Gourna-Douath","HUL","-59.6","-59.6","-59.6","-59.6",-3,0,"0.0",50,11,25,4,138,"0.8","a",0,0,,"false"
"2026-09-20T08:49:34Z",617,"Cho","HUL","0.1","0.1","0.2","0.2",1,2,"0.0",50,97,31,9,72,"2.2","a",0,0,,"false"
"2026-09-20T08:49:34Z",632,"Ansah","HUL","-37.2","-37.2","-37.2","-37.2",-2,0,"0.0",50,21,109,0,0,"0.0","i",0,0,,"false"
"2026-09-20T08:49:34Z",637,"Vaz","HUL","1.0","1.0","1.1","1.2",1,6,"0.1",50,541,231,2,20,"0.7","a",0,0,,"false"
"2026-09-20T08:49:34Z",638,"Norton-Cuffy","HUL","-2.8","-5.8","-10.8","-15.8",-1,-9,"0.3",40,233,423,1,34,"0.3","a",0,0,,"false"
"2026-09-20T08:49:34Z",642,"Thomas","HUL","0.2","0.2","0.2","0.2",1,0,"0.0",55,120,81,4,119,"1.3","a",0,0,,"false"
"2026-09-20T08:49:34Z",645,"Mouzakitis","HUL","0.0","0.0","-19.1","-42.2",0,-1,"0.0",50,18,19,0,0,"0.0","a",0,0,,"false"
"2026-09-20T08:49:34Z",259,"Diop","IPS","-44.0","-44.2","-44.5","-44.8",-3,-28,"13.1",40,1985,15192,12,450,"2.4","a",0,0,,"false"
"2026-09-20T08:49:34Z",267,"Lukić","IPS","-0.4","-2.5","-5.8","-9.2",-1,-4,"0.1",49,34,153,11,400,"2.2","a",-1,-1,,"false"
"2026-09-20T08:49:34Z",300,"Walton","IPS","-10.8","-9.5","-7.3","-5.1",-1,6,"0.4",44,309,179,2,90,"0.4","a",0,-1,,"false"
"2026-09-20T08:49:34Z",301,"Palmer","IPS","-21.0","-21.1","-21.3","-21.5",-2,-6,"4.0",40,1266,3110,0,0,"0.0","a",0,0,,"false"
"2026-09-20T08:49:34Z",302,"Button","IPS","1.1","1.1","1.1","1.1",1,0,"0.6",40,602,313,0,0,"0.0","a",0,0,,"false"
"2026-09-20T08:49:34Z",303,"Kipré","IPS","3.2","3.1","2.9","2.7",1,-15,"0.9",39,1510,961,0,0,"0.0","a",0,-1,,"false"
"2026-09-20T08:49:34Z",304,"O'Shea","IPS","-31.4","-31.6","-32.0","-32.4",-2,-8,"2.8",40,526,3973,10,450,"2.0","a",0,0,,"false"
"2026-09-20T08:49:34Z",305,"Davis","IPS","63.6","64.2","65.1","66.0",3,68,"6.8",40,17300,5716,25,450,"5.0","a",0,0,,"false"
"2026-09-20T08:49:34Z",306,"Greaves","IPS","-76.4","-76.7","-77.3","-77.8",-3,-4,"1.1",40,128,924,3,357,"0.6","a",0,0,,"false"
"2026-09-20T08:49:34Z",307,"Johnson","IPS","0.0","0.0","0.0","0.0",0,-2,"0.1",40,0,102,0,0,"0.0","u",0,0,,"false"
"2026-09-20T08:49:34Z",308,"Furlong","IPS","1.3","1.4","1.5","1.7",1,11,"0.6",39,2243,638,1,17,"0.2","a",0,-1,,"false"
"2026-09-20T08:49:34Z",309,"Núñez","IPS","-14.6","-16.5","-19.7","-22.8",-1,-2,"0.1",49,28,158,6,140,"1.2","a",0,-1,,"false"
"2026-09-20T08:49:34Z",310,"Matusiwa","IPS","0.0","0.0","0.0","0.0",0,0,"0.0",49,5,5,0,0,"0.0","a",0,-1,,"false"
"2026-09-20T08:49:34Z",311,"Burns","IPS","0.0","0.0","0.0","0.0",0,0,"0.0",50,0,3,0,0,"0.0","u",0,0,,"false"
"2026-09-20T08:49:34Z",312,"Taylor","IPS","-0.2","-0.2","-0.2","-0.2",-1,0,"0.0",44,23,59,0,0,"0.0","i",-1,-1,,"false"
"2026-09-20T08:49:34Z",313,"Clarke","IPS","-65.6","-70.0","-77.1","-84.3",-3,-9,"0.2",54,31,315,11,170,"2.2","a",0,-1,,"false"
"2026-09-20T08:49:34Z",314,"Ogbene","IPS","0.0","0.0","0.0","0.0",0,-1,"0.0",49,0,17,0,0,"0.0","u",0,-1,,"false"
"2026-09-20T08:49:34Z",315,"Fatawu","IPS","-8.1","-10.4","-14.2","-18.0",-1,-13,"0.2",54,37,638,8,352,"1.6","s",0,-1,,"false"
"2026-09-20T08:49:34Z",316,"Emersonn","IPS","77.1","77.3","77.7","78.1",3,28,"3.4",55,13727,5634,26,317,"5.2","a",0,0,,"false"
"2026-09-20T08:49:34Z",317,"Hirst","IPS","0.0","0.0","0.0","0.0",0,0,"0.1",50,0,118,0,0,"0.0","u",0,0,,"false"
"2026-09-20T08:49:34Z",318,"Philogene","IPS","-1.8","-1.8","-1.8","-1.8",-1,0,"0.1",54,9,40,2,52,"0.4","a",0,-1,,"false"
"2026-09-20T08:49:34Z",319,"Szmodics","IPS","0.0","0.0","0.0","0.0",0,0,"0.0",50,0,2,0,0,"0.0","u",0,0,,"false"
"2026-09-20T08:49:34Z",320,"Akpom","IPS","24.1","23.8","23.5","23.1",2,-28,"1.2",50,1922,2502,7,78,"1.4","a",0,0,,"false"
"2026-09-20T08:49:34Z",321,"Walle Egeli","IPS","38.9","38.5","37.9","37.3",2,-45,"3.6",45,5392,7045,1,10,"0.2","a",0,0,,"false"
"2026-09-20T08:49:34Z",322,"Al-Hamadi","IPS","0.0","0.0","0.0","0.0",0,-4,"0.1",50,0,98,0,0,"0.0","u",0,0,,"false"
"2026-09-20T08:49:34Z",323,"McAteer","IPS","-89.8","-91.8","-95.1","-98.5",-3,-25,"1.1",45,137,1879,3,42,"0.6","a",0,0,,"false"
"2026-09-20T08:49:34Z",324,"Mehmeti","IPS","-0.1","-0.1","-0.1","-0.1",-1,0,"0.0",48,10,39,0,0,"0.0","a",-1,-2,,"false"
"2026-09-20T08:49:34Z",554,"Van Oevelen","IPS","0.0","0.0","0.0","0.0",0,-1,"0.0",45,0,27,0,0,"0.0","u",0,0,,"false"
"2026-09-20T08:49:34Z",562,"Maeda","IPS","-0.6","-1.0","-1.8","-2.5",-1,-2,"0.2",53,37,546,8,259,"1.6","a",-1,-2,,"false"
"2026-09-20T08:49:34Z",564,"Scherpen","IPS","-24.3","-24.4","-24.5","-24.7",-2,-1,"0.6",45,180,1068,7,360,"1.4","a",0,0,,"false"
"2026-09-20T08:49:34Z",571,"Florentino","IPS","-94.9","-94.9","-94.9","-94.9",-3,0,"0.1",49,16,76,2,30,"0.4","a",0,-1,,"false"
"2026-09-20T08:49:34Z",591,"Enciso","IPS","8.9","8.4","7.7","7.0",1,-52,"0.8",55,603,2160,15,413,"3.0","a",0,0,,"false"
"2026-09-20T08:49:34Z",592,"Ouattara","IPS","-24.8","-25.4","-26.4","-27.4",-2,-6,"0.9",40,200,511,6,131,"1.2","a",0,0,,"false"
"2026-09-20T08:49:34Z",602,"Humphreys","IPS","0.0","0.0","0.0","0.0",0,-3,"0.0",45,0,64,0,0,"0.0","u",0,0,,"false"
"2026-09-20T08:49:34Z",619,"Palacios","IPS","1.1","1.1","1.2","1.2",1,2,"0.1",50,212,194,11,275,"2.8","a",0,0,,"false"
"2026-09-20T08:49:34Z",640,"Flemming","IPS","0.5","0.5","0.5","0.5",1,-1,"0.1",55,286,237,6,60,"2.0","a",0,0,,"false"
"2026-09-20T08:49:34Z",260,"Wilson","LEE","-23.9","-27.1","-32.4","-37.7",-2,-198,"1.9",62,18,14868,5,145,"1.0","i",0,-3,,"false"
"2026-09-20T08:49:34Z",326,"Perri","LEE","0.0","0.0","0.0","0.0",0,-5,"0.3",45,0,321,0,0,"0.0","u",0,0,,"false"
"2026-09-20T08:49:34Z",327,"Bijol","LEE","6.3","6.2","6.2","6.1",1,-6,"0.7",50,253,1136,12,164,"2.4","a",0,0,,"false"
"2026-09-20T08:49:34Z",329,"Rodon","LEE","-1.5","-2.0","-2.8","-3.6",-1,-22,"0.8",43,5,3608,7,123,"1.4","i",-1,-2,,"false"
"2026-09-20T08:49:34Z",330,"Bogle","LEE","29.0","31.1","34.5","37.9",2,248,"6.2",46,35095,5007,37,299,"7.4","a",0,1,,"false"
"2026-09-20T08:49:34Z",331,"Gudmundsson","LEE","0.8","0.8","0.8","0.8",1,-1,"0.1",45,103,69,8,162,"1.6","a",0,0,,"false"
"2026-09-20T08:49:34Z",332,"Justin","LEE","16.6","16.6","16.4","16.3",1,-11,"1.5",45,567,1943,18,360,"3.6","a",0,0,,"false"
"2026-09-20T08:49:34Z",333,"Bornauw","LEE","0.0","0.0","0.0","0.0",0,0,"0.0",45,0,1,0,0,"0.0","u",0,0,,"false"
"2026-09-20T08:49:34Z",334,"Muharemović","LEE","34.9","34.9","34.9","35.0",2,3,"4.3",50,5814,5357,21,360,"4.2","a",0,0,,"false"
"2026-09-20T08:49:34Z",335,"Stach","LEE","18.7","18.0","17.0","16.0",1,-75,"2.6",60,1224,6515,22,357,"4.4","a",0,0,,"false"
"2026-09-20T08:49:34Z",336,"Okafor","LEE","1.9","1.8","1.6","1.4",1,-12,"0.4",58,601,915,15,224,"3.0","a",0,-2,,"false"
"2026-09-20T08:49:34Z",337,"Aaronson","LEE","-99.9","-103.4","-109.1","-114.9",-5,-20,"0.5",54,52,988,6,172,"1.2","a",0,-1,,"false"
"2026-09-20T08:49:34Z",338,"Ampadu","LEE","-18.6","-19.8","-21.7","-23.7",-1,-13,"0.9",54,264,1578,16,360,"3.2","a",0,-1,,"false"
"2026-09-20T08:49:34Z",339,"Longstaff","LEE","-65.8","-68.2","-72.0","-75.9",-3,-2,"0.1",49,36,149,2,10,"0.4","a",0,-1,,"false"
"2026-09-20T08:49:34Z",341,"Gnonto","LEE","0.0","0.0","0.0","0.0",0,0,"0.0",50,0,18,0,0,"0.0","u",0,0,,"false"
"2026-09-20T08:49:34Z",342,"Harrison","LEE","0.0","0.0","0.0","0.0",0,0,"0.0",50,0,2,0,0,"0.0","u",0,0,,"false"
"2026-09-20T08:49:34Z",343,"James","LEE","-11.6","-14.0","-17.8","-21.6",-1,-3,"0.1",49,56,143,2,29,"0.4","a",0,-1,,"false"
"2026-09-20T08:49:34Z",344,"Gruev","LEE","0.0","0.0","0.0","0.0",0,0,"0.0",50,13,2,0,0,"0.0","a",0,0,,"false"
"2026-09-20T08:49:34Z",345,"Tanaka","LEE","4.5","4.5","4.5","4.5",1,0,"0.3",49,616,509,12,188,"2.4","a",0,-1,,"false"
"2026-09-20T08:49:34Z",346,"Calvert-Lewin","LEE","76.9","78.2","80.5","82.7",3,164,"25.7",60,36677,34407,20,329,"4.0","a",0,0,,"false"
"2026-09-20T08:49:34Z",347,"Nmecha","LEE","-8.5","-8.7","-9.1","-9.4",-1,-1,"0.5",54,564,802,6,50,"1.2","a",0,-1,,"false"
"2026-09-20T08:49:34Z",348,"Piroe","LEE","0.0","0.0","0.0","0.0",0,-2,"0.1",50,0,109,0,0,"0.0","u",0,0,,"false"
"2026-09-20T08:49:34Z",349,"Mateo Joseph","LEE","-32.9","-33.6","-34.7","-35.9",-2,-1,"0.1",45,115,130,0,0,"0.0","i",0,0,,"false"
"2026-09-20T08:49:34Z",385,"Trafford","LEE","28.2","27.9","27.3","26.8",2,-41,"5.4",50,1904,4374,18,360,"3.6","a",0,0,,"false"
"2026-09-20T08:49:34Z",598,"Elvedi","LEE","0.6","0.6","0.6","0.6",1,0,"0.1",45,39,64,7,236,"1.4","a",0,0,,"false"
"2026-09-20T08:49:34Z",603,"Lienou","LEE","0.2","0.2","0.2","0.2",1,0,"0.1",40,85,125,0,0,"0.0","a",0,0,,"false"
"2026-09-20T08:49:34Z",604,"Cresswell","LEE","0.1","0.1","0.1","0.0",1,-1,"0.1",45,95,219,0,0,"0.0","a",0,0,,"false"
"2026-09-20T08:49:34Z",625,"Cairns","LEE","0.4","0.4","0.3","0.2",1,-7,"0.2",40,309,169,0,0,"0.0","a",0,0,,"false"
"2026-09-20T08:49:34Z",629,"Zetterer","LEE","2.4","2.3","2.1","2.0",1,-11,"0.7",40,1038,609,0,0,"0.0","a",0,0,,"false"
"2026-09-20T08:49:34Z",641,"Bard","LEE","0.0","0.0","0.0","0.0",0,0,"0.0",45,30,19,1,18,"0.3","a",0,0,,"false"
"2026-09-20T08:49:34Z",648,"Bahoya","LEE","-32.2","-32.2","-32.2","-32.2",-2,0,"0.0",50,32,63,0,0,"0.0","a",0,0,,"false"
"2026-09-20T08:49:34Z",350,"A.Becker","LIV","0.8","0.6","0.4","0.1",1,-19,"3.9",55,1463,2777,19,360,"3.8","a",0,0,,"false"
"2026-09-20T08:49:34Z",351,"Mamardashvili","LIV","-78.8","-77.5","-75.2","-73.0",-3,2,"0.1",49,72,135,0,0,"0.0","a",0,-1,,"false"
"2026-09-20T08:49:34Z",352,"Woodman","LIV","-24.0","-24.4","-24.9","-25.5",-2,-4,"1.0",40,253,569,0,0,"0.0","a",0,0,,"false"
"2026-09-20T08:49:34Z",353,"Pecsi","LIV","0.0","0.0","0.0","0.0",0,0,"0.0",40,0,12,0,0,"0.0","u",0,0,,"false"
"2026-09-20T08:49:34Z",354,"Jaros","LIV","0.0","0.0","0.0","0.0",0,0,"0.0",40,97,58,0,0,"0.0","i",0,0,,"false"
"2026-09-20T08:49:34Z",355,"Davies","LIV","0.1","0.1","0.0","-1.1",1,-4,"0.2",40,85,100,0,0,"0.0","a",0,0,,"false"
"2026-09-20T08:49:34Z",356,"Virgil","LIV","-53.3","-53.9","-54.9","-55.8",-3,-109,"16.3",65,3280,12596,17,360,"3.4","a",0,0,,"false"
"2026-09-20T08:49:34Z",357,"Frimpong","LIV","-11.8","-13.0","-14.9","-16.8",-1,-25,"1.8",53,426,2499,2,178,"0.4","a",0,-2,,"false"
"2026-09-20T08:49:34Z",358,"Kerkez","LIV","-85.7","-86.8","-88.6","-90.4",-3,-29,"2.3",54,519,3075,7,295,"1.4","a",0,-1,,"false"
"2026-09-20T08:49:34Z",359,"Gomez","LIV","0.0","0.0","0.0","0.0",0,0,"0.0",49,89,25,0,0,"0.0","a",0,-1,"2026-09-22T14:30:07.295674Z","false"
"2026-09-20T08:49:34Z",360,"Bradley","LIV","-76.3","-76.3","-76.3","-76.3",-3,0,"0.0",50,14,16,0,0,"0.0","i",0,0,,"false"
"2026-09-20T08:49:34Z",361,"Lucky","LIV","-39.9","-41.3","-43.7","-46.1",-3,-2,"0.1",40,90,112,0,0,"0.0","a",0,0,,"false"
"2026-09-20T08:49:34Z",362,"Jacquet","LIV","44.0","43.9","43.8","43.6",3,-10,"3.3",50,4434,3453,18,325,"3.6","a",0,0,,"false"
"2026-09-20T08:49:34Z",363,"Leoni","LIV","-49.5","-49.5","-49.5","-49.5",-3,0,"0.0",40,27,45,0,0,"0.0","i",0,0,,"false"
"2026-09-20T08:49:34Z",364,"Tsimikas","LIV","-32.6","-32.6","-32.6","-32.6",-2,0,"0.1",49,25,70,2,64,"0.4","a",0,-1,,"false"
"2026-09-20T08:49:34Z",365,"Ramsay","LIV","0.0","0.0","0.0","0.0",0,-4,"0.1",40,0,130,0,0,"0.0","u",0,0,,"false"
"2026-09-20T08:49:34Z",366,"Wirtz","LIV","-17.6","-19.1","-21.5","-23.9",-1,-101,"6.0",73,562,13602,12,332,"2.4","a",0,-2,,"false"
"2026-09-20T08:49:34Z",367,"Gakpo","LIV","13.0","12.1","10.7","9.2",1,-108,"12.7",72,12728,20276,29,280,"5.8","a",0,2,,"false"
"2026-09-20T08:49:34Z",368,"Szoboszlai","LIV","-73.0","-73.8","-75.3","-76.7",-3,-347,"34.2",70,10081,57012,18,360,"3.6","a",0,0,,"false"
"2026-09-20T08:49:34Z",369,"Ngumoha","LIV","-3.9","-5.2","-7.5","-9.8",-1,-13,"0.5",57,218,929,4,99,"0.8","a",-1,-3,,"false"
"2026-09-20T08:49:34Z",370,"Chiesa","LIV","-1.0","-1.5","-2.3","-3.0",-1,-1,"0.0",53,5,63,0,0,"0.0","i",-1,-2,,"false"
"2026-09-20T08:49:34Z",371,"Gravenberch","LIV","-3.5","-4.9","-7.1","-9.3",-1,-31,"1.1",58,364,1960,8,181,"1.6","a",-1,-2,,"false"
"2026-09-20T08:49:34Z",372,"Mac Allister","LIV","-32.2","-33.3","-35.0","-36.8",-2,-16,"1.3",54,967,1835,6,216,"1.2","a",0,-1,,"false"
"2026-09-20T08:49:34Z",373,"C.Jones","LIV","0.0","0.0","0.0","0.0",0,0,"0.0",55,0,15,0,0,"0.0","u",0,0,,"false"
"2026-09-20T08:49:34Z",374,"Endo","LIV","-38.9","-38.9","-38.9","-38.9",-2,0,"0.1",49,47,90,0,0,"0.0","a",0,-1,,"false"
"2026-09-20T08:49:34Z",375,"Nyoni","LIV","-58.8","-64.8","-74.6","-84.4",-3,-3,"0.0",49,14,67,2,19,"0.4","a",0,-1,,"false"
"2026-09-20T08:49:34Z",376,"Bajcetic","LIV","0.0","0.0","0.0","0.0",0,0,"0.0",50,0,1,0,0,"0.0","u",0,0,,"false"
"2026-09-20T08:49:34Z",377,"Munoz","LIV","9.6","9.2","8.7","8.1",1,-41,"1.0",65,455,2718,14,239,"2.8","a",0,0,,"false"
"2026-09-20T08:49:34Z",378,"McConnell","LIV","0.1","0.1","0.1","0.1",1,1,"0.2",44,324,352,0,0,"0.0","a",0,-1,,"false"
"2026-09-20T08:49:34Z",379,"Isak","LIV","-8.8","-9.0","-9.5","-9.9",-1,-32,"21.9",91,16118,22373,25,333,"5.0","a",0,1,,"false"
"2026-09-20T08:49:34Z",380,"Ekitiké","LIV","-19.0","-19.4","-20.2","-20.9",-1,-2,"0.1",74,105,211,0,0,"0.0","i",0,-1,,"false"
"2026-09-20T08:49:34Z",381,"Koumas","LIV","-84.4","-84.4","-84.4","-84.4",-3,0,"0.0",50,34,37,2,13,"0.4","a",0,0,,"false"
"2026-09-20T08:49:34Z",382,"Danns","LIV","3.2","3.1","3.1","3.0",1,-4,"0.2",45,1247,557,0,0,"0.0","a",0,0,,"false"
"2026-09-20T08:49:34Z",383,"Elliott","LIV","0.0","0.0","0.0","0.0",0,-4,"0.0",54,0,65,0,0,"0.0","u",0,-1,,"false"
"2026-09-20T08:49:34Z",579,"Araujo","LIV","28.4","28.6","28.9","29.2",2,20,"2.9",54,3278,2534,15,194,"3.0","a",0,-1,,"false"
"2026-09-20T08:49:34Z",627,"Barcola","LIV","-43.3","-44.8","-47.4","-49.9",-3,-34,"1.9",80,2477,3870,4,97,"1.3","a",0,0,,"false"
"2026-09-20T08:49:34Z",155,"Enzo","MCI","-19.9","-20.2","-20.8","-21.4",-2,-14,"3.5",69,3763,3964,6,181,"1.2","a",0,-1,,"false"
"2026-09-20T08:49:34Z",237,"Ndiaye","MCI","-6.4","-8.5","-11.9","-15.4",-1,-293,"7.1",58,1832,27153,17,311,"3.4","a",-1,-2,,"false"
"2026-09-20T08:49:34Z",384,"Donnarumma","MCI","-37.7","-37.7","-37.6","-37.6",-2,2,"7.8",55,4066,5507,17,360,"3.4","a",0,0,,"false"
"2026-09-20T08:49:34Z",386,"Bettinelli","MCI","-74.3","-74.3","-74.3","-74.3",-3,0,"0.0",45,18,18,0,0,"0.0","a",0,0,,"false"
"2026-09-20T08:49:34Z",387,"O'Reilly","MCI","-85.0","-86.2","-88.2","-90.2",-3,-160,"11.5",64,1527,13174,5,158,"1.0","a",0,-1,,"false"
"2026-09-20T08:49:34Z",388,"Guéhi","MCI","66.9","66.4","65.6","64.8",3,-58,"18.5",60,6529,9634,26,360,"5.2","a",0,0,,"false"
"2026-09-20T08:49:34Z",389,"Matheus N.","MCI","-25.2","-25.2","-25.2","-25.2",-2,0,"1.0",59,498,500,10,123,"2.0","a",0,-1,,"false"
"2026-09-20T08:49:34Z",390,"Rúben","MCI","5.0","5.0","4.9","4.8",1,-6,"1.9",55,1387,1471,16,360,"3.2","a",0,0,,"false"
"2026-09-20T08:49:34Z",391,"Gvardiol","MCI","58.4","60.4","63.8","67.1",3,244,"26.1",57,44430,7348,33,344,"6.6","a",0,2,,"false"
"2026-09-20T08:49:34Z",392,"Aït-Nouri","MCI","-71.7","-73.5","-76.5","-79.5",-3,-9,"0.4",53,159,450,0,0,"0.0","a",0,-2,,"false"
"2026-09-20T08:49:34Z",393,"Khusanov","MCI","-7.8","-8.5","-9.5","-10.5",-1,-10,"1.4",54,466,1399,9,268,"1.8","a",0,-1,,"false"
"2026-09-20T08:49:34Z",394,"Alleyne","MCI","0.0","0.0","0.0","0.0",0,0,"0.0",50,0,5,0,0,"0.0","u",0,0,,"false"
"2026-09-20T08:49:34Z",395,"Lewis","MCI","-40.8","-44.3","-50.0","-55.8",-3,-8,"0.2",44,95,249,1,56,"0.2","a",0,-1,,"false"
"2026-09-20T08:49:34Z",396,"Vitor Reis","MCI","-69.3","-69.3","-69.3","-69.3",-3,0,"0.0",45,20,29,1,1,"0.2","a",0,0,,"false"
"2026-09-20T08:49:34Z",397,"Semenyo","MCI","-57.3","-58.3","-60.0","-61.7",-3,-170,"14.6",84,2681,20584,16,360,"3.2","a",0,-1,,"false"
"2026-09-20T08:49:34Z",398,"Foden","MCI","-25.5","-27.2","-30.0","-32.7",-2,-105,"2.0",69,58,10795,9,217,"1.8","s",0,-1,,"false"
"2026-09-20T08:49:34Z",399,"Cherki","MCI","-77.2","-79.5","-83.3","-87.1",-3,-278,"27.8",78,10256,36315,26,218,"5.2","a",0,3,,"false"
"2026-09-20T08:49:34Z",400,"Doku","MCI","-0.1","-0.1","-0.1","-0.1",-1,0,"0.7",74,117,525,0,0,"0.0","d",0,-1,"2026-09-26T13:30:09.795433Z","false"
"2026-09-20T08:49:34Z",402,"Rodrigo","MCI","0.0","0.0","0.0","0.0",0,0,"0.0",65,0,1,0,0,"0.0","u",0,0,,"false"
"2026-09-20T08:49:34Z",404,"Reijnders","MCI","0.0","0.0","0.0","0.0",0,-1,"0.0",60,0,24,0,0,"0.0","u",0,0,,"false"
"2026-09-20T08:49:34Z",406,"Kovačić","MCI","-69.6","-70.9","-73.1","-75.3",-3,-1,"0.1",54,30,108,2,42,"0.4","a",0,-1,,"false"
"2026-09-20T08:49:34Z",407,"Echeverri","MCI","0.0","0.0","0.0","0.0",0,0,"0.0",49,0,13,0,0,"0.0","u",0,-1,,"false"
"2026-09-20T08:49:34Z",408,"Phillips","MCI","0.0","0.0","0.0","0.0",0,0,"0.0",50,0,4,0,0,"0.0","u",0,0,,"false"
"2026-09-20T08:49:34Z",409,"Mukasa","MCI","0.0","0.0","0.0","0.0",0,0,"0.1",45,0,170,0,0,"0.0","u",0,0,,"false"
"2026-09-20T08:49:34Z",410,"Monga","MCI","0.0","0.0","0.0","0.0",0,0,"0.0",49,0,20,0,0,"0.0","u",0,-1,,"false"
"2026-09-20T08:49:34Z",411,"Haaland","MCI","9.2","10.4","12.4","14.5",1,148,"73.4",156,18861,3191,33,360,"6.6","a",0,1,,"false"
"2026-09-20T08:49:34Z",481,"Anderson","MCI","-20.5","-21.8","-23.9","-26.1",-2,-62,"4.1",63,2454,6011,13,323,"2.6","a",0,-2,,"false"
"2026-09-20T08:49:34Z",587,"Rulli","MCI","-76.8","-76.8","-76.8","-76.8",-3,0,"0.0",50,21,19,0,0,"0.0","a",0,0,,"false"
"2026-09-20T08:49:34Z",616,"Bouaddi","MCI","0.1","0.1","0.1","0.0",1,-3,"0.2",55,318,402,2,22,"0.5","a",0,0,,"false"
"2026-09-20T08:49:34Z",621,"McAidoo","MCI","-46.2","-50.3","-57.1","-63.9",-3,-5,"0.1",45,71,272,2,11,"0.5","a",0,0,,"false"
"2026-09-20T08:49:34Z",622,"Braithwaite","MCI","-7.3","-9.1","-11.9","-14.8",-1,-4,"0.2",40,186,326,1,1,"0.2","a",0,0,,"false"
"2026-09-20T08:49:34Z",628,"Allan","MCI","0.1","0.1","0.1","0.1",1,0,"0.0",60,70,37,0,0,"0.0","a",0,0,,"false"
"2026-09-20T08:49:34Z",653,"Samba","MCI","-0.2","-11.4","-29.8","-48.2",-1,-5,"0.0",45,98,94,0,0,"0.0","a",0,0,,"false"
"2026-09-20T08:49:34Z",43,"Tielemans","MUN","-15.5","-17.9","-21.7","-25.6",-1,-41,"1.5",58,742,2803,10,312,"2.0","a",0,-2,,"false"
"2026-09-20T08:49:34Z",131,"Baleba","MUN","0.0","0.0","0.0","0.0",0,0,"0.1",49,177,247,0,0,"0.0","d",0,-1,"2026-09-26T13:30:09.440487Z","false"
"2026-09-20T08:49:34Z",162,"Andrey Santos","MUN","-21.6","-23.5","-26.5","-29.5",-2,-13,"0.6",48,289,1351,4,82,"0.8","a",0,-2,,"false"
"2026-09-20T08:49:34Z",325,"Darlow","MUN","-19.6","-19.6","-19.6","-19.6",-1,0,"0.0",45,28,33,0,0,"0.0","a",0,0,,"false"
"2026-09-20T08:49:34Z",412,"Lammens","MUN","-10.0","-10.8","-12.0","-13.3",-1,-92,"10.2",49,1309,15035,7,360,"1.4","a",0,-1,,"false"
"2026-09-20T08:49:34Z",413,"Bayindir","MUN","0.0","0.0","0.0","0.0",0,0,"0.0",45,0,5,0,0,"0.0","u",0,0,,"false"
"2026-09-20T08:49:34Z",414,"Heaton","MUN","-30.6","-30.6","-30.6","-30.6",-2,0,"0.1",40,78,64,0,0,"0.0","i",0,0,,"false"
"2026-09-20T08:49:34Z",415,"Dorgu","MUN","-77.5","-78.9","-81.1","-83.4",-3,-9,"0.5",58,219,1128,6,165,"1.2","a",0,-2,,"false"
"2026-09-20T08:49:34Z",416,"De Ligt","MUN","-85.9","-87.6","-90.2","-92.9",-3,-1,"0.0",50,13,22,0,0,"0.0","i",0,0,,"false"
"2026-09-20T08:49:34Z",417,"Dalot","MUN","-58.9","-60.5","-63.0","-65.5",-3,-30,"1.7",49,293,1895,6,256,"1.2","a",0,-1,,"false"
"2026-09-20T08:49:34Z",418,"Maguire","MUN","-85.4","-86.4","-88.0","-89.6",-3,-103,"9.1",49,1020,23368,8,360,"1.6","a",0,-1,,"false"
"2026-09-20T08:49:34Z",419,"Martinez","MUN","-78.9","-79.2","-79.7","-80.2",-3,-5,"1.3",50,946,1006,6,270,"1.2","a",0,0,,"false"
"2026-09-20T08:49:34Z",420,"Yoro","MUN","-1.6","-1.9","-2.4","-3.0",-1,-3,"0.5",48,130,452,2,22,"0.4","a",-1,-2,,"false"
"2026-09-20T08:49:34Z",421,"Heaven","MUN","-74.7","-76.8","-80.2","-83.7",-3,-7,"0.3",44,73,362,1,90,"0.2","a",0,-1,,"false"
"2026-09-20T08:49:34Z",422,"Mazraoui","MUN","-50.2","-51.5","-53.7","-56.0",-3,-8,"0.5",44,206,648,3,97,"0.6","a",0,-1,,"false"
"2026-09-20T08:49:34Z",423,"Shaw","MUN","-3.8","-5.0","-6.8","-8.7",-1,-334,"8.1",43,235,37467,7,252,"1.4","d",-1,-2,,"false"
"2026-09-20T08:49:34Z",424,"Amass","MUN","-35.2","-35.8","-36.9","-38.0",-2,-2,"0.2",40,121,170,0,0,"0.0","a",0,0,,"false"
"2026-09-20T08:49:34Z",425,"Fredricson","MUN","0.0","0.0","0.0","0.0",0,0,"0.0",40,0,12,0,0,"0.0","u",0,0,,"false"
"2026-09-20T08:49:34Z",426,"B.Fernandes","MUN","-93.2","-93.4","-93.8","-94.1",-3,-96,"39.7",120,9325,40696,29,360,"5.8","a",0,0,,"false"
"2026-09-20T08:49:34Z",427,"Mbeumo","MUN","-56.7","-57.2","-58.0","-58.8",-3,-120,"21.3",79,9644,30669,23,360,"4.6","a",0,-1,,"false"
"2026-09-20T08:49:34Z",428,"Cunha","MUN","-93.7","-94.9","-96.9","-98.9",-3,-80,"5.7",79,1282,7073,16,317,"3.2","a",0,-1,,"false"
"2026-09-20T08:49:34Z",429,"Rashford","MUN","-87.8","-89.0","-90.8","-92.6",-3,-20,"1.6",70,1561,2306,8,275,"1.6","a",0,0,,"false"
"2026-09-20T08:49:34Z",430,"Mount","MUN","0.1","0.1","0.1","0.1",1,0,"0.0",54,42,30,0,0,"0.0","a",0,-1,,"false"
"2026-09-20T08:49:34Z",431,"Amad","MUN","-7.6","-8.5","-10.0","-11.4",-1,-9,"0.3",57,23,533,0,0,"0.0","i",0,-3,,"false"
"2026-09-20T08:49:34Z",432,"Mainoo","MUN","16.7","16.7","16.7","16.7",1,0,"1.6",55,2416,2081,18,275,"3.6","a",0,0,,"false"
"2026-09-20T08:49:34Z",433,"Ugarte","MUN","-60.3","-60.3","-60.3","-60.3",-3,0,"0.0",50,9,3,0,0,"0.0","i",0,0,,"false"
"2026-09-20T08:49:34Z",434,"J.Fletcher","MUN","-38.4","-38.4","-38.4","-38.4",-2,0,"0.0",49,6,15,0,0,"0.0","a",0,-1,,"false"
"2026-09-20T08:49:34Z",435,"Lacey","MUN","-4.0","-4.0","-4.0","-4.0",-1,0,"0.1",49,117,68,1,10,"0.2","a",0,-1,,"false"
"2026-09-20T08:49:34Z",436,"Collyer","MUN","0.0","0.0","0.0","0.0",0,0,"0.0",50,0,15,0,0,"0.0","u",0,0,,"false"
"2026-09-20T08:49:34Z",437,"Bendito Mantato","MUN","-88.9","-88.6","-88.2","-87.8",-3,1,"0.2",45,59,205,0,0,"0.0","a",0,0,,"false"
"2026-09-20T08:49:34Z",438,"Fletcher","MUN","0.2","0.3","0.3","0.4",1,6,"0.3",44,639,502,0,0,"0.0","a",0,-1,,"false"
"2026-09-20T08:49:34Z",439,"Šeško","MUN","-8.9","-8.9","-8.8","-8.8",-1,1,"1.8",70,3952,2881,8,76,"1.6","a",0,0,,"false"
"2026-09-20T08:49:34Z",440,"Zirkzee","MUN","-1.4","-1.5","-1.8","-2.0",-1,-1,"0.4",53,459,750,1,7,"0.2","a",-1,-2,,"false"
"2026-09-20T08:49:34Z",441,"Obi","MUN","0.0","0.0","0.0","0.0",0,-59,"1.0",45,0,3574,0,0,"0.0","u",0,0,,"false"
"2026-09-20T08:49:34Z",405,"N.Gonzalez","NEW","0.8","0.8","0.8","0.8",1,0,"0.2",55,62,992,5,164,"1.0","a",0,0,"2026-09-27T16:30:09.285267Z","false"
"2026-09-20T08:49:34Z",442,"Pope","NEW","-32.0","-33.0","-34.8","-36.6",-2,-12,"1.0",49,236,744,0,0,"0.0","a",0,-1,,"false"
"2026-09-20T08:49:34Z",443,"Gillespie","NEW","-30.8","-27.8","-22.7","-17.7",-2,1,"0.0",45,13,17,0,0,"0.0","a",0,0,,"false"
"2026-09-20T08:49:34Z",444,"Jaouen","NEW","-1.7","-1.7","-1.7","-1.7",-1,0,"0.0",44,4,35,0,0,"0.0","d",-1,-1,,"false"
"2026-09-20T08:49:34Z",445,"Thiaw","NEW","16.4","16.4","16.3","16.3",1,-2,"2.2",50,2121,2652,14,450,"2.8","a",0,0,,"false"
"2026-09-20T08:49:34Z",446,"Schär","NEW","-7.5","-9.1","-11.9","-14.6",-1,-4,"0.2",49,128,277,2,25,"0.4","a",0,-1,,"false"
"2026-09-20T08:49:34Z",447,"Botman","NEW","8.2","8.4","8.6","8.9",1,20,"0.7",50,988,765,15,450,"3.0","a",0,0,,"false"
"2026-09-20T08:49:34Z",448,"Burn","NEW","-98.1","-99.4","-101.6","-103.7",-4,-33,"0.8",49,23,1670,0,0,"0.0","i",0,-1,,"false"
"2026-09-20T08:49:34Z",449,"Hall","NEW","66.4","73.0","83.8","94.7",3,791,"15.4",52,51537,4910,31,449,"6.2","a",0,2,,"false"
"2026-09-20T08:49:34Z",450,"Livramento","NEW","1.9","1.7","1.5","1.3",1,-16,"0.1",49,323,467,4,33,"0.8","d",0,-1,,"false"
"2026-09-20T08:49:34Z",451,"A.Murphy","NEW","0.0","0.0","0.0","0.0",0,-1,"0.1",40,0,72,0,0,"0.0","u",0,0,,"false"
"2026-09-20T08:49:34Z",453,"Barnes","NEW","4.1","5.2","7.0","8.8",1,351,"4.8",61,55384,2952,28,450,"5.6","a",1,1,,"false"
"2026-09-20T08:49:34Z",454,"Elanga","NEW","-12.7","-15.7","-20.7","-25.6",-1,-892,"5.4",61,89,76819,18,232,"3.6","i",-1,1,,"false"
"2026-09-20T08:49:34Z",456,"J.Ramsey","NEW","-55.1","-58.0","-62.6","-67.3",-3,-25,"0.3",49,11,1720,7,69,"1.4","i",0,-1,,"false"
"2026-09-20T08:49:34Z",457,"J.Murphy","NEW","-25.4","-25.7","-26.3","-26.8",-2,-1,"0.1",59,232,199,3,181,"0.6","a",0,-1,,"false"
"2026-09-20T08:49:34Z",458,"Joelinton","NEW","-51.3","-51.3","-51.3","-51.3",-3,0,"0.0",54,3,24,0,0,"0.0","i",0,-1,,"false"
"2026-09-20T08:49:34Z",459,"L.Miley","NEW","0.6","0.6","0.6","0.6",1,0,"0.1",55,124,130,12,396,"2.4","a",0,0,,"false"
"2026-09-20T08:49:34Z",460,"Willock","NEW","11.9","12.3","12.9","13.5",1,47,"0.5",50,2398,658,22,284,"4.4","a",0,0,,"false"
"2026-09-20T08:49:34Z",461,"Touré","NEW","0.1","0.0","-7.7","-15.9",0,-8,"0.1",58,122,219,8,50,"1.6","a",0,-2,,"false"
"2026-09-20T08:49:34Z",462,"Steur","NEW","-47.2","-47.2","-47.2","-47.2",-3,0,"0.1",49,58,113,8,223,"1.6","a",0,-1,,"false"
"2026-09-20T08:49:34Z",463,"Woltemade","NEW","0.0","0.0","0.0","0.0",0,-10,"0.5",59,0,1039,4,19,"0.8","u",0,-1,,"false"
"2026-09-20T08:49:34Z",464,"Wissa","NEW","75.0","71.4","65.7","59.9",3,-422,"19.1",62,26952,38299,15,441,"3.0","a",0,2,,"false"
"2026-09-20T08:49:34Z",465,"Osula","NEW","-1.8","-2.4","-3.4","-4.3",-1,-11,"0.3",58,28,675,4,55,"0.8","i",-1,-2,,"false"
"2026-09-20T08:49:34Z",466,"Neave","NEW","0.0","0.0","0.0","0.0",0,-15,"0.5",45,0,999,0,0,"0.0","u",0,0,,"false"
"2026-09-20T08:49:34Z",559,"Bamba","NEW","-50.7","-54.3","-60.2","-66.1",-3,-4,"0.1",49,32,119,3,27,"0.6","a",0,-1,,"false"
"2026-09-20T08:49:34Z",567,"Horníček","NEW","21.3","21.4","21.5","21.6",2,10,"1.5",50,1945,1218,14,450,"2.8","a",0,0,,"false"
"2026-09-20T08:49:34Z",593,"Dedić","NEW","3.4","2.1","-0.3","-4.5",1,-164,"2.0",45,78,16446,13,327,"2.6","i",0,0,,"false"
"2026-09-20T08:49:34Z",609,"Shahar","NEW","0.0","0.0","0.0","0.0",0,-9,"0.2",40,0,514,0,0,"0.0","u",0,0,,"false"
"2026-09-20T08:49:34Z",634,"Fernandez-Pardo","NEW","0.4","0.4","0.4","0.3",1,-3,"0.1",60,490,370,4,157,"1.3","a",0,0,,"false"
"2026-09-20T08:49:34Z",659,"Miley","NEW","0.0","0.0","0.0","0.0",0,0,"0.0",45,447,142,0,0,"0.0","a",0,0,"2026-09-27T21:39:41.033165Z","false"
"2026-09-20T08:49:34Z",663,"Pivas","NEW","0.0","0.0","0.0","0.0",0,0,"0.0",40,18,0,0,0,"0.0","a",0,0,"2026-10-02T19:10:51.639791Z","false"
"2026-09-20T08:49:34Z",664,"Salia","NEW","0.0","0.0","0.0","0.0",0,0,"0.0",45,572,63,0,0,"0.0","a",0,0,"2026-10-02T19:11:17.402697Z","false"
"2026-09-20T08:49:34Z",665,"Mills","NEW","0.0","0.0","0.0","0.0",0,0,"0.0",45,13,0,0,0,"0.0","a",0,0,"2026-10-02T19:11:39.931907Z","false"
"2026-09-20T08:49:34Z",666,"Thompson","NEW","0.0","0.0","0.0","0.0",0,0,"0.0",45,13,2,0,0,"0.0","a",0,0,"2026-10-02T19:12:09.032926Z","false"
"2026-09-20T08:49:34Z",167,"Delap","NFO","-2.5","-5.6","-10.6","-15.6",-1,-101,"2.9",56,18645,6394,9,277,"1.8","a",1,1,,"false"
"2026-09-20T08:49:34Z",201,"Muñoz","NFO","-33.0","-34.3","-36.5","-38.7",-2,-90,"5.9",54,3368,7817,5,257,"1.0","a",0,-1,,"false"
"2026-09-20T08:49:34Z",467,"Sels","NFO","5.2","5.0","4.7","4.4",1,-23,"1.6",50,651,1474,14,450,"2.8","a",0,0,,"false"
"2026-09-20T08:49:34Z",468,"John","NFO","-63.0","-63.0","-63.0","-63.0",-3,0,"0.1",45,17,41,0,0,"0.0","a",0,0,,"false"
"2026-09-20T08:49:34Z",469,"N.Williams","NFO","27.7","26.9","25.7","24.4",2,-92,"9.1",50,4329,10205,19,450,"3.8","a",0,0,,"false"
"2026-09-20T08:49:34Z",470,"Morato","NFO","0.0","0.0","0.0","0.0",0,0,"0.0",50,0,28,0,0,"0.0","u",0,0,,"false"
"2026-09-20T08:49:34Z",471,"Milenković","NFO","-3.1","-4.1","-5.5","-7.0",-1,-54,"1.1",54,20,3974,12,270,"2.4","i",-1,-1,,"false"
"2026-09-20T08:49:34Z",472,"Murillo","NFO","22.0","21.9","21.7","21.5",2,-12,"2.1",55,2120,1708,23,449,"4.6","a",0,0,,"false"
"2026-09-20T08:49:34Z",473,"Aina","NFO","-85.1","-87.4","-91.0","-94.7",-3,-65,"2.5",45,448,5802,8,306,"1.6","a",0,0,,"false"
"2026-09-20T08:49:34Z",474,"Jair Cunha","NFO","-40.6","-41.6","-43.1","-44.7",-3,-2,"0.2",45,62,259,11,360,"2.2","a",0,0,,"false"
"2026-09-20T08:49:34Z",475,"Savona","NFO","-19.7","-19.7","-19.7","-19.7",-1,0,"0.0",45,5,7,0,0,"0.0","i",0,0,,"false"
"2026-09-20T08:49:34Z",476,"O.Richards","NFO","-55.1","-56.8","-59.5","-62.2",-3,-4,"0.2",40,82,186,0,0,"0.0","a",0,0,,"false"
"2026-09-20T08:49:34Z",477,"Abbott","NFO","0.0","0.0","0.0","0.0",0,0,"0.1",40,0,216,0,0,"0.0","u",0,0,,"false"
"2026-09-20T08:49:34Z",478,"Netz","NFO","-2.0","-2.0","-2.0","-2.0",-1,0,"0.0",44,18,34,3,27,"0.6","a",0,-1,,"false"
"2026-09-20T08:49:34Z",479,"Bindon","NFO","0.0","0.0","0.0","0.0",0,-4,"0.1",40,0,132,0,0,"0.0","u",0,0,,"false"
"2026-09-20T08:49:34Z",480,"Gibbs-White","NFO","53.9","51.9","48.5","45.2",3,-245,"15.9",80,22253,18045,28,450,"5.6","a",0,0,,"false"
"2026-09-20T08:49:34Z",482,"Hudson-Odoi","NFO","-10.3","-12.6","-16.3","-20.0",-1,-4,"0.2",58,90,278,1,1,"0.2","a",0,-2,,"false"
"2026-09-20T08:49:34Z",483,"Ndoye","NFO","14.1","13.7","13.1","12.4",1,-48,"0.8",55,266,2821,15,316,"3.0","a",0,0,,"false"
"2026-09-20T08:49:34Z",484,"Hutchinson","NFO","0.0","0.0","0.0","0.0",0,-2,"0.1",54,0,95,0,0,"0.0","u",0,-1,,"false"
"2026-09-20T08:49:34Z",485,"Bakwa","NFO","0.0","0.0","0.0","0.0",0,0,"0.0",55,0,8,0,0,"0.0","u",0,0,,"false"
"2026-09-20T08:49:34Z",486,"McAtee","NFO","2.3","2.2","2.1","2.0",1,-6,"0.1",55,120,249,12,416,"2.4","a",0,0,,"false"
"2026-09-20T08:49:34Z",487,"Dominguez","NFO","-45.1","-45.1","-45.1","-45.1",-3,0,"0.1",49,20,71,1,1,"0.2","a",0,-1,,"false"
"2026-09-20T08:49:34Z",488,"I.Sangaré","NFO","-73.3","-75.5","-79.1","-82.8",-3,-11,"0.4",49,75,904,4,105,"0.8","a",0,-1,,"false"
"2026-09-20T08:49:34Z",489,"Yates","NFO","-61.9","-64.5","-68.9","-73.2",-3,-37,"1.2",45,166,2048,0,0,"0.0","a",0,0,,"false"
"2026-09-20T08:49:34Z",490,"Wood","NFO","-15.9","-17.9","-21.2","-24.5",-1,-22,"0.9",58,534,1394,4,62,"0.8","a",0,-2,,"false"
"2026-09-20T08:49:34Z",491,"Igor Jesus","NFO","5.0","4.5","3.7","2.9",1,-58,"2.8",58,2535,5676,12,257,"2.4","a",0,-2,,"false"
"2026-09-20T08:49:34Z",493,"Kalimuendo","NFO","0.1","0.1","0.1","0.1",1,-1,"0.1",54,60,100,1,1,"0.2","a",0,-1,,"false"
"2026-09-20T08:49:34Z",558,"Schlager","NFO","0.6","0.5","0.5","0.5",1,-1,"0.1",50,83,221,13,376,"2.6","a",0,0,,"false"
"2026-09-20T08:49:34Z",581,"Diomande","NFO","-42.8","-43.3","-44.1","-44.9",-3,-3,"0.5",54,406,502,7,163,"1.4","a",0,-1,,"false"
"2026-09-20T08:49:34Z",590,"Benda","NFO","0.1","0.1","0.1","0.1",1,0,"0.1",45,38,54,0,0,"0.0","a",0,0,,"false"
"2026-09-20T08:49:34Z",112,"Van Hecke","TOT","-22.4","-22.8","-23.6","-24.3",-2,-35,"6.6",49,3143,7576,24,450,"4.8","a",0,-1,,"false"
"2026-09-20T08:49:34Z",147,"Tosin","TOT","-24.3","-25.3","-26.8","-28.4",-2,-2,"0.2",44,32,113,1,5,"0.2","a",0,-1,,"false"
"2026-09-20T08:49:34Z",401,"Marmoush","TOT","37.9","37.2","36.1","35.0",2,-81,"2.2",70,3191,6530,8,339,"1.6","a",0,0,,"false"
"2026-09-20T08:49:34Z",403,"Sávio","TOT","10.9","10.7","10.4","10.1",1,-24,"0.7",65,780,2347,8,240,"1.6","a",0,0,,"false"
"2026-09-20T08:49:34Z",455,"Tonali","TOT","-5.7","-7.5","-10.6","-13.7",-1,-72,"1.9",53,585,4942,14,427,"2.8","a",-1,-2,,"false"
"2026-09-20T08:49:34Z",494,"Vicario","TOT","0.0","0.0","0.0","0.0",0,0,"0.1",45,0,196,0,0,"0.0","u",0,0,,"false"
"2026-09-20T08:49:34Z",495,"Austin","TOT","2.1","2.0","1.9","1.8",1,-8,"1.0",40,600,546,0,0,"0.0","a",0,0,,"false"
"2026-09-20T08:49:34Z",496,"Kinsky","TOT","-39.4","-40.2","-41.6","-42.9",-3,-172,"18.0",45,4841,36206,18,450,"3.6","a",0,0,,"false"
"2026-09-20T08:49:34Z",497,"Dubravka","TOT","-19.8","-20.0","-20.3","-20.6",-2,-36,"17.4",40,7970,12395,0,0,"0.0","a",0,0,,"false"
"2026-09-20T08:49:34Z",498,"Senesi","TOT","-29.6","-32.0","-36.1","-40.1",-2,-104,"3.7",58,333,5956,3,90,"0.6","a",0,-2,,"false"
"2026-09-20T08:49:34Z",499,"Pedro Porro","TOT","-9.2","-11.2","-14.5","-17.9",-1,-352,"8.2",54,1182,20219,9,198,"1.8","d",0,-1,,"false"
"2026-09-20T08:49:34Z",500,"Romero","TOT","0.0","0.0","0.0","0.0",0,-1,"0.1",50,0,79,0,0,"0.0","u",0,0,,"false"
"2026-09-20T08:49:34Z",502,"Robertson","TOT","1.2","1.0","0.6","0.3",1,-24,"2.6",44,1643,3907,17,366,"3.4","a",0,-1,,"false"
"2026-09-20T08:49:34Z",503,"Van de Ven","TOT","-8.7","-10.2","-12.6","-15.1",-1,-67,"3.9",50,1498,5265,16,360,"3.2","a",0,0,,"false"
"2026-09-20T08:49:34Z",505,"Spence","TOT","0.0","0.0","0.0","0.0",0,-2,"0.2",45,0,309,0,0,"0.0","u",0,0,,"false"
"2026-09-20T08:49:34Z",506,"Udogie","TOT","-7.0","-9.4","-13.4","-17.4",-1,-10,"0.3",44,104,438,7,86,"1.4","a",0,-1,,"false"
"2026-09-20T08:49:34Z",507,"Phillips","TOT","0.0","0.0","0.0","0.0",0,0,"0.0",45,0,17,0,0,"0.0","u",0,0,,"false"
"2026-09-20T08:49:34Z",508,"Davies","TOT","0.3","0.4","0.5","0.6",1,7,"0.8",39,1520,841,0,0,"0.0","a",-1,-1,,"false"
"2026-09-20T08:49:34Z",509,"Byfield","TOT","0.0","0.0","0.0","0.0",0,0,"0.1",40,39,61,0,0,"0.0","a",0,0,,"false"
"2026-09-20T08:49:34Z",510,"Rowswell","TOT","-9.2","-12.2","-17.1","-22.0",-1,-3,"0.1",40,30,86,0,0,"0.0","a",0,0,,"false"
"2026-09-20T08:49:34Z",511,"Souza","TOT","0.0","0.0","0.0","0.0",0,-2,"0.2",40,0,252,0,0,"0.0","u",0,0,,"false"
"2026-09-20T08:49:34Z",512,"Kudus","TOT","1.5","1.6","1.7","1.8",1,6,"0.1",65,536,281,7,123,"1.4","a",0,0,,"false"
"2026-09-20T08:49:34Z",513,"Xavi","TOT","-12.5","-12.5","-12.5","-12.5",-1,0,"0.0",59,16,23,0,0,"0.0","i",0,-1,,"false"
"2026-09-20T08:49:34Z",514,"Tel","TOT","-7.8","-8.8","-10.6","-12.3",-1,-4,"0.2",57,60,728,8,257,"1.6","a",-1,-3,,"false"
"2026-09-20T08:49:34Z",515,"Maddison","TOT","-52.4","-53.3","-54.7","-56.1",-3,-4,"0.4",63,219,499,3,59,"0.6","a",0,-2,,"false"
"2026-09-20T08:49:34Z",516,"Bentancur","TOT","-61.3","-63.6","-67.4","-71.2",-3,-5,"0.2",55,81,203,15,370,"3.0","a",0,0,,"false"
"2026-09-20T08:49:34Z",517,"Odobert","TOT","0.0","0.0","0.0","0.0",0,0,"0.0",55,7,4,0,0,"0.0","i",0,0,,"false"
"2026-09-20T08:49:34Z",518,"P.M.Sarr","TOT","0.0","0.0","0.0","0.0",0,0,"0.1",49,0,220,0,0,"0.0","u",0,-1,,"false"
"2026-09-20T08:49:34Z",519,"Gallagher","TOT","-0.9","-1.4","-2.2","-3.0",-1,-1,"0.2",53,217,181,9,134,"1.8","a",0,-2,,"false"
"2026-09-20T08:49:34Z",520,"Bergvall","TOT","-90.4","-91.6","-93.6","-95.6",-3,-2,"0.1",54,24,151,3,78,"0.6","a",0,-1,,"false"
"2026-09-20T08:49:34Z",521,"Kulusevski","TOT","-85.1","-85.1","-85.1","-85.1",-3,0,"0.0",65,14,20,0,0,"0.0","i",0,0,,"false"
"2026-09-20T08:49:34Z",522,"Gray","TOT","-6.7","-9.9","-15.0","-20.2",-1,-7,"0.2",49,153,321,9,307,"1.8","a",0,-1,,"false"
"2026-09-20T08:49:34Z",523,"Moore","TOT","0.0","0.0","0.0","0.0",0,0,"0.1",50,0,192,3,89,"0.6","u",0,0,,"false"
"2026-09-20T08:49:34Z",524,"Olusesi","TOT","7.6","7.6","7.6","7.6",1,0,"1.0",44,1463,2079,0,0,"0.0","a",0,-1,,"false"
"2026-09-20T08:49:34Z",525,"Fernandes","TOT","-91.8","-96.1","-103.0","-110.0",-4,-40,"0.8",58,146,1991,7,249,"1.4","a",0,-2,,"false"
"2026-09-20T08:49:34Z",526,"Solanke","TOT","-9.7","-12.2","-16.4","-20.6",-1,-25,"0.8",58,562,1398,7,170,"1.4","a",0,-2,,"false"
"2026-09-20T08:49:34Z",527,"Richarlison","TOT","0.0","0.0","0.0","0.0",0,-18,"0.7",59,0,1788,2,67,"0.4","u",0,-1,,"false"
"2026-09-20T08:49:34Z",528,"Scarlett","TOT","0.0","0.0","0.0","0.0",0,-37,"1.2",45,0,2146,0,0,"0.0","u",0,0,,"false"
"2026-09-20T08:49:34Z",578,"Mudryk","TOT","-0.4","-2.2","-5.1","-7.9",-1,-4,"0.0",53,8,188,1,16,"0.2","i",-1,-2,,"false"
"2026-09-20T08:49:34Z",601,"Williams-Barnett","TOT","-29.8","-31.8","-35.0","-38.1",-2,-3,"0.1",45,48,189,0,0,"0.0","a",0,0,,"false"
"2026-09-20T08:49:34Z",501,"Danso","SUN","-86.7","-87.2","-88.1","-89.0",-3,-1,"0.2",50,245,167,3,180,"0.6","a",0,0,,"false"
"2026-09-20T08:49:34Z",529,"Roefs","SUN","-8.9","-9.4","-10.3","-11.1",-1,-15,"2.5",49,635,3195,11,360,"2.2","a",0,-1,,"false"
"2026-09-20T08:49:34Z",530,"Patterson","SUN","0.0","0.0","0.0","0.0",0,-2,"0.1",40,0,82,0,0,"0.0","u",0,0,,"false"
"2026-09-20T08:49:34Z",531,"Ellborg","SUN","-89.6","-88.3","-86.2","-84.0",-3,1,"0.1",45,35,51,0,0,"0.0","a",0,0,,"false"
"2026-09-20T08:49:34Z",532,"Ballard","SUN","-79.2","-80.1","-81.7","-83.2",-3,-28,"2.6",49,890,4484,12,360,"2.4","a",0,-1,,"false"
"2026-09-20T08:49:34Z",533,"Mukiele","SUN","-9.9","-10.1","-10.4","-10.8",-1,-5,"1.9",54,1486,1819,13,270,"2.6","a",0,-1,,"false"
"2026-09-20T08:49:34Z",534,"Hume","SUN","-2.0","-2.4","-3.2","-4.0",-1,-28,"3.0",43,471,12111,9,195,"1.8","a",-1,-2,,"false"
"2026-09-20T08:49:34Z",535,"Alderete","SUN","-0.3","-0.5","-0.9","-1.3",-1,-1,"0.2",48,51,271,1,23,"0.2","a",-1,-2,,"false"
"2026-09-20T08:49:34Z",536,"Reinildo","SUN","-0.2","-0.5","-1.1","-1.6",-1,-5,"0.3",44,26,788,7,360,"1.4","s",-1,-1,,"false"
"2026-09-20T08:49:34Z",537,"Seelt","SUN","0.0","0.0","0.0","0.0",0,0,"0.0",45,0,4,0,0,"0.0","u",0,0,,"false"
"2026-09-20T08:49:34Z",538,"Hjelde","SUN","0.0","0.0","0.0","0.0",0,0,"0.0",40,0,41,0,0,"0.0","u",0,0,,"false"
"2026-09-20T08:49:34Z",539,"O'Nien","SUN","0.9","1.3","1.8","2.4",1,41,"2.4",39,3917,3037,1,66,"0.2","a",-1,-1,,"false"
"2026-09-20T08:49:34Z",540,"Masuaku","SUN","0.0","0.0","0.0","0.0",0,-2,"0.1",40,0,166,0,0,"0.0","u",0,0,,"false"
"2026-09-20T08:49:34Z",541,"Meunier","SUN","-39.0","-39.8","-41.2","-42.6",-2,-3,"0.3",45,212,174,11,318,"2.2","a",0,0,,"false"
"2026-09-20T08:49:34Z",542,"E.Le Fée","SUN","-4.2","-5.4","-7.4","-9.3",-1,-80,"3.4",57,1433,10789,13,348,"2.6","a",-1,-3,,"false"
"2026-09-20T08:49:34Z",543,"Diarra","SUN","-79.7","-84.8","-93.2","-101.6",-3,-4,"0.0",54,2,63,5,28,"1.0","i",0,-1,,"false"
"2026-09-20T08:49:34Z",544,"Xhaka","SUN","-53.8","-55.9","-59.2","-62.5",-3,-87,"3.7",55,1508,7051,19,360,"3.8","a",0,0,,"false"
"2026-09-20T08:49:34Z",545,"Sadiki","SUN","-55.5","-57.5","-60.8","-64.1",-3,-5,"0.2",49,85,394,8,343,"1.6","a",0,-1,,"false"
"2026-09-20T08:49:34Z",546,"Adingra","SUN","0.0","0.0","0.0","0.0",0,0,"0.0",49,0,62,0,0,"0.0","u",0,-1,,"false"
"2026-09-20T08:49:34Z",547,"Mundle","SUN","-57.7","-57.7","-57.7","-57.7",-3,0,"0.0",49,3,19,1,1,"0.2","i",0,-1,,"false"
"2026-09-20T08:49:34Z",548,"Rigg","SUN","-53.6","-60.5","-71.9","-83.2",-3,-4,"0.0",49,4,48,2,17,"0.4","a",0,-1,,"false"
"2026-09-20T08:49:34Z",549,"Talbi","SUN","-13.1","-14.4","-16.7","-18.9",-1,-2,"0.1",53,31,143,1,31,"0.2","a",0,-2,,"false"
"2026-09-20T08:49:34Z",550,"Jocelin.T","SUN","-84.3","-84.3","-84.3","-84.3",-3,0,"0.0",50,8,13,0,0,"0.0","a",0,0,,"false"
"2026-09-20T08:49:34Z",551,"N.Angulo","SUN","1.2","1.2","1.2","1.2",1,-2,"0.1",50,71,247,12,254,"2.4","a",0,0,,"false"
"2026-09-20T08:49:34Z",552,"Brobbey","SUN","-2.9","-3.8","-5.4","-7.0",-1,-102,"5.3",57,2382,11189,7,309,"1.4","a",-1,-3,,"false"
"2026-09-20T08:49:34Z",553,"Isidor","SUN","6.3","5.9","5.2","4.6",1,-48,"1.3",55,951,2296,14,95,"2.8","a",0,0,,"false"
"2026-09-20T08:49:34Z",612,"Methalie","SUN","0.0","0.0","0.0","0.0",0,0,"0.0",45,17,14,0,0,"0.0","a",0,0,,"false"
"2026-09-20T08:49:34Z",613,"Ahoka","SUN","-26.6","-28.3","-31.0","-33.7",-2,-5,"0.2",45,144,442,0,0,"0.0","a",0,0,,"false"
"2026-09-20T08:49:34Z",646,"Fofana","SUN","-19.8","-18.3","-15.8","-13.3",-1,1,"0.0",55,75,93,2,30,"0.7","a",0,0,,"false"
"2026-09-20T08:49:34Z",651,"J.Angulo","SUN","4.8","4.7","4.5","4.4",1,-13,"0.7",45,3375,1633,0,0,"0.0","a",0,0,,"false"
