snapshot_utc,element_id,web_name,team,progress_pct,proj_0,proj_1,proj_2,likelihood,hourly_rate,selected_by_percent,now_cost,transfers_in_event,transfers_out_event,total_points,minutes,form,status,cost_change_event,cost_change_start,locked_until,calibrating
"2026-09-29T01:06:33Z",1,"Raya","ARS","1.2","1.2","1.2","1.3",1,1,"42.3",61,122595,45643,30,450,"6.0","a",1,1,,"false"
"2026-09-29T01:06:33Z",2,"Arrizabalaga","ARS","-47.9","-47.9","-47.9","-47.9",-3,0,"0.1",49,102,246,0,0,"0.0","a",0,-1,,"false"
"2026-09-29T01:06:33Z",3,"Meslier","ARS","-37.5","-37.5","-37.5","-37.5",-2,0,"0.0",49,45,117,0,0,"0.0","a",0,-1,,"false"
"2026-09-29T01:06:33Z",4,"Gabriel","ARS","-86.6","-86.6","-86.6","-86.6",-3,-1,"22.7",80,23272,64460,25,450,"5.0","a",0,0,,"false"
"2026-09-29T01:06:33Z",5,"J.Timber","ARS","10.7","10.7","10.7","10.7",1,1,"0.4",65,11961,3922,1,104,"0.2","a",0,0,,"false"
"2026-09-29T01:06:33Z",6,"Saliba","ARS","-24.5","-24.5","-24.5","-24.5",-2,0,"0.2",59,378,1060,0,0,"0.0","i",0,-1,,"false"
"2026-09-29T01:06:33Z",7,"Lewis-Skelly","ARS","-15.2","-15.2","-15.2","-15.2",-1,0,"0.6",54,880,4855,9,271,"1.5","a",-1,-1,,"false"
"2026-09-29T01:06:33Z",8,"Calafiori","ARS","91.6","91.6","91.6","91.6",3,1,"50.5",58,73131,61298,29,416,"5.0","a",0,3,,"false"
"2026-09-29T01:06:33Z",9,"Hincapie","ARS","-5.1","-5.1","-5.1","-5.1",-1,0,"0.9",52,1394,5593,2,32,"0.2","a",-1,-3,,"false"
"2026-09-29T01:06:33Z",10,"White","ARS","-45.9","-46.1","-46.3","-46.5",-3,-12,"4.9",55,3226,65295,21,315,"2.5","d",0,0,,"false"
"2026-09-29T01:06:33Z",11,"Mosquera","ARS","-24.3","-24.3","-24.3","-24.3",-2,0,"1.6",53,1149,9149,12,168,"1.5","a",0,-2,,"false"
"2026-09-29T01:06:33Z",12,"Saka","ARS","88.2","88.5","88.7","89.0",3,18,"13.7",95,102497,45380,32,416,"5.8","a",0,0,,"false"
"2026-09-29T01:06:33Z",13,"Rice","ARS","-32.2","-32.3","-32.5","-32.6",-2,-24,"11.7",74,7473,79418,20,411,"4.2","d",0,-1,,"false"
"2026-09-29T01:06:33Z",14,"Eze","ARS","-0.5","-0.4","-0.4","-0.4",-1,1,"1.0",62,2172,6597,4,85,"0.8","a",-1,-3,,"false"
"2026-09-29T01:06:33Z",15,"Ødegaard","ARS","-1.6","-1.6","-1.6","-1.6",-1,-1,"19.8",68,73145,85333,29,377,"4.5","a",0,3,,"false"
"2026-09-29T01:06:33Z",16,"Madueke","ARS","-24.8","-24.8","-24.8","-24.8",-2,0,"0.2",62,721,1530,2,23,"0.2","a",0,-3,,"false"
"2026-09-29T01:06:33Z",17,"Merino","ARS","-98.3","-99.4","-100.5","-101.7",-4,-3,"0.4",58,715,2806,4,81,"0.8","a",0,-2,,"false"
"2026-09-29T01:06:33Z",18,"Martinelli","ARS","0.0","0.0","0.0","0.0",0,0,"0.1",63,0,539,0,0,"0.0","u",0,-2,,"false"
"2026-09-29T01:06:33Z",19,"Zubimendi","ARS","-46.2","-47.2","-48.2","-49.3",-3,-4,"0.6",53,484,3625,5,89,"1.0","a",0,-2,,"false"
"2026-09-29T01:06:33Z",20,"Dowman","ARS","-26.0","-26.0","-26.0","-26.0",-2,0,"0.1",53,445,564,1,9,"0.2","a",0,-2,,"false"
"2026-09-29T01:06:33Z",22,"Nwaneri","ARS","0.0","0.0","0.0","0.0",0,0,"0.0",54,0,48,0,0,"0.0","u",0,-1,,"false"
"2026-09-29T01:06:33Z",23,"Fábio Vieira","ARS","0.0","0.0","0.0","0.0",0,0,"0.0",55,0,38,0,0,"0.0","u",0,0,,"false"
"2026-09-29T01:06:33Z",24,"Nelson","ARS","0.0","0.0","0.0","0.0",0,0,"0.0",55,0,22,0,0,"0.0","u",0,0,,"false"
"2026-09-29T01:06:33Z",25,"Gyökeres","ARS","-4.2","-3.8","-3.4","-3.0",-1,15,"3.1",71,9540,16272,2,29,"0.5","a",-1,-4,,"false"
"2026-09-29T01:06:33Z",26,"Havertz","ARS","6.7","6.4","6.1","5.8",1,-23,"8.3",76,50149,57947,19,437,"3.2","d",0,1,,"false"
"2026-09-29T01:06:33Z",27,"G.Jesus","ARS","0.0","0.0","0.0","0.0",0,0,"0.1",59,0,980,0,0,"0.0","u",0,-1,,"false"
"2026-09-29T01:06:33Z",31,"Konsa","ARS","0.8","0.8","0.8","0.7",1,-4,"19.4",46,87762,43777,12,281,"3.0","a",1,1,,"false"
"2026-09-29T01:06:33Z",452,"Bruno G.","ARS","0.4","0.3","0.3","0.3",1,-2,"1.8",67,5334,7358,9,123,"2.2","a",0,-3,,"false"
"2026-09-29T01:06:33Z",557,"Tzolis","ARS","-11.1","-11.1","-11.1","-11.2",-1,-4,"12.2",63,11514,135965,16,362,"2.5","a",-1,-2,,"false"
"2026-09-29T01:06:33Z",29,"M.Bizot","AVL","-36.3","-36.3","-36.3","-36.3",-2,0,"0.1",45,59,988,1,90,"0.0","i",0,0,,"false"
"2026-09-29T01:06:33Z",30,"Digne","AVL","0.0","0.0","0.0","0.0",0,0,"0.0",45,0,216,0,0,"0.0","u",0,0,,"false"
"2026-09-29T01:06:33Z",32,"Cash","AVL","-22.0","-22.1","-22.3","-22.4",-2,-4,"4.8",44,2554,24356,6,296,"1.8","a",0,-1,,"false"
"2026-09-29T01:06:33Z",33,"Mings","AVL","0.7","0.7","0.6","0.6",1,-1,"0.4",45,1614,1346,10,261,"2.2","a",0,0,,"false"
"2026-09-29T01:06:33Z",34,"Pau","AVL","-99.2","-99.2","-99.2","-99.2",-4,0,"0.3",45,41,3032,3,187,"0.8","i",0,0,,"false"
"2026-09-29T01:06:33Z",35,"Bogarde","AVL","-3.3","-3.3","-3.3","-3.3",-1,0,"0.1",49,164,433,1,16,"0.0","a",-1,-1,,"false"
"2026-09-29T01:06:33Z",36,"Maatsen","AVL","-1.9","-2.1","-2.2","-2.4",-1,-2,"0.5",44,48,5950,9,335,"2.2","i",-1,-1,,"false"
"2026-09-29T01:06:33Z",37,"Lindelöf","AVL","0.9","0.9","0.9","0.9",1,0,"0.3",45,967,1226,8,450,"2.5","a",0,0,,"false"
"2026-09-29T01:06:33Z",38,"A.García","AVL","-33.6","-33.7","-33.8","-33.9",-2,-1,"1.5",40,1791,5860,0,0,"0.0","a",0,0,,"false"
"2026-09-29T01:06:33Z",39,"Nedeljkovic","AVL","0.0","0.0","0.0","0.0",0,0,"0.1",40,0,534,0,0,"0.0","u",0,0,,"false"
"2026-09-29T01:06:33Z",41,"Buendía","AVL","-37.5","-37.0","-36.5","-36.0",-2,3,"1.0",59,11640,3956,21,401,"4.8","a",0,-1,,"false"
"2026-09-29T01:06:33Z",44,"Bailey","AVL","0.0","0.0","0.0","0.0",0,0,"0.1",54,0,459,0,0,"0.0","u",0,-1,,"false"
"2026-09-29T01:06:33Z",45,"McGinn","AVL","-19.8","-19.8","-19.8","-19.8",-1,0,"2.2",54,6538,8128,17,434,"4.0","a",0,-1,,"false"
"2026-09-29T01:06:33Z",46,"Barkley","AVL","0.5","0.5","0.5","0.5",1,0,"0.3",50,542,1720,10,308,"2.0","a",0,0,,"false"
"2026-09-29T01:06:33Z",47,"Kamara","AVL","-78.4","-78.4","-78.4","-78.4",-3,0,"0.3",50,1252,1518,15,443,"3.2","a",0,0,,"false"
"2026-09-29T01:06:33Z",48,"Onana","AVL","-10.6","-10.6","-10.6","-10.6",-1,0,"0.0",49,39,92,0,0,"0.0","i",0,-1,,"false"
"2026-09-29T01:06:33Z",49,"Iling Jr","AVL","0.0","0.0","0.0","0.0",0,0,"0.0",50,0,10,0,0,"0.0","u",0,0,,"false"
"2026-09-29T01:06:33Z",50,"Burrowes","AVL","-76.2","-76.2","-76.2","-76.2",-3,0,"0.6",45,613,3284,0,0,"0.0","a",0,0,,"false"
"2026-09-29T01:06:33Z",51,"George Hemmings","AVL","13.4","13.4","13.3","13.3",1,-4,"1.2",45,3095,9349,9,297,"1.8","a",0,0,,"false"
"2026-09-29T01:06:33Z",52,"Alysson","AVL","-0.6","-0.6","-0.6","-0.6",-1,0,"0.0",50,66,755,8,87,"1.8","d",0,0,,"false"
"2026-09-29T01:06:33Z",53,"Manzambi","AVL","7.9","7.9","8.0","8.0",1,3,"0.4",59,27226,3027,14,98,"3.5","a",0,-1,,"false"
"2026-09-29T01:06:33Z",54,"Gomes","AVL","0.1","0.1","0.1","0.1",1,0,"0.0",55,438,185,2,129,"1.0","a",0,0,,"false"
"2026-09-29T01:06:33Z",55,"Watkins","AVL","0.0","0.0","0.0","0.0",0,-4,"2.5",78,0,12041,0,0,"0.0","u",0,-2,,"false"
"2026-09-29T01:06:33Z",56,"Abraham","AVL","3.4","3.4","3.4","3.4",1,0,"0.2",55,1604,1668,4,71,"1.0","a",0,0,,"false"
"2026-09-29T01:06:33Z",160,"Garnacho","AVL","-63.8","-63.8","-63.8","-63.8",-3,0,"0.3",58,504,2683,3,31,"0.5","a",0,-2,,"false"
"2026-09-29T01:06:33Z",166,"N.Jackson","AVL","49.7","49.9","50.0","50.2",3,10,"1.5",65,33956,7588,10,286,"2.5","a",0,0,,"false"
"2026-09-29T01:06:33Z",582,"Madjo","AVL","-23.7","-23.7","-23.7","-23.7",-2,0,"0.2",54,179,1703,0,0,"0.0","i",0,-1,,"false"
"2026-09-29T01:06:33Z",596,"Ruggeri","AVL","-73.4","-73.4","-73.4","-73.4",-3,0,"0.1",45,485,309,5,113,"1.0","a",0,0,,"false"
"2026-09-29T01:06:33Z",597,"Suzuki","AVL","28.9","28.9","28.9","28.9",2,0,"1.9",50,13049,6189,16,360,"4.0","a",0,0,,"false"
"2026-09-29T01:06:33Z",606,"Rowe","AVL","0.2","0.2","0.2","0.2",1,0,"0.2",40,303,870,0,0,"0.0","a",0,0,,"false"
"2026-09-29T01:06:33Z",607,"Lynch","AVL","0.0","0.0","0.0","0.0",0,0,"0.1",45,0,688,0,0,"0.0","u",0,0,,"false"
"2026-09-29T01:06:33Z",611,"Wan-Bissaka","AVL","2.0","2.0","2.0","2.0",1,0,"0.2",45,1385,1380,6,152,"1.5","a",0,0,,"false"
"2026-09-29T01:06:33Z",618,"Goretzka","AVL","-39.5","-39.5","-39.5","-39.5",-2,0,"0.0",59,22,406,0,0,"0.0","i",0,-1,,"false"
"2026-09-29T01:06:33Z",630,"Harwood-Bellis","AVL","0.0","0.0","0.0","0.0",0,0,"0.0",45,179,176,0,0,"0.0","a",0,0,,"false"
"2026-09-29T01:06:33Z",631,"Mbaye","AVL","0.3","0.3","0.3","0.3",1,0,"0.1",60,861,1088,2,33,"0.7","a",0,0,,"false"
"2026-09-29T01:06:33Z",667,"Wright","AVL","0.0","0.0","0.0","0.0",0,0,"0.1",40,6870,778,0,0,"0.0","a",0,0,"2026-10-02T19:12:30.130761Z","false"
"2026-09-29T01:06:33Z",57,"Petrović","BOU","0.3","0.3","0.2","0.2",1,-1,"3.0",45,5893,11254,9,450,"1.3","a",0,0,,"false"
"2026-09-29T01:06:33Z",58,"Forster","BOU","4.5","4.5","4.5","4.5",1,0,"3.5",40,7882,6999,0,0,"0.0","a",0,0,,"false"
"2026-09-29T01:06:33Z",59,"Dennis","BOU","0.0","0.0","0.0","0.0",0,-1,"0.1",40,0,528,0,0,"0.0","u",0,0,,"false"
"2026-09-29T01:06:33Z",60,"Hill","BOU","-32.9","-32.7","-32.4","-32.2",-2,1,"0.8",55,3004,2984,12,450,"2.3","a",0,0,,"false"
"2026-09-29T01:06:33Z",61,"Truffert","BOU","-1.2","-1.3","-1.4","-1.5",-1,-3,"3.0",54,4343,11710,10,450,"1.7","a",-1,-1,,"false"
"2026-09-29T01:06:33Z",62,"Diakité","BOU","-5.3","-5.3","-5.3","-5.3",-1,0,"0.2",49,455,931,0,0,"0.0","a",-1,-1,,"false"
"2026-09-29T01:06:33Z",63,"Milosavljević","BOU","-3.8","-3.8","-3.8","-3.8",-1,0,"0.0",49,27,43,0,0,"0.0","i",0,-1,,"false"
"2026-09-29T01:06:33Z",64,"Smith","BOU","0.3","0.3","0.3","0.3",1,0,"0.1",45,383,460,4,434,"0.7","a",0,0,,"false"
"2026-09-29T01:06:33Z",65,"J.Araujo","BOU","-12.1","-12.1","-12.1","-12.1",-1,0,"0.0",44,34,51,0,0,"0.0","i",0,-1,,"false"
"2026-09-29T01:06:33Z",66,"Soler","BOU","1.4","1.3","1.3","1.3",1,-1,"0.3",40,711,1093,0,0,"0.0","a",0,0,,"false"
"2026-09-29T01:06:33Z",67,"Rayan","BOU","-9.6","-9.6","-9.7","-9.7",-1,-1,"1.6",63,3805,9477,10,434,"2.0","a",-1,-2,,"false"
"2026-09-29T01:06:33Z",68,"Tavernier","BOU","29.5","29.6","29.7","29.9",2,8,"6.8",61,78924,41853,31,424,"6.7","a",0,1,,"false"
"2026-09-29T01:06:33Z",69,"Scott","BOU","0.4","0.4","0.4","0.4",1,1,"5.8",61,22783,37274,30,446,"5.3","a",0,1,,"false"
"2026-09-29T01:06:33Z",70,"Kluivert","BOU","-50.9","-51.2","-51.5","-51.8",-3,-5,"0.9",60,2291,17295,15,294,"3.0","i",0,0,,"false"
"2026-09-29T01:06:33Z",71,"Cook","BOU","-11.3","-11.3","-11.3","-11.3",-1,0,"0.2",50,257,1119,8,180,"0.7","a",0,0,,"false"
"2026-09-29T01:06:33Z",72,"Gannon-Doak","BOU","-61.9","-61.9","-61.9","-61.9",-3,0,"0.1",49,135,360,4,12,"1.0","a",0,-1,,"false"
"2026-09-29T01:06:33Z",73,"Adams","BOU","1.5","1.5","1.5","1.5",1,0,"0.3",50,1053,1590,12,279,"3.3","a",0,0,,"false"
"2026-09-29T01:06:33Z",74,"Brooks","BOU","-19.1","-19.1","-19.1","-19.1",-1,0,"0.1",50,169,315,3,45,"0.7","a",0,0,,"false"
"2026-09-29T01:06:33Z",75,"Christie","BOU","0.4","0.4","0.4","0.4",1,0,"0.0",50,285,240,5,102,"1.3","a",0,0,,"false"
"2026-09-29T01:06:33Z",76,"Tóth.A","BOU","-11.9","-11.9","-11.9","-11.9",-1,0,"0.0",49,25,54,2,17,"0.3","a",0,-1,,"false"
"2026-09-29T01:06:33Z",77,"Adli","BOU","-81.4","-81.4","-81.4","-81.4",-3,0,"0.0",49,22,72,0,0,"0.0","i",0,-1,,"false"
"2026-09-29T01:06:33Z",78,"Kroupi.Jr","BOU","-73.3","-73.3","-73.3","-73.3",-3,0,"0.2",74,178,817,0,0,"0.0","i",0,-1,,"false"
"2026-09-29T01:06:33Z",79,"Evanilson","BOU","49.5","49.6","49.8","49.9",3,8,"3.2",60,16681,20269,18,424,"3.0","a",0,0,,"false"
"2026-09-29T01:06:33Z",80,"Enes Ünal","BOU","0.0","0.0","0.0","0.0",0,0,"0.0",55,0,48,0,0,"0.0","u",0,0,,"false"
"2026-09-29T01:06:33Z",81,"Rodríguez","BOU","-32.8","-31.5","-30.0","-28.6",-2,1,"0.1",60,725,687,2,10,"0.3","a",0,0,,"false"
"2026-09-29T01:06:33Z",566,"Silva","BOU","1.3","1.3","1.3","1.3",1,-2,"0.4",50,5589,3259,13,450,"2.3","a",0,0,,"false"
"2026-09-29T01:06:33Z",573,"Sanchez","BOU","-11.9","-11.9","-11.9","-11.9",-1,0,"0.2",44,143,418,0,0,"0.0","a",0,-1,,"false"
"2026-09-29T01:06:33Z",608,"Jebbison","BOU","0.5","0.5","0.5","0.5",1,0,"0.1",50,853,867,3,31,"0.7","a",0,0,,"false"
"2026-09-29T01:06:33Z",615,"Di Gregorio","BOU","-27.4","-27.4","-27.4","-27.4",-2,0,"0.0",45,181,186,0,0,"0.0","a",0,0,,"false"
"2026-09-29T01:06:33Z",82,"Kelleher","BRE","19.8","19.8","19.8","19.8",1,0,"6.1",50,19211,12895,20,450,"3.2","a",0,0,,"false"
"2026-09-29T01:06:33Z",83,"Valdimarsson","BRE","-72.9","-72.9","-72.9","-72.9",-3,0,"0.1",45,284,320,0,0,"0.0","a",0,0,,"false"
"2026-09-29T01:06:33Z",84,"Collins","BRE","-27.2","-27.4","-27.6","-27.8",-2,-4,"1.0",54,113,9023,10,196,"1.0","i",0,-1,,"false"
"2026-09-29T01:06:33Z",85,"Van den Berg","BRE","-77.4","-77.4","-77.4","-77.4",-3,0,"0.1",49,37,320,0,0,"0.0","i",0,-1,,"false"
"2026-09-29T01:06:33Z",86,"Lewis-Potter","BRE","31.5","31.5","31.5","31.4",2,-2,"1.7",55,3580,11643,22,406,"3.0","a",0,0,,"false"
"2026-09-29T01:06:33Z",87,"Ajer","BRE","30.0","30.0","30.0","30.0",2,0,"3.9",45,10802,21791,21,450,"3.2","a",0,0,,"false"
"2026-09-29T01:06:33Z",88,"Kayode","BRE","-36.9","-36.8","-36.8","-36.8",-2,2,"7.6",46,12529,20451,23,294,"2.5","a",0,1,,"false"
"2026-09-29T01:06:33Z",89,"Henry","BRE","-15.1","-15.1","-15.1","-15.1",-1,0,"0.2",44,153,571,1,2,"0.2","a",0,-1,,"false"
"2026-09-29T01:06:33Z",90,"Hickey","BRE","-28.1","-28.1","-28.1","-28.1",-2,0,"0.1",45,177,239,5,152,"1.0","a",0,0,,"false"
"2026-09-29T01:06:33Z",92,"Ji-soo","BRE","-4.4","-4.4","-4.4","-4.4",-1,0,"0.0",44,58,85,0,0,"0.0","a",-1,-1,,"false"
"2026-09-29T01:06:33Z",93,"Schuster","BRE","4.9","4.9","4.9","4.9",1,0,"0.3",45,14658,2129,21,253,"5.2","a",0,0,,"false"
"2026-09-29T01:06:33Z",94,"Schade","BRE","11.3","11.5","11.8","12.1",1,53,"11.4",62,379011,23022,39,447,"9.0","a",1,2,,"false"
"2026-09-29T01:06:33Z",95,"O.Dango","BRE","-46.3","-46.4","-46.6","-46.7",-3,-1,"0.5",63,782,3518,7,179,"1.0","a",0,-2,,"false"
"2026-09-29T01:06:33Z",96,"Damsgaard","BRE","-8.4","-8.4","-8.4","-8.4",-1,0,"0.4",54,1497,1975,16,283,"3.8","a",0,-1,,"false"
"2026-09-29T01:06:33Z",97,"Jensen","BRE","-54.8","-54.8","-54.8","-54.8",-3,0,"0.1",54,19,617,6,66,"0.0","i",0,-1,,"false"
"2026-09-29T01:06:33Z",98,"Janelt","BRE","75.9","75.9","75.9","75.9",3,0,"2.5",50,18742,17205,28,450,"4.8","a",0,0,,"false"
"2026-09-29T01:06:33Z",99,"Milambo","BRE","-41.9","-41.9","-41.9","-41.9",-3,0,"0.0",50,6,7,0,0,"0.0","i",0,0,,"false"
"2026-09-29T01:06:33Z",100,"Carvalho","BRE","0.3","0.3","0.3","0.3",1,0,"0.0",50,595,171,6,3,"1.5","a",0,0,,"false"
"2026-09-29T01:06:33Z",102,"Yarmoliuk","BRE","-17.0","-17.3","-17.5","-17.8",-1,-1,"0.6",48,1291,3159,9,216,"2.0","a",0,-2,,"false"
"2026-09-29T01:06:33Z",103,"Dasilva","BRE","-59.4","-59.4","-59.4","-59.4",-3,0,"0.0",49,9,99,0,0,"0.0","i",0,-1,,"false"
"2026-09-29T01:06:33Z",105,"Anthony","BRE","0.7","0.7","0.7","0.7",1,0,"0.1",59,2249,585,15,267,"3.5","a",0,-1,,"false"
"2026-09-29T01:06:33Z",106,"Thiago","BRE","8.9","9.0","9.0","9.1",1,4,"9.1",78,54279,36549,10,442,"2.5","a",0,-2,,"false"
"2026-09-29T01:06:33Z",107,"Furo","BRE","-5.2","-5.2","-5.2","-5.2",-1,0,"0.9",45,598,9231,0,0,"0.0","i",0,0,,"false"
"2026-09-29T01:06:33Z",108,"Wilson","BRE","-11.5","-11.5","-11.5","-11.5",-1,0,"0.3",54,1140,2388,3,13,"0.5","a",-1,-1,,"false"
"2026-09-29T01:06:33Z",565,"M.Sangaré","BRE","-30.3","-30.4","-30.5","-30.6",-2,-10,"9.9",56,8148,135997,22,321,"2.0","a",-1,1,,"false"
"2026-09-29T01:06:33Z",620,"Diouf","BRE","-34.7","-34.7","-34.7","-34.7",-2,0,"0.1",45,454,662,2,39,"0.5","a",0,0,,"false"
"2026-09-29T01:06:33Z",657,"Nunes","BRE","0.0","0.0","0.0","0.0",0,0,"0.0",45,331,264,0,0,"0.0","a",0,0,,"false"
"2026-09-29T01:06:33Z",660,"Fredrick","BRE","0.0","0.0","0.0","0.0",0,0,"0.0",40,509,65,0,0,"0.0","a",0,0,"2026-10-01T21:16:22.650713Z","false"
"2026-09-29T01:06:33Z",661,"Balcombe","BRE","0.0","0.0","0.0","0.0",0,0,"0.0",40,2800,524,0,0,"0.0","a",0,0,"2026-10-01T21:16:40.866514Z","false"
"2026-09-29T01:06:33Z",109,"Verbruggen","BHA","62.4","62.5","62.5","62.6",3,4,"21.6",45,69446,69301,23,450,"4.2","a",0,0,,"false"
"2026-09-29T01:06:33Z",111,"Steele","BHA","-0.5","-0.7","-0.8","-1.0",-1,-4,"4.1",40,6905,14295,0,0,"0.0","a",0,0,,"false"
"2026-09-29T01:06:33Z",113,"F.Kadıoğlu","BHA","-58.9","-59.0","-59.1","-59.2",-3,-1,"1.6",44,3829,6635,13,332,"3.2","a",0,-1,,"false"
"2026-09-29T01:06:33Z",114,"Boscagli","BHA","2.6","2.6","2.6","2.6",1,0,"0.3",45,1931,743,19,437,"3.2","a",0,0,,"false"
"2026-09-29T01:06:33Z",115,"De Cuyper","BHA","1.4","1.6","1.7","1.9",1,30,"27.7",50,291438,19952,38,423,"5.2","a",1,5,,"false"
"2026-09-29T01:06:33Z",116,"Dunk","BHA","19.8","19.8","19.8","19.8",1,0,"1.5",45,7515,9274,22,360,"4.0","d",0,0,,"false"
"2026-09-29T01:06:33Z",117,"Coppola","BHA","-10.7","-10.7","-10.7","-10.7",-1,0,"0.0",45,106,90,0,0,"0.0","a",0,0,,"false"
"2026-09-29T01:06:33Z",118,"Igor","BHA","0.0","0.0","0.0","0.0",0,0,"0.0",45,0,273,0,0,"0.0","u",0,0,,"false"
"2026-09-29T01:06:33Z",119,"Costinha","BHA","0.0","0.0","0.0","0.0",0,0,"0.0",45,164,129,4,68,"0.8","a",0,0,,"false"
"2026-09-29T01:06:33Z",120,"Svoboda","BHA","0.5","0.5","0.5","0.5",1,0,"0.1",50,1306,451,1,4,"0.2","a",0,0,,"false"
"2026-09-29T01:06:33Z",121,"Mitoma","BHA","-24.7","-24.7","-24.7","-24.7",-2,0,"0.0",59,116,165,0,0,"0.0","i",0,-1,,"false"
"2026-09-29T01:06:33Z",122,"Minteh","BHA","-4.4","-4.4","-4.4","-4.4",-1,0,"0.0",58,44,207,0,0,"0.0","i",-1,-2,,"false"
"2026-09-29T01:06:33Z",123,"Hinshelwood","BHA","-37.8","-37.8","-37.8","-37.8",-2,0,"0.6",59,261,6560,16,63,"0.0","i",0,-1,,"false"
"2026-09-29T01:06:33Z",124,"Groß","BHA","88.0","88.5","89.1","89.7",3,115,"28.7",58,770967,11138,47,450,"11.2","a",1,3,,"false"
"2026-09-29T01:06:33Z",125,"Georginio","BHA","-0.0","0.0","0.0","0.0",0,1,"0.5",53,2534,3699,6,104,"0.2","a",-1,-2,,"false"
"2026-09-29T01:06:33Z",126,"O'Riley","BHA","-8.3","-8.3","-8.3","-8.3",-1,0,"0.1",54,409,549,2,10,"0.5","a",0,-1,,"false"
"2026-09-29T01:06:33Z",127,"Gomez","BHA","30.4","30.4","30.5","30.5",2,1,"4.0",50,11816,37363,24,433,"4.5","a",0,0,,"false"
"2026-09-29T01:06:33Z",128,"Buonanotte","BHA","0.0","0.0","0.0","0.0",0,0,"0.0",50,0,7,0,0,"0.0","u",0,0,,"false"
"2026-09-29T01:06:33Z",129,"Ayari","BHA","-45.6","-45.6","-45.6","-45.6",-3,0,"0.4",54,2200,1928,15,333,"3.2","a",0,-1,,"false"
"2026-09-29T01:06:33Z",130,"Wieffer","BHA","-29.2","-29.8","-30.4","-31.0",-2,-2,"0.2",49,29,1907,7,156,"0.0","i",0,-1,,"false"
"2026-09-29T01:06:33Z",132,"Howell","BHA","0.0","0.0","0.0","0.0",0,0,"0.0",45,0,195,0,0,"0.0","u",0,0,,"false"
"2026-09-29T01:06:33Z",133,"Watson","BHA","0.0","0.0","0.0","0.0",0,0,"0.0",50,0,4,0,0,"0.0","u",0,0,,"false"
"2026-09-29T01:06:33Z",134,"Oriola","BHA","-79.1","-79.1","-79.1","-79.1",-3,0,"0.2",45,347,1309,0,0,"0.0","a",0,0,,"false"
"2026-09-29T01:06:33Z",135,"Yohanna","BHA","-0.6","-0.6","-0.6","-0.6",-1,0,"0.0",48,23,380,1,12,"0.0","i",-1,-2,,"false"
"2026-09-29T01:06:33Z",137,"Tzimas","BHA","-3.9","-3.9","-3.9","-3.9",-1,0,"0.0",54,34,48,0,0,"0.0","i",0,-1,,"false"
"2026-09-29T01:06:33Z",138,"Kostoulas","BHA","17.9","18.2","18.5","18.7",1,50,"4.0",56,301283,17616,28,353,"6.8","a",1,1,,"false"
"2026-09-29T01:06:33Z",139,"Ferguson","BHA","-57.8","-57.8","-57.8","-57.8",-3,0,"0.0",50,123,249,0,0,"0.0","i",0,0,,"false"
"2026-09-29T01:06:33Z",328,"Struijk","BHA","-6.7","-6.7","-6.7","-6.7",-1,0,"0.2",49,638,805,7,98,"1.8","d",0,-1,,"false"
"2026-09-29T01:06:33Z",504,"Vuskovic","BHA","53.8","53.8","53.9","54.0",3,6,"3.6",50,53431,12511,32,437,"6.5","a",0,0,,"false"
"2026-09-29T01:06:33Z",594,"David","BHA","0.6","0.6","0.6","0.6",1,0,"0.2",59,3049,2137,1,23,"0.2","a",-1,-1,,"false"
"2026-09-29T01:06:33Z",600,"Osman","BHA","-67.7","-67.7","-67.7","-67.7",-3,0,"0.0",50,109,124,3,40,"0.5","a",0,0,,"false"
"2026-09-29T01:06:33Z",605,"Yalcouyé","BHA","52.8","52.8","52.8","52.8",3,0,"4.0",45,25321,31975,20,236,"4.8","a",0,0,,"false"
"2026-09-29T01:06:33Z",614,"Hadjam","BHA","-5.5","-5.5","-5.5","-5.5",-1,0,"0.0",45,242,244,0,0,"0.0","a",0,0,,"false"
"2026-09-29T01:06:33Z",624,"Cozier-Duberry","BHA","0.0","0.0","0.0","0.0",0,0,"0.0",50,0,5,0,0,"0.0","u",0,0,,"false"
"2026-09-29T01:06:33Z",639,"Andrés","BHA","1.4","1.4","1.4","1.4",1,0,"0.0",55,2665,296,12,109,"4.0","a",0,0,,"false"
"2026-09-29T01:06:33Z",652,"Azeez","BHA","-26.6","-26.6","-26.6","-26.6",-2,0,"0.0",55,19,41,0,0,"0.0","i",0,0,,"false"
"2026-09-29T01:06:33Z",658,"Ibrahim","BHA","0.0","0.0","0.0","0.0",0,0,"0.0",45,300,210,0,0,"0.0","a",0,0,,"false"
"2026-09-29T01:06:33Z",28,"Martinez","CHE","-6.1","-6.1","-6.1","-6.1",-1,0,"4.7",50,7200,21348,9,360,"2.2","a",0,0,,"false"
"2026-09-29T01:06:33Z",40,"Rogers","CHE","83.3","83.6","83.9","84.2",3,21,"40.5",77,140311,67894,29,437,"5.2","a",0,2,,"false"
"2026-09-29T01:06:33Z",101,"Henderson","CHE","0.0","0.0","0.0","0.0",0,0,"0.0",49,496,147,2,90,"0.5","a",0,-1,,"false"
"2026-09-29T01:06:33Z",136,"Welbeck","CHE","6.5","6.5","6.5","6.5",1,0,"1.0",59,7116,8971,4,85,"1.0","a",0,-1,,"false"
"2026-09-29T01:06:33Z",140,"Sánchez","CHE","0.0","0.0","0.0","0.0",0,0,"0.7",49,0,4638,2,90,"0.0","u",0,-1,,"false"
"2026-09-29T01:06:33Z",141,"Jörgensen","CHE","0.0","0.0","0.0","0.0",0,0,"0.0",50,0,30,0,0,"0.0","u",0,0,,"false"
"2026-09-29T01:06:33Z",142,"James","CHE","-91.9","-92.0","-92.1","-92.2",-3,-7,"5.8",54,597,75574,3,292,"0.8","d",0,-1,,"false"
"2026-09-29T01:06:33Z",143,"Chalobah","CHE","0.0","0.0","0.0","0.0",0,0,"0.1",55,0,295,0,0,"0.0","u",0,0,,"false"
"2026-09-29T01:06:33Z",144,"Gusto","CHE","-3.0","-3.0","-3.0","-3.0",-1,0,"1.0",49,1525,6725,4,272,"0.8","a",-1,-1,,"false"
"2026-09-29T01:06:33Z",145,"Fofana","CHE","4.5","4.5","4.5","4.5",1,0,"0.2",50,2362,1240,8,312,"2.0","a",0,0,,"false"
"2026-09-29T01:06:33Z",146,"B.Badiashile","CHE","0.0","0.0","0.0","0.0",0,0,"0.0",45,0,42,0,0,"0.0","u",0,0,,"false"
"2026-09-29T01:06:33Z",148,"Hato","CHE","12.3","12.3","12.3","12.3",1,0,"0.8",45,784,7142,8,258,"1.8","a",0,0,,"false"
"2026-09-29T01:06:33Z",149,"Colwill","CHE","-9.4","-9.4","-9.4","-9.4",-1,0,"0.9",48,1017,5235,3,341,"0.8","a",-1,-2,,"false"
"2026-09-29T01:06:33Z",150,"M.Sarr","CHE","0.0","0.0","0.0","0.0",0,0,"0.0",45,0,159,0,0,"0.0","u",0,0,,"false"
"2026-09-29T01:06:33Z",151,"Acheampong","CHE","-10.8","-10.8","-10.8","-10.8",-1,0,"0.3",45,399,1875,5,221,"0.5","a",0,0,,"false"
"2026-09-29T01:06:33Z",152,"Palestra","CHE","-1.0","-1.0","-1.0","-1.0",-1,0,"0.6",53,198,3673,0,0,"0.0","d",0,-2,,"false"
"2026-09-29T01:06:33Z",154,"Palmer","CHE","-11.5","-11.8","-12.1","-12.5",-1,-44,"25.7",97,46731,159655,28,442,"3.8","d",0,2,,"false"
"2026-09-29T01:06:33Z",156,"Neto","CHE","-7.5","-7.1","-6.6","-6.2",-1,4,"1.4",65,4863,9371,14,332,"3.2","a",0,0,,"false"
"2026-09-29T01:06:33Z",157,"Estêvão","CHE","-31.9","-31.9","-31.9","-31.9",-2,0,"0.7",63,1676,4223,4,23,"0.8","a",0,-2,,"false"
"2026-09-29T01:06:33Z",158,"Gittens","CHE","-2.7","-2.7","-2.7","-2.7",-1,0,"0.0",58,151,236,0,0,"0.0","d",-1,-2,,"false"
"2026-09-29T01:06:33Z",159,"Caicedo","CHE","-1.5","-1.7","-1.8","-2.0",-1,-2,"1.0",53,397,8609,1,13,"0.2","d",0,-2,,"false"
"2026-09-29T01:06:33Z",161,"Lavia","CHE","4.6","4.6","4.6","4.6",1,0,"0.2",50,405,2384,11,258,"2.5","a",0,0,,"false"
"2026-09-29T01:06:33Z",163,"D.Essugo","CHE","0.0","0.0","0.0","0.0",0,0,"0.1",45,0,695,0,0,"0.0","u",0,0,,"false"
"2026-09-29T01:06:33Z",164,"Quenda","CHE","-27.1","-27.1","-27.1","-27.1",-2,0,"0.0",53,68,176,2,27,"0.2","a",0,-2,,"false"
"2026-09-29T01:06:33Z",165,"João Pedro","CHE","-1.7","-1.7","-1.7","-1.8",-1,-33,"65.2",77,59094,383011,33,360,"5.5","d",-1,2,,"false"
"2026-09-29T01:06:33Z",168,"Marc Guiu","CHE","0.0","0.0","0.0","0.0",0,0,"0.2",50,0,1482,0,0,"0.0","u",0,0,,"false"
"2026-09-29T01:06:33Z",169,"Mheuka","CHE","4.3","4.3","4.3","4.3",1,0,"0.5",45,4330,3410,0,0,"0.0","a",0,0,,"false"
"2026-09-29T01:06:33Z",170,"Emegha","CHE","-0.1","-0.1","-0.1","-0.1",-1,0,"0.1",49,73,1049,0,0,"0.0","i",-1,-1,,"false"
"2026-09-29T01:06:33Z",200,"Lacroix","CHE","-7.0","-7.1","-7.1","-7.1",-1,-3,"6.8",59,7422,28338,13,364,"1.8","a",-1,-1,,"false"
"2026-09-29T01:06:33Z",560,"Penders","CHE","-0.5","-0.5","-0.5","-0.5",-1,0,"0.1",44,237,288,0,0,"0.0","a",0,-1,,"false"
"2026-09-29T01:06:33Z",561,"Anselmino","CHE","-1.6","-1.6","-1.6","-1.6",-1,0,"0.0",45,62,101,0,0,"0.0","a",0,0,,"false"
"2026-09-29T01:06:33Z",568,"Barco","CHE","-13.8","-13.8","-13.8","-13.8",-1,0,"0.1",54,222,430,3,115,"0.8","a",0,-1,,"false"
"2026-09-29T01:06:33Z",583,"Chavarria","CHE","-49.4","-49.4","-49.4","-49.4",-3,0,"0.1",49,393,520,5,208,"1.0","a",0,-1,,"false"
"2026-09-29T01:06:33Z",662,"Nicoll-Jazuli","CHE","0.0","0.0","0.0","0.0",0,0,"0.0",45,328,71,1,3,"1.0","a",0,0,"2026-10-01T21:17:24.996715Z","false"
"2026-09-29T01:06:33Z",91,"Pinnock","COV","-73.0","-73.0","-73.0","-73.0",-3,0,"0.1",45,362,216,14,282,"4.3","a",0,0,,"false"
"2026-09-29T01:06:33Z",104,"Onyeka","COV","-32.2","-32.2","-32.2","-32.2",-2,0,"0.1",49,166,434,9,314,"2.3","a",0,-1,,"false"
"2026-09-29T01:06:33Z",110,"Rushworth","COV","-56.9","-56.9","-56.9","-56.9",-3,0,"0.8",45,2444,5768,16,450,"4.3","a",0,0,,"false"
"2026-09-29T01:06:33Z",171,"Dovin","COV","0.0","0.0","0.0","0.0",0,0,"1.0",40,0,4572,0,0,"0.0","u",0,0,,"false"
"2026-09-29T01:06:33Z",172,"Wilson","COV","-5.6","-5.6","-5.6","-5.6",-1,0,"0.4",44,230,639,0,0,"0.0","a",0,-1,,"false"
"2026-09-29T01:06:33Z",173,"Thomas","COV","16.8","16.8","16.8","16.9",1,3,"8.6",40,24889,29788,24,437,"4.3","a",0,0,,"false"
"2026-09-29T01:06:33Z",174,"Kitching","COV","0.0","0.0","0.0","0.0",0,0,"0.3",40,0,1737,0,0,"0.0","u",0,0,,"false"
"2026-09-29T01:06:33Z",175,"van Ewijk","COV","-47.1","-47.1","-47.2","-47.3",-3,-8,"8.8",40,1143,73593,6,360,"1.0","d",0,0,,"false"
"2026-09-29T01:06:33Z",176,"Dasilva","COV","-31.8","-31.8","-31.8","-31.8",-2,0,"0.7",40,5947,1643,20,444,"5.7","a",0,0,,"false"
"2026-09-29T01:06:33Z",177,"Kesler-Hayden","COV","0.2","0.2","0.2","0.2",1,0,"0.0",39,994,508,0,0,"0.0","i",-1,-1,,"false"
"2026-09-29T01:06:33Z",178,"Bidwell","COV","-29.4","-29.4","-29.4","-29.4",-2,0,"0.1",40,177,289,0,0,"0.0","a",0,0,,"false"
"2026-09-29T01:06:33Z",179,"Latibeaudiere","COV","-73.7","-73.7","-73.7","-73.7",-3,0,"0.0",40,72,132,1,1,"0.3","a",0,0,,"false"
"2026-09-29T01:06:33Z",180,"Woolfenden","COV","-94.2","-94.2","-94.2","-94.2",-3,0,"0.1",40,24,490,0,0,"0.0","i",0,0,,"false"
"2026-09-29T01:06:33Z",181,"Brau","COV","0.0","0.0","0.0","0.0",0,0,"0.0",40,0,91,0,0,"0.0","u",0,0,,"false"
"2026-09-29T01:06:33Z",182,"Amenda","COV","-52.0","-52.0","-52.0","-52.0",-3,0,"0.6",40,32,6548,4,360,"0.7","i",0,0,,"false"
"2026-09-29T01:06:33Z",183,"Rudoni","COV","0.1","0.1","0.1","0.1",1,0,"0.1",49,861,641,13,297,"3.0","a",0,-1,,"false"
"2026-09-29T01:06:33Z",184,"Grimes","COV","-27.6","-27.6","-27.6","-27.6",-2,0,"0.1",49,176,834,11,443,"2.3","a",0,-1,,"false"
"2026-09-29T01:06:33Z",185,"Sakamoto","COV","-21.7","-21.7","-21.7","-21.7",-2,0,"0.1",48,123,371,1,31,"0.0","a",0,-2,,"false"
"2026-09-29T01:06:33Z",186,"Mason-Clark","COV","-1.9","-1.9","-1.9","-1.9",-1,0,"0.1",53,70,352,5,231,"1.3","a",-1,-2,,"false"
"2026-09-29T01:06:33Z",187,"Eccles","COV","-4.6","-4.6","-4.6","-4.6",-1,0,"0.0",48,16,87,0,0,"0.0","i",-1,-2,,"false"
"2026-09-29T01:06:33Z",188,"Torp","COV","-10.8","-12.2","-13.7","-15.3",-1,-2,"0.1",53,43,420,3,53,"0.3","a",-1,-2,,"false"
"2026-09-29T01:06:33Z",189,"Shepherd","COV","0.8","0.8","0.8","0.8",1,0,"0.3",44,3962,2193,0,0,"0.0","a",0,-1,,"false"
"2026-09-29T01:06:33Z",190,"Tchaouna","COV","-78.9","-78.9","-78.9","-78.9",-3,0,"0.1",54,22,331,5,211,"0.7","a",0,-1,,"false"
"2026-09-29T01:06:33Z",191,"Borges Rodrigues","COV","0.0","0.0","0.0","0.0",0,0,"0.1",45,0,660,0,0,"0.0","u",0,0,,"false"
"2026-09-29T01:06:33Z",192,"Andrews","COV","0.0","0.0","0.0","0.0",0,0,"0.3",45,0,1909,0,0,"0.0","u",0,0,,"false"
"2026-09-29T01:06:33Z",193,"Wright","COV","-99.1","-99.1","-99.1","-99.1",-4,0,"0.1",54,44,523,0,0,"0.0","i",0,-1,,"false"
"2026-09-29T01:06:33Z",194,"Thomas-Asante","COV","2.6","2.7","2.7","2.8",1,4,"0.8",50,7581,5643,9,227,"2.0","a",0,0,,"false"
"2026-09-29T01:06:33Z",195,"Simms","COV","-0.2","-0.2","-0.2","-0.2",-1,0,"0.6",49,1714,5093,4,104,"0.7","a",-1,-1,,"false"
"2026-09-29T01:06:33Z",196,"Markelo","COV","0.0","0.0","0.0","0.0",0,0,"0.0",50,0,60,0,0,"0.0","u",0,0,,"false"
"2026-09-29T01:06:33Z",197,"Bassette","COV","0.0","0.0","0.0","0.0",0,0,"0.0",45,0,140,0,0,"0.0","u",0,0,,"false"
"2026-09-29T01:06:33Z",492,"Awoniyi","COV","-12.5","-12.7","-12.8","-13.0",-1,-2,"0.4",54,63,4848,3,232,"0.0","s",-1,-1,,"false"
"2026-09-29T01:06:33Z",575,"Yirenkyi","COV","-2.6","-2.6","-2.6","-2.6",-1,0,"0.1",48,283,990,9,265,"1.7","a",-1,-2,,"false"
"2026-09-29T01:06:33Z",584,"Hamer","COV","-82.0","-82.0","-82.0","-82.0",-3,0,"0.1",54,41,381,3,32,"0.3","a",0,-1,,"false"
"2026-09-29T01:06:33Z",599,"Cherif","COV","-6.9","-6.9","-6.9","-6.9",-1,0,"0.1",50,508,732,1,30,"0.3","a",0,0,,"false"
"2026-09-29T01:06:33Z",623,"Bentley","COV","2.1","2.1","2.1","2.1",1,0,"0.6",40,7862,2222,0,0,"0.0","a",0,0,,"false"
"2026-09-29T01:06:33Z",655,"Gboho","COV","0.0","0.0","0.0","0.0",0,0,"0.0",55,68,52,0,0,"0.0","a",0,0,,"false"
"2026-09-29T01:06:33Z",656,"Mfuni","COV","0.0","0.0","0.0","0.0",0,0,"0.1",40,1788,829,6,90,"3.0","a",0,0,,"false"
"2026-09-29T01:06:33Z",42,"Guessand","CRY","-25.9","-25.9","-25.9","-25.9",-2,0,"0.0",54,102,254,2,54,"0.0","a",0,-1,,"false"
"2026-09-29T01:06:33Z",153,"Disasi","CRY","-59.5","-59.5","-59.5","-59.5",-3,0,"0.1",45,23,742,1,139,"0.0","s",0,0,,"false"
"2026-09-29T01:06:33Z",198,"Henderson","CRY","-94.5","-94.8","-95.2","-95.5",-3,-8,"1.3",50,131,10631,5,270,"0.7","i",0,0,,"false"
"2026-09-29T01:06:33Z",199,"Benitez","CRY","-24.2","-24.2","-24.2","-24.2",-2,0,"0.1",45,641,354,8,180,"2.7","a",0,0,,"false"
"2026-09-29T01:06:33Z",202,"Richards","CRY","-98.2","-98.2","-98.2","-98.2",-4,0,"0.6",50,1520,2103,14,450,"3.7","a",0,0,,"false"
"2026-09-29T01:06:33Z",203,"Canvot","CRY","-0.7","-0.7","-0.7","-0.7",-1,0,"0.2",48,367,823,10,360,"3.0","a",-1,-2,,"false"
"2026-09-29T01:06:33Z",204,"Mitchell","CRY","25.7","25.7","25.6","25.6",2,-3,"6.0",45,13378,15300,24,419,"7.7","a",0,0,,"false"
"2026-09-29T01:06:33Z",205,"Sosa","CRY","0.0","0.0","0.0","0.0",0,0,"0.0",45,0,97,0,0,"0.0","u",0,0,,"false"
"2026-09-29T01:06:33Z",206,"Chadi Riad","CRY","-4.2","-4.2","-4.2","-4.2",-1,0,"0.0",43,23,118,1,72,"0.0","i",-1,-2,,"false"
"2026-09-29T01:06:33Z",207,"Mingueza","CRY","-86.4","-86.4","-86.4","-86.4",-3,0,"0.1",44,73,267,2,16,"0.3","a",0,-1,,"false"
"2026-09-29T01:06:33Z",208,"Sarr","CRY","0.0","-0.1","-0.9","-1.7",-1,-3,"0.6",62,2419,2105,1,8,"0.3","a",0,-3,,"false"
"2026-09-29T01:06:33Z",210,"Wharton","CRY","-2.0","-2.0","-2.0","-2.0",-1,0,"0.7",54,1118,4401,12,436,"2.0","a",-1,-1,,"false"
"2026-09-29T01:06:33Z",211,"Yeremy","CRY","4.6","4.6","4.6","4.6",1,-1,"0.3",55,672,2533,14,307,"2.7","a",0,0,,"false"
"2026-09-29T01:06:33Z",212,"Hughes","CRY","-19.3","-19.3","-19.3","-19.4",-1,-2,"7.3",44,8717,42602,2,29,"0.7","a",0,-1,,"false"
"2026-09-29T01:06:33Z",213,"Lerma","CRY","-1.2","-1.2","-1.2","-1.2",-1,0,"0.1",48,86,348,1,51,"0.3","a",-1,-2,,"false"
"2026-09-29T01:06:33Z",214,"Kamada","CRY","11.2","11.2","11.2","11.2",1,0,"0.5",50,3059,2850,21,441,"5.3","a",0,0,,"false"
"2026-09-29T01:06:33Z",215,"Devenny","CRY","0.0","0.0","0.0","0.0",0,0,"0.0",50,0,33,0,0,"0.0","u",0,0,,"false"
"2026-09-29T01:06:33Z",216,"Esse","CRY","0.0","0.0","0.0","0.0",0,0,"0.0",50,0,113,0,0,"0.0","u",0,0,,"false"
"2026-09-29T01:06:33Z",217,"M.França","CRY","0.0","0.0","0.0","0.0",0,0,"0.0",49,0,150,0,0,"0.0","u",0,-1,,"false"
"2026-09-29T01:06:33Z",218,"Doucouré","CRY","-2.0","-2.0","-2.0","-2.0",-1,0,"0.0",48,106,285,0,0,"0.0","a",-1,-2,,"false"
"2026-09-29T01:06:33Z",219,"J.Rak-Sakyi","CRY","0.0","0.0","0.0","0.0",0,0,"0.0",49,0,23,0,0,"0.0","u",0,-1,,"false"
"2026-09-29T01:06:33Z",220,"Cardines","CRY","0.0","0.0","0.0","0.0",0,0,"0.0",45,0,3,0,0,"0.0","u",0,0,,"false"
"2026-09-29T01:06:33Z",221,"Drakes-Thomas","CRY","-91.7","-91.7","-91.7","-91.7",-3,0,"0.1",45,133,409,0,0,"0.0","a",0,0,,"false"
"2026-09-29T01:06:33Z",222,"Strand Larsen","CRY","5.0","5.0","5.0","5.0",1,1,"0.7",60,4536,3711,14,298,"3.7","a",0,0,,"false"
"2026-09-29T01:06:33Z",223,"Mateta","CRY","-24.3","-24.5","-24.6","-24.8",-2,-4,"1.3",63,196,8692,2,62,"0.0","i",0,-2,,"false"
"2026-09-29T01:06:33Z",224,"Nketiah","CRY","-17.2","-17.2","-17.2","-17.2",-1,0,"0.5",55,1197,3218,8,175,"1.7","a",0,0,,"false"
"2026-09-29T01:06:33Z",225,"Uche","CRY","0.0","0.0","0.0","0.0",0,0,"0.0",50,0,0,0,0,"0.0","u",0,0,,"false"
"2026-09-29T01:06:33Z",241,"McNeil","CRY","-93.0","-93.0","-93.0","-93.0",-3,0,"0.1",54,66,449,3,84,"0.0","a",0,-1,,"false"
"2026-09-29T01:06:33Z",555,"Matthews","CRY","-8.9","-8.9","-8.9","-8.9",-1,0,"1.7",40,1040,2926,0,0,"0.0","a",0,0,,"false"
"2026-09-29T01:06:33Z",577,"Tomiyasu","CRY","-12.6","-12.6","-12.6","-12.6",-1,0,"0.3",44,148,1097,3,189,"0.3","d",0,-1,,"false"
"2026-09-29T01:06:33Z",588,"Khalaili","CRY","6.5","6.5","6.5","6.5",1,0,"0.3",50,1957,1051,19,379,"5.3","a",0,0,,"false"
"2026-09-29T01:06:33Z",595,"Gozo","CRY","-0.9","-0.9","-0.9","-0.9",-1,0,"0.0",49,39,87,2,28,"0.3","a",-1,-1,,"false"
"2026-09-29T01:06:33Z",633,"Ahanor","CRY","0.1","0.1","0.1","0.1",1,0,"0.0",45,133,101,3,90,"1.0","a",0,0,,"false"
"2026-09-29T01:06:33Z",643,"Chilwell","CRY","-71.1","-71.1","-71.1","-71.1",-3,0,"0.4",45,534,2835,8,29,"2.7","a",0,0,,"false"
"2026-09-29T01:06:33Z",644,"Timber","CRY","0.2","0.2","0.2","0.2",1,0,"0.0",50,439,296,9,253,"3.0","a",0,0,,"false"
"2026-09-29T01:06:33Z",647,"Osorio","CRY","-68.5","-68.5","-68.5","-68.5",-3,0,"0.0",55,26,69,1,1,"0.3","a",0,0,,"false"
"2026-09-29T01:06:33Z",21,"Nørgaard","EVE","0.0","0.0","0.0","0.0",0,0,"0.0",48,49,301,0,0,"0.0","i",-1,-2,,"false"
"2026-09-29T01:06:33Z",209,"Johnson","EVE","-18.9","-18.9","-18.9","-18.9",-1,0,"0.1",59,381,675,9,238,"2.3","a",0,-1,,"false"
"2026-09-29T01:06:33Z",226,"Pickford","EVE","28.7","28.6","28.6","28.6",2,-1,"9.1",55,27643,14685,25,450,"5.0","a",0,0,,"false"
"2026-09-29T01:06:33Z",227,"Travers","EVE","-32.4","-32.4","-32.4","-32.4",-2,0,"0.0",50,235,250,0,0,"0.0","a",0,0,,"false"
"2026-09-29T01:06:33Z",228,"King","EVE","-40.3","-40.3","-40.3","-40.3",-3,0,"0.0",45,111,164,0,0,"0.0","a",0,0,,"false"
"2026-09-29T01:06:33Z",229,"Tarkowski","EVE","97.6","98.0","98.5","99.1",4,36,"16.4",61,215981,19069,43,450,"8.3","a",0,1,,"false"
"2026-09-29T01:06:33Z",230,"Branthwaite","EVE","34.6","34.6","34.5","34.5",2,-2,"2.4",55,18681,6535,27,450,"5.7","a",0,0,,"false"
"2026-09-29T01:06:33Z",231,"Keane","EVE","-37.3","-37.3","-37.3","-37.3",-2,0,"0.7",48,369,3689,0,0,"0.0","a",0,-2,,"false"
"2026-09-29T01:06:33Z",232,"O'Brien","EVE","-3.4","-3.4","-3.4","-3.4",-1,0,"0.3",48,317,1081,2,16,"0.7","a",-1,-2,,"false"
"2026-09-29T01:06:33Z",233,"Mykolenko","EVE","1.3","1.3","1.3","1.4",1,6,"4.2",46,40339,17685,27,450,"5.7","a",1,1,,"false"
"2026-09-29T01:06:33Z",234,"Patterson","EVE","0.0","0.0","0.0","0.0",0,0,"0.0",45,0,115,0,0,"0.0","u",0,0,,"false"
"2026-09-29T01:06:33Z",235,"Aznou","EVE","0.0","0.0","0.0","0.0",0,0,"0.1",40,0,529,0,0,"0.0","u",0,0,,"false"
"2026-09-29T01:06:33Z",236,"Dewsbury-Hall","EVE","-15.0","-15.0","-15.0","-15.0",-1,1,"6.0",66,33395,42941,20,450,"2.3","a",1,1,,"false"
"2026-09-29T01:06:33Z",238,"Grealish","EVE","8.4","8.4","8.4","8.4",1,-1,"0.5",65,3490,2847,6,135,"1.7","a",0,0,,"false"
"2026-09-29T01:06:33Z",239,"Garner","EVE","3.4","3.4","3.4","3.5",1,2,"0.2",60,1635,1889,11,328,"3.0","a",0,0,,"false"
"2026-09-29T01:06:33Z",242,"George","EVE","29.5","29.5","29.5","29.5",2,0,"0.9",55,2319,10414,19,309,"4.7","a",0,0,,"false"
"2026-09-29T01:06:33Z",243,"Alcaraz","EVE","-44.3","-44.3","-44.3","-44.3",-3,0,"0.1",49,155,388,1,5,"0.0","a",0,-1,,"false"
"2026-09-29T01:06:33Z",244,"Armstrong","EVE","9.1","9.1","9.1","9.1",1,0,"0.4",50,785,3226,16,446,"2.0","a",0,0,,"false"
"2026-09-29T01:06:33Z",245,"Dibling","EVE","-87.8","-87.8","-87.8","-87.8",-3,0,"0.0",54,113,150,1,24,"0.3","a",0,-1,,"false"
"2026-09-29T01:06:33Z",246,"Röhl","EVE","-43.8","-43.8","-43.8","-43.8",-3,0,"0.0",49,7,572,6,249,"0.3","i",0,-1,,"false"
"2026-09-29T01:06:33Z",247,"Hackney","EVE","-4.8","-4.8","-4.8","-4.8",-1,0,"0.2",54,187,1051,10,137,"2.0","a",-1,-1,,"false"
"2026-09-29T01:06:33Z",248,"Beto","EVE","0.0","0.0","0.0","0.0",0,-3,"0.6",54,0,6991,2,31,"0.0","u",0,-1,,"false"
"2026-09-29T01:06:33Z",249,"Barry","EVE","0.1","0.1","0.1","0.1",1,1,"8.3",57,81043,36879,20,417,"3.3","a",1,2,,"false"
"2026-09-29T01:06:33Z",649,"Maitland-Niles","EVE","16.9","16.9","16.9","16.9",1,0,"1.4",45,18828,4335,21,177,"7.0","a",0,0,,"false"
"2026-09-29T01:06:33Z",654,"Graham","EVE","-32.1","-32.1","-32.1","-32.1",-2,0,"0.1",45,224,972,0,0,"0.0","a",0,0,,"false"
"2026-09-29T01:06:33Z",250,"Leno","FUL","8.4","8.4","8.4","8.5",1,2,"3.4",45,36791,10462,18,450,"4.0","a",0,0,,"false"
"2026-09-29T01:06:33Z",251,"Lecomte","FUL","-23.3","-23.3","-23.3","-23.3",-2,0,"1.1",40,2337,2375,0,0,"0.0","a",0,0,,"false"
"2026-09-29T01:06:33Z",252,"McNally","FUL","0.0","0.0","0.0","0.0",0,0,"0.1",40,0,582,0,0,"0.0","u",0,0,,"false"
"2026-09-29T01:06:33Z",253,"Andersen","FUL","0.7","0.7","0.7","0.7",1,-1,"0.2",50,2589,1046,3,190,"0.8","a",0,0,,"false"
"2026-09-29T01:06:33Z",254,"Robinson","FUL","-19.0","-18.8","-18.6","-18.4",-1,2,"1.5",45,15039,6224,12,429,"2.8","a",0,0,,"false"
"2026-09-29T01:06:33Z",255,"J.Cuenca","FUL","-70.2","-70.2","-70.2","-70.2",-3,0,"0.0",45,62,102,3,90,"0.0","a",0,0,,"false"
"2026-09-29T01:06:33Z",256,"Tete","FUL","-0.2","-2.0","-4.0","-6.0",-1,-2,"0.2",44,52,1019,0,27,"0.0","a",0,-1,,"false"
"2026-09-29T01:06:33Z",257,"Bassey","FUL","-0.8","-0.8","-0.8","-0.8",-1,0,"0.7",45,4978,1673,15,450,"3.8","a",0,0,,"false"
"2026-09-29T01:06:33Z",258,"Castagne","FUL","13.7","13.7","13.7","13.7",1,0,"0.9",45,13892,4576,20,408,"3.5","a",0,0,,"false"
"2026-09-29T01:06:33Z",261,"Iwobi","FUL","-58.2","-57.7","-57.3","-56.8",-3,2,"0.7",54,3199,3063,14,408,"3.0","a",0,-1,,"false"
"2026-09-29T01:06:33Z",262,"Smith Rowe","FUL","-0.7","-0.7","-0.7","-0.7",-1,0,"0.2",53,283,1288,3,38,"0.8","a",-1,-2,,"false"
"2026-09-29T01:06:33Z",263,"Kevin","FUL","-12.1","-12.1","-12.1","-12.1",-1,0,"0.0",53,189,269,4,61,"0.8","a",0,-2,,"false"
"2026-09-29T01:06:33Z",264,"Bobb","FUL","-48.7","-47.7","-46.7","-45.7",-3,2,"0.3",55,2154,1721,13,343,"2.8","a",0,0,,"false"
"2026-09-29T01:06:33Z",265,"Berge","FUL","-33.0","-33.0","-33.0","-33.0",-2,0,"0.3",49,583,1234,11,349,"2.2","a",0,-1,,"false"
"2026-09-29T01:06:33Z",266,"Cairney","FUL","-14.9","-14.9","-14.9","-14.9",-1,0,"0.0",49,8,20,0,0,"0.0","i",0,-1,,"false"
"2026-09-29T01:06:33Z",268,"King","FUL","84.9","85.2","85.5","85.8",3,20,"2.6",55,81929,17020,24,425,"4.2","a",0,0,,"false"
"2026-09-29T01:06:33Z",269,"Sessegnon","FUL","-1.5","-1.5","-1.5","-1.5",-1,0,"0.3",43,283,1255,3,50,"0.5","a",-1,-2,,"false"
"2026-09-29T01:06:33Z",270,"Reed","FUL","-10.6","-10.7","-10.9","-11.0",-1,-1,"1.1",44,2724,6589,0,0,"0.0","a",0,-1,,"false"
"2026-09-29T01:06:33Z",271,"Muniz","FUL","-49.5","-49.5","-49.5","-49.5",-3,0,"0.4",54,1621,2566,3,38,"0.5","a",0,-1,,"false"
"2026-09-29T01:06:33Z",272,"Kusi-Asare","FUL","-61.8","-61.8","-61.8","-61.9",-3,-1,"5.4",45,10390,32110,0,0,"0.0","a",0,0,,"false"
"2026-09-29T01:06:33Z",569,"Gonzalo","FUL","55.5","55.6","55.8","55.9",3,8,"3.9",60,62824,30884,14,425,"2.0","a",0,0,,"false"
"2026-09-29T01:06:33Z",570,"Palacios","FUL","-6.7","-6.7","-6.7","-6.7",-1,0,"0.2",54,683,913,12,226,"2.5","a",0,-1,,"false"
"2026-09-29T01:06:33Z",580,"Charles","FUL","-80.6","-80.6","-80.6","-80.6",-3,0,"0.1",50,559,404,13,303,"3.0","a",0,0,,"false"
"2026-09-29T01:06:33Z",610,"De Fougerolles","FUL","0.0","0.0","0.0","0.0",0,0,"0.1",40,0,485,0,0,"0.0","u",0,0,,"false"
"2026-09-29T01:06:33Z",626,"Zepa","FUL","0.1","0.1","0.1","0.1",1,1,"0.3",44,396,2161,0,0,"0.0","a",-1,-1,,"false"
"2026-09-29T01:06:33Z",635,"Larsson","FUL","0.0","0.0","0.0","0.0",0,0,"0.0",50,89,69,3,37,"1.0","a",0,0,,"false"
"2026-09-29T01:06:33Z",636,"Ángel","FUL","0.0","0.0","0.0","0.0",0,0,"0.0",50,31,26,0,0,"0.0","a",0,0,,"false"
"2026-09-29T01:06:33Z",650,"Affengruber","FUL","1.1","1.1","1.1","1.1",1,1,"0.1",45,4760,1049,12,180,"4.0","a",0,0,,"false"
"2026-09-29T01:06:33Z",240,"Iroegbunam","HUL","0.1","0.1","0.1","0.1",1,0,"0.0",50,74,134,2,70,"0.3","a",0,0,,"false"
"2026-09-29T01:06:33Z",273,"Phillips","HUL","-27.3","-27.2","-27.1","-26.9",-2,1,"1.4",40,2863,3320,0,0,"0.0","a",0,0,,"false"
"2026-09-29T01:06:33Z",274,"Butland","HUL","-0.6","-0.6","-0.6","-0.6",-1,0,"0.1",44,65,311,0,0,"0.0","i",-1,-1,,"false"
"2026-09-29T01:06:33Z",275,"Cartwright","HUL","0.0","0.0","0.0","0.0",0,0,"0.0",40,0,24,0,0,"0.0","u",0,0,,"false"
"2026-09-29T01:06:33Z",276,"Lo-Tutala","HUL","0.0","0.0","0.0","0.0",0,0,"0.0",40,0,110,0,0,"0.0","u",0,0,,"false"
"2026-09-29T01:06:33Z",277,"Egan","HUL","25.7","25.7","25.7","25.6",2,-2,"7.0",41,26203,28160,26,437,"3.0","a",0,1,,"false"
"2026-09-29T01:06:33Z",278,"Hughes","HUL","0.5","0.5","0.5","0.5",1,0,"0.2",39,1063,1862,0,0,"0.0","i",0,-1,,"false"
"2026-09-29T01:06:33Z",279,"Ajayi","HUL","68.3","68.2","68.2","68.1",3,-4,"14.0",42,42140,56876,27,423,"2.3","a",0,2,,"false"
"2026-09-29T01:06:33Z",280,"Coyle","HUL","0.2","0.2","0.2","0.2",1,0,"0.7",40,1991,1960,14,348,"2.7","a",0,0,,"false"
"2026-09-29T01:06:33Z",281,"Drameh","HUL","0.0","0.0","0.0","0.0",0,0,"0.0",40,0,243,2,65,"0.0","u",0,0,,"false"
"2026-09-29T01:06:33Z",282,"Giles","HUL","68.5","68.5","68.5","68.5",3,-2,"2.9",40,20684,13247,24,444,"4.0","a",0,0,,"false"
"2026-09-29T01:06:33Z",283,"Jacob","HUL","0.0","0.0","0.0","0.0",0,0,"0.0",40,0,34,0,0,"0.0","u",0,0,,"false"
"2026-09-29T01:06:33Z",284,"McCarthy","HUL","0.4","0.4","0.4","0.4",1,0,"0.1",40,381,418,0,0,"0.0","a",0,0,,"false"
"2026-09-29T01:06:33Z",285,"McNair","HUL","-41.1","-41.1","-41.1","-41.1",-3,0,"0.1",40,185,399,1,26,"0.0","a",0,0,,"false"
"2026-09-29T01:06:33Z",286,"Belloumi","HUL","35.4","35.6","35.8","36.0",2,15,"5.1",51,73175,23601,31,394,"7.3","a",0,1,,"false"
"2026-09-29T01:06:33Z",287,"Millar","HUL","0.0","0.0","0.0","0.0",0,0,"0.0",50,0,288,6,50,"0.0","u",0,0,,"false"
"2026-09-29T01:06:33Z",288,"Dowell","HUL","-92.6","-92.6","-92.6","-92.6",-3,0,"0.3",45,565,1924,0,0,"0.0","a",0,0,,"false"
"2026-09-29T01:06:33Z",289,"Crooks","HUL","0.6","0.7","0.7","0.7",1,2,"0.5",44,4881,4024,3,203,"0.3","a",-1,-1,,"false"
"2026-09-29T01:06:33Z",290,"Slater","HUL","73.4","73.4","73.4","73.4",3,-1,"5.2",45,15139,35932,15,437,"2.3","a",0,0,,"false"
"2026-09-29T01:06:33Z",291,"Matazo","HUL","-13.5","-13.5","-13.5","-13.5",-1,0,"0.0",45,29,51,0,0,"0.0","i",0,0,,"false"
"2026-09-29T01:06:33Z",292,"Ömür","HUL","-9.8","-9.8","-9.8","-9.8",-1,0,"0.0",49,84,145,0,0,"0.0","a",0,-1,,"false"
"2026-09-29T01:06:33Z",293,"Kamara","HUL","0.0","0.0","0.0","0.0",0,0,"0.0",50,0,12,0,0,"0.0","u",0,0,,"false"
"2026-09-29T01:06:33Z",294,"Zambrano","HUL","-21.8","-21.8","-21.8","-21.8",-2,0,"0.1",45,141,479,0,0,"0.0","a",0,0,,"false"
"2026-09-29T01:06:33Z",295,"McBurnie","HUL","27.1","27.1","27.1","27.1",2,-1,"1.9",55,7505,17377,13,441,"2.3","a",0,0,,"false"
"2026-09-29T01:06:33Z",296,"Akintola","HUL","0.0","0.0","0.0","0.0",0,0,"0.0",50,0,256,0,0,"0.0","u",0,0,,"false"
"2026-09-29T01:06:33Z",297,"Gyabi","HUL","-0.3","-0.3","-0.3","-0.3",-1,0,"0.0",44,55,134,0,0,"0.0","i",-1,-1,,"false"
"2026-09-29T01:06:33Z",298,"Destan","HUL","0.0","0.0","0.0","0.0",0,0,"0.2",45,0,1250,0,0,"0.0","u",0,0,,"false"
"2026-09-29T01:06:33Z",299,"Burstow","HUL","0.0","0.0","0.0","0.0",0,0,"0.0",45,0,211,0,0,"0.0","u",0,0,,"false"
"2026-09-29T01:06:33Z",340,"Gelhardt","HUL","0.0","0.0","0.0","0.0",0,0,"0.0",50,92,104,1,7,"0.3","a",0,0,,"false"
"2026-09-29T01:06:33Z",556,"Targett","HUL","-72.0","-72.2","-72.4","-72.6",-3,-4,"1.6",40,107,9502,1,5,"0.0","d",0,0,,"false"
"2026-09-29T01:06:33Z",563,"Morita","HUL","0.0","0.0","0.0","0.0",0,0,"0.0",49,24,165,1,45,"0.0","i",-1,-1,,"false"
"2026-09-29T01:06:33Z",572,"Tzolakis","HUL","0.5","0.6","0.6","0.7",1,9,"12.8",47,121841,20496,34,450,"4.7","a",1,2,,"false"
"2026-09-29T01:06:33Z",574,"Hjertø-Dahl","HUL","-73.0","-73.0","-73.0","-73.0",-3,0,"0.1",49,74,319,1,8,"0.3","a",0,-1,,"false"
"2026-09-29T01:06:33Z",576,"Stroud","HUL","-50.8","-50.8","-50.8","-50.8",-3,0,"0.1",50,140,448,7,249,"1.3","a",0,0,,"false"
"2026-09-29T01:06:33Z",585,"Herrington","HUL","-26.6","-26.6","-26.6","-26.6",-2,0,"0.6",40,1004,1615,5,197,"1.0","a",0,0,,"false"
"2026-09-29T01:06:33Z",586,"Mendy","HUL","-0.4","-0.4","-0.4","-0.4",-1,0,"6.3",41,6657,32827,25,249,"3.0","a",0,1,,"false"
"2026-09-29T01:06:33Z",589,"Gourna-Douath","HUL","-77.1","-77.1","-77.1","-77.1",-3,0,"0.0",50,32,105,4,138,"1.0","a",0,0,,"false"
"2026-09-29T01:06:33Z",617,"Cho","HUL","0.2","0.2","0.2","0.2",1,0,"0.0",50,341,144,9,72,"2.7","a",0,0,,"false"
"2026-09-29T01:06:33Z",632,"Ansah","HUL","-62.3","-62.3","-62.3","-62.3",-3,0,"0.0",50,68,401,0,0,"0.0","i",0,0,,"false"
"2026-09-29T01:06:33Z",637,"Vaz","HUL","1.2","1.2","1.2","1.2",1,0,"0.1",50,1761,1114,2,20,"0.7","a",0,0,,"false"
"2026-09-29T01:06:33Z",638,"Norton-Cuffy","HUL","-24.0","-24.0","-24.0","-24.0",-2,0,"0.2",40,448,2475,1,34,"0.3","d",0,0,,"false"
"2026-09-29T01:06:33Z",642,"Thomas","HUL","0.2","0.2","0.2","0.2",1,0,"0.0",55,447,340,4,119,"1.3","a",0,0,,"false"
"2026-09-29T01:06:33Z",645,"Mouzakitis","HUL","0.0","0.0","0.0","0.1",0,1,"0.0",50,86,87,0,0,"0.0","a",0,0,,"false"
"2026-09-29T01:06:33Z",259,"Diop","IPS","-51.7","-51.7","-51.7","-51.7",-3,0,"12.7",40,6789,53333,12,450,"2.5","a",0,0,,"false"
"2026-09-29T01:06:33Z",267,"Lukić","IPS","-4.8","-4.8","-4.8","-4.8",-1,0,"0.1",49,185,492,11,400,"1.5","a",-1,-1,,"false"
"2026-09-29T01:06:33Z",300,"Walton","IPS","-7.4","-7.4","-7.4","-7.4",-1,0,"0.4",44,1597,986,2,90,"0.5","a",0,-1,,"false"
"2026-09-29T01:06:33Z",301,"Palmer","IPS","-24.9","-24.9","-24.8","-24.8",-2,1,"3.9",40,3819,11449,0,0,"0.0","a",0,0,,"false"
"2026-09-29T01:06:33Z",302,"Button","IPS","1.1","1.1","1.1","1.1",1,0,"0.6",40,1389,1267,0,0,"0.0","a",0,0,,"false"
"2026-09-29T01:06:33Z",303,"Kipré","IPS","3.1","3.1","3.1","3.1",1,0,"0.9",39,4320,4211,0,0,"0.0","a",0,-1,,"false"
"2026-09-29T01:06:33Z",304,"O'Shea","IPS","-39.1","-39.1","-39.1","-39.1",-2,0,"2.7",40,1874,14125,10,450,"1.5","a",0,0,,"false"
"2026-09-29T01:06:33Z",305,"Davis","IPS","70.7","70.8","70.9","71.1",3,9,"6.9",40,48191,26191,25,450,"5.8","a",0,0,,"false"
"2026-09-29T01:06:33Z",306,"Greaves","IPS","-88.3","-88.3","-88.3","-88.3",-3,0,"1.1",40,455,3323,3,357,"0.2","a",0,0,,"false"
"2026-09-29T01:06:33Z",307,"Johnson","IPS","0.0","0.0","0.0","0.0",0,0,"0.1",40,0,346,0,0,"0.0","u",0,0,,"false"
"2026-09-29T01:06:33Z",308,"Furlong","IPS","2.0","2.0","2.0","2.0",1,0,"0.6",39,6226,2747,1,17,"0.2","a",0,-1,,"false"
"2026-09-29T01:06:33Z",309,"Núñez","IPS","-33.3","-33.3","-33.3","-33.3",-2,0,"0.1",49,93,606,6,140,"0.5","a",0,-1,,"false"
"2026-09-29T01:06:33Z",310,"Matusiwa","IPS","0.0","0.0","0.0","0.0",0,0,"0.0",49,15,17,0,0,"0.0","a",0,-1,,"false"
"2026-09-29T01:06:33Z",311,"Burns","IPS","0.0","0.0","0.0","0.0",0,0,"0.0",50,0,8,0,0,"0.0","u",0,0,,"false"
"2026-09-29T01:06:33Z",312,"Taylor","IPS","0.1","0.1","0.1","0.1",1,0,"0.0",44,370,255,0,0,"0.0","i",-1,-1,,"false"
"2026-09-29T01:06:33Z",313,"Clarke","IPS","-82.5","-83.5","-84.4","-85.4",-3,-1,"0.2",54,138,892,11,170,"1.0","a",0,-1,,"false"
"2026-09-29T01:06:33Z",314,"Ogbene","IPS","0.0","0.0","0.0","0.0",0,0,"0.0",49,0,65,0,0,"0.0","u",0,-1,,"false"
"2026-09-29T01:06:33Z",315,"Fatawu","IPS","-31.7","-31.7","-31.7","-31.7",-2,0,"0.2",54,52,2398,8,352,"1.5","s",0,-1,,"false"
"2026-09-29T01:06:33Z",316,"Emersonn","IPS","81.6","81.6","81.6","81.6",3,0,"3.5",55,32348,22277,26,317,"4.2","a",0,0,,"false"
"2026-09-29T01:06:33Z",317,"Hirst","IPS","0.0","0.0","0.0","0.0",0,0,"0.1",50,0,455,0,0,"0.0","u",0,0,,"false"
"2026-09-29T01:06:33Z",318,"Philogene","IPS","-7.7","-7.7","-7.7","-7.7",-1,0,"0.1",54,32,151,2,52,"0.5","a",0,-1,,"false"
"2026-09-29T01:06:33Z",319,"Szmodics","IPS","0.0","0.0","0.0","0.0",0,0,"0.0",50,0,13,0,0,"0.0","u",0,0,,"false"
"2026-09-29T01:06:33Z",320,"Akpom","IPS","23.6","23.6","23.5","23.5",2,-2,"1.2",50,4859,9320,7,78,"1.5","a",0,0,,"false"
"2026-09-29T01:06:33Z",321,"Walle Egeli","IPS","38.1","38.1","38.1","38.1",2,0,"3.5",45,17248,25728,1,10,"0.0","a",0,0,,"false"
"2026-09-29T01:06:33Z",322,"Al-Hamadi","IPS","0.0","0.0","0.0","0.0",0,0,"0.0",50,0,359,0,0,"0.0","u",0,0,,"false"
"2026-09-29T01:06:33Z",323,"McAteer","IPS","-0.7","-0.7","-0.7","-0.7",-1,0,"1.0",44,1382,6174,3,42,"0.5","a",-1,-1,,"false"
"2026-09-29T01:06:33Z",324,"Mehmeti","IPS","-1.9","-1.9","-1.9","-1.9",-1,0,"0.0",48,69,132,0,0,"0.0","a",-1,-2,,"false"
"2026-09-29T01:06:33Z",554,"Van Oevelen","IPS","0.0","0.0","0.0","0.0",0,0,"0.0",45,0,79,0,0,"0.0","u",0,0,,"false"
"2026-09-29T01:06:33Z",562,"Maeda","IPS","-9.4","-9.4","-9.4","-9.4",-1,0,"0.2",53,126,1405,8,259,"1.5","a",-1,-2,,"false"
"2026-09-29T01:06:33Z",564,"Scherpen","IPS","-30.8","-29.3","-27.8","-26.2",-2,6,"0.6",45,582,2710,7,360,"1.2","a",0,0,,"false"
"2026-09-29T01:06:33Z",571,"Florentino","IPS","-2.2","-2.2","-2.2","-2.2",-1,0,"0.1",48,107,321,2,30,"0.5","a",-1,-2,,"false"
"2026-09-29T01:06:33Z",591,"Enciso","IPS","8.4","8.4","8.4","8.4",1,-1,"0.8",55,2077,5906,15,413,"2.5","a",0,0,,"false"
"2026-09-29T01:06:33Z",592,"Ouattara","IPS","-31.0","-31.0","-31.0","-31.0",-2,0,"0.9",40,653,1989,6,131,"1.2","a",0,0,,"false"
"2026-09-29T01:06:33Z",602,"Humphreys","IPS","0.0","0.0","0.0","0.0",0,0,"0.0",45,0,232,0,0,"0.0","u",0,0,,"false"
"2026-09-29T01:06:33Z",619,"Palacios","IPS","1.0","1.0","1.0","1.0",1,0,"0.1",50,481,803,11,275,"2.8","a",0,0,,"false"
"2026-09-29T01:06:33Z",640,"Flemming","IPS","0.5","0.5","0.5","0.5",1,0,"0.1",55,862,956,6,60,"2.0","a",0,0,,"false"
"2026-09-29T01:06:33Z",260,"Wilson","LEE","-57.8","-58.0","-58.2","-58.4",-3,-6,"1.7",62,71,39057,5,145,"0.5","i",0,-3,,"false"
"2026-09-29T01:06:33Z",326,"Perri","LEE","0.0","0.0","0.0","0.0",0,0,"0.3",45,0,1215,0,0,"0.0","u",0,0,,"false"
"2026-09-29T01:06:33Z",327,"Bijol","LEE","4.9","4.9","4.9","4.8",1,-2,"0.7",50,770,5349,12,164,"0.5","a",0,0,,"false"
"2026-09-29T01:06:33Z",329,"Rodon","LEE","-6.0","-6.1","-6.3","-6.4",-1,-4,"0.8",43,43,8514,7,123,"0.2","i",-1,-2,,"false"
"2026-09-29T01:06:33Z",330,"Bogle","LEE","54.3","54.6","55.0","55.3",3,24,"7.1",46,119219,24089,42,365,"9.0","a",0,1,,"false"
"2026-09-29T01:06:33Z",331,"Gudmundsson","LEE","0.9","0.9","0.9","0.9",1,0,"0.1",45,495,310,14,252,"3.5","a",0,0,,"false"
"2026-09-29T01:06:33Z",332,"Justin","LEE","17.6","17.6","17.6","17.6",1,0,"1.5",45,3961,5548,26,450,"4.0","a",0,0,,"false"
"2026-09-29T01:06:33Z",333,"Bornauw","LEE","0.0","0.0","0.0","0.0",0,0,"0.0",45,0,5,0,0,"0.0","u",0,0,,"false"
"2026-09-29T01:06:33Z",334,"Muharemović","LEE","37.5","37.5","37.5","37.5",2,1,"4.3",50,26154,22126,27,450,"5.2","a",0,0,,"false"
"2026-09-29T01:06:33Z",335,"Stach","LEE","15.7","15.6","15.4","15.3",1,-9,"2.5",60,4564,18840,27,447,"3.5","a",0,0,,"false"
"2026-09-29T01:06:33Z",336,"Okafor","LEE","1.4","1.4","1.4","1.4",1,0,"0.4",58,1672,3229,18,299,"4.2","a",0,-2,,"false"
"2026-09-29T01:06:33Z",337,"Aaronson","LEE","-7.0","-7.0","-7.0","-7.0",-1,0,"0.5",53,206,3243,7,194,"1.0","a",-1,-2,,"false"
"2026-09-29T01:06:33Z",338,"Ampadu","LEE","-27.2","-27.4","-27.6","-27.8",-2,-1,"0.9",54,1527,4709,21,450,"4.0","a",0,-1,,"false"
"2026-09-29T01:06:33Z",339,"Longstaff","LEE","-93.6","-93.6","-93.6","-93.6",-3,0,"0.1",49,122,601,2,10,"0.2","a",0,-1,,"false"
"2026-09-29T01:06:33Z",341,"Gnonto","LEE","0.0","0.0","0.0","0.0",0,0,"0.0",50,0,51,0,0,"0.0","u",0,0,,"false"
"2026-09-29T01:06:33Z",342,"Harrison","LEE","0.0","0.0","0.0","0.0",0,0,"0.0",50,0,5,0,0,"0.0","u",0,0,,"false"
"2026-09-29T01:06:33Z",343,"James","LEE","-26.6","-26.6","-26.6","-26.6",-2,0,"0.1",49,179,533,3,52,"0.8","a",0,-1,,"false"
"2026-09-29T01:06:33Z",344,"Gruev","LEE","0.0","0.0","0.0","0.0",0,0,"0.0",50,45,18,0,0,"0.0","a",0,0,,"false"
"2026-09-29T01:06:33Z",345,"Tanaka","LEE","4.7","4.7","4.7","4.7",1,0,"0.3",49,2099,2172,14,255,"3.5","a",0,-1,,"false"
"2026-09-29T01:06:33Z",346,"Calvert-Lewin","LEE","66.2","66.3","66.5","66.6",3,9,"24.8",60,89286,163366,22,419,"5.2","a",0,0,,"false"
"2026-09-29T01:06:33Z",347,"Nmecha","LEE","-25.5","-25.9","-26.3","-26.7",-2,-1,"0.5",54,1904,3594,7,64,"1.8","a",0,-1,,"false"
"2026-09-29T01:06:33Z",348,"Piroe","LEE","0.0","0.0","0.0","0.0",0,0,"0.1",50,0,409,0,0,"0.0","u",0,0,,"false"
"2026-09-29T01:06:33Z",349,"Mateo Joseph","LEE","-39.7","-39.7","-39.7","-39.7",-2,0,"0.1",45,301,458,0,0,"0.0","i",0,0,,"false"
"2026-09-29T01:06:33Z",385,"Trafford","LEE","32.6","32.7","32.9","33.0",2,10,"5.5",50,21007,14104,28,450,"4.8","a",0,0,,"false"
"2026-09-29T01:06:33Z",598,"Elvedi","LEE","0.6","0.6","0.6","0.6",1,0,"0.1",45,217,219,13,326,"3.2","a",0,0,,"false"
"2026-09-29T01:06:33Z",603,"Lienou","LEE","0.1","0.1","0.1","0.1",1,0,"0.1",40,229,499,0,0,"0.0","a",0,0,,"false"
"2026-09-29T01:06:33Z",604,"Cresswell","LEE","-11.2","-11.2","-11.2","-11.2",-1,0,"0.1",45,292,865,0,0,"0.0","a",0,0,,"false"
"2026-09-29T01:06:33Z",625,"Cairns","LEE","0.4","0.4","0.4","0.4",1,0,"0.2",40,813,751,0,0,"0.0","a",0,0,,"false"
"2026-09-29T01:06:33Z",629,"Zetterer","LEE","2.2","2.2","2.2","2.2",1,0,"0.7",40,2930,2673,0,0,"0.0","a",0,0,,"false"
"2026-09-29T01:06:33Z",641,"Bard","LEE","0.0","0.0","0.0","0.0",0,0,"0.0",45,93,74,1,18,"0.3","a",0,0,,"false"
"2026-09-29T01:06:33Z",648,"Bahoya","LEE","-50.4","-50.4","-50.4","-50.4",-3,0,"0.0",50,103,169,1,1,"0.3","a",0,0,,"false"
"2026-09-29T01:06:33Z",350,"A.Becker","LIV","1.5","1.4","1.4","1.4",1,-1,"4.1",55,12193,11165,27,450,"8.3","a",0,0,,"false"
"2026-09-29T01:06:33Z",351,"Mamardashvili","LIV","-94.3","-94.3","-94.3","-94.3",-3,0,"0.1",49,239,592,0,0,"0.0","a",0,-1,,"false"
"2026-09-29T01:06:33Z",352,"Woodman","LIV","-30.6","-30.6","-30.6","-30.6",-2,0,"1.0",40,756,2279,0,0,"0.0","a",0,0,,"false"
"2026-09-29T01:06:33Z",353,"Pecsi","LIV","0.0","0.0","0.0","0.0",0,0,"0.0",40,0,57,0,0,"0.0","u",0,0,,"false"
"2026-09-29T01:06:33Z",354,"Jaros","LIV","0.0","0.0","0.0","0.0",0,0,"0.0",40,197,151,0,0,"0.0","i",0,0,,"false"
"2026-09-29T01:06:33Z",355,"Davies","LIV","0.1","0.1","0.1","0.1",1,0,"0.2",40,279,453,0,0,"0.0","a",0,0,,"false"
"2026-09-29T01:06:33Z",356,"Virgil","LIV","-58.2","-58.1","-58.1","-58.1",-3,4,"16.2",65,20068,41980,25,450,"7.3","a",0,0,,"false"
"2026-09-29T01:06:33Z",357,"Frimpong","LIV","-35.8","-36.0","-36.3","-36.6",-2,-4,"1.8",53,1535,12285,2,178,"0.3","a",0,-2,,"false"
"2026-09-29T01:06:33Z",358,"Kerkez","LIV","-99.5","-99.5","-99.4","-99.3",-4,1,"2.2",54,2506,9874,13,385,"4.0","a",0,-1,,"false"
"2026-09-29T01:06:33Z",359,"Gomez","LIV","0.0","0.0","0.0","0.0",0,0,"0.0",49,303,109,0,0,"0.0","a",0,-1,,"false"
"2026-09-29T01:06:33Z",360,"Bradley","LIV","-84.5","-84.5","-84.5","-84.5",-3,0,"0.0",50,50,76,0,0,"0.0","i",0,0,,"false"
"2026-09-29T01:06:33Z",361,"Lucky","LIV","-51.7","-51.7","-51.7","-51.7",-3,0,"0.1",40,276,547,0,0,"0.0","a",0,0,,"false"
"2026-09-29T01:06:33Z",362,"Jacquet","LIV","54.0","54.0","54.1","54.2",3,5,"3.5",50,31948,12636,24,415,"6.7","a",0,0,,"false"
"2026-09-29T01:06:33Z",363,"Leoni","LIV","-58.7","-58.7","-58.7","-58.7",-3,0,"0.0",40,62,171,0,0,"0.0","i",0,0,,"false"
"2026-09-29T01:06:33Z",364,"Tsimikas","LIV","-53.6","-55.9","-58.4","-60.9",-3,-1,"0.1",49,85,385,2,64,"0.3","a",0,-1,,"false"
"2026-09-29T01:06:33Z",365,"Ramsay","LIV","0.0","0.0","0.0","0.0",0,0,"0.1",40,0,455,0,0,"0.0","u",0,0,,"false"
"2026-09-29T01:06:33Z",366,"Wirtz","LIV","-35.7","-35.7","-35.8","-35.9",-2,-3,"5.7",73,3018,40715,18,402,"4.0","a",0,-2,,"false"
"2026-09-29T01:06:33Z",367,"Gakpo","LIV","2.6","1.7","0.7","-0.1",1,-68,"12.5",72,50573,82096,32,370,"5.0","d",0,2,,"false"
"2026-09-29T01:06:33Z",368,"Szoboszlai","LIV","-93.9","-94.0","-94.1","-94.2",-3,-19,"32.8",70,34073,204360,20,440,"2.7","a",0,0,,"false"
"2026-09-29T01:06:33Z",369,"Ngumoha","LIV","-22.1","-22.1","-22.1","-22.1",-2,0,"0.5",57,720,4116,4,99,"0.3","a",-1,-3,,"false"
"2026-09-29T01:06:33Z",370,"Chiesa","LIV","-5.5","-5.5","-5.5","-5.5",-1,0,"0.0",53,16,238,0,0,"0.0","i",-1,-2,,"false"
"2026-09-29T01:06:33Z",371,"Gravenberch","LIV","-21.1","-21.0","-20.9","-20.9",-2,1,"1.1",58,1164,8789,9,190,"1.0","a",-1,-2,,"false"
"2026-09-29T01:06:33Z",372,"Mac Allister","LIV","-41.7","-41.7","-41.7","-41.7",-3,0,"1.3",54,3685,6648,11,306,"2.7","a",0,-1,,"false"
"2026-09-29T01:06:33Z",373,"C.Jones","LIV","0.0","0.0","0.0","0.0",0,0,"0.0",55,0,56,0,0,"0.0","u",0,0,,"false"
"2026-09-29T01:06:33Z",374,"Endo","LIV","-59.9","-59.9","-59.9","-59.9",-3,0,"0.1",49,156,426,0,0,"0.0","a",0,-1,,"false"
"2026-09-29T01:06:33Z",375,"Nyoni","LIV","-84.7","-84.7","-84.7","-84.7",-3,0,"0.0",49,85,306,3,38,"0.7","a",0,-1,,"false"
"2026-09-29T01:06:33Z",376,"Bajcetic","LIV","0.0","0.0","0.0","0.0",0,0,"0.0",50,0,2,0,0,"0.0","u",0,0,,"false"
"2026-09-29T01:06:33Z",377,"Munoz","LIV","6.3","6.3","6.3","6.3",1,0,"0.9",65,1357,11137,15,257,"1.7","a",0,0,,"false"
"2026-09-29T01:06:33Z",378,"McConnell","LIV","-3.0","-3.0","-3.0","-3.0",-1,0,"0.2",44,1032,1444,0,0,"0.0","a",0,-1,,"false"
"2026-09-29T01:06:33Z",379,"Isak","LIV","10.1","9.8","9.4","9.1",1,-24,"22.4",91,113164,74415,33,413,"7.7","d",0,1,,"false"
"2026-09-29T01:06:33Z",380,"Ekitiké","LIV","-26.5","-26.5","-26.5","-26.5",-2,0,"0.1",74,353,792,0,0,"0.0","i",0,-1,,"false"
"2026-09-29T01:06:33Z",381,"Koumas","LIV","-91.8","-91.8","-91.8","-91.8",-3,0,"0.0",50,146,183,3,22,"0.7","a",0,0,,"false"
"2026-09-29T01:06:33Z",382,"Danns","LIV","3.5","3.5","3.5","3.5",1,1,"0.2",45,3341,2294,0,0,"0.0","a",0,0,,"false"
"2026-09-29T01:06:33Z",383,"Elliott","LIV","0.0","0.0","0.0","0.0",0,0,"0.0",54,0,218,0,0,"0.0","u",0,-1,,"false"
"2026-09-29T01:06:33Z",579,"Araujo","LIV","32.9","33.0","33.0","33.1",2,4,"3.0",54,15971,10032,22,284,"7.0","a",0,-1,,"false"
"2026-09-29T01:06:33Z",627,"Barcola","LIV","-66.5","-66.3","-66.2","-66.1",-3,2,"1.9",80,9758,18173,7,168,"2.3","a",0,0,,"false"
"2026-09-29T01:06:33Z",155,"Enzo","MCI","1.1","1.1","1.1","1.1",1,0,"3.6",69,29631,13722,13,271,"3.0","a",0,-1,,"false"
"2026-09-29T01:06:33Z",237,"Ndiaye","MCI","-18.9","-19.0","-19.1","-19.2",-1,-8,"6.7",58,6688,66544,22,385,"3.0","a",-1,-2,,"false"
"2026-09-29T01:06:33Z",384,"Donnarumma","MCI","-49.7","-49.8","-49.9","-50.0",-3,-4,"7.6",55,10312,29204,19,450,"5.3","a",0,0,,"false"
"2026-09-29T01:06:33Z",386,"Bettinelli","MCI","-84.6","-84.6","-84.6","-84.6",-3,0,"0.0",45,51,86,0,0,"0.0","a",0,0,,"false"
"2026-09-29T01:06:33Z",387,"O'Reilly","MCI","-3.4","-3.4","-3.4","-3.5",-1,-5,"10.9",63,5067,68221,6,163,"0.7","a",-1,-2,,"false"
"2026-09-29T01:06:33Z",388,"Guéhi","MCI","63.6","63.4","63.2","63.0",3,-15,"18.2",60,22723,48749,30,450,"6.0","a",0,0,,"false"
"2026-09-29T01:06:33Z",389,"Matheus N.","MCI","-32.6","-32.6","-32.6","-32.6",-2,0,"1.0",59,1578,2798,11,213,"3.3","a",0,-1,,"false"
"2026-09-29T01:06:33Z",390,"Rúben","MCI","3.8","3.8","3.8","3.9",1,3,"1.9",55,4461,8777,17,450,"4.3","a",0,0,,"false"
"2026-09-29T01:06:33Z",391,"Gvardiol","MCI","76.9","77.1","77.2","77.4",3,12,"26.8",57,141852,50886,37,434,"7.7","a",0,2,,"false"
"2026-09-29T01:06:33Z",392,"Aït-Nouri","MCI","-95.1","-95.1","-95.1","-95.1",-4,0,"0.4",53,499,2099,0,0,"0.0","a",0,-2,,"false"
"2026-09-29T01:06:33Z",393,"Khusanov","MCI","-33.1","-33.1","-33.1","-33.1",-2,0,"1.4",54,1348,8723,9,268,"1.7","a",0,-1,,"false"
"2026-09-29T01:06:33Z",394,"Alleyne","MCI","0.0","0.0","0.0","0.0",0,-1,"0.0",50,0,19,0,0,"0.0","u",0,0,,"false"
"2026-09-29T01:06:33Z",395,"Lewis","MCI","-63.1","-63.1","-63.1","-63.1",-3,0,"0.2",44,290,1160,1,56,"0.0","a",0,-1,,"false"
"2026-09-29T01:06:33Z",396,"Vitor Reis","MCI","-80.0","-80.0","-80.0","-80.0",-3,0,"0.0",45,70,145,1,1,"0.0","a",0,0,,"false"
"2026-09-29T01:06:33Z",397,"Semenyo","MCI","-18.8","-18.9","-19.0","-19.0",-1,-12,"15.4",84,123498,60303,33,450,"8.7","d",0,-1,,"false"
"2026-09-29T01:06:33Z",398,"Foden","MCI","-45.8","-45.9","-46.0","-46.2",-3,-4,"1.8",69,199,27330,9,217,"-0.3","s",0,-1,,"false"
"2026-09-29T01:06:33Z",399,"Cherki","MCI","-55.8","-55.7","-55.6","-55.4",-3,10,"28.4",78,116815,85250,34,302,"4.0","a",0,3,,"false"
"2026-09-29T01:06:33Z",400,"Doku","MCI","0.1","0.2","0.2","0.3",1,3,"0.7",74,4022,1932,1,15,"0.3","a",0,-1,,"false"
"2026-09-29T01:06:33Z",402,"Rodrigo","MCI","0.0","0.0","0.0","0.0",0,0,"0.0",65,0,23,0,0,"0.0","u",0,0,,"false"
"2026-09-29T01:06:33Z",404,"Reijnders","MCI","0.0","0.0","0.0","0.0",0,0,"0.0",60,0,94,0,0,"0.0","u",0,0,,"false"
"2026-09-29T01:06:33Z",406,"Kovačić","MCI","-92.8","-92.8","-92.8","-92.8",-3,0,"0.1",54,100,440,2,42,"0.0","a",0,-1,,"false"
"2026-09-29T01:06:33Z",407,"Echeverri","MCI","0.0","0.0","0.0","0.0",0,0,"0.0",49,0,51,0,0,"0.0","u",0,-1,,"false"
"2026-09-29T01:06:33Z",408,"Phillips","MCI","0.0","0.0","0.0","0.0",0,0,"0.0",50,0,12,0,0,"0.0","u",0,0,,"false"
"2026-09-29T01:06:33Z",409,"Mukasa","MCI","0.0","0.0","0.0","0.0",0,0,"0.1",45,0,570,0,0,"0.0","u",0,0,,"false"
"2026-09-29T01:06:33Z",410,"Monga","MCI","0.0","0.0","0.0","0.0",0,0,"0.0",49,0,49,0,0,"0.0","u",0,-1,,"false"
"2026-09-29T01:06:33Z",411,"Haaland","MCI","21.5","21.7","22.0","22.2",2,16,"73.8",156,74724,18661,39,450,"8.0","a",0,1,,"false"
"2026-09-29T01:06:33Z",481,"Anderson","MCI","-39.9","-40.0","-40.0","-40.1",-3,-2,"4.0",63,7498,26850,15,413,"3.3","a",0,-2,,"false"
"2026-09-29T01:06:33Z",587,"Rulli","MCI","-87.6","-87.6","-87.6","-87.6",-3,0,"0.0",50,68,101,0,0,"0.0","a",0,0,,"false"
"2026-09-29T01:06:33Z",616,"Bouaddi","MCI","-30.6","-30.6","-30.6","-30.6",-2,0,"0.2",55,813,2053,2,22,"0.3","a",0,0,,"false"
"2026-09-29T01:06:33Z",621,"McAidoo","MCI","-85.4","-85.4","-85.4","-85.4",-3,0,"0.1",45,186,1054,2,11,"0.3","a",0,0,,"false"
"2026-09-29T01:06:33Z",622,"Braithwaite","MCI","-36.8","-36.8","-36.8","-36.8",-2,0,"0.2",40,554,1602,1,1,"0.0","a",0,0,,"false"
"2026-09-29T01:06:33Z",628,"Allan","MCI","0.1","0.1","0.1","0.1",1,0,"0.0",60,211,156,0,0,"0.0","a",0,0,,"false"
"2026-09-29T01:06:33Z",653,"Samba","MCI","-37.9","-37.9","-37.9","-37.9",-2,0,"0.0",45,237,474,0,0,"0.0","a",0,0,,"false"
"2026-09-29T01:06:33Z",43,"Tielemans","MUN","-35.4","-35.3","-35.3","-35.2",-2,1,"1.5",58,2973,10357,14,402,"3.0","a",0,-2,,"false"
"2026-09-29T01:06:33Z",131,"Baleba","MUN","0.0","0.0","0.1","0.1",0,1,"0.1",49,1195,692,0,0,"0.0","a",0,-1,,"false"
"2026-09-29T01:06:33Z",162,"Andrey Santos","MUN","-47.1","-47.4","-47.7","-48.1",-3,-1,"0.6",48,999,4766,4,82,"0.5","a",0,-2,,"false"
"2026-09-29T01:06:33Z",325,"Darlow","MUN","-21.7","-24.0","-26.4","-28.9",-2,-1,"0.0",45,57,203,0,0,"0.0","d",0,0,,"false"
"2026-09-29T01:06:33Z",412,"Lammens","MUN","-16.2","-16.2","-16.3","-16.4",-1,-4,"9.9",49,6378,47038,11,450,"2.5","a",0,-1,,"false"
"2026-09-29T01:06:33Z",413,"Bayindir","MUN","0.0","0.0","0.0","0.0",0,0,"0.0",45,0,34,0,0,"0.0","u",0,0,,"false"
"2026-09-29T01:06:33Z",414,"Heaton","MUN","-34.6","-34.6","-34.6","-34.6",-2,0,"0.1",40,188,256,0,0,"0.0","i",0,0,,"false"
"2026-09-29T01:06:33Z",415,"Dorgu","MUN","-55.2","-55.4","-55.5","-55.7",-3,-1,"0.5",58,1018,3814,10,171,"2.5","d",0,-2,,"false"
"2026-09-29T01:06:33Z",416,"De Ligt","MUN","-93.6","-93.6","-93.6","-93.6",-3,0,"0.0",50,68,124,0,0,"0.0","i",0,0,,"false"
"2026-09-29T01:06:33Z",417,"Dalot","MUN","-74.6","-74.6","-74.6","-74.6",-3,0,"1.6",49,1178,7229,8,346,"1.8","a",0,-1,,"false"
"2026-09-29T01:06:33Z",418,"Maguire","MUN","-1.6","-1.6","-1.6","-1.7",-1,-4,"8.6",48,4078,73009,10,450,"2.2","a",-1,-2,,"false"
"2026-09-29T01:06:33Z",419,"Martinez","MUN","-93.6","-93.8","-94.1","-94.3",-3,-2,"1.3",50,3537,6206,6,360,"1.5","a",0,0,,"false"
"2026-09-29T01:06:33Z",420,"Yoro","MUN","-10.1","-10.1","-10.1","-10.1",-1,0,"0.5",48,452,2107,2,22,"0.5","a",-1,-2,,"false"
"2026-09-29T01:06:33Z",421,"Heaven","MUN","-98.3","-98.3","-98.3","-98.3",-4,0,"0.3",44,223,1413,1,90,"0.0","a",0,-1,,"false"
"2026-09-29T01:06:33Z",422,"Mazraoui","MUN","-71.0","-71.4","-71.7","-72.1",-3,-1,"0.5",44,556,2796,3,97,"0.5","a",0,-1,,"false"
"2026-09-29T01:06:33Z",423,"Shaw","MUN","-4.3","-4.4","-4.6","-4.7",-1,-12,"7.7",43,3381,74681,9,335,"2.0","a",-1,-2,,"false"
"2026-09-29T01:06:33Z",424,"Amass","MUN","-43.8","-43.8","-43.8","-43.8",-3,0,"0.2",40,404,752,0,0,"0.0","a",0,0,,"false"
"2026-09-29T01:06:33Z",425,"Fredricson","MUN","0.0","0.0","0.0","0.0",0,0,"0.0",40,0,46,0,0,"0.0","u",0,0,,"false"
"2026-09-29T01:06:33Z",426,"B.Fernandes","MUN","-1.0","-1.0","-1.1","-1.1",-1,-7,"38.5",119,40606,191131,31,450,"7.2","a",-1,-1,,"false"
"2026-09-29T01:06:33Z",427,"Mbeumo","MUN","-73.1","-73.2","-73.2","-73.3",-3,-10,"20.6",79,34289,125656,25,450,"5.8","a",0,-1,,"false"
"2026-09-29T01:06:33Z",428,"Cunha","MUN","-92.7","-92.5","-92.2","-92.0",-3,10,"5.8",79,20326,20774,26,407,"6.0","a",0,-1,,"false"
"2026-09-29T01:06:33Z",429,"Rashford","MUN","-78.7","-78.9","-79.2","-79.4",-3,-5,"1.5",70,4086,16841,10,351,"2.2","d",0,0,,"false"
"2026-09-29T01:06:33Z",430,"Mount","MUN","0.1","0.1","0.1","0.1",1,0,"0.0",54,173,195,1,10,"0.2","a",0,-1,,"false"
"2026-09-29T01:06:33Z",431,"Amad","MUN","-16.1","-16.1","-16.1","-16.1",-1,0,"0.3",57,118,1725,0,0,"0.0","i",0,-3,,"false"
"2026-09-29T01:06:33Z",432,"Mainoo","MUN","13.8","13.7","13.6","13.6",1,-5,"1.6",55,7485,14319,22,354,"5.2","d",0,0,,"false"
"2026-09-29T01:06:33Z",433,"Ugarte","MUN","-66.2","-66.2","-66.2","-66.2",-3,0,"0.0",50,22,23,0,0,"0.0","i",0,0,,"false"
"2026-09-29T01:06:33Z",434,"J.Fletcher","MUN","-38.6","-38.6","-38.6","-38.6",-2,0,"0.0",49,41,57,0,0,"0.0","a",0,-1,,"false"
"2026-09-29T01:06:33Z",435,"Lacey","MUN","-5.0","-5.0","-5.0","-5.0",-1,0,"0.1",49,366,341,1,10,"0.0","a",0,-1,,"false"
"2026-09-29T01:06:33Z",436,"Collyer","MUN","0.0","0.0","0.0","0.0",0,0,"0.0",50,0,43,0,0,"0.0","u",0,0,,"false"
"2026-09-29T01:06:33Z",437,"Bendito Mantato","MUN","0.0","0.0","0.0","0.0",0,0,"0.2",44,380,817,0,0,"0.0","a",-1,-1,,"false"
"2026-09-29T01:06:33Z",438,"Fletcher","MUN","0.4","0.4","0.4","0.4",1,1,"0.3",44,2503,2043,0,0,"0.0","a",0,-1,,"false"
"2026-09-29T01:06:33Z",439,"Šeško","MUN","-38.5","-38.7","-38.9","-39.0",-2,-3,"1.6",70,6538,23142,8,76,"1.8","d",0,0,,"false"
"2026-09-29T01:06:33Z",440,"Zirkzee","MUN","-7.9","-8.2","-8.4","-8.7",-1,-1,"0.4",53,1836,3022,2,20,"0.5","a",-1,-2,,"false"
"2026-09-29T01:06:33Z",441,"Obi","MUN","0.0","0.0","0.0","0.0",0,-4,"0.9",45,0,10937,0,0,"0.0","u",0,0,,"false"
"2026-09-29T01:06:33Z",405,"N.Gonzalez","NEW","0.8","0.8","0.8","0.8",1,0,"0.2",55,564,1802,5,164,"1.0","a",0,0,,"false"
"2026-09-29T01:06:33Z",442,"Pope","NEW","-42.7","-42.9","-43.1","-43.2",-3,-1,"0.9",49,829,3016,0,0,"0.0","a",0,-1,,"false"
"2026-09-29T01:06:33Z",443,"Gillespie","NEW","-37.5","-37.5","-37.5","-37.5",-2,0,"0.0",45,42,85,0,0,"0.0","a",0,0,,"false"
"2026-09-29T01:06:33Z",444,"Jaouen","NEW","-6.2","-6.2","-6.2","-6.2",-1,0,"0.0",44,19,114,0,0,"0.0","d",-1,-1,,"false"
"2026-09-29T01:06:33Z",445,"Thiaw","NEW","17.3","17.3","17.2","17.2",1,-3,"2.2",50,8179,9525,14,450,"1.7","a",0,0,,"false"
"2026-09-29T01:06:33Z",446,"Schär","NEW","-11.0","-10.2","-9.3","-8.5",-1,1,"0.2",49,528,879,2,25,"0.3","a",0,-1,,"false"
"2026-09-29T01:06:33Z",447,"Botman","NEW","9.4","9.4","9.4","9.3",1,-2,"0.7",50,4533,2834,15,450,"2.3","a",0,0,,"false"
"2026-09-29T01:06:33Z",448,"Burn","NEW","-3.4","-3.4","-3.4","-3.4",-1,0,"0.7",48,102,5580,0,0,"0.0","i",-1,-2,,"false"
"2026-09-29T01:06:33Z",449,"Hall","NEW","6.2","6.3","6.3","6.4",1,11,"17.3",53,238447,18921,31,449,"5.7","a",1,3,,"false"
"2026-09-29T01:06:33Z",450,"Livramento","NEW","1.5","1.5","1.5","1.5",1,0,"0.1",49,430,1442,4,33,"1.3","d",0,-1,,"false"
"2026-09-29T01:06:33Z",451,"A.Murphy","NEW","0.0","0.0","0.0","0.0",0,0,"0.1",40,0,278,0,0,"0.0","u",0,0,,"false"
"2026-09-29T01:06:33Z",453,"Barnes","NEW","14.9","15.0","15.2","15.4",1,34,"5.6",61,152768,16417,28,450,"7.7","a",1,1,,"false"
"2026-09-29T01:06:33Z",454,"Elanga","NEW","-37.9","-38.1","-38.3","-38.5",-2,-30,"4.6",61,311,162960,18,232,"0.3","i",-1,1,,"false"
"2026-09-29T01:06:33Z",456,"J.Ramsey","NEW","-88.2","-88.6","-89.2","-89.7",-3,-2,"0.2",49,55,4592,7,69,"2.0","i",0,-1,,"false"
"2026-09-29T01:06:33Z",457,"J.Murphy","NEW","-19.7","-19.7","-19.7","-19.7",-1,0,"0.1",59,911,732,3,181,"0.7","a",0,-1,,"false"
"2026-09-29T01:06:33Z",458,"Joelinton","NEW","-60.9","-60.9","-60.9","-60.9",-3,0,"0.0",54,12,74,0,0,"0.0","i",0,-1,,"false"
"2026-09-29T01:06:33Z",459,"L.Miley","NEW","0.6","0.6","0.6","0.6",1,0,"0.1",55,459,431,12,396,"2.0","a",0,0,,"false"
"2026-09-29T01:06:33Z",460,"Willock","NEW","14.8","14.9","14.9","14.9",1,1,"0.6",50,9337,2575,22,284,"4.3","a",0,0,,"false"
"2026-09-29T01:06:33Z",461,"Touré","NEW","-10.3","-10.3","-10.3","-10.3",-1,0,"0.1",58,312,827,8,50,"2.3","a",0,-2,,"false"
"2026-09-29T01:06:33Z",462,"Steur","NEW","-50.3","-50.3","-50.3","-50.3",-3,0,"0.1",49,259,365,8,223,"2.0","a",0,-1,,"false"
"2026-09-29T01:06:33Z",463,"Woltemade","NEW","0.0","0.0","0.0","0.0",0,-2,"0.5",59,0,3524,4,19,"0.0","u",0,-1,,"false"
"2026-09-29T01:06:33Z",464,"Wissa","NEW","59.9","59.9","59.9","59.8",3,-3,"18.7",62,82583,137001,15,441,"1.0","a",0,2,,"false"
"2026-09-29T01:06:33Z",465,"Osula","NEW","-7.6","-7.6","-7.6","-7.6",-1,0,"0.3",58,118,2267,4,55,"0.0","i",-1,-2,,"false"
"2026-09-29T01:06:33Z",466,"Neave","NEW","0.0","0.0","0.0","0.0",0,-1,"0.5",45,0,3754,0,0,"0.0","u",0,0,,"false"
"2026-09-29T01:06:33Z",559,"Bamba","NEW","-67.3","-67.3","-67.3","-67.3",-3,0,"0.1",49,123,471,3,27,"0.7","a",0,-1,,"false"
"2026-09-29T01:06:33Z",567,"Horníček","NEW","23.2","23.1","23.1","23.1",2,-2,"1.5",50,6889,4697,14,450,"2.0","a",0,0,,"false"
"2026-09-29T01:06:33Z",593,"Dedić","NEW","-9.3","-9.4","-9.6","-9.7",-1,-4,"1.8",45,245,36406,13,327,"0.3","i",0,0,,"false"
"2026-09-29T01:06:33Z",609,"Shahar","NEW","0.0","0.0","0.0","0.0",0,0,"0.2",40,0,1814,0,0,"0.0","u",0,0,,"false"
"2026-09-29T01:06:33Z",634,"Fernandez-Pardo","NEW","0.7","0.7","0.7","0.7",1,0,"0.1",60,1845,1355,4,157,"1.3","a",0,0,,"false"
"2026-09-29T01:06:33Z",659,"Miley","NEW","0.0","0.0","0.0","0.1",0,1,"0.0",45,1363,624,0,0,"0.0","a",0,0,,"false"
"2026-09-29T01:06:33Z",663,"Pivas","NEW","0.0","0.0","0.0","0.0",0,0,"0.0",40,375,51,0,0,"0.0","a",0,0,"2026-10-02T19:10:51.639791Z","false"
"2026-09-29T01:06:33Z",664,"Salia","NEW","0.0","0.0","0.0","0.0",0,0,"0.1",45,9175,1465,0,0,"0.0","a",0,0,"2026-10-02T19:11:17.402697Z","false"
"2026-09-29T01:06:33Z",665,"Mills","NEW","0.0","0.0","0.0","0.0",0,0,"0.0",45,156,26,0,0,"0.0","a",0,0,"2026-10-02T19:11:39.931907Z","false"
"2026-09-29T01:06:33Z",666,"Thompson","NEW","0.0","0.0","0.0","0.0",0,0,"0.0",45,227,35,0,0,"0.0","a",0,0,"2026-10-02T19:12:09.032926Z","false"
"2026-09-29T01:06:33Z",167,"Delap","NFO","-22.9","-23.0","-23.1","-23.2",-2,-2,"2.7",56,24393,27891,9,277,"2.7","a",1,1,,"false"
"2026-09-29T01:06:33Z",201,"Muñoz","NFO","-45.4","-45.5","-45.6","-45.8",-3,-4,"5.7",54,7553,28958,5,257,"1.7","a",0,-1,,"false"
"2026-09-29T01:06:33Z",467,"Sels","NFO","4.4","4.4","4.4","4.4",1,0,"1.6",50,1904,5859,14,450,"3.7","a",0,0,,"false"
"2026-09-29T01:06:33Z",468,"John","NFO","-71.9","-71.9","-71.9","-71.9",-3,0,"0.1",45,57,147,0,0,"0.0","a",0,0,,"false"
"2026-09-29T01:06:33Z",469,"N.Williams","NFO","23.8","23.8","23.7","23.7",2,-2,"8.7",50,10610,44041,19,450,"3.7","a",0,0,,"false"
"2026-09-29T01:06:33Z",470,"Morato","NFO","0.0","0.0","0.0","0.0",0,0,"0.0",50,0,111,0,0,"0.0","u",0,0,,"false"
"2026-09-29T01:06:33Z",471,"Milenković","NFO","-12.5","-12.5","-12.5","-12.5",-1,0,"1.0",54,62,11756,12,270,"2.3","i",-1,-1,,"false"
"2026-09-29T01:06:33Z",472,"Murillo","NFO","23.4","23.4","23.4","23.4",2,0,"2.1",55,7823,7691,23,449,"6.0","a",0,0,,"false"
"2026-09-29T01:06:33Z",473,"Aina","NFO","-2.5","-2.7","-2.8","-3.0",-1,-4,"2.4",44,1025,19791,8,306,"1.0","a",-1,-1,,"false"
"2026-09-29T01:06:33Z",474,"Jair Cunha","NFO","-46.7","-46.7","-46.7","-46.7",-3,0,"0.2",45,233,622,11,360,"3.0","a",0,0,,"false"
"2026-09-29T01:06:33Z",475,"Savona","NFO","-17.9","-17.9","-17.9","-17.9",-1,0,"0.0",45,20,18,0,0,"0.0","i",0,0,,"false"
"2026-09-29T01:06:33Z",476,"O.Richards","NFO","-65.3","-66.0","-66.9","-67.7",-3,-1,"0.2",40,286,707,0,0,"0.0","a",0,0,,"false"
"2026-09-29T01:06:33Z",477,"Abbott","NFO","0.0","0.0","0.0","0.0",0,0,"0.1",40,0,786,0,0,"0.0","u",0,0,,"false"
"2026-09-29T01:06:33Z",478,"Netz","NFO","-7.6","-7.6","-7.6","-7.6",-1,0,"0.0",44,54,114,3,27,"0.3","a",0,-1,,"false"
"2026-09-29T01:06:33Z",479,"Bindon","NFO","0.0","0.0","0.0","0.0",0,0,"0.1",40,0,507,0,0,"0.0","u",0,0,,"false"
"2026-09-29T01:06:33Z",480,"Gibbs-White","NFO","49.7","49.6","49.6","49.5",3,-6,"15.7",80,62456,79063,28,450,"4.3","a",0,0,,"false"
"2026-09-29T01:06:33Z",482,"Hudson-Odoi","NFO","-36.7","-36.7","-36.7","-36.7",-2,0,"0.1",58,245,1122,1,1,"0.0","a",0,-2,,"false"
"2026-09-29T01:06:33Z",483,"Ndoye","NFO","13.0","13.0","13.0","13.0",1,-1,"0.7",55,717,7878,15,316,"1.0","a",0,0,,"false"
"2026-09-29T01:06:33Z",484,"Hutchinson","NFO","0.0","0.0","0.0","0.0",0,0,"0.1",54,0,343,0,0,"0.0","u",0,-1,,"false"
"2026-09-29T01:06:33Z",485,"Bakwa","NFO","0.0","0.0","0.0","0.0",0,0,"0.0",55,0,33,0,0,"0.0","u",0,0,,"false"
"2026-09-29T01:06:33Z",486,"McAtee","NFO","2.2","2.2","2.2","2.2",1,0,"0.1",55,334,882,12,416,"2.3","a",0,0,,"false"
"2026-09-29T01:06:33Z",487,"Dominguez","NFO","-65.0","-65.0","-65.0","-65.0",-3,0,"0.1",49,61,286,1,1,"0.0","a",0,-1,,"false"
"2026-09-29T01:06:33Z",488,"I.Sangaré","NFO","-94.3","-94.3","-94.3","-94.3",-3,0,"0.4",49,288,2924,4,105,"0.7","a",0,-1,,"false"
"2026-09-29T01:06:33Z",489,"Yates","NFO","-85.0","-85.2","-85.5","-85.8",-3,-2,"1.2",45,570,7119,0,0,"0.0","a",0,0,,"false"
"2026-09-29T01:06:33Z",490,"Wood","NFO","-38.2","-38.2","-38.2","-38.2",-2,0,"0.9",58,1849,6250,4,62,"1.0","a",0,-2,,"false"
"2026-09-29T01:06:33Z",491,"Igor Jesus","NFO","0.1","0.1","0.2","0.2",1,2,"2.6",58,6843,22408,12,257,"3.0","a",0,-2,,"false"
"2026-09-29T01:06:33Z",493,"Kalimuendo","NFO","0.0","0.0","0.0","0.0",0,0,"0.1",54,211,401,1,1,"0.0","a",0,-1,,"false"
"2026-09-29T01:06:33Z",558,"Schlager","NFO","0.4","0.4","0.4","0.4",1,0,"0.1",50,212,751,13,376,"2.7","a",0,0,,"false"
"2026-09-29T01:06:33Z",581,"Diomande","NFO","-48.6","-48.6","-48.6","-48.6",-3,0,"0.5",54,1456,2162,7,163,"2.3","a",0,-1,,"false"
"2026-09-29T01:06:33Z",590,"Benda","NFO","0.0","0.0","0.0","0.0",0,0,"0.1",45,120,230,0,0,"0.0","a",0,0,,"false"
"2026-09-29T01:06:33Z",112,"Van Hecke","TOT","-26.6","-26.5","-26.5","-26.5",-2,2,"6.6",49,17650,26730,24,450,"7.3","a",0,-1,,"false"
"2026-09-29T01:06:33Z",147,"Tosin","TOT","-37.8","-37.8","-37.8","-37.8",-2,0,"0.1",44,97,541,1,5,"0.2","a",0,-1,,"false"
"2026-09-29T01:06:33Z",401,"Marmoush","TOT","36.6","36.5","36.3","36.2",2,-8,"2.1",70,10287,20902,8,339,"2.0","a",0,0,,"false"
"2026-09-29T01:06:33Z",403,"Sávio","TOT","10.4","10.4","10.4","10.4",1,0,"0.7",65,2728,6529,8,240,"2.7","a",0,0,,"false"
"2026-09-29T01:06:33Z",455,"Tonali","TOT","-18.3","-18.3","-18.4","-18.5",-1,-2,"1.8",53,2177,14562,14,427,"3.3","a",-1,-2,,"false"
"2026-09-29T01:06:33Z",494,"Vicario","TOT","0.0","0.0","0.0","0.0",0,0,"0.1",45,0,690,0,0,"0.0","u",0,0,,"false"
"2026-09-29T01:06:33Z",495,"Austin","TOT","2.1","2.1","2.2","2.2",1,1,"1.0",40,1844,2084,0,0,"0.0","a",0,0,,"false"
"2026-09-29T01:06:33Z",496,"Kinsky","TOT","-49.1","-49.2","-49.2","-49.3",-3,-8,"17.3",45,16768,107619,18,450,"5.0","a",0,0,,"false"
"2026-09-29T01:06:33Z",497,"Dubravka","TOT","-23.6","-23.6","-23.6","-23.6",-2,0,"17.1",40,25301,46116,0,0,"0.0","a",0,0,,"false"
"2026-09-29T01:06:33Z",498,"Senesi","TOT","-52.5","-52.5","-52.5","-52.5",-3,0,"3.5",58,1127,20774,3,90,"0.0","a",0,-2,,"false"
"2026-09-29T01:06:33Z",499,"Pedro Porro","TOT","-28.7","-28.7","-28.9","-29.0",-2,-10,"7.6",54,1651,72042,9,198,"2.7","d",0,-1,,"false"
"2026-09-29T01:06:33Z",500,"Romero","TOT","0.0","0.0","0.0","0.0",0,0,"0.1",50,0,277,0,0,"0.0","u",0,0,,"false"
"2026-09-29T01:06:33Z",502,"Robertson","TOT","0.4","0.4","0.4","0.4",1,1,"2.5",44,5242,12213,17,366,"4.0","a",0,-1,,"false"
"2026-09-29T01:06:33Z",503,"Van de Ven","TOT","-20.9","-21.1","-21.2","-21.4",-2,-5,"3.8",50,5413,19062,16,360,"5.3","a",0,0,,"false"
"2026-09-29T01:06:33Z",505,"Spence","TOT","0.0","0.0","0.0","0.0",0,0,"0.2",45,0,1135,0,0,"0.0","u",0,0,,"false"
"2026-09-29T01:06:33Z",506,"Udogie","TOT","-19.8","-19.8","-19.8","-19.8",-1,0,"0.3",44,326,1565,7,86,"1.7","a",0,-1,,"false"
"2026-09-29T01:06:33Z",507,"Phillips","TOT","0.0","0.0","0.0","0.0",0,0,"0.0",45,0,54,0,0,"0.0","u",0,0,,"false"
"2026-09-29T01:06:33Z",508,"Davies","TOT","1.5","1.5","1.5","1.6",1,2,"0.9",39,7145,3696,0,0,"0.0","a",-1,-1,,"false"
"2026-09-29T01:06:33Z",509,"Byfield","TOT","-3.8","-3.8","-3.8","-3.8",-1,0,"0.1",40,118,239,0,0,"0.0","a",0,0,,"false"
"2026-09-29T01:06:33Z",510,"Rowswell","TOT","-15.8","-15.8","-15.8","-15.8",-1,0,"0.1",40,148,330,0,0,"0.0","a",0,0,,"false"
"2026-09-29T01:06:33Z",511,"Souza","TOT","0.0","0.0","0.0","0.0",0,0,"0.2",40,0,857,0,0,"0.0","u",0,0,,"false"
"2026-09-29T01:06:33Z",512,"Kudus","TOT","2.0","2.0","2.1","2.1",1,1,"0.2",65,2144,1073,7,123,"2.0","a",0,0,,"false"
"2026-09-29T01:06:33Z",513,"Xavi","TOT","-16.6","-16.6","-16.6","-16.6",-1,0,"0.0",59,50,79,0,0,"0.0","i",0,-1,,"false"
"2026-09-29T01:06:33Z",514,"Tel","TOT","-25.2","-25.2","-25.2","-25.2",-2,0,"0.2",57,194,1893,8,257,"1.3","a",-1,-3,,"false"
"2026-09-29T01:06:33Z",515,"Maddison","TOT","-68.3","-68.3","-68.3","-68.3",-3,0,"0.4",63,715,1914,3,59,"0.7","a",0,-2,,"false"
"2026-09-29T01:06:33Z",516,"Bentancur","TOT","-71.7","-71.7","-71.7","-71.7",-3,0,"0.2",55,344,666,15,370,"4.0","a",0,0,,"false"
"2026-09-29T01:06:33Z",517,"Odobert","TOT","0.0","0.0","0.0","0.0",0,0,"0.0",55,24,13,0,0,"0.0","i",0,0,,"false"
"2026-09-29T01:06:33Z",518,"P.M.Sarr","TOT","0.0","0.0","0.0","0.0",0,0,"0.1",49,0,647,0,0,"0.0","u",0,-1,,"false"
"2026-09-29T01:06:33Z",519,"Gallagher","TOT","0.1","0.0","0.0","0.0",0,-1,"0.2",53,779,627,9,134,"3.0","a",0,-2,,"false"
"2026-09-29T01:06:33Z",520,"Bergvall","TOT","-2.6","-2.6","-2.6","-2.6",-1,0,"0.1",53,99,599,3,78,"0.7","a",-1,-2,,"false"
"2026-09-29T01:06:33Z",521,"Kulusevski","TOT","-78.8","-78.8","-78.8","-78.8",-3,0,"0.0",65,84,64,0,0,"0.0","i",0,0,,"false"
"2026-09-29T01:06:33Z",522,"Gray","TOT","-22.9","-22.9","-22.9","-22.9",-2,0,"0.2",49,452,1152,9,307,"1.7","a",0,-1,,"false"
"2026-09-29T01:06:33Z",523,"Moore","TOT","0.0","0.0","0.0","0.0",0,0,"0.1",50,0,520,3,89,"0.0","u",0,0,,"false"
"2026-09-29T01:06:33Z",524,"Olusesi","TOT","7.7","7.7","7.7","7.7",1,-1,"1.0",44,6025,7424,0,0,"0.0","a",0,-1,,"false"
"2026-09-29T01:06:33Z",525,"Fernandes","TOT","-9.1","-9.1","-9.1","-9.1",-1,0,"0.8",57,449,6406,7,249,"1.3","a",-1,-3,,"false"
"2026-09-29T01:06:33Z",526,"Solanke","TOT","-29.2","-29.0","-28.8","-28.5",-2,1,"0.8",58,1779,5484,7,170,"1.7","a",0,-2,,"false"
"2026-09-29T01:06:33Z",527,"Richarlison","TOT","0.0","0.0","0.0","0.0",0,-1,"0.6",59,0,5517,2,67,"0.0","u",0,-1,,"false"
"2026-09-29T01:06:33Z",528,"Scarlett","TOT","0.0","0.0","0.0","0.0",0,-5,"1.1",45,0,7792,0,0,"0.0","u",0,0,,"false"
"2026-09-29T01:06:33Z",578,"Mudryk","TOT","-11.1","-11.1","-11.1","-11.1",-1,0,"0.0",53,19,545,1,16,"0.2","i",-1,-2,,"false"
"2026-09-29T01:06:33Z",601,"Williams-Barnett","TOT","-50.6","-50.6","-50.6","-50.6",-3,0,"0.1",45,162,739,0,0,"0.0","a",0,0,,"false"
"2026-09-29T01:06:33Z",501,"Danso","SUN","-80.7","-80.7","-80.7","-80.7",-3,0,"0.2",50,1120,806,3,270,"1.0","a",0,0,,"false"
"2026-09-29T01:06:33Z",529,"Roefs","SUN","-15.7","-15.7","-15.7","-15.7",-1,0,"2.5",49,1998,11199,11,450,"2.5","a",0,-1,,"false"
"2026-09-29T01:06:33Z",530,"Patterson","SUN","0.0","0.0","0.0","0.0",0,0,"0.1",40,0,337,0,0,"0.0","u",0,0,,"false"
"2026-09-29T01:06:33Z",531,"Ellborg","SUN","-0.1","-0.1","-0.1","-0.1",-1,0,"0.1",44,126,241,0,0,"0.0","a",-1,-1,,"false"
"2026-09-29T01:06:33Z",532,"Ballard","SUN","-50.9","-51.0","-51.2","-51.3",-3,-4,"2.5",49,3574,15919,14,450,"3.5","d",0,-1,,"false"
"2026-09-29T01:06:33Z",533,"Mukiele","SUN","-16.3","-16.3","-16.3","-16.3",-1,0,"1.9",54,4950,8496,13,360,"3.2","a",0,-1,,"false"
"2026-09-29T01:06:33Z",534,"Hume","SUN","-7.3","-7.3","-7.3","-7.3",-1,0,"2.8",43,1185,28830,10,206,"2.0","a",-1,-2,,"false"
"2026-09-29T01:06:33Z",535,"Alderete","SUN","-6.3","-6.3","-6.3","-6.3",-1,0,"0.2",48,211,1031,1,23,"0.0","a",-1,-2,,"false"
"2026-09-29T01:06:33Z",536,"Reinildo","SUN","-0.0","-0.0","-0.0","-0.0",0,0,"0.3",44,175,1535,7,360,"1.5","a",-1,-1,,"false"
"2026-09-29T01:06:33Z",537,"Seelt","SUN","0.0","0.0","0.0","0.0",0,0,"0.0",45,0,22,0,0,"0.0","u",0,0,,"false"
"2026-09-29T01:06:33Z",538,"Hjelde","SUN","0.0","0.0","0.0","0.0",0,0,"0.0",40,0,149,0,0,"0.0","u",0,0,,"false"
"2026-09-29T01:06:33Z",539,"O'Nien","SUN","3.9","3.9","4.0","4.1",1,4,"2.5",39,17132,11130,1,66,"0.0","a",-1,-1,,"false"
"2026-09-29T01:06:33Z",540,"Masuaku","SUN","0.0","0.0","0.0","0.0",0,0,"0.1",40,0,607,0,0,"0.0","u",0,0,,"false"
"2026-09-29T01:06:33Z",541,"Meunier","SUN","-32.2","-32.2","-32.2","-32.2",-2,0,"0.3",45,1560,828,14,396,"3.2","a",0,0,,"false"
"2026-09-29T01:06:33Z",542,"E.Le Fée","SUN","-4.1","-4.3","-4.4","-4.5",-1,-5,"3.4",57,10917,23141,18,438,"4.0","a",-1,-3,,"false"
"2026-09-29T01:06:33Z",543,"Diarra","SUN","0.0","0.0","0.0","0.0",0,0,"0.0",53,19,218,5,28,"1.0","i",-1,-2,,"false"
"2026-09-29T01:06:33Z",544,"Xhaka","SUN","-71.0","-71.2","-71.3","-71.5",-3,-4,"3.6",55,5979,22531,21,450,"3.0","a",0,0,,"false"
"2026-09-29T01:06:33Z",545,"Sadiki","SUN","-71.2","-71.2","-71.2","-71.2",-3,0,"0.2",49,392,1298,10,410,"2.0","a",0,-1,,"false"
"2026-09-29T01:06:33Z",546,"Adingra","SUN","0.0","0.0","0.0","0.0",0,0,"0.0",49,0,185,0,0,"0.0","u",0,-1,,"false"
"2026-09-29T01:06:33Z",547,"Mundle","SUN","-75.7","-75.7","-75.7","-75.7",-3,0,"0.0",49,10,52,1,1,"0.2","i",0,-1,,"false"
"2026-09-29T01:06:33Z",548,"Rigg","SUN","-74.4","-78.0","-82.0","-86.0",-3,-1,"0.0",49,29,220,2,17,"0.2","a",0,-1,,"false"
"2026-09-29T01:06:33Z",549,"Talbi","SUN","-28.3","-28.3","-28.3","-28.3",-2,0,"0.1",53,104,550,1,31,"0.0","a",0,-2,,"false"
"2026-09-29T01:06:33Z",550,"Jocelin.T","SUN","-92.2","-92.2","-92.2","-92.2",-3,0,"0.0",50,27,39,0,0,"0.0","a",0,0,,"false"
"2026-09-29T01:06:33Z",551,"N.Angulo","SUN","1.3","1.3","1.3","1.3",1,0,"0.1",50,492,755,16,313,"2.8","a",0,0,,"false"
"2026-09-29T01:06:33Z",552,"Brobbey","SUN","79.5","79.4","79.3","79.1",3,-7,"7.0",57,192934,41786,24,399,"5.5","d",-1,-3,,"false"
"2026-09-29T01:06:33Z",553,"Isidor","SUN","3.1","3.1","3.1","3.1",1,0,"1.3",55,3032,11265,15,117,"3.5","a",0,0,,"false"
"2026-09-29T01:06:33Z",612,"Methalie","SUN","0.0","0.0","0.0","0.0",0,0,"0.0",45,108,64,-1,90,"-0.2","a",0,0,,"false"
"2026-09-29T01:06:33Z",613,"Ahoka","SUN","-43.8","-43.8","-43.8","-43.8",-3,0,"0.2",45,573,1557,0,0,"0.0","a",0,0,,"false"
"2026-09-29T01:06:33Z",646,"Fofana","SUN","-13.3","-13.3","-13.3","-13.3",-1,0,"0.0",55,316,291,3,60,"1.0","a",0,0,,"false"
"2026-09-29T01:06:33Z",651,"J.Angulo","SUN","4.7","4.7","4.6","4.6",1,-4,"0.7",45,8470,7074,0,0,"0.0","a",0,0,,"false"
"2026-09-29T06:52:33Z",1,"Raya","ARS","1.2","1.2","1.2","1.2",1,-2,"42.3",61,122766,45766,30,450,"6.0","a",1,1,,"false"
"2026-09-29T06:52:33Z",2,"Arrizabalaga","ARS","-48.0","-48.0","-48.0","-48.0",-3,0,"0.1",49,102,246,0,0,"0.0","a",0,-1,,"false"
"2026-09-29T06:52:33Z",3,"Meslier","ARS","-37.6","-37.6","-37.6","-37.6",-2,0,"0.0",49,45,117,0,0,"0.0","a",0,-1,,"false"
"2026-09-29T06:52:33Z",4,"Gabriel","ARS","-86.8","-86.8","-86.8","-86.8",-3,-4,"22.7",80,23333,64561,25,450,"5.0","a",0,0,,"false"
"2026-09-29T06:52:33Z",5,"J.Timber","ARS","10.7","10.7","10.7","10.7",1,1,"0.4",65,11983,3930,1,104,"0.2","a",0,0,,"false"
"2026-09-29T06:52:33Z",6,"Saliba","ARS","-24.6","-24.6","-24.6","-24.6",-2,0,"0.2",59,378,1063,0,0,"0.0","i",0,-1,,"false"
"2026-09-29T06:52:33Z",7,"Lewis-Skelly","ARS","-15.3","-15.3","-15.3","-15.3",-1,0,"0.6",54,881,4857,9,271,"1.5","a",-1,-1,,"false"
"2026-09-29T06:52:33Z",8,"Calafiori","ARS","91.8","91.8","91.9","92.0",3,7,"50.5",58,73274,61402,29,416,"5.0","a",0,3,,"false"
"2026-09-29T06:52:33Z",9,"Hincapie","ARS","-5.2","-5.3","-5.5","-5.7",-1,-2,"0.9",52,1395,5599,2,32,"0.2","a",-1,-3,,"false"
"2026-09-29T06:52:33Z",10,"White","ARS","-46.1","-46.3","-46.5","-46.8",-3,-17,"4.9",55,3227,65386,21,315,"2.5","d",0,0,,"false"
"2026-09-29T06:52:33Z",11,"Mosquera","ARS","-24.4","-24.5","-24.6","-24.7",-2,-1,"1.6",53,1154,9161,12,168,"1.5","a",0,-2,,"false"
"2026-09-29T06:52:33Z",12,"Saka","ARS","88.4","88.6","88.7","88.9",3,13,"13.7",95,102836,45490,32,416,"5.8","a",0,0,,"false"
"2026-09-29T06:52:33Z",13,"Rice","ARS","-32.3","-32.6","-33.0","-33.4",-2,-60,"11.7",74,7477,79635,20,411,"4.2","d",0,-1,,"false"
"2026-09-29T06:52:33Z",14,"Eze","ARS","-0.5","-0.6","-0.7","-0.9",-1,-2,"1.0",62,2177,6606,4,85,"0.8","a",-1,-3,,"false"
"2026-09-29T06:52:33Z",15,"Ødegaard","ARS","-1.6","-1.4","-1.1","-0.9",-1,17,"19.8",68,73321,85480,29,377,"4.5","a",0,3,,"false"
"2026-09-29T06:52:33Z",16,"Madueke","ARS","-24.9","-24.3","-23.4","-22.6",-2,1,"0.2",62,723,1532,2,23,"0.2","a",0,-3,,"false"
"2026-09-29T06:52:33Z",17,"Merino","ARS","-98.4","-98.4","-98.4","-98.4",-4,0,"0.4",58,715,2806,4,81,"0.8","a",0,-2,,"false"
"2026-09-29T06:52:33Z",18,"Martinelli","ARS","0.0","0.0","0.0","0.0",0,-2,"0.1",63,0,543,0,0,"0.0","u",0,-2,,"false"
"2026-09-29T06:52:33Z",19,"Zubimendi","ARS","-46.3","-45.9","-45.4","-44.9",-3,2,"0.6",53,486,3630,5,89,"1.0","a",0,-2,,"false"
"2026-09-29T06:52:33Z",20,"Dowman","ARS","-26.0","-24.3","-21.8","-19.2",-2,1,"0.1",53,446,565,1,9,"0.2","a",0,-2,,"false"
"2026-09-29T06:52:33Z",22,"Nwaneri","ARS","0.0","0.0","0.0","0.0",0,0,"0.0",54,0,48,0,0,"0.0","u",0,-1,,"false"
"2026-09-29T06:52:33Z",23,"Fábio Vieira","ARS","0.0","0.0","0.0","0.0",0,0,"0.0",55,0,38,0,0,"0.0","u",0,0,,"false"
"2026-09-29T06:52:33Z",24,"Nelson","ARS","0.0","0.0","0.0","0.0",0,0,"0.0",55,0,22,0,0,"0.0","u",0,0,,"false"
"2026-09-29T06:52:33Z",25,"Gyökeres","ARS","-4.2","-3.9","-3.4","-3.0",-1,16,"3.1",71,9634,16308,2,29,"0.5","a",-1,-4,,"false"
"2026-09-29T06:52:33Z",26,"Havertz","ARS","6.6","5.9","4.8","3.7",1,-75,"8.3",76,50161,58252,19,437,"3.2","d",0,1,,"false"
"2026-09-29T06:52:33Z",27,"G.Jesus","ARS","0.0","0.0","0.0","0.0",0,0,"0.1",59,0,981,0,0,"0.0","u",0,-1,,"false"
"2026-09-29T06:52:33Z",31,"Konsa","ARS","0.8","0.8","0.8","0.7",1,-4,"19.4",46,87917,43883,12,281,"3.0","a",1,1,,"false"
"2026-09-29T06:52:33Z",452,"Bruno G.","ARS","0.4","0.4","0.4","0.4",1,0,"1.8",67,5347,7381,9,123,"2.2","a",0,-3,,"false"
"2026-09-29T06:52:33Z",557,"Tzolis","ARS","-11.1","-11.1","-11.2","-11.2",-1,-4,"12.2",63,11537,136091,16,362,"2.5","a",-1,-2,,"false"
"2026-09-29T06:52:33Z",29,"M.Bizot","AVL","-36.4","-36.4","-36.4","-36.4",-2,0,"0.1",45,59,990,1,90,"0.0","i",0,0,,"false"
"2026-09-29T06:52:33Z",30,"Digne","AVL","0.0","0.0","0.0","0.0",0,0,"0.0",45,0,216,0,0,"0.0","u",0,0,,"false"
"2026-09-29T06:52:33Z",32,"Cash","AVL","-22.1","-22.1","-22.0","-22.0",-2,1,"4.8",44,2562,24388,6,296,"1.8","a",0,-1,,"false"
"2026-09-29T06:52:33Z",33,"Mings","AVL","0.7","0.7","0.7","0.7",1,0,"0.4",45,1619,1347,10,261,"2.2","a",0,0,,"false"
"2026-09-29T06:52:33Z",34,"Pau","AVL","-99.4","-99.4","-99.4","-99.4",-4,0,"0.3",45,41,3035,3,187,"0.8","i",0,0,,"false"
"2026-09-29T06:52:33Z",35,"Bogarde","AVL","-3.3","-3.3","-3.3","-3.3",-1,0,"0.1",49,164,433,1,16,"0.0","a",-1,-1,,"false"
"2026-09-29T06:52:33Z",36,"Maatsen","AVL","-1.9","-2.0","-2.2","-2.3",-1,-2,"0.5",44,48,5955,9,335,"2.2","i",-1,-1,,"false"
"2026-09-29T06:52:33Z",37,"Lindelöf","AVL","1.0","1.0","1.0","1.0",1,0,"0.3",45,974,1229,8,450,"2.5","a",0,0,,"false"
"2026-09-29T06:52:33Z",38,"A.García","AVL","-33.7","-33.9","-34.3","-34.7",-2,-4,"1.5",40,1795,5874,0,0,"0.0","a",0,0,,"false"
"2026-09-29T06:52:33Z",39,"Nedeljkovic","AVL","0.0","0.0","0.0","0.0",0,0,"0.1",40,0,534,0,0,"0.0","u",0,0,,"false"
"2026-09-29T06:52:33Z",41,"Buendía","AVL","-37.5","-37.1","-36.6","-36.0",-2,4,"1.0",59,11666,3967,21,401,"4.8","a",0,-1,,"false"
"2026-09-29T06:52:33Z",44,"Bailey","AVL","0.0","0.0","0.0","0.0",0,0,"0.1",54,0,460,0,0,"0.0","u",0,-1,,"false"
"2026-09-29T06:52:33Z",45,"McGinn","AVL","-19.8","-19.9","-20.1","-20.2",-1,-2,"2.2",54,6545,8141,17,434,"4.0","a",0,-1,,"false"
"2026-09-29T06:52:33Z",46,"Barkley","AVL","0.5","0.5","0.5","0.5",1,0,"0.3",50,542,1723,10,308,"2.0","a",0,0,,"false"
"2026-09-29T06:52:33Z",47,"Kamara","AVL","-78.6","-78.6","-78.6","-78.6",-3,0,"0.3",50,1254,1521,15,443,"3.2","a",0,0,,"false"
"2026-09-29T06:52:33Z",48,"Onana","AVL","-10.6","-10.6","-10.6","-10.6",-1,0,"0.0",49,39,92,0,0,"0.0","i",0,-1,,"false"
"2026-09-29T06:52:33Z",49,"Iling Jr","AVL","0.0","0.0","0.0","0.0",0,0,"0.0",50,0,10,0,0,"0.0","u",0,0,,"false"
"2026-09-29T06:52:33Z",50,"Burrowes","AVL","-76.4","-76.7","-77.2","-77.6",-3,-2,"0.6",45,614,3289,0,0,"0.0","a",0,0,,"false"
"2026-09-29T06:52:33Z",51,"George Hemmings","AVL","13.4","13.4","13.4","13.3",1,-3,"1.2",45,3103,9370,9,297,"1.8","a",0,0,,"false"
"2026-09-29T06:52:33Z",52,"Alysson","AVL","-0.7","-2.1","-4.0","-6.0",-1,-1,"0.0",50,66,757,8,87,"1.8","d",0,0,,"false"
"2026-09-29T06:52:33Z",53,"Manzambi","AVL","7.9","8.0","8.1","8.2",1,7,"0.4",59,27273,3037,14,98,"3.5","a",0,-1,,"false"
"2026-09-29T06:52:33Z",54,"Gomes","AVL","0.1","0.1","0.1","0.1",1,0,"0.0",55,438,185,2,129,"1.0","a",0,0,,"false"
"2026-09-29T06:52:33Z",55,"Watkins","AVL","0.0","0.0","0.0","0.0",0,-6,"2.5",78,0,12072,0,0,"0.0","u",0,-2,,"false"
"2026-09-29T06:52:33Z",56,"Abraham","AVL","3.4","3.4","3.3","3.3",1,-1,"0.2",55,1606,1675,4,71,"1.0","a",0,0,,"false"
"2026-09-29T06:52:33Z",160,"Garnacho","AVL","-63.8","-63.2","-62.2","-61.2",-3,2,"0.3",58,508,2686,3,31,"0.5","a",0,-2,,"false"
"2026-09-29T06:52:33Z",166,"N.Jackson","AVL","49.9","50.1","50.4","50.6",3,20,"1.5",65,34058,7610,10,286,"2.5","a",0,0,,"false"
"2026-09-29T06:52:33Z",582,"Madjo","AVL","-23.8","-24.1","-24.6","-25.1",-2,-2,"0.2",54,179,1707,0,0,"0.0","i",0,-1,,"false"
"2026-09-29T06:52:33Z",596,"Ruggeri","AVL","-73.4","-73.4","-73.4","-73.4",-3,0,"0.1",45,486,309,5,113,"1.0","a",0,0,,"false"
"2026-09-29T06:52:33Z",597,"Suzuki","AVL","29.0","29.0","28.9","28.9",2,-2,"1.9",50,13068,6203,16,360,"4.0","a",0,0,,"false"
"2026-09-29T06:52:33Z",606,"Rowe","AVL","0.2","0.2","0.2","0.2",1,0,"0.2",40,304,871,0,0,"0.0","a",0,0,,"false"
"2026-09-29T06:52:33Z",607,"Lynch","AVL","0.0","0.0","0.0","0.0",0,0,"0.1",45,0,689,0,0,"0.0","u",0,0,,"false"
"2026-09-29T06:52:33Z",611,"Wan-Bissaka","AVL","2.0","2.0","2.0","2.1",1,1,"0.2",45,1386,1381,6,152,"1.5","a",0,0,,"false"
"2026-09-29T06:52:33Z",618,"Goretzka","AVL","-39.7","-39.7","-39.7","-39.7",-2,0,"0.0",59,22,407,0,0,"0.0","i",0,-1,,"false"
"2026-09-29T06:52:33Z",630,"Harwood-Bellis","AVL","0.0","0.0","0.0","0.0",0,0,"0.0",45,179,176,0,0,"0.0","a",0,0,,"false"
"2026-09-29T06:52:33Z",631,"Mbaye","AVL","0.3","0.3","0.3","0.3",1,0,"0.1",60,863,1090,2,33,"0.7","a",0,0,,"false"
"2026-09-29T06:52:33Z",667,"Wright","AVL","0.0","0.0","0.0","0.0",0,0,"0.1",40,6881,784,0,0,"0.0","a",0,0,"2026-10-02T19:12:30.130761Z","false"
"2026-09-29T06:52:33Z",57,"Petrović","BOU","0.3","0.3","0.3","0.3",1,0,"3.0",45,5909,11270,9,450,"1.3","a",0,0,,"false"
"2026-09-29T06:52:33Z",58,"Forster","BOU","4.5","4.5","4.5","4.5",1,1,"3.5",40,7896,7010,0,0,"0.0","a",0,0,,"false"
"2026-09-29T06:52:33Z",59,"Dennis","BOU","0.0","0.0","0.0","0.0",0,0,"0.1",40,0,528,0,0,"0.0","u",0,0,,"false"
"2026-09-29T06:52:33Z",60,"Hill","BOU","-32.9","-32.9","-32.9","-32.9",-2,0,"0.8",55,3013,2987,12,450,"2.3","a",0,0,,"false"
"2026-09-29T06:52:33Z",61,"Truffert","BOU","-1.3","-1.3","-1.3","-1.3",-1,-1,"3.0",54,4352,11726,10,450,"1.7","a",-1,-1,,"false"
"2026-09-29T06:52:33Z",62,"Diakité","BOU","-5.3","-5.9","-6.7","-7.6",-1,-2,"0.2",49,456,935,0,0,"0.0","a",-1,-1,,"false"
"2026-09-29T06:52:33Z",63,"Milosavljević","BOU","-3.8","-3.8","-3.8","-3.8",-1,0,"0.0",49,27,43,0,0,"0.0","i",0,-1,,"false"
"2026-09-29T06:52:33Z",64,"Smith","BOU","0.3","0.3","0.3","0.3",1,0,"0.1",45,384,460,4,434,"0.7","a",0,0,,"false"
"2026-09-29T06:52:33Z",65,"J.Araujo","BOU","-12.1","-12.1","-12.1","-12.1",-1,0,"0.0",44,34,51,0,0,"0.0","i",0,-1,,"false"
"2026-09-29T06:52:33Z",66,"Soler","BOU","1.4","1.4","1.4","1.4",1,0,"0.3",40,713,1093,0,0,"0.0","a",0,0,,"false"
"2026-09-29T06:52:33Z",67,"Rayan","BOU","-9.6","-9.7","-9.8","-9.9",-1,-2,"1.6",63,3816,9490,10,434,"2.0","a",-1,-2,,"false"
"2026-09-29T06:52:33Z",68,"Tavernier","BOU","29.6","29.6","29.7","29.8",2,5,"6.8",61,79098,41980,31,424,"6.7","a",0,1,,"false"
"2026-09-29T06:52:33Z",69,"Scott","BOU","0.4","0.4","0.3","0.3",1,-3,"5.8",61,22827,37332,30,446,"5.3","a",0,1,,"false"
"2026-09-29T06:52:33Z",70,"Kluivert","BOU","-51.1","-51.6","-52.4","-53.1",-3,-12,"0.9",60,2291,17319,15,294,"3.0","i",0,0,,"false"
"2026-09-29T06:52:33Z",71,"Cook","BOU","-11.4","-11.4","-11.4","-11.4",-1,0,"0.2",50,257,1120,8,180,"0.7","a",0,0,,"false"
"2026-09-29T06:52:33Z",72,"Gannon-Doak","BOU","-62.0","-62.0","-62.0","-62.0",-3,0,"0.1",49,135,360,4,12,"1.0","a",0,-1,,"false"
"2026-09-29T06:52:33Z",73,"Adams","BOU","1.5","1.5","1.5","1.5",1,0,"0.3",50,1056,1593,12,279,"3.3","a",0,0,,"false"
"2026-09-29T06:52:33Z",74,"Brooks","BOU","-19.0","-19.0","-19.0","-19.0",-1,0,"0.1",50,170,316,3,45,"0.7","a",0,0,,"false"
"2026-09-29T06:52:33Z",75,"Christie","BOU","0.4","0.4","0.4","0.4",1,0,"0.0",50,286,240,5,102,"1.3","a",0,0,,"false"
"2026-09-29T06:52:33Z",76,"Tóth.A","BOU","-12.0","-12.0","-12.0","-12.0",-1,0,"0.0",49,25,54,2,17,"0.3","a",0,-1,,"false"
"2026-09-29T06:52:33Z",77,"Adli","BOU","-81.6","-81.6","-81.6","-81.6",-3,0,"0.0",49,22,72,0,0,"0.0","i",0,-1,,"false"
"2026-09-29T06:52:33Z",78,"Kroupi.Jr","BOU","-73.4","-73.7","-74.1","-74.4",-3,-1,"0.2",74,179,818,0,0,"0.0","i",0,-1,,"false"
"2026-09-29T06:52:33Z",79,"Evanilson","BOU","49.7","49.7","49.8","49.8",3,4,"3.2",60,16738,20297,18,424,"3.0","a",0,0,,"false"
"2026-09-29T06:52:33Z",80,"Enes Ünal","BOU","0.0","0.0","0.0","0.0",0,0,"0.0",55,0,48,0,0,"0.0","u",0,0,,"false"
"2026-09-29T06:52:33Z",81,"Rodríguez","BOU","-33.0","-33.0","-33.0","-33.0",-2,0,"0.1",60,726,690,2,10,"0.3","a",0,0,,"false"
"2026-09-29T06:52:33Z",566,"Silva","BOU","1.3","1.3","1.3","1.3",1,0,"0.4",50,5610,3274,13,450,"2.3","a",0,0,,"false"
"2026-09-29T06:52:33Z",573,"Sanchez","BOU","-12.0","-12.0","-12.0","-12.0",-1,0,"0.2",44,143,419,0,0,"0.0","a",0,-1,,"false"
"2026-09-29T06:52:33Z",608,"Jebbison","BOU","0.5","0.5","0.5","0.5",1,0,"0.1",50,854,869,3,31,"0.7","a",0,0,,"false"
"2026-09-29T06:52:33Z",615,"Di Gregorio","BOU","-27.6","-30.9","-35.9","-40.8",-2,-1,"0.0",45,181,187,0,0,"0.0","a",0,0,,"false"
"2026-09-29T06:52:33Z",82,"Kelleher","BRE","19.8","19.8","19.8","19.8",1,0,"6.1",50,19241,12924,20,450,"3.2","a",0,0,,"false"
"2026-09-29T06:52:33Z",83,"Valdimarsson","BRE","-73.1","-73.1","-73.1","-73.1",-3,0,"0.1",45,284,320,0,0,"0.0","a",0,0,,"false"
"2026-09-29T06:52:33Z",84,"Collins","BRE","-27.3","-27.4","-27.5","-27.6",-2,-3,"1.0",54,113,9040,10,196,"1.0","i",0,-1,,"false"
"2026-09-29T06:52:33Z",85,"Van den Berg","BRE","-77.6","-77.6","-77.6","-77.6",-3,0,"0.1",49,37,322,0,0,"0.0","i",0,-1,,"false"
"2026-09-29T06:52:33Z",86,"Lewis-Potter","BRE","31.6","31.6","31.5","31.5",2,-2,"1.7",55,3584,11657,22,406,"3.0","a",0,0,,"false"
"2026-09-29T06:52:33Z",87,"Ajer","BRE","30.1","30.0","30.0","29.9",2,-4,"3.9",45,10822,21832,21,450,"3.2","a",0,0,,"false"
"2026-09-29T06:52:33Z",88,"Kayode","BRE","-36.9","-36.9","-36.9","-36.8",-2,3,"7.6",46,12573,20479,23,294,"2.5","a",0,1,,"false"
"2026-09-29T06:52:33Z",89,"Henry","BRE","-15.2","-15.2","-15.2","-15.2",-1,0,"0.2",44,153,572,1,2,"0.2","a",0,-1,,"false"
"2026-09-29T06:52:33Z",90,"Hickey","BRE","-28.2","-28.2","-28.2","-28.2",-2,0,"0.1",45,177,240,5,152,"1.0","a",0,0,,"false"
"2026-09-29T06:52:33Z",92,"Ji-soo","BRE","-4.4","-4.4","-4.4","-4.4",-1,0,"0.0",44,58,85,0,0,"0.0","a",-1,-1,,"false"
"2026-09-29T06:52:33Z",93,"Schuster","BRE","4.9","4.9","4.9","4.9",1,1,"0.3",45,14674,2140,21,253,"5.2","a",0,0,,"false"
"2026-09-29T06:52:33Z",94,"Schade","BRE","11.4","11.8","12.4","13.0",1,111,"11.4",62,379658,23101,39,447,"9.0","a",1,2,,"false"
"2026-09-29T06:52:33Z",95,"O.Dango","BRE","-46.3","-46.3","-46.3","-46.3",-3,0,"0.5",63,787,3524,7,179,"1.0","a",0,-2,,"false"
"2026-09-29T06:52:33Z",96,"Damsgaard","BRE","-8.4","-8.6","-8.8","-8.9",-1,-1,"0.4",54,1500,1979,16,283,"3.8","a",0,-1,,"false"
"2026-09-29T06:52:33Z",97,"Jensen","BRE","-54.9","-54.9","-54.9","-54.9",-3,0,"0.1",54,19,618,6,66,"0.0","i",0,-1,,"false"
"2026-09-29T06:52:33Z",98,"Janelt","BRE","76.0","76.1","76.1","76.2",3,6,"2.5",50,18781,17231,28,450,"4.8","a",0,0,,"false"
"2026-09-29T06:52:33Z",99,"Milambo","BRE","-41.9","-41.9","-41.9","-41.9",-3,0,"0.0",50,6,7,0,0,"0.0","i",0,0,,"false"
"2026-09-29T06:52:33Z",100,"Carvalho","BRE","0.3","0.3","0.3","0.3",1,1,"0.0",50,596,171,6,3,"1.5","a",0,0,,"false"
"2026-09-29T06:52:33Z",102,"Yarmoliuk","BRE","-17.1","-17.4","-17.9","-18.3",-1,-2,"0.6",48,1292,3165,9,216,"2.0","a",0,-2,,"false"
"2026-09-29T06:52:33Z",103,"Dasilva","BRE","-59.5","-59.5","-59.5","-59.5",-3,0,"0.0",49,9,99,0,0,"0.0","i",0,-1,,"false"
"2026-09-29T06:52:33Z",105,"Anthony","BRE","0.8","0.8","0.8","0.8",1,0,"0.1",59,2250,588,15,267,"3.5","a",0,-1,,"false"
"2026-09-29T06:52:33Z",106,"Thiago","BRE","9.0","9.2","9.5","9.8",1,22,"9.1",78,54449,36622,10,442,"2.5","a",0,-2,,"false"
"2026-09-29T06:52:33Z",107,"Furo","BRE","-5.3","-5.3","-5.3","-5.3",-1,0,"0.9",45,598,9244,0,0,"0.0","i",0,0,,"false"
"2026-09-29T06:52:33Z",108,"Wilson","BRE","-11.6","-11.9","-12.4","-12.9",-1,-2,"0.3",54,1144,2394,3,13,"0.5","a",-1,-1,,"false"
"2026-09-29T06:52:33Z",565,"M.Sangaré","BRE","-30.4","-30.5","-30.7","-30.9",-2,-20,"9.9",56,8161,136129,22,321,"2.0","a",-1,1,,"false"
"2026-09-29T06:52:33Z",620,"Diouf","BRE","-34.8","-34.8","-34.8","-34.8",-2,0,"0.1",45,456,663,2,39,"0.5","a",0,0,,"false"
"2026-09-29T06:52:33Z",657,"Nunes","BRE","0.0","0.0","0.0","0.0",0,0,"0.0",45,333,264,0,0,"0.0","a",0,0,,"false"
"2026-09-29T06:52:33Z",660,"Fredrick","BRE","0.0","0.0","0.0","0.0",0,0,"0.0",40,510,65,0,0,"0.0","a",0,0,"2026-10-01T21:16:22.650713Z","false"
"2026-09-29T06:52:33Z",661,"Balcombe","BRE","0.0","0.0","0.0","0.0",0,0,"0.0",40,2802,524,0,0,"0.0","a",0,0,"2026-10-01T21:16:40.866514Z","false"
"2026-09-29T06:52:33Z",109,"Verbruggen","BHA","62.5","62.5","62.5","62.4",3,-4,"21.6",45,69599,69441,23,450,"4.2","a",0,0,,"false"
"2026-09-29T06:52:33Z",111,"Steele","BHA","-0.5","-0.5","-0.5","-0.5",-1,0,"4.1",40,6915,14316,0,0,"0.0","a",0,0,,"false"
"2026-09-29T06:52:33Z",113,"F.Kadıoğlu","BHA","-59.0","-59.0","-59.0","-59.0",-3,0,"1.6",44,3837,6647,13,332,"3.2","a",0,-1,,"false"
"2026-09-29T06:52:33Z",114,"Boscagli","BHA","2.6","2.6","2.6","2.6",1,1,"0.3",45,1934,744,19,437,"3.2","a",0,0,,"false"
"2026-09-29T06:52:33Z",115,"De Cuyper","BHA","1.5","1.7","2.0","2.3",1,59,"27.7",50,291803,20016,38,423,"5.2","a",1,5,,"false"
"2026-09-29T06:52:33Z",116,"Dunk","BHA","19.9","19.7","19.6","19.4",1,-12,"1.5",45,7517,9304,22,360,"4.0","d",0,0,,"false"
"2026-09-29T06:52:33Z",117,"Coppola","BHA","-11.0","-11.0","-11.0","-11.0",-1,0,"0.0",45,106,92,0,0,"0.0","a",0,0,,"false"
"2026-09-29T06:52:33Z",118,"Igor","BHA","0.0","0.0","0.0","0.0",0,0,"0.0",45,0,273,0,0,"0.0","u",0,0,,"false"
"2026-09-29T06:52:33Z",119,"Costinha","BHA","0.0","0.0","0.0","0.0",0,0,"0.0",45,165,129,4,68,"0.8","a",0,0,,"false"
"2026-09-29T06:52:33Z",120,"Svoboda","BHA","0.5","0.5","0.5","0.5",1,0,"0.1",50,1307,451,1,4,"0.2","a",0,0,,"false"
"2026-09-29T06:52:33Z",121,"Mitoma","BHA","-24.8","-24.8","-24.8","-24.8",-2,0,"0.0",59,116,165,0,0,"0.0","i",0,-1,,"false"
"2026-09-29T06:52:33Z",122,"Minteh","BHA","-4.5","-4.5","-4.5","-4.5",-1,0,"0.0",58,44,207,0,0,"0.0","i",-1,-2,,"false"
"2026-09-29T06:52:33Z",123,"Hinshelwood","BHA","-37.9","-38.0","-38.1","-38.2",-2,-1,"0.6",59,261,6568,16,63,"0.0","i",0,-1,,"false"
"2026-09-29T06:52:33Z",124,"Groß","BHA","88.3","89.0","90.1","91.1",3,199,"28.7",58,771918,11180,47,450,"11.2","a",1,3,,"false"
"2026-09-29T06:52:33Z",125,"Georginio","BHA","-0.0","0.0","0.0","0.1",0,2,"0.5",53,2539,3703,6,104,"0.2","a",-1,-2,,"false"
"2026-09-29T06:52:33Z",126,"O'Riley","BHA","-8.2","-7.0","-5.2","-3.3",-1,1,"0.1",54,410,549,2,10,"0.5","a",0,-1,,"false"
"2026-09-29T06:52:33Z",127,"Gomez","BHA","30.5","30.5","30.4","30.4",2,-1,"4.0",50,11834,37407,24,433,"4.5","a",0,0,,"false"
"2026-09-29T06:52:33Z",128,"Buonanotte","BHA","0.0","0.0","0.0","0.0",0,0,"0.0",50,0,7,0,0,"0.0","u",0,0,,"false"
"2026-09-29T06:52:33Z",129,"Ayari","BHA","-45.5","-45.1","-44.4","-43.7",-3,2,"0.4",54,2207,1930,15,333,"3.2","a",0,-1,,"false"
"2026-09-29T06:52:33Z",130,"Wieffer","BHA","-29.3","-29.3","-29.3","-29.3",-2,0,"0.2",49,29,1910,7,156,"0.0","i",0,-1,,"false"
"2026-09-29T06:52:33Z",132,"Howell","BHA","0.0","0.0","0.0","0.0",0,0,"0.0",45,0,195,0,0,"0.0","u",0,0,,"false"
"2026-09-29T06:52:33Z",133,"Watson","BHA","0.0","0.0","0.0","0.0",0,0,"0.0",50,0,4,0,0,"0.0","u",0,0,,"false"
"2026-09-29T06:52:33Z",134,"Oriola","BHA","-79.3","-79.8","-80.5","-81.3",-3,-1,"0.2",45,347,1311,0,0,"0.0","a",0,0,,"false"
"2026-09-29T06:52:33Z",135,"Yohanna","BHA","-0.6","-0.6","-0.6","-0.6",-1,0,"0.0",48,23,380,1,12,"0.0","i",-1,-2,,"false"
"2026-09-29T06:52:33Z",137,"Tzimas","BHA","-3.5","0.0","0.0","0.0",0,1,"0.0",54,35,49,0,0,"0.0","i",0,-1,,"false"
"2026-09-29T06:52:33Z",138,"Kostoulas","BHA","18.1","18.5","19.1","19.7",1,116,"4.1",56,301917,17680,28,353,"6.8","a",1,1,,"false"
"2026-09-29T06:52:33Z",139,"Ferguson","BHA","-57.7","-57.7","-57.7","-57.7",-3,0,"0.0",50,124,249,0,0,"0.0","i",0,0,,"false"
"2026-09-29T06:52:33Z",328,"Struijk","BHA","-6.8","-7.4","-8.4","-9.3",-1,-2,"0.2",49,638,811,7,98,"1.8","d",0,-1,,"false"
"2026-09-29T06:52:33Z",504,"Vuskovic","BHA","53.9","54.0","54.2","54.3",3,12,"3.6",50,53520,12543,32,437,"6.5","a",0,0,,"false"
"2026-09-29T06:52:33Z",594,"David","BHA","0.6","0.6","0.7","0.7",1,4,"0.2",59,3059,2139,1,23,"0.2","a",-1,-1,,"false"
"2026-09-29T06:52:33Z",600,"Osman","BHA","-67.4","-67.4","-67.4","-67.4",-3,0,"0.0",50,110,124,3,40,"0.5","a",0,0,,"false"
"2026-09-29T06:52:33Z",605,"Yalcouyé","BHA","52.9","52.8","52.7","52.6",3,-7,"4.0",45,25371,32031,20,236,"4.8","a",0,0,,"false"
"2026-09-29T06:52:33Z",614,"Hadjam","BHA","-5.6","-5.6","-5.6","-5.6",-1,0,"0.0",45,242,245,0,0,"0.0","a",0,0,,"false"
"2026-09-29T06:52:33Z",624,"Cozier-Duberry","BHA","0.0","0.0","0.0","0.0",0,0,"0.0",50,0,5,0,0,"0.0","u",0,0,,"false"
"2026-09-29T06:52:33Z",639,"Andrés","BHA","1.4","1.4","1.4","1.4",1,0,"0.0",55,2667,297,12,109,"4.0","a",0,0,,"false"
"2026-09-29T06:52:33Z",652,"Azeez","BHA","-26.6","-26.6","-26.6","-26.6",-2,0,"0.0",55,19,41,0,0,"0.0","i",0,0,,"false"
"2026-09-29T06:52:33Z",658,"Ibrahim","BHA","0.0","0.0","0.0","0.0",0,0,"0.0",45,301,210,0,0,"0.0","a",0,0,,"false"
"2026-09-29T06:52:33Z",28,"Martinez","CHE","-6.1","-6.1","-6.0","-5.9",-1,2,"4.7",50,7224,21384,9,360,"2.2","a",0,0,,"false"
"2026-09-29T06:52:33Z",40,"Rogers","CHE","83.6","83.9","84.5","85.0",3,38,"40.5",77,140637,68028,29,437,"5.2","a",0,2,,"false"
"2026-09-29T06:52:33Z",101,"Henderson","CHE","0.0","0.0","0.0","0.1",0,1,"0.0",49,497,147,2,90,"0.5","a",0,-1,,"false"
"2026-09-29T06:52:33Z",136,"Welbeck","CHE","6.5","6.6","6.7","6.7",1,5,"1.0",59,7149,8989,4,85,"1.0","a",0,-1,,"false"
"2026-09-29T06:52:33Z",140,"Sánchez","CHE","0.0","0.0","0.0","0.0",0,-2,"0.7",49,0,4648,2,90,"0.0","u",0,-1,,"false"
"2026-09-29T06:52:33Z",141,"Jörgensen","CHE","0.0","0.0","0.0","0.0",0,0,"0.0",50,0,30,0,0,"0.0","u",0,0,,"false"
"2026-09-29T06:52:33Z",142,"James","CHE","-92.1","-92.5","-93.0","-93.5",-3,-35,"5.8",54,597,75683,3,292,"0.8","d",0,-1,,"false"
"2026-09-29T06:52:33Z",143,"Chalobah","CHE","0.0","0.0","0.0","0.0",0,0,"0.1",55,0,296,0,0,"0.0","u",0,0,,"false"
"2026-09-29T06:52:33Z",144,"Gusto","CHE","-3.0","-3.1","-3.3","-3.4",-1,-2,"1.0",49,1529,6735,4,272,"0.8","a",-1,-1,,"false"
"2026-09-29T06:52:33Z",145,"Fofana","CHE","4.5","4.5","4.5","4.6",1,2,"0.2",50,2367,1243,8,312,"2.0","a",0,0,,"false"
"2026-09-29T06:52:33Z",146,"B.Badiashile","CHE","0.0","0.0","0.0","0.0",0,0,"0.0",45,0,42,0,0,"0.0","u",0,0,,"false"
"2026-09-29T06:52:33Z",148,"Hato","CHE","12.4","12.4","12.4","12.4",1,0,"0.8",45,784,7149,8,258,"1.8","a",0,0,,"false"
"2026-09-29T06:52:33Z",149,"Colwill","CHE","-9.4","-9.4","-9.4","-9.4",-1,0,"0.9",48,1019,5239,3,341,"0.8","a",-1,-2,,"false"
"2026-09-29T06:52:33Z",150,"M.Sarr","CHE","0.0","0.0","0.0","0.0",0,0,"0.0",45,0,159,0,0,"0.0","u",0,0,,"false"
"2026-09-29T06:52:33Z",151,"Acheampong","CHE","-10.8","-10.8","-10.8","-10.8",-1,0,"0.3",45,400,1876,5,221,"0.5","a",0,0,,"false"
"2026-09-29T06:52:33Z",152,"Palestra","CHE","-1.0","-1.1","-1.2","-1.4",-1,-1,"0.6",53,198,3679,0,0,"0.0","d",0,-2,,"false"
"2026-09-29T06:52:33Z",154,"Palmer","CHE","-11.6","-11.9","-12.4","-12.8",-1,-60,"25.7",97,46813,160041,28,442,"3.8","d",0,2,,"false"
"2026-09-29T06:52:33Z",156,"Neto","CHE","-7.5","-7.6","-7.8","-8.1",-1,-2,"1.4",65,4881,9387,14,332,"3.2","a",0,0,,"false"
"2026-09-29T06:52:33Z",157,"Estêvão","CHE","-32.0","-32.0","-32.0","-32.0",-2,0,"0.7",63,1683,4230,4,23,"0.8","a",0,-2,,"false"
"2026-09-29T06:52:33Z",158,"Gittens","CHE","-2.8","-2.8","-2.8","-2.8",-1,0,"0.0",58,151,237,0,0,"0.0","d",-1,-2,,"false"
"2026-09-29T06:52:33Z",159,"Caicedo","CHE","-1.6","-1.9","-2.4","-2.8",-1,-6,"1.0",53,397,8624,1,13,"0.2","d",0,-2,,"false"
"2026-09-29T06:52:33Z",161,"Lavia","CHE","4.6","4.6","4.6","4.6",1,0,"0.2",50,405,2387,11,258,"2.5","a",0,0,,"false"
"2026-09-29T06:52:33Z",163,"D.Essugo","CHE","0.0","0.0","0.0","0.0",0,0,"0.1",45,0,695,0,0,"0.0","u",0,0,,"false"
"2026-09-29T06:52:33Z",164,"Quenda","CHE","-27.1","-27.1","-27.1","-27.1",-2,0,"0.0",53,68,176,2,27,"0.2","a",0,-2,,"false"
"2026-09-29T06:52:33Z",165,"João Pedro","CHE","-1.7","-1.7","-1.8","-1.8",-1,-59,"65.2",77,59315,383504,33,360,"5.5","d",-1,2,,"false"
"2026-09-29T06:52:33Z",168,"Marc Guiu","CHE","0.0","0.0","0.0","0.0",0,0,"0.2",50,0,1484,0,0,"0.0","u",0,0,,"false"
"2026-09-29T06:52:33Z",169,"Mheuka","CHE","4.3","4.3","4.3","4.3",1,0,"0.5",45,4340,3414,0,0,"0.0","a",0,0,,"false"
"2026-09-29T06:52:33Z",170,"Emegha","CHE","-0.1","-0.1","-0.1","-0.1",-1,0,"0.1",49,73,1052,0,0,"0.0","i",-1,-1,,"false"
"2026-09-29T06:52:33Z",200,"Lacroix","CHE","-7.0","-7.0","-7.0","-7.0",-1,0,"6.8",59,7446,28378,13,364,"1.8","a",-1,-1,,"false"
"2026-09-29T06:52:33Z",560,"Penders","CHE","-0.7","-2.5","-5.1","-7.8",-1,-1,"0.1",44,237,291,0,0,"0.0","a",0,-1,,"false"
"2026-09-29T06:52:33Z",561,"Anselmino","CHE","-1.6","-1.6","-1.6","-1.6",-1,0,"0.0",45,62,101,0,0,"0.0","a",0,0,,"false"
"2026-09-29T06:52:33Z",568,"Barco","CHE","-13.8","-12.8","-11.3","-9.9",-1,1,"0.1",54,223,430,3,115,"0.8","a",0,-1,,"false"
"2026-09-29T06:52:33Z",583,"Chavarria","CHE","-49.5","-48.7","-47.5","-46.3",-3,1,"0.1",49,395,521,5,208,"1.0","a",0,-1,,"false"
"2026-09-29T06:52:33Z",662,"Nicoll-Jazuli","CHE","0.0","0.0","0.0","0.0",0,0,"0.0",45,328,71,1,3,"1.0","a",0,0,"2026-10-01T21:17:24.996715Z","false"
"2026-09-29T06:52:33Z",91,"Pinnock","COV","-72.9","-70.5","-66.8","-63.1",-3,2,"0.1",45,364,216,14,282,"4.3","a",0,0,,"false"
"2026-09-29T06:52:33Z",104,"Onyeka","COV","-32.3","-32.3","-32.3","-32.3",-2,0,"0.1",49,167,434,9,314,"2.3","a",0,-1,,"false"
"2026-09-29T06:52:33Z",110,"Rushworth","COV","-56.9","-56.8","-56.6","-56.3",-3,1,"0.8",45,2451,5775,16,450,"4.3","a",0,0,,"false"
"2026-09-29T06:52:33Z",171,"Dovin","COV","0.0","0.0","0.0","0.0",0,0,"1.0",40,0,4577,0,0,"0.0","u",0,0,,"false"
"2026-09-29T06:52:33Z",172,"Wilson","COV","-5.6","-5.6","-5.6","-5.6",-1,0,"0.4",44,231,639,0,0,"0.0","a",0,-1,,"false"
"2026-09-29T06:52:33Z",173,"Thomas","COV","16.8","16.8","16.8","16.8",1,-1,"8.6",40,24938,29855,24,437,"4.3","a",0,0,,"false"
"2026-09-29T06:52:33Z",174,"Kitching","COV","0.0","0.0","0.0","0.0",0,-1,"0.3",40,0,1741,0,0,"0.0","u",0,0,,"false"
"2026-09-29T06:52:33Z",175,"van Ewijk","COV","-47.2","-47.3","-47.4","-47.5",-3,-14,"8.8",40,1144,73678,6,360,"1.0","d",0,0,,"false"
"2026-09-29T06:52:33Z",176,"Dasilva","COV","-31.8","-31.5","-31.1","-30.6",-2,2,"0.7",40,5961,1654,20,444,"5.7","a",0,0,,"false"
"2026-09-29T06:52:33Z",177,"Kesler-Hayden","COV","0.2","0.2","0.2","0.2",1,0,"0.0",39,994,509,0,0,"0.0","i",-1,-1,,"false"
"2026-09-29T06:52:33Z",178,"Bidwell","COV","-29.4","-29.4","-29.4","-29.4",-2,0,"0.1",40,177,289,0,0,"0.0","a",0,0,,"false"
"2026-09-29T06:52:33Z",179,"Latibeaudiere","COV","-73.8","-73.8","-73.8","-73.8",-3,0,"0.0",40,72,132,1,1,"0.3","a",0,0,,"false"
"2026-09-29T06:52:33Z",180,"Woolfenden","COV","-94.4","-94.4","-94.4","-94.4",-3,0,"0.1",40,24,491,0,0,"0.0","i",0,0,,"false"
"2026-09-29T06:52:33Z",181,"Brau","COV","0.0","0.0","0.0","0.0",0,0,"0.0",40,0,91,0,0,"0.0","u",0,0,,"false"
"2026-09-29T06:52:33Z",182,"Amenda","COV","-52.1","-52.2","-52.4","-52.5",-3,-2,"0.6",40,33,6558,4,360,"0.7","i",0,0,,"false"
"2026-09-29T06:52:33Z",183,"Rudoni","COV","0.1","0.1","0.1","0.1",1,1,"0.1",49,864,642,13,297,"3.0","a",0,-1,,"false"
"2026-09-29T06:52:33Z",184,"Grimes","COV","-27.8","-27.8","-27.8","-27.8",-2,0,"0.1",49,176,836,11,443,"2.3","a",0,-1,,"false"
"2026-09-29T06:52:33Z",185,"Sakamoto","COV","-21.8","-23.8","-26.6","-29.5",-2,-1,"0.1",48,123,372,1,31,"0.0","a",0,-2,,"false"
"2026-09-29T06:52:33Z",186,"Mason-Clark","COV","-1.9","-1.9","-1.9","-1.9",-1,0,"0.1",53,70,352,5,231,"1.3","a",-1,-2,,"false"
"2026-09-29T06:52:33Z",187,"Eccles","COV","-4.6","-4.6","-4.6","-4.6",-1,0,"0.0",48,16,87,0,0,"0.0","i",-1,-2,,"false"
"2026-09-29T06:52:33Z",188,"Torp","COV","-10.8","-10.8","-10.8","-10.8",-1,0,"0.1",53,43,420,3,53,"0.3","a",-1,-2,,"false"
"2026-09-29T06:52:33Z",189,"Shepherd","COV","0.8","0.8","0.8","0.8",1,0,"0.3",44,3966,2195,0,0,"0.0","a",0,-1,,"false"
"2026-09-29T06:52:33Z",190,"Tchaouna","COV","-79.0","-79.0","-79.0","-79.0",-3,0,"0.1",54,22,332,5,211,"0.7","a",0,-1,,"false"
"2026-09-29T06:52:33Z",191,"Borges Rodrigues","COV","0.0","0.0","0.0","0.0",0,0,"0.1",45,0,660,0,0,"0.0","u",0,0,,"false"
"2026-09-29T06:52:33Z",192,"Andrews","COV","0.0","0.0","0.0","0.0",0,0,"0.3",45,0,1909,0,0,"0.0","u",0,0,,"false"
"2026-09-29T06:52:33Z",193,"Wright","COV","-99.4","-99.4","-99.4","-99.4",-4,0,"0.1",54,44,526,0,0,"0.0","i",0,-1,,"false"
"2026-09-29T06:52:33Z",194,"Thomas-Asante","COV","2.6","2.6","2.7","2.7",1,1,"0.8",50,7604,5654,9,227,"2.0","a",0,0,,"false"
"2026-09-29T06:52:33Z",195,"Simms","COV","-0.2","-0.3","-0.6","-0.9",-1,-2,"0.6",49,1724,5098,4,104,"0.7","a",-1,-1,,"false"
"2026-09-29T06:52:33Z",196,"Markelo","COV","0.0","0.0","0.0","0.0",0,0,"0.0",50,0,60,0,0,"0.0","u",0,0,,"false"
"2026-09-29T06:52:33Z",197,"Bassette","COV","0.0","0.0","0.0","0.0",0,0,"0.0",45,0,140,0,0,"0.0","u",0,0,,"false"
"2026-09-29T06:52:33Z",492,"Awoniyi","COV","-12.6","-12.8","-13.1","-13.5",-1,-4,"0.4",54,63,4858,3,232,"0.0","s",-1,-1,,"false"
"2026-09-29T06:52:33Z",575,"Yirenkyi","COV","-2.6","-2.6","-2.6","-2.6",-1,0,"0.1",48,283,992,9,265,"1.7","a",-1,-2,,"false"
"2026-09-29T06:52:33Z",584,"Hamer","COV","-82.2","-82.2","-82.2","-82.2",-3,0,"0.1",54,41,382,3,32,"0.3","a",0,-1,,"false"
"2026-09-29T06:52:33Z",599,"Cherif","COV","-7.0","-7.0","-7.0","-7.0",-1,0,"0.1",50,508,734,1,30,"0.3","a",0,0,,"false"
"2026-09-29T06:52:33Z",623,"Bentley","COV","2.1","2.1","2.1","2.1",1,0,"0.6",40,7872,2228,0,0,"0.0","a",0,0,,"false"
"2026-09-29T06:52:33Z",655,"Gboho","COV","0.0","0.0","0.0","0.0",0,0,"0.0",55,68,52,0,0,"0.0","a",0,0,,"false"
"2026-09-29T06:52:33Z",656,"Mfuni","COV","0.0","0.0","-2.6","-6.2",0,-2,"0.1",40,1791,833,6,90,"3.0","a",0,0,,"false"
"2026-09-29T06:52:33Z",42,"Guessand","CRY","-26.1","-26.1","-26.1","-26.1",-2,0,"0.0",54,102,255,2,54,"0.0","a",0,-1,,"false"
"2026-09-29T06:52:33Z",153,"Disasi","CRY","-59.6","-59.6","-59.6","-59.6",-3,0,"0.1",45,23,743,1,139,"0.0","s",0,0,,"false"
"2026-09-29T06:52:33Z",198,"Henderson","CRY","-94.8","-94.8","-94.8","-94.9",-3,-1,"1.3",50,132,10648,5,270,"0.7","i",0,0,,"false"
"2026-09-29T06:52:33Z",199,"Benitez","CRY","-24.3","-24.3","-24.3","-24.3",-2,0,"0.1",45,643,356,8,180,"2.7","a",0,0,,"false"
"2026-09-29T06:52:33Z",202,"Richards","CRY","-98.4","-98.4","-98.4","-98.4",-4,0,"0.6",50,1521,2105,14,450,"3.7","a",0,0,,"false"
"2026-09-29T06:52:33Z",203,"Canvot","CRY","-0.7","-1.3","-2.3","-3.2",-1,-2,"0.2",48,367,825,10,360,"3.0","a",-1,-2,,"false"
"2026-09-29T06:52:33Z",204,"Mitchell","CRY","25.8","25.8","25.9","26.1",2,8,"6.0",45,13438,15329,24,419,"7.7","a",0,0,,"false"
"2026-09-29T06:52:33Z",205,"Sosa","CRY","0.0","0.0","0.0","0.0",0,0,"0.0",45,0,97,0,0,"0.0","u",0,0,,"false"
"2026-09-29T06:52:33Z",206,"Chadi Riad","CRY","-4.2","-4.2","-4.2","-4.2",-1,0,"0.0",43,24,118,1,72,"0.0","i",-1,-2,,"false"
"2026-09-29T06:52:33Z",207,"Mingueza","CRY","-86.6","-86.6","-86.6","-86.6",-3,0,"0.1",44,73,267,2,16,"0.3","a",0,-1,,"false"
"2026-09-29T06:52:33Z",208,"Sarr","CRY","0.0","0.0","0.0","0.0",0,0,"0.6",62,2421,2108,1,8,"0.3","a",0,-3,,"false"
"2026-09-29T06:52:33Z",210,"Wharton","CRY","-2.0","-2.2","-2.4","-2.6",-1,-2,"0.7",54,1120,4408,12,436,"2.0","a",-1,-1,,"false"
"2026-09-29T06:52:33Z",211,"Yeremy","CRY","4.6","4.6","4.6","4.6",1,0,"0.3",55,673,2535,14,307,"2.7","a",0,0,,"false"
"2026-09-29T06:52:33Z",212,"Hughes","CRY","-19.3","-19.5","-19.6","-19.8",-1,-10,"7.3",44,8727,42673,2,29,"0.7","a",0,-1,,"false"
"2026-09-29T06:52:33Z",213,"Lerma","CRY","-1.3","-3.1","-5.7","-8.3",-1,-2,"0.1",48,86,352,1,51,"0.3","a",-1,-2,,"false"
"2026-09-29T06:52:33Z",214,"Kamada","CRY","11.2","11.2","11.3","11.3",1,1,"0.5",50,3070,2862,21,441,"5.3","a",0,0,,"false"
"2026-09-29T06:52:33Z",215,"Devenny","CRY","0.0","0.0","0.0","0.0",0,0,"0.0",50,0,33,0,0,"0.0","u",0,0,,"false"
"2026-09-29T06:52:33Z",216,"Esse","CRY","0.0","0.0","0.0","0.0",0,0,"0.0",50,0,113,0,0,"0.0","u",0,0,,"false"
"2026-09-29T06:52:33Z",217,"M.França","CRY","0.0","0.0","0.0","0.0",0,0,"0.0",49,0,151,0,0,"0.0","u",0,-1,,"false"
"2026-09-29T06:52:33Z",218,"Doucouré","CRY","-2.0","-2.0","-2.0","-2.0",-1,0,"0.0",48,106,285,0,0,"0.0","a",-1,-2,,"false"
"2026-09-29T06:52:33Z",219,"J.Rak-Sakyi","CRY","0.0","0.0","0.0","0.0",0,0,"0.0",49,0,23,0,0,"0.0","u",0,-1,,"false"
"2026-09-29T06:52:33Z",220,"Cardines","CRY","0.0","0.0","0.0","0.0",0,0,"0.0",45,0,3,0,0,"0.0","u",0,0,,"false"
"2026-09-29T06:52:33Z",221,"Drakes-Thomas","CRY","-92.0","-92.0","-92.0","-92.0",-3,0,"0.1",45,133,410,0,0,"0.0","a",0,0,,"false"
"2026-09-29T06:52:33Z",222,"Strand Larsen","CRY","5.0","5.0","5.0","5.0",1,1,"0.7",60,4549,3719,14,298,"3.7","a",0,0,,"false"
"2026-09-29T06:52:33Z",223,"Mateta","CRY","-24.4","-24.5","-24.8","-25.0",-2,-6,"1.3",63,196,8716,2,62,"0.0","i",0,-2,,"false"
"2026-09-29T06:52:33Z",224,"Nketiah","CRY","-17.2","-16.8","-16.2","-15.6",-1,2,"0.5",55,1201,3222,8,175,"1.7","a",0,0,,"false"
"2026-09-29T06:52:33Z",225,"Uche","CRY","0.0","0.0","0.0","0.0",0,0,"0.0",50,0,0,0,0,"0.0","u",0,0,,"false"
"2026-09-29T06:52:33Z",241,"McNeil","CRY","-93.1","-93.1","-93.1","-93.1",-3,0,"0.1",54,66,450,3,84,"0.0","a",0,-1,,"false"
"2026-09-29T06:52:33Z",555,"Matthews","CRY","-8.9","-8.9","-8.9","-8.9",-1,0,"1.7",40,1042,2930,0,0,"0.0","a",0,0,,"false"
"2026-09-29T06:52:33Z",577,"Tomiyasu","CRY","-12.7","-12.7","-12.7","-12.7",-1,0,"0.3",44,148,1100,3,189,"0.3","d",0,-1,,"false"
"2026-09-29T06:52:33Z",588,"Khalaili","CRY","6.5","6.5","6.5","6.5",1,0,"0.3",50,1961,1053,19,379,"5.3","a",0,0,,"false"
"2026-09-29T06:52:33Z",595,"Gozo","CRY","-0.9","-0.9","-0.9","-0.9",-1,0,"0.0",49,39,87,2,28,"0.3","a",-1,-1,,"false"
"2026-09-29T06:52:33Z",633,"Ahanor","CRY","0.1","0.1","0.1","0.1",1,0,"0.0",45,133,101,3,90,"1.0","a",0,0,,"false"
"2026-09-29T06:52:33Z",643,"Chilwell","CRY","-71.3","-71.7","-72.2","-72.7",-3,-2,"0.4",45,535,2841,8,29,"2.7","a",0,0,,"false"
"2026-09-29T06:52:33Z",644,"Timber","CRY","0.2","0.2","0.1","0.1",1,-2,"0.0",50,439,299,9,253,"3.0","a",0,0,,"false"
"2026-09-29T06:52:33Z",647,"Osorio","CRY","-70.5","-70.5","-70.5","-70.5",-3,0,"0.0",55,26,71,1,1,"0.3","a",0,0,,"false"
"2026-09-29T06:52:33Z",21,"Nørgaard","EVE","0.0","0.0","0.0","0.0",0,0,"0.0",48,49,302,0,0,"0.0","i",-1,-2,,"false"
"2026-09-29T06:52:33Z",209,"Johnson","EVE","-18.9","-18.9","-18.9","-18.9",-1,0,"0.1",59,381,676,9,238,"2.3","a",0,-1,,"false"
"2026-09-29T06:52:33Z",226,"Pickford","EVE","28.7","28.7","28.8","28.8",2,2,"9.1",55,27670,14715,25,450,"5.0","a",0,0,,"false"
"2026-09-29T06:52:33Z",227,"Travers","EVE","-32.7","-32.7","-32.7","-32.7",-2,0,"0.0",50,235,251,0,0,"0.0","a",0,0,,"false"
"2026-09-29T06:52:33Z",228,"King","EVE","-40.4","-40.4","-40.4","-40.4",-3,0,"0.0",45,111,164,0,0,"0.0","a",0,0,,"false"
"2026-09-29T06:52:33Z",229,"Tarkowski","EVE","97.9","98.5","99.5","100.5",4,68,"16.4",61,216434,19153,43,450,"8.3","a",0,1,,"false"
"2026-09-29T06:52:33Z",230,"Branthwaite","EVE","34.6","34.6","34.6","34.6",2,0,"2.4",55,18722,6557,27,450,"5.7","a",0,0,,"false"
"2026-09-29T06:52:33Z",231,"Keane","EVE","-37.4","-37.7","-38.1","-38.5",-2,-2,"0.7",48,370,3697,0,0,"0.0","a",0,-2,,"false"
"2026-09-29T06:52:33Z",232,"O'Brien","EVE","-3.4","-3.4","-3.4","-3.4",-1,0,"0.3",48,317,1084,2,16,"0.7","a",-1,-2,,"false"
"2026-09-29T06:52:33Z",233,"Mykolenko","EVE","1.3","1.3","1.3","1.3",1,4,"4.2",46,40374,17742,27,450,"5.7","a",1,1,,"false"
"2026-09-29T06:52:33Z",234,"Patterson","EVE","0.0","0.0","0.0","0.0",0,0,"0.0",45,0,115,0,0,"0.0","u",0,0,,"false"
"2026-09-29T06:52:33Z",235,"Aznou","EVE","0.0","0.0","0.0","0.0",0,0,"0.1",40,0,531,0,0,"0.0","u",0,0,,"false"
"2026-09-29T06:52:33Z",236,"Dewsbury-Hall","EVE","-15.0","-15.0","-15.0","-15.0",-1,0,"6.0",66,33433,43006,20,450,"2.3","a",1,1,,"false"
"2026-09-29T06:52:33Z",238,"Grealish","EVE","8.4","8.4","8.4","8.4",1,0,"0.5",65,3498,2850,6,135,"1.7","a",0,0,,"false"
"2026-09-29T06:52:33Z",239,"Garner","EVE","3.4","3.4","3.4","3.4",1,0,"0.2",60,1640,1892,11,328,"3.0","a",0,0,,"false"
"2026-09-29T06:52:33Z",242,"George","EVE","29.5","29.5","29.5","29.5",2,0,"0.9",55,2325,10433,19,309,"4.7","a",0,0,,"false"
"2026-09-29T06:52:33Z",243,"Alcaraz","EVE","-44.6","-44.6","-44.6","-44.6",-3,0,"0.1",49,156,391,1,5,"0.0","a",0,-1,,"false"
"2026-09-29T06:52:33Z",244,"Armstrong","EVE","9.2","9.2","9.2","9.2",1,0,"0.4",50,787,3229,16,446,"2.0","a",0,0,,"false"
"2026-09-29T06:52:33Z",245,"Dibling","EVE","-88.0","-88.0","-88.0","-88.0",-3,0,"0.0",54,113,150,1,24,"0.3","a",0,-1,,"false"
"2026-09-29T06:52:33Z",246,"Röhl","EVE","-43.9","-43.9","-43.9","-43.9",-3,0,"0.0",49,7,572,6,249,"0.3","i",0,-1,,"false"
"2026-09-29T06:52:33Z",247,"Hackney","EVE","-4.8","-4.8","-4.8","-4.8",-1,0,"0.2",54,187,1051,10,137,"2.0","a",-1,-1,,"false"
"2026-09-29T06:52:33Z",248,"Beto","EVE","0.0","0.0","0.0","0.0",0,-6,"0.6",54,0,7002,2,31,"0.0","u",0,-1,,"false"
"2026-09-29T06:52:33Z",249,"Barry","EVE","0.1","0.2","0.3","0.4",1,19,"8.3",57,81235,36997,20,417,"3.3","a",1,2,,"false"
"2026-09-29T06:52:33Z",649,"Maitland-Niles","EVE","16.9","16.9","16.9","17.0",1,2,"1.4",45,18851,4363,21,177,"7.0","a",0,0,,"false"
"2026-09-29T06:52:33Z",654,"Graham","EVE","-32.4","-36.0","-41.3","-46.6",-2,-4,"0.1",45,225,977,0,0,"0.0","a",0,0,,"false"
"2026-09-29T06:52:33Z",250,"Leno","FUL","8.4","8.4","8.4","8.5",1,1,"3.4",45,36911,10501,18,450,"4.0","a",0,0,,"false"
"2026-09-29T06:52:33Z",251,"Lecomte","FUL","-23.3","-23.3","-23.3","-23.3",-2,0,"1.1",40,2346,2383,0,0,"0.0","a",0,0,,"false"
"2026-09-29T06:52:33Z",252,"McNally","FUL","0.0","0.0","0.0","0.0",0,0,"0.1",40,0,583,0,0,"0.0","u",0,0,,"false"
"2026-09-29T06:52:33Z",253,"Andersen","FUL","0.7","0.7","0.7","0.7",1,0,"0.2",50,2594,1048,3,190,"0.8","a",0,0,,"false"
"2026-09-29T06:52:33Z",254,"Robinson","FUL","-19.0","-19.0","-19.0","-19.0",-1,0,"1.5",45,15065,6244,12,429,"2.8","a",0,0,,"false"
"2026-09-29T06:52:33Z",255,"J.Cuenca","FUL","-70.4","-70.4","-70.4","-70.4",-3,0,"0.0",45,62,102,3,90,"0.0","a",0,0,,"false"
"2026-09-29T06:52:33Z",256,"Tete","FUL","-0.2","-0.2","-0.2","-0.2",-1,0,"0.2",44,52,1019,0,27,"0.0","a",0,-1,,"false"
"2026-09-29T06:52:33Z",257,"Bassey","FUL","-0.8","-0.5","-0.1","0.0",-1,2,"0.7",45,4994,1684,15,450,"3.8","a",0,0,,"false"
"2026-09-29T06:52:33Z",258,"Castagne","FUL","13.8","13.8","13.8","13.8",1,0,"0.9",45,13930,4590,20,408,"3.5","a",0,0,,"false"
"2026-09-29T06:52:33Z",261,"Iwobi","FUL","-58.3","-58.3","-58.3","-58.3",-3,0,"0.7",54,3209,3068,14,408,"3.0","a",0,-1,,"false"
"2026-09-29T06:52:33Z",262,"Smith Rowe","FUL","-0.7","-0.7","-0.7","-0.7",-1,0,"0.2",53,285,1290,3,38,"0.8","a",-1,-2,,"false"
"2026-09-29T06:52:33Z",263,"Kevin","FUL","-12.1","-12.1","-12.1","-12.1",-1,0,"0.0",53,189,269,4,61,"0.8","a",0,-2,,"false"
"2026-09-29T06:52:33Z",264,"Bobb","FUL","-48.8","-48.8","-48.8","-48.8",-3,0,"0.3",55,2157,1724,13,343,"2.8","a",0,0,,"false"
"2026-09-29T06:52:33Z",265,"Berge","FUL","-33.0","-33.0","-33.0","-33.0",-2,0,"0.3",49,583,1235,11,349,"2.2","a",0,-1,,"false"
"2026-09-29T06:52:33Z",266,"Cairney","FUL","-14.9","-14.9","-14.9","-14.9",-1,0,"0.0",49,8,20,0,0,"0.0","i",0,-1,,"false"
"2026-09-29T06:52:33Z",268,"King","FUL","85.1","85.3","85.5","85.8",3,16,"2.6",55,82212,17089,24,425,"4.2","a",0,0,,"false"
"2026-09-29T06:52:33Z",269,"Sessegnon","FUL","-1.5","-1.8","-2.2","-2.6",-1,-1,"0.3",43,283,1258,3,50,"0.5","a",-1,-2,,"false"
"2026-09-29T06:52:33Z",270,"Reed","FUL","-10.6","-10.7","-10.9","-11.0",-1,-1,"1.1",44,2724,6592,0,0,"0.0","a",0,-1,,"false"
"2026-09-29T06:52:33Z",271,"Muniz","FUL","-49.7","-49.4","-48.9","-48.5",-3,1,"0.4",54,1624,2573,3,38,"0.5","a",0,-1,,"false"
"2026-09-29T06:52:33Z",272,"Kusi-Asare","FUL","-61.9","-61.9","-61.9","-61.9",-3,0,"5.4",45,10411,32146,0,0,"0.0","a",0,0,,"false"
"2026-09-29T06:52:33Z",569,"Gonzalo","FUL","55.7","55.9","56.3","56.6",3,24,"3.9",60,63072,30951,14,425,"2.0","a",0,0,,"false"
"2026-09-29T06:52:33Z",570,"Palacios","FUL","-6.7","-6.7","-6.7","-6.7",-1,0,"0.2",54,683,913,12,226,"2.5","a",0,-1,,"false"
"2026-09-29T06:52:33Z",580,"Charles","FUL","-80.8","-80.8","-80.8","-80.8",-3,0,"0.1",50,559,404,13,303,"3.0","a",0,0,,"false"
"2026-09-29T06:52:33Z",610,"De Fougerolles","FUL","0.0","0.0","0.0","0.0",0,0,"0.1",40,0,487,0,0,"0.0","u",0,0,,"false"
"2026-09-29T06:52:33Z",626,"Zepa","FUL","0.1","0.1","0.2","0.2",1,4,"0.3",44,411,2166,0,0,"0.0","a",-1,-1,,"false"
"2026-09-29T06:52:33Z",635,"Larsson","FUL","0.0","0.0","0.0","0.0",0,0,"0.0",50,89,69,3,37,"1.0","a",0,0,,"false"
"2026-09-29T06:52:33Z",636,"Ángel","FUL","0.0","0.0","0.0","0.0",0,0,"0.0",50,31,26,0,0,"0.0","a",0,0,,"false"
"2026-09-29T06:52:33Z",650,"Affengruber","FUL","1.1","1.1","1.1","1.1",1,0,"0.1",45,4795,1068,12,180,"4.0","a",0,0,,"false"
"2026-09-29T06:52:33Z",240,"Iroegbunam","HUL","0.1","0.1","0.1","0.1",1,0,"0.0",50,74,134,2,70,"0.3","a",0,0,,"false"
"2026-09-29T06:52:33Z",273,"Phillips","HUL","-27.4","-27.4","-27.4","-27.4",-2,0,"1.4",40,2869,3330,0,0,"0.0","a",0,0,,"false"
"2026-09-29T06:52:33Z",274,"Butland","HUL","-0.6","-0.6","-0.6","-0.6",-1,0,"0.1",44,65,311,0,0,"0.0","i",-1,-1,,"false"
"2026-09-29T06:52:33Z",275,"Cartwright","HUL","0.0","0.0","0.0","0.0",0,0,"0.0",40,0,24,0,0,"0.0","u",0,0,,"false"
"2026-09-29T06:52:33Z",276,"Lo-Tutala","HUL","0.0","0.0","0.0","0.0",0,0,"0.0",40,0,110,0,0,"0.0","u",0,0,,"false"
"2026-09-29T06:52:33Z",277,"Egan","HUL","25.8","25.7","25.6","25.5",2,-8,"7.0",41,26236,28223,26,437,"3.0","a",0,1,,"false"
"2026-09-29T06:52:33Z",278,"Hughes","HUL","0.5","0.5","0.5","0.5",1,0,"0.2",39,1067,1864,0,0,"0.0","i",0,-1,,"false"
"2026-09-29T06:52:33Z",279,"Ajayi","HUL","68.4","68.3","68.0","67.8",3,-15,"14.0",42,42204,56975,27,423,"2.3","a",0,2,,"false"
"2026-09-29T06:52:33Z",280,"Coyle","HUL","0.2","0.2","0.2","0.2",1,0,"0.7",40,1993,1964,14,348,"2.7","a",0,0,,"false"
"2026-09-29T06:52:33Z",281,"Drameh","HUL","0.0","0.0","0.0","0.0",0,0,"0.0",40,0,243,2,65,"0.0","u",0,0,,"false"
"2026-09-29T06:52:33Z",282,"Giles","HUL","68.7","68.6","68.5","68.4",3,-6,"2.9",40,20714,13276,24,444,"4.0","a",0,0,,"false"
"2026-09-29T06:52:33Z",283,"Jacob","HUL","0.0","0.0","0.0","0.0",0,0,"0.0",40,0,34,0,0,"0.0","u",0,0,,"false"
"2026-09-29T06:52:33Z",284,"McCarthy","HUL","0.4","0.4","0.4","0.4",1,0,"0.1",40,382,418,0,0,"0.0","a",0,0,,"false"
"2026-09-29T06:52:33Z",285,"McNair","HUL","-41.2","-41.2","-41.2","-41.2",-3,0,"0.1",40,186,400,1,26,"0.0","a",0,0,,"false"
"2026-09-29T06:52:33Z",286,"Belloumi","HUL","35.5","35.5","35.6","35.7",2,7,"5.1",51,73302,23667,31,394,"7.3","a",0,1,,"false"
"2026-09-29T06:52:33Z",287,"Millar","HUL","0.0","0.0","0.0","0.0",0,0,"0.0",50,0,288,6,50,"0.0","u",0,0,,"false"
"2026-09-29T06:52:33Z",288,"Dowell","HUL","-92.7","-93.1","-93.7","-94.3",-3,-1,"0.3",45,567,1926,0,0,"0.0","a",0,0,,"false"
"2026-09-29T06:52:33Z",289,"Crooks","HUL","0.6","0.6","0.6","0.6",1,0,"0.5",44,4890,4032,3,203,"0.3","a",-1,-1,,"false"
"2026-09-29T06:52:33Z",290,"Slater","HUL","73.5","73.5","73.5","73.5",3,0,"5.2",45,15168,35981,15,437,"2.3","a",0,0,,"false"
"2026-09-29T06:52:33Z",291,"Matazo","HUL","-13.6","-13.6","-13.6","-13.6",-1,0,"0.0",45,29,51,0,0,"0.0","i",0,0,,"false"
"2026-09-29T06:52:33Z",292,"Ömür","HUL","-9.8","-9.8","-9.8","-9.8",-1,0,"0.0",49,84,145,0,0,"0.0","a",0,-1,,"false"
"2026-09-29T06:52:33Z",293,"Kamara","HUL","0.0","0.0","0.0","0.0",0,0,"0.0",50,0,12,0,0,"0.0","u",0,0,,"false"
"2026-09-29T06:52:33Z",294,"Zambrano","HUL","-21.8","-20.5","-18.5","-16.6",-2,1,"0.1",45,142,480,0,0,"0.0","a",0,0,,"false"
"2026-09-29T06:52:33Z",295,"McBurnie","HUL","27.2","27.2","27.2","27.2",2,0,"1.9",55,7522,17394,13,441,"2.3","a",0,0,,"false"
"2026-09-29T06:52:33Z",296,"Akintola","HUL","0.0","0.0","0.0","0.0",0,0,"0.0",50,0,256,0,0,"0.0","u",0,0,,"false"
"2026-09-29T06:52:33Z",297,"Gyabi","HUL","-0.3","-0.3","-0.3","-0.3",-1,0,"0.0",44,55,134,0,0,"0.0","i",-1,-1,,"false"
"2026-09-29T06:52:33Z",298,"Destan","HUL","0.0","0.0","0.0","0.0",0,0,"0.2",45,0,1251,0,0,"0.0","u",0,0,,"false"
"2026-09-29T06:52:33Z",299,"Burstow","HUL","0.0","0.0","0.0","0.0",0,0,"0.0",45,0,211,0,0,"0.0","u",0,0,,"false"
"2026-09-29T06:52:33Z",340,"Gelhardt","HUL","0.0","0.0","0.0","0.0",0,0,"0.0",50,92,104,1,7,"0.3","a",0,0,,"false"
"2026-09-29T06:52:33Z",556,"Targett","HUL","-72.2","-72.4","-72.7","-73.1",-3,-7,"1.6",40,107,9519,1,5,"0.0","d",0,0,,"false"
"2026-09-29T06:52:33Z",563,"Morita","HUL","0.0","0.0","0.0","0.0",0,0,"0.0",49,24,166,1,45,"0.0","i",-1,-1,,"false"
"2026-09-29T06:52:33Z",572,"Tzolakis","HUL","0.5","0.6","0.7","0.7",1,13,"12.8",47,122024,20553,34,450,"4.7","a",1,2,,"false"
"2026-09-29T06:52:33Z",574,"Hjertø-Dahl","HUL","-73.1","-73.1","-73.1","-73.1",-3,0,"0.1",49,74,319,1,8,"0.3","a",0,-1,,"false"
"2026-09-29T06:52:33Z",576,"Stroud","HUL","-50.9","-50.9","-50.9","-50.9",-3,0,"0.1",50,140,448,7,249,"1.3","a",0,0,,"false"
"2026-09-29T06:52:33Z",585,"Herrington","HUL","-26.6","-26.4","-26.1","-25.8",-2,1,"0.6",40,1006,1617,5,197,"1.0","a",0,0,,"false"
"2026-09-29T06:52:33Z",586,"Mendy","HUL","-0.4","-0.4","-0.5","-0.5",-1,-3,"6.3",41,6678,32861,25,249,"3.0","a",0,1,,"false"
"2026-09-29T06:52:33Z",589,"Gourna-Douath","HUL","-77.5","-77.5","-77.5","-77.5",-3,0,"0.0",50,32,106,4,138,"1.0","a",0,0,,"false"
"2026-09-29T06:52:33Z",617,"Cho","HUL","0.2","0.2","0.2","0.2",1,0,"0.0",50,341,144,9,72,"2.7","a",0,0,,"false"
"2026-09-29T06:52:33Z",632,"Ansah","HUL","-62.6","-64.3","-66.8","-69.2",-3,-1,"0.0",50,68,402,0,0,"0.0","i",0,0,,"false"
"2026-09-29T06:52:33Z",637,"Vaz","HUL","1.2","1.2","1.2","1.2",1,1,"0.1",50,1763,1117,2,20,"0.7","a",0,0,,"false"
"2026-09-29T06:52:33Z",638,"Norton-Cuffy","HUL","-24.1","-24.5","-25.1","-25.7",-2,-2,"0.2",40,448,2482,1,34,"0.3","d",0,0,,"false"
"2026-09-29T06:52:33Z",642,"Thomas","HUL","0.2","0.2","0.2","0.2",1,0,"0.0",55,448,340,4,119,"1.3","a",0,0,,"false"
"2026-09-29T06:52:33Z",645,"Mouzakitis","HUL","0.0","0.0","0.0","0.0",0,0,"0.0",50,86,87,0,0,"0.0","a",0,0,,"false"
"2026-09-29T06:52:33Z",259,"Diop","IPS","-51.8","-51.8","-51.9","-51.9",-3,-3,"12.7",40,6809,53431,12,450,"2.5","a",0,0,,"false"
"2026-09-29T06:52:33Z",267,"Lukić","IPS","-4.8","-4.8","-4.8","-4.8",-1,0,"0.1",49,185,493,11,400,"1.5","a",-1,-1,,"false"
"2026-09-29T06:52:33Z",300,"Walton","IPS","-7.4","-7.4","-7.4","-7.4",-1,0,"0.4",44,1599,991,2,90,"0.5","a",0,-1,,"false"
"2026-09-29T06:52:33Z",301,"Palmer","IPS","-25.0","-25.0","-25.0","-25.1",-2,-1,"3.9",40,3824,11473,0,0,"0.0","a",0,0,,"false"
"2026-09-29T06:52:33Z",302,"Button","IPS","1.1","1.1","1.1","1.1",1,0,"0.6",40,1391,1269,0,0,"0.0","a",0,0,,"false"
"2026-09-29T06:52:33Z",303,"Kipré","IPS","3.1","3.0","3.0","3.0",1,-1,"0.9",39,4327,4222,0,0,"0.0","a",0,-1,,"false"
"2026-09-29T06:52:33Z",304,"O'Shea","IPS","-39.1","-39.1","-39.0","-38.8",-2,2,"2.7",40,1878,14142,10,450,"1.5","a",0,0,,"false"
"2026-09-29T06:52:33Z",305,"Davis","IPS","70.8","71.0","71.1","71.3",3,12,"6.9",40,48323,26259,25,450,"5.8","a",0,0,,"false"
"2026-09-29T06:52:33Z",306,"Greaves","IPS","-88.4","-88.4","-88.4","-88.4",-3,0,"1.1",40,455,3329,3,357,"0.2","a",0,0,,"false"
"2026-09-29T06:52:33Z",307,"Johnson","IPS","0.0","0.0","0.0","0.0",0,-1,"0.1",40,0,347,0,0,"0.0","u",0,0,,"false"
"2026-09-29T06:52:33Z",308,"Furlong","IPS","2.0","2.0","2.0","2.0",1,0,"0.6",39,6233,2755,1,17,"0.2","a",0,-1,,"false"
"2026-09-29T06:52:33Z",309,"Núñez","IPS","-33.4","-33.4","-33.4","-33.4",-2,0,"0.1",49,94,607,6,140,"0.5","a",0,-1,,"false"
"2026-09-29T06:52:33Z",310,"Matusiwa","IPS","0.0","0.0","0.0","0.0",0,0,"0.0",49,15,18,0,0,"0.0","a",0,-1,,"false"
"2026-09-29T06:52:33Z",311,"Burns","IPS","0.0","0.0","0.0","0.0",0,0,"0.0",50,0,8,0,0,"0.0","u",0,0,,"false"
"2026-09-29T06:52:33Z",312,"Taylor","IPS","0.1","0.1","0.1","0.1",1,0,"0.0",44,370,255,0,0,"0.0","i",-1,-1,,"false"
"2026-09-29T06:52:33Z",313,"Clarke","IPS","-82.7","-82.7","-82.7","-82.7",-3,0,"0.2",54,138,894,11,170,"1.0","a",0,-1,,"false"
"2026-09-29T06:52:33Z",314,"Ogbene","IPS","0.0","0.0","0.0","0.0",0,0,"0.0",49,0,65,0,0,"0.0","u",0,-1,,"false"
"2026-09-29T06:52:33Z",315,"Fatawu","IPS","-31.9","-31.9","-31.9","-31.9",-2,0,"0.2",54,52,2404,8,352,"1.5","s",0,-1,,"false"
"2026-09-29T06:52:33Z",316,"Emersonn","IPS","81.8","81.8","81.9","81.9",3,4,"3.5",55,32435,22315,26,317,"4.2","a",0,0,,"false"
"2026-09-29T06:52:33Z",317,"Hirst","IPS","0.0","0.0","0.0","0.0",0,0,"0.1",50,0,455,0,0,"0.0","u",0,0,,"false"
"2026-09-29T06:52:33Z",318,"Philogene","IPS","-7.7","-7.7","-7.7","-7.7",-1,0,"0.1",54,32,151,2,52,"0.5","a",0,-1,,"false"
"2026-09-29T06:52:33Z",319,"Szmodics","IPS","0.0","0.0","0.0","0.0",0,0,"0.0",50,0,13,0,0,"0.0","u",0,0,,"false"
"2026-09-29T06:52:33Z",320,"Akpom","IPS","23.6","23.6","23.6","23.6",2,0,"1.2",50,4865,9328,7,78,"1.5","a",0,0,,"false"
"2026-09-29T06:52:33Z",321,"Walle Egeli","IPS","38.2","38.1","38.0","38.0",2,-5,"3.5",45,17283,25781,1,10,"0.0","a",0,0,,"false"
"2026-09-29T06:52:33Z",322,"Al-Hamadi","IPS","0.0","0.0","0.0","0.0",0,0,"0.0",50,0,360,0,0,"0.0","u",0,0,,"false"
"2026-09-29T06:52:33Z",323,"McAteer","IPS","-0.7","-0.7","-0.7","-0.7",-1,0,"1.0",44,1388,6185,3,42,"0.5","a",-1,-1,,"false"
"2026-09-29T06:52:33Z",324,"Mehmeti","IPS","-1.9","-1.9","-1.9","-1.9",-1,0,"0.0",48,69,132,0,0,"0.0","a",-1,-2,,"false"
"2026-09-29T06:52:33Z",554,"Van Oevelen","IPS","0.0","0.0","0.0","0.0",0,0,"0.0",45,0,79,0,0,"0.0","u",0,0,,"false"
"2026-09-29T06:52:33Z",562,"Maeda","IPS","-9.4","-9.1","-8.6","-8.2",-1,1,"0.2",53,127,1406,8,259,"1.5","a",-1,-2,,"false"
"2026-09-29T06:52:33Z",564,"Scherpen","IPS","-30.7","-29.9","-28.6","-27.4",-2,5,"0.6",45,589,2711,7,360,"1.2","a",0,0,,"false"
"2026-09-29T06:52:33Z",571,"Florentino","IPS","-2.2","-2.2","-2.2","-2.2",-1,0,"0.1",48,107,321,2,30,"0.5","a",-1,-2,,"false"
"2026-09-29T06:52:33Z",591,"Enciso","IPS","8.4","8.5","8.5","8.6",1,4,"0.8",55,2083,5917,15,413,"2.5","a",0,0,,"false"
"2026-09-29T06:52:33Z",592,"Ouattara","IPS","-31.1","-31.2","-31.4","-31.6",-2,-1,"0.9",40,653,1992,6,131,"1.2","a",0,0,,"false"
"2026-09-29T06:52:33Z",602,"Humphreys","IPS","0.0","0.0","0.0","0.0",0,0,"0.0",45,0,232,0,0,"0.0","u",0,0,,"false"
"2026-09-29T06:52:33Z",619,"Palacios","IPS","1.0","1.0","1.0","1.0",1,0,"0.1",50,481,805,11,275,"2.8","a",0,0,,"false"
"2026-09-29T06:52:33Z",640,"Flemming","IPS","0.5","0.4","0.4","0.4",1,-1,"0.1",55,863,958,6,60,"2.0","a",0,0,,"false"
"2026-09-29T06:52:33Z",260,"Wilson","LEE","-58.0","-58.3","-58.9","-59.4",-3,-16,"1.7",62,71,39111,5,145,"0.5","i",0,-3,,"false"
"2026-09-29T06:52:33Z",326,"Perri","LEE","0.0","0.0","0.0","0.0",0,0,"0.3",45,0,1218,0,0,"0.0","u",0,0,,"false"
"2026-09-29T06:52:33Z",327,"Bijol","LEE","4.9","4.9","4.9","4.9",1,-1,"0.7",50,770,5354,12,164,"0.5","a",0,0,,"false"
"2026-09-29T06:52:33Z",329,"Rodon","LEE","-6.0","-6.1","-6.3","-6.5",-1,-4,"0.8",43,43,8524,7,123,"0.2","i",-1,-2,,"false"
"2026-09-29T06:52:33Z",330,"Bogle","LEE","54.5","54.8","55.3","55.8",3,35,"7.1",46,119461,24174,42,365,"9.0","a",0,1,,"false"
"2026-09-29T06:52:33Z",331,"Gudmundsson","LEE","0.9","0.9","0.9","0.9",1,0,"0.1",45,496,311,14,252,"3.5","a",0,0,,"false"
"2026-09-29T06:52:33Z",332,"Justin","LEE","17.6","17.7","17.7","17.8",1,4,"1.5",45,3976,5565,26,450,"4.0","a",0,0,,"false"
"2026-09-29T06:52:33Z",333,"Bornauw","LEE","0.0","0.0","0.0","0.0",0,0,"0.0",45,0,5,0,0,"0.0","u",0,0,,"false"
"2026-09-29T06:52:33Z",334,"Muharemović","LEE","37.5","37.6","37.6","37.6",2,2,"4.3",50,26231,22170,27,450,"5.2","a",0,0,,"false"
"2026-09-29T06:52:33Z",335,"Stach","LEE","15.7","15.7","15.6","15.6",1,-4,"2.5",60,4571,18866,27,447,"3.5","a",0,0,,"false"
"2026-09-29T06:52:33Z",336,"Okafor","LEE","1.4","1.4","1.4","1.4",1,0,"0.4",58,1672,3233,18,299,"4.2","a",0,-2,,"false"
"2026-09-29T06:52:33Z",337,"Aaronson","LEE","-7.1","-7.1","-7.1","-7.1",-1,0,"0.5",53,206,3251,7,194,"1.0","a",-1,-2,,"false"
"2026-09-29T06:52:33Z",338,"Ampadu","LEE","-27.3","-27.3","-27.3","-27.3",-2,0,"0.9",54,1530,4714,21,450,"4.0","a",0,-1,,"false"
"2026-09-29T06:52:33Z",339,"Longstaff","LEE","-93.8","-93.8","-93.8","-93.8",-3,0,"0.1",49,122,602,2,10,"0.2","a",0,-1,,"false"
"2026-09-29T06:52:33Z",341,"Gnonto","LEE","0.0","0.0","0.0","0.0",0,0,"0.0",50,0,51,0,0,"0.0","u",0,0,,"false"
"2026-09-29T06:52:33Z",342,"Harrison","LEE","0.0","0.0","0.0","0.0",0,0,"0.0",50,0,5,0,0,"0.0","u",0,0,,"false"
"2026-09-29T06:52:33Z",343,"James","LEE","-26.7","-26.7","-26.7","-26.7",-2,0,"0.1",49,179,535,3,52,"0.8","a",0,-1,,"false"
"2026-09-29T06:52:33Z",344,"Gruev","LEE","0.0","0.0","0.0","0.0",0,0,"0.0",50,45,18,0,0,"0.0","a",0,0,,"false"
"2026-09-29T06:52:33Z",345,"Tanaka","LEE","4.7","4.7","4.7","4.6",1,-1,"0.3",49,2103,2175,14,255,"3.5","a",0,-1,,"false"
"2026-09-29T06:52:33Z",346,"Calvert-Lewin","LEE","66.4","66.6","66.9","67.1",3,20,"24.8",60,89514,163601,22,419,"5.2","a",0,0,,"false"
"2026-09-29T06:52:33Z",347,"Nmecha","LEE","-25.6","-25.3","-24.9","-24.5",-2,1,"0.5",54,1912,3599,7,64,"1.8","a",0,-1,,"false"
"2026-09-29T06:52:33Z",348,"Piroe","LEE","0.0","0.0","0.0","0.0",0,0,"0.1",50,0,410,0,0,"0.0","u",0,0,,"false"
"2026-09-29T06:52:33Z",349,"Mateo Joseph","LEE","-39.9","-39.9","-39.9","-39.9",-2,0,"0.1",45,302,461,0,0,"0.0","i",0,0,,"false"
"2026-09-29T06:52:33Z",385,"Trafford","LEE","32.7","32.8","32.9","33.0",2,10,"5.5",50,21057,14135,28,450,"4.8","a",0,0,,"false"
"2026-09-29T06:52:33Z",598,"Elvedi","LEE","0.6","0.6","0.6","0.6",1,0,"0.1",45,217,219,13,326,"3.2","a",0,0,,"false"
"2026-09-29T06:52:33Z",603,"Lienou","LEE","0.1","0.1","0.1","0.1",1,0,"0.1",40,229,501,0,0,"0.0","a",0,0,,"false"
"2026-09-29T06:52:33Z",604,"Cresswell","LEE","-11.1","-11.1","-11.1","-11.1",-1,0,"0.1",45,294,866,0,0,"0.0","a",0,0,,"false"
"2026-09-29T06:52:33Z",625,"Cairns","LEE","0.4","0.4","0.4","0.4",1,0,"0.2",40,813,751,0,0,"0.0","a",0,0,,"false"
"2026-09-29T06:52:33Z",629,"Zetterer","LEE","2.2","2.2","2.2","2.2",1,0,"0.7",40,2937,2677,0,0,"0.0","a",0,0,,"false"
"2026-09-29T06:52:33Z",641,"Bard","LEE","0.0","0.0","0.0","0.0",0,0,"0.0",45,93,76,1,18,"0.3","a",0,0,,"false"
"2026-09-29T06:52:33Z",648,"Bahoya","LEE","-50.5","-50.5","-50.5","-50.5",-3,0,"0.0",50,103,169,1,1,"0.3","a",0,0,,"false"
"2026-09-29T06:52:33Z",350,"A.Becker","LIV","1.5","1.5","1.6","1.6",1,4,"4.1",55,12228,11190,27,450,"8.3","a",0,0,,"false"
"2026-09-29T06:52:33Z",351,"Mamardashvili","LIV","-94.4","-94.4","-94.4","-94.4",-3,0,"0.1",49,241,593,0,0,"0.0","a",0,-1,,"false"
"2026-09-29T06:52:33Z",352,"Woodman","LIV","-30.7","-30.7","-30.7","-30.7",-2,0,"1.0",40,757,2280,0,0,"0.0","a",0,0,,"false"
"2026-09-29T06:52:33Z",353,"Pecsi","LIV","0.0","0.0","0.0","0.0",0,0,"0.0",40,0,57,0,0,"0.0","u",0,0,,"false"
"2026-09-29T06:52:33Z",354,"Jaros","LIV","0.0","0.0","0.0","0.0",0,0,"0.0",40,197,151,0,0,"0.0","i",0,0,,"false"
"2026-09-29T06:52:33Z",355,"Davies","LIV","0.1","0.1","0.1","0.1",1,0,"0.2",40,279,453,0,0,"0.0","a",0,0,,"false"
"2026-09-29T06:52:33Z",356,"Virgil","LIV","-58.3","-58.3","-58.3","-58.3",-3,-2,"16.2",65,20126,42055,25,450,"7.3","a",0,0,,"false"
"2026-09-29T06:52:33Z",357,"Frimpong","LIV","-35.9","-35.9","-35.9","-35.9",-2,0,"1.8",53,1538,12306,2,178,"0.3","a",0,-2,,"false"
"2026-09-29T06:52:33Z",358,"Kerkez","LIV","-99.7","-99.8","-100.0","-100.2",-4,-2,"2.2",54,2514,9896,13,385,"4.0","a",0,-1,,"false"
"2026-09-29T06:52:33Z",359,"Gomez","LIV","0.0","0.0","0.0","0.0",0,0,"0.0",49,303,109,0,0,"0.0","a",0,-1,,"false"
"2026-09-29T06:52:33Z",360,"Bradley","LIV","-84.6","-84.6","-84.6","-84.6",-3,0,"0.0",50,50,76,0,0,"0.0","i",0,0,,"false"
"2026-09-29T06:52:33Z",361,"Lucky","LIV","-51.7","-51.7","-51.7","-51.7",-3,0,"0.1",40,277,547,0,0,"0.0","a",0,0,,"false"
"2026-09-29T06:52:33Z",362,"Jacquet","LIV","54.1","54.3","54.6","54.9",3,21,"3.5",50,32045,12669,24,415,"6.7","a",0,0,,"false"
"2026-09-29T06:52:33Z",363,"Leoni","LIV","-58.8","-58.8","-58.8","-58.8",-3,0,"0.0",40,62,171,0,0,"0.0","i",0,0,,"false"
"2026-09-29T06:52:33Z",364,"Tsimikas","LIV","-53.7","-53.7","-53.7","-53.7",-3,0,"0.1",49,85,385,2,64,"0.3","a",0,-1,,"false"
"2026-09-29T06:52:33Z",365,"Ramsay","LIV","0.0","0.0","0.0","0.0",0,0,"0.1",40,0,455,0,0,"0.0","u",0,0,,"false"
"2026-09-29T06:52:33Z",366,"Wirtz","LIV","-35.8","-35.8","-35.9","-36.0",-2,-3,"5.7",73,3039,40778,18,402,"4.0","a",0,-2,,"false"
"2026-09-29T06:52:33Z",367,"Gakpo","LIV","2.4","1.3","-0.2","-1.1",1,-113,"12.5",72,50603,82703,32,370,"5.0","d",0,2,,"false"
"2026-09-29T06:52:33Z",368,"Szoboszlai","LIV","-94.1","-94.2","-94.3","-94.4",-3,-23,"32.8",70,34171,204610,20,440,"2.7","a",0,0,,"false"
"2026-09-29T06:52:33Z",369,"Ngumoha","LIV","-22.2","-22.3","-22.6","-22.8",-2,-1,"0.5",57,722,4120,4,99,"0.3","a",-1,-3,,"false"
"2026-09-29T06:52:33Z",370,"Chiesa","LIV","-5.6","-5.6","-5.6","-5.6",-1,0,"0.0",53,16,240,0,0,"0.0","i",-1,-2,,"false"
"2026-09-29T06:52:33Z",371,"Gravenberch","LIV","-21.2","-21.4","-21.8","-22.1",-2,-4,"1.1",58,1165,8802,9,190,"1.0","a",-1,-2,,"false"
"2026-09-29T06:52:33Z",372,"Mac Allister","LIV","-41.7","-42.1","-42.5","-43.0",-3,-4,"1.3",54,3688,6654,11,306,"2.7","a",0,-1,,"false"
"2026-09-29T06:52:33Z",373,"C.Jones","LIV","0.0","0.0","0.0","0.0",0,0,"0.0",55,0,56,0,0,"0.0","u",0,0,,"false"
"2026-09-29T06:52:33Z",374,"Endo","LIV","-59.9","-59.9","-59.9","-59.9",-3,0,"0.1",49,157,426,0,0,"0.0","a",0,-1,,"false"
"2026-09-29T06:52:33Z",375,"Nyoni","LIV","-84.6","-81.4","-76.8","-72.1",-3,1,"0.0",49,86,306,3,38,"0.7","a",0,-1,,"false"
"2026-09-29T06:52:33Z",376,"Bajcetic","LIV","0.0","0.0","0.0","0.0",0,0,"0.0",50,0,2,0,0,"0.0","u",0,0,,"false"
"2026-09-29T06:52:33Z",377,"Munoz","LIV","6.3","6.3","6.3","6.3",1,-2,"0.9",65,1366,11154,15,257,"1.7","a",0,0,,"false"
"2026-09-29T06:52:33Z",378,"McConnell","LIV","-3.0","-3.0","-3.0","-3.0",-1,0,"0.2",44,1033,1444,0,0,"0.0","a",0,-1,,"false"
"2026-09-29T06:52:33Z",379,"Isak","LIV","10.0","9.3","8.2","7.2",1,-71,"22.4",91,113245,74954,33,413,"7.7","d",0,1,,"false"
"2026-09-29T06:52:33Z",380,"Ekitiké","LIV","-26.6","-26.6","-26.6","-26.6",-2,0,"0.1",74,354,794,0,0,"0.0","i",0,-1,,"false"
"2026-09-29T06:52:33Z",381,"Koumas","LIV","-92.0","-92.0","-92.0","-92.0",-3,0,"0.0",50,146,183,3,22,"0.7","a",0,0,,"false"
"2026-09-29T06:52:33Z",382,"Danns","LIV","3.5","3.5","3.5","3.6",1,2,"0.2",45,3350,2299,0,0,"0.0","a",0,0,,"false"
"2026-09-29T06:52:33Z",383,"Elliott","LIV","0.0","0.0","0.0","0.0",0,0,"0.0",54,0,218,0,0,"0.0","u",0,-1,,"false"
"2026-09-29T06:52:33Z",579,"Araujo","LIV","33.0","33.1","33.3","33.5",2,12,"3.0",54,16017,10050,22,284,"7.0","a",0,-1,,"false"
"2026-09-29T06:52:33Z",627,"Barcola","LIV","-66.5","-66.1","-65.6","-65.0",-3,7,"1.9",80,9806,18206,7,168,"2.3","a",0,0,,"false"
"2026-09-29T06:52:33Z",155,"Enzo","MCI","1.1","1.2","1.4","1.5",1,9,"3.6",69,29693,13757,13,271,"3.0","a",0,-1,,"false"
"2026-09-29T06:52:33Z",237,"Ndiaye","MCI","-19.0","-19.1","-19.2","-19.4",-1,-12,"6.7",58,6703,66624,22,385,"3.0","a",-1,-2,,"false"
"2026-09-29T06:52:33Z",384,"Donnarumma","MCI","-49.8","-50.0","-50.1","-50.3",-3,-8,"7.6",55,10326,29247,19,450,"5.3","a",0,0,,"false"
"2026-09-29T06:52:33Z",386,"Bettinelli","MCI","-84.8","-84.8","-84.8","-84.8",-3,0,"0.0",45,51,86,0,0,"0.0","a",0,0,,"false"
"2026-09-29T06:52:33Z",387,"O'Reilly","MCI","-3.4","-3.5","-3.6","-3.7",-1,-14,"10.9",63,5079,68311,6,163,"0.7","a",-1,-2,,"false"
"2026-09-29T06:52:33Z",388,"Guéhi","MCI","63.7","63.7","63.7","63.7",3,-1,"18.2",60,22748,48835,30,450,"6.0","a",0,0,,"false"
"2026-09-29T06:52:33Z",389,"Matheus N.","MCI","-32.7","-32.6","-32.4","-32.2",-2,1,"1.0",59,1581,2804,11,213,"3.3","a",0,-1,,"false"
"2026-09-29T06:52:33Z",390,"Rúben","MCI","3.8","3.8","3.8","3.8",1,2,"1.9",55,4474,8792,17,450,"4.3","a",0,0,,"false"
"2026-09-29T06:52:33Z",391,"Gvardiol","MCI","77.1","77.1","77.2","77.2",3,4,"26.8",57,142115,51021,37,434,"7.7","a",0,2,,"false"
"2026-09-29T06:52:33Z",392,"Aït-Nouri","MCI","-95.3","-95.3","-95.3","-95.3",-4,0,"0.4",53,501,2105,0,0,"0.0","a",0,-2,,"false"
"2026-09-29T06:52:33Z",393,"Khusanov","MCI","-33.2","-33.3","-33.4","-33.6",-2,-1,"1.4",54,1349,8735,9,268,"1.7","a",0,-1,,"false"
"2026-09-29T06:52:33Z",394,"Alleyne","MCI","0.0","0.0","0.0","0.0",0,0,"0.0",50,0,19,0,0,"0.0","u",0,0,,"false"
"2026-09-29T06:52:33Z",395,"Lewis","MCI","-63.2","-63.2","-63.2","-63.2",-3,0,"0.2",44,291,1162,1,56,"0.0","a",0,-1,,"false"
"2026-09-29T06:52:33Z",396,"Vitor Reis","MCI","-80.2","-80.2","-80.2","-80.2",-3,0,"0.0",45,70,145,1,1,"0.0","a",0,0,,"false"
"2026-09-29T06:52:33Z",397,"Semenyo","MCI","-18.9","-19.0","-19.2","-19.3",-1,-31,"15.4",84,123609,60595,33,450,"8.7","d",0,-1,,"false"
"2026-09-29T06:52:33Z",398,"Foden","MCI","-46.0","-46.3","-46.9","-47.4",-3,-18,"1.8",69,199,27381,9,217,"-0.3","s",0,-1,,"false"
"2026-09-29T06:52:33Z",399,"Cherki","MCI","-55.9","-55.4","-54.7","-54.0",-3,48,"28.4",78,117114,85413,34,302,"4.0","a",0,3,,"false"
"2026-09-29T06:52:33Z",400,"Doku","MCI","0.1","0.2","0.3","0.3",1,5,"0.7",74,4034,1936,1,15,"0.3","a",0,-1,,"false"
"2026-09-29T06:52:33Z",402,"Rodrigo","MCI","0.0","0.0","0.0","0.0",0,0,"0.0",65,0,23,0,0,"0.0","u",0,0,,"false"
"2026-09-29T06:52:33Z",404,"Reijnders","MCI","0.0","0.0","0.0","0.0",0,0,"0.0",60,0,94,0,0,"0.0","u",0,0,,"false"
"2026-09-29T06:52:33Z",406,"Kovačić","MCI","-93.0","-93.0","-93.0","-93.0",-3,0,"0.1",54,100,440,2,42,"0.0","a",0,-1,,"false"
"2026-09-29T06:52:33Z",407,"Echeverri","MCI","0.0","0.0","0.0","0.0",0,0,"0.0",49,0,51,0,0,"0.0","u",0,-1,,"false"
"2026-09-29T06:52:33Z",408,"Phillips","MCI","0.0","0.0","0.0","0.0",0,0,"0.0",50,0,12,0,0,"0.0","u",0,0,,"false"
"2026-09-29T06:52:33Z",409,"Mukasa","MCI","0.0","0.0","0.0","0.0",0,0,"0.1",45,0,570,0,0,"0.0","u",0,0,,"false"
"2026-09-29T06:52:33Z",410,"Monga","MCI","0.0","0.0","0.0","0.0",0,0,"0.0",49,0,49,0,0,"0.0","u",0,-1,,"false"
"2026-09-29T06:52:33Z",411,"Haaland","MCI","21.6","21.7","21.9","22.2",2,14,"73.8",156,74941,18695,39,450,"8.0","a",0,1,,"false"
"2026-09-29T06:52:33Z",481,"Anderson","MCI","-40.0","-40.0","-40.0","-40.0",-3,0,"4.0",63,7514,26884,15,413,"3.3","a",0,-2,,"false"
"2026-09-29T06:52:33Z",587,"Rulli","MCI","-87.7","-87.7","-87.7","-87.7",-3,0,"0.0",50,68,101,0,0,"0.0","a",0,0,,"false"
"2026-09-29T06:52:33Z",616,"Bouaddi","MCI","-30.7","-30.7","-30.7","-30.7",-2,0,"0.2",55,814,2056,2,22,"0.3","a",0,0,,"false"
"2026-09-29T06:52:33Z",621,"McAidoo","MCI","-85.5","-85.5","-85.5","-85.5",-3,0,"0.1",45,187,1054,2,11,"0.3","a",0,0,,"false"
"2026-09-29T06:52:33Z",622,"Braithwaite","MCI","-36.9","-36.9","-36.9","-36.9",-2,0,"0.2",40,556,1603,1,1,"0.0","a",0,0,,"false"
"2026-09-29T06:52:33Z",628,"Allan","MCI","0.1","0.1","0.1","0.1",1,0,"0.0",60,212,156,0,0,"0.0","a",0,0,,"false"
"2026-09-29T06:52:33Z",653,"Samba","MCI","-38.0","-38.0","-38.0","-38.0",-2,0,"0.0",45,237,474,0,0,"0.0","a",0,0,,"false"
"2026-09-29T06:52:33Z",43,"Tielemans","MUN","-35.4","-35.4","-35.4","-35.4",-2,0,"1.5",58,2980,10366,14,402,"3.0","a",0,-2,,"false"
"2026-09-29T06:52:33Z",131,"Baleba","MUN","0.0","0.0","0.0","0.0",0,0,"0.1",49,1200,692,0,0,"0.0","a",0,-1,,"false"
"2026-09-29T06:52:33Z",162,"Andrey Santos","MUN","-47.3","-48.0","-49.1","-50.1",-3,-4,"0.6",48,1001,4771,4,82,"0.5","a",0,-2,,"false"
"2026-09-29T06:52:33Z",325,"Darlow","MUN","-21.7","-21.7","-21.7","-21.7",-2,0,"0.0",45,57,203,0,0,"0.0","d",0,0,,"false"
"2026-09-29T06:52:33Z",412,"Lammens","MUN","-16.2","-16.3","-16.3","-16.4",-1,-4,"9.9",49,6396,47108,11,450,"2.5","a",0,-1,,"false"
"2026-09-29T06:52:33Z",413,"Bayindir","MUN","0.0","0.0","0.0","0.0",0,0,"0.0",45,0,34,0,0,"0.0","u",0,0,,"false"
"2026-09-29T06:52:33Z",414,"Heaton","MUN","-34.6","-34.6","-34.6","-34.6",-2,0,"0.1",40,188,256,0,0,"0.0","i",0,0,,"false"
"2026-09-29T06:52:33Z",415,"Dorgu","MUN","-55.4","-56.0","-56.9","-57.8",-3,-6,"0.5",58,1018,3827,10,171,"2.5","d",0,-2,,"false"
"2026-09-29T06:52:33Z",416,"De Ligt","MUN","-93.7","-93.7","-93.7","-93.7",-3,0,"0.0",50,68,124,0,0,"0.0","i",0,0,,"false"
"2026-09-29T06:52:33Z",417,"Dalot","MUN","-74.7","-74.8","-75.0","-75.2",-3,-2,"1.6",49,1181,7237,8,346,"1.8","a",0,-1,,"false"
"2026-09-29T06:52:33Z",418,"Maguire","MUN","-1.6","-1.6","-1.7","-1.8",-1,-8,"8.6",48,4087,73089,10,450,"2.2","a",-1,-2,,"false"
"2026-09-29T06:52:33Z",419,"Martinez","MUN","-93.8","-94.0","-94.2","-94.4",-3,-2,"1.3",50,3544,6216,6,360,"1.5","a",0,0,,"false"
"2026-09-29T06:52:33Z",420,"Yoro","MUN","-10.1","-10.1","-10.1","-10.1",-1,0,"0.5",48,452,2111,2,22,"0.5","a",-1,-2,,"false"
"2026-09-29T06:52:33Z",421,"Heaven","MUN","-98.6","-98.6","-98.6","-98.6",-4,0,"0.3",44,223,1415,1,90,"0.0","a",0,-1,,"false"
"2026-09-29T06:52:33Z",422,"Mazraoui","MUN","-71.2","-71.2","-71.2","-71.2",-3,0,"0.5",44,557,2798,3,97,"0.5","a",0,-1,,"false"
"2026-09-29T06:52:33Z",423,"Shaw","MUN","-4.3","-4.4","-4.4","-4.4",-1,-1,"7.7",43,3388,74744,9,335,"2.0","a",-1,-2,,"false"
"2026-09-29T06:52:33Z",424,"Amass","MUN","-43.9","-43.9","-43.9","-43.9",-3,0,"0.2",40,404,752,0,0,"0.0","a",0,0,,"false"
"2026-09-29T06:52:33Z",425,"Fredricson","MUN","0.0","0.0","0.0","0.0",0,0,"0.0",40,0,46,0,0,"0.0","u",0,0,,"false"
"2026-09-29T06:52:33Z",426,"B.Fernandes","MUN","-1.0","-1.1","-1.1","-1.1",-1,-16,"38.5",119,40727,191392,31,450,"7.2","a",-1,-1,,"false"
"2026-09-29T06:52:33Z",427,"Mbeumo","MUN","-73.2","-73.2","-73.1","-73.0",-3,10,"20.6",79,34403,125805,25,450,"5.8","a",0,-1,,"false"
"2026-09-29T06:52:33Z",428,"Cunha","MUN","-92.9","-92.7","-92.4","-92.1",-3,11,"5.8",79,20392,20804,26,407,"6.0","a",0,-1,,"false"
"2026-09-29T06:52:33Z",429,"Rashford","MUN","-78.9","-79.4","-80.1","-80.8",-3,-13,"1.5",70,4089,16881,10,351,"2.2","d",0,0,,"false"
"2026-09-29T06:52:33Z",430,"Mount","MUN","0.1","0.1","0.1","0.1",1,0,"0.0",54,173,195,1,10,"0.2","a",0,-1,,"false"
"2026-09-29T06:52:33Z",431,"Amad","MUN","-16.1","-16.5","-17.0","-17.6",-1,-3,"0.3",57,118,1729,0,0,"0.0","i",0,-3,,"false"
"2026-09-29T06:52:33Z",432,"Mainoo","MUN","13.8","13.7","13.5","13.3",1,-13,"1.6",55,7488,14351,22,354,"5.2","d",0,0,,"false"
"2026-09-29T06:52:33Z",433,"Ugarte","MUN","-66.3","-66.3","-66.3","-66.3",-3,0,"0.0",50,22,23,0,0,"0.0","i",0,0,,"false"
"2026-09-29T06:52:33Z",434,"J.Fletcher","MUN","-38.6","-38.6","-38.6","-38.6",-2,0,"0.0",49,41,57,0,0,"0.0","a",0,-1,,"false"
"2026-09-29T06:52:33Z",435,"Lacey","MUN","-5.1","-7.2","-10.4","-13.6",-1,-1,"0.1",49,366,342,1,10,"0.0","a",0,-1,,"false"
"2026-09-29T06:52:33Z",436,"Collyer","MUN","0.0","0.0","0.0","0.0",0,0,"0.0",50,0,43,0,0,"0.0","u",0,0,,"false"
"2026-09-29T06:52:33Z",437,"Bendito Mantato","MUN","0.0","0.0","0.0","0.0",0,0,"0.2",44,382,821,0,0,"0.0","a",-1,-1,,"false"
"2026-09-29T06:52:33Z",438,"Fletcher","MUN","0.4","0.4","0.4","0.3",1,-2,"0.3",44,2507,2047,0,0,"0.0","a",0,-1,,"false"
"2026-09-29T06:52:33Z",439,"Šeško","MUN","-38.7","-39.1","-39.6","-40.1",-2,-10,"1.6",70,6542,23186,8,76,"1.8","d",0,0,,"false"
"2026-09-29T06:52:33Z",440,"Zirkzee","MUN","-8.0","-8.1","-8.4","-8.7",-1,-1,"0.4",53,1838,3028,2,20,"0.5","a",-1,-2,,"false"
"2026-09-29T06:52:33Z",441,"Obi","MUN","0.0","0.0","0.0","0.0",0,-8,"0.9",45,0,10953,0,0,"0.0","u",0,0,,"false"
"2026-09-29T06:52:33Z",405,"N.Gonzalez","NEW","0.8","0.8","0.8","0.8",1,0,"0.2",55,565,1802,5,164,"1.0","a",0,0,,"false"
"2026-09-29T06:52:33Z",442,"Pope","NEW","-42.8","-43.0","-43.4","-43.7",-3,-2,"0.9",49,829,3024,0,0,"0.0","a",0,-1,,"false"
"2026-09-29T06:52:33Z",443,"Gillespie","NEW","-37.6","-37.6","-37.6","-37.6",-2,0,"0.0",45,42,85,0,0,"0.0","a",0,0,,"false"
"2026-09-29T06:52:33Z",444,"Jaouen","NEW","-6.2","-6.2","-6.2","-6.2",-1,0,"0.0",44,19,114,0,0,"0.0","d",-1,-1,,"false"
"2026-09-29T06:52:33Z",445,"Thiaw","NEW","17.4","17.4","17.3","17.3",1,-1,"2.2",50,8190,9550,14,450,"1.7","a",0,0,,"false"
"2026-09-29T06:52:33Z",446,"Schär","NEW","-11.0","-11.0","-11.0","-11.0",-1,0,"0.2",49,529,880,2,25,"0.3","a",0,-1,,"false"
"2026-09-29T06:52:33Z",447,"Botman","NEW","9.5","9.4","9.4","9.4",1,-1,"0.7",50,4547,2847,15,450,"2.3","a",0,0,,"false"
"2026-09-29T06:52:33Z",448,"Burn","NEW","-3.5","-3.5","-3.5","-3.5",-1,0,"0.7",48,102,5585,0,0,"0.0","i",-1,-2,,"false"
"2026-09-29T06:52:33Z",449,"Hall","NEW","6.3","6.4","6.6","6.8",1,38,"17.3",53,238737,18994,31,449,"5.7","a",1,3,,"false"
"2026-09-29T06:52:33Z",450,"Livramento","NEW","1.5","1.5","1.5","1.5",1,-1,"0.1",49,432,1445,4,33,"1.3","d",0,-1,,"false"
"2026-09-29T06:52:33Z",451,"A.Murphy","NEW","0.0","0.0","0.0","0.0",0,0,"0.1",40,0,278,0,0,"0.0","u",0,0,,"false"
"2026-09-29T06:52:33Z",453,"Barnes","NEW","14.9","15.1","15.2","15.4",1,36,"5.6",61,153083,16485,28,450,"7.7","a",1,1,,"false"
"2026-09-29T06:52:33Z",454,"Elanga","NEW","-38.0","-38.2","-38.5","-38.7",-2,-36,"4.6",61,312,163126,18,232,"0.3","i",-1,1,,"false"
"2026-09-29T06:52:33Z",456,"J.Ramsey","NEW","-88.4","-88.8","-89.5","-90.1",-3,-3,"0.2",49,55,4599,7,69,"2.0","i",0,-1,,"false"
"2026-09-29T06:52:33Z",457,"J.Murphy","NEW","-19.6","-19.6","-19.6","-19.6",-1,0,"0.1",59,915,734,3,181,"0.7","a",0,-1,,"false"
"2026-09-29T06:52:33Z",458,"Joelinton","NEW","-60.9","-60.9","-60.9","-60.9",-3,0,"0.0",54,12,74,0,0,"0.0","i",0,-1,,"false"
"2026-09-29T06:52:33Z",459,"L.Miley","NEW","0.6","0.6","0.6","0.6",1,0,"0.1",55,459,431,12,396,"2.0","a",0,0,,"false"
"2026-09-29T06:52:33Z",460,"Willock","NEW","14.9","14.9","14.9","14.9",1,1,"0.6",50,9356,2586,22,284,"4.3","a",0,0,,"false"
"2026-09-29T06:52:33Z",461,"Touré","NEW","-10.3","-10.3","-10.3","-10.3",-1,0,"0.1",58,312,827,8,50,"2.3","a",0,-2,,"false"
"2026-09-29T06:52:33Z",462,"Steur","NEW","-50.3","-50.3","-50.3","-50.3",-3,0,"0.1",49,260,365,8,223,"2.0","a",0,-1,,"false"
"2026-09-29T06:52:33Z",463,"Woltemade","NEW","0.0","0.0","0.0","0.0",0,-4,"0.5",59,0,3533,4,19,"0.0","u",0,-1,,"false"
"2026-09-29T06:52:33Z",464,"Wissa","NEW","60.1","60.1","60.3","60.4",3,8,"18.7",62,82799,137194,15,441,"1.0","a",0,2,,"false"
"2026-09-29T06:52:33Z",465,"Osula","NEW","-7.6","-7.6","-7.6","-7.6",-1,0,"0.3",58,118,2268,4,55,"0.0","i",-1,-2,,"false"
"2026-09-29T06:52:33Z",466,"Neave","NEW","0.0","0.0","0.0","0.0",0,-2,"0.5",45,0,3761,0,0,"0.0","u",0,0,,"false"
"2026-09-29T06:52:33Z",559,"Bamba","NEW","-67.3","-67.3","-67.3","-67.3",-3,0,"0.1",49,124,472,3,27,"0.7","a",0,-1,,"false"
"2026-09-29T06:52:33Z",567,"Horníček","NEW","23.2","23.2","23.3","23.3",2,3,"1.5",50,6903,4708,14,450,"2.0","a",0,0,,"false"
"2026-09-29T06:52:33Z",593,"Dedić","NEW","-9.4","-9.5","-9.8","-10.0",-1,-8,"1.8",45,245,36447,13,327,"0.3","i",0,0,,"false"
"2026-09-29T06:52:33Z",609,"Shahar","NEW","0.0","0.0","0.0","0.0",0,0,"0.2",40,0,1815,0,0,"0.0","u",0,0,,"false"
"2026-09-29T06:52:33Z",634,"Fernandez-Pardo","NEW","0.7","0.7","0.7","0.8",1,2,"0.1",60,1854,1358,4,157,"1.3","a",0,0,,"false"
"2026-09-29T06:52:33Z",659,"Miley","NEW","0.0","0.0","0.0","0.0",0,0,"0.0",45,1364,624,0,0,"0.0","a",0,0,,"false"
"2026-09-29T06:52:33Z",663,"Pivas","NEW","0.0","0.0","0.0","0.0",0,0,"0.0",40,377,52,0,0,"0.0","a",0,0,"2026-10-02T19:10:51.639791Z","false"
"2026-09-29T06:52:33Z",664,"Salia","NEW","0.0","0.0","0.0","0.0",0,0,"0.1",45,9199,1468,0,0,"0.0","a",0,0,"2026-10-02T19:11:17.402697Z","false"
"2026-09-29T06:52:33Z",665,"Mills","NEW","0.0","0.0","0.0","0.0",0,0,"0.0",45,156,26,0,0,"0.0","a",0,0,"2026-10-02T19:11:39.931907Z","false"
"2026-09-29T06:52:33Z",666,"Thompson","NEW","0.0","0.0","0.0","0.0",0,0,"0.0",45,227,35,0,0,"0.0","a",0,0,"2026-10-02T19:12:09.032926Z","false"
"2026-09-29T06:52:33Z",167,"Delap","NFO","-23.0","-23.2","-23.4","-23.6",-2,-4,"2.7",56,24413,27928,9,277,"2.7","a",1,1,,"false"
"2026-09-29T06:52:33Z",201,"Muñoz","NFO","-45.6","-45.7","-45.8","-46.0",-3,-6,"5.7",54,7559,29006,5,257,"1.7","a",0,-1,,"false"
"2026-09-29T06:52:33Z",467,"Sels","NFO","4.4","4.4","4.3","4.2",1,-4,"1.6",50,1910,5872,14,450,"3.7","a",0,0,,"false"
"2026-09-29T06:52:33Z",468,"John","NFO","-72.0","-72.0","-72.0","-72.0",-3,0,"0.1",45,57,147,0,0,"0.0","a",0,0,,"false"
"2026-09-29T06:52:33Z",469,"N.Williams","NFO","23.8","23.7","23.6","23.4",2,-10,"8.7",50,10619,44109,19,450,"3.7","a",0,0,,"false"
"2026-09-29T06:52:33Z",470,"Morato","NFO","0.0","0.0","0.0","0.0",0,-1,"0.0",50,0,112,0,0,"0.0","u",0,0,,"false"
"2026-09-29T06:52:33Z",471,"Milenković","NFO","-12.5","-12.6","-12.7","-12.8",-1,-4,"1.0",54,62,11775,12,270,"2.3","i",-1,-1,,"false"
"2026-09-29T06:52:33Z",472,"Murillo","NFO","23.4","23.4","23.3","23.3",2,-4,"2.1",55,7832,7705,23,449,"6.0","a",0,0,,"false"
"2026-09-29T06:52:33Z",473,"Aina","NFO","-2.6","-2.7","-2.8","-3.0",-1,-4,"2.4",44,1027,19817,8,306,"1.0","a",-1,-1,,"false"
"2026-09-29T06:52:33Z",474,"Jair Cunha","NFO","-46.8","-46.8","-46.8","-46.8",-3,0,"0.2",45,235,622,11,360,"3.0","a",0,0,,"false"
"2026-09-29T06:52:33Z",475,"Savona","NFO","-17.9","-17.9","-17.9","-17.9",-1,0,"0.0",45,20,18,0,0,"0.0","i",0,0,,"false"
"2026-09-29T06:52:33Z",476,"O.Richards","NFO","-65.4","-65.4","-65.4","-65.4",-3,0,"0.2",40,286,708,0,0,"0.0","a",0,0,,"false"
"2026-09-29T06:52:33Z",477,"Abbott","NFO","0.0","0.0","0.0","0.0",0,0,"0.1",40,0,789,0,0,"0.0","u",0,0,,"false"
"2026-09-29T06:52:33Z",478,"Netz","NFO","-7.6","-7.6","-7.6","-7.6",-1,0,"0.0",44,54,114,3,27,"0.3","a",0,-1,,"false"
"2026-09-29T06:52:33Z",479,"Bindon","NFO","0.0","0.0","0.0","0.0",0,0,"0.1",40,0,507,0,0,"0.0","u",0,0,,"false"
"2026-09-29T06:52:33Z",480,"Gibbs-White","NFO","49.8","49.8","49.8","49.8",3,-1,"15.7",80,62580,79203,28,450,"4.3","a",0,0,,"false"
"2026-09-29T06:52:33Z",482,"Hudson-Odoi","NFO","-36.8","-36.8","-36.8","-36.8",-2,0,"0.1",58,246,1123,1,1,"0.0","a",0,-2,,"false"
"2026-09-29T06:52:33Z",483,"Ndoye","NFO","13.1","13.1","13.1","13.1",1,1,"0.7",55,718,7883,15,316,"1.0","a",0,0,,"false"
"2026-09-29T06:52:33Z",484,"Hutchinson","NFO","0.0","0.0","0.0","0.0",0,0,"0.1",54,0,343,0,0,"0.0","u",0,-1,,"false"
"2026-09-29T06:52:33Z",485,"Bakwa","NFO","0.0","0.0","0.0","0.0",0,0,"0.0",55,0,33,0,0,"0.0","u",0,0,,"false"
"2026-09-29T06:52:33Z",486,"McAtee","NFO","2.2","2.2","2.2","2.2",1,-1,"0.1",55,335,884,12,416,"2.3","a",0,0,,"false"
"2026-09-29T06:52:33Z",487,"Dominguez","NFO","-65.1","-65.1","-65.1","-65.1",-3,0,"0.1",49,62,286,1,1,"0.0","a",0,-1,,"false"
"2026-09-29T06:52:33Z",488,"I.Sangaré","NFO","-94.5","-94.5","-94.5","-94.5",-3,0,"0.4",49,288,2925,4,105,"0.7","a",0,-1,,"false"
"2026-09-29T06:52:33Z",489,"Yates","NFO","-85.2","-85.2","-85.2","-85.2",-3,0,"1.2",45,572,7122,0,0,"0.0","a",0,0,,"false"
"2026-09-29T06:52:33Z",490,"Wood","NFO","-38.3","-38.3","-38.3","-38.3",-2,0,"0.9",58,1860,6262,4,62,"1.0","a",0,-2,,"false"
"2026-09-29T06:52:33Z",491,"Igor Jesus","NFO","0.1","0.1","0.1","0.1",1,-1,"2.6",58,6866,22430,12,257,"3.0","a",0,-2,,"false"
"2026-09-29T06:52:33Z",493,"Kalimuendo","NFO","0.0","0.0","0.0","0.0",0,0,"0.1",54,213,401,1,1,"0.0","a",0,-1,,"false"
"2026-09-29T06:52:33Z",558,"Schlager","NFO","0.4","0.4","0.4","0.4",1,0,"0.1",50,213,751,13,376,"2.7","a",0,0,,"false"
"2026-09-29T06:52:33Z",581,"Diomande","NFO","-48.7","-48.7","-48.7","-48.7",-3,0,"0.5",54,1459,2166,7,163,"2.3","a",0,-1,,"false"
"2026-09-29T06:52:33Z",590,"Benda","NFO","0.0","0.0","0.0","0.0",0,0,"0.1",45,120,230,0,0,"0.0","a",0,0,,"false"
"2026-09-29T06:52:33Z",112,"Van Hecke","TOT","-26.6","-26.7","-26.8","-26.9",-2,-4,"6.6",49,17705,26783,24,450,"7.3","a",0,-1,,"false"
"2026-09-29T06:52:33Z",147,"Tosin","TOT","-37.9","-38.7","-39.9","-41.1",-2,-1,"0.1",44,97,542,1,5,"0.2","a",0,-1,,"false"
"2026-09-29T06:52:33Z",401,"Marmoush","TOT","36.6","36.6","36.6","36.5",2,-3,"2.1",70,10330,20933,8,339,"2.0","a",0,0,,"false"
"2026-09-29T06:52:33Z",403,"Sávio","TOT","10.5","10.5","10.4","10.4",1,-1,"0.7",65,2736,6540,8,240,"2.7","a",0,0,,"false"
"2026-09-29T06:52:33Z",455,"Tonali","TOT","-18.3","-18.5","-18.7","-18.8",-1,-4,"1.8",53,2180,14589,14,427,"3.3","a",-1,-2,,"false"
"2026-09-29T06:52:33Z",494,"Vicario","TOT","0.0","0.0","0.0","0.0",0,0,"0.1",45,0,691,0,0,"0.0","u",0,0,,"false"
"2026-09-29T06:52:33Z",495,"Austin","TOT","2.1","2.1","2.1","2.1",1,0,"1.0",40,1849,2091,0,0,"0.0","a",0,0,,"false"
"2026-09-29T06:52:33Z",496,"Kinsky","TOT","-49.2","-49.2","-49.3","-49.3",-3,-4,"17.3",45,16828,107757,18,450,"5.0","a",0,0,,"false"
"2026-09-29T06:52:33Z",497,"Dubravka","TOT","-23.7","-23.7","-23.7","-23.8",-2,-4,"17.1",40,25355,46211,0,0,"0.0","a",0,0,,"false"
"2026-09-29T06:52:33Z",498,"Senesi","TOT","-52.7","-53.0","-53.4","-53.8",-3,-10,"3.5",58,1129,20826,3,90,"0.0","a",0,-2,,"false"
"2026-09-29T06:52:33Z",499,"Pedro Porro","TOT","-28.8","-28.9","-29.0","-29.2",-2,-16,"7.6",54,1652,72157,9,198,"2.7","d",0,-1,,"false"
"2026-09-29T06:52:33Z",500,"Romero","TOT","0.0","0.0","0.0","0.0",0,0,"0.1",50,0,277,0,0,"0.0","u",0,0,,"false"
"2026-09-29T06:52:33Z",502,"Robertson","TOT","0.4","0.3","0.3","0.3",1,-2,"2.5",44,5256,12243,17,366,"4.0","a",0,-1,,"false"
"2026-09-29T06:52:33Z",503,"Van de Ven","TOT","-21.0","-21.1","-21.3","-21.4",-2,-5,"3.8",50,5426,19097,16,360,"5.3","a",0,0,,"false"
"2026-09-29T06:52:33Z",505,"Spence","TOT","0.0","0.0","0.0","0.0",0,0,"0.2",45,0,1137,0,0,"0.0","u",0,0,,"false"
"2026-09-29T06:52:33Z",506,"Udogie","TOT","-19.9","-19.9","-19.9","-19.9",-1,0,"0.3",44,326,1568,7,86,"1.7","a",0,-1,,"false"
"2026-09-29T06:52:33Z",507,"Phillips","TOT","0.0","0.0","0.0","0.0",0,0,"0.0",45,0,54,0,0,"0.0","u",0,0,,"false"
"2026-09-29T06:52:33Z",508,"Davies","TOT","1.5","1.5","1.6","1.6",1,3,"0.9",39,7160,3700,0,0,"0.0","a",-1,-1,,"false"
"2026-09-29T06:52:33Z",509,"Byfield","TOT","-3.7","-1.7","0.0","0.0",-1,1,"0.1",40,119,239,0,0,"0.0","a",0,0,,"false"
"2026-09-29T06:52:33Z",510,"Rowswell","TOT","-15.8","-15.8","-15.8","-15.8",-1,0,"0.1",40,148,330,0,0,"0.0","a",0,0,,"false"
"2026-09-29T06:52:33Z",511,"Souza","TOT","0.0","0.0","0.0","0.0",0,0,"0.2",40,0,857,0,0,"0.0","u",0,0,,"false"
"2026-09-29T06:52:33Z",512,"Kudus","TOT","2.0","2.0","2.0","2.0",1,0,"0.2",65,2148,1073,7,123,"2.0","a",0,0,,"false"
"2026-09-29T06:52:33Z",513,"Xavi","TOT","-16.6","-16.6","-16.6","-16.6",-1,0,"0.0",59,50,79,0,0,"0.0","i",0,-1,,"false"
"2026-09-29T06:52:33Z",514,"Tel","TOT","-25.2","-25.2","-25.2","-25.2",-2,0,"0.2",57,195,1894,8,257,"1.3","a",-1,-3,,"false"
"2026-09-29T06:52:33Z",515,"Maddison","TOT","-68.5","-68.5","-68.5","-68.5",-3,0,"0.4",63,715,1917,3,59,"0.7","a",0,-2,,"false"
"2026-09-29T06:52:33Z",516,"Bentancur","TOT","-71.9","-71.9","-71.9","-71.9",-3,0,"0.2",55,344,669,15,370,"4.0","a",0,0,,"false"
"2026-09-29T06:52:33Z",517,"Odobert","TOT","0.0","0.0","0.0","0.0",0,0,"0.0",55,24,13,0,0,"0.0","i",0,0,,"false"
"2026-09-29T06:52:33Z",518,"P.M.Sarr","TOT","0.0","0.0","0.0","0.0",0,0,"0.1",49,0,647,0,0,"0.0","u",0,-1,,"false"
"2026-09-29T06:52:33Z",519,"Gallagher","TOT","0.1","0.0","0.0","0.0",0,-1,"0.2",53,780,629,9,134,"3.0","a",0,-2,,"false"
"2026-09-29T06:52:33Z",520,"Bergvall","TOT","-2.6","-2.6","-2.6","-2.6",-1,0,"0.1",53,100,600,3,78,"0.7","a",-1,-2,,"false"
"2026-09-29T06:52:33Z",521,"Kulusevski","TOT","-78.9","-78.9","-78.9","-78.9",-3,0,"0.0",65,84,64,0,0,"0.0","i",0,0,,"false"
"2026-09-29T06:52:33Z",522,"Gray","TOT","-22.9","-22.9","-22.9","-22.9",-2,0,"0.2",49,453,1155,9,307,"1.7","a",0,-1,,"false"
"2026-09-29T06:52:33Z",523,"Moore","TOT","0.0","0.0","0.0","0.0",0,0,"0.1",50,0,520,3,89,"0.0","u",0,0,,"false"
"2026-09-29T06:52:33Z",524,"Olusesi","TOT","7.7","7.7","7.6","7.5",1,-5,"1.0",44,6028,7436,0,0,"0.0","a",0,-1,,"false"
"2026-09-29T06:52:33Z",525,"Fernandes","TOT","-9.1","-9.4","-9.9","-10.4",-1,-4,"0.8",57,449,6419,7,249,"1.3","a",-1,-3,,"false"
"2026-09-29T06:52:33Z",526,"Solanke","TOT","-29.2","-29.2","-29.2","-29.2",-2,0,"0.8",58,1786,5494,7,170,"1.7","a",0,-2,,"false"
"2026-09-29T06:52:33Z",527,"Richarlison","TOT","0.0","0.0","0.0","0.0",0,-4,"0.6",59,0,5530,2,67,"0.0","u",0,-1,,"false"
"2026-09-29T06:52:33Z",528,"Scarlett","TOT","0.0","0.0","0.0","0.0",0,-2,"1.1",45,0,7804,0,0,"0.0","u",0,0,,"false"
"2026-09-29T06:52:33Z",578,"Mudryk","TOT","-11.1","-11.1","-11.1","-11.1",-1,0,"0.0",53,19,546,1,16,"0.2","i",-1,-2,,"false"
"2026-09-29T06:52:33Z",601,"Williams-Barnett","TOT","-50.7","-50.7","-50.7","-50.7",-3,0,"0.1",45,162,740,0,0,"0.0","a",0,0,,"false"
"2026-09-29T06:52:33Z",501,"Danso","SUN","-80.8","-80.8","-80.8","-80.8",-3,0,"0.2",50,1121,807,3,270,"1.0","a",0,0,,"false"
"2026-09-29T06:52:33Z",529,"Roefs","SUN","-15.7","-15.7","-15.7","-15.7",-1,0,"2.5",49,2000,11217,11,450,"2.5","a",0,-1,,"false"
"2026-09-29T06:52:33Z",530,"Patterson","SUN","0.0","0.0","0.0","0.0",0,0,"0.1",40,0,338,0,0,"0.0","u",0,0,,"false"
"2026-09-29T06:52:33Z",531,"Ellborg","SUN","-0.1","-1.0","-2.4","-3.7",-1,-1,"0.1",44,127,243,0,0,"0.0","a",-1,-1,,"false"
"2026-09-29T06:52:33Z",532,"Ballard","SUN","-51.1","-51.3","-51.7","-52.1",-3,-12,"2.5",49,3575,15978,14,450,"3.5","d",0,-1,,"false"
"2026-09-29T06:52:33Z",533,"Mukiele","SUN","-16.3","-16.4","-16.6","-16.8",-1,-2,"1.9",54,4954,8505,13,360,"3.2","a",0,-1,,"false"
"2026-09-29T06:52:33Z",534,"Hume","SUN","-7.3","-7.4","-7.6","-7.7",-1,-4,"2.8",43,1188,28872,10,206,"2.0","a",-1,-2,,"false"
"2026-09-29T06:52:33Z",535,"Alderete","SUN","-6.3","-6.6","-7.0","-7.5",-1,-1,"0.2",48,211,1032,1,23,"0.0","a",-1,-2,,"false"
"2026-09-29T06:52:33Z",536,"Reinildo","SUN","-0.0","0.0","0.0","0.0",0,1,"0.3",44,176,1535,7,360,"1.5","a",-1,-1,,"false"
"2026-09-29T06:52:33Z",537,"Seelt","SUN","0.0","0.0","0.0","0.0",0,0,"0.0",45,0,22,0,0,"0.0","u",0,0,,"false"
"2026-09-29T06:52:33Z",538,"Hjelde","SUN","0.0","0.0","0.0","0.0",0,0,"0.0",40,0,150,0,0,"0.0","u",0,0,,"false"
"2026-09-29T06:52:33Z",539,"O'Nien","SUN","3.9","3.9","4.0","4.1",1,4,"2.5",39,17154,11147,1,66,"0.0","a",-1,-1,,"false"
"2026-09-29T06:52:33Z",540,"Masuaku","SUN","0.0","0.0","0.0","0.0",0,0,"0.1",40,0,608,0,0,"0.0","u",0,0,,"false"
"2026-09-29T06:52:33Z",541,"Meunier","SUN","-32.2","-32.2","-32.2","-32.2",-2,0,"0.3",45,1562,829,14,396,"3.2","a",0,0,,"false"
"2026-09-29T06:52:33Z",542,"E.Le Fée","SUN","-4.2","-4.2","-4.2","-4.2",-1,0,"3.4",57,10939,23176,18,438,"4.0","a",-1,-3,,"false"
"2026-09-29T06:52:33Z",543,"Diarra","SUN","0.0","0.0","0.0","0.0",0,0,"0.0",53,19,218,5,28,"1.0","i",-1,-2,,"false"
"2026-09-29T06:52:33Z",544,"Xhaka","SUN","-71.2","-71.2","-71.2","-71.2",-3,0,"3.6",55,5995,22564,21,450,"3.0","a",0,0,,"false"
"2026-09-29T06:52:33Z",545,"Sadiki","SUN","-71.3","-71.3","-71.3","-71.3",-3,0,"0.2",49,392,1298,10,410,"2.0","a",0,-1,,"false"
"2026-09-29T06:52:33Z",546,"Adingra","SUN","0.0","0.0","0.0","0.0",0,0,"0.0",49,0,185,0,0,"0.0","u",0,-1,,"false"
"2026-09-29T06:52:33Z",547,"Mundle","SUN","-76.4","-76.4","-76.4","-76.4",-3,0,"0.0",49,10,53,1,1,"0.2","i",0,-1,,"false"
"2026-09-29T06:52:33Z",548,"Rigg","SUN","-74.5","-74.5","-74.5","-74.5",-3,0,"0.0",49,29,220,2,17,"0.2","a",0,-1,,"false"
"2026-09-29T06:52:33Z",549,"Talbi","SUN","-28.3","-28.3","-28.3","-28.3",-2,0,"0.1",53,105,551,1,31,"0.0","a",0,-2,,"false"
"2026-09-29T06:52:33Z",550,"Jocelin.T","SUN","-92.4","-92.4","-92.4","-92.4",-3,0,"0.0",50,27,39,0,0,"0.0","a",0,0,,"false"
"2026-09-29T06:52:33Z",551,"N.Angulo","SUN","1.3","1.3","1.3","1.3",1,-1,"0.1",50,493,758,16,313,"2.8","a",0,0,,"false"
"2026-09-29T06:52:33Z",552,"Brobbey","SUN","79.6","79.4","79.2","79.0",3,-15,"7.0",57,193012,41996,24,399,"5.5","d",-1,-3,,"false"
"2026-09-29T06:52:33Z",553,"Isidor","SUN","3.1","3.1","3.1","3.1",1,0,"1.3",55,3041,11279,15,117,"3.5","a",0,0,,"false"
"2026-09-29T06:52:33Z",612,"Methalie","SUN","0.0","0.0","0.0","0.0",0,0,"0.0",45,108,64,-1,90,"-0.2","a",0,0,,"false"
"2026-09-29T06:52:33Z",613,"Ahoka","SUN","-43.9","-43.9","-43.9","-43.9",-3,0,"0.2",45,573,1558,0,0,"0.0","a",0,0,,"false"
"2026-09-29T06:52:33Z",646,"Fofana","SUN","-13.3","-13.3","-13.3","-13.3",-1,0,"0.0",55,316,291,3,60,"1.0","a",0,0,,"false"
"2026-09-29T06:52:33Z",651,"J.Angulo","SUN","4.7","4.7","4.7","4.7",1,0,"0.7",45,8484,7082,0,0,"0.0","a",0,0,,"false"
"2026-09-29T10:08:57Z",1,"Raya","ARS","1.3","1.3","1.3","1.3",1,4,"42.3",61,122991,45875,30,450,"6.0","a",1,1,,"false"
"2026-09-29T10:08:57Z",2,"Arrizabalaga","ARS","-48.1","-48.1","-48.1","-48.1",-3,0,"0.1",49,103,247,0,0,"0.0","a",0,-1,,"false"
"2026-09-29T10:08:57Z",3,"Meslier","ARS","-37.6","-37.6","-37.6","-37.6",-2,0,"0.0",49,45,117,0,0,"0.0","a",0,-1,,"false"
"2026-09-29T10:08:57Z",4,"Gabriel","ARS","-86.9","-86.9","-87.0","-87.1",-3,-8,"22.7",80,23410,64668,25,450,"5.0","a",0,0,,"false"
"2026-09-29T10:08:57Z",5,"J.Timber","ARS","10.7","10.7","10.7","10.8",1,2,"0.4",65,12007,3946,1,104,"0.2","a",0,0,,"false"
"2026-09-29T10:08:57Z",6,"Saliba","ARS","-24.7","-25.0","-25.5","-26.1",-2,-2,"0.2",59,380,1068,0,0,"0.0","i",0,-1,,"false"
"2026-09-29T10:08:57Z",7,"Lewis-Skelly","ARS","-15.3","-15.3","-15.3","-15.3",-1,0,"0.6",54,885,4864,9,271,"1.5","a",-1,-1,,"false"
"2026-09-29T10:08:57Z",8,"Calafiori","ARS","91.9","92.0","92.1","92.1",3,5,"50.5",58,73439,61550,29,416,"5.0","a",0,3,,"false"
"2026-09-29T10:08:57Z",9,"Hincapie","ARS","-5.2","-5.3","-5.6","-5.8",-1,-3,"0.9",52,1395,5607,2,32,"0.2","a",-1,-3,,"false"
"2026-09-29T10:08:57Z",10,"White","ARS","-46.2","-46.4","-46.9","-47.3",-3,-26,"4.9",55,3228,65497,21,315,"2.5","d",0,0,,"false"
"2026-09-29T10:08:57Z",11,"Mosquera","ARS","-24.5","-24.6","-24.8","-24.9",-2,-2,"1.6",53,1154,9176,12,168,"1.5","a",0,-2,,"false"
"2026-09-29T10:08:57Z",12,"Saka","ARS","88.6","88.9","89.4","89.9",3,34,"13.7",95,103209,45612,32,416,"5.8","a",0,0,,"false"
"2026-09-29T10:08:57Z",13,"Rice","ARS","-32.4","-32.6","-33.1","-33.5",-2,-64,"11.7",74,7481,79833,20,411,"4.2","d",0,-1,,"false"
"2026-09-29T10:08:57Z",14,"Eze","ARS","-0.5","-0.7","-0.9","-1.2",-1,-3,"1.0",62,2179,6614,4,85,"0.8","a",-1,-3,,"false"
"2026-09-29T10:08:57Z",15,"Ødegaard","ARS","-1.5","-1.4","-1.3","-1.1",-1,13,"19.8",68,73505,85649,29,377,"4.5","a",0,3,,"false"
"2026-09-29T10:08:57Z",16,"Madueke","ARS","-24.9","-24.9","-24.9","-24.9",-2,0,"0.2",62,724,1532,2,23,"0.2","a",0,-3,,"false"
"2026-09-29T10:08:57Z",17,"Merino","ARS","-98.7","-99.6","-101.2","-102.8",-4,-4,"0.4",58,717,2814,4,81,"0.8","a",0,-2,,"false"
"2026-09-29T10:08:57Z",18,"Martinelli","ARS","0.0","0.0","0.0","0.0",0,0,"0.1",63,0,545,0,0,"0.0","u",0,-2,,"false"
"2026-09-29T10:08:57Z",19,"Zubimendi","ARS","-46.4","-46.6","-46.9","-47.2",-3,-1,"0.6",53,487,3633,5,89,"1.0","a",0,-2,,"false"
"2026-09-29T10:08:57Z",20,"Dowman","ARS","-26.0","-26.0","-26.0","-26.0",-2,0,"0.1",53,447,565,1,9,"0.2","a",0,-2,,"false"
"2026-09-29T10:08:57Z",22,"Nwaneri","ARS","0.0","0.0","0.0","0.0",0,0,"0.0",54,0,48,0,0,"0.0","u",0,-1,,"false"
"2026-09-29T10:08:57Z",23,"Fábio Vieira","ARS","0.0","0.0","0.0","0.0",0,0,"0.0",55,0,38,0,0,"0.0","u",0,0,,"false"
"2026-09-29T10:08:57Z",24,"Nelson","ARS","0.0","0.0","0.0","0.0",0,0,"0.0",55,0,22,0,0,"0.0","u",0,0,,"false"
"2026-09-29T10:08:57Z",25,"Gyökeres","ARS","-4.1","-3.7","-3.0","-2.2",-1,26,"3.1",71,9743,16332,2,29,"0.5","a",-1,-4,,"false"
"2026-09-29T10:08:57Z",26,"Havertz","ARS","6.5","5.9","4.9","3.8",1,-72,"8.3",76,50178,58546,19,437,"3.2","d",0,1,,"false"
"2026-09-29T10:08:57Z",27,"G.Jesus","ARS","0.0","0.0","0.0","0.0",0,0,"0.1",59,0,984,0,0,"0.0","u",0,-1,,"false"
"2026-09-29T10:08:57Z",31,"Konsa","ARS","0.8","0.8","0.8","0.8",1,4,"19.4",46,88078,43993,12,281,"3.0","a",1,1,,"false"
"2026-09-29T10:08:57Z",452,"Bruno G.","ARS","0.4","0.4","0.4","0.4",1,1,"1.8",67,5365,7396,9,123,"2.2","a",0,-3,,"false"
"2026-09-29T10:08:57Z",557,"Tzolis","ARS","-11.2","-11.3","-11.4","-11.6",-1,-24,"12.2",63,11567,136260,16,362,"2.5","a",-1,-2,,"false"
"2026-09-29T10:08:57Z",29,"M.Bizot","AVL","-36.6","-36.9","-37.4","-38.0",-2,-1,"0.1",45,59,992,1,90,"0.0","i",0,0,,"false"
"2026-09-29T10:08:57Z",30,"Digne","AVL","0.0","0.0","0.0","0.0",0,0,"0.0",45,0,216,0,0,"0.0","u",0,0,,"false"
"2026-09-29T10:08:57Z",32,"Cash","AVL","-22.1","-22.2","-22.3","-22.4",-2,-3,"4.8",44,2566,24430,6,296,"1.8","a",0,-1,,"false"
"2026-09-29T10:08:57Z",33,"Mings","AVL","0.7","0.7","0.7","0.7",1,0,"0.4",45,1623,1349,10,261,"2.2","a",0,0,,"false"
"2026-09-29T10:08:57Z",34,"Pau","AVL","-99.7","-99.9","-100.3","-100.8",-4,-2,"0.3",45,42,3039,3,187,"0.8","i",0,0,,"false"
"2026-09-29T10:08:57Z",35,"Bogarde","AVL","-3.3","-3.3","-3.3","-3.3",-1,0,"0.1",49,164,433,1,16,"0.0","a",-1,-1,,"false"
"2026-09-29T10:08:57Z",36,"Maatsen","AVL","-2.0","-2.0","-2.2","-2.3",-1,-2,"0.5",44,48,5965,9,335,"2.2","i",-1,-1,,"false"
"2026-09-29T10:08:57Z",37,"Lindelöf","AVL","1.0","1.0","1.0","1.0",1,0,"0.3",45,976,1232,8,450,"2.5","a",0,0,,"false"
"2026-09-29T10:08:57Z",38,"A.García","AVL","-33.8","-33.9","-34.1","-34.3",-2,-2,"1.5",40,1796,5887,0,0,"0.0","a",0,0,,"false"
"2026-09-29T10:08:57Z",39,"Nedeljkovic","AVL","0.0","0.0","0.0","0.0",0,0,"0.1",40,0,535,0,0,"0.0","u",0,0,,"false"
"2026-09-29T10:08:57Z",41,"Buendía","AVL","-37.4","-36.7","-35.5","-34.3",-2,8,"1.0",59,11695,3979,21,401,"4.8","a",0,-1,,"false"
"2026-09-29T10:08:57Z",44,"Bailey","AVL","0.0","0.0","0.0","0.0",0,0,"0.1",54,0,462,0,0,"0.0","u",0,-1,,"false"
"2026-09-29T10:08:57Z",45,"McGinn","AVL","-19.9","-19.9","-19.9","-19.9",-1,0,"2.2",54,6558,8159,17,434,"4.0","a",0,-1,,"false"
"2026-09-29T10:08:57Z",46,"Barkley","AVL","0.5","0.5","0.5","0.5",1,0,"0.3",50,543,1726,10,308,"2.0","a",0,0,,"false"
"2026-09-29T10:08:57Z",47,"Kamara","AVL","-78.7","-78.7","-78.7","-78.7",-3,0,"0.3",50,1256,1523,15,443,"3.2","a",0,0,,"false"
"2026-09-29T10:08:57Z",48,"Onana","AVL","-10.6","-10.6","-10.6","-10.6",-1,0,"0.0",49,39,92,0,0,"0.0","i",0,-1,,"false"
"2026-09-29T10:08:57Z",49,"Iling Jr","AVL","0.0","0.0","0.0","0.0",0,0,"0.0",50,0,10,0,0,"0.0","u",0,0,,"false"
"2026-09-29T10:08:57Z",50,"Burrowes","AVL","-76.6","-76.8","-77.1","-77.4",-3,-1,"0.6",45,614,3294,0,0,"0.0","a",0,0,,"false"
"2026-09-29T10:08:57Z",51,"George Hemmings","AVL","13.5","13.5","13.5","13.5",1,0,"1.2",45,3108,9380,9,297,"1.8","a",0,0,,"false"
"2026-09-29T10:08:57Z",52,"Alysson","AVL","-0.8","-0.8","-0.8","-0.8",-1,0,"0.0",50,66,758,8,87,"1.8","d",0,0,,"false"
"2026-09-29T10:08:57Z",53,"Manzambi","AVL","8.0","8.1","8.4","8.6",1,18,"0.4",59,27344,3050,14,98,"3.5","a",0,-1,,"false"
"2026-09-29T10:08:57Z",54,"Gomes","AVL","0.1","0.1","0.1","0.1",1,1,"0.0",55,440,185,2,129,"1.0","a",0,0,,"false"
"2026-09-29T10:08:57Z",55,"Watkins","AVL","0.0","0.0","0.0","0.0",0,-7,"2.5",78,0,12097,0,0,"0.0","u",0,-2,,"false"
"2026-09-29T10:08:57Z",56,"Abraham","AVL","3.4","3.4","3.4","3.4",1,0,"0.2",55,1609,1676,4,71,"1.0","a",0,0,,"false"
"2026-09-29T10:08:57Z",160,"Garnacho","AVL","-64.0","-64.0","-64.0","-64.0",-3,0,"0.3",58,508,2689,3,31,"0.5","a",0,-2,,"false"
"2026-09-29T10:08:57Z",166,"N.Jackson","AVL","50.0","50.3","50.8","51.4",3,37,"1.5",65,34172,7633,10,286,"2.5","a",0,0,,"false"
"2026-09-29T10:08:57Z",582,"Madjo","AVL","-24.0","-24.4","-25.2","-26.0",-2,-3,"0.2",54,179,1713,0,0,"0.0","i",0,-1,,"false"
"2026-09-29T10:08:57Z",596,"Ruggeri","AVL","-73.8","-75.7","-79.1","-82.5",-3,-2,"0.1",45,488,314,5,113,"1.0","a",0,0,,"false"
"2026-09-29T10:08:57Z",597,"Suzuki","AVL","29.0","29.0","29.1","29.1",2,3,"1.9",50,13099,6218,16,360,"4.0","a",0,0,,"false"
"2026-09-29T10:08:57Z",606,"Rowe","AVL","0.2","0.2","0.2","0.2",1,0,"0.2",40,304,874,0,0,"0.0","a",0,0,,"false"
"2026-09-29T10:08:57Z",607,"Lynch","AVL","0.0","0.0","0.0","0.0",0,0,"0.1",45,0,689,0,0,"0.0","u",0,0,,"false"
"2026-09-29T10:08:57Z",611,"Wan-Bissaka","AVL","2.0","2.0","2.0","2.0",1,0,"0.2",45,1388,1382,6,152,"1.5","a",0,0,,"false"
"2026-09-29T10:08:57Z",618,"Goretzka","AVL","-39.9","-39.9","-39.9","-39.9",-2,0,"0.0",59,22,408,0,0,"0.0","i",0,-1,,"false"
"2026-09-29T10:08:57Z",630,"Harwood-Bellis","AVL","0.0","0.0","0.0","0.0",0,0,"0.0",45,180,176,0,0,"0.0","a",0,0,,"false"
"2026-09-29T10:08:57Z",631,"Mbaye","AVL","0.3","0.3","0.3","0.3",1,-1,"0.1",60,863,1091,2,33,"0.7","a",0,0,,"false"
"2026-09-29T10:08:57Z",667,"Wright","AVL","0.0","0.0","0.0","0.0",0,0,"0.1",40,6895,787,0,0,"0.0","a",0,0,"2026-10-02T19:12:30.130761Z","false"
"2026-09-29T10:08:57Z",57,"Petrović","BOU","0.3","0.2","0.2","0.2",1,-1,"3.0",45,5925,11294,9,450,"1.3","a",0,0,,"false"
"2026-09-29T10:08:57Z",58,"Forster","BOU","4.5","4.5","4.5","4.6",1,1,"3.5",40,7909,7026,0,0,"0.0","a",0,0,,"false"
"2026-09-29T10:08:57Z",59,"Dennis","BOU","0.0","0.0","0.0","0.0",0,0,"0.1",40,0,529,0,0,"0.0","u",0,0,,"false"
"2026-09-29T10:08:57Z",60,"Hill","BOU","-32.9","-33.1","-33.3","-33.5",-2,-1,"0.8",55,3023,2998,12,450,"2.3","a",0,0,,"false"
"2026-09-29T10:08:57Z",61,"Truffert","BOU","-1.3","-1.2","-1.2","-1.2",-1,1,"3.0",54,4368,11751,10,450,"1.7","a",-1,-1,,"false"
"2026-09-29T10:08:57Z",62,"Diakité","BOU","-5.3","-5.3","-5.3","-5.3",-1,0,"0.2",49,458,938,0,0,"0.0","a",-1,-1,,"false"
"2026-09-29T10:08:57Z",63,"Milosavljević","BOU","-3.8","-3.8","-3.8","-3.8",-1,0,"0.0",49,28,44,0,0,"0.0","i",0,-1,,"false"
"2026-09-29T10:08:57Z",64,"Smith","BOU","0.3","0.3","0.3","0.3",1,0,"0.1",45,386,462,4,434,"0.7","a",0,0,,"false"
"2026-09-29T10:08:57Z",65,"J.Araujo","BOU","-12.1","-12.1","-12.1","-12.1",-1,0,"0.0",44,34,52,0,0,"0.0","i",0,-1,,"false"
"2026-09-29T10:08:57Z",66,"Soler","BOU","1.4","1.4","1.4","1.4",1,0,"0.3",40,715,1095,0,0,"0.0","a",0,0,,"false"
"2026-09-29T10:08:57Z",67,"Rayan","BOU","-9.6","-9.5","-9.5","-9.4",-1,2,"1.6",63,3822,9506,10,434,"2.0","a",-1,-2,,"false"
"2026-09-29T10:08:57Z",68,"Tavernier","BOU","29.6","29.7","29.8","29.9",2,8,"6.8",61,79291,42094,31,424,"6.7","a",0,1,,"false"
"2026-09-29T10:08:57Z",69,"Scott","BOU","0.4","0.3","0.3","0.2",1,-5,"5.8",61,22872,37404,30,446,"5.3","a",0,1,,"false"
"2026-09-29T10:08:57Z",70,"Kluivert","BOU","-51.3","-51.7","-52.4","-53.1",-3,-12,"0.9",60,2291,17362,15,294,"3.0","i",0,0,,"false"
"2026-09-29T10:08:57Z",71,"Cook","BOU","-11.4","-11.4","-11.4","-11.4",-1,0,"0.2",50,258,1122,8,180,"0.7","a",0,0,,"false"
"2026-09-29T10:08:57Z",72,"Gannon-Doak","BOU","-62.2","-62.2","-62.2","-62.2",-3,0,"0.1",49,135,362,4,12,"1.0","a",0,-1,,"false"
"2026-09-29T10:08:57Z",73,"Adams","BOU","1.5","1.5","1.6","1.6",1,2,"0.3",50,1059,1593,12,279,"3.3","a",0,0,,"false"
"2026-09-29T10:08:57Z",74,"Brooks","BOU","-19.1","-19.1","-19.1","-19.1",-1,0,"0.1",50,170,316,3,45,"0.7","a",0,0,,"false"
"2026-09-29T10:08:57Z",75,"Christie","BOU","0.4","0.4","0.4","0.4",1,0,"0.0",50,287,241,5,102,"1.3","a",0,0,,"false"
"2026-09-29T10:08:57Z",76,"Tóth.A","BOU","-12.0","-12.0","-12.0","-12.0",-1,0,"0.0",49,25,54,2,17,"0.3","a",0,-1,,"false"
"2026-09-29T10:08:57Z",77,"Adli","BOU","-81.9","-81.9","-81.9","-81.9",-3,0,"0.0",49,22,73,0,0,"0.0","i",0,-1,,"false"
"2026-09-29T10:08:57Z",78,"Kroupi.Jr","BOU","-73.6","-73.6","-73.6","-73.6",-3,0,"0.2",74,181,821,0,0,"0.0","i",0,-1,,"false"
"2026-09-29T10:08:57Z",79,"Evanilson","BOU","49.7","49.8","49.8","49.8",3,1,"3.2",60,16796,20341,18,424,"3.0","a",0,0,,"false"
"2026-09-29T10:08:57Z",80,"Enes Ünal","BOU","0.0","0.0","0.0","0.0",0,0,"0.0",55,0,48,0,0,"0.0","u",0,0,,"false"
"2026-09-29T10:08:57Z",81,"Rodríguez","BOU","-33.1","-34.7","-37.6","-40.6",-2,-2,"0.1",60,727,693,2,10,"0.3","a",0,0,,"false"
"2026-09-29T10:08:57Z",566,"Silva","BOU","1.3","1.3","1.3","1.3",1,0,"0.4",50,5638,3294,13,450,"2.3","a",0,0,,"false"
"2026-09-29T10:08:57Z",573,"Sanchez","BOU","-12.0","-12.0","-12.0","-12.0",-1,0,"0.2",44,143,419,0,0,"0.0","a",0,-1,,"false"
"2026-09-29T10:08:57Z",608,"Jebbison","BOU","0.5","0.5","0.5","0.5",1,0,"0.1",50,855,870,3,31,"0.7","a",0,0,,"false"
"2026-09-29T10:08:57Z",615,"Di Gregorio","BOU","-27.6","-27.6","-27.6","-27.6",-2,0,"0.0",45,181,187,0,0,"0.0","a",0,0,,"false"
"2026-09-29T10:08:57Z",82,"Kelleher","BRE","19.9","19.9","19.9","20.0",1,2,"6.1",50,19273,12958,20,450,"3.2","a",0,0,,"false"
"2026-09-29T10:08:57Z",83,"Valdimarsson","BRE","-73.2","-73.2","-73.2","-73.2",-3,0,"0.1",45,285,321,0,0,"0.0","a",0,0,,"false"
"2026-09-29T10:08:57Z",84,"Collins","BRE","-27.4","-27.7","-28.3","-28.9",-2,-11,"1.0",54,115,9064,10,196,"1.0","i",0,-1,,"false"
"2026-09-29T10:08:57Z",85,"Van den Berg","BRE","-77.7","-77.7","-77.7","-77.7",-3,0,"0.1",49,37,323,0,0,"0.0","i",0,-1,,"false"
"2026-09-29T10:08:57Z",86,"Lewis-Potter","BRE","31.6","31.6","31.6","31.6",2,-2,"1.7",55,3589,11676,22,406,"3.0","a",0,0,,"false"
"2026-09-29T10:08:57Z",87,"Ajer","BRE","30.1","30.1","30.1","30.1",2,-2,"3.9",45,10844,21869,21,450,"3.2","a",0,0,,"false"
"2026-09-29T10:08:57Z",88,"Kayode","BRE","-37.0","-36.9","-36.7","-36.5",-2,10,"7.6",46,12628,20531,23,294,"2.5","a",0,1,,"false"
"2026-09-29T10:08:57Z",89,"Henry","BRE","-15.2","-15.2","-15.2","-15.2",-1,0,"0.2",44,153,573,1,2,"0.2","a",0,-1,,"false"
"2026-09-29T10:08:57Z",90,"Hickey","BRE","-28.2","-28.2","-28.2","-28.2",-2,0,"0.1",45,177,241,5,152,"1.0","a",0,0,,"false"
"2026-09-29T10:08:57Z",92,"Ji-soo","BRE","-4.6","-4.6","-4.6","-4.6",-1,0,"0.0",44,58,86,0,0,"0.0","a",-1,-1,,"false"
"2026-09-29T10:08:57Z",93,"Schuster","BRE","4.9","4.9","5.0","5.1",1,7,"0.3",45,14701,2153,21,253,"5.2","a",0,0,,"false"
"2026-09-29T10:08:57Z",94,"Schade","BRE","11.5","11.9","12.6","13.3",1,133,"11.4",62,380363,23198,39,447,"9.0","a",1,2,,"false"
"2026-09-29T10:08:57Z",95,"O.Dango","BRE","-46.5","-47.5","-49.3","-51.1",-3,-6,"0.5",63,787,3531,7,179,"1.0","a",0,-2,,"false"
"2026-09-29T10:08:57Z",96,"Damsgaard","BRE","-8.4","-8.0","-7.1","-6.3",-1,2,"0.4",54,1504,1982,16,283,"3.8","a",0,-1,,"false"
"2026-09-29T10:08:57Z",97,"Jensen","BRE","-55.0","-55.0","-55.0","-55.0",-3,0,"0.1",54,20,620,6,66,"0.0","i",0,-1,,"false"
"2026-09-29T10:08:57Z",98,"Janelt","BRE","76.1","76.1","76.1","76.0",3,-3,"2.5",50,18817,17266,28,450,"4.8","a",0,0,,"false"
"2026-09-29T10:08:57Z",99,"Milambo","BRE","-42.0","-42.0","-42.0","-42.0",-3,0,"0.0",50,6,7,0,0,"0.0","i",0,0,,"false"
"2026-09-29T10:08:57Z",100,"Carvalho","BRE","0.3","0.3","0.3","0.3",1,0,"0.0",50,598,171,6,3,"1.5","a",0,0,,"false"
"2026-09-29T10:08:57Z",102,"Yarmoliuk","BRE","-17.1","-17.1","-17.1","-17.1",-1,0,"0.6",48,1293,3167,9,216,"2.0","a",0,-2,,"false"
"2026-09-29T10:08:57Z",103,"Dasilva","BRE","-59.6","-59.6","-59.6","-59.6",-3,0,"0.0",49,9,99,0,0,"0.0","i",0,-1,,"false"
"2026-09-29T10:08:57Z",105,"Anthony","BRE","0.8","0.8","0.8","0.9",1,4,"0.1",59,2255,588,15,267,"3.5","a",0,-1,,"false"
"2026-09-29T10:08:57Z",106,"Thiago","BRE","9.1","9.2","9.6","9.9",1,22,"9.1",78,54653,36706,10,442,"2.5","a",0,-2,,"false"
"2026-09-29T10:08:57Z",107,"Furo","BRE","-5.3","-5.6","-6.2","-6.7",-1,-9,"0.9",45,600,9265,0,0,"0.0","i",0,0,,"false"
"2026-09-29T10:08:57Z",108,"Wilson","BRE","-11.7","-12.0","-12.6","-13.2",-1,-2,"0.3",54,1145,2402,3,13,"0.5","a",-1,-1,,"false"
"2026-09-29T10:08:57Z",565,"M.Sangaré","BRE","-30.5","-30.7","-31.0","-31.3",-2,-37,"9.9",56,8174,136283,22,321,"2.0","a",-1,1,,"false"
"2026-09-29T10:08:57Z",620,"Diouf","BRE","-34.8","-34.8","-34.8","-34.8",-2,0,"0.1",45,456,663,2,39,"0.5","a",0,0,,"false"
"2026-09-29T10:08:57Z",657,"Nunes","BRE","0.0","0.0","0.0","0.0",0,0,"0.0",45,334,265,0,0,"0.0","a",0,0,,"false"
"2026-09-29T10:08:57Z",660,"Fredrick","BRE","0.0","0.0","0.0","0.0",0,0,"0.0",40,511,65,0,0,"0.0","a",0,0,"2026-10-01T21:16:22.650713Z","false"
"2026-09-29T10:08:57Z",661,"Balcombe","BRE","0.0","0.0","0.0","0.0",0,0,"0.0",40,2806,525,0,0,"0.0","a",0,0,"2026-10-01T21:16:40.866514Z","false"
"2026-09-29T10:08:57Z",109,"Verbruggen","BHA","62.7","62.7","62.8","62.8",3,4,"21.6",45,69729,69596,23,450,"4.2","a",0,0,,"false"
"2026-09-29T10:08:57Z",111,"Steele","BHA","-0.5","-0.5","-0.5","-0.5",-1,0,"4.1",40,6934,14343,0,0,"0.0","a",0,0,,"false"
"2026-09-29T10:08:57Z",113,"F.Kadıoğlu","BHA","-59.1","-58.9","-58.6","-58.3",-3,3,"1.6",44,3846,6661,13,332,"3.2","a",0,-1,,"false"
"2026-09-29T10:08:57Z",114,"Boscagli","BHA","2.6","2.6","2.7","2.8",1,4,"0.3",45,1941,748,19,437,"3.2","a",0,0,,"false"
"2026-09-29T10:08:57Z",115,"De Cuyper","BHA","1.5","1.8","2.2","2.7",1,89,"27.7",50,292258,20102,38,423,"5.2","a",1,5,,"false"
"2026-09-29T10:08:57Z",116,"Dunk","BHA","19.9","19.9","19.8","19.7",1,-4,"1.5",45,7519,9327,22,360,"4.0","d",0,0,,"false"
"2026-09-29T10:08:57Z",117,"Coppola","BHA","-11.0","-11.0","-11.0","-11.0",-1,0,"0.0",45,106,92,0,0,"0.0","a",0,0,,"false"
"2026-09-29T10:08:57Z",118,"Igor","BHA","0.0","0.0","0.0","0.0",0,0,"0.0",45,0,275,0,0,"0.0","u",0,0,,"false"
"2026-09-29T10:08:57Z",119,"Costinha","BHA","0.0","0.0","0.0","0.0",0,0,"0.0",45,165,129,4,68,"0.8","a",0,0,,"false"
"2026-09-29T10:08:57Z",120,"Svoboda","BHA","0.5","0.5","0.5","0.5",1,0,"0.1",50,1307,451,1,4,"0.2","a",0,0,,"false"
"2026-09-29T10:08:57Z",121,"Mitoma","BHA","-24.8","-24.8","-24.8","-24.8",-2,0,"0.0",59,116,165,0,0,"0.0","i",0,-1,,"false"
"2026-09-29T10:08:57Z",122,"Minteh","BHA","-4.6","-5.5","-7.3","-9.1",-1,-2,"0.0",58,44,209,0,0,"0.0","i",-1,-2,,"false"
"2026-09-29T10:08:57Z",123,"Hinshelwood","BHA","-38.0","-38.3","-38.8","-39.3",-2,-5,"0.6",59,263,6580,16,63,"0.0","i",0,-1,,"false"
"2026-09-29T10:08:57Z",124,"Groß","BHA","88.6","89.5","91.0","92.6",3,291,"28.8",58,772980,11225,47,450,"11.2","a",1,3,,"false"
"2026-09-29T10:08:57Z",125,"Georginio","BHA","-0.0","0.0","0.0","0.0",0,1,"0.5",53,2544,3711,6,104,"0.2","a",-1,-2,,"false"
"2026-09-29T10:08:57Z",126,"O'Riley","BHA","-8.3","-8.3","-8.3","-8.3",-1,0,"0.1",54,412,552,2,10,"0.5","a",0,-1,,"false"
"2026-09-29T10:08:57Z",127,"Gomez","BHA","30.5","30.5","30.5","30.4",2,-2,"4.0",50,11852,37465,24,433,"4.5","a",0,0,,"false"
"2026-09-29T10:08:57Z",128,"Buonanotte","BHA","0.0","0.0","0.0","0.0",0,0,"0.0",50,0,7,0,0,"0.0","u",0,0,,"false"
"2026-09-29T10:08:57Z",129,"Ayari","BHA","-45.5","-44.8","-43.3","-41.9",-3,4,"0.4",54,2213,1935,15,333,"3.2","a",0,-1,,"false"
"2026-09-29T10:08:57Z",130,"Wieffer","BHA","-29.4","-29.6","-29.9","-30.3",-2,-1,"0.2",49,29,1915,7,156,"0.0","i",0,-1,,"false"
"2026-09-29T10:08:57Z",132,"Howell","BHA","0.0","0.0","0.0","0.0",0,0,"0.0",45,0,195,0,0,"0.0","u",0,0,,"false"
"2026-09-29T10:08:57Z",133,"Watson","BHA","0.0","0.0","0.0","0.0",0,0,"0.0",50,0,4,0,0,"0.0","u",0,0,,"false"
"2026-09-29T10:08:57Z",134,"Oriola","BHA","-79.5","-79.5","-79.5","-79.5",-3,0,"0.2",45,348,1313,0,0,"0.0","a",0,0,,"false"
"2026-09-29T10:08:57Z",135,"Yohanna","BHA","-0.6","-0.6","-0.6","-0.6",-1,0,"0.0",48,23,380,1,12,"0.0","i",-1,-2,,"false"
"2026-09-29T10:08:57Z",137,"Tzimas","BHA","-3.5","-3.5","-3.5","-3.5",-1,0,"0.0",54,35,49,0,0,"0.0","i",0,-1,,"false"
"2026-09-29T10:08:57Z",138,"Kostoulas","BHA","18.2","18.6","19.4","20.1",1,140,"4.1",56,302552,17756,28,353,"6.8","a",1,1,,"false"
"2026-09-29T10:08:57Z",139,"Ferguson","BHA","-57.8","-57.8","-57.8","-57.8",-3,0,"0.0",50,124,249,0,0,"0.0","i",0,0,,"false"
"2026-09-29T10:08:57Z",328,"Struijk","BHA","-6.8","-6.8","-6.8","-6.8",-1,0,"0.2",49,638,813,7,98,"1.8","d",0,-1,,"false"
"2026-09-29T10:08:57Z",504,"Vuskovic","BHA","54.0","54.1","54.3","54.6",3,15,"3.6",50,53648,12591,32,437,"6.5","a",0,0,,"false"
"2026-09-29T10:08:57Z",594,"David","BHA","0.6","0.6","0.6","0.6",1,1,"0.2",59,3069,2143,1,23,"0.2","a",-1,-1,,"false"
"2026-09-29T10:08:57Z",600,"Osman","BHA","-67.1","-67.1","-67.1","-67.1",-3,0,"0.0",50,111,124,3,40,"0.5","a",0,0,,"false"
"2026-09-29T10:08:57Z",605,"Yalcouyé","BHA","53.0","53.0","53.0","53.0",3,1,"4.0",45,25421,32074,20,236,"4.8","a",0,0,,"false"
"2026-09-29T10:08:57Z",614,"Hadjam","BHA","-5.6","-5.6","-5.6","-5.6",-1,0,"0.0",45,242,245,0,0,"0.0","a",0,0,,"false"
"2026-09-29T10:08:57Z",624,"Cozier-Duberry","BHA","0.0","0.0","0.0","0.0",0,0,"0.0",50,0,5,0,0,"0.0","u",0,0,,"false"
"2026-09-29T10:08:57Z",639,"Andrés","BHA","1.4","1.4","1.4","1.4",1,1,"0.0",55,2670,299,12,109,"4.0","a",0,0,,"false"
"2026-09-29T10:08:57Z",652,"Azeez","BHA","-27.6","-40.9","-65.0","-89.2",-3,-1,"0.0",55,19,42,0,0,"0.0","i",0,0,,"false"
"2026-09-29T10:08:57Z",658,"Ibrahim","BHA","0.0","0.0","0.0","0.0",0,0,"0.0",45,303,211,0,0,"0.0","a",0,0,,"false"
"2026-09-29T10:08:57Z",28,"Martinez","CHE","-6.1","-6.1","-6.1","-6.1",-1,0,"4.7",50,7242,21422,9,360,"2.2","a",0,0,,"false"
"2026-09-29T10:08:57Z",40,"Rogers","CHE","83.8","84.1","84.7","85.3",3,42,"40.5",77,141034,68149,29,437,"5.2","a",0,2,,"false"
"2026-09-29T10:08:57Z",101,"Henderson","CHE","0.0","0.0","0.0","0.0",0,0,"0.0",49,497,147,2,90,"0.5","a",0,-1,,"false"
"2026-09-29T10:08:57Z",136,"Welbeck","CHE","6.6","6.6","6.6","6.6",1,0,"1.0",59,7176,9006,4,85,"1.0","a",0,-1,,"false"
"2026-09-29T10:08:57Z",140,"Sánchez","CHE","0.0","0.0","0.0","0.0",0,-4,"0.7",49,0,4661,2,90,"0.0","u",0,-1,,"false"
"2026-09-29T10:08:57Z",141,"Jörgensen","CHE","0.0","0.0","0.0","0.0",0,0,"0.0",50,0,30,0,0,"0.0","u",0,0,,"false"
"2026-09-29T10:08:57Z",142,"James","CHE","-92.4","-92.6","-93.1","-93.6",-3,-35,"5.8",54,597,75790,3,292,"0.8","d",0,-1,,"false"
"2026-09-29T10:08:57Z",143,"Chalobah","CHE","0.0","0.0","0.0","0.0",0,-1,"0.1",55,0,299,0,0,"0.0","u",0,0,,"false"
"2026-09-29T10:08:57Z",144,"Gusto","CHE","-3.1","-3.3","-3.7","-4.0",-1,-4,"1.0",49,1531,6745,4,272,"0.8","a",-1,-1,,"false"
"2026-09-29T10:08:57Z",145,"Fofana","CHE","4.5","4.5","4.6","4.6",1,4,"0.2",50,2375,1247,8,312,"2.0","a",0,0,,"false"
"2026-09-29T10:08:57Z",146,"B.Badiashile","CHE","0.0","0.0","0.0","0.0",0,0,"0.0",45,0,42,0,0,"0.0","u",0,0,,"false"
"2026-09-29T10:08:57Z",148,"Hato","CHE","12.4","12.4","12.4","12.4",1,0,"0.8",45,788,7161,8,258,"1.8","a",0,0,,"false"
"2026-09-29T10:08:57Z",149,"Colwill","CHE","-9.5","-9.5","-9.5","-9.5",-1,0,"0.9",48,1021,5246,3,341,"0.8","a",-1,-2,,"false"
"2026-09-29T10:08:57Z",150,"M.Sarr","CHE","0.0","0.0","0.0","0.0",0,0,"0.0",45,0,159,0,0,"0.0","u",0,0,,"false"
"2026-09-29T10:08:57Z",151,"Acheampong","CHE","-10.8","-10.8","-10.8","-10.8",-1,0,"0.3",45,400,1882,5,221,"0.5","a",0,0,,"false"
"2026-09-29T10:08:57Z",152,"Palestra","CHE","-1.0","-1.0","-1.0","-1.0",-1,0,"0.6",53,198,3686,0,0,"0.0","d",0,-2,,"false"
"2026-09-29T10:08:57Z",154,"Palmer","CHE","-11.7","-12.0","-12.7","-13.4",-1,-84,"25.7",97,46892,160503,28,442,"3.8","d",0,2,,"false"
"2026-09-29T10:08:57Z",156,"Neto","CHE","-7.5","-7.5","-7.7","-7.8",-1,-1,"1.4",65,4891,9397,14,332,"3.2","a",0,0,,"false"
"2026-09-29T10:08:57Z",157,"Estêvão","CHE","-32.1","-32.5","-33.3","-34.1",-2,-4,"0.7",63,1686,4237,4,23,"0.8","a",0,-2,,"false"
"2026-09-29T10:08:57Z",158,"Gittens","CHE","-3.0","-3.0","-3.0","-3.0",-1,0,"0.0",58,151,239,0,0,"0.0","d",-1,-2,,"false"
"2026-09-29T10:08:57Z",159,"Caicedo","CHE","-1.6","-1.9","-2.4","-2.8",-1,-6,"1.0",53,399,8643,1,13,"0.2","d",0,-2,,"false"
"2026-09-29T10:08:57Z",161,"Lavia","CHE","4.6","4.6","4.6","4.6",1,0,"0.2",50,408,2388,11,258,"2.5","a",0,0,,"false"
"2026-09-29T10:08:57Z",163,"D.Essugo","CHE","0.0","0.0","0.0","0.0",0,0,"0.1",45,0,696,0,0,"0.0","u",0,0,,"false"
"2026-09-29T10:08:57Z",164,"Quenda","CHE","-27.1","-27.1","-27.1","-27.1",-2,0,"0.0",53,68,176,2,27,"0.2","a",0,-2,,"false"
"2026-09-29T10:08:57Z",165,"João Pedro","CHE","-1.7","-1.8","-1.9","-2.0",-1,-131,"65.2",77,59523,384054,33,360,"5.5","d",-1,2,,"false"
"2026-09-29T10:08:57Z",168,"Marc Guiu","CHE","0.0","0.0","0.0","0.0",0,0,"0.2",50,0,1486,0,0,"0.0","u",0,0,,"false"
"2026-09-29T10:08:57Z",169,"Mheuka","CHE","4.3","4.3","4.3","4.3",1,0,"0.5",45,4346,3423,0,0,"0.0","a",0,0,,"false"
"2026-09-29T10:08:57Z",170,"Emegha","CHE","-0.1","-0.1","-0.1","-0.1",-1,0,"0.1",49,74,1052,0,0,"0.0","i",-1,-1,,"false"
"2026-09-29T10:08:57Z",200,"Lacroix","CHE","-7.1","-7.1","-7.1","-7.2",-1,-3,"6.8",59,7468,28429,13,364,"1.8","a",-1,-1,,"false"
"2026-09-29T10:08:57Z",560,"Penders","CHE","-0.6","0.0","0.0","0.0",0,1,"0.1",44,239,291,0,0,"0.0","a",0,-1,,"false"
"2026-09-29T10:08:57Z",561,"Anselmino","CHE","-1.6","-1.6","-1.6","-1.6",-1,0,"0.0",45,62,101,0,0,"0.0","a",0,0,,"false"
"2026-09-29T10:08:57Z",568,"Barco","CHE","-13.8","-13.8","-13.8","-13.8",-1,0,"0.1",54,223,431,3,115,"0.8","a",0,-1,,"false"
"2026-09-29T10:08:57Z",583,"Chavarria","CHE","-49.5","-49.5","-49.5","-49.5",-3,0,"0.1",49,397,523,5,208,"1.0","a",0,-1,,"false"
"2026-09-29T10:08:57Z",662,"Nicoll-Jazuli","CHE","0.0","0.0","0.0","0.0",0,0,"0.0",45,328,71,1,3,"1.0","a",0,0,"2026-10-01T21:17:24.996715Z","false"
"2026-09-29T10:08:57Z",91,"Pinnock","COV","-73.1","-73.1","-73.1","-73.1",-3,0,"0.1",45,364,216,14,282,"4.3","a",0,0,,"false"
"2026-09-29T10:08:57Z",104,"Onyeka","COV","-32.3","-32.3","-32.3","-32.3",-2,0,"0.1",49,168,435,9,314,"2.3","a",0,-1,,"false"
"2026-09-29T10:08:57Z",110,"Rushworth","COV","-57.0","-56.9","-56.7","-56.4",-3,1,"0.8",45,2457,5785,16,450,"4.3","a",0,0,,"false"
"2026-09-29T10:08:57Z",171,"Dovin","COV","0.0","0.0","0.0","0.0",0,0,"1.0",40,0,4586,0,0,"0.0","u",0,0,,"false"
"2026-09-29T10:08:57Z",172,"Wilson","COV","-5.7","-6.2","-7.0","-7.9",-1,-2,"0.4",44,231,642,0,0,"0.0","a",0,-1,,"false"
"2026-09-29T10:08:57Z",173,"Thomas","COV","16.8","16.8","16.8","16.8",1,0,"8.6",40,24999,29941,24,437,"4.3","a",0,0,,"false"
"2026-09-29T10:08:57Z",174,"Kitching","COV","0.0","0.0","0.0","0.0",0,0,"0.3",40,0,1744,0,0,"0.0","u",0,0,,"false"
"2026-09-29T10:08:57Z",175,"van Ewijk","COV","-47.3","-47.4","-47.5","-47.7",-3,-18,"8.8",40,1144,73803,6,360,"1.0","d",0,0,,"false"
"2026-09-29T10:08:57Z",176,"Dasilva","COV","-31.7","-31.3","-30.4","-29.6",-2,4,"0.7",40,5986,1660,20,444,"5.7","a",0,0,,"false"
"2026-09-29T10:08:57Z",177,"Kesler-Hayden","COV","0.2","0.2","0.2","0.2",1,0,"0.0",39,996,510,0,0,"0.0","i",-1,-1,,"false"
"2026-09-29T10:08:57Z",178,"Bidwell","COV","-29.5","-29.5","-29.5","-29.5",-2,0,"0.1",40,177,290,0,0,"0.0","a",0,0,,"false"
"2026-09-29T10:08:57Z",179,"Latibeaudiere","COV","-74.2","-74.2","-74.2","-74.2",-3,0,"0.0",40,72,133,1,1,"0.3","a",0,0,,"false"
"2026-09-29T10:08:57Z",180,"Woolfenden","COV","-94.6","-94.6","-94.6","-94.6",-3,0,"0.1",40,24,491,0,0,"0.0","i",0,0,,"false"
"2026-09-29T10:08:57Z",181,"Brau","COV","0.0","0.0","0.0","0.0",0,0,"0.0",40,0,92,0,0,"0.0","u",0,0,,"false"
"2026-09-29T10:08:57Z",182,"Amenda","COV","-52.3","-52.6","-53.1","-53.6",-3,-6,"0.6",40,33,6573,4,360,"0.7","i",0,0,,"false"
"2026-09-29T10:08:57Z",183,"Rudoni","COV","0.1","0.1","0.1","0.1",1,0,"0.1",49,866,644,13,297,"3.0","a",0,-1,,"false"
"2026-09-29T10:08:57Z",184,"Grimes","COV","-27.8","-27.8","-27.8","-27.8",-2,0,"0.1",49,176,838,11,443,"2.3","a",0,-1,,"false"
"2026-09-29T10:08:57Z",185,"Sakamoto","COV","-21.9","-21.9","-21.9","-21.9",-2,0,"0.1",48,123,372,1,31,"0.0","a",0,-2,,"false"
"2026-09-29T10:08:57Z",186,"Mason-Clark","COV","-1.9","-1.9","-1.9","-1.9",-1,0,"0.1",53,70,352,5,231,"1.3","a",-1,-2,,"false"
"2026-09-29T10:08:57Z",187,"Eccles","COV","-4.6","-4.6","-4.6","-4.6",-1,0,"0.0",48,16,87,0,0,"0.0","i",-1,-2,,"false"
"2026-09-29T10:08:57Z",188,"Torp","COV","-10.9","-10.9","-10.9","-10.9",-1,0,"0.1",53,43,421,3,53,"0.3","a",-1,-2,,"false"
"2026-09-29T10:08:57Z",189,"Shepherd","COV","0.8","0.8","0.8","0.8",1,0,"0.3",44,3967,2197,0,0,"0.0","a",0,-1,,"false"
"2026-09-29T10:08:57Z",190,"Tchaouna","COV","-79.3","-80.3","-82.2","-84.1",-3,-1,"0.1",54,22,333,5,211,"0.7","a",0,-1,,"false"
"2026-09-29T10:08:57Z",191,"Borges Rodrigues","COV","0.0","0.0","0.0","0.0",0,0,"0.1",45,0,660,0,0,"0.0","u",0,0,,"false"
"2026-09-29T10:08:57Z",192,"Andrews","COV","0.0","0.0","0.0","0.0",0,-2,"0.3",45,0,1915,0,0,"0.0","u",0,0,,"false"
"2026-09-29T10:08:57Z",193,"Wright","COV","-99.5","-99.5","-99.5","-99.5",-4,0,"0.1",54,46,526,0,0,"0.0","i",0,-1,,"false"
"2026-09-29T10:08:57Z",194,"Thomas-Asante","COV","2.7","2.7","2.8","2.9",1,7,"0.8",50,7634,5672,9,227,"2.0","a",0,0,,"false"
"2026-09-29T10:08:57Z",195,"Simms","COV","-0.2","-0.1","0.0","0.0",-1,1,"0.6",49,1737,5111,4,104,"0.7","a",-1,-1,,"false"
"2026-09-29T10:08:57Z",196,"Markelo","COV","0.0","0.0","0.0","0.0",0,0,"0.0",50,0,60,0,0,"0.0","u",0,0,,"false"
"2026-09-29T10:08:57Z",197,"Bassette","COV","0.0","0.0","0.0","0.0",0,0,"0.0",45,0,140,0,0,"0.0","u",0,0,,"false"
"2026-09-29T10:08:57Z",492,"Awoniyi","COV","-12.6","-12.7","-12.9","-13.0",-1,-2,"0.4",54,63,4863,3,232,"0.0","s",-1,-1,,"false"
"2026-09-29T10:08:57Z",575,"Yirenkyi","COV","-2.6","-2.6","-2.6","-2.6",-1,0,"0.1",48,283,993,9,265,"1.7","a",-1,-2,,"false"
"2026-09-29T10:08:57Z",584,"Hamer","COV","-82.5","-83.6","-85.5","-87.5",-3,-1,"0.1",54,41,384,3,32,"0.3","a",0,-1,,"false"
"2026-09-29T10:08:57Z",599,"Cherif","COV","-6.9","-6.9","-6.9","-6.9",-1,0,"0.1",50,510,735,1,30,"0.3","a",0,0,,"false"
"2026-09-29T10:08:57Z",623,"Bentley","COV","2.1","2.1","2.1","2.1",1,0,"0.6",40,7880,2234,0,0,"0.0","a",0,0,,"false"
"2026-09-29T10:08:57Z",655,"Gboho","COV","0.0","0.0","0.0","0.0",0,0,"0.0",55,68,52,0,0,"0.0","a",0,0,,"false"
"2026-09-29T10:08:57Z",656,"Mfuni","COV","0.0","0.0","0.1","0.1",0,1,"0.1",40,1795,834,6,90,"3.0","a",0,0,,"false"
"2026-09-29T10:08:57Z",42,"Guessand","CRY","-26.2","-26.2","-26.2","-26.2",-2,0,"0.0",54,102,255,2,54,"0.0","a",0,-1,,"false"
"2026-09-29T10:08:57Z",153,"Disasi","CRY","-59.8","-59.8","-59.8","-59.8",-3,0,"0.1",45,23,744,1,139,"0.0","s",0,0,,"false"
"2026-09-29T10:08:57Z",198,"Henderson","CRY","-95.0","-95.3","-95.8","-96.3",-4,-12,"1.3",50,134,10676,5,270,"0.7","i",0,0,,"false"
"2026-09-29T10:08:57Z",199,"Benitez","CRY","-24.3","-24.3","-24.3","-24.3",-2,0,"0.1",45,645,357,8,180,"2.7","a",0,0,,"false"
"2026-09-29T10:08:57Z",202,"Richards","CRY","-98.5","-98.7","-99.0","-99.3",-4,-1,"0.6",50,1523,2108,14,450,"3.7","a",0,0,,"false"
"2026-09-29T10:08:57Z",203,"Canvot","CRY","-0.7","-0.7","-0.7","-0.7",-1,0,"0.2",48,369,826,10,360,"3.0","a",-1,-2,,"false"
"2026-09-29T10:08:57Z",204,"Mitchell","CRY","25.8","25.9","25.9","26.0",2,6,"6.0",45,13489,15363,24,419,"7.7","a",0,0,,"false"
"2026-09-29T10:08:57Z",205,"Sosa","CRY","0.0","0.0","0.0","0.0",0,0,"0.0",45,0,97,0,0,"0.0","u",0,0,,"false"
"2026-09-29T10:08:57Z",206,"Chadi Riad","CRY","-4.2","-4.2","-4.2","-4.2",-1,0,"0.0",43,24,118,1,72,"0.0","i",-1,-2,,"false"
"2026-09-29T10:08:57Z",207,"Mingueza","CRY","-87.0","-87.0","-87.0","-87.0",-3,0,"0.1",44,73,269,2,16,"0.3","a",0,-1,,"false"
"2026-09-29T10:08:57Z",208,"Sarr","CRY","0.0","0.0","0.0","0.0",0,0,"0.6",62,2424,2111,1,8,"0.3","a",0,-3,,"false"
"2026-09-29T10:08:57Z",210,"Wharton","CRY","-2.0","-2.0","-2.0","-2.0",-1,0,"0.7",54,1121,4413,12,436,"2.0","a",-1,-1,,"false"
"2026-09-29T10:08:57Z",211,"Yeremy","CRY","4.6","4.6","4.6","4.6",1,0,"0.3",55,673,2535,14,307,"2.7","a",0,0,,"false"
"2026-09-29T10:08:57Z",212,"Hughes","CRY","-19.4","-19.6","-19.9","-20.2",-1,-15,"7.3",44,8737,42746,2,29,"0.7","a",0,-1,,"false"
"2026-09-29T10:08:57Z",213,"Lerma","CRY","-1.5","-1.5","-1.5","-1.5",-1,0,"0.1",48,87,355,1,51,"0.3","a",-1,-2,,"false"
"2026-09-29T10:08:57Z",214,"Kamada","CRY","11.2","11.2","11.2","11.2",1,-2,"0.5",50,3086,2873,21,441,"5.3","a",0,0,,"false"
"2026-09-29T10:08:57Z",215,"Devenny","CRY","0.0","0.0","0.0","0.0",0,0,"0.0",50,0,33,0,0,"0.0","u",0,0,,"false"
"2026-09-29T10:08:57Z",216,"Esse","CRY","0.0","0.0","0.0","0.0",0,0,"0.0",50,0,114,0,0,"0.0","u",0,0,,"false"
"2026-09-29T10:08:57Z",217,"M.França","CRY","0.0","0.0","0.0","0.0",0,0,"0.0",49,0,151,0,0,"0.0","u",0,-1,,"false"
"2026-09-29T10:08:57Z",218,"Doucouré","CRY","-2.0","-2.0","-2.0","-2.0",-1,0,"0.0",48,106,285,0,0,"0.0","a",-1,-2,,"false"
"2026-09-29T10:08:57Z",219,"J.Rak-Sakyi","CRY","0.0","0.0","0.0","0.0",0,0,"0.0",49,0,23,0,0,"0.0","u",0,-1,,"false"
"2026-09-29T10:08:57Z",220,"Cardines","CRY","0.0","0.0","0.0","0.0",0,0,"0.0",45,0,3,0,0,"0.0","u",0,0,,"false"
"2026-09-29T10:08:57Z",221,"Drakes-Thomas","CRY","-92.1","-92.1","-92.1","-92.1",-3,0,"0.1",45,133,410,0,0,"0.0","a",0,0,,"false"
"2026-09-29T10:08:57Z",222,"Strand Larsen","CRY","5.0","5.0","5.1","5.1",1,4,"0.7",60,4570,3731,14,298,"3.7","a",0,0,,"false"
"2026-09-29T10:08:57Z",223,"Mateta","CRY","-24.5","-24.6","-24.9","-25.1",-2,-6,"1.3",63,197,8736,2,62,"0.0","i",0,-2,,"false"
"2026-09-29T10:08:57Z",224,"Nketiah","CRY","-17.3","-17.7","-18.4","-19.2",-1,-3,"0.5",55,1203,3230,8,175,"1.7","a",0,0,,"false"
"2026-09-29T10:08:57Z",225,"Uche","CRY","0.0","0.0","0.0","0.0",0,0,"0.0",50,0,0,0,0,"0.0","u",0,0,,"false"
"2026-09-29T10:08:57Z",241,"McNeil","CRY","-93.2","-93.2","-93.2","-93.2",-3,0,"0.1",54,67,450,3,84,"0.0","a",0,-1,,"false"
"2026-09-29T10:08:57Z",555,"Matthews","CRY","-8.9","-8.9","-8.9","-8.9",-1,0,"1.7",40,1042,2932,0,0,"0.0","a",0,0,,"false"
"2026-09-29T10:08:57Z",577,"Tomiyasu","CRY","-12.8","-13.4","-14.5","-15.6",-1,-4,"0.3",44,148,1106,3,189,"0.3","d",0,-1,,"false"
"2026-09-29T10:08:57Z",588,"Khalaili","CRY","6.5","6.5","6.5","6.5",1,0,"0.3",50,1967,1058,19,379,"5.3","a",0,0,,"false"
"2026-09-29T10:08:57Z",595,"Gozo","CRY","-0.9","-0.9","-0.9","-0.9",-1,0,"0.0",49,39,87,2,28,"0.3","a",-1,-1,,"false"
"2026-09-29T10:08:57Z",633,"Ahanor","CRY","0.1","0.1","0.1","0.1",1,0,"0.0",45,133,101,3,90,"1.0","a",0,0,,"false"
"2026-09-29T10:08:57Z",643,"Chilwell","CRY","-71.5","-71.5","-71.5","-71.5",-3,0,"0.4",45,535,2844,8,29,"2.7","a",0,0,,"false"
"2026-09-29T10:08:57Z",644,"Timber","CRY","0.2","0.2","0.2","0.2",1,0,"0.0",50,439,300,9,253,"3.0","a",0,0,,"false"
"2026-09-29T10:08:57Z",647,"Osorio","CRY","-71.5","-71.5","-71.5","-71.5",-3,0,"0.0",55,26,72,1,1,"0.3","a",0,0,,"false"
"2026-09-29T10:08:57Z",21,"Nørgaard","EVE","-0.0","-0.0","-0.0","-0.0",0,0,"0.0",48,49,303,0,0,"0.0","i",-1,-2,,"false"
"2026-09-29T10:08:57Z",209,"Johnson","EVE","-19.0","-19.0","-19.0","-19.0",-1,0,"0.1",59,381,677,9,238,"2.3","a",0,-1,,"false"
"2026-09-29T10:08:57Z",226,"Pickford","EVE","28.8","28.8","28.8","28.8",2,1,"9.1",55,27713,14758,25,450,"5.0","a",0,0,,"false"
"2026-09-29T10:08:57Z",227,"Travers","EVE","-32.6","-32.6","-32.6","-32.6",-2,0,"0.0",50,236,251,0,0,"0.0","a",0,0,,"false"
"2026-09-29T10:08:57Z",228,"King","EVE","-40.4","-40.4","-40.4","-40.4",-3,0,"0.0",45,111,164,0,0,"0.0","a",0,0,,"false"
"2026-09-29T10:08:57Z",229,"Tarkowski","EVE","98.1","98.7","99.6","100.6",4,65,"16.4",61,216933,19211,43,450,"8.3","a",0,1,,"false"
"2026-09-29T10:08:57Z",230,"Branthwaite","EVE","34.7","34.8","35.0","35.1",2,10,"2.4",55,18762,6577,27,450,"5.7","a",0,0,,"false"
"2026-09-29T10:08:57Z",231,"Keane","EVE","-37.6","-37.8","-38.2","-38.6",-2,-2,"0.7",48,370,3707,0,0,"0.0","a",0,-2,,"false"
"2026-09-29T10:08:57Z",232,"O'Brien","EVE","-3.4","-3.4","-3.4","-3.4",-1,0,"0.3",48,318,1087,2,16,"0.7","a",-1,-2,,"false"
"2026-09-29T10:08:57Z",233,"Mykolenko","EVE","1.3","1.3","1.3","1.3",1,2,"4.2",46,40427,17798,27,450,"5.7","a",1,1,,"false"
"2026-09-29T10:08:57Z",234,"Patterson","EVE","0.0","0.0","0.0","0.0",0,0,"0.0",45,0,115,0,0,"0.0","u",0,0,,"false"
"2026-09-29T10:08:57Z",235,"Aznou","EVE","0.0","0.0","0.0","0.0",0,0,"0.1",40,0,535,0,0,"0.0","u",0,0,,"false"
"2026-09-29T10:08:57Z",236,"Dewsbury-Hall","EVE","-15.1","-15.2","-15.3","-15.5",-1,-6,"6.0",66,33474,43086,20,450,"2.3","a",1,1,,"false"
"2026-09-29T10:08:57Z",238,"Grealish","EVE","8.4","8.4","8.3","8.3",1,-4,"0.5",65,3507,2861,6,135,"1.7","a",0,0,,"false"
"2026-09-29T10:08:57Z",239,"Garner","EVE","3.4","3.4","3.4","3.3",1,-2,"0.2",60,1643,1895,11,328,"3.0","a",0,0,,"false"
"2026-09-29T10:08:57Z",242,"George","EVE","29.6","29.5","29.5","29.4",2,-4,"0.9",55,2328,10450,19,309,"4.7","a",0,0,,"false"
"2026-09-29T10:08:57Z",243,"Alcaraz","EVE","-44.6","-44.6","-44.6","-44.6",-3,0,"0.1",49,157,392,1,5,"0.0","a",0,-1,,"false"
"2026-09-29T10:08:57Z",244,"Armstrong","EVE","9.2","9.2","9.1","9.1",1,-1,"0.4",50,788,3232,16,446,"2.0","a",0,0,,"false"
"2026-09-29T10:08:57Z",245,"Dibling","EVE","-88.1","-88.1","-88.1","-88.1",-3,0,"0.0",54,113,150,1,24,"0.3","a",0,-1,,"false"
"2026-09-29T10:08:57Z",246,"Röhl","EVE","-44.0","-44.0","-44.0","-44.0",-3,0,"0.0",49,7,572,6,249,"0.3","i",0,-1,,"false"
"2026-09-29T10:08:57Z",247,"Hackney","EVE","-4.8","-5.1","-5.7","-6.3",-1,-1,"0.2",54,187,1053,10,137,"2.0","a",-1,-1,,"false"
"2026-09-29T10:08:57Z",248,"Beto","EVE","0.0","0.0","0.0","0.0",0,-5,"0.6",54,0,7021,2,31,"0.0","u",0,-1,,"false"
"2026-09-29T10:08:57Z",249,"Barry","EVE","0.1","0.2","0.5","0.7",1,39,"8.3",57,81470,37115,20,417,"3.3","a",1,2,,"false"
"2026-09-29T10:08:57Z",649,"Maitland-Niles","EVE","16.9","17.0","17.2","17.3",1,10,"1.4",45,18885,4380,21,177,"7.0","a",0,0,,"false"
"2026-09-29T10:08:57Z",654,"Graham","EVE","-32.4","-32.4","-32.4","-32.4",-2,0,"0.1",45,226,977,0,0,"0.0","a",0,0,,"false"
"2026-09-29T10:08:57Z",250,"Leno","FUL","8.4","8.5","8.6","8.8",1,9,"3.4",45,37024,10541,18,450,"4.0","a",0,0,,"false"
"2026-09-29T10:08:57Z",251,"Lecomte","FUL","-23.4","-23.4","-23.4","-23.4",-2,0,"1.1",40,2353,2388,0,0,"0.0","a",0,0,,"false"
"2026-09-29T10:08:57Z",252,"McNally","FUL","0.0","0.0","0.0","0.0",0,0,"0.1",40,0,583,0,0,"0.0","u",0,0,,"false"
"2026-09-29T10:08:57Z",253,"Andersen","FUL","0.7","0.7","0.7","0.7",1,-1,"0.2",50,2594,1050,3,190,"0.8","a",0,0,,"false"
"2026-09-29T10:08:57Z",254,"Robinson","FUL","-19.0","-18.8","-18.2","-17.7",-1,5,"1.5",45,15101,6271,12,429,"2.8","a",0,0,,"false"
"2026-09-29T10:08:57Z",255,"J.Cuenca","FUL","-70.5","-70.5","-70.5","-70.5",-3,0,"0.0",45,63,102,3,90,"0.0","a",0,0,,"false"
"2026-09-29T10:08:57Z",256,"Tete","FUL","-0.2","0.0","0.0","0.0",0,1,"0.2",44,53,1020,0,27,"0.0","a",0,-1,,"false"
"2026-09-29T10:08:57Z",257,"Bassey","FUL","-0.7","0.0","0.1","0.2",0,6,"0.7",45,5012,1689,15,450,"3.8","a",0,0,,"false"
"2026-09-29T10:08:57Z",258,"Castagne","FUL","13.8","13.8","13.9","13.9",1,4,"0.9",45,13968,4607,20,408,"3.5","a",0,0,,"false"
"2026-09-29T10:08:57Z",261,"Iwobi","FUL","-58.4","-58.4","-58.4","-58.4",-3,0,"0.7",54,3219,3074,14,408,"3.0","a",0,-1,,"false"
"2026-09-29T10:08:57Z",262,"Smith Rowe","FUL","-0.7","-0.4","0.0","0.0",-1,1,"0.2",53,288,1292,3,38,"0.8","a",-1,-2,,"false"
"2026-09-29T10:08:57Z",263,"Kevin","FUL","-12.1","-12.1","-12.1","-12.1",-1,0,"0.0",53,189,269,4,61,"0.8","a",0,-2,,"false"
"2026-09-29T10:08:57Z",264,"Bobb","FUL","-48.8","-47.6","-45.5","-43.5",-3,4,"0.3",55,2163,1725,13,343,"2.8","a",0,0,,"false"
"2026-09-29T10:08:57Z",265,"Berge","FUL","-33.0","-32.3","-31.0","-29.8",-2,2,"0.3",49,589,1237,11,349,"2.2","a",0,-1,,"false"
"2026-09-29T10:08:57Z",266,"Cairney","FUL","-14.9","-14.9","-14.9","-14.9",-1,0,"0.0",49,8,20,0,0,"0.0","i",0,-1,,"false"
"2026-09-29T10:08:57Z",268,"King","FUL","85.3","85.6","86.2","86.8",3,39,"2.6",55,82462,17140,24,425,"4.2","a",0,0,,"false"
"2026-09-29T10:08:57Z",269,"Sessegnon","FUL","-1.5","-1.8","-2.1","-2.5",-1,-1,"0.3",43,284,1261,3,50,"0.5","a",-1,-2,,"false"
"2026-09-29T10:08:57Z",270,"Reed","FUL","-10.7","-10.7","-10.7","-10.7",-1,0,"1.1",44,2727,6604,0,0,"0.0","a",0,-1,,"false"
"2026-09-29T10:08:57Z",271,"Muniz","FUL","-49.7","-49.7","-49.7","-49.7",-3,0,"0.4",54,1629,2578,3,38,"0.5","a",0,-1,,"false"
"2026-09-29T10:08:57Z",272,"Kusi-Asare","FUL","-62.1","-62.2","-62.3","-62.5",-3,-6,"5.4",45,10437,32204,0,0,"0.0","a",0,0,,"false"
"2026-09-29T10:08:57Z",569,"Gonzalo","FUL","55.8","56.0","56.4","56.8",3,25,"3.9",60,63317,31019,14,425,"2.0","a",0,0,,"false"
"2026-09-29T10:08:57Z",570,"Palacios","FUL","-6.7","-6.7","-6.7","-6.7",-1,0,"0.2",54,684,914,12,226,"2.5","a",0,-1,,"false"
"2026-09-29T10:08:57Z",580,"Charles","FUL","-80.8","-80.8","-80.8","-80.8",-3,0,"0.1",50,560,404,13,303,"3.0","a",0,0,,"false"
"2026-09-29T10:08:57Z",610,"De Fougerolles","FUL","0.0","0.0","0.0","0.0",0,0,"0.1",40,0,487,0,0,"0.0","u",0,0,,"false"
"2026-09-29T10:08:57Z",626,"Zepa","FUL","0.1","0.1","0.0","0.0",1,-1,"0.3",44,422,2174,0,0,"0.0","a",-1,-1,,"false"
"2026-09-29T10:08:57Z",635,"Larsson","FUL","0.0","0.0","0.0","0.0",0,0,"0.0",50,89,70,3,37,"1.0","a",0,0,,"false"
"2026-09-29T10:08:57Z",636,"Ángel","FUL","0.0","0.0","0.0","0.0",0,0,"0.0",50,31,26,0,0,"0.0","a",0,0,,"false"
"2026-09-29T10:08:57Z",650,"Affengruber","FUL","1.1","1.1","1.2","1.2",1,4,"0.1",45,4860,1080,12,180,"4.0","a",0,0,,"false"
"2026-09-29T10:08:57Z",240,"Iroegbunam","HUL","0.1","0.1","0.1","0.1",1,0,"0.0",50,74,134,2,70,"0.3","a",0,0,,"false"
"2026-09-29T10:08:57Z",273,"Phillips","HUL","-27.4","-27.5","-27.7","-27.9",-2,-2,"1.4",40,2881,3337,0,0,"0.0","a",0,0,,"false"
"2026-09-29T10:08:57Z",274,"Butland","HUL","-0.6","-0.6","-0.6","-0.6",-1,0,"0.1",44,65,313,0,0,"0.0","i",-1,-1,,"false"
"2026-09-29T10:08:57Z",275,"Cartwright","HUL","0.0","0.0","0.0","0.0",0,0,"0.0",40,0,24,0,0,"0.0","u",0,0,,"false"
"2026-09-29T10:08:57Z",276,"Lo-Tutala","HUL","0.0","0.0","0.0","0.0",0,0,"0.0",40,0,110,0,0,"0.0","u",0,0,,"false"
"2026-09-29T10:08:57Z",277,"Egan","HUL","25.8","25.7","25.6","25.5",2,-8,"7.0",41,26280,28273,26,437,"3.0","a",0,1,,"false"
"2026-09-29T10:08:57Z",278,"Hughes","HUL","0.5","0.5","0.5","0.5",1,0,"0.2",39,1067,1867,0,0,"0.0","i",0,-1,,"false"
"2026-09-29T10:08:57Z",279,"Ajayi","HUL","68.5","68.3","68.0","67.7",3,-21,"14.0",42,42267,57095,27,423,"2.3","a",0,2,,"false"
"2026-09-29T10:08:57Z",280,"Coyle","HUL","0.2","0.2","0.2","0.2",1,0,"0.7",40,1997,1968,14,348,"2.7","a",0,0,,"false"
"2026-09-29T10:08:57Z",281,"Drameh","HUL","0.0","0.0","0.0","0.0",0,-3,"0.0",40,0,245,2,65,"0.0","u",0,0,,"false"
"2026-09-29T10:08:57Z",282,"Giles","HUL","68.8","68.8","68.8","68.8",3,2,"2.9",40,20746,13310,24,444,"4.0","a",0,0,,"false"
"2026-09-29T10:08:57Z",283,"Jacob","HUL","0.0","0.0","0.0","0.0",0,0,"0.0",40,0,34,0,0,"0.0","u",0,0,,"false"
"2026-09-29T10:08:57Z",284,"McCarthy","HUL","0.4","0.4","0.4","0.4",1,0,"0.1",40,382,418,0,0,"0.0","a",0,0,,"false"
"2026-09-29T10:08:57Z",285,"McNair","HUL","-41.3","-41.3","-41.3","-41.3",-3,0,"0.1",40,186,400,1,26,"0.0","a",0,0,,"false"
"2026-09-29T10:08:57Z",286,"Belloumi","HUL","35.6","35.8","36.2","36.6",2,28,"5.1",51,73455,23727,31,394,"7.3","a",0,1,,"false"
"2026-09-29T10:08:57Z",287,"Millar","HUL","0.0","0.0","0.0","0.0",0,0,"0.0",50,0,288,6,50,"0.0","u",0,0,,"false"
"2026-09-29T10:08:57Z",288,"Dowell","HUL","-92.9","-92.9","-92.9","-92.9",-3,0,"0.3",45,568,1929,0,0,"0.0","a",0,0,,"false"
"2026-09-29T10:08:57Z",289,"Crooks","HUL","0.7","0.7","0.7","0.7",1,1,"0.5",44,4896,4040,3,203,"0.3","a",-1,-1,,"false"
"2026-09-29T10:08:57Z",290,"Slater","HUL","73.7","73.6","73.5","73.4",3,-8,"5.2",45,15201,36052,15,437,"2.3","a",0,0,,"false"
"2026-09-29T10:08:57Z",291,"Matazo","HUL","-13.6","-13.6","-13.6","-13.6",-1,0,"0.0",45,29,51,0,0,"0.0","i",0,0,,"false"
"2026-09-29T10:08:57Z",292,"Ömür","HUL","-9.8","-9.8","-9.8","-9.8",-1,0,"0.0",49,84,145,0,0,"0.0","a",0,-1,,"false"
"2026-09-29T10:08:57Z",293,"Kamara","HUL","0.0","0.0","0.0","0.0",0,0,"0.0",50,0,12,0,0,"0.0","u",0,0,,"false"
"2026-09-29T10:08:57Z",294,"Zambrano","HUL","-21.9","-21.9","-21.9","-21.9",-2,0,"0.1",45,142,480,0,0,"0.0","a",0,0,,"false"
"2026-09-29T10:08:57Z",295,"McBurnie","HUL","27.2","27.2","27.3","27.3",2,3,"1.9",55,7545,17421,13,441,"2.3","a",0,0,,"false"
"2026-09-29T10:08:57Z",296,"Akintola","HUL","0.0","0.0","0.0","0.0",0,0,"0.0",50,0,257,0,0,"0.0","u",0,0,,"false"
"2026-09-29T10:08:57Z",297,"Gyabi","HUL","-0.3","-0.3","-0.3","-0.3",-1,0,"0.0",44,55,135,0,0,"0.0","i",-1,-1,,"false"
"2026-09-29T10:08:57Z",298,"Destan","HUL","0.0","0.0","0.0","0.0",0,0,"0.2",45,0,1253,0,0,"0.0","u",0,0,,"false"
"2026-09-29T10:08:57Z",299,"Burstow","HUL","0.0","0.0","0.0","0.0",0,0,"0.0",45,0,211,0,0,"0.0","u",0,0,,"false"
"2026-09-29T10:08:57Z",340,"Gelhardt","HUL","0.0","0.0","0.0","0.0",0,0,"0.0",50,92,105,1,7,"0.3","a",0,0,,"false"
"2026-09-29T10:08:57Z",556,"Targett","HUL","-72.3","-72.3","-72.3","-72.3",-3,0,"1.6",40,108,9534,1,5,"0.0","d",0,0,,"false"
"2026-09-29T10:08:57Z",563,"Morita","HUL","0.0","0.0","0.0","0.0",0,0,"0.0",49,24,167,1,45,"0.0","i",-1,-1,,"false"
"2026-09-29T10:08:57Z",572,"Tzolakis","HUL","0.6","0.6","0.7","0.8",1,16,"12.8",47,122238,20619,34,450,"4.7","a",1,2,,"false"
"2026-09-29T10:08:57Z",574,"Hjertø-Dahl","HUL","-73.2","-73.2","-73.2","-73.2",-3,0,"0.1",49,74,319,1,8,"0.3","a",0,-1,,"false"
"2026-09-29T10:08:57Z",576,"Stroud","HUL","-51.1","-51.1","-51.1","-51.1",-3,0,"0.1",50,141,449,7,249,"1.3","a",0,0,,"false"
"2026-09-29T10:08:57Z",585,"Herrington","HUL","-26.7","-26.7","-26.7","-26.7",-2,0,"0.6",40,1006,1620,5,197,"1.0","a",0,0,,"false"
"2026-09-29T10:08:57Z",586,"Mendy","HUL","-0.4","-0.4","-0.5","-0.5",-1,-2,"6.3",41,6687,32893,25,249,"3.0","a",0,1,,"false"
"2026-09-29T10:08:57Z",589,"Gourna-Douath","HUL","-77.6","-77.6","-77.6","-77.6",-3,0,"0.0",50,32,106,4,138,"1.0","a",0,0,,"false"
"2026-09-29T10:08:57Z",617,"Cho","HUL","0.2","0.2","0.2","0.2",1,0,"0.0",50,341,144,9,72,"2.7","a",0,0,,"false"
"2026-09-29T10:08:57Z",632,"Ansah","HUL","-62.7","-62.7","-62.7","-62.7",-3,0,"0.0",50,68,402,0,0,"0.0","i",0,0,,"false"
"2026-09-29T10:08:57Z",637,"Vaz","HUL","1.2","1.2","1.2","1.2",1,0,"0.1",50,1766,1119,2,20,"0.7","a",0,0,,"false"
"2026-09-29T10:08:57Z",638,"Norton-Cuffy","HUL","-24.3","-24.7","-25.5","-26.3",-2,-2,"0.2",40,448,2488,1,34,"0.3","d",0,0,,"false"
"2026-09-29T10:08:57Z",642,"Thomas","HUL","0.2","0.2","0.2","0.2",1,0,"0.0",55,448,340,4,119,"1.3","a",0,0,,"false"
"2026-09-29T10:08:57Z",645,"Mouzakitis","HUL","0.0","0.0","0.0","0.0",0,0,"0.0",50,86,87,0,0,"0.0","a",0,0,,"false"
"2026-09-29T10:08:57Z",259,"Diop","IPS","-51.9","-51.9","-51.9","-51.9",-3,-1,"12.7",40,6822,53532,12,450,"2.5","a",0,0,,"false"
"2026-09-29T10:08:57Z",267,"Lukić","IPS","-4.8","-4.8","-4.8","-4.8",-1,0,"0.1",49,187,495,11,400,"1.5","a",-1,-1,,"false"
"2026-09-29T10:08:57Z",300,"Walton","IPS","-7.4","-7.4","-7.4","-7.4",-1,0,"0.4",44,1599,992,2,90,"0.5","a",0,-1,,"false"
"2026-09-29T10:08:57Z",301,"Palmer","IPS","-25.0","-25.1","-25.3","-25.4",-2,-4,"3.9",40,3826,11490,0,0,"0.0","a",0,0,,"false"
"2026-09-29T10:08:57Z",302,"Button","IPS","1.1","1.1","1.1","1.1",1,0,"0.6",40,1393,1272,0,0,"0.0","a",0,0,,"false"
"2026-09-29T10:08:57Z",303,"Kipré","IPS","3.1","3.1","3.1","3.1",1,0,"0.9",39,4336,4228,0,0,"0.0","a",0,-1,,"false"
"2026-09-29T10:08:57Z",304,"O'Shea","IPS","-39.2","-39.2","-39.1","-39.1",-2,1,"2.7",40,1882,14167,10,450,"1.5","a",0,0,,"false"
"2026-09-29T10:08:57Z",305,"Davis","IPS","71.0","71.1","71.3","71.4",3,12,"6.9",40,48446,26319,25,450,"5.8","a",0,0,,"false"
"2026-09-29T10:08:57Z",306,"Greaves","IPS","-88.6","-88.7","-88.9","-89.0",-3,-1,"1.1",40,455,3334,3,357,"0.2","a",0,0,,"false"
"2026-09-29T10:08:57Z",307,"Johnson","IPS","0.0","0.0","0.0","0.0",0,0,"0.1",40,0,347,0,0,"0.0","u",0,0,,"false"
"2026-09-29T10:08:57Z",308,"Furlong","IPS","2.0","2.0","2.0","2.0",1,0,"0.6",39,6241,2767,1,17,"0.2","a",0,-1,,"false"
"2026-09-29T10:08:57Z",309,"Núñez","IPS","-33.6","-33.6","-33.6","-33.6",-2,0,"0.1",49,94,610,6,140,"0.5","a",0,-1,,"false"
"2026-09-29T10:08:57Z",310,"Matusiwa","IPS","0.0","0.0","0.0","0.0",0,0,"0.0",49,15,18,0,0,"0.0","a",0,-1,,"false"
"2026-09-29T10:08:57Z",311,"Burns","IPS","0.0","0.0","0.0","0.0",0,0,"0.0",50,0,8,0,0,"0.0","u",0,0,,"false"
"2026-09-29T10:08:57Z",312,"Taylor","IPS","0.1","0.1","0.1","0.1",1,0,"0.0",44,370,257,0,0,"0.0","i",-1,-1,,"false"
"2026-09-29T10:08:57Z",313,"Clarke","IPS","-82.9","-82.9","-82.9","-82.9",-3,0,"0.2",54,138,895,11,170,"1.0","a",0,-1,,"false"
"2026-09-29T10:08:57Z",314,"Ogbene","IPS","0.0","0.0","0.0","0.0",0,0,"0.0",49,0,65,0,0,"0.0","u",0,-1,,"false"
"2026-09-29T10:08:57Z",315,"Fatawu","IPS","-32.0","-32.3","-32.9","-33.5",-2,-2,"0.2",54,52,2412,8,352,"1.5","s",0,-1,,"false"
"2026-09-29T10:08:57Z",316,"Emersonn","IPS","82.0","82.1","82.3","82.5",3,14,"3.5",55,32547,22352,26,317,"4.2","a",0,0,,"false"
"2026-09-29T10:08:57Z",317,"Hirst","IPS","0.0","0.0","0.0","0.0",0,-1,"0.1",50,0,456,0,0,"0.0","u",0,0,,"false"
"2026-09-29T10:08:57Z",318,"Philogene","IPS","-7.7","-7.7","-7.7","-7.7",-1,0,"0.1",54,32,151,2,52,"0.5","a",0,-1,,"false"
"2026-09-29T10:08:57Z",319,"Szmodics","IPS","0.0","0.0","0.0","0.0",0,0,"0.0",50,0,13,0,0,"0.0","u",0,0,,"false"
"2026-09-29T10:08:57Z",320,"Akpom","IPS","23.7","23.6","23.6","23.5",2,-4,"1.2",50,4872,9340,7,78,"1.5","a",0,0,,"false"
"2026-09-29T10:08:57Z",321,"Walle Egeli","IPS","38.2","38.2","38.2","38.2",2,-2,"3.5",45,17322,25829,1,10,"0.0","a",0,0,,"false"
"2026-09-29T10:08:57Z",322,"Al-Hamadi","IPS","0.0","0.0","0.0","0.0",0,0,"0.0",50,0,360,0,0,"0.0","u",0,0,,"false"
"2026-09-29T10:08:57Z",323,"McAteer","IPS","-0.7","-0.7","-0.7","-0.7",-1,0,"1.0",44,1392,6194,3,42,"0.5","a",-1,-1,,"false"
"2026-09-29T10:08:57Z",324,"Mehmeti","IPS","-1.9","-1.9","-1.9","-1.9",-1,0,"0.0",48,69,132,0,0,"0.0","a",-1,-2,,"false"
"2026-09-29T10:08:57Z",554,"Van Oevelen","IPS","0.0","0.0","0.0","0.0",0,0,"0.0",45,0,79,0,0,"0.0","u",0,0,,"false"
"2026-09-29T10:08:57Z",562,"Maeda","IPS","-9.5","-9.5","-9.5","-9.5",-1,0,"0.2",53,128,1410,8,259,"1.5","a",-1,-2,,"false"
"2026-09-29T10:08:57Z",564,"Scherpen","IPS","-30.8","-30.8","-30.8","-30.8",-2,0,"0.6",45,590,2716,7,360,"1.2","a",0,0,,"false"
"2026-09-29T10:08:57Z",571,"Florentino","IPS","-2.3","-2.3","-2.3","-2.3",-1,0,"0.1",48,107,322,2,30,"0.5","a",-1,-2,,"false"
"2026-09-29T10:08:57Z",591,"Enciso","IPS","8.4","8.4","8.4","8.4",1,0,"0.8",55,2094,5926,15,413,"2.5","a",0,0,,"false"
"2026-09-29T10:08:57Z",592,"Ouattara","IPS","-31.1","-31.1","-31.1","-31.1",-2,0,"0.9",40,653,1995,6,131,"1.2","a",0,0,,"false"
"2026-09-29T10:08:57Z",602,"Humphreys","IPS","0.0","0.0","0.0","0.0",0,0,"0.0",45,0,233,0,0,"0.0","u",0,0,,"false"
"2026-09-29T10:08:57Z",619,"Palacios","IPS","1.0","1.0","1.0","1.0",1,0,"0.1",50,481,807,11,275,"2.8","a",0,0,,"false"
"2026-09-29T10:08:57Z",640,"Flemming","IPS","0.5","0.5","0.5","0.5",1,0,"0.1",55,865,959,6,60,"2.0","a",0,0,,"false"
"2026-09-29T10:08:57Z",260,"Wilson","LEE","-58.2","-58.6","-59.3","-60.0",-3,-22,"1.7",62,71,39165,5,145,"0.5","i",0,-3,,"false"
"2026-09-29T10:08:57Z",326,"Perri","LEE","0.0","0.0","0.0","0.0",0,0,"0.3",45,0,1224,0,0,"0.0","u",0,0,,"false"
"2026-09-29T10:08:57Z",327,"Bijol","LEE","4.9","4.9","4.9","4.9",1,-1,"0.7",50,775,5360,12,164,"0.5","a",0,0,,"false"
"2026-09-29T10:08:57Z",329,"Rodon","LEE","-6.1","-6.1","-6.1","-6.2",-1,-1,"0.8",43,43,8536,7,123,"0.2","i",-1,-2,,"false"
"2026-09-29T10:08:57Z",330,"Bogle","LEE","54.6","54.9","55.5","56.0",3,38,"7.1",46,119708,24257,42,365,"9.0","a",0,1,,"false"
"2026-09-29T10:08:57Z",331,"Gudmundsson","LEE","0.9","0.9","0.9","0.9",1,0,"0.1",45,497,313,14,252,"3.5","a",0,0,,"false"
"2026-09-29T10:08:57Z",332,"Justin","LEE","17.7","17.7","17.7","17.7",1,0,"1.5",45,3990,5581,26,450,"4.0","a",0,0,,"false"
"2026-09-29T10:08:57Z",333,"Bornauw","LEE","0.0","0.0","0.0","0.0",0,0,"0.0",45,0,5,0,0,"0.0","u",0,0,,"false"
"2026-09-29T10:08:57Z",334,"Muharemović","LEE","37.6","37.6","37.7","37.7",2,2,"4.3",50,26331,22237,27,450,"5.2","a",0,0,,"false"
"2026-09-29T10:08:57Z",335,"Stach","LEE","15.7","15.7","15.5","15.4",1,-10,"2.5",60,4586,18901,27,447,"3.5","a",0,0,,"false"
"2026-09-29T10:08:57Z",336,"Okafor","LEE","1.4","1.4","1.4","1.4",1,-1,"0.4",58,1677,3241,18,299,"4.2","a",0,-2,,"false"
"2026-09-29T10:08:57Z",337,"Aaronson","LEE","-7.1","-7.3","-7.7","-8.1",-1,-2,"0.5",53,207,3258,7,194,"1.0","a",-1,-2,,"false"
"2026-09-29T10:08:57Z",338,"Ampadu","LEE","-27.3","-27.3","-27.3","-27.3",-2,0,"0.9",54,1535,4725,21,450,"4.0","a",0,-1,,"false"
"2026-09-29T10:08:57Z",339,"Longstaff","LEE","-94.1","-94.1","-94.1","-94.1",-3,0,"0.1",49,122,604,2,10,"0.2","a",0,-1,,"false"
"2026-09-29T10:08:57Z",341,"Gnonto","LEE","0.0","0.0","0.0","0.0",0,0,"0.0",50,0,51,0,0,"0.0","u",0,0,,"false"
"2026-09-29T10:08:57Z",342,"Harrison","LEE","0.0","0.0","0.0","0.0",0,0,"0.0",50,0,5,0,0,"0.0","u",0,0,,"false"
"2026-09-29T10:08:57Z",343,"James","LEE","-26.7","-26.7","-26.7","-26.7",-2,0,"0.1",49,179,536,3,52,"0.8","a",0,-1,,"false"
"2026-09-29T10:08:57Z",344,"Gruev","LEE","0.0","0.0","0.0","0.0",0,0,"0.0",50,45,18,0,0,"0.0","a",0,0,,"false"
"2026-09-29T10:08:57Z",345,"Tanaka","LEE","4.7","4.7","4.7","4.6",1,-1,"0.3",49,2108,2179,14,255,"3.5","a",0,-1,,"false"
"2026-09-29T10:08:57Z",346,"Calvert-Lewin","LEE","66.5","66.7","67.0","67.3",3,20,"24.8",60,89748,163861,22,419,"5.2","a",0,0,,"false"
"2026-09-29T10:08:57Z",347,"Nmecha","LEE","-25.6","-25.2","-24.5","-23.9",-2,2,"0.5",54,1917,3601,7,64,"1.8","a",0,-1,,"false"
"2026-09-29T10:08:57Z",348,"Piroe","LEE","0.0","0.0","0.0","0.0",0,-1,"0.1",50,0,411,0,0,"0.0","u",0,0,,"false"
"2026-09-29T10:08:57Z",349,"Mateo Joseph","LEE","-40.0","-40.0","-40.0","-40.0",-3,0,"0.1",45,302,461,0,0,"0.0","i",0,0,,"false"
"2026-09-29T10:08:57Z",385,"Trafford","LEE","32.7","32.8","32.9","33.0",2,7,"5.5",50,21132,14182,28,450,"4.8","a",0,0,,"false"
"2026-09-29T10:08:57Z",598,"Elvedi","LEE","0.6","0.6","0.6","0.6",1,0,"0.1",45,217,219,13,326,"3.2","a",0,0,,"false"
"2026-09-29T10:08:57Z",603,"Lienou","LEE","0.1","0.1","0.1","0.1",1,0,"0.1",40,229,502,0,0,"0.0","a",0,0,,"false"
"2026-09-29T10:08:57Z",604,"Cresswell","LEE","-11.1","-11.1","-11.1","-11.1",-1,0,"0.1",45,295,867,0,0,"0.0","a",0,0,,"false"
"2026-09-29T10:08:57Z",625,"Cairns","LEE","0.4","0.4","0.4","0.4",1,0,"0.2",40,813,753,0,0,"0.0","a",0,0,,"false"
"2026-09-29T10:08:57Z",629,"Zetterer","LEE","2.2","2.2","2.2","2.2",1,0,"0.7",40,2939,2686,0,0,"0.0","a",0,0,,"false"
"2026-09-29T10:08:57Z",641,"Bard","LEE","0.0","0.0","0.0","0.0",0,0,"0.0",45,94,76,1,18,"0.3","a",0,0,,"false"
"2026-09-29T10:08:57Z",648,"Bahoya","LEE","-50.6","-50.6","-50.6","-50.6",-3,0,"0.0",50,103,169,1,1,"0.3","a",0,0,,"false"
"2026-09-29T10:08:57Z",350,"A.Becker","LIV","1.5","1.6","1.7","1.9",1,12,"4.1",55,12284,11211,27,450,"8.3","a",0,0,,"false"
"2026-09-29T10:08:57Z",351,"Mamardashvili","LIV","-94.5","-94.5","-94.5","-94.5",-3,0,"0.1",49,242,593,0,0,"0.0","a",0,-1,,"false"
"2026-09-29T10:08:57Z",352,"Woodman","LIV","-30.7","-30.7","-30.7","-30.7",-2,0,"1.0",40,759,2284,0,0,"0.0","a",0,0,,"false"
"2026-09-29T10:08:57Z",353,"Pecsi","LIV","0.0","0.0","0.0","0.0",0,0,"0.0",40,0,57,0,0,"0.0","u",0,0,,"false"
"2026-09-29T10:08:57Z",354,"Jaros","LIV","0.0","0.0","0.0","0.0",0,0,"0.0",40,198,151,0,0,"0.0","i",0,0,,"false"
"2026-09-29T10:08:57Z",355,"Davies","LIV","0.1","0.1","0.1","0.1",1,0,"0.2",40,279,454,0,0,"0.0","a",0,0,,"false"
"2026-09-29T10:08:57Z",356,"Virgil","LIV","-58.4","-58.3","-58.3","-58.2",-3,6,"16.2",65,20187,42134,25,450,"7.3","a",0,0,,"false"
"2026-09-29T10:08:57Z",357,"Frimpong","LIV","-35.9","-35.9","-35.8","-35.7",-2,1,"1.8",53,1545,12320,2,178,"0.3","a",0,-2,,"false"
"2026-09-29T10:08:57Z",358,"Kerkez","LIV","-100.0","-100.3","-100.9","-101.5",-5,-9,"2.2",54,2520,9923,13,385,"4.0","a",0,-1,,"false"
"2026-09-29T10:08:57Z",359,"Gomez","LIV","0.0","0.0","0.0","0.0",0,0,"0.0",49,305,109,0,0,"0.0","a",0,-1,,"false"
"2026-09-29T10:08:57Z",360,"Bradley","LIV","-84.8","-84.8","-84.8","-84.8",-3,0,"0.0",50,50,76,0,0,"0.0","i",0,0,,"false"
"2026-09-29T10:08:57Z",361,"Lucky","LIV","-51.8","-51.8","-51.8","-51.8",-3,0,"0.1",40,277,547,0,0,"0.0","a",0,0,,"false"
"2026-09-29T10:08:57Z",362,"Jacquet","LIV","54.2","54.3","54.6","54.8",3,15,"3.5",50,32146,12704,24,415,"6.7","a",0,0,,"false"
"2026-09-29T10:08:57Z",363,"Leoni","LIV","-58.9","-58.9","-58.9","-58.9",-3,0,"0.0",40,62,171,0,0,"0.0","i",0,0,,"false"
"2026-09-29T10:08:57Z",364,"Tsimikas","LIV","-53.7","-53.7","-53.7","-53.7",-3,0,"0.1",49,87,385,2,64,"0.3","a",0,-1,,"false"
"2026-09-29T10:08:57Z",365,"Ramsay","LIV","0.0","0.0","0.0","0.0",0,0,"0.1",40,0,455,0,0,"0.0","u",0,0,,"false"
"2026-09-29T10:08:57Z",366,"Wirtz","LIV","-35.9","-36.0","-36.2","-36.4",-2,-8,"5.7",73,3056,40829,18,402,"4.0","a",0,-2,,"false"
"2026-09-29T10:08:57Z",367,"Gakpo","LIV","2.2","1.2","-0.3","-1.3",1,-122,"12.5",72,50634,83257,32,370,"5.0","d",0,2,,"false"
"2026-09-29T10:08:57Z",368,"Szoboszlai","LIV","-94.3","-94.5","-94.7","-94.9",-3,-46,"32.8",70,34258,204932,20,440,"2.7","a",0,0,,"false"
"2026-09-29T10:08:57Z",369,"Ngumoha","LIV","-22.2","-22.2","-22.2","-22.2",-2,0,"0.5",57,726,4126,4,99,"0.3","a",-1,-3,,"false"
"2026-09-29T10:08:57Z",370,"Chiesa","LIV","-5.6","-5.6","-5.6","-5.6",-1,0,"0.0",53,16,240,0,0,"0.0","i",-1,-2,,"false"
"2026-09-29T10:08:57Z",371,"Gravenberch","LIV","-21.3","-21.4","-21.6","-21.8",-2,-2,"1.1",58,1166,8817,9,190,"1.0","a",-1,-2,,"false"
"2026-09-29T10:08:57Z",372,"Mac Allister","LIV","-41.8","-41.7","-41.5","-41.2",-3,2,"1.3",54,3699,6664,11,306,"2.7","a",0,-1,,"false"
"2026-09-29T10:08:57Z",373,"C.Jones","LIV","0.0","0.0","0.0","0.0",0,0,"0.0",55,0,56,0,0,"0.0","u",0,0,,"false"
"2026-09-29T10:08:57Z",374,"Endo","LIV","-59.9","-59.9","-59.9","-59.9",-3,0,"0.1",49,158,426,0,0,"0.0","a",0,-1,,"false"
"2026-09-29T10:08:57Z",375,"Nyoni","LIV","-84.7","-84.7","-84.7","-84.7",-3,0,"0.0",49,86,306,3,38,"0.7","a",0,-1,,"false"
"2026-09-29T10:08:57Z",376,"Bajcetic","LIV","0.0","0.0","0.0","0.0",0,0,"0.0",50,0,2,0,0,"0.0","u",0,0,,"false"
"2026-09-29T10:08:57Z",377,"Munoz","LIV","6.3","6.3","6.3","6.2",1,-4,"0.9",65,1372,11173,15,257,"1.7","a",0,0,,"false"
"2026-09-29T10:08:57Z",378,"McConnell","LIV","-3.1","-3.1","-3.1","-3.1",-1,0,"0.2",44,1034,1448,0,0,"0.0","a",0,-1,,"false"
"2026-09-29T10:08:57Z",379,"Isak","LIV","9.8","9.1","7.7","6.4",1,-92,"22.4",91,113332,75463,33,413,"7.7","d",0,1,,"false"
"2026-09-29T10:08:57Z",380,"Ekitiké","LIV","-26.7","-27.4","-28.6","-29.8",-2,-2,"0.1",74,354,798,0,0,"0.0","i",0,-1,,"false"
"2026-09-29T10:08:57Z",381,"Koumas","LIV","-91.8","-91.8","-91.8","-91.8",-3,0,"0.0",50,148,184,3,22,"0.7","a",0,0,,"false"
"2026-09-29T10:08:57Z",382,"Danns","LIV","3.5","3.5","3.5","3.5",1,0,"0.2",45,3357,2304,0,0,"0.0","a",0,0,,"false"
"2026-09-29T10:08:57Z",383,"Elliott","LIV","0.0","0.0","0.0","0.0",0,-1,"0.0",54,0,219,0,0,"0.0","u",0,-1,,"false"
"2026-09-29T10:08:57Z",579,"Araujo","LIV","33.1","33.1","33.3","33.4",2,8,"3.0",54,16057,10073,22,284,"7.0","a",0,-1,,"false"
"2026-09-29T10:08:57Z",627,"Barcola","LIV","-66.6","-66.4","-66.1","-65.8",-3,4,"1.9",80,9854,18234,7,168,"2.3","a",0,0,,"false"
"2026-09-29T10:08:57Z",155,"Enzo","MCI","1.2","1.3","1.4","1.6",1,12,"3.6",69,29766,13794,13,271,"3.0","a",0,-1,,"false"
"2026-09-29T10:08:57Z",237,"Ndiaye","MCI","-19.0","-19.1","-19.3","-19.4",-1,-12,"6.7",58,6725,66710,22,385,"3.0","a",-1,-2,,"false"
"2026-09-29T10:08:57Z",384,"Donnarumma","MCI","-50.0","-50.1","-50.3","-50.6",-3,-12,"7.6",55,10340,29301,19,450,"5.3","a",0,0,,"false"
"2026-09-29T10:08:57Z",386,"Bettinelli","MCI","-84.9","-84.9","-84.9","-84.9",-3,0,"0.0",45,51,86,0,0,"0.0","a",0,0,,"false"
"2026-09-29T10:08:57Z",387,"O'Reilly","MCI","-3.4","-3.6","-3.9","-4.2",-1,-36,"10.9",63,5092,68441,6,163,"0.7","a",-1,-2,,"false"
"2026-09-29T10:08:57Z",388,"Guéhi","MCI","63.8","63.6","63.3","62.9",3,-24,"18.2",60,22786,48952,30,450,"6.0","a",0,0,,"false"
"2026-09-29T10:08:57Z",389,"Matheus N.","MCI","-32.7","-32.6","-32.3","-32.1",-2,2,"1.0",59,1588,2810,11,213,"3.3","a",0,-1,,"false"
"2026-09-29T10:08:57Z",390,"Rúben","MCI","3.8","3.8","3.8","3.8",1,2,"1.9",55,4485,8807,17,450,"4.3","a",0,0,,"false"
"2026-09-29T10:08:57Z",391,"Gvardiol","MCI","77.2","77.3","77.3","77.4",3,4,"26.8",57,142385,51186,37,434,"7.7","a",0,2,,"false"
"2026-09-29T10:08:57Z",392,"Aït-Nouri","MCI","-95.5","-95.5","-95.5","-95.5",-4,0,"0.4",53,502,2105,0,0,"0.0","a",0,-2,,"false"
"2026-09-29T10:08:57Z",393,"Khusanov","MCI","-33.3","-33.3","-33.3","-33.3",-2,0,"1.4",54,1353,8745,9,268,"1.7","a",0,-1,,"false"
"2026-09-29T10:08:57Z",394,"Alleyne","MCI","0.0","0.0","0.0","0.0",0,0,"0.0",50,0,19,0,0,"0.0","u",0,0,,"false"
"2026-09-29T10:08:57Z",395,"Lewis","MCI","-63.3","-63.3","-63.3","-63.3",-3,0,"0.2",44,292,1163,1,56,"0.0","a",0,-1,,"false"
"2026-09-29T10:08:57Z",396,"Vitor Reis","MCI","-80.3","-80.3","-80.3","-80.3",-3,0,"0.0",45,70,146,1,1,"0.0","a",0,0,,"false"
"2026-09-29T10:08:57Z",397,"Semenyo","MCI","-19.0","-19.1","-19.4","-19.6",-1,-49,"15.4",84,123728,60950,33,450,"8.7","d",0,-1,,"false"
"2026-09-29T10:08:57Z",398,"Foden","MCI","-46.1","-46.3","-46.8","-47.2",-3,-14,"1.8",69,200,27425,9,217,"-0.3","s",0,-1,,"false"
"2026-09-29T10:08:57Z",399,"Cherki","MCI","-55.9","-55.5","-54.9","-54.3",-3,44,"28.4",78,117448,85574,34,302,"4.0","a",0,3,,"false"
"2026-09-29T10:08:57Z",400,"Doku","MCI","0.2","0.2","0.2","0.2",1,3,"0.7",74,4047,1941,1,15,"0.3","a",0,-1,,"false"
"2026-09-29T10:08:57Z",402,"Rodrigo","MCI","0.0","0.0","0.0","0.0",0,0,"0.0",65,0,23,0,0,"0.0","u",0,0,,"false"
"2026-09-29T10:08:57Z",404,"Reijnders","MCI","0.0","0.0","0.0","0.0",0,0,"0.0",60,0,94,0,0,"0.0","u",0,0,,"false"
"2026-09-29T10:08:57Z",406,"Kovačić","MCI","-93.2","-93.2","-93.2","-93.2",-3,0,"0.1",54,100,440,2,42,"0.0","a",0,-1,,"false"
"2026-09-29T10:08:57Z",407,"Echeverri","MCI","0.0","0.0","0.0","0.0",0,0,"0.0",49,0,51,0,0,"0.0","u",0,-1,,"false"
"2026-09-29T10:08:57Z",408,"Phillips","MCI","0.0","0.0","0.0","0.0",0,0,"0.0",50,0,12,0,0,"0.0","u",0,0,,"false"
"2026-09-29T10:08:57Z",409,"Mukasa","MCI","0.0","0.0","0.0","0.0",0,0,"0.1",45,0,571,0,0,"0.0","u",0,0,,"false"
"2026-09-29T10:08:57Z",410,"Monga","MCI","0.0","0.0","0.0","0.0",0,0,"0.0",49,0,49,0,0,"0.0","u",0,-1,,"false"
"2026-09-29T10:08:57Z",411,"Haaland","MCI","21.7","22.0","22.6","23.2",2,42,"73.8",156,75156,18725,39,450,"8.0","a",0,1,,"false"
"2026-09-29T10:08:57Z",481,"Anderson","MCI","-40.1","-40.3","-40.6","-41.0",-3,-10,"4.0",63,7529,26936,15,413,"3.3","a",0,-2,,"false"
"2026-09-29T10:08:57Z",587,"Rulli","MCI","-87.9","-87.9","-87.9","-87.9",-3,0,"0.0",50,69,101,0,0,"0.0","a",0,0,,"false"
"2026-09-29T10:08:57Z",616,"Bouaddi","MCI","-30.8","-30.8","-30.8","-30.8",-2,0,"0.2",55,815,2057,2,22,"0.3","a",0,0,,"false"
"2026-09-29T10:08:57Z",621,"McAidoo","MCI","-85.7","-86.6","-88.3","-90.0",-3,-1,"0.1",45,187,1055,2,11,"0.3","a",0,0,,"false"
"2026-09-29T10:08:57Z",622,"Braithwaite","MCI","-37.0","-37.6","-38.7","-39.7",-2,-1,"0.2",40,556,1606,1,1,"0.0","a",0,0,,"false"
"2026-09-29T10:08:57Z",628,"Allan","MCI","0.1","0.1","0.1","0.1",1,0,"0.0",60,213,156,0,0,"0.0","a",0,0,,"false"
"2026-09-29T10:08:57Z",653,"Samba","MCI","-38.3","-38.3","-38.3","-38.3",-2,0,"0.0",45,237,475,0,0,"0.0","a",0,0,,"false"
"2026-09-29T10:08:57Z",43,"Tielemans","MUN","-35.5","-35.5","-35.5","-35.5",-2,0,"1.5",58,2989,10390,14,402,"3.0","a",0,-2,,"false"
"2026-09-29T10:08:57Z",131,"Baleba","MUN","0.0","0.0","0.0","0.0",0,0,"0.1",49,1206,696,0,0,"0.0","a",0,-1,,"false"
"2026-09-29T10:08:57Z",162,"Andrey Santos","MUN","-47.4","-47.4","-47.4","-47.4",-3,0,"0.6",48,1007,4780,4,82,"0.5","a",0,-2,,"false"
"2026-09-29T10:08:57Z",325,"Darlow","MUN","-21.8","-21.8","-21.8","-21.8",-2,0,"0.0",45,57,204,0,0,"0.0","d",0,0,,"false"
"2026-09-29T10:08:57Z",412,"Lammens","MUN","-16.3","-16.3","-16.4","-16.5",-1,-6,"9.9",49,6414,47185,11,450,"2.5","a",0,-1,,"false"
"2026-09-29T10:08:57Z",413,"Bayindir","MUN","0.0","0.0","0.0","0.0",0,0,"0.0",45,0,35,0,0,"0.0","u",0,0,,"false"
"2026-09-29T10:08:57Z",414,"Heaton","MUN","-34.7","-34.7","-34.7","-34.7",-2,0,"0.1",40,188,258,0,0,"0.0","i",0,0,,"false"
"2026-09-29T10:08:57Z",415,"Dorgu","MUN","-55.6","-56.2","-57.4","-58.6",-3,-8,"0.5",58,1018,3841,10,171,"2.5","d",0,-2,,"false"
"2026-09-29T10:08:57Z",416,"De Ligt","MUN","-94.0","-94.0","-94.0","-94.0",-3,0,"0.0",50,68,125,0,0,"0.0","i",0,0,,"false"
"2026-09-29T10:08:57Z",417,"Dalot","MUN","-74.9","-74.9","-74.9","-74.9",-3,0,"1.6",49,1185,7250,8,346,"1.8","a",0,-1,,"false"
"2026-09-29T10:08:57Z",418,"Maguire","MUN","-1.6","-1.6","-1.7","-1.7",-1,-5,"8.6",48,4096,73171,10,450,"2.2","a",-1,-2,,"false"
"2026-09-29T10:08:57Z",419,"Martinez","MUN","-94.0","-94.0","-94.0","-94.0",-3,0,"1.3",50,3549,6228,6,360,"1.5","a",0,0,,"false"
"2026-09-29T10:08:57Z",420,"Yoro","MUN","-10.1","-10.1","-10.1","-10.1",-1,0,"0.5",48,452,2112,2,22,"0.5","a",-1,-2,,"false"
"2026-09-29T10:08:57Z",421,"Heaven","MUN","-98.8","-98.8","-98.8","-98.8",-4,0,"0.3",44,224,1417,1,90,"0.0","a",0,-1,,"false"
"2026-09-29T10:08:57Z",422,"Mazraoui","MUN","-71.3","-71.3","-71.3","-71.3",-3,0,"0.5",44,557,2801,3,97,"0.5","a",0,-1,,"false"
"2026-09-29T10:08:57Z",423,"Shaw","MUN","-4.4","-4.4","-4.6","-4.7",-1,-11,"7.7",43,3403,74837,9,335,"2.0","a",-1,-2,,"false"
"2026-09-29T10:08:57Z",424,"Amass","MUN","-44.0","-44.0","-44.0","-44.0",-3,0,"0.2",40,405,755,0,0,"0.0","a",0,0,,"false"
"2026-09-29T10:08:57Z",425,"Fredricson","MUN","0.0","0.0","0.0","0.0",0,0,"0.0",40,0,46,0,0,"0.0","u",0,0,,"false"
"2026-09-29T10:08:57Z",426,"B.Fernandes","MUN","-1.0","-1.1","-1.1","-1.1",-1,-13,"38.5",119,40868,191688,31,450,"7.2","a",-1,-1,,"false"
"2026-09-29T10:08:57Z",427,"Mbeumo","MUN","-73.4","-73.4","-73.4","-73.4",-3,0,"20.6",79,34540,125981,25,450,"5.8","a",0,-1,,"false"
"2026-09-29T10:08:57Z",428,"Cunha","MUN","-93.0","-92.8","-92.4","-92.0",-3,14,"5.8",79,20477,20848,26,407,"6.0","a",0,-1,,"false"
"2026-09-29T10:08:57Z",429,"Rashford","MUN","-79.1","-79.5","-80.1","-80.8",-3,-11,"1.5",70,4091,16913,10,351,"2.2","d",0,0,,"false"
"2026-09-29T10:08:57Z",430,"Mount","MUN","0.1","0.1","0.1","0.1",1,0,"0.0",54,173,195,1,10,"0.2","a",0,-1,,"false"
"2026-09-29T10:08:57Z",431,"Amad","MUN","-16.2","-16.2","-16.2","-16.2",-1,0,"0.3",57,118,1734,0,0,"0.0","i",0,-3,,"false"
"2026-09-29T10:08:57Z",432,"Mainoo","MUN","13.8","13.7","13.6","13.4",1,-10,"1.6",55,7496,14395,22,354,"5.2","d",0,0,,"false"
"2026-09-29T10:08:57Z",433,"Ugarte","MUN","-66.4","-66.4","-66.4","-66.4",-3,0,"0.0",50,22,23,0,0,"0.0","i",0,0,,"false"
"2026-09-29T10:08:57Z",434,"J.Fletcher","MUN","-38.7","-38.7","-38.7","-38.7",-2,0,"0.0",49,41,57,0,0,"0.0","a",0,-1,,"false"
"2026-09-29T10:08:57Z",435,"Lacey","MUN","-5.2","-5.2","-5.2","-5.2",-1,0,"0.1",49,366,343,1,10,"0.0","a",0,-1,,"false"
"2026-09-29T10:08:57Z",436,"Collyer","MUN","0.0","0.0","0.0","0.0",0,-1,"0.0",50,0,44,0,0,"0.0","u",0,0,,"false"
"2026-09-29T10:08:57Z",437,"Bendito Mantato","MUN","0.0","0.0","0.0","0.0",0,0,"0.2",44,384,824,0,0,"0.0","a",-1,-1,,"false"
"2026-09-29T10:08:57Z",438,"Fletcher","MUN","0.4","0.4","0.4","0.4",1,1,"0.3",44,2513,2050,0,0,"0.0","a",0,-1,,"false"
"2026-09-29T10:08:57Z",439,"Šeško","MUN","-38.9","-39.3","-40.1","-40.9",-2,-16,"1.6",70,6543,23235,8,76,"1.8","d",0,0,,"false"
"2026-09-29T10:08:57Z",440,"Zirkzee","MUN","-8.0","-8.0","-8.0","-8.0",-1,0,"0.4",53,1843,3035,2,20,"0.5","a",-1,-2,,"false"
"2026-09-29T10:08:57Z",441,"Obi","MUN","0.0","0.0","0.0","0.0",0,0,"0.9",45,0,10965,0,0,"0.0","u",0,0,,"false"
"2026-09-29T10:08:57Z",405,"N.Gonzalez","NEW","0.8","0.8","0.9","1.0",1,4,"0.2",55,571,1803,5,164,"1.0","a",0,0,,"false"
"2026-09-29T10:08:57Z",442,"Pope","NEW","-42.9","-43.0","-43.2","-43.4",-3,-1,"0.9",49,831,3028,0,0,"0.0","a",0,-1,,"false"
"2026-09-29T10:08:57Z",443,"Gillespie","NEW","-37.7","-37.7","-37.7","-37.7",-2,0,"0.0",45,42,85,0,0,"0.0","a",0,0,,"false"
"2026-09-29T10:08:57Z",444,"Jaouen","NEW","-6.2","-6.2","-6.2","-6.2",-1,0,"0.0",44,19,114,0,0,"0.0","d",-1,-1,,"false"
"2026-09-29T10:08:57Z",445,"Thiaw","NEW","17.4","17.4","17.4","17.3",1,-2,"2.2",50,8203,9573,14,450,"1.7","a",0,0,,"false"
"2026-09-29T10:08:57Z",446,"Schär","NEW","-10.9","-10.9","-10.9","-10.9",-1,0,"0.2",49,532,880,2,25,"0.3","a",0,-1,,"false"
"2026-09-29T10:08:57Z",447,"Botman","NEW","9.5","9.5","9.5","9.5",1,2,"0.7",50,4556,2857,15,450,"2.3","a",0,0,,"false"
"2026-09-29T10:08:57Z",448,"Burn","NEW","-3.5","-3.6","-3.8","-3.9",-1,-4,"0.7",48,102,5596,0,0,"0.0","i",-1,-2,,"false"
"2026-09-29T10:08:57Z",449,"Hall","NEW","6.3","6.4","6.7","7.0",1,50,"17.3",53,239088,19078,31,449,"5.7","a",1,3,,"false"
"2026-09-29T10:08:57Z",450,"Livramento","NEW","1.5","1.5","1.5","1.5",1,-2,"0.1",49,432,1448,4,33,"1.3","d",0,-1,,"false"
"2026-09-29T10:08:57Z",451,"A.Murphy","NEW","0.0","0.0","0.0","0.0",0,0,"0.1",40,0,279,0,0,"0.0","u",0,0,,"false"
"2026-09-29T10:08:57Z",453,"Barnes","NEW","15.0","15.1","15.4","15.7",1,49,"5.6",61,153451,16562,28,450,"7.7","a",1,1,,"false"
"2026-09-29T10:08:57Z",454,"Elanga","NEW","-38.2","-38.4","-38.8","-39.2",-2,-59,"4.6",61,312,163301,18,232,"0.3","i",-1,1,,"false"
"2026-09-29T10:08:57Z",456,"J.Ramsey","NEW","-88.6","-88.6","-88.6","-88.6",-3,0,"0.2",49,57,4604,7,69,"2.0","i",0,-1,,"false"
"2026-09-29T10:08:57Z",457,"J.Murphy","NEW","-19.7","-20.9","-23.1","-25.3",-2,-2,"0.1",59,916,736,3,181,"0.7","a",0,-1,,"false"
"2026-09-29T10:08:57Z",458,"Joelinton","NEW","-61.0","-61.0","-61.0","-61.0",-3,0,"0.0",54,12,74,0,0,"0.0","i",0,-1,,"false"
"2026-09-29T10:08:57Z",459,"L.Miley","NEW","0.6","0.6","0.7","0.7",1,1,"0.1",55,460,432,12,396,"2.0","a",0,0,,"false"
"2026-09-29T10:08:57Z",460,"Willock","NEW","14.9","14.9","15.0","15.1",1,4,"0.6",50,9375,2589,22,284,"4.3","a",0,0,,"false"
"2026-09-29T10:08:57Z",461,"Touré","NEW","-10.3","-10.3","-10.3","-10.3",-1,0,"0.1",58,312,827,8,50,"2.3","a",0,-2,,"false"
"2026-09-29T10:08:57Z",462,"Steur","NEW","-50.5","-50.5","-50.5","-50.5",-3,0,"0.1",49,260,368,8,223,"2.0","a",0,-1,,"false"
"2026-09-29T10:08:57Z",463,"Woltemade","NEW","0.0","0.0","0.0","0.0",0,-2,"0.5",59,0,3543,4,19,"0.0","u",0,-1,,"false"
"2026-09-29T10:08:57Z",464,"Wissa","NEW","60.2","60.3","60.4","60.6",3,11,"18.7",62,83023,137376,15,441,"1.0","a",0,2,,"false"
"2026-09-29T10:08:57Z",465,"Osula","NEW","-7.6","-7.6","-7.6","-7.6",-1,0,"0.3",58,118,2272,4,55,"0.0","i",-1,-2,,"false"
"2026-09-29T10:08:57Z",466,"Neave","NEW","0.0","0.0","0.0","0.0",0,-1,"0.5",45,0,3769,0,0,"0.0","u",0,0,,"false"
"2026-09-29T10:08:57Z",559,"Bamba","NEW","-67.5","-67.5","-67.5","-67.5",-3,0,"0.1",49,124,474,3,27,"0.7","a",0,-1,,"false"
"2026-09-29T10:08:57Z",567,"Horníček","NEW","23.2","23.2","23.2","23.2",2,0,"1.5",50,6919,4725,14,450,"2.0","a",0,0,,"false"
"2026-09-29T10:08:57Z",593,"Dedić","NEW","-9.4","-9.6","-10.0","-10.3",-1,-11,"1.8",45,246,36501,13,327,"0.3","i",0,0,,"false"
"2026-09-29T10:08:57Z",609,"Shahar","NEW","0.0","0.0","0.0","0.0",0,0,"0.2",40,0,1816,0,0,"0.0","u",0,0,,"false"
"2026-09-29T10:08:57Z",634,"Fernandez-Pardo","NEW","0.7","0.7","0.8","0.9",1,5,"0.1",60,1865,1358,4,157,"1.3","a",0,0,,"false"
"2026-09-29T10:08:57Z",659,"Miley","NEW","0.0","0.0","0.0","0.0",0,0,"0.0",45,1364,626,0,0,"0.0","a",0,0,,"false"
"2026-09-29T10:08:57Z",663,"Pivas","NEW","0.0","0.0","0.0","0.0",0,0,"0.0",40,379,53,0,0,"0.0","a",0,0,"2026-10-02T19:10:51.639791Z","false"
"2026-09-29T10:08:57Z",664,"Salia","NEW","0.0","0.0","0.0","0.0",0,0,"0.1",45,9221,1471,0,0,"0.0","a",0,0,"2026-10-02T19:11:17.402697Z","false"
"2026-09-29T10:08:57Z",665,"Mills","NEW","0.0","0.0","0.0","0.0",0,0,"0.0",45,156,26,0,0,"0.0","a",0,0,"2026-10-02T19:11:39.931907Z","false"
"2026-09-29T10:08:57Z",666,"Thompson","NEW","0.0","0.0","0.0","0.0",0,0,"0.0",45,228,35,0,0,"0.0","a",0,0,"2026-10-02T19:12:09.032926Z","false"
"2026-09-29T10:08:57Z",167,"Delap","NFO","-23.1","-23.1","-23.3","-23.5",-2,-3,"2.7",56,24454,27981,9,277,"2.7","a",1,1,,"false"
"2026-09-29T10:08:57Z",201,"Muñoz","NFO","-45.6","-45.8","-46.0","-46.2",-3,-8,"5.7",54,7576,29050,5,257,"1.7","a",0,-1,,"false"
"2026-09-29T10:08:57Z",467,"Sels","NFO","4.4","4.4","4.4","4.3",1,-2,"1.6",50,1913,5884,14,450,"3.7","a",0,0,,"false"
"2026-09-29T10:08:57Z",468,"John","NFO","-72.1","-72.1","-72.1","-72.1",-3,0,"0.1",45,57,148,0,0,"0.0","a",0,0,,"false"
"2026-09-29T10:08:57Z",469,"N.Williams","NFO","23.9","23.9","23.9","23.9",2,0,"8.7",50,10646,44190,19,450,"3.7","a",0,0,,"false"
"2026-09-29T10:08:57Z",470,"Morato","NFO","0.0","0.0","0.0","0.0",0,0,"0.0",50,0,113,0,0,"0.0","u",0,0,,"false"
"2026-09-29T10:08:57Z",471,"Milenković","NFO","-12.5","-12.7","-13.1","-13.4",-1,-10,"1.0",54,63,11795,12,270,"2.3","i",-1,-1,,"false"
"2026-09-29T10:08:57Z",472,"Murillo","NFO","23.5","23.5","23.7","23.8",2,8,"2.1",55,7855,7726,23,449,"6.0","a",0,0,,"false"
"2026-09-29T10:08:57Z",473,"Aina","NFO","-2.6","-2.6","-2.6","-2.6",-1,0,"2.4",44,1029,19839,8,306,"1.0","a",-1,-1,,"false"
"2026-09-29T10:08:57Z",474,"Jair Cunha","NFO","-46.9","-46.9","-46.9","-46.9",-3,0,"0.2",45,235,622,11,360,"3.0","a",0,0,,"false"
"2026-09-29T10:08:57Z",475,"Savona","NFO","-18.0","-18.0","-18.0","-18.0",-1,0,"0.0",45,20,18,0,0,"0.0","i",0,0,,"false"
"2026-09-29T10:08:57Z",476,"O.Richards","NFO","-65.5","-65.5","-65.5","-65.5",-3,0,"0.2",40,287,708,0,0,"0.0","a",0,0,,"false"
"2026-09-29T10:08:57Z",477,"Abbott","NFO","0.0","0.0","0.0","0.0",0,0,"0.1",40,0,791,0,0,"0.0","u",0,0,,"false"
"2026-09-29T10:08:57Z",478,"Netz","NFO","-7.6","-7.6","-7.6","-7.6",-1,0,"0.0",44,54,114,3,27,"0.3","a",0,-1,,"false"
"2026-09-29T10:08:57Z",479,"Bindon","NFO","0.0","0.0","0.0","0.0",0,0,"0.1",40,0,507,0,0,"0.0","u",0,0,,"false"
"2026-09-29T10:08:57Z",480,"Gibbs-White","NFO","49.9","49.9","49.9","50.0",3,2,"15.7",80,62727,79368,28,450,"4.3","a",0,0,,"false"
"2026-09-29T10:08:57Z",482,"Hudson-Odoi","NFO","-36.8","-37.5","-38.7","-39.9",-2,-1,"0.1",58,247,1124,1,1,"0.0","a",0,-2,,"false"
"2026-09-29T10:08:57Z",483,"Ndoye","NFO","13.1","13.1","13.0","13.0",1,-2,"0.7",55,719,7892,15,316,"1.0","a",0,0,,"false"
"2026-09-29T10:08:57Z",484,"Hutchinson","NFO","0.0","0.0","0.0","0.0",0,0,"0.1",54,0,343,0,0,"0.0","u",0,-1,,"false"
"2026-09-29T10:08:57Z",485,"Bakwa","NFO","0.0","0.0","0.0","0.0",0,0,"0.0",55,0,33,0,0,"0.0","u",0,0,,"false"
"2026-09-29T10:08:57Z",486,"McAtee","NFO","2.2","2.2","2.2","2.2",1,0,"0.1",55,335,885,12,416,"2.3","a",0,0,,"false"
"2026-09-29T10:08:57Z",487,"Dominguez","NFO","-65.3","-65.3","-65.3","-65.3",-3,0,"0.1",49,62,286,1,1,"0.0","a",0,-1,,"false"
"2026-09-29T10:08:57Z",488,"I.Sangaré","NFO","-94.7","-94.7","-94.7","-94.7",-3,0,"0.4",49,289,2927,4,105,"0.7","a",0,-1,,"false"
"2026-09-29T10:08:57Z",489,"Yates","NFO","-85.4","-85.6","-86.2","-86.7",-3,-4,"1.2",45,575,7132,0,0,"0.0","a",0,0,,"false"
"2026-09-29T10:08:57Z",490,"Wood","NFO","-38.3","-38.6","-39.0","-39.4",-2,-3,"0.9",58,1869,6274,4,62,"1.0","a",0,-2,,"false"
"2026-09-29T10:08:57Z",491,"Igor Jesus","NFO","0.1","0.1","0.0","-0.1",1,-3,"2.6",58,6885,22472,12,257,"3.0","a",0,-2,,"false"
"2026-09-29T10:08:57Z",493,"Kalimuendo","NFO","0.0","0.0","0.0","0.0",0,0,"0.1",54,213,402,1,1,"0.0","a",0,-1,,"false"
"2026-09-29T10:08:57Z",558,"Schlager","NFO","0.4","0.4","0.4","0.4",1,-2,"0.1",50,213,754,13,376,"2.7","a",0,0,,"false"
"2026-09-29T10:08:57Z",581,"Diomande","NFO","-48.9","-48.9","-48.9","-48.9",-3,0,"0.5",54,1463,2174,7,163,"2.3","a",0,-1,,"false"
"2026-09-29T10:08:57Z",590,"Benda","NFO","0.0","0.0","0.0","0.0",0,0,"0.1",45,121,231,0,0,"0.0","a",0,0,,"false"
"2026-09-29T10:08:57Z",112,"Van Hecke","TOT","-26.7","-26.6","-26.6","-26.5",-2,3,"6.6",49,17776,26860,24,450,"7.3","a",0,-1,,"false"
"2026-09-29T10:08:57Z",147,"Tosin","TOT","-38.0","-38.0","-38.0","-38.0",-2,0,"0.1",44,97,543,1,5,"0.2","a",0,-1,,"false"
"2026-09-29T10:08:57Z",401,"Marmoush","TOT","36.7","36.7","36.7","36.6",2,-2,"2.1",70,10366,20977,8,339,"2.0","a",0,0,,"false"
"2026-09-29T10:08:57Z",403,"Sávio","TOT","10.5","10.5","10.4","10.4",1,-2,"0.7",65,2738,6551,8,240,"2.7","a",0,0,,"false"
"2026-09-29T10:08:57Z",455,"Tonali","TOT","-18.4","-18.4","-18.5","-18.6",-1,-2,"1.8",53,2186,14611,14,427,"3.3","a",-1,-2,,"false"
"2026-09-29T10:08:57Z",494,"Vicario","TOT","0.0","0.0","0.0","0.0",0,0,"0.1",45,0,692,0,0,"0.0","u",0,0,,"false"
"2026-09-29T10:08:57Z",495,"Austin","TOT","2.1","2.1","2.1","2.1",1,0,"1.0",40,1851,2093,0,0,"0.0","a",0,0,,"false"
"2026-09-29T10:08:57Z",496,"Kinsky","TOT","-49.3","-49.4","-49.5","-49.6",-3,-12,"17.3",45,16891,107941,18,450,"5.0","a",0,0,,"false"
"2026-09-29T10:08:57Z",497,"Dubravka","TOT","-23.7","-23.7","-23.7","-23.7",-2,-2,"17.1",40,25412,46289,0,0,"0.0","a",0,0,,"false"
"2026-09-29T10:08:57Z",498,"Senesi","TOT","-52.8","-52.9","-53.1","-53.3",-3,-4,"3.5",58,1130,20865,3,90,"0.0","a",0,-2,,"false"
"2026-09-29T10:08:57Z",499,"Pedro Porro","TOT","-28.9","-29.2","-29.9","-30.6",-2,-64,"7.6",54,1653,72310,9,198,"2.7","d",0,-1,,"false"
"2026-09-29T10:08:57Z",500,"Romero","TOT","0.0","0.0","0.0","0.0",0,-4,"0.1",50,0,280,0,0,"0.0","u",0,0,,"false"
"2026-09-29T10:08:57Z",502,"Robertson","TOT","0.4","0.4","0.4","0.4",1,0,"2.5",44,5266,12258,17,366,"4.0","a",0,-1,,"false"
"2026-09-29T10:08:57Z",503,"Van de Ven","TOT","-21.0","-21.1","-21.3","-21.4",-2,-4,"3.8",50,5435,19136,16,360,"5.3","a",0,0,,"false"
"2026-09-29T10:08:57Z",505,"Spence","TOT","0.0","0.0","0.0","0.0",0,0,"0.2",45,0,1139,0,0,"0.0","u",0,0,,"false"
"2026-09-29T10:08:57Z",506,"Udogie","TOT","-19.9","-19.9","-19.9","-19.9",-1,0,"0.3",44,328,1570,7,86,"1.7","a",0,-1,,"false"
"2026-09-29T10:08:57Z",507,"Phillips","TOT","0.0","0.0","0.0","0.0",0,0,"0.0",45,0,54,0,0,"0.0","u",0,0,,"false"
"2026-09-29T10:08:57Z",508,"Davies","TOT","1.5","1.5","1.5","1.5",1,0,"0.9",39,7177,3711,0,0,"0.0","a",-1,-1,,"false"
"2026-09-29T10:08:57Z",509,"Byfield","TOT","-3.9","-3.9","-3.9","-3.9",-1,0,"0.1",40,119,240,0,0,"0.0","a",0,0,,"false"
"2026-09-29T10:08:57Z",510,"Rowswell","TOT","-15.7","-15.7","-15.7","-15.7",-1,0,"0.1",40,149,330,0,0,"0.0","a",0,0,,"false"
"2026-09-29T10:08:57Z",511,"Souza","TOT","0.0","0.0","0.0","0.0",0,0,"0.2",40,0,858,0,0,"0.0","u",0,0,,"false"
"2026-09-29T10:08:57Z",512,"Kudus","TOT","2.0","2.0","2.0","2.0",1,-2,"0.2",65,2151,1075,7,123,"2.0","a",0,0,,"false"
"2026-09-29T10:08:57Z",513,"Xavi","TOT","-16.6","-16.6","-16.6","-16.6",-1,0,"0.0",59,50,79,0,0,"0.0","i",0,-1,,"false"
"2026-09-29T10:08:57Z",514,"Tel","TOT","-25.3","-25.3","-25.3","-25.3",-2,0,"0.2",57,195,1901,8,257,"1.3","a",-1,-3,,"false"
"2026-09-29T10:08:57Z",515,"Maddison","TOT","-68.7","-69.1","-69.9","-70.6",-3,-2,"0.4",63,715,1921,3,59,"0.7","a",0,-2,,"false"
"2026-09-29T10:08:57Z",516,"Bentancur","TOT","-71.9","-71.0","-69.2","-67.5",-3,2,"0.2",55,347,670,15,370,"4.0","a",0,0,,"false"
"2026-09-29T10:08:57Z",517,"Odobert","TOT","0.0","0.0","0.0","0.0",0,0,"0.0",55,24,13,0,0,"0.0","i",0,0,,"false"
"2026-09-29T10:08:57Z",518,"P.M.Sarr","TOT","0.0","0.0","0.0","0.0",0,0,"0.1",49,0,649,0,0,"0.0","u",0,-1,,"false"
"2026-09-29T10:08:57Z",519,"Gallagher","TOT","0.1","0.1","0.1","0.1",1,0,"0.2",53,783,630,9,134,"3.0","a",0,-2,,"false"
"2026-09-29T10:08:57Z",520,"Bergvall","TOT","-2.6","-2.6","-2.6","-2.6",-1,0,"0.1",53,101,601,3,78,"0.7","a",-1,-2,,"false"
"2026-09-29T10:08:57Z",521,"Kulusevski","TOT","-79.0","-79.0","-79.0","-79.0",-3,0,"0.0",65,84,64,0,0,"0.0","i",0,0,,"false"
"2026-09-29T10:08:57Z",522,"Gray","TOT","-23.0","-23.0","-23.0","-23.0",-2,0,"0.2",49,453,1157,9,307,"1.7","a",0,-1,,"false"
"2026-09-29T10:08:57Z",523,"Moore","TOT","0.0","0.0","0.0","0.0",0,-2,"0.1",50,0,523,3,89,"0.0","u",0,0,,"false"
"2026-09-29T10:08:57Z",524,"Olusesi","TOT","7.7","7.7","7.7","7.7",1,-1,"1.0",44,6032,7448,0,0,"0.0","a",0,-1,,"false"
"2026-09-29T10:08:57Z",525,"Fernandes","TOT","-9.2","-9.7","-10.6","-11.6",-1,-8,"0.8",57,449,6434,7,249,"1.3","a",-1,-3,,"false"
"2026-09-29T10:08:57Z",526,"Solanke","TOT","-29.3","-29.5","-29.9","-30.3",-2,-2,"0.8",58,1793,5507,7,170,"1.7","a",0,-2,,"false"
"2026-09-29T10:08:57Z",527,"Richarlison","TOT","0.0","0.0","0.0","0.0",0,-5,"0.6",59,0,5540,2,67,"0.0","u",0,-1,,"false"
"2026-09-29T10:08:57Z",528,"Scarlett","TOT","0.0","0.0","0.0","0.0",0,-3,"1.1",45,0,7815,0,0,"0.0","u",0,0,,"false"
"2026-09-29T10:08:57Z",578,"Mudryk","TOT","-11.3","-12.3","-14.3","-16.2",-1,-2,"0.0",53,19,549,1,16,"0.2","i",-1,-2,,"false"
"2026-09-29T10:08:57Z",601,"Williams-Barnett","TOT","-50.7","-50.7","-50.7","-50.7",-3,0,"0.1",45,163,741,0,0,"0.0","a",0,0,,"false"
"2026-09-29T10:08:57Z",501,"Danso","SUN","-81.0","-81.0","-81.0","-81.0",-3,0,"0.2",50,1121,808,3,270,"1.0","a",0,0,,"false"
"2026-09-29T10:08:57Z",529,"Roefs","SUN","-15.8","-15.8","-15.8","-15.8",-1,0,"2.4",49,2004,11241,11,450,"2.5","a",0,-1,,"false"
"2026-09-29T10:08:57Z",530,"Patterson","SUN","0.0","0.0","0.0","0.0",0,0,"0.1",40,0,338,0,0,"0.0","u",0,0,,"false"
"2026-09-29T10:08:57Z",531,"Ellborg","SUN","-0.1","-0.1","-0.1","-0.1",-1,0,"0.1",44,128,244,0,0,"0.0","a",-1,-1,,"false"
"2026-09-29T10:08:57Z",532,"Ballard","SUN","-51.2","-51.4","-51.8","-52.2",-3,-12,"2.5",49,3577,16024,14,450,"3.5","d",0,-1,,"false"
"2026-09-29T10:08:57Z",533,"Mukiele","SUN","-16.3","-16.3","-16.1","-16.0",-1,2,"1.9",54,4964,8517,13,360,"3.2","a",0,-1,,"false"
"2026-09-29T10:08:57Z",534,"Hume","SUN","-7.4","-7.4","-7.5","-7.6",-1,-2,"2.8",43,1193,28904,10,206,"2.0","a",-1,-2,,"false"
"2026-09-29T10:08:57Z",535,"Alderete","SUN","-6.3","-6.3","-6.3","-6.3",-1,0,"0.2",48,211,1036,1,23,"0.0","a",-1,-2,,"false"
"2026-09-29T10:08:57Z",536,"Reinildo","SUN","-0.1","-0.3","-0.7","-1.1",-1,-1,"0.3",44,176,1538,7,360,"1.5","a",-1,-1,,"false"
"2026-09-29T10:08:57Z",537,"Seelt","SUN","0.0","0.0","0.0","0.0",0,0,"0.0",45,0,22,0,0,"0.0","u",0,0,,"false"
"2026-09-29T10:08:57Z",538,"Hjelde","SUN","0.0","0.0","0.0","0.0",0,0,"0.0",40,0,150,0,0,"0.0","u",0,0,,"false"
"2026-09-29T10:08:57Z",539,"O'Nien","SUN","3.9","3.9","4.0","4.0",1,2,"2.5",39,17182,11173,1,66,"0.0","a",-1,-1,,"false"
"2026-09-29T10:08:57Z",540,"Masuaku","SUN","0.0","0.0","0.0","0.0",0,0,"0.1",40,0,610,0,0,"0.0","u",0,0,,"false"
"2026-09-29T10:08:57Z",541,"Meunier","SUN","-32.3","-32.3","-32.3","-32.3",-2,0,"0.3",45,1563,832,14,396,"3.2","a",0,0,,"false"
"2026-09-29T10:08:57Z",542,"E.Le Fée","SUN","-4.2","-4.2","-4.2","-4.2",-1,-1,"3.4",57,10954,23223,18,438,"4.0","a",-1,-3,,"false"
"2026-09-29T10:08:57Z",543,"Diarra","SUN","0.0","0.0","0.0","0.0",0,0,"0.0",53,19,218,5,28,"1.0","i",-1,-2,,"false"
"2026-09-29T10:08:57Z",544,"Xhaka","SUN","-71.3","-71.4","-71.5","-71.6",-3,-3,"3.6",55,6004,22603,21,450,"3.0","a",0,0,,"false"
"2026-09-29T10:08:57Z",545,"Sadiki","SUN","-71.5","-71.5","-71.5","-71.5",-3,0,"0.2",49,392,1299,10,410,"2.0","a",0,-1,,"false"
"2026-09-29T10:08:57Z",546,"Adingra","SUN","0.0","0.0","0.0","0.0",0,0,"0.0",49,0,185,0,0,"0.0","u",0,-1,,"false"
"2026-09-29T10:08:57Z",547,"Mundle","SUN","-76.5","-76.5","-76.5","-76.5",-3,0,"0.0",49,10,53,1,1,"0.2","i",0,-1,,"false"
"2026-09-29T10:08:57Z",548,"Rigg","SUN","-74.6","-74.6","-74.6","-74.6",-3,0,"0.0",49,29,220,2,17,"0.2","a",0,-1,,"false"
"2026-09-29T10:08:57Z",549,"Talbi","SUN","-28.5","-29.2","-30.7","-32.1",-2,-1,"0.1",53,105,555,1,31,"0.0","a",0,-2,,"false"
"2026-09-29T10:08:57Z",550,"Jocelin.T","SUN","-92.4","-92.4","-92.4","-92.4",-3,0,"0.0",50,27,39,0,0,"0.0","a",0,0,,"false"
"2026-09-29T10:08:57Z",551,"N.Angulo","SUN","1.3","1.3","1.3","1.3",1,0,"0.1",50,495,761,16,313,"2.8","a",0,0,,"false"
"2026-09-29T10:08:57Z",552,"Brobbey","SUN","79.7","79.6","79.3","79.0",3,-19,"7.0",57,193107,42226,24,399,"5.5","d",-1,-3,,"false"
"2026-09-29T10:08:57Z",553,"Isidor","SUN","3.1","3.1","3.1","3.1",1,0,"1.3",55,3052,11298,15,117,"3.5","a",0,0,,"false"
"2026-09-29T10:08:57Z",612,"Methalie","SUN","0.0","0.0","0.0","0.0",0,0,"0.0",45,110,65,-1,90,"-0.2","a",0,0,,"false"
"2026-09-29T10:08:57Z",613,"Ahoka","SUN","-43.9","-43.9","-43.9","-43.9",-3,0,"0.2",45,575,1558,0,0,"0.0","a",0,0,,"false"
"2026-09-29T10:08:57Z",646,"Fofana","SUN","-13.5","-13.5","-13.5","-13.5",-1,0,"0.0",55,316,292,3,60,"1.0","a",0,0,,"false"
"2026-09-29T10:08:57Z",651,"J.Angulo","SUN","4.7","4.7","4.8","4.8",1,2,"0.7",45,8497,7095,0,0,"0.0","a",0,0,,"false"
"2026-09-29T14:01:37Z",1,"Raya","ARS","1.3","1.3","1.4","1.5",1,15,"42.3",61,123317,46061,30,450,"6.0","a",1,1,,"false"
"2026-09-29T14:01:37Z",2,"Arrizabalaga","ARS","-48.2","-48.2","-48.2","-48.2",-3,0,"0.1",49,104,248,0,0,"0.0","a",0,-1,,"false"
"2026-09-29T14:01:37Z",3,"Meslier","ARS","-37.8","-37.8","-37.8","-37.8",-2,0,"0.0",49,45,118,0,0,"0.0","a",0,-1,,"false"
"2026-09-29T14:01:37Z",4,"Gabriel","ARS","-87.1","-87.2","-87.3","-87.4",-3,-17,"22.7",80,23506,64867,25,450,"5.0","a",0,0,,"false"
"2026-09-29T14:01:37Z",5,"J.Timber","ARS","10.7","10.8","10.8","10.9",1,4,"0.4",65,12060,3963,1,104,"0.2","a",0,0,,"false"
"2026-09-29T14:01:37Z",6,"Saliba","ARS","-24.8","-24.8","-24.8","-24.8",-2,0,"0.2",59,381,1070,0,0,"0.0","i",0,-1,,"false"
"2026-09-29T14:01:37Z",7,"Lewis-Skelly","ARS","-15.4","-15.6","-16.0","-16.4",-1,-3,"0.6",54,886,4877,9,271,"1.5","a",-1,-1,,"false"
"2026-09-29T14:01:37Z",8,"Calafiori","ARS","92.2","92.2","92.4","92.5",3,10,"50.5",58,73731,61744,29,416,"5.0","a",0,3,,"false"
"2026-09-29T14:01:37Z",9,"Hincapie","ARS","-5.2","-5.2","-5.2","-5.2",-1,0,"0.9",52,1399,5617,2,32,"0.2","a",-1,-3,,"false"
"2026-09-29T14:01:37Z",10,"White","ARS","-46.4","-46.6","-47.1","-47.6",-3,-29,"4.9",55,3231,65669,21,315,"2.5","d",0,0,,"false"
"2026-09-29T14:01:37Z",11,"Mosquera","ARS","-24.6","-24.7","-25.2","-25.7",-2,-5,"1.6",53,1158,9194,12,168,"1.5","a",0,-2,,"false"
"2026-09-29T14:01:37Z",12,"Saka","ARS","88.9","89.0","89.4","89.7",3,23,"13.7",95,103775,45788,32,416,"5.8","a",0,0,,"false"
"2026-09-29T14:01:37Z",13,"Rice","ARS","-32.5","-32.7","-33.3","-33.8",-2,-73,"11.7",74,7488,80171,20,411,"4.2","d",0,-1,,"false"
"2026-09-29T14:01:37Z",14,"Eze","ARS","-0.5","-0.6","-0.7","-0.9",-1,-2,"1.0",62,2185,6629,4,85,"0.8","a",-1,-3,,"false"
"2026-09-29T14:01:37Z",15,"Ødegaard","ARS","-1.5","-1.5","-1.4","-1.4",-1,4,"19.8",68,73814,85918,29,377,"4.5","a",0,3,,"false"
"2026-09-29T14:01:37Z",16,"Madueke","ARS","-25.0","-25.0","-25.0","-25.0",-2,0,"0.2",62,725,1534,2,23,"0.2","a",0,-3,,"false"
"2026-09-29T14:01:37Z",17,"Merino","ARS","-99.0","-99.3","-100.1","-100.9",-4,-2,"0.4",58,719,2820,4,81,"0.8","a",0,-2,,"false"
"2026-09-29T14:01:37Z",18,"Martinelli","ARS","0.0","0.0","0.0","0.0",0,0,"0.1",63,0,546,0,0,"0.0","u",0,-2,,"false"
"2026-09-29T14:01:37Z",19,"Zubimendi","ARS","-46.5","-46.7","-47.3","-47.8",-3,-2,"0.6",53,490,3641,5,89,"1.0","a",0,-2,,"false"
"2026-09-29T14:01:37Z",20,"Dowman","ARS","-25.9","-25.9","-25.9","-25.9",-2,0,"0.1",53,448,565,1,9,"0.2","a",0,-2,,"false"
"2026-09-29T14:01:37Z",22,"Nwaneri","ARS","0.0","0.0","0.0","0.0",0,0,"0.0",54,0,48,0,0,"0.0","u",0,-1,,"false"
"2026-09-29T14:01:37Z",23,"Fábio Vieira","ARS","0.0","0.0","0.0","0.0",0,0,"0.0",55,0,38,0,0,"0.0","u",0,0,,"false"
"2026-09-29T14:01:37Z",24,"Nelson","ARS","0.0","0.0","0.0","0.0",0,0,"0.0",55,0,23,0,0,"0.0","u",0,0,,"false"
"2026-09-29T14:01:37Z",25,"Gyökeres","ARS","-4.1","-3.9","-3.4","-2.9",-1,18,"3.1",71,9897,16409,2,29,"0.5","a",-1,-4,,"false"
"2026-09-29T14:01:37Z",26,"Havertz","ARS","6.3","5.9","4.8","3.8",1,-73,"8.3",76,50195,58997,19,437,"3.2","d",0,1,,"false"
"2026-09-29T14:01:37Z",27,"G.Jesus","ARS","0.0","0.0","0.0","0.0",0,-1,"0.1",59,0,989,0,0,"0.0","u",0,-1,,"false"
"2026-09-29T14:01:37Z",31,"Konsa","ARS","0.8","0.8","0.8","0.8",1,-4,"19.4",46,88333,44175,12,281,"3.0","a",1,1,,"false"
"2026-09-29T14:01:37Z",452,"Bruno G.","ARS","0.4","0.4","0.4","0.4",1,0,"1.8",67,5392,7419,9,123,"2.2","a",0,-3,,"false"
"2026-09-29T14:01:37Z",557,"Tzolis","ARS","-11.2","-11.2","-11.3","-11.4",-1,-11,"12.2",63,11622,136508,16,362,"2.5","a",-1,-2,,"false"
"2026-09-29T14:01:37Z",29,"M.Bizot","AVL","-36.7","-36.7","-36.7","-36.7",-2,0,"0.1",45,60,994,1,90,"0.0","i",0,0,,"false"
"2026-09-29T14:01:37Z",30,"Digne","AVL","0.0","0.0","0.0","0.0",0,-2,"0.0",45,0,219,0,0,"0.0","u",0,0,,"false"
"2026-09-29T14:01:37Z",32,"Cash","AVL","-22.2","-22.3","-22.5","-22.6",-2,-5,"4.8",44,2577,24494,6,296,"1.8","a",0,-1,,"false"
"2026-09-29T14:01:37Z",33,"Mings","AVL","0.7","0.7","0.7","0.7",1,1,"0.4",45,1634,1352,10,261,"2.2","a",0,0,,"false"
"2026-09-29T14:01:37Z",34,"Pau","AVL","-100.0","-100.1","-100.5","-100.9",-5,-2,"0.3",45,43,3048,3,187,"0.8","i",0,0,,"false"
"2026-09-29T14:01:37Z",35,"Bogarde","AVL","-3.3","-3.3","-3.3","-3.3",-1,0,"0.1",49,165,433,1,16,"0.0","a",-1,-1,,"false"
"2026-09-29T14:01:37Z",36,"Maatsen","AVL","-2.0","-2.0","-2.0","-2.0",-1,0,"0.5",44,49,5975,9,335,"2.2","i",-1,-1,,"false"
"2026-09-29T14:01:37Z",37,"Lindelöf","AVL","1.0","1.0","1.0","1.0",1,0,"0.3",45,978,1239,8,450,"2.5","a",0,0,,"false"
"2026-09-29T14:01:37Z",38,"A.García","AVL","-33.9","-34.0","-34.2","-34.4",-2,-2,"1.5",40,1800,5902,0,0,"0.0","a",0,0,,"false"
"2026-09-29T14:01:37Z",39,"Nedeljkovic","AVL","0.0","0.0","0.0","0.0",0,0,"0.1",40,0,538,0,0,"0.0","u",0,0,,"false"
"2026-09-29T14:01:37Z",41,"Buendía","AVL","-37.4","-37.4","-37.6","-37.7",-2,-1,"1.0",59,11745,3996,21,401,"4.8","a",0,-1,,"false"
"2026-09-29T14:01:37Z",44,"Bailey","AVL","0.0","0.0","0.0","0.0",0,0,"0.1",54,0,468,0,0,"0.0","u",0,-1,,"false"
"2026-09-29T14:01:37Z",45,"McGinn","AVL","-20.0","-19.9","-19.9","-19.9",-1,1,"2.2",54,6575,8187,17,434,"4.0","a",0,-1,,"false"
"2026-09-29T14:01:37Z",46,"Barkley","AVL","0.5","0.5","0.5","0.5",1,-1,"0.3",50,545,1731,10,308,"2.0","a",0,0,,"false"
"2026-09-29T14:01:37Z",47,"Kamara","AVL","-79.0","-78.7","-78.1","-77.6",-3,1,"0.3",50,1260,1528,15,443,"3.2","a",0,0,,"false"
"2026-09-29T14:01:37Z",48,"Onana","AVL","-10.7","-10.7","-10.7","-10.7",-1,0,"0.0",49,39,93,0,0,"0.0","i",0,-1,,"false"
"2026-09-29T14:01:37Z",49,"Iling Jr","AVL","0.0","0.0","0.0","0.0",0,0,"0.0",50,0,10,0,0,"0.0","u",0,0,,"false"
"2026-09-29T14:01:37Z",50,"Burrowes","AVL","-76.8","-76.8","-76.8","-76.8",-3,0,"0.6",45,615,3299,0,0,"0.0","a",0,0,,"false"
"2026-09-29T14:01:37Z",51,"George Hemmings","AVL","13.5","13.5","13.4","13.4",1,-2,"1.2",45,3118,9407,9,297,"1.8","a",0,0,,"false"
"2026-09-29T14:01:37Z",52,"Alysson","AVL","-0.9","-0.9","-0.9","-0.9",-1,0,"0.0",50,66,759,8,87,"1.8","d",0,0,,"false"
"2026-09-29T14:01:37Z",53,"Manzambi","AVL","8.0","8.0","8.2","8.3",1,8,"0.4",59,27423,3063,14,98,"3.5","a",0,-1,,"false"
"2026-09-29T14:01:37Z",54,"Gomes","AVL","0.1","0.1","0.1","0.1",1,0,"0.0",55,443,186,2,129,"1.0","a",0,0,,"false"
"2026-09-29T14:01:37Z",55,"Watkins","AVL","0.0","0.0","0.0","0.0",0,-16,"2.5",78,0,12142,0,0,"0.0","u",0,-2,,"false"
"2026-09-29T14:01:37Z",56,"Abraham","AVL","3.4","3.4","3.4","3.4",1,0,"0.2",55,1613,1678,4,71,"1.0","a",0,0,,"false"
"2026-09-29T14:01:37Z",160,"Garnacho","AVL","-64.2","-64.2","-64.2","-64.2",-3,0,"0.3",58,510,2695,3,31,"0.5","a",0,-2,,"false"
"2026-09-29T14:01:37Z",166,"N.Jackson","AVL","50.2","50.3","50.7","51.1",3,26,"1.5",65,34360,7668,10,286,"2.5","a",0,0,,"false"
"2026-09-29T14:01:37Z",582,"Madjo","AVL","-24.0","-24.0","-24.0","-24.0",-2,0,"0.2",54,182,1718,0,0,"0.0","i",0,-1,,"false"
"2026-09-29T14:01:37Z",596,"Ruggeri","AVL","-73.6","-72.8","-70.8","-68.8",-3,1,"0.1",45,495,316,5,113,"1.0","a",0,0,,"false"
"2026-09-29T14:01:37Z",597,"Suzuki","AVL","29.1","29.1","29.1","29.1",2,0,"1.9",50,13144,6246,16,360,"4.0","a",0,0,,"false"
"2026-09-29T14:01:37Z",606,"Rowe","AVL","0.2","0.2","0.2","0.2",1,0,"0.2",40,306,877,0,0,"0.0","a",0,0,,"false"
"2026-09-29T14:01:37Z",607,"Lynch","AVL","0.0","0.0","0.0","0.0",0,0,"0.1",45,0,691,0,0,"0.0","u",0,0,,"false"
"2026-09-29T14:01:37Z",611,"Wan-Bissaka","AVL","2.0","2.0","2.0","2.0",1,0,"0.2",45,1392,1386,6,152,"1.5","a",0,0,,"false"
"2026-09-29T14:01:37Z",618,"Goretzka","AVL","-40.0","-40.0","-40.0","-40.0",-3,0,"0.0",59,22,408,0,0,"0.0","i",0,-1,,"false"
"2026-09-29T14:01:37Z",630,"Harwood-Bellis","AVL","0.0","0.0","0.0","0.0",0,0,"0.0",45,181,177,0,0,"0.0","a",0,0,,"false"
"2026-09-29T14:01:37Z",631,"Mbaye","AVL","0.3","0.3","0.3","0.3",1,0,"0.1",60,864,1091,2,33,"0.7","a",0,0,,"false"
"2026-09-29T14:01:37Z",667,"Wright","AVL","0.0","0.0","0.0","0.0",0,0,"0.1",40,6914,789,0,0,"0.0","a",0,0,"2026-10-02T19:12:30.130761Z","false"
"2026-09-29T14:01:37Z",57,"Petrović","BOU","0.3","0.2","0.2","0.2",1,-2,"3.0",45,5946,11327,9,450,"1.3","a",0,0,,"false"
"2026-09-29T14:01:37Z",58,"Forster","BOU","4.5","4.5","4.5","4.4",1,-2,"3.5",40,7933,7051,0,0,"0.0","a",0,0,,"false"
"2026-09-29T14:01:37Z",59,"Dennis","BOU","0.0","0.0","0.0","0.0",0,0,"0.1",40,0,530,0,0,"0.0","u",0,0,,"false"
"2026-09-29T14:01:37Z",60,"Hill","BOU","-33.0","-33.0","-33.0","-33.0",-2,0,"0.8",55,3035,3013,12,450,"2.3","a",0,0,,"false"
"2026-09-29T14:01:37Z",61,"Truffert","BOU","-1.3","-1.3","-1.4","-1.5",-1,-3,"3.0",54,4385,11796,10,450,"1.7","a",-1,-1,,"false"
"2026-09-29T14:01:37Z",62,"Diakité","BOU","-5.4","-5.4","-5.4","-5.4",-1,0,"0.2",49,458,943,0,0,"0.0","a",-1,-1,,"false"
"2026-09-29T14:01:37Z",63,"Milosavljević","BOU","-3.9","-3.9","-3.9","-3.9",-1,0,"0.0",49,28,44,0,0,"0.0","i",0,-1,,"false"
"2026-09-29T14:01:37Z",64,"Smith","BOU","0.3","0.3","0.3","0.3",1,0,"0.1",45,386,463,4,434,"0.7","a",0,0,,"false"
"2026-09-29T14:01:37Z",65,"J.Araujo","BOU","-12.1","-12.1","-12.1","-12.1",-1,0,"0.0",44,34,53,0,0,"0.0","i",0,-1,,"false"
"2026-09-29T14:01:37Z",66,"Soler","BOU","1.4","1.4","1.4","1.4",1,0,"0.3",40,716,1095,0,0,"0.0","a",0,0,,"false"
"2026-09-29T14:01:37Z",67,"Rayan","BOU","-9.6","-9.7","-9.7","-9.8",-1,-1,"1.6",63,3842,9532,10,434,"2.0","a",-1,-2,,"false"
"2026-09-29T14:01:37Z",68,"Tavernier","BOU","29.7","29.7","29.8","29.8",2,3,"6.8",61,79572,42293,31,424,"6.7","a",0,1,,"false"
"2026-09-29T14:01:37Z",69,"Scott","BOU","0.4","0.4","0.3","0.3",1,-2,"5.8",61,22961,37516,30,446,"5.3","a",0,1,,"false"
"2026-09-29T14:01:37Z",70,"Kluivert","BOU","-51.6","-51.8","-52.3","-52.8",-3,-8,"0.9",60,2292,17431,15,294,"3.0","i",0,0,,"false"
"2026-09-29T14:01:37Z",71,"Cook","BOU","-11.5","-11.5","-11.5","-11.5",-1,0,"0.2",50,259,1125,8,180,"0.7","a",0,0,,"false"
"2026-09-29T14:01:37Z",72,"Gannon-Doak","BOU","-62.6","-62.6","-62.6","-62.6",-3,0,"0.1",49,135,364,4,12,"1.0","a",0,-1,,"false"
"2026-09-29T14:01:37Z",73,"Adams","BOU","1.5","1.5","1.5","1.5",1,-1,"0.3",50,1061,1597,12,279,"3.3","a",0,0,,"false"
"2026-09-29T14:01:37Z",74,"Brooks","BOU","-19.0","-17.7","-14.2","-10.8",-1,1,"0.1",50,171,316,3,45,"0.7","a",0,0,,"false"
"2026-09-29T14:01:37Z",75,"Christie","BOU","0.4","0.4","0.4","0.4",1,1,"0.0",50,288,241,5,102,"1.3","a",0,0,,"false"
"2026-09-29T14:01:37Z",76,"Tóth.A","BOU","-12.0","-12.0","-12.0","-12.0",-1,0,"0.0",49,25,54,2,17,"0.3","a",0,-1,,"false"
"2026-09-29T14:01:37Z",77,"Adli","BOU","-82.2","-82.2","-82.2","-82.2",-3,0,"0.0",49,22,74,0,0,"0.0","i",0,-1,,"false"
"2026-09-29T14:01:37Z",78,"Kroupi.Jr","BOU","-73.8","-74.0","-74.6","-75.1",-3,-2,"0.2",74,181,825,0,0,"0.0","i",0,-1,,"false"
"2026-09-29T14:01:37Z",79,"Evanilson","BOU","49.9","49.9","49.9","50.0",3,3,"3.2",60,16871,20403,18,424,"3.0","a",0,0,,"false"
"2026-09-29T14:01:37Z",80,"Enes Ünal","BOU","0.0","0.0","0.0","0.0",0,0,"0.0",55,0,48,0,0,"0.0","u",0,0,,"false"
"2026-09-29T14:01:37Z",81,"Rodríguez","BOU","-33.4","-34.2","-36.2","-38.3",-2,-2,"0.1",60,730,699,2,10,"0.3","a",0,0,,"false"
"2026-09-29T14:01:37Z",566,"Silva","BOU","1.3","1.3","1.3","1.3",1,0,"0.4",50,5682,3332,13,450,"2.3","a",0,0,,"false"
"2026-09-29T14:01:37Z",573,"Sanchez","BOU","-12.0","-12.0","-12.0","-12.0",-1,0,"0.2",44,143,419,0,0,"0.0","a",0,-1,,"false"
"2026-09-29T14:01:37Z",608,"Jebbison","BOU","0.5","0.5","0.5","0.5",1,0,"0.1",50,858,874,3,31,"0.7","a",0,0,,"false"
"2026-09-29T14:01:37Z",615,"Di Gregorio","BOU","-27.9","-27.9","-27.9","-27.9",-2,0,"0.0",45,181,188,0,0,"0.0","a",0,0,,"false"
"2026-09-29T14:01:37Z",82,"Kelleher","BRE","19.9","19.9","19.9","19.9",1,0,"6.1",50,19318,13005,20,450,"3.7","a",0,0,,"false"
"2026-09-29T14:01:37Z",83,"Valdimarsson","BRE","-73.3","-73.3","-73.3","-73.3",-3,0,"0.1",45,286,321,0,0,"0.0","a",0,0,,"false"
"2026-09-29T14:01:37Z",84,"Collins","BRE","-27.5","-27.7","-28.1","-28.5",-2,-8,"1.0",54,116,9104,10,196,"0.3","i",0,-1,,"false"
"2026-09-29T14:01:37Z",85,"Van den Berg","BRE","-78.1","-79.3","-82.4","-85.5",-3,-3,"0.1",49,37,328,0,0,"0.0","i",0,-1,,"false"
"2026-09-29T14:01:37Z",86,"Lewis-Potter","BRE","31.7","31.7","31.7","31.7",2,1,"1.7",55,3599,11704,22,406,"2.0","a",0,0,,"false"
"2026-09-29T14:01:37Z",87,"Ajer","BRE","30.2","30.2","30.2","30.2",2,-1,"3.9",45,10878,21943,21,450,"3.3","a",0,0,,"false"
"2026-09-29T14:01:37Z",88,"Kayode","BRE","-37.1","-37.1","-37.1","-37.1",-2,0,"7.6",46,12685,20595,23,294,"2.7","a",0,1,,"false"
"2026-09-29T14:01:37Z",89,"Henry","BRE","-15.2","-15.2","-15.2","-15.2",-1,0,"0.2",44,155,574,1,2,"0.0","a",0,-1,,"false"
"2026-09-29T14:01:37Z",90,"Hickey","BRE","-28.5","-28.5","-28.5","-28.5",-2,0,"0.1",45,177,243,5,152,"1.0","a",0,0,,"false"
"2026-09-29T14:01:37Z",92,"Ji-soo","BRE","-4.6","-4.6","-4.6","-4.6",-1,0,"0.0",44,58,87,0,0,"0.0","a",-1,-1,,"false"
"2026-09-29T14:01:37Z",93,"Schuster","BRE","4.9","4.9","5.0","5.1",1,6,"0.3",45,14722,2176,21,253,"7.0","a",0,0,,"false"
"2026-09-29T14:01:37Z",94,"Schade","BRE","11.6","11.9","12.5","13.1",1,113,"11.4",62,381404,23351,39,447,"8.7","a",1,2,,"false"
"2026-09-29T14:01:37Z",95,"O.Dango","BRE","-46.7","-46.5","-46.2","-45.8",-3,1,"0.5",63,789,3540,7,179,"1.0","a",0,-2,,"false"
"2026-09-29T14:01:37Z",96,"Damsgaard","BRE","-8.4","-8.2","-7.8","-7.4",-1,1,"0.4",54,1511,1986,16,283,"4.0","a",0,-1,,"false"
"2026-09-29T14:01:37Z",97,"Jensen","BRE","-55.2","-55.2","-55.2","-55.2",-3,0,"0.1",54,20,622,6,66,"0.0","i",0,-1,,"false"
"2026-09-29T14:01:37Z",98,"Janelt","BRE","76.3","76.3","76.4","76.5",3,4,"2.5",50,18865,17315,28,450,"6.0","a",0,0,,"false"
"2026-09-29T14:01:37Z",99,"Milambo","BRE","-42.1","-42.1","-42.1","-42.1",-3,0,"0.0",50,6,7,0,0,"0.0","i",0,0,,"false"
"2026-09-29T14:01:37Z",100,"Carvalho","BRE","0.3","0.3","0.3","0.3",1,0,"0.0",50,598,171,6,3,"2.0","a",0,0,,"false"
"2026-09-29T14:01:37Z",102,"Yarmoliuk","BRE","-17.2","-17.2","-17.2","-17.2",-1,0,"0.6",48,1298,3175,9,216,"2.3","a",0,-2,,"false"
"2026-09-29T14:01:37Z",103,"Dasilva","BRE","-59.9","-59.9","-59.9","-59.9",-3,0,"0.0",49,9,100,0,0,"0.0","i",0,-1,,"false"
"2026-09-29T14:01:37Z",105,"Anthony","BRE","0.8","0.8","0.8","0.8",1,0,"0.1",59,2265,588,15,267,"4.0","a",0,-1,,"false"
"2026-09-29T14:01:37Z",106,"Thiago","BRE","9.2","9.3","9.5","9.8",1,19,"9.1",78,54923,36856,10,442,"2.7","a",0,-2,,"false"
"2026-09-29T14:01:37Z",107,"Furo","BRE","-5.4","-5.5","-5.7","-5.9",-1,-4,"0.9",45,603,9286,0,0,"0.0","i",0,0,,"false"
"2026-09-29T14:01:37Z",108,"Wilson","BRE","-11.7","-11.7","-11.7","-11.7",-1,0,"0.3",54,1151,2406,3,13,"0.3","a",-1,-1,,"false"
"2026-09-29T14:01:37Z",565,"M.Sangaré","BRE","-30.6","-30.7","-30.9","-31.1",-2,-21,"9.9",56,8200,136518,22,321,"1.3","a",-1,1,,"false"
"2026-09-29T14:01:37Z",620,"Diouf","BRE","-34.9","-34.9","-34.9","-34.9",-2,0,"0.1",45,456,663,2,39,"0.7","a",0,0,,"false"
"2026-09-29T14:01:37Z",657,"Nunes","BRE","0.0","0.0","0.0","0.0",0,0,"0.0",45,334,265,0,0,"0.0","a",0,0,,"false"
"2026-09-29T14:01:37Z",660,"Fredrick","BRE","0.0","0.0","0.0","0.0",0,0,"0.0",40,514,65,0,0,"0.0","a",0,0,"2026-10-01T21:16:22.650713Z","false"
"2026-09-29T14:01:37Z",661,"Balcombe","BRE","0.0","0.0","0.0","0.0",0,0,"0.0",40,2811,525,0,0,"0.0","a",0,0,"2026-10-01T21:16:40.866514Z","false"
"2026-09-29T14:01:37Z",109,"Verbruggen","BHA","62.8","62.9","62.9","63.0",3,4,"21.6",45,69972,69829,23,450,"5.7","a",0,0,,"false"
"2026-09-29T14:01:37Z",111,"Steele","BHA","-0.6","-0.6","-0.8","-0.9",-1,-4,"4.1",40,6958,14386,0,0,"0.0","a",0,0,,"false"
"2026-09-29T14:01:37Z",113,"F.Kadıoğlu","BHA","-59.2","-59.2","-59.2","-59.2",-3,0,"1.6",44,3858,6690,13,332,"4.3","a",0,-1,,"false"
"2026-09-29T14:01:37Z",114,"Boscagli","BHA","2.6","2.6","2.7","2.7",1,2,"0.3",45,1950,752,19,437,"4.7","a",0,0,,"false"
"2026-09-29T14:01:37Z",115,"De Cuyper","BHA","1.6","1.7","2.1","2.4",1,67,"27.7",50,292977,20232,38,423,"7.0","a",1,5,,"false"
"2026-09-29T14:01:37Z",116,"Dunk","BHA","19.9","19.9","19.8","19.7",1,-7,"1.5",45,7523,9360,22,360,"5.7","d",0,0,,"false"
"2026-09-29T14:01:37Z",117,"Coppola","BHA","-11.0","-11.0","-11.0","-11.0",-1,0,"0.0",45,106,93,0,0,"0.0","a",0,0,,"false"
"2026-09-29T14:01:37Z",118,"Igor","BHA","0.0","0.0","0.0","0.0",0,0,"0.0",45,0,278,0,0,"0.0","u",0,0,,"false"
"2026-09-29T14:01:37Z",119,"Costinha","BHA","0.0","0.0","0.0","0.0",0,0,"0.0",45,166,129,4,68,"1.0","a",0,0,,"false"
"2026-09-29T14:01:37Z",120,"Svoboda","BHA","0.5","0.5","0.5","0.5",1,0,"0.1",50,1307,454,1,4,"0.3","a",0,0,,"false"
"2026-09-29T14:01:37Z",121,"Mitoma","BHA","-24.9","-24.9","-24.9","-24.9",-2,0,"0.0",59,116,166,0,0,"0.0","i",0,-1,,"false"
"2026-09-29T14:01:37Z",122,"Minteh","BHA","-4.7","-4.7","-4.7","-4.7",-1,0,"0.0",58,44,212,0,0,"0.0","i",-1,-2,,"false"
"2026-09-29T14:01:37Z",123,"Hinshelwood","BHA","-38.2","-38.4","-38.8","-39.2",-2,-4,"0.6",59,263,6606,16,63,"0.0","i",0,-1,,"false"
"2026-09-29T14:01:37Z",124,"Groß","BHA","89.1","89.5","90.7","91.9",3,224,"28.8",58,774529,11293,47,450,"10.7","a",1,3,,"false"
"2026-09-29T14:01:37Z",125,"Georginio","BHA","-0.0","-0.0","-0.0","-0.0",0,0,"0.5",53,2556,3725,6,104,"0.3","a",-1,-2,,"false"
"2026-09-29T14:01:37Z",126,"O'Riley","BHA","-8.3","-8.3","-8.3","-8.3",-1,0,"0.1",54,414,554,2,10,"0.7","a",0,-1,,"false"
"2026-09-29T14:01:37Z",127,"Gomez","BHA","30.6","30.6","30.6","30.6",2,1,"4.0",50,11889,37546,24,433,"4.3","a",0,0,,"false"
"2026-09-29T14:01:37Z",128,"Buonanotte","BHA","0.0","0.0","0.0","0.0",0,0,"0.0",50,0,7,0,0,"0.0","u",0,0,,"false"
"2026-09-29T14:01:37Z",129,"Ayari","BHA","-45.6","-45.5","-45.3","-45.1",-3,1,"0.4",54,2221,1942,15,333,"4.3","a",0,-1,,"false"
"2026-09-29T14:01:37Z",130,"Wieffer","BHA","-29.5","-29.4","-29.0","-28.6",-2,1,"0.2",49,30,1923,7,156,"0.0","i",0,-1,,"false"
"2026-09-29T14:01:37Z",132,"Howell","BHA","0.0","0.0","0.0","0.0",0,0,"0.0",45,0,196,0,0,"0.0","u",0,0,,"false"
"2026-09-29T14:01:37Z",133,"Watson","BHA","0.0","0.0","0.0","0.0",0,0,"0.0",50,0,4,0,0,"0.0","u",0,0,,"false"
"2026-09-29T14:01:37Z",134,"Oriola","BHA","-79.7","-79.7","-79.7","-79.7",-3,0,"0.2",45,349,1314,0,0,"0.0","a",0,0,,"false"
"2026-09-29T14:01:37Z",135,"Yohanna","BHA","-0.7","-0.7","-0.7","-0.7",-1,0,"0.0",48,23,382,1,12,"0.0","i",-1,-2,,"false"
"2026-09-29T14:01:37Z",137,"Tzimas","BHA","-3.2","-3.2","-3.2","-3.2",-1,0,"0.0",54,36,49,0,0,"0.0","i",0,-1,,"false"
"2026-09-29T14:01:37Z",138,"Kostoulas","BHA","18.4","18.6","19.3","20.0",1,128,"4.1",56,303551,17865,28,353,"7.3","a",1,1,,"false"
"2026-09-29T14:01:37Z",139,"Ferguson","BHA","-57.8","-57.8","-57.8","-57.8",-3,0,"0.0",50,126,249,0,0,"0.0","i",0,0,,"false"
"2026-09-29T14:01:37Z",328,"Struijk","BHA","-6.9","-7.1","-7.7","-8.2",-1,-1,"0.2",49,638,816,7,98,"2.3","d",0,-1,,"false"
"2026-09-29T14:01:37Z",504,"Vuskovic","BHA","54.2","54.3","54.5","54.7",3,16,"3.6",50,53859,12666,32,437,"8.7","a",0,0,,"false"
"2026-09-29T14:01:37Z",594,"David","BHA","0.6","0.6","0.6","0.7",1,3,"0.2",59,3076,2151,1,23,"0.0","a",-1,-1,,"false"
"2026-09-29T14:01:37Z",600,"Osman","BHA","-66.4","-66.4","-66.4","-66.4",-3,0,"0.0",50,113,124,3,40,"0.3","a",0,0,,"false"
"2026-09-29T14:01:37Z",605,"Yalcouyé","BHA","53.1","53.1","53.1","53.1",3,-1,"4.0",45,25514,32149,20,236,"3.7","a",0,0,,"false"
"2026-09-29T14:01:37Z",614,"Hadjam","BHA","-5.5","-5.5","-5.5","-5.5",-1,0,"0.0",45,243,246,0,0,"0.0","a",0,0,,"false"
"2026-09-29T14:01:37Z",624,"Cozier-Duberry","BHA","0.0","0.0","0.0","0.0",0,0,"0.0",50,0,5,0,0,"0.0","u",0,0,,"false"
"2026-09-29T14:01:37Z",639,"Andrés","BHA","1.4","1.4","1.4","1.4",1,0,"0.0",55,2676,299,12,109,"4.0","a",0,0,,"false"
"2026-09-29T14:01:37Z",652,"Azeez","BHA","-27.7","-27.7","-27.7","-27.7",-2,0,"0.0",55,19,42,0,0,"0.0","i",0,0,,"false"
"2026-09-29T14:01:37Z",658,"Ibrahim","BHA","0.0","0.0","0.0","0.0",0,0,"0.0",45,303,211,0,0,"0.0","a",0,0,,"false"
"2026-09-29T14:01:37Z",28,"Martinez","CHE","-6.1","-6.1","-6.1","-6.1",-1,0,"4.7",50,7269,21466,9,360,"2.3","a",0,0,,"false"
"2026-09-29T14:01:37Z",40,"Rogers","CHE","84.1","84.5","85.3","86.2",3,60,"40.5",77,141698,68329,29,437,"5.3","a",0,2,,"false"
"2026-09-29T14:01:37Z",101,"Henderson","CHE","0.0","0.0","0.0","0.0",0,0,"0.0",49,499,147,2,90,"0.7","a",0,-1,,"false"
"2026-09-29T14:01:37Z",136,"Welbeck","CHE","6.6","6.6","6.7","6.8",1,6,"1.0",59,7212,9029,4,85,"1.3","a",0,-1,,"false"
"2026-09-29T14:01:37Z",140,"Sánchez","CHE","0.0","0.0","0.0","0.0",0,-5,"0.7",49,0,4674,2,90,"0.0","u",0,-1,,"false"
"2026-09-29T14:01:37Z",141,"Jörgensen","CHE","0.0","0.0","0.0","0.0",0,0,"0.0",50,0,30,0,0,"0.0","u",0,0,,"false"
"2026-09-29T14:01:37Z",142,"James","CHE","-92.7","-92.9","-93.4","-93.9",-3,-34,"5.8",54,597,75968,3,292,"0.7","d",0,-1,,"false"
"2026-09-29T14:01:37Z",143,"Chalobah","CHE","0.0","0.0","0.0","0.0",0,0,"0.1",55,0,299,0,0,"0.0","u",0,0,,"false"
"2026-09-29T14:01:37Z",144,"Gusto","CHE","-3.1","-3.1","-3.1","-3.1",-1,0,"1.0",49,1535,6754,4,272,"0.7","a",-1,-1,,"false"
"2026-09-29T14:01:37Z",145,"Fofana","CHE","4.5","4.5","4.5","4.6",1,2,"0.2",50,2381,1248,8,312,"2.7","a",0,0,,"false"
"2026-09-29T14:01:37Z",146,"B.Badiashile","CHE","0.0","0.0","0.0","0.0",0,0,"0.0",45,0,42,0,0,"0.0","u",0,0,,"false"
"2026-09-29T14:01:37Z",148,"Hato","CHE","12.4","12.4","12.4","12.4",1,0,"0.8",45,788,7179,8,258,"1.0","a",0,0,,"false"
"2026-09-29T14:01:37Z",149,"Colwill","CHE","-9.5","-9.6","-9.7","-9.9",-1,-2,"0.9",48,1024,5262,3,341,"0.7","a",-1,-2,,"false"
"2026-09-29T14:01:37Z",150,"M.Sarr","CHE","0.0","0.0","0.0","0.0",0,-2,"0.0",45,0,161,0,0,"0.0","u",0,0,,"false"
"2026-09-29T14:01:37Z",151,"Acheampong","CHE","-10.9","-10.9","-10.9","-10.9",-1,0,"0.3",45,401,1888,5,221,"0.3","a",0,0,,"false"
"2026-09-29T14:01:37Z",152,"Palestra","CHE","-1.1","-1.2","-1.4","-1.7",-1,-2,"0.6",53,202,3701,0,0,"0.0","d",0,-2,,"false"
"2026-09-29T14:01:37Z",154,"Palmer","CHE","-11.9","-12.1","-12.8","-13.4",-1,-83,"25.7",97,47008,161220,28,442,"2.7","d",0,2,,"false"
"2026-09-29T14:01:37Z",156,"Neto","CHE","-7.5","-7.3","-6.9","-6.4",-1,4,"1.4",65,4916,9416,14,332,"2.0","a",0,0,,"false"
"2026-09-29T14:01:37Z",157,"Estêvão","CHE","-32.2","-32.1","-32.0","-31.9",-2,1,"0.7",63,1697,4251,4,23,"1.0","a",0,-2,,"false"
"2026-09-29T14:01:37Z",158,"Gittens","CHE","-3.0","-3.0","-3.0","-3.0",-1,0,"0.0",58,151,239,0,0,"0.0","d",-1,-2,,"false"
"2026-09-29T14:01:37Z",159,"Caicedo","CHE","-1.7","-1.7","-1.9","-2.1",-1,-2,"1.0",53,401,8662,1,13,"0.0","d",0,-2,,"false"
"2026-09-29T14:01:37Z",161,"Lavia","CHE","4.6","4.6","4.6","4.5",1,-2,"0.2",50,412,2396,11,258,"1.0","a",0,0,,"false"
"2026-09-29T14:01:37Z",163,"D.Essugo","CHE","0.0","0.0","0.0","0.0",0,0,"0.1",45,0,697,0,0,"0.0","u",0,0,,"false"
"2026-09-29T14:01:37Z",164,"Quenda","CHE","-27.2","-27.2","-27.2","-27.2",-2,0,"0.0",53,68,176,2,27,"0.3","a",0,-2,,"false"
"2026-09-29T14:01:37Z",165,"João Pedro","CHE","-1.7","-1.8","-1.8","-1.9",-1,-84,"65.2",77,59878,384971,33,360,"4.3","d",-1,2,,"false"
"2026-09-29T14:01:37Z",168,"Marc Guiu","CHE","0.0","0.0","0.0","0.0",0,0,"0.2",50,0,1490,0,0,"0.0","u",0,0,,"false"
"2026-09-29T14:01:37Z",169,"Mheuka","CHE","4.3","4.3","4.3","4.3",1,0,"0.5",45,4362,3432,0,0,"0.0","a",0,0,,"false"
"2026-09-29T14:01:37Z",170,"Emegha","CHE","-0.1","-0.1","-0.1","-0.1",-1,0,"0.1",49,74,1054,0,0,"0.0","i",-1,-1,,"false"
"2026-09-29T14:01:37Z",200,"Lacroix","CHE","-7.1","-7.1","-7.1","-7.2",-1,-3,"6.8",59,7506,28509,13,364,"2.0","a",-1,-1,,"false"
"2026-09-29T14:01:37Z",560,"Penders","CHE","-0.5","-0.5","-0.5","-0.5",-1,0,"0.1",44,241,291,0,0,"0.0","a",0,-1,,"false"
"2026-09-29T14:01:37Z",561,"Anselmino","CHE","-1.6","-1.6","-1.6","-1.6",-1,0,"0.0",45,63,102,0,0,"0.0","a",0,0,,"false"
"2026-09-29T14:01:37Z",568,"Barco","CHE","-13.8","-13.8","-13.8","-13.8",-1,0,"0.1",54,227,434,3,115,"0.7","a",0,-1,,"false"
"2026-09-29T14:01:37Z",583,"Chavarria","CHE","-49.6","-49.6","-49.6","-49.6",-3,0,"0.1",49,399,523,5,208,"1.0","a",0,-1,,"false"
"2026-09-29T14:01:37Z",662,"Nicoll-Jazuli","CHE","0.0","0.0","0.0","0.0",0,0,"0.0",45,328,71,1,3,"1.0","a",0,0,"2026-10-01T21:17:24.996715Z","false"
"2026-09-29T14:01:37Z",91,"Pinnock","COV","-73.1","-73.1","-73.1","-73.1",-3,0,"0.1",45,366,217,14,282,"4.3","a",0,0,,"false"
"2026-09-29T14:01:37Z",104,"Onyeka","COV","-32.6","-32.6","-32.6","-32.6",-2,0,"0.1",49,168,437,9,314,"2.3","a",0,-1,,"false"
"2026-09-29T14:01:37Z",110,"Rushworth","COV","-57.2","-57.2","-57.2","-57.2",-3,0,"0.8",45,2463,5800,16,450,"4.3","a",0,0,,"false"
"2026-09-29T14:01:37Z",171,"Dovin","COV","0.0","0.0","0.0","0.0",0,-3,"1.0",40,0,4606,0,0,"0.0","u",0,0,,"false"
"2026-09-29T14:01:37Z",172,"Wilson","COV","-5.8","-5.9","-6.4","-6.9",-1,-1,"0.4",44,231,646,0,0,"0.0","a",0,-1,,"false"
"2026-09-29T14:01:37Z",173,"Thomas","COV","16.9","16.9","16.9","17.0",1,4,"8.6",40,25109,30059,24,437,"4.3","a",0,0,,"false"
"2026-09-29T14:01:37Z",174,"Kitching","COV","0.0","0.0","0.0","0.0",0,-1,"0.3",40,0,1752,0,0,"0.0","u",0,0,,"false"
"2026-09-29T14:01:37Z",175,"van Ewijk","COV","-47.4","-47.5","-47.7","-47.9",-3,-21,"8.8",40,1144,73999,6,360,"1.0","d",0,0,,"false"
"2026-09-29T14:01:37Z",176,"Dasilva","COV","-31.7","-31.3","-30.4","-29.4",-2,5,"0.7",40,6013,1668,20,444,"5.7","a",0,0,,"false"
"2026-09-29T14:01:37Z",177,"Kesler-Hayden","COV","0.2","0.2","0.1","0.1",1,-1,"0.0",39,998,512,0,0,"0.0","i",-1,-1,,"false"
"2026-09-29T14:01:37Z",178,"Bidwell","COV","-29.4","-29.4","-29.4","-29.4",-2,0,"0.1",40,179,293,0,0,"0.0","a",0,0,,"false"
"2026-09-29T14:01:37Z",179,"Latibeaudiere","COV","-74.3","-74.3","-74.3","-74.3",-3,0,"0.0",40,72,133,1,1,"0.3","a",0,0,,"false"
"2026-09-29T14:01:37Z",180,"Woolfenden","COV","-94.9","-94.9","-94.9","-94.9",-3,0,"0.1",40,24,492,0,0,"0.0","i",0,0,,"false"
"2026-09-29T14:01:37Z",181,"Brau","COV","0.0","0.0","0.0","0.0",0,0,"0.0",40,0,95,0,0,"0.0","u",0,0,,"false"
"2026-09-29T14:01:37Z",182,"Amenda","COV","-52.5","-52.5","-52.5","-52.5",-3,0,"0.6",40,34,6595,4,360,"0.7","i",0,0,,"false"
"2026-09-29T14:01:37Z",183,"Rudoni","COV","0.1","0.1","0.1","0.1",1,0,"0.1",49,869,645,13,297,"3.0","a",0,-1,,"false"
"2026-09-29T14:01:37Z",184,"Grimes","COV","-28.0","-28.0","-28.0","-28.0",-2,0,"0.1",49,177,839,11,443,"2.3","a",0,-1,,"false"
"2026-09-29T14:01:37Z",185,"Sakamoto","COV","-22.0","-22.0","-22.0","-22.0",-2,0,"0.1",48,123,373,1,31,"0.0","a",0,-2,,"false"
"2026-09-29T14:01:37Z",186,"Mason-Clark","COV","-1.9","-1.9","-1.9","-1.9",-1,0,"0.1",53,70,352,5,231,"1.3","a",-1,-2,,"false"
"2026-09-29T14:01:37Z",187,"Eccles","COV","-4.4","-4.4","-4.4","-4.4",-1,0,"0.0",48,17,87,0,0,"0.0","i",-1,-2,,"false"
"2026-09-29T14:01:37Z",188,"Torp","COV","-11.0","-11.0","-11.0","-11.0",-1,0,"0.1",53,43,423,3,53,"0.3","a",-1,-2,,"false"
"2026-09-29T14:01:37Z",189,"Shepherd","COV","0.8","0.8","0.8","0.8",1,0,"0.3",44,3974,2205,0,0,"0.0","a",0,-1,,"false"
"2026-09-29T14:01:37Z",190,"Tchaouna","COV","-79.5","-79.5","-79.5","-79.5",-3,0,"0.1",54,23,335,5,211,"0.7","a",0,-1,,"false"
"2026-09-29T14:01:37Z",191,"Borges Rodrigues","COV","0.0","0.0","0.0","0.0",0,-1,"0.1",45,0,661,0,0,"0.0","u",0,0,,"false"
"2026-09-29T14:01:37Z",192,"Andrews","COV","0.0","0.0","0.0","0.0",0,0,"0.3",45,0,1923,0,0,"0.0","u",0,0,,"false"
"2026-09-29T14:01:37Z",193,"Wright","COV","-99.8","-100.1","-101.1","-102.0",-5,-1,"0.1",54,46,528,0,0,"0.0","i",0,-1,,"false"
"2026-09-29T14:01:37Z",194,"Thomas-Asante","COV","2.7","2.7","2.7","2.7",1,0,"0.8",50,7663,5688,9,227,"2.0","a",0,0,,"false"
"2026-09-29T14:01:37Z",195,"Simms","COV","-0.2","-0.2","-0.2","-0.2",-1,0,"0.6",49,1752,5125,4,104,"0.7","a",-1,-1,,"false"
"2026-09-29T14:01:37Z",196,"Markelo","COV","0.0","0.0","0.0","0.0",0,0,"0.0",50,0,60,0,0,"0.0","u",0,0,,"false"
"2026-09-29T14:01:37Z",197,"Bassette","COV","0.0","0.0","0.0","0.0",0,0,"0.0",45,0,141,0,0,"0.0","u",0,0,,"false"
"2026-09-29T14:01:37Z",492,"Awoniyi","COV","-12.7","-12.8","-13.2","-13.5",-1,-4,"0.4",54,64,4877,3,232,"0.0","s",-1,-1,,"false"
"2026-09-29T14:01:37Z",575,"Yirenkyi","COV","-2.6","-2.6","-2.6","-2.6",-1,0,"0.1",48,283,993,9,265,"1.7","a",-1,-2,,"false"
"2026-09-29T14:01:37Z",584,"Hamer","COV","-82.8","-82.8","-82.8","-82.8",-3,0,"0.1",54,41,386,3,32,"0.3","a",0,-1,,"false"
"2026-09-29T14:01:37Z",599,"Cherif","COV","-6.8","-6.1","-4.3","-2.5",-1,1,"0.1",50,512,735,1,30,"0.3","a",0,0,,"false"
"2026-09-29T14:01:37Z",623,"Bentley","COV","2.1","2.1","2.1","2.1",1,0,"0.6",40,7894,2247,0,0,"0.0","a",0,0,,"false"
"2026-09-29T14:01:37Z",655,"Gboho","COV","0.0","0.0","0.0","0.0",0,0,"0.0",55,68,52,0,0,"0.0","a",0,0,,"false"
"2026-09-29T14:01:37Z",656,"Mfuni","COV","0.0","0.0","0.0","0.0",0,0,"0.1",40,1802,835,6,90,"3.0","a",0,0,,"false"
"2026-09-29T14:01:37Z",42,"Guessand","CRY","-26.4","-28.2","-32.9","-37.7",-2,-1,"0.0",54,103,257,2,54,"0.0","a",0,-1,,"false"
"2026-09-29T14:01:37Z",153,"Disasi","CRY","-60.0","-60.0","-60.0","-60.0",-3,0,"0.1",45,23,745,1,139,"0.0","s",0,0,,"false"
"2026-09-29T14:01:37Z",198,"Henderson","CRY","-95.3","-95.4","-95.8","-96.1",-4,-8,"1.3",50,136,10729,5,270,"0.7","i",0,0,,"false"
"2026-09-29T14:01:37Z",199,"Benitez","CRY","-24.3","-24.3","-24.3","-24.3",-2,0,"0.1",45,646,357,8,180,"2.7","a",0,0,,"false"
"2026-09-29T14:01:37Z",202,"Richards","CRY","-98.8","-99.0","-99.6","-100.2",-4,-2,"0.6",50,1529,2111,14,450,"3.7","a",0,0,,"false"
"2026-09-29T14:01:37Z",203,"Canvot","CRY","-0.7","-0.7","-0.7","-0.7",-1,0,"0.2",48,369,828,10,360,"3.0","a",-1,-2,,"false"
"2026-09-29T14:01:37Z",204,"Mitchell","CRY","25.9","25.9","25.9","25.9",2,2,"6.0",45,13572,15425,24,419,"7.7","a",0,0,,"false"
"2026-09-29T14:01:37Z",205,"Sosa","CRY","0.0","0.0","0.0","0.0",0,0,"0.0",45,0,97,0,0,"0.0","u",0,0,,"false"
"2026-09-29T14:01:37Z",206,"Chadi Riad","CRY","-4.2","-4.2","-4.2","-4.2",-1,0,"0.0",43,24,119,1,72,"0.0","i",-1,-2,,"false"
"2026-09-29T14:01:37Z",207,"Mingueza","CRY","-87.3","-87.3","-87.3","-87.3",-3,0,"0.1",44,73,271,2,16,"0.3","a",0,-1,,"false"
"2026-09-29T14:01:37Z",208,"Sarr","CRY","0.0","0.0","0.0","0.0",0,0,"0.6",62,2432,2120,1,8,"0.3","a",0,-3,,"false"
"2026-09-29T14:01:37Z",210,"Wharton","CRY","-2.0","-2.0","-2.0","-2.0",-1,0,"0.7",54,1125,4421,12,436,"2.0","a",-1,-1,,"false"
"2026-09-29T14:01:37Z",211,"Yeremy","CRY","4.6","4.6","4.6","4.6",1,0,"0.3",55,674,2541,14,307,"2.7","a",0,0,,"false"
"2026-09-29T14:01:37Z",212,"Hughes","CRY","-19.5","-19.5","-19.6","-19.7",-1,-5,"7.3",44,8763,42863,2,29,"0.7","a",0,-1,,"false"
"2026-09-29T14:01:37Z",213,"Lerma","CRY","-1.5","-1.5","-1.5","-1.5",-1,0,"0.1",48,87,355,1,51,"0.3","a",-1,-2,,"false"
"2026-09-29T14:01:37Z",214,"Kamada","CRY","11.3","11.3","11.3","11.3",1,0,"0.5",50,3102,2886,21,441,"5.3","a",0,0,,"false"
"2026-09-29T14:01:37Z",215,"Devenny","CRY","0.0","0.0","0.0","0.0",0,0,"0.0",50,0,33,0,0,"0.0","u",0,0,,"false"
"2026-09-29T14:01:37Z",216,"Esse","CRY","0.0","0.0","0.0","0.0",0,0,"0.0",50,0,114,0,0,"0.0","u",0,0,,"false"
"2026-09-29T14:01:37Z",217,"M.França","CRY","0.0","0.0","0.0","0.0",0,0,"0.0",49,0,151,0,0,"0.0","u",0,-1,,"false"
"2026-09-29T14:01:37Z",218,"Doucouré","CRY","-2.0","-2.0","-2.0","-2.0",-1,0,"0.0",48,106,285,0,0,"0.0","a",-1,-2,,"false"
"2026-09-29T14:01:37Z",219,"J.Rak-Sakyi","CRY","0.0","0.0","0.0","0.0",0,0,"0.0",49,0,23,0,0,"0.0","u",0,-1,,"false"
"2026-09-29T14:01:37Z",220,"Cardines","CRY","0.0","0.0","0.0","0.0",0,0,"0.0",45,0,3,0,0,"0.0","u",0,0,,"false"
"2026-09-29T14:01:37Z",221,"Drakes-Thomas","CRY","-92.4","-91.4","-88.8","-86.2",-3,1,"0.1",45,135,411,0,0,"0.0","a",0,0,,"false"
"2026-09-29T14:01:37Z",222,"Strand Larsen","CRY","5.0","5.0","5.1","5.2",1,6,"0.7",60,4599,3746,14,298,"3.7","a",0,0,,"false"
"2026-09-29T14:01:37Z",223,"Mateta","CRY","-24.6","-24.7","-24.9","-25.2",-2,-6,"1.3",63,197,8774,2,62,"0.0","i",0,-2,,"false"
"2026-09-29T14:01:37Z",224,"Nketiah","CRY","-17.3","-17.4","-17.5","-17.7",-1,-1,"0.5",55,1207,3240,8,175,"1.7","a",0,0,,"false"
"2026-09-29T14:01:37Z",225,"Uche","CRY","0.0","0.0","0.0","0.0",0,0,"0.0",50,0,0,0,0,"0.0","u",0,0,,"false"
"2026-09-29T14:01:37Z",241,"McNeil","CRY","-93.6","-93.6","-93.6","-93.6",-3,0,"0.1",54,67,453,3,84,"0.0","a",0,-1,,"false"
"2026-09-29T14:01:37Z",555,"Matthews","CRY","-9.0","-9.0","-9.0","-9.0",-1,0,"1.7",40,1047,2938,0,0,"0.0","a",0,0,,"false"
"2026-09-29T14:01:37Z",577,"Tomiyasu","CRY","-12.9","-12.9","-12.9","-12.9",-1,0,"0.3",44,148,1113,3,189,"0.3","d",0,-1,,"false"
"2026-09-29T14:01:37Z",588,"Khalaili","CRY","6.6","6.6","6.6","6.6",1,0,"0.3",50,1971,1063,19,379,"5.3","a",0,0,,"false"
"2026-09-29T14:01:37Z",595,"Gozo","CRY","-0.9","-0.9","-0.9","-0.9",-1,0,"0.0",49,39,88,2,28,"0.3","a",-1,-1,,"false"
"2026-09-29T14:01:37Z",633,"Ahanor","CRY","0.1","0.1","0.1","0.1",1,0,"0.0",45,133,101,3,90,"1.0","a",0,0,,"false"
"2026-09-29T14:01:37Z",643,"Chilwell","CRY","-71.7","-71.4","-70.8","-70.1",-3,2,"0.4",45,538,2851,8,29,"2.7","a",0,0,,"false"
"2026-09-29T14:01:37Z",644,"Timber","CRY","0.2","0.2","0.2","0.2",1,0,"0.0",50,440,301,9,253,"3.0","a",0,0,,"false"
"2026-09-29T14:01:37Z",647,"Osorio","CRY","-71.6","-71.6","-71.6","-71.6",-3,0,"0.0",55,26,72,1,1,"0.3","a",0,0,,"false"
"2026-09-29T14:01:37Z",21,"Nørgaard","EVE","-0.1","-0.5","-1.4","-2.3",-1,-1,"0.0",48,49,308,0,0,"0.0","i",-1,-2,,"false"
"2026-09-29T14:01:37Z",209,"Johnson","EVE","-19.1","-19.1","-19.1","-19.1",-1,0,"0.1",59,382,680,9,238,"2.3","a",0,-1,,"false"
"2026-09-29T14:01:37Z",226,"Pickford","EVE","28.8","28.9","28.9","29.0",2,4,"9.1",55,27794,14829,25,450,"5.0","a",0,0,,"false"
"2026-09-29T14:01:37Z",227,"Travers","EVE","-32.6","-30.9","-26.3","-21.6",-2,1,"0.0",50,237,252,0,0,"0.0","a",0,0,,"false"
"2026-09-29T14:01:37Z",228,"King","EVE","-40.4","-40.4","-40.4","-40.4",-3,0,"0.0",45,112,164,0,0,"0.0","a",0,0,,"false"
"2026-09-29T14:01:37Z",229,"Tarkowski","EVE","98.6","98.9","99.9","100.8",4,65,"16.4",61,217702,19319,43,450,"8.3","a",0,1,,"false"
"2026-09-29T14:01:37Z",230,"Branthwaite","EVE","34.8","34.8","34.8","34.8",2,1,"2.4",55,18821,6604,27,450,"5.7","a",0,0,,"false"
"2026-09-29T14:01:37Z",231,"Keane","EVE","-37.7","-37.7","-37.7","-37.7",-2,0,"0.7",48,371,3721,0,0,"0.0","a",0,-2,,"false"
"2026-09-29T14:01:37Z",232,"O'Brien","EVE","-3.5","-3.5","-3.5","-3.5",-1,0,"0.3",48,319,1090,2,16,"0.7","a",-1,-2,,"false"
"2026-09-29T14:01:37Z",233,"Mykolenko","EVE","1.3","1.3","1.3","1.4",1,5,"4.2",46,40492,17868,27,450,"5.7","a",1,1,,"false"
"2026-09-29T14:01:37Z",234,"Patterson","EVE","0.0","0.0","0.0","0.0",0,-1,"0.0",45,0,116,0,0,"0.0","u",0,0,,"false"
"2026-09-29T14:01:37Z",235,"Aznou","EVE","0.0","0.0","0.0","0.0",0,0,"0.1",40,0,537,0,0,"0.0","u",0,0,,"false"
"2026-09-29T14:01:37Z",236,"Dewsbury-Hall","EVE","-15.1","-15.1","-15.1","-15.1",-1,0,"6.0",66,33529,43201,20,450,"2.3","a",1,1,,"false"
"2026-09-29T14:01:37Z",238,"Grealish","EVE","8.5","8.5","8.5","8.5",1,2,"0.5",65,3528,2867,6,135,"1.7","a",0,0,,"false"
"2026-09-29T14:01:37Z",239,"Garner","EVE","3.4","3.4","3.4","3.4",1,-1,"0.2",60,1654,1899,11,328,"3.0","a",0,0,,"false"
"2026-09-29T14:01:37Z",242,"George","EVE","29.6","29.7","29.7","29.7",2,2,"0.9",55,2344,10464,19,309,"4.7","a",0,0,,"false"
"2026-09-29T14:01:37Z",243,"Alcaraz","EVE","-44.9","-44.9","-44.9","-44.9",-3,0,"0.1",49,157,394,1,5,"0.0","a",0,-1,,"false"
"2026-09-29T14:01:37Z",244,"Armstrong","EVE","9.2","9.2","9.2","9.2",1,0,"0.4",50,789,3234,16,446,"2.0","a",0,0,,"false"
"2026-09-29T14:01:37Z",245,"Dibling","EVE","-88.6","-88.6","-88.6","-88.6",-3,0,"0.0",54,113,152,1,24,"0.3","a",0,-1,,"false"
"2026-09-29T14:01:37Z",246,"Röhl","EVE","-44.1","-44.1","-44.1","-44.1",-3,0,"0.0",49,7,572,6,249,"0.3","i",0,-1,,"false"
"2026-09-29T14:01:37Z",247,"Hackney","EVE","-4.9","-4.9","-4.9","-4.9",-1,0,"0.2",54,187,1055,10,137,"2.0","a",-1,-1,,"false"
"2026-09-29T14:01:37Z",248,"Beto","EVE","0.0","0.0","0.0","0.0",0,-5,"0.6",54,0,7044,2,31,"0.0","u",0,-1,,"false"
"2026-09-29T14:01:37Z",249,"Barry","EVE","0.1","0.2","0.3","0.3",1,14,"8.3",57,81754,37286,20,417,"3.3","a",1,2,,"false"
"2026-09-29T14:01:37Z",649,"Maitland-Niles","EVE","17.0","17.0","17.0","17.0",1,0,"1.4",45,18948,4411,21,177,"7.0","a",0,0,,"false"
"2026-09-29T14:01:37Z",654,"Graham","EVE","-32.5","-32.5","-32.5","-32.5",-2,0,"0.1",45,226,977,0,0,"0.0","a",0,0,,"false"
"2026-09-29T14:01:37Z",250,"Leno","FUL","8.5","8.5","8.6","8.6",1,5,"3.4",45,37212,10608,18,450,"4.3","a",0,0,,"false"
"2026-09-29T14:01:37Z",251,"Lecomte","FUL","-23.4","-23.4","-23.2","-23.0",-2,1,"1.1",40,2367,2393,0,0,"0.0","a",0,0,,"false"
"2026-09-29T14:01:37Z",252,"McNally","FUL","0.0","0.0","0.0","0.0",0,0,"0.1",40,0,583,0,0,"0.0","u",0,0,,"false"
"2026-09-29T14:01:37Z",253,"Andersen","FUL","0.7","0.8","0.8","0.9",1,4,"0.2",50,2604,1050,3,190,"0.7","a",0,0,,"false"
"2026-09-29T14:01:37Z",254,"Robinson","FUL","-19.1","-18.9","-18.6","-18.3",-1,3,"1.5",45,15163,6306,12,429,"3.0","a",0,0,,"false"
"2026-09-29T14:01:37Z",255,"J.Cuenca","FUL","-70.6","-70.6","-70.6","-70.6",-3,0,"0.0",45,64,103,3,90,"0.0","a",0,0,,"false"
"2026-09-29T14:01:37Z",256,"Tete","FUL","-0.2","-0.2","-0.2","-0.2",-1,0,"0.2",44,53,1020,0,27,"0.0","a",0,-1,,"false"
"2026-09-29T14:01:37Z",257,"Bassey","FUL","-0.6","-0.4","0.0","0.0",-1,2,"0.7",45,5042,1693,15,450,"4.3","a",0,0,,"false"
"2026-09-29T14:01:37Z",258,"Castagne","FUL","13.8","13.8","13.8","13.8",1,0,"0.9",45,14013,4626,20,408,"2.7","a",0,0,,"false"
"2026-09-29T14:01:37Z",261,"Iwobi","FUL","-58.5","-58.5","-58.5","-58.5",-3,0,"0.7",54,3234,3095,14,408,"3.3","a",0,-1,,"false"
"2026-09-29T14:01:37Z",262,"Smith Rowe","FUL","-0.7","-0.7","-0.7","-0.7",-1,0,"0.2",53,289,1295,3,38,"0.7","a",-1,-2,,"false"
"2026-09-29T14:01:37Z",263,"Kevin","FUL","-12.3","-12.3","-12.3","-12.3",-1,0,"0.0",53,190,273,4,61,"0.7","a",0,-2,,"false"
"2026-09-29T14:01:37Z",264,"Bobb","FUL","-48.7","-48.5","-47.9","-47.3",-3,1,"0.3",55,2180,1733,13,343,"2.7","a",0,0,,"false"
"2026-09-29T14:01:37Z",265,"Berge","FUL","-33.0","-33.0","-33.0","-33.0",-2,0,"0.3",49,592,1241,11,349,"2.3","a",0,-1,,"false"
"2026-09-29T14:01:37Z",266,"Cairney","FUL","-15.0","-15.0","-15.0","-15.0",-1,0,"0.0",49,8,20,0,0,"0.0","i",0,-1,,"false"
"2026-09-29T14:01:37Z",268,"King","FUL","85.6","85.8","86.2","86.6",3,28,"2.6",55,82937,17246,24,425,"5.0","a",0,0,,"false"
"2026-09-29T14:01:37Z",269,"Sessegnon","FUL","-1.6","-1.6","-1.6","-1.6",-1,0,"0.3",43,284,1262,3,50,"0.3","a",-1,-2,,"false"
"2026-09-29T14:01:37Z",270,"Reed","FUL","-10.7","-10.7","-10.7","-10.7",-1,0,"1.1",44,2735,6625,0,0,"0.0","a",0,-1,,"false"
"2026-09-29T14:01:37Z",271,"Muniz","FUL","-49.9","-49.9","-49.9","-49.9",-3,0,"0.4",54,1636,2590,3,38,"0.7","a",0,-1,,"false"
"2026-09-29T14:01:37Z",272,"Kusi-Asare","FUL","-62.2","-62.3","-62.4","-62.5",-3,-5,"5.4",45,10484,32281,0,0,"0.0","a",0,0,,"false"
"2026-09-29T14:01:37Z",569,"Gonzalo","FUL","56.0","56.2","56.6","57.0",3,28,"3.9",60,63731,31147,14,425,"2.0","a",0,0,,"false"
"2026-09-29T14:01:37Z",570,"Palacios","FUL","-6.8","-7.5","-9.3","-11.2",-1,-2,"0.2",54,686,917,12,226,"3.0","a",0,-1,,"false"
"2026-09-29T14:01:37Z",580,"Charles","FUL","-80.8","-80.8","-80.8","-80.8",-3,0,"0.1",50,566,405,13,303,"3.7","a",0,0,,"false"
"2026-09-29T14:01:37Z",610,"De Fougerolles","FUL","0.0","0.0","0.0","0.0",0,0,"0.1",40,0,488,0,0,"0.0","u",0,0,,"false"
"2026-09-29T14:01:37Z",626,"Zepa","FUL","0.1","0.1","0.1","0.2",1,3,"0.3",44,439,2176,0,0,"0.0","a",-1,-1,,"false"
"2026-09-29T14:01:37Z",635,"Larsson","FUL","0.0","0.0","0.0","0.0",0,0,"0.0",50,90,70,3,37,"1.0","a",0,0,,"false"
"2026-09-29T14:01:37Z",636,"Ángel","FUL","0.0","0.0","0.0","0.0",0,0,"0.0",50,31,26,0,0,"0.0","a",0,0,,"false"
"2026-09-29T14:01:37Z",650,"Affengruber","FUL","1.1","1.1","1.2","1.2",1,4,"0.1",45,4960,1099,12,180,"4.0","a",0,0,,"false"
"2026-09-29T14:01:37Z",240,"Iroegbunam","HUL","0.1","0.1","0.1","0.1",1,0,"0.0",50,74,134,2,70,"0.3","a",0,0,,"false"
"2026-09-29T14:01:37Z",273,"Phillips","HUL","-27.5","-27.5","-27.5","-27.5",-2,0,"1.4",40,2893,3358,0,0,"0.0","a",0,0,,"false"
"2026-09-29T14:01:37Z",274,"Butland","HUL","-0.7","-1.3","-2.9","-4.5",-1,-3,"0.1",44,66,315,0,0,"0.0","i",-1,-1,,"false"
"2026-09-29T14:01:37Z",275,"Cartwright","HUL","0.0","0.0","0.0","0.0",0,0,"0.0",40,0,24,0,0,"0.0","u",0,0,,"false"
"2026-09-29T14:01:37Z",276,"Lo-Tutala","HUL","0.0","0.0","0.0","0.0",0,0,"0.0",40,0,110,0,0,"0.0","u",0,0,,"false"
"2026-09-29T14:01:37Z",277,"Egan","HUL","25.9","25.8","25.7","25.6",2,-8,"7.0",41,26324,28362,26,437,"3.0","a",0,1,,"false"
"2026-09-29T14:01:37Z",278,"Hughes","HUL","0.5","0.4","0.4","0.4",1,-2,"0.2",39,1067,1871,0,0,"0.0","i",0,-1,,"false"
"2026-09-29T14:01:37Z",279,"Ajayi","HUL","68.6","68.6","68.5","68.4",3,-6,"14.0",42,42378,57253,27,423,"2.3","a",0,2,,"false"
"2026-09-29T14:01:37Z",280,"Coyle","HUL","0.2","0.2","0.2","0.2",1,0,"0.7",40,2000,1973,14,348,"2.7","a",0,0,,"false"
"2026-09-29T14:01:37Z",281,"Drameh","HUL","0.0","0.0","0.0","0.0",0,0,"0.0",40,0,245,2,65,"0.0","u",0,0,,"false"
"2026-09-29T14:01:37Z",282,"Giles","HUL","68.9","68.9","68.9","68.9",3,-1,"2.9",40,20782,13352,24,444,"4.0","a",0,0,,"false"
"2026-09-29T14:01:37Z",283,"Jacob","HUL","0.0","0.0","0.0","0.0",0,0,"0.0",40,0,34,0,0,"0.0","u",0,0,,"false"
"2026-09-29T14:01:37Z",284,"McCarthy","HUL","0.4","0.4","0.4","0.4",1,0,"0.1",40,384,421,0,0,"0.0","a",0,0,,"false"
"2026-09-29T14:01:37Z",285,"McNair","HUL","-41.3","-41.3","-41.3","-41.3",-3,0,"0.1",40,187,400,1,26,"0.0","a",0,0,,"false"
"2026-09-29T14:01:37Z",286,"Belloumi","HUL","35.7","35.8","36.2","36.5",2,22,"5.1",51,73693,23809,31,394,"7.3","a",0,1,,"false"
"2026-09-29T14:01:37Z",287,"Millar","HUL","0.0","0.0","0.0","0.0",0,0,"0.0",50,0,289,6,50,"0.0","u",0,0,,"false"
"2026-09-29T14:01:37Z",288,"Dowell","HUL","-93.2","-93.5","-94.1","-94.7",-3,-1,"0.3",45,568,1935,0,0,"0.0","a",0,0,,"false"
"2026-09-29T14:01:37Z",289,"Crooks","HUL","0.7","0.7","0.7","0.7",1,1,"0.5",44,4912,4052,3,203,"0.3","a",-1,-1,,"false"
"2026-09-29T14:01:37Z",290,"Slater","HUL","73.8","73.8","73.7","73.6",3,-8,"5.2",45,15238,36139,15,437,"2.3","a",0,0,,"false"
"2026-09-29T14:01:37Z",291,"Matazo","HUL","-13.6","-13.6","-13.6","-13.6",-1,0,"0.0",45,29,51,0,0,"0.0","i",0,0,,"false"
"2026-09-29T14:01:37Z",292,"Ömür","HUL","-9.9","-9.9","-9.9","-9.9",-1,0,"0.0",49,84,145,0,0,"0.0","a",0,-1,,"false"
"2026-09-29T14:01:37Z",293,"Kamara","HUL","0.0","0.0","0.0","0.0",0,0,"0.0",50,0,12,0,0,"0.0","u",0,0,,"false"
"2026-09-29T14:01:37Z",294,"Zambrano","HUL","-21.9","-21.9","-21.9","-21.9",-2,0,"0.1",45,142,480,0,0,"0.0","a",0,0,,"false"
"2026-09-29T14:01:37Z",295,"McBurnie","HUL","27.3","27.3","27.3","27.3",2,-1,"1.9",55,7582,17452,13,441,"2.3","a",0,0,,"false"
"2026-09-29T14:01:37Z",296,"Akintola","HUL","0.0","0.0","0.0","0.0",0,0,"0.0",50,0,259,0,0,"0.0","u",0,0,,"false"
"2026-09-29T14:01:37Z",297,"Gyabi","HUL","-0.3","-0.3","-0.3","-0.3",-1,0,"0.0",44,55,135,0,0,"0.0","i",-1,-1,,"false"
"2026-09-29T14:01:37Z",298,"Destan","HUL","0.0","0.0","0.0","0.0",0,-1,"0.2",45,0,1255,0,0,"0.0","u",0,0,,"false"
"2026-09-29T14:01:37Z",299,"Burstow","HUL","0.0","0.0","0.0","0.0",0,0,"0.0",45,0,211,0,0,"0.0","u",0,0,,"false"
"2026-09-29T14:01:37Z",340,"Gelhardt","HUL","0.0","0.0","0.0","0.0",0,0,"0.0",50,92,106,1,7,"0.3","a",0,0,,"false"
"2026-09-29T14:01:37Z",556,"Targett","HUL","-72.6","-72.7","-72.9","-73.1",-3,-4,"1.6",40,108,9565,1,5,"0.0","d",0,0,,"false"
"2026-09-29T14:01:37Z",563,"Morita","HUL","-0.1","-0.1","-0.1","-0.1",-1,0,"0.0",49,24,170,1,45,"0.0","i",-1,-1,,"false"
"2026-09-29T14:01:37Z",572,"Tzolakis","HUL","0.6","0.6","0.7","0.7",1,11,"12.8",47,122530,20727,34,450,"4.7","a",1,2,,"false"
"2026-09-29T14:01:37Z",574,"Hjertø-Dahl","HUL","-73.4","-73.4","-73.4","-73.4",-3,0,"0.1",49,74,319,1,8,"0.3","a",0,-1,,"false"
"2026-09-29T14:01:37Z",576,"Stroud","HUL","-51.3","-51.3","-51.3","-51.3",-3,0,"0.1",50,142,450,7,249,"1.3","a",0,0,,"false"
"2026-09-29T14:01:37Z",585,"Herrington","HUL","-26.8","-26.8","-26.8","-26.8",-2,0,"0.6",40,1010,1631,5,197,"1.0","a",0,0,,"false"
"2026-09-29T14:01:37Z",586,"Mendy","HUL","-0.4","-0.5","-0.6","-0.8",-1,-7,"6.3",41,6715,32930,25,249,"3.0","a",0,1,,"false"
"2026-09-29T14:01:37Z",589,"Gourna-Douath","HUL","-77.8","-77.8","-77.8","-77.8",-3,0,"0.0",50,32,106,4,138,"1.0","a",0,0,,"false"
"2026-09-29T14:01:37Z",617,"Cho","HUL","0.2","0.2","0.2","0.2",1,0,"0.0",50,341,144,9,72,"2.7","a",0,0,,"false"
"2026-09-29T14:01:37Z",632,"Ansah","HUL","-63.1","-64.0","-66.5","-69.0",-3,-1,"0.0",50,68,404,0,0,"0.0","i",0,0,,"false"
"2026-09-29T14:01:37Z",637,"Vaz","HUL","1.2","1.2","1.2","1.2",1,0,"0.1",50,1772,1120,2,20,"0.7","a",0,0,,"false"
"2026-09-29T14:01:37Z",638,"Norton-Cuffy","HUL","-24.4","-24.5","-24.9","-25.3",-2,-1,"0.2",40,448,2493,1,34,"0.3","d",0,0,,"false"
"2026-09-29T14:01:37Z",642,"Thomas","HUL","0.2","0.3","0.3","0.3",1,1,"0.0",55,449,342,4,119,"1.3","a",0,0,,"false"
"2026-09-29T14:01:37Z",645,"Mouzakitis","HUL","0.0","0.0","0.0","0.0",0,0,"0.0",50,87,87,0,0,"0.0","a",0,0,,"false"
"2026-09-29T14:01:37Z",259,"Diop","IPS","-52.0","-52.1","-52.2","-52.2",-3,-7,"12.7",40,6841,53684,12,450,"2.5","a",0,0,,"false"
"2026-09-29T14:01:37Z",267,"Lukić","IPS","-4.8","-4.8","-4.8","-4.8",-1,0,"0.1",49,188,497,11,400,"1.5","a",-1,-1,,"false"
"2026-09-29T14:01:37Z",300,"Walton","IPS","-7.4","-7.4","-7.4","-7.4",-1,0,"0.4",44,1607,996,2,90,"0.5","a",0,-1,,"false"
"2026-09-29T14:01:37Z",301,"Palmer","IPS","-25.1","-25.1","-25.1","-25.1",-2,0,"3.9",40,3839,11524,0,0,"0.0","a",0,0,,"false"
"2026-09-29T14:01:37Z",302,"Button","IPS","1.1","1.1","1.1","1.1",1,0,"0.6",40,1398,1277,0,0,"0.0","a",0,0,,"false"
"2026-09-29T14:01:37Z",303,"Kipré","IPS","3.1","3.1","3.1","3.1",1,0,"0.9",39,4347,4238,0,0,"0.0","a",0,-1,,"false"
"2026-09-29T14:01:37Z",304,"O'Shea","IPS","-39.3","-39.3","-39.3","-39.3",-2,0,"2.7",40,1894,14194,10,450,"1.5","a",0,0,,"false"
"2026-09-29T14:01:37Z",305,"Davis","IPS","71.2","71.2","71.3","71.3",3,4,"6.9",40,48616,26459,25,450,"5.8","a",0,0,,"false"
"2026-09-29T14:01:37Z",306,"Greaves","IPS","-88.8","-88.8","-88.8","-88.8",-3,0,"1.1",40,456,3342,3,357,"0.2","a",0,0,,"false"
"2026-09-29T14:01:37Z",307,"Johnson","IPS","0.0","0.0","0.0","0.0",0,0,"0.1",40,0,348,0,0,"0.0","u",0,0,,"false"
"2026-09-29T14:01:37Z",308,"Furlong","IPS","2.0","2.0","2.0","2.0",1,0,"0.6",39,6254,2779,1,17,"0.2","a",0,-1,,"false"
"2026-09-29T14:01:37Z",309,"Núñez","IPS","-33.7","-33.7","-33.7","-33.7",-2,0,"0.1",49,94,611,6,140,"0.5","a",0,-1,,"false"
"2026-09-29T14:01:37Z",310,"Matusiwa","IPS","0.0","0.0","0.0","0.0",0,0,"0.0",49,15,18,0,0,"0.0","a",0,-1,,"false"
"2026-09-29T14:01:37Z",311,"Burns","IPS","0.0","0.0","0.0","0.0",0,0,"0.0",50,0,8,0,0,"0.0","u",0,0,,"false"
"2026-09-29T14:01:37Z",312,"Taylor","IPS","0.1","0.1","0.0","0.0",1,-1,"0.0",44,372,259,0,0,"0.0","i",-1,-1,,"false"
"2026-09-29T14:01:37Z",313,"Clarke","IPS","-83.2","-83.2","-83.2","-83.2",-3,0,"0.2",54,138,897,11,170,"1.0","a",0,-1,,"false"
"2026-09-29T14:01:37Z",314,"Ogbene","IPS","0.0","0.0","0.0","0.0",0,0,"0.0",49,0,65,0,0,"0.0","u",0,-1,,"false"
"2026-09-29T14:01:37Z",315,"Fatawu","IPS","-32.2","-32.8","-34.1","-35.5",-2,-4,"0.2",54,52,2420,8,352,"1.5","s",0,-1,,"false"
"2026-09-29T14:01:37Z",316,"Emersonn","IPS","82.2","82.3","82.4","82.6",3,12,"3.5",55,32691,22407,26,317,"4.2","a",0,0,,"false"
"2026-09-29T14:01:37Z",317,"Hirst","IPS","0.0","0.0","0.0","0.0",0,0,"0.1",50,0,456,0,0,"0.0","u",0,0,,"false"
"2026-09-29T14:01:37Z",318,"Philogene","IPS","-7.7","-7.7","-7.7","-7.7",-1,0,"0.1",54,32,152,2,52,"0.5","a",0,-1,,"false"
"2026-09-29T14:01:37Z",319,"Szmodics","IPS","0.0","0.0","0.0","0.0",0,0,"0.0",50,0,13,0,0,"0.0","u",0,0,,"false"
"2026-09-29T14:01:37Z",320,"Akpom","IPS","23.7","23.7","23.6","23.6",2,-5,"1.2",50,4896,9367,7,78,"1.5","a",0,0,,"false"
"2026-09-29T14:01:37Z",321,"Walle Egeli","IPS","38.3","38.3","38.2","38.2",2,-5,"3.5",45,17391,25919,1,10,"0.0","a",0,0,,"false"
"2026-09-29T14:01:37Z",322,"Al-Hamadi","IPS","0.0","0.0","0.0","0.0",0,0,"0.0",50,0,361,0,0,"0.0","u",0,0,,"false"
"2026-09-29T14:01:37Z",323,"McAteer","IPS","-0.8","-0.8","-0.8","-0.8",-1,0,"1.0",44,1405,6208,3,42,"0.5","a",-1,-1,,"false"
"2026-09-29T14:01:37Z",324,"Mehmeti","IPS","-2.0","-2.0","-2.0","-2.0",-1,0,"0.0",48,69,133,0,0,"0.0","a",-1,-2,,"false"
"2026-09-29T14:01:37Z",554,"Van Oevelen","IPS","0.0","0.0","0.0","0.0",0,0,"0.0",45,0,79,0,0,"0.0","u",0,0,,"false"
"2026-09-29T14:01:37Z",562,"Maeda","IPS","-9.6","-9.6","-9.6","-9.6",-1,0,"0.2",53,128,1417,8,259,"1.5","a",-1,-2,,"false"
"2026-09-29T14:01:37Z",564,"Scherpen","IPS","-30.9","-30.9","-30.9","-30.9",-2,0,"0.6",45,591,2720,7,360,"1.2","a",0,0,,"false"
"2026-09-29T14:01:37Z",571,"Florentino","IPS","-2.3","-2.3","-2.3","-2.3",-1,0,"0.1",48,107,322,2,30,"0.5","a",-1,-2,,"false"
"2026-09-29T14:01:37Z",591,"Enciso","IPS","8.5","8.4","8.4","8.4",1,-1,"0.8",55,2108,5941,15,413,"2.5","a",0,0,,"false"
"2026-09-29T14:01:37Z",592,"Ouattara","IPS","-31.2","-31.2","-31.2","-31.2",-2,0,"0.9",40,656,1997,6,131,"1.2","a",0,0,,"false"
"2026-09-29T14:01:37Z",602,"Humphreys","IPS","0.0","0.0","0.0","0.0",0,0,"0.0",45,0,233,0,0,"0.0","u",0,0,,"false"
"2026-09-29T14:01:37Z",619,"Palacios","IPS","1.0","1.0","1.0","1.0",1,0,"0.1",50,483,808,11,275,"2.8","a",0,0,,"false"
"2026-09-29T14:01:37Z",640,"Flemming","IPS","0.5","0.5","0.5","0.5",1,0,"0.1",55,869,960,6,60,"2.0","a",0,0,,"false"
"2026-09-29T14:01:37Z",260,"Wilson","LEE","-58.5","-58.8","-59.6","-60.4",-3,-25,"1.7",62,71,39281,5,145,"0.3","i",0,-3,,"false"
"2026-09-29T14:01:37Z",326,"Perri","LEE","0.0","0.0","0.0","0.0",0,-1,"0.3",45,0,1232,0,0,"0.0","u",0,0,,"false"
"2026-09-29T14:01:37Z",327,"Bijol","LEE","4.9","4.9","4.9","4.9",1,-2,"0.7",50,775,5370,12,164,"0.3","a",0,0,,"false"
"2026-09-29T14:01:37Z",329,"Rodon","LEE","-6.1","-6.1","-6.1","-6.1",-1,0,"0.8",43,43,8553,7,123,"0.0","i",-1,-2,,"false"
"2026-09-29T14:01:37Z",330,"Bogle","LEE","54.9","55.2","56.0","56.7",3,54,"7.1",46,120105,24364,42,365,"11.3","a",0,1,,"false"
"2026-09-29T14:01:37Z",331,"Gudmundsson","LEE","0.9","0.9","0.9","0.9",1,0,"0.1",45,501,317,14,252,"4.7","a",0,0,,"false"
"2026-09-29T14:01:37Z",332,"Justin","LEE","17.7","17.7","17.7","17.7",1,0,"1.4",45,4008,5606,26,450,"4.7","a",0,0,,"false"
"2026-09-29T14:01:37Z",333,"Bornauw","LEE","0.0","0.0","0.0","0.0",0,0,"0.0",45,0,5,0,0,"0.0","u",0,0,,"false"
"2026-09-29T14:01:37Z",334,"Muharemović","LEE","37.7","37.7","37.8","37.9",2,7,"4.3",50,26490,22342,27,450,"5.7","a",0,0,,"false"
"2026-09-29T14:01:37Z",335,"Stach","LEE","15.8","15.7","15.6","15.5",1,-8,"2.5",60,4608,18960,27,447,"3.3","a",0,0,,"false"
"2026-09-29T14:01:37Z",336,"Okafor","LEE","1.4","1.4","1.4","1.4",1,0,"0.4",58,1684,3247,18,299,"5.0","a",0,-2,,"false"
"2026-09-29T14:01:37Z",337,"Aaronson","LEE","-7.2","-7.3","-7.7","-8.1",-1,-2,"0.5",53,207,3267,7,194,"1.0","a",-1,-2,,"false"
"2026-09-29T14:01:37Z",338,"Ampadu","LEE","-27.5","-27.7","-28.4","-29.0",-2,-4,"0.9",54,1540,4744,21,450,"4.7","a",0,-1,,"false"
"2026-09-29T14:01:37Z",339,"Longstaff","LEE","-94.6","-96.0","-99.7","-103.4",-4,-2,"0.1",49,123,608,2,10,"0.3","a",0,-1,,"false"
"2026-09-29T14:01:37Z",341,"Gnonto","LEE","0.0","0.0","0.0","0.0",0,0,"0.0",50,0,51,0,0,"0.0","u",0,0,,"false"
"2026-09-29T14:01:37Z",342,"Harrison","LEE","0.0","0.0","0.0","0.0",0,0,"0.0",50,0,5,0,0,"0.0","u",0,0,,"false"
"2026-09-29T14:01:37Z",343,"James","LEE","-26.9","-26.9","-26.9","-26.9",-2,0,"0.1",49,179,538,3,52,"0.7","a",0,-1,,"false"
"2026-09-29T14:01:37Z",344,"Gruev","LEE","0.0","0.0","0.0","0.0",0,0,"0.0",50,45,18,0,0,"0.0","a",0,0,,"false"
"2026-09-29T14:01:37Z",345,"Tanaka","LEE","4.7","4.7","4.7","4.7",1,0,"0.3",49,2119,2188,14,255,"4.3","a",0,-1,,"false"
"2026-09-29T14:01:37Z",346,"Calvert-Lewin","LEE","66.7","66.7","66.7","66.7",3,1,"24.8",60,90111,164298,22,419,"4.3","a",0,0,,"false"
"2026-09-29T14:01:37Z",347,"Nmecha","LEE","-25.7","-25.4","-24.7","-23.9",-2,2,"0.5",54,1926,3617,7,64,"1.0","a",0,-1,,"false"
"2026-09-29T14:01:37Z",348,"Piroe","LEE","0.0","0.0","0.0","0.0",0,0,"0.1",50,0,413,0,0,"0.0","u",0,0,,"false"
"2026-09-29T14:01:37Z",349,"Mateo Joseph","LEE","-40.1","-40.1","-40.1","-40.1",-3,0,"0.1",45,303,465,0,0,"0.0","i",0,0,,"false"
"2026-09-29T14:01:37Z",385,"Trafford","LEE","32.8","32.8","32.9","33.0",2,4,"5.5",50,21255,14256,28,450,"5.3","a",0,0,,"false"
"2026-09-29T14:01:37Z",598,"Elvedi","LEE","0.6","0.6","0.6","0.6",1,0,"0.1",45,217,220,13,326,"4.0","a",0,0,,"false"
"2026-09-29T14:01:37Z",603,"Lienou","LEE","0.1","0.1","0.1","0.1",1,0,"0.1",40,229,502,0,0,"0.0","a",0,0,,"false"
"2026-09-29T14:01:37Z",604,"Cresswell","LEE","-11.2","-11.2","-11.2","-11.2",-1,0,"0.1",45,296,869,0,0,"0.0","a",0,0,,"false"
"2026-09-29T14:01:37Z",625,"Cairns","LEE","0.4","0.4","0.4","0.4",1,0,"0.2",40,815,755,0,0,"0.0","a",0,0,,"false"
"2026-09-29T14:01:37Z",629,"Zetterer","LEE","2.2","2.2","2.2","2.2",1,0,"0.7",40,2948,2691,0,0,"0.0","a",0,0,,"false"
"2026-09-29T14:01:37Z",641,"Bard","LEE","0.0","0.0","0.0","0.0",0,0,"0.0",45,94,76,1,18,"0.3","a",0,0,,"false"
"2026-09-29T14:01:37Z",648,"Bahoya","LEE","-50.2","-50.2","-50.2","-50.2",-3,0,"0.0",50,104,169,1,1,"0.3","a",0,0,,"false"
"2026-09-29T14:01:37Z",350,"A.Becker","LIV","1.5","1.5","1.7","1.8",1,8,"4.1",55,12356,11244,27,450,"8.3","a",0,0,,"false"
"2026-09-29T14:01:37Z",351,"Mamardashvili","LIV","-94.7","-94.2","-92.8","-91.4",-3,1,"0.1",49,246,595,0,0,"0.0","a",0,-1,,"false"
"2026-09-29T14:01:37Z",352,"Woodman","LIV","-30.8","-31.0","-31.3","-31.7",-2,-2,"1.0",40,763,2292,0,0,"0.0","a",0,0,,"false"
"2026-09-29T14:01:37Z",353,"Pecsi","LIV","0.0","0.0","0.0","0.0",0,0,"0.0",40,0,57,0,0,"0.0","u",0,0,,"false"
"2026-09-29T14:01:37Z",354,"Jaros","LIV","0.0","0.0","0.0","0.0",0,0,"0.0",40,199,152,0,0,"0.0","i",0,0,,"false"
"2026-09-29T14:01:37Z",355,"Davies","LIV","0.1","0.1","0.1","0.1",1,0,"0.2",40,280,454,0,0,"0.0","a",0,0,,"false"
"2026-09-29T14:01:37Z",356,"Virgil","LIV","-58.5","-58.5","-58.6","-58.7",-3,-7,"16.2",65,20275,42280,25,450,"7.3","a",0,0,,"false"
"2026-09-29T14:01:37Z",357,"Frimpong","LIV","-36.1","-36.2","-36.4","-36.6",-2,-3,"1.8",53,1550,12356,2,178,"0.3","a",0,-2,,"false"
"2026-09-29T14:01:37Z",358,"Kerkez","LIV","-100.3","-100.4","-100.7","-101.0",-5,-4,"2.2",54,2537,9989,13,385,"4.0","a",0,-1,,"false"
"2026-09-29T14:01:37Z",359,"Gomez","LIV","0.0","0.0","0.0","0.0",0,0,"0.0",49,306,110,0,0,"0.0","a",0,-1,,"false"
"2026-09-29T14:01:37Z",360,"Bradley","LIV","-84.8","-84.8","-84.8","-84.8",-3,0,"0.0",50,51,77,0,0,"0.0","i",0,0,,"false"
"2026-09-29T14:01:37Z",361,"Lucky","LIV","-52.0","-52.6","-54.1","-55.6",-3,-1,"0.1",40,279,550,0,0,"0.0","a",0,0,,"false"
"2026-09-29T14:01:37Z",362,"Jacquet","LIV","54.4","54.4","54.6","54.7",3,8,"3.5",50,32303,12756,24,415,"6.7","a",0,0,,"false"
"2026-09-29T14:01:37Z",363,"Leoni","LIV","-59.1","-59.1","-59.1","-59.1",-3,0,"0.0",40,62,171,0,0,"0.0","i",0,0,,"false"
"2026-09-29T14:01:37Z",364,"Tsimikas","LIV","-53.7","-53.7","-53.7","-53.7",-3,0,"0.1",49,88,385,2,64,"0.3","a",0,-1,,"false"
"2026-09-29T14:01:37Z",365,"Ramsay","LIV","0.0","0.0","0.0","0.0",0,0,"0.1",40,0,456,0,0,"0.0","u",0,0,,"false"
"2026-09-29T14:01:37Z",366,"Wirtz","LIV","-36.0","-36.0","-36.2","-36.3",-2,-6,"5.7",73,3096,40922,18,402,"4.0","a",0,-2,,"false"
"2026-09-29T14:01:37Z",367,"Gakpo","LIV","1.8","1.3","-0.0","-0.8",1,-94,"12.5",72,50670,84046,32,370,"5.0","d",0,2,,"false"
"2026-09-29T14:01:37Z",368,"Szoboszlai","LIV","-94.6","-94.7","-94.9","-95.0",-3,-40,"32.8",70,34417,205457,20,440,"2.7","a",0,0,,"false"
"2026-09-29T14:01:37Z",369,"Ngumoha","LIV","-22.3","-22.5","-23.0","-23.4",-2,-2,"0.5",57,729,4137,4,99,"0.3","a",-1,-3,,"false"
"2026-09-29T14:01:37Z",370,"Chiesa","LIV","-5.6","-5.6","-5.6","-5.6",-1,0,"0.0",53,16,241,0,0,"0.0","i",-1,-2,,"false"
"2026-09-29T14:01:37Z",371,"Gravenberch","LIV","-21.4","-21.3","-21.2","-21.2",-2,1,"1.1",58,1170,8837,9,190,"1.0","a",-1,-2,,"false"
"2026-09-29T14:01:37Z",372,"Mac Allister","LIV","-41.9","-41.8","-41.6","-41.3",-3,2,"1.3",54,3712,6682,11,306,"2.7","a",0,-1,,"false"
"2026-09-29T14:01:37Z",373,"C.Jones","LIV","0.0","0.0","0.0","0.0",0,0,"0.0",55,0,58,0,0,"0.0","u",0,0,,"false"
"2026-09-29T14:01:37Z",374,"Endo","LIV","-60.0","-60.0","-60.0","-60.0",-3,0,"0.1",49,160,428,0,0,"0.0","a",0,-1,,"false"
"2026-09-29T14:01:37Z",375,"Nyoni","LIV","-85.1","-85.1","-85.1","-85.1",-3,0,"0.0",49,87,307,3,38,"0.7","a",0,-1,,"false"
"2026-09-29T14:01:37Z",376,"Bajcetic","LIV","0.0","0.0","0.0","0.0",0,0,"0.0",50,0,2,0,0,"0.0","u",0,0,,"false"
"2026-09-29T14:01:37Z",377,"Munoz","LIV","6.3","6.3","6.3","6.3",1,0,"0.9",65,1378,11202,15,257,"1.7","a",0,0,,"false"
"2026-09-29T14:01:37Z",378,"McConnell","LIV","-3.1","-3.3","-4.1","-4.9",-1,-1,"0.2",44,1037,1451,0,0,"0.0","a",0,-1,,"false"
"2026-09-29T14:01:37Z",379,"Isak","LIV","9.6","9.1","7.7","6.3",1,-93,"22.4",91,113493,76260,33,413,"7.7","d",0,1,,"false"
"2026-09-29T14:01:37Z",380,"Ekitiké","LIV","-26.8","-27.1","-27.7","-28.3",-2,-1,"0.1",74,354,801,0,0,"0.0","i",0,-1,,"false"
"2026-09-29T14:01:37Z",381,"Koumas","LIV","-92.3","-92.3","-92.3","-92.3",-3,0,"0.0",50,149,186,3,22,"0.7","a",0,0,,"false"
"2026-09-29T14:01:37Z",382,"Danns","LIV","3.5","3.5","3.5","3.5",1,0,"0.2",45,3365,2310,0,0,"0.0","a",0,0,,"false"
"2026-09-29T14:01:37Z",383,"Elliott","LIV","0.0","0.0","0.0","0.0",0,0,"0.0",54,0,220,0,0,"0.0","u",0,-1,,"false"
"2026-09-29T14:01:37Z",579,"Araujo","LIV","33.2","33.3","33.4","33.6",2,13,"3.0",54,16145,10099,22,284,"7.0","a",0,-1,,"false"
"2026-09-29T14:01:37Z",627,"Barcola","LIV","-66.6","-66.4","-65.9","-65.4",-3,6,"1.9",80,9944,18276,7,168,"2.3","a",0,0,,"false"
"2026-09-29T14:01:37Z",155,"Enzo","MCI","1.2","1.3","1.4","1.5",1,9,"3.6",69,29879,13849,13,271,"4.0","a",0,-1,,"false"
"2026-09-29T14:01:37Z",237,"Ndiaye","MCI","-19.1","-19.2","-19.6","-19.9",-1,-24,"6.7",58,6744,66874,22,385,"3.0","a",-1,-2,,"false"
"2026-09-29T14:01:37Z",384,"Donnarumma","MCI","-50.1","-50.2","-50.3","-50.5",-3,-8,"7.6",55,10362,29390,19,450,"5.3","a",0,0,,"false"
"2026-09-29T14:01:37Z",386,"Bettinelli","MCI","-85.2","-85.2","-85.2","-85.2",-3,0,"0.0",45,51,86,0,0,"0.0","a",0,0,,"false"
"2026-09-29T14:01:37Z",387,"O'Reilly","MCI","-3.5","-3.5","-3.7","-3.9",-1,-20,"10.9",63,5116,68623,6,163,"0.7","a",-1,-2,,"false"
"2026-09-29T14:01:37Z",388,"Guéhi","MCI","63.9","63.9","63.7","63.6",3,-8,"18.2",60,22848,49124,30,450,"6.0","a",0,0,,"false"
"2026-09-29T14:01:37Z",389,"Matheus N.","MCI","-32.8","-32.8","-32.8","-32.8",-2,0,"1.0",59,1594,2816,11,213,"3.3","a",0,-1,,"false"
"2026-09-29T14:01:37Z",390,"Rúben","MCI","3.8","3.8","3.9","3.9",1,4,"1.9",55,4506,8834,17,450,"4.3","a",0,0,,"false"
"2026-09-29T14:01:37Z",391,"Gvardiol","MCI","77.5","77.6","77.8","78.0",3,16,"26.8",57,142830,51421,37,434,"7.7","a",0,2,,"false"
"2026-09-29T14:01:37Z",392,"Aït-Nouri","MCI","-95.7","-95.9","-96.3","-96.8",-4,-1,"0.4",53,507,2110,0,0,"0.0","a",0,-2,,"false"
"2026-09-29T14:01:37Z",393,"Khusanov","MCI","-33.4","-33.5","-33.7","-33.8",-2,-2,"1.4",54,1358,8765,9,268,"1.7","a",0,-1,,"false"
"2026-09-29T14:01:37Z",394,"Alleyne","MCI","0.0","0.0","0.0","0.0",0,0,"0.0",50,0,20,0,0,"0.0","u",0,0,,"false"
"2026-09-29T14:01:37Z",395,"Lewis","MCI","-63.7","-64.9","-68.0","-71.2",-3,-4,"0.2",44,292,1171,1,56,"0.0","a",0,-1,,"false"
"2026-09-29T14:01:37Z",396,"Vitor Reis","MCI","-80.5","-80.5","-80.5","-80.5",-3,0,"0.0",45,70,146,1,1,"0.0","a",0,0,,"false"
"2026-09-29T14:01:37Z",397,"Semenyo","MCI","-19.1","-19.2","-19.4","-19.7",-1,-49,"15.4",84,123893,61504,33,450,"8.7","d",0,-1,,"false"
"2026-09-29T14:01:37Z",398,"Foden","MCI","-46.3","-46.4","-46.7","-47.0",-3,-10,"1.8",69,202,27505,9,217,"-0.3","s",0,-1,,"false"
"2026-09-29T14:01:37Z",399,"Cherki","MCI","-55.9","-55.7","-55.2","-54.7",-3,35,"28.4",78,118016,85848,34,302,"4.0","a",0,3,,"false"
"2026-09-29T14:01:37Z",400,"Doku","MCI","0.2","0.2","0.3","0.4",1,5,"0.7",74,4090,1952,1,15,"0.3","a",0,-1,,"false"
"2026-09-29T14:01:37Z",402,"Rodrigo","MCI","0.0","0.0","0.0","0.0",0,0,"0.0",65,0,23,0,0,"0.0","u",0,0,,"false"
"2026-09-29T14:01:37Z",404,"Reijnders","MCI","0.0","0.0","0.0","0.0",0,0,"0.0",60,0,96,0,0,"0.0","u",0,0,,"false"
"2026-09-29T14:01:37Z",406,"Kovačić","MCI","-93.5","-94.4","-96.7","-99.1",-3,-1,"0.1",54,100,441,2,42,"0.0","a",0,-1,,"false"
"2026-09-29T14:01:37Z",407,"Echeverri","MCI","0.0","0.0","0.0","0.0",0,0,"0.0",49,0,51,0,0,"0.0","u",0,-1,,"false"
"2026-09-29T14:01:37Z",408,"Phillips","MCI","0.0","0.0","0.0","0.0",0,0,"0.0",50,0,12,0,0,"0.0","u",0,0,,"false"
"2026-09-29T14:01:37Z",409,"Mukasa","MCI","0.0","0.0","0.0","0.0",0,0,"0.1",45,0,574,0,0,"0.0","u",0,0,,"false"
"2026-09-29T14:01:37Z",410,"Monga","MCI","0.0","0.0","0.0","0.0",0,0,"0.0",49,0,49,0,0,"0.0","u",0,-1,,"false"
"2026-09-29T14:01:37Z",411,"Haaland","MCI","21.8","22.0","22.5","23.0",2,34,"73.8",156,75502,18772,39,450,"8.0","a",0,1,,"false"
"2026-09-29T14:01:37Z",481,"Anderson","MCI","-40.2","-40.3","-40.4","-40.5",-3,-3,"4.0",63,7549,26999,15,413,"3.3","a",0,-2,,"false"
"2026-09-29T14:01:37Z",587,"Rulli","MCI","-88.1","-88.1","-88.1","-88.1",-3,0,"0.0",50,69,101,0,0,"0.0","a",0,0,,"false"
"2026-09-29T14:01:37Z",616,"Bouaddi","MCI","-30.9","-30.9","-30.9","-30.9",-2,0,"0.2",55,817,2062,2,22,"0.3","a",0,0,,"false"
"2026-09-29T14:01:37Z",621,"McAidoo","MCI","-86.0","-86.0","-86.0","-86.0",-3,0,"0.1",45,187,1057,2,11,"0.3","a",0,0,,"false"
"2026-09-29T14:01:37Z",622,"Braithwaite","MCI","-37.0","-37.0","-37.0","-37.0",-2,0,"0.2",40,559,1606,1,1,"0.0","a",0,0,,"false"
"2026-09-29T14:01:37Z",628,"Allan","MCI","0.1","0.1","0.1","0.1",1,0,"0.0",60,213,157,0,0,"0.0","a",0,0,,"false"
"2026-09-29T14:01:37Z",653,"Samba","MCI","-38.5","-38.5","-38.5","-38.5",-2,0,"0.0",45,237,476,0,0,"0.0","a",0,0,,"false"
"2026-09-29T14:01:37Z",43,"Tielemans","MUN","-35.6","-35.6","-35.4","-35.3",-2,2,"1.5",58,3003,10409,14,402,"3.0","a",0,-2,,"false"
"2026-09-29T14:01:37Z",131,"Baleba","MUN","0.0","0.0","0.0","0.0",0,0,"0.1",49,1208,697,0,0,"0.0","a",0,-1,,"false"
"2026-09-29T14:01:37Z",162,"Andrey Santos","MUN","-47.6","-47.6","-47.6","-47.6",-3,0,"0.6",48,1007,4791,4,82,"0.5","a",0,-2,,"false"
"2026-09-29T14:01:37Z",325,"Darlow","MUN","-22.1","-22.1","-22.1","-22.1",-2,0,"0.0",45,57,207,0,0,"0.0","d",0,0,,"false"
"2026-09-29T14:01:37Z",412,"Lammens","MUN","-16.3","-16.4","-16.5","-16.6",-1,-8,"9.9",49,6432,47307,11,450,"2.5","a",0,-1,,"false"
"2026-09-29T14:01:37Z",413,"Bayindir","MUN","0.0","0.0","0.0","0.0",0,0,"0.0",45,0,35,0,0,"0.0","u",0,0,,"false"
"2026-09-29T14:01:37Z",414,"Heaton","MUN","-34.8","-34.8","-34.8","-34.8",-2,0,"0.1",40,188,258,0,0,"0.0","i",0,0,,"false"
"2026-09-29T14:01:37Z",415,"Dorgu","MUN","-55.9","-56.1","-56.8","-57.4",-3,-4,"0.5",58,1020,3870,10,171,"2.5","d",0,-2,,"false"
"2026-09-29T14:01:37Z",416,"De Ligt","MUN","-94.2","-94.2","-94.2","-94.2",-3,0,"0.0",50,68,125,0,0,"0.0","i",0,0,,"false"
"2026-09-29T14:01:37Z",417,"Dalot","MUN","-75.1","-75.2","-75.3","-75.5",-3,-2,"1.6",49,1192,7280,8,346,"1.8","a",0,-1,,"false"
"2026-09-29T14:01:37Z",418,"Maguire","MUN","-1.6","-1.7","-1.7","-1.8",-1,-9,"8.6",48,4113,73313,10,450,"2.2","a",-1,-2,,"false"
"2026-09-29T14:01:37Z",419,"Martinez","MUN","-94.2","-94.2","-94.2","-94.2",-3,0,"1.3",50,3557,6243,6,360,"1.5","a",0,0,,"false"
"2026-09-29T14:01:37Z",420,"Yoro","MUN","-10.2","-10.5","-11.3","-12.1",-1,-4,"0.5",48,452,2116,2,22,"0.5","a",-1,-2,,"false"
"2026-09-29T14:01:37Z",421,"Heaven","MUN","-99.1","-99.1","-99.1","-99.1",-4,0,"0.3",44,228,1422,1,90,"0.0","a",0,-1,,"false"
"2026-09-29T14:01:37Z",422,"Mazraoui","MUN","-71.6","-71.7","-72.0","-72.4",-3,-1,"0.5",44,558,2809,3,97,"0.5","a",0,-1,,"false"
"2026-09-29T14:01:37Z",423,"Shaw","MUN","-4.4","-4.4","-4.6","-4.7",-1,-10,"7.7",43,3422,75002,9,335,"2.0","a",-1,-2,,"false"
"2026-09-29T14:01:37Z",424,"Amass","MUN","-44.1","-44.1","-44.1","-44.1",-3,0,"0.2",40,406,755,0,0,"0.0","a",0,0,,"false"
"2026-09-29T14:01:37Z",425,"Fredricson","MUN","0.0","0.0","0.0","0.0",0,0,"0.0",40,0,47,0,0,"0.0","u",0,0,,"false"
"2026-09-29T14:01:37Z",426,"B.Fernandes","MUN","-1.0","-1.1","-1.1","-1.1",-1,-15,"38.5",119,41084,192136,31,450,"7.2","a",-1,-1,,"false"
"2026-09-29T14:01:37Z",427,"Mbeumo","MUN","-73.5","-73.5","-73.4","-73.4",-3,9,"20.6",79,34755,126314,25,450,"5.8","a",0,-1,,"false"
"2026-09-29T14:01:37Z",428,"Cunha","MUN","-93.1","-93.0","-92.7","-92.4",-3,12,"5.8",79,20611,20902,26,407,"6.0","a",0,-1,,"false"
"2026-09-29T14:01:37Z",429,"Rashford","MUN","-79.5","-79.6","-79.9","-80.2",-3,-6,"1.5",70,4102,16974,10,351,"2.2","d",0,0,,"false"
"2026-09-29T14:01:37Z",430,"Mount","MUN","0.1","0.1","0.1","0.1",1,0,"0.0",54,173,195,1,10,"0.2","a",0,-1,,"false"
"2026-09-29T14:01:37Z",431,"Amad","MUN","-16.3","-16.3","-16.3","-16.3",-1,0,"0.3",57,118,1741,0,0,"0.0","i",0,-3,,"false"
"2026-09-29T14:01:37Z",432,"Mainoo","MUN","13.8","13.8","13.7","13.7",1,-4,"1.6",55,7511,14441,22,354,"5.2","d",0,0,,"false"
"2026-09-29T14:01:37Z",433,"Ugarte","MUN","-67.4","-67.4","-67.4","-67.4",-3,0,"0.0",50,22,24,0,0,"0.0","i",0,0,,"false"
"2026-09-29T14:01:37Z",434,"J.Fletcher","MUN","-38.8","-38.8","-38.8","-38.8",-2,0,"0.0",49,41,57,0,0,"0.0","a",0,-1,,"false"
"2026-09-29T14:01:37Z",435,"Lacey","MUN","-5.4","-5.4","-5.4","-5.4",-1,0,"0.1",49,366,345,1,10,"0.0","a",0,-1,,"false"
"2026-09-29T14:01:37Z",436,"Collyer","MUN","0.0","0.0","0.0","0.0",0,0,"0.0",50,0,44,0,0,"0.0","u",0,0,,"false"
"2026-09-29T14:01:37Z",437,"Bendito Mantato","MUN","0.0","0.0","0.0","0.0",0,0,"0.2",44,386,828,0,0,"0.0","a",-1,-1,,"false"
"2026-09-29T14:01:37Z",438,"Fletcher","MUN","0.4","0.4","0.4","0.4",1,-1,"0.3",44,2516,2054,0,0,"0.0","a",0,-1,,"false"
"2026-09-29T14:01:37Z",439,"Šeško","MUN","-39.1","-39.2","-39.6","-40.0",-2,-8,"1.6",70,6553,23293,8,76,"1.8","d",0,0,,"false"
"2026-09-29T14:01:37Z",440,"Zirkzee","MUN","-8.0","-7.9","-7.7","-7.5",-1,1,"0.4",53,1852,3044,2,20,"0.5","a",-1,-2,,"false"
"2026-09-29T14:01:37Z",441,"Obi","MUN","0.0","0.0","0.0","0.0",0,-8,"0.9",45,0,10994,0,0,"0.0","u",0,0,,"false"
"2026-09-29T14:01:37Z",405,"N.Gonzalez","NEW","0.8","0.8","0.8","0.7",1,-2,"0.2",55,573,1807,5,164,"1.0","a",0,0,,"false"
"2026-09-29T14:01:37Z",442,"Pope","NEW","-43.1","-43.0","-42.8","-42.6",-3,1,"0.9",49,834,3034,0,0,"0.0","a",0,-1,,"false"
"2026-09-29T14:01:37Z",443,"Gillespie","NEW","-37.8","-37.8","-37.8","-37.8",-2,0,"0.0",45,42,85,0,0,"0.0","a",0,0,,"false"
"2026-09-29T14:01:37Z",444,"Jaouen","NEW","-6.3","-6.3","-6.3","-6.3",-1,0,"0.0",44,19,114,0,0,"0.0","d",-1,-1,,"false"
"2026-09-29T14:01:37Z",445,"Thiaw","NEW","17.4","17.4","17.4","17.4",1,0,"2.2",50,8239,9608,14,450,"1.7","a",0,0,,"false"
"2026-09-29T14:01:37Z",446,"Schär","NEW","-11.0","-11.0","-11.0","-11.0",-1,0,"0.2",49,533,883,2,25,"0.3","a",0,-1,,"false"
"2026-09-29T14:01:37Z",447,"Botman","NEW","9.5","9.5","9.5","9.5",1,0,"0.7",50,4574,2865,15,450,"2.3","a",0,0,,"false"
"2026-09-29T14:01:37Z",448,"Burn","NEW","-3.5","-3.6","-4.0","-4.3",-1,-8,"0.7",48,104,5616,0,0,"0.0","i",-1,-2,,"false"
"2026-09-29T14:01:37Z",449,"Hall","NEW","6.4","6.5","6.8","7.2",1,63,"17.3",53,239652,19202,31,449,"5.7","a",1,3,,"false"
"2026-09-29T14:01:37Z",450,"Livramento","NEW","1.5","1.5","1.5","1.5",1,0,"0.1",49,433,1448,4,33,"1.3","d",0,-1,,"false"
"2026-09-29T14:01:37Z",451,"A.Murphy","NEW","0.0","0.0","0.0","0.0",0,0,"0.1",40,0,281,0,0,"0.0","u",0,0,,"false"
"2026-09-29T14:01:37Z",453,"Barnes","NEW","15.1","15.2","15.5","15.8",1,55,"5.6",61,154004,16675,28,450,"7.7","a",1,1,,"false"
"2026-09-29T14:01:37Z",454,"Elanga","NEW","-38.4","-38.5","-38.9","-39.3",-2,-56,"4.6",61,316,163609,18,232,"0.3","i",-1,1,,"false"
"2026-09-29T14:01:37Z",456,"J.Ramsey","NEW","-88.9","-89.0","-89.1","-89.2",-3,-1,"0.2",49,59,4616,7,69,"2.0","i",0,-1,,"false"
"2026-09-29T14:01:37Z",457,"J.Murphy","NEW","-19.6","-19.1","-17.8","-16.5",-1,1,"0.1",59,920,738,3,181,"0.7","a",0,-1,,"false"
"2026-09-29T14:01:37Z",458,"Joelinton","NEW","-61.4","-62.8","-66.5","-70.3",-3,-1,"0.0",54,12,75,0,0,"0.0","i",0,-1,,"false"
"2026-09-29T14:01:37Z",459,"L.Miley","NEW","0.6","0.6","0.6","0.6",1,0,"0.1",55,460,433,12,396,"2.0","a",0,0,,"false"
"2026-09-29T14:01:37Z",460,"Willock","NEW","14.9","15.0","15.0","15.0",1,2,"0.6",50,9396,2600,22,284,"4.3","a",0,0,,"false"
"2026-09-29T14:01:37Z",461,"Touré","NEW","-10.3","-10.3","-10.3","-10.3",-1,0,"0.1",58,313,829,8,50,"2.3","a",0,-2,,"false"
"2026-09-29T14:01:37Z",462,"Steur","NEW","-50.6","-50.6","-50.6","-50.6",-3,0,"0.1",49,260,368,8,223,"2.0","a",0,-1,,"false"
"2026-09-29T14:01:37Z",463,"Woltemade","NEW","0.0","0.0","0.0","0.0",0,-5,"0.5",59,0,3554,4,19,"0.0","u",0,-1,,"false"
"2026-09-29T14:01:37Z",464,"Wissa","NEW","60.4","60.4","60.7","60.9",3,15,"18.7",62,83403,137659,15,441,"1.0","a",0,2,,"false"
"2026-09-29T14:01:37Z",465,"Osula","NEW","-7.6","-7.6","-7.5","-7.3",-1,1,"0.3",58,120,2281,4,55,"0.0","i",-1,-2,,"false"
"2026-09-29T14:01:37Z",466,"Neave","NEW","0.0","0.0","0.0","0.0",0,0,"0.5",45,0,3775,0,0,"0.0","u",0,0,,"false"
"2026-09-29T14:01:37Z",559,"Bamba","NEW","-67.9","-69.2","-72.6","-76.0",-3,-2,"0.1",49,124,478,3,27,"0.7","a",0,-1,,"false"
"2026-09-29T14:01:37Z",567,"Horníček","NEW","23.3","23.3","23.3","23.2",2,-2,"1.5",50,6940,4743,14,450,"2.0","a",0,0,,"false"
"2026-09-29T14:01:37Z",593,"Dedić","NEW","-9.5","-9.7","-10.2","-10.6",-1,-15,"1.8",45,246,36590,13,327,"0.3","i",0,0,,"false"
"2026-09-29T14:01:37Z",609,"Shahar","NEW","0.0","0.0","0.0","0.0",0,0,"0.2",40,0,1816,0,0,"0.0","u",0,0,,"false"
"2026-09-29T14:01:37Z",634,"Fernandez-Pardo","NEW","0.7","0.7","0.8","0.8",1,4,"0.1",60,1876,1364,4,157,"1.3","a",0,0,,"false"
"2026-09-29T14:01:37Z",659,"Miley","NEW","0.0","0.0","0.0","0.0",0,1,"0.0",45,1367,628,0,0,"0.0","a",0,0,,"false"
"2026-09-29T14:01:37Z",663,"Pivas","NEW","0.0","0.0","0.0","0.0",0,0,"0.0",40,381,53,0,0,"0.0","a",0,0,"2026-10-02T19:10:51.639791Z","false"
"2026-09-29T14:01:37Z",664,"Salia","NEW","0.0","0.0","0.0","0.0",0,0,"0.1",45,9258,1477,0,0,"0.0","a",0,0,"2026-10-02T19:11:17.402697Z","false"
"2026-09-29T14:01:37Z",665,"Mills","NEW","0.0","0.0","0.0","0.0",0,0,"0.0",45,156,27,0,0,"0.0","a",0,0,"2026-10-02T19:11:39.931907Z","false"
"2026-09-29T14:01:37Z",666,"Thompson","NEW","0.0","0.0","0.0","0.0",0,0,"0.0",45,229,35,0,0,"0.0","a",0,0,"2026-10-02T19:12:09.032926Z","false"
"2026-09-29T14:01:37Z",167,"Delap","NFO","-23.1","-23.1","-23.0","-22.9",-2,2,"2.7",56,24499,28039,9,277,"2.7","a",1,1,,"false"
"2026-09-29T14:01:37Z",201,"Muñoz","NFO","-45.8","-45.8","-45.9","-46.1",-3,-4,"5.7",54,7596,29143,5,257,"1.7","a",0,-1,,"false"
"2026-09-29T14:01:37Z",467,"Sels","NFO","4.4","4.4","4.4","4.4",1,-1,"1.6",50,1918,5910,14,450,"3.7","a",0,0,,"false"
"2026-09-29T14:01:37Z",468,"John","NFO","-72.2","-72.2","-72.2","-72.2",-3,0,"0.1",45,58,149,0,0,"0.0","a",0,0,,"false"
"2026-09-29T14:01:37Z",469,"N.Williams","NFO","23.9","23.9","23.8","23.7",2,-7,"8.7",50,10676,44315,19,450,"3.7","a",0,0,,"false"
"2026-09-29T14:01:37Z",470,"Morato","NFO","0.0","0.0","0.0","0.0",0,0,"0.0",50,0,113,0,0,"0.0","u",0,0,,"false"
"2026-09-29T14:01:37Z",471,"Milenković","NFO","-12.6","-12.7","-12.9","-13.1",-1,-6,"1.0",54,64,11822,12,270,"2.3","i",-1,-1,,"false"
"2026-09-29T14:01:37Z",472,"Murillo","NFO","23.5","23.6","23.6","23.7",2,4,"2.1",55,7900,7750,23,449,"6.0","a",0,0,,"false"
"2026-09-29T14:01:37Z",473,"Aina","NFO","-2.6","-2.6","-2.7","-2.8",-1,-2,"2.4",44,1032,19870,8,306,"1.0","a",-1,-1,,"false"
"2026-09-29T14:01:37Z",474,"Jair Cunha","NFO","-47.0","-47.0","-47.0","-47.0",-3,0,"0.2",45,235,623,11,360,"3.0","a",0,0,,"false"
"2026-09-29T14:01:37Z",475,"Savona","NFO","-18.0","-18.0","-18.0","-18.0",-1,0,"0.0",45,20,18,0,0,"0.0","i",0,0,,"false"
"2026-09-29T14:01:37Z",476,"O.Richards","NFO","-65.6","-65.6","-65.6","-65.6",-3,0,"0.2",40,287,708,0,0,"0.0","a",0,0,,"false"
"2026-09-29T14:01:37Z",477,"Abbott","NFO","0.0","0.0","0.0","0.0",0,-1,"0.1",40,0,793,0,0,"0.0","u",0,0,,"false"
"2026-09-29T14:01:37Z",478,"Netz","NFO","-7.6","-7.6","-7.6","-7.6",-1,0,"0.0",44,54,114,3,27,"0.3","a",0,-1,,"false"
"2026-09-29T14:01:37Z",479,"Bindon","NFO","0.0","0.0","0.0","0.0",0,-1,"0.1",40,0,509,0,0,"0.0","u",0,0,,"false"
"2026-09-29T14:01:37Z",480,"Gibbs-White","NFO","50.0","50.0","50.0","50.1",3,2,"15.7",80,62975,79625,28,450,"4.3","a",0,0,,"false"
"2026-09-29T14:01:37Z",482,"Hudson-Odoi","NFO","-37.0","-37.0","-37.0","-37.0",-2,0,"0.1",58,250,1128,1,1,"0.0","a",0,-2,,"false"
"2026-09-29T14:01:37Z",483,"Ndoye","NFO","13.1","13.1","13.0","13.0",1,-4,"0.7",55,721,7917,15,316,"1.0","a",0,0,,"false"
"2026-09-29T14:01:37Z",484,"Hutchinson","NFO","0.0","0.0","0.0","0.0",0,-1,"0.1",54,0,345,0,0,"0.0","u",0,-1,,"false"
"2026-09-29T14:01:37Z",485,"Bakwa","NFO","0.0","0.0","0.0","0.0",0,0,"0.0",55,0,33,0,0,"0.0","u",0,0,,"false"
"2026-09-29T14:01:37Z",486,"McAtee","NFO","2.2","2.2","2.2","2.2",1,-1,"0.1",55,335,888,12,416,"2.3","a",0,0,,"false"
"2026-09-29T14:01:37Z",487,"Dominguez","NFO","-65.4","-65.4","-65.4","-65.4",-3,0,"0.1",49,62,286,1,1,"0.0","a",0,-1,,"false"
"2026-09-29T14:01:37Z",488,"I.Sangaré","NFO","-94.9","-94.9","-94.9","-94.9",-3,0,"0.4",49,290,2934,4,105,"0.7","a",0,-1,,"false"
"2026-09-29T14:01:37Z",489,"Yates","NFO","-85.6","-85.8","-86.3","-86.9",-3,-4,"1.2",45,578,7154,0,0,"0.0","a",0,0,,"false"
"2026-09-29T14:01:37Z",490,"Wood","NFO","-38.4","-38.6","-38.9","-39.3",-2,-2,"0.9",58,1882,6290,4,62,"1.0","a",0,-2,,"false"
"2026-09-29T14:01:37Z",491,"Igor Jesus","NFO","0.1","0.1","0.2","0.2",1,3,"2.6",58,6936,22520,12,257,"3.0","a",0,-2,,"false"
"2026-09-29T14:01:37Z",493,"Kalimuendo","NFO","0.0","0.0","0.1","0.1",0,1,"0.1",54,214,403,1,1,"0.0","a",0,-1,,"false"
"2026-09-29T14:01:37Z",558,"Schlager","NFO","0.4","0.4","0.4","0.4",1,0,"0.1",50,213,755,13,376,"2.7","a",0,0,,"false"
"2026-09-29T14:01:37Z",581,"Diomande","NFO","-49.0","-49.0","-49.0","-49.0",-3,0,"0.5",54,1471,2179,7,163,"2.3","a",0,-1,,"false"
"2026-09-29T14:01:37Z",590,"Benda","NFO","0.0","0.0","0.0","0.0",0,0,"0.1",45,121,231,0,0,"0.0","a",0,0,,"false"
"2026-09-29T14:01:37Z",112,"Van Hecke","TOT","-26.7","-26.8","-26.9","-27.0",-2,-4,"6.6",49,17873,26964,24,450,"7.3","a",0,-1,,"false"
"2026-09-29T14:01:37Z",147,"Tosin","TOT","-38.0","-38.0","-38.0","-38.0",-2,0,"0.1",44,98,543,1,5,"0.3","a",0,-1,,"false"
"2026-09-29T14:01:37Z",401,"Marmoush","TOT","36.8","36.8","36.9","37.0",2,6,"2.1",70,10444,21041,8,339,"2.0","a",0,0,,"false"
"2026-09-29T14:01:37Z",403,"Sávio","TOT","10.5","10.5","10.4","10.4",1,-4,"0.7",65,2748,6566,8,240,"2.7","a",0,0,,"false"
"2026-09-29T14:01:37Z",455,"Tonali","TOT","-18.5","-18.6","-18.8","-18.9",-1,-4,"1.8",53,2194,14651,14,427,"3.3","a",-1,-2,,"false"
"2026-09-29T14:01:37Z",494,"Vicario","TOT","0.0","0.0","0.0","0.0",0,0,"0.1",45,0,693,0,0,"0.0","u",0,0,,"false"
"2026-09-29T14:01:37Z",495,"Austin","TOT","2.1","2.1","2.1","2.1",1,-1,"1.0",40,1856,2100,0,0,"0.0","a",0,0,,"false"
"2026-09-29T14:01:37Z",496,"Kinsky","TOT","-49.5","-49.5","-49.6","-49.6",-3,-9,"17.3",45,16985,108194,18,450,"5.0","a",0,0,,"false"
"2026-09-29T14:01:37Z",497,"Dubravka","TOT","-23.8","-23.8","-23.7","-23.7",-2,2,"17.1",40,25511,46414,0,0,"0.0","a",0,0,,"false"
"2026-09-29T14:01:37Z",498,"Senesi","TOT","-53.0","-53.1","-53.3","-53.4",-3,-4,"3.5",58,1134,20916,3,90,"0.0","a",0,-2,,"false"
"2026-09-29T14:01:37Z",499,"Pedro Porro","TOT","-29.0","-29.2","-29.5","-29.8",-2,-32,"7.6",54,1658,72565,9,198,"2.7","d",0,-1,,"false"
"2026-09-29T14:01:37Z",500,"Romero","TOT","0.0","0.0","0.0","0.0",0,-1,"0.1",50,0,284,0,0,"0.0","u",0,0,,"false"
"2026-09-29T14:01:37Z",502,"Robertson","TOT","0.4","0.3","0.3","0.3",1,-2,"2.5",44,5291,12312,17,366,"4.0","a",0,-1,,"false"
"2026-09-29T14:01:37Z",503,"Van de Ven","TOT","-21.1","-21.2","-21.3","-21.5",-2,-4,"3.8",50,5456,19190,16,360,"5.3","a",0,0,,"false"
"2026-09-29T14:01:37Z",505,"Spence","TOT","0.0","0.0","0.0","0.0",0,-4,"0.2",45,0,1150,0,0,"0.0","u",0,0,,"false"
"2026-09-29T14:01:37Z",506,"Udogie","TOT","-20.0","-20.0","-20.0","-20.0",-2,0,"0.3",44,328,1574,7,86,"1.7","a",0,-1,,"false"
"2026-09-29T14:01:37Z",507,"Phillips","TOT","0.0","0.0","0.0","0.0",0,0,"0.0",45,0,54,0,0,"0.0","u",0,0,,"false"
"2026-09-29T14:01:37Z",508,"Davies","TOT","1.5","1.5","1.5","1.6",1,2,"0.9",39,7197,3727,0,0,"0.0","a",-1,-1,,"false"
"2026-09-29T14:01:37Z",509,"Byfield","TOT","-4.0","-4.0","-4.0","-4.0",-1,0,"0.1",40,119,241,0,0,"0.0","a",0,0,,"false"
"2026-09-29T14:01:37Z",510,"Rowswell","TOT","-15.8","-15.8","-15.8","-15.8",-1,0,"0.1",40,150,332,0,0,"0.0","a",0,0,,"false"
"2026-09-29T14:01:37Z",511,"Souza","TOT","0.0","0.0","0.0","0.0",0,0,"0.2",40,0,862,0,0,"0.0","u",0,0,,"false"
"2026-09-29T14:01:37Z",512,"Kudus","TOT","2.1","2.1","2.1","2.1",1,0,"0.2",65,2165,1078,7,123,"2.0","a",0,0,,"false"
"2026-09-29T14:01:37Z",513,"Xavi","TOT","-16.8","-18.8","-24.0","-29.2",-1,-1,"0.0",59,50,80,0,0,"0.0","i",0,-1,,"false"
"2026-09-29T14:01:37Z",514,"Tel","TOT","-25.5","-26.2","-28.2","-30.1",-2,-4,"0.2",57,195,1905,8,257,"1.3","a",-1,-3,,"false"
"2026-09-29T14:01:37Z",515,"Maddison","TOT","-68.9","-68.9","-68.9","-68.9",-3,0,"0.4",63,716,1926,3,59,"0.7","a",0,-2,,"false"
"2026-09-29T14:01:37Z",516,"Bentancur","TOT","-72.2","-72.2","-72.2","-72.2",-3,0,"0.2",55,348,675,15,370,"4.0","a",0,0,,"false"
"2026-09-29T14:01:37Z",517,"Odobert","TOT","0.0","0.0","0.0","0.0",0,0,"0.0",55,24,13,0,0,"0.0","i",0,0,,"false"
"2026-09-29T14:01:37Z",518,"P.M.Sarr","TOT","0.0","0.0","0.0","0.0",0,0,"0.1",49,0,652,0,0,"0.0","u",0,-1,,"false"
"2026-09-29T14:01:37Z",519,"Gallagher","TOT","0.1","0.1","0.1","0.1",1,0,"0.2",53,790,632,9,134,"3.0","a",0,-2,,"false"
"2026-09-29T14:01:37Z",520,"Bergvall","TOT","-2.7","-2.7","-2.7","-2.7",-1,0,"0.1",53,101,604,3,78,"0.7","a",-1,-2,,"false"
"2026-09-29T14:01:37Z",521,"Kulusevski","TOT","-79.9","-84.7","-97.4","-110.1",-3,-2,"0.0",65,84,66,0,0,"0.0","i",0,0,,"false"
"2026-09-29T14:01:37Z",522,"Gray","TOT","-23.1","-23.1","-23.1","-23.1",-2,0,"0.2",49,454,1161,9,307,"1.7","a",0,-1,,"false"
"2026-09-29T14:01:37Z",523,"Moore","TOT","0.0","0.0","0.0","0.0",0,0,"0.1",50,0,526,3,89,"0.0","u",0,0,,"false"
"2026-09-29T14:01:37Z",524,"Olusesi","TOT","7.7","7.7","7.7","7.7",1,0,"1.0",44,6036,7461,0,0,"0.0","a",0,-1,,"false"
"2026-09-29T14:01:37Z",525,"Fernandes","TOT","-9.3","-9.5","-10.0","-10.4",-1,-4,"0.8",57,452,6461,7,249,"1.3","a",-1,-3,,"false"
"2026-09-29T14:01:37Z",526,"Solanke","TOT","-29.4","-29.5","-29.8","-30.1",-2,-2,"0.8",58,1813,5524,7,170,"1.7","a",0,-2,,"false"
"2026-09-29T14:01:37Z",527,"Richarlison","TOT","0.0","0.0","0.0","0.0",0,-4,"0.6",59,0,5559,2,67,"0.0","u",0,-1,,"false"
"2026-09-29T14:01:37Z",528,"Scarlett","TOT","0.0","0.0","0.0","0.0",0,-5,"1.1",45,0,7839,0,0,"0.0","u",0,0,,"false"
"2026-09-29T14:01:37Z",578,"Mudryk","TOT","-11.3","-11.7","-12.7","-13.6",-1,-1,"0.0",53,19,550,1,16,"0.3","i",-1,-2,,"false"
"2026-09-29T14:01:37Z",601,"Williams-Barnett","TOT","-50.9","-51.5","-52.9","-54.4",-3,-1,"0.1",45,163,745,0,0,"0.0","a",0,0,,"false"
"2026-09-29T14:01:37Z",501,"Danso","SUN","-81.2","-81.2","-81.2","-81.2",-3,0,"0.2",50,1125,812,3,270,"1.0","a",0,0,,"false"
"2026-09-29T14:01:37Z",529,"Roefs","SUN","-15.8","-15.8","-15.8","-15.8",-1,0,"2.4",49,2008,11280,11,450,"1.3","a",0,-1,,"false"
"2026-09-29T14:01:37Z",530,"Patterson","SUN","0.0","0.0","0.0","0.0",0,-1,"0.1",40,0,341,0,0,"0.0","u",0,0,,"false"
"2026-09-29T14:01:37Z",531,"Ellborg","SUN","-0.1","-0.1","-0.1","-0.1",-1,0,"0.1",44,130,244,0,0,"0.0","a",-1,-1,,"false"
"2026-09-29T14:01:37Z",532,"Ballard","SUN","-51.4","-51.6","-52.1","-52.5",-3,-14,"2.5",49,3581,16145,14,450,"2.0","d",0,-1,,"false"
"2026-09-29T14:01:37Z",533,"Mukiele","SUN","-16.4","-16.4","-16.4","-16.4",-1,0,"1.9",54,4979,8547,13,360,"1.3","a",0,-1,,"false"
"2026-09-29T14:01:37Z",534,"Hume","SUN","-7.4","-7.4","-7.4","-7.4",-1,0,"2.8",43,1196,28958,10,206,"0.7","a",-1,-2,,"false"
"2026-09-29T14:01:37Z",535,"Alderete","SUN","-6.4","-6.4","-6.4","-6.4",-1,0,"0.2",48,213,1040,1,23,"0.0","a",-1,-2,,"false"
"2026-09-29T14:01:37Z",536,"Reinildo","SUN","-0.1","-0.1","-0.1","-0.1",-1,0,"0.3",44,178,1540,7,360,"0.0","a",-1,-1,,"false"
"2026-09-29T14:01:37Z",537,"Seelt","SUN","0.0","0.0","0.0","0.0",0,0,"0.0",45,0,22,0,0,"0.0","u",0,0,,"false"
"2026-09-29T14:01:37Z",538,"Hjelde","SUN","0.0","0.0","0.0","0.0",0,0,"0.0",40,0,151,0,0,"0.0","u",0,0,,"false"
"2026-09-29T14:01:37Z",539,"O'Nien","SUN","3.9","3.9","4.0","4.1",1,4,"2.5",39,17223,11217,1,66,"0.0","a",-1,-1,,"false"
"2026-09-29T14:01:37Z",540,"Masuaku","SUN","0.0","0.0","0.0","0.0",0,0,"0.1",40,0,610,0,0,"0.0","u",0,0,,"false"
"2026-09-29T14:01:37Z",541,"Meunier","SUN","-32.4","-32.4","-32.4","-32.4",-2,0,"0.3",45,1566,837,14,396,"2.3","a",0,0,,"false"
"2026-09-29T14:01:37Z",542,"E.Le Fée","SUN","-4.2","-4.2","-4.3","-4.4",-1,-4,"3.4",57,10997,23298,18,438,"4.3","a",-1,-3,,"false"
"2026-09-29T14:01:37Z",543,"Diarra","SUN","0.0","0.0","0.0","0.0",0,0,"0.0",53,20,219,5,28,"0.0","i",-1,-2,,"false"
"2026-09-29T14:01:37Z",544,"Xhaka","SUN","-71.5","-71.7","-72.3","-72.8",-3,-13,"3.6",55,6023,22659,21,450,"2.0","a",0,0,,"false"
"2026-09-29T14:01:37Z",545,"Sadiki","SUN","-71.7","-71.7","-71.7","-71.7",-3,0,"0.2",49,392,1300,10,410,"1.7","a",0,-1,,"false"
"2026-09-29T14:01:37Z",546,"Adingra","SUN","0.0","0.0","0.0","0.0",0,0,"0.0",49,0,186,0,0,"0.0","u",0,-1,,"false"
"2026-09-29T14:01:37Z",547,"Mundle","SUN","-77.3","-82.2","-94.9","-107.6",-3,-1,"0.0",49,10,54,1,1,"0.0","i",0,-1,,"false"
"2026-09-29T14:01:37Z",548,"Rigg","SUN","-75.0","-76.5","-80.5","-84.5",-3,-1,"0.0",49,30,221,2,17,"0.0","a",0,-1,,"false"
"2026-09-29T14:01:37Z",549,"Talbi","SUN","-28.5","-28.5","-28.5","-28.5",-2,0,"0.1",53,105,556,1,31,"0.0","a",0,-2,,"false"
"2026-09-29T14:01:37Z",550,"Jocelin.T","SUN","-92.6","-92.6","-92.6","-92.6",-3,0,"0.0",50,27,39,0,0,"0.0","a",0,0,,"false"
"2026-09-29T14:01:37Z",551,"N.Angulo","SUN","1.3","1.3","1.3","1.3",1,0,"0.1",50,496,763,16,313,"2.7","a",0,0,,"false"
"2026-09-29T14:01:37Z",552,"Brobbey","SUN","79.9","79.9","79.9","79.9",3,-1,"7.0",57,193275,42561,24,399,"6.7","d",-1,-3,,"false"
"2026-09-29T14:01:37Z",553,"Isidor","SUN","3.1","3.1","3.1","3.1",1,0,"1.3",55,3072,11323,15,117,"2.0","a",0,0,,"false"
"2026-09-29T14:01:37Z",612,"Methalie","SUN","0.0","0.0","0.0","0.0",0,0,"0.0",45,111,65,-1,90,"-0.3","a",0,0,,"false"
"2026-09-29T14:01:37Z",613,"Ahoka","SUN","-44.2","-44.6","-45.7","-46.8",-3,-2,"0.2",45,575,1564,0,0,"0.0","a",0,0,,"false"
"2026-09-29T14:01:37Z",646,"Fofana","SUN","-13.1","-13.1","-13.1","-13.1",-1,0,"0.0",55,319,292,3,60,"1.0","a",0,0,,"false"
"2026-09-29T14:01:37Z",651,"J.Angulo","SUN","4.8","4.8","4.9","5.0",1,7,"0.7",45,8525,7106,0,0,"0.0","a",0,0,,"false"
"2026-09-29T16:09:28Z",1,"Raya","ARS","1.3","1.3","1.3","1.3",1,3,"42.3",61,123533,46191,30,450,"6.0","a",1,1,,"false"
"2026-09-29T16:09:28Z",2,"Arrizabalaga","ARS","-48.2","-48.2","-48.2","-48.2",-3,0,"0.1",49,105,248,0,0,"0.0","a",0,-1,,"false"
"2026-09-29T16:09:28Z",3,"Meslier","ARS","-38.0","-39.9","-46.3","-52.7",-2,-1,"0.0",49,45,119,0,0,"0.0","a",0,-1,,"false"
"2026-09-29T16:09:28Z",4,"Gabriel","ARS","-87.3","-87.3","-87.3","-87.3",-3,-4,"22.7",80,23578,64973,25,450,"5.0","a",0,0,,"false"
"2026-09-29T16:09:28Z",5,"J.Timber","ARS","10.8","10.8","10.9","11.0",1,7,"0.4",65,12096,3972,1,104,"0.2","a",0,0,,"false"
"2026-09-29T16:09:28Z",6,"Saliba","ARS","-24.9","-24.9","-24.9","-24.9",-2,0,"0.2",59,382,1077,0,0,"0.0","i",0,-1,,"false"
"2026-09-29T16:09:28Z",7,"Lewis-Skelly","ARS","-15.5","-15.5","-15.8","-16.1",-1,-2,"0.6",54,891,4881,9,271,"1.5","a",-1,-1,,"false"
"2026-09-29T16:09:28Z",8,"Calafiori","ARS","92.4","92.4","92.4","92.5",3,4,"50.5",58,73905,61900,29,416,"5.0","a",0,3,,"false"
"2026-09-29T16:09:28Z",9,"Hincapie","ARS","-5.3","-5.4","-5.7","-6.1",-1,-4,"0.9",52,1407,5629,2,32,"0.2","a",-1,-3,,"false"
"2026-09-29T16:09:28Z",10,"White","ARS","-46.6","-46.7","-47.3","-47.8",-3,-33,"4.9",55,3232,65784,21,315,"2.5","d",0,0,,"false"
"2026-09-29T16:09:28Z",11,"Mosquera","ARS","-24.6","-24.8","-25.2","-25.6",-2,-5,"1.6",53,1161,9212,12,168,"1.5","a",0,-2,,"false"
"2026-09-29T16:09:28Z",12,"Saka","ARS","89.1","89.2","89.5","89.9",3,22,"13.7",95,104104,45891,32,416,"5.8","a",0,0,,"false"
"2026-09-29T16:09:28Z",13,"Rice","ARS","-32.7","-32.8","-33.4","-33.9",-2,-79,"11.7",74,7493,80425,20,411,"4.2","d",0,-1,,"false"
"2026-09-29T16:09:28Z",14,"Eze","ARS","-0.6","-0.7","-1.0","-1.4",-1,-4,"1.0",62,2191,6643,4,85,"0.8","a",-1,-3,,"false"
"2026-09-29T16:09:28Z",15,"Ødegaard","ARS","-1.5","-1.4","-1.3","-1.2",-1,7,"19.8",68,74007,86101,29,377,"4.5","a",0,3,,"false"
"2026-09-29T16:09:28Z",16,"Madueke","ARS","-25.0","-25.0","-25.0","-25.0",-2,0,"0.2",62,726,1534,2,23,"0.2","a",0,-3,,"false"
"2026-09-29T16:09:28Z",17,"Merino","ARS","-99.1","-99.1","-99.1","-99.1",-4,0,"0.4",58,723,2824,4,81,"0.8","a",0,-2,,"false"
"2026-09-29T16:09:28Z",18,"Martinelli","ARS","0.0","0.0","0.0","0.0",0,0,"0.1",63,0,547,0,0,"0.0","u",0,-2,,"false"
"2026-09-29T16:09:28Z",19,"Zubimendi","ARS","-46.7","-46.7","-47.1","-47.4",-3,-1,"0.6",53,493,3648,5,89,"1.0","a",0,-2,,"false"
"2026-09-29T16:09:28Z",20,"Dowman","ARS","-26.0","-26.0","-26.0","-26.0",-2,0,"0.1",53,449,567,1,9,"0.2","a",0,-2,,"false"
"2026-09-29T16:09:28Z",22,"Nwaneri","ARS","0.0","0.0","0.0","0.0",0,0,"0.0",54,0,48,0,0,"0.0","u",0,-1,,"false"
"2026-09-29T16:09:28Z",23,"Fábio Vieira","ARS","0.0","0.0","0.0","0.0",0,0,"0.0",55,0,38,0,0,"0.0","u",0,0,,"false"
"2026-09-29T16:09:28Z",24,"Nelson","ARS","0.0","0.0","0.0","0.0",0,0,"0.0",55,0,23,0,0,"0.0","u",0,0,,"false"
"2026-09-29T16:09:28Z",25,"Gyökeres","ARS","-4.0","-3.7","-2.9","-2.1",-1,29,"3.1",71,10031,16448,2,29,"0.5","a",-1,-4,,"false"
"2026-09-29T16:09:28Z",26,"Havertz","ARS","6.2","5.9","4.7","3.6",1,-77,"8.3",76,50213,59299,19,437,"3.2","d",0,1,,"false"
"2026-09-29T16:09:28Z",27,"G.Jesus","ARS","0.0","0.0","0.0","0.0",0,0,"0.1",59,0,991,0,0,"0.0","u",0,-1,,"false"
"2026-09-29T16:09:28Z",31,"Konsa","ARS","0.8","0.8","0.8","0.8",1,2,"19.4",46,88493,44288,12,281,"3.0","a",1,1,,"false"
"2026-09-29T16:09:28Z",452,"Bruno G.","ARS","0.4","0.4","0.4","0.5",1,4,"1.8",67,5421,7436,9,123,"2.2","a",0,-3,,"false"
"2026-09-29T16:09:28Z",557,"Tzolis","ARS","-11.2","-11.3","-11.4","-11.6",-1,-21,"12.2",63,11652,136676,16,362,"2.5","a",-1,-2,,"false"
"2026-09-29T16:09:28Z",29,"M.Bizot","AVL","-36.7","-36.7","-36.7","-36.7",-2,0,"0.1",45,60,994,1,90,"0.0","i",0,0,,"false"
"2026-09-29T16:09:28Z",30,"Digne","AVL","0.0","0.0","0.0","0.0",0,-2,"0.0",45,0,221,0,0,"0.0","u",0,0,,"false"
"2026-09-29T16:09:28Z",32,"Cash","AVL","-22.3","-22.4","-22.5","-22.7",-2,-6,"4.8",44,2582,24540,6,296,"1.8","a",0,-1,,"false"
"2026-09-29T16:09:28Z",33,"Mings","AVL","0.7","0.7","0.7","0.7",1,0,"0.4",45,1635,1357,10,261,"2.2","a",0,0,,"false"
"2026-09-29T16:09:28Z",34,"Pau","AVL","-100.2","-100.2","-100.2","-100.2",-5,0,"0.3",45,43,3055,3,187,"0.8","i",0,0,,"false"
"2026-09-29T16:09:28Z",35,"Bogarde","AVL","-3.4","-3.4","-3.4","-3.4",-1,0,"0.1",49,167,434,1,16,"0.0","a",-1,-1,,"false"
"2026-09-29T16:09:28Z",36,"Maatsen","AVL","-2.0","-2.1","-2.2","-2.4",-1,-2,"0.5",44,49,5983,9,335,"2.2","i",-1,-1,,"false"
"2026-09-29T16:09:28Z",37,"Lindelöf","AVL","1.0","1.0","1.0","1.0",1,1,"0.3",45,982,1241,8,450,"2.5","a",0,0,,"false"
"2026-09-29T16:09:28Z",38,"A.García","AVL","-34.0","-34.0","-34.0","-34.0",-2,0,"1.5",40,1801,5909,0,0,"0.0","a",0,0,,"false"
"2026-09-29T16:09:28Z",39,"Nedeljkovic","AVL","0.0","0.0","0.0","0.0",0,0,"0.1",40,0,540,0,0,"0.0","u",0,0,,"false"
"2026-09-29T16:09:28Z",41,"Buendía","AVL","-37.3","-37.1","-36.3","-35.5",-2,5,"1.0",59,11768,4003,21,401,"4.8","a",0,-1,,"false"
"2026-09-29T16:09:28Z",44,"Bailey","AVL","0.0","0.0","0.0","0.0",0,0,"0.1",54,0,469,0,0,"0.0","u",0,-1,,"false"
"2026-09-29T16:09:28Z",45,"McGinn","AVL","-20.0","-20.1","-20.6","-21.0",-2,-7,"2.2",54,6583,8211,17,434,"4.0","a",0,-1,,"false"
"2026-09-29T16:09:28Z",46,"Barkley","AVL","0.5","0.5","0.5","0.5",1,0,"0.3",50,546,1734,10,308,"2.0","a",0,0,,"false"
"2026-09-29T16:09:28Z",47,"Kamara","AVL","-79.1","-79.1","-79.1","-79.1",-3,0,"0.3",50,1264,1530,15,443,"3.2","a",0,0,,"false"
"2026-09-29T16:09:28Z",48,"Onana","AVL","-10.7","-10.7","-10.7","-10.7",-1,0,"0.0",49,39,93,0,0,"0.0","i",0,-1,,"false"
"2026-09-29T16:09:28Z",49,"Iling Jr","AVL","0.0","0.0","0.0","0.0",0,0,"0.0",50,0,10,0,0,"0.0","u",0,0,,"false"
"2026-09-29T16:09:28Z",50,"Burrowes","AVL","-77.0","-77.2","-77.7","-78.2",-3,-2,"0.6",45,617,3307,0,0,"0.0","a",0,0,,"false"
"2026-09-29T16:09:28Z",51,"George Hemmings","AVL","13.5","13.5","13.4","13.3",1,-5,"1.2",45,3125,9429,9,297,"1.8","a",0,0,,"false"
"2026-09-29T16:09:28Z",52,"Alysson","AVL","-1.1","-1.7","-3.7","-5.7",-1,-1,"0.0",50,66,762,8,87,"1.8","d",0,0,,"false"
"2026-09-29T16:09:28Z",53,"Manzambi","AVL","8.0","8.0","8.1","8.1",1,3,"0.4",59,27457,3083,14,98,"3.5","a",0,-1,,"false"
"2026-09-29T16:09:28Z",54,"Gomes","AVL","0.1","0.1","0.1","0.1",1,0,"0.0",55,446,189,2,129,"1.0","a",0,0,,"false"
"2026-09-29T16:09:28Z",55,"Watkins","AVL","0.0","0.0","0.0","0.0",0,-12,"2.5",78,0,12176,0,0,"0.0","u",0,-2,,"false"
"2026-09-29T16:09:28Z",56,"Abraham","AVL","3.4","3.4","3.4","3.5",1,2,"0.2",55,1619,1680,4,71,"1.0","a",0,0,,"false"
"2026-09-29T16:09:28Z",160,"Garnacho","AVL","-64.4","-64.6","-65.4","-66.3",-3,-2,"0.3",58,512,2700,3,31,"0.5","a",0,-2,,"false"
"2026-09-29T16:09:28Z",166,"N.Jackson","AVL","50.3","50.4","50.9","51.4",3,31,"1.5",65,34468,7693,10,286,"2.5","a",0,0,,"false"
"2026-09-29T16:09:28Z",582,"Madjo","AVL","-24.1","-24.1","-24.1","-24.1",-2,0,"0.2",54,185,1721,0,0,"0.0","i",0,-1,,"false"
"2026-09-29T16:09:28Z",596,"Ruggeri","AVL","-73.7","-73.7","-73.7","-73.7",-3,0,"0.1",45,496,317,5,113,"1.0","a",0,0,,"false"
"2026-09-29T16:09:28Z",597,"Suzuki","AVL","29.2","29.2","29.2","29.2",2,3,"1.9",50,13171,6259,16,360,"4.0","a",0,0,,"false"
"2026-09-29T16:09:28Z",606,"Rowe","AVL","0.2","0.2","0.2","0.2",1,1,"0.2",40,307,878,0,0,"0.0","a",0,0,,"false"
"2026-09-29T16:09:28Z",607,"Lynch","AVL","0.0","0.0","0.0","0.0",0,0,"0.1",45,0,691,0,0,"0.0","u",0,0,,"false"
"2026-09-29T16:09:28Z",611,"Wan-Bissaka","AVL","2.0","2.0","2.0","2.0",1,0,"0.2",45,1395,1389,6,152,"1.5","a",0,0,,"false"
"2026-09-29T16:09:28Z",618,"Goretzka","AVL","-40.0","-40.0","-40.0","-40.0",-3,0,"0.0",59,22,408,0,0,"0.0","i",0,-1,,"false"
"2026-09-29T16:09:28Z",630,"Harwood-Bellis","AVL","0.0","0.0","0.0","0.0",0,0,"0.0",45,181,177,0,0,"0.0","a",0,0,,"false"
"2026-09-29T16:09:28Z",631,"Mbaye","AVL","0.3","0.3","0.3","0.3",1,0,"0.1",60,868,1095,2,33,"0.7","a",0,0,,"false"
"2026-09-29T16:09:28Z",667,"Wright","AVL","0.0","0.0","0.0","0.0",0,0,"0.1",40,6939,790,0,0,"0.0","a",0,0,"2026-10-02T19:12:30.130761Z","false"
"2026-09-29T16:09:28Z",57,"Petrović","BOU","0.3","0.3","0.3","0.4",1,3,"3.0",45,5966,11352,9,450,"1.3","a",0,0,,"false"
"2026-09-29T16:09:28Z",58,"Forster","BOU","4.5","4.5","4.5","4.5",1,-1,"3.5",40,7945,7068,0,0,"0.0","a",0,0,,"false"
"2026-09-29T16:09:28Z",59,"Dennis","BOU","0.0","0.0","0.0","0.0",0,0,"0.1",40,0,532,0,0,"0.0","u",0,0,,"false"
"2026-09-29T16:09:28Z",60,"Hill","BOU","-33.1","-33.1","-33.1","-33.1",-2,0,"0.8",55,3040,3020,12,450,"2.3","a",0,0,,"false"
"2026-09-29T16:09:28Z",61,"Truffert","BOU","-1.3","-1.3","-1.3","-1.3",-1,0,"3.0",54,4398,11816,10,450,"1.7","a",-1,-1,,"false"
"2026-09-29T16:09:28Z",62,"Diakité","BOU","-5.4","-5.4","-5.4","-5.4",-1,0,"0.2",49,459,945,0,0,"0.0","a",-1,-1,,"false"
"2026-09-29T16:09:28Z",63,"Milosavljević","BOU","-3.9","-3.9","-3.9","-3.9",-1,0,"0.0",49,28,44,0,0,"0.0","i",0,-1,,"false"
"2026-09-29T16:09:28Z",64,"Smith","BOU","0.3","0.3","0.3","0.3",1,-1,"0.1",45,386,464,4,434,"0.7","a",0,0,,"false"
"2026-09-29T16:09:28Z",65,"J.Araujo","BOU","-12.2","-12.2","-12.2","-12.2",-1,0,"0.0",44,34,53,0,0,"0.0","i",0,-1,,"false"
"2026-09-29T16:09:28Z",66,"Soler","BOU","1.4","1.4","1.4","1.4",1,0,"0.3",40,719,1096,0,0,"0.0","a",0,0,,"false"
"2026-09-29T16:09:28Z",67,"Rayan","BOU","-9.6","-9.7","-9.9","-10.0",-1,-3,"1.6",63,3859,9545,10,434,"2.0","a",-1,-2,,"false"
"2026-09-29T16:09:28Z",68,"Tavernier","BOU","29.8","29.8","29.9","29.9",2,3,"6.8",61,79775,42411,31,424,"6.7","a",0,1,,"false"
"2026-09-29T16:09:28Z",69,"Scott","BOU","0.4","0.4","0.3","0.2",1,-6,"5.8",61,23013,37588,30,446,"5.3","a",0,1,,"false"
"2026-09-29T16:09:28Z",70,"Kluivert","BOU","-51.8","-52.1","-52.9","-53.8",-3,-13,"0.9",60,2292,17472,15,294,"3.0","i",0,0,,"false"
"2026-09-29T16:09:28Z",71,"Cook","BOU","-11.5","-11.5","-11.5","-11.5",-1,0,"0.2",50,259,1126,8,180,"0.7","a",0,0,,"false"
"2026-09-29T16:09:28Z",72,"Gannon-Doak","BOU","-62.7","-62.7","-62.7","-62.7",-3,0,"0.1",49,135,364,4,12,"1.0","a",0,-1,,"false"
"2026-09-29T16:09:28Z",73,"Adams","BOU","1.5","1.5","1.6","1.6",1,2,"0.3",50,1063,1604,12,279,"3.3","a",0,0,,"false"
"2026-09-29T16:09:28Z",74,"Brooks","BOU","-19.0","-19.0","-19.0","-19.0",-1,0,"0.1",50,171,316,3,45,"0.7","a",0,0,,"false"
"2026-09-29T16:09:28Z",75,"Christie","BOU","0.4","0.4","0.4","0.4",1,0,"0.0",50,288,241,5,102,"1.3","a",0,0,,"false"
"2026-09-29T16:09:28Z",76,"Tóth.A","BOU","-12.0","-12.0","-12.0","-12.0",-1,0,"0.0",49,25,54,2,17,"0.3","a",0,-1,,"false"
"2026-09-29T16:09:28Z",77,"Adli","BOU","-82.3","-82.3","-82.3","-82.3",-3,0,"0.0",49,22,74,0,0,"0.0","i",0,-1,,"false"
"2026-09-29T16:09:28Z",78,"Kroupi.Jr","BOU","-74.0","-74.0","-74.0","-74.0",-3,0,"0.2",74,182,826,0,0,"0.0","i",0,-1,,"false"
"2026-09-29T16:09:28Z",79,"Evanilson","BOU","50.0","50.0","50.0","50.0",3,0,"3.2",60,16931,20452,18,424,"3.0","a",0,0,,"false"
"2026-09-29T16:09:28Z",80,"Enes Ünal","BOU","0.0","0.0","0.0","0.0",0,0,"0.0",55,0,48,0,0,"0.0","u",0,0,,"false"
"2026-09-29T16:09:28Z",81,"Rodríguez","BOU","-33.2","-33.2","-33.2","-33.2",-2,0,"0.1",60,734,700,2,10,"0.3","a",0,0,,"false"
"2026-09-29T16:09:28Z",566,"Silva","BOU","1.3","1.3","1.3","1.3",1,0,"0.4",50,5708,3344,13,450,"2.3","a",0,0,,"false"
"2026-09-29T16:09:28Z",573,"Sanchez","BOU","-12.1","-12.1","-12.1","-12.1",-1,0,"0.2",44,143,419,0,0,"0.0","a",0,-1,,"false"
"2026-09-29T16:09:28Z",608,"Jebbison","BOU","0.5","0.5","0.6","0.6",1,1,"0.1",50,862,879,3,31,"0.7","a",0,0,,"false"
"2026-09-29T16:09:28Z",615,"Di Gregorio","BOU","-27.9","-27.9","-27.9","-27.9",-2,0,"0.0",45,181,188,0,0,"0.0","a",0,0,,"false"
"2026-09-29T16:09:28Z",82,"Kelleher","BRE","20.0","20.0","20.1","20.2",2,6,"6.1",50,19349,13040,20,450,"3.7","a",0,0,,"false"
"2026-09-29T16:09:28Z",83,"Valdimarsson","BRE","-73.3","-73.3","-73.3","-73.3",-3,0,"0.1",45,287,321,0,0,"0.0","a",0,0,,"false"
"2026-09-29T16:09:28Z",84,"Collins","BRE","-27.6","-27.7","-27.9","-28.1",-2,-4,"1.0",54,116,9122,10,196,"0.3","i",0,-1,,"false"
"2026-09-29T16:09:28Z",85,"Van den Berg","BRE","-78.3","-78.3","-78.3","-78.3",-3,0,"0.1",49,37,330,0,0,"0.0","i",0,-1,,"false"
"2026-09-29T16:09:28Z",86,"Lewis-Potter","BRE","31.8","31.8","31.8","31.8",2,0,"1.7",55,3605,11722,22,406,"2.0","a",0,0,,"false"
"2026-09-29T16:09:28Z",87,"Ajer","BRE","30.2","30.2","30.3","30.3",2,1,"3.9",45,10901,21990,21,450,"3.3","a",0,0,,"false"
"2026-09-29T16:09:28Z",88,"Kayode","BRE","-37.1","-37.1","-37.1","-37.0",-2,2,"7.6",46,12728,20628,23,294,"2.7","a",0,1,,"false"
"2026-09-29T16:09:28Z",89,"Henry","BRE","-15.2","-15.2","-15.2","-15.2",-1,0,"0.2",44,155,575,1,2,"0.0","a",0,-1,,"false"
"2026-09-29T16:09:28Z",90,"Hickey","BRE","-28.5","-28.5","-28.5","-28.5",-2,0,"0.1",45,178,243,5,152,"1.0","a",0,0,,"false"
"2026-09-29T16:09:28Z",92,"Ji-soo","BRE","-4.9","-6.6","-12.8","-19.0",-1,-1,"0.0",44,58,88,0,0,"0.0","a",-1,-1,,"false"
"2026-09-29T16:09:28Z",93,"Schuster","BRE","4.9","4.9","5.0","5.1",1,6,"0.3",45,14745,2188,21,253,"7.0","a",0,0,,"false"
"2026-09-29T16:09:28Z",94,"Schade","BRE","11.7","12.0","12.7","13.5",1,143,"11.4",62,382080,23457,39,447,"8.7","a",1,2,,"false"
"2026-09-29T16:09:28Z",95,"O.Dango","BRE","-46.8","-47.0","-47.7","-48.3",-3,-2,"0.5",63,789,3545,7,179,"1.0","a",0,-2,,"false"
"2026-09-29T16:09:28Z",96,"Damsgaard","BRE","-8.3","-8.3","-8.3","-8.3",-1,0,"0.4",54,1516,1987,16,283,"4.0","a",0,-1,,"false"
"2026-09-29T16:09:28Z",97,"Jensen","BRE","-55.3","-55.3","-55.3","-55.3",-3,0,"0.1",54,20,622,6,66,"0.0","i",0,-1,,"false"
"2026-09-29T16:09:28Z",98,"Janelt","BRE","76.5","76.5","76.5","76.6",3,3,"2.5",50,18911,17334,28,450,"6.0","a",0,0,,"false"
"2026-09-29T16:09:28Z",99,"Milambo","BRE","-42.2","-42.2","-42.2","-42.2",-3,0,"0.0",50,6,7,0,0,"0.0","i",0,0,,"false"
"2026-09-29T16:09:28Z",100,"Carvalho","BRE","0.3","0.3","0.3","0.3",1,0,"0.0",50,598,171,6,3,"2.0","a",0,0,,"false"
"2026-09-29T16:09:28Z",102,"Yarmoliuk","BRE","-17.3","-17.6","-18.5","-19.4",-1,-4,"0.6",48,1299,3186,9,216,"2.3","a",0,-2,,"false"
"2026-09-29T16:09:28Z",103,"Dasilva","BRE","-60.0","-60.0","-60.0","-60.0",-3,0,"0.0",49,9,100,0,0,"0.0","i",0,-1,,"false"
"2026-09-29T16:09:28Z",105,"Anthony","BRE","0.8","0.8","0.8","0.8",1,1,"0.1",59,2270,588,15,267,"4.0","a",0,-1,,"false"
"2026-09-29T16:09:28Z",106,"Thiago","BRE","9.3","9.5","10.5","11.4",1,65,"9.1",78,55156,36941,10,442,"2.7","a",0,-2,,"false"
"2026-09-29T16:09:28Z",107,"Furo","BRE","-5.5","-5.5","-5.8","-6.0",-1,-4,"0.9",45,604,9308,0,0,"0.0","i",0,0,,"false"
"2026-09-29T16:09:28Z",108,"Wilson","BRE","-11.7","-12.2","-13.7","-15.3",-1,-5,"0.3",54,1156,2413,3,13,"0.3","a",-1,-1,,"false"
"2026-09-29T16:09:28Z",565,"M.Sangaré","BRE","-30.7","-30.8","-31.0","-31.3",-2,-28,"9.9",56,8217,136677,22,321,"1.3","a",-1,1,,"false"
"2026-09-29T16:09:28Z",620,"Diouf","BRE","-35.1","-35.1","-35.1","-35.1",-2,0,"0.1",45,456,664,2,39,"0.7","a",0,0,,"false"
"2026-09-29T16:09:28Z",657,"Nunes","BRE","0.0","0.0","0.0","0.0",0,0,"0.0",45,334,265,0,0,"0.0","a",0,0,,"false"
"2026-09-29T16:09:28Z",660,"Fredrick","BRE","0.0","0.0","0.0","0.0",0,0,"0.0",40,514,65,0,0,"0.0","a",0,0,"2026-10-01T21:16:22.650713Z","false"
"2026-09-29T16:09:28Z",661,"Balcombe","BRE","0.0","0.0","0.0","0.0",0,0,"0.0",40,2815,527,0,0,"0.0","a",0,0,"2026-10-01T21:16:40.866514Z","false"
"2026-09-29T16:09:28Z",109,"Verbruggen","BHA","62.9","62.9","62.9","62.9",3,0,"21.6",45,70120,69984,23,450,"5.7","a",0,0,,"false"
"2026-09-29T16:09:28Z",111,"Steele","BHA","-0.6","-0.5","-0.4","-0.3",-1,3,"4.1",40,6974,14413,0,0,"0.0","a",0,0,,"false"
"2026-09-29T16:09:28Z",113,"F.Kadıoğlu","BHA","-59.3","-59.3","-59.1","-59.0",-3,2,"1.6",44,3871,6708,13,332,"4.3","a",0,-1,,"false"
"2026-09-29T16:09:28Z",114,"Boscagli","BHA","2.6","2.6","2.6","2.6",1,0,"0.3",45,1953,754,19,437,"4.7","a",0,0,,"false"
"2026-09-29T16:09:28Z",115,"De Cuyper","BHA","1.6","1.7","2.1","2.5",1,67,"27.7",50,293391,20307,38,423,"7.0","a",1,5,,"false"
"2026-09-29T16:09:28Z",116,"Dunk","BHA","19.9","19.9","19.7","19.5",1,-12,"1.5",45,7526,9392,22,360,"5.7","d",0,0,,"false"
"2026-09-29T16:09:28Z",117,"Coppola","BHA","-11.1","-13.7","-22.8","-31.9",-1,-1,"0.0",45,107,94,0,0,"0.0","a",0,0,,"false"
"2026-09-29T16:09:28Z",118,"Igor","BHA","0.0","0.0","0.0","0.0",0,0,"0.0",45,0,278,0,0,"0.0","u",0,0,,"false"
"2026-09-29T16:09:28Z",119,"Costinha","BHA","0.0","-0.9","-6.0","-11.0",-1,-1,"0.0",45,166,130,4,68,"1.0","a",0,0,,"false"
"2026-09-29T16:09:28Z",120,"Svoboda","BHA","0.5","0.5","0.5","0.5",1,0,"0.1",50,1308,455,1,4,"0.3","a",0,0,,"false"
"2026-09-29T16:09:28Z",121,"Mitoma","BHA","-25.0","-25.0","-25.0","-25.0",-2,0,"0.0",59,116,167,0,0,"0.0","i",0,-1,,"false"
"2026-09-29T16:09:28Z",122,"Minteh","BHA","-4.7","-4.7","-4.7","-4.7",-1,0,"0.0",58,44,213,0,0,"0.0","i",-1,-2,,"false"
"2026-09-29T16:09:28Z",123,"Hinshelwood","BHA","-38.4","-38.5","-38.9","-39.3",-2,-4,"0.6",59,263,6624,16,63,"0.0","i",0,-1,,"false"
"2026-09-29T16:09:28Z",124,"Groß","BHA","89.4","89.8","91.3","92.8",3,282,"28.8",58,775490,11326,47,450,"10.7","a",1,3,,"false"
"2026-09-29T16:09:28Z",125,"Georginio","BHA","-0.1","-0.1","-0.1","-0.1",-1,0,"0.5",53,2561,3732,6,104,"0.3","a",-1,-2,,"false"
"2026-09-29T16:09:28Z",126,"O'Riley","BHA","-8.4","-8.9","-10.8","-12.6",-1,-1,"0.1",54,415,556,2,10,"0.7","a",0,-1,,"false"
"2026-09-29T16:09:28Z",127,"Gomez","BHA","30.6","30.6","30.6","30.5",2,-4,"4.0",50,11921,37599,24,433,"4.3","a",0,0,,"false"
"2026-09-29T16:09:28Z",128,"Buonanotte","BHA","0.0","0.0","0.0","0.0",0,0,"0.0",50,0,7,0,0,"0.0","u",0,0,,"false"
"2026-09-29T16:09:28Z",129,"Ayari","BHA","-45.5","-45.3","-44.6","-44.0",-3,2,"0.4",54,2235,1943,15,333,"4.3","a",0,-1,,"false"
"2026-09-29T16:09:28Z",130,"Wieffer","BHA","-29.6","-29.8","-30.4","-31.1",-2,-2,"0.2",49,30,1927,7,156,"0.0","i",0,-1,,"false"
"2026-09-29T16:09:28Z",132,"Howell","BHA","0.0","0.0","0.0","0.0",0,0,"0.0",45,0,196,0,0,"0.0","u",0,0,,"false"
"2026-09-29T16:09:28Z",133,"Watson","BHA","0.0","0.0","0.0","0.0",0,0,"0.0",50,0,4,0,0,"0.0","u",0,0,,"false"
"2026-09-29T16:09:28Z",134,"Oriola","BHA","-79.8","-79.8","-79.8","-79.8",-3,0,"0.2",45,350,1315,0,0,"0.0","a",0,0,,"false"
"2026-09-29T16:09:28Z",135,"Yohanna","BHA","-0.8","-0.8","-0.8","-0.8",-1,0,"0.0",48,23,383,1,12,"0.0","i",-1,-2,,"false"
"2026-09-29T16:09:28Z",137,"Tzimas","BHA","-3.2","-3.2","-3.2","-3.2",-1,0,"0.0",54,36,49,0,0,"0.0","i",0,-1,,"false"
"2026-09-29T16:09:28Z",138,"Kostoulas","BHA","18.5","18.7","19.6","20.4",1,158,"4.1",56,304160,17931,28,353,"7.3","a",1,1,,"false"
"2026-09-29T16:09:28Z",139,"Ferguson","BHA","-57.7","-57.7","-57.7","-57.7",-3,0,"0.0",50,128,249,0,0,"0.0","i",0,0,,"false"
"2026-09-29T16:09:28Z",328,"Struijk","BHA","-6.9","-6.9","-6.9","-6.9",-1,0,"0.2",49,638,818,7,98,"2.3","d",0,-1,,"false"
"2026-09-29T16:09:28Z",504,"Vuskovic","BHA","54.3","54.4","54.8","55.3",3,29,"3.6",50,54009,12692,32,437,"8.7","a",0,0,,"false"
"2026-09-29T16:09:28Z",594,"David","BHA","0.6","0.6","0.6","0.7",1,3,"0.2",59,3085,2152,1,23,"0.0","a",-1,-1,,"false"
"2026-09-29T16:09:28Z",600,"Osman","BHA","-66.1","-66.1","-66.1","-66.1",-3,0,"0.0",50,114,124,3,40,"0.3","a",0,0,,"false"
"2026-09-29T16:09:28Z",605,"Yalcouyé","BHA","53.2","53.2","53.2","53.1",3,-3,"4.0",45,25549,32196,20,236,"3.7","a",0,0,,"false"
"2026-09-29T16:09:28Z",614,"Hadjam","BHA","-5.5","-5.5","-5.5","-5.5",-1,0,"0.0",45,243,246,0,0,"0.0","a",0,0,,"false"
"2026-09-29T16:09:28Z",624,"Cozier-Duberry","BHA","0.0","0.0","0.0","0.0",0,0,"0.0",50,0,5,0,0,"0.0","u",0,0,,"false"
"2026-09-29T16:09:28Z",639,"Andrés","BHA","1.4","1.4","1.5","1.5",1,5,"0.0",55,2685,300,12,109,"4.0","a",0,0,,"false"
"2026-09-29T16:09:28Z",652,"Azeez","BHA","-28.7","-35.7","-60.1","-84.4",-2,-1,"0.0",55,19,43,0,0,"0.0","i",0,0,,"false"
"2026-09-29T16:09:28Z",658,"Ibrahim","BHA","0.0","0.0","0.0","0.0",0,0,"0.0",45,303,211,0,0,"0.0","a",0,0,,"false"
"2026-09-29T16:09:28Z",28,"Martinez","CHE","-6.2","-6.2","-6.3","-6.5",-1,-4,"4.7",50,7288,21502,9,360,"2.3","a",0,0,,"false"
"2026-09-29T16:09:28Z",40,"Rogers","CHE","84.4","84.6","85.5","86.4",3,61,"40.5",77,142095,68466,29,437,"5.3","a",0,2,,"false"
"2026-09-29T16:09:28Z",101,"Henderson","CHE","0.0","0.0","0.0","0.0",0,0,"0.0",49,499,147,2,90,"0.7","a",0,-1,,"false"
"2026-09-29T16:09:28Z",136,"Welbeck","CHE","6.6","6.6","6.6","6.7",1,3,"1.0",59,7237,9049,4,85,"1.3","a",0,-1,,"false"
"2026-09-29T16:09:28Z",140,"Sánchez","CHE","0.0","0.0","0.0","0.0",0,-3,"0.7",49,0,4682,2,90,"0.0","u",0,-1,,"false"
"2026-09-29T16:09:28Z",141,"Jörgensen","CHE","0.0","0.0","0.0","0.0",0,0,"0.0",50,0,30,0,0,"0.0","u",0,0,,"false"
"2026-09-29T16:09:28Z",142,"James","CHE","-92.9","-93.1","-93.6","-94.2",-3,-39,"5.8",54,598,76093,3,292,"0.7","d",0,-1,,"false"
"2026-09-29T16:09:28Z",143,"Chalobah","CHE","0.0","0.0","0.0","0.0",0,-1,"0.1",55,0,301,0,0,"0.0","u",0,0,,"false"
"2026-09-29T16:09:28Z",144,"Gusto","CHE","-3.1","-3.1","-3.1","-3.1",-1,0,"1.0",49,1542,6762,4,272,"0.7","a",-1,-1,,"false"
"2026-09-29T16:09:28Z",145,"Fofana","CHE","4.5","4.5","4.5","4.5",1,0,"0.2",50,2387,1255,8,312,"2.7","a",0,0,,"false"
"2026-09-29T16:09:28Z",146,"B.Badiashile","CHE","0.0","0.0","0.0","0.0",0,0,"0.0",45,0,43,0,0,"0.0","u",0,0,,"false"
"2026-09-29T16:09:28Z",148,"Hato","CHE","12.4","12.4","12.3","12.3",1,-4,"0.8",45,789,7188,8,258,"1.0","a",0,0,,"false"
"2026-09-29T16:09:28Z",149,"Colwill","CHE","-9.5","-9.5","-9.5","-9.5",-1,0,"0.9",48,1027,5273,3,341,"0.7","a",-1,-2,,"false"
"2026-09-29T16:09:28Z",150,"M.Sarr","CHE","0.0","0.0","0.0","0.0",0,0,"0.0",45,0,161,0,0,"0.0","u",0,0,,"false"
"2026-09-29T16:09:28Z",151,"Acheampong","CHE","-10.9","-10.9","-10.9","-10.9",-1,0,"0.3",45,404,1890,5,221,"0.3","a",0,0,,"false"
"2026-09-29T16:09:28Z",152,"Palestra","CHE","-1.1","-1.1","-1.1","-1.1",-1,0,"0.6",53,206,3706,0,0,"0.0","d",0,-2,,"false"
"2026-09-29T16:09:28Z",154,"Palmer","CHE","-12.0","-12.2","-13.0","-13.8",-1,-103,"25.7",97,47098,161673,28,442,"2.7","d",0,2,,"false"
"2026-09-29T16:09:28Z",156,"Neto","CHE","-7.4","-7.2","-6.2","-5.3",-1,9,"1.4",65,4935,9424,14,332,"2.0","a",0,0,,"false"
"2026-09-29T16:09:28Z",157,"Estêvão","CHE","-32.2","-32.3","-32.7","-33.0",-2,-2,"0.7",63,1702,4258,4,23,"1.0","a",0,-2,,"false"
"2026-09-29T16:09:28Z",158,"Gittens","CHE","-3.1","-3.7","-5.8","-7.9",-1,-1,"0.0",58,152,242,0,0,"0.0","d",-1,-2,,"false"
"2026-09-29T16:09:28Z",159,"Caicedo","CHE","-1.7","-1.8","-2.1","-2.4",-1,-4,"1.0",53,402,8675,1,13,"0.0","d",0,-2,,"false"
"2026-09-29T16:09:28Z",161,"Lavia","CHE","4.6","4.6","4.6","4.6",1,0,"0.2",50,413,2399,11,258,"1.0","a",0,0,,"false"
"2026-09-29T16:09:28Z",163,"D.Essugo","CHE","0.0","0.0","0.0","0.0",0,-1,"0.1",45,0,700,0,0,"0.0","u",0,0,,"false"
"2026-09-29T16:09:28Z",164,"Quenda","CHE","-27.2","-27.2","-27.2","-27.2",-2,0,"0.0",53,68,176,2,27,"0.3","a",0,-2,,"false"
"2026-09-29T16:09:28Z",165,"João Pedro","CHE","-1.7","-1.8","-1.9","-2.0",-1,-126,"65.2",77,60088,385542,33,360,"4.3","d",-1,2,,"false"
"2026-09-29T16:09:28Z",168,"Marc Guiu","CHE","0.0","0.0","0.0","0.0",0,0,"0.2",50,0,1494,0,0,"0.0","u",0,0,,"false"
"2026-09-29T16:09:28Z",169,"Mheuka","CHE","4.3","4.3","4.4","4.4",1,3,"0.5",45,4374,3435,0,0,"0.0","a",0,0,,"false"
"2026-09-29T16:09:28Z",170,"Emegha","CHE","-0.1","-0.1","-0.1","-0.1",-1,0,"0.1",49,74,1057,0,0,"0.0","i",-1,-1,,"false"
"2026-09-29T16:09:28Z",200,"Lacroix","CHE","-7.1","-7.1","-7.2","-7.3",-1,-8,"6.8",59,7530,28551,13,364,"2.0","a",-1,-1,,"false"
"2026-09-29T16:09:28Z",560,"Penders","CHE","-0.5","-0.5","-0.5","-0.5",-1,0,"0.1",44,241,291,0,0,"0.0","a",0,-1,,"false"
"2026-09-29T16:09:28Z",561,"Anselmino","CHE","-1.6","-1.6","-1.6","-1.6",-1,0,"0.0",45,63,102,0,0,"0.0","a",0,0,,"false"
"2026-09-29T16:09:28Z",568,"Barco","CHE","-14.0","-14.0","-14.0","-14.0",-1,0,"0.1",54,227,436,3,115,"0.7","a",0,-1,,"false"
"2026-09-29T16:09:28Z",583,"Chavarria","CHE","-49.6","-49.6","-49.6","-49.6",-3,0,"0.1",49,399,523,5,208,"1.0","a",0,-1,,"false"
"2026-09-29T16:09:28Z",662,"Nicoll-Jazuli","CHE","0.0","0.0","0.0","0.0",0,0,"0.0",45,328,71,1,3,"1.0","a",0,0,"2026-10-01T21:17:24.996715Z","false"
"2026-09-29T16:09:28Z",91,"Pinnock","COV","-73.1","-73.1","-73.1","-73.1",-3,0,"0.1",45,368,217,14,282,"4.3","a",0,0,,"false"
"2026-09-29T16:09:28Z",104,"Onyeka","COV","-32.6","-32.6","-32.6","-32.6",-2,0,"0.1",49,168,437,9,314,"2.3","a",0,-1,,"false"
"2026-09-29T16:09:28Z",110,"Rushworth","COV","-57.3","-57.3","-57.3","-57.3",-3,0,"0.8",45,2469,5808,16,450,"4.3","a",0,0,,"false"
"2026-09-29T16:09:28Z",171,"Dovin","COV","0.0","0.0","0.0","0.0",0,-2,"1.0",40,0,4622,0,0,"0.0","u",0,0,,"false"
"2026-09-29T16:09:28Z",172,"Wilson","COV","-5.8","-5.8","-5.8","-5.8",-1,0,"0.4",44,232,648,0,0,"0.0","a",0,-1,,"false"
"2026-09-29T16:09:28Z",173,"Thomas","COV","16.9","16.9","16.8","16.8",1,-4,"8.6",40,25162,30145,24,437,"4.3","a",0,0,,"false"
"2026-09-29T16:09:28Z",174,"Kitching","COV","0.0","0.0","0.0","0.0",0,0,"0.3",40,0,1754,0,0,"0.0","u",0,0,,"false"
"2026-09-29T16:09:28Z",175,"van Ewijk","COV","-47.5","-47.6","-47.8","-48.0",-3,-21,"8.8",40,1144,74129,6,360,"1.0","d",0,0,,"false"
"2026-09-29T16:09:28Z",176,"Dasilva","COV","-31.7","-31.5","-31.1","-30.7",-2,2,"0.7",40,6030,1674,20,444,"5.7","a",0,0,,"false"
"2026-09-29T16:09:28Z",177,"Kesler-Hayden","COV","0.2","0.2","0.2","0.2",1,1,"0.0",39,1002,513,0,0,"0.0","i",-1,-1,,"false"
"2026-09-29T16:09:28Z",178,"Bidwell","COV","-29.5","-29.5","-29.5","-29.5",-2,0,"0.1",40,179,295,0,0,"0.0","a",0,0,,"false"
"2026-09-29T16:09:28Z",179,"Latibeaudiere","COV","-74.5","-74.5","-74.5","-74.5",-3,0,"0.0",40,72,133,1,1,"0.3","a",0,0,,"false"
"2026-09-29T16:09:28Z",180,"Woolfenden","COV","-95.0","-95.0","-95.0","-95.0",-4,0,"0.1",40,24,492,0,0,"0.0","i",0,0,,"false"
"2026-09-29T16:09:28Z",181,"Brau","COV","0.0","0.0","0.0","0.0",0,0,"0.0",40,0,96,0,0,"0.0","u",0,0,,"false"
"2026-09-29T16:09:28Z",182,"Amenda","COV","-52.6","-52.7","-53.0","-53.3",-3,-4,"0.6",40,34,6610,4,360,"0.7","i",0,0,,"false"
"2026-09-29T16:09:28Z",183,"Rudoni","COV","0.1","0.1","0.1","0.1",1,1,"0.1",49,871,646,13,297,"3.0","a",0,-1,,"false"
"2026-09-29T16:09:28Z",184,"Grimes","COV","-28.1","-28.5","-30.0","-31.5",-2,-1,"0.1",49,177,840,11,443,"2.3","a",0,-1,,"false"
"2026-09-29T16:09:28Z",185,"Sakamoto","COV","-22.1","-22.1","-22.1","-22.1",-2,0,"0.1",48,123,373,1,31,"0.0","a",0,-2,,"false"
"2026-09-29T16:09:28Z",186,"Mason-Clark","COV","-1.9","-1.9","-1.9","-1.9",-1,0,"0.1",53,70,352,5,231,"1.3","a",-1,-2,,"false"
"2026-09-29T16:09:28Z",187,"Eccles","COV","-4.4","-4.4","-4.4","-4.4",-1,0,"0.0",48,17,87,0,0,"0.0","i",-1,-2,,"false"
"2026-09-29T16:09:28Z",188,"Torp","COV","-11.0","-11.0","-11.0","-11.0",-1,0,"0.1",53,43,424,3,53,"0.3","a",-1,-2,,"false"
"2026-09-29T16:09:28Z",189,"Shepherd","COV","0.8","0.8","0.8","0.8",1,0,"0.3",44,3976,2206,0,0,"0.0","a",0,-1,,"false"
"2026-09-29T16:09:28Z",190,"Tchaouna","COV","-79.7","-80.3","-82.2","-84.1",-3,-1,"0.1",54,23,336,5,211,"0.7","a",0,-1,,"false"
"2026-09-29T16:09:28Z",191,"Borges Rodrigues","COV","0.0","0.0","0.0","0.0",0,0,"0.1",45,0,661,0,0,"0.0","u",0,0,,"false"
"2026-09-29T16:09:28Z",192,"Andrews","COV","0.0","0.0","0.0","0.0",0,0,"0.3",45,0,1924,0,0,"0.0","u",0,0,,"false"
"2026-09-29T16:09:28Z",193,"Wright","COV","-100.1","-100.5","-102.1","-103.7",-5,-2,"0.1",54,47,531,0,0,"0.0","i",0,-1,,"false"
"2026-09-29T16:09:28Z",194,"Thomas-Asante","COV","2.7","2.7","2.7","2.7",1,1,"0.8",50,7694,5702,9,227,"2.0","a",0,0,,"false"
"2026-09-29T16:09:28Z",195,"Simms","COV","-0.1","-0.1","0.0","0.1",-1,2,"0.6",49,1762,5132,4,104,"0.7","a",-1,-1,,"false"
"2026-09-29T16:09:28Z",196,"Markelo","COV","0.0","0.0","0.0","0.0",0,0,"0.0",50,0,60,0,0,"0.0","u",0,0,,"false"
"2026-09-29T16:09:28Z",197,"Bassette","COV","0.0","0.0","0.0","0.0",0,0,"0.0",45,0,141,0,0,"0.0","u",0,0,,"false"
"2026-09-29T16:09:28Z",492,"Awoniyi","COV","-12.8","-12.8","-13.0","-13.2",-1,-2,"0.4",54,64,4886,3,232,"0.0","s",-1,-1,,"false"
"2026-09-29T16:09:28Z",575,"Yirenkyi","COV","-2.6","-2.6","-2.6","-2.6",-1,0,"0.1",48,284,994,9,265,"1.7","a",-1,-2,,"false"
"2026-09-29T16:09:28Z",584,"Hamer","COV","-82.9","-82.9","-82.9","-82.9",-3,0,"0.1",54,41,386,3,32,"0.3","a",0,-1,,"false"
"2026-09-29T16:09:28Z",599,"Cherif","COV","-6.7","-6.2","-4.4","-2.6",-1,1,"0.1",50,514,736,1,30,"0.3","a",0,0,,"false"
"2026-09-29T16:09:28Z",623,"Bentley","COV","2.1","2.1","2.1","2.1",1,0,"0.6",40,7903,2249,0,0,"0.0","a",0,0,,"false"
"2026-09-29T16:09:28Z",655,"Gboho","COV","0.0","0.0","0.0","0.0",0,0,"0.0",55,68,52,0,0,"0.0","a",0,0,,"false"
"2026-09-29T16:09:28Z",656,"Mfuni","COV","0.0","0.0","0.0","0.0",0,0,"0.1",40,1802,837,6,90,"3.0","a",0,0,,"false"
"2026-09-29T16:09:28Z",42,"Guessand","CRY","-26.6","-28.0","-32.7","-37.5",-2,-1,"0.0",54,103,258,2,54,"0.0","a",0,-1,,"false"
"2026-09-29T16:09:28Z",153,"Disasi","CRY","-60.1","-60.1","-60.1","-60.1",-3,0,"0.1",45,23,745,1,139,"0.0","s",0,0,,"false"
"2026-09-29T16:09:28Z",198,"Henderson","CRY","-95.5","-95.6","-96.0","-96.3",-4,-8,"1.3",50,140,10758,5,270,"0.7","i",0,0,,"false"
"2026-09-29T16:09:28Z",199,"Benitez","CRY","-24.4","-24.4","-24.4","-24.4",-2,0,"0.1",45,650,358,8,180,"2.7","a",0,0,,"false"
"2026-09-29T16:09:28Z",202,"Richards","CRY","-98.9","-98.9","-98.9","-98.9",-4,0,"0.6",50,1531,2113,14,450,"3.7","a",0,0,,"false"
"2026-09-29T16:09:28Z",203,"Canvot","CRY","-0.6","-0.4","0.0","0.0",-1,2,"0.2",48,372,829,10,360,"3.0","a",-1,-2,,"false"
"2026-09-29T16:09:28Z",204,"Mitchell","CRY","25.9","25.9","26.0","26.1",2,4,"6.0",45,13609,15467,24,419,"7.7","a",0,0,,"false"
"2026-09-29T16:09:28Z",205,"Sosa","CRY","0.0","0.0","0.0","0.0",0,-2,"0.0",45,0,100,0,0,"0.0","u",0,0,,"false"
"2026-09-29T16:09:28Z",206,"Chadi Riad","CRY","-4.2","-3.7","-1.8","0.0",-1,1,"0.0",43,25,120,1,72,"0.0","i",-1,-2,,"false"
"2026-09-29T16:09:28Z",207,"Mingueza","CRY","-87.5","-87.5","-87.5","-87.5",-3,0,"0.1",44,73,271,2,16,"0.3","a",0,-1,,"false"
"2026-09-29T16:09:28Z",208,"Sarr","CRY","0.0","0.0","-0.6","-1.4",0,-4,"0.6",62,2434,2128,1,8,"0.3","a",0,-3,,"false"
"2026-09-29T16:09:28Z",210,"Wharton","CRY","-2.1","-2.1","-2.3","-2.4",-1,-1,"0.7",54,1127,4432,12,436,"2.0","a",-1,-1,,"false"
"2026-09-29T16:09:28Z",211,"Yeremy","CRY","4.6","4.6","4.6","4.6",1,0,"0.3",55,676,2545,14,307,"2.7","a",0,0,,"false"
"2026-09-29T16:09:28Z",212,"Hughes","CRY","-19.5","-19.6","-19.8","-20.0",-1,-10,"7.3",44,8773,42936,2,29,"0.7","a",0,-1,,"false"
"2026-09-29T16:09:28Z",213,"Lerma","CRY","-1.6","-1.6","-1.6","-1.6",-1,0,"0.1",48,87,356,1,51,"0.3","a",-1,-2,,"false"
"2026-09-29T16:09:28Z",214,"Kamada","CRY","11.3","11.3","11.3","11.3",1,-1,"0.5",50,3107,2889,21,441,"5.3","a",0,0,,"false"
"2026-09-29T16:09:28Z",215,"Devenny","CRY","0.0","0.0","0.0","0.0",0,0,"0.0",50,0,33,0,0,"0.0","u",0,0,,"false"
"2026-09-29T16:09:28Z",216,"Esse","CRY","0.0","0.0","0.0","0.0",0,0,"0.0",50,0,114,0,0,"0.0","u",0,0,,"false"
"2026-09-29T16:09:28Z",217,"M.França","CRY","0.0","0.0","0.0","0.0",0,0,"0.0",49,0,151,0,0,"0.0","u",0,-1,,"false"
"2026-09-29T16:09:28Z",218,"Doucouré","CRY","-2.0","-2.0","-2.0","-2.0",-1,0,"0.0",48,106,285,0,0,"0.0","a",-1,-2,,"false"
"2026-09-29T16:09:28Z",219,"J.Rak-Sakyi","CRY","0.0","0.0","0.0","0.0",0,0,"0.0",49,0,23,0,0,"0.0","u",0,-1,,"false"
"2026-09-29T16:09:28Z",220,"Cardines","CRY","0.0","0.0","0.0","0.0",0,0,"0.0",45,0,3,0,0,"0.0","u",0,0,,"false"
"2026-09-29T16:09:28Z",221,"Drakes-Thomas","CRY","-92.5","-92.5","-92.5","-92.5",-3,0,"0.1",45,136,413,0,0,"0.0","a",0,0,,"false"
"2026-09-29T16:09:28Z",222,"Strand Larsen","CRY","5.0","5.0","5.1","5.1",1,3,"0.7",60,4624,3756,14,298,"3.7","a",0,0,,"false"
"2026-09-29T16:09:28Z",223,"Mateta","CRY","-24.7","-24.8","-25.1","-25.4",-2,-7,"1.3",63,198,8798,2,62,"0.0","i",0,-2,,"false"
"2026-09-29T16:09:28Z",224,"Nketiah","CRY","-17.4","-17.6","-18.3","-19.1",-1,-3,"0.5",55,1211,3245,8,175,"1.7","a",0,0,,"false"
"2026-09-29T16:09:28Z",225,"Uche","CRY","0.0","0.0","0.0","0.0",0,0,"0.0",50,0,0,0,0,"0.0","u",0,0,,"false"
"2026-09-29T16:09:28Z",241,"McNeil","CRY","-93.8","-93.8","-93.8","-93.8",-3,0,"0.1",54,67,455,3,84,"0.0","a",0,-1,,"false"
"2026-09-29T16:09:28Z",555,"Matthews","CRY","-9.0","-9.0","-9.0","-9.0",-1,0,"1.7",40,1049,2942,0,0,"0.0","a",0,0,,"false"
"2026-09-29T16:09:28Z",577,"Tomiyasu","CRY","-12.9","-12.9","-12.9","-12.9",-1,0,"0.3",44,148,1115,3,189,"0.3","d",0,-1,,"false"
"2026-09-29T16:09:28Z",588,"Khalaili","CRY","6.6","6.6","6.6","6.6",1,0,"0.3",50,1974,1065,19,379,"5.3","a",0,0,,"false"
"2026-09-29T16:09:28Z",595,"Gozo","CRY","-0.9","-0.9","-0.9","-0.9",-1,0,"0.0",49,39,89,2,28,"0.3","a",-1,-1,,"false"
"2026-09-29T16:09:28Z",633,"Ahanor","CRY","0.1","0.1","0.1","0.1",1,0,"0.0",45,133,102,3,90,"1.0","a",0,0,,"false"
"2026-09-29T16:09:28Z",643,"Chilwell","CRY","-71.9","-71.9","-71.9","-71.9",-3,0,"0.4",45,539,2858,8,29,"2.7","a",0,0,,"false"
"2026-09-29T16:09:28Z",644,"Timber","CRY","0.2","0.2","0.2","0.2",1,0,"0.0",50,441,302,9,253,"3.0","a",0,0,,"false"
"2026-09-29T16:09:28Z",647,"Osorio","CRY","-71.7","-71.7","-71.7","-71.7",-3,0,"0.0",55,26,72,1,1,"0.3","a",0,0,,"false"
"2026-09-29T16:09:28Z",21,"Nørgaard","EVE","-0.1","-0.1","-0.1","-0.1",-1,0,"0.0",48,50,312,0,0,"0.0","i",-1,-2,,"false"
"2026-09-29T16:09:28Z",209,"Johnson","EVE","-19.2","-19.2","-19.2","-19.2",-1,0,"0.1",59,382,680,9,238,"2.3","a",0,-1,,"false"
"2026-09-29T16:09:28Z",226,"Pickford","EVE","28.9","28.9","29.0","29.1",2,6,"9.1",55,27848,14873,25,450,"5.0","a",0,0,,"false"
"2026-09-29T16:09:28Z",227,"Travers","EVE","-32.7","-34.0","-38.6","-43.2",-2,-1,"0.0",50,239,253,0,0,"0.0","a",0,0,,"false"
"2026-09-29T16:09:28Z",228,"King","EVE","-40.4","-40.4","-40.4","-40.4",-3,0,"0.0",45,112,164,0,0,"0.0","a",0,0,,"false"
"2026-09-29T16:09:28Z",229,"Tarkowski","EVE","98.9","99.2","100.4","101.6",4,84,"16.4",61,218217,19384,43,450,"8.3","a",0,1,,"false"
"2026-09-29T16:09:28Z",230,"Branthwaite","EVE","34.9","34.9","35.0","35.0",2,4,"2.4",55,18855,6626,27,450,"5.7","a",0,0,,"false"
"2026-09-29T16:09:28Z",231,"Keane","EVE","-37.8","-38.0","-38.4","-38.8",-2,-2,"0.7",48,372,3730,0,0,"0.0","a",0,-2,,"false"
"2026-09-29T16:09:28Z",232,"O'Brien","EVE","-3.5","-3.5","-3.5","-3.5",-1,0,"0.3",48,319,1092,2,16,"0.7","a",-1,-2,,"false"
"2026-09-29T16:09:28Z",233,"Mykolenko","EVE","1.3","1.3","1.3","1.3",1,2,"4.2",46,40542,17918,27,450,"5.7","a",1,1,,"false"
"2026-09-29T16:09:28Z",234,"Patterson","EVE","0.0","0.0","0.0","0.0",0,0,"0.0",45,0,116,0,0,"0.0","u",0,0,,"false"
"2026-09-29T16:09:28Z",235,"Aznou","EVE","0.0","0.0","0.0","0.0",0,0,"0.1",40,0,541,0,0,"0.0","u",0,0,,"false"
"2026-09-29T16:09:28Z",236,"Dewsbury-Hall","EVE","-15.2","-15.2","-15.4","-15.5",-1,-6,"6.0",66,33556,43262,20,450,"2.3","a",1,1,,"false"
"2026-09-29T16:09:28Z",238,"Grealish","EVE","8.5","8.5","8.5","8.6",1,3,"0.5",65,3541,2875,6,135,"1.7","a",0,0,,"false"
"2026-09-29T16:09:28Z",239,"Garner","EVE","3.4","3.4","3.4","3.4",1,0,"0.2",60,1658,1904,11,328,"3.0","a",0,0,,"false"
"2026-09-29T16:09:28Z",242,"George","EVE","29.7","29.7","29.7","29.7",2,0,"0.9",55,2351,10479,19,309,"4.7","a",0,0,,"false"
"2026-09-29T16:09:28Z",243,"Alcaraz","EVE","-45.1","-45.1","-45.1","-45.1",-3,0,"0.1",49,157,395,1,5,"0.0","a",0,-1,,"false"
"2026-09-29T16:09:28Z",244,"Armstrong","EVE","9.2","9.2","9.2","9.1",1,-2,"0.4",50,790,3238,16,446,"2.0","a",0,0,,"false"
"2026-09-29T16:09:28Z",245,"Dibling","EVE","-88.8","-88.8","-88.8","-88.8",-3,0,"0.0",54,113,152,1,24,"0.3","a",0,-1,,"false"
"2026-09-29T16:09:28Z",246,"Röhl","EVE","-44.2","-44.2","-44.2","-44.2",-3,0,"0.0",49,7,572,6,249,"0.3","i",0,-1,,"false"
"2026-09-29T16:09:28Z",247,"Hackney","EVE","-4.9","-4.9","-4.9","-4.9",-1,0,"0.2",54,189,1056,10,137,"2.0","a",-1,-1,,"false"
"2026-09-29T16:09:28Z",248,"Beto","EVE","0.0","0.0","0.0","0.0",0,-6,"0.6",54,0,7058,2,31,"0.0","u",0,-1,,"false"
"2026-09-29T16:09:28Z",249,"Barry","EVE","0.2","0.2","0.4","0.6",1,35,"8.3",57,81973,37399,20,417,"3.3","a",1,2,,"false"
"2026-09-29T16:09:28Z",649,"Maitland-Niles","EVE","17.0","17.0","17.1","17.1",1,2,"1.4",45,18977,4422,21,177,"7.0","a",0,0,,"false"
"2026-09-29T16:09:28Z",654,"Graham","EVE","-32.8","-32.8","-32.8","-32.8",-2,0,"0.1",45,227,980,0,0,"0.0","a",0,0,,"false"
"2026-09-29T16:09:28Z",250,"Leno","FUL","8.5","8.5","8.6","8.7",1,8,"3.4",45,37321,10641,18,450,"4.3","a",0,0,,"false"
"2026-09-29T16:09:28Z",251,"Lecomte","FUL","-23.5","-23.5","-23.8","-24.1",-2,-2,"1.1",40,2376,2399,0,0,"0.0","a",0,0,,"false"
"2026-09-29T16:09:28Z",252,"McNally","FUL","0.0","0.0","0.0","0.0",0,0,"0.1",40,0,584,0,0,"0.0","u",0,0,,"false"
"2026-09-29T16:09:28Z",253,"Andersen","FUL","0.7","0.7","0.7","0.7",1,0,"0.2",50,2614,1053,3,190,"0.7","a",0,0,,"false"
"2026-09-29T16:09:28Z",254,"Robinson","FUL","-19.1","-19.1","-19.1","-19.1",-1,0,"1.5",45,15194,6330,12,429,"3.0","a",0,0,,"false"
"2026-09-29T16:09:28Z",255,"J.Cuenca","FUL","-70.7","-70.7","-70.7","-70.7",-3,0,"0.0",45,64,103,3,90,"0.0","a",0,0,,"false"
"2026-09-29T16:09:28Z",256,"Tete","FUL","-0.3","-0.3","-0.3","-0.3",-1,0,"0.2",44,53,1021,0,27,"0.0","a",0,-1,,"false"
"2026-09-29T16:09:28Z",257,"Bassey","FUL","-0.6","-0.6","-0.6","-0.6",-1,0,"0.7",45,5058,1706,15,450,"4.3","a",0,0,,"false"
"2026-09-29T16:09:28Z",258,"Castagne","FUL","13.9","13.9","13.9","13.9",1,0,"0.9",45,14043,4636,20,408,"2.7","a",0,0,,"false"
"2026-09-29T16:09:28Z",261,"Iwobi","FUL","-58.6","-58.6","-58.6","-58.6",-3,0,"0.7",54,3241,3104,14,408,"3.3","a",0,-1,,"false"
"2026-09-29T16:09:28Z",262,"Smith Rowe","FUL","-0.7","-0.7","-0.7","-0.7",-1,0,"0.2",53,291,1299,3,38,"0.7","a",-1,-2,,"false"
"2026-09-29T16:09:28Z",263,"Kevin","FUL","-12.7","-12.7","-12.7","-12.7",-1,0,"0.0",53,190,276,4,61,"0.7","a",0,-2,,"false"
"2026-09-29T16:09:28Z",264,"Bobb","FUL","-48.8","-48.8","-48.8","-48.8",-3,0,"0.3",55,2184,1733,13,343,"2.7","a",0,0,,"false"
"2026-09-29T16:09:28Z",265,"Berge","FUL","-33.0","-33.0","-33.0","-33.0",-2,0,"0.3",49,596,1245,11,349,"2.3","a",0,-1,,"false"
"2026-09-29T16:09:28Z",266,"Cairney","FUL","-15.0","-15.0","-15.0","-15.0",-1,0,"0.0",49,8,20,0,0,"0.0","i",0,-1,,"false"
"2026-09-29T16:09:28Z",268,"King","FUL","85.8","85.9","86.4","86.8",3,30,"2.6",55,83176,17305,24,425,"5.0","a",0,0,,"false"
"2026-09-29T16:09:28Z",269,"Sessegnon","FUL","-1.6","-1.6","-1.6","-1.6",-1,0,"0.3",43,284,1263,3,50,"0.3","a",-1,-2,,"false"
"2026-09-29T16:09:28Z",270,"Reed","FUL","-10.8","-11.0","-11.5","-12.0",-1,-4,"1.1",44,2737,6649,0,0,"0.0","a",0,-1,,"false"
"2026-09-29T16:09:28Z",271,"Muniz","FUL","-50.0","-50.0","-50.0","-50.0",-3,0,"0.4",54,1639,2592,3,38,"0.7","a",0,-1,,"false"
"2026-09-29T16:09:28Z",272,"Kusi-Asare","FUL","-62.4","-62.4","-62.6","-62.8",-3,-7,"5.4",45,10503,32349,0,0,"0.0","a",0,0,,"false"
"2026-09-29T16:09:28Z",569,"Gonzalo","FUL","56.2","56.3","56.8","57.2",3,32,"3.9",60,63964,31213,14,425,"2.0","a",0,0,,"false"
"2026-09-29T16:09:28Z",570,"Palacios","FUL","-6.9","-6.9","-6.9","-6.9",-1,0,"0.2",54,689,920,12,226,"3.0","a",0,-1,,"false"
"2026-09-29T16:09:28Z",580,"Charles","FUL","-80.8","-80.1","-77.7","-75.2",-3,1,"0.1",50,569,407,13,303,"3.7","a",0,0,,"false"
"2026-09-29T16:09:28Z",610,"De Fougerolles","FUL","0.0","0.0","0.0","0.0",0,0,"0.1",40,0,490,0,0,"0.0","u",0,0,,"false"
"2026-09-29T16:09:28Z",626,"Zepa","FUL","0.1","0.1","0.2","0.3",1,6,"0.3",44,460,2181,0,0,"0.0","a",-1,-1,,"false"
"2026-09-29T16:09:28Z",635,"Larsson","FUL","0.0","0.0","0.0","0.0",0,0,"0.0",50,90,70,3,37,"1.0","a",0,0,,"false"
"2026-09-29T16:09:28Z",636,"Ángel","FUL","0.0","0.0","0.0","0.0",0,0,"0.0",50,32,26,0,0,"0.0","a",0,0,,"false"
"2026-09-29T16:09:28Z",650,"Affengruber","FUL","1.1","1.1","1.1","1.1",1,0,"0.1",45,5001,1112,12,180,"4.0","a",0,0,,"false"
"2026-09-29T16:09:28Z",240,"Iroegbunam","HUL","0.1","0.1","0.1","0.1",1,0,"0.0",50,75,134,2,70,"0.3","a",0,0,,"false"
"2026-09-29T16:09:28Z",273,"Phillips","HUL","-27.6","-27.6","-27.6","-27.6",-2,0,"1.4",40,2895,3366,0,0,"0.0","a",0,0,,"false"
"2026-09-29T16:09:28Z",274,"Butland","HUL","-0.6","-0.5","0.0","0.0",-1,1,"0.1",44,67,316,0,0,"0.0","i",-1,-1,,"false"
"2026-09-29T16:09:28Z",275,"Cartwright","HUL","0.0","0.0","0.0","0.0",0,0,"0.0",40,0,24,0,0,"0.0","u",0,0,,"false"
"2026-09-29T16:09:28Z",276,"Lo-Tutala","HUL","0.0","0.0","0.0","0.0",0,0,"0.0",40,0,110,0,0,"0.0","u",0,0,,"false"
"2026-09-29T16:09:28Z",277,"Egan","HUL","25.9","25.9","25.8","25.8",2,-3,"7.0",41,26365,28420,26,437,"3.0","a",0,1,,"false"
"2026-09-29T16:09:28Z",278,"Hughes","HUL","0.5","0.5","0.5","0.5",1,0,"0.2",39,1068,1874,0,0,"0.0","i",0,-1,,"false"
"2026-09-29T16:09:28Z",279,"Ajayi","HUL","68.7","68.7","68.6","68.6",3,-6,"14.0",42,42439,57355,27,423,"2.3","a",0,2,,"false"
"2026-09-29T16:09:28Z",280,"Coyle","HUL","0.2","0.3","0.3","0.3",1,1,"0.7",40,2005,1974,14,348,"2.7","a",0,0,,"false"
"2026-09-29T16:09:28Z",281,"Drameh","HUL","0.0","0.0","0.0","0.0",0,-1,"0.0",40,0,247,2,65,"0.0","u",0,0,,"false"
"2026-09-29T16:09:28Z",282,"Giles","HUL","69.1","69.0","69.0","69.0",3,-1,"2.9",40,20807,13376,24,444,"4.0","a",0,0,,"false"
"2026-09-29T16:09:28Z",283,"Jacob","HUL","0.0","0.0","0.0","0.0",0,0,"0.0",40,0,34,0,0,"0.0","u",0,0,,"false"
"2026-09-29T16:09:28Z",284,"McCarthy","HUL","0.4","0.4","0.4","0.4",1,0,"0.1",40,385,421,0,0,"0.0","a",0,0,,"false"
"2026-09-29T16:09:28Z",285,"McNair","HUL","-41.4","-41.4","-41.4","-41.4",-3,0,"0.1",40,187,400,1,26,"0.0","a",0,0,,"false"
"2026-09-29T16:09:28Z",286,"Belloumi","HUL","35.8","35.9","36.4","36.8",2,31,"5.1",51,73851,23858,31,394,"7.3","a",0,1,,"false"
"2026-09-29T16:09:28Z",287,"Millar","HUL","0.0","0.0","0.0","0.0",0,0,"0.0",50,0,289,6,50,"0.0","u",0,0,,"false"
"2026-09-29T16:09:28Z",288,"Dowell","HUL","-93.5","-93.6","-94.3","-94.9",-3,-1,"0.3",45,568,1940,0,0,"0.0","a",0,0,,"false"
"2026-09-29T16:09:28Z",289,"Crooks","HUL","0.7","0.7","0.7","0.7",1,1,"0.5",44,4921,4058,3,203,"0.3","a",-1,-1,,"false"
"2026-09-29T16:09:28Z",290,"Slater","HUL","73.9","73.9","73.7","73.6",3,-10,"5.2",45,15256,36201,15,437,"2.3","a",0,0,,"false"
"2026-09-29T16:09:28Z",291,"Matazo","HUL","-13.6","-13.6","-13.6","-13.6",-1,0,"0.0",45,29,51,0,0,"0.0","i",0,0,,"false"
"2026-09-29T16:09:28Z",292,"Ömür","HUL","-9.9","-9.9","-9.9","-9.9",-1,0,"0.0",49,84,145,0,0,"0.0","a",0,-1,,"false"
"2026-09-29T16:09:28Z",293,"Kamara","HUL","0.0","0.0","0.0","0.0",0,0,"0.0",50,0,12,0,0,"0.0","u",0,0,,"false"
"2026-09-29T16:09:28Z",294,"Zambrano","HUL","-21.9","-21.9","-21.9","-21.9",-2,0,"0.1",45,142,480,0,0,"0.0","a",0,0,,"false"
"2026-09-29T16:09:28Z",295,"McBurnie","HUL","27.3","27.3","27.3","27.3",2,-2,"1.9",55,7605,17480,13,441,"2.3","a",0,0,,"false"
"2026-09-29T16:09:28Z",296,"Akintola","HUL","0.0","0.0","0.0","0.0",0,0,"0.0",50,0,259,0,0,"0.0","u",0,0,,"false"
"2026-09-29T16:09:28Z",297,"Gyabi","HUL","-0.4","-0.4","-0.4","-0.4",-1,0,"0.0",44,55,136,0,0,"0.0","i",-1,-1,,"false"
"2026-09-29T16:09:28Z",298,"Destan","HUL","0.0","0.0","0.0","0.0",0,0,"0.2",45,0,1258,0,0,"0.0","u",0,0,,"false"
"2026-09-29T16:09:28Z",299,"Burstow","HUL","0.0","0.0","0.0","0.0",0,0,"0.0",45,0,211,0,0,"0.0","u",0,0,,"false"
"2026-09-29T16:09:28Z",340,"Gelhardt","HUL","0.0","0.0","0.0","-9.2",0,-1,"0.0",50,93,107,1,7,"0.3","a",0,0,,"false"
"2026-09-29T16:09:28Z",556,"Targett","HUL","-72.7","-72.8","-73.0","-73.2",-3,-4,"1.6",40,108,9584,1,5,"0.0","d",0,0,,"false"
"2026-09-29T16:09:28Z",563,"Morita","HUL","-0.1","-0.1","-0.1","-0.1",-1,0,"0.0",49,24,172,1,45,"0.0","i",-1,-1,,"false"
"2026-09-29T16:09:28Z",572,"Tzolakis","HUL","0.6","0.6","0.7","0.8",1,16,"12.8",47,122707,20792,34,450,"4.7","a",1,2,,"false"
"2026-09-29T16:09:28Z",574,"Hjertø-Dahl","HUL","-73.4","-73.4","-73.4","-73.4",-3,0,"0.1",49,75,319,1,8,"0.3","a",0,-1,,"false"
"2026-09-29T16:09:28Z",576,"Stroud","HUL","-51.3","-51.3","-51.3","-51.3",-3,0,"0.1",50,143,450,7,249,"1.3","a",0,0,,"false"
"2026-09-29T16:09:28Z",585,"Herrington","HUL","-26.8","-26.8","-26.8","-26.8",-2,0,"0.6",40,1012,1634,5,197,"1.0","a",0,0,,"false"
"2026-09-29T16:09:28Z",586,"Mendy","HUL","-0.4","-0.4","-0.5","-0.5",-1,-2,"6.3",41,6738,32967,25,249,"3.0","a",0,1,,"false"
"2026-09-29T16:09:28Z",589,"Gourna-Douath","HUL","-78.0","-78.0","-78.0","-78.0",-3,0,"0.0",50,32,106,4,138,"1.0","a",0,0,,"false"
"2026-09-29T16:09:28Z",617,"Cho","HUL","0.2","0.2","0.2","0.2",1,0,"0.0",50,341,144,9,72,"2.7","a",0,0,,"false"
"2026-09-29T16:09:28Z",632,"Ansah","HUL","-63.0","-62.3","-59.8","-57.3",-3,1,"0.0",50,70,404,0,0,"0.0","i",0,0,,"false"
"2026-09-29T16:09:28Z",637,"Vaz","HUL","1.2","1.2","1.2","1.2",1,1,"0.1",50,1775,1123,2,20,"0.7","a",0,0,,"false"
"2026-09-29T16:09:28Z",638,"Norton-Cuffy","HUL","-24.5","-24.5","-24.5","-24.5",-2,0,"0.2",40,448,2499,1,34,"0.3","d",0,0,,"false"
"2026-09-29T16:09:28Z",642,"Thomas","HUL","0.2","0.3","0.3","0.3",1,1,"0.0",55,450,344,4,119,"1.3","a",0,0,,"false"
"2026-09-29T16:09:28Z",645,"Mouzakitis","HUL","0.0","0.0","0.0","0.0",0,0,"0.0",50,87,88,0,0,"0.0","a",0,0,,"false"
"2026-09-29T16:09:28Z",259,"Diop","IPS","-52.1","-52.2","-52.2","-52.3",-3,-4,"12.7",40,6851,53786,12,450,"2.7","a",0,0,,"false"
"2026-09-29T16:09:28Z",267,"Lukić","IPS","-4.8","-4.8","-4.8","-4.8",-1,0,"0.1",49,188,498,11,400,"1.7","a",-1,-1,,"false"
"2026-09-29T16:09:28Z",300,"Walton","IPS","-7.4","-7.4","-7.4","-7.4",-1,0,"0.4",44,1611,999,2,90,"0.7","a",0,-1,,"false"
"2026-09-29T16:09:28Z",301,"Palmer","IPS","-25.1","-25.2","-25.2","-25.3",-2,-2,"3.9",40,3845,11543,0,0,"0.0","a",0,0,,"false"
"2026-09-29T16:09:28Z",302,"Button","IPS","1.1","1.1","1.1","1.1",1,0,"0.6",40,1399,1279,0,0,"0.0","a",0,0,,"false"
"2026-09-29T16:09:28Z",303,"Kipré","IPS","3.1","3.1","3.1","3.1",1,1,"0.9",39,4357,4246,0,0,"0.0","a",0,-1,,"false"
"2026-09-29T16:09:28Z",304,"O'Shea","IPS","-39.4","-39.5","-39.7","-39.9",-2,-4,"2.7",40,1899,14219,10,450,"2.0","a",0,0,,"false"
"2026-09-29T16:09:28Z",305,"Davis","IPS","71.3","71.3","71.4","71.4",3,4,"6.9",40,48705,26538,25,450,"5.7","a",0,0,,"false"
"2026-09-29T16:09:28Z",306,"Greaves","IPS","-89.0","-89.0","-89.0","-89.0",-3,0,"1.1",40,456,3352,3,357,"0.7","a",0,0,,"false"
"2026-09-29T16:09:28Z",307,"Johnson","IPS","0.0","0.0","0.0","0.0",0,-1,"0.1",40,0,349,0,0,"0.0","u",0,0,,"false"
"2026-09-29T16:09:28Z",308,"Furlong","IPS","2.0","2.0","2.1","2.1",1,4,"0.6",39,6263,2783,1,17,"0.0","a",0,-1,,"false"
"2026-09-29T16:09:28Z",309,"Núñez","IPS","-33.7","-33.7","-33.7","-33.7",-2,0,"0.1",49,94,612,6,140,"0.0","a",0,-1,,"false"
"2026-09-29T16:09:28Z",310,"Matusiwa","IPS","0.0","0.0","0.0","0.0",0,0,"0.0",49,15,18,0,0,"0.0","a",0,-1,,"false"
"2026-09-29T16:09:28Z",311,"Burns","IPS","0.0","0.0","0.0","0.0",0,0,"0.0",50,0,8,0,0,"0.0","u",0,0,,"false"
"2026-09-29T16:09:28Z",312,"Taylor","IPS","0.1","0.1","0.1","0.1",1,0,"0.0",44,372,259,0,0,"0.0","i",-1,-1,,"false"
"2026-09-29T16:09:28Z",313,"Clarke","IPS","-83.3","-83.3","-83.3","-83.3",-3,0,"0.2",54,139,898,11,170,"1.3","a",0,-1,,"false"
"2026-09-29T16:09:28Z",314,"Ogbene","IPS","0.0","0.0","0.0","0.0",0,0,"0.0",49,0,65,0,0,"0.0","u",0,-1,,"false"
"2026-09-29T16:09:28Z",315,"Fatawu","IPS","-32.4","-32.5","-32.9","-33.3",-2,-1,"0.2",54,53,2427,8,352,"0.7","s",0,-1,,"false"
"2026-09-29T16:09:28Z",316,"Emersonn","IPS","82.3","82.4","82.8","83.1",3,22,"3.5",55,32764,22451,26,317,"5.3","a",0,0,,"false"
"2026-09-29T16:09:28Z",317,"Hirst","IPS","0.0","0.0","0.0","0.0",0,0,"0.1",50,0,458,0,0,"0.0","u",0,0,,"false"
"2026-09-29T16:09:28Z",318,"Philogene","IPS","-7.7","-7.7","-7.7","-7.7",-1,0,"0.1",54,32,152,2,52,"0.7","a",0,-1,,"false"
"2026-09-29T16:09:28Z",319,"Szmodics","IPS","0.0","0.0","0.0","0.0",0,0,"0.0",50,0,13,0,0,"0.0","u",0,0,,"false"
"2026-09-29T16:09:28Z",320,"Akpom","IPS","23.8","23.8","23.8","23.8",2,0,"1.2",50,4909,9382,7,78,"0.3","a",0,0,,"false"
"2026-09-29T16:09:28Z",321,"Walle Egeli","IPS","38.4","38.3","38.2","38.0",2,-12,"3.5",45,17437,25979,1,10,"0.0","a",0,0,,"false"
"2026-09-29T16:09:28Z",322,"Al-Hamadi","IPS","0.0","0.0","0.0","0.0",0,0,"0.0",50,0,361,0,0,"0.0","u",0,0,,"false"
"2026-09-29T16:09:28Z",323,"McAteer","IPS","-0.8","-0.8","-1.0","-1.2",-1,-2,"1.0",44,1412,6220,3,42,"0.3","a",-1,-1,,"false"
"2026-09-29T16:09:28Z",324,"Mehmeti","IPS","-2.0","-2.0","-2.0","-2.0",-1,0,"0.0",48,69,133,0,0,"0.0","a",-1,-2,,"false"
"2026-09-29T16:09:28Z",554,"Van Oevelen","IPS","0.0","0.0","0.0","0.0",0,0,"0.0",45,0,79,0,0,"0.0","u",0,0,,"false"
"2026-09-29T16:09:28Z",562,"Maeda","IPS","-9.7","-9.9","-11.0","-12.0",-1,-3,"0.2",53,128,1422,8,259,"1.3","a",-1,-2,,"false"
"2026-09-29T16:09:28Z",564,"Scherpen","IPS","-31.0","-31.0","-31.4","-31.7",-2,-1,"0.6",45,592,2722,7,360,"1.0","a",0,0,,"false"
"2026-09-29T16:09:28Z",571,"Florentino","IPS","-2.3","-2.3","-2.3","-2.3",-1,0,"0.1",48,108,322,2,30,"0.7","a",-1,-2,,"false"
"2026-09-29T16:09:28Z",591,"Enciso","IPS","8.5","8.5","8.5","8.5",1,1,"0.8",55,2117,5945,15,413,"1.7","a",0,0,,"false"
"2026-09-29T16:09:28Z",592,"Ouattara","IPS","-31.3","-31.2","-31.0","-30.8",-2,1,"0.9",40,657,2001,6,131,"1.3","a",0,0,,"false"
"2026-09-29T16:09:28Z",602,"Humphreys","IPS","0.0","0.0","0.0","0.0",0,0,"0.0",45,0,234,0,0,"0.0","u",0,0,,"false"
"2026-09-29T16:09:28Z",619,"Palacios","IPS","1.0","1.0","1.0","1.0",1,1,"0.1",50,484,808,11,275,"3.3","a",0,0,,"false"
"2026-09-29T16:09:28Z",640,"Flemming","IPS","0.5","0.5","0.5","0.5",1,0,"0.1",55,869,960,6,60,"2.0","a",0,0,,"false"
"2026-09-29T16:09:28Z",260,"Wilson","LEE","-58.7","-59.0","-60.0","-61.0",-3,-31,"1.7",62,71,39342,5,145,"0.3","i",0,-3,,"false"
"2026-09-29T16:09:28Z",326,"Perri","LEE","0.0","0.0","0.0","0.0",0,-1,"0.3",45,0,1233,0,0,"0.0","u",0,0,,"false"
"2026-09-29T16:09:28Z",327,"Bijol","LEE","5.0","4.9","4.9","4.9",1,-2,"0.7",50,775,5377,12,164,"0.3","a",0,0,,"false"
"2026-09-29T16:09:28Z",329,"Rodon","LEE","-6.1","-6.2","-6.3","-6.5",-1,-4,"0.8",43,43,8566,7,123,"0.0","i",-1,-2,,"false"
"2026-09-29T16:09:28Z",330,"Bogle","LEE","55.0","55.2","55.9","56.6",3,46,"7.2",46,120393,24431,42,365,"11.3","a",0,1,,"false"
"2026-09-29T16:09:28Z",331,"Gudmundsson","LEE","0.9","0.9","0.9","0.9",1,0,"0.1",45,501,318,14,252,"4.7","a",0,0,,"false"
"2026-09-29T16:09:28Z",332,"Justin","LEE","17.7","17.7","17.7","17.7",1,0,"1.4",45,4020,5618,26,450,"4.7","a",0,0,,"false"
"2026-09-29T16:09:28Z",333,"Bornauw","LEE","0.0","0.0","0.0","0.0",0,0,"0.0",45,0,5,0,0,"0.0","u",0,0,,"false"
"2026-09-29T16:09:28Z",334,"Muharemović","LEE","37.8","37.8","37.8","37.8",2,0,"4.3",50,26564,22418,27,450,"5.7","a",0,0,,"false"
"2026-09-29T16:09:28Z",335,"Stach","LEE","15.8","15.8","15.7","15.6",1,-5,"2.5",60,4622,18990,27,447,"3.3","a",0,0,,"false"
"2026-09-29T16:09:28Z",336,"Okafor","LEE","1.4","1.4","1.4","1.3",1,-2,"0.4",58,1690,3257,18,299,"5.0","a",0,-2,,"false"
"2026-09-29T16:09:28Z",337,"Aaronson","LEE","-7.2","-7.2","-7.2","-7.2",-1,0,"0.5",53,207,3269,7,194,"1.0","a",-1,-2,,"false"
"2026-09-29T16:09:28Z",338,"Ampadu","LEE","-27.5","-27.5","-27.5","-27.5",-2,0,"0.9",54,1542,4754,21,450,"4.7","a",0,-1,,"false"
"2026-09-29T16:09:28Z",339,"Longstaff","LEE","-94.8","-95.4","-97.6","-99.8",-4,-1,"0.1",49,125,610,2,10,"0.3","a",0,-1,,"false"
"2026-09-29T16:09:28Z",341,"Gnonto","LEE","0.0","0.0","0.0","0.0",0,0,"0.0",50,0,51,0,0,"0.0","u",0,0,,"false"
"2026-09-29T16:09:28Z",342,"Harrison","LEE","0.0","0.0","0.0","0.0",0,0,"0.0",50,0,5,0,0,"0.0","u",0,0,,"false"
"2026-09-29T16:09:28Z",343,"James","LEE","-27.0","-27.0","-27.0","-27.0",-2,0,"0.1",49,179,539,3,52,"0.7","a",0,-1,,"false"
"2026-09-29T16:09:28Z",344,"Gruev","LEE","0.0","0.0","0.0","0.0",0,0,"0.0",50,45,18,0,0,"0.0","a",0,0,,"false"
"2026-09-29T16:09:28Z",345,"Tanaka","LEE","4.7","4.7","4.8","4.8",1,3,"0.3",49,2130,2194,14,255,"4.3","a",0,-1,,"false"
"2026-09-29T16:09:28Z",346,"Calvert-Lewin","LEE","66.9","66.9","66.9","67.0",3,4,"24.8",60,90336,164550,22,419,"4.3","a",0,0,,"false"
"2026-09-29T16:09:28Z",347,"Nmecha","LEE","-25.8","-25.8","-25.8","-25.8",-2,0,"0.5",54,1934,3626,7,64,"1.0","a",0,-1,,"false"
"2026-09-29T16:09:28Z",348,"Piroe","LEE","0.0","0.0","0.0","0.0",0,0,"0.1",50,0,413,0,0,"0.0","u",0,0,,"false"
"2026-09-29T16:09:28Z",349,"Mateo Joseph","LEE","-40.3","-40.3","-40.3","-40.3",-3,0,"0.1",45,303,467,0,0,"0.0","i",0,0,,"false"
"2026-09-29T16:09:28Z",385,"Trafford","LEE","32.9","32.9","33.0","33.0",2,5,"5.5",50,21328,14299,28,450,"5.3","a",0,0,,"false"
"2026-09-29T16:09:28Z",598,"Elvedi","LEE","0.6","0.6","0.7","0.7",1,1,"0.1",45,218,220,13,326,"4.0","a",0,0,,"false"
"2026-09-29T16:09:28Z",603,"Lienou","LEE","0.1","0.1","0.1","0.1",1,0,"0.1",40,230,504,0,0,"0.0","a",0,0,,"false"
"2026-09-29T16:09:28Z",604,"Cresswell","LEE","-11.2","-11.2","-11.2","-11.2",-1,0,"0.1",45,296,869,0,0,"0.0","a",0,0,,"false"
"2026-09-29T16:09:28Z",625,"Cairns","LEE","0.4","0.4","0.4","0.4",1,2,"0.2",40,818,755,0,0,"0.0","a",0,0,,"false"
"2026-09-29T16:09:28Z",629,"Zetterer","LEE","2.2","2.2","2.2","2.2",1,0,"0.7",40,2952,2697,0,0,"0.0","a",0,0,,"false"
"2026-09-29T16:09:28Z",641,"Bard","LEE","0.0","0.0","0.0","0.0",0,-1,"0.0",45,94,77,1,18,"0.3","a",0,0,,"false"
"2026-09-29T16:09:28Z",648,"Bahoya","LEE","-50.8","-50.8","-50.8","-50.8",-3,0,"0.0",50,104,170,1,1,"0.3","a",0,0,,"false"
"2026-09-29T16:09:28Z",350,"A.Becker","LIV","1.5","1.5","1.6","1.7",1,6,"4.1",55,12410,11268,27,450,"8.3","a",0,0,,"false"
"2026-09-29T16:09:28Z",351,"Mamardashvili","LIV","-94.9","-94.9","-94.9","-94.9",-3,0,"0.1",49,247,596,0,0,"0.0","a",0,-1,,"false"
"2026-09-29T16:09:28Z",352,"Woodman","LIV","-30.9","-31.0","-31.3","-31.6",-2,-2,"1.0",40,763,2296,0,0,"0.0","a",0,0,,"false"
"2026-09-29T16:09:28Z",353,"Pecsi","LIV","0.0","0.0","0.0","0.0",0,0,"0.0",40,0,57,0,0,"0.0","u",0,0,,"false"
"2026-09-29T16:09:28Z",354,"Jaros","LIV","0.0","0.1","0.1","0.1",1,1,"0.0",40,201,152,0,0,"0.0","i",0,0,,"false"
"2026-09-29T16:09:28Z",355,"Davies","LIV","0.1","0.1","0.1","0.1",1,0,"0.2",40,281,455,0,0,"0.0","a",0,0,,"false"
"2026-09-29T16:09:28Z",356,"Virgil","LIV","-58.6","-58.6","-58.6","-58.5",-3,4,"16.2",65,20329,42348,25,450,"7.3","a",0,0,,"false"
"2026-09-29T16:09:28Z",357,"Frimpong","LIV","-36.2","-36.3","-36.7","-37.0",-2,-4,"1.8",53,1558,12380,2,178,"0.3","a",0,-2,,"false"
"2026-09-29T16:09:28Z",358,"Kerkez","LIV","-100.6","-100.7","-101.3","-101.8",-5,-8,"2.2",54,2543,10027,13,385,"4.0","a",0,-1,,"false"
"2026-09-29T16:09:28Z",359,"Gomez","LIV","0.0","0.0","0.0","0.1",0,1,"0.0",49,307,110,0,0,"0.0","a",0,-1,,"false"
"2026-09-29T16:09:28Z",360,"Bradley","LIV","-84.6","-84.6","-84.6","-84.6",-3,0,"0.0",50,52,77,0,0,"0.0","i",0,0,,"false"
"2026-09-29T16:09:28Z",361,"Lucky","LIV","-52.3","-52.3","-52.3","-52.3",-3,0,"0.1",40,279,554,0,0,"0.0","a",0,0,,"false"
"2026-09-29T16:09:28Z",362,"Jacquet","LIV","54.5","54.6","54.8","55.1",3,17,"3.5",50,32409,12791,24,415,"6.7","a",0,0,,"false"
"2026-09-29T16:09:28Z",363,"Leoni","LIV","-59.1","-59.1","-59.1","-59.1",-3,0,"0.0",40,63,171,0,0,"0.0","i",0,0,,"false"
"2026-09-29T16:09:28Z",364,"Tsimikas","LIV","-53.8","-53.8","-53.8","-53.8",-3,0,"0.1",49,88,385,2,64,"0.3","a",0,-1,,"false"
"2026-09-29T16:09:28Z",365,"Ramsay","LIV","0.0","0.0","0.0","0.0",0,0,"0.1",40,0,456,0,0,"0.0","u",0,0,,"false"
"2026-09-29T16:09:28Z",366,"Wirtz","LIV","-36.1","-36.2","-36.5","-36.9",-2,-14,"5.7",73,3121,40993,18,402,"4.0","a",0,-2,,"false"
"2026-09-29T16:09:28Z",367,"Gakpo","LIV","1.6","1.0","-0.5","-1.6",1,-135,"12.5",72,50686,84562,32,370,"5.0","d",0,2,,"false"
"2026-09-29T16:09:28Z",368,"Szoboszlai","LIV","-94.8","-94.8","-94.8","-94.9",-3,-12,"32.8",70,34532,205736,20,440,"2.7","a",0,0,,"false"
"2026-09-29T16:09:28Z",369,"Ngumoha","LIV","-22.4","-22.5","-22.9","-23.3",-2,-2,"0.5",57,730,4144,4,99,"0.3","a",-1,-3,,"false"
"2026-09-29T16:09:28Z",370,"Chiesa","LIV","-5.7","-5.7","-5.7","-5.7",-1,0,"0.0",53,16,242,0,0,"0.0","i",-1,-2,,"false"
"2026-09-29T16:09:28Z",371,"Gravenberch","LIV","-21.4","-21.5","-21.7","-22.0",-2,-3,"1.1",58,1177,8850,9,190,"1.0","a",-1,-2,,"false"
"2026-09-29T16:09:28Z",372,"Mac Allister","LIV","-42.0","-42.0","-41.8","-41.6",-3,2,"1.3",54,3721,6695,11,306,"2.7","a",0,-1,,"false"
"2026-09-29T16:09:28Z",373,"C.Jones","LIV","0.0","0.0","0.0","0.0",0,0,"0.0",55,0,58,0,0,"0.0","u",0,0,,"false"
"2026-09-29T16:09:28Z",374,"Endo","LIV","-60.2","-60.2","-60.2","-60.2",-3,0,"0.1",49,160,430,0,0,"0.0","a",0,-1,,"false"
"2026-09-29T16:09:28Z",375,"Nyoni","LIV","-84.8","-84.8","-84.8","-84.8",-3,0,"0.0",49,89,307,3,38,"0.7","a",0,-1,,"false"
"2026-09-29T16:09:28Z",376,"Bajcetic","LIV","0.0","0.0","0.0","0.0",0,0,"0.0",50,0,2,0,0,"0.0","u",0,0,,"false"
"2026-09-29T16:09:28Z",377,"Munoz","LIV","6.4","6.3","6.3","6.2",1,-5,"0.9",65,1382,11216,15,257,"1.7","a",0,0,,"false"
"2026-09-29T16:09:28Z",378,"McConnell","LIV","-3.1","-3.4","-4.5","-5.6",-1,-2,"0.2",44,1038,1454,0,0,"0.0","a",0,-1,,"false"
"2026-09-29T16:09:28Z",379,"Isak","LIV","9.4","8.8","6.9","5.0",1,-131,"22.4",91,113579,76806,33,413,"7.7","d",0,1,,"false"
"2026-09-29T16:09:28Z",380,"Ekitiké","LIV","-26.9","-26.7","-26.1","-25.5",-2,1,"0.1",74,357,804,0,0,"0.0","i",0,-1,,"false"
"2026-09-29T16:09:28Z",381,"Koumas","LIV","-92.4","-92.4","-92.4","-92.4",-3,0,"0.0",50,149,186,3,22,"0.7","a",0,0,,"false"
"2026-09-29T16:09:28Z",382,"Danns","LIV","3.5","3.5","3.5","3.4",1,-2,"0.2",45,3372,2319,0,0,"0.0","a",0,0,,"false"
"2026-09-29T16:09:28Z",383,"Elliott","LIV","0.0","0.0","0.0","0.0",0,0,"0.0",54,0,221,0,0,"0.0","u",0,-1,,"false"
"2026-09-29T16:09:28Z",579,"Araujo","LIV","33.3","33.3","33.3","33.4",2,4,"3.0",54,16192,10117,22,284,"7.0","a",0,-1,,"false"
"2026-09-29T16:09:28Z",627,"Barcola","LIV","-66.7","-66.7","-66.6","-66.5",-3,1,"1.9",80,10008,18316,7,168,"2.3","a",0,0,,"false"
"2026-09-29T16:09:28Z",155,"Enzo","MCI","1.2","1.2","1.4","1.5",1,8,"3.6",69,29939,13897,13,271,"4.0","a",0,-1,,"false"
"2026-09-29T16:09:28Z",237,"Ndiaye","MCI","-19.2","-19.2","-19.5","-19.7",-1,-16,"6.7",58,6755,66957,22,385,"3.0","a",-1,-2,,"false"
"2026-09-29T16:09:28Z",384,"Donnarumma","MCI","-50.2","-50.3","-50.4","-50.6",-3,-8,"7.6",55,10378,29456,19,450,"5.3","a",0,0,,"false"
"2026-09-29T16:09:28Z",386,"Bettinelli","MCI","-85.3","-85.3","-85.3","-85.3",-3,0,"0.0",45,51,86,0,0,"0.0","a",0,0,,"false"
"2026-09-29T16:09:28Z",387,"O'Reilly","MCI","-3.5","-3.6","-3.8","-4.0",-1,-28,"10.9",63,5129,68737,6,163,"0.7","a",-1,-2,,"false"
"2026-09-29T16:09:28Z",388,"Guéhi","MCI","64.0","63.9","63.8","63.7",3,-10,"18.2",60,22881,49242,30,450,"6.0","a",0,0,,"false"
"2026-09-29T16:09:28Z",389,"Matheus N.","MCI","-32.9","-32.9","-32.9","-32.9",-2,0,"1.0",59,1598,2821,11,213,"3.3","a",0,-1,,"false"
"2026-09-29T16:09:28Z",390,"Rúben","MCI","3.8","3.8","3.8","3.7",1,-2,"1.9",55,4522,8847,17,450,"4.3","a",0,0,,"false"
"2026-09-29T16:09:28Z",391,"Gvardiol","MCI","77.6","77.7","78.0","78.3",3,19,"26.8",57,143104,51574,37,434,"7.7","a",0,2,,"false"
"2026-09-29T16:09:28Z",392,"Aït-Nouri","MCI","-95.9","-95.8","-95.3","-94.9",-4,1,"0.4",53,509,2112,0,0,"0.0","a",0,-2,,"false"
"2026-09-29T16:09:28Z",393,"Khusanov","MCI","-33.5","-33.7","-34.1","-34.6",-2,-4,"1.4",54,1359,8778,9,268,"1.7","a",0,-1,,"false"
"2026-09-29T16:09:28Z",394,"Alleyne","MCI","0.0","0.0","0.0","0.0",0,0,"0.0",50,0,20,0,0,"0.0","u",0,0,,"false"
"2026-09-29T16:09:28Z",395,"Lewis","MCI","-64.0","-64.4","-66.0","-67.6",-3,-2,"0.2",44,292,1177,1,56,"0.0","a",0,-1,,"false"
"2026-09-29T16:09:28Z",396,"Vitor Reis","MCI","-80.7","-80.7","-80.7","-80.7",-3,0,"0.0",45,70,146,1,1,"0.0","a",0,0,,"false"
"2026-09-29T16:09:28Z",397,"Semenyo","MCI","-19.1","-19.2","-19.4","-19.6",-1,-41,"15.4",84,123989,61834,33,450,"8.7","d",0,-1,,"false"
"2026-09-29T16:09:28Z",398,"Foden","MCI","-46.4","-46.6","-46.9","-47.3",-3,-12,"1.8",69,202,27555,9,217,"-0.3","s",0,-1,,"false"
"2026-09-29T16:09:28Z",399,"Cherki","MCI","-55.9","-55.7","-54.9","-54.2",-3,52,"28.4",78,118398,86005,34,302,"4.0","a",0,3,,"false"
"2026-09-29T16:09:28Z",400,"Doku","MCI","0.2","0.2","0.2","0.2",1,2,"0.7",74,4114,1959,1,15,"0.3","a",0,-1,,"false"
"2026-09-29T16:09:28Z",402,"Rodrigo","MCI","0.0","0.0","0.0","0.0",0,-1,"0.0",65,0,24,0,0,"0.0","u",0,0,,"false"
"2026-09-29T16:09:28Z",404,"Reijnders","MCI","0.0","0.0","0.0","0.0",0,0,"0.0",60,0,96,0,0,"0.0","u",0,0,,"false"
"2026-09-29T16:09:28Z",406,"Kovačić","MCI","-93.9","-93.9","-93.9","-93.9",-3,0,"0.1",54,102,446,2,42,"0.0","a",0,-1,,"false"
"2026-09-29T16:09:28Z",407,"Echeverri","MCI","0.0","0.0","0.0","0.0",0,0,"0.0",49,0,51,0,0,"0.0","u",0,-1,,"false"
"2026-09-29T16:09:28Z",408,"Phillips","MCI","0.0","0.0","0.0","0.0",0,0,"0.0",50,0,12,0,0,"0.0","u",0,0,,"false"
"2026-09-29T16:09:28Z",409,"Mukasa","MCI","0.0","0.0","0.0","0.0",0,0,"0.1",45,0,576,0,0,"0.0","u",0,0,,"false"
"2026-09-29T16:09:28Z",410,"Monga","MCI","0.0","0.0","0.0","0.0",0,0,"0.0",49,0,49,0,0,"0.0","u",0,-1,,"false"
"2026-09-29T16:09:28Z",411,"Haaland","MCI","21.9","22.0","22.4","22.8",2,25,"73.8",156,75695,18823,39,450,"8.0","a",0,1,,"false"
"2026-09-29T16:09:28Z",481,"Anderson","MCI","-40.3","-40.3","-40.4","-40.4",-3,-2,"4.0",63,7575,27048,15,413,"3.3","a",0,-2,,"false"
"2026-09-29T16:09:28Z",587,"Rulli","MCI","-88.2","-88.2","-88.2","-88.2",-3,0,"0.0",50,69,101,0,0,"0.0","a",0,0,,"false"
"2026-09-29T16:09:28Z",616,"Bouaddi","MCI","-31.0","-31.0","-31.0","-31.0",-2,0,"0.2",55,818,2069,2,22,"0.3","a",0,0,,"false"
"2026-09-29T16:09:28Z",621,"McAidoo","MCI","-86.3","-86.3","-86.3","-86.3",-3,0,"0.1",45,187,1059,2,11,"0.3","a",0,0,,"false"
"2026-09-29T16:09:28Z",622,"Braithwaite","MCI","-37.0","-37.0","-37.0","-37.0",-2,0,"0.2",40,559,1606,1,1,"0.0","a",0,0,,"false"
"2026-09-29T16:09:28Z",628,"Allan","MCI","0.1","0.1","0.1","0.1",1,0,"0.0",60,215,158,0,0,"0.0","a",0,0,,"false"
"2026-09-29T16:09:28Z",653,"Samba","MCI","-39.2","-39.2","-39.2","-39.2",-2,0,"0.0",45,238,480,0,0,"0.0","a",0,0,,"false"
"2026-09-29T16:09:28Z",43,"Tielemans","MUN","-35.7","-35.8","-36.2","-36.6",-2,-4,"1.5",58,3013,10428,14,402,"2.7","a",0,-2,,"false"
"2026-09-29T16:09:28Z",131,"Baleba","MUN","0.0","0.0","0.0","0.0",0,0,"0.1",49,1212,700,0,0,"0.0","a",0,-1,,"false"
"2026-09-29T16:09:28Z",162,"Andrey Santos","MUN","-47.7","-47.7","-47.7","-47.7",-3,0,"0.6",48,1009,4797,4,82,"0.3","a",0,-2,,"false"
"2026-09-29T16:09:28Z",325,"Darlow","MUN","-22.2","-22.2","-22.2","-22.2",-2,0,"0.0",45,57,208,0,0,"0.0","d",0,0,,"false"
"2026-09-29T16:09:28Z",412,"Lammens","MUN","-16.4","-16.4","-16.5","-16.6",-1,-8,"9.9",49,6453,47383,11,450,"2.7","a",0,-1,,"false"
"2026-09-29T16:09:28Z",413,"Bayindir","MUN","0.0","0.0","0.0","0.0",0,0,"0.0",45,0,36,0,0,"0.0","u",0,0,,"false"
"2026-09-29T16:09:28Z",414,"Heaton","MUN","-34.9","-34.9","-34.9","-34.9",-2,0,"0.1",40,188,258,0,0,"0.0","i",0,0,,"false"
"2026-09-29T16:09:28Z",415,"Dorgu","MUN","-56.1","-56.4","-57.4","-58.4",-3,-6,"0.5",58,1020,3893,10,171,"3.0","d",0,-2,,"false"
"2026-09-29T16:09:28Z",416,"De Ligt","MUN","-94.2","-93.4","-90.6","-87.8",-3,1,"0.0",50,69,125,0,0,"0.0","i",0,0,,"false"
"2026-09-29T16:09:28Z",417,"Dalot","MUN","-75.2","-75.3","-75.5","-75.7",-3,-2,"1.6",49,1195,7296,8,346,"1.7","a",0,-1,,"false"
"2026-09-29T16:09:28Z",418,"Maguire","MUN","-1.6","-1.7","-1.8","-1.9",-1,-11,"8.6",48,4124,73404,10,450,"1.7","a",-1,-2,,"false"
"2026-09-29T16:09:28Z",419,"Martinez","MUN","-94.4","-94.5","-94.9","-95.4",-3,-4,"1.3",50,3565,6257,6,360,"1.7","a",0,0,,"false"
"2026-09-29T16:09:28Z",420,"Yoro","MUN","-10.2","-10.2","-10.2","-10.2",-1,0,"0.5",48,453,2121,2,22,"0.3","a",-1,-2,,"false"
"2026-09-29T16:09:28Z",421,"Heaven","MUN","-99.3","-99.1","-98.4","-97.7",-4,1,"0.3",44,229,1425,1,90,"0.0","a",0,-1,,"false"
"2026-09-29T16:09:28Z",422,"Mazraoui","MUN","-71.7","-71.7","-71.7","-71.7",-3,0,"0.5",44,560,2811,3,97,"0.3","a",0,-1,,"false"
"2026-09-29T16:09:28Z",423,"Shaw","MUN","-4.4","-4.4","-4.5","-4.6",-1,-8,"7.7",43,3431,75092,9,335,"2.0","a",-1,-2,,"false"
"2026-09-29T16:09:28Z",424,"Amass","MUN","-44.2","-44.2","-44.2","-44.2",-3,0,"0.2",40,407,756,0,0,"0.0","a",0,0,,"false"
"2026-09-29T16:09:28Z",425,"Fredricson","MUN","0.0","0.0","0.0","0.0",0,0,"0.0",40,0,47,0,0,"0.0","u",0,0,,"false"
"2026-09-29T16:09:28Z",426,"B.Fernandes","MUN","-1.1","-1.0","-1.0","-1.0",-1,3,"38.5",119,41223,192405,31,450,"2.0","a",-1,-1,,"false"
"2026-09-29T16:09:28Z",427,"Mbeumo","MUN","-73.7","-73.7","-73.7","-73.7",-3,-1,"20.6",79,34875,126480,25,450,"4.0","a",0,-1,,"false"
"2026-09-29T16:09:28Z",428,"Cunha","MUN","-93.2","-93.1","-92.8","-92.4",-3,14,"5.8",79,20700,20934,26,407,"5.0","a",0,-1,,"false"
"2026-09-29T16:09:28Z",429,"Rashford","MUN","-79.7","-80.0","-80.9","-81.9",-3,-17,"1.5",70,4110,17022,10,351,"2.3","d",0,0,,"false"
"2026-09-29T16:09:28Z",430,"Mount","MUN","0.1","0.1","0.1","0.1",1,0,"0.0",54,173,195,1,10,"0.3","a",0,-1,,"false"
"2026-09-29T16:09:28Z",431,"Amad","MUN","-16.4","-16.5","-17.1","-17.7",-1,-3,"0.3",57,119,1748,0,0,"0.0","i",0,-3,,"false"
"2026-09-29T16:09:28Z",432,"Mainoo","MUN","13.8","13.7","13.5","13.3",1,-15,"1.6",55,7514,14478,22,354,"5.7","d",0,0,,"false"
"2026-09-29T16:09:28Z",433,"Ugarte","MUN","-67.5","-67.5","-67.5","-67.5",-3,0,"0.0",50,22,24,0,0,"0.0","i",0,0,,"false"
"2026-09-29T16:09:28Z",434,"J.Fletcher","MUN","-38.9","-38.9","-38.9","-38.9",-2,0,"0.0",49,41,57,0,0,"0.0","a",0,-1,,"false"
"2026-09-29T16:09:28Z",435,"Lacey","MUN","-5.2","-5.2","-5.2","-5.2",-1,0,"0.1",49,367,347,1,10,"0.0","a",0,-1,,"false"
"2026-09-29T16:09:28Z",436,"Collyer","MUN","0.0","0.0","0.0","0.0",0,0,"0.0",50,0,44,0,0,"0.0","u",0,0,,"false"
"2026-09-29T16:09:28Z",437,"Bendito Mantato","MUN","0.0","0.0","0.1","0.1",0,2,"0.2",44,390,831,0,0,"0.0","a",-1,-1,,"false"
"2026-09-29T16:09:28Z",438,"Fletcher","MUN","0.4","0.4","0.5","0.5",1,3,"0.3",44,2521,2059,0,0,"0.0","a",0,-1,,"false"
"2026-09-29T16:09:28Z",439,"Šeško","MUN","-39.2","-39.5","-40.6","-41.6",-2,-20,"1.6",70,6556,23344,8,76,"2.0","d",0,0,,"false"
"2026-09-29T16:09:28Z",440,"Zirkzee","MUN","-8.0","-7.9","-7.5","-7.0",-1,2,"0.4",53,1860,3051,2,20,"0.7","a",-1,-2,,"false"
"2026-09-29T16:09:28Z",441,"Obi","MUN","0.0","0.0","0.0","0.0",0,-7,"0.9",45,0,11016,0,0,"0.0","u",0,0,,"false"
"2026-09-29T16:09:28Z",405,"N.Gonzalez","NEW","0.8","0.8","0.8","0.8",1,0,"0.2",55,578,1811,5,164,"1.0","a",0,0,,"false"
"2026-09-29T16:09:28Z",442,"Pope","NEW","-43.1","-43.1","-42.9","-42.7",-3,1,"0.9",49,838,3040,0,0,"0.0","a",0,-1,,"false"
"2026-09-29T16:09:28Z",443,"Gillespie","NEW","-37.8","-37.8","-37.8","-37.8",-2,0,"0.0",45,42,85,0,0,"0.0","a",0,0,,"false"
"2026-09-29T16:09:28Z",444,"Jaouen","NEW","-6.4","-6.4","-6.4","-6.4",-1,0,"0.0",44,19,115,0,0,"0.0","d",-1,-1,,"false"
"2026-09-29T16:09:28Z",445,"Thiaw","NEW","17.5","17.5","17.5","17.5",1,2,"2.2",50,8255,9625,14,450,"1.7","a",0,0,,"false"
"2026-09-29T16:09:28Z",446,"Schär","NEW","-11.0","-11.0","-11.0","-11.0",-1,0,"0.2",49,534,885,2,25,"0.3","a",0,-1,,"false"
"2026-09-29T16:09:28Z",447,"Botman","NEW","9.5","9.5","9.5","9.5",1,0,"0.7",50,4583,2874,15,450,"2.3","a",0,0,,"false"
"2026-09-29T16:09:28Z",448,"Burn","NEW","-3.5","-3.6","-3.8","-3.9",-1,-4,"0.7",48,104,5627,0,0,"0.0","i",-1,-2,,"false"
"2026-09-29T16:09:28Z",449,"Hall","NEW","6.4","6.5","6.7","7.0",1,47,"17.3",53,240009,19290,31,449,"5.7","a",1,3,,"false"
"2026-09-29T16:09:28Z",450,"Livramento","NEW","1.5","1.5","1.5","1.5",1,0,"0.1",49,433,1449,4,33,"1.3","d",0,-1,,"false"
"2026-09-29T16:09:28Z",451,"A.Murphy","NEW","0.0","0.0","0.0","0.0",0,0,"0.1",40,0,282,0,0,"0.0","u",0,0,,"false"
"2026-09-29T16:09:28Z",453,"Barnes","NEW","15.1","15.2","15.5","15.7",1,50,"5.6",61,154357,16758,28,450,"7.7","a",1,1,,"false"
"2026-09-29T16:09:28Z",454,"Elanga","NEW","-38.5","-38.6","-39.1","-39.5",-2,-64,"4.5",61,318,163786,18,232,"0.3","i",-1,1,,"false"
"2026-09-29T16:09:28Z",456,"J.Ramsey","NEW","-89.2","-89.3","-89.8","-90.2",-3,-2,"0.2",49,59,4624,7,69,"2.0","i",0,-1,,"false"
"2026-09-29T16:09:28Z",457,"J.Murphy","NEW","-19.5","-19.5","-19.5","-19.5",-1,0,"0.1",59,923,738,3,181,"0.7","a",0,-1,,"false"
"2026-09-29T16:09:28Z",458,"Joelinton","NEW","-61.6","-61.6","-61.6","-61.6",-3,0,"0.0",54,12,76,0,0,"0.0","i",0,-1,,"false"
"2026-09-29T16:09:28Z",459,"L.Miley","NEW","0.6","0.6","0.6","0.6",1,0,"0.1",55,461,436,12,396,"2.0","a",0,0,,"false"
"2026-09-29T16:09:28Z",460,"Willock","NEW","15.0","15.0","15.0","14.9",1,-2,"0.6",50,9418,2609,22,284,"4.3","a",0,0,,"false"
"2026-09-29T16:09:28Z",461,"Touré","NEW","-10.4","-10.8","-12.2","-13.6",-1,-1,"0.1",58,313,830,8,50,"2.3","a",0,-2,,"false"
"2026-09-29T16:09:28Z",462,"Steur","NEW","-50.7","-50.7","-50.7","-50.7",-3,0,"0.1",49,260,368,8,223,"2.0","a",0,-1,,"false"
"2026-09-29T16:09:28Z",463,"Woltemade","NEW","0.0","0.0","0.0","0.0",0,0,"0.5",59,0,3556,4,19,"0.0","u",0,-1,,"false"
"2026-09-29T16:09:28Z",464,"Wissa","NEW","60.5","60.5","60.6","60.7",3,7,"18.7",62,83638,137826,15,441,"1.0","a",0,2,,"false"
"2026-09-29T16:09:28Z",465,"Osula","NEW","-7.7","-7.7","-7.8","-7.9",-1,-1,"0.3",58,120,2284,4,55,"0.0","i",-1,-2,,"false"
"2026-09-29T16:09:28Z",466,"Neave","NEW","0.0","0.0","0.0","0.0",0,0,"0.5",45,0,3779,0,0,"0.0","u",0,0,,"false"
"2026-09-29T16:09:28Z",559,"Bamba","NEW","-68.1","-68.1","-68.1","-68.1",-3,0,"0.1",49,125,480,3,27,"0.7","a",0,-1,,"false"
"2026-09-29T16:09:28Z",567,"Horníček","NEW","23.3","23.3","23.3","23.3",2,0,"1.5",50,6956,4754,14,450,"2.0","a",0,0,,"false"
"2026-09-29T16:09:28Z",593,"Dedić","NEW","-9.6","-9.7","-10.1","-10.4",-1,-12,"1.8",45,247,36634,13,327,"0.3","i",0,0,,"false"
"2026-09-29T16:09:28Z",609,"Shahar","NEW","0.0","0.0","0.0","0.0",0,-2,"0.2",40,0,1821,0,0,"0.0","u",0,0,,"false"
"2026-09-29T16:09:28Z",634,"Fernandez-Pardo","NEW","0.7","0.7","0.7","0.8",1,2,"0.1",60,1887,1366,4,157,"1.3","a",0,0,,"false"
"2026-09-29T16:09:28Z",659,"Miley","NEW","0.0","0.0","0.1","0.1",0,3,"0.0",45,1376,631,0,0,"0.0","a",0,0,,"false"
"2026-09-29T16:09:28Z",663,"Pivas","NEW","0.0","0.0","0.0","0.0",0,0,"0.0",40,383,53,0,0,"0.0","a",0,0,"2026-10-02T19:10:51.639791Z","false"
"2026-09-29T16:09:28Z",664,"Salia","NEW","0.0","0.0","0.0","0.0",0,0,"0.1",45,9291,1479,0,0,"0.0","a",0,0,"2026-10-02T19:11:17.402697Z","false"
"2026-09-29T16:09:28Z",665,"Mills","NEW","0.0","0.0","0.0","0.0",0,0,"0.0",45,157,28,0,0,"0.0","a",0,0,"2026-10-02T19:11:39.931907Z","false"
"2026-09-29T16:09:28Z",666,"Thompson","NEW","0.0","0.0","0.0","0.0",0,0,"0.0",45,229,35,0,0,"0.0","a",0,0,"2026-10-02T19:12:09.032926Z","false"
"2026-09-29T16:09:28Z",167,"Delap","NFO","-23.1","-23.1","-22.8","-22.5",-2,5,"2.7",56,24526,28066,9,277,"2.7","a",1,1,,"false"
"2026-09-29T16:09:28Z",201,"Muñoz","NFO","-45.9","-45.9","-46.0","-46.1",-3,-3,"5.7",54,7604,29191,5,257,"1.7","a",0,-1,,"false"
"2026-09-29T16:09:28Z",467,"Sels","NFO","4.4","4.4","4.4","4.4",1,-1,"1.6",50,1920,5921,14,450,"3.7","a",0,0,,"false"
"2026-09-29T16:09:28Z",468,"John","NFO","-72.2","-72.2","-72.2","-72.2",-3,0,"0.1",45,59,149,0,0,"0.0","a",0,0,,"false"
"2026-09-29T16:09:28Z",469,"N.Williams","NFO","23.9","23.9","23.8","23.8",2,-5,"8.7",50,10692,44388,19,450,"3.7","a",0,0,,"false"
"2026-09-29T16:09:28Z",470,"Morato","NFO","0.0","0.0","0.0","0.0",0,0,"0.0",50,0,114,0,0,"0.0","u",0,0,,"false"
"2026-09-29T16:09:28Z",471,"Milenković","NFO","-12.7","-12.7","-13.0","-13.2",-1,-8,"1.0",54,64,11842,12,270,"2.3","i",-1,-1,,"false"
"2026-09-29T16:09:28Z",472,"Murillo","NFO","23.6","23.6","23.7","23.7",2,4,"2.1",55,7927,7766,23,449,"6.0","a",0,0,,"false"
"2026-09-29T16:09:28Z",473,"Aina","NFO","-2.6","-2.7","-2.8","-3.0",-1,-4,"2.4",44,1034,19894,8,306,"1.0","a",-1,-1,,"false"
"2026-09-29T16:09:28Z",474,"Jair Cunha","NFO","-47.1","-47.1","-47.1","-47.1",-3,0,"0.2",45,235,623,11,360,"3.0","a",0,0,,"false"
"2026-09-29T16:09:28Z",475,"Savona","NFO","-19.1","-19.1","-19.1","-19.1",-1,0,"0.0",45,20,19,0,0,"0.0","i",0,0,,"false"
"2026-09-29T16:09:28Z",476,"O.Richards","NFO","-65.8","-65.8","-65.8","-65.8",-3,0,"0.2",40,287,710,0,0,"0.0","a",0,0,,"false"
"2026-09-29T16:09:28Z",477,"Abbott","NFO","0.0","0.0","0.0","0.0",0,-1,"0.1",40,0,797,0,0,"0.0","u",0,0,,"false"
"2026-09-29T16:09:28Z",478,"Netz","NFO","-7.6","-7.6","-7.6","-7.6",-1,0,"0.0",44,54,114,3,27,"0.3","a",0,-1,,"false"
"2026-09-29T16:09:28Z",479,"Bindon","NFO","0.0","0.0","0.0","0.0",0,0,"0.1",40,0,511,0,0,"0.0","u",0,0,,"false"
"2026-09-29T16:09:28Z",480,"Gibbs-White","NFO","50.1","50.1","50.2","50.3",3,6,"15.7",80,63139,79772,28,450,"4.3","a",0,0,,"false"
"2026-09-29T16:09:28Z",482,"Hudson-Odoi","NFO","-37.1","-37.1","-37.1","-37.1",-2,0,"0.1",58,250,1130,1,1,"0.0","a",0,-2,,"false"
"2026-09-29T16:09:28Z",483,"Ndoye","NFO","13.1","13.1","13.0","12.8",1,-8,"0.7",55,722,7934,15,316,"1.0","a",0,0,,"false"
"2026-09-29T16:09:28Z",484,"Hutchinson","NFO","0.0","0.0","0.0","0.0",0,0,"0.1",54,0,346,0,0,"0.0","u",0,-1,,"false"
"2026-09-29T16:09:28Z",485,"Bakwa","NFO","0.0","0.0","0.0","0.0",0,0,"0.0",55,0,33,0,0,"0.0","u",0,0,,"false"
"2026-09-29T16:09:28Z",486,"McAtee","NFO","2.2","2.2","2.2","2.2",1,0,"0.1",55,335,889,12,416,"2.3","a",0,0,,"false"
"2026-09-29T16:09:28Z",487,"Dominguez","NFO","-65.7","-65.7","-65.7","-65.7",-3,0,"0.1",49,62,287,1,1,"0.0","a",0,-1,,"false"
"2026-09-29T16:09:28Z",488,"I.Sangaré","NFO","-95.2","-95.7","-97.6","-99.4",-4,-5,"0.4",49,295,2943,4,105,"0.7","a",0,-1,,"false"
"2026-09-29T16:09:28Z",489,"Yates","NFO","-85.8","-85.9","-86.2","-86.6",-3,-3,"1.2",45,578,7165,0,0,"0.0","a",0,0,,"false"
"2026-09-29T16:09:28Z",490,"Wood","NFO","-38.5","-38.5","-38.5","-38.5",-2,0,"0.9",58,1892,6300,4,62,"1.0","a",0,-2,,"false"
"2026-09-29T16:09:28Z",491,"Igor Jesus","NFO","0.1","0.1","0.1","0.1",1,-1,"2.6",58,6956,22557,12,257,"3.0","a",0,-2,,"false"
"2026-09-29T16:09:28Z",493,"Kalimuendo","NFO","0.0","0.0","0.0","0.0",0,0,"0.1",54,214,403,1,1,"0.0","a",0,-1,,"false"
"2026-09-29T16:09:28Z",558,"Schlager","NFO","0.4","0.4","0.4","0.4",1,0,"0.1",50,214,755,13,376,"2.7","a",0,0,,"false"
"2026-09-29T16:09:28Z",581,"Diomande","NFO","-49.1","-49.3","-49.9","-50.6",-3,-2,"0.5",54,1472,2185,7,163,"2.3","a",0,-1,,"false"
"2026-09-29T16:09:28Z",590,"Benda","NFO","0.0","0.0","0.0","0.0",0,0,"0.1",45,121,231,0,0,"0.0","a",0,0,,"false"
"2026-09-29T16:09:28Z",112,"Van Hecke","TOT","-26.8","-26.8","-26.9","-27.0",-2,-4,"6.6",49,17946,27040,24,450,"7.3","a",0,-1,,"false"
"2026-09-29T16:09:28Z",147,"Tosin","TOT","-38.1","-38.1","-38.1","-38.1",-2,0,"0.1",44,98,543,1,5,"0.3","a",0,-1,,"false"
"2026-09-29T16:09:28Z",401,"Marmoush","TOT","36.9","36.9","37.1","37.2",2,12,"2.1",70,10545,21083,8,339,"2.0","a",0,0,,"false"
"2026-09-29T16:09:28Z",403,"Sávio","TOT","10.5","10.5","10.5","10.4",1,-4,"0.7",65,2759,6577,8,240,"2.7","a",0,0,,"false"
"2026-09-29T16:09:28Z",455,"Tonali","TOT","-18.5","-18.6","-18.8","-19.0",-1,-4,"1.8",53,2205,14672,14,427,"3.3","a",-1,-2,,"false"
"2026-09-29T16:09:28Z",494,"Vicario","TOT","0.0","0.0","0.0","0.0",0,0,"0.1",45,0,695,0,0,"0.0","u",0,0,,"false"
"2026-09-29T16:09:28Z",495,"Austin","TOT","2.1","2.1","2.1","2.1",1,0,"1.0",40,1859,2106,0,0,"0.0","a",0,0,,"false"
"2026-09-29T16:09:28Z",496,"Kinsky","TOT","-49.6","-49.6","-49.7","-49.7",-3,-10,"17.3",45,17050,108371,18,450,"5.0","a",0,0,,"false"
"2026-09-29T16:09:28Z",497,"Dubravka","TOT","-23.8","-23.8","-23.8","-23.8",-2,-1,"17.1",40,25576,46503,0,0,"0.0","a",0,0,,"false"
"2026-09-29T16:09:28Z",498,"Senesi","TOT","-53.2","-53.2","-53.5","-53.8",-3,-6,"3.5",58,1136,20955,3,90,"0.0","a",0,-2,,"false"
"2026-09-29T16:09:28Z",499,"Pedro Porro","TOT","-29.1","-29.2","-29.6","-30.0",-2,-37,"7.6",54,1662,72684,9,198,"2.7","d",0,-1,,"false"
"2026-09-29T16:09:28Z",500,"Romero","TOT","0.0","0.0","0.0","0.0",0,0,"0.1",50,0,287,0,0,"0.0","u",0,0,,"false"
"2026-09-29T16:09:28Z",502,"Robertson","TOT","0.3","0.3","0.3","0.3",1,-1,"2.5",44,5308,12334,17,366,"4.0","a",0,-1,,"false"
"2026-09-29T16:09:28Z",503,"Van de Ven","TOT","-21.2","-21.2","-21.2","-21.3",-2,-1,"3.8",50,5471,19222,16,360,"5.3","a",0,0,,"false"
"2026-09-29T16:09:28Z",505,"Spence","TOT","0.0","0.0","0.0","0.0",0,0,"0.2",45,0,1151,0,0,"0.0","u",0,0,,"false"
"2026-09-29T16:09:28Z",506,"Udogie","TOT","-20.1","-20.3","-21.3","-22.2",-2,-2,"0.3",44,329,1578,7,86,"1.7","a",0,-1,,"false"
"2026-09-29T16:09:28Z",507,"Phillips","TOT","0.0","0.0","0.0","0.0",0,0,"0.0",45,0,54,0,0,"0.0","u",0,0,,"false"
"2026-09-29T16:09:28Z",508,"Davies","TOT","1.5","1.5","1.5","1.6",1,2,"0.9",39,7218,3745,0,0,"0.0","a",-1,-1,,"false"
"2026-09-29T16:09:28Z",509,"Byfield","TOT","-4.2","-4.2","-4.2","-4.2",-1,0,"0.1",40,119,243,0,0,"0.0","a",0,0,,"false"
"2026-09-29T16:09:28Z",510,"Rowswell","TOT","-15.9","-15.9","-15.9","-15.9",-1,0,"0.1",40,151,333,0,0,"0.0","a",0,0,,"false"
"2026-09-29T16:09:28Z",511,"Souza","TOT","0.0","0.0","0.0","0.0",0,0,"0.2",40,0,865,0,0,"0.0","u",0,0,,"false"
"2026-09-29T16:09:28Z",512,"Kudus","TOT","2.1","2.1","2.1","2.1",1,0,"0.2",65,2169,1082,7,123,"2.0","a",0,0,,"false"
"2026-09-29T16:09:28Z",513,"Xavi","TOT","-16.9","-16.9","-16.9","-16.9",-1,0,"0.0",59,50,80,0,0,"0.0","i",0,-1,,"false"
"2026-09-29T16:09:28Z",514,"Tel","TOT","-25.6","-25.7","-26.3","-26.9",-2,-1,"0.2",57,195,1907,8,257,"1.3","a",-1,-3,,"false"
"2026-09-29T16:09:28Z",515,"Maddison","TOT","-69.0","-69.0","-69.0","-69.0",-3,0,"0.4",63,720,1928,3,59,"0.7","a",0,-2,,"false"
"2026-09-29T16:09:28Z",516,"Bentancur","TOT","-72.4","-72.9","-74.7","-76.4",-3,-2,"0.2",55,349,677,15,370,"4.0","a",0,0,,"false"
"2026-09-29T16:09:28Z",517,"Odobert","TOT","0.0","0.0","0.0","0.0",0,0,"0.0",55,24,13,0,0,"0.0","i",0,0,,"false"
"2026-09-29T16:09:28Z",518,"P.M.Sarr","TOT","0.0","0.0","0.0","0.0",0,0,"0.1",49,0,653,0,0,"0.0","u",0,-1,,"false"
"2026-09-29T16:09:28Z",519,"Gallagher","TOT","0.1","0.1","0.1","0.1",1,0,"0.2",53,791,634,9,134,"3.0","a",0,-2,,"false"
"2026-09-29T16:09:28Z",520,"Bergvall","TOT","-2.7","-2.7","-2.7","-2.7",-1,0,"0.1",53,101,605,3,78,"0.7","a",-1,-2,,"false"
"2026-09-29T16:09:28Z",521,"Kulusevski","TOT","-79.7","-79.7","-79.7","-79.7",-3,0,"0.0",65,85,67,0,0,"0.0","i",0,0,,"false"
"2026-09-29T16:09:28Z",522,"Gray","TOT","-23.1","-23.1","-23.1","-23.1",-2,0,"0.2",49,454,1162,9,307,"1.7","a",0,-1,,"false"
"2026-09-29T16:09:28Z",523,"Moore","TOT","0.0","0.0","0.0","0.0",0,0,"0.1",50,0,527,3,89,"0.0","u",0,0,,"false"
"2026-09-29T16:09:28Z",524,"Olusesi","TOT","7.7","7.7","7.7","7.7",1,-3,"1.0",44,6038,7475,0,0,"0.0","a",0,-1,,"false"
"2026-09-29T16:09:28Z",525,"Fernandes","TOT","-9.3","-9.4","-9.6","-9.8",-1,-2,"0.8",57,453,6467,7,249,"1.3","a",-1,-3,,"false"
"2026-09-29T16:09:28Z",526,"Solanke","TOT","-29.4","-29.4","-29.4","-29.4",-2,0,"0.8",58,1824,5532,7,170,"1.7","a",0,-2,,"false"
"2026-09-29T16:09:28Z",527,"Richarlison","TOT","0.0","0.0","0.0","0.0",0,-2,"0.6",59,0,5570,2,67,"0.0","u",0,-1,,"false"
"2026-09-29T16:09:28Z",528,"Scarlett","TOT","0.0","0.0","0.0","0.0",0,-3,"1.1",45,0,7854,0,0,"0.0","u",0,0,,"false"
"2026-09-29T16:09:28Z",578,"Mudryk","TOT","-11.3","-11.0","-10.0","-9.1",-1,1,"0.0",53,20,550,1,16,"0.3","i",-1,-2,,"false"
"2026-09-29T16:09:28Z",601,"Williams-Barnett","TOT","-51.0","-51.0","-51.0","-51.0",-3,0,"0.1",45,163,746,0,0,"0.0","a",0,0,,"false"
"2026-09-29T16:09:28Z",501,"Danso","SUN","-81.3","-81.3","-81.3","-81.3",-3,0,"0.2",50,1125,813,3,270,"1.0","a",0,0,,"false"
"2026-09-29T16:09:28Z",529,"Roefs","SUN","-15.9","-15.9","-16.0","-16.1",-1,-2,"2.4",49,2011,11296,11,450,"1.3","a",0,-1,,"false"
"2026-09-29T16:09:28Z",530,"Patterson","SUN","0.0","0.0","0.0","0.0",0,0,"0.1",40,0,342,0,0,"0.0","u",0,0,,"false"
"2026-09-29T16:09:28Z",531,"Ellborg","SUN","-0.1","-0.1","-0.1","-0.1",-1,0,"0.1",44,130,247,0,0,"0.0","a",-1,-1,,"false"
"2026-09-29T16:09:28Z",532,"Ballard","SUN","-51.6","-51.7","-52.0","-52.3",-3,-10,"2.5",49,3582,16192,14,450,"2.0","d",0,-1,,"false"
"2026-09-29T16:09:28Z",533,"Mukiele","SUN","-16.4","-16.5","-16.7","-16.8",-1,-2,"1.9",54,4988,8564,13,360,"1.3","a",0,-1,,"false"
"2026-09-29T16:09:28Z",534,"Hume","SUN","-7.4","-7.5","-7.6","-7.7",-1,-4,"2.8",43,1199,28994,10,206,"0.7","a",-1,-2,,"false"
"2026-09-29T16:09:28Z",535,"Alderete","SUN","-6.4","-6.4","-6.4","-6.4",-1,0,"0.2",48,214,1042,1,23,"0.0","a",-1,-2,,"false"
"2026-09-29T16:09:28Z",536,"Reinildo","SUN","-0.0","-0.0","-0.0","-0.0",0,0,"0.3",44,179,1541,7,360,"0.0","a",-1,-1,,"false"
"2026-09-29T16:09:28Z",537,"Seelt","SUN","0.0","0.0","0.0","0.0",0,0,"0.0",45,0,22,0,0,"0.0","u",0,0,,"false"
"2026-09-29T16:09:28Z",538,"Hjelde","SUN","0.0","0.0","0.0","0.0",0,0,"0.0",40,0,152,0,0,"0.0","u",0,0,,"false"
"2026-09-29T16:09:28Z",539,"O'Nien","SUN","3.9","4.0","4.1","4.2",1,8,"2.5",39,17268,11238,1,66,"0.0","a",-1,-1,,"false"
"2026-09-29T16:09:28Z",540,"Masuaku","SUN","0.0","0.0","0.0","0.0",0,0,"0.1",40,0,612,0,0,"0.0","u",0,0,,"false"
"2026-09-29T16:09:28Z",541,"Meunier","SUN","-32.5","-32.6","-33.3","-34.0",-2,-1,"0.3",45,1568,847,14,396,"2.3","a",0,0,,"false"
"2026-09-29T16:09:28Z",542,"E.Le Fée","SUN","-4.2","-4.2","-4.1","-4.0",-1,4,"3.4",57,11025,23334,18,438,"4.3","a",-1,-3,,"false"
"2026-09-29T16:09:28Z",543,"Diarra","SUN","-0.1","-0.1","-0.1","-0.1",-1,0,"0.0",53,20,222,5,28,"0.0","i",-1,-2,,"false"
"2026-09-29T16:09:28Z",544,"Xhaka","SUN","-71.7","-71.7","-71.8","-71.9",-3,-2,"3.6",55,6037,22694,21,450,"2.0","a",0,0,,"false"
"2026-09-29T16:09:28Z",545,"Sadiki","SUN","-71.9","-71.9","-71.9","-71.9",-3,0,"0.2",49,393,1304,10,410,"1.7","a",0,-1,,"false"
"2026-09-29T16:09:28Z",546,"Adingra","SUN","0.0","0.0","0.0","0.0",0,0,"0.0",49,0,187,0,0,"0.0","u",0,-1,,"false"
"2026-09-29T16:09:28Z",547,"Mundle","SUN","-77.4","-77.4","-77.4","-77.4",-3,0,"0.0",49,10,54,1,1,"0.0","i",0,-1,,"false"
"2026-09-29T16:09:28Z",548,"Rigg","SUN","-75.1","-75.1","-75.1","-75.1",-3,0,"0.0",49,30,221,2,17,"0.0","a",0,-1,,"false"
"2026-09-29T16:09:28Z",549,"Talbi","SUN","-28.6","-28.6","-28.6","-28.6",-2,0,"0.1",53,105,557,1,31,"0.0","a",0,-2,,"false"
"2026-09-29T16:09:28Z",550,"Jocelin.T","SUN","-93.9","-93.9","-93.9","-93.9",-3,0,"0.0",50,28,40,0,0,"0.0","a",0,0,,"false"
"2026-09-29T16:09:28Z",551,"N.Angulo","SUN","1.3","1.3","1.3","1.3",1,0,"0.1",50,496,763,16,313,"2.7","a",0,0,,"false"
"2026-09-29T16:09:28Z",552,"Brobbey","SUN","80.0","79.9","79.6","79.3",3,-20,"7.0",57,193371,42767,24,399,"6.7","d",-1,-3,,"false"
"2026-09-29T16:09:28Z",553,"Isidor","SUN","3.1","3.0","2.9","2.8",1,-9,"1.3",55,3084,11341,15,117,"2.0","a",0,0,,"false"
"2026-09-29T16:09:28Z",612,"Methalie","SUN","0.0","0.0","0.0","0.0",0,0,"0.0",45,111,66,-1,90,"-0.3","a",0,0,,"false"
"2026-09-29T16:09:28Z",613,"Ahoka","SUN","-44.4","-44.8","-46.4","-47.9",-3,-2,"0.2",45,577,1570,0,0,"0.0","a",0,0,,"false"
"2026-09-29T16:09:28Z",646,"Fofana","SUN","-12.9","-11.2","-5.4","0.0",-1,1,"0.0",55,321,292,3,60,"1.0","a",0,0,,"false"
"2026-09-29T16:09:28Z",651,"J.Angulo","SUN","4.8","4.8","4.8","4.8",1,2,"0.7",45,8540,7118,0,0,"0.0","a",0,0,,"false"
