snapshot_utc,element_id,web_name,team,progress_pct,proj_0,proj_1,proj_2,likelihood,hourly_rate,selected_by_percent,now_cost,transfers_in_event,transfers_out_event,total_points,minutes,form,status,cost_change_event,cost_change_start,locked_until,calibrating
"2026-09-17T10:45:59Z",1,"Raya","ARS","74.6","77.0","81.9","86.7",3,365,"40.8",60,197470,39060,29,360,"7.2","a",0,0,,"false"
"2026-09-17T10:45:59Z",2,"Arrizabalaga","ARS","-28.4","-30.8","-35.4","-39.9",-2,-2,"0.1",49,132,428,0,0,"0.0","a",0,-1,,"false"
"2026-09-17T10:45:59Z",3,"Meslier","ARS","-20.3","-20.3","-20.3","-20.3",-2,0,"0.0",49,57,155,0,0,"0.0","a",0,-1,,"false"
"2026-09-17T10:45:59Z",4,"Gabriel","ARS","-70.6","-70.9","-71.5","-72.1",-3,-107,"23.3",80,32964,75657,24,360,"6.0","a",0,0,,"false"
"2026-09-17T10:45:59Z",5,"J.Timber","ARS","4.6","5.1","5.9","6.8",1,64,"0.2",65,13649,2427,1,45,"0.2","a",0,0,,"false"
"2026-09-17T10:45:59Z",6,"Saliba","ARS","-13.2","-13.6","-14.4","-15.2",-1,-3,"0.2",59,338,1642,0,0,"0.0","i",0,-1,,"false"
"2026-09-17T10:45:59Z",7,"Lewis-Skelly","ARS","-72.8","-74.2","-76.9","-79.5",-3,-12,"0.6",55,2423,7900,9,271,"2.2","a",0,0,,"false"
"2026-09-17T10:45:59Z",8,"Calafiori","ARS","65.5","68.5","74.3","80.2",3,442,"50.2",58,187547,49721,28,326,"7.0","a",0,3,,"false"
"2026-09-17T10:45:59Z",9,"Hincapie","ARS","-69.0","-71.1","-75.1","-79.1",-3,-28,"0.9",53,1996,12189,2,32,"0.5","a",0,-2,,"false"
"2026-09-17T10:45:59Z",10,"White","ARS","23.2","16.7","4.1","-7.8",1,-958,"6.2",55,17655,153064,21,315,"5.2","d",0,0,,"false"
"2026-09-17T10:45:59Z",11,"Mosquera","ARS","-7.1","-10.2","-16.3","-22.4",-1,-264,"1.9",53,140,61082,12,168,"3.0","d",-1,-2,,"false"
"2026-09-17T10:45:59Z",12,"Saka","ARS","51.8","54.2","58.8","63.4",3,351,"12.5",95,128138,40680,30,336,"7.5","a",0,0,,"false"
"2026-09-17T10:45:59Z",13,"Rice","ARS","-18.7","-19.1","-20.0","-20.9",-1,-82,"12.6",74,20355,56844,19,321,"4.8","a",0,-1,,"false"
"2026-09-17T10:45:59Z",14,"Eze","ARS","-53.4","-54.9","-57.8","-60.7",-3,-23,"1.1",63,2323,13370,3,68,"0.8","a",0,-2,,"false"
"2026-09-17T10:45:59Z",15,"Ødegaard","ARS","93.2","97.4","105.5","113.6",4,617,"19.5",67,222612,82773,27,305,"6.8","a",0,2,,"false"
"2026-09-17T10:45:59Z",16,"Madueke","ARS","-3.1","-3.9","-5.4","-6.9",-1,-4,"0.2",62,831,2799,2,23,"0.5","a",-1,-3,,"false"
"2026-09-17T10:45:59Z",17,"Merino","ARS","-48.2","-49.3","-51.3","-53.4",-3,-6,"0.4",58,1023,5020,3,51,"0.8","a",0,-2,,"false"
"2026-09-17T10:45:59Z",18,"Martinelli","ARS","0.0","0.0","0.0","0.0",0,-6,"0.1",63,0,1202,0,0,"0.0","u",0,-2,,"false"
"2026-09-17T10:45:59Z",19,"Zubimendi","ARS","-19.6","-20.8","-23.1","-25.3",-2,-18,"0.6",53,1151,6775,4,59,"1.0","a",-1,-2,,"false"
"2026-09-17T10:45:59Z",20,"Dowman","ARS","-17.8","-17.8","-17.8","-17.8",-1,0,"0.1",53,674,837,0,0,"0.0","a",0,-2,,"false"
"2026-09-17T10:45:59Z",22,"Nwaneri","ARS","0.0","0.0","0.0","0.0",0,0,"0.0",54,0,90,0,0,"0.0","u",0,-1,,"false"
"2026-09-17T10:45:59Z",23,"Fábio Vieira","ARS","0.0","0.0","0.0","0.0",0,0,"0.0",55,0,69,0,0,"0.0","u",0,0,,"false"
"2026-09-17T10:45:59Z",24,"Nelson","ARS","0.0","0.0","0.0","0.0",0,0,"0.0",55,0,47,0,0,"0.0","u",0,0,,"false"
"2026-09-17T10:45:59Z",25,"Gyökeres","ARS","-69.4","-72.1","-77.4","-82.7",-3,-127,"3.3",72,2939,40437,1,12,"0.2","a",0,-3,,"false"
"2026-09-17T10:45:59Z",26,"Havertz","ARS","-2.4","0.7","3.4","6.1",1,553,"7.9",76,65644,69405,17,347,"4.2","a",1,1,,"false"
"2026-09-17T10:45:59Z",27,"G.Jesus","ARS","0.0","0.0","0.0","0.0",0,-4,"0.2",59,0,1841,0,0,"0.0","u",0,-1,,"false"
"2026-09-17T10:45:59Z",31,"Konsa","ARS","80.8","84.5","91.7","98.9",3,547,"18.3",45,223328,40126,11,191,"2.8","a",0,0,,"false"
"2026-09-17T10:45:59Z",452,"Bruno G.","ARS","3.2","3.2","3.3","3.4",1,7,"1.8",67,12252,6889,8,64,"2.0","a",-1,-3,,"false"
"2026-09-17T10:45:59Z",557,"Tzolis","ARS","-47.5","-50.3","-55.8","-61.2",-3,-569,"14.3",64,25909,181741,14,290,"3.5","a",0,-1,,"false"
"2026-09-17T10:45:59Z",29,"M.Bizot","AVL","-15.3","-16.0","-17.3","-18.7",-1,-2,"0.1",45,369,902,1,90,"0.2","d",0,0,,"false"
"2026-09-17T10:45:59Z",30,"Digne","AVL","0.0","0.0","0.0","0.0",0,0,"0.1",45,0,336,0,0,"0.0","u",0,0,,"false"
"2026-09-17T10:45:59Z",32,"Cash","AVL","-4.5","-5.3","-6.9","-8.5",-1,-102,"5.2",44,1215,90825,7,251,"1.8","a",-1,-1,,"false"
"2026-09-17T10:45:59Z",33,"Mings","AVL","0.5","0.4","0.4","0.3",1,-5,"0.4",45,2145,3450,7,171,"1.8","a",0,0,,"false"
"2026-09-17T10:45:59Z",34,"Pau","AVL","-61.9","-65.4","-72.2","-79.1",-3,-33,"0.4",45,216,5822,3,187,"0.8","d",0,0,,"false"
"2026-09-17T10:45:59Z",35,"Bogarde","AVL","-70.5","-69.3","-66.8","-64.3",-3,1,"0.1",50,380,712,1,16,"0.2","a",0,0,,"false"
"2026-09-17T10:45:59Z",36,"Maatsen","AVL","-41.8","-48.6","-61.9","-75.1",-3,-119,"0.7",45,521,18769,9,335,"2.2","d",0,0,,"false"
"2026-09-17T10:45:59Z",37,"Lindelöf","AVL","1.0","1.0","1.0","1.0",1,2,"0.3",45,2134,2322,7,360,"1.8","a",0,0,,"false"
"2026-09-17T10:45:59Z",38,"A.García","AVL","-16.7","-17.4","-18.9","-20.3",-1,-17,"1.6",40,5485,9984,0,0,"0.0","a",0,0,,"false"
"2026-09-17T10:45:59Z",39,"Nedeljkovic","AVL","0.0","0.0","0.0","0.0",0,-3,"0.1",40,0,887,0,0,"0.0","u",0,0,,"false"
"2026-09-17T10:45:59Z",41,"Buendía","AVL","-45.6","-48.1","-53.0","-58.0",-3,-34,"0.9",59,3603,14141,9,311,"2.2","a",0,-1,,"false"
"2026-09-17T10:45:59Z",44,"Bailey","AVL","0.0","0.0","0.0","0.0",0,-3,"0.1",54,0,1234,0,0,"0.0","u",0,-1,,"false"
"2026-09-17T10:45:59Z",45,"McGinn","AVL","-14.9","-14.6","-13.9","-13.2",-1,11,"2.3",54,11832,14923,11,351,"2.8","a",0,-1,,"false"
"2026-09-17T10:45:59Z",46,"Barkley","AVL","1.1","1.1","1.1","1.0",1,-2,"0.3",50,1635,2644,9,302,"2.2","a",0,0,,"false"
"2026-09-17T10:45:59Z",47,"Kamara","AVL","-56.8","-57.2","-57.9","-58.7",-3,-2,"0.3",50,1447,3296,9,360,"2.2","a",0,0,,"false"
"2026-09-17T10:45:59Z",48,"Onana","AVL","-6.3","-7.4","-9.6","-11.8",-1,-1,"0.0",49,42,162,0,0,"0.0","i",-1,-1,,"false"
"2026-09-17T10:45:59Z",49,"Iling Jr","AVL","0.0","0.0","0.0","0.0",0,0,"0.0",50,0,18,0,0,"0.0","u",0,0,,"false"
"2026-09-17T10:45:59Z",50,"Burrowes","AVL","-37.4","-39.2","-42.9","-46.5",-2,-16,"0.6",45,1550,5123,0,0,"0.0","a",0,0,,"false"
"2026-09-17T10:45:59Z",51,"George Hemmings","AVL","15.3","15.2","14.9","14.6",1,-23,"1.3",45,10099,11102,8,279,"2.0","a",0,0,,"false"
"2026-09-17T10:45:59Z",52,"Alysson","AVL","0.2","0.2","0.3","0.4",1,5,"0.1",50,1150,408,8,87,"2.0","a",0,0,,"false"
"2026-09-17T10:45:59Z",53,"Manzambi","AVL","0.0","0.0","0.0","0.0",0,0,"0.1",59,1330,741,1,27,"0.2","a",0,-1,"2026-09-19T16:00:07.823042Z","false"
"2026-09-17T10:45:59Z",54,"Gomes","AVL","0.0","0.0","0.0","0.0",0,0,"0.0",55,377,208,-2,39,"-0.5","d",0,0,"2026-09-20T16:30:08.780195Z","false"
"2026-09-17T10:45:59Z",55,"Watkins","AVL","0.0","0.0","0.0","0.0",0,-92,"2.7",78,0,25925,0,0,"0.0","u",0,-2,,"false"
"2026-09-17T10:45:59Z",56,"Abraham","AVL","2.4","2.6","2.9","3.3",1,26,"0.2",55,1972,1926,3,69,"0.8","a",0,0,,"false"
"2026-09-17T10:45:59Z",160,"Garnacho","AVL","-29.8","-31.5","-34.9","-38.3",-2,-14,"0.3",58,632,5254,3,31,"0.8","a",-1,-2,,"false"
"2026-09-17T10:45:59Z",166,"N.Jackson","AVL","34.6","34.6","34.6","34.6",2,-1,"1.2",65,9828,22917,4,199,"1.0","a",0,0,,"false"
"2026-09-17T10:45:59Z",582,"Madjo","AVL","-9.2","-9.8","-11.0","-12.1",-1,-9,"0.2",54,198,2989,0,0,"0.0","i",-1,-1,,"false"
"2026-09-17T10:45:59Z",596,"Ruggeri","AVL","-85.9","-86.4","-87.2","-88.0",-3,-1,"0.1",45,389,831,2,23,"0.5","a",0,0,,"false"
"2026-09-17T10:45:59Z",597,"Suzuki","AVL","24.0","23.9","23.8","23.6",2,-14,"1.8",50,10901,12086,14,270,"3.5","a",0,0,,"false"
"2026-09-17T10:45:59Z",606,"Rowe","AVL","0.4","0.4","0.4","0.5",1,4,"0.2",40,1367,1222,0,0,"0.0","a",0,0,,"false"
"2026-09-17T10:45:59Z",607,"Lynch","AVL","0.0","0.0","0.0","0.0",0,-2,"0.1",45,0,1087,0,0,"0.0","u",0,0,,"false"
"2026-09-17T10:45:59Z",611,"Wan-Bissaka","AVL","1.6","1.7","1.8","2.0",1,13,"0.2",45,3275,1498,5,107,"1.7","a",0,0,,"false"
"2026-09-17T10:45:59Z",618,"Goretzka","AVL","-4.6","-4.6","-4.6","-4.6",-1,0,"0.0",59,34,1140,0,0,"0.0","i",-1,-1,,"false"
"2026-09-17T10:45:59Z",630,"Harwood-Bellis","AVL","-0.7","0.0","0.0","0.0",0,1,"0.0",45,229,263,0,0,"0.0","a",0,0,,"false"
"2026-09-17T10:45:59Z",631,"Mbaye","AVL","0.1","0.2","0.3","0.4",1,9,"0.1",60,1621,968,1,27,"0.5","a",0,0,,"false"
"2026-09-17T10:45:59Z",57,"Petrović","BOU","3.7","3.3","2.7","2.0",1,-50,"3.1",45,4613,17235,7,360,"1.8","a",0,0,,"false"
"2026-09-17T10:45:59Z",58,"Forster","BOU","4.1","4.1","4.1","4.0",1,-3,"3.5",40,14982,9976,0,0,"0.0","a",0,0,,"false"
"2026-09-17T10:45:59Z",59,"Dennis","BOU","0.0","0.0","0.0","0.0",0,-2,"0.1",40,0,726,0,0,"0.0","u",0,0,,"false"
"2026-09-17T10:45:59Z",60,"Hill","BOU","-13.9","-17.1","-23.3","-29.4",-1,-35,"0.8",55,2294,7251,8,360,"2.0","a",0,0,,"false"
"2026-09-17T10:45:59Z",61,"Truffert","BOU","-74.4","-75.9","-79.0","-82.1",-3,-71,"3.2",55,4237,21741,8,360,"2.0","a",0,0,,"false"
"2026-09-17T10:45:59Z",62,"Diakité","BOU","-85.9","-89.2","-95.6","-102.0",-3,-8,"0.2",50,687,1698,0,0,"0.0","a",0,0,,"false"
"2026-09-17T10:45:59Z",63,"Milosavljević","BOU","-2.5","-2.5","-2.5","-2.5",-1,0,"0.0",49,42,71,0,0,"0.0","i",-1,-1,,"false"
"2026-09-17T10:45:59Z",64,"Smith","BOU","0.5","0.4","0.4","0.3",1,-4,"0.1",45,576,1336,2,360,"0.5","a",0,0,,"false"
"2026-09-17T10:45:59Z",65,"J.Araujo","BOU","-11.1","-11.1","-11.1","-11.1",-1,0,"0.0",44,59,117,0,0,"0.0","i",0,-1,,"false"
"2026-09-17T10:45:59Z",66,"Soler","BOU","1.3","1.3","1.3","1.3",1,1,"0.3",40,1725,1729,0,0,"0.0","a",0,0,,"false"
"2026-09-17T10:45:59Z",67,"Rayan","BOU","-73.5","-76.8","-83.2","-89.7",-3,-79,"1.7",64,2671,24474,8,347,"2.0","a",0,-1,,"false"
"2026-09-17T10:45:59Z",68,"Tavernier","BOU","16.2","17.7","20.8","23.8",1,624,"5.8",61,219287,34205,29,350,"7.2","a",1,1,,"false"
"2026-09-17T10:45:59Z",69,"Scott","BOU","11.9","11.3","10.0","8.7",1,-98,"5.8",61,53285,51803,28,356,"7.0","a",0,1,,"false"
"2026-09-17T10:45:59Z",70,"Kluivert","BOU","-40.7","-40.2","-39.1","-38.1",-3,8,"1.0",60,9164,6634,15,294,"3.8","a",0,0,,"false"
"2026-09-17T10:45:59Z",71,"Cook","BOU","0.6","0.6","0.5","0.5",1,-4,"0.2",50,597,2645,7,165,"1.8","a",0,0,,"false"
"2026-09-17T10:45:59Z",72,"Gannon-Doak","BOU","-26.0","-26.0","-26.0","-26.0",-2,0,"0.1",49,226,562,3,10,"0.8","a",0,-1,,"false"
"2026-09-17T10:45:59Z",73,"Adams","BOU","1.7","1.6","1.6","1.6",1,-4,"0.3",50,2242,2897,8,192,"2.0","a",0,0,,"false"
"2026-09-17T10:45:59Z",74,"Brooks","BOU","0.0","-3.7","-16.6","-29.4",-1,-5,"0.1",50,344,638,2,30,"0.5","a",0,0,,"false"
"2026-09-17T10:45:59Z",75,"Christie","BOU","0.3","0.3","0.3","0.3",1,0,"0.0",50,409,447,3,28,"0.8","a",0,0,,"false"
"2026-09-17T10:45:59Z",76,"Tóth.A","BOU","0.0","0.0","0.0","0.0",0,0,"0.0",49,39,94,1,15,"0.2","a",-1,-1,,"false"
"2026-09-17T10:45:59Z",77,"Adli","BOU","-58.5","-58.5","-58.5","-58.5",-3,0,"0.0",49,19,165,0,0,"0.0","i",0,-1,,"false"
"2026-09-17T10:45:59Z",78,"Kroupi.Jr","BOU","-52.4","-53.5","-55.8","-58.1",-3,-9,"0.2",74,102,1336,0,0,"0.0","i",0,-1,,"false"
"2026-09-17T10:45:59Z",79,"Evanilson","BOU","47.5","47.2","46.7","46.1",3,-41,"3.3",60,29476,28815,16,334,"4.0","a",0,0,,"false"
"2026-09-17T10:45:59Z",80,"Enes Ünal","BOU","0.0","0.0","0.0","0.0",0,0,"0.0",55,0,88,0,0,"0.0","u",0,0,,"false"
"2026-09-17T10:45:59Z",81,"Rodríguez","BOU","-33.3","-30.9","-26.2","-21.5",-2,4,"0.1",60,599,979,2,10,"0.5","a",0,0,,"false"
"2026-09-17T10:45:59Z",566,"Silva","BOU","2.1","2.0","1.6","1.3",1,-25,"0.4",50,1415,3704,10,360,"2.5","a",0,0,,"false"
"2026-09-17T10:45:59Z",573,"Sanchez","BOU","-5.0","-5.0","-5.0","-5.0",-1,0,"0.2",44,220,901,0,0,"0.0","a",-1,-1,,"false"
"2026-09-17T10:45:59Z",608,"Jebbison","BOU","0.5","0.5","0.4","0.4",1,-4,"0.1",50,1429,1461,2,16,"0.5","a",0,0,,"false"
"2026-09-17T10:45:59Z",615,"Di Gregorio","BOU","-14.9","-20.4","-30.9","-41.3",-2,-3,"0.0",45,265,401,0,0,"0.0","a",0,0,,"false"
"2026-09-17T10:45:59Z",82,"Kelleher","BRE","21.1","20.3","18.7","17.2",2,-118,"6.2",50,6672,42493,14,360,"3.5","a",0,0,,"false"
"2026-09-17T10:45:59Z",83,"Valdimarsson","BRE","-56.7","-55.5","-53.2","-50.9",-3,2,"0.1",45,218,602,0,0,"0.0","a",0,0,,"false"
"2026-09-17T10:45:59Z",84,"Collins","BRE","-3.5","-5.0","-7.9","-10.8",-1,-116,"1.1",54,84,27402,10,196,"2.5","i",-1,-1,,"false"
"2026-09-17T10:45:59Z",85,"Van den Berg","BRE","-52.7","-54.7","-58.7","-62.7",-3,-5,"0.1",49,23,561,0,0,"0.0","i",0,-1,,"false"
"2026-09-17T10:45:59Z",86,"Lewis-Potter","BRE","37.3","36.5","35.0","33.5",2,-114,"1.9",55,4221,28560,19,326,"4.8","a",0,0,,"false"
"2026-09-17T10:45:59Z",87,"Ajer","BRE","40.2","39.0","36.6","34.3",2,-176,"4.2",45,6494,40786,14,360,"3.5","a",0,0,,"false"
"2026-09-17T10:45:59Z",88,"Kayode","BRE","-12.1","-14.6","-19.6","-24.5",-1,-288,"8.0",46,13598,95307,17,226,"4.2","a",0,1,,"false"
"2026-09-17T10:45:59Z",89,"Henry","BRE","-4.9","-5.1","-5.6","-6.1",-1,-1,"0.2",44,301,1141,1,2,"0.2","a",-1,-1,,"false"
"2026-09-17T10:45:59Z",90,"Hickey","BRE","-23.0","-27.0","-34.9","-42.8",-2,-4,"0.1",45,228,433,4,131,"1.0","a",0,0,,"false"
"2026-09-17T10:45:59Z",92,"Ji-soo","BRE","-88.8","-88.8","-88.8","-88.8",-3,0,"0.0",45,49,118,0,0,"0.0","a",0,0,,"false"
"2026-09-17T10:45:59Z",93,"Schuster","BRE","-61.0","-65.2","-73.4","-81.6",-3,-9,"0.1",45,222,547,7,163,"1.8","a",0,0,,"false"
"2026-09-17T10:45:59Z",94,"Schade","BRE","5.5","7.9","12.7","17.4",1,971,"6.5",61,287291,33753,30,357,"7.5","a",1,1,,"false"
"2026-09-17T10:45:59Z",95,"O.Dango","BRE","-6.0","-8.7","-13.9","-19.0",-1,-34,"0.5",63,544,9154,6,170,"1.5","a",-1,-2,,"false"
"2026-09-17T10:45:59Z",96,"Damsgaard","BRE","-101.1","-103.8","-109.1","-114.4",-5,-17,"0.4",55,935,5140,13,197,"3.2","a",0,0,,"false"
"2026-09-17T10:45:59Z",97,"Jensen","BRE","-22.0","-22.9","-24.8","-26.7",-2,-4,"0.1",54,11,1195,6,66,"1.5","i",0,-1,,"false"
"2026-09-17T10:45:59Z",98,"Janelt","BRE","67.9","68.1","68.3","68.5",3,17,"2.5",50,30063,21659,25,360,"6.2","a",0,0,,"false"
"2026-09-17T10:45:59Z",99,"Milambo","BRE","-34.5","-34.5","-34.5","-34.5",-2,0,"0.0",50,11,21,0,0,"0.0","i",0,0,,"false"
"2026-09-17T10:45:59Z",100,"Carvalho","BRE","0.1","0.0","-11.9","-38.8",0,-4,"0.0",50,180,249,0,0,"0.0","a",0,0,,"false"
"2026-09-17T10:45:59Z",102,"Yarmoliuk","BRE","-3.8","-4.9","-6.9","-8.9",-1,-18,"0.7",48,1107,5803,6,148,"1.5","a",-1,-2,,"false"
"2026-09-17T10:45:59Z",103,"Dasilva","BRE","-24.9","-24.9","-24.9","-24.9",-2,0,"0.0",49,5,195,0,0,"0.0","i",0,-1,,"false"
"2026-09-17T10:45:59Z",105,"Anthony","BRE","-17.2","-18.5","-21.0","-23.5",-1,-4,"0.1",59,386,1462,5,187,"1.2","a",-1,-1,,"false"
"2026-09-17T10:45:59Z",106,"Thiago","BRE","-92.6","-95.8","-102.0","-108.2",-4,-420,"9.3",79,9707,147203,5,352,"1.2","a",0,-1,,"false"
"2026-09-17T10:45:59Z",107,"Furo","BRE","5.4","4.9","3.8","2.8",1,-78,"1.0",45,5914,13211,0,0,"0.0","i",0,0,,"false"
"2026-09-17T10:45:59Z",108,"Wilson","BRE","-92.2","-93.7","-96.8","-99.8",-3,-7,"0.3",55,1071,4246,3,13,"0.8","a",0,0,,"false"
"2026-09-17T10:45:59Z",565,"M.Sangaré","BRE","-88.4","-91.9","-98.8","-105.7",-3,-522,"11.8",57,20178,131414,22,300,"5.5","a",0,2,,"false"
"2026-09-17T10:45:59Z",620,"Diouf","BRE","-14.1","-14.1","-14.1","-14.1",-1,0,"0.1",45,799,1226,1,30,"0.3","a",0,0,,"false"
"2026-09-17T10:45:59Z",657,"Nunes","BRE","0.0","0.0","0.0","0.0",0,0,"0.0",45,1484,333,0,0,"0.0","a",0,0,"2026-09-25T22:05:18.379374Z","false"
"2026-09-17T10:45:59Z",109,"Verbruggen","BHA","56.8","56.2","55.0","53.8",3,-90,"21.8",45,59572,83581,17,360,"4.2","a",0,0,,"false"
"2026-09-17T10:45:59Z",111,"Steele","BHA","2.3","2.3","2.3","2.3",1,-1,"4.2",40,12750,13997,0,0,"0.0","a",0,0,,"false"
"2026-09-17T10:45:59Z",113,"F.Kadıoğlu","BHA","-42.0","-43.5","-46.3","-49.2",-3,-35,"1.7",44,3064,10932,8,257,"2.0","a",0,-1,,"false"
"2026-09-17T10:45:59Z",114,"Boscagli","BHA","1.9","1.9","1.8","1.7",1,-6,"0.3",45,946,1566,13,347,"3.2","a",0,0,,"false"
"2026-09-17T10:45:59Z",115,"De Cuyper","BHA","1.4","3.3","7.0","10.7",1,758,"24.1",49,293140,72653,32,333,"8.0","a",1,4,,"false"
"2026-09-17T10:45:59Z",116,"Dunk","BHA","17.1","17.3","17.6","17.9",1,24,"1.5",45,19949,7156,22,360,"5.5","a",0,0,,"false"
"2026-09-17T10:45:59Z",117,"Coppola","BHA","-12.2","-16.5","-24.8","-33.2",-1,-1,"0.0",45,145,165,0,0,"0.0","a",0,0,,"false"
"2026-09-17T10:45:59Z",118,"Igor","BHA","0.0","0.0","0.0","0.0",0,-4,"0.0",45,0,639,0,0,"0.0","u",0,0,,"false"
"2026-09-17T10:45:59Z",119,"Costinha","BHA","-4.3","-8.7","-17.0","-25.4",-1,-2,"0.0",45,148,217,3,54,"0.8","a",0,0,,"false"
"2026-09-17T10:45:59Z",120,"Svoboda","BHA","0.0","0.0","0.0","0.0",0,0,"0.1",50,508,714,0,0,"0.0","a",0,0,,"false"
"2026-09-17T10:45:59Z",121,"Mitoma","BHA","-16.7","-17.8","-19.7","-21.7",-1,-1,"0.0",59,46,225,0,0,"0.0","i",0,-1,,"false"
"2026-09-17T10:45:59Z",122,"Minteh","BHA","-85.3","-85.3","-85.3","-85.3",-3,0,"0.0",59,22,373,0,0,"0.0","i",0,-1,,"false"
"2026-09-17T10:45:59Z",123,"Hinshelwood","BHA","-14.6","-16.2","-19.4","-22.6",-1,-75,"0.7",59,97,20091,16,63,"4.0","i",-1,-1,,"false"
"2026-09-17T10:45:59Z",124,"Groß","BHA","10.8","15.3","24.2","33.1",1,1825,"19.6",57,403429,60989,33,360,"8.2","a",1,2,,"false"
"2026-09-17T10:45:59Z",125,"Georginio","BHA","-67.8","-69.5","-72.7","-75.9",-3,-12,"0.5",54,1202,8456,5,90,"1.2","a",0,-1,,"false"
"2026-09-17T10:45:59Z",126,"O'Riley","BHA","-2.5","-4.2","-7.5","-10.8",-1,-4,"0.1",54,430,929,1,6,"0.2","a",-1,-1,,"false"
"2026-09-17T10:45:59Z",127,"Gomez","BHA","43.8","42.4","39.7","37.0",3,-205,"4.5",50,9286,46886,16,348,"4.0","a",0,0,,"false"
"2026-09-17T10:45:59Z",128,"Buonanotte","BHA","0.0","0.0","0.0","0.0",0,0,"0.0",50,0,13,0,0,"0.0","u",0,0,,"false"
"2026-09-17T10:45:59Z",129,"Ayari","BHA","-44.7","-44.3","-43.6","-42.9",-3,2,"0.4",54,2479,2735,12,243,"3.0","a",0,-1,,"false"
"2026-09-17T10:45:59Z",130,"Wieffer","BHA","-3.5","-5.1","-8.2","-11.3",-1,-22,"0.2",49,41,5110,7,156,"1.8","i",-1,-1,,"false"
"2026-09-17T10:45:59Z",132,"Howell","BHA","0.0","0.0","0.0","0.0",0,0,"0.0",45,0,298,0,0,"0.0","u",0,0,,"false"
"2026-09-17T10:45:59Z",133,"Watson","BHA","0.0","0.0","0.0","0.0",0,0,"0.0",50,0,7,0,0,"0.0","u",0,0,,"false"
"2026-09-17T10:45:59Z",134,"Oriola","BHA","-38.4","-40.7","-45.0","-49.4",-3,-8,"0.3",45,731,2058,0,0,"0.0","a",0,0,,"false"
"2026-09-17T10:45:59Z",135,"Yohanna","BHA","-49.2","-51.8","-56.7","-61.7",-3,-4,"0.0",49,25,844,1,12,"0.2","i",0,-1,,"false"
"2026-09-17T10:45:59Z",137,"Tzimas","BHA","-1.9","0.0","0.0","0.0",0,1,"0.0",54,41,62,0,0,"0.0","i",-1,-1,,"false"
"2026-09-17T10:45:59Z",138,"Kostoulas","BHA","23.5","25.2","28.4","31.6",2,244,"0.8",55,33114,8818,18,278,"4.5","a",0,0,,"false"
"2026-09-17T10:45:59Z",139,"Ferguson","BHA","-41.1","-41.1","-41.1","-41.1",-3,0,"0.0",50,184,298,0,0,"0.0","i",0,0,,"false"
"2026-09-17T10:45:59Z",328,"Struijk","BHA","-7.6","-8.5","-10.3","-12.0",-1,-4,"0.2",49,466,1787,2,13,"0.5","a",-1,-1,,"false"
"2026-09-17T10:45:59Z",504,"Vuskovic","BHA","34.3","34.1","33.6","33.1",2,-36,"3.2",50,20566,21685,24,347,"6.0","a",0,0,,"false"
"2026-09-17T10:45:59Z",594,"David","BHA","-94.0","-96.7","-101.9","-107.2",-4,-8,"0.2",60,1443,3565,1,23,"0.2","a",0,0,,"false"
"2026-09-17T10:45:59Z",600,"Osman","BHA","-48.3","-48.3","-48.3","-48.3",-3,0,"0.0",50,113,160,3,40,"0.8","a",0,0,,"false"
"2026-09-17T10:45:59Z",605,"Yalcouyé","BHA","42.7","44.0","46.5","49.0",3,189,"3.8",45,85421,26471,19,231,"4.8","a",0,0,,"false"
"2026-09-17T10:45:59Z",614,"Hadjam","BHA","-27.4","-23.4","-15.7","-8.1",-2,2,"0.0",45,292,514,0,0,"0.0","a",0,0,,"false"
"2026-09-17T10:45:59Z",624,"Cozier-Duberry","BHA","0.0","0.0","0.0","0.0",0,0,"0.0",50,0,9,0,0,"0.0","u",0,0,,"false"
"2026-09-17T10:45:59Z",639,"Andrés","BHA","0.0","0.0","0.0","-3.7",0,-1,"0.0",55,340,165,4,25,"2.0","a",0,0,,"false"
"2026-09-17T10:45:59Z",652,"Azeez","BHA","0.0","0.0","0.0","0.0",0,0,"0.0",55,49,36,0,0,"0.0","d",0,0,"2026-09-18T10:30:08.836964Z","false"
"2026-09-17T10:45:59Z",658,"Ibrahim","BHA","0.0","0.0","0.0","0.0",0,0,"0.0",45,946,189,0,0,"0.0","a",0,0,"2026-09-26T17:44:20.289392Z","false"
"2026-09-17T10:45:59Z",28,"Martinez","CHE","6.4","5.9","5.1","4.2",1,-67,"4.9",50,14658,39274,7,270,"1.8","a",0,0,,"false"
"2026-09-17T10:45:59Z",40,"Rogers","CHE","47.1","50.5","57.2","63.8",3,1367,"38.3",77,467279,38583,27,347,"6.8","a",1,2,,"false"
"2026-09-17T10:45:59Z",101,"Henderson","CHE","-25.0","-26.1","-28.4","-30.6",-2,-1,"0.0",49,28,334,0,0,"0.0","i",0,-1,,"false"
"2026-09-17T10:45:59Z",136,"Welbeck","CHE","-52.3","-38.0","-10.3","1.3",-2,156,"0.8",59,6420,8427,2,15,"0.5","a",0,-1,,"false"
"2026-09-17T10:45:59Z",140,"Sánchez","CHE","0.0","0.0","0.0","0.0",0,-33,"0.8",49,0,10734,2,90,"0.5","u",0,-1,,"false"
"2026-09-17T10:45:59Z",141,"Jörgensen","CHE","0.0","0.0","0.0","0.0",0,0,"0.0",50,0,42,0,0,"0.0","u",0,0,,"false"
"2026-09-17T10:45:59Z",142,"James","CHE","-37.6","-39.1","-42.1","-45.1",-2,-153,"7.1",54,14820,77847,3,292,"0.8","a",0,-1,,"false"
"2026-09-17T10:45:59Z",143,"Chalobah","CHE","0.0","0.0","0.0","0.0",0,0,"0.1",55,0,547,0,0,"0.0","u",0,0,,"false"
"2026-09-17T10:45:59Z",144,"Gusto","CHE","-69.5","-70.4","-72.3","-74.2",-3,-14,"1.0",50,3034,10173,4,272,"1.0","a",0,0,,"false"
"2026-09-17T10:45:59Z",145,"Fofana","CHE","3.4","3.4","3.2","3.0",1,-12,"0.2",50,2201,2323,4,242,"1.0","a",0,0,,"false"
"2026-09-17T10:45:59Z",146,"B.Badiashile","CHE","0.0","0.0","0.0","0.0",0,0,"0.0",45,0,101,0,0,"0.0","u",0,0,,"false"
"2026-09-17T10:45:59Z",148,"Hato","CHE","16.2","15.8","15.1","14.3",1,-58,"0.9",45,3410,14378,8,258,"2.0","a",0,0,,"false"
"2026-09-17T10:45:59Z",149,"Colwill","CHE","-69.5","-72.6","-78.5","-84.4",-3,-41,"1.0",49,1373,13074,2,251,"0.5","a",0,-1,,"false"
"2026-09-17T10:45:59Z",150,"M.Sarr","CHE","0.0","0.0","0.0","0.0",0,0,"0.0",45,0,313,0,0,"0.0","u",0,0,,"false"
"2026-09-17T10:45:59Z",151,"Acheampong","CHE","0.8","0.7","0.5","0.3",1,-16,"0.4",45,1038,4322,5,202,"1.2","a",0,0,,"false"
"2026-09-17T10:45:59Z",152,"Palestra","CHE","-13.9","-14.9","-16.9","-18.9",-1,-49,"0.7",53,142,13950,0,0,"0.0","i",-1,-2,,"false"
"2026-09-17T10:45:59Z",154,"Palmer","CHE","31.3","31.3","31.4","31.5",2,5,"26.8",97,114501,107302,26,352,"6.5","a",0,2,,"false"
"2026-09-17T10:45:59Z",156,"Neto","CHE","1.3","1.2","1.1","0.9",1,-11,"1.4",65,9800,15084,12,246,"3.0","a",0,0,,"false"
"2026-09-17T10:45:59Z",157,"Estêvão","CHE","-16.8","-18.5","-21.7","-24.9",-1,-28,"0.7",63,2053,7747,3,20,"0.8","a",-1,-2,,"false"
"2026-09-17T10:45:59Z",158,"Gittens","CHE","-88.5","-94.1","-104.8","-115.6",-3,-2,"0.0",59,137,318,0,0,"0.0","a",0,-1,,"false"
"2026-09-17T10:45:59Z",159,"Caicedo","CHE","-5.5","-6.4","-8.2","-9.9",-1,-73,"1.2",53,454,23548,1,13,"0.2","i",-1,-2,,"false"
"2026-09-17T10:45:59Z",161,"Lavia","CHE","5.2","5.1","4.9","4.8",1,-14,"0.2",50,1955,3170,11,258,"2.8","a",0,0,,"false"
"2026-09-17T10:45:59Z",163,"D.Essugo","CHE","0.0","0.0","0.0","0.0",0,0,"0.1",45,0,1454,0,0,"0.0","u",0,0,,"false"
"2026-09-17T10:45:59Z",164,"Quenda","CHE","-8.6","-9.9","-12.4","-14.9",-1,-1,"0.0",53,117,410,1,8,"0.2","a",-1,-2,,"false"
"2026-09-17T10:45:59Z",165,"João Pedro","CHE","12.4","1.0","-11.4","-23.4",1,-4554,"74.4",78,223455,106669,33,360,"8.2","d",1,3,,"false"
"2026-09-17T10:45:59Z",168,"Marc Guiu","CHE","0.0","0.0","0.0","0.0",0,-8,"0.2",50,0,2763,0,0,"0.0","u",0,0,,"false"
"2026-09-17T10:45:59Z",169,"Mheuka","CHE","2.6","2.8","3.2","3.6",1,28,"0.4",45,5649,4081,0,0,"0.0","a",0,0,,"false"
"2026-09-17T10:45:59Z",170,"Emegha","CHE","-58.9","-60.2","-62.7","-65.2",-3,-6,"0.1",50,91,2179,0,0,"0.0","i",0,0,,"false"
"2026-09-17T10:45:59Z",200,"Lacroix","CHE","-93.4","-96.1","-101.3","-106.6",-4,-277,"7.2",60,6266,85865,10,274,"2.5","a",0,0,,"false"
"2026-09-17T10:45:59Z",560,"Penders","CHE","0.0","0.0","0.0","0.0",0,0,"0.1",44,526,473,0,0,"0.0","a",0,-1,,"false"
"2026-09-17T10:45:59Z",561,"Anselmino","CHE","0.0","0.0","0.0","0.0",0,0,"0.0",45,152,158,0,0,"0.0","a",0,0,,"false"
"2026-09-17T10:45:59Z",568,"Barco","CHE","-5.3","-4.9","-4.1","-3.4",-1,1,"0.1",54,352,986,1,29,"0.2","a",-1,-1,,"false"
"2026-09-17T10:45:59Z",583,"Chavarria","CHE","-34.9","-35.4","-36.3","-37.2",-2,-1,"0.2",49,317,1180,4,118,"1.0","a",0,-1,,"false"
"2026-09-17T10:45:59Z",91,"Pinnock","COV","-71.5","-74.5","-80.2","-86.0",-3,-3,"0.1",45,281,474,6,192,"1.5","a",0,0,,"false"
"2026-09-17T10:45:59Z",104,"Onyeka","COV","-2.5","-4.9","-9.6","-14.3",-1,-4,"0.1",49,222,1098,6,224,"1.5","a",0,-1,,"false"
"2026-09-17T10:45:59Z",110,"Rushworth","COV","-40.4","-41.6","-43.9","-46.2",-3,-14,"0.8",45,690,8166,5,360,"1.2","a",0,0,,"false"
"2026-09-17T10:45:59Z",171,"Dovin","COV","0.0","0.0","0.0","0.0",0,-25,"1.1",40,0,7106,0,0,"0.0","u",0,0,,"false"
"2026-09-17T10:45:59Z",172,"Wilson","COV","-0.6","-0.5","-0.2","0.0",-1,1,"0.4",44,206,1241,0,0,"0.0","a",-1,-1,,"false"
"2026-09-17T10:45:59Z",173,"Thomas","COV","19.5","18.7","17.1","15.6",1,-117,"8.8",40,21678,48300,15,347,"3.8","a",0,0,,"false"
"2026-09-17T10:45:59Z",174,"Kitching","COV","0.0","0.0","0.0","0.0",0,-19,"0.4",40,0,3469,0,0,"0.0","u",0,0,,"false"
"2026-09-17T10:45:59Z",175,"van Ewijk","COV","-43.0","-44.4","-47.0","-49.5",-3,-186,"9.9",40,10090,72320,6,360,"1.5","a",0,0,,"false"
"2026-09-17T10:45:59Z",176,"Dasilva","COV","-45.6","-46.6","-48.5","-50.4",-3,-10,"0.7",40,595,3131,5,354,"1.2","a",0,0,,"false"
"2026-09-17T10:45:59Z",177,"Kesler-Hayden","COV","-96.7","-96.7","-96.7","-96.7",-4,0,"0.0",40,102,310,0,0,"0.0","i",0,0,,"false"
"2026-09-17T10:45:59Z",178,"Bidwell","COV","-23.1","-25.2","-29.2","-33.3",-2,-2,"0.1",40,312,478,0,0,"0.0","a",0,0,,"false"
"2026-09-17T10:45:59Z",179,"Latibeaudiere","COV","-55.4","-66.0","-86.4","-106.9",-3,-5,"0.0",40,105,223,0,0,"0.0","a",0,0,,"false"
"2026-09-17T10:45:59Z",180,"Woolfenden","COV","-71.1","-71.6","-72.6","-73.6",-3,-2,"0.1",40,163,841,0,0,"0.0","i",0,0,,"false"
"2026-09-17T10:45:59Z",181,"Brau","COV","0.0","0.0","0.0","0.0",0,0,"0.0",40,0,184,0,0,"0.0","u",0,0,,"false"
"2026-09-17T10:45:59Z",182,"Amenda","COV","-22.9","-25.8","-31.5","-37.1",-2,-55,"0.7",40,1353,3649,4,360,"1.0","d",0,0,,"false"
"2026-09-17T10:45:59Z",183,"Rudoni","COV","-96.5","-100.7","-108.7","-116.7",-5,-6,"0.1",50,309,1013,8,224,"2.0","a",0,0,,"false"
"2026-09-17T10:45:59Z",184,"Grimes","COV","-10.7","-10.9","-11.2","-11.5",-1,-1,"0.1",49,436,1372,8,353,"2.0","a",-1,-1,,"false"
"2026-09-17T10:45:59Z",185,"Sakamoto","COV","-100.0","-107.0","-120.4","-133.9",-5,-7,"0.1",49,65,638,1,31,"0.2","a",0,-1,,"false"
"2026-09-17T10:45:59Z",186,"Mason-Clark","COV","-64.3","-64.3","-64.3","-64.3",-3,0,"0.1",54,69,582,4,186,"1.0","a",0,-1,,"false"
"2026-09-17T10:45:59Z",187,"Eccles","COV","-69.1","-69.1","-69.1","-69.1",-3,0,"0.0",49,11,236,0,0,"0.0","i",0,-1,,"false"
"2026-09-17T10:45:59Z",188,"Torp","COV","-93.7","-96.4","-101.7","-106.9",-4,-4,"0.1",54,27,733,3,53,"0.8","a",0,-1,,"false"
"2026-09-17T10:45:59Z",189,"Shepherd","COV","-101.2","-102.2","-104.0","-105.8",-5,-3,"0.2",45,338,1745,0,0,"0.0","a",0,0,,"false"
"2026-09-17T10:45:59Z",190,"Tchaouna","COV","-35.3","-38.1","-43.6","-49.1",-2,-4,"0.1",54,23,691,4,166,"1.0","a",0,-1,,"false"
"2026-09-17T10:45:59Z",191,"Borges Rodrigues","COV","0.0","0.0","0.0","0.0",0,-5,"0.1",45,0,1280,0,0,"0.0","u",0,0,,"false"
"2026-09-17T10:45:59Z",192,"Andrews","COV","0.0","0.0","0.0","0.0",0,-15,"0.3",45,0,3686,0,0,"0.0","u",0,0,,"false"
"2026-09-17T10:45:59Z",193,"Wright","COV","-63.3","-64.6","-67.2","-69.8",-3,-4,"0.1",54,60,878,0,0,"0.0","i",0,-1,,"false"
"2026-09-17T10:45:59Z",194,"Thomas-Asante","COV","2.4","2.3","2.2","2.0",1,-13,"0.8",50,5739,8212,5,137,"1.2","a",0,0,,"false"
"2026-09-17T10:45:59Z",195,"Simms","COV","-47.8","-50.9","-56.9","-63.0",-3,-31,"0.7",50,1978,7958,3,88,"0.8","a",0,0,,"false"
"2026-09-17T10:45:59Z",196,"Markelo","COV","0.0","0.0","0.0","0.0",0,0,"0.0",50,0,82,0,0,"0.0","u",0,0,,"false"
"2026-09-17T10:45:59Z",197,"Bassette","COV","0.0","0.0","0.0","0.0",0,-1,"0.0",45,0,202,0,0,"0.0","u",0,0,,"false"
"2026-09-17T10:45:59Z",492,"Awoniyi","COV","-86.5","-91.0","-99.6","-108.2",-3,-90,"0.5",55,525,13453,3,232,"0.8","s",0,0,,"false"
"2026-09-17T10:45:59Z",575,"Yirenkyi","COV","-50.0","-51.8","-55.3","-58.8",-3,-4,"0.2",49,187,1679,6,175,"1.5","a",0,-1,,"false"
"2026-09-17T10:45:59Z",584,"Hamer","COV","-37.4","-38.3","-39.9","-41.6",-2,-1,"0.1",54,52,653,3,32,"0.8","a",0,-1,,"false"
"2026-09-17T10:45:59Z",599,"Cherif","COV","-2.8","-1.4","0.0","0.0",-1,2,"0.1",50,1047,962,1,30,"0.2","a",0,0,,"false"
"2026-09-17T10:45:59Z",623,"Bentley","COV","1.0","1.0","1.1","1.1",1,5,"0.6",40,8118,1753,0,0,"0.0","a",0,0,,"false"
"2026-09-17T10:45:59Z",655,"Gboho","COV","0.0","0.0","0.0","0.0",0,0,"0.0",55,83,27,0,0,"0.0","a",0,0,"2026-09-23T15:00:18.732507Z","false"
"2026-09-17T10:45:59Z",656,"Mfuni","COV","0.0","0.0","0.0","0.0",0,0,"0.1",40,4977,1163,0,0,"0.0","a",0,0,"2026-09-24T14:54:23.064516Z","false"
"2026-09-17T10:45:59Z",42,"Guessand","CRY","-96.4","-100.6","-108.7","-116.7",-5,-2,"0.0",55,236,583,2,54,"0.5","a",0,0,,"false"
"2026-09-17T10:45:59Z",153,"Disasi","CRY","0.4","0.3","0.1","-1.8",1,-12,"0.1",45,110,3294,1,139,"0.2","s",0,0,,"false"
"2026-09-17T10:45:59Z",198,"Henderson","CRY","-40.1","-43.1","-49.1","-55.0",-3,-186,"1.5",50,171,42638,5,270,"1.2","i",0,0,,"false"
"2026-09-17T10:45:59Z",199,"Benitez","CRY","-45.9","-43.4","-38.3","-33.3",-3,4,"0.1",45,886,558,2,90,"0.5","a",0,0,,"false"
"2026-09-17T10:45:59Z",202,"Richards","CRY","-60.6","-66.3","-77.2","-88.2",-3,-49,"0.6",50,1323,5874,6,360,"1.5","a",0,0,,"false"
"2026-09-17T10:45:59Z",203,"Canvot","CRY","-66.9","-71.9","-81.7","-91.5",-3,-15,"0.2",49,188,2896,2,270,"0.5","a",0,-1,,"false"
"2026-09-17T10:45:59Z",204,"Mitchell","CRY","31.9","30.7","28.2","25.7",2,-189,"6.3",45,16234,44827,17,329,"4.2","a",0,0,,"false"
"2026-09-17T10:45:59Z",205,"Sosa","CRY","0.0","0.0","0.0","0.0",0,0,"0.0",45,0,208,0,0,"0.0","u",0,0,,"false"
"2026-09-17T10:45:59Z",206,"Chadi Riad","CRY","-93.4","-93.4","-93.4","-93.4",-3,0,"0.0",44,34,271,1,72,"0.2","i",0,-1,,"false"
"2026-09-17T10:45:59Z",207,"Mingueza","CRY","-46.5","-44.7","-41.3","-37.9",-3,2,"0.1",44,194,662,2,16,"0.5","a",0,-1,,"false"
"2026-09-17T10:45:59Z",208,"Sarr","CRY","-0.0","-0.0","-0.0","-0.0",0,0,"0.6",62,76,9576,0,0,"0.0","d",-1,-3,"2026-09-24T16:30:08.977944Z","false"
"2026-09-17T10:45:59Z",210,"Wharton","CRY","-56.5","-58.9","-63.4","-67.9",-3,-26,"0.8",55,2009,8236,10,346,"2.5","a",0,0,,"false"
"2026-09-17T10:45:59Z",211,"Yeremy","CRY","7.7","7.3","6.5","5.8",1,-58,"0.4",55,1109,7854,12,226,"3.0","a",0,0,,"false"
"2026-09-17T10:45:59Z",212,"Hughes","CRY","-1.9","-2.6","-4.1","-5.6",-1,-146,"8.0",44,16932,63016,2,29,"0.5","a",-1,-1,,"false"
"2026-09-17T10:45:59Z",213,"Lerma","CRY","-66.2","-68.4","-72.6","-76.8",-3,-2,"0.1",49,126,536,1,6,"0.2","a",0,-1,,"false"
"2026-09-17T10:45:59Z",214,"Kamada","CRY","8.5","8.8","9.2","9.6",1,34,"0.5",50,15139,4542,18,351,"4.5","a",0,0,,"false"
"2026-09-17T10:45:59Z",215,"Devenny","CRY","0.0","0.0","0.0","0.0",0,0,"0.0",50,0,79,0,0,"0.0","u",0,0,,"false"
"2026-09-17T10:45:59Z",216,"Esse","CRY","0.0","0.0","0.0","0.0",0,-1,"0.0",50,0,303,0,0,"0.0","u",0,0,,"false"
"2026-09-17T10:45:59Z",217,"M.França","CRY","0.0","0.0","0.0","0.0",0,-2,"0.0",49,0,487,0,0,"0.0","u",0,-1,,"false"
"2026-09-17T10:45:59Z",218,"Doucouré","CRY","-65.3","-71.0","-81.9","-92.9",-3,-4,"0.1",49,195,591,0,0,"0.0","a",0,-1,,"false"
"2026-09-17T10:45:59Z",219,"J.Rak-Sakyi","CRY","0.0","0.0","0.0","0.0",0,0,"0.0",49,0,83,0,0,"0.0","u",0,-1,,"false"
"2026-09-17T10:45:59Z",220,"Cardines","CRY","0.0","0.0","0.0","0.0",0,0,"0.0",45,0,6,0,0,"0.0","u",0,0,,"false"
"2026-09-17T10:45:59Z",221,"Drakes-Thomas","CRY","-53.9","-52.8","-50.6","-48.4",-3,1,"0.1",45,252,672,0,0,"0.0","a",0,0,,"false"
"2026-09-17T10:45:59Z",222,"Strand Larsen","CRY","3.8","3.8","3.8","3.8",1,1,"0.6",60,9277,5984,12,217,"3.0","a",0,0,,"false"
"2026-09-17T10:45:59Z",223,"Mateta","CRY","-11.2","-12.1","-13.8","-15.6",-1,-88,"1.5",63,145,19580,2,62,"0.5","i",-1,-2,,"false"
"2026-09-17T10:45:59Z",224,"Nketiah","CRY","2.8","2.2","0.9","-3.3",1,-94,"0.6",55,269,16613,7,167,"1.8","d",0,0,,"false"
"2026-09-17T10:45:59Z",225,"Uche","CRY","0.0","0.0","0.0","0.0",0,0,"0.0",50,0,0,0,0,"0.0","u",0,0,,"false"
"2026-09-17T10:45:59Z",241,"McNeil","CRY","-43.9","-46.3","-50.9","-55.5",-3,-4,"0.1",54,129,1004,3,84,"0.8","a",0,-1,,"false"
"2026-09-17T10:45:59Z",555,"Matthews","CRY","-4.0","-4.0","-4.0","-4.0",-1,0,"1.7",40,2389,4181,0,0,"0.0","a",0,0,,"false"
"2026-09-17T10:45:59Z",577,"Tomiyasu","CRY","-1.9","-2.5","-3.7","-4.8",-1,-4,"0.3",44,304,1942,2,144,"0.5","a",-1,-1,,"false"
"2026-09-17T10:45:59Z",588,"Khalaili","CRY","6.7","6.5","6.1","5.7",1,-28,"0.3",50,4363,3127,13,289,"3.2","a",0,0,,"false"
"2026-09-17T10:45:59Z",595,"Gozo","CRY","-55.5","-55.5","-55.5","-55.5",-3,0,"0.0",50,62,134,2,28,"0.5","a",0,0,,"false"
"2026-09-17T10:45:59Z",633,"Ahanor","CRY","0.0","0.0","0.0","0.1",0,1,"0.0",45,526,151,3,90,"1.5","a",0,0,,"false"
"2026-09-17T10:45:59Z",643,"Chilwell","CRY","-11.8","-16.6","-25.9","-35.1",-1,-33,"0.5",45,2418,6195,8,29,"4.0","a",0,0,,"false"
"2026-09-17T10:45:59Z",644,"Timber","CRY","0.0","-0.5","-32.0","-63.5",-1,-7,"0.0",50,1041,411,6,163,"3.0","a",0,0,,"false"
"2026-09-17T10:45:59Z",647,"Osorio","CRY","-4.3","-4.3","-4.3","-4.3",-1,0,"0.0",55,59,109,1,1,"0.5","a",0,0,,"false"
"2026-09-17T10:45:59Z",21,"Nørgaard","EVE","-63.6","-65.6","-69.4","-73.1",-3,-4,"0.0",49,33,520,0,0,"0.0","i",0,-1,,"false"
"2026-09-17T10:45:59Z",209,"Johnson","EVE","-31.7","-27.9","-20.6","-13.3",-2,7,"0.1",59,1310,941,6,173,"1.5","a",0,-1,,"false"
"2026-09-17T10:45:59Z",226,"Pickford","EVE","12.7","13.7","15.8","17.8",1,155,"8.9",55,44916,28608,17,360,"4.2","a",0,0,,"false"
"2026-09-17T10:45:59Z",227,"Travers","EVE","-36.3","-38.5","-42.8","-47.2",-2,-1,"0.0",50,392,332,0,0,"0.0","a",0,0,,"false"
"2026-09-17T10:45:59Z",228,"King","EVE","-34.4","-34.4","-34.4","-34.4",-2,0,"0.0",45,154,217,0,0,"0.0","a",0,0,,"false"
"2026-09-17T10:45:59Z",229,"Tarkowski","EVE","10.9","12.3","15.0","17.7",1,554,"13.6",61,195675,31451,29,360,"7.2","a",1,1,,"false"
"2026-09-17T10:45:59Z",230,"Branthwaite","EVE","19.1","20.1","22.1","24.0",2,149,"2.2",55,30830,8667,19,360,"4.8","a",0,0,,"false"
"2026-09-17T10:45:59Z",231,"Keane","EVE","-17.8","-19.2","-22.0","-24.8",-1,-28,"0.8",48,1280,8276,0,0,"0.0","a",-1,-2,,"false"
"2026-09-17T10:45:59Z",232,"O'Brien","EVE","-85.0","-85.7","-87.2","-88.6",-3,-3,"0.3",49,797,1852,1,15,"0.2","a",0,-1,,"false"
"2026-09-17T10:45:59Z",233,"Mykolenko","EVE","59.9","63.7","71.0","78.3",3,554,"3.2",45,129335,13945,22,360,"5.5","a",0,0,,"false"
"2026-09-17T10:45:59Z",234,"Patterson","EVE","0.0","0.0","0.0","0.0",0,-2,"0.0",45,0,234,0,0,"0.0","u",0,0,,"false"
"2026-09-17T10:45:59Z",235,"Aznou","EVE","0.0","0.0","0.0","0.0",0,-4,"0.1",40,0,1150,0,0,"0.0","u",0,0,,"false"
"2026-09-17T10:45:59Z",236,"Dewsbury-Hall","EVE","64.3","68.1","75.6","83.0",3,566,"5.4",65,96976,39350,17,360,"4.2","a",0,0,,"false"
"2026-09-17T10:45:59Z",238,"Grealish","EVE","6.0","6.1","6.2","6.4",1,10,"0.4",65,6195,4218,3,57,"0.8","a",0,0,,"false"
"2026-09-17T10:45:59Z",239,"Garner","EVE","1.0","1.4","2.0","2.6",1,47,"0.2",60,6610,2016,8,238,"2.0","a",0,0,,"false"
"2026-09-17T10:45:59Z",242,"George","EVE","21.9","23.0","25.0","27.1",2,156,"0.8",55,29352,6896,18,298,"4.5","a",0,0,,"false"
"2026-09-17T10:45:59Z",243,"Alcaraz","EVE","-22.3","-22.3","-22.3","-22.3",-2,0,"0.1",49,325,716,1,5,"0.2","a",0,-1,,"false"
"2026-09-17T10:45:59Z",244,"Armstrong","EVE","11.2","10.9","10.2","9.6",1,-48,"0.4",50,5680,4433,14,356,"3.5","d",0,0,,"false"
"2026-09-17T10:45:59Z",245,"Dibling","EVE","-78.9","-65.3","-39.1","-12.9",-3,5,"0.0",54,154,265,0,0,"0.0","a",0,-1,,"false"
"2026-09-17T10:45:59Z",246,"Röhl","EVE","-4.6","-5.9","-8.3","-10.8",-1,-3,"0.0",49,270,671,6,249,"1.5","d",-1,-1,,"false"
"2026-09-17T10:45:59Z",247,"Hackney","EVE","-71.7","-73.1","-76.0","-78.8",-3,-4,"0.2",55,499,1366,9,136,"2.2","a",0,0,,"false"
"2026-09-17T10:45:59Z",248,"Beto","EVE","0.0","0.0","0.0","0.0",0,-98,"0.7",54,0,16973,2,31,"0.5","u",0,-1,,"false"
"2026-09-17T10:45:59Z",249,"Barry","EVE","26.5","30.5","38.3","46.0",2,588,"6.8",56,101724,54516,14,327,"3.5","a",0,1,,"false"
"2026-09-17T10:45:59Z",649,"Maitland-Niles","EVE","2.0","2.9","4.6","6.3",1,130,"0.8",45,32563,4061,13,87,"6.5","a",0,0,,"false"
"2026-09-17T10:45:59Z",654,"Graham","EVE","0.0","0.0","0.0","0.0",0,0,"0.1",45,1353,1728,0,0,"0.0","a",0,0,"2026-09-19T17:46:58.377521Z","false"
"2026-09-17T10:45:59Z",250,"Leno","FUL","2.8","3.0","3.4","3.8",1,30,"3.0",45,23446,10710,15,360,"3.8","a",0,0,,"false"
"2026-09-17T10:45:59Z",251,"Lecomte","FUL","-17.6","-17.8","-18.2","-18.5",-1,-3,"1.1",40,2389,2727,0,0,"0.0","a",0,0,,"false"
"2026-09-17T10:45:59Z",252,"McNally","FUL","0.0","0.0","0.0","0.0",0,0,"0.1",40,0,642,0,0,"0.0","u",0,0,,"false"
"2026-09-17T10:45:59Z",253,"Andersen","FUL","0.1","0.1","0.1","0.1",1,0,"0.1",50,1262,1429,2,180,"0.5","a",0,0,,"false"
"2026-09-17T10:45:59Z",254,"Robinson","FUL","-36.8","-37.1","-37.7","-38.2",-2,-6,"1.4",45,6933,7245,10,339,"2.5","a",0,0,,"false"
"2026-09-17T10:45:59Z",255,"J.Cuenca","FUL","-49.0","-49.0","-49.0","-49.0",-3,0,"0.0",45,62,248,3,90,"0.8","a",0,0,,"false"
"2026-09-17T10:45:59Z",256,"Tete","FUL","-23.2","-24.6","-27.4","-30.2",-2,-4,"0.2",44,266,1115,0,27,"0.0","a",0,-1,,"false"
"2026-09-17T10:45:59Z",257,"Bassey","FUL","-18.9","-19.0","-19.2","-19.4",-1,-1,"0.7",45,2530,2513,9,360,"2.2","a",0,0,,"false"
"2026-09-17T10:45:59Z",258,"Castagne","FUL","9.1","9.2","9.4","9.5",1,12,"0.8",45,8830,4760,19,318,"4.8","a",0,0,,"false"
"2026-09-17T10:45:59Z",261,"Iwobi","FUL","-37.3","-38.6","-41.0","-43.5",-2,-12,"0.7",54,2043,6274,9,338,"2.2","a",0,-1,,"false"
"2026-09-17T10:45:59Z",262,"Smith Rowe","FUL","-54.3","-55.9","-58.9","-61.9",-3,-6,"0.3",54,389,2352,3,38,"0.8","a",0,-1,,"false"
"2026-09-17T10:45:59Z",263,"Kevin","FUL","0.0","0.0","-2.0","-5.9",0,-2,"0.0",53,451,465,3,42,"0.8","a",-1,-2,,"false"
"2026-09-17T10:45:59Z",264,"Bobb","FUL","-51.9","-53.1","-55.2","-57.4",-3,-5,"0.3",55,1690,2681,10,273,"2.5","a",0,0,,"false"
"2026-09-17T10:45:59Z",265,"Berge","FUL","-12.6","-13.7","-15.9","-18.1",-1,-5,"0.3",49,1192,2089,8,273,"2.0","a",0,-1,,"false"
"2026-09-17T10:45:59Z",266,"Cairney","FUL","-2.0","-2.0","-2.0","-2.0",-1,0,"0.0",49,10,36,0,0,"0.0","i",-1,-1,,"false"
"2026-09-17T10:45:59Z",268,"King","FUL","45.6","47.6","51.4","55.2",3,289,"1.6",55,56614,16071,22,346,"5.5","a",0,0,,"false"
"2026-09-17T10:45:59Z",269,"Sessegnon","FUL","-25.6","-28.1","-32.9","-37.8",-2,-19,"0.3",44,215,3166,3,50,"0.8","d",0,-1,,"false"
"2026-09-17T10:45:59Z",270,"Reed","FUL","2.0","2.0","2.1","2.2",1,7,"1.2",44,12641,10866,0,0,"0.0","a",-1,-1,,"false"
"2026-09-17T10:45:59Z",271,"Muniz","FUL","-22.9","-23.0","-23.2","-23.3",-2,-1,"0.4",54,2183,3997,3,28,"0.8","a",0,-1,,"false"
"2026-09-17T10:45:59Z",272,"Kusi-Asare","FUL","-29.5","-30.5","-32.5","-34.6",-2,-86,"5.8",45,20232,41311,0,0,"0.0","a",0,0,,"false"
"2026-09-17T10:45:59Z",569,"Gonzalo","FUL","46.3","45.9","45.2","44.6",3,-51,"3.6",60,18648,49366,12,346,"3.0","a",0,0,,"false"
"2026-09-17T10:45:59Z",570,"Palacios","FUL","-1.5","-2.5","-4.5","-6.4",-1,-4,"0.2",54,1039,1662,11,207,"2.8","a",-1,-1,,"false"
"2026-09-17T10:45:59Z",580,"Charles","FUL","-86.2","-84.2","-80.3","-76.4",-3,2,"0.1",50,488,428,9,213,"2.2","a",0,0,,"false"
"2026-09-17T10:45:59Z",610,"De Fougerolles","FUL","0.0","0.0","0.0","0.0",0,0,"0.1",40,0,900,0,0,"0.0","u",0,0,,"false"
"2026-09-17T10:45:59Z",626,"Zepa","FUL","-38.7","-42.9","-50.9","-59.0",-3,-18,"0.3",45,915,3672,0,0,"0.0","a",0,0,,"false"
"2026-09-17T10:45:59Z",635,"Larsson","FUL","0.0","0.0","0.0","0.1",0,2,"0.0",50,142,87,2,24,"1.0","a",0,0,,"false"
"2026-09-17T10:45:59Z",636,"Ángel","FUL","0.0","0.0","0.0","0.0",0,0,"0.0",50,61,48,0,0,"0.0","a",0,0,,"false"
"2026-09-17T10:45:59Z",650,"Affengruber","FUL","0.1","0.1","0.2","0.3",1,6,"0.0",45,1620,348,8,90,"4.0","a",0,0,,"false"
"2026-09-17T10:45:59Z",240,"Iroegbunam","HUL","0.1","0.1","0.1","0.1",1,0,"0.0",50,321,203,1,25,"0.2","a",0,0,,"false"
"2026-09-17T10:45:59Z",273,"Phillips","HUL","-20.9","-21.2","-21.8","-22.4",-2,-6,"1.4",40,3558,4605,0,0,"0.0","a",0,0,,"false"
"2026-09-17T10:45:59Z",274,"Butland","HUL","-84.8","-85.3","-86.1","-86.9",-3,-1,"0.1",45,75,433,0,0,"0.0","i",0,0,,"false"
"2026-09-17T10:45:59Z",275,"Cartwright","HUL","0.0","0.0","0.0","0.0",0,0,"0.0",40,0,34,0,0,"0.0","u",0,0,,"false"
"2026-09-17T10:45:59Z",276,"Lo-Tutala","HUL","0.0","0.0","0.0","0.0",0,0,"0.0",40,0,102,0,0,"0.0","u",0,0,,"false"
"2026-09-17T10:45:59Z",277,"Egan","HUL","17.6","18.5","20.3","22.0",1,132,"6.9",41,77215,29243,25,360,"6.2","a",0,1,,"false"
"2026-09-17T10:45:59Z",278,"Hughes","HUL","2.7","2.8","2.9","3.0",1,9,"0.2",39,12541,3779,0,0,"0.0","i",-1,-1,,"false"
"2026-09-17T10:45:59Z",279,"Ajayi","HUL","51.3","52.9","55.9","59.0",3,232,"13.8",42,176926,59931,26,333,"6.5","a",0,2,,"false"
"2026-09-17T10:45:59Z",280,"Coyle","HUL","-10.5","-9.4","-7.3","-5.2",-1,10,"0.7",40,8309,2883,13,258,"3.2","a",0,0,,"false"
"2026-09-17T10:45:59Z",281,"Drameh","HUL","0.0","0.0","0.0","0.0",0,-1,"0.0",40,0,498,2,65,"0.5","u",0,0,,"false"
"2026-09-17T10:45:59Z",282,"Giles","HUL","48.8","50.1","52.7","55.3",3,197,"2.5",40,95699,14429,24,354,"6.0","a",0,0,,"false"
"2026-09-17T10:45:59Z",283,"Jacob","HUL","0.0","0.0","0.0","0.0",0,0,"0.0",40,0,68,0,0,"0.0","u",0,0,,"false"
"2026-09-17T10:45:59Z",284,"McCarthy","HUL","0.3","0.3","0.3","0.3",1,0,"0.1",40,953,656,0,0,"0.0","a",0,0,,"false"
"2026-09-17T10:45:59Z",285,"McNair","HUL","-30.1","-31.3","-33.7","-36.0",-2,-2,"0.1",40,482,619,1,26,"0.2","a",0,0,,"false"
"2026-09-17T10:45:59Z",286,"Belloumi","HUL","4.8","6.7","10.3","13.9",1,742,"3.5",51,252848,20545,27,312,"6.8","a",1,1,,"false"
"2026-09-17T10:45:59Z",287,"Millar","HUL","0.0","0.0","0.0","0.0",0,-3,"0.0",50,0,764,6,50,"1.5","u",0,0,,"false"
"2026-09-17T10:45:59Z",288,"Dowell","HUL","-50.9","-52.3","-54.9","-57.5",-3,-6,"0.3",45,1159,3026,0,0,"0.0","a",0,0,,"false"
"2026-09-17T10:45:59Z",289,"Crooks","HUL","-91.2","-92.2","-94.0","-95.8",-3,-7,"0.5",45,3066,3818,3,158,"0.8","a",0,0,,"false"
"2026-09-17T10:45:59Z",290,"Slater","HUL","75.5","75.4","75.2","75.0",3,-14,"5.6",45,44773,39804,13,360,"3.2","a",0,0,,"false"
"2026-09-17T10:45:59Z",291,"Matazo","HUL","-6.5","-6.5","-6.5","-6.5",-1,0,"0.0",45,50,56,0,0,"0.0","i",0,0,,"false"
"2026-09-17T10:45:59Z",292,"Ömür","HUL","0.0","0.0","0.0","0.0",0,0,"0.0",49,238,241,0,0,"0.0","a",0,-1,,"false"
"2026-09-17T10:45:59Z",293,"Kamara","HUL","0.0","0.0","0.0","0.0",0,0,"0.0",50,0,18,0,0,"0.0","u",0,0,,"false"
"2026-09-17T10:45:59Z",294,"Zambrano","HUL","0.0","0.0","0.0","0.0",0,0,"0.1",45,1018,828,0,0,"0.0","a",0,0,,"false"
"2026-09-17T10:45:59Z",295,"McBurnie","HUL","26.9","27.5","28.6","29.7",2,84,"2.0",55,23559,17852,12,351,"3.0","a",0,0,,"false"
"2026-09-17T10:45:59Z",296,"Akintola","HUL","0.0","0.0","0.0","0.0",0,-4,"0.0",50,0,962,0,0,"0.0","u",0,0,,"false"
"2026-09-17T10:45:59Z",297,"Gyabi","HUL","-80.5","-80.5","-80.5","-80.5",-3,0,"0.0",45,45,146,0,0,"0.0","i",0,0,,"false"
"2026-09-17T10:45:59Z",298,"Destan","HUL","0.0","0.0","0.0","0.0",0,-2,"0.2",45,0,1948,0,0,"0.0","u",0,0,,"false"
"2026-09-17T10:45:59Z",299,"Burstow","HUL","0.0","0.0","0.0","0.0",0,0,"0.0",45,0,272,0,0,"0.0","u",0,0,,"false"
"2026-09-17T10:45:59Z",340,"Gelhardt","HUL","0.0","0.0","0.0","0.0",0,0,"0.0",50,217,171,0,0,"0.0","a",0,0,,"false"
"2026-09-17T10:45:59Z",556,"Targett","HUL","-71.3","-71.9","-73.1","-74.2",-3,-16,"1.8",40,3517,11129,1,5,"0.2","a",0,0,,"false"
"2026-09-17T10:45:59Z",563,"Morita","HUL","-53.3","-53.3","-53.3","-53.3",-3,0,"0.0",50,19,334,1,45,"0.2","i",0,0,,"false"
"2026-09-17T10:45:59Z",572,"Tzolakis","HUL","68.0","69.6","72.7","75.8",3,235,"11.1",46,112377,38261,28,360,"7.0","a",0,1,,"false"
"2026-09-17T10:45:59Z",574,"Hjertø-Dahl","HUL","-28.6","-32.1","-38.8","-45.5",-2,-3,"0.1",49,221,554,1,8,"0.2","a",0,-1,,"false"
"2026-09-17T10:45:59Z",576,"Stroud","HUL","-25.3","-24.3","-22.3","-20.4",-2,1,"0.1",50,463,602,7,249,"1.8","a",0,0,,"false"
"2026-09-17T10:45:59Z",585,"Herrington","HUL","-20.8","-20.1","-18.8","-17.5",-2,6,"0.6",40,2534,2494,4,107,"1.0","a",0,0,,"false"
"2026-09-17T10:45:59Z",586,"Mendy","HUL","-30.3","-32.5","-36.8","-41.1",-2,-411,"7.1",41,12755,101417,25,249,"6.2","d",0,1,,"false"
"2026-09-17T10:45:59Z",589,"Gourna-Douath","HUL","-43.3","-50.1","-63.1","-76.2",-3,-2,"0.0",50,114,189,3,126,"0.8","a",0,0,,"false"
"2026-09-17T10:45:59Z",617,"Cho","HUL","0.1","0.1","0.1","0.1",1,0,"0.0",50,289,173,3,45,"1.0","a",0,0,,"false"
"2026-09-17T10:45:59Z",632,"Ansah","HUL","-12.3","-14.5","-18.7","-23.0",-1,-3,"0.0",50,103,1020,0,0,"0.0","i",0,0,,"false"
"2026-09-17T10:45:59Z",637,"Vaz","HUL","0.3","0.4","0.4","0.5",1,7,"0.1",50,4018,1169,1,8,"0.5","a",0,0,,"false"
"2026-09-17T10:45:59Z",638,"Norton-Cuffy","HUL","-0.8","-0.2","0.0","0.1",-1,2,"0.3",40,3908,2729,1,34,"0.5","a",0,0,,"false"
"2026-09-17T10:45:59Z",642,"Thomas","HUL","0.1","0.1","0.1","0.1",1,0,"0.0",55,965,364,2,57,"1.0","a",0,0,,"false"
"2026-09-17T10:45:59Z",645,"Mouzakitis","HUL","0.0","-8.9","-42.3","-75.7",-1,-2,"0.0",50,165,86,0,0,"0.0","a",0,0,,"false"
"2026-09-17T10:45:59Z",259,"Diop","IPS","-34.0","-34.7","-36.1","-37.4",-2,-134,"13.6",40,13632,70266,8,360,"2.0","a",0,0,,"false"
"2026-09-17T10:45:59Z",267,"Lukić","IPS","-79.8","-82.6","-88.0","-93.3",-3,-4,"0.1",50,248,834,9,328,"2.2","a",0,0,,"false"
"2026-09-17T10:45:59Z",300,"Walton","IPS","-7.6","-7.7","-7.9","-8.0",-1,-1,"0.4",44,595,1449,0,0,"0.0","a",0,-1,,"false"
"2026-09-17T10:45:59Z",301,"Palmer","IPS","-17.5","-17.8","-18.4","-18.9",-1,-16,"4.0",40,6256,13484,0,0,"0.0","a",0,0,,"false"
"2026-09-17T10:45:59Z",302,"Button","IPS","1.0","1.1","1.1","1.2",1,4,"0.6",40,1829,1545,0,0,"0.0","a",0,0,,"false"
"2026-09-17T10:45:59Z",303,"Kipré","IPS","7.3","8.0","9.2","10.4",1,92,"0.9",39,28195,5963,0,0,"0.0","a",-1,-1,,"false"
"2026-09-17T10:45:59Z",304,"O'Shea","IPS","-22.7","-23.5","-25.0","-26.5",-2,-32,"2.9",40,4356,12751,8,360,"2.0","a",0,0,,"false"
"2026-09-17T10:45:59Z",305,"Davis","IPS","43.3","45.0","48.4","51.8",3,256,"6.4",40,141244,20919,23,360,"5.8","a",0,0,,"false"
"2026-09-17T10:45:59Z",306,"Greaves","IPS","-61.6","-62.2","-63.5","-64.7",-3,-11,"1.2",40,955,4226,3,357,"0.8","a",0,0,,"false"
"2026-09-17T10:45:59Z",307,"Johnson","IPS","0.0","0.0","0.0","0.0",0,-2,"0.1",40,0,786,0,0,"0.0","u",0,0,,"false"
"2026-09-17T10:45:59Z",308,"Furlong","IPS","-100.1","-101.9","-105.4","-108.9",-5,-12,"0.5",40,259,2057,1,17,"0.2","a",0,0,,"false"
"2026-09-17T10:45:59Z",309,"Núñez","IPS","-7.0","-8.5","-11.4","-14.3",-1,-4,"0.1",49,229,1239,6,140,"1.5","a",-1,-1,,"false"
"2026-09-17T10:45:59Z",310,"Matusiwa","IPS","0.0","0.0","0.0","0.0",0,0,"0.0",49,40,26,0,0,"0.0","a",0,-1,"2026-09-19T14:00:09.742968Z","false"
"2026-09-17T10:45:59Z",311,"Burns","IPS","0.0","0.0","0.0","0.0",0,0,"0.0",50,0,16,0,0,"0.0","u",0,0,,"false"
"2026-09-17T10:45:59Z",312,"Taylor","IPS","-90.9","-90.9","-90.9","-90.9",-3,0,"0.0",45,63,251,0,0,"0.0","i",0,0,,"false"
"2026-09-17T10:45:59Z",313,"Clarke","IPS","-35.7","-37.2","-40.0","-42.9",-2,-4,"0.2",54,344,1866,9,105,"2.2","a",0,-1,,"false"
"2026-09-17T10:45:59Z",314,"Ogbene","IPS","0.0","0.0","0.0","0.0",0,0,"0.0",49,0,109,0,0,"0.0","u",0,-1,,"false"
"2026-09-17T10:45:59Z",315,"Fatawu","IPS","-100.5","-103.3","-108.6","-114.0",-5,-7,"0.2",55,406,1742,9,286,"2.2","a",0,0,,"false"
"2026-09-17T10:45:59Z",316,"Emersonn","IPS","51.8","54.2","59.0","63.7",3,361,"2.8",55,107528,16912,24,237,"6.0","a",0,0,,"false"
"2026-09-17T10:45:59Z",317,"Hirst","IPS","0.0","0.0","0.0","0.0",0,-3,"0.1",50,0,829,0,0,"0.0","u",0,0,,"false"
"2026-09-17T10:45:59Z",318,"Philogene","IPS","0.0","0.0","0.0","0.0",0,0,"0.1",54,70,254,1,28,"0.2","a",0,-1,"2026-09-19T14:00:09.771450Z","false"
"2026-09-17T10:45:59Z",319,"Szmodics","IPS","0.0","0.0","0.0","0.0",0,0,"0.0",50,0,39,0,0,"0.0","u",0,0,,"false"
"2026-09-17T10:45:59Z",320,"Akpom","IPS","23.5","23.5","23.5","23.5",2,1,"1.2",50,15148,14611,6,69,"1.5","a",0,0,,"false"
"2026-09-17T10:45:59Z",321,"Walle Egeli","IPS","38.3","38.4","38.5","38.6",2,8,"3.6",45,41702,30257,1,10,"0.2","a",0,0,,"false"
"2026-09-17T10:45:59Z",322,"Al-Hamadi","IPS","0.0","0.0","0.0","0.0",0,-4,"0.1",50,0,633,0,0,"0.0","u",0,0,,"false"
"2026-09-17T10:45:59Z",323,"McAteer","IPS","-61.8","-63.9","-68.0","-72.2",-3,-34,"1.1",45,1724,9035,3,42,"0.8","a",0,0,,"false"
"2026-09-17T10:45:59Z",324,"Mehmeti","IPS","-83.0","-87.5","-96.2","-104.9",-3,-2,"0.0",49,45,229,0,0,"0.0","a",0,-1,,"false"
"2026-09-17T10:45:59Z",554,"Van Oevelen","IPS","0.0","0.0","0.0","0.0",0,0,"0.0",45,0,168,0,0,"0.0","u",0,0,,"false"
"2026-09-17T10:45:59Z",562,"Maeda","IPS","-58.4","-63.1","-72.2","-81.3",-3,-17,"0.2",54,175,2662,7,243,"1.8","a",0,-1,,"false"
"2026-09-17T10:45:59Z",564,"Scherpen","IPS","-19.7","-20.6","-22.3","-24.0",-2,-7,"0.6",45,1623,2422,7,360,"1.8","a",0,0,,"false"
"2026-09-17T10:45:59Z",571,"Florentino","IPS","-61.1","-60.1","-58.2","-56.2",-3,1,"0.1",49,135,492,1,13,"0.2","a",0,-1,,"false"
"2026-09-17T10:45:59Z",591,"Enciso","IPS","10.2","10.2","10.3","10.3",1,4,"0.9",55,5673,9636,13,340,"3.2","a",0,0,,"false"
"2026-09-17T10:45:59Z",592,"Ouattara","IPS","-18.3","-18.7","-19.5","-20.3",-1,-5,"0.9",40,1915,3545,4,41,"1.0","a",0,0,,"false"
"2026-09-17T10:45:59Z",602,"Humphreys","IPS","0.0","0.0","0.0","0.0",0,0,"0.0",45,0,387,0,0,"0.0","u",0,0,,"false"
"2026-09-17T10:45:59Z",619,"Palacios","IPS","0.7","0.7","0.8","0.9",1,6,"0.1",50,2702,797,9,195,"3.0","a",0,0,,"false"
"2026-09-17T10:45:59Z",640,"Flemming","IPS","0.2","0.2","0.3","0.4",1,7,"0.1",55,2875,785,6,51,"3.0","a",0,0,,"false"
"2026-09-17T10:45:59Z",260,"Wilson","LEE","-98.9","-105.1","-117.1","-129.1",-5,-210,"2.4",63,2605,40751,5,145,"1.2","a",0,-2,,"false"
"2026-09-17T10:45:59Z",326,"Perri","LEE","0.0","0.0","0.0","0.0",0,-12,"0.3",45,0,2362,0,0,"0.0","u",0,0,,"false"
"2026-09-17T10:45:59Z",327,"Bijol","LEE","7.6","7.5","7.2","6.9",1,-23,"0.8",50,2569,9010,12,164,"3.0","a",0,0,,"false"
"2026-09-17T10:45:59Z",329,"Rodon","LEE","-64.3","-67.1","-72.4","-77.7",-3,-108,"1.0",44,45,18387,7,123,"1.8","i",0,-1,,"false"
"2026-09-17T10:45:59Z",330,"Bogle","LEE","101.6","112.7","134.3","155.9",5,1639,"4.1",45,190726,13752,37,299,"9.2","a",0,0,,"false"
"2026-09-17T10:45:59Z",331,"Gudmundsson","LEE","0.5","0.5","0.5","0.6",1,3,"0.1",45,935,356,8,162,"2.0","a",0,0,,"false"
"2026-09-17T10:45:59Z",332,"Justin","LEE","15.9","15.9","15.8","15.6",1,-8,"1.5",45,5380,7945,18,360,"4.5","a",0,0,,"false"
"2026-09-17T10:45:59Z",333,"Bornauw","LEE","0.0","0.0","0.0","0.0",0,0,"0.0",45,0,16,0,0,"0.0","u",0,0,,"false"
"2026-09-17T10:45:59Z",334,"Muharemović","LEE","23.9","24.9","26.7","28.6",2,143,"4.1",50,35082,15934,21,360,"5.2","a",0,0,,"false"
"2026-09-17T10:45:59Z",335,"Stach","LEE","19.6","19.6","19.6","19.5",1,-3,"2.7",60,13399,22046,22,357,"5.5","a",0,0,,"false"
"2026-09-17T10:45:59Z",336,"Okafor","LEE","3.3","3.6","4.3","5.0",1,51,"0.4",58,9713,3106,15,224,"3.8","a",-1,-2,,"false"
"2026-09-17T10:45:59Z",337,"Aaronson","LEE","-56.2","-59.3","-65.5","-71.7",-3,-24,"0.5",54,599,5343,6,172,"1.5","a",0,-1,,"false"
"2026-09-17T10:45:59Z",338,"Ampadu","LEE","-12.5","-12.2","-11.6","-10.9",-1,5,"1.0",54,3305,6678,16,360,"4.0","a",0,-1,,"false"
"2026-09-17T10:45:59Z",339,"Longstaff","LEE","-39.5","-43.8","-52.2","-60.6",-3,-6,"0.1",49,326,955,2,10,"0.5","a",0,-1,,"false"
"2026-09-17T10:45:59Z",341,"Gnonto","LEE","0.0","0.0","0.0","0.0",0,0,"0.0",50,0,134,0,0,"0.0","u",0,0,,"false"
"2026-09-17T10:45:59Z",342,"Harrison","LEE","0.0","0.0","0.0","0.0",0,0,"0.0",50,0,8,0,0,"0.0","u",0,0,,"false"
"2026-09-17T10:45:59Z",343,"James","LEE","-8.3","-8.3","-8.3","-8.3",-1,0,"0.1",49,504,948,2,29,"0.5","a",-1,-1,,"false"
"2026-09-17T10:45:59Z",344,"Gruev","LEE","-51.7","-51.7","-51.7","-51.7",-3,0,"0.0",50,10,31,0,0,"0.0","d",0,0,,"false"
"2026-09-17T10:45:59Z",345,"Tanaka","LEE","2.8","3.0","3.5","4.0",1,36,"0.3",49,5817,2102,12,188,"3.0","a",0,-1,,"false"
"2026-09-17T10:45:59Z",346,"Calvert-Lewin","LEE","-26.1","-18.5","-3.7","24.9",-1,2522,"23.4",60,224586,103275,20,329,"5.0","a",0,0,,"false"
"2026-09-17T10:45:59Z",347,"Nmecha","LEE","0.0","0.1","0.2","0.3",1,9,"0.5",54,4185,4907,6,50,"1.5","a",0,-1,,"false"
"2026-09-17T10:45:59Z",348,"Piroe","LEE","0.0","0.0","0.0","0.0",0,-3,"0.1",50,0,702,0,0,"0.0","u",0,0,,"false"
"2026-09-17T10:45:59Z",349,"Mateo Joseph","LEE","-31.7","-31.7","-31.7","-31.7",-2,0,"0.1",45,454,508,0,0,"0.0","i",0,0,,"false"
"2026-09-17T10:45:59Z",385,"Trafford","LEE","26.4","26.6","26.9","27.3",2,27,"5.4",50,19874,22903,18,360,"4.5","a",0,0,,"false"
"2026-09-17T10:45:59Z",598,"Elvedi","LEE","0.3","0.3","0.3","0.3",1,0,"0.0",45,505,294,7,236,"1.8","a",0,0,,"false"
"2026-09-17T10:45:59Z",603,"Lienou","LEE","0.2","0.2","0.2","0.3",1,2,"0.1",40,885,732,0,0,"0.0","a",0,0,,"false"
"2026-09-17T10:45:59Z",604,"Cresswell","LEE","0.2","0.2","0.2","0.1",1,-4,"0.1",45,1033,1405,0,0,"0.0","a",0,0,,"false"
"2026-09-17T10:45:59Z",625,"Cairns","LEE","0.3","0.3","0.3","0.3",1,0,"0.2",40,2491,1041,0,0,"0.0","a",0,0,,"false"
"2026-09-17T10:45:59Z",629,"Zetterer","LEE","1.4","1.6","2.0","2.4",1,29,"0.7",40,13786,3464,0,0,"0.0","a",0,0,,"false"
"2026-09-17T10:45:59Z",641,"Bard","LEE","0.0","0.0","0.0","0.0",0,0,"0.0",45,263,96,1,18,"0.5","a",0,0,,"false"
"2026-09-17T10:45:59Z",648,"Bahoya","LEE","-3.3","0.0","0.0","0.0",0,1,"0.0",50,276,290,0,0,"0.0","a",0,0,,"false"
"2026-09-17T10:45:59Z",350,"A.Becker","LIV","2.6","2.4","2.1","1.7",1,-27,"3.9",55,15031,15805,19,360,"4.8","a",0,0,,"false"
"2026-09-17T10:45:59Z",351,"Mamardashvili","LIV","-69.8","-69.8","-69.8","-69.8",-3,0,"0.1",49,333,1025,0,0,"0.0","a",0,-1,,"false"
"2026-09-17T10:45:59Z",352,"Woodman","LIV","-20.3","-20.7","-21.4","-22.2",-2,-6,"1.0",40,1870,3252,0,0,"0.0","a",0,0,,"false"
"2026-09-17T10:45:59Z",353,"Pecsi","LIV","0.0","0.0","0.0","0.0",0,0,"0.0",40,0,85,0,0,"0.0","u",0,0,,"false"
"2026-09-17T10:45:59Z",354,"Jaros","LIV","0.0","0.0","0.0","0.0",0,0,"0.0",40,157,90,0,0,"0.0","i",0,0,,"false"
"2026-09-17T10:45:59Z",355,"Davies","LIV","0.1","0.1","0.1","0.0",1,-2,"0.2",40,618,576,0,0,"0.0","a",0,0,,"false"
"2026-09-17T10:45:59Z",356,"Virgil","LIV","-44.2","-44.8","-45.8","-46.8",-3,-123,"16.6",65,26507,57306,17,360,"4.2","a",0,0,,"false"
"2026-09-17T10:45:59Z",357,"Frimpong","LIV","-98.5","-103.1","-111.8","-120.6",-5,-126,"2.0",54,2242,28692,2,178,"0.5","a",0,-1,,"false"
"2026-09-17T10:45:59Z",358,"Kerkez","LIV","-52.3","-55.5","-61.8","-68.0",-3,-110,"2.4",54,1962,29243,7,295,"1.8","a",0,-1,,"false"
"2026-09-17T10:45:59Z",359,"Gomez","LIV","0.0","0.0","0.0","0.0",0,0,"0.0",49,89,91,0,0,"0.0","a",-1,-1,"2026-09-22T14:30:07.295674Z","false"
"2026-09-17T10:45:59Z",360,"Bradley","LIV","-71.1","-74.3","-80.5","-86.7",-3,-1,"0.0",50,42,87,0,0,"0.0","i",0,0,,"false"
"2026-09-17T10:45:59Z",361,"Lucky","LIV","-32.0","-33.4","-36.0","-38.6",-2,-2,"0.1",40,562,836,0,0,"0.0","a",0,0,,"false"
"2026-09-17T10:45:59Z",362,"Jacquet","LIV","37.4","38.1","39.5","40.9",2,105,"3.2",50,53330,12379,18,325,"4.5","a",0,0,,"false"
"2026-09-17T10:45:59Z",363,"Leoni","LIV","-44.0","-44.0","-44.0","-44.0",-3,0,"0.0",40,98,256,0,0,"0.0","i",0,0,,"false"
"2026-09-17T10:45:59Z",364,"Tsimikas","LIV","-20.2","-20.2","-20.2","-20.2",-2,0,"0.1",49,250,481,2,64,"0.5","a",0,-1,,"false"
"2026-09-17T10:45:59Z",365,"Ramsay","LIV","0.0","0.0","0.0","0.0",0,-4,"0.1",40,0,808,0,0,"0.0","u",0,0,,"false"
"2026-09-17T10:45:59Z",366,"Wirtz","LIV","-100.9","-107.3","-119.8","-132.2",-5,-608,"6.7",74,3916,111043,12,332,"3.0","a",0,-1,,"false"
"2026-09-17T10:45:59Z",367,"Gakpo","LIV","1.6","3.8","7.9","12.1",1,316,"12.4",72,104409,118882,29,280,"7.2","a",0,2,,"false"
"2026-09-17T10:45:59Z",368,"Szoboszlai","LIV","-48.7","-50.1","-52.9","-55.6",-3,-711,"35.6",70,56381,330251,18,360,"4.5","a",0,0,,"false"
"2026-09-17T10:45:59Z",369,"Ngumoha","LIV","-79.3","-85.0","-96.1","-107.3",-3,-42,"0.5",58,1310,7496,4,99,"1.0","a",0,-2,,"false"
"2026-09-17T10:45:59Z",370,"Chiesa","LIV","-89.5","-90.1","-91.3","-92.6",-3,-1,"0.0",54,15,500,0,0,"0.0","i",0,-1,,"false"
"2026-09-17T10:45:59Z",371,"Gravenberch","LIV","-79.3","-82.4","-88.3","-94.2",-3,-52,"1.2",59,2805,16486,8,181,"2.0","a",0,-1,,"false"
"2026-09-17T10:45:59Z",372,"Mac Allister","LIV","-23.2","-23.9","-25.3","-26.6",-2,-13,"1.3",54,7618,13994,6,216,"1.5","a",0,-1,,"false"
"2026-09-17T10:45:59Z",373,"C.Jones","LIV","0.0","0.0","0.0","0.0",0,-1,"0.0",55,0,106,0,0,"0.0","u",0,0,,"false"
"2026-09-17T10:45:59Z",374,"Endo","LIV","-25.3","-25.3","-25.3","-25.3",-2,0,"0.1",49,290,648,0,0,"0.0","a",0,-1,,"false"
"2026-09-17T10:45:59Z",375,"Nyoni","LIV","-40.0","-40.0","-40.0","-40.0",-3,0,"0.0",49,136,410,2,19,"0.5","a",0,-1,,"false"
"2026-09-17T10:45:59Z",376,"Bajcetic","LIV","0.0","0.0","0.0","0.0",0,0,"0.0",50,0,6,0,0,"0.0","u",0,0,,"false"
"2026-09-17T10:45:59Z",377,"Munoz","LIV","14.0","13.5","12.3","11.2",1,-87,"1.1",65,4146,21046,14,239,"3.5","a",0,0,,"false"
"2026-09-17T10:45:59Z",378,"McConnell","LIV","0.3","0.3","0.3","0.3",1,-1,"0.2",44,1867,1787,0,0,"0.0","a",-1,-1,,"false"
"2026-09-17T10:45:59Z",379,"Isak","LIV","-4.3","-4.2","-4.1","-4.0",-1,8,"21.9",91,77979,161936,25,333,"6.2","a",0,1,,"false"
"2026-09-17T10:45:59Z",380,"Ekitiké","LIV","-14.2","-15.1","-17.0","-18.8",-1,-4,"0.1",74,294,944,0,0,"0.0","i",0,-1,,"false"
"2026-09-17T10:45:59Z",381,"Koumas","LIV","-82.1","-87.4","-97.7","-108.0",-3,-2,"0.0",50,141,218,2,13,"0.5","a",0,0,,"false"
"2026-09-17T10:45:59Z",382,"Danns","LIV","1.9","2.2","2.7","3.1",1,38,"0.2",45,6189,2156,0,0,"0.0","a",0,0,,"false"
"2026-09-17T10:45:59Z",383,"Elliott","LIV","0.0","0.0","0.0","0.0",0,0,"0.0",54,0,458,0,0,"0.0","u",0,-1,,"false"
"2026-09-17T10:45:59Z",579,"Araujo","LIV","25.5","25.6","25.7","25.9",2,14,"2.9",54,28753,11694,15,194,"3.8","a",0,-1,,"false"
"2026-09-17T10:45:59Z",627,"Barcola","LIV","-18.3","-22.5","-30.6","-38.7",-2,-115,"1.9",80,17828,31648,4,97,"2.0","a",0,0,,"false"
"2026-09-17T10:45:59Z",155,"Enzo","MCI","-32.6","-31.3","-28.8","-26.3",-2,62,"3.4",69,35977,22456,6,181,"1.5","a",0,-1,,"false"
"2026-09-17T10:45:59Z",237,"Ndiaye","MCI","-90.3","-93.8","-100.5","-107.2",-3,-382,"7.8",59,26162,123637,17,311,"4.2","a",0,-1,,"false"
"2026-09-17T10:45:59Z",384,"Donnarumma","MCI","-42.8","-42.1","-40.9","-39.6",-3,71,"7.7",55,32507,29678,17,360,"4.2","a",0,0,,"false"
"2026-09-17T10:45:59Z",386,"Bettinelli","MCI","-69.2","-69.2","-69.2","-69.2",-3,0,"0.0",45,56,141,0,0,"0.0","a",0,0,,"false"
"2026-09-17T10:45:59Z",387,"O'Reilly","MCI","-50.3","-52.6","-57.2","-61.7",-3,-403,"12.2",64,8800,119870,5,158,"1.2","a",0,-1,,"false"
"2026-09-17T10:45:59Z",388,"Guéhi","MCI","59.2","59.9","61.3","62.6",3,102,"18.5",60,58296,50472,26,360,"6.5","a",0,0,,"false"
"2026-09-17T10:45:59Z",389,"Matheus N.","MCI","-32.1","-30.6","-27.8","-25.0",-2,20,"1.0",59,4552,2883,10,123,"2.5","a",0,-1,,"false"
"2026-09-17T10:45:59Z",390,"Rúben","MCI","2.7","3.1","3.9","4.7",1,61,"1.9",55,14374,7573,16,360,"4.0","a",0,0,,"false"
"2026-09-17T10:45:59Z",391,"Gvardiol","MCI","31.1","34.7","41.7","48.7",2,1439,"24.0",57,359863,26619,33,344,"8.2","a",1,2,,"false"
"2026-09-17T10:45:59Z",392,"Aït-Nouri","MCI","-50.6","-52.9","-57.2","-61.6",-3,-14,"0.4",53,942,4469,0,0,"0.0","a",0,-2,,"false"
"2026-09-17T10:45:59Z",393,"Khusanov","MCI","-3.1","-4.3","-6.7","-9.0",-1,-43,"1.5",54,2511,13862,9,268,"2.2","a",-1,-1,,"false"
"2026-09-17T10:45:59Z",394,"Alleyne","MCI","0.0","0.0","0.0","0.0",0,0,"0.0",50,0,25,0,0,"0.0","u",0,0,,"false"
"2026-09-17T10:45:59Z",395,"Lewis","MCI","-25.4","-26.8","-29.5","-32.2",-2,-4,"0.2",44,870,1980,1,56,"0.2","a",0,-1,,"false"
"2026-09-17T10:45:59Z",396,"Vitor Reis","MCI","-66.8","-66.8","-66.8","-66.8",-3,0,"0.0",45,124,196,1,1,"0.2","a",0,0,,"false"
"2026-09-17T10:45:59Z",397,"Semenyo","MCI","-38.6","-40.0","-42.6","-45.3",-3,-293,"15.2",84,22310,112321,16,360,"4.0","a",0,-1,,"false"
"2026-09-17T10:45:59Z",398,"Foden","MCI","-82.4","-87.9","-98.4","-108.9",-3,-592,"2.8",70,1988,121980,9,217,"2.2","s",0,0,,"false"
"2026-09-17T10:45:59Z",399,"Cherki","MCI","-57.3","-58.9","-61.9","-65.0",-3,-231,"28.2",78,95190,198324,26,218,"6.5","a",0,3,,"false"
"2026-09-17T10:45:59Z",400,"Doku","MCI","-73.7","-74.5","-75.9","-77.4",-3,-20,"0.7",74,185,5202,0,0,"0.0","i",0,-1,,"false"
"2026-09-17T10:45:59Z",402,"Rodrigo","MCI","0.0","0.0","0.0","0.0",0,-1,"0.0",65,0,41,0,0,"0.0","u",0,0,,"false"
"2026-09-17T10:45:59Z",404,"Reijnders","MCI","0.0","0.0","0.0","0.0",0,0,"0.0",60,0,174,0,0,"0.0","u",0,0,,"false"
"2026-09-17T10:45:59Z",406,"Kovačić","MCI","-49.5","-53.2","-60.4","-67.5",-3,-4,"0.1",54,186,718,2,42,"0.5","a",0,-1,,"false"
"2026-09-17T10:45:59Z",407,"Echeverri","MCI","0.0","0.0","0.0","0.0",0,0,"0.0",49,0,103,0,0,"0.0","u",0,-1,,"false"
"2026-09-17T10:45:59Z",408,"Phillips","MCI","0.0","0.0","0.0","0.0",0,0,"0.0",50,0,28,0,0,"0.0","u",0,0,,"false"
"2026-09-17T10:45:59Z",409,"Mukasa","MCI","0.0","0.0","0.0","0.0",0,-2,"0.1",45,0,1200,0,0,"0.0","u",0,0,,"false"
"2026-09-17T10:45:59Z",410,"Monga","MCI","0.0","0.0","0.0","0.0",0,0,"0.0",49,0,89,0,0,"0.0","u",0,-1,,"false"
"2026-09-17T10:45:59Z",411,"Haaland","MCI","96.6","99.5","105.0","110.6",4,425,"72.7",155,118651,18460,33,360,"8.2","a",0,0,,"false"
"2026-09-17T10:45:59Z",481,"Anderson","MCI","-15.2","-15.2","-15.3","-15.4",-1,-3,"4.2",63,20645,25678,13,323,"3.2","a",0,-2,,"false"
"2026-09-17T10:45:59Z",587,"Rulli","MCI","-75.1","-75.1","-75.1","-75.1",-3,0,"0.0",50,120,142,0,0,"0.0","a",0,0,,"false"
"2026-09-17T10:45:59Z",616,"Bouaddi","MCI","0.2","0.2","0.1","-2.4",1,-7,"0.2",55,2213,3023,2,22,"0.7","a",0,0,,"false"
"2026-09-17T10:45:59Z",621,"McAidoo","MCI","-23.8","-26.2","-30.7","-35.2",-2,-4,"0.1",45,757,1471,2,11,"0.7","a",0,0,,"false"
"2026-09-17T10:45:59Z",622,"Braithwaite","MCI","-0.8","0.0","0.0","0.1",0,3,"0.2",40,1837,2071,1,1,"0.3","a",0,0,,"false"
"2026-09-17T10:45:59Z",628,"Allan","MCI","0.0","0.0","0.0","0.1",0,1,"0.0",60,209,177,0,0,"0.0","a",0,0,,"false"
"2026-09-17T10:45:59Z",653,"Samba","MCI","0.0","0.0","0.0","0.0",0,0,"0.0",45,458,705,0,0,"0.0","a",0,0,"2026-09-18T19:49:28.106817Z","false"
"2026-09-17T10:45:59Z",43,"Tielemans","MUN","-6.1","-7.1","-9.0","-10.9",-1,-38,"1.6",58,6245,17288,10,312,"2.5","a",-1,-2,,"false"
"2026-09-17T10:45:59Z",131,"Baleba","MUN","-2.9","-3.4","-4.2","-5.1",-1,-4,"0.1",49,472,1281,0,0,"0.0","i",-1,-1,,"false"
"2026-09-17T10:45:59Z",162,"Andrey Santos","MUN","-13.2","-15.0","-18.4","-21.9",-1,-27,"0.6",48,2171,8907,4,82,"1.0","a",-1,-2,,"false"
"2026-09-17T10:45:59Z",325,"Darlow","MUN","-16.3","-18.3","-22.4","-26.4",-1,-1,"0.0",45,121,231,0,0,"0.0","a",0,0,,"false"
"2026-09-17T10:45:59Z",412,"Lammens","MUN","-8.7","-9.6","-11.3","-12.9",-1,-225,"10.6",49,10635,80400,7,360,"1.8","a",-1,-1,,"false"
"2026-09-17T10:45:59Z",413,"Bayindir","MUN","0.0","0.0","0.0","0.0",0,0,"0.0",45,0,76,0,0,"0.0","u",0,0,,"false"
"2026-09-17T10:45:59Z",414,"Heaton","MUN","-28.4","-28.4","-28.4","-28.4",-2,0,"0.1",40,232,315,0,0,"0.0","i",0,0,,"false"
"2026-09-17T10:45:59Z",415,"Dorgu","MUN","-43.0","-43.8","-45.2","-46.7",-3,-6,"0.6",58,2280,6004,6,165,"1.5","a",0,-2,,"false"
"2026-09-17T10:45:59Z",416,"De Ligt","MUN","-80.5","-80.5","-80.5","-80.5",-3,0,"0.0",50,63,161,0,0,"0.0","i",0,0,,"false"
"2026-09-17T10:45:59Z",417,"Dalot","MUN","-36.6","-38.5","-42.3","-46.1",-2,-48,"1.7",49,2831,12540,6,256,"1.5","a",0,-1,,"false"
"2026-09-17T10:45:59Z",418,"Maguire","MUN","-46.0","-48.7","-54.1","-59.4",-3,-386,"9.9",49,10701,86619,8,360,"2.0","a",0,-1,,"false"
"2026-09-17T10:45:59Z",419,"Martinez","MUN","-74.0","-74.3","-74.8","-75.3",-3,-5,"1.3",50,8481,6505,6,270,"1.5","a",0,0,,"false"
"2026-09-17T10:45:59Z",420,"Yoro","MUN","-94.6","-97.3","-102.5","-107.7",-4,-18,"0.5",49,502,3614,2,22,"0.5","a",0,-1,,"false"
"2026-09-17T10:45:59Z",421,"Heaven","MUN","-51.2","-52.8","-55.9","-59.0",-3,-6,"0.3",44,481,2552,1,90,"0.2","a",0,-1,,"false"
"2026-09-17T10:45:59Z",422,"Mazraoui","MUN","-31.8","-33.9","-37.9","-41.9",-2,-16,"0.5",44,2013,5639,3,97,"0.8","a",0,-1,,"false"
"2026-09-17T10:45:59Z",423,"Shaw","MUN","-59.8","-63.7","-71.4","-79.0",-3,-1013,"9.9",44,1851,198838,7,252,"1.8","d",0,-1,,"false"
"2026-09-17T10:45:59Z",424,"Amass","MUN","-31.7","-31.5","-31.2","-30.8",-2,1,"0.2",40,1009,1235,0,0,"0.0","a",0,0,,"false"
"2026-09-17T10:45:59Z",425,"Fredricson","MUN","0.0","0.0","0.0","0.0",0,0,"0.0",40,0,88,0,0,"0.0","u",0,0,,"false"
"2026-09-17T10:45:59Z",426,"B.Fernandes","MUN","-74.9","-76.1","-78.5","-80.8",-3,-699,"41.2",120,48456,199626,29,360,"7.2","a",0,0,,"false"
"2026-09-17T10:45:59Z",427,"Mbeumo","MUN","-32.0","-34.3","-38.9","-43.4",-2,-745,"22.5",79,61171,169123,23,360,"5.8","a",0,-1,,"false"
"2026-09-17T10:45:59Z",428,"Cunha","MUN","-60.9","-63.7","-69.0","-74.4",-3,-235,"6.0",79,8466,56060,16,317,"4.0","a",0,-1,,"false"
"2026-09-17T10:45:59Z",429,"Rashford","MUN","-71.7","-73.9","-78.2","-82.5",-3,-50,"1.6",70,13679,15170,8,275,"2.0","a",0,0,,"false"
"2026-09-17T10:45:59Z",430,"Mount","MUN","0.0","0.0","0.0","0.0",0,0,"0.0",54,259,216,0,0,"0.0","a",0,-1,,"false"
"2026-09-17T10:45:59Z",431,"Amad","MUN","-1.9","-2.5","-3.5","-4.6",-1,-12,"0.3",57,53,3855,0,0,"0.0","i",-1,-3,,"false"
"2026-09-17T10:45:59Z",432,"Mainoo","MUN","14.1","14.3","14.6","15.0",1,28,"1.6",55,25499,9007,18,275,"4.5","a",0,0,,"false"
"2026-09-17T10:45:59Z",433,"Ugarte","MUN","-60.1","-60.1","-60.1","-60.1",-3,0,"0.0",50,14,29,0,0,"0.0","i",0,0,,"false"
"2026-09-17T10:45:59Z",434,"J.Fletcher","MUN","-22.6","-22.6","-22.6","-22.6",-2,0,"0.0",49,43,93,0,0,"0.0","a",0,-1,,"false"
"2026-09-17T10:45:59Z",435,"Lacey","MUN","-22.2","-22.2","-22.2","-22.2",-2,0,"0.1",49,235,423,1,10,"0.2","a",0,-1,,"false"
"2026-09-17T10:45:59Z",436,"Collyer","MUN","0.0","0.0","0.0","0.0",0,-2,"0.0",50,0,104,0,0,"0.0","u",0,0,,"false"
"2026-09-17T10:45:59Z",437,"Bendito Mantato","MUN","-73.2","-75.7","-80.6","-85.4",-3,-6,"0.2",45,491,1262,0,0,"0.0","a",0,0,,"false"
"2026-09-17T10:45:59Z",438,"Fletcher","MUN","0.2","0.2","0.2","0.3",1,4,"0.3",44,1415,2154,0,0,"0.0","a",-1,-1,,"false"
"2026-09-17T10:45:59Z",439,"Šeško","MUN","-17.4","-17.0","-16.1","-15.3",-1,11,"1.8",70,16469,15894,8,76,"2.0","a",0,0,,"false"
"2026-09-17T10:45:59Z",440,"Zirkzee","MUN","-89.3","-91.5","-95.7","-99.8",-3,-13,"0.4",54,1989,4155,1,7,"0.2","a",0,-1,,"false"
"2026-09-17T10:45:59Z",441,"Obi","MUN","0.0","0.0","0.0","0.0",0,-69,"1.1",45,5061,14769,0,0,"0.0","u",0,0,,"false"
"2026-09-17T10:45:59Z",405,"N.Gonzalez","NEW","2.6","2.4","2.0","1.7",1,-28,"0.2",55,1089,3964,5,164,"1.2","d",0,0,,"false"
"2026-09-17T10:45:59Z",442,"Pope","NEW","-22.5","-23.3","-24.9","-26.5",-2,-12,"1.0",49,1284,5248,0,0,"0.0","a",0,-1,,"false"
"2026-09-17T10:45:59Z",443,"Gillespie","NEW","-29.3","-32.5","-38.7","-44.9",-2,-2,"0.0",45,130,151,0,0,"0.0","a",0,0,,"false"
"2026-09-17T10:45:59Z",444,"Jaouen","NEW","-90.6","-90.6","-90.6","-90.6",-3,0,"0.0",45,18,190,0,0,"0.0","d",0,0,,"false"
"2026-09-17T10:45:59Z",445,"Thiaw","NEW","14.2","14.2","14.2","14.2",1,-1,"2.2",50,16018,16659,10,360,"2.5","a",0,0,,"false"
"2026-09-17T10:45:59Z",446,"Schär","NEW","-2.3","-2.6","-3.3","-3.9",-1,-2,"0.2",49,831,1746,1,1,"0.2","a",-1,-1,,"false"
"2026-09-17T10:45:59Z",447,"Botman","NEW","6.7","6.8","6.9","7.0",1,8,"0.7",50,4341,4560,11,360,"2.8","a",0,0,,"false"
"2026-09-17T10:45:59Z",448,"Burn","NEW","-77.6","-78.4","-80.1","-81.8",-3,-28,"0.8",49,144,8356,0,0,"0.0","i",0,-1,,"false"
"2026-09-17T10:45:59Z",449,"Hall","NEW","26.9","28.2","30.7","33.1",2,186,"14.4",52,131647,79011,18,359,"4.5","a",0,2,,"false"
"2026-09-17T10:45:59Z",450,"Livramento","NEW","0.4","0.4","0.5","0.7",1,9,"0.1",49,1953,769,4,33,"1.0","a",0,-1,,"false"
"2026-09-17T10:45:59Z",451,"A.Murphy","NEW","0.0","0.0","0.0","0.0",0,-2,"0.1",40,0,475,0,0,"0.0","u",0,0,,"false"
"2026-09-17T10:45:59Z",453,"Barnes","NEW","81.6","86.7","96.7","106.7",3,759,"3.4",60,99532,24777,19,360,"4.8","a",0,0,,"false"
"2026-09-17T10:45:59Z",454,"Elanga","NEW","-62.3","-70.6","-86.6","-102.6",-3,-2727,"8.4",62,53423,348701,18,232,"4.5","i",0,2,,"false"
"2026-09-17T10:45:59Z",456,"J.Ramsey","NEW","-13.8","-20.9","-34.7","-48.5",-2,-61,"0.3",49,1771,5379,7,69,"1.8","d",0,-1,,"false"
"2026-09-17T10:45:59Z",457,"J.Murphy","NEW","-49.1","-45.0","-36.9","-28.9",-3,8,"0.1",59,1093,1238,2,91,"0.5","a",0,-1,,"false"
"2026-09-17T10:45:59Z",458,"Joelinton","NEW","-42.1","-42.1","-42.1","-42.1",-3,0,"0.0",54,35,136,0,0,"0.0","i",0,-1,,"false"
"2026-09-17T10:45:59Z",459,"L.Miley","NEW","0.4","0.5","0.5","0.5",1,2,"0.1",55,672,909,8,306,"2.0","a",0,0,,"false"
"2026-09-17T10:45:59Z",460,"Willock","NEW","10.5","10.5","10.4","10.3",1,-8,"0.5",50,4254,5614,12,198,"3.0","a",0,0,,"false"
"2026-09-17T10:45:59Z",461,"Touré","NEW","-10.1","-6.5","0.0","0.1",-1,7,"0.1",58,1011,1080,7,34,"1.8","a",0,-2,,"false"
"2026-09-17T10:45:59Z",462,"Steur","NEW","-35.3","-37.2","-41.1","-44.9",-2,-2,"0.1",49,236,691,5,158,"1.2","a",0,-1,,"false"
"2026-09-17T10:45:59Z",463,"Woltemade","NEW","0.0","0.0","0.0","0.0",0,-33,"0.5",59,0,8745,4,19,"1.0","u",0,-1,,"false"
"2026-09-17T10:45:59Z",464,"Wissa","NEW","30.3","34.7","43.3","51.8",2,647,"18.2",62,157007,140903,15,351,"3.8","a",0,2,,"false"
"2026-09-17T10:45:59Z",465,"Osula","NEW","-94.4","-96.2","-99.5","-102.9",-4,-24,"0.3",59,147,4441,4,55,"1.0","i",0,-1,,"false"
"2026-09-17T10:45:59Z",466,"Neave","NEW","0.0","0.0","0.0","0.0",0,-28,"0.6",45,0,6461,0,0,"0.0","u",0,0,,"false"
"2026-09-17T10:45:59Z",559,"Bamba","NEW","-31.0","-32.2","-34.5","-36.8",-2,-2,"0.1",49,256,751,2,24,"0.5","a",0,-1,,"false"
"2026-09-17T10:45:59Z",567,"Horníček","NEW","18.9","19.0","19.4","19.7",1,25,"1.4",50,14469,10093,11,360,"2.8","a",0,0,,"false"
"2026-09-17T10:45:59Z",593,"Dedić","NEW","43.6","43.6","43.6","43.6",3,1,"2.8",45,10377,30912,13,327,"3.2","a",0,0,,"false"
"2026-09-17T10:45:59Z",609,"Shahar","NEW","0.0","0.0","0.0","0.0",0,-13,"0.2",40,0,4533,0,0,"0.0","u",0,0,,"false"
"2026-09-17T10:45:59Z",634,"Fernandez-Pardo","NEW","0.0","0.1","0.1","0.2",1,7,"0.1",60,2088,1585,2,84,"1.0","a",0,0,,"false"
"2026-09-17T10:45:59Z",659,"Miley","NEW","0.0","0.0","0.0","0.0",0,0,"0.0",45,1833,301,0,0,"0.0","a",0,0,"2026-09-27T21:39:41.033165Z","false"
"2026-09-17T10:45:59Z",167,"Delap","NFO","47.2","52.2","61.9","71.7",3,739,"1.7",55,85776,11243,8,187,"2.0","a",0,0,,"false"
"2026-09-17T10:45:59Z",201,"Muñoz","NFO","-66.0","-63.0","-57.3","-51.6",-3,236,"5.7",54,36846,34492,3,175,"0.8","a",0,-1,,"false"
"2026-09-17T10:45:59Z",467,"Sels","NFO","0.8","1.4","2.5","3.7",1,86,"1.6",50,21669,7366,12,360,"3.0","a",0,0,,"false"
"2026-09-17T10:45:59Z",468,"John","NFO","-57.6","-57.6","-57.6","-57.6",-3,0,"0.1",45,131,244,0,0,"0.0","a",0,0,,"false"
"2026-09-17T10:45:59Z",469,"N.Williams","NFO","0.6","2.8","7.0","11.2",1,318,"8.7",50,69389,31016,17,360,"4.2","a",0,0,,"false"
"2026-09-17T10:45:59Z",470,"Morato","NFO","0.0","0.0","0.0","0.0",0,-3,"0.0",50,0,317,0,0,"0.0","u",0,0,,"false"
"2026-09-17T10:45:59Z",471,"Milenković","NFO","-66.1","-70.1","-77.7","-85.3",-3,-199,"1.3",55,218,31497,12,270,"3.0","i",0,0,,"false"
"2026-09-17T10:45:59Z",472,"Murillo","NFO","10.8","11.7","13.4","15.2",1,133,"2.0",55,32593,6498,19,359,"4.8","a",0,0,,"false"
"2026-09-17T10:45:59Z",473,"Aina","NFO","-83.9","-83.1","-81.6","-80.1",-3,29,"2.6",45,11705,16044,8,306,"2.0","a",0,0,,"false"
"2026-09-17T10:45:59Z",474,"Jair Cunha","NFO","-43.9","-48.3","-56.9","-65.5",-3,-23,"0.2",45,146,3303,10,270,"2.5","d",0,0,,"false"
"2026-09-17T10:45:59Z",475,"Savona","NFO","-9.8","-9.8","-9.8","-9.8",-1,0,"0.0",45,12,21,0,0,"0.0","i",0,0,,"false"
"2026-09-17T10:45:59Z",476,"O.Richards","NFO","-48.1","-48.5","-49.2","-50.0",-3,-1,"0.2",40,725,1111,0,0,"0.0","a",0,0,,"false"
"2026-09-17T10:45:59Z",477,"Abbott","NFO","0.0","0.0","0.0","0.0",0,-6,"0.2",40,0,1577,0,0,"0.0","u",0,0,,"false"
"2026-09-17T10:45:59Z",478,"Netz","NFO","-1.2","-4.4","-10.7","-16.9",-1,-2,"0.0",44,160,253,2,20,"0.5","a",-1,-1,,"false"
"2026-09-17T10:45:59Z",479,"Bindon","NFO","0.0","0.0","0.0","0.0",0,-6,"0.1",40,0,932,0,0,"0.0","u",0,0,,"false"
"2026-09-17T10:45:59Z",480,"Gibbs-White","NFO","11.3","16.9","27.7","38.6",1,2227,"13.2",80,370069,24432,26,360,"6.5","a",1,0,,"false"
"2026-09-17T10:45:59Z",482,"Hudson-Odoi","NFO","-4.8","-4.4","-3.7","-2.9",-1,2,"0.2",58,1254,1809,1,1,"0.2","a",-1,-2,,"false"
"2026-09-17T10:45:59Z",483,"Ndoye","NFO","9.9","10.4","11.2","12.1",1,64,"0.7",55,13752,7531,14,258,"3.5","a",0,0,,"false"
"2026-09-17T10:45:59Z",484,"Hutchinson","NFO","0.0","0.0","0.0","0.0",0,-2,"0.1",54,0,776,0,0,"0.0","u",0,-1,,"false"
"2026-09-17T10:45:59Z",485,"Bakwa","NFO","0.0","0.0","0.0","0.0",0,0,"0.0",55,0,44,0,0,"0.0","u",0,0,,"false"
"2026-09-17T10:45:59Z",486,"McAtee","NFO","1.8","1.8","1.9","2.0",1,8,"0.1",55,2149,1044,10,334,"2.5","a",0,0,,"false"
"2026-09-17T10:45:59Z",487,"Dominguez","NFO","-29.9","-32.7","-38.1","-43.4",-2,-2,"0.1",49,176,497,1,1,"0.2","a",0,-1,,"false"
"2026-09-17T10:45:59Z",488,"I.Sangaré","NFO","-34.4","-37.6","-43.9","-50.1",-2,-22,"0.5",49,1079,3479,3,98,"0.8","a",0,-1,,"false"
"2026-09-17T10:45:59Z",489,"Yates","NFO","-40.7","-42.8","-46.9","-50.9",-3,-38,"1.3",45,2353,10845,0,0,"0.0","a",0,0,,"false"
"2026-09-17T10:45:59Z",490,"Wood","NFO","-15.0","-15.6","-16.7","-17.8",-1,-13,"1.0",58,3307,10571,3,45,"0.8","a",-1,-2,,"false"
"2026-09-17T10:45:59Z",491,"Igor Jesus","NFO","10.0","11.4","14.2","17.0",1,213,"2.6",58,37079,19125,11,226,"2.8","a",-1,-2,,"false"
"2026-09-17T10:45:59Z",493,"Kalimuendo","NFO","0.2","0.2","0.1","0.1",1,-2,"0.1",54,364,583,1,1,"0.2","a",0,-1,,"false"
"2026-09-17T10:45:59Z",558,"Schlager","NFO","0.2","0.2","0.3","0.4",1,7,"0.1",50,1854,812,11,286,"2.8","a",0,0,,"false"
"2026-09-17T10:45:59Z",581,"Diomande","NFO","-47.4","-47.2","-46.8","-46.4",-3,2,"0.5",54,2580,2374,5,91,"1.2","a",0,-1,,"false"
"2026-09-17T10:45:59Z",590,"Benda","NFO","0.1","0.1","0.1","0.1",1,0,"0.1",45,305,400,0,0,"0.0","a",0,0,,"false"
"2026-09-17T10:45:59Z",112,"Van Hecke","TOT","-20.1","-20.1","-20.0","-20.0",-2,1,"6.7",49,26385,26576,18,360,"4.5","a",0,-1,,"false"
"2026-09-17T10:45:59Z",147,"Tosin","TOT","-14.8","-15.9","-18.0","-20.0",-1,-2,"0.2",44,295,668,1,5,"0.2","a",0,-1,,"false"
"2026-09-17T10:45:59Z",401,"Marmoush","TOT","34.2","34.9","36.2","37.6",2,102,"2.1",70,15001,32401,6,249,"1.5","a",0,0,,"false"
"2026-09-17T10:45:59Z",403,"Sávio","TOT","10.6","10.7","10.9","11.1",1,16,"0.7",65,7243,8580,6,150,"1.5","a",0,0,,"false"
"2026-09-17T10:45:59Z",455,"Tonali","TOT","-84.3","-88.8","-97.5","-106.3",-3,-253,"2.1",54,3084,39217,12,344,"3.0","d",0,-1,,"false"
"2026-09-17T10:45:59Z",494,"Vicario","TOT","0.0","0.0","0.0","0.0",0,-4,"0.1",45,0,1320,0,0,"0.0","u",0,0,,"false"
"2026-09-17T10:45:59Z",495,"Austin","TOT","1.9","2.0","2.1","2.3",1,10,"1.0",40,4331,3257,0,0,"0.0","a",0,0,,"false"
"2026-09-17T10:45:59Z",496,"Kinsky","TOT","-36.1","-36.0","-35.7","-35.4",-2,41,"18.3",45,60202,58262,16,360,"4.0","a",0,0,,"false"
"2026-09-17T10:45:59Z",497,"Dubravka","TOT","-16.4","-16.7","-17.2","-17.8",-1,-71,"17.6",40,37119,55926,0,0,"0.0","a",0,0,,"false"
"2026-09-17T10:45:59Z",498,"Senesi","TOT","-27.2","-28.9","-32.3","-35.6",-2,-165,"3.9",58,1850,50459,3,90,"0.8","a",-1,-2,,"false"
"2026-09-17T10:45:59Z",499,"Pedro Porro","TOT","-95.4","-99.1","-106.1","-113.1",-4,-836,"8.8",55,1416,180072,8,180,"2.0","d",0,0,,"false"
"2026-09-17T10:45:59Z",500,"Romero","TOT","0.0","0.0","0.0","0.0",0,-2,"0.1",50,0,491,0,0,"0.0","u",0,0,,"false"
"2026-09-17T10:45:59Z",502,"Robertson","TOT","1.2","1.4","1.9","2.4",1,37,"2.6",44,13340,13537,13,276,"3.2","a",0,-1,,"false"
"2026-09-17T10:45:59Z",503,"Van de Ven","TOT","-7.6","-7.1","-6.2","-5.2",-1,27,"3.9",50,21424,13770,15,270,"3.8","a",0,0,,"false"
"2026-09-17T10:45:59Z",505,"Spence","TOT","0.0","0.0","0.0","0.0",0,-4,"0.2",45,0,2053,0,0,"0.0","u",0,0,,"false"
"2026-09-17T10:45:59Z",506,"Udogie","TOT","-2.9","-2.8","-2.5","-2.3",-1,1,"0.4",44,439,4070,7,86,"1.8","a",-1,-1,,"false"
"2026-09-17T10:45:59Z",507,"Phillips","TOT","0.0","0.0","0.0","0.0",0,0,"0.0",45,0,81,0,0,"0.0","u",0,0,,"false"
"2026-09-17T10:45:59Z",508,"Davies","TOT","-93.4","-94.2","-95.8","-97.3",-3,-10,"0.8",40,1442,5126,0,0,"0.0","a",0,0,,"false"
"2026-09-17T10:45:59Z",509,"Byfield","TOT","0.0","0.0","0.1","0.1",0,2,"0.1",40,403,399,0,0,"0.0","a",0,0,,"false"
"2026-09-17T10:45:59Z",510,"Rowswell","TOT","-6.6","-6.6","-6.6","-6.6",-1,0,"0.1",40,463,509,0,0,"0.0","a",0,0,,"false"
"2026-09-17T10:45:59Z",511,"Souza","TOT","0.0","0.0","0.0","0.0",0,-4,"0.2",40,0,1670,0,0,"0.0","u",0,0,,"false"
"2026-09-17T10:45:59Z",512,"Kudus","TOT","1.2","1.3","1.3","1.4",1,4,"0.1",65,1578,1973,3,78,"0.8","a",0,0,,"false"
"2026-09-17T10:45:59Z",513,"Xavi","TOT","-9.8","-17.0","-31.0","-45.0",-1,-3,"0.0",59,41,104,0,0,"0.0","i",0,-1,,"false"
"2026-09-17T10:45:59Z",514,"Tel","TOT","-85.7","-87.0","-89.5","-92.1",-3,-4,"0.2",58,536,3761,8,257,"2.0","a",0,-2,,"false"
"2026-09-17T10:45:59Z",515,"Maddison","TOT","-37.0","-37.0","-37.0","-37.0",-2,0,"0.4",63,1040,3100,2,35,"0.5","a",0,-2,,"false"
"2026-09-17T10:45:59Z",516,"Bentancur","TOT","-71.4","-68.2","-61.8","-55.5",-3,8,"0.2",55,1160,1071,11,287,"2.8","a",0,0,,"false"
"2026-09-17T10:45:59Z",517,"Odobert","TOT","0.0","0.0","0.0","0.0",0,0,"0.0",55,16,13,0,0,"0.0","i",0,0,,"false"
"2026-09-17T10:45:59Z",518,"P.M.Sarr","TOT","0.0","0.0","0.0","0.0",0,-3,"0.1",49,0,1578,0,0,"0.0","u",0,-1,,"false"
"2026-09-17T10:45:59Z",519,"Gallagher","TOT","-99.2","-100.8","-103.7","-106.7",-5,-4,"0.2",54,370,1807,3,128,"0.8","a",0,-1,,"false"
"2026-09-17T10:45:59Z",520,"Bergvall","TOT","-72.9","-74.6","-77.9","-81.1",-3,-4,"0.1",54,226,873,2,72,"0.5","a",0,-1,,"false"
"2026-09-17T10:45:59Z",521,"Kulusevski","TOT","-78.2","-78.2","-78.2","-78.2",-3,0,"0.0",65,48,68,0,0,"0.0","i",0,0,,"false"
"2026-09-17T10:45:59Z",522,"Gray","TOT","-1.7","-2.6","-4.3","-6.1",-1,-4,"0.2",49,1167,1559,7,236,"1.8","a",-1,-1,,"false"
"2026-09-17T10:45:59Z",523,"Moore","TOT","0.0","0.0","0.0","0.0",0,-9,"0.1",50,0,1304,3,89,"0.8","u",0,0,,"false"
"2026-09-17T10:45:59Z",524,"Olusesi","TOT","7.4","7.5","7.7","7.9",1,13,"1.0",44,27553,10512,0,0,"0.0","a",0,-1,,"false"
"2026-09-17T10:45:59Z",525,"Fernandes","TOT","-56.6","-58.4","-61.8","-65.3",-3,-21,"0.9",58,1378,9387,6,204,"1.5","a",0,-2,,"false"
"2026-09-17T10:45:59Z",526,"Solanke","TOT","-5.0","-5.5","-6.3","-7.1",-1,-9,"0.9",58,3357,8777,5,105,"1.2","a",-1,-2,,"false"
"2026-09-17T10:45:59Z",527,"Richarlison","TOT","0.0","0.0","0.0","0.0",0,-54,"0.8",59,0,14522,2,67,"0.5","u",0,-1,,"false"
"2026-09-17T10:45:59Z",528,"Scarlett","TOT","0.0","0.0","0.0","0.0",0,-54,"1.2",45,0,13011,0,0,"0.0","u",0,0,,"false"
"2026-09-17T10:45:59Z",578,"Mudryk","TOT","-70.8","-73.0","-77.2","-81.5",-3,-4,"0.0",54,28,1707,1,16,"0.2","i",0,-1,,"false"
"2026-09-17T10:45:59Z",601,"Williams-Barnett","TOT","-14.5","-17.3","-22.8","-28.2",-1,-5,"0.1",45,503,1240,0,0,"0.0","a",0,0,,"false"
"2026-09-17T10:45:59Z",501,"Danso","SUN","-87.8","-86.0","-82.5","-79.0",-3,4,"0.2",50,1107,1092,3,180,"0.8","a",0,0,,"false"
"2026-09-17T10:45:59Z",529,"Roefs","SUN","-7.0","-7.8","-9.4","-11.0",-1,-53,"2.6",49,1691,24003,11,360,"2.8","a",-1,-1,,"false"
"2026-09-17T10:45:59Z",530,"Patterson","SUN","0.0","0.0","0.0","0.0",0,0,"0.1",40,0,586,0,0,"0.0","u",0,0,,"false"
"2026-09-17T10:45:59Z",531,"Ellborg","SUN","-82.1","-82.1","-82.1","-82.1",-3,0,"0.1",45,121,377,0,0,"0.0","a",0,0,,"false"
"2026-09-17T10:45:59Z",532,"Ballard","SUN","-42.5","-44.8","-49.3","-53.8",-3,-92,"2.8",49,4836,30379,12,360,"3.0","a",0,-1,,"false"
"2026-09-17T10:45:59Z",533,"Mukiele","SUN","-9.1","-10.2","-12.1","-14.1",-1,-50,"2.0",54,3997,18795,13,270,"3.2","a",-1,-1,,"false"
"2026-09-17T10:45:59Z",534,"Hume","SUN","-59.9","-64.1","-72.2","-80.3",-3,-200,"3.4",44,1329,53361,9,195,"2.2","a",0,-1,,"false"
"2026-09-17T10:45:59Z",535,"Alderete","SUN","-68.8","-71.4","-76.4","-81.3",-3,-9,"0.3",49,203,2745,1,23,"0.2","a",0,-1,,"false"
"2026-09-17T10:45:59Z",536,"Reinildo","SUN","-67.2","-69.6","-74.2","-78.9",-3,-28,"0.3",45,118,6254,7,360,"1.8","s",0,0,,"false"
"2026-09-17T10:45:59Z",537,"Seelt","SUN","0.0","0.0","0.0","0.0",0,0,"0.0",45,0,33,0,0,"0.0","u",0,0,,"false"
"2026-09-17T10:45:59Z",538,"Hjelde","SUN","0.0","0.0","0.0","0.0",0,0,"0.0",40,0,213,0,0,"0.0","u",0,0,,"false"
"2026-09-17T10:45:59Z",539,"O'Nien","SUN","-94.2","-95.5","-98.0","-100.5",-4,-46,"2.5",40,1593,15297,1,66,"0.2","a",0,0,,"false"
"2026-09-17T10:45:59Z",540,"Masuaku","SUN","0.0","0.0","0.0","0.0",0,-8,"0.1",40,0,980,0,0,"0.0","u",0,0,,"false"
"2026-09-17T10:45:59Z",541,"Meunier","SUN","-31.2","-31.8","-33.0","-34.2",-2,-2,"0.3",45,693,1389,11,318,"2.8","a",0,0,,"false"
"2026-09-17T10:45:59Z",542,"E.Le Fée","SUN","-61.9","-66.2","-74.6","-83.0",-3,-235,"3.8",58,3782,58672,13,348,"3.2","a",0,-2,,"false"
"2026-09-17T10:45:59Z",543,"Diarra","SUN","-53.0","-53.0","-53.0","-53.0",-3,0,"0.0",54,8,463,5,28,"1.2","i",0,-1,,"false"
"2026-09-17T10:45:59Z",544,"Xhaka","SUN","-26.1","-28.5","-33.2","-38.0",-2,-135,"3.9",55,9945,38877,19,360,"4.8","a",0,0,,"false"
"2026-09-17T10:45:59Z",545,"Sadiki","SUN","-29.7","-31.7","-35.5","-39.3",-2,-7,"0.2",49,865,2372,8,343,"2.0","a",0,-1,,"false"
"2026-09-17T10:45:59Z",546,"Adingra","SUN","0.0","0.0","0.0","0.0",0,0,"0.0",49,0,469,0,0,"0.0","u",0,-1,,"false"
"2026-09-17T10:45:59Z",547,"Mundle","SUN","-35.7","-35.7","-35.7","-35.7",-2,0,"0.0",49,13,97,1,1,"0.2","i",0,-1,,"false"
"2026-09-17T10:45:59Z",548,"Rigg","SUN","-32.3","-38.2","-49.7","-61.2",-2,-4,"0.0",49,42,332,2,17,"0.5","a",0,-1,,"false"
"2026-09-17T10:45:59Z",549,"Talbi","SUN","-7.9","-9.2","-11.5","-13.9",-1,-4,"0.1",53,241,1144,1,31,"0.2","a",-1,-2,,"false"
"2026-09-17T10:45:59Z",550,"Jocelin.T","SUN","-59.4","-34.0","0.0","0.0",-2,2,"0.0",50,45,53,0,0,"0.0","a",0,0,,"false"
"2026-09-17T10:45:59Z",551,"N.Angulo","SUN","1.5","1.4","1.4","1.3",1,-6,"0.1",50,556,1455,12,254,"3.0","a",0,0,,"false"
"2026-09-17T10:45:59Z",552,"Brobbey","SUN","-68.1","-73.2","-83.0","-92.8",-3,-424,"5.9",58,8395,95316,7,309,"1.8","a",0,-2,,"false"
"2026-09-17T10:45:59Z",553,"Isidor","SUN","9.8","9.5","8.8","8.1",1,-51,"1.4",55,4815,16884,14,95,"3.5","a",0,0,,"false"
"2026-09-17T10:45:59Z",612,"Methalie","SUN","-7.2","-7.2","-7.2","-7.2",-1,0,"0.0",45,97,69,0,0,"0.0","a",0,0,,"false"
"2026-09-17T10:45:59Z",613,"Ahoka","SUN","-9.8","-11.2","-14.0","-16.7",-1,-5,"0.2",45,1712,2670,0,0,"0.0","a",0,0,,"false"
"2026-09-17T10:45:59Z",646,"Fofana","SUN","-3.4","-3.4","-3.4","-3.4",-1,0,"0.0",55,369,456,2,30,"1.0","a",0,0,,"false"
"2026-09-17T10:45:59Z",651,"J.Angulo","SUN","1.5","1.9","2.5","3.2",1,50,"0.7",45,22715,7634,0,0,"0.0","a",0,0,,"false"
"2026-09-17T12:34:19Z",1,"Raya","ARS","75.0","77.6","83.6","89.5",3,448,"40.9",60,199664,39782,29,360,"7.2","a",0,0,,"false"
"2026-09-17T12:34:19Z",2,"Arrizabalaga","ARS","-28.7","-30.5","-34.4","-38.3",-2,-2,"0.1",49,134,434,0,0,"0.0","a",0,-1,,"false"
"2026-09-17T12:34:19Z",3,"Meslier","ARS","-19.9","-19.9","-19.9","-19.9",-1,0,"0.0",49,59,157,0,0,"0.0","a",0,-1,,"false"
"2026-09-17T12:34:19Z",4,"Gabriel","ARS","-70.7","-70.9","-71.3","-71.7",-3,-74,"23.3",80,33378,76673,24,360,"6.0","a",0,0,,"false"
"2026-09-17T12:34:19Z",5,"J.Timber","ARS","4.7","5.2","6.4","7.6",1,88,"0.2",65,13867,2470,1,45,"0.2","a",0,0,,"false"
"2026-09-17T12:34:19Z",6,"Saliba","ARS","-13.2","-13.7","-14.6","-15.6",-1,-4,"0.2",59,340,1652,0,0,"0.0","i",0,-1,,"false"
"2026-09-17T12:34:19Z",7,"Lewis-Skelly","ARS","-73.2","-74.4","-77.2","-79.9",-3,-12,"0.6",55,2445,7968,9,271,"2.2","a",0,0,,"false"
"2026-09-17T12:34:19Z",8,"Calafiori","ARS","65.9","68.6","74.6","80.6",3,455,"50.2",58,189599,50603,28,326,"7.0","a",0,3,,"false"
"2026-09-17T12:34:19Z",9,"Hincapie","ARS","-69.3","-71.1","-75.2","-79.2",-3,-28,"0.9",53,2019,12271,2,32,"0.5","a",0,-2,,"false"
"2026-09-17T12:34:19Z",10,"White","ARS","22.1","14.2","-3.2","-19.3",1,-1342,"6.2",55,17668,155647,21,315,"5.2","d",0,0,,"false"
"2026-09-17T12:34:19Z",11,"Mosquera","ARS","-7.6","-10.8","-18.0","-25.1",-1,-310,"1.9",53,141,61739,12,168,"3.0","d",-1,-2,,"false"
"2026-09-17T12:34:19Z",12,"Saka","ARS","52.2","54.8","60.6","66.4",3,441,"12.5",95,130178,41400,30,336,"7.5","a",0,0,,"false"
"2026-09-17T12:34:19Z",13,"Rice","ARS","-18.8","-19.4","-20.9","-22.3",-1,-132,"12.6",74,20628,57550,19,321,"4.8","a",0,-1,,"false"
"2026-09-17T12:34:19Z",14,"Eze","ARS","-53.9","-56.4","-61.9","-67.4",-3,-43,"1.1",63,2344,13499,3,68,"0.8","a",0,-2,,"false"
"2026-09-17T12:34:19Z",15,"Ødegaard","ARS","93.9","97.5","105.7","113.9",4,621,"19.6",67,225452,84021,27,305,"6.8","a",0,2,,"false"
"2026-09-17T12:34:19Z",16,"Madueke","ARS","-3.2","-4.0","-5.7","-7.4",-1,-5,"0.2",62,840,2819,2,23,"0.5","a",-1,-3,,"false"
"2026-09-17T12:34:19Z",17,"Merino","ARS","-48.6","-50.2","-54.0","-57.7",-3,-11,"0.4",58,1036,5063,3,51,"0.8","a",0,-2,,"false"
"2026-09-17T12:34:19Z",18,"Martinelli","ARS","0.0","0.0","0.0","0.0",0,-6,"0.1",63,0,1216,0,0,"0.0","u",0,-2,,"false"
"2026-09-17T12:34:19Z",19,"Zubimendi","ARS","-19.9","-21.7","-25.7","-29.7",-2,-31,"0.6",53,1160,6841,4,59,"1.0","a",-1,-2,,"false"
"2026-09-17T12:34:19Z",20,"Dowman","ARS","-17.5","-18.1","-19.5","-20.8",-1,-1,"0.1",53,683,843,0,0,"0.0","a",0,-2,,"false"
"2026-09-17T12:34:19Z",22,"Nwaneri","ARS","0.0","0.0","0.0","0.0",0,0,"0.0",54,0,90,0,0,"0.0","u",0,-1,,"false"
"2026-09-17T12:34:19Z",23,"Fábio Vieira","ARS","0.0","0.0","0.0","0.0",0,-1,"0.0",55,0,70,0,0,"0.0","u",0,0,,"false"
"2026-09-17T12:34:19Z",24,"Nelson","ARS","0.0","0.0","0.0","0.0",0,-1,"0.0",55,0,48,0,0,"0.0","u",0,0,,"false"
"2026-09-17T12:34:19Z",25,"Gyökeres","ARS","-69.9","-72.5","-78.3","-84.1",-3,-139,"3.3",72,3022,40796,1,12,"0.2","a",0,-3,,"false"
"2026-09-17T12:34:19Z",26,"Havertz","ARS","-1.5","0.9","3.8","6.8",1,605,"8.0",76,67779,70290,17,347,"4.2","a",1,1,,"false"
"2026-09-17T12:34:19Z",27,"G.Jesus","ARS","0.0","0.0","0.0","0.0",0,-11,"0.2",59,0,1862,0,0,"0.0","u",0,-1,,"false"
"2026-09-17T12:34:19Z",31,"Konsa","ARS","81.5","85.7","95.1","104.5",3,713,"18.3",45,225939,40842,11,191,"2.8","a",0,0,,"false"
"2026-09-17T12:34:19Z",452,"Bruno G.","ARS","3.2","3.5","4.1","4.7",1,47,"1.8",67,12381,6959,8,64,"2.0","a",-1,-3,,"false"
"2026-09-17T12:34:19Z",557,"Tzolis","ARS","-48.1","-51.1","-57.8","-64.6",-3,-703,"14.3",64,26224,184018,14,290,"3.5","a",0,-1,,"false"
"2026-09-17T12:34:19Z",29,"M.Bizot","AVL","-15.7","-16.7","-19.1","-21.4",-1,-4,"0.1",45,369,922,1,90,"0.2","d",0,0,,"false"
"2026-09-17T12:34:19Z",30,"Digne","AVL","0.0","0.0","0.0","0.0",0,0,"0.1",45,0,337,0,0,"0.0","u",0,0,,"false"
"2026-09-17T12:34:19Z",32,"Cash","AVL","-4.6","-5.3","-6.9","-8.5",-1,-103,"5.2",44,1324,91297,7,251,"1.8","a",-1,-1,,"false"
"2026-09-17T12:34:19Z",33,"Mings","AVL","0.5","0.4","0.4","0.3",1,-5,"0.4",45,2176,3502,7,171,"1.8","a",0,0,,"false"
"2026-09-17T12:34:19Z",34,"Pau","AVL","-62.5","-65.1","-70.9","-76.7",-3,-28,"0.4",45,216,5887,3,187,"0.8","d",0,0,,"false"
"2026-09-17T12:34:19Z",35,"Bogarde","AVL","-71.0","-74.8","-83.4","-91.9",-3,-4,"0.1",50,385,722,1,16,"0.2","a",0,0,,"false"
"2026-09-17T12:34:19Z",36,"Maatsen","AVL","-43.1","-51.0","-68.7","-86.4",-3,-158,"0.7",45,521,19033,9,335,"2.2","d",0,0,,"false"
"2026-09-17T12:34:19Z",37,"Lindelöf","AVL","1.0","0.9","0.9","0.9",1,-3,"0.3",45,2178,2368,7,360,"1.8","a",0,0,,"false"
"2026-09-17T12:34:19Z",38,"A.García","AVL","-16.8","-17.5","-19.2","-20.8",-1,-19,"1.6",40,5536,10096,0,0,"0.0","a",0,0,,"false"
"2026-09-17T12:34:19Z",39,"Nedeljkovic","AVL","0.0","0.0","0.0","0.0",0,-4,"0.1",40,0,894,0,0,"0.0","u",0,0,,"false"
"2026-09-17T12:34:19Z",41,"Buendía","AVL","-46.2","-48.9","-55.0","-61.1",-3,-42,"0.9",59,3673,14322,9,311,"2.2","a",0,-1,,"false"
"2026-09-17T12:34:19Z",44,"Bailey","AVL","0.0","0.0","0.0","0.0",0,-4,"0.1",54,0,1242,0,0,"0.0","u",0,-1,,"false"
"2026-09-17T12:34:19Z",45,"McGinn","AVL","-14.9","-15.3","-16.0","-16.7",-1,-12,"2.3",54,12014,15156,11,351,"2.8","a",0,-1,,"false"
"2026-09-17T12:34:19Z",46,"Barkley","AVL","1.1","1.0","0.9","0.8",1,-9,"0.3",50,1656,2679,9,302,"2.2","a",0,0,,"false"
"2026-09-17T12:34:19Z",47,"Kamara","AVL","-57.2","-58.4","-61.0","-63.7",-3,-6,"0.3",50,1457,3330,9,360,"2.2","a",0,0,,"false"
"2026-09-17T12:34:19Z",48,"Onana","AVL","-6.2","-6.2","-6.2","-6.2",-1,0,"0.0",49,44,163,0,0,"0.0","i",-1,-1,,"false"
"2026-09-17T12:34:19Z",49,"Iling Jr","AVL","0.0","0.0","0.0","0.0",0,0,"0.0",50,0,18,0,0,"0.0","u",0,0,,"false"
"2026-09-17T12:34:19Z",50,"Burrowes","AVL","-37.8","-39.8","-44.2","-48.7",-2,-20,"0.6",45,1560,5193,0,0,"0.0","a",0,0,,"false"
"2026-09-17T12:34:19Z",51,"George Hemmings","AVL","15.3","15.3","15.2","15.1",1,-8,"1.3",45,10217,11257,8,279,"2.0","a",0,0,,"false"
"2026-09-17T12:34:19Z",52,"Alysson","AVL","0.2","0.2","0.3","0.4",1,6,"0.1",50,1160,413,8,87,"2.0","a",0,0,,"false"
"2026-09-17T12:34:19Z",53,"Manzambi","AVL","0.0","0.0","0.0","0.0",0,0,"0.1",59,1350,747,1,27,"0.2","a",0,-1,"2026-09-19T16:00:07.823042Z","false"
"2026-09-17T12:34:19Z",54,"Gomes","AVL","0.0","0.0","0.0","0.0",0,0,"0.0",55,377,210,-2,39,"-0.5","d",0,0,"2026-09-20T16:30:08.780195Z","false"
"2026-09-17T12:34:19Z",55,"Watkins","AVL","0.0","0.0","0.0","0.0",0,-127,"2.7",78,0,26170,0,0,"0.0","u",0,-2,,"false"
"2026-09-17T12:34:19Z",56,"Abraham","AVL","2.4","2.6","3.0","3.4",1,29,"0.2",55,2061,1950,3,69,"0.8","a",0,0,,"false"
"2026-09-17T12:34:19Z",160,"Garnacho","AVL","-30.0","-31.7","-35.3","-38.9",-2,-15,"0.3",58,638,5297,3,31,"0.8","a",-1,-2,,"false"
"2026-09-17T12:34:19Z",166,"N.Jackson","AVL","34.6","34.4","33.9","33.3",2,-40,"1.2",65,10084,23220,4,199,"1.0","a",0,0,,"false"
"2026-09-17T12:34:19Z",582,"Madjo","AVL","-9.4","-10.1","-11.6","-13.1",-1,-12,"0.2",54,202,3025,0,0,"0.0","i",-1,-1,,"false"
"2026-09-17T12:34:19Z",596,"Ruggeri","AVL","-86.0","-85.7","-84.8","-84.0",-3,1,"0.1",45,397,840,2,23,"0.5","a",0,0,,"false"
"2026-09-17T12:34:19Z",597,"Suzuki","AVL","24.1","24.1","24.2","24.4",2,10,"1.8",50,11049,12242,14,270,"3.5","a",0,0,,"false"
"2026-09-17T12:34:19Z",606,"Rowe","AVL","0.4","0.3","0.3","0.3",1,-2,"0.2",40,1375,1233,0,0,"0.0","a",0,0,,"false"
"2026-09-17T12:34:19Z",607,"Lynch","AVL","0.0","0.0","0.0","0.0",0,0,"0.1",45,0,1095,0,0,"0.0","u",0,0,,"false"
"2026-09-17T12:34:19Z",611,"Wan-Bissaka","AVL","1.6","1.6","1.5","1.5",1,-2,"0.2",45,3303,1525,5,107,"1.7","a",0,0,,"false"
"2026-09-17T12:34:19Z",618,"Goretzka","AVL","-4.8","-4.8","-4.8","-4.8",-1,0,"0.0",59,35,1144,0,0,"0.0","i",-1,-1,,"false"
"2026-09-17T12:34:19Z",630,"Harwood-Bellis","AVL","-1.1","-9.0","-26.9","-44.8",-1,-2,"0.0",45,232,265,0,0,"0.0","a",0,0,,"false"
"2026-09-17T12:34:19Z",631,"Mbaye","AVL","0.1","0.2","0.4","0.5",1,12,"0.1",60,1649,980,1,27,"0.5","a",0,0,,"false"
"2026-09-17T12:34:19Z",57,"Petrović","BOU","3.6","3.3","2.6","1.9",1,-52,"3.1",45,4682,17454,7,360,"1.8","a",0,0,,"false"
"2026-09-17T12:34:19Z",58,"Forster","BOU","4.1","4.2","4.5","4.8",1,21,"3.5",40,15174,10097,0,0,"0.0","a",0,0,,"false"
"2026-09-17T12:34:19Z",59,"Dennis","BOU","0.0","0.0","0.0","0.0",0,-4,"0.1",40,0,734,0,0,"0.0","u",0,0,,"false"
"2026-09-17T12:34:19Z",60,"Hill","BOU","-14.4","-16.8","-22.2","-27.5",-1,-31,"0.8",55,2318,7345,8,360,"2.0","a",0,0,,"false"
"2026-09-17T12:34:19Z",61,"Truffert","BOU","-74.8","-76.7","-81.1","-85.5",-3,-102,"3.2",55,4289,22051,8,360,"2.0","a",0,0,,"false"
"2026-09-17T12:34:19Z",62,"Diakité","BOU","-85.9","-85.9","-85.9","-85.9",-3,0,"0.2",50,695,1708,0,0,"0.0","a",0,0,,"false"
"2026-09-17T12:34:19Z",63,"Milosavljević","BOU","-2.3","-2.3","-2.3","-2.3",-1,0,"0.0",49,43,71,0,0,"0.0","i",-1,-1,,"false"
"2026-09-17T12:34:19Z",64,"Smith","BOU","0.5","0.5","0.4","0.4",1,-2,"0.1",45,583,1350,2,360,"0.5","a",0,0,,"false"
"2026-09-17T12:34:19Z",65,"J.Araujo","BOU","-10.6","-7.4","-0.4","0.0",-1,2,"0.0",44,62,118,0,0,"0.0","i",0,-1,,"false"
"2026-09-17T12:34:19Z",66,"Soler","BOU","1.3","1.3","1.4","1.4",1,3,"0.3",40,1751,1748,0,0,"0.0","a",0,0,,"false"
"2026-09-17T12:34:19Z",67,"Rayan","BOU","-74.3","-78.5","-88.1","-97.7",-3,-118,"1.7",64,2703,24748,8,347,"2.0","a",0,-1,,"false"
"2026-09-17T12:34:19Z",68,"Tavernier","BOU","16.4","17.9","21.3","24.7",1,693,"5.8",61,221656,34934,29,350,"7.2","a",1,1,,"false"
"2026-09-17T12:34:19Z",69,"Scott","BOU","11.8","11.1","9.3","7.5",1,-135,"5.8",61,53756,52469,28,356,"7.0","a",0,1,,"false"
"2026-09-17T12:34:19Z",70,"Kluivert","BOU","-40.6","-40.3","-39.6","-39.0",-3,5,"1.0",60,9272,6730,15,294,"3.8","a",0,0,,"false"
"2026-09-17T12:34:19Z",71,"Cook","BOU","0.6","0.6","0.6","0.6",1,-1,"0.2",50,602,2666,7,165,"1.8","a",0,0,,"false"
"2026-09-17T12:34:19Z",72,"Gannon-Doak","BOU","-26.9","-31.0","-40.0","-49.1",-2,-4,"0.1",49,226,574,3,10,"0.8","a",0,-1,,"false"
"2026-09-17T12:34:19Z",73,"Adams","BOU","1.7","1.6","1.4","1.3",1,-12,"0.3",50,2259,2931,8,192,"2.0","a",0,0,,"false"
"2026-09-17T12:34:19Z",74,"Brooks","BOU","0.0","0.0","0.0","0.0",0,0,"0.1",50,348,648,2,30,"0.5","a",0,0,,"false"
"2026-09-17T12:34:19Z",75,"Christie","BOU","0.4","0.4","0.4","0.4",1,0,"0.0",50,417,452,3,28,"0.8","a",0,0,,"false"
"2026-09-17T12:34:19Z",76,"Tóth.A","BOU","0.0","-3.1","-10.0","-17.0",-1,-1,"0.0",49,39,96,1,15,"0.2","a",-1,-1,,"false"
"2026-09-17T12:34:19Z",77,"Adli","BOU","-58.7","-58.7","-58.7","-58.7",-3,0,"0.0",49,19,166,0,0,"0.0","i",0,-1,,"false"
"2026-09-17T12:34:19Z",78,"Kroupi.Jr","BOU","-52.6","-53.8","-56.4","-59.1",-3,-10,"0.2",74,104,1351,0,0,"0.0","i",0,-1,,"false"
"2026-09-17T12:34:19Z",79,"Evanilson","BOU","47.5","47.2","46.6","46.0",3,-48,"3.3",60,29833,29248,16,334,"4.0","a",0,0,,"false"
"2026-09-17T12:34:19Z",80,"Enes Ünal","BOU","0.0","0.0","0.0","0.0",0,0,"0.0",55,0,89,0,0,"0.0","u",0,0,,"false"
"2026-09-17T12:34:19Z",81,"Rodríguez","BOU","-33.4","-34.9","-38.2","-41.6",-2,-3,"0.1",60,609,990,2,10,"0.5","a",0,0,,"false"
"2026-09-17T12:34:19Z",566,"Silva","BOU","2.1","2.0","1.8","1.6",1,-16,"0.4",50,1442,3763,10,360,"2.5","a",0,0,,"false"
"2026-09-17T12:34:19Z",573,"Sanchez","BOU","-5.1","-5.8","-7.4","-9.0",-1,-3,"0.2",44,222,909,0,0,"0.0","a",-1,-1,,"false"
"2026-09-17T12:34:19Z",608,"Jebbison","BOU","0.5","0.5","0.5","0.5",1,0,"0.1",50,1443,1474,2,16,"0.5","a",0,0,,"false"
"2026-09-17T12:34:19Z",615,"Di Gregorio","BOU","-15.6","-20.3","-30.8","-41.3",-2,-3,"0.0",45,266,406,0,0,"0.0","a",0,0,,"false"
"2026-09-17T12:34:19Z",82,"Kelleher","BRE","20.9","20.0","17.8","15.7",2,-163,"6.2",50,6728,42962,14,360,"3.5","a",0,0,,"false"
"2026-09-17T12:34:19Z",83,"Valdimarsson","BRE","-57.0","-58.2","-61.0","-63.8",-3,-2,"0.1",45,220,610,0,0,"0.0","a",0,0,,"false"
"2026-09-17T12:34:19Z",84,"Collins","BRE","-3.7","-5.0","-7.8","-10.7",-1,-113,"1.1",54,84,27638,10,196,"2.5","i",-1,-1,,"false"
"2026-09-17T12:34:19Z",85,"Van den Berg","BRE","-52.7","-52.3","-51.4","-50.5",-3,1,"0.1",49,24,564,0,0,"0.0","i",0,-1,,"false"
"2026-09-17T12:34:19Z",86,"Lewis-Potter","BRE","37.2","36.5","34.8","33.2",2,-124,"1.9",55,4267,28875,19,326,"4.8","a",0,0,,"false"
"2026-09-17T12:34:19Z",87,"Ajer","BRE","40.0","38.6","35.6","32.6",2,-228,"4.2",45,6573,41407,14,360,"3.5","a",0,0,,"false"
"2026-09-17T12:34:19Z",88,"Kayode","BRE","-12.5","-15.3","-21.5","-27.6",-1,-358,"8.0",46,13722,96291,17,226,"4.2","a",0,1,,"false"
"2026-09-17T12:34:19Z",89,"Henry","BRE","-4.8","-4.2","-2.7","-1.3",-1,4,"0.2",44,306,1146,1,2,"0.2","a",-1,-1,,"false"
"2026-09-17T12:34:19Z",90,"Hickey","BRE","-23.3","-26.8","-34.7","-42.6",-2,-4,"0.1",45,231,442,4,131,"1.0","a",0,0,,"false"
"2026-09-17T12:34:19Z",92,"Ji-soo","BRE","-89.9","-97.0","-112.9","-128.9",-4,-2,"0.0",45,49,121,0,0,"0.0","a",0,0,,"false"
"2026-09-17T12:34:19Z",93,"Schuster","BRE","-61.2","-61.2","-61.2","-61.2",-3,0,"0.1",45,224,557,7,163,"1.8","a",0,0,,"false"
"2026-09-17T12:34:19Z",94,"Schade","BRE","5.9","8.5","14.4","20.2",1,1207,"6.6",61,290302,34365,30,357,"7.5","a",1,1,,"false"
"2026-09-17T12:34:19Z",95,"O.Dango","BRE","-6.5","-9.4","-15.9","-22.3",-1,-43,"0.5",63,552,9274,6,170,"1.5","a",-1,-2,,"false"
"2026-09-17T12:34:19Z",96,"Damsgaard","BRE","-101.9","-106.3","-116.0","-125.8",-5,-31,"0.4",55,943,5209,13,197,"3.2","a",0,0,,"false"
"2026-09-17T12:34:19Z",97,"Jensen","BRE","-22.2","-23.1","-24.9","-26.8",-2,-4,"0.1",54,11,1208,6,66,"1.5","i",0,-1,,"false"
"2026-09-17T12:34:19Z",98,"Janelt","BRE","68.0","68.1","68.2","68.3",3,9,"2.5",50,30427,21992,25,360,"6.2","a",0,0,,"false"
"2026-09-17T12:34:19Z",99,"Milambo","BRE","-34.5","-34.5","-34.5","-34.5",-2,0,"0.0",50,11,21,0,0,"0.0","i",0,0,,"false"
"2026-09-17T12:34:19Z",100,"Carvalho","BRE","0.1","0.1","0.2","0.2",1,5,"0.0",50,185,250,0,0,"0.0","a",0,0,,"false"
"2026-09-17T12:34:19Z",102,"Yarmoliuk","BRE","-3.9","-4.6","-6.2","-7.8",-1,-14,"0.7",48,1131,5870,6,148,"1.5","a",-1,-2,,"false"
"2026-09-17T12:34:19Z",103,"Dasilva","BRE","-25.4","-31.7","-45.7","-59.7",-2,-4,"0.0",49,5,198,0,0,"0.0","i",0,-1,,"false"
"2026-09-17T12:34:19Z",105,"Anthony","BRE","-17.3","-18.5","-20.9","-23.4",-1,-4,"0.1",59,393,1476,5,187,"1.2","a",-1,-1,,"false"
"2026-09-17T12:34:19Z",106,"Thiago","BRE","-93.4","-96.8","-104.6","-112.3",-4,-526,"9.3",79,10063,148785,5,352,"1.2","a",0,-1,,"false"
"2026-09-17T12:34:19Z",107,"Furo","BRE","5.3","4.9","3.9","2.9",1,-75,"1.0",45,5928,13393,0,0,"0.0","i",0,0,,"false"
"2026-09-17T12:34:19Z",108,"Wilson","BRE","-93.0","-95.9","-102.4","-108.9",-4,-15,"0.3",55,1078,4296,3,13,"0.8","a",0,0,,"false"
"2026-09-17T12:34:19Z",565,"M.Sangaré","BRE","-89.0","-92.2","-99.5","-106.8",-3,-552,"11.8",57,20399,132957,22,300,"5.5","a",0,2,,"false"
"2026-09-17T12:34:19Z",620,"Diouf","BRE","-14.4","-15.8","-19.0","-22.2",-1,-2,"0.1",45,805,1236,1,30,"0.3","a",0,0,,"false"
"2026-09-17T12:34:19Z",657,"Nunes","BRE","0.0","0.0","0.0","0.0",0,0,"0.0",45,1492,333,0,0,"0.0","a",0,0,"2026-09-25T22:05:18.379374Z","false"
"2026-09-17T12:34:19Z",109,"Verbruggen","BHA","56.7","55.8","53.9","52.0",3,-147,"21.8",45,60387,84787,17,360,"4.2","a",0,0,,"false"
"2026-09-17T12:34:19Z",111,"Steele","BHA","2.3","2.2","2.1","2.0",1,-9,"4.2",40,12915,14187,0,0,"0.0","a",0,0,,"false"
"2026-09-17T12:34:19Z",113,"F.Kadıoğlu","BHA","-42.2","-43.7","-47.0","-50.3",-3,-40,"1.7",44,3093,11072,8,257,"2.0","a",0,-1,,"false"
"2026-09-17T12:34:19Z",114,"Boscagli","BHA","1.9","1.9","1.7","1.6",1,-10,"0.3",45,950,1590,13,347,"3.2","a",0,0,,"false"
"2026-09-17T12:34:19Z",115,"De Cuyper","BHA","1.7","3.4","7.3","11.2",1,794,"24.2",49,296685,73767,32,333,"8.0","a",1,4,,"false"
"2026-09-17T12:34:19Z",116,"Dunk","BHA","17.2","17.4","17.7","18.1",1,29,"1.5",45,20139,7282,22,360,"5.5","a",0,0,,"false"
"2026-09-17T12:34:19Z",117,"Coppola","BHA","-12.8","-12.8","-12.8","-12.8",-1,0,"0.0",45,145,167,0,0,"0.0","a",0,0,,"false"
"2026-09-17T12:34:19Z",118,"Igor","BHA","0.0","0.0","0.0","0.0",0,-8,"0.0",45,0,651,0,0,"0.0","u",0,0,,"false"
"2026-09-17T12:34:19Z",119,"Costinha","BHA","-4.5","-7.1","-13.1","-19.1",-1,-2,"0.0",45,150,220,3,54,"0.8","a",0,0,,"false"
"2026-09-17T12:34:19Z",120,"Svoboda","BHA","0.0","0.0","0.0","0.0",0,0,"0.1",50,512,720,0,0,"0.0","a",0,0,,"false"
"2026-09-17T12:34:19Z",121,"Mitoma","BHA","-16.8","-16.8","-16.8","-16.8",-1,0,"0.0",59,46,226,0,0,"0.0","i",0,-1,,"false"
"2026-09-17T12:34:19Z",122,"Minteh","BHA","-85.4","-85.4","-85.4","-85.4",-3,0,"0.0",59,22,373,0,0,"0.0","i",0,-1,,"false"
"2026-09-17T12:34:19Z",123,"Hinshelwood","BHA","-14.9","-16.7","-20.8","-24.9",-1,-96,"0.7",59,98,20276,16,63,"4.0","i",-1,-1,,"false"
"2026-09-17T12:34:19Z",124,"Groß","BHA","11.4","16.2","26.9","37.6",1,2201,"19.7",57,408978,61950,33,360,"8.2","a",1,2,,"false"
"2026-09-17T12:34:19Z",125,"Georginio","BHA","-68.3","-70.1","-74.2","-78.3",-3,-15,"0.5",54,1235,8540,5,90,"1.2","a",0,-1,,"false"
"2026-09-17T12:34:19Z",126,"O'Riley","BHA","-2.5","-2.2","-1.3","-0.5",-1,1,"0.1",54,435,934,1,6,"0.2","a",-1,-1,,"false"
"2026-09-17T12:34:19Z",127,"Gomez","BHA","43.6","42.4","39.5","36.6",3,-220,"4.5",50,9387,47545,16,348,"4.0","a",0,0,,"false"
"2026-09-17T12:34:19Z",128,"Buonanotte","BHA","0.0","0.0","0.0","0.0",0,0,"0.0",50,0,13,0,0,"0.0","u",0,0,,"false"
"2026-09-17T12:34:19Z",129,"Ayari","BHA","-44.8","-44.7","-44.5","-44.3",-3,1,"0.4",54,2511,2774,12,243,"3.0","a",0,-1,,"false"
"2026-09-17T12:34:19Z",130,"Wieffer","BHA","-3.7","-5.2","-8.7","-12.1",-1,-25,"0.2",49,41,5161,7,156,"1.8","i",-1,-1,,"false"
"2026-09-17T12:34:19Z",132,"Howell","BHA","0.0","0.0","0.0","0.0",0,-2,"0.0",45,0,302,0,0,"0.0","u",0,0,,"false"
"2026-09-17T12:34:19Z",133,"Watson","BHA","0.0","0.0","0.0","0.0",0,0,"0.0",50,0,7,0,0,"0.0","u",0,0,,"false"
"2026-09-17T12:34:19Z",134,"Oriola","BHA","-38.7","-40.4","-44.2","-48.0",-3,-7,"0.3",45,736,2080,0,0,"0.0","a",0,0,,"false"
"2026-09-17T12:34:19Z",135,"Yohanna","BHA","-50.1","-53.4","-60.9","-68.4",-3,-6,"0.0",49,25,860,1,12,"0.2","i",0,-1,,"false"
"2026-09-17T12:34:19Z",137,"Tzimas","BHA","-1.9","-1.9","-1.9","-1.9",-1,0,"0.0",54,41,62,0,0,"0.0","i",-1,-1,,"false"
"2026-09-17T12:34:19Z",138,"Kostoulas","BHA","23.7","25.5","29.4","33.3",2,295,"0.8",55,33843,8975,18,278,"4.5","a",0,0,,"false"
"2026-09-17T12:34:19Z",139,"Ferguson","BHA","-41.2","-42.0","-44.0","-45.9",-3,-1,"0.0",50,184,299,0,0,"0.0","i",0,0,,"false"
"2026-09-17T12:34:19Z",328,"Struijk","BHA","-7.8","-10.1","-15.3","-20.4",-1,-12,"0.2",49,472,1809,2,13,"0.5","a",-1,-1,,"false"
"2026-09-17T12:34:19Z",504,"Vuskovic","BHA","34.3","34.0","33.2","32.5",2,-56,"3.2",50,20774,22031,24,347,"6.0","a",0,0,,"false"
"2026-09-17T12:34:19Z",594,"David","BHA","-94.0","-93.6","-92.9","-92.1",-3,1,"0.2",60,1475,3601,1,23,"0.2","a",0,0,,"false"
"2026-09-17T12:34:19Z",600,"Osman","BHA","-49.5","-51.3","-55.5","-59.6",-3,-1,"0.0",50,117,168,3,40,"0.8","a",0,0,,"false"
"2026-09-17T12:34:19Z",605,"Yalcouyé","BHA","42.9","44.2","47.0","49.9",3,216,"3.8",45,86552,26980,19,231,"4.8","a",0,0,,"false"
"2026-09-17T12:34:19Z",614,"Hadjam","BHA","-26.1","-15.1","0.0","0.1",-1,7,"0.0",45,303,516,0,0,"0.0","a",0,0,,"false"
"2026-09-17T12:34:19Z",624,"Cozier-Duberry","BHA","0.0","0.0","0.0","0.0",0,0,"0.0",50,0,9,0,0,"0.0","u",0,0,,"false"
"2026-09-17T12:34:19Z",639,"Andrés","BHA","0.0","0.0","0.1","0.1",0,1,"0.0",55,344,166,4,25,"2.0","a",0,0,,"false"
"2026-09-17T12:34:19Z",652,"Azeez","BHA","0.0","0.0","0.0","0.0",0,0,"0.0",55,49,36,0,0,"0.0","d",0,0,"2026-09-18T10:30:08.836964Z","false"
"2026-09-17T12:34:19Z",658,"Ibrahim","BHA","0.0","0.0","0.0","0.0",0,0,"0.0",45,956,190,0,0,"0.0","a",0,0,"2026-09-26T17:44:20.289392Z","false"
"2026-09-17T12:34:19Z",28,"Martinez","CHE","6.3","5.7","4.5","3.2",1,-98,"4.9",50,14827,39674,7,270,"1.8","a",0,0,,"false"
"2026-09-17T12:34:19Z",40,"Rogers","CHE","47.7","51.5","59.9","68.4",3,1740,"38.3",77,472381,39275,27,347,"6.8","a",1,2,,"false"
"2026-09-17T12:34:19Z",101,"Henderson","CHE","-25.1","-25.1","-25.1","-25.1",-2,0,"0.0",49,29,335,0,0,"0.0","i",0,-1,,"false"
"2026-09-17T12:34:19Z",136,"Welbeck","CHE","-50.2","-37.6","-9.3","1.4",-2,160,"0.8",59,6906,8580,2,15,"0.5","a",0,-1,,"false"
"2026-09-17T12:34:19Z",140,"Sánchez","CHE","0.0","0.0","0.0","0.0",0,-28,"0.8",49,0,10840,2,90,"0.5","u",0,-1,,"false"
"2026-09-17T12:34:19Z",141,"Jörgensen","CHE","0.0","0.0","0.0","0.0",0,0,"0.0",50,0,42,0,0,"0.0","u",0,0,,"false"
"2026-09-17T12:34:19Z",142,"James","CHE","-38.0","-40.0","-44.6","-49.3",-3,-238,"7.1",54,14987,78600,3,292,"0.8","a",0,-1,,"false"
"2026-09-17T12:34:19Z",143,"Chalobah","CHE","0.0","0.0","0.0","0.0",0,-3,"0.1",55,0,553,0,0,"0.0","u",0,0,,"false"
"2026-09-17T12:34:19Z",144,"Gusto","CHE","-69.7","-71.4","-75.0","-78.7",-3,-27,"1.0",50,3071,10265,4,272,"1.0","a",0,0,,"false"
"2026-09-17T12:34:19Z",145,"Fofana","CHE","3.4","3.4","3.5","3.5",1,1,"0.2",50,2227,2357,4,242,"1.0","a",0,0,,"false"
"2026-09-17T12:34:19Z",146,"B.Badiashile","CHE","0.0","0.0","0.0","0.0",0,0,"0.0",45,0,101,0,0,"0.0","u",0,0,,"false"
"2026-09-17T12:34:19Z",148,"Hato","CHE","16.2","15.9","15.1","14.3",1,-58,"0.9",45,3433,14540,8,258,"2.0","a",0,0,,"false"
"2026-09-17T12:34:19Z",149,"Colwill","CHE","-70.2","-72.7","-78.5","-84.3",-3,-40,"1.0",49,1388,13199,2,251,"0.5","a",0,-1,,"false"
"2026-09-17T12:34:19Z",150,"M.Sarr","CHE","0.0","0.0","0.0","0.0",0,0,"0.0",45,0,318,0,0,"0.0","u",0,0,,"false"
"2026-09-17T12:34:19Z",151,"Acheampong","CHE","0.8","0.8","0.7","0.5",1,-9,"0.4",45,1058,4358,5,202,"1.2","a",0,0,,"false"
"2026-09-17T12:34:19Z",152,"Palestra","CHE","-14.2","-15.6","-18.9","-22.2",-1,-81,"0.7",53,149,14107,0,0,"0.0","i",-1,-2,,"false"
"2026-09-17T12:34:19Z",154,"Palmer","CHE","31.3","31.2","30.9","30.5",2,-24,"26.8",97,116307,108742,26,352,"6.5","a",0,2,,"false"
"2026-09-17T12:34:19Z",156,"Neto","CHE","1.3","1.4","1.5","1.7",1,13,"1.4",65,9957,15256,12,246,"3.0","a",0,0,,"false"
"2026-09-17T12:34:19Z",157,"Estêvão","CHE","-17.0","-17.9","-20.1","-22.2",-1,-19,"0.7",63,2070,7804,3,20,"0.8","a",-1,-2,,"false"
"2026-09-17T12:34:19Z",158,"Gittens","CHE","-88.3","-88.3","-88.3","-88.3",-3,0,"0.0",59,138,318,0,0,"0.0","a",0,-1,,"false"
"2026-09-17T12:34:19Z",159,"Caicedo","CHE","-5.7","-6.9","-9.7","-12.5",-1,-116,"1.2",53,460,23793,1,13,"0.2","i",-1,-2,,"false"
"2026-09-17T12:34:19Z",161,"Lavia","CHE","5.2","5.1","5.0","4.8",1,-12,"0.2",50,1975,3206,11,258,"2.8","a",0,0,,"false"
"2026-09-17T12:34:19Z",163,"D.Essugo","CHE","0.0","0.0","0.0","0.0",0,-8,"0.1",45,0,1469,0,0,"0.0","u",0,0,,"false"
"2026-09-17T12:34:19Z",164,"Quenda","CHE","-8.6","-7.8","-6.2","-4.5",-1,1,"0.0",53,120,413,1,8,"0.2","a",-1,-2,,"false"
"2026-09-17T12:34:19Z",165,"João Pedro","CHE","10.7","-0.9","-16.0","-31.1",-1,-5738,"74.3",78,224606,119602,33,360,"8.2","d",1,3,,"false"
"2026-09-17T12:34:19Z",168,"Marc Guiu","CHE","0.0","0.0","0.0","0.0",0,-13,"0.2",50,0,2789,0,0,"0.0","u",0,0,,"false"
"2026-09-17T12:34:19Z",169,"Mheuka","CHE","2.7","2.8","3.2","3.5",1,26,"0.5",45,5753,4135,0,0,"0.0","a",0,0,,"false"
"2026-09-17T12:34:19Z",170,"Emegha","CHE","-59.3","-60.3","-62.7","-65.0",-3,-6,"0.1",50,91,2192,0,0,"0.0","i",0,0,,"false"
"2026-09-17T12:34:19Z",200,"Lacroix","CHE","-94.0","-96.8","-103.0","-109.3",-4,-329,"7.2",60,6341,86711,10,274,"2.5","a",0,0,,"false"
"2026-09-17T12:34:19Z",560,"Penders","CHE","0.0","0.0","-1.8","-4.2",0,-1,"0.1",44,528,476,0,0,"0.0","a",0,-1,,"false"
"2026-09-17T12:34:19Z",561,"Anselmino","CHE","0.0","0.0","0.0","0.0",0,0,"0.0",45,152,160,0,0,"0.0","a",0,0,,"false"
"2026-09-17T12:34:19Z",568,"Barco","CHE","-5.4","-6.5","-9.1","-11.7",-1,-4,"0.1",54,356,995,1,29,"0.2","a",-1,-1,,"false"
"2026-09-17T12:34:19Z",583,"Chavarria","CHE","-35.2","-36.7","-39.8","-43.0",-2,-4,"0.2",49,318,1189,4,118,"1.0","a",0,-1,,"false"
"2026-09-17T12:34:19Z",91,"Pinnock","COV","-71.8","-73.3","-76.7","-80.1",-3,-2,"0.1",45,284,481,6,192,"1.5","a",0,0,,"false"
"2026-09-17T12:34:19Z",104,"Onyeka","COV","-2.7","-3.4","-5.0","-6.6",-1,-1,"0.1",49,224,1109,6,224,"1.5","a",0,-1,,"false"
"2026-09-17T12:34:19Z",110,"Rushworth","COV","-40.6","-42.1","-45.4","-48.7",-3,-20,"0.8",45,697,8253,5,360,"1.2","a",0,0,,"false"
"2026-09-17T12:34:19Z",171,"Dovin","COV","0.0","0.0","0.0","0.0",0,-19,"1.1",40,0,7168,0,0,"0.0","u",0,0,,"false"
"2026-09-17T12:34:19Z",172,"Wilson","COV","-0.6","-0.7","-1.1","-1.4",-1,-2,"0.4",44,212,1250,0,0,"0.0","a",-1,-1,,"false"
"2026-09-17T12:34:19Z",173,"Thomas","COV","19.4","18.4","16.2","14.0",1,-166,"8.8",40,21883,48908,15,347,"3.8","a",0,0,,"false"
"2026-09-17T12:34:19Z",174,"Kitching","COV","0.0","0.0","0.0","0.0",0,-17,"0.4",40,0,3520,0,0,"0.0","u",0,0,,"false"
"2026-09-17T12:34:19Z",175,"van Ewijk","COV","-43.3","-44.7","-47.7","-50.7",-3,-216,"9.9",40,10182,73288,6,360,"1.5","a",0,0,,"false"
"2026-09-17T12:34:19Z",176,"Dasilva","COV","-45.8","-47.4","-50.9","-54.4",-3,-18,"0.7",40,608,3190,5,354,"1.2","a",0,0,,"false"
"2026-09-17T12:34:19Z",177,"Kesler-Hayden","COV","-97.2","-98.6","-101.8","-105.0",-4,-2,"0.0",40,102,317,0,0,"0.0","i",0,0,,"false"
"2026-09-17T12:34:19Z",178,"Bidwell","COV","-23.2","-23.2","-23.2","-23.2",-2,0,"0.1",40,316,487,0,0,"0.0","a",0,0,,"false"
"2026-09-17T12:34:19Z",179,"Latibeaudiere","COV","-55.4","-55.4","-55.4","-55.4",-3,0,"0.0",40,108,224,0,0,"0.0","a",0,0,,"false"
"2026-09-17T12:34:19Z",180,"Woolfenden","COV","-71.4","-72.1","-73.8","-75.5",-3,-4,"0.1",40,163,856,0,0,"0.0","i",0,0,,"false"
"2026-09-17T12:34:19Z",181,"Brau","COV","0.0","0.0","0.0","0.0",0,-1,"0.0",40,0,186,0,0,"0.0","u",0,0,,"false"
"2026-09-17T12:34:19Z",182,"Amenda","COV","-23.4","-26.4","-33.4","-40.3",-2,-67,"0.7",40,1353,3783,4,360,"1.0","d",0,0,,"false"
"2026-09-17T12:34:19Z",183,"Rudoni","COV","-97.7","-99.4","-103.4","-107.4",-4,-3,"0.1",50,312,1035,8,224,"2.0","a",0,0,,"false"
"2026-09-17T12:34:19Z",184,"Grimes","COV","-11.1","-13.1","-17.6","-22.1",-1,-7,"0.1",49,437,1388,8,353,"2.0","a",-1,-1,,"false"
"2026-09-17T12:34:19Z",185,"Sakamoto","COV","-100.6","-102.7","-107.5","-112.4",-5,-2,"0.1",49,66,644,1,31,"0.2","a",0,-1,,"false"
"2026-09-17T12:34:19Z",186,"Mason-Clark","COV","-64.9","-67.4","-73.0","-78.6",-3,-4,"0.1",54,72,594,4,186,"1.0","a",0,-1,,"false"
"2026-09-17T12:34:19Z",187,"Eccles","COV","-69.7","-67.2","-61.4","-55.7",-3,1,"0.0",49,12,241,0,0,"0.0","i",0,-1,,"false"
"2026-09-17T12:34:19Z",188,"Torp","COV","-94.4","-98.8","-108.6","-118.5",-4,-8,"0.1",54,27,743,3,53,"0.8","a",0,-1,,"false"
"2026-09-17T12:34:19Z",189,"Shepherd","COV","-101.7","-103.9","-108.8","-113.7",-5,-8,"0.2",45,342,1767,0,0,"0.0","a",0,0,,"false"
"2026-09-17T12:34:19Z",190,"Tchaouna","COV","-35.6","-37.7","-42.5","-47.3",-2,-4,"0.1",54,23,695,4,166,"1.0","a",0,-1,,"false"
"2026-09-17T12:34:19Z",191,"Borges Rodrigues","COV","0.0","0.0","0.0","0.0",0,-4,"0.1",45,0,1295,0,0,"0.0","u",0,0,,"false"
"2026-09-17T12:34:19Z",192,"Andrews","COV","0.0","0.0","0.0","0.0",0,-19,"0.3",45,0,3738,0,0,"0.0","u",0,0,,"false"
"2026-09-17T12:34:19Z",193,"Wright","COV","-63.7","-65.5","-69.4","-73.3",-3,-6,"0.1",54,60,892,0,0,"0.0","i",0,-1,,"false"
"2026-09-17T12:34:19Z",194,"Thomas-Asante","COV","2.4","2.3","2.1","1.9",1,-14,"0.8",50,5811,8324,5,137,"1.2","a",0,0,,"false"
"2026-09-17T12:34:19Z",195,"Simms","COV","-48.4","-51.2","-57.6","-64.0",-3,-33,"0.7",50,1992,8071,3,88,"0.8","a",0,0,,"false"
"2026-09-17T12:34:19Z",196,"Markelo","COV","0.0","0.0","0.0","0.0",0,-1,"0.0",50,0,83,0,0,"0.0","u",0,0,,"false"
"2026-09-17T12:34:19Z",197,"Bassette","COV","0.0","0.0","0.0","0.0",0,0,"0.0",45,0,203,0,0,"0.0","u",0,0,,"false"
"2026-09-17T12:34:19Z",492,"Awoniyi","COV","-87.6","-91.3","-99.5","-107.7",-3,-86,"0.5",55,527,13651,3,232,"0.8","s",0,0,,"false"
"2026-09-17T12:34:19Z",575,"Yirenkyi","COV","-50.8","-54.4","-62.5","-70.7",-3,-9,"0.2",49,189,1704,6,175,"1.5","a",0,-1,,"false"
"2026-09-17T12:34:19Z",584,"Hamer","COV","-37.8","-40.3","-46.0","-51.7",-3,-4,"0.1",54,53,660,3,32,"0.8","a",0,-1,,"false"
"2026-09-17T12:34:19Z",599,"Cherif","COV","-3.0","-2.4","-1.0","0.0",-1,1,"0.1",50,1059,979,1,30,"0.2","a",0,0,,"false"
"2026-09-17T12:34:19Z",623,"Bentley","COV","1.0","1.0","1.2","1.4",1,14,"0.6",40,8190,1784,0,0,"0.0","a",0,0,,"false"
"2026-09-17T12:34:19Z",655,"Gboho","COV","0.0","0.0","0.0","0.0",0,0,"0.0",55,86,29,0,0,"0.0","a",0,0,"2026-09-23T15:00:18.732507Z","false"
"2026-09-17T12:34:19Z",656,"Mfuni","COV","0.0","0.0","0.0","0.0",0,0,"0.1",40,5006,1176,0,0,"0.0","a",0,0,"2026-09-24T14:54:23.064516Z","false"
"2026-09-17T12:34:19Z",42,"Guessand","CRY","-97.2","-101.0","-109.6","-118.3",-5,-3,"0.0",55,238,591,2,54,"0.5","a",0,0,,"false"
"2026-09-17T12:34:19Z",153,"Disasi","CRY","0.3","0.2","0.0","-7.6",1,-16,"0.1",45,110,3336,1,139,"0.2","s",0,0,,"false"
"2026-09-17T12:34:19Z",198,"Henderson","CRY","-40.7","-44.2","-52.0","-59.8",-3,-243,"1.5",50,171,43068,5,270,"1.2","i",0,0,,"false"
"2026-09-17T12:34:19Z",199,"Benitez","CRY","-45.7","-43.4","-38.4","-33.4",-3,4,"0.1",45,896,562,2,90,"0.5","a",0,0,,"false"
"2026-09-17T12:34:19Z",202,"Richards","CRY","-61.2","-63.2","-67.6","-72.0",-3,-20,"0.6",50,1336,5943,6,360,"1.5","a",0,0,,"false"
"2026-09-17T12:34:19Z",203,"Canvot","CRY","-67.6","-71.1","-79.0","-86.9",-3,-12,"0.2",49,190,2925,2,270,"0.5","a",0,-1,,"false"
"2026-09-17T12:34:19Z",204,"Mitchell","CRY","31.7","30.3","27.2","24.0",2,-239,"6.3",45,16342,45520,17,329,"4.2","a",0,0,,"false"
"2026-09-17T12:34:19Z",205,"Sosa","CRY","0.0","0.0","0.0","0.0",0,0,"0.0",45,0,209,0,0,"0.0","u",0,0,,"false"
"2026-09-17T12:34:19Z",206,"Chadi Riad","CRY","-93.4","-93.4","-93.4","-93.4",-3,0,"0.0",44,35,271,1,72,"0.2","i",0,-1,,"false"
"2026-09-17T12:34:19Z",207,"Mingueza","CRY","-46.6","-46.6","-46.6","-46.6",-3,0,"0.1",44,197,669,2,16,"0.5","a",0,-1,,"false"
"2026-09-17T12:34:19Z",208,"Sarr","CRY","-0.0","-0.0","-0.0","-0.0",0,0,"0.6",62,78,9663,0,0,"0.0","d",-1,-3,"2026-09-24T16:30:08.977944Z","false"
"2026-09-17T12:34:19Z",210,"Wharton","CRY","-57.0","-59.5","-65.1","-70.7",-3,-32,"0.8",55,2040,8333,10,346,"2.5","a",0,0,,"false"
"2026-09-17T12:34:19Z",211,"Yeremy","CRY","7.6","7.3","6.5","5.7",1,-60,"0.4",55,1121,7973,12,226,"3.0","a",0,0,,"false"
"2026-09-17T12:34:19Z",212,"Hughes","CRY","-2.0","-2.6","-4.1","-5.6",-1,-146,"8.0",44,17260,63933,2,29,"0.5","a",-1,-1,,"false"
"2026-09-17T12:34:19Z",213,"Lerma","CRY","-66.7","-69.9","-77.1","-84.3",-3,-4,"0.1",49,126,543,1,6,"0.2","a",0,-1,,"false"
"2026-09-17T12:34:19Z",214,"Kamada","CRY","8.6","8.7","9.1","9.5",1,30,"0.5",50,15290,4624,18,351,"4.5","a",0,0,,"false"
"2026-09-17T12:34:19Z",215,"Devenny","CRY","0.0","0.0","0.0","0.0",0,0,"0.0",50,0,80,0,0,"0.0","u",0,0,,"false"
"2026-09-17T12:34:19Z",216,"Esse","CRY","0.0","0.0","0.0","0.0",0,0,"0.0",50,0,303,0,0,"0.0","u",0,0,,"false"
"2026-09-17T12:34:19Z",217,"M.França","CRY","0.0","0.0","0.0","0.0",0,-1,"0.0",49,0,490,0,0,"0.0","u",0,-1,,"false"
"2026-09-17T12:34:19Z",218,"Doucouré","CRY","-65.9","-69.4","-77.2","-85.0",-3,-3,"0.0",49,199,603,0,0,"0.0","a",0,-1,,"false"
"2026-09-17T12:34:19Z",219,"J.Rak-Sakyi","CRY","0.0","0.0","0.0","0.0",0,0,"0.0",49,0,84,0,0,"0.0","u",0,-1,,"false"
"2026-09-17T12:34:19Z",220,"Cardines","CRY","0.0","0.0","0.0","0.0",0,0,"0.0",45,0,6,0,0,"0.0","u",0,0,,"false"
"2026-09-17T12:34:19Z",221,"Drakes-Thomas","CRY","-54.2","-54.2","-54.2","-54.2",-3,0,"0.1",45,253,678,0,0,"0.0","a",0,0,,"false"
"2026-09-17T12:34:19Z",222,"Strand Larsen","CRY","3.8","3.8","3.8","3.8",1,1,"0.6",60,9402,6094,12,217,"3.0","a",0,0,,"false"
"2026-09-17T12:34:19Z",223,"Mateta","CRY","-11.4","-12.5","-14.9","-17.3",-1,-122,"1.5",63,150,19821,2,62,"0.5","i",-1,-2,,"false"
"2026-09-17T12:34:19Z",224,"Nketiah","CRY","2.7","1.9","0.1","-17.0",1,-137,"0.6",55,269,16830,7,167,"1.8","d",0,0,,"false"
"2026-09-17T12:34:19Z",225,"Uche","CRY","0.0","0.0","0.0","0.0",0,0,"0.0",50,0,0,0,0,"0.0","u",0,0,,"false"
"2026-09-17T12:34:19Z",241,"McNeil","CRY","-44.4","-46.4","-51.0","-55.6",-3,-4,"0.1",54,131,1015,3,84,"0.8","a",0,-1,,"false"
"2026-09-17T12:34:19Z",555,"Matthews","CRY","-4.1","-4.2","-4.5","-4.8",-1,-4,"1.7",40,2421,4228,0,0,"0.0","a",0,0,,"false"
"2026-09-17T12:34:19Z",577,"Tomiyasu","CRY","-2.1","-3.4","-6.3","-9.2",-1,-10,"0.3",44,308,1964,2,144,"0.5","a",-1,-1,,"false"
"2026-09-17T12:34:19Z",588,"Khalaili","CRY","6.7","6.5","6.2","6.0",1,-22,"0.3",50,4394,3206,13,289,"3.2","a",0,0,,"false"
"2026-09-17T12:34:19Z",595,"Gozo","CRY","-56.5","-66.7","-89.6","-112.4",-3,-2,"0.0",50,62,136,2,28,"0.5","a",0,0,,"false"
"2026-09-17T12:34:19Z",633,"Ahanor","CRY","0.0","0.0","0.1","0.1",0,2,"0.0",45,531,154,3,90,"1.5","a",0,0,,"false"
"2026-09-17T12:34:19Z",643,"Chilwell","CRY","-12.5","-17.4","-28.3","-39.2",-1,-39,"0.5",45,2443,6287,8,29,"4.0","a",0,0,,"false"
"2026-09-17T12:34:19Z",644,"Timber","CRY","0.0","0.1","0.1","0.1",1,2,"0.0",50,1048,419,6,163,"3.0","a",0,0,,"false"
"2026-09-17T12:34:19Z",647,"Osorio","CRY","-4.3","-4.3","-4.3","-4.3",-1,0,"0.0",55,61,111,1,1,"0.5","a",0,0,,"false"
"2026-09-17T12:34:19Z",21,"Nørgaard","EVE","-63.7","-64.6","-66.8","-69.0",-3,-2,"0.0",49,35,523,0,0,"0.0","i",0,-1,,"false"
"2026-09-17T12:34:19Z",209,"Johnson","EVE","-30.9","-25.9","-14.7","-3.5",-2,10,"0.1",59,1335,950,6,173,"1.5","a",0,-1,,"false"
"2026-09-17T12:34:19Z",226,"Pickford","EVE","12.9","14.1","16.8","19.5",1,208,"8.9",55,45667,28941,17,360,"4.2","a",0,0,,"false"
"2026-09-17T12:34:19Z",227,"Travers","EVE","-36.3","-36.3","-36.3","-36.3",-2,0,"0.0",50,397,336,0,0,"0.0","a",0,0,,"false"
"2026-09-17T12:34:19Z",228,"King","EVE","-34.3","-34.3","-34.3","-34.3",-2,0,"0.0",45,157,218,0,0,"0.0","a",0,0,,"false"
"2026-09-17T12:34:19Z",229,"Tarkowski","EVE","11.2","12.7","16.2","19.7",1,721,"13.6",61,197858,31935,29,360,"7.2","a",1,1,,"false"
"2026-09-17T12:34:19Z",230,"Branthwaite","EVE","19.2","20.1","22.1","24.0",2,149,"2.2",55,31295,8823,19,360,"4.8","a",0,0,,"false"
"2026-09-17T12:34:19Z",231,"Keane","EVE","-18.1","-19.8","-23.8","-27.7",-1,-39,"0.8",48,1300,8382,0,0,"0.0","a",-1,-2,,"false"
"2026-09-17T12:34:19Z",232,"O'Brien","EVE","-85.2","-84.9","-84.2","-83.5",-3,2,"0.3",49,809,1873,1,15,"0.2","a",0,-1,,"false"
"2026-09-17T12:34:19Z",233,"Mykolenko","EVE","60.5","64.2","72.5","80.8",3,630,"3.2",45,131103,14259,22,360,"5.5","a",0,0,,"false"
"2026-09-17T12:34:19Z",234,"Patterson","EVE","0.0","0.0","0.0","0.0",0,-2,"0.0",45,0,237,0,0,"0.0","u",0,0,,"false"
"2026-09-17T12:34:19Z",235,"Aznou","EVE","0.0","0.0","0.0","0.0",0,-2,"0.1",40,0,1157,0,0,"0.0","u",0,0,,"false"
"2026-09-17T12:34:19Z",236,"Dewsbury-Hall","EVE","65.0","69.8","80.6","91.3",3,818,"5.4",65,99130,39935,17,360,"4.2","a",0,0,,"false"
"2026-09-17T12:34:19Z",238,"Grealish","EVE","6.1","6.3","6.7","7.1",1,32,"0.4",65,6301,4267,3,57,"0.8","a",0,0,,"false"
"2026-09-17T12:34:19Z",239,"Garner","EVE","1.1","1.4","2.0","2.6",1,48,"0.2",60,6748,2052,8,238,"2.0","a",0,0,,"false"
"2026-09-17T12:34:19Z",242,"George","EVE","22.1","23.1","25.3","27.5",2,168,"0.8",55,29784,7016,18,298,"4.5","a",0,0,,"false"
"2026-09-17T12:34:19Z",243,"Alcaraz","EVE","-22.5","-22.5","-22.5","-22.5",-2,0,"0.1",49,329,722,1,5,"0.2","a",0,-1,,"false"
"2026-09-17T12:34:19Z",244,"Armstrong","EVE","11.1","10.8","10.2","9.5",1,-50,"0.4",50,5691,4580,14,356,"3.5","d",0,0,,"false"
"2026-09-17T12:34:19Z",245,"Dibling","EVE","-78.3","-71.7","-56.7","-41.7",-3,3,"0.0",54,158,269,0,0,"0.0","a",0,-1,,"false"
"2026-09-17T12:34:19Z",246,"Röhl","EVE","-5.1","-8.6","-16.6","-24.6",-1,-8,"0.0",49,270,688,6,249,"1.5","d",-1,-1,,"false"
"2026-09-17T12:34:19Z",247,"Hackney","EVE","-72.0","-73.0","-75.4","-77.7",-3,-3,"0.2",55,506,1381,9,136,"2.2","a",0,0,,"false"
"2026-09-17T12:34:19Z",248,"Beto","EVE","0.0","0.0","0.0","0.0",0,-83,"0.7",54,0,17155,2,31,"0.5","u",0,-1,,"false"
"2026-09-17T12:34:19Z",249,"Barry","EVE","27.2","31.4","40.7","50.1",2,709,"6.8",56,104413,55359,14,327,"3.5","a",0,1,,"false"
"2026-09-17T12:34:19Z",649,"Maitland-Niles","EVE","2.1","2.9","4.7","6.5",1,137,"0.8",45,32926,4130,13,87,"6.5","a",0,0,,"false"
"2026-09-17T12:34:19Z",654,"Graham","EVE","0.0","0.0","0.0","0.0",0,0,"0.1",45,1365,1754,0,0,"0.0","a",0,0,"2026-09-19T17:46:58.377521Z","false"
"2026-09-17T12:34:19Z",250,"Leno","FUL","2.8","3.0","3.3","3.7",1,27,"3.0",45,23762,10877,15,360,"3.8","a",0,0,,"false"
"2026-09-17T12:34:19Z",251,"Lecomte","FUL","-17.7","-18.1","-19.0","-19.9",-1,-7,"1.1",40,2409,2770,0,0,"0.0","a",0,0,,"false"
"2026-09-17T12:34:19Z",252,"McNally","FUL","0.0","0.0","0.0","0.0",0,0,"0.1",40,0,649,0,0,"0.0","u",0,0,,"false"
"2026-09-17T12:34:19Z",253,"Andersen","FUL","0.1","0.1","0.2","0.2",1,4,"0.1",50,1277,1438,2,180,"0.5","a",0,0,,"false"
"2026-09-17T12:34:19Z",254,"Robinson","FUL","-36.9","-36.9","-36.8","-36.7",-2,1,"1.4",45,7006,7349,10,339,"2.5","a",0,0,,"false"
"2026-09-17T12:34:19Z",255,"J.Cuenca","FUL","-48.8","-51.5","-57.4","-63.4",-3,-1,"0.0",45,64,249,3,90,"0.8","a",0,0,,"false"
"2026-09-17T12:34:19Z",256,"Tete","FUL","-23.5","-25.9","-31.6","-37.2",-2,-8,"0.2",44,268,1132,0,27,"0.0","a",0,-1,,"false"
"2026-09-17T12:34:19Z",257,"Bassey","FUL","-18.9","-18.7","-18.4","-18.1",-1,2,"0.7",45,2553,2536,9,360,"2.2","a",0,0,,"false"
"2026-09-17T12:34:19Z",258,"Castagne","FUL","9.1","9.1","9.1","9.0",1,-4,"0.8",45,8932,4843,19,318,"4.8","a",0,0,,"false"
"2026-09-17T12:34:19Z",261,"Iwobi","FUL","-37.7","-39.6","-43.9","-48.2",-2,-21,"0.7",54,2069,6355,9,338,"2.2","a",0,-1,,"false"
"2026-09-17T12:34:19Z",262,"Smith Rowe","FUL","-54.8","-57.2","-62.7","-68.2",-3,-10,"0.3",54,393,2383,3,38,"0.8","a",0,-1,,"false"
"2026-09-17T12:34:19Z",263,"Kevin","FUL","0.0","0.0","0.0","0.0",0,0,"0.0",53,457,473,3,42,"0.8","a",-1,-2,,"false"
"2026-09-17T12:34:19Z",264,"Bobb","FUL","-51.8","-50.6","-47.9","-45.1",-3,6,"0.3",55,1721,2711,10,273,"2.5","a",0,0,,"false"
"2026-09-17T12:34:19Z",265,"Berge","FUL","-12.7","-13.8","-16.1","-18.4",-1,-5,"0.3",49,1206,2118,8,273,"2.0","a",0,-1,,"false"
"2026-09-17T12:34:19Z",266,"Cairney","FUL","-2.0","-2.0","-2.0","-2.0",-1,0,"0.0",49,10,36,0,0,"0.0","i",-1,-1,,"false"
"2026-09-17T12:34:19Z",268,"King","FUL","45.9","47.6","51.4","55.1",3,285,"1.6",55,57704,16352,22,346,"5.5","a",0,0,,"false"
"2026-09-17T12:34:19Z",269,"Sessegnon","FUL","-26.1","-29.6","-37.7","-45.7",-2,-32,"0.3",44,216,3214,3,50,"0.8","d",0,-1,,"false"
"2026-09-17T12:34:19Z",270,"Reed","FUL","2.0","1.9","1.7","1.6",1,-12,"1.2",44,12770,11018,0,0,"0.0","a",-1,-1,,"false"
"2026-09-17T12:34:19Z",271,"Muniz","FUL","-23.1","-23.4","-23.9","-24.5",-2,-2,"0.4",54,2218,4055,3,28,"0.8","a",0,-1,,"false"
"2026-09-17T12:34:19Z",272,"Kusi-Asare","FUL","-29.7","-31.0","-33.9","-36.7",-2,-122,"5.8",45,20506,41983,0,0,"0.0","a",0,0,,"false"
"2026-09-17T12:34:19Z",569,"Gonzalo","FUL","46.2","45.9","45.1","44.4",3,-58,"3.6",60,19213,49966,12,346,"3.0","a",0,0,,"false"
"2026-09-17T12:34:19Z",570,"Palacios","FUL","-1.5","-2.1","-3.3","-4.6",-1,-3,"0.2",54,1066,1677,11,207,"2.8","a",-1,-1,,"false"
"2026-09-17T12:34:19Z",580,"Charles","FUL","-86.2","-86.2","-86.2","-86.2",-3,0,"0.1",50,498,438,9,213,"2.2","a",0,0,,"false"
"2026-09-17T12:34:19Z",610,"De Fougerolles","FUL","0.0","0.0","0.0","0.0",0,-4,"0.1",40,0,911,0,0,"0.0","u",0,0,,"false"
"2026-09-17T12:34:19Z",626,"Zepa","FUL","-39.4","-44.4","-55.7","-66.9",-3,-25,"0.3",45,916,3712,0,0,"0.0","a",0,0,,"false"
"2026-09-17T12:34:19Z",635,"Larsson","FUL","0.0","0.0","0.0","0.0",0,0,"0.0",50,143,88,2,24,"1.0","a",0,0,,"false"
"2026-09-17T12:34:19Z",636,"Ángel","FUL","0.0","0.0","0.0","0.0",0,1,"0.0",50,62,49,0,0,"0.0","a",0,0,,"false"
"2026-09-17T12:34:19Z",650,"Affengruber","FUL","0.1","0.1","0.2","0.2",1,4,"0.0",45,1635,355,8,90,"4.0","a",0,0,,"false"
"2026-09-17T12:34:19Z",240,"Iroegbunam","HUL","0.1","0.1","0.1","0.2",1,2,"0.0",50,323,206,1,25,"0.2","a",0,0,,"false"
"2026-09-17T12:34:19Z",273,"Phillips","HUL","-20.9","-21.3","-22.2","-23.0",-2,-9,"1.4",40,3603,4666,0,0,"0.0","a",0,0,,"false"
"2026-09-17T12:34:19Z",274,"Butland","HUL","-84.9","-84.9","-84.9","-84.9",-3,0,"0.1",45,75,434,0,0,"0.0","i",0,0,,"false"
"2026-09-17T12:34:19Z",275,"Cartwright","HUL","0.0","0.0","0.0","0.0",0,0,"0.0",40,0,34,0,0,"0.0","u",0,0,,"false"
"2026-09-17T12:34:19Z",276,"Lo-Tutala","HUL","0.0","0.0","0.0","0.0",0,0,"0.0",40,0,103,0,0,"0.0","u",0,0,,"false"
"2026-09-17T12:34:19Z",277,"Egan","HUL","17.8","18.6","20.4","22.1",1,136,"6.9",41,78080,29672,25,360,"6.2","a",0,1,,"false"
"2026-09-17T12:34:19Z",278,"Hughes","HUL","2.7","2.8","3.1","3.4",1,21,"0.2",39,12651,3829,0,0,"0.0","i",-1,-1,,"false"
"2026-09-17T12:34:19Z",279,"Ajayi","HUL","51.6","53.3","57.2","61.1",3,296,"13.8",42,178518,60726,26,333,"6.5","a",0,2,,"false"
"2026-09-17T12:34:19Z",280,"Coyle","HUL","-10.4","-9.2","-6.6","-3.9",-1,13,"0.7",40,8377,2920,13,258,"3.2","a",0,0,,"false"
"2026-09-17T12:34:19Z",281,"Drameh","HUL","0.0","0.0","0.0","0.0",0,0,"0.0",40,0,501,2,65,"0.5","u",0,0,,"false"
"2026-09-17T12:34:19Z",282,"Giles","HUL","49.0","50.4","53.3","56.3",3,226,"2.6",40,96658,14688,24,354,"6.0","a",0,0,,"false"
"2026-09-17T12:34:19Z",283,"Jacob","HUL","0.0","0.0","0.0","0.0",0,0,"0.0",40,0,70,0,0,"0.0","u",0,0,,"false"
"2026-09-17T12:34:19Z",284,"McCarthy","HUL","0.3","0.3","0.3","0.3",1,-2,"0.1",40,963,666,0,0,"0.0","a",0,0,,"false"
"2026-09-17T12:34:19Z",285,"McNair","HUL","-29.9","-28.6","-25.6","-22.7",-2,3,"0.1",40,486,621,1,26,"0.2","a",0,0,,"false"
"2026-09-17T12:34:19Z",286,"Belloumi","HUL","5.2","7.3","12.3","17.2",1,1009,"3.6",51,255320,20933,27,312,"6.8","a",1,1,,"false"
"2026-09-17T12:34:19Z",287,"Millar","HUL","0.0","0.0","0.0","0.0",0,-4,"0.0",50,0,772,6,50,"1.5","u",0,0,,"false"
"2026-09-17T12:34:19Z",288,"Dowell","HUL","-51.2","-51.9","-53.7","-55.4",-3,-4,"0.3",45,1172,3058,0,0,"0.0","a",0,0,,"false"
"2026-09-17T12:34:19Z",289,"Crooks","HUL","-91.5","-93.0","-96.4","-99.7",-3,-12,"0.5",45,3094,3878,3,158,"0.8","a",0,0,,"false"
"2026-09-17T12:34:19Z",290,"Slater","HUL","75.5","75.3","74.8","74.3",3,-39,"5.6",45,45233,40392,13,360,"3.2","a",0,0,,"false"
"2026-09-17T12:34:19Z",291,"Matazo","HUL","-6.5","-6.5","-6.5","-6.5",-1,0,"0.0",45,50,56,0,0,"0.0","i",0,0,,"false"
"2026-09-17T12:34:19Z",292,"Ömür","HUL","0.0","0.0","-15.6","-31.7",0,-2,"0.0",49,238,243,0,0,"0.0","a",0,-1,,"false"
"2026-09-17T12:34:19Z",293,"Kamara","HUL","0.0","0.0","0.0","0.0",0,0,"0.0",50,0,19,0,0,"0.0","u",0,0,,"false"
"2026-09-17T12:34:19Z",294,"Zambrano","HUL","0.0","0.0","0.0","0.0",0,0,"0.1",45,1025,837,0,0,"0.0","a",0,0,,"false"
"2026-09-17T12:34:19Z",295,"McBurnie","HUL","27.0","27.4","28.2","29.1",2,65,"2.0",55,23905,18102,12,351,"3.0","a",0,0,,"false"
"2026-09-17T12:34:19Z",296,"Akintola","HUL","0.0","0.0","0.0","0.0",0,-4,"0.0",50,0,972,0,0,"0.0","u",0,0,,"false"
"2026-09-17T12:34:19Z",297,"Gyabi","HUL","-80.8","-80.8","-80.8","-80.8",-3,0,"0.0",45,45,148,0,0,"0.0","i",0,0,,"false"
"2026-09-17T12:34:19Z",298,"Destan","HUL","0.0","0.0","0.0","0.0",0,-5,"0.2",45,0,1967,0,0,"0.0","u",0,0,,"false"
"2026-09-17T12:34:19Z",299,"Burstow","HUL","0.0","0.0","0.0","0.0",0,0,"0.0",45,0,274,0,0,"0.0","u",0,0,,"false"
"2026-09-17T12:34:19Z",340,"Gelhardt","HUL","0.0","0.0","0.0","0.0",0,0,"0.0",50,219,172,0,0,"0.0","a",0,0,,"false"
"2026-09-17T12:34:19Z",556,"Targett","HUL","-71.6","-72.4","-74.3","-76.2",-3,-25,"1.8",40,3547,11274,1,5,"0.2","a",0,0,,"false"
"2026-09-17T12:34:19Z",563,"Morita","HUL","-53.7","-53.7","-53.7","-53.7",-3,0,"0.0",50,19,337,1,45,"0.2","i",0,0,,"false"
"2026-09-17T12:34:19Z",572,"Tzolakis","HUL","68.2","69.4","72.1","74.8",3,205,"11.1",46,113638,38725,28,360,"7.0","a",0,1,,"false"
"2026-09-17T12:34:19Z",574,"Hjertø-Dahl","HUL","-29.3","-35.6","-49.9","-64.1",-2,-6,"0.1",49,226,568,1,8,"0.2","a",0,-1,,"false"
"2026-09-17T12:34:19Z",576,"Stroud","HUL","-25.1","-25.1","-25.1","-25.1",-2,0,"0.1",50,472,611,7,249,"1.8","a",0,0,,"false"
"2026-09-17T12:34:19Z",585,"Herrington","HUL","-20.9","-21.0","-21.1","-21.2",-2,-1,"0.6",40,2556,2530,4,107,"1.0","a",0,0,,"false"
"2026-09-17T12:34:19Z",586,"Mendy","HUL","-30.8","-33.0","-38.1","-43.2",-2,-486,"7.1",41,12798,102481,25,249,"6.2","d",0,1,,"false"
"2026-09-17T12:34:19Z",589,"Gourna-Douath","HUL","-43.9","-48.9","-60.1","-71.3",-3,-2,"0.0",50,116,194,3,126,"0.8","a",0,0,,"false"
"2026-09-17T12:34:19Z",617,"Cho","HUL","0.1","0.1","0.1","0.1",1,0,"0.0",50,293,176,3,45,"1.0","a",0,0,,"false"
"2026-09-17T12:34:19Z",632,"Ansah","HUL","-12.8","-15.0","-19.9","-24.7",-1,-3,"0.0",50,104,1028,0,0,"0.0","i",0,0,,"false"
"2026-09-17T12:34:19Z",637,"Vaz","HUL","0.3","0.5","0.8","1.2",1,26,"0.1",50,4072,1176,1,8,"0.5","a",0,0,,"false"
"2026-09-17T12:34:19Z",638,"Norton-Cuffy","HUL","-0.9","-1.2","-1.9","-2.6",-1,-1,"0.3",40,3942,2765,1,34,"0.5","a",0,0,,"false"
"2026-09-17T12:34:19Z",642,"Thomas","HUL","0.1","0.1","0.2","0.2",1,4,"0.0",55,974,369,2,57,"1.0","a",0,0,,"false"
"2026-09-17T12:34:19Z",645,"Mouzakitis","HUL","0.0","0.0","0.0","0.0",0,0,"0.0",50,166,87,0,0,"0.0","a",0,0,,"false"
"2026-09-17T12:34:19Z",259,"Diop","IPS","-34.2","-34.9","-36.4","-37.9",-2,-150,"13.6",40,13803,71231,8,360,"2.0","a",0,0,,"false"
"2026-09-17T12:34:19Z",267,"Lukić","IPS","-80.3","-82.3","-87.0","-91.7",-3,-4,"0.1",50,253,847,9,328,"2.2","a",0,0,,"false"
"2026-09-17T12:34:19Z",300,"Walton","IPS","-7.8","-8.9","-11.5","-14.1",-1,-7,"0.4",44,600,1470,0,0,"0.0","a",0,-1,,"false"
"2026-09-17T12:34:19Z",301,"Palmer","IPS","-17.6","-17.9","-18.5","-19.2",-1,-19,"4.0",40,6342,13678,0,0,"0.0","a",0,0,,"false"
"2026-09-17T12:34:19Z",302,"Button","IPS","1.0","1.0","1.1","1.1",1,1,"0.6",40,1849,1570,0,0,"0.0","a",0,0,,"false"
"2026-09-17T12:34:19Z",303,"Kipré","IPS","7.5","8.4","10.5","12.6",1,160,"0.9",39,28723,6087,0,0,"0.0","a",-1,-1,,"false"
"2026-09-17T12:34:19Z",304,"O'Shea","IPS","-22.8","-23.4","-24.7","-26.1",-2,-28,"2.9",40,4415,12925,8,360,"2.0","a",0,0,,"false"
"2026-09-17T12:34:19Z",305,"Davis","IPS","43.6","45.4","49.3","53.3",3,302,"6.4",40,142538,21394,23,360,"5.8","a",0,0,,"false"
"2026-09-17T12:34:19Z",306,"Greaves","IPS","-61.8","-62.4","-63.8","-65.3",-3,-12,"1.2",40,966,4283,3,357,"0.8","a",0,0,,"false"
"2026-09-17T12:34:19Z",307,"Johnson","IPS","0.0","0.0","0.0","0.0",0,-6,"0.1",40,0,799,0,0,"0.0","u",0,0,,"false"
"2026-09-17T12:34:19Z",308,"Furlong","IPS","-100.3","-100.7","-101.6","-102.5",-5,-3,"0.5",40,261,2072,1,17,"0.2","a",0,0,,"false"
"2026-09-17T12:34:19Z",309,"Núñez","IPS","-7.3","-8.2","-10.4","-12.6",-1,-3,"0.1",49,233,1254,6,140,"1.5","a",-1,-1,,"false"
"2026-09-17T12:34:19Z",310,"Matusiwa","IPS","0.0","0.0","0.0","0.0",0,0,"0.0",49,40,26,0,0,"0.0","a",0,-1,"2026-09-19T14:00:09.742968Z","false"
"2026-09-17T12:34:19Z",311,"Burns","IPS","0.0","0.0","0.0","0.0",0,0,"0.0",50,0,16,0,0,"0.0","u",0,0,,"false"
"2026-09-17T12:34:19Z",312,"Taylor","IPS","-91.5","-93.1","-96.7","-100.3",-3,-2,"0.0",45,63,256,0,0,"0.0","i",0,0,,"false"
"2026-09-17T12:34:19Z",313,"Clarke","IPS","-36.2","-37.2","-39.3","-41.5",-2,-3,"0.2",54,348,1895,9,105,"2.2","a",0,-1,,"false"
"2026-09-17T12:34:19Z",314,"Ogbene","IPS","0.0","0.0","0.0","0.0",0,-1,"0.0",49,0,110,0,0,"0.0","u",0,-1,,"false"
"2026-09-17T12:34:19Z",315,"Fatawu","IPS","-100.9","-103.2","-108.3","-113.4",-5,-7,"0.2",55,413,1760,9,286,"2.2","a",0,0,,"false"
"2026-09-17T12:34:19Z",316,"Emersonn","IPS","52.3","55.4","62.5","69.6",3,538,"2.8",55,108862,17182,24,237,"6.0","a",0,0,,"false"
"2026-09-17T12:34:19Z",317,"Hirst","IPS","0.0","0.0","0.0","0.0",0,-8,"0.1",50,0,847,0,0,"0.0","u",0,0,,"false"
"2026-09-17T12:34:19Z",318,"Philogene","IPS","0.0","0.0","0.0","0.0",0,0,"0.1",54,70,259,1,28,"0.2","a",0,-1,"2026-09-19T14:00:09.771450Z","false"
"2026-09-17T12:34:19Z",319,"Szmodics","IPS","0.0","0.0","0.0","0.0",0,0,"0.0",50,0,40,0,0,"0.0","u",0,0,,"false"
"2026-09-17T12:34:19Z",320,"Akpom","IPS","23.5","23.5","23.5","23.5",2,1,"1.2",50,15361,14800,6,69,"1.5","a",0,0,,"false"
"2026-09-17T12:34:19Z",321,"Walle Egeli","IPS","38.4","38.3","38.1","38.0",2,-12,"3.6",45,42226,30780,1,10,"0.2","a",0,0,,"false"
"2026-09-17T12:34:19Z",322,"Al-Hamadi","IPS","0.0","0.0","0.0","0.0",0,-1,"0.1",50,0,637,0,0,"0.0","u",0,0,,"false"
"2026-09-17T12:34:19Z",323,"McAteer","IPS","-62.3","-65.1","-71.4","-77.7",-3,-51,"1.1",45,1741,9172,3,42,"0.8","a",0,0,,"false"
"2026-09-17T12:34:19Z",324,"Mehmeti","IPS","-83.1","-83.1","-83.1","-83.1",-3,0,"0.0",49,47,232,0,0,"0.0","a",0,-1,,"false"
"2026-09-17T12:34:19Z",554,"Van Oevelen","IPS","0.0","0.0","0.0","0.0",0,0,"0.0",45,0,172,0,0,"0.0","u",0,0,,"false"
"2026-09-17T12:34:19Z",562,"Maeda","IPS","-59.3","-64.1","-74.8","-85.6",-3,-20,"0.2",54,177,2702,7,243,"1.8","a",0,-1,,"false"
"2026-09-17T12:34:19Z",564,"Scherpen","IPS","-19.8","-20.0","-20.6","-21.2",-2,-3,"0.6",45,1647,2451,7,360,"1.8","a",0,0,,"false"
"2026-09-17T12:34:19Z",571,"Florentino","IPS","-61.4","-62.9","-66.2","-69.5",-3,-2,"0.1",49,135,496,1,13,"0.2","a",0,-1,,"false"
"2026-09-17T12:34:19Z",591,"Enciso","IPS","10.2","10.0","9.5","8.9",1,-38,"0.8",55,5741,9770,13,340,"3.2","a",0,0,,"false"
"2026-09-17T12:34:19Z",592,"Ouattara","IPS","-18.5","-19.4","-21.4","-23.4",-1,-13,"0.9",40,1928,3592,4,41,"1.0","a",0,0,,"false"
"2026-09-17T12:34:19Z",602,"Humphreys","IPS","0.0","0.0","0.0","0.0",0,-4,"0.0",45,0,394,0,0,"0.0","u",0,0,,"false"
"2026-09-17T12:34:19Z",619,"Palacios","IPS","0.7","0.7","0.9","1.1",1,12,"0.1",50,2772,822,9,195,"3.0","a",0,0,,"false"
"2026-09-17T12:34:19Z",640,"Flemming","IPS","0.2","0.2","0.3","0.3",1,4,"0.1",55,2905,803,6,51,"3.0","a",0,0,,"false"
"2026-09-17T12:34:19Z",260,"Wilson","LEE","-100.2","-106.1","-119.4","-132.7",-5,-231,"2.4",63,2639,41336,5,145,"1.2","a",0,-2,,"false"
"2026-09-17T12:34:19Z",326,"Perri","LEE","0.0","0.0","0.0","0.0",0,-15,"0.3",45,0,2389,0,0,"0.0","u",0,0,,"false"
"2026-09-17T12:34:19Z",327,"Bijol","LEE","7.6","7.4","7.0","6.6",1,-31,"0.8",50,2604,9113,12,164,"3.0","a",0,0,,"false"
"2026-09-17T12:34:19Z",329,"Rodon","LEE","-64.9","-67.4","-72.9","-78.4",-3,-112,"1.0",44,45,18641,7,123,"1.8","i",0,-1,,"false"
"2026-09-17T12:34:19Z",330,"Bogle","LEE","103.5","115.8","143.6","171.4",5,2109,"4.2",45,195668,14091,37,299,"9.2","a",0,0,,"false"
"2026-09-17T12:34:19Z",331,"Gudmundsson","LEE","0.5","0.5","0.5","0.6",1,4,"0.1",45,947,363,8,162,"2.0","a",0,0,,"false"
"2026-09-17T12:34:19Z",332,"Justin","LEE","15.9","15.9","15.8","15.7",1,-7,"1.5",45,5434,8031,18,360,"4.5","a",0,0,,"false"
"2026-09-17T12:34:19Z",333,"Bornauw","LEE","0.0","0.0","0.0","0.0",0,0,"0.0",45,0,16,0,0,"0.0","u",0,0,,"false"
"2026-09-17T12:34:19Z",334,"Muharemović","LEE","24.1","25.3","28.1","30.9",2,211,"4.1",50,35903,16187,21,360,"5.2","a",0,0,,"false"
"2026-09-17T12:34:19Z",335,"Stach","LEE","19.7","19.7","19.8","19.9",1,8,"2.7",60,13678,22317,22,357,"5.5","a",0,0,,"false"
"2026-09-17T12:34:19Z",336,"Okafor","LEE","3.4","4.0","5.5","6.9",1,108,"0.4",58,9943,3148,15,224,"3.8","a",-1,-2,,"false"
"2026-09-17T12:34:19Z",337,"Aaronson","LEE","-56.7","-60.1","-67.7","-75.4",-3,-30,"0.5",54,609,5414,6,172,"1.5","a",0,-1,,"false"
"2026-09-17T12:34:19Z",338,"Ampadu","LEE","-12.5","-11.9","-10.7","-9.4",-1,9,"1.0",54,3377,6760,16,360,"4.0","a",0,-1,,"false"
"2026-09-17T12:34:19Z",339,"Longstaff","LEE","-39.9","-42.6","-48.7","-54.8",-3,-4,"0.1",49,329,965,2,10,"0.5","a",0,-1,,"false"
"2026-09-17T12:34:19Z",341,"Gnonto","LEE","0.0","0.0","0.0","0.0",0,0,"0.0",50,0,136,0,0,"0.0","u",0,0,,"false"
"2026-09-17T12:34:19Z",342,"Harrison","LEE","0.0","0.0","0.0","0.0",0,0,"0.0",50,0,8,0,0,"0.0","u",0,0,,"false"
"2026-09-17T12:34:19Z",343,"James","LEE","-8.6","-10.2","-13.9","-17.7",-1,-5,"0.1",49,509,958,2,29,"0.5","a",-1,-1,,"false"
"2026-09-17T12:34:19Z",344,"Gruev","LEE","-51.7","-51.7","-51.7","-51.7",-3,0,"0.0",50,10,31,0,0,"0.0","d",0,0,,"false"
"2026-09-17T12:34:19Z",345,"Tanaka","LEE","2.8","3.2","3.9","4.7",1,57,"0.3",49,5934,2136,12,188,"3.0","a",0,-1,,"false"
"2026-09-17T12:34:19Z",346,"Calvert-Lewin","LEE","-24.9","-16.7","3.6","45.0",-1,3140,"23.5",60,231714,104300,20,329,"5.0","a",0,0,,"false"
"2026-09-17T12:34:19Z",347,"Nmecha","LEE","0.0","-0.4","-1.8","-3.3",-1,-5,"0.5",54,4233,4968,6,50,"1.5","a",0,-1,,"false"
"2026-09-17T12:34:19Z",348,"Piroe","LEE","0.0","0.0","0.0","0.0",0,-4,"0.1",50,0,709,0,0,"0.0","u",0,0,,"false"
"2026-09-17T12:34:19Z",349,"Mateo Joseph","LEE","-31.6","-29.9","-26.1","-22.3",-2,4,"0.1",45,465,518,0,0,"0.0","i",0,0,,"false"
"2026-09-17T12:34:19Z",385,"Trafford","LEE","26.5","26.8","27.5","28.3",2,56,"5.4",50,20223,23162,18,360,"4.5","a",0,0,,"false"
"2026-09-17T12:34:19Z",598,"Elvedi","LEE","0.3","0.4","0.4","0.4",1,2,"0.0",45,514,297,7,236,"1.8","a",0,0,,"false"
"2026-09-17T12:34:19Z",603,"Lienou","LEE","0.2","0.2","0.1","0.1",1,-4,"0.1",40,891,742,0,0,"0.0","a",0,0,,"false"
"2026-09-17T12:34:19Z",604,"Cresswell","LEE","0.2","0.2","0.2","0.2",1,-1,"0.1",45,1045,1417,0,0,"0.0","a",0,0,,"false"
"2026-09-17T12:34:19Z",625,"Cairns","LEE","0.3","0.3","0.4","0.5",1,5,"0.2",40,2512,1052,0,0,"0.0","a",0,0,,"false"
"2026-09-17T12:34:19Z",629,"Zetterer","LEE","1.4","1.6","2.1","2.6",1,36,"0.7",40,13949,3512,0,0,"0.0","a",0,0,,"false"
"2026-09-17T12:34:19Z",641,"Bard","LEE","0.0","0.0","-23.7","-52.3",0,-2,"0.0",45,265,98,1,18,"0.5","a",0,0,,"false"
"2026-09-17T12:34:19Z",648,"Bahoya","LEE","-3.8","-21.6","-61.8","-101.9",-2,-4,"0.0",50,279,294,0,0,"0.0","a",0,0,,"false"
"2026-09-17T12:34:19Z",350,"A.Becker","LIV","2.6","2.4","1.9","1.5",1,-34,"3.9",55,15198,16024,19,360,"4.8","a",0,0,,"false"
"2026-09-17T12:34:19Z",351,"Mamardashvili","LIV","-69.9","-69.9","-69.9","-69.9",-3,0,"0.1",49,338,1034,0,0,"0.0","a",0,-1,,"false"
"2026-09-17T12:34:19Z",352,"Woodman","LIV","-20.4","-20.7","-21.4","-22.0",-2,-5,"1.0",40,1888,3283,0,0,"0.0","a",0,0,,"false"
"2026-09-17T12:34:19Z",353,"Pecsi","LIV","0.0","0.0","0.0","0.0",0,0,"0.0",40,0,85,0,0,"0.0","u",0,0,,"false"
"2026-09-17T12:34:19Z",354,"Jaros","LIV","0.0","0.0","0.0","0.0",0,0,"0.0",40,159,90,0,0,"0.0","i",0,0,,"false"
"2026-09-17T12:34:19Z",355,"Davies","LIV","0.1","0.1","0.1","0.1",1,0,"0.2",40,625,584,0,0,"0.0","a",0,0,,"false"
"2026-09-17T12:34:19Z",356,"Virgil","LIV","-44.4","-44.9","-46.1","-47.3",-3,-146,"16.6",65,26787,58193,17,360,"4.2","a",0,0,,"false"
"2026-09-17T12:34:19Z",357,"Frimpong","LIV","-99.5","-104.4","-115.4","-126.4",-5,-158,"2.0",54,2263,29036,2,178,"0.5","a",0,-1,,"false"
"2026-09-17T12:34:19Z",358,"Kerkez","LIV","-52.9","-56.1","-63.2","-70.3",-3,-125,"2.4",54,1986,29595,7,295,"1.8","a",0,-1,,"false"
"2026-09-17T12:34:19Z",359,"Gomez","LIV","0.0","0.0","0.0","0.0",0,0,"0.0",49,92,91,0,0,"0.0","a",-1,-1,"2026-09-22T14:30:07.295674Z","false"
"2026-09-17T12:34:19Z",360,"Bradley","LIV","-71.6","-71.6","-71.6","-71.6",-3,0,"0.0",50,42,88,0,0,"0.0","i",0,0,,"false"
"2026-09-17T12:34:19Z",361,"Lucky","LIV","-32.2","-32.6","-33.3","-34.1",-2,-1,"0.1",40,568,849,0,0,"0.0","a",0,0,,"false"
"2026-09-17T12:34:19Z",362,"Jacquet","LIV","37.6","38.3","40.1","41.8",2,131,"3.2",50,53796,12573,18,325,"4.5","a",0,0,,"false"
"2026-09-17T12:34:19Z",363,"Leoni","LIV","-44.1","-45.5","-48.5","-51.5",-3,-2,"0.0",40,99,260,0,0,"0.0","i",0,0,,"false"
"2026-09-17T12:34:19Z",364,"Tsimikas","LIV","-20.2","-22.3","-27.1","-31.9",-2,-3,"0.1",49,254,484,2,64,"0.5","a",0,-1,,"false"
"2026-09-17T12:34:19Z",365,"Ramsay","LIV","0.0","0.0","0.0","0.0",0,-7,"0.1",40,0,821,0,0,"0.0","u",0,0,,"false"
"2026-09-17T12:34:19Z",366,"Wirtz","LIV","-102.2","-108.1","-121.5","-134.8",-5,-649,"6.7",74,3965,112568,12,332,"3.0","a",0,-1,,"false"
"2026-09-17T12:34:19Z",367,"Gakpo","LIV","2.0","4.1","8.8","13.5",1,359,"12.4",72,106280,119800,29,280,"7.2","a",0,2,,"false"
"2026-09-17T12:34:19Z",368,"Szoboszlai","LIV","-49.0","-50.5","-53.9","-57.3",-3,-878,"35.6",70,57405,333580,18,360,"4.5","a",0,0,,"false"
"2026-09-17T12:34:19Z",369,"Ngumoha","LIV","-80.1","-84.5","-94.5","-104.6",-3,-38,"0.5",58,1322,7584,4,99,"1.0","a",0,-2,,"false"
"2026-09-17T12:34:19Z",370,"Chiesa","LIV","-90.3","-92.1","-96.3","-100.5",-3,-4,"0.0",54,15,512,0,0,"0.0","i",0,-1,,"false"
"2026-09-17T12:34:19Z",371,"Gravenberch","LIV","-80.0","-83.3","-90.7","-98.0",-3,-65,"1.2",59,2826,16657,8,181,"2.0","a",0,-1,,"false"
"2026-09-17T12:34:19Z",372,"Mac Allister","LIV","-23.2","-23.5","-24.0","-24.6",-2,-6,"1.3",54,7743,14126,6,216,"1.5","a",0,-1,,"false"
"2026-09-17T12:34:19Z",373,"C.Jones","LIV","0.0","0.0","0.0","0.0",0,0,"0.0",55,0,106,0,0,"0.0","u",0,0,,"false"
"2026-09-17T12:34:19Z",374,"Endo","LIV","-25.0","-22.1","-15.6","-9.1",-2,3,"0.1",49,294,651,0,0,"0.0","a",0,-1,,"false"
"2026-09-17T12:34:19Z",375,"Nyoni","LIV","-40.5","-45.9","-58.0","-70.2",-3,-3,"0.0",49,139,414,2,19,"0.5","a",0,-1,,"false"
"2026-09-17T12:34:19Z",376,"Bajcetic","LIV","0.0","0.0","0.0","0.0",0,0,"0.0",50,0,6,0,0,"0.0","u",0,0,,"false"
"2026-09-17T12:34:19Z",377,"Munoz","LIV","14.0","13.5","12.4","11.3",1,-83,"1.1",65,4174,21257,14,239,"3.5","a",0,0,,"false"
"2026-09-17T12:34:19Z",378,"McConnell","LIV","0.3","0.3","0.4","0.4",1,4,"0.2",44,1890,1808,0,0,"0.0","a",-1,-1,,"false"
"2026-09-17T12:34:19Z",379,"Isak","LIV","-4.2","-4.2","-4.1","-3.9",-1,10,"21.9",91,79665,163767,25,333,"6.2","a",0,1,,"false"
"2026-09-17T12:34:19Z",380,"Ekitiké","LIV","-14.2","-14.5","-15.0","-15.5",-1,-1,"0.1",74,298,950,0,0,"0.0","i",0,-1,,"false"
"2026-09-17T12:34:19Z",381,"Koumas","LIV","-81.5","-81.5","-81.5","-81.5",-3,0,"0.0",50,146,222,2,13,"0.5","a",0,0,,"false"
"2026-09-17T12:34:19Z",382,"Danns","LIV","1.9","2.3","3.0","3.8",1,57,"0.2",45,6305,2187,0,0,"0.0","a",0,0,,"false"
"2026-09-17T12:34:19Z",383,"Elliott","LIV","0.0","0.0","0.0","0.0",0,0,"0.0",54,0,460,0,0,"0.0","u",0,-1,,"false"
"2026-09-17T12:34:19Z",579,"Araujo","LIV","25.5","25.7","26.2","26.7",2,37,"2.9",54,28980,11852,15,194,"3.8","a",0,-1,,"false"
"2026-09-17T12:34:19Z",627,"Barcola","LIV","-18.7","-20.8","-25.4","-30.1",-2,-66,"1.9",80,18018,31989,4,97,"2.0","a",0,0,,"false"
"2026-09-17T12:34:19Z",155,"Enzo","MCI","-32.3","-30.1","-25.1","-20.1",-2,124,"3.4",69,36495,22733,6,181,"1.5","a",0,-1,,"false"
"2026-09-17T12:34:19Z",237,"Ndiaye","MCI","-91.0","-94.3","-101.6","-109.0",-3,-417,"7.8",59,26515,125023,17,311,"4.2","a",0,-1,,"false"
"2026-09-17T12:34:19Z",384,"Donnarumma","MCI","-42.7","-41.9","-40.0","-38.2",-3,102,"7.7",55,33031,30049,17,360,"4.2","a",0,0,,"false"
"2026-09-17T12:34:19Z",386,"Bettinelli","MCI","-68.8","-63.4","-51.4","-39.4",-3,2,"0.0",45,58,141,0,0,"0.0","a",0,0,,"false"
"2026-09-17T12:34:19Z",387,"O'Reilly","MCI","-50.7","-53.4","-59.4","-65.3",-3,-527,"12.1",64,8915,121174,5,158,"1.2","a",0,-1,,"false"
"2026-09-17T12:34:19Z",388,"Guéhi","MCI","59.4","60.1","61.8","63.4",3,124,"18.5",60,59011,51117,26,360,"6.5","a",0,0,,"false"
"2026-09-17T12:34:19Z",389,"Matheus N.","MCI","-32.0","-31.1","-29.3","-27.5",-2,13,"1.0",59,4613,2910,10,123,"2.5","a",0,-1,,"false"
"2026-09-17T12:34:19Z",390,"Rúben","MCI","2.8","3.1","3.8","4.5",1,54,"1.9",55,14577,7674,16,360,"4.0","a",0,0,,"false"
"2026-09-17T12:34:19Z",391,"Gvardiol","MCI","31.7","35.6","44.2","52.8",2,1774,"24.1",57,364992,26974,33,344,"8.2","a",1,2,,"false"
"2026-09-17T12:34:19Z",392,"Aït-Nouri","MCI","-51.1","-54.5","-62.2","-69.9",-3,-24,"0.4",53,953,4523,0,0,"0.0","a",0,-2,,"false"
"2026-09-17T12:34:19Z",393,"Khusanov","MCI","-3.3","-4.5","-7.0","-9.6",-1,-47,"1.5",54,2536,13990,9,268,"2.2","a",-1,-1,,"false"
"2026-09-17T12:34:19Z",394,"Alleyne","MCI","0.0","0.0","0.0","0.0",0,0,"0.0",50,0,26,0,0,"0.0","u",0,0,,"false"
"2026-09-17T12:34:19Z",395,"Lewis","MCI","-25.6","-26.8","-29.5","-32.2",-2,-4,"0.2",44,879,1999,1,56,"0.2","a",0,-1,,"false"
"2026-09-17T12:34:19Z",396,"Vitor Reis","MCI","-66.7","-64.4","-59.4","-54.3",-3,1,"0.0",45,125,197,1,1,"0.2","a",0,0,,"false"
"2026-09-17T12:34:19Z",397,"Semenyo","MCI","-38.9","-40.3","-43.3","-46.4",-3,-338,"15.2",84,22700,113742,16,360,"4.0","a",0,-1,,"false"
"2026-09-17T12:34:19Z",398,"Foden","MCI","-83.9","-90.1","-104.0","-117.9",-3,-780,"2.8",70,1988,123486,9,217,"2.2","s",0,0,,"false"
"2026-09-17T12:34:19Z",399,"Cherki","MCI","-57.6","-59.5","-63.7","-67.9",-3,-317,"28.2",78,96589,200555,26,218,"6.5","a",0,3,,"false"
"2026-09-17T12:34:19Z",400,"Doku","MCI","-74.0","-74.8","-76.7","-78.6",-3,-26,"0.7",74,187,5254,0,0,"0.0","i",0,-1,,"false"
"2026-09-17T12:34:19Z",402,"Rodrigo","MCI","0.0","0.0","0.0","0.0",0,0,"0.0",65,0,41,0,0,"0.0","u",0,0,,"false"
"2026-09-17T12:34:19Z",404,"Reijnders","MCI","0.0","0.0","0.0","0.0",0,0,"0.0",60,0,177,0,0,"0.0","u",0,0,,"false"
"2026-09-17T12:34:19Z",406,"Kovačić","MCI","-50.2","-54.6","-64.4","-74.3",-3,-6,"0.1",54,188,729,2,42,"0.5","a",0,-1,,"false"
"2026-09-17T12:34:19Z",407,"Echeverri","MCI","0.0","0.0","0.0","0.0",0,0,"0.0",49,0,103,0,0,"0.0","u",0,-1,,"false"
"2026-09-17T12:34:19Z",408,"Phillips","MCI","0.0","0.0","0.0","0.0",0,0,"0.0",50,0,28,0,0,"0.0","u",0,0,,"false"
"2026-09-17T12:34:19Z",409,"Mukasa","MCI","0.0","0.0","0.0","0.0",0,-6,"0.1",45,0,1214,0,0,"0.0","u",0,0,,"false"
"2026-09-17T12:34:19Z",410,"Monga","MCI","0.0","0.0","0.0","0.0",0,-1,"0.0",49,0,91,0,0,"0.0","u",0,-1,,"false"
"2026-09-17T12:34:19Z",411,"Haaland","MCI","97.1","100.0","106.6","113.1",5,498,"72.7",155,120441,18638,33,360,"8.2","a",0,0,,"false"
"2026-09-17T12:34:19Z",481,"Anderson","MCI","-15.2","-15.2","-15.2","-15.3",-1,-1,"4.2",63,20903,25963,13,323,"3.2","a",0,-2,,"false"
"2026-09-17T12:34:19Z",587,"Rulli","MCI","-75.7","-85.8","-108.5","-131.2",-3,-3,"0.0",50,120,144,0,0,"0.0","a",0,0,,"false"
"2026-09-17T12:34:19Z",616,"Bouaddi","MCI","0.2","0.2","0.2","0.2",1,1,"0.2",55,2238,3054,2,22,"0.7","a",0,0,,"false"
"2026-09-17T12:34:19Z",621,"McAidoo","MCI","-24.4","-29.7","-41.6","-53.4",-2,-10,"0.1",45,758,1489,2,11,"0.7","a",0,0,,"false"
"2026-09-17T12:34:19Z",622,"Braithwaite","MCI","-0.5","0.1","0.2","0.3",1,11,"0.2",40,1856,2081,1,1,"0.3","a",0,0,,"false"
"2026-09-17T12:34:19Z",628,"Allan","MCI","0.0","0.0","0.0","0.0",0,0,"0.0",60,211,178,0,0,"0.0","a",0,0,,"false"
"2026-09-17T12:34:19Z",653,"Samba","MCI","0.0","0.0","0.0","0.0",0,0,"0.0",45,460,710,0,0,"0.0","a",0,0,"2026-09-18T19:49:28.106817Z","false"
"2026-09-17T12:34:19Z",43,"Tielemans","MUN","-6.3","-7.2","-9.2","-11.1",-1,-39,"1.6",58,6309,17474,10,312,"2.5","a",-1,-2,,"false"
"2026-09-17T12:34:19Z",131,"Baleba","MUN","-3.0","-3.3","-3.8","-4.4",-1,-2,"0.1",49,474,1288,0,0,"0.0","i",-1,-1,,"false"
"2026-09-17T12:34:19Z",162,"Andrey Santos","MUN","-13.5","-15.4","-19.5","-23.6",-1,-32,"0.6",48,2184,9006,4,82,"1.0","a",-1,-2,,"false"
"2026-09-17T12:34:19Z",325,"Darlow","MUN","-16.6","-19.6","-26.5","-33.5",-1,-2,"0.0",45,121,233,0,0,"0.0","a",0,0,,"false"
"2026-09-17T12:34:19Z",412,"Lammens","MUN","-8.8","-9.6","-11.4","-13.2",-1,-239,"10.6",49,10720,81369,7,360,"1.8","a",-1,-1,,"false"
"2026-09-17T12:34:19Z",413,"Bayindir","MUN","0.0","0.0","0.0","0.0",0,0,"0.0",45,0,80,0,0,"0.0","u",0,0,,"false"
"2026-09-17T12:34:19Z",414,"Heaton","MUN","-28.5","-28.8","-29.5","-30.2",-2,-1,"0.1",40,236,318,0,0,"0.0","i",0,0,,"false"
"2026-09-17T12:34:19Z",415,"Dorgu","MUN","-43.6","-46.0","-51.2","-56.5",-3,-22,"0.6",58,2289,6073,6,165,"1.5","a",0,-2,,"false"
"2026-09-17T12:34:19Z",416,"De Ligt","MUN","-80.6","-80.6","-80.6","-80.6",-3,0,"0.0",50,63,161,0,0,"0.0","i",0,0,,"false"
"2026-09-17T12:34:19Z",417,"Dalot","MUN","-37.0","-39.3","-44.5","-49.7",-2,-66,"1.7",49,2855,12733,6,256,"1.5","a",0,-1,,"false"
"2026-09-17T12:34:19Z",418,"Maguire","MUN","-46.5","-49.2","-55.3","-61.3",-3,-437,"9.9",49,10786,88048,8,360,"2.0","a",0,-1,,"false"
"2026-09-17T12:34:19Z",419,"Martinez","MUN","-74.1","-74.3","-74.7","-75.1",-3,-4,"1.3",50,8531,6580,6,270,"1.5","a",0,0,,"false"
"2026-09-17T12:34:19Z",420,"Yoro","MUN","-94.9","-96.6","-100.4","-104.3",-4,-13,"0.5",49,510,3646,2,22,"0.5","a",0,-1,,"false"
"2026-09-17T12:34:19Z",421,"Heaven","MUN","-51.5","-53.6","-58.3","-62.9",-3,-10,"0.3",44,483,2576,1,90,"0.2","a",0,-1,,"false"
"2026-09-17T12:34:19Z",422,"Mazraoui","MUN","-32.1","-32.8","-34.3","-35.9",-2,-6,"0.5",44,2030,5695,3,97,"0.8","a",0,-1,,"false"
"2026-09-17T12:34:19Z",423,"Shaw","MUN","-60.7","-64.7","-73.8","-82.8",-3,-1200,"9.8",44,1866,201644,7,252,"1.8","d",0,-1,,"false"
"2026-09-17T12:34:19Z",424,"Amass","MUN","-31.7","-32.4","-33.8","-35.1",-2,-2,"0.2",40,1017,1243,0,0,"0.0","a",0,0,,"false"
"2026-09-17T12:34:19Z",425,"Fredricson","MUN","0.0","0.0","0.0","0.0",0,0,"0.0",40,0,90,0,0,"0.0","u",0,0,,"false"
"2026-09-17T12:34:19Z",426,"B.Fernandes","MUN","-75.3","-76.7","-79.8","-83.0",-3,-942,"41.2",120,48955,202983,29,360,"7.2","a",0,0,,"false"
"2026-09-17T12:34:19Z",427,"Mbeumo","MUN","-32.4","-34.4","-38.9","-43.4",-2,-740,"22.4",79,62030,172038,23,360,"5.8","a",0,-1,,"false"
"2026-09-17T12:34:19Z",428,"Cunha","MUN","-61.4","-64.4","-71.2","-77.9",-3,-295,"6.0",79,8544,56767,16,317,"4.0","a",0,-1,,"false"
"2026-09-17T12:34:19Z",429,"Rashford","MUN","-72.1","-73.5","-76.6","-79.6",-3,-36,"1.6",70,13830,15413,8,275,"2.0","a",0,0,,"false"
"2026-09-17T12:34:19Z",430,"Mount","MUN","0.0","0.0","0.0","0.0",0,0,"0.0",54,260,216,0,0,"0.0","a",0,-1,,"false"
"2026-09-17T12:34:19Z",431,"Amad","MUN","-2.0","-2.7","-4.1","-5.5",-1,-16,"0.3",57,53,3894,0,0,"0.0","i",-1,-3,,"false"
"2026-09-17T12:34:19Z",432,"Mainoo","MUN","14.1","14.4","14.9","15.4",1,40,"1.6",55,25702,9122,18,275,"4.5","a",0,0,,"false"
"2026-09-17T12:34:19Z",433,"Ugarte","MUN","-60.1","-60.1","-60.1","-60.1",-3,0,"0.0",50,14,29,0,0,"0.0","i",0,0,,"false"
"2026-09-17T12:34:19Z",434,"J.Fletcher","MUN","-22.6","-22.6","-22.6","-22.6",-2,0,"0.0",49,43,93,0,0,"0.0","a",0,-1,,"false"
"2026-09-17T12:34:19Z",435,"Lacey","MUN","-21.7","-21.7","-21.7","-21.7",-2,0,"0.1",49,243,427,1,10,"0.2","a",0,-1,,"false"
"2026-09-17T12:34:19Z",436,"Collyer","MUN","0.0","0.0","0.0","0.0",0,-1,"0.0",50,0,107,0,0,"0.0","u",0,0,,"false"
"2026-09-17T12:34:19Z",437,"Bendito Mantato","MUN","-73.7","-76.7","-83.6","-90.4",-3,-9,"0.2",45,495,1276,0,0,"0.0","a",0,0,,"false"
"2026-09-17T12:34:19Z",438,"Fletcher","MUN","0.2","0.3","0.5","0.8",1,19,"0.3",44,1484,2179,0,0,"0.0","a",-1,-1,,"false"
"2026-09-17T12:34:19Z",439,"Šeško","MUN","-17.5","-17.4","-17.3","-17.2",-1,2,"1.8",70,16679,16142,8,76,"2.0","a",0,0,,"false"
"2026-09-17T12:34:19Z",440,"Zirkzee","MUN","-89.9","-92.5","-98.3","-104.2",-3,-18,"0.4",54,2006,4210,1,7,"0.2","a",0,-1,,"false"
"2026-09-17T12:34:19Z",441,"Obi","MUN","0.0","0.0","0.0","0.0",0,-111,"1.1",45,5061,14977,0,0,"0.0","u",0,0,,"false"
"2026-09-17T12:34:19Z",405,"N.Gonzalez","NEW","2.6","2.3","1.7","1.0",1,-47,"0.2",55,1092,4031,5,164,"1.2","d",0,0,,"false"
"2026-09-17T12:34:19Z",442,"Pope","NEW","-22.7","-24.0","-27.0","-30.0",-2,-21,"1.0",49,1291,5299,0,0,"0.0","a",0,-1,,"false"
"2026-09-17T12:34:19Z",443,"Gillespie","NEW","-29.1","-29.1","-29.1","-29.1",-2,0,"0.0",45,133,153,0,0,"0.0","a",0,0,,"false"
"2026-09-17T12:34:19Z",444,"Jaouen","NEW","-91.0","-93.6","-99.3","-105.1",-3,-2,"0.0",45,18,192,0,0,"0.0","d",0,0,,"false"
"2026-09-17T12:34:19Z",445,"Thiaw","NEW","14.2","14.3","14.3","14.4",1,6,"2.2",50,16291,16904,10,360,"2.5","a",0,0,,"false"
"2026-09-17T12:34:19Z",446,"Schär","NEW","-2.3","-2.3","-2.1","-1.9",-1,1,"0.2",49,838,1757,1,1,"0.2","a",-1,-1,,"false"
"2026-09-17T12:34:19Z",447,"Botman","NEW","6.8","6.8","7.0","7.2",1,12,"0.7",50,4418,4610,11,360,"2.8","a",0,0,,"false"
"2026-09-17T12:34:19Z",448,"Burn","NEW","-77.9","-79.0","-81.4","-83.8",-3,-40,"0.8",49,144,8440,0,0,"0.0","i",0,-1,,"false"
"2026-09-17T12:34:19Z",449,"Hall","NEW","27.2","28.6","31.8","35.0",2,242,"14.4",52,133376,80114,18,359,"4.5","a",0,2,,"false"
"2026-09-17T12:34:19Z",450,"Livramento","NEW","0.4","0.4","0.6","0.7",1,11,"0.1",49,1986,777,4,33,"1.0","a",0,-1,,"false"
"2026-09-17T12:34:19Z",451,"A.Murphy","NEW","0.0","0.0","0.0","0.0",0,-2,"0.1",40,0,480,0,0,"0.0","u",0,0,,"false"
"2026-09-17T12:34:19Z",453,"Barnes","NEW","82.4","87.8","99.8","111.8",3,911,"3.4",60,101906,25271,19,360,"4.8","a",0,0,,"false"
"2026-09-17T12:34:19Z",454,"Elanga","NEW","-64.3","-73.9","-95.6","-117.3",-3,-3671,"8.4",62,53430,355005,18,232,"4.5","i",0,2,,"false"
"2026-09-17T12:34:19Z",456,"J.Ramsey","NEW","-14.6","-18.9","-28.4","-38.0",-1,-42,"0.3",49,1772,5483,7,69,"1.8","d",0,-1,,"false"
"2026-09-17T12:34:19Z",457,"J.Murphy","NEW","-48.6","-44.8","-36.3","-27.7",-3,8,"0.1",59,1119,1253,2,91,"0.5","a",0,-1,,"false"
"2026-09-17T12:34:19Z",458,"Joelinton","NEW","-42.6","-42.6","-42.6","-42.6",-3,0,"0.0",54,35,139,0,0,"0.0","i",0,-1,,"false"
"2026-09-17T12:34:19Z",459,"L.Miley","NEW","0.4","0.5","0.6","0.6",1,6,"0.1",55,692,924,8,306,"2.0","a",0,0,,"false"
"2026-09-17T12:34:19Z",460,"Willock","NEW","10.6","10.6","10.8","11.0",1,14,"0.5",50,4333,5692,12,198,"3.0","a",0,0,,"false"
"2026-09-17T12:34:19Z",461,"Touré","NEW","-9.8","-6.2","0.0","0.1",-1,8,"0.1",58,1037,1103,7,34,"1.8","a",0,-2,,"false"
"2026-09-17T12:34:19Z",462,"Steur","NEW","-36.1","-36.1","-36.1","-36.1",-2,0,"0.1",49,241,706,5,158,"1.2","a",0,-1,,"false"
"2026-09-17T12:34:19Z",463,"Woltemade","NEW","0.0","0.0","0.0","0.0",0,-47,"0.5",59,0,8822,4,19,"1.0","u",0,-1,,"false"
"2026-09-17T12:34:19Z",464,"Wissa","NEW","31.1","36.0","47.0","58.0",2,835,"18.3",62,160867,142817,15,351,"3.8","a",0,2,,"false"
"2026-09-17T12:34:19Z",465,"Osula","NEW","-95.1","-97.2","-102.1","-107.0",-4,-34,"0.3",59,147,4510,4,55,"1.0","i",0,-1,,"false"
"2026-09-17T12:34:19Z",466,"Neave","NEW","0.0","0.0","0.0","0.0",0,-34,"0.6",45,0,6526,0,0,"0.0","u",0,0,,"false"
"2026-09-17T12:34:19Z",559,"Bamba","NEW","-31.6","-32.2","-33.6","-35.0",-2,-1,"0.1",49,259,764,2,24,"0.5","a",0,-1,,"false"
"2026-09-17T12:34:19Z",567,"Horníček","NEW","18.9","19.0","19.3","19.5",1,20,"1.5",50,14676,10223,11,360,"2.8","a",0,0,,"false"
"2026-09-17T12:34:19Z",593,"Dedić","NEW","43.6","43.5","43.4","43.2",3,-13,"2.8",45,10584,31185,13,327,"3.2","a",0,0,,"false"
"2026-09-17T12:34:19Z",609,"Shahar","NEW","0.0","0.0","0.0","0.0",0,-30,"0.2",40,0,4570,0,0,"0.0","u",0,0,,"false"
"2026-09-17T12:34:19Z",634,"Fernandez-Pardo","NEW","0.0","0.1","0.2","0.4",1,11,"0.1",60,2128,1607,2,84,"1.0","a",0,0,,"false"
"2026-09-17T12:34:19Z",659,"Miley","NEW","0.0","0.0","0.0","0.0",0,0,"0.0",45,1870,315,0,0,"0.0","a",0,0,"2026-09-27T21:39:41.033165Z","false"
"2026-09-17T12:34:19Z",167,"Delap","NFO","48.0","53.7","66.5","79.3",3,973,"1.7",55,87973,11497,8,187,"2.0","a",0,0,,"false"
"2026-09-17T12:34:19Z",201,"Muñoz","NFO","-65.4","-62.0","-54.5","-47.0",-3,311,"5.7",54,38036,34957,3,175,"0.8","a",0,-1,,"false"
"2026-09-17T12:34:19Z",467,"Sels","NFO","0.9","1.4","2.6","3.8",1,88,"1.6",50,22051,7497,12,360,"3.0","a",0,0,,"false"
"2026-09-17T12:34:19Z",468,"John","NFO","-57.9","-57.9","-57.9","-57.9",-3,0,"0.1",45,133,248,0,0,"0.0","a",0,0,,"false"
"2026-09-17T12:34:19Z",469,"N.Williams","NFO","1.0","3.7","9.9","16.0",1,464,"8.8",50,70983,31522,17,360,"4.2","a",0,0,,"false"
"2026-09-17T12:34:19Z",470,"Morato","NFO","0.0","0.0","0.0","0.0",0,-2,"0.0",50,0,320,0,0,"0.0","u",0,0,,"false"
"2026-09-17T12:34:19Z",471,"Milenković","NFO","-67.0","-71.1","-80.3","-89.6",-3,-240,"1.3",55,218,31919,12,270,"3.0","i",0,0,,"false"
"2026-09-17T12:34:19Z",472,"Murillo","NFO","10.9","12.1","14.6","17.1",1,192,"2.0",55,33106,6646,19,359,"4.8","a",0,0,,"false"
"2026-09-17T12:34:19Z",473,"Aina","NFO","-83.9","-83.5","-82.7","-81.8",-3,16,"2.6",45,11888,16281,8,306,"2.0","a",0,0,,"false"
"2026-09-17T12:34:19Z",474,"Jair Cunha","NFO","-44.7","-49.9","-61.4","-73.0",-3,-31,"0.2",45,146,3356,10,270,"2.5","d",0,0,,"false"
"2026-09-17T12:34:19Z",475,"Savona","NFO","-9.9","-9.9","-9.9","-9.9",-1,0,"0.0",45,12,22,0,0,"0.0","i",0,0,,"false"
"2026-09-17T12:34:19Z",476,"O.Richards","NFO","-48.2","-48.3","-48.6","-49.0",-3,-1,"0.2",40,737,1124,0,0,"0.0","a",0,0,,"false"
"2026-09-17T12:34:19Z",477,"Abbott","NFO","0.0","0.0","0.0","0.0",0,-8,"0.2",40,0,1599,0,0,"0.0","u",0,0,,"false"
"2026-09-17T12:34:19Z",478,"Netz","NFO","-1.4","-1.4","-1.4","-1.4",-1,0,"0.0",44,162,257,2,20,"0.5","a",-1,-1,,"false"
"2026-09-17T12:34:19Z",479,"Bindon","NFO","0.0","0.0","0.0","0.0",0,-4,"0.1",40,0,940,0,0,"0.0","u",0,0,,"false"
"2026-09-17T12:34:19Z",480,"Gibbs-White","NFO","12.3","18.6","32.8","47.1",1,2925,"13.2",80,376993,24799,26,360,"6.5","a",1,0,,"false"
"2026-09-17T12:34:19Z",482,"Hudson-Odoi","NFO","-4.8","-3.9","-1.8","0.0",-1,4,"0.2",58,1268,1825,1,1,"0.2","a",-1,-2,,"false"
"2026-09-17T12:34:19Z",483,"Ndoye","NFO","10.0","10.5","11.6","12.7",1,82,"0.7",55,14011,7631,14,258,"3.5","a",0,0,,"false"
"2026-09-17T12:34:19Z",484,"Hutchinson","NFO","0.0","0.0","0.0","0.0",0,-4,"0.1",54,0,781,0,0,"0.0","u",0,-1,,"false"
"2026-09-17T12:34:19Z",485,"Bakwa","NFO","0.0","0.0","0.0","0.0",0,0,"0.0",55,0,44,0,0,"0.0","u",0,0,,"false"
"2026-09-17T12:34:19Z",486,"McAtee","NFO","1.8","1.9","2.1","2.3",1,17,"0.1",55,2185,1059,10,334,"2.5","a",0,0,,"false"
"2026-09-17T12:34:19Z",487,"Dominguez","NFO","-30.6","-34.1","-42.2","-50.3",-2,-4,"0.1",49,177,505,1,1,"0.2","a",0,-1,,"false"
"2026-09-17T12:34:19Z",488,"I.Sangaré","NFO","-34.9","-37.5","-43.3","-49.2",-2,-20,"0.5",49,1092,3546,3,98,"0.8","a",0,-1,,"false"
"2026-09-17T12:34:19Z",489,"Yates","NFO","-41.0","-43.1","-48.0","-52.9",-3,-45,"1.3",45,2374,10957,0,0,"0.0","a",0,0,,"false"
"2026-09-17T12:34:19Z",490,"Wood","NFO","-15.1","-15.6","-16.9","-18.1",-1,-15,"1.0",58,3385,10683,3,45,"0.8","a",-1,-2,,"false"
"2026-09-17T12:34:19Z",491,"Igor Jesus","NFO","10.2","12.0","16.0","20.0",1,303,"2.6",58,37917,19432,11,226,"2.8","a",-1,-2,,"false"
"2026-09-17T12:34:19Z",493,"Kalimuendo","NFO","0.2","0.2","0.2","0.2",1,0,"0.1",54,368,593,1,1,"0.2","a",0,-1,,"false"
"2026-09-17T12:34:19Z",558,"Schlager","NFO","0.2","0.3","0.3","0.4",1,7,"0.1",50,1883,820,11,286,"2.8","a",0,0,,"false"
"2026-09-17T12:34:19Z",581,"Diomande","NFO","-47.3","-46.9","-46.0","-45.2",-3,3,"0.5",54,2615,2406,5,91,"1.2","a",0,-1,,"false"
"2026-09-17T12:34:19Z",590,"Benda","NFO","0.1","0.1","0.1","0.1",1,2,"0.1",45,308,401,0,0,"0.0","a",0,0,,"false"
"2026-09-17T12:34:19Z",112,"Van Hecke","TOT","-20.1","-19.8","-19.1","-18.5",-1,32,"6.7",49,26691,26985,18,360,"4.5","a",0,-1,,"false"
"2026-09-17T12:34:19Z",147,"Tosin","TOT","-14.9","-14.9","-14.9","-14.9",-1,0,"0.2",44,298,677,1,5,"0.2","a",0,-1,,"false"
"2026-09-17T12:34:19Z",401,"Marmoush","TOT","34.3","34.8","35.9","37.1",2,88,"2.1",70,15489,32744,6,249,"1.5","a",0,0,,"false"
"2026-09-17T12:34:19Z",403,"Sávio","TOT","10.6","10.7","11.0","11.2",1,17,"0.7",65,7360,8680,6,150,"1.5","a",0,0,,"false"
"2026-09-17T12:34:19Z",455,"Tonali","TOT","-85.3","-89.7","-99.6","-109.5",-3,-285,"2.1",54,3090,39821,12,344,"3.0","d",0,-1,,"false"
"2026-09-17T12:34:19Z",494,"Vicario","TOT","0.0","0.0","0.0","0.0",0,-4,"0.1",45,0,1335,0,0,"0.0","u",0,0,,"false"
"2026-09-17T12:34:19Z",495,"Austin","TOT","1.9","1.9","1.9","1.9",1,-1,"1.0",40,4373,3300,0,0,"0.0","a",0,0,,"false"
"2026-09-17T12:34:19Z",496,"Kinsky","TOT","-36.1","-36.0","-35.6","-35.2",-2,53,"18.3",45,61043,59191,16,360,"4.0","a",0,0,,"false"
"2026-09-17T12:34:19Z",497,"Dubravka","TOT","-16.4","-16.7","-17.1","-17.6",-1,-61,"17.6",40,37700,56656,0,0,"0.0","a",0,0,,"false"
"2026-09-17T12:34:19Z",498,"Senesi","TOT","-27.5","-29.1","-32.7","-36.4",-2,-179,"3.9",58,1880,50884,3,90,"0.8","a",-1,-2,,"false"
"2026-09-17T12:34:19Z",499,"Pedro Porro","TOT","-96.4","-99.8","-107.5","-115.3",-4,-919,"8.8",55,1431,182243,8,180,"2.0","d",0,0,,"false"
"2026-09-17T12:34:19Z",500,"Romero","TOT","0.0","0.0","0.0","0.0",0,0,"0.1",50,0,493,0,0,"0.0","u",0,0,,"false"
"2026-09-17T12:34:19Z",502,"Robertson","TOT","1.2","1.3","1.4","1.5",1,11,"2.6",44,13488,13744,13,276,"3.2","a",0,-1,,"false"
"2026-09-17T12:34:19Z",503,"Van de Ven","TOT","-7.5","-7.0","-5.7","-4.5",-1,35,"3.9",50,21634,13970,15,270,"3.8","a",0,0,,"false"
"2026-09-17T12:34:19Z",505,"Spence","TOT","0.0","0.0","0.0","0.0",0,-4,"0.2",45,0,2067,0,0,"0.0","u",0,0,,"false"
"2026-09-17T12:34:19Z",506,"Udogie","TOT","-3.0","-3.4","-4.2","-5.0",-1,-4,"0.4",44,444,4086,7,86,"1.8","a",-1,-1,,"false"
"2026-09-17T12:34:19Z",507,"Phillips","TOT","0.0","0.0","0.0","0.0",0,0,"0.0",45,0,82,0,0,"0.0","u",0,0,,"false"
"2026-09-17T12:34:19Z",508,"Davies","TOT","-93.6","-94.0","-95.0","-95.9",-3,-6,"0.8",40,1457,5181,0,0,"0.0","a",0,0,,"false"
"2026-09-17T12:34:19Z",509,"Byfield","TOT","0.0","0.0","0.1","0.1",0,3,"0.1",40,407,403,0,0,"0.0","a",0,0,,"false"
"2026-09-17T12:34:19Z",510,"Rowswell","TOT","-6.6","-5.0","-1.4","0.0",-1,2,"0.1",40,466,512,0,0,"0.0","a",0,0,,"false"
"2026-09-17T12:34:19Z",511,"Souza","TOT","0.0","0.0","0.0","0.0",0,-15,"0.2",40,0,1695,0,0,"0.0","u",0,0,,"false"
"2026-09-17T12:34:19Z",512,"Kudus","TOT","1.2","1.2","1.2","1.2",1,-1,"0.1",65,1599,1996,3,78,"0.8","a",0,0,,"false"
"2026-09-17T12:34:19Z",513,"Xavi","TOT","-9.8","-9.8","-9.8","-9.8",-1,0,"0.0",59,41,104,0,0,"0.0","i",0,-1,,"false"
"2026-09-17T12:34:19Z",514,"Tel","TOT","-86.4","-90.9","-101.1","-111.2",-3,-16,"0.2",58,549,3799,8,257,"2.0","a",0,-2,,"false"
"2026-09-17T12:34:19Z",515,"Maddison","TOT","-37.2","-38.1","-40.3","-42.5",-2,-7,"0.4",63,1054,3134,2,35,"0.5","a",0,-2,,"false"
"2026-09-17T12:34:19Z",516,"Bentancur","TOT","-70.5","-63.9","-49.2","-34.4",-3,19,"0.2",55,1195,1085,11,287,"2.8","a",0,0,,"false"
"2026-09-17T12:34:19Z",517,"Odobert","TOT","0.0","0.0","0.0","0.0",0,0,"0.0",55,16,13,0,0,"0.0","i",0,0,,"false"
"2026-09-17T12:34:19Z",518,"P.M.Sarr","TOT","0.0","0.0","0.0","0.0",0,-2,"0.1",49,0,1588,0,0,"0.0","u",0,-1,,"false"
"2026-09-17T12:34:19Z",519,"Gallagher","TOT","-99.6","-100.3","-102.1","-103.8",-5,-2,"0.2",54,380,1827,3,128,"0.8","a",0,-1,,"false"
"2026-09-17T12:34:19Z",520,"Bergvall","TOT","-73.0","-72.7","-72.1","-71.4",-3,1,"0.1",54,233,882,2,72,"0.5","a",0,-1,,"false"
"2026-09-17T12:34:19Z",521,"Kulusevski","TOT","-78.9","-84.5","-97.1","-109.7",-3,-2,"0.0",65,48,70,0,0,"0.0","i",0,0,,"false"
"2026-09-17T12:34:19Z",522,"Gray","TOT","-1.8","-2.5","-4.3","-6.0",-1,-4,"0.2",49,1172,1575,7,236,"1.8","a",-1,-1,,"false"
"2026-09-17T12:34:19Z",523,"Moore","TOT","0.0","0.0","0.0","0.0",0,-6,"0.1",50,0,1318,3,89,"0.8","u",0,0,,"false"
"2026-09-17T12:34:19Z",524,"Olusesi","TOT","7.5","7.6","7.8","8.1",1,19,"1.0",44,27675,10648,0,0,"0.0","a",0,-1,,"false"
"2026-09-17T12:34:19Z",525,"Fernandes","TOT","-57.2","-59.8","-65.9","-72.0",-3,-38,"0.9",58,1407,9504,6,204,"1.5","a",0,-2,,"false"
"2026-09-17T12:34:19Z",526,"Solanke","TOT","-5.2","-5.8","-7.1","-8.4",-1,-14,"0.9",58,3411,8881,5,105,"1.2","a",-1,-2,,"false"
"2026-09-17T12:34:19Z",527,"Richarlison","TOT","0.0","0.0","0.0","0.0",0,-86,"0.8",59,0,14696,2,67,"0.5","u",0,-1,,"false"
"2026-09-17T12:34:19Z",528,"Scarlett","TOT","0.0","0.0","0.0","0.0",0,-71,"1.2",45,0,13165,0,0,"0.0","u",0,0,,"false"
"2026-09-17T12:34:19Z",578,"Mudryk","TOT","-71.3","-73.2","-77.5","-81.8",-3,-4,"0.0",54,28,1716,1,16,"0.2","i",0,-1,,"false"
"2026-09-17T12:34:19Z",601,"Williams-Barnett","TOT","-14.7","-15.9","-18.5","-21.2",-1,-3,"0.1",45,505,1248,0,0,"0.0","a",0,0,,"false"
"2026-09-17T12:34:19Z",501,"Danso","SUN","-87.8","-86.7","-84.2","-81.8",-3,3,"0.2",50,1120,1103,3,180,"0.8","a",0,0,,"false"
"2026-09-17T12:34:19Z",529,"Roefs","SUN","-7.1","-8.0","-9.8","-11.6",-1,-60,"2.6",49,1722,24255,11,360,"2.8","a",-1,-1,,"false"
"2026-09-17T12:34:19Z",530,"Patterson","SUN","0.0","0.0","0.0","0.0",0,0,"0.1",40,0,592,0,0,"0.0","u",0,0,,"false"
"2026-09-17T12:34:19Z",531,"Ellborg","SUN","-82.1","-82.1","-82.1","-82.1",-3,0,"0.1",45,124,381,0,0,"0.0","a",0,0,,"false"
"2026-09-17T12:34:19Z",532,"Ballard","SUN","-43.1","-46.0","-52.8","-59.5",-3,-138,"2.8",49,4876,30805,12,360,"3.0","a",0,-1,,"false"
"2026-09-17T12:34:19Z",533,"Mukiele","SUN","-9.3","-10.5","-13.1","-15.6",-1,-65,"2.0",54,4038,19003,13,270,"3.2","a",-1,-1,,"false"
"2026-09-17T12:34:19Z",534,"Hume","SUN","-60.7","-64.9","-74.2","-83.5",-3,-229,"3.4",44,1343,54054,9,195,"2.2","a",0,-1,,"false"
"2026-09-17T12:34:19Z",535,"Alderete","SUN","-69.2","-71.2","-75.5","-79.9",-3,-8,"0.3",49,206,2771,1,23,"0.2","a",0,-1,,"false"
"2026-09-17T12:34:19Z",536,"Reinildo","SUN","-67.7","-69.5","-73.4","-77.4",-3,-24,"0.3",45,118,6306,7,360,"1.8","s",0,0,,"false"
"2026-09-17T12:34:19Z",537,"Seelt","SUN","0.0","0.0","0.0","0.0",0,0,"0.0",45,0,33,0,0,"0.0","u",0,0,,"false"
"2026-09-17T12:34:19Z",538,"Hjelde","SUN","0.0","0.0","0.0","0.0",0,0,"0.0",40,0,215,0,0,"0.0","u",0,0,,"false"
"2026-09-17T12:34:19Z",539,"O'Nien","SUN","-94.6","-96.7","-101.3","-105.9",-4,-83,"2.5",40,1607,15539,1,66,"0.2","a",0,0,,"false"
"2026-09-17T12:34:19Z",540,"Masuaku","SUN","0.0","0.0","0.0","0.0",0,0,"0.1",40,0,987,0,0,"0.0","u",0,0,,"false"
"2026-09-17T12:34:19Z",541,"Meunier","SUN","-31.4","-32.4","-34.8","-37.1",-2,-5,"0.3",45,697,1405,11,318,"2.8","a",0,0,,"false"
"2026-09-17T12:34:19Z",542,"E.Le Fée","SUN","-62.8","-67.8","-79.0","-90.3",-3,-314,"3.8",58,3855,59474,13,348,"3.2","a",0,-2,,"false"
"2026-09-17T12:34:19Z",543,"Diarra","SUN","-53.4","-54.8","-57.9","-61.0",-3,-2,"0.0",54,8,468,5,28,"1.2","i",0,-1,,"false"
"2026-09-17T12:34:19Z",544,"Xhaka","SUN","-26.5","-29.1","-34.9","-40.7",-2,-166,"3.9",55,10022,39320,19,360,"4.8","a",0,0,,"false"
"2026-09-17T12:34:19Z",545,"Sadiki","SUN","-29.9","-31.0","-33.3","-35.7",-2,-4,"0.2",49,874,2399,8,343,"2.0","a",0,-1,,"false"
"2026-09-17T12:34:19Z",546,"Adingra","SUN","0.0","0.0","0.0","0.0",0,0,"0.0",49,0,472,0,0,"0.0","u",0,-1,,"false"
"2026-09-17T12:34:19Z",547,"Mundle","SUN","-35.7","-35.7","-35.7","-35.7",-2,0,"0.0",49,13,97,1,1,"0.2","i",0,-1,,"false"
"2026-09-17T12:34:19Z",548,"Rigg","SUN","-32.9","-37.6","-48.1","-58.7",-2,-4,"0.0",49,42,337,2,17,"0.5","a",0,-1,,"false"
"2026-09-17T12:34:19Z",549,"Talbi","SUN","-8.1","-9.1","-11.5","-13.9",-1,-4,"0.1",53,243,1151,1,31,"0.2","a",-1,-2,,"false"
"2026-09-17T12:34:19Z",550,"Jocelin.T","SUN","-59.5","-59.5","-59.5","-59.5",-3,0,"0.0",50,45,53,0,0,"0.0","a",0,0,,"false"
"2026-09-17T12:34:19Z",551,"N.Angulo","SUN","1.5","1.5","1.4","1.4",1,-4,"0.1",50,559,1470,12,254,"3.0","a",0,0,,"false"
"2026-09-17T12:34:19Z",552,"Brobbey","SUN","-69.1","-74.3","-86.1","-97.9",-3,-507,"5.9",58,8502,96593,7,309,"1.8","a",0,-2,,"false"
"2026-09-17T12:34:19Z",553,"Isidor","SUN","9.7","9.1","7.8","6.4",1,-103,"1.4",55,4860,17118,14,95,"3.5","a",0,0,,"false"
"2026-09-17T12:34:19Z",612,"Methalie","SUN","-6.4","-6.4","-6.4","-6.4",-1,0,"0.0",45,99,70,0,0,"0.0","a",0,0,,"false"
"2026-09-17T12:34:19Z",613,"Ahoka","SUN","-10.0","-11.0","-13.3","-15.5",-1,-4,"0.2",45,1726,2693,0,0,"0.0","a",0,0,,"false"
"2026-09-17T12:34:19Z",646,"Fofana","SUN","-3.6","-6.7","-13.8","-20.9",-1,-2,"0.0",55,372,461,2,30,"1.0","a",0,0,,"false"
"2026-09-17T12:34:19Z",651,"J.Angulo","SUN","1.6","2.2","3.4","4.7",1,97,"0.7",45,23032,7762,0,0,"0.0","a",0,0,,"false"
"2026-09-17T14:28:26Z",1,"Raya","ARS","75.6","77.8","83.7","89.7",3,454,"40.9",60,202588,40864,29,360,"7.2","a",0,0,,"false"
"2026-09-17T14:28:26Z",2,"Arrizabalaga","ARS","-28.6","-28.6","-28.6","-28.6",-2,0,"0.1",49,139,437,0,0,"0.0","a",0,-1,,"false"
"2026-09-17T14:28:26Z",3,"Meslier","ARS","-20.4","-20.4","-20.4","-20.4",-2,0,"0.0",49,61,162,0,0,"0.0","a",0,-1,,"false"
"2026-09-17T14:28:26Z",4,"Gabriel","ARS","-70.8","-71.0","-71.7","-72.3",-3,-103,"23.3",80,33967,78137,24,360,"6.0","a",0,0,,"false"
"2026-09-17T14:28:26Z",5,"J.Timber","ARS","4.8","5.2","6.2","7.3",1,79,"0.2",65,14128,2527,1,45,"0.2","a",0,0,,"false"
"2026-09-17T14:28:26Z",6,"Saliba","ARS","-13.4","-14.1","-16.0","-18.0",-1,-8,"0.2",59,345,1674,0,0,"0.0","i",0,-1,,"false"
"2026-09-17T14:28:26Z",7,"Lewis-Skelly","ARS","-73.9","-75.7","-80.9","-86.0",-3,-23,"0.6",55,2476,8071,9,271,"2.2","a",0,0,,"false"
"2026-09-17T14:28:26Z",8,"Calafiori","ARS","66.6","69.1","76.1","83.2",3,532,"50.2",58,192481,51890,28,326,"7.0","a",0,3,,"false"
"2026-09-17T14:28:26Z",9,"Hincapie","ARS","-69.9","-72.1","-78.2","-84.2",-3,-41,"0.9",53,2045,12410,2,32,"0.5","a",0,-2,,"false"
"2026-09-17T14:28:26Z",10,"White","ARS","20.6","13.7","-4.8","-22.2",1,-1437,"6.1",55,17694,159108,21,315,"5.2","d",0,0,,"false"
"2026-09-17T14:28:26Z",11,"Mosquera","ARS","-8.3","-11.0","-18.7","-26.3",-1,-329,"1.9",53,141,62603,12,168,"3.0","d",-1,-2,,"false"
"2026-09-17T14:28:26Z",12,"Saka","ARS","52.9","55.9","64.3","72.6",3,635,"12.5",95,133164,42304,30,336,"7.5","a",0,0,,"false"
"2026-09-17T14:28:26Z",13,"Rice","ARS","-19.0","-19.5","-20.8","-22.2",-1,-124,"12.6",74,20962,58498,19,321,"4.8","a",0,-1,,"false"
"2026-09-17T14:28:26Z",14,"Eze","ARS","-54.5","-56.4","-61.5","-66.7",-3,-41,"1.1",63,2374,13654,3,68,"0.8","a",0,-2,,"false"
"2026-09-17T14:28:26Z",15,"Ødegaard","ARS","94.8","98.3","107.9","117.5",4,730,"19.6",67,229220,85692,27,305,"6.8","a",0,2,,"false"
"2026-09-17T14:28:26Z",16,"Madueke","ARS","-3.2","-3.3","-3.5","-3.7",-1,-1,"0.2",62,862,2848,2,23,"0.5","a",-1,-3,,"false"
"2026-09-17T14:28:26Z",17,"Merino","ARS","-49.0","-51.3","-57.5","-63.8",-3,-18,"0.4",58,1055,5115,3,51,"0.8","a",0,-2,,"false"
"2026-09-17T14:28:26Z",18,"Martinelli","ARS","0.0","0.0","0.0","0.0",0,-5,"0.1",63,0,1229,0,0,"0.0","u",0,-2,,"false"
"2026-09-17T14:28:26Z",19,"Zubimendi","ARS","-20.1","-20.9","-23.2","-25.4",-2,-17,"0.6",53,1170,6905,4,59,"1.0","a",-1,-2,,"false"
"2026-09-17T14:28:26Z",20,"Dowman","ARS","-17.1","-16.6","-15.2","-13.9",-1,1,"0.1",53,693,850,0,0,"0.0","a",0,-2,,"false"
"2026-09-17T14:28:26Z",22,"Nwaneri","ARS","0.0","0.0","0.0","0.0",0,0,"0.0",54,0,91,0,0,"0.0","u",0,-1,,"false"
"2026-09-17T14:28:26Z",23,"Fábio Vieira","ARS","0.0","0.0","0.0","0.0",0,0,"0.0",55,0,70,0,0,"0.0","u",0,0,,"false"
"2026-09-17T14:28:26Z",24,"Nelson","ARS","0.0","0.0","0.0","0.0",0,-1,"0.0",55,0,49,0,0,"0.0","u",0,0,,"false"
"2026-09-17T14:28:26Z",25,"Gyökeres","ARS","-70.6","-72.5","-77.7","-83.0",-3,-126,"3.3",72,3126,41281,1,12,"0.2","a",0,-3,,"false"
"2026-09-17T14:28:26Z",26,"Havertz","ARS","-0.5","0.9","3.7","6.6",1,585,"8.0",76,70447,71499,17,347,"4.2","a",1,1,,"false"
"2026-09-17T14:28:26Z",27,"G.Jesus","ARS","0.0","0.0","0.0","0.0",0,-12,"0.2",59,0,1883,0,0,"0.0","u",0,-1,,"false"
"2026-09-17T14:28:26Z",31,"Konsa","ARS","82.4","86.0","96.0","105.9",3,754,"18.4",45,229492,41858,11,191,"2.8","a",0,0,,"false"
"2026-09-17T14:28:26Z",452,"Bruno G.","ARS","3.3","3.4","3.8","4.2",1,32,"1.8",67,12515,7067,8,64,"2.0","a",-1,-3,,"false"
"2026-09-17T14:28:26Z",557,"Tzolis","ARS","-48.8","-51.5","-58.9","-66.2",-3,-766,"14.3",64,26674,186965,14,290,"3.5","a",0,-1,,"false"
"2026-09-17T14:28:26Z",29,"M.Bizot","AVL","-16.1","-17.8","-22.4","-27.1",-1,-8,"0.1",45,370,942,1,90,"0.2","d",0,0,,"false"
"2026-09-17T14:28:26Z",30,"Digne","AVL","0.0","0.0","0.0","0.0",0,0,"0.1",45,0,338,0,0,"0.0","u",0,0,,"false"
"2026-09-17T14:28:26Z",32,"Cash","AVL","-4.8","-5.4","-7.0","-8.7",-1,-107,"5.2",44,1451,91889,7,251,"1.8","a",-1,-1,,"false"
"2026-09-17T14:28:26Z",33,"Mings","AVL","0.5","0.5","0.5","0.5",1,2,"0.4",45,2225,3552,7,171,"1.8","a",0,0,,"false"
"2026-09-17T14:28:26Z",34,"Pau","AVL","-63.4","-66.3","-74.1","-82.0",-3,-37,"0.4",45,217,5975,3,187,"0.8","d",0,0,,"false"
"2026-09-17T14:28:26Z",35,"Bogarde","AVL","-71.4","-72.3","-74.8","-77.3",-3,-1,"0.1",50,388,733,1,16,"0.2","a",0,0,,"false"
"2026-09-17T14:28:26Z",36,"Maatsen","AVL","-44.8","-53.5","-77.5","-101.4",-3,-213,"0.7",45,523,19381,9,335,"2.2","d",0,0,,"false"
"2026-09-17T14:28:26Z",37,"Lindelöf","AVL","1.0","0.9","0.9","0.8",1,-5,"0.3",45,2231,2423,7,360,"1.8","a",0,0,,"false"
"2026-09-17T14:28:26Z",38,"A.García","AVL","-17.0","-17.7","-19.6","-21.5",-1,-23,"1.6",40,5604,10258,0,0,"0.0","a",0,0,,"false"
"2026-09-17T14:28:26Z",39,"Nedeljkovic","AVL","0.0","0.0","0.0","0.0",0,-5,"0.1",40,0,910,0,0,"0.0","u",0,0,,"false"
"2026-09-17T14:28:26Z",41,"Buendía","AVL","-47.1","-50.7","-60.7","-70.6",-3,-68,"0.9",59,3756,14578,9,311,"2.2","a",0,-1,,"false"
"2026-09-17T14:28:26Z",44,"Bailey","AVL","0.0","0.0","0.0","0.0",0,-5,"0.1",54,0,1252,0,0,"0.0","u",0,-1,,"false"
"2026-09-17T14:28:26Z",45,"McGinn","AVL","-15.0","-15.2","-15.7","-16.2",-1,-8,"2.3",54,12249,15451,11,351,"2.8","a",0,-1,,"false"
"2026-09-17T14:28:26Z",46,"Barkley","AVL","1.1","1.1","1.1","1.2",1,3,"0.3",50,1699,2732,9,302,"2.2","a",0,0,,"false"
"2026-09-17T14:28:26Z",47,"Kamara","AVL","-57.6","-59.6","-64.9","-70.2",-3,-12,"0.3",50,1482,3385,9,360,"2.2","a",0,0,,"false"
"2026-09-17T14:28:26Z",48,"Onana","AVL","-5.9","-5.9","-5.9","-5.9",-1,0,"0.0",49,49,164,0,0,"0.0","i",-1,-1,,"false"
"2026-09-17T14:28:26Z",49,"Iling Jr","AVL","0.0","0.0","0.0","0.0",0,0,"0.0",50,0,18,0,0,"0.0","u",0,0,,"false"
"2026-09-17T14:28:26Z",50,"Burrowes","AVL","-38.1","-38.7","-40.2","-41.6",-2,-7,"0.6",45,1580,5272,0,0,"0.0","a",0,0,,"false"
"2026-09-17T14:28:26Z",51,"George Hemmings","AVL","15.3","15.1","14.6","14.2",1,-36,"1.3",45,10374,11497,8,279,"2.0","a",0,0,,"false"
"2026-09-17T14:28:26Z",52,"Alysson","AVL","0.2","0.2","0.3","0.3",1,4,"0.1",50,1171,423,8,87,"2.0","a",0,0,,"false"
"2026-09-17T14:28:26Z",53,"Manzambi","AVL","0.0","0.0","0.0","0.0",0,0,"0.1",59,1368,755,1,27,"0.2","a",0,-1,"2026-09-19T16:00:07.823042Z","false"
"2026-09-17T14:28:26Z",54,"Gomes","AVL","0.0","0.0","0.0","0.0",0,0,"0.0",55,378,213,-2,39,"-0.5","d",0,0,"2026-09-20T16:30:08.780195Z","false"
"2026-09-17T14:28:26Z",55,"Watkins","AVL","0.0","0.0","0.0","0.0",0,-122,"2.7",78,0,26479,0,0,"0.0","u",0,-2,,"false"
"2026-09-17T14:28:26Z",56,"Abraham","AVL","2.5","2.5","2.8","3.0",1,19,"0.2",55,2144,1994,3,69,"0.8","a",0,0,,"false"
"2026-09-17T14:28:26Z",160,"Garnacho","AVL","-30.5","-31.9","-35.7","-39.5",-2,-16,"0.3",58,650,5355,3,31,"0.8","a",-1,-2,,"false"
"2026-09-17T14:28:26Z",166,"N.Jackson","AVL","34.6","34.2","33.2","32.2",2,-76,"1.2",65,10381,23646,4,199,"1.0","a",0,0,,"false"
"2026-09-17T14:28:26Z",582,"Madjo","AVL","-9.7","-10.9","-14.3","-17.7",-1,-27,"0.2",54,205,3097,0,0,"0.0","i",-1,-1,,"false"
"2026-09-17T14:28:26Z",596,"Ruggeri","AVL","-85.5","-80.8","-67.9","-55.1",-3,8,"0.1",45,413,847,2,23,"0.5","a",0,0,,"false"
"2026-09-17T14:28:26Z",597,"Suzuki","AVL","24.1","24.1","24.2","24.4",2,10,"1.8",50,11282,12490,14,270,"3.5","a",0,0,,"false"
"2026-09-17T14:28:26Z",606,"Rowe","AVL","0.4","0.4","0.5","0.6",1,7,"0.2",40,1393,1249,0,0,"0.0","a",0,0,,"false"
"2026-09-17T14:28:26Z",607,"Lynch","AVL","0.0","0.0","0.0","0.0",0,-4,"0.1",45,0,1109,0,0,"0.0","u",0,0,,"false"
"2026-09-17T14:28:26Z",611,"Wan-Bissaka","AVL","1.6","1.6","1.7","1.9",1,10,"0.2",45,3354,1557,5,107,"1.7","a",0,0,,"false"
"2026-09-17T14:28:26Z",618,"Goretzka","AVL","-5.2","-7.9","-15.3","-22.7",-1,-8,"0.0",59,35,1155,0,0,"0.0","i",-1,-1,,"false"
"2026-09-17T14:28:26Z",630,"Harwood-Bellis","AVL","0.0","0.0","0.0","0.0",0,0,"0.0",45,241,268,0,0,"0.0","a",0,0,,"false"
"2026-09-17T14:28:26Z",631,"Mbaye","AVL","0.1","0.2","0.4","0.5",1,13,"0.1",60,1697,998,1,27,"0.5","a",0,0,,"false"
"2026-09-17T14:28:26Z",57,"Petrović","BOU","3.6","3.1","2.0","0.9",1,-85,"3.1",45,4762,17791,7,360,"1.8","a",0,0,,"false"
"2026-09-17T14:28:26Z",58,"Forster","BOU","4.1","4.2","4.3","4.4",1,8,"3.5",40,15418,10309,0,0,"0.0","a",0,0,,"false"
"2026-09-17T14:28:26Z",59,"Dennis","BOU","0.0","0.0","0.0","0.0",0,-3,"0.1",40,0,751,0,0,"0.0","u",0,0,,"false"
"2026-09-17T14:28:26Z",60,"Hill","BOU","-14.8","-17.0","-23.0","-29.0",-1,-34,"0.8",55,2369,7484,8,360,"2.0","a",0,0,,"false"
"2026-09-17T14:28:26Z",61,"Truffert","BOU","-75.4","-77.5","-83.3","-89.2",-3,-135,"3.2",55,4347,22500,8,360,"2.0","a",0,0,,"false"
"2026-09-17T14:28:26Z",62,"Diakité","BOU","-86.6","-88.4","-93.6","-98.7",-3,-6,"0.2",50,701,1731,0,0,"0.0","a",0,0,,"false"
"2026-09-17T14:28:26Z",63,"Milosavljević","BOU","-2.7","-2.7","-2.7","-2.7",-1,0,"0.0",49,45,76,0,0,"0.0","i",-1,-1,,"false"
"2026-09-17T14:28:26Z",64,"Smith","BOU","0.5","0.4","0.4","0.3",1,-6,"0.1",45,590,1370,2,360,"0.5","a",0,0,,"false"
"2026-09-17T14:28:26Z",65,"J.Araujo","BOU","-10.2","-10.2","-10.2","-10.2",-1,0,"0.0",44,65,121,0,0,"0.0","i",0,-1,,"false"
"2026-09-17T14:28:26Z",66,"Soler","BOU","1.3","1.3","1.3","1.2",1,-3,"0.3",40,1781,1786,0,0,"0.0","a",0,0,,"false"
"2026-09-17T14:28:26Z",67,"Rayan","BOU","-75.4","-79.5","-90.8","-102.2",-3,-139,"1.7",64,2754,25135,8,347,"2.0","a",0,-1,,"false"
"2026-09-17T14:28:26Z",68,"Tavernier","BOU","16.7","18.0","21.6","25.2",1,738,"5.8",61,224743,35925,29,350,"7.2","a",1,1,,"false"
"2026-09-17T14:28:26Z",69,"Scott","BOU","11.7","11.0","9.2","7.4",1,-139,"5.8",61,54407,53459,28,356,"7.0","a",0,1,,"false"
"2026-09-17T14:28:26Z",70,"Kluivert","BOU","-40.7","-40.8","-41.1","-41.4",-3,-2,"1.0",60,9392,6871,15,294,"3.8","a",0,0,,"false"
"2026-09-17T14:28:26Z",71,"Cook","BOU","0.6","0.5","0.4","0.2",1,-12,"0.2",50,606,2701,7,165,"1.8","a",0,0,,"false"
"2026-09-17T14:28:26Z",72,"Gannon-Doak","BOU","-27.0","-28.0","-30.6","-33.3",-2,-1,"0.1",49,229,581,3,10,"0.8","a",0,-1,,"false"
"2026-09-17T14:28:26Z",73,"Adams","BOU","1.7","1.7","1.6","1.6",1,-3,"0.3",50,2276,2981,8,192,"2.0","a",0,0,,"false"
"2026-09-17T14:28:26Z",74,"Brooks","BOU","0.0","0.0","0.0","0.0",0,1,"0.1",50,356,658,2,30,"0.5","a",0,0,,"false"
"2026-09-17T14:28:26Z",75,"Christie","BOU","0.3","0.3","0.3","0.3",1,0,"0.0",50,420,458,3,28,"0.8","a",0,0,,"false"
"2026-09-17T14:28:26Z",76,"Tóth.A","BOU","0.0","0.0","0.0","0.0",0,0,"0.0",49,41,97,1,15,"0.2","a",-1,-1,,"false"
"2026-09-17T14:28:26Z",77,"Adli","BOU","-59.0","-59.0","-59.0","-59.0",-3,0,"0.0",49,19,167,0,0,"0.0","i",0,-1,,"false"
"2026-09-17T14:28:26Z",78,"Kroupi.Jr","BOU","-52.8","-53.2","-54.3","-55.4",-3,-4,"0.2",74,106,1371,0,0,"0.0","i",0,-1,,"false"
"2026-09-17T14:28:26Z",79,"Evanilson","BOU","47.5","47.2","46.4","45.6",3,-60,"3.3",60,30352,29878,16,334,"4.0","a",0,0,,"false"
"2026-09-17T14:28:26Z",80,"Enes Ünal","BOU","0.0","0.0","0.0","0.0",0,0,"0.0",55,0,90,0,0,"0.0","u",0,0,,"false"
"2026-09-17T14:28:26Z",81,"Rodríguez","BOU","-33.3","-31.6","-26.9","-22.2",-2,4,"0.1",60,624,1000,2,10,"0.5","a",0,0,,"false"
"2026-09-17T14:28:26Z",566,"Silva","BOU","2.1","1.9","1.4","0.9",1,-38,"0.4",50,1479,3863,10,360,"2.5","a",0,0,,"false"
"2026-09-17T14:28:26Z",573,"Sanchez","BOU","-5.1","-4.8","-3.8","-2.9",-1,2,"0.2",44,227,914,0,0,"0.0","a",-1,-1,,"false"
"2026-09-17T14:28:26Z",608,"Jebbison","BOU","0.5","0.6","0.7","0.9",1,12,"0.1",50,1467,1492,2,16,"0.5","a",0,0,,"false"
"2026-09-17T14:28:26Z",615,"Di Gregorio","BOU","-16.0","-17.7","-22.4","-27.1",-1,-1,"0.0",45,268,412,0,0,"0.0","a",0,0,,"false"
"2026-09-17T14:28:26Z",82,"Kelleher","BRE","20.8","19.9","17.5","15.2",1,-178,"6.2",50,6797,43611,14,360,"3.5","a",0,0,,"false"
"2026-09-17T14:28:26Z",83,"Valdimarsson","BRE","-57.2","-57.8","-59.4","-61.0",-3,-1,"0.1",45,222,616,0,0,"0.0","a",0,0,,"false"
"2026-09-17T14:28:26Z",84,"Collins","BRE","-4.1","-5.5","-9.3","-13.1",-1,-152,"1.1",54,85,28011,10,196,"2.5","i",-1,-1,,"false"
"2026-09-17T14:28:26Z",85,"Van den Berg","BRE","-53.1","-54.4","-57.8","-61.3",-3,-5,"0.1",49,24,574,0,0,"0.0","i",0,-1,,"false"
"2026-09-17T14:28:26Z",86,"Lewis-Potter","BRE","37.0","36.3","34.3","32.3",2,-154,"1.9",55,4315,29317,19,326,"4.8","a",0,0,,"false"
"2026-09-17T14:28:26Z",87,"Ajer","BRE","39.7","38.4","34.8","31.2",2,-272,"4.2",45,6638,42245,14,360,"3.5","a",0,0,,"false"
"2026-09-17T14:28:26Z",88,"Kayode","BRE","-13.1","-15.5","-22.1","-28.7",-1,-382,"8.0",46,13904,97565,17,226,"4.2","a",0,1,,"false"
"2026-09-17T14:28:26Z",89,"Henry","BRE","-4.9","-5.6","-7.5","-9.4",-1,-5,"0.2",44,308,1160,1,2,"0.2","a",-1,-1,,"false"
"2026-09-17T14:28:26Z",90,"Hickey","BRE","-23.9","-26.7","-34.6","-42.5",-2,-4,"0.1",45,233,452,4,131,"1.0","a",0,0,,"false"
"2026-09-17T14:28:26Z",92,"Ji-soo","BRE","-90.3","-93.7","-103.0","-112.3",-3,-1,"0.0",45,49,122,0,0,"0.0","a",0,0,,"false"
"2026-09-17T14:28:26Z",93,"Schuster","BRE","-61.8","-63.3","-67.7","-72.0",-3,-5,"0.1",45,226,572,7,163,"1.8","a",0,0,,"false"
"2026-09-17T14:28:26Z",94,"Schade","BRE","6.4","8.8","15.5","22.2",1,1379,"6.6",61,294315,35329,30,357,"7.5","a",1,1,,"false"
"2026-09-17T14:28:26Z",95,"O.Dango","BRE","-7.2","-10.2","-18.6","-26.9",-1,-55,"0.5",63,566,9426,6,170,"1.5","a",-1,-2,,"false"
"2026-09-17T14:28:26Z",96,"Damsgaard","BRE","-103.1","-107.4","-119.2","-131.1",-5,-38,"0.4",55,953,5306,13,197,"3.2","a",0,0,,"false"
"2026-09-17T14:28:26Z",97,"Jensen","BRE","-22.4","-23.2","-25.3","-27.4",-2,-5,"0.1",54,11,1219,6,66,"1.5","i",0,-1,,"false"
"2026-09-17T14:28:26Z",98,"Janelt","BRE","68.1","68.0","68.0","68.0",3,-3,"2.5",50,30924,22448,25,360,"6.2","a",0,0,,"false"
"2026-09-17T14:28:26Z",99,"Milambo","BRE","-34.4","-34.4","-34.4","-34.4",-2,0,"0.0",50,11,21,0,0,"0.0","i",0,0,,"false"
"2026-09-17T14:28:26Z",100,"Carvalho","BRE","0.1","0.1","0.1","0.1",1,1,"0.0",50,191,255,0,0,"0.0","a",0,0,,"false"
"2026-09-17T14:28:26Z",102,"Yarmoliuk","BRE","-4.2","-5.0","-7.2","-9.4",-1,-19,"0.7",48,1163,5964,6,148,"1.5","a",-1,-2,,"false"
"2026-09-17T14:28:26Z",103,"Dasilva","BRE","-25.8","-25.8","-25.8","-25.8",-2,0,"0.0",49,6,202,0,0,"0.0","i",0,-1,,"false"
"2026-09-17T14:28:26Z",105,"Anthony","BRE","-17.7","-20.1","-26.7","-33.4",-2,-11,"0.1",59,400,1502,5,187,"1.2","a",-1,-1,,"false"
"2026-09-17T14:28:26Z",106,"Thiago","BRE","-94.4","-98.0","-107.7","-117.5",-4,-660,"9.3",79,10595,151002,5,352,"1.2","a",0,-1,,"false"
"2026-09-17T14:28:26Z",107,"Furo","BRE","5.2","4.7","3.2","1.7",1,-113,"1.0",45,5946,13670,0,0,"0.0","i",0,0,,"false"
"2026-09-17T14:28:26Z",108,"Wilson","BRE","-93.6","-95.5","-100.7","-105.9",-4,-12,"0.3",55,1107,4353,3,13,"0.8","a",0,0,,"false"
"2026-09-17T14:28:26Z",565,"M.Sangaré","BRE","-89.8","-93.0","-101.8","-110.6",-3,-667,"11.8",57,20704,135116,22,300,"5.5","a",0,2,,"false"
"2026-09-17T14:28:26Z",620,"Diouf","BRE","-15.1","-20.3","-34.4","-48.6",-2,-9,"0.1",45,816,1264,1,30,"0.3","a",0,0,,"false"
"2026-09-17T14:28:26Z",657,"Nunes","BRE","0.0","0.0","0.0","0.0",0,0,"0.0",45,1501,336,0,0,"0.0","a",0,0,"2026-09-25T22:05:18.379374Z","false"
"2026-09-17T14:28:26Z",109,"Verbruggen","BHA","56.6","56.2","55.1","54.0",3,-85,"21.8",45,61532,86341,17,360,"4.2","a",0,0,,"false"
"2026-09-17T14:28:26Z",111,"Steele","BHA","2.3","2.2","2.0","1.8",1,-16,"4.2",40,13165,14446,0,0,"0.0","a",0,0,,"false"
"2026-09-17T14:28:26Z",113,"F.Kadıoğlu","BHA","-42.6","-44.0","-48.0","-52.0",-3,-48,"1.7",44,3146,11303,8,257,"2.0","a",0,-1,,"false"
"2026-09-17T14:28:26Z",114,"Boscagli","BHA","1.9","1.9","1.9","1.8",1,-4,"0.3",45,964,1608,13,347,"3.2","a",0,0,,"false"
"2026-09-17T14:28:26Z",115,"De Cuyper","BHA","2.1","3.5","7.6","11.7",1,836,"24.2",49,301187,75395,32,333,"8.0","a",1,4,,"false"
"2026-09-17T14:28:26Z",116,"Dunk","BHA","17.2","17.4","17.8","18.3",1,33,"1.5",45,20422,7452,22,360,"5.5","a",0,0,,"false"
"2026-09-17T14:28:26Z",117,"Coppola","BHA","-12.8","-12.8","-12.8","-12.8",-1,0,"0.0",45,146,168,0,0,"0.0","a",0,0,,"false"
"2026-09-17T14:28:26Z",118,"Igor","BHA","0.0","0.0","0.0","0.0",0,-8,"0.0",45,0,662,0,0,"0.0","u",0,0,,"false"
"2026-09-17T14:28:26Z",119,"Costinha","BHA","-4.8","-4.8","-4.8","-4.8",-1,0,"0.0",45,153,224,3,54,"0.8","a",0,0,,"false"
"2026-09-17T14:28:26Z",120,"Svoboda","BHA","0.0","0.0","-10.1","-20.5",0,-4,"0.1",50,516,732,0,0,"0.0","a",0,0,,"false"
"2026-09-17T14:28:26Z",121,"Mitoma","BHA","-16.8","-16.8","-16.8","-16.8",-1,0,"0.0",59,46,227,0,0,"0.0","i",0,-1,,"false"
"2026-09-17T14:28:26Z",122,"Minteh","BHA","-85.8","-86.4","-88.2","-90.0",-3,-1,"0.0",59,22,377,0,0,"0.0","i",0,-1,,"false"
"2026-09-17T14:28:26Z",123,"Hinshelwood","BHA","-15.3","-16.6","-20.1","-23.7",-1,-83,"0.7",59,100,20490,16,63,"4.0","i",-1,-1,,"false"
"2026-09-17T14:28:26Z",124,"Groß","BHA","12.3","16.4","27.6","38.8",1,2305,"19.7",57,416221,63394,33,360,"8.2","a",1,2,,"false"
"2026-09-17T14:28:26Z",125,"Georginio","BHA","-69.0","-71.6","-78.8","-86.0",-3,-26,"0.5",54,1289,8655,5,90,"1.2","a",0,-1,,"false"
"2026-09-17T14:28:26Z",126,"O'Riley","BHA","-2.8","-4.0","-7.3","-10.6",-1,-4,"0.1",54,443,952,1,6,"0.2","a",-1,-1,,"false"
"2026-09-17T14:28:26Z",127,"Gomez","BHA","43.4","42.1","38.6","35.1",3,-266,"4.5",50,9550,48481,16,348,"4.0","a",0,0,,"false"
"2026-09-17T14:28:26Z",128,"Buonanotte","BHA","0.0","0.0","0.0","0.0",0,0,"0.0",50,0,13,0,0,"0.0","u",0,0,,"false"
"2026-09-17T14:28:26Z",129,"Ayari","BHA","-44.7","-43.7","-41.0","-38.3",-3,7,"0.4",54,2552,2817,12,243,"3.0","a",0,-1,,"false"
"2026-09-17T14:28:26Z",130,"Wieffer","BHA","-4.0","-5.0","-8.0","-11.1",-1,-22,"0.2",49,43,5224,7,156,"1.8","i",-1,-1,,"false"
"2026-09-17T14:28:26Z",132,"Howell","BHA","0.0","0.0","0.0","0.0",0,0,"0.0",45,0,305,0,0,"0.0","u",0,0,,"false"
"2026-09-17T14:28:26Z",133,"Watson","BHA","0.0","0.0","0.0","0.0",0,0,"0.0",50,0,7,0,0,"0.0","u",0,0,,"false"
"2026-09-17T14:28:26Z",134,"Oriola","BHA","-39.3","-41.7","-48.2","-54.8",-3,-12,"0.3",45,741,2117,0,0,"0.0","a",0,0,,"false"
"2026-09-17T14:28:26Z",135,"Yohanna","BHA","-50.7","-51.9","-55.5","-59.0",-3,-3,"0.0",49,25,869,1,12,"0.2","i",0,-1,,"false"
"2026-09-17T14:28:26Z",137,"Tzimas","BHA","-2.2","-2.2","-2.2","-2.2",-1,0,"0.0",54,41,64,0,0,"0.0","i",-1,-1,,"false"
"2026-09-17T14:28:26Z",138,"Kostoulas","BHA","24.0","25.3","28.7","32.1",2,259,"0.8",55,34786,9209,18,278,"4.5","a",0,0,,"false"
"2026-09-17T14:28:26Z",139,"Ferguson","BHA","-41.2","-40.9","-40.1","-39.2",-3,1,"0.0",50,190,306,0,0,"0.0","i",0,0,,"false"
"2026-09-17T14:28:26Z",328,"Struijk","BHA","-8.2","-9.4","-13.0","-16.6",-1,-8,"0.2",49,482,1836,2,13,"0.5","a",-1,-1,,"false"
"2026-09-17T14:28:26Z",504,"Vuskovic","BHA","34.3","34.0","33.4","32.7",2,-52,"3.2",50,21067,22475,24,347,"6.0","a",0,0,,"false"
"2026-09-17T14:28:26Z",594,"David","BHA","-94.6","-95.7","-98.8","-101.9",-4,-5,"0.2",60,1520,3671,1,23,"0.2","a",0,0,,"false"
"2026-09-17T14:28:26Z",600,"Osman","BHA","-49.9","-49.9","-49.9","-49.9",-3,0,"0.0",50,118,171,3,40,"0.8","a",0,0,,"false"
"2026-09-17T14:28:26Z",605,"Yalcouyé","BHA","43.2","44.4","47.7","51.0",3,248,"3.8",45,87991,27636,19,231,"4.8","a",0,0,,"false"
"2026-09-17T14:28:26Z",614,"Hadjam","BHA","-24.4","-21.8","-14.5","-7.2",-2,2,"0.0",45,319,519,0,0,"0.0","a",0,0,,"false"
"2026-09-17T14:28:26Z",624,"Cozier-Duberry","BHA","0.0","0.0","0.0","0.0",0,0,"0.0",50,0,9,0,0,"0.0","u",0,0,,"false"
"2026-09-17T14:28:26Z",639,"Andrés","BHA","0.0","0.1","0.1","0.2",1,5,"0.0",55,350,167,4,25,"2.0","a",0,0,,"false"
"2026-09-17T14:28:26Z",652,"Azeez","BHA","0.0","0.0","0.0","0.0",0,0,"0.0",55,50,37,0,0,"0.0","d",0,0,"2026-09-18T10:30:08.836964Z","false"
"2026-09-17T14:28:26Z",658,"Ibrahim","BHA","0.0","0.0","0.0","0.0",0,0,"0.0",45,964,195,0,0,"0.0","a",0,0,"2026-09-26T17:44:20.289392Z","false"
"2026-09-17T14:28:26Z",28,"Martinez","CHE","6.2","5.7","4.4","3.1",1,-101,"4.9",50,15090,40216,7,270,"1.8","a",0,0,,"false"
"2026-09-17T14:28:26Z",40,"Rogers","CHE","48.6","52.0","61.7","71.4",3,1983,"38.4",77,479499,40283,27,347,"6.8","a",1,2,,"false"
"2026-09-17T14:28:26Z",101,"Henderson","CHE","0.0","0","0","0",0,0,"0.0",49,29,338,0,0,"0.0","d",0,-1,"2026-09-25T13:30:09.904003Z","true"
"2026-09-17T14:28:26Z",136,"Welbeck","CHE","-47.6","-38.0","-11.6","1.1",-2,150,"0.8",59,7485,8768,2,15,"0.5","a",0,-1,,"false"
"2026-09-17T14:28:26Z",140,"Sánchez","CHE","0.0","0.0","0.0","0.0",0,-50,"0.8",49,0,10986,2,90,"0.5","u",0,-1,,"false"
"2026-09-17T14:28:26Z",141,"Jörgensen","CHE","0.0","0.0","0.0","0.0",0,0,"0.0",50,0,42,0,0,"0.0","u",0,0,,"false"
"2026-09-17T14:28:26Z",142,"James","CHE","-38.5","-40.4","-45.7","-51.1",-3,-275,"7.1",54,15244,79631,3,292,"0.8","a",0,-1,,"false"
"2026-09-17T14:28:26Z",143,"Chalobah","CHE","0.0","0.0","0.0","0.0",0,-5,"0.1",55,0,562,0,0,"0.0","u",0,0,,"false"
"2026-09-17T14:28:26Z",144,"Gusto","CHE","-70.2","-72.0","-77.0","-81.9",-3,-37,"1.0",50,3115,10396,4,272,"1.0","a",0,0,,"false"
"2026-09-17T14:28:26Z",145,"Fofana","CHE","3.4","3.4","3.4","3.3",1,-4,"0.2",50,2256,2391,4,242,"1.0","a",0,0,,"false"
"2026-09-17T14:28:26Z",146,"B.Badiashile","CHE","0.0","0.0","0.0","0.0",0,0,"0.0",45,0,102,0,0,"0.0","u",0,0,,"false"
"2026-09-17T14:28:26Z",148,"Hato","CHE","16.1","15.8","14.8","13.8",1,-75,"0.9",45,3481,14778,8,258,"2.0","a",0,0,,"false"
"2026-09-17T14:28:26Z",149,"Colwill","CHE","-71.1","-73.5","-80.2","-86.9",-3,-46,"0.9",49,1411,13390,2,251,"0.5","a",0,-1,,"false"
"2026-09-17T14:28:26Z",150,"M.Sarr","CHE","0.0","0.0","0.0","0.0",0,-2,"0.0",45,0,322,0,0,"0.0","u",0,0,,"false"
"2026-09-17T14:28:26Z",151,"Acheampong","CHE","0.8","0.7","0.4","0.2",1,-20,"0.4",45,1069,4424,5,202,"1.2","a",0,0,,"false"
"2026-09-17T14:28:26Z",152,"Palestra","CHE","-0.0","0","0","0",0,0,"0.7",53,156,14305,0,0,"0.0","d",-1,-2,"2026-09-25T13:30:10.008957Z","true"
"2026-09-17T14:28:26Z",154,"Palmer","CHE","31.2","30.4","28.2","26.0",2,-168,"26.8",97,118713,110921,26,352,"6.5","a",0,2,,"false"
"2026-09-17T14:28:26Z",156,"Neto","CHE","1.3","1.2","0.9","0.7",1,-21,"1.4",65,10183,15514,12,246,"3.0","a",0,0,,"false"
"2026-09-17T14:28:26Z",157,"Estêvão","CHE","-17.2","-18.1","-20.7","-23.2",-1,-22,"0.7",63,2106,7894,3,20,"0.8","a",-1,-2,,"false"
"2026-09-17T14:28:26Z",158,"Gittens","CHE","-87.3","-83.0","-71.1","-59.2",-3,2,"0.0",59,143,320,0,0,"0.0","a",0,-1,,"false"
"2026-09-17T14:28:26Z",159,"Caicedo","CHE","-0.0","0","0","0",0,0,"1.2",53,462,24094,1,13,"0.2","d",-1,-2,"2026-09-25T13:30:10.038499Z","true"
"2026-09-17T14:28:26Z",161,"Lavia","CHE","5.2","5.1","5.0","4.8",1,-12,"0.2",50,2001,3260,11,258,"2.8","a",0,0,,"false"
"2026-09-17T14:28:26Z",163,"D.Essugo","CHE","0.0","0.0","0.0","0.0",0,-8,"0.1",45,0,1496,0,0,"0.0","u",0,0,,"false"
"2026-09-17T14:28:26Z",164,"Quenda","CHE","-9.0","-10.1","-13.0","-15.9",-1,-1,"0.0",53,120,417,1,8,"0.2","a",-1,-2,,"false"
"2026-09-17T14:28:26Z",165,"João Pedro","CHE","8.4","-1.0","-16.3","-31.5",-1,-5800,"74.1",78,226336,136584,33,360,"8.2","d",1,3,,"false"
"2026-09-17T14:28:26Z",168,"Marc Guiu","CHE","0.0","0.0","0.0","0.0",0,-16,"0.2",50,0,2830,0,0,"0.0","u",0,0,,"false"
"2026-09-17T14:28:26Z",169,"Mheuka","CHE","2.7","2.8","3.2","3.5",1,27,"0.5",45,5911,4216,0,0,"0.0","a",0,0,,"false"
"2026-09-17T14:28:26Z",170,"Emegha","CHE","-59.6","-59.9","-61.0","-62.0",-3,-3,"0.1",50,93,2204,0,0,"0.0","i",0,0,,"false"
"2026-09-17T14:28:26Z",200,"Lacroix","CHE","-94.8","-97.5","-104.9","-112.3",-4,-389,"7.2",60,6453,87894,10,274,"2.5","a",0,0,,"false"
"2026-09-17T14:28:26Z",560,"Penders","CHE","0.0","0.0","0.0","0.0",0,0,"0.1",44,530,476,0,0,"0.0","a",0,-1,,"false"
"2026-09-17T14:28:26Z",561,"Anselmino","CHE","0.0","0.0","0.0","0.0",0,0,"0.0",45,153,163,0,0,"0.0","a",0,0,,"false"
"2026-09-17T14:28:26Z",568,"Barco","CHE","-5.5","-6.3","-8.6","-10.9",-1,-4,"0.1",54,359,1004,1,29,"0.2","a",-1,-1,,"false"
"2026-09-17T14:28:26Z",583,"Chavarria","CHE","-35.6","-35.2","-34.1","-33.0",-2,1,"0.2",49,326,1203,4,118,"1.0","a",0,-1,,"false"
"2026-09-17T14:28:26Z",91,"Pinnock","COV","-72.2","-75.1","-83.2","-91.4",-3,-4,"0.1",45,287,491,6,192,"1.5","a",0,0,,"false"
"2026-09-17T14:28:26Z",104,"Onyeka","COV","-3.4","-7.3","-18.1","-28.8",-1,-8,"0.1",49,230,1132,6,224,"1.5","a",0,-1,,"false"
"2026-09-17T14:28:26Z",110,"Rushworth","COV","-41.0","-42.2","-45.6","-49.0",-3,-21,"0.8",45,705,8364,5,360,"1.2","a",0,0,,"false"
"2026-09-17T14:28:26Z",171,"Dovin","COV","0.0","0.0","0.0","0.0",0,-27,"1.1",40,0,7291,0,0,"0.0","u",0,0,,"false"
"2026-09-17T14:28:26Z",172,"Wilson","COV","-0.6","-0.6","-0.6","-0.6",-1,0,"0.4",44,219,1268,0,0,"0.0","a",-1,-1,,"false"
"2026-09-17T14:28:26Z",173,"Thomas","COV","19.2","18.4","16.1","13.8",1,-174,"8.8",40,22165,49758,15,347,"3.8","a",0,0,,"false"
"2026-09-17T14:28:26Z",174,"Kitching","COV","0.0","0.0","0.0","0.0",0,-22,"0.4",40,0,3569,0,0,"0.0","u",0,0,,"false"
"2026-09-17T14:28:26Z",175,"van Ewijk","COV","-43.7","-44.9","-48.2","-51.5",-3,-237,"9.9",40,10297,74574,6,360,"1.5","a",0,0,,"false"
"2026-09-17T14:28:26Z",176,"Dasilva","COV","-46.1","-47.5","-51.3","-55.2",-3,-19,"0.7",40,619,3243,5,354,"1.2","a",0,0,,"false"
"2026-09-17T14:28:26Z",177,"Kesler-Hayden","COV","-97.5","-98.2","-100.2","-102.3",-4,-2,"0.0",40,105,323,0,0,"0.0","i",0,0,,"false"
"2026-09-17T14:28:26Z",178,"Bidwell","COV","-23.2","-22.5","-20.8","-19.1",-2,1,"0.1",40,323,497,0,0,"0.0","a",0,0,,"false"
"2026-09-17T14:28:26Z",179,"Latibeaudiere","COV","-56.1","-56.1","-56.1","-56.1",-3,0,"0.0",40,110,229,0,0,"0.0","a",0,0,,"false"
"2026-09-17T14:28:26Z",180,"Woolfenden","COV","-71.5","-71.5","-71.5","-71.5",-3,0,"0.1",40,170,868,0,0,"0.0","i",0,0,,"false"
"2026-09-17T14:28:26Z",181,"Brau","COV","0.0","0.0","0.0","0.0",0,0,"0.0",40,0,189,0,0,"0.0","u",0,0,,"false"
"2026-09-17T14:28:26Z",182,"Amenda","COV","-24.1","-26.3","-32.3","-38.4",-2,-58,"0.7",40,1355,3993,4,360,"1.0","d",0,0,,"false"
"2026-09-17T14:28:26Z",183,"Rudoni","COV","-98.4","-98.8","-99.6","-100.5",-4,-1,"0.1",50,317,1056,8,224,"2.0","a",0,0,,"false"
"2026-09-17T14:28:26Z",184,"Grimes","COV","-11.5","-11.8","-12.9","-13.9",-1,-2,"0.1",49,448,1413,8,353,"2.0","a",-1,-1,,"false"
"2026-09-17T14:28:26Z",185,"Sakamoto","COV","-101.7","-104.6","-112.9","-121.2",-5,-4,"0.1",49,66,657,1,31,"0.2","a",0,-1,,"false"
"2026-09-17T14:28:26Z",186,"Mason-Clark","COV","-65.5","-67.8","-74.2","-80.6",-3,-4,"0.1",54,72,607,4,186,"1.0","a",0,-1,,"false"
"2026-09-17T14:28:26Z",187,"Eccles","COV","-69.8","-69.8","-69.8","-69.8",-3,0,"0.0",49,12,242,0,0,"0.0","i",0,-1,,"false"
"2026-09-17T14:28:26Z",188,"Torp","COV","-94.8","-94.8","-94.8","-94.8",-3,0,"0.1",54,29,751,3,53,"0.8","a",0,-1,,"false"
"2026-09-17T14:28:26Z",189,"Shepherd","COV","-102.3","-105.1","-112.8","-120.5",-5,-13,"0.2",45,344,1792,0,0,"0.0","a",0,0,,"false"
"2026-09-17T14:28:26Z",190,"Tchaouna","COV","-36.2","-36.2","-36.2","-36.2",-2,0,"0.1",54,23,705,4,166,"1.0","a",0,-1,,"false"
"2026-09-17T14:28:26Z",191,"Borges Rodrigues","COV","0.0","0.0","0.0","0.0",0,-8,"0.1",45,0,1313,0,0,"0.0","u",0,0,,"false"
"2026-09-17T14:28:26Z",192,"Andrews","COV","0.0","0.0","0.0","0.0",0,-18,"0.3",45,0,3807,0,0,"0.0","u",0,0,,"false"
"2026-09-17T14:28:26Z",193,"Wright","COV","-64.1","-65.0","-67.6","-70.3",-3,-4,"0.1",54,62,905,0,0,"0.0","i",0,-1,,"false"
"2026-09-17T14:28:26Z",194,"Thomas-Asante","COV","2.4","2.2","1.7","1.2",1,-36,"0.8",50,5905,8489,5,137,"1.2","a",0,0,,"false"
"2026-09-17T14:28:26Z",195,"Simms","COV","-49.3","-52.2","-60.0","-67.8",-3,-41,"0.7",50,2021,8235,3,88,"0.8","a",0,0,,"false"
"2026-09-17T14:28:26Z",196,"Markelo","COV","0.0","0.0","0.0","0.0",0,0,"0.0",50,0,83,0,0,"0.0","u",0,0,,"false"
"2026-09-17T14:28:26Z",197,"Bassette","COV","0.0","0.0","0.0","0.0",0,0,"0.0",45,0,206,0,0,"0.0","u",0,0,,"false"
"2026-09-17T14:28:26Z",492,"Awoniyi","COV","-89.2","-93.9","-106.8","-119.8",-3,-134,"0.5",55,528,13930,3,232,"0.8","s",0,0,,"false"
"2026-09-17T14:28:26Z",575,"Yirenkyi","COV","-51.6","-54.7","-63.1","-71.6",-3,-10,"0.2",49,190,1732,6,175,"1.5","a",0,-1,,"false"
"2026-09-17T14:28:26Z",584,"Hamer","COV","-38.1","-40.2","-45.9","-51.6",-3,-4,"0.1",54,54,667,3,32,"0.8","a",0,-1,,"false"
"2026-09-17T14:28:26Z",599,"Cherif","COV","-2.6","-0.9","0.0","0.1",-1,3,"0.1",50,1086,999,1,30,"0.2","a",0,0,,"false"
"2026-09-17T14:28:26Z",623,"Bentley","COV","1.0","1.0","1.1","1.2",1,7,"0.6",40,8313,1817,0,0,"0.0","a",0,0,,"false"
"2026-09-17T14:28:26Z",655,"Gboho","COV","0.0","0.0","0.0","0.0",0,0,"0.0",55,86,29,0,0,"0.0","a",0,0,"2026-09-23T15:00:18.732507Z","false"
"2026-09-17T14:28:26Z",656,"Mfuni","COV","0.0","0.0","0.0","0.0",0,0,"0.1",40,5047,1191,0,0,"0.0","a",0,0,"2026-09-24T14:54:23.064516Z","false"
"2026-09-17T14:28:26Z",42,"Guessand","CRY","-97.8","-97.8","-97.8","-97.8",-4,0,"0.0",55,242,602,2,54,"0.5","a",0,0,,"false"
"2026-09-17T14:28:26Z",153,"Disasi","CRY","0.3","0.1","-13.0","-32.2",1,-34,"0.1",45,111,3400,1,139,"0.2","s",0,0,,"false"
"2026-09-17T14:28:26Z",198,"Henderson","CRY","-41.7","-45.2","-55.0","-64.9",-3,-305,"1.5",50,172,43710,5,270,"1.2","i",0,0,,"false"
"2026-09-17T14:28:26Z",199,"Benitez","CRY","-45.0","-40.7","-28.8","-17.0",-3,10,"0.1",45,917,565,2,90,"0.5","a",0,0,,"false"
"2026-09-17T14:28:26Z",202,"Richards","CRY","-62.2","-65.4","-74.3","-83.2",-3,-40,"0.6",50,1351,6072,6,360,"1.5","a",0,0,,"false"
"2026-09-17T14:28:26Z",203,"Canvot","CRY","-68.2","-69.8","-73.9","-78.1",-3,-6,"0.2",49,194,2960,2,270,"0.5","a",0,-1,,"false"
"2026-09-17T14:28:26Z",204,"Mitchell","CRY","31.5","30.1","26.4","22.7",2,-282,"6.2",45,16497,46427,17,329,"4.2","a",0,0,,"false"
"2026-09-17T14:28:26Z",205,"Sosa","CRY","0.0","0.0","0.0","0.0",0,0,"0.0",45,0,215,0,0,"0.0","u",0,0,,"false"
"2026-09-17T14:28:26Z",206,"Chadi Riad","CRY","-94.1","-96.2","-102.0","-107.8",-4,-3,"0.0",44,36,279,1,72,"0.2","i",0,-1,,"false"
"2026-09-17T14:28:26Z",207,"Mingueza","CRY","-47.3","-48.9","-53.5","-58.0",-3,-2,"0.1",44,199,676,2,16,"0.5","a",0,-1,,"false"
"2026-09-17T14:28:26Z",208,"Sarr","CRY","-0.0","-0.0","-0.0","-0.0",0,0,"0.6",62,82,9772,0,0,"0.0","d",-1,-3,"2026-09-24T16:30:08.977944Z","false"
"2026-09-17T14:28:26Z",210,"Wharton","CRY","-57.5","-59.5","-65.0","-70.5",-3,-32,"0.8",55,2077,8456,10,346,"2.5","a",0,0,,"false"
"2026-09-17T14:28:26Z",211,"Yeremy","CRY","7.6","7.2","6.0","4.9",1,-87,"0.4",55,1134,8167,12,226,"3.0","a",0,0,,"false"
"2026-09-17T14:28:26Z",212,"Hughes","CRY","-2.1","-2.7","-4.4","-6.0",-1,-163,"8.0",44,17735,65111,2,29,"0.5","a",-1,-1,,"false"
"2026-09-17T14:28:26Z",213,"Lerma","CRY","-67.4","-69.9","-77.1","-84.3",-3,-4,"0.1",49,130,555,1,6,"0.2","a",0,-1,,"false"
"2026-09-17T14:28:26Z",214,"Kamada","CRY","8.6","8.7","9.1","9.5",1,27,"0.5",50,15519,4754,18,351,"4.5","a",0,0,,"false"
"2026-09-17T14:28:26Z",215,"Devenny","CRY","0.0","0.0","0.0","0.0",0,0,"0.0",50,0,81,0,0,"0.0","u",0,0,,"false"
"2026-09-17T14:28:26Z",216,"Esse","CRY","0.0","0.0","0.0","0.0",0,-2,"0.0",50,0,310,0,0,"0.0","u",0,0,,"false"
"2026-09-17T14:28:26Z",217,"M.França","CRY","0.0","0.0","0.0","0.0",0,-4,"0.0",49,0,496,0,0,"0.0","u",0,-1,,"false"
"2026-09-17T14:28:26Z",218,"Doucouré","CRY","-66.2","-68.5","-75.0","-81.4",-3,-2,"0.0",49,201,612,0,0,"0.0","a",0,-1,,"false"
"2026-09-17T14:28:26Z",219,"J.Rak-Sakyi","CRY","0.0","0.0","0.0","0.0",0,0,"0.0",49,0,84,0,0,"0.0","u",0,-1,,"false"
"2026-09-17T14:28:26Z",220,"Cardines","CRY","0.0","0.0","0.0","0.0",0,0,"0.0",45,0,6,0,0,"0.0","u",0,0,,"false"
"2026-09-17T14:28:26Z",221,"Drakes-Thomas","CRY","-54.9","-56.9","-62.5","-68.0",-3,-3,"0.1",45,256,690,0,0,"0.0","a",0,0,,"false"
"2026-09-17T14:28:26Z",222,"Strand Larsen","CRY","3.8","3.8","3.8","3.8",1,2,"0.6",60,9563,6247,12,217,"3.0","a",0,0,,"false"
"2026-09-17T14:28:26Z",223,"Mateta","CRY","-11.7","-12.6","-15.2","-17.8",-1,-131,"1.5",63,153,20133,2,62,"0.5","i",-1,-2,,"false"
"2026-09-17T14:28:26Z",224,"Nketiah","CRY","2.6","1.7","-4.8","-27.0",1,-169,"0.6",55,272,17132,7,167,"1.8","d",0,0,,"false"
"2026-09-17T14:28:26Z",225,"Uche","CRY","0.0","0.0","0.0","0.0",0,0,"0.0",50,0,0,0,0,"0.0","u",0,0,,"false"
"2026-09-17T14:28:26Z",241,"McNeil","CRY","-45.1","-48.0","-55.8","-63.7",-3,-7,"0.1",54,132,1032,3,84,"0.8","a",0,-1,,"false"
"2026-09-17T14:28:26Z",555,"Matthews","CRY","-4.1","-4.3","-4.7","-5.2",-1,-6,"1.7",40,2474,4299,0,0,"0.0","a",0,0,,"false"
"2026-09-17T14:28:26Z",577,"Tomiyasu","CRY","-2.4","-3.3","-5.6","-7.9",-1,-8,"0.3",44,314,2001,2,144,"0.5","a",-1,-1,,"false"
"2026-09-17T14:28:26Z",588,"Khalaili","CRY","6.6","6.4","5.7","5.1",1,-49,"0.3",50,4438,3318,13,289,"3.2","a",0,0,,"false"
"2026-09-17T14:28:26Z",595,"Gozo","CRY","-57.1","-61.7","-74.3","-87.0",-3,-1,"0.0",50,63,138,2,28,"0.5","a",0,0,,"false"
"2026-09-17T14:28:26Z",633,"Ahanor","CRY","0.0","0.0","0.0","0.0",0,1,"0.0",45,538,158,3,90,"1.5","a",0,0,,"false"
"2026-09-17T14:28:26Z",643,"Chilwell","CRY","-13.7","-18.6","-32.3","-46.0",-1,-48,"0.5",45,2466,6405,8,29,"4.0","a",0,0,,"false"
"2026-09-17T14:28:26Z",644,"Timber","CRY","0.0","0.1","0.1","0.1",1,2,"0.0",50,1058,427,6,163,"3.0","a",0,0,,"false"
"2026-09-17T14:28:26Z",647,"Osorio","CRY","-5.0","-5.0","-5.0","-5.0",-1,0,"0.0",55,62,113,1,1,"0.5","a",0,0,,"false"
"2026-09-17T14:28:26Z",21,"Nørgaard","EVE","-64.1","-65.2","-68.2","-71.3",-3,-3,"0.0",49,36,532,0,0,"0.0","i",0,-1,,"false"
"2026-09-17T14:28:26Z",209,"Johnson","EVE","-30.3","-27.2","-18.8","-10.4",-2,8,"0.1",59,1370,968,6,173,"1.5","a",0,-1,,"false"
"2026-09-17T14:28:26Z",226,"Pickford","EVE","13.1","14.1","16.7","19.4",1,204,"8.9",55,46743,29465,17,360,"4.2","a",0,0,,"false"
"2026-09-17T14:28:26Z",227,"Travers","EVE","-35.8","-35.8","-35.8","-35.8",-2,0,"0.0",50,402,338,0,0,"0.0","a",0,0,,"false"
"2026-09-17T14:28:26Z",228,"King","EVE","-34.0","-34.0","-34.0","-34.0",-2,0,"0.0",45,160,221,0,0,"0.0","a",0,0,,"false"
"2026-09-17T14:28:26Z",229,"Tarkowski","EVE","11.5","13.2","17.7","22.2",1,924,"13.6",61,201125,32612,29,360,"7.2","a",1,1,,"false"
"2026-09-17T14:28:26Z",230,"Branthwaite","EVE","19.5","20.4","23.1","25.7",2,200,"2.2",55,31956,9019,19,360,"4.8","a",0,0,,"false"
"2026-09-17T14:28:26Z",231,"Keane","EVE","-18.3","-18.9","-20.5","-22.1",-1,-16,"0.8",48,1335,8483,0,0,"0.0","a",-1,-2,,"false"
"2026-09-17T14:28:26Z",232,"O'Brien","EVE","-85.3","-86.0","-88.2","-90.3",-3,-5,"0.3",49,830,1895,1,15,"0.2","a",0,-1,,"false"
"2026-09-17T14:28:26Z",233,"Mykolenko","EVE","61.4","65.3","75.9","86.5",3,805,"3.3",45,133549,14660,22,360,"5.5","a",0,0,,"false"
"2026-09-17T14:28:26Z",234,"Patterson","EVE","0.0","0.0","0.0","0.0",0,0,"0.0",45,0,238,0,0,"0.0","u",0,0,,"false"
"2026-09-17T14:28:26Z",235,"Aznou","EVE","0.0","0.0","0.0","0.0",0,-8,"0.1",40,0,1174,0,0,"0.0","u",0,0,,"false"
"2026-09-17T14:28:26Z",236,"Dewsbury-Hall","EVE","66.1","71.4","85.9","100.5",3,1103,"5.4",65,102520,40720,17,360,"4.2","a",0,0,,"false"
"2026-09-17T14:28:26Z",238,"Grealish","EVE","6.1","6.2","6.4","6.7",1,18,"0.4",65,6420,4334,3,57,"0.8","a",0,0,,"false"
"2026-09-17T14:28:26Z",239,"Garner","EVE","1.2","1.4","2.2","3.0",1,60,"0.2",60,6954,2117,8,238,"2.0","a",0,0,,"false"
"2026-09-17T14:28:26Z",242,"George","EVE","22.3","23.1","25.5","27.8",2,176,"0.9",55,30384,7195,18,298,"4.5","a",0,0,,"false"
"2026-09-17T14:28:26Z",243,"Alcaraz","EVE","-22.3","-21.5","-19.4","-17.2",-2,1,"0.1",49,339,730,1,5,"0.2","a",0,-1,,"false"
"2026-09-17T14:28:26Z",244,"Armstrong","EVE","11.1","10.7","9.6","8.5",1,-83,"0.4",50,5702,4775,14,356,"3.5","d",0,0,,"false"
"2026-09-17T14:28:26Z",245,"Dibling","EVE","-77.7","-77.7","-77.7","-77.7",-3,0,"0.0",54,167,276,0,0,"0.0","a",0,-1,,"false"
"2026-09-17T14:28:26Z",246,"Röhl","EVE","-5.6","-7.0","-11.0","-15.1",-1,-4,"0.0",49,272,708,6,249,"1.5","d",-1,-1,,"false"
"2026-09-17T14:28:26Z",247,"Hackney","EVE","-72.3","-73.6","-77.2","-80.9",-3,-5,"0.2",55,512,1396,9,136,"2.2","a",0,0,,"false"
"2026-09-17T14:28:26Z",248,"Beto","EVE","0.0","0.0","0.0","0.0",0,-89,"0.7",54,0,17399,2,31,"0.5","u",0,-1,,"false"
"2026-09-17T14:28:26Z",249,"Barry","EVE","28.1","31.8","42.0","52.1",2,771,"6.8",56,108021,56544,14,327,"3.5","a",0,1,,"false"
"2026-09-17T14:28:26Z",649,"Maitland-Niles","EVE","2.3","3.3","6.1","8.9",1,211,"0.8",45,33426,4202,13,87,"6.5","a",0,0,,"false"
"2026-09-17T14:28:26Z",654,"Graham","EVE","0.0","0.0","0.0","0.0",0,0,"0.1",45,1379,1782,0,0,"0.0","a",0,0,"2026-09-19T17:46:58.377521Z","false"
"2026-09-17T14:28:26Z",250,"Leno","FUL","2.8","3.0","3.4","3.7",1,29,"3.0",45,24211,11093,15,360,"3.8","a",0,0,,"false"
"2026-09-17T14:28:26Z",251,"Lecomte","FUL","-17.8","-17.9","-18.4","-18.9",-1,-4,"1.1",40,2462,2823,0,0,"0.0","a",0,0,,"false"
"2026-09-17T14:28:26Z",252,"McNally","FUL","0.0","0.0","0.0","0.0",0,-2,"0.1",40,0,657,0,0,"0.0","u",0,0,,"false"
"2026-09-17T14:28:26Z",253,"Andersen","FUL","0.1","0.1","0.1","0.2",1,3,"0.1",50,1304,1459,2,180,"0.5","a",0,0,,"false"
"2026-09-17T14:28:26Z",254,"Robinson","FUL","-36.9","-36.6","-35.8","-35.0",-2,8,"1.4",45,7177,7498,10,339,"2.5","a",0,0,,"false"
"2026-09-17T14:28:26Z",255,"J.Cuenca","FUL","-49.8","-54.1","-66.1","-78.1",-3,-2,"0.0",45,64,254,3,90,"0.8","a",0,0,,"false"
"2026-09-17T14:28:26Z",256,"Tete","FUL","-23.9","-25.4","-29.6","-33.8",-2,-6,"0.2",44,274,1152,0,27,"0.0","a",0,-1,,"false"
"2026-09-17T14:28:26Z",257,"Bassey","FUL","-18.8","-19.1","-19.8","-20.4",-1,-3,"0.7",45,2598,2586,9,360,"2.2","a",0,0,,"false"
"2026-09-17T14:28:26Z",258,"Castagne","FUL","9.2","9.2","9.3","9.3",1,5,"0.8",45,9079,4943,19,318,"4.8","a",0,0,,"false"
"2026-09-17T14:28:26Z",261,"Iwobi","FUL","-38.2","-40.0","-44.8","-49.6",-3,-24,"0.7",54,2105,6455,9,338,"2.2","a",0,-1,,"false"
"2026-09-17T14:28:26Z",262,"Smith Rowe","FUL","-55.2","-56.0","-58.2","-60.4",-3,-4,"0.3",54,403,2414,3,38,"0.8","a",0,-1,,"false"
"2026-09-17T14:28:26Z",263,"Kevin","FUL","0.0","0.0","-2.6","-7.2",0,-2,"0.0",53,459,480,3,42,"0.8","a",-1,-2,,"false"
"2026-09-17T14:28:26Z",264,"Bobb","FUL","-51.6","-49.5","-43.7","-37.9",-3,12,"0.3",55,1777,2755,10,273,"2.5","a",0,0,,"false"
"2026-09-17T14:28:26Z",265,"Berge","FUL","-13.1","-15.1","-20.7","-26.3",-1,-12,"0.3",49,1222,2158,8,273,"2.0","a",0,-1,,"false"
"2026-09-17T14:28:26Z",266,"Cairney","FUL","-2.0","-2.0","-2.0","-2.0",-1,0,"0.0",49,10,36,0,0,"0.0","i",-1,-1,,"false"
"2026-09-17T14:28:26Z",268,"King","FUL","46.3","47.8","51.8","55.8",3,304,"1.6",55,59073,16762,22,346,"5.5","a",0,0,,"false"
"2026-09-17T14:28:26Z",269,"Sessegnon","FUL","-26.8","-29.7","-37.9","-46.1",-2,-32,"0.3",44,216,3297,3,50,"0.8","d",0,-1,,"false"
"2026-09-17T14:28:26Z",270,"Reed","FUL","2.0","2.1","2.3","2.5",1,16,"1.2",44,12963,11230,0,0,"0.0","a",-1,-1,,"false"
"2026-09-17T14:28:26Z",271,"Muniz","FUL","-23.4","-24.0","-25.8","-27.6",-2,-6,"0.4",54,2280,4137,3,28,"0.8","a",0,-1,,"false"
"2026-09-17T14:28:26Z",272,"Kusi-Asare","FUL","-30.1","-31.5","-35.3","-39.1",-2,-161,"5.8",45,20896,42920,0,0,"0.0","a",0,0,,"false"
"2026-09-17T14:28:26Z",569,"Gonzalo","FUL","46.2","45.8","44.8","43.7",3,-80,"3.6",60,19905,50800,12,346,"3.0","a",0,0,,"false"
"2026-09-17T14:28:26Z",570,"Palacios","FUL","-1.2","-0.2","0.1","0.2",-1,6,"0.2",54,1113,1701,11,207,"2.8","a",-1,-1,,"false"
"2026-09-17T14:28:26Z",580,"Charles","FUL","-86.2","-85.8","-84.9","-83.9",-3,1,"0.1",50,511,452,9,213,"2.2","a",0,0,,"false"
"2026-09-17T14:28:26Z",610,"De Fougerolles","FUL","0.0","0.0","0.0","0.0",0,-4,"0.1",40,0,924,0,0,"0.0","u",0,0,,"false"
"2026-09-17T14:28:26Z",626,"Zepa","FUL","-40.4","-45.5","-59.5","-73.5",-3,-32,"0.3",45,924,3770,0,0,"0.0","a",0,0,,"false"
"2026-09-17T14:28:26Z",635,"Larsson","FUL","0.0","0.0","0.0","0.0",0,1,"0.0",50,145,89,2,24,"1.0","a",0,0,,"false"
"2026-09-17T14:28:26Z",636,"Ángel","FUL","0.0","0.0","0.0","0.0",0,0,"0.0",50,63,49,0,0,"0.0","a",0,0,,"false"
"2026-09-17T14:28:26Z",650,"Affengruber","FUL","0.1","0.1","0.2","0.3",1,6,"0.0",45,1661,363,8,90,"4.0","a",0,0,,"false"
"2026-09-17T14:28:26Z",240,"Iroegbunam","HUL","0.1","0.1","0.1","0.2",1,3,"0.0",50,327,208,1,25,"0.2","a",0,0,,"false"
"2026-09-17T14:28:26Z",273,"Phillips","HUL","-21.0","-21.4","-22.3","-23.3",-2,-10,"1.4",40,3658,4766,0,0,"0.0","a",0,0,,"false"
"2026-09-17T14:28:26Z",274,"Butland","HUL","-85.2","-85.5","-86.3","-87.1",-3,-1,"0.1",45,76,441,0,0,"0.0","i",0,0,,"false"
"2026-09-17T14:28:26Z",275,"Cartwright","HUL","0.0","0.0","0.0","0.0",0,0,"0.0",40,0,34,0,0,"0.0","u",0,0,,"false"
"2026-09-17T14:28:26Z",276,"Lo-Tutala","HUL","0.0","0.0","0.0","0.0",0,0,"0.0",40,0,104,0,0,"0.0","u",0,0,,"false"
"2026-09-17T14:28:26Z",277,"Egan","HUL","18.0","18.7","20.8","22.9",1,157,"6.9",41,79317,30281,25,360,"6.2","a",0,1,,"false"
"2026-09-17T14:28:26Z",278,"Hughes","HUL","2.7","2.8","3.0","3.1",1,13,"0.2",39,12797,3905,0,0,"0.0","i",-1,-1,,"false"
"2026-09-17T14:28:26Z",279,"Ajayi","HUL","52.0","53.8","58.6","63.4",3,365,"13.8",42,180671,61891,26,333,"6.5","a",0,2,,"false"
"2026-09-17T14:28:26Z",280,"Coyle","HUL","-10.0","-7.8","-1.7","0.3",-1,29,"0.7",40,8498,2985,13,258,"3.2","a",0,0,,"false"
"2026-09-17T14:28:26Z",281,"Drameh","HUL","0.0","0.0","0.0","0.0",0,0,"0.0",40,0,503,2,65,"0.5","u",0,0,,"false"
"2026-09-17T14:28:26Z",282,"Giles","HUL","49.4","50.9","55.2","59.5",3,325,"2.6",40,97950,15022,24,354,"6.0","a",0,0,,"false"
"2026-09-17T14:28:26Z",283,"Jacob","HUL","0.0","0.0","0.0","0.0",0,0,"0.0",40,0,71,0,0,"0.0","u",0,0,,"false"
"2026-09-17T14:28:26Z",284,"McCarthy","HUL","0.3","0.4","0.4","0.5",1,6,"0.1",40,983,677,0,0,"0.0","a",0,0,,"false"
"2026-09-17T14:28:26Z",285,"McNair","HUL","-30.2","-30.2","-30.2","-30.2",-2,0,"0.1",40,492,633,1,26,"0.2","a",0,0,,"false"
"2026-09-17T14:28:26Z",286,"Belloumi","HUL","5.6","7.7","13.5","19.3",1,1189,"3.6",51,258711,21505,27,312,"6.8","a",1,1,,"false"
"2026-09-17T14:28:26Z",287,"Millar","HUL","0.0","0.0","0.0","0.0",0,-1,"0.0",50,0,780,6,50,"1.5","u",0,0,,"false"
"2026-09-17T14:28:26Z",288,"Dowell","HUL","-51.8","-53.5","-58.2","-62.9",-3,-11,"0.3",45,1184,3115,0,0,"0.0","a",0,0,,"false"
"2026-09-17T14:28:26Z",289,"Crooks","HUL","-91.7","-91.9","-92.7","-93.4",-3,-3,"0.5",45,3136,3931,3,158,"0.8","a",0,0,,"false"
"2026-09-17T14:28:26Z",290,"Slater","HUL","75.5","75.3","74.8","74.2",3,-43,"5.6",45,45881,41196,13,360,"3.2","a",0,0,,"false"
"2026-09-17T14:28:26Z",291,"Matazo","HUL","-6.5","-6.5","-6.5","-6.5",-1,0,"0.0",45,50,56,0,0,"0.0","i",0,0,,"false"
"2026-09-17T14:28:26Z",292,"Ömür","HUL","0.0","0.0","0.0","0.0",0,1,"0.0",49,239,245,0,0,"0.0","a",0,-1,,"false"
"2026-09-17T14:28:26Z",293,"Kamara","HUL","0.0","0.0","0.0","0.0",0,0,"0.0",50,0,19,0,0,"0.0","u",0,0,,"false"
"2026-09-17T14:28:26Z",294,"Zambrano","HUL","0.0","0.0","0.0","0.1",0,2,"0.1",45,1036,850,0,0,"0.0","a",0,0,,"false"
"2026-09-17T14:28:26Z",295,"McBurnie","HUL","27.1","27.4","28.1","28.9",2,58,"2.0",55,24367,18441,12,351,"3.0","a",0,0,,"false"
"2026-09-17T14:28:26Z",296,"Akintola","HUL","0.0","0.0","0.0","0.0",0,-3,"0.0",50,0,979,0,0,"0.0","u",0,0,,"false"
"2026-09-17T14:28:26Z",297,"Gyabi","HUL","-81.0","-81.0","-81.0","-81.0",-3,0,"0.0",45,45,149,0,0,"0.0","i",0,0,,"false"
"2026-09-17T14:28:26Z",298,"Destan","HUL","0.0","0.0","0.0","0.0",0,-4,"0.2",45,0,1992,0,0,"0.0","u",0,0,,"false"
"2026-09-17T14:28:26Z",299,"Burstow","HUL","0.0","0.0","0.0","0.0",0,-2,"0.0",45,0,277,0,0,"0.0","u",0,0,,"false"
"2026-09-17T14:28:26Z",340,"Gelhardt","HUL","0.0","0.0","0.0","0.0",0,0,"0.0",50,221,175,0,0,"0.0","a",0,0,,"false"
"2026-09-17T14:28:26Z",556,"Targett","HUL","-38.9","-39.5","-41.0","-42.6",-2,-38,"1.8",40,3589,11460,1,5,"0.2","d",0,0,,"false"
"2026-09-17T14:28:26Z",563,"Morita","HUL","-54.8","-58.3","-68.1","-77.9",-3,-3,"0.0",50,19,344,1,45,"0.2","i",0,0,,"false"
"2026-09-17T14:28:26Z",572,"Tzolakis","HUL","68.6","69.7","72.8","75.8",3,233,"11.1",46,115344,39457,28,360,"7.0","a",0,1,,"false"
"2026-09-17T14:28:26Z",574,"Hjertø-Dahl","HUL","-29.7","-27.1","-20.0","-12.8",-2,3,"0.1",49,233,582,1,8,"0.2","a",0,-1,,"false"
"2026-09-17T14:28:26Z",576,"Stroud","HUL","-24.7","-23.8","-21.3","-18.8",-2,2,"0.1",50,483,620,7,249,"1.8","a",0,0,,"false"
"2026-09-17T14:28:26Z",585,"Herrington","HUL","-20.9","-20.7","-20.1","-19.5",-2,3,"0.6",40,2589,2568,4,107,"1.0","a",0,0,,"false"
"2026-09-17T14:28:26Z",586,"Mendy","HUL","-20.9","-23.0","-28.8","-34.6",-2,-826,"7.1",41,12850,104093,25,249,"6.2","i",0,1,,"false"
"2026-09-17T14:28:26Z",589,"Gourna-Douath","HUL","-43.7","-41.3","-34.8","-28.2",-3,1,"0.0",50,118,196,3,126,"0.8","a",0,0,,"false"
"2026-09-17T14:28:26Z",617,"Cho","HUL","0.1","0.1","0.1","0.1",1,0,"0.0",50,301,180,3,45,"1.0","a",0,0,,"false"
"2026-09-17T14:28:26Z",632,"Ansah","HUL","-13.4","-17.0","-27.1","-37.1",-1,-6,"0.0",50,105,1038,0,0,"0.0","i",0,0,,"false"
"2026-09-17T14:28:26Z",637,"Vaz","HUL","0.4","0.4","0.6","0.9",1,16,"0.1",50,4140,1195,1,8,"0.5","a",0,0,,"false"
"2026-09-17T14:28:26Z",638,"Norton-Cuffy","HUL","-0.6","0.1","0.2","0.4",1,14,"0.3",40,3992,2797,1,34,"0.5","a",0,0,,"false"
"2026-09-17T14:28:26Z",642,"Thomas","HUL","0.1","0.1","0.2","0.2",1,4,"0.0",55,991,375,2,57,"1.0","a",0,0,,"false"
"2026-09-17T14:28:26Z",645,"Mouzakitis","HUL","0.0","0.0","0.0","0.0",0,1,"0.0",50,168,89,0,0,"0.0","a",0,0,,"false"
"2026-09-17T14:28:26Z",259,"Diop","IPS","-34.4","-35.1","-37.1","-39.1",-2,-198,"13.6",40,14011,72569,8,360,"2.0","a",0,0,,"false"
"2026-09-17T14:28:26Z",267,"Lukić","IPS","-80.6","-81.5","-84.2","-86.9",-3,-2,"0.1",50,263,864,9,328,"2.2","a",0,0,,"false"
"2026-09-17T14:28:26Z",300,"Walton","IPS","-7.8","-7.9","-8.0","-8.2",-1,-1,"0.4",44,606,1489,0,0,"0.0","a",0,-1,,"false"
"2026-09-17T14:28:26Z",301,"Palmer","IPS","-17.7","-17.8","-18.0","-18.3",-1,-8,"4.0",40,6448,13906,0,0,"0.0","a",0,0,,"false"
"2026-09-17T14:28:26Z",302,"Button","IPS","1.0","1.1","1.1","1.2",1,4,"0.6",40,1878,1596,0,0,"0.0","a",0,0,,"false"
"2026-09-17T14:28:26Z",303,"Kipré","IPS","7.6","8.4","10.5","12.7",1,163,"0.9",39,29449,6273,0,0,"0.0","a",-1,-1,,"false"
"2026-09-17T14:28:26Z",304,"O'Shea","IPS","-23.0","-23.5","-25.1","-26.6",-2,-32,"2.9",40,4484,13169,8,360,"2.0","a",0,0,,"false"
"2026-09-17T14:28:26Z",305,"Davis","IPS","44.0","45.9","51.1","56.4",3,396,"6.4",40,144380,21969,23,360,"5.8","a",0,0,,"false"
"2026-09-17T14:28:26Z",306,"Greaves","IPS","-62.1","-62.9","-65.4","-67.8",-3,-21,"1.2",40,982,4370,3,357,"0.8","a",0,0,,"false"
"2026-09-17T14:28:26Z",307,"Johnson","IPS","0.0","0.0","0.0","0.0",0,-4,"0.1",40,0,812,0,0,"0.0","u",0,0,,"false"
"2026-09-17T14:28:26Z",308,"Furlong","IPS","-100.7","-101.9","-105.2","-108.6",-5,-12,"0.5",40,262,2100,1,17,"0.2","a",0,0,,"false"
"2026-09-17T14:28:26Z",309,"Núñez","IPS","-7.4","-8.5","-11.4","-14.3",-1,-4,"0.1",49,238,1265,6,140,"1.5","a",-1,-1,,"false"
"2026-09-17T14:28:26Z",310,"Matusiwa","IPS","0.0","0.0","0.0","0.0",0,0,"0.0",49,40,27,0,0,"0.0","a",0,-1,"2026-09-19T14:00:09.742968Z","false"
"2026-09-17T14:28:26Z",311,"Burns","IPS","0.0","0.0","0.0","0.0",0,0,"0.0",50,0,16,0,0,"0.0","u",0,0,,"false"
"2026-09-17T14:28:26Z",312,"Taylor","IPS","-91.4","-91.4","-91.4","-91.4",-3,0,"0.0",45,65,258,0,0,"0.0","i",0,0,,"false"
"2026-09-17T14:28:26Z",313,"Clarke","IPS","-36.8","-41.0","-52.4","-63.9",-3,-16,"0.2",54,357,1933,9,105,"2.2","a",0,-1,,"false"
"2026-09-17T14:28:26Z",314,"Ogbene","IPS","0.0","0.0","0.0","0.0",0,0,"0.0",49,0,112,0,0,"0.0","u",0,-1,,"false"
"2026-09-17T14:28:26Z",315,"Fatawu","IPS","-101.9","-104.6","-111.9","-119.2",-5,-10,"0.2",55,419,1798,9,286,"2.2","a",0,0,,"false"
"2026-09-17T14:28:26Z",316,"Emersonn","IPS","52.9","55.9","64.1","72.3",3,622,"2.8",55,110635,17612,24,237,"6.0","a",0,0,,"false"
"2026-09-17T14:28:26Z",317,"Hirst","IPS","0.0","0.0","0.0","0.0",0,-6,"0.1",50,0,864,0,0,"0.0","u",0,0,,"false"
"2026-09-17T14:28:26Z",318,"Philogene","IPS","0.0","0.0","0.0","0.0",0,0,"0.1",54,71,262,1,28,"0.2","a",0,-1,"2026-09-19T14:00:09.771450Z","false"
"2026-09-17T14:28:26Z",319,"Szmodics","IPS","0.0","0.0","0.0","0.0",0,0,"0.0",50,0,42,0,0,"0.0","u",0,0,,"false"
"2026-09-17T14:28:26Z",320,"Akpom","IPS","23.5","23.5","23.6","23.7",2,5,"1.2",50,15621,15061,6,69,"1.5","a",0,0,,"false"
"2026-09-17T14:28:26Z",321,"Walle Egeli","IPS","38.4","38.3","38.1","37.9",2,-17,"3.6",45,42988,31475,1,10,"0.2","a",0,0,,"false"
"2026-09-17T14:28:26Z",322,"Al-Hamadi","IPS","0.0","0.0","0.0","0.0",0,-4,"0.1",50,0,648,0,0,"0.0","u",0,0,,"false"
"2026-09-17T14:28:26Z",323,"McAteer","IPS","-62.8","-64.7","-69.8","-74.9",-3,-41,"1.1",45,1756,9317,3,42,"0.8","a",0,0,,"false"
"2026-09-17T14:28:26Z",324,"Mehmeti","IPS","-83.4","-85.1","-90.0","-94.8",-3,-1,"0.0",49,49,234,0,0,"0.0","a",0,-1,,"false"
"2026-09-17T14:28:26Z",554,"Van Oevelen","IPS","0.0","0.0","0.0","0.0",0,0,"0.0",45,0,173,0,0,"0.0","u",0,0,,"false"
"2026-09-17T14:28:26Z",562,"Maeda","IPS","-60.2","-63.8","-73.8","-83.8",-3,-18,"0.2",54,179,2753,7,243,"1.8","a",0,-1,,"false"
"2026-09-17T14:28:26Z",564,"Scherpen","IPS","-19.9","-20.0","-20.2","-20.4",-2,-1,"0.6",45,1693,2514,7,360,"1.8","a",0,0,,"false"
"2026-09-17T14:28:26Z",571,"Florentino","IPS","-61.8","-63.2","-67.1","-71.0",-3,-2,"0.1",49,137,504,1,13,"0.2","a",0,-1,,"false"
"2026-09-17T14:28:26Z",591,"Enciso","IPS","10.2","10.1","9.8","9.6",1,-18,"0.8",55,5869,9972,13,340,"3.2","a",0,0,,"false"
"2026-09-17T14:28:26Z",592,"Ouattara","IPS","-18.6","-19.3","-21.0","-22.8",-1,-12,"0.9",40,1951,3665,4,41,"1.0","a",0,0,,"false"
"2026-09-17T14:28:26Z",602,"Humphreys","IPS","0.0","0.0","0.0","0.0",0,-2,"0.0",45,0,396,0,0,"0.0","u",0,0,,"false"
"2026-09-17T14:28:26Z",619,"Palacios","IPS","0.7","0.7","0.8","0.9",1,6,"0.1",50,2863,856,9,195,"3.0","a",0,0,,"false"
"2026-09-17T14:28:26Z",640,"Flemming","IPS","0.2","0.3","0.5","0.7",1,15,"0.1",55,2952,821,6,51,"3.0","a",0,0,,"false"
"2026-09-17T14:28:26Z",260,"Wilson","LEE","-101.8","-106.7","-120.4","-134.1",-5,-237,"2.4",63,2692,42044,5,145,"1.2","a",0,-2,,"false"
"2026-09-17T14:28:26Z",326,"Perri","LEE","0.0","0.0","0.0","0.0",0,-8,"0.3",45,0,2420,0,0,"0.0","u",0,0,,"false"
"2026-09-17T14:28:26Z",327,"Bijol","LEE","7.6","7.5","7.3","7.1",1,-16,"0.8",50,2668,9230,12,164,"3.0","a",0,0,,"false"
"2026-09-17T14:28:26Z",329,"Rodon","LEE","-65.8","-67.9","-73.8","-79.8",-3,-119,"1.0",44,45,18997,7,123,"1.8","i",0,-1,,"false"
"2026-09-17T14:28:26Z",330,"Bogle","LEE","106.0","117.6","149.9","182.1",5,2444,"4.3",45,202314,14545,37,299,"9.2","a",0,0,,"false"
"2026-09-17T14:28:26Z",331,"Gudmundsson","LEE","0.5","0.5","0.6","0.7",1,8,"0.1",45,969,371,8,162,"2.0","a",0,0,,"false"
"2026-09-17T14:28:26Z",332,"Justin","LEE","15.9","15.9","15.9","15.8",1,-4,"1.5",45,5540,8190,18,360,"4.5","a",0,0,,"false"
"2026-09-17T14:28:26Z",333,"Bornauw","LEE","0.0","0.0","0.0","0.0",0,0,"0.0",45,0,16,0,0,"0.0","u",0,0,,"false"
"2026-09-17T14:28:26Z",334,"Muharemović","LEE","24.3","25.5","28.6","31.8",2,240,"4.1",50,37032,16583,21,360,"5.2","a",0,0,,"false"
"2026-09-17T14:28:26Z",335,"Stach","LEE","19.7","19.8","20.2","20.6",1,27,"2.7",60,14091,22694,22,357,"5.5","a",0,0,,"false"
"2026-09-17T14:28:26Z",336,"Okafor","LEE","3.5","4.1","5.6","7.1",1,117,"0.4",58,10249,3220,15,224,"3.8","a",-1,-2,,"false"
"2026-09-17T14:28:26Z",337,"Aaronson","LEE","-57.5","-60.3","-67.9","-75.6",-3,-30,"0.5",54,620,5513,6,172,"1.5","a",0,-1,,"false"
"2026-09-17T14:28:26Z",338,"Ampadu","LEE","-12.5","-12.3","-12.0","-11.7",-1,2,"1.0",54,3469,6880,16,360,"4.0","a",0,-1,,"false"
"2026-09-17T14:28:26Z",339,"Longstaff","LEE","-40.6","-42.8","-48.9","-55.0",-3,-4,"0.1",49,333,982,2,10,"0.5","a",0,-1,,"false"
"2026-09-17T14:28:26Z",341,"Gnonto","LEE","0.0","0.0","0.0","0.0",0,0,"0.0",50,0,137,0,0,"0.0","u",0,0,,"false"
"2026-09-17T14:28:26Z",342,"Harrison","LEE","0.0","0.0","0.0","0.0",0,0,"0.0",50,0,8,0,0,"0.0","u",0,0,,"false"
"2026-09-17T14:28:26Z",343,"James","LEE","-8.7","-9.4","-11.3","-13.2",-1,-2,"0.1",49,518,977,2,29,"0.5","a",-1,-1,,"false"
"2026-09-17T14:28:26Z",344,"Gruev","LEE","-53.1","-53.1","-53.1","-53.1",-3,0,"0.0",50,10,32,0,0,"0.0","d",0,0,,"false"
"2026-09-17T14:28:26Z",345,"Tanaka","LEE","2.9","3.2","4.1","5.0",1,67,"0.3",49,6073,2185,12,188,"3.0","a",0,-1,,"false"
"2026-09-17T14:28:26Z",346,"Calvert-Lewin","LEE","-23.3","-16.6","4.6","46.7",-1,3193,"23.6",60,241089,105799,20,329,"5.0","a",0,0,,"false"
"2026-09-17T14:28:26Z",347,"Nmecha","LEE","0.0","-1.5","-5.6","-9.7",-1,-14,"0.5",54,4303,5073,6,50,"1.5","a",0,-1,,"false"
"2026-09-17T14:28:26Z",348,"Piroe","LEE","0.0","0.0","0.0","0.0",0,-4,"0.1",50,0,721,0,0,"0.0","u",0,0,,"false"
"2026-09-17T14:28:26Z",349,"Mateo Joseph","LEE","-31.6","-31.6","-31.6","-31.6",-2,0,"0.1",45,476,529,0,0,"0.0","i",0,0,,"false"
"2026-09-17T14:28:26Z",385,"Trafford","LEE","26.5","26.6","27.0","27.3",2,26,"5.4",50,20667,23518,18,360,"4.5","a",0,0,,"false"
"2026-09-17T14:28:26Z",598,"Elvedi","LEE","0.3","0.3","0.3","0.3",1,0,"0.0",45,520,303,7,236,"1.8","a",0,0,,"false"
"2026-09-17T14:28:26Z",603,"Lienou","LEE","0.2","0.2","0.3","0.3",1,3,"0.1",40,907,753,0,0,"0.0","a",0,0,,"false"
"2026-09-17T14:28:26Z",604,"Cresswell","LEE","0.2","0.2","0.2","0.1",1,-3,"0.1",45,1057,1438,0,0,"0.0","a",0,0,,"false"
"2026-09-17T14:28:26Z",625,"Cairns","LEE","0.3","0.4","0.5","0.7",1,11,"0.2",40,2561,1068,0,0,"0.0","a",0,0,,"false"
"2026-09-17T14:28:26Z",629,"Zetterer","LEE","1.5","1.6","2.0","2.3",1,28,"0.7",40,14171,3587,0,0,"0.0","a",0,0,,"false"
"2026-09-17T14:28:26Z",641,"Bard","LEE","0.0","0.0","0.0","0.0",0,0,"0.0",45,269,101,1,18,"0.5","a",0,0,,"false"
"2026-09-17T14:28:26Z",648,"Bahoya","LEE","-3.8","-7.4","-17.5","-27.6",-1,-1,"0.0",50,288,303,0,0,"0.0","a",0,0,,"false"
"2026-09-17T14:28:26Z",350,"A.Becker","LIV","2.5","2.3","1.7","1.0",1,-48,"3.9",55,15403,16356,19,360,"4.8","a",0,0,,"false"
"2026-09-17T14:28:26Z",351,"Mamardashvili","LIV","-70.5","-73.0","-80.0","-87.0",-3,-7,"0.1",49,341,1049,0,0,"0.0","a",0,-1,,"false"
"2026-09-17T14:28:26Z",352,"Woodman","LIV","-20.5","-20.8","-21.5","-22.2",-2,-6,"1.0",40,1904,3341,0,0,"0.0","a",0,0,,"false"
"2026-09-17T14:28:26Z",353,"Pecsi","LIV","0.0","0.0","0.0","0.0",0,0,"0.0",40,0,85,0,0,"0.0","u",0,0,,"false"
"2026-09-17T14:28:26Z",354,"Jaros","LIV","0.0","0.0","0.0","0.0",0,0,"0.0",40,162,91,0,0,"0.0","i",0,0,,"false"
"2026-09-17T14:28:26Z",355,"Davies","LIV","0.1","0.1","0.1","0.1",1,0,"0.2",40,634,594,0,0,"0.0","a",0,0,,"false"
"2026-09-17T14:28:26Z",356,"Virgil","LIV","-44.6","-45.2","-47.0","-48.7",-3,-212,"16.6",65,27160,59355,17,360,"4.2","a",0,0,,"false"
"2026-09-17T14:28:26Z",357,"Frimpong","LIV","-100.6","-105.0","-116.9","-128.8",-5,-170,"2.0",54,2302,29481,2,178,"0.5","a",0,-1,,"false"
"2026-09-17T14:28:26Z",358,"Kerkez","LIV","-53.8","-57.1","-66.2","-75.4",-3,-160,"2.4",54,2008,30040,7,295,"1.8","a",0,-1,,"false"
"2026-09-17T14:28:26Z",359,"Gomez","LIV","0.0","0.0","0.0","0.0",0,0,"0.0",49,94,92,0,0,"0.0","a",-1,-1,"2026-09-22T14:30:07.295674Z","false"
"2026-09-17T14:28:26Z",360,"Bradley","LIV","-72.2","-72.2","-72.2","-72.2",-3,0,"0.0",50,42,90,0,0,"0.0","i",0,0,,"false"
"2026-09-17T14:28:26Z",361,"Lucky","LIV","-32.5","-34.1","-38.6","-43.1",-2,-4,"0.1",40,575,863,0,0,"0.0","a",0,0,,"false"
"2026-09-17T14:28:26Z",362,"Jacquet","LIV","37.8","38.4","40.1","41.8",2,128,"3.2",50,54433,12825,18,325,"4.5","a",0,0,,"false"
"2026-09-17T14:28:26Z",363,"Leoni","LIV","-44.2","-44.2","-44.2","-44.2",-3,0,"0.0",40,99,261,0,0,"0.0","i",0,0,,"false"
"2026-09-17T14:28:26Z",364,"Tsimikas","LIV","-20.3","-21.7","-25.6","-29.4",-2,-2,"0.1",49,255,488,2,64,"0.5","a",0,-1,,"false"
"2026-09-17T14:28:26Z",365,"Ramsay","LIV","0.0","0.0","0.0","0.0",0,-3,"0.1",40,0,832,0,0,"0.0","u",0,0,,"false"
"2026-09-17T14:28:26Z",366,"Wirtz","LIV","-104.0","-110.1","-126.8","-143.5",-5,-811,"6.7",74,4022,114672,12,332,"3.0","a",0,-1,,"false"
"2026-09-17T14:28:26Z",367,"Gakpo","LIV","2.4","4.3","9.4","14.6",1,390,"12.4",72,108758,121167,29,280,"7.2","a",0,2,,"false"
"2026-09-17T14:28:26Z",368,"Szoboszlai","LIV","-49.5","-50.9","-55.0","-59.1",-3,-1058,"35.6",70,58783,338268,18,360,"4.5","a",0,0,,"false"
"2026-09-17T14:28:26Z",369,"Ngumoha","LIV","-81.2","-85.0","-95.7","-106.4",-3,-40,"0.5",58,1346,7696,4,99,"1.0","a",0,-2,,"false"
"2026-09-17T14:28:26Z",370,"Chiesa","LIV","-90.6","-91.3","-93.4","-95.5",-3,-2,"0.0",54,15,516,0,0,"0.0","i",0,-1,,"false"
"2026-09-17T14:28:26Z",371,"Gravenberch","LIV","-80.9","-83.6","-91.1","-98.6",-3,-66,"1.2",59,2870,16890,8,181,"2.0","a",0,-1,,"false"
"2026-09-17T14:28:26Z",372,"Mac Allister","LIV","-23.2","-23.5","-24.3","-25.1",-2,-8,"1.3",54,7927,14313,6,216,"1.5","a",0,-1,,"false"
"2026-09-17T14:28:26Z",373,"C.Jones","LIV","0.0","0.0","0.0","0.0",0,-2,"0.0",55,0,110,0,0,"0.0","u",0,0,,"false"
"2026-09-17T14:28:26Z",374,"Endo","LIV","-25.5","-27.7","-33.8","-40.0",-2,-3,"0.1",49,296,660,0,0,"0.0","a",0,-1,,"false"
"2026-09-17T14:28:26Z",375,"Nyoni","LIV","-40.5","-40.5","-40.5","-40.5",-3,0,"0.0",49,140,417,2,19,"0.5","a",0,-1,,"false"
"2026-09-17T14:28:26Z",376,"Bajcetic","LIV","0.0","0.0","0.0","0.0",0,0,"0.0",50,0,7,0,0,"0.0","u",0,0,,"false"
"2026-09-17T14:28:26Z",377,"Munoz","LIV","13.9","13.5","12.3","11.1",1,-88,"1.0",65,4222,21535,14,239,"3.5","a",0,0,,"false"
"2026-09-17T14:28:26Z",378,"McConnell","LIV","0.3","0.3","0.3","0.3",1,1,"0.2",44,1930,1843,0,0,"0.0","a",-1,-1,,"false"
"2026-09-17T14:28:26Z",379,"Isak","LIV","-4.4","-5.4","-8.2","-11.1",-1,-215,"21.9",91,81833,166425,25,333,"6.2","a",0,1,,"false"
"2026-09-17T14:28:26Z",380,"Ekitiké","LIV","-14.4","-15.0","-16.9","-18.7",-1,-4,"0.1",74,299,957,0,0,"0.0","i",0,-1,,"false"
"2026-09-17T14:28:26Z",381,"Koumas","LIV","-81.0","-74.5","-56.6","-38.6",-3,4,"0.0",50,151,225,2,13,"0.5","a",0,0,,"false"
"2026-09-17T14:28:26Z",382,"Danns","LIV","2.0","2.2","2.9","3.6",1,54,"0.2",45,6458,2244,0,0,"0.0","a",0,0,,"false"
"2026-09-17T14:28:26Z",383,"Elliott","LIV","0.0","0.0","0.0","0.0",0,0,"0.0",54,0,465,0,0,"0.0","u",0,-1,,"false"
"2026-09-17T14:28:26Z",579,"Araujo","LIV","25.6","25.8","26.5","27.1",2,48,"2.9",54,29324,12106,15,194,"3.8","a",0,-1,,"false"
"2026-09-17T14:28:26Z",627,"Barcola","LIV","-19.5","-23.3","-33.7","-44.2",-2,-148,"1.9",80,18244,32502,4,97,"2.0","a",0,0,,"false"
"2026-09-17T14:28:26Z",155,"Enzo","MCI","-32.0","-30.9","-27.8","-24.8",-2,76,"3.4",69,37101,23117,6,181,"1.5","a",0,-1,,"false"
"2026-09-17T14:28:26Z",237,"Ndiaye","MCI","-91.9","-94.5","-101.6","-108.8",-3,-404,"7.7",59,27038,126879,17,311,"4.2","a",0,-1,,"false"
"2026-09-17T14:28:26Z",384,"Donnarumma","MCI","-42.5","-41.6","-39.2","-36.9",-3,133,"7.7",55,33962,30582,17,360,"4.2","a",0,0,,"false"
"2026-09-17T14:28:26Z",386,"Bettinelli","MCI","-68.5","-68.5","-68.5","-68.5",-3,0,"0.0",45,60,142,0,0,"0.0","a",0,0,,"false"
"2026-09-17T14:28:26Z",387,"O'Reilly","MCI","-51.4","-53.9","-60.9","-67.9",-3,-616,"12.1",64,9057,123033,5,158,"1.2","a",0,-1,,"false"
"2026-09-17T14:28:26Z",388,"Guéhi","MCI","59.6","60.3","62.4","64.4",3,153,"18.5",60,59994,51986,26,360,"6.5","a",0,0,,"false"
"2026-09-17T14:28:26Z",389,"Matheus N.","MCI","-31.9","-31.6","-31.1","-30.5",-2,4,"1.0",59,4695,2969,10,123,"2.5","a",0,-1,,"false"
"2026-09-17T14:28:26Z",390,"Rúben","MCI","2.8","3.2","4.2","5.2",1,74,"1.9",55,14874,7825,16,360,"4.0","a",0,0,,"false"
"2026-09-17T14:28:26Z",391,"Gvardiol","MCI","32.6","36.2","46.3","56.4",2,2075,"24.1",57,371834,27532,33,344,"8.2","a",1,2,,"false"
"2026-09-17T14:28:26Z",392,"Aït-Nouri","MCI","-51.6","-53.6","-59.2","-64.7",-3,-17,"0.4",53,957,4574,0,0,"0.0","a",0,-2,,"false"
"2026-09-17T14:28:26Z",393,"Khusanov","MCI","-3.6","-4.5","-7.1","-9.8",-1,-48,"1.5",54,2563,14163,9,268,"2.2","a",-1,-1,,"false"
"2026-09-17T14:28:26Z",394,"Alleyne","MCI","0.0","0.0","0.0","0.0",0,0,"0.0",50,0,26,0,0,"0.0","u",0,0,,"false"
"2026-09-17T14:28:26Z",395,"Lewis","MCI","-25.9","-27.3","-31.0","-34.7",-2,-6,"0.2",44,888,2023,1,56,"0.2","a",0,-1,,"false"
"2026-09-17T14:28:26Z",396,"Vitor Reis","MCI","-67.3","-67.3","-67.3","-67.3",-3,0,"0.0",45,126,200,1,1,"0.2","a",0,0,,"false"
"2026-09-17T14:28:26Z",397,"Semenyo","MCI","-39.3","-40.7","-44.5","-48.4",-3,-425,"15.2",84,23156,115698,16,360,"4.0","a",0,-1,,"false"
"2026-09-17T14:28:26Z",398,"Foden","MCI","-85.9","-91.5","-107.0","-122.5",-3,-863,"2.7",70,1989,125471,9,217,"2.2","s",0,0,,"false"
"2026-09-17T14:28:26Z",399,"Cherki","MCI","-58.1","-60.0","-65.0","-70.1",-3,-383,"28.2",78,98544,203767,26,218,"6.5","a",0,3,,"false"
"2026-09-17T14:28:26Z",400,"Doku","MCI","-74.4","-75.4","-78.2","-81.0",-3,-39,"0.7",74,192,5344,0,0,"0.0","i",0,-1,,"false"
"2026-09-17T14:28:26Z",402,"Rodrigo","MCI","0.0","0.0","0.0","0.0",0,0,"0.0",65,0,41,0,0,"0.0","u",0,0,,"false"
"2026-09-17T14:28:26Z",404,"Reijnders","MCI","0.0","0.0","0.0","0.0",0,0,"0.0",60,0,181,0,0,"0.0","u",0,0,,"false"
"2026-09-17T14:28:26Z",406,"Kovačić","MCI","-50.2","-49.2","-46.5","-43.8",-3,2,"0.1",54,194,738,2,42,"0.5","a",0,-1,,"false"
"2026-09-17T14:28:26Z",407,"Echeverri","MCI","0.0","0.0","0.0","0.0",0,-1,"0.0",49,0,104,0,0,"0.0","u",0,-1,,"false"
"2026-09-17T14:28:26Z",408,"Phillips","MCI","0.0","0.0","0.0","0.0",0,0,"0.0",50,0,28,0,0,"0.0","u",0,0,,"false"
"2026-09-17T14:28:26Z",409,"Mukasa","MCI","0.0","0.0","0.0","0.0",0,-5,"0.1",45,0,1228,0,0,"0.0","u",0,0,,"false"
"2026-09-17T14:28:26Z",410,"Monga","MCI","0.0","0.0","0.0","0.0",0,0,"0.0",49,0,92,0,0,"0.0","u",0,-1,,"false"
"2026-09-17T14:28:26Z",411,"Haaland","MCI","97.8","100.9","109.3","117.7",5,636,"72.7",155,122963,18866,33,360,"8.2","a",0,0,,"false"
"2026-09-17T14:28:26Z",481,"Anderson","MCI","-15.1","-14.5","-12.9","-11.4",-1,48,"4.2",63,21332,26342,13,323,"3.2","a",0,-2,,"false"
"2026-09-17T14:28:26Z",587,"Rulli","MCI","-76.7","-73.9","-66.1","-58.3",-3,1,"0.0",50,121,148,0,0,"0.0","a",0,0,,"false"
"2026-09-17T14:28:26Z",616,"Bouaddi","MCI","0.2","0.1","-2.2","-12.4",1,-13,"0.2",55,2265,3096,2,22,"0.7","a",0,0,,"false"
"2026-09-17T14:28:26Z",621,"McAidoo","MCI","-25.1","-27.1","-32.7","-38.3",-2,-5,"0.1",45,761,1508,2,11,"0.7","a",0,0,,"false"
"2026-09-17T14:28:26Z",622,"Braithwaite","MCI","-0.5","-0.4","0.0","0.0",-1,1,"0.2",40,1874,2105,1,1,"0.3","a",0,0,,"false"
"2026-09-17T14:28:26Z",628,"Allan","MCI","0.0","0.0","0.0","0.0",0,0,"0.0",60,215,180,0,0,"0.0","a",0,0,,"false"
"2026-09-17T14:28:26Z",653,"Samba","MCI","0.0","0.0","0.0","0.0",0,0,"0.0",45,462,716,0,0,"0.0","a",0,0,"2026-09-18T19:49:28.106817Z","false"
"2026-09-17T14:28:26Z",43,"Tielemans","MUN","-6.7","-8.6","-13.9","-19.2",-1,-104,"1.6",58,6385,17767,10,312,"2.5","a",-1,-2,,"false"
"2026-09-17T14:28:26Z",131,"Baleba","MUN","-3.1","-2.9","-2.4","-1.9",-1,2,"0.1",49,482,1302,0,0,"0.0","i",-1,-1,,"false"
"2026-09-17T14:28:26Z",162,"Andrey Santos","MUN","-14.0","-15.9","-21.2","-26.5",-1,-41,"0.6",48,2217,9150,4,82,"1.0","a",-1,-2,,"false"
"2026-09-17T14:28:26Z",325,"Darlow","MUN","-17.0","-20.1","-28.8","-37.4",-2,-3,"0.0",45,123,238,0,0,"0.0","a",0,0,,"false"
"2026-09-17T14:28:26Z",412,"Lammens","MUN","-9.0","-9.7","-11.8","-13.8",-1,-269,"10.6",49,10847,82750,7,360,"1.8","a",-1,-1,,"false"
"2026-09-17T14:28:26Z",413,"Bayindir","MUN","0.0","0.0","0.0","0.0",0,-1,"0.0",45,0,83,0,0,"0.0","u",0,0,,"false"
"2026-09-17T14:28:26Z",414,"Heaton","MUN","-28.4","-28.1","-27.2","-26.2",-2,2,"0.1",40,244,323,0,0,"0.0","i",0,0,,"false"
"2026-09-17T14:28:26Z",415,"Dorgu","MUN","-44.3","-47.4","-55.9","-64.4",-3,-35,"0.6",58,2323,6185,6,165,"1.5","a",0,-2,,"false"
"2026-09-17T14:28:26Z",416,"De Ligt","MUN","-80.9","-80.9","-80.9","-80.9",-3,0,"0.0",50,64,164,0,0,"0.0","i",0,0,,"false"
"2026-09-17T14:28:26Z",417,"Dalot","MUN","-37.4","-39.2","-44.3","-49.4",-2,-64,"1.7",49,2877,12963,6,256,"1.5","a",0,-1,,"false"
"2026-09-17T14:28:26Z",418,"Maguire","MUN","-47.3","-50.1","-57.9","-65.7",-3,-559,"9.9",49,10886,89936,8,360,"2.0","a",0,-1,,"false"
"2026-09-17T14:28:26Z",419,"Martinez","MUN","-74.2","-74.5","-75.2","-76.0",-3,-7,"1.3",50,8620,6706,6,270,"1.5","a",0,0,,"false"
"2026-09-17T14:28:26Z",420,"Yoro","MUN","-95.5","-97.1","-101.5","-105.8",-4,-15,"0.5",49,515,3694,2,22,"0.5","a",0,-1,,"false"
"2026-09-17T14:28:26Z",421,"Heaven","MUN","-52.2","-54.4","-60.7","-66.9",-3,-13,"0.3",44,485,2613,1,90,"0.2","a",0,-1,,"false"
"2026-09-17T14:28:26Z",422,"Mazraoui","MUN","-32.7","-35.5","-43.2","-50.8",-2,-30,"0.5",44,2053,5796,3,97,"0.8","a",0,-1,,"false"
"2026-09-17T14:28:26Z",423,"Shaw","MUN","-61.9","-65.7","-76.2","-86.7",-3,-1387,"9.8",44,1886,205471,7,252,"1.8","d",0,-1,,"false"
"2026-09-17T14:28:26Z",424,"Amass","MUN","-31.8","-32.5","-34.5","-36.5",-2,-3,"0.2",40,1030,1264,0,0,"0.0","a",0,0,,"false"
"2026-09-17T14:28:26Z",425,"Fredricson","MUN","0.0","0.0","0.0","0.0",0,0,"0.0",40,0,91,0,0,"0.0","u",0,0,,"false"
"2026-09-17T14:28:26Z",426,"B.Fernandes","MUN","-75.7","-76.9","-80.3","-83.6",-3,-1006,"41.1",120,49669,207553,29,360,"7.2","a",0,0,,"false"
"2026-09-17T14:28:26Z",427,"Mbeumo","MUN","-32.9","-34.9","-40.3","-45.7",-2,-885,"22.4",79,63315,175930,23,360,"5.8","a",0,-1,,"false"
"2026-09-17T14:28:26Z",428,"Cunha","MUN","-62.2","-64.8","-72.1","-79.5",-3,-319,"6.0",79,8675,57746,16,317,"4.0","a",0,-1,,"false"
"2026-09-17T14:28:26Z",429,"Rashford","MUN","-72.4","-73.1","-74.9","-76.8",-3,-22,"1.6",70,14002,15667,8,275,"2.0","a",0,0,,"false"
"2026-09-17T14:28:26Z",430,"Mount","MUN","0.0","0.0","0.0","-9.7",0,-2,"0.0",54,263,219,0,0,"0.0","a",0,-1,,"false"
"2026-09-17T14:28:26Z",431,"Amad","MUN","-2.2","-2.8","-4.4","-6.1",-1,-19,"0.3",57,53,3942,0,0,"0.0","i",-1,-3,,"false"
"2026-09-17T14:28:26Z",432,"Mainoo","MUN","14.2","14.4","15.1","15.7",1,48,"1.6",55,26018,9322,18,275,"4.5","a",0,0,,"false"
"2026-09-17T14:28:26Z",433,"Ugarte","MUN","-60.2","-60.2","-60.2","-60.2",-3,0,"0.0",50,14,29,0,0,"0.0","i",0,0,,"false"
"2026-09-17T14:28:26Z",434,"J.Fletcher","MUN","-22.6","-22.6","-22.6","-22.6",-2,0,"0.0",49,44,93,0,0,"0.0","a",0,-1,,"false"
"2026-09-17T14:28:26Z",435,"Lacey","MUN","-21.4","-21.4","-21.4","-21.4",-2,0,"0.1",49,251,430,1,10,"0.2","a",0,-1,,"false"
"2026-09-17T14:28:26Z",436,"Collyer","MUN","0.0","0.0","0.0","0.0",0,0,"0.0",50,0,109,0,0,"0.0","u",0,0,,"false"
"2026-09-17T14:28:26Z",437,"Bendito Mantato","MUN","-74.3","-76.4","-82.5","-88.5",-3,-8,"0.2",45,497,1297,0,0,"0.0","a",0,0,,"false"
"2026-09-17T14:28:26Z",438,"Fletcher","MUN","0.2","0.3","0.5","0.7",1,18,"0.3",44,1582,2218,0,0,"0.0","a",-1,-1,,"false"
"2026-09-17T14:28:26Z",439,"Šeško","MUN","-17.3","-16.5","-14.3","-12.1",-1,28,"1.8",70,17013,16424,8,76,"2.0","a",0,0,,"false"
"2026-09-17T14:28:26Z",440,"Zirkzee","MUN","-90.6","-93.0","-99.7","-106.4",-3,-20,"0.4",54,2033,4287,1,7,"0.2","a",0,-1,,"false"
"2026-09-17T14:28:26Z",441,"Obi","MUN","0.0","0.0","0.0","0.0",0,-95,"1.1",45,5061,15262,0,0,"0.0","u",0,0,,"false"
"2026-09-17T14:28:26Z",405,"N.Gonzalez","NEW","2.5","2.3","1.6","0.8",1,-54,"0.2",55,1092,4125,5,164,"1.2","d",0,0,,"false"
"2026-09-17T14:28:26Z",442,"Pope","NEW","-22.8","-23.3","-24.5","-25.8",-2,-9,"1.0",49,1309,5351,0,0,"0.0","a",0,-1,,"false"
"2026-09-17T14:28:26Z",443,"Gillespie","NEW","-29.0","-29.0","-29.0","-29.0",-2,0,"0.0",45,137,156,0,0,"0.0","a",0,0,,"false"
"2026-09-17T14:28:26Z",444,"Jaouen","NEW","-91.1","-91.1","-91.1","-91.1",-3,0,"0.0",45,19,193,0,0,"0.0","d",0,0,,"false"
"2026-09-17T14:28:26Z",445,"Thiaw","NEW","14.2","14.4","14.7","15.0",1,24,"2.2",50,16677,17227,10,360,"2.5","a",0,0,,"false"
"2026-09-17T14:28:26Z",446,"Schär","NEW","-2.5","-2.7","-3.3","-3.8",-1,-2,"0.2",49,847,1779,1,1,"0.2","a",-1,-1,,"false"
"2026-09-17T14:28:26Z",447,"Botman","NEW","6.8","6.8","7.0","7.2",1,13,"0.7",50,4521,4693,11,360,"2.8","a",0,0,,"false"
"2026-09-17T14:28:26Z",448,"Burn","NEW","-78.3","-79.2","-81.7","-84.2",-3,-41,"0.8",49,145,8558,0,0,"0.0","i",0,-1,,"false"
"2026-09-17T14:28:26Z",449,"Hall","NEW","27.5","29.5","34.8","40.1",2,404,"14.4",52,135912,81519,18,359,"4.5","a",0,2,,"false"
"2026-09-17T14:28:26Z",450,"Livramento","NEW","0.4","0.4","0.6","0.8",1,14,"0.1",49,2030,788,4,33,"1.0","a",0,-1,,"false"
"2026-09-17T14:28:26Z",451,"A.Murphy","NEW","0.0","0.0","0.0","0.0",0,-1,"0.1",40,0,483,0,0,"0.0","u",0,0,,"false"
"2026-09-17T14:28:26Z",453,"Barnes","NEW","83.6","88.5","102.0","115.4",3,1022,"3.4",60,105093,25900,19,360,"4.8","a",0,0,,"false"
"2026-09-17T14:28:26Z",454,"Elanga","NEW","-66.8","-75.4","-99.2","-123.0",-3,-3982,"8.3",62,53435,363341,18,232,"4.5","i",0,2,,"false"
"2026-09-17T14:28:26Z",456,"J.Ramsey","NEW","-15.8","-20.6","-33.9","-47.3",-2,-58,"0.3",49,1772,5616,7,69,"1.8","d",0,-1,,"false"
"2026-09-17T14:28:26Z",457,"J.Murphy","NEW","-48.2","-45.1","-36.5","-27.9",-3,8,"0.1",59,1153,1278,2,91,"0.5","a",0,-1,,"false"
"2026-09-17T14:28:26Z",458,"Joelinton","NEW","-43.1","-45.1","-50.9","-56.7",-3,-2,"0.0",54,35,142,0,0,"0.0","i",0,-1,,"false"
"2026-09-17T14:28:26Z",459,"L.Miley","NEW","0.4","0.4","0.3","0.3",1,-6,"0.1",55,712,948,8,306,"2.0","a",0,0,,"false"
"2026-09-17T14:28:26Z",460,"Willock","NEW","10.6","10.5","10.4","10.2",1,-10,"0.5",50,4422,5804,12,198,"3.0","a",0,0,,"false"
"2026-09-17T14:28:26Z",461,"Touré","NEW","-9.4","-7.1","-0.6","0.1",-1,6,"0.1",58,1060,1114,7,34,"1.8","a",0,-2,,"false"
"2026-09-17T14:28:26Z",462,"Steur","NEW","-36.6","-39.0","-45.7","-52.4",-2,-4,"0.1",49,247,721,5,158,"1.2","a",0,-1,,"false"
"2026-09-17T14:28:26Z",463,"Woltemade","NEW","0.0","0.0","0.0","0.0",0,-40,"0.5",59,0,8921,4,19,"1.0","u",0,-1,,"false"
"2026-09-17T14:28:26Z",464,"Wissa","NEW","32.0","35.6","45.5","55.4",2,752,"18.3",62,165790,145578,15,351,"3.8","a",0,2,,"false"
"2026-09-17T14:28:26Z",465,"Osula","NEW","-95.7","-97.2","-101.2","-105.2",-4,-28,"0.3",59,147,4584,4,55,"1.0","i",0,-1,,"false"
"2026-09-17T14:28:26Z",466,"Neave","NEW","0.0","0.0","0.0","0.0",0,-28,"0.6",45,0,6616,0,0,"0.0","u",0,0,,"false"
"2026-09-17T14:28:26Z",559,"Bamba","NEW","-32.1","-32.7","-34.3","-35.9",-2,-1,"0.1",49,266,784,2,24,"0.5","a",0,-1,,"false"
"2026-09-17T14:28:26Z",567,"Horníček","NEW","19.0","19.2","19.7","20.3",1,43,"1.5",50,14950,10402,11,360,"2.8","a",0,0,,"false"
"2026-09-17T14:28:26Z",593,"Dedić","NEW","43.5","42.6","40.1","37.6",3,-192,"2.8",45,10889,31769,13,327,"3.2","a",0,0,,"false"
"2026-09-17T14:28:26Z",609,"Shahar","NEW","0.0","0.0","0.0","0.0",0,-10,"0.2",40,0,4599,0,0,"0.0","u",0,0,,"false"
"2026-09-17T14:28:26Z",634,"Fernandez-Pardo","NEW","0.0","0.1","0.4","0.6",1,19,"0.1",60,2183,1633,2,84,"1.0","a",0,0,,"false"
"2026-09-17T14:28:26Z",659,"Miley","NEW","0.0","0.0","0.0","0.0",0,0,"0.0",45,1927,320,0,0,"0.0","a",0,0,"2026-09-27T21:39:41.033165Z","false"
"2026-09-17T14:28:26Z",167,"Delap","NFO","49.4","56.7","76.9","97.1",3,1529,"1.8",55,91845,11879,8,187,"2.0","a",0,0,,"false"
"2026-09-17T14:28:26Z",201,"Muñoz","NFO","-64.5","-61.4","-52.8","-44.1",-3,358,"5.7",54,39654,35585,3,175,"0.8","a",0,-1,,"false"
"2026-09-17T14:28:26Z",467,"Sels","NFO","1.1","1.6","3.0","4.4",1,106,"1.6",50,22602,7712,12,360,"3.0","a",0,0,,"false"
"2026-09-17T14:28:26Z",468,"John","NFO","-58.6","-58.6","-58.6","-58.6",-3,0,"0.1",45,135,255,0,0,"0.0","a",0,0,,"false"
"2026-09-17T14:28:26Z",469,"N.Williams","NFO","1.6","4.0","10.7","17.4",1,510,"8.8",50,73177,32248,17,360,"4.2","a",0,0,,"false"
"2026-09-17T14:28:26Z",470,"Morato","NFO","0.0","0.0","0.0","0.0",0,-2,"0.0",50,0,324,0,0,"0.0","u",0,0,,"false"
"2026-09-17T14:28:26Z",471,"Milenković","NFO","-68.2","-72.1","-83.0","-94.0",-3,-283,"1.3",55,219,32504,12,270,"3.0","i",0,0,,"false"
"2026-09-17T14:28:26Z",472,"Murillo","NFO","11.3","12.8","17.1","21.4",1,327,"2.0",55,34058,6830,19,359,"4.8","a",0,0,,"false"
"2026-09-17T14:28:26Z",473,"Aina","NFO","-84.0","-83.7","-82.8","-82.0",-3,16,"2.6",45,12108,16596,8,306,"2.0","a",0,0,,"false"
"2026-09-17T14:28:26Z",474,"Jair Cunha","NFO","-0.3","0","0","0",0,0,"0.2",45,146,3413,10,270,"2.5","d",0,0,,"true"
"2026-09-17T14:28:26Z",475,"Savona","NFO","-9.9","-9.9","-9.9","-9.9",-1,0,"0.0",45,12,22,0,0,"0.0","i",0,0,,"false"
"2026-09-17T14:28:26Z",476,"O.Richards","NFO","-48.3","-47.8","-46.5","-45.3",-3,2,"0.2",40,746,1141,0,0,"0.0","a",0,0,,"false"
"2026-09-17T14:28:26Z",477,"Abbott","NFO","0.0","0.0","0.0","0.0",0,-4,"0.2",40,0,1618,0,0,"0.0","u",0,0,,"false"
"2026-09-17T14:28:26Z",478,"Netz","NFO","-1.6","-1.6","-1.6","-1.6",-1,0,"0.0",44,164,261,2,20,"0.5","a",-1,-1,,"false"
"2026-09-17T14:28:26Z",479,"Bindon","NFO","0.0","0.0","0.0","0.0",0,-4,"0.1",40,0,956,0,0,"0.0","u",0,0,,"false"
"2026-09-17T14:28:26Z",480,"Gibbs-White","NFO","13.6","19.9","37.1","54.4",1,3544,"13.4",80,386808,25300,26,360,"6.5","a",1,0,,"false"
"2026-09-17T14:28:26Z",482,"Hudson-Odoi","NFO","-5.0","-6.8","-11.8","-16.7",-1,-10,"0.2",58,1285,1855,1,1,"0.2","a",-1,-2,,"false"
"2026-09-17T14:28:26Z",483,"Ndoye","NFO","10.1","10.5","11.7","12.8",1,87,"0.7",55,14326,7788,14,258,"3.5","a",0,0,,"false"
"2026-09-17T14:28:26Z",484,"Hutchinson","NFO","0.0","0.0","0.0","0.0",0,-4,"0.1",54,0,791,0,0,"0.0","u",0,-1,,"false"
"2026-09-17T14:28:26Z",485,"Bakwa","NFO","0.0","0.0","0.0","0.0",0,0,"0.0",55,0,46,0,0,"0.0","u",0,0,,"false"
"2026-09-17T14:28:26Z",486,"McAtee","NFO","1.8","1.9","2.0","2.2",1,12,"0.1",55,2238,1078,10,334,"2.5","a",0,0,,"false"
"2026-09-17T14:28:26Z",487,"Dominguez","NFO","-30.6","-30.6","-30.6","-30.6",-2,0,"0.1",49,179,510,1,1,"0.2","a",0,-1,,"false"
"2026-09-17T14:28:26Z",488,"I.Sangaré","NFO","-35.4","-36.9","-41.2","-45.5",-2,-15,"0.5",49,1111,3615,3,98,"0.8","a",0,-1,,"false"
"2026-09-17T14:28:26Z",489,"Yates","NFO","-41.4","-43.3","-48.3","-53.4",-3,-46,"1.3",45,2396,11128,0,0,"0.0","a",0,0,,"false"
"2026-09-17T14:28:26Z",490,"Wood","NFO","-15.3","-15.8","-17.3","-18.8",-1,-18,"1.0",58,3475,10847,3,45,"0.8","a",-1,-2,,"false"
"2026-09-17T14:28:26Z",491,"Igor Jesus","NFO","10.6","12.0","15.8","19.6",1,291,"2.7",58,39067,19937,11,226,"2.8","a",-1,-2,,"false"
"2026-09-17T14:28:26Z",493,"Kalimuendo","NFO","0.2","0.2","0.2","0.2",1,1,"0.1",54,377,604,1,1,"0.2","a",0,-1,,"false"
"2026-09-17T14:28:26Z",558,"Schlager","NFO","0.2","0.2","0.2","0.3",1,1,"0.1",50,1916,839,11,286,"2.8","a",0,0,,"false"
"2026-09-17T14:28:26Z",581,"Diomande","NFO","-47.1","-46.4","-44.4","-42.4",-3,8,"0.5",54,2656,2441,5,91,"1.2","a",0,-1,,"false"
"2026-09-17T14:28:26Z",590,"Benda","NFO","0.1","0.1","0.1","0.1",1,0,"0.1",45,310,408,0,0,"0.0","a",0,0,,"false"
"2026-09-17T14:28:26Z",112,"Van Hecke","TOT","-20.0","-19.9","-19.5","-19.1",-1,20,"6.7",49,27138,27546,18,360,"4.5","a",0,-1,,"false"
"2026-09-17T14:28:26Z",147,"Tosin","TOT","-15.2","-15.2","-15.2","-15.2",-1,0,"0.2",44,301,689,1,5,"0.2","a",0,-1,,"false"
"2026-09-17T14:28:26Z",401,"Marmoush","TOT","34.4","34.9","36.4","37.9",2,114,"2.1",70,16175,33199,6,249,"1.5","a",0,0,,"false"
"2026-09-17T14:28:26Z",403,"Sávio","TOT","10.7","10.8","11.1","11.5",1,26,"0.7",65,7538,8835,6,150,"1.5","a",0,0,,"false"
"2026-09-17T14:28:26Z",455,"Tonali","TOT","-86.7","-90.7","-101.8","-112.8",-3,-317,"2.1",54,3095,40672,12,344,"3.0","d",0,-1,,"false"
"2026-09-17T14:28:26Z",494,"Vicario","TOT","0.0","0.0","0.0","0.0",0,-4,"0.1",45,0,1350,0,0,"0.0","u",0,0,,"false"
"2026-09-17T14:28:26Z",495,"Austin","TOT","1.9","2.0","2.0","2.1",1,6,"1.0",40,4438,3345,0,0,"0.0","a",0,0,,"false"
"2026-09-17T14:28:26Z",496,"Kinsky","TOT","-36.1","-35.9","-35.2","-34.5",-2,91,"18.3",45,62310,60451,16,360,"4.0","a",0,0,,"false"
"2026-09-17T14:28:26Z",497,"Dubravka","TOT","-16.5","-16.8","-17.5","-18.2",-1,-93,"17.6",40,38480,57643,0,0,"0.0","a",0,0,,"false"
"2026-09-17T14:28:26Z",498,"Senesi","TOT","-27.9","-29.7","-34.5","-39.4",-2,-236,"3.9",58,1904,51550,3,90,"0.8","a",-1,-2,,"false"
"2026-09-17T14:28:26Z",499,"Pedro Porro","TOT","-97.6","-101.3","-111.4","-121.5",-5,-1191,"8.8",55,1446,185139,8,180,"2.0","d",0,0,,"false"
"2026-09-17T14:28:26Z",500,"Romero","TOT","0.0","0.0","0.0","0.0",0,0,"0.1",50,0,499,0,0,"0.0","u",0,0,,"false"
"2026-09-17T14:28:26Z",502,"Robertson","TOT","1.2","1.3","1.6","1.9",1,21,"2.6",44,13703,14006,13,276,"3.2","a",0,-1,,"false"
"2026-09-17T14:28:26Z",503,"Van de Ven","TOT","-7.4","-6.7","-4.9","-3.1",-1,52,"3.9",50,21950,14233,15,270,"3.8","a",0,0,,"false"
"2026-09-17T14:28:26Z",505,"Spence","TOT","0.0","0.0","0.0","0.0",0,-7,"0.2",45,0,2093,0,0,"0.0","u",0,0,,"false"
"2026-09-17T14:28:26Z",506,"Udogie","TOT","-3.1","-3.3","-4.0","-4.7",-1,-3,"0.4",44,460,4114,7,86,"1.8","a",-1,-1,,"false"
"2026-09-17T14:28:26Z",507,"Phillips","TOT","0.0","0.0","0.0","0.0",0,0,"0.0",45,0,84,0,0,"0.0","u",0,0,,"false"
"2026-09-17T14:28:26Z",508,"Davies","TOT","-94.0","-94.8","-96.9","-99.0",-3,-13,"0.8",40,1479,5270,0,0,"0.0","a",0,0,,"false"
"2026-09-17T14:28:26Z",509,"Byfield","TOT","0.0","0.0","0.0","0.0",0,-1,"0.1",40,415,414,0,0,"0.0","a",0,0,,"false"
"2026-09-17T14:28:26Z",510,"Rowswell","TOT","-6.8","-6.8","-6.8","-6.8",-1,0,"0.1",40,471,525,0,0,"0.0","a",0,0,,"false"
"2026-09-17T14:28:26Z",511,"Souza","TOT","0.0","0.0","0.0","0.0",0,-4,"0.2",40,0,1720,0,0,"0.0","u",0,0,,"false"
"2026-09-17T14:28:26Z",512,"Kudus","TOT","1.2","1.3","1.4","1.5",1,7,"0.1",65,1641,2025,3,78,"0.8","a",0,0,,"false"
"2026-09-17T14:28:26Z",513,"Xavi","TOT","-9.8","-9.8","-9.8","-9.8",-1,0,"0.0",59,41,104,0,0,"0.0","i",0,-1,,"false"
"2026-09-17T14:28:26Z",514,"Tel","TOT","-87.5","-91.6","-103.1","-114.5",-3,-18,"0.2",58,572,3861,8,257,"2.0","a",0,-2,,"false"
"2026-09-17T14:28:26Z",515,"Maddison","TOT","-37.5","-38.0","-39.3","-40.6",-2,-4,"0.4",63,1078,3185,2,35,"0.5","a",0,-2,,"false"
"2026-09-17T14:28:26Z",516,"Bentancur","TOT","-69.4","-64.8","-52.1","-39.4",-3,16,"0.2",55,1243,1103,11,287,"2.8","a",0,0,,"false"
"2026-09-17T14:28:26Z",517,"Odobert","TOT","0.0","0.0","0.0","0.0",0,0,"0.0",55,16,13,0,0,"0.0","i",0,0,,"false"
"2026-09-17T14:28:26Z",518,"P.M.Sarr","TOT","0.0","0.0","0.0","0.0",0,-11,"0.1",49,0,1608,0,0,"0.0","u",0,-1,,"false"
"2026-09-17T14:28:26Z",519,"Gallagher","TOT","-99.9","-100.4","-101.6","-102.8",-5,-2,"0.2",54,400,1855,3,128,"0.8","a",0,-1,,"false"
"2026-09-17T14:28:26Z",520,"Bergvall","TOT","-73.1","-74.3","-77.6","-80.8",-3,-4,"0.1",54,238,890,2,72,"0.5","a",0,-1,,"false"
"2026-09-17T14:28:26Z",521,"Kulusevski","TOT","-79.0","-79.0","-79.0","-79.0",-3,0,"0.0",65,48,70,0,0,"0.0","i",0,0,,"false"
"2026-09-17T14:28:26Z",522,"Gray","TOT","-1.9","-2.5","-4.3","-6.0",-1,-4,"0.2",49,1183,1602,7,236,"1.8","a",-1,-1,,"false"
"2026-09-17T14:28:26Z",523,"Moore","TOT","0.0","0.0","0.0","0.0",0,-4,"0.1",50,0,1332,3,89,"0.8","u",0,0,,"false"
"2026-09-17T14:28:26Z",524,"Olusesi","TOT","7.5","7.6","7.7","7.9",1,13,"1.0",44,27887,10835,0,0,"0.0","a",0,-1,,"false"
"2026-09-17T14:28:26Z",525,"Fernandes","TOT","-57.8","-60.1","-66.3","-72.6",-3,-39,"0.9",58,1445,9651,6,204,"1.5","a",0,-2,,"false"
"2026-09-17T14:28:26Z",526,"Solanke","TOT","-5.4","-6.0","-7.7","-9.4",-1,-18,"0.9",58,3496,9033,5,105,"1.2","a",-1,-2,,"false"
"2026-09-17T14:28:26Z",527,"Richarlison","TOT","0.0","0.0","0.0","0.0",0,-85,"0.8",59,0,14904,2,67,"0.5","u",0,-1,,"false"
"2026-09-17T14:28:26Z",528,"Scarlett","TOT","0.0","0.0","0.0","0.0",0,-74,"1.2",45,0,13375,0,0,"0.0","u",0,0,,"false"
"2026-09-17T14:28:26Z",578,"Mudryk","TOT","-72.4","-75.5","-84.0","-92.5",-3,-8,"0.0",54,28,1734,1,16,"0.2","i",0,-1,,"false"
"2026-09-17T14:28:26Z",601,"Williams-Barnett","TOT","-14.9","-15.3","-16.6","-17.8",-1,-1,"0.1",45,512,1261,0,0,"0.0","a",0,0,,"false"
"2026-09-17T14:28:26Z",501,"Danso","SUN","-87.7","-86.9","-84.8","-82.6",-3,3,"0.2",50,1143,1121,3,180,"0.8","a",0,0,,"false"
"2026-09-17T14:28:26Z",529,"Roefs","SUN","-7.3","-8.2","-10.6","-12.9",-1,-78,"2.6",49,1753,24570,11,360,"2.8","a",-1,-1,,"false"
"2026-09-17T14:28:26Z",530,"Patterson","SUN","0.0","0.0","0.0","0.0",0,0,"0.1",40,0,594,0,0,"0.0","u",0,0,,"false"
"2026-09-17T14:28:26Z",531,"Ellborg","SUN","-82.3","-82.3","-82.3","-82.3",-3,0,"0.1",45,126,386,0,0,"0.0","a",0,0,,"false"
"2026-09-17T14:28:26Z",532,"Ballard","SUN","-43.9","-46.7","-54.5","-62.4",-3,-160,"2.8",49,4927,31428,12,360,"3.0","a",0,-1,,"false"
"2026-09-17T14:28:26Z",533,"Mukiele","SUN","-9.6","-10.7","-13.7","-16.7",-1,-75,"2.0",54,4079,19286,13,270,"3.2","a",-1,-1,,"false"
"2026-09-17T14:28:26Z",534,"Hume","SUN","-61.9","-65.6","-75.8","-86.1",-3,-251,"3.4",44,1371,55010,9,195,"2.2","a",0,-1,,"false"
"2026-09-17T14:28:26Z",535,"Alderete","SUN","-69.7","-72.1","-78.6","-85.2",-3,-12,"0.3",49,211,2810,1,23,"0.2","a",0,-1,,"false"
"2026-09-17T14:28:26Z",536,"Reinildo","SUN","-68.4","-70.6","-76.6","-82.6",-3,-36,"0.3",45,119,6406,7,360,"1.8","s",0,0,,"false"
"2026-09-17T14:28:26Z",537,"Seelt","SUN","0.0","0.0","0.0","0.0",0,0,"0.0",45,0,33,0,0,"0.0","u",0,0,,"false"
"2026-09-17T14:28:26Z",538,"Hjelde","SUN","0.0","0.0","0.0","0.0",0,0,"0.0",40,0,220,0,0,"0.0","u",0,0,,"false"
"2026-09-17T14:28:26Z",539,"O'Nien","SUN","-95.1","-96.4","-100.1","-103.7",-4,-66,"2.5",40,1631,15820,1,66,"0.2","a",0,0,,"false"
"2026-09-17T14:28:26Z",540,"Masuaku","SUN","0.0","0.0","0.0","0.0",0,-5,"0.1",40,0,999,0,0,"0.0","u",0,0,,"false"
"2026-09-17T14:28:26Z",541,"Meunier","SUN","-31.6","-32.0","-33.3","-34.6",-2,-3,"0.3",45,704,1419,11,318,"2.8","a",0,0,,"false"
"2026-09-17T14:28:26Z",542,"E.Le Fée","SUN","-64.0","-68.5","-80.7","-92.9",-3,-341,"3.8",58,3934,60575,13,348,"3.2","a",0,-2,,"false"
"2026-09-17T14:28:26Z",543,"Diarra","SUN","-53.9","-55.5","-59.8","-64.1",-3,-2,"0.0",54,8,474,5,28,"1.2","i",0,-1,,"false"
"2026-09-17T14:28:26Z",544,"Xhaka","SUN","-27.0","-29.3","-35.5","-41.8",-2,-178,"3.9",55,10126,39924,19,360,"4.8","a",0,0,,"false"
"2026-09-17T14:28:26Z",545,"Sadiki","SUN","-30.6","-32.0","-36.1","-40.1",-2,-7,"0.2",49,885,2442,8,343,"2.0","a",0,-1,,"false"
"2026-09-17T14:28:26Z",546,"Adingra","SUN","0.0","0.0","0.0","0.0",0,-2,"0.0",49,0,477,0,0,"0.0","u",0,-1,,"false"
"2026-09-17T14:28:26Z",547,"Mundle","SUN","-35.8","-35.8","-35.8","-35.8",-2,0,"0.0",49,13,97,1,1,"0.2","i",0,-1,,"false"
"2026-09-17T14:28:26Z",548,"Rigg","SUN","-33.0","-33.0","-33.0","-33.0",-2,0,"0.0",49,44,343,2,17,"0.5","a",0,-1,,"false"
"2026-09-17T14:28:26Z",549,"Talbi","SUN","-8.2","-9.4","-12.8","-16.2",-1,-6,"0.1",53,248,1165,1,31,"0.2","a",-1,-2,,"false"
"2026-09-17T14:28:26Z",550,"Jocelin.T","SUN","-59.6","-59.6","-59.6","-59.6",-3,0,"0.0",50,45,55,0,0,"0.0","a",0,0,,"false"
"2026-09-17T14:28:26Z",551,"N.Angulo","SUN","1.5","1.4","1.4","1.3",1,-6,"0.1",50,565,1488,12,254,"3.0","a",0,0,,"false"
"2026-09-17T14:28:26Z",552,"Brobbey","SUN","-70.4","-75.0","-87.9","-100.7",-3,-551,"5.9",58,8649,98227,7,309,"1.8","a",0,-2,,"false"
"2026-09-17T14:28:26Z",553,"Isidor","SUN","9.7","9.3","8.5","7.6",1,-67,"1.4",55,4945,17370,14,95,"3.5","a",0,0,,"false"
"2026-09-17T14:28:26Z",612,"Methalie","SUN","-5.5","0.0","0.0","0.0",0,1,"0.0",45,101,71,0,0,"0.0","a",0,0,,"false"
"2026-09-17T14:28:26Z",613,"Ahoka","SUN","-10.4","-13.0","-20.0","-27.1",-1,-13,"0.2",45,1748,2731,0,0,"0.0","a",0,0,,"false"
"2026-09-17T14:28:26Z",646,"Fofana","SUN","-4.2","-6.1","-11.7","-17.2",-1,-1,"0.0",55,376,469,2,30,"1.0","a",0,0,,"false"
"2026-09-17T14:28:26Z",651,"J.Angulo","SUN","1.7","2.1","3.3","4.4",1,88,"0.7",45,23474,7948,0,0,"0.0","a",0,0,,"false"
"2026-09-17T17:36:11Z",1,"Raya","ARS","76.8","79.4","90.2","101.0",3,817,"40.9",60,208546,42880,29,360,"7.2","a",0,0,,"false"
"2026-09-17T17:36:11Z",2,"Arrizabalaga","ARS","-28.9","-28.9","-28.9","-28.9",-2,0,"0.1",49,143,447,0,0,"0.0","a",0,-1,,"false"
"2026-09-17T17:36:11Z",3,"Meslier","ARS","-21.2","-24.1","-36.4","-48.6",-2,-3,"0.0",49,62,168,0,0,"0.0","a",0,-1,,"false"
"2026-09-17T17:36:11Z",4,"Gabriel","ARS","-71.1","-71.3","-72.2","-73.0",-3,-148,"23.3",80,35165,81011,24,360,"6.0","a",0,0,,"false"
"2026-09-17T17:36:11Z",5,"J.Timber","ARS","5.0","5.3","6.8","8.2",1,108,"0.2",65,14717,2645,1,45,"0.2","a",0,0,,"false"
"2026-09-17T17:36:11Z",6,"Saliba","ARS","-13.7","-14.3","-16.7","-19.1",-1,-10,"0.2",59,348,1708,0,0,"0.0","i",0,-1,,"false"
"2026-09-17T17:36:11Z",7,"Lewis-Skelly","ARS","-75.0","-77.1","-86.1","-95.1",-3,-40,"0.6",55,2568,8306,9,271,"2.2","a",0,0,,"false"
"2026-09-17T17:36:11Z",8,"Calafiori","ARS","67.8","70.3","80.8","91.3",3,795,"50.2",58,198254,54304,28,326,"7.0","a",0,3,,"false"
"2026-09-17T17:36:11Z",9,"Hincapie","ARS","-71.0","-72.9","-80.8","-88.7",-3,-53,"0.9",53,2106,12684,2,32,"0.5","a",0,-2,,"false"
"2026-09-17T17:36:11Z",10,"White","ARS","17.8","11.8","-12.5","-35.9",1,-1911,"6.1",55,17750,166138,21,315,"5.2","d",0,0,,"false"
"2026-09-17T17:36:11Z",11,"Mosquera","ARS","-9.6","-12.2","-23.3","-34.4",-1,-473,"1.8",53,144,64346,12,168,"3.0","d",-1,-2,,"false"
"2026-09-17T17:36:11Z",12,"Saka","ARS","54.0","56.2","65.3","74.4",3,689,"12.6",95,138919,44057,30,336,"7.5","a",0,0,,"false"
"2026-09-17T17:36:11Z",13,"Rice","ARS","-19.3","-19.9","-22.5","-25.2",-1,-241,"12.6",74,21684,60367,19,321,"4.8","a",0,-1,,"false"
"2026-09-17T17:36:11Z",14,"Eze","ARS","-55.7","-57.9","-67.0","-76.2",-3,-72,"1.1",63,2453,14010,3,68,"0.8","a",0,-2,,"false"
"2026-09-17T17:36:11Z",15,"Ødegaard","ARS","96.5","100.1","115.1","130.1",5,1136,"19.6",67,236699,88870,27,305,"6.8","a",0,2,,"false"
"2026-09-17T17:36:11Z",16,"Madueke","ARS","-3.3","-4.5","-9.3","-14.1",-1,-13,"0.2",62,905,2908,2,23,"0.5","a",-1,-3,,"false"
"2026-09-17T17:36:11Z",17,"Merino","ARS","-49.6","-50.5","-54.3","-58.0",-3,-11,"0.4",58,1088,5197,3,51,"0.8","a",0,-2,,"false"
"2026-09-17T17:36:11Z",18,"Martinelli","ARS","0.0","0.0","0.0","0.0",0,-11,"0.1",63,0,1250,0,0,"0.0","u",0,-2,,"false"
"2026-09-17T17:36:11Z",19,"Zubimendi","ARS","-20.7","-21.9","-27.2","-32.5",-2,-41,"0.6",53,1207,7068,4,59,"1.0","a",-1,-2,,"false"
"2026-09-17T17:36:11Z",20,"Dowman","ARS","-16.4","-13.8","-3.2","0.0",-1,5,"0.1",53,719,869,0,0,"0.0","a",0,-2,,"false"
"2026-09-17T17:36:11Z",22,"Nwaneri","ARS","0.0","0.0","0.0","0.0",0,-1,"0.0",54,0,94,0,0,"0.0","u",0,-1,,"false"
"2026-09-17T17:36:11Z",23,"Fábio Vieira","ARS","0.0","0.0","0.0","0.0",0,0,"0.0",55,0,73,0,0,"0.0","u",0,0,,"false"
"2026-09-17T17:36:11Z",24,"Nelson","ARS","0.0","0.0","0.0","0.0",0,-1,"0.0",55,0,50,0,0,"0.0","u",0,0,,"false"
"2026-09-17T17:36:11Z",25,"Gyökeres","ARS","-72.1","-75.4","-89.6","-103.9",-3,-339,"3.3",72,3372,42447,1,12,"0.2","a",0,-3,,"false"
"2026-09-17T17:36:11Z",26,"Havertz","ARS","0.4","1.7","6.8","12.0",1,1057,"8.0",76,76255,73780,17,347,"4.2","a",1,1,,"false"
"2026-09-17T17:36:11Z",27,"G.Jesus","ARS","0.0","0.0","0.0","0.0",0,-19,"0.2",59,0,1943,0,0,"0.0","u",0,-1,,"false"
"2026-09-17T17:36:11Z",31,"Konsa","ARS","84.3","87.9","103.0","118.2",3,1145,"18.4",45,236879,43810,11,191,"2.8","a",0,0,,"false"
"2026-09-17T17:36:11Z",452,"Bruno G.","ARS","3.3","3.4","3.7","4.0",1,23,"1.8",67,12832,7316,8,64,"2.0","a",-1,-3,,"false"
"2026-09-17T17:36:11Z",557,"Tzolis","ARS","-50.2","-52.9","-64.3","-75.6",-3,-1172,"14.2",64,27619,193017,14,290,"3.5","a",0,-1,,"false"
"2026-09-17T17:36:11Z",29,"M.Bizot","AVL","-17.1","-19.2","-28.2","-37.1",-1,-15,"0.1",45,376,996,1,90,"0.2","d",0,0,,"false"
"2026-09-17T17:36:11Z",30,"Digne","AVL","0.0","0.0","0.0","0.0",0,0,"0.1",45,0,346,0,0,"0.0","u",0,0,,"false"
"2026-09-17T17:36:11Z",32,"Cash","AVL","-5.0","-5.7","-8.7","-11.7",-1,-192,"5.2",44,1756,93110,7,251,"1.8","a",-1,-1,,"false"
"2026-09-17T17:36:11Z",33,"Mings","AVL","0.5","0.4","0.3","0.2",1,-9,"0.4",45,2342,3680,7,171,"1.8","a",0,0,,"false"
"2026-09-17T17:36:11Z",34,"Pau","AVL","-65.4","-68.3","-80.7","-93.1",-3,-58,"0.3",45,217,6185,3,187,"0.8","d",0,0,,"false"
"2026-09-17T17:36:11Z",35,"Bogarde","AVL","-72.7","-77.1","-95.8","-114.5",-3,-9,"0.1",50,394,757,1,16,"0.2","a",0,0,,"false"
"2026-09-17T17:36:11Z",36,"Maatsen","AVL","-48.6","-54.4","-78.9","-103.5",-3,-215,"0.6",45,523,20209,9,335,"2.2","d",0,0,,"false"
"2026-09-17T17:36:11Z",37,"Lindelöf","AVL","1.0","0.9","0.8","0.7",1,-8,"0.3",45,2337,2546,7,360,"1.8","a",0,0,,"false"
"2026-09-17T17:36:11Z",38,"A.García","AVL","-17.2","-17.8","-20.1","-22.5",-1,-27,"1.6",40,5766,10559,0,0,"0.0","a",0,0,,"false"
"2026-09-17T17:36:11Z",39,"Nedeljkovic","AVL","0.0","0.0","0.0","0.0",0,-9,"0.1",40,0,941,0,0,"0.0","u",0,0,,"false"
"2026-09-17T17:36:11Z",41,"Buendía","AVL","-48.7","-51.8","-65.0","-78.1",-3,-89,"0.9",59,3969,15120,9,311,"2.2","a",0,-1,,"false"
"2026-09-17T17:36:11Z",44,"Bailey","AVL","0.0","0.0","0.0","0.0",0,-11,"0.1",54,0,1284,0,0,"0.0","u",0,-1,,"false"
"2026-09-17T17:36:11Z",45,"McGinn","AVL","-14.9","-14.4","-12.1","-9.7",-1,38,"2.2",54,12752,16080,11,351,"2.8","a",0,-1,,"false"
"2026-09-17T17:36:11Z",46,"Barkley","AVL","1.1","1.0","0.9","0.8",1,-8,"0.3",50,1779,2829,9,302,"2.2","a",0,0,,"false"
"2026-09-17T17:36:11Z",47,"Kamara","AVL","-58.2","-59.2","-63.5","-67.7",-3,-10,"0.3",50,1532,3474,9,360,"2.2","a",0,0,,"false"
"2026-09-17T17:36:11Z",48,"Onana","AVL","-6.3","-7.4","-11.8","-16.2",-1,-2,"0.0",49,50,172,0,0,"0.0","i",-1,-1,,"false"
"2026-09-17T17:36:11Z",49,"Iling Jr","AVL","0.0","0.0","0.0","0.0",0,0,"0.0",50,0,18,0,0,"0.0","u",0,0,,"false"
"2026-09-17T17:36:11Z",50,"Burrowes","AVL","-39.0","-40.9","-48.5","-56.2",-3,-34,"0.6",45,1618,5437,0,0,"0.0","a",0,0,,"false"
"2026-09-17T17:36:11Z",51,"George Hemmings","AVL","15.3","15.2","14.8","14.4",1,-28,"1.3",45,10651,11911,8,279,"2.0","a",0,0,,"false"
"2026-09-17T17:36:11Z",52,"Alysson","AVL","0.2","0.2","0.3","0.3",1,4,"0.1",50,1211,441,8,87,"2.0","a",0,0,,"false"
"2026-09-17T17:36:11Z",53,"Manzambi","AVL","0.0","0.0","0.0","0.0",0,0,"0.1",59,1406,777,1,27,"0.2","a",0,-1,"2026-09-19T16:00:07.823042Z","false"
"2026-09-17T17:36:11Z",54,"Gomes","AVL","0.0","0.0","0.0","0.0",0,0,"0.0",55,382,226,-2,39,"-0.5","d",0,0,"2026-09-20T16:30:08.780195Z","false"
"2026-09-17T17:36:11Z",55,"Watkins","AVL","0.0","0.0","0.0","0.0",0,-303,"2.7",78,0,27204,0,0,"0.0","u",0,-2,,"false"
"2026-09-17T17:36:11Z",56,"Abraham","AVL","2.5","2.7","3.3","3.9",1,46,"0.2",55,2370,2088,3,69,"0.8","a",0,0,,"false"
"2026-09-17T17:36:11Z",160,"Garnacho","AVL","-31.6","-33.8","-43.0","-52.2",-2,-39,"0.3",58,666,5497,3,31,"0.8","a",-1,-2,,"false"
"2026-09-17T17:36:11Z",166,"N.Jackson","AVL","34.5","34.4","33.7","33.1",2,-48,"1.2",65,11046,24555,4,199,"1.0","a",0,0,,"false"
"2026-09-17T17:36:11Z",582,"Madjo","AVL","-10.2","-11.1","-15.3","-19.4",-1,-32,"0.2",54,210,3219,0,0,"0.0","i",-1,-1,,"false"
"2026-09-17T17:36:11Z",596,"Ruggeri","AVL","-85.1","-84.4","-81.2","-77.9",-3,2,"0.1",45,443,869,2,23,"0.5","a",0,0,,"false"
"2026-09-17T17:36:11Z",597,"Suzuki","AVL","24.1","24.0","23.5","23.1",2,-34,"1.8",50,11749,13010,14,270,"3.5","a",0,0,,"false"
"2026-09-17T17:36:11Z",606,"Rowe","AVL","0.4","0.3","0.3","0.2",1,-6,"0.2",40,1433,1291,0,0,"0.0","a",0,0,,"false"
"2026-09-17T17:36:11Z",607,"Lynch","AVL","0.0","0.0","0.0","0.0",0,-13,"0.1",45,0,1144,0,0,"0.0","u",0,0,,"false"
"2026-09-17T17:36:11Z",611,"Wan-Bissaka","AVL","1.6","1.7","2.0","2.3",1,25,"0.2",45,3481,1624,5,107,"1.7","a",0,0,,"false"
"2026-09-17T17:36:11Z",618,"Goretzka","AVL","-5.8","-6.4","-9.0","-11.6",-1,-3,"0.0",59,35,1172,0,0,"0.0","i",-1,-1,,"false"
"2026-09-17T17:36:11Z",630,"Harwood-Bellis","AVL","0.0","0.0","0.1","0.1",0,4,"0.0",45,253,274,0,0,"0.0","a",0,0,,"false"
"2026-09-17T17:36:11Z",631,"Mbaye","AVL","0.2","0.2","0.5","0.8",1,22,"0.1",60,1783,1029,1,27,"0.5","a",0,0,,"false"
"2026-09-17T17:36:11Z",57,"Petrović","BOU","3.4","3.1","2.0","0.9",1,-86,"3.1",45,4938,18482,7,360,"1.8","a",0,0,,"false"
"2026-09-17T17:36:11Z",58,"Forster","BOU","4.1","4.2","4.5","4.7",1,20,"3.5",40,15911,10682,0,0,"0.0","a",0,0,,"false"
"2026-09-17T17:36:11Z",59,"Dennis","BOU","0.0","0.0","0.0","0.0",0,0,"0.1",40,0,768,0,0,"0.0","u",0,0,,"false"
"2026-09-17T17:36:11Z",60,"Hill","BOU","-16.1","-18.0","-26.0","-34.1",-1,-45,"0.8",55,2455,7805,8,360,"2.0","a",0,0,,"false"
"2026-09-17T17:36:11Z",61,"Truffert","BOU","-76.5","-77.9","-84.1","-90.2",-3,-142,"3.2",55,4509,23346,8,360,"2.0","a",0,0,,"false"
"2026-09-17T17:36:11Z",62,"Diakité","BOU","-87.6","-89.6","-98.2","-106.8",-3,-10,"0.2",50,709,1772,0,0,"0.0","a",0,0,,"false"
"2026-09-17T17:36:11Z",63,"Milosavljević","BOU","-2.7","-2.7","-2.7","-2.7",-1,0,"0.0",49,46,76,0,0,"0.0","i",-1,-1,,"false"
"2026-09-17T17:36:11Z",64,"Smith","BOU","0.5","0.5","0.5","0.5",1,0,"0.1",45,607,1412,2,360,"0.5","a",0,0,,"false"
"2026-09-17T17:36:11Z",65,"J.Araujo","BOU","-10.0","-8.9","-3.9","0.0",-1,1,"0.0",44,68,123,0,0,"0.0","i",0,-1,,"false"
"2026-09-17T17:36:11Z",66,"Soler","BOU","1.3","1.4","1.4","1.5",1,5,"0.3",40,1834,1833,0,0,"0.0","a",0,0,,"false"
"2026-09-17T17:36:11Z",67,"Rayan","BOU","-77.5","-81.3","-97.5","-113.7",-3,-197,"1.7",64,2855,25908,8,347,"2.0","a",0,-1,,"false"
"2026-09-17T17:36:11Z",68,"Tavernier","BOU","17.3","18.7","24.4","30.1",1,1169,"5.9",61,231193,37876,29,350,"7.2","a",1,1,,"false"
"2026-09-17T17:36:11Z",69,"Scott","BOU","11.4","10.7","7.8","5.0",1,-217,"5.8",61,55592,55323,28,356,"7.0","a",0,1,,"false"
"2026-09-17T17:36:11Z",70,"Kluivert","BOU","-40.8","-40.2","-37.5","-34.7",-3,20,"1.0",60,9669,7183,15,294,"3.8","a",0,0,,"false"
"2026-09-17T17:36:11Z",71,"Cook","BOU","0.5","0.5","0.2","-9.5",1,-24,"0.2",50,617,2779,7,165,"1.8","a",0,0,,"false"
"2026-09-17T17:36:11Z",72,"Gannon-Doak","BOU","-28.0","-28.0","-28.0","-28.0",-2,0,"0.1",49,238,604,3,10,"0.8","a",0,-1,,"false"
"2026-09-17T17:36:11Z",73,"Adams","BOU","1.7","1.7","1.7","1.8",1,4,"0.3",50,2341,3068,8,192,"2.0","a",0,0,,"false"
"2026-09-17T17:36:11Z",74,"Brooks","BOU","0.0","0.0","0.1","0.1",0,4,"0.1",50,369,674,2,30,"0.5","a",0,0,,"false"
"2026-09-17T17:36:11Z",75,"Christie","BOU","0.3","0.3","0.3","0.2",1,-4,"0.0",50,433,477,3,28,"0.8","a",0,0,,"false"
"2026-09-17T17:36:11Z",76,"Tóth.A","BOU","-0.5","-2.1","-9.1","-16.1",-1,-1,"0.0",49,42,101,1,15,"0.2","a",-1,-1,,"false"
"2026-09-17T17:36:11Z",77,"Adli","BOU","-59.9","-59.9","-59.9","-59.9",-3,0,"0.0",49,21,175,0,0,"0.0","i",0,-1,,"false"
"2026-09-17T17:36:11Z",78,"Kroupi.Jr","BOU","-53.4","-54.1","-57.0","-60.0",-3,-11,"0.2",74,115,1428,0,0,"0.0","i",0,-1,,"false"
"2026-09-17T17:36:11Z",79,"Evanilson","BOU","47.4","47.3","46.6","46.0",3,-49,"3.3",60,31391,31201,16,334,"4.0","a",0,0,,"false"
"2026-09-17T17:36:11Z",80,"Enes Ünal","BOU","0.0","0.0","0.0","0.0",0,0,"0.0",55,0,92,0,0,"0.0","u",0,0,,"false"
"2026-09-17T17:36:11Z",81,"Rodríguez","BOU","-34.1","-37.0","-49.2","-61.4",-2,-10,"0.1",60,650,1040,2,10,"0.5","a",0,0,,"false"
"2026-09-17T17:36:11Z",566,"Silva","BOU","2.0","1.8","1.2","0.7",1,-45,"0.4",50,1550,4113,10,360,"2.5","a",0,0,,"false"
"2026-09-17T17:36:11Z",573,"Sanchez","BOU","-5.4","-5.7","-6.8","-7.9",-1,-2,"0.2",44,232,940,0,0,"0.0","a",-1,-1,,"false"
"2026-09-17T17:36:11Z",608,"Jebbison","BOU","0.5","0.5","0.5","0.5",1,1,"0.1",50,1515,1543,2,16,"0.5","a",0,0,,"false"
"2026-09-17T17:36:11Z",615,"Di Gregorio","BOU","-15.8","-15.8","-15.8","-15.8",-1,0,"0.0",45,281,424,0,0,"0.0","a",0,0,,"false"
"2026-09-17T17:36:11Z",82,"Kelleher","BRE","20.4","19.7","16.6","13.4",1,-236,"6.2",50,6989,44973,14,360,"3.5","a",0,0,,"false"
"2026-09-17T17:36:11Z",83,"Valdimarsson","BRE","-57.7","-57.9","-58.6","-59.3",-3,-1,"0.1",45,230,631,0,0,"0.0","a",0,0,,"false"
"2026-09-17T17:36:11Z",84,"Collins","BRE","-4.8","-6.5","-13.9","-21.3",-1,-290,"1.1",54,88,28834,10,196,"2.5","i",-1,-1,,"false"
"2026-09-17T17:36:11Z",85,"Van den Berg","BRE","-53.9","-54.6","-57.7","-60.8",-3,-4,"0.1",49,25,598,0,0,"0.0","i",0,-1,,"false"
"2026-09-17T17:36:11Z",86,"Lewis-Potter","BRE","36.8","36.2","33.8","31.4",2,-183,"1.8",55,4456,30172,19,326,"4.8","a",0,0,,"false"
"2026-09-17T17:36:11Z",87,"Ajer","BRE","39.3","38.4","34.6","30.8",2,-288,"4.2",45,6830,43818,14,360,"3.5","a",0,0,,"false"
"2026-09-17T17:36:11Z",88,"Kayode","BRE","-14.3","-16.7","-27.1","-37.4",-1,-595,"7.9",46,14324,100234,17,226,"4.2","a",0,1,,"false"
"2026-09-17T17:36:11Z",89,"Henry","BRE","-5.4","-6.4","-10.8","-15.2",-1,-11,"0.2",44,315,1200,1,2,"0.2","a",-1,-1,,"false"
"2026-09-17T17:36:11Z",90,"Hickey","BRE","-23.9","-23.9","-23.9","-23.9",-2,0,"0.1",45,243,461,4,131,"1.0","a",0,0,,"false"
"2026-09-17T17:36:11Z",92,"Ji-soo","BRE","-90.1","-87.9","-78.6","-69.2",-3,1,"0.0",45,51,123,0,0,"0.0","a",0,0,,"false"
"2026-09-17T17:36:11Z",93,"Schuster","BRE","-63.2","-65.1","-72.8","-80.5",-3,-8,"0.1",45,234,617,7,163,"1.8","a",0,0,,"false"
"2026-09-17T17:36:11Z",94,"Schade","BRE","7.3","9.4","18.3","27.2",1,1819,"6.7",61,302536,37022,30,357,"7.5","a",1,1,,"false"
"2026-09-17T17:36:11Z",95,"O.Dango","BRE","-8.7","-12.0","-26.3","-40.5",-1,-93,"0.5",63,593,9752,6,170,"1.5","a",-1,-2,,"false"
"2026-09-17T17:36:11Z",96,"Damsgaard","BRE","-104.9","-107.7","-119.8","-131.9",-5,-39,"0.4",55,983,5480,13,197,"3.2","a",0,0,,"false"
"2026-09-17T17:36:11Z",97,"Jensen","BRE","-23.5","-26.4","-38.5","-50.7",-2,-26,"0.1",54,11,1276,6,66,"1.5","i",0,-1,,"false"
"2026-09-17T17:36:11Z",98,"Janelt","BRE","68.2","68.3","68.8","69.3",3,36,"2.5",50,32011,23311,25,360,"6.2","a",0,0,,"false"
"2026-09-17T17:36:11Z",99,"Milambo","BRE","-33.1","-33.1","-33.1","-33.1",-2,0,"0.0",50,14,22,0,0,"0.0","i",0,0,,"false"
"2026-09-17T17:36:11Z",100,"Carvalho","BRE","0.1","0.0","-0.5","-24.1",0,-4,"0.0",50,194,266,0,0,"0.0","a",0,0,,"false"
"2026-09-17T17:36:11Z",102,"Yarmoliuk","BRE","-4.6","-5.6","-10.2","-14.7",-1,-39,"0.7",48,1221,6168,6,148,"1.5","a",-1,-2,,"false"
"2026-09-17T17:36:11Z",103,"Dasilva","BRE","-26.5","-26.5","-26.5","-26.5",-2,0,"0.0",49,7,212,0,0,"0.0","i",0,-1,,"false"
"2026-09-17T17:36:11Z",105,"Anthony","BRE","-18.2","-20.1","-28.1","-36.0",-2,-13,"0.1",59,421,1552,5,187,"1.2","a",-1,-1,,"false"
"2026-09-17T17:36:11Z",106,"Thiago","BRE","-96.5","-100.2","-115.9","-131.5",-5,-1054,"9.3",79,11725,155678,5,352,"1.2","a",0,-1,,"false"
"2026-09-17T17:36:11Z",107,"Furo","BRE","5.0","4.5","2.5","0.4",1,-157,"1.0",45,5973,14221,0,0,"0.0","i",0,0,,"false"
"2026-09-17T17:36:11Z",108,"Wilson","BRE","-95.3","-98.0","-109.7","-121.5",-4,-27,"0.3",55,1162,4494,3,13,"0.8","a",0,0,,"false"
"2026-09-17T17:36:11Z",565,"M.Sangaré","BRE","-91.4","-94.5","-107.8","-121.1",-3,-1005,"11.7",57,21318,139489,22,300,"5.5","a",0,2,,"false"
"2026-09-17T17:36:11Z",620,"Diouf","BRE","-16.5","-19.8","-33.8","-47.8",-1,-9,"0.1",45,833,1304,1,30,"0.3","a",0,0,,"false"
"2026-09-17T17:36:11Z",657,"Nunes","BRE","0.0","0.0","0.0","0.0",0,0,"0.0",45,1529,340,0,0,"0.0","a",0,0,"2026-09-25T22:05:18.379374Z","false"
"2026-09-17T17:36:11Z",109,"Verbruggen","BHA","56.4","55.9","53.5","51.2",3,-176,"21.7",45,63669,89567,17,360,"4.2","a",0,0,,"false"
"2026-09-17T17:36:11Z",111,"Steele","BHA","2.3","2.2","2.0","1.8",1,-17,"4.2",40,13655,14928,0,0,"0.0","a",0,0,,"false"
"2026-09-17T17:36:11Z",113,"F.Kadıoğlu","BHA","-43.3","-44.3","-48.9","-53.5",-3,-55,"1.6",44,3238,11736,8,257,"2.0","a",0,-1,,"false"
"2026-09-17T17:36:11Z",114,"Boscagli","BHA","1.9","1.9","1.8","1.7",1,-7,"0.3",45,988,1670,13,347,"3.2","a",0,0,,"false"
"2026-09-17T17:36:11Z",115,"De Cuyper","BHA","2.7","4.3","10.7","17.2",1,1322,"24.2",49,310208,78573,32,333,"8.0","a",1,4,,"false"
"2026-09-17T17:36:11Z",116,"Dunk","BHA","17.4","17.8","19.2","20.7",1,112,"1.5",45,21151,7774,22,360,"5.5","a",0,0,,"false"
"2026-09-17T17:36:11Z",117,"Coppola","BHA","-13.2","-15.7","-26.5","-37.2",-1,-2,"0.0",45,150,175,0,0,"0.0","a",0,0,,"false"
"2026-09-17T17:36:11Z",118,"Igor","BHA","0.0","0.0","0.0","0.0",0,-12,"0.0",45,0,684,0,0,"0.0","u",0,0,,"false"
"2026-09-17T17:36:11Z",119,"Costinha","BHA","-4.5","-4.5","-4.5","-4.5",-1,0,"0.0",45,160,230,3,54,"0.8","a",0,0,,"false"
"2026-09-17T17:36:11Z",120,"Svoboda","BHA","0.0","0.0","0.0","0.1",0,2,"0.1",50,529,753,0,0,"0.0","a",0,0,,"false"
"2026-09-17T17:36:11Z",121,"Mitoma","BHA","-17.3","-19.5","-28.6","-37.8",-1,-5,"0.0",59,46,238,0,0,"0.0","i",0,-1,,"false"
"2026-09-17T17:36:11Z",122,"Minteh","BHA","-86.5","-87.8","-93.2","-98.6",-3,-4,"0.0",59,22,386,0,0,"0.0","i",0,-1,,"false"
"2026-09-17T17:36:11Z",123,"Hinshelwood","BHA","-16.1","-17.5","-23.4","-29.4",-1,-138,"0.7",59,103,20980,16,63,"4.0","i",-1,-1,,"false"
"2026-09-17T17:36:11Z",124,"Groß","BHA","14.0","17.4","31.8","46.2",1,2949,"19.8",57,430783,66244,33,360,"8.2","a",1,2,,"false"
"2026-09-17T17:36:11Z",125,"Georginio","BHA","-70.1","-71.5","-77.5","-83.5",-3,-21,"0.5",54,1393,8888,5,90,"1.2","a",0,-1,,"false"
"2026-09-17T17:36:11Z",126,"O'Riley","BHA","-2.9","-2.9","-2.9","-2.9",-1,0,"0.1",54,457,973,1,6,"0.2","a",-1,-1,,"false"
"2026-09-17T17:36:11Z",127,"Gomez","BHA","42.9","41.8","36.9","32.0",3,-371,"4.4",50,9863,50321,16,348,"4.0","a",0,0,,"false"
"2026-09-17T17:36:11Z",128,"Buonanotte","BHA","0.0","0.0","0.0","0.0",0,0,"0.0",50,0,13,0,0,"0.0","u",0,0,,"false"
"2026-09-17T17:36:11Z",129,"Ayari","BHA","-44.6","-44.4","-43.7","-43.0",-3,2,"0.4",54,2632,2909,12,243,"3.0","a",0,-1,,"false"
"2026-09-17T17:36:11Z",130,"Wieffer","BHA","-4.6","-6.1","-12.3","-18.5",-1,-44,"0.2",49,43,5371,7,156,"1.8","i",-1,-1,,"false"
"2026-09-17T17:36:11Z",132,"Howell","BHA","0.0","0.0","0.0","0.0",0,-4,"0.0",45,0,313,0,0,"0.0","u",0,0,,"false"
"2026-09-17T17:36:11Z",133,"Watson","BHA","0.0","0.0","0.0","0.0",0,0,"0.0",50,0,8,0,0,"0.0","u",0,0,,"false"
"2026-09-17T17:36:11Z",134,"Oriola","BHA","-40.1","-41.6","-48.3","-54.9",-3,-12,"0.3",45,764,2195,0,0,"0.0","a",0,0,,"false"
"2026-09-17T17:36:11Z",135,"Yohanna","BHA","-52.1","-55.1","-68.1","-81.1",-3,-10,"0.0",49,25,896,1,12,"0.2","i",0,-1,,"false"
"2026-09-17T17:36:11Z",137,"Tzimas","BHA","-1.9","-0.6","0.0","0.0",-1,1,"0.0",54,44,66,0,0,"0.0","i",-1,-1,,"false"
"2026-09-17T17:36:11Z",138,"Kostoulas","BHA","24.7","25.9","31.0","36.2",2,390,"0.8",55,36767,9655,18,278,"4.5","a",0,0,,"false"
"2026-09-17T17:36:11Z",139,"Ferguson","BHA","-41.3","-42.0","-44.8","-47.6",-3,-2,"0.0",50,195,315,0,0,"0.0","i",0,0,,"false"
"2026-09-17T17:36:11Z",328,"Struijk","BHA","-8.6","-9.7","-14.0","-18.3",-1,-10,"0.2",49,493,1890,2,13,"0.5","a",-1,-1,,"false"
"2026-09-17T17:36:11Z",504,"Vuskovic","BHA","34.3","34.1","33.5","32.8",2,-49,"3.2",50,21721,23364,24,347,"6.0","a",0,0,,"false"
"2026-09-17T17:36:11Z",594,"David","BHA","-95.3","-95.8","-97.8","-99.7",-4,-3,"0.2",60,1608,3783,1,23,"0.2","a",0,0,,"false"
"2026-09-17T17:36:11Z",600,"Osman","BHA","-48.9","-43.8","-22.1","-0.5",-3,3,"0.0",50,123,174,3,40,"0.8","a",0,0,,"false"
"2026-09-17T17:36:11Z",605,"Yalcouyé","BHA","43.8","45.0","50.0","55.0",3,380,"3.9",45,90921,28901,19,231,"4.8","a",0,0,,"false"
"2026-09-17T17:36:11Z",614,"Hadjam","BHA","-22.8","-16.0","0.0","0.2",-1,8,"0.0",45,341,527,0,0,"0.0","a",0,0,,"false"
"2026-09-17T17:36:11Z",624,"Cozier-Duberry","BHA","0.0","0.0","0.0","0.0",0,0,"0.0",50,0,9,0,0,"0.0","u",0,0,,"false"
"2026-09-17T17:36:11Z",639,"Andrés","BHA","0.0","0.1","0.1","0.1",1,3,"0.0",55,362,174,4,25,"2.0","a",0,0,,"false"
"2026-09-17T17:36:11Z",652,"Azeez","BHA","0.0","0.0","0.0","0.0",0,0,"0.0",55,50,40,0,0,"0.0","d",0,0,"2026-09-18T10:30:08.836964Z","false"
"2026-09-17T17:36:11Z",658,"Ibrahim","BHA","0.0","0.0","0.0","0.0",0,0,"0.0",45,995,205,0,0,"0.0","a",0,0,"2026-09-26T17:44:20.289392Z","false"
"2026-09-17T17:36:11Z",28,"Martinez","CHE","6.0","5.4","3.2","0.9",1,-171,"4.9",50,15579,41407,7,270,"1.8","a",0,0,,"false"
"2026-09-17T17:36:11Z",40,"Rogers","CHE","50.1","53.3","67.0","80.7",3,2811,"38.5",77,493288,42388,27,347,"6.8","a",1,2,,"false"
"2026-09-17T17:36:11Z",101,"Henderson","CHE","0.0","0.0","0.0","0.0",0,0,"0.0",49,30,346,0,0,"0.0","d",0,-1,"2026-09-25T13:30:09.904003Z","false"
"2026-09-17T17:36:11Z",136,"Welbeck","CHE","-42.6","-27.5","2.8","7.7",-2,369,"0.8",59,8842,9142,2,15,"0.5","a",0,-1,,"false"
"2026-09-17T17:36:11Z",140,"Sánchez","CHE","0.0","0.0","0.0","0.0",0,-90,"0.8",49,0,11294,2,90,"0.5","u",0,-1,,"false"
"2026-09-17T17:36:11Z",141,"Jörgensen","CHE","0.0","0.0","0.0","0.0",0,0,"0.0",50,0,43,0,0,"0.0","u",0,0,,"false"
"2026-09-17T17:36:11Z",142,"James","CHE","-39.4","-41.1","-48.2","-55.3",-3,-366,"7.1",54,15780,81727,3,292,"0.8","a",0,-1,,"false"
"2026-09-17T17:36:11Z",143,"Chalobah","CHE","0.0","0.0","0.0","0.0",0,-8,"0.1",55,0,585,0,0,"0.0","u",0,0,,"false"
"2026-09-17T17:36:11Z",144,"Gusto","CHE","-70.9","-72.0","-76.3","-80.7",-3,-32,"1.0",50,3220,10662,4,272,"1.0","a",0,0,,"false"
"2026-09-17T17:36:11Z",145,"Fofana","CHE","3.4","3.4","3.3","3.3",1,-6,"0.2",50,2334,2492,4,242,"1.0","a",0,0,,"false"
"2026-09-17T17:36:11Z",146,"B.Badiashile","CHE","0.0","0.0","0.0","0.0",0,-1,"0.0",45,0,105,0,0,"0.0","u",0,0,,"false"
"2026-09-17T17:36:11Z",148,"Hato","CHE","16.0","15.7","14.5","13.4",1,-89,"0.9",45,3574,15267,8,258,"2.0","a",0,0,,"false"
"2026-09-17T17:36:11Z",149,"Colwill","CHE","-72.7","-76.0","-89.9","-103.8",-3,-96,"0.9",49,1440,13749,2,251,"0.5","a",0,-1,,"false"
"2026-09-17T17:36:11Z",150,"M.Sarr","CHE","0.0","0.0","0.0","0.0",0,-8,"0.0",45,0,339,0,0,"0.0","u",0,0,,"false"
"2026-09-17T17:36:11Z",151,"Acheampong","CHE","0.8","0.7","0.4","0.1",1,-22,"0.4",45,1097,4536,5,202,"1.2","a",0,0,,"false"
"2026-09-17T17:36:11Z",152,"Palestra","CHE","-0.0","-0.0","-0.0","-0.0",0,0,"0.7",53,165,14711,0,0,"0.0","d",-1,-2,"2026-09-25T13:30:10.008957Z","false"
"2026-09-17T17:36:11Z",154,"Palmer","CHE","31.0","30.8","29.9","28.9",2,-72,"26.8",97,123358,115045,26,352,"6.5","a",0,2,,"false"
"2026-09-17T17:36:11Z",156,"Neto","CHE","1.3","1.3","1.2","1.2",1,-3,"1.4",65,10592,15996,12,246,"3.0","a",0,0,,"false"
"2026-09-17T17:36:11Z",157,"Estêvão","CHE","-17.6","-18.6","-22.9","-27.2",-1,-37,"0.7",63,2198,8095,3,20,"0.8","a",-1,-2,,"false"
"2026-09-17T17:36:11Z",158,"Gittens","CHE","-88.6","-94.3","-118.4","-142.6",-3,-5,"0.0",59,147,330,0,0,"0.0","a",0,-1,,"false"
"2026-09-17T17:36:11Z",159,"Caicedo","CHE","-0.0","-0.0","-0.0","-0.0",0,0,"1.2",53,473,24695,1,13,"0.2","d",-1,-2,"2026-09-25T13:30:10.038499Z","false"
"2026-09-17T17:36:11Z",161,"Lavia","CHE","5.2","5.2","5.0","4.9",1,-10,"0.2",50,2064,3367,11,258,"2.8","a",0,0,,"false"
"2026-09-17T17:36:11Z",163,"D.Essugo","CHE","0.0","0.0","0.0","0.0",0,-8,"0.1",45,0,1533,0,0,"0.0","u",0,0,,"false"
"2026-09-17T17:36:11Z",164,"Quenda","CHE","-9.0","-10.7","-17.8","-25.0",-1,-3,"0.0",53,124,424,1,8,"0.2","a",-1,-2,,"false"
"2026-09-17T17:36:11Z",165,"João Pedro","CHE","4.0","-3.5","-27.4","-51.2",-1,-9054,"73.7",78,229592,171819,33,360,"8.2","d",1,3,,"false"
"2026-09-17T17:36:11Z",168,"Marc Guiu","CHE","0.0","0.0","0.0","0.0",0,-30,"0.2",50,0,2925,0,0,"0.0","u",0,0,,"false"
"2026-09-17T17:36:11Z",169,"Mheuka","CHE","2.8","2.9","3.6","4.2",1,51,"0.5",45,6254,4378,0,0,"0.0","a",0,0,,"false"
"2026-09-17T17:36:11Z",170,"Emegha","CHE","-60.5","-62.0","-68.5","-75.0",-3,-16,"0.1",50,95,2256,0,0,"0.0","i",0,0,,"false"
"2026-09-17T17:36:11Z",200,"Lacroix","CHE","-96.5","-99.2","-110.6","-122.0",-4,-597,"7.2",60,6694,90347,10,274,"2.5","a",0,0,,"false"
"2026-09-17T17:36:11Z",560,"Penders","CHE","0.0","0.0","0.0","0.0",0,0,"0.1",44,542,488,0,0,"0.0","a",0,-1,,"false"
"2026-09-17T17:36:11Z",561,"Anselmino","CHE","0.0","0.0","0.0","0.0",0,0,"0.0",45,159,169,0,0,"0.0","a",0,0,,"false"
"2026-09-17T17:36:11Z",568,"Barco","CHE","-5.7","-5.9","-6.6","-7.4",-1,-1,"0.1",54,368,1031,1,29,"0.2","a",-1,-1,,"false"
"2026-09-17T17:36:11Z",583,"Chavarria","CHE","-36.0","-36.9","-40.6","-44.2",-2,-4,"0.2",49,339,1236,4,118,"1.0","a",0,-1,,"false"
"2026-09-17T17:36:11Z",91,"Pinnock","COV","-72.3","-72.1","-71.0","-70.0",-3,1,"0.1",45,299,508,6,192,"1.5","a",0,0,,"false"
"2026-09-17T17:36:11Z",104,"Onyeka","COV","-4.5","-7.6","-21.2","-34.8",-1,-10,"0.1",49,239,1163,6,224,"1.5","a",0,-1,,"false"
"2026-09-17T17:36:11Z",110,"Rushworth","COV","-41.6","-42.9","-48.5","-54.1",-3,-34,"0.8",45,718,8609,5,360,"1.2","a",0,0,,"false"
"2026-09-17T17:36:11Z",171,"Dovin","COV","0.0","0.0","0.0","0.0",0,-44,"1.1",40,0,7498,0,0,"0.0","u",0,0,,"false"
"2026-09-17T17:36:11Z",172,"Wilson","COV","-0.7","-1.0","-2.4","-3.7",-1,-6,"0.4",44,237,1302,0,0,"0.0","a",-1,-1,,"false"
"2026-09-17T17:36:11Z",173,"Thomas","COV","18.9","18.3","15.7","13.1",1,-196,"8.8",40,22822,51562,15,347,"3.8","a",0,0,,"false"
"2026-09-17T17:36:11Z",174,"Kitching","COV","0.0","0.0","0.0","0.0",0,-36,"0.4",40,0,3706,0,0,"0.0","u",0,0,,"false"
"2026-09-17T17:36:11Z",175,"van Ewijk","COV","-44.4","-45.6","-50.6","-55.5",-3,-355,"9.8",40,10570,77094,6,360,"1.5","a",0,0,,"false"
"2026-09-17T17:36:11Z",176,"Dasilva","COV","-46.6","-47.6","-51.7","-55.8",-3,-21,"0.7",40,642,3356,5,354,"1.2","a",0,0,,"false"
"2026-09-17T17:36:11Z",177,"Kesler-Hayden","COV","-97.9","-98.3","-100.4","-102.4",-4,-2,"0.0",40,112,333,0,0,"0.0","i",0,0,,"false"
"2026-09-17T17:36:11Z",178,"Bidwell","COV","-23.0","-23.0","-23.0","-23.0",-2,0,"0.1",40,340,509,0,0,"0.0","a",0,0,,"false"
"2026-09-17T17:36:11Z",179,"Latibeaudiere","COV","-56.7","-57.7","-62.2","-66.6",-3,-1,"0.0",40,113,236,0,0,"0.0","a",0,0,,"false"
"2026-09-17T17:36:11Z",180,"Woolfenden","COV","-72.2","-73.0","-76.4","-79.8",-3,-8,"0.1",40,175,911,0,0,"0.0","i",0,0,,"false"
"2026-09-17T17:36:11Z",181,"Brau","COV","0.0","0.0","0.0","0.0",0,-3,"0.0",40,0,198,0,0,"0.0","u",0,0,,"false"
"2026-09-17T17:36:11Z",182,"Amenda","COV","-25.4","-28.2","-39.9","-51.6",-2,-112,"0.7",40,1357,4397,4,360,"1.0","d",0,0,,"false"
"2026-09-17T17:36:11Z",183,"Rudoni","COV","-100.2","-104.8","-124.1","-143.4",-5,-14,"0.1",50,328,1099,8,224,"2.0","a",0,0,,"false"
"2026-09-17T17:36:11Z",184,"Grimes","COV","-12.2","-13.9","-21.0","-28.2",-1,-12,"0.1",49,466,1475,8,353,"2.0","a",-1,-1,,"false"
"2026-09-17T17:36:11Z",185,"Sakamoto","COV","-103.4","-105.3","-113.7","-122.0",-5,-4,"0.1",49,68,678,1,31,"0.2","a",0,-1,,"false"
"2026-09-17T17:36:11Z",186,"Mason-Clark","COV","-66.2","-67.3","-71.8","-76.4",-3,-3,"0.1",54,76,622,4,186,"1.0","a",0,-1,,"false"
"2026-09-17T17:36:11Z",187,"Eccles","COV","-70.9","-72.3","-78.1","-83.9",-3,-1,"0.0",49,12,246,0,0,"0.0","i",0,-1,,"false"
"2026-09-17T17:36:11Z",188,"Torp","COV","-95.9","-96.8","-100.8","-104.8",-4,-3,"0.1",54,30,773,3,53,"0.8","a",0,-1,,"false"
"2026-09-17T17:36:11Z",189,"Shepherd","COV","-103.6","-105.6","-114.1","-122.6",-5,-14,"0.2",45,352,1858,0,0,"0.0","a",0,0,,"false"
"2026-09-17T17:36:11Z",190,"Tchaouna","COV","-37.7","-40.7","-53.4","-66.1",-3,-9,"0.1",54,25,739,4,166,"1.0","a",0,-1,,"false"
"2026-09-17T17:36:11Z",191,"Borges Rodrigues","COV","0.0","0.0","0.0","0.0",0,-13,"0.1",45,0,1360,0,0,"0.0","u",0,0,,"false"
"2026-09-17T17:36:11Z",192,"Andrews","COV","0.0","0.0","0.0","0.0",0,-32,"0.3",45,0,3939,0,0,"0.0","u",0,0,,"false"
"2026-09-17T17:36:11Z",193,"Wright","COV","-64.7","-65.6","-69.5","-73.5",-3,-6,"0.1",54,62,924,0,0,"0.0","i",0,-1,,"false"
"2026-09-17T17:36:11Z",194,"Thomas-Asante","COV","2.3","2.3","1.9","1.5",1,-27,"0.8",50,6123,8821,5,137,"1.2","a",0,0,,"false"
"2026-09-17T17:36:11Z",195,"Simms","COV","-50.9","-53.5","-64.6","-75.7",-3,-57,"0.7",50,2094,8576,3,88,"0.8","a",0,0,,"false"
"2026-09-17T17:36:11Z",196,"Markelo","COV","0.0","0.0","0.0","0.0",0,-1,"0.0",50,0,86,0,0,"0.0","u",0,0,,"false"
"2026-09-17T17:36:11Z",197,"Bassette","COV","0.0","0.0","0.0","0.0",0,-5,"0.0",45,0,215,0,0,"0.0","u",0,0,,"false"
"2026-09-17T17:36:11Z",492,"Awoniyi","COV","-92.0","-96.0","-113.1","-130.2",-4,-175,"0.5",55,532,14490,3,232,"0.8","s",0,0,,"false"
"2026-09-17T17:36:11Z",575,"Yirenkyi","COV","-53.1","-56.4","-70.0","-83.6",-3,-16,"0.2",49,194,1787,6,175,"1.5","a",0,-1,,"false"
"2026-09-17T17:36:11Z",584,"Hamer","COV","-39.0","-41.1","-49.7","-58.3",-3,-6,"0.1",54,55,687,3,32,"0.8","a",0,-1,,"false"
"2026-09-17T17:36:11Z",599,"Cherif","COV","-2.7","-3.3","-5.9","-8.4",-1,-2,"0.1",50,1132,1038,1,30,"0.2","a",0,0,,"false"
"2026-09-17T17:36:11Z",623,"Bentley","COV","1.0","1.0","1.1","1.1",1,5,"0.6",40,8538,1904,0,0,"0.0","a",0,0,,"false"
"2026-09-17T17:36:11Z",655,"Gboho","COV","0.0","0.0","0.0","0.0",0,0,"0.0",55,95,31,0,0,"0.0","a",0,0,"2026-09-23T15:00:18.732507Z","false"
"2026-09-17T17:36:11Z",656,"Mfuni","COV","0.0","0.0","0.0","0.0",0,0,"0.1",40,5120,1244,0,0,"0.0","a",0,0,"2026-09-24T14:54:23.064516Z","false"
"2026-09-17T17:36:11Z",42,"Guessand","CRY","-99.8","-103.1","-117.0","-130.8",-5,-4,"0.0",55,247,620,2,54,"0.5","a",0,0,,"false"
"2026-09-17T17:36:11Z",153,"Disasi","CRY","0.2","0.1","-16.7","-38.4",1,-38,"0.1",45,113,3562,1,139,"0.2","s",0,0,,"false"
"2026-09-17T17:36:11Z",198,"Henderson","CRY","-43.4","-46.3","-58.3","-70.3",-3,-369,"1.5",50,177,44936,5,270,"1.2","i",0,0,,"false"
"2026-09-17T17:36:11Z",199,"Benitez","CRY","-44.5","-43.9","-41.4","-38.9",-3,2,"0.1",45,949,585,2,90,"0.5","a",0,0,,"false"
"2026-09-17T17:36:11Z",202,"Richards","CRY","-64.6","-67.8","-81.6","-95.3",-3,-61,"0.6",50,1389,6370,6,360,"1.5","a",0,0,,"false"
"2026-09-17T17:36:11Z",203,"Canvot","CRY","-71.5","-76.2","-96.2","-116.1",-3,-30,"0.2",49,204,3104,2,270,"0.5","a",0,-1,,"false"
"2026-09-17T17:36:11Z",204,"Mitchell","CRY","31.0","29.8","24.8","19.9",2,-375,"6.2",45,16842,48327,17,329,"4.2","a",0,0,,"false"
"2026-09-17T17:36:11Z",205,"Sosa","CRY","0.0","0.0","0.0","0.0",0,-3,"0.0",45,0,223,0,0,"0.0","u",0,0,,"false"
"2026-09-17T17:36:11Z",206,"Chadi Riad","CRY","-95.4","-97.6","-106.9","-116.2",-4,-4,"0.0",44,36,288,1,72,"0.2","i",0,-1,,"false"
"2026-09-17T17:36:11Z",207,"Mingueza","CRY","-48.4","-51.1","-63.0","-74.8",-3,-5,"0.1",44,205,696,2,16,"0.5","a",0,-1,,"false"
"2026-09-17T17:36:11Z",208,"Sarr","CRY","-0.0","-0.0","-0.0","-0.0",0,0,"0.6",62,89,10025,0,0,"0.0","d",-1,-3,"2026-09-24T16:30:08.977944Z","false"
"2026-09-17T17:36:11Z",210,"Wharton","CRY","-58.7","-60.8","-69.6","-78.4",-3,-50,"0.8",55,2167,8718,10,346,"2.5","a",0,0,,"false"
"2026-09-17T17:36:11Z",211,"Yeremy","CRY","7.4","7.1","5.8","4.6",1,-95,"0.4",55,1161,8604,12,226,"3.0","a",0,0,,"false"
"2026-09-17T17:36:11Z",212,"Hughes","CRY","-2.4","-2.9","-5.1","-7.3",-1,-215,"7.9",44,18689,67363,2,29,"0.5","a",-1,-1,,"false"
"2026-09-17T17:36:11Z",213,"Lerma","CRY","-68.5","-69.6","-74.1","-78.7",-3,-3,"0.1",49,133,573,1,6,"0.2","a",0,-1,,"false"
"2026-09-17T17:36:11Z",214,"Kamada","CRY","8.7","8.9","9.7","10.5",1,61,"0.5",50,15973,5008,18,351,"4.5","a",0,0,,"false"
"2026-09-17T17:36:11Z",215,"Devenny","CRY","0.0","0.0","0.0","0.0",0,-1,"0.0",50,0,84,0,0,"0.0","u",0,0,,"false"
"2026-09-17T17:36:11Z",216,"Esse","CRY","0.0","0.0","0.0","0.0",0,-3,"0.0",50,0,321,0,0,"0.0","u",0,0,,"false"
"2026-09-17T17:36:11Z",217,"M.França","CRY","0.0","0.0","0.0","0.0",0,-7,"0.0",49,0,512,0,0,"0.0","u",0,-1,,"false"
"2026-09-17T17:36:11Z",218,"Doucouré","CRY","-67.9","-70.5","-81.6","-92.6",-3,-4,"0.0",49,204,632,0,0,"0.0","a",0,-1,,"false"
"2026-09-17T17:36:11Z",219,"J.Rak-Sakyi","CRY","0.0","0.0","0.0","0.0",0,-1,"0.0",49,0,85,0,0,"0.0","u",0,-1,,"false"
"2026-09-17T17:36:11Z",220,"Cardines","CRY","0.0","0.0","0.0","0.0",0,-1,"0.0",45,0,7,0,0,"0.0","u",0,0,,"false"
"2026-09-17T17:36:11Z",221,"Drakes-Thomas","CRY","-55.8","-56.9","-61.6","-66.3",-3,-3,"0.1",45,265,710,0,0,"0.0","a",0,0,,"false"
"2026-09-17T17:36:11Z",222,"Strand Larsen","CRY","3.8","3.8","3.9","4.1",1,10,"0.6",60,9899,6624,12,217,"3.0","a",0,0,,"false"
"2026-09-17T17:36:11Z",223,"Mateta","CRY","-12.2","-13.2","-17.7","-22.2",-1,-226,"1.4",63,161,20801,2,62,"0.5","i",-1,-2,,"false"
"2026-09-17T17:36:11Z",224,"Nketiah","CRY","2.3","1.8","-2.1","-22.4",1,-153,"0.6",55,280,17765,7,167,"1.8","d",0,0,,"false"
"2026-09-17T17:36:11Z",225,"Uche","CRY","0.0","0.0","0.0","0.0",0,0,"0.0",50,0,0,0,0,"0.0","u",0,0,,"false"
"2026-09-17T17:36:11Z",241,"McNeil","CRY","-46.8","-50.1","-64.0","-77.9",-3,-12,"0.1",54,137,1069,3,84,"0.8","a",0,-1,,"false"
"2026-09-17T17:36:11Z",555,"Matthews","CRY","-4.1","-4.2","-4.3","-4.5",-1,-2,"1.7",40,2578,4438,0,0,"0.0","a",0,0,,"false"
"2026-09-17T17:36:11Z",577,"Tomiyasu","CRY","-2.8","-3.7","-7.5","-11.3",-1,-13,"0.3",44,328,2063,2,144,"0.5","a",-1,-1,,"false"
"2026-09-17T17:36:11Z",588,"Khalaili","CRY","6.5","6.4","5.8","5.2",1,-45,"0.3",50,4530,3596,13,289,"3.2","a",0,0,,"false"
"2026-09-17T17:36:11Z",595,"Gozo","CRY","-58.0","-58.0","-58.0","-58.0",-3,0,"0.0",50,64,141,2,28,"0.5","a",0,0,,"false"
"2026-09-17T17:36:11Z",633,"Ahanor","CRY","0.0","0.0","0.0","0.0",0,0,"0.0",45,554,167,3,90,"1.5","a",0,0,,"false"
"2026-09-17T17:36:11Z",643,"Chilwell","CRY","-15.3","-17.5","-26.6","-35.8",-1,-32,"0.5",45,2534,6645,8,29,"4.0","a",0,0,,"false"
"2026-09-17T17:36:11Z",644,"Timber","CRY","0.1","0.1","0.2","0.3",1,8,"0.0",50,1095,449,6,163,"3.0","a",0,0,,"false"
"2026-09-17T17:36:11Z",647,"Osorio","CRY","-5.0","-9.7","-29.8","-49.8",-1,-1,"0.0",55,65,117,1,1,"0.5","a",0,0,,"false"
"2026-09-17T17:36:11Z",21,"Nørgaard","EVE","-65.5","-68.3","-79.8","-91.2",-3,-11,"0.0",49,36,560,0,0,"0.0","i",0,-1,,"false"
"2026-09-17T17:36:11Z",209,"Johnson","EVE","-28.9","-27.0","-19.2","-11.4",-2,7,"0.1",59,1435,1007,6,173,"1.5","a",0,-1,,"false"
"2026-09-17T17:36:11Z",226,"Pickford","EVE","13.5","14.4","18.0","21.6",1,271,"8.9",55,48926,30499,17,360,"4.2","a",0,0,,"false"
"2026-09-17T17:36:11Z",227,"Travers","EVE","-35.6","-36.9","-42.4","-48.0",-2,-2,"0.0",50,416,348,0,0,"0.0","a",0,0,,"false"
"2026-09-17T17:36:11Z",228,"King","EVE","-33.3","-31.8","-25.4","-19.0",-2,2,"0.0",45,170,227,0,0,"0.0","a",0,0,,"false"
"2026-09-17T17:36:11Z",229,"Tarkowski","EVE","12.2","13.6","19.3","25.0",1,1170,"13.7",61,207533,33980,29,360,"7.2","a",1,1,,"false"
"2026-09-17T17:36:11Z",230,"Branthwaite","EVE","19.9","20.7","24.2","27.6",2,261,"2.2",55,33347,9400,19,360,"4.8","a",0,0,,"false"
"2026-09-17T17:36:11Z",231,"Keane","EVE","-18.8","-20.1","-25.3","-30.6",-2,-52,"0.8",48,1403,8723,0,0,"0.0","a",-1,-2,,"false"
"2026-09-17T17:36:11Z",232,"O'Brien","EVE","-85.6","-85.9","-87.3","-88.7",-3,-3,"0.3",49,872,1968,1,15,"0.2","a",0,-1,,"false"
"2026-09-17T17:36:11Z",233,"Mykolenko","EVE","63.5","67.6","85.0","102.3",3,1311,"3.3",45,139617,15420,22,360,"5.5","a",0,0,,"false"
"2026-09-17T17:36:11Z",234,"Patterson","EVE","0.0","0.0","0.0","0.0",0,-4,"0.0",45,0,245,0,0,"0.0","u",0,0,,"false"
"2026-09-17T17:36:11Z",235,"Aznou","EVE","0.0","0.0","0.0","0.0",0,-4,"0.1",40,0,1221,0,0,"0.0","u",0,0,,"false"
"2026-09-17T17:36:11Z",236,"Dewsbury-Hall","EVE","68.2","72.4","90.4","108.4",3,1361,"5.5",65,109189,42219,17,360,"4.2","a",0,0,,"false"
"2026-09-17T17:36:11Z",238,"Grealish","EVE","6.2","6.3","6.9","7.6",1,47,"0.4",65,6686,4472,3,57,"0.8","a",0,0,,"false"
"2026-09-17T17:36:11Z",239,"Garner","EVE","1.3","1.8","3.8","5.8",1,151,"0.2",60,7467,2207,8,238,"2.0","a",0,0,,"false"
"2026-09-17T17:36:11Z",242,"George","EVE","22.8","23.6","27.3","30.9",2,276,"0.9",55,31646,7507,18,298,"4.5","a",0,0,,"false"
"2026-09-17T17:36:11Z",243,"Alcaraz","EVE","-22.4","-22.9","-24.7","-26.6",-2,-1,"0.1",49,357,749,1,5,"0.2","a",0,-1,,"false"
"2026-09-17T17:36:11Z",244,"Armstrong","EVE","11.0","10.6","9.3","7.9",1,-103,"0.4",50,5725,5150,14,356,"3.5","d",0,0,,"false"
"2026-09-17T17:36:11Z",245,"Dibling","EVE","-77.1","-79.4","-89.4","-99.4",-3,-2,"0.0",54,180,284,0,0,"0.0","a",0,-1,,"false"
"2026-09-17T17:36:11Z",246,"Röhl","EVE","-6.3","-7.3","-11.3","-15.4",-1,-4,"0.0",49,274,735,6,249,"1.5","d",-1,-1,,"false"
"2026-09-17T17:36:11Z",247,"Hackney","EVE","-73.0","-74.0","-78.3","-82.5",-3,-6,"0.2",55,535,1444,9,136,"2.2","a",0,0,,"false"
"2026-09-17T17:36:11Z",248,"Beto","EVE","0.0","0.0","0.0","0.0",0,-165,"0.7",54,0,17918,2,31,"0.5","u",0,-1,,"false"
"2026-09-17T17:36:11Z",249,"Barry","EVE","29.8","33.5","49.0","64.5",2,1172,"6.9",56,115334,58775,14,327,"3.5","a",0,1,,"false"
"2026-09-17T17:36:11Z",649,"Maitland-Niles","EVE","2.7","3.6","7.4","11.2",1,289,"0.8",45,34647,4352,13,87,"6.5","a",0,0,,"false"
"2026-09-17T17:36:11Z",654,"Graham","EVE","0.0","0.0","0.0","0.0",0,0,"0.1",45,1396,1827,0,0,"0.0","a",0,0,"2026-09-19T17:46:58.377521Z","false"
"2026-09-17T17:36:11Z",250,"Leno","FUL","2.9","3.0","3.4","3.9",1,34,"3.0",45,25030,11552,15,360,"3.8","a",0,0,,"false"
"2026-09-17T17:36:11Z",251,"Lecomte","FUL","-17.9","-18.5","-20.8","-23.2",-1,-19,"1.1",40,2553,2928,0,0,"0.0","a",0,0,,"false"
"2026-09-17T17:36:11Z",252,"McNally","FUL","0.0","0.0","0.0","0.0",0,-4,"0.1",40,0,677,0,0,"0.0","u",0,0,,"false"
"2026-09-17T17:36:11Z",253,"Andersen","FUL","0.1","0.1","0.0","-0.7",1,-4,"0.1",50,1353,1516,2,180,"0.5","a",0,0,,"false"
"2026-09-17T17:36:11Z",254,"Robinson","FUL","-36.9","-37.0","-37.1","-37.2",-2,-1,"1.4",45,7479,7792,10,339,"2.5","a",0,0,,"false"
"2026-09-17T17:36:11Z",255,"J.Cuenca","FUL","-50.3","-50.3","-50.3","-50.3",-3,0,"0.0",45,68,260,3,90,"0.8","a",0,0,,"false"
"2026-09-17T17:36:11Z",256,"Tete","FUL","-24.7","-27.7","-40.8","-53.9",-2,-19,"0.2",44,281,1192,0,27,"0.0","a",0,-1,,"false"
"2026-09-17T17:36:11Z",257,"Bassey","FUL","-19.0","-18.9","-18.5","-18.1",-1,2,"0.7",45,2681,2686,9,360,"2.2","a",0,0,,"false"
"2026-09-17T17:36:11Z",258,"Castagne","FUL","9.2","9.3","9.5","9.8",1,20,"0.8",45,9444,5153,19,318,"4.8","a",0,0,,"false"
"2026-09-17T17:36:11Z",261,"Iwobi","FUL","-39.0","-40.6","-47.2","-53.7",-3,-32,"0.7",54,2185,6658,9,338,"2.2","a",0,-1,,"false"
"2026-09-17T17:36:11Z",262,"Smith Rowe","FUL","-56.4","-59.5","-72.7","-86.0",-3,-24,"0.2",54,421,2486,3,38,"0.8","a",0,-1,,"false"
"2026-09-17T17:36:11Z",263,"Kevin","FUL","0.0","0.0","-2.6","-7.3",0,-2,"0.0",53,468,497,3,42,"0.8","a",-1,-2,,"false"
"2026-09-17T17:36:11Z",264,"Bobb","FUL","-51.5","-52.4","-56.3","-60.2",-3,-8,"0.3",55,1857,2831,10,273,"2.5","a",0,0,,"false"
"2026-09-17T17:36:11Z",265,"Berge","FUL","-13.6","-15.4","-22.9","-30.4",-1,-16,"0.3",49,1260,2236,8,273,"2.0","a",0,-1,,"false"
"2026-09-17T17:36:11Z",266,"Cairney","FUL","-3.7","-6.4","-18.0","-29.6",-1,-1,"0.0",49,10,40,0,0,"0.0","i",-1,-1,,"false"
"2026-09-17T17:36:11Z",268,"King","FUL","47.0","48.2","53.6","58.9",3,402,"1.6",55,61738,17493,22,346,"5.5","a",0,0,,"false"
"2026-09-17T17:36:11Z",269,"Sessegnon","FUL","-28.0","-30.2","-39.4","-48.7",-2,-36,"0.3",44,217,3431,3,50,"0.8","d",0,-1,,"false"
"2026-09-17T17:36:11Z",270,"Reed","FUL","2.0","2.0","2.0","2.0",1,0,"1.2",44,13361,11664,0,0,"0.0","a",-1,-1,,"false"
"2026-09-17T17:36:11Z",271,"Muniz","FUL","-23.8","-23.9","-24.5","-25.0",-2,-2,"0.4",54,2379,4294,3,28,"0.8","a",0,-1,,"false"
"2026-09-17T17:36:11Z",272,"Kusi-Asare","FUL","-30.7","-31.8","-36.2","-40.7",-2,-189,"5.8",45,21679,44752,0,0,"0.0","a",0,0,,"false"
"2026-09-17T17:36:11Z",569,"Gonzalo","FUL","46.1","45.9","44.9","43.8",3,-78,"3.6",60,21342,52461,12,346,"3.0","a",0,0,,"false"
"2026-09-17T17:36:11Z",570,"Palacios","FUL","-1.1","-0.8","0.0","0.0",-1,3,"0.2",54,1177,1751,11,207,"2.8","a",-1,-1,,"false"
"2026-09-17T17:36:11Z",580,"Charles","FUL","-85.9","-83.8","-75.1","-66.3",-3,5,"0.1",50,532,467,9,213,"2.2","a",0,0,,"false"
"2026-09-17T17:36:11Z",610,"De Fougerolles","FUL","0.0","0.0","0.0","0.0",0,-5,"0.1",40,0,954,0,0,"0.0","u",0,0,,"false"
"2026-09-17T17:36:11Z",626,"Zepa","FUL","-42.0","-44.1","-53.1","-62.0",-3,-20,"0.3",45,932,3873,0,0,"0.0","a",0,0,,"false"
"2026-09-17T17:36:11Z",635,"Larsson","FUL","0.0","0.0","0.0","0.0",0,0,"0.0",50,147,93,2,24,"1.0","a",0,0,,"false"
"2026-09-17T17:36:11Z",636,"Ángel","FUL","0.0","0.0","0.0","0.1",0,3,"0.0",50,67,51,0,0,"0.0","a",0,0,,"false"
"2026-09-17T17:36:11Z",650,"Affengruber","FUL","0.1","0.2","0.3","0.5",1,12,"0.0",45,1707,374,8,90,"4.0","a",0,0,,"false"
"2026-09-17T17:36:11Z",240,"Iroegbunam","HUL","0.1","0.1","0.1","0.1",1,1,"0.0",50,331,214,1,25,"0.2","a",0,0,,"false"
"2026-09-17T17:36:11Z",273,"Phillips","HUL","-21.2","-21.5","-22.7","-24.0",-2,-13,"1.4",40,3764,4930,0,0,"0.0","a",0,0,,"false"
"2026-09-17T17:36:11Z",274,"Butland","HUL","-85.6","-86.4","-89.7","-93.0",-3,-5,"0.1",45,77,452,0,0,"0.0","i",0,0,,"false"
"2026-09-17T17:36:11Z",275,"Cartwright","HUL","0.0","0.0","0.0","0.0",0,0,"0.0",40,0,35,0,0,"0.0","u",0,0,,"false"
"2026-09-17T17:36:11Z",276,"Lo-Tutala","HUL","0.0","0.0","0.0","0.0",0,0,"0.0",40,0,107,0,0,"0.0","u",0,0,,"false"
"2026-09-17T17:36:11Z",277,"Egan","HUL","18.5","19.5","23.9","28.3",1,333,"6.9",41,82215,31459,25,360,"6.2","a",0,1,,"false"
"2026-09-17T17:36:11Z",278,"Hughes","HUL","2.8","2.9","3.2","3.5",1,23,"0.3",39,13135,4059,0,0,"0.0","i",-1,-1,,"false"
"2026-09-17T17:36:11Z",279,"Ajayi","HUL","53.1","55.2","64.2","73.2",3,681,"13.8",42,185420,64213,26,333,"6.5","a",0,2,,"false"
"2026-09-17T17:36:11Z",280,"Coyle","HUL","-9.1","-7.1","0.1","0.6",-1,41,"0.7",40,8763,3107,13,258,"3.2","a",0,0,,"false"
"2026-09-17T17:36:11Z",281,"Drameh","HUL","0.0","0.0","0.0","0.0",0,-6,"0.0",40,0,519,2,65,"0.5","u",0,0,,"false"
"2026-09-17T17:36:11Z",282,"Giles","HUL","50.2","51.7","58.0","64.4",3,480,"2.6",40,101003,15698,24,354,"6.0","a",0,0,,"false"
"2026-09-17T17:36:11Z",283,"Jacob","HUL","0.0","0.0","0.0","0.0",0,0,"0.0",40,0,72,0,0,"0.0","u",0,0,,"false"
"2026-09-17T17:36:11Z",284,"McCarthy","HUL","0.3","0.4","0.5","0.7",1,11,"0.1",40,1015,702,0,0,"0.0","a",0,0,,"false"
"2026-09-17T17:36:11Z",285,"McNair","HUL","-30.0","-30.0","-30.0","-30.0",-2,0,"0.1",40,515,660,1,26,"0.2","a",0,0,,"false"
"2026-09-17T17:36:11Z",286,"Belloumi","HUL","6.5","8.4","16.4","24.3",1,1636,"3.7",51,265646,22523,27,312,"6.8","a",1,1,,"false"
"2026-09-17T17:36:11Z",287,"Millar","HUL","0.0","0.0","0.0","0.0",0,-6,"0.0",50,0,796,6,50,"1.5","u",0,0,,"false"
"2026-09-17T17:36:11Z",288,"Dowell","HUL","-52.6","-54.2","-61.1","-67.9",-3,-16,"0.3",45,1216,3202,0,0,"0.0","a",0,0,,"false"
"2026-09-17T17:36:11Z",289,"Crooks","HUL","-92.4","-92.7","-94.0","-95.3",-3,-5,"0.5",45,3221,4095,3,158,"0.8","a",0,0,,"false"
"2026-09-17T17:36:11Z",290,"Slater","HUL","75.5","75.3","74.2","73.1",3,-82,"5.5",45,47119,42841,13,360,"3.2","a",0,0,,"false"
"2026-09-17T17:36:11Z",291,"Matazo","HUL","-6.5","-6.5","-6.5","-6.5",-1,0,"0.0",45,51,57,0,0,"0.0","i",0,0,,"false"
"2026-09-17T17:36:11Z",292,"Ömür","HUL","0.0","-0.6","-30.3","-59.9",-1,-4,"0.0",49,241,253,0,0,"0.0","a",0,-1,,"false"
"2026-09-17T17:36:11Z",293,"Kamara","HUL","0.0","0.0","0.0","0.0",0,0,"0.0",50,0,19,0,0,"0.0","u",0,0,,"false"
"2026-09-17T17:36:11Z",294,"Zambrano","HUL","-0.1","0.0","0.0","0.1",0,2,"0.1",45,1060,876,0,0,"0.0","a",0,0,,"false"
"2026-09-17T17:36:11Z",295,"McBurnie","HUL","27.3","27.6","28.7","29.9",2,88,"2.0",55,25337,19156,12,351,"3.0","a",0,0,,"false"
"2026-09-17T17:36:11Z",296,"Akintola","HUL","0.0","0.0","0.0","0.0",0,-6,"0.0",50,0,1007,0,0,"0.0","u",0,0,,"false"
"2026-09-17T17:36:11Z",297,"Gyabi","HUL","-81.5","-81.5","-81.5","-81.5",-3,0,"0.0",45,45,152,0,0,"0.0","i",0,0,,"false"
"2026-09-17T17:36:11Z",298,"Destan","HUL","0.0","0.0","0.0","0.0",0,-19,"0.2",45,0,2054,0,0,"0.0","u",0,0,,"false"
"2026-09-17T17:36:11Z",299,"Burstow","HUL","0.0","0.0","0.0","0.0",0,-2,"0.0",45,0,287,0,0,"0.0","u",0,0,,"false"
"2026-09-17T17:36:11Z",340,"Gelhardt","HUL","0.0","0.0","0.0","0.0",0,0,"0.0",50,224,178,0,0,"0.0","a",0,0,,"false"
"2026-09-17T17:36:11Z",556,"Targett","HUL","-39.7","-40.9","-45.8","-50.6",-3,-118,"1.8",40,3602,12107,1,5,"0.2","d",0,0,,"false"
"2026-09-17T17:36:11Z",563,"Morita","HUL","-55.9","-57.0","-61.9","-66.7",-3,-2,"0.0",50,19,352,1,45,"0.2","i",0,0,,"false"
"2026-09-17T17:36:11Z",572,"Tzolakis","HUL","69.2","70.3","75.3","80.3",3,377,"11.1",46,118752,40795,28,360,"7.0","a",0,1,,"false"
"2026-09-17T17:36:11Z",574,"Hjertø-Dahl","HUL","-30.5","-30.5","-30.5","-30.5",-2,0,"0.1",49,243,601,1,8,"0.2","a",0,-1,,"false"
"2026-09-17T17:36:11Z",576,"Stroud","HUL","-24.8","-24.8","-24.8","-24.8",-2,0,"0.1",50,502,639,7,249,"1.8","a",0,0,,"false"
"2026-09-17T17:36:11Z",585,"Herrington","HUL","-20.8","-20.4","-19.0","-17.5",-2,6,"0.6",40,2653,2639,4,107,"1.0","a",0,0,,"false"
"2026-09-17T17:36:11Z",586,"Mendy","HUL","-22.4","-25.0","-36.0","-46.9",-2,-1547,"7.0",41,12903,109883,25,249,"6.2","i",0,1,,"false"
"2026-09-17T17:36:11Z",589,"Gourna-Douath","HUL","-45.5","-45.5","-45.5","-45.5",-3,0,"0.0",50,120,208,3,126,"0.8","a",0,0,,"false"
"2026-09-17T17:36:11Z",617,"Cho","HUL","0.1","0.1","0.1","0.2",1,4,"0.0",50,311,182,3,45,"1.0","a",0,0,,"false"
"2026-09-17T17:36:11Z",632,"Ansah","HUL","-14.6","-16.4","-24.0","-31.6",-1,-5,"0.0",50,108,1059,0,0,"0.0","i",0,0,,"false"
"2026-09-17T17:36:11Z",637,"Vaz","HUL","0.4","0.5","0.8","1.1",1,23,"0.1",50,4280,1243,1,8,"0.5","a",0,0,,"false"
"2026-09-17T17:36:11Z",638,"Norton-Cuffy","HUL","-0.2","0.0","0.1","0.3",0,9,"0.3",40,4106,2885,1,34,"0.5","a",0,0,,"false"
"2026-09-17T17:36:11Z",642,"Thomas","HUL","0.1","0.1","0.2","0.3",1,6,"0.0",55,1019,386,2,57,"1.0","a",0,0,,"false"
"2026-09-17T17:36:11Z",645,"Mouzakitis","HUL","0.0","0.0","0.0","0.1",0,2,"0.0",50,171,90,0,0,"0.0","a",0,0,,"false"
"2026-09-17T17:36:11Z",259,"Diop","IPS","-34.8","-35.5","-38.2","-41.0",-2,-272,"13.6",40,14458,75112,8,360,"2.0","a",0,0,,"false"
"2026-09-17T17:36:11Z",267,"Lukić","IPS","-81.0","-81.0","-81.0","-81.0",-3,0,"0.1",50,283,893,9,328,"2.2","a",0,0,,"false"
"2026-09-17T17:36:11Z",300,"Walton","IPS","-8.0","-8.6","-11.3","-13.9",-1,-8,"0.4",44,624,1536,0,0,"0.0","a",0,-1,,"false"
"2026-09-17T17:36:11Z",301,"Palmer","IPS","-17.8","-18.0","-18.9","-19.8",-1,-26,"4.0",40,6653,14385,0,0,"0.0","a",0,0,,"false"
"2026-09-17T17:36:11Z",302,"Button","IPS","1.0","1.1","1.1","1.2",1,6,"0.6",40,1938,1641,0,0,"0.0","a",0,0,,"false"
"2026-09-17T17:36:11Z",303,"Kipré","IPS","8.0","8.7","11.6","14.6",1,223,"0.9",39,31099,6636,0,0,"0.0","a",-1,-1,,"false"
"2026-09-17T17:36:11Z",304,"O'Shea","IPS","-23.3","-23.9","-26.5","-29.1",-2,-54,"2.9",40,4672,13667,8,360,"2.0","a",0,0,,"false"
"2026-09-17T17:36:11Z",305,"Davis","IPS","45.0","47.0","55.3","63.6",3,628,"6.4",40,148630,23017,23,360,"5.8","a",0,0,,"false"
"2026-09-17T17:36:11Z",306,"Greaves","IPS","-62.6","-63.3","-66.5","-69.7",-3,-26,"1.2",40,1020,4550,3,357,"0.8","a",0,0,,"false"
"2026-09-17T17:36:11Z",307,"Johnson","IPS","0.0","0.0","0.0","0.0",0,-12,"0.1",40,0,842,0,0,"0.0","u",0,0,,"false"
"2026-09-17T17:36:11Z",308,"Furlong","IPS","-101.5","-102.9","-108.9","-115.0",-5,-21,"0.5",40,268,2185,1,17,"0.2","a",0,0,,"false"
"2026-09-17T17:36:11Z",309,"Núñez","IPS","-7.8","-8.7","-12.7","-16.7",-1,-6,"0.1",49,245,1293,6,140,"1.5","a",-1,-1,,"false"
"2026-09-17T17:36:11Z",310,"Matusiwa","IPS","0.0","0.0","0.0","0.0",0,0,"0.0",49,42,29,0,0,"0.0","a",0,-1,"2026-09-19T14:00:09.742968Z","false"
"2026-09-17T17:36:11Z",311,"Burns","IPS","0.0","0.0","0.0","0.0",0,0,"0.0",50,0,16,0,0,"0.0","u",0,0,,"false"
"2026-09-17T17:36:11Z",312,"Taylor","IPS","-91.9","-91.9","-91.9","-91.9",-3,0,"0.0",45,67,267,0,0,"0.0","i",0,0,,"false"
"2026-09-17T17:36:11Z",313,"Clarke","IPS","-37.8","-39.2","-44.9","-50.7",-2,-8,"0.2",54,368,1994,9,105,"2.2","a",0,-1,,"false"
"2026-09-17T17:36:11Z",314,"Ogbene","IPS","0.0","0.0","0.0","0.0",0,0,"0.0",49,0,117,0,0,"0.0","u",0,-1,,"false"
"2026-09-17T17:36:11Z",315,"Fatawu","IPS","-103.5","-106.7","-120.0","-133.3",-5,-18,"0.2",55,434,1864,9,286,"2.2","a",0,0,,"false"
"2026-09-17T17:36:11Z",316,"Emersonn","IPS","54.2","56.8","67.8","78.8",3,833,"2.9",55,114373,18408,24,237,"6.0","a",0,0,,"false"
"2026-09-17T17:36:11Z",317,"Hirst","IPS","0.0","0.0","0.0","0.0",0,-10,"0.1",50,0,894,0,0,"0.0","u",0,0,,"false"
"2026-09-17T17:36:11Z",318,"Philogene","IPS","0.0","0.0","0.0","0.0",0,0,"0.1",54,73,269,1,28,"0.2","a",0,-1,"2026-09-19T14:00:09.771450Z","false"
"2026-09-17T17:36:11Z",319,"Szmodics","IPS","0.0","0.0","0.0","0.0",0,0,"0.0",50,0,44,0,0,"0.0","u",0,0,,"false"
"2026-09-17T17:36:11Z",320,"Akpom","IPS","23.5","23.5","23.2","23.0",2,-20,"1.2",50,16115,15570,6,69,"1.5","a",0,0,,"false"
"2026-09-17T17:36:11Z",321,"Walle Egeli","IPS","38.5","38.6","39.0","39.5",2,32,"3.6",45,44478,32815,1,10,"0.2","a",0,0,,"false"
"2026-09-17T17:36:11Z",322,"Al-Hamadi","IPS","0.0","0.0","0.0","0.0",0,-10,"0.1",50,0,670,0,0,"0.0","u",0,0,,"false"
"2026-09-17T17:36:11Z",323,"McAteer","IPS","-63.9","-65.7","-73.2","-80.7",-3,-60,"1.1",45,1810,9665,3,42,"0.8","a",0,0,,"false"
"2026-09-17T17:36:11Z",324,"Mehmeti","IPS","-84.9","-87.4","-97.8","-108.2",-3,-3,"0.0",49,49,242,0,0,"0.0","a",0,-1,,"false"
"2026-09-17T17:36:11Z",554,"Van Oevelen","IPS","0.0","0.0","0.0","0.0",0,0,"0.0",45,0,180,0,0,"0.0","u",0,0,,"false"
"2026-09-17T17:36:11Z",562,"Maeda","IPS","-61.7","-64.6","-77.1","-89.7",-3,-23,"0.2",54,183,2833,7,243,"1.8","a",0,-1,,"false"
"2026-09-17T17:36:11Z",564,"Scherpen","IPS","-19.8","-19.6","-18.5","-17.5",-1,5,"0.6",45,1802,2628,7,360,"1.8","a",0,0,,"false"
"2026-09-17T17:36:11Z",571,"Florentino","IPS","-62.7","-65.2","-75.8","-86.3",-3,-6,"0.1",49,145,529,1,13,"0.2","a",0,-1,,"false"
"2026-09-17T17:36:11Z",591,"Enciso","IPS","10.1","10.0","9.5","9.0",1,-36,"0.8",55,6105,10348,13,340,"3.2","a",0,0,,"false"
"2026-09-17T17:36:11Z",592,"Ouattara","IPS","-18.8","-19.4","-21.9","-24.4",-1,-16,"0.9",40,2019,3791,4,41,"1.0","a",0,0,,"false"
"2026-09-17T17:36:11Z",602,"Humphreys","IPS","0.0","0.0","0.0","0.0",0,-2,"0.0",45,0,407,0,0,"0.0","u",0,0,,"false"
"2026-09-17T17:36:11Z",619,"Palacios","IPS","0.7","0.8","1.0","1.2",1,17,"0.1",50,3031,922,9,195,"3.0","a",0,0,,"false"
"2026-09-17T17:36:11Z",640,"Flemming","IPS","0.2","0.3","0.6","0.9",1,22,"0.1",55,3046,860,6,51,"3.0","a",0,0,,"false"
"2026-09-17T17:36:11Z",260,"Wilson","LEE","-105.0","-110.5","-134.0","-157.4",-5,-403,"2.4",63,2799,43585,5,145,"1.2","a",0,-2,,"false"
"2026-09-17T17:36:11Z",326,"Perri","LEE","0.0","0.0","0.0","0.0",0,-17,"0.3",45,0,2495,0,0,"0.0","u",0,0,,"false"
"2026-09-17T17:36:11Z",327,"Bijol","LEE","7.5","7.4","6.7","6.0",1,-51,"0.8",50,2774,9546,12,164,"3.0","a",0,0,,"false"
"2026-09-17T17:36:11Z",329,"Rodon","LEE","-67.3","-69.3","-77.7","-86.2",-3,-168,"1.0",44,46,19691,7,123,"1.8","i",0,-1,,"false"
"2026-09-17T17:36:11Z",330,"Bogle","LEE","111.6","123.4","173.4","223.5",5,3785,"4.4",45,217795,15376,37,299,"9.2","a",0,0,,"false"
"2026-09-17T17:36:11Z",331,"Gudmundsson","LEE","0.5","0.5","0.7","0.9",1,15,"0.1",45,1024,384,8,162,"2.0","a",0,0,,"false"
"2026-09-17T17:36:11Z",332,"Justin","LEE","15.9","15.9","15.8","15.6",1,-11,"1.5",45,5767,8481,18,360,"4.5","a",0,0,,"false"
"2026-09-17T17:36:11Z",333,"Bornauw","LEE","0.0","0.0","0.0","0.0",0,0,"0.0",45,0,16,0,0,"0.0","u",0,0,,"false"
"2026-09-17T17:36:11Z",334,"Muharemović","LEE","24.8","25.8","30.0","34.2",2,316,"4.1",50,39242,17382,21,360,"5.2","a",0,0,,"false"
"2026-09-17T17:36:11Z",335,"Stach","LEE","19.8","19.8","19.9","20.0",1,9,"2.7",60,14816,23466,22,357,"5.5","a",0,0,,"false"
"2026-09-17T17:36:11Z",336,"Okafor","LEE","3.7","4.2","6.0","7.8",1,140,"0.4",58,10888,3387,15,224,"3.8","a",-1,-2,,"false"
"2026-09-17T17:36:11Z",337,"Aaronson","LEE","-58.9","-61.6","-72.9","-84.2",-3,-44,"0.5",54,642,5695,6,172,"1.5","a",0,-1,,"false"
"2026-09-17T17:36:11Z",338,"Ampadu","LEE","-12.5","-12.5","-12.8","-13.1",-1,-2,"1.0",54,3630,7091,16,360,"4.0","a",0,-1,,"false"
"2026-09-17T17:36:11Z",339,"Longstaff","LEE","-41.1","-40.0","-35.7","-31.3",-3,3,"0.1",49,342,1010,2,10,"0.5","a",0,-1,,"false"
"2026-09-17T17:36:11Z",341,"Gnonto","LEE","0.0","0.0","0.0","0.0",0,-7,"0.0",50,0,144,0,0,"0.0","u",0,0,,"false"
"2026-09-17T17:36:11Z",342,"Harrison","LEE","0.0","0.0","0.0","0.0",0,0,"0.0",50,0,9,0,0,"0.0","u",0,0,,"false"
"2026-09-17T17:36:11Z",343,"James","LEE","-9.0","-9.3","-10.7","-12.1",-1,-2,"0.1",49,537,1011,2,29,"0.5","a",-1,-1,,"false"
"2026-09-17T17:36:11Z",344,"Gruev","LEE","-51.9","-44.4","-12.8","0.0",-3,1,"0.0",50,11,32,0,0,"0.0","d",0,0,,"false"
"2026-09-17T17:36:11Z",345,"Tanaka","LEE","3.0","3.2","4.0","4.9",1,63,"0.3",49,6433,2269,12,188,"3.0","a",0,-1,,"false"
"2026-09-17T17:36:11Z",346,"Calvert-Lewin","LEE","-20.3","-13.8","32.0","95.4",-1,4797,"23.8",60,260089,108616,20,329,"5.0","a",0,0,,"false"
"2026-09-17T17:36:11Z",347,"Nmecha","LEE","-0.3","-1.2","-5.1","-9.0",-1,-14,"0.5",54,4460,5273,6,50,"1.5","a",0,-1,,"false"
"2026-09-17T17:36:11Z",348,"Piroe","LEE","0.0","0.0","0.0","0.0",0,-7,"0.1",50,0,740,0,0,"0.0","u",0,0,,"false"
"2026-09-17T17:36:11Z",349,"Mateo Joseph","LEE","-31.4","-31.9","-33.8","-35.7",-2,-2,"0.1",45,503,549,0,0,"0.0","i",0,0,,"false"
"2026-09-17T17:36:11Z",385,"Trafford","LEE","26.6","26.8","27.5","28.3",2,55,"5.4",50,21626,24227,18,360,"4.5","a",0,0,,"false"
"2026-09-17T17:36:11Z",598,"Elvedi","LEE","0.3","0.3","0.3","0.3",1,-1,"0.0",45,540,323,7,236,"1.8","a",0,0,,"false"
"2026-09-17T17:36:11Z",603,"Lienou","LEE","0.2","0.2","0.3","0.4",1,7,"0.1",40,947,775,0,0,"0.0","a",0,0,,"false"
"2026-09-17T17:36:11Z",604,"Cresswell","LEE","0.2","0.2","0.1","-1.6",1,-9,"0.1",45,1086,1486,0,0,"0.0","a",0,0,,"false"
"2026-09-17T17:36:11Z",625,"Cairns","LEE","0.3","0.4","0.5","0.7",1,13,"0.2",40,2647,1101,0,0,"0.0","a",0,0,,"false"
"2026-09-17T17:36:11Z",629,"Zetterer","LEE","1.5","1.6","2.1","2.5",1,34,"0.7",40,14630,3730,0,0,"0.0","a",0,0,,"false"
"2026-09-17T17:36:11Z",641,"Bard","LEE","0.0","0.0","0.1","0.2",0,7,"0.0",45,285,108,1,18,"0.5","a",0,0,,"false"
"2026-09-17T17:36:11Z",648,"Bahoya","LEE","-5.5","-9.4","-26.3","-43.1",-1,-2,"0.0",50,296,314,0,0,"0.0","a",0,0,,"false"
"2026-09-17T17:36:11Z",350,"A.Becker","LIV","2.5","2.3","1.6","1.0",1,-51,"3.9",55,15858,16987,19,360,"4.8","a",0,0,,"false"
"2026-09-17T17:36:11Z",351,"Mamardashvili","LIV","-71.0","-71.0","-71.0","-71.0",-3,0,"0.1",49,356,1080,0,0,"0.0","a",0,-1,,"false"
"2026-09-17T17:36:11Z",352,"Woodman","LIV","-20.6","-20.9","-21.8","-22.7",-2,-7,"1.0",40,1975,3461,0,0,"0.0","a",0,0,,"false"
"2026-09-17T17:36:11Z",353,"Pecsi","LIV","0.0","0.0","0.0","0.0",0,0,"0.0",40,0,87,0,0,"0.0","u",0,0,,"false"
"2026-09-17T17:36:11Z",354,"Jaros","LIV","0.0","0.0","-7.5","-16.3",0,-3,"0.0",40,168,97,0,0,"0.0","i",0,0,,"false"
"2026-09-17T17:36:11Z",355,"Davies","LIV","0.1","0.1","0.0","-2.0",1,-5,"0.2",40,656,615,0,0,"0.0","a",0,0,,"false"
"2026-09-17T17:36:11Z",356,"Virgil","LIV","-44.9","-45.4","-47.2","-49.0",-3,-217,"16.6",65,27951,61665,17,360,"4.2","a",0,0,,"false"
"2026-09-17T17:36:11Z",357,"Frimpong","LIV","-102.9","-107.2","-125.2","-143.2",-5,-256,"2.0",54,2387,30385,2,178,"0.5","a",0,-1,,"false"
"2026-09-17T17:36:11Z",358,"Kerkez","LIV","-55.2","-57.7","-68.6","-79.5",-3,-190,"2.4",54,2082,30860,7,295,"1.8","a",0,-1,,"false"
"2026-09-17T17:36:11Z",359,"Gomez","LIV","0.0","0.0","0.0","0.0",0,0,"0.0",49,105,92,0,0,"0.0","a",-1,-1,"2026-09-22T14:30:07.295674Z","false"
"2026-09-17T17:36:11Z",360,"Bradley","LIV","-71.9","-71.9","-71.9","-71.9",-3,0,"0.0",50,45,93,0,0,"0.0","i",0,0,,"false"
"2026-09-17T17:36:11Z",361,"Lucky","LIV","-32.8","-32.8","-32.8","-32.8",-2,0,"0.1",40,593,890,0,0,"0.0","a",0,0,,"false"
"2026-09-17T17:36:11Z",362,"Jacquet","LIV","38.2","38.9","42.3","45.6",2,251,"3.2",50,55751,13311,18,325,"4.5","a",0,0,,"false"
"2026-09-17T17:36:11Z",363,"Leoni","LIV","-44.6","-44.6","-44.6","-44.6",-3,0,"0.0",40,100,266,0,0,"0.0","i",0,0,,"false"
"2026-09-17T17:36:11Z",364,"Tsimikas","LIV","-21.1","-23.8","-35.4","-47.0",-2,-6,"0.1",49,262,509,2,64,"0.5","a",0,-1,,"false"
"2026-09-17T17:36:11Z",365,"Ramsay","LIV","0.0","0.0","0.0","0.0",0,-8,"0.1",40,0,868,0,0,"0.0","u",0,0,,"false"
"2026-09-17T17:36:11Z",366,"Wirtz","LIV","-107.2","-112.6","-135.5","-158.3",-5,-1099,"6.6",74,4169,118766,12,332,"3.0","a",0,-1,,"false"
"2026-09-17T17:36:11Z",367,"Gakpo","LIV","3.2","4.9","11.9","18.9",1,531,"12.4",72,113454,123854,29,280,"7.2","a",0,2,,"false"
"2026-09-17T17:36:11Z",368,"Szoboszlai","LIV","-50.2","-51.4","-56.5","-61.6",-3,-1311,"35.5",70,61660,347186,18,360,"4.5","a",0,0,,"false"
"2026-09-17T17:36:11Z",369,"Ngumoha","LIV","-83.6","-89.4","-114.2","-139.1",-3,-92,"0.5",58,1385,7962,4,99,"1.0","a",0,-2,,"false"
"2026-09-17T17:36:11Z",370,"Chiesa","LIV","-91.5","-93.3","-100.6","-107.9",-3,-7,"0.0",54,15,531,0,0,"0.0","i",0,-1,,"false"
"2026-09-17T17:36:11Z",371,"Gravenberch","LIV","-82.6","-86.0","-100.8","-115.6",-3,-129,"1.2",59,2947,17353,8,181,"2.0","a",0,-1,,"false"
"2026-09-17T17:36:11Z",372,"Mac Allister","LIV","-23.1","-23.0","-22.5","-22.0",-2,5,"1.3",54,8285,14688,6,216,"1.5","a",0,-1,,"false"
"2026-09-17T17:36:11Z",373,"C.Jones","LIV","0.0","0.0","0.0","0.0",0,-1,"0.0",55,0,112,0,0,"0.0","u",0,0,,"false"
"2026-09-17T17:36:11Z",374,"Endo","LIV","-26.2","-27.4","-32.5","-37.5",-2,-2,"0.1",49,303,676,0,0,"0.0","a",0,-1,,"false"
"2026-09-17T17:36:11Z",375,"Nyoni","LIV","-41.3","-41.3","-41.3","-41.3",-3,0,"0.0",49,143,428,2,19,"0.5","a",0,-1,,"false"
"2026-09-17T17:36:11Z",376,"Bajcetic","LIV","0.0","0.0","0.0","0.0",0,0,"0.0",50,0,7,0,0,"0.0","u",0,0,,"false"
"2026-09-17T17:36:11Z",377,"Munoz","LIV","13.7","13.2","11.3","9.3",1,-149,"1.0",65,4352,22168,14,239,"3.5","a",0,0,,"false"
"2026-09-17T17:36:11Z",378,"McConnell","LIV","0.3","0.3","0.4","0.4",1,4,"0.2",44,2013,1907,0,0,"0.0","a",-1,-1,,"false"
"2026-09-17T17:36:11Z",379,"Isak","LIV","-4.5","-4.3","-3.6","-2.9",-1,55,"21.9",91,86258,171589,25,333,"6.2","a",0,1,,"false"
"2026-09-17T17:36:11Z",380,"Ekitiké","LIV","-14.8","-16.5","-23.6","-30.6",-1,-15,"0.1",74,313,997,0,0,"0.0","i",0,-1,,"false"
"2026-09-17T17:36:11Z",381,"Koumas","LIV","-80.7","-80.7","-80.7","-80.7",-3,0,"0.0",50,157,231,2,13,"0.5","a",0,0,,"false"
"2026-09-17T17:36:11Z",382,"Danns","LIV","2.1","2.2","3.0","3.9",1,61,"0.2",45,6763,2348,0,0,"0.0","a",0,0,,"false"
"2026-09-17T17:36:11Z",383,"Elliott","LIV","0.0","0.0","0.0","0.0",0,-6,"0.0",54,0,477,0,0,"0.0","u",0,-1,,"false"
"2026-09-17T17:36:11Z",579,"Araujo","LIV","25.8","26.1","27.5","28.8",2,104,"2.9",54,30027,12545,15,194,"3.8","a",0,-1,,"false"
"2026-09-17T17:36:11Z",627,"Barcola","LIV","-20.9","-23.5","-34.9","-46.3",-2,-161,"1.9",80,18735,33506,4,97,"2.0","a",0,0,,"false"
"2026-09-17T17:36:11Z",155,"Enzo","MCI","-31.4","-30.1","-24.4","-18.8",-2,139,"3.4",69,38358,23883,6,181,"1.5","a",0,-1,,"false"
"2026-09-17T17:36:11Z",237,"Ndiaye","MCI","-93.7","-96.8","-109.9","-123.1",-4,-738,"7.7",59,28012,130732,17,311,"4.2","a",0,-1,,"false"
"2026-09-17T17:36:11Z",384,"Donnarumma","MCI","-42.1","-41.3","-38.2","-35.1",-3,176,"7.7",55,35765,31619,17,360,"4.2","a",0,0,,"false"
"2026-09-17T17:36:11Z",386,"Bettinelli","MCI","-69.6","-72.5","-84.6","-96.7",-3,-2,"0.0",45,64,152,0,0,"0.0","a",0,0,,"false"
"2026-09-17T17:36:11Z",387,"O'Reilly","MCI","-52.6","-54.9","-64.7","-74.5",-3,-860,"12.1",64,9395,126710,5,158,"1.2","a",0,-1,,"false"
"2026-09-17T17:36:11Z",388,"Guéhi","MCI","60.0","60.8","64.1","67.5",3,252,"18.5",60,62093,53796,26,360,"6.5","a",0,0,,"false"
"2026-09-17T17:36:11Z",389,"Matheus N.","MCI","-31.4","-30.6","-27.0","-23.5",-2,25,"1.0",59,4882,3089,10,123,"2.5","a",0,-1,,"false"
"2026-09-17T17:36:11Z",390,"Rúben","MCI","3.0","3.3","4.8","6.3",1,112,"1.9",55,15388,8062,16,360,"4.0","a",0,0,,"false"
"2026-09-17T17:36:11Z",391,"Gvardiol","MCI","34.2","37.6","51.8","66.1",2,2922,"24.3",57,385808,28668,33,344,"8.2","a",1,2,,"false"
"2026-09-17T17:36:11Z",392,"Aït-Nouri","MCI","-52.5","-54.8","-64.3","-73.9",-3,-30,"0.4",53,997,4698,0,0,"0.0","a",0,-2,,"false"
"2026-09-17T17:36:11Z",393,"Khusanov","MCI","-4.1","-5.3","-10.5","-15.7",-1,-94,"1.5",54,2643,14547,9,268,"2.2","a",-1,-1,,"false"
"2026-09-17T17:36:11Z",394,"Alleyne","MCI","0.0","0.0","0.0","0.0",0,0,"0.0",50,0,26,0,0,"0.0","u",0,0,,"false"
"2026-09-17T17:36:11Z",395,"Lewis","MCI","-26.8","-28.3","-34.4","-40.5",-2,-9,"0.2",44,912,2092,1,56,"0.2","a",0,-1,,"false"
"2026-09-17T17:36:11Z",396,"Vitor Reis","MCI","-68.1","-71.7","-86.9","-102.0",-3,-4,"0.0",45,127,205,1,1,"0.2","a",0,0,,"false"
"2026-09-17T17:36:11Z",397,"Semenyo","MCI","-40.0","-41.2","-46.5","-51.8",-3,-582,"15.2",84,24146,119563,16,360,"4.0","a",0,-1,,"false"
"2026-09-17T17:36:11Z",398,"Foden","MCI","-89.8","-95.4","-119.3","-143.3",-4,-1310,"2.7",70,1997,129729,9,217,"2.2","s",0,0,,"false"
"2026-09-17T17:36:11Z",399,"Cherki","MCI","-59.0","-60.6","-67.3","-74.0",-3,-510,"28.2",78,102285,209826,26,218,"6.5","a",0,3,,"false"
"2026-09-17T17:36:11Z",400,"Doku","MCI","-75.0","-76.0","-80.0","-83.9",-3,-54,"0.7",74,203,5512,0,0,"0.0","i",0,-1,,"false"
"2026-09-17T17:36:11Z",402,"Rodrigo","MCI","0.0","0.0","0.0","0.0",0,-3,"0.0",65,0,43,0,0,"0.0","u",0,0,,"false"
"2026-09-17T17:36:11Z",404,"Reijnders","MCI","0.0","0.0","0.0","0.0",0,-4,"0.0",60,0,187,0,0,"0.0","u",0,0,,"false"
"2026-09-17T17:36:11Z",406,"Kovačić","MCI","-51.4","-54.0","-64.8","-75.6",-3,-6,"0.1",54,197,764,2,42,"0.5","a",0,-1,,"false"
"2026-09-17T17:36:11Z",407,"Echeverri","MCI","0.0","0.0","0.0","0.0",0,0,"0.0",49,0,106,0,0,"0.0","u",0,-1,,"false"
"2026-09-17T17:36:11Z",408,"Phillips","MCI","0.0","0.0","0.0","0.0",0,0,"0.0",50,0,28,0,0,"0.0","u",0,0,,"false"
"2026-09-17T17:36:11Z",409,"Mukasa","MCI","0.0","0.0","0.0","0.0",0,-4,"0.1",45,0,1260,0,0,"0.0","u",0,0,,"false"
"2026-09-17T17:36:11Z",410,"Monga","MCI","0.0","0.0","0.0","0.0",0,0,"0.0",49,0,96,0,0,"0.0","u",0,-1,,"false"
"2026-09-17T17:36:11Z",411,"Haaland","MCI","99.3","102.1","114.0","125.9",5,900,"72.8",155,128127,19338,33,360,"8.2","a",0,0,,"false"
"2026-09-17T17:36:11Z",481,"Anderson","MCI","-15.0","-14.9","-14.2","-13.6",-1,20,"4.2",63,22078,27231,13,323,"3.2","a",0,-2,,"false"
"2026-09-17T17:36:11Z",587,"Rulli","MCI","-76.6","-74.8","-67.0","-59.2",-3,1,"0.0",50,124,151,0,0,"0.0","a",0,0,,"false"
"2026-09-17T17:36:11Z",616,"Bouaddi","MCI","0.2","0.2","0.1","-2.1",1,-8,"0.2",55,2318,3161,2,22,"0.7","a",0,0,,"false"
"2026-09-17T17:36:11Z",621,"McAidoo","MCI","-27.0","-30.0","-42.7","-55.4",-2,-10,"0.1",45,771,1557,2,11,"0.7","a",0,0,,"false"
"2026-09-17T17:36:11Z",622,"Braithwaite","MCI","-0.7","-0.6","-0.1","0.0",-1,1,"0.2",40,1921,2165,1,1,"0.3","a",0,0,,"false"
"2026-09-17T17:36:11Z",628,"Allan","MCI","0.0","0.0","0.0","0.0",0,1,"0.0",60,218,186,0,0,"0.0","a",0,0,,"false"
"2026-09-17T17:36:11Z",653,"Samba","MCI","0.0","0.0","0.0","0.0",0,0,"0.0",45,467,740,0,0,"0.0","a",0,0,"2026-09-18T19:49:28.106817Z","false"
"2026-09-17T17:36:11Z",43,"Tielemans","MUN","-7.3","-9.1","-16.7","-24.3",-1,-149,"1.6",58,6548,18334,10,312,"2.5","a",-1,-2,,"false"
"2026-09-17T17:36:11Z",131,"Baleba","MUN","-3.4","-4.2","-7.6","-11.0",-1,-14,"0.1",49,496,1344,0,0,"0.0","i",-1,-1,,"false"
"2026-09-17T17:36:11Z",162,"Andrey Santos","MUN","-14.8","-16.8","-25.4","-34.1",-1,-67,"0.6",48,2290,9420,4,82,"1.0","a",-1,-2,,"false"
"2026-09-17T17:36:11Z",325,"Darlow","MUN","-17.8","-18.7","-22.8","-26.8",-1,-1,"0.0",45,129,251,0,0,"0.0","a",0,0,,"false"
"2026-09-17T17:36:11Z",412,"Lammens","MUN","-9.3","-10.0","-13.0","-15.9",-1,-384,"10.6",49,11090,85395,7,360,"1.8","a",-1,-1,,"false"
"2026-09-17T17:36:11Z",413,"Bayindir","MUN","0.0","0.0","0.0","0.0",0,0,"0.0",45,0,87,0,0,"0.0","u",0,0,,"false"
"2026-09-17T17:36:11Z",414,"Heaton","MUN","-28.4","-27.8","-25.3","-22.8",-2,4,"0.1",40,253,328,0,0,"0.0","i",0,0,,"false"
"2026-09-17T17:36:11Z",415,"Dorgu","MUN","-45.6","-48.3","-60.1","-71.9",-3,-48,"0.6",58,2374,6409,6,165,"1.5","a",0,-2,,"false"
"2026-09-17T17:36:11Z",416,"De Ligt","MUN","-81.3","-81.3","-81.3","-81.3",-3,0,"0.0",50,64,168,0,0,"0.0","i",0,0,,"false"
"2026-09-17T17:36:11Z",417,"Dalot","MUN","-38.4","-40.7","-50.4","-60.1",-3,-122,"1.7",49,2938,13462,6,256,"1.5","a",0,-1,,"false"
"2026-09-17T17:36:11Z",418,"Maguire","MUN","-48.7","-51.3","-62.5","-73.6",-3,-796,"9.8",49,11125,93576,8,360,"2.0","a",0,-1,,"false"
"2026-09-17T17:36:11Z",419,"Martinez","MUN","-74.5","-74.9","-76.5","-78.2",-3,-16,"1.3",50,8807,6977,6,270,"1.5","a",0,0,,"false"
"2026-09-17T17:36:11Z",420,"Yoro","MUN","-96.8","-99.5","-110.7","-121.9",-4,-38,"0.5",49,530,3817,2,22,"0.5","a",0,-1,,"false"
"2026-09-17T17:36:11Z",421,"Heaven","MUN","-53.2","-55.0","-62.6","-70.3",-3,-16,"0.3",44,502,2689,1,90,"0.2","a",0,-1,,"false"
"2026-09-17T17:36:11Z",422,"Mazraoui","MUN","-33.5","-34.8","-40.6","-46.3",-2,-22,"0.5",44,2098,5966,3,97,"0.8","a",0,-1,,"false"
"2026-09-17T17:36:11Z",423,"Shaw","MUN","-64.0","-67.4","-82.1","-96.7",-3,-1910,"9.7",44,1940,212867,7,252,"1.8","d",0,-1,,"false"
"2026-09-17T17:36:11Z",424,"Amass","MUN","-31.6","-30.3","-24.8","-19.2",-2,8,"0.2",40,1070,1301,0,0,"0.0","a",0,0,,"false"
"2026-09-17T17:36:11Z",425,"Fredricson","MUN","0.0","0.0","0.0","0.0",0,0,"0.0",40,0,93,0,0,"0.0","u",0,0,,"false"
"2026-09-17T17:36:11Z",426,"B.Fernandes","MUN","-76.5","-77.7","-82.8","-87.8",-3,-1511,"41.1",120,51007,216477,29,360,"7.2","a",0,0,,"false"
"2026-09-17T17:36:11Z",427,"Mbeumo","MUN","-33.8","-35.6","-43.2","-50.8",-2,-1237,"22.3",79,65667,183258,23,360,"5.8","a",0,-1,,"false"
"2026-09-17T17:36:11Z",428,"Cunha","MUN","-63.6","-66.2","-77.4","-88.6",-3,-484,"6.0",79,8925,59772,16,317,"4.0","a",0,-1,,"false"
"2026-09-17T17:36:11Z",429,"Rashford","MUN","-73.1","-74.1","-78.5","-82.8",-3,-51,"1.6",70,14349,16248,8,275,"2.0","a",0,0,,"false"
"2026-09-17T17:36:11Z",430,"Mount","MUN","0.1","0.1","0.1","0.2",1,5,"0.0",54,276,223,0,0,"0.0","a",0,-1,,"false"
"2026-09-17T17:36:11Z",431,"Amad","MUN","-2.6","-3.6","-8.0","-12.4",-1,-49,"0.3",57,54,4071,0,0,"0.0","i",-1,-3,,"false"
"2026-09-17T17:36:11Z",432,"Mainoo","MUN","14.3","14.6","15.9","17.1",1,94,"1.6",55,26672,9705,18,275,"4.5","a",0,0,,"false"
"2026-09-17T17:36:11Z",433,"Ugarte","MUN","-60.3","-60.3","-60.3","-60.3",-3,0,"0.0",50,14,30,0,0,"0.0","i",0,0,,"false"
"2026-09-17T17:36:11Z",434,"J.Fletcher","MUN","-23.7","-23.7","-23.7","-23.7",-2,0,"0.0",49,46,96,0,0,"0.0","a",0,-1,,"false"
"2026-09-17T17:36:11Z",435,"Lacey","MUN","-19.8","-16.0","0.0","0.1",-1,6,"0.1",49,285,442,1,10,"0.2","a",0,-1,,"false"
"2026-09-17T17:36:11Z",436,"Collyer","MUN","0.0","0.0","0.0","0.0",0,0,"0.0",50,0,112,0,0,"0.0","u",0,0,,"false"
"2026-09-17T17:36:11Z",437,"Bendito Mantato","MUN","-75.0","-75.4","-77.3","-79.2",-3,-2,"0.2",45,513,1339,0,0,"0.0","a",0,0,,"false"
"2026-09-17T17:36:11Z",438,"Fletcher","MUN","0.2","0.3","0.5","0.8",1,20,"0.3",44,1782,2318,0,0,"0.0","a",-1,-1,,"false"
"2026-09-17T17:36:11Z",439,"Šeško","MUN","-17.0","-16.4","-14.0","-11.6",-1,31,"1.8",70,17727,17089,8,76,"2.0","a",0,0,,"false"
"2026-09-17T17:36:11Z",440,"Zirkzee","MUN","-91.9","-93.5","-100.2","-106.9",-3,-20,"0.4",54,2099,4456,1,7,"0.2","a",0,-1,,"false"
"2026-09-17T17:36:11Z",441,"Obi","MUN","0.0","0.0","0.0","0.0",0,-157,"1.1",45,5061,15860,0,0,"0.0","u",0,0,,"false"
"2026-09-17T17:36:11Z",405,"N.Gonzalez","NEW","2.4","2.2","1.2","0.2",1,-73,"0.2",55,1093,4390,5,164,"1.2","i",0,0,,"false"
"2026-09-17T17:36:11Z",442,"Pope","NEW","-23.4","-24.4","-28.6","-32.9",-2,-30,"1.0",49,1348,5509,0,0,"0.0","a",0,-1,,"false"
"2026-09-17T17:36:11Z",443,"Gillespie","NEW","-29.4","-31.3","-39.6","-47.9",-2,-2,"0.0",45,138,162,0,0,"0.0","a",0,0,,"false"
"2026-09-17T17:36:11Z",444,"Jaouen","NEW","-91.9","-94.0","-102.7","-111.4",-3,-3,"0.0",45,20,198,0,0,"0.0","d",0,0,,"false"
"2026-09-17T17:36:11Z",445,"Thiaw","NEW","14.4","14.5","15.3","16.1",1,61,"2.2",50,17622,17891,10,360,"2.5","a",0,0,,"false"
"2026-09-17T17:36:11Z",446,"Schär","NEW","-3.0","-4.0","-8.6","-13.1",-1,-12,"0.2",49,874,1849,1,1,"0.2","a",-1,-1,,"false"
"2026-09-17T17:36:11Z",447,"Botman","NEW","6.8","6.9","7.2","7.4",1,20,"0.7",50,4789,4846,11,360,"2.8","a",0,0,,"false"
"2026-09-17T17:36:11Z",448,"Burn","NEW","-79.2","-80.6","-86.7","-92.7",-3,-100,"0.8",49,149,8831,0,0,"0.0","i",0,-1,,"false"
"2026-09-17T17:36:11Z",449,"Hall","NEW","28.5","30.6","39.6","48.6",2,680,"14.4",52,141327,84308,18,359,"4.5","a",0,2,,"false"
"2026-09-17T17:36:11Z",450,"Livramento","NEW","0.5","0.7","1.5","2.4",1,65,"0.1",49,2317,826,4,33,"1.0","a",0,-1,,"false"
"2026-09-17T17:36:11Z",451,"A.Murphy","NEW","0.0","0.0","0.0","0.0",0,-8,"0.1",40,0,504,0,0,"0.0","u",0,0,,"false"
"2026-09-17T17:36:11Z",453,"Barnes","NEW","85.8","90.2","108.7","127.2",3,1403,"3.5",60,111371,27110,19,360,"4.8","a",0,0,,"false"
"2026-09-17T17:36:11Z",454,"Elanga","NEW","-71.8","-79.4","-111.6","-143.8",-3,-5276,"8.1",62,53456,380513,18,232,"4.5","i",0,2,,"false"
"2026-09-17T17:36:11Z",456,"J.Ramsey","NEW","-12.5","-16.2","-31.5","-46.9",-1,-100,"0.3",49,1774,5995,7,69,"1.8","i",0,-1,,"false"
"2026-09-17T17:36:11Z",457,"J.Murphy","NEW","-47.2","-47.5","-48.6","-49.6",-3,-1,"0.1",59,1216,1325,2,91,"0.5","a",0,-1,,"false"
"2026-09-17T17:36:11Z",458,"Joelinton","NEW","-43.5","-42.6","-38.4","-34.2",-3,2,"0.0",54,37,147,0,0,"0.0","i",0,-1,,"false"
"2026-09-17T17:36:11Z",459,"L.Miley","NEW","0.5","0.5","0.5","0.5",1,2,"0.1",55,759,979,8,306,"2.0","a",0,0,,"false"
"2026-09-17T17:36:11Z",460,"Willock","NEW","10.6","10.6","10.6","10.7",1,4,"0.5",50,4622,6000,12,198,"3.0","a",0,0,,"false"
"2026-09-17T17:36:11Z",461,"Touré","NEW","-8.3","-7.0","-1.4","0.1",-1,5,"0.1",58,1129,1162,7,34,"1.8","a",0,-2,,"false"
"2026-09-17T17:36:11Z",462,"Steur","NEW","-36.7","-37.4","-40.6","-43.8",-2,-2,"0.1",49,268,740,5,158,"1.2","a",0,-1,,"false"
"2026-09-17T17:36:11Z",463,"Woltemade","NEW","0.0","0.0","0.0","0.0",0,-61,"0.5",59,0,9125,4,19,"1.0","u",0,-1,,"false"
"2026-09-17T17:36:11Z",464,"Wissa","NEW","33.7","37.1","51.6","66.0",2,1095,"18.3",62,175759,150826,15,351,"3.8","a",0,2,,"false"
"2026-09-17T17:36:11Z",465,"Osula","NEW","-97.1","-99.1","-107.7","-116.2",-4,-59,"0.3",59,153,4764,4,55,"1.0","i",0,-1,,"false"
"2026-09-17T17:36:11Z",466,"Neave","NEW","0.0","0.0","0.0","0.0",0,-68,"0.6",45,0,6839,0,0,"0.0","u",0,0,,"false"
"2026-09-17T17:36:11Z",559,"Bamba","NEW","-32.8","-35.4","-46.5","-57.6",-2,-8,"0.1",49,277,816,2,24,"0.5","a",0,-1,,"false"
"2026-09-17T17:36:11Z",567,"Horníček","NEW","19.0","19.1","19.3","19.6",1,19,"1.5",50,15501,10766,11,360,"2.8","a",0,0,,"false"
"2026-09-17T17:36:11Z",593,"Dedić","NEW","41.0","35.7","13.5","-11.8",2,-1678,"2.7",45,10967,38454,13,327,"3.2","i",0,0,,"false"
"2026-09-17T17:36:11Z",609,"Shahar","NEW","0.0","0.0","0.0","0.0",0,-30,"0.2",40,0,4701,0,0,"0.0","u",0,0,,"false"
"2026-09-17T17:36:11Z",634,"Fernandez-Pardo","NEW","0.1","0.1","0.2","0.4",1,11,"0.1",60,2298,1694,2,84,"1.0","a",0,0,,"false"
"2026-09-17T17:36:11Z",659,"Miley","NEW","0.0","0.0","0.0","0.0",0,0,"0.0",45,2064,352,0,0,"0.0","a",0,0,"2026-09-27T21:39:41.033165Z","false"
"2026-09-17T17:36:11Z",167,"Delap","NFO","51.9","57.5","80.9","104.4",3,1775,"1.8",55,99451,12692,8,187,"2.0","a",0,0,,"false"
"2026-09-17T17:36:11Z",201,"Muñoz","NFO","-62.9","-60.2","-49.1","-38.0",-3,463,"5.7",54,42984,36799,3,175,"0.8","a",0,-1,,"false"
"2026-09-17T17:36:11Z",467,"Sels","NFO","1.2","1.7","3.5","5.3",1,137,"1.6",50,23616,8182,12,360,"3.0","a",0,0,,"false"
"2026-09-17T17:36:11Z",468,"John","NFO","-58.7","-58.7","-58.7","-58.7",-3,0,"0.1",45,140,260,0,0,"0.0","a",0,0,,"false"
"2026-09-17T17:36:11Z",469,"N.Williams","NFO","2.7","5.2","16.1","26.9",1,820,"8.8",50,77686,33650,17,360,"4.2","a",0,0,,"false"
"2026-09-17T17:36:11Z",470,"Morato","NFO","0.0","0.0","0.0","0.0",0,-8,"0.0",50,0,336,0,0,"0.0","u",0,0,,"false"
"2026-09-17T17:36:11Z",471,"Milenković","NFO","-70.5","-74.3","-90.1","-106.0",-3,-406,"1.3",55,224,33750,12,270,"3.0","i",0,0,,"false"
"2026-09-17T17:36:11Z",472,"Murillo","NFO","11.8","13.1","18.5","24.0",1,410,"2.0",55,35980,7213,19,359,"4.8","a",0,0,,"false"
"2026-09-17T17:36:11Z",473,"Aina","NFO","-83.9","-83.4","-81.3","-79.2",-3,39,"2.6",45,12673,17184,8,306,"2.0","a",0,0,,"false"
"2026-09-17T17:36:11Z",474,"Jair Cunha","NFO","-1.7","-5.0","-18.8","-32.6",-1,-37,"0.2",45,148,3520,10,270,"2.5","d",0,0,,"false"
"2026-09-17T17:36:11Z",475,"Savona","NFO","-8.9","-3.0","0.0","0.0",-1,1,"0.0",45,13,22,0,0,"0.0","i",0,0,,"false"
"2026-09-17T17:36:11Z",476,"O.Richards","NFO","-48.5","-49.1","-51.7","-54.3",-3,-4,"0.2",40,767,1177,0,0,"0.0","a",0,0,,"false"
"2026-09-17T17:36:11Z",477,"Abbott","NFO","0.0","0.0","0.0","0.0",0,-11,"0.2",40,0,1672,0,0,"0.0","u",0,0,,"false"
"2026-09-17T17:36:11Z",478,"Netz","NFO","-1.3","0.0","0.1","0.1",0,4,"0.0",44,171,267,2,20,"0.5","a",-1,-1,,"false"
"2026-09-17T17:36:11Z",479,"Bindon","NFO","0.0","0.0","0.0","0.0",0,-9,"0.1",40,0,986,0,0,"0.0","u",0,0,,"false"
"2026-09-17T17:36:11Z",480,"Gibbs-White","NFO","16.1","21.3","43.5","65.7",2,4551,"13.6",80,405857,26374,26,360,"6.5","a",1,0,,"false"
"2026-09-17T17:36:11Z",482,"Hudson-Odoi","NFO","-5.5","-6.5","-10.6","-14.7",-1,-8,"0.2",58,1320,1919,1,1,"0.2","a",-1,-2,,"false"
"2026-09-17T17:36:11Z",483,"Ndoye","NFO","10.3","10.7","12.4","14.0",1,126,"0.7",55,15028,8129,14,258,"3.5","a",0,0,,"false"
"2026-09-17T17:36:11Z",484,"Hutchinson","NFO","0.0","0.0","0.0","0.0",0,-10,"0.1",54,0,813,0,0,"0.0","u",0,-1,,"false"
"2026-09-17T17:36:11Z",485,"Bakwa","NFO","0.0","0.0","0.0","0.0",0,-1,"0.0",55,0,47,0,0,"0.0","u",0,0,,"false"
"2026-09-17T17:36:11Z",486,"McAtee","NFO","1.8","1.9","2.0","2.2",1,12,"0.1",55,2334,1133,10,334,"2.5","a",0,0,,"false"
"2026-09-17T17:36:11Z",487,"Dominguez","NFO","-30.8","-32.9","-42.2","-51.5",-2,-4,"0.1",49,191,525,1,1,"0.2","a",0,-1,,"false"
"2026-09-17T17:36:11Z",488,"I.Sangaré","NFO","-36.4","-38.9","-49.4","-59.9",-2,-36,"0.5",49,1149,3782,3,98,"0.8","a",0,-1,,"false"
"2026-09-17T17:36:11Z",489,"Yates","NFO","-42.3","-44.0","-51.3","-58.5",-3,-66,"1.3",45,2442,11475,0,0,"0.0","a",0,0,,"false"
"2026-09-17T17:36:11Z",490,"Wood","NFO","-15.7","-16.5","-20.3","-24.0",-1,-44,"1.0",58,3673,11181,3,45,"0.8","a",-1,-2,,"false"
"2026-09-17T17:36:11Z",491,"Igor Jesus","NFO","11.1","12.4","17.6","22.9",1,397,"2.7",58,41241,20939,11,226,"2.8","a",-1,-2,,"false"
"2026-09-17T17:36:11Z",493,"Kalimuendo","NFO","0.2","0.2","0.1","0.1",1,-2,"0.1",54,385,624,1,1,"0.2","a",0,-1,,"false"
"2026-09-17T17:36:11Z",558,"Schlager","NFO","0.2","0.3","0.4","0.6",1,12,"0.1",50,1998,877,11,286,"2.8","a",0,0,,"false"
"2026-09-17T17:36:11Z",581,"Diomande","NFO","-46.9","-46.5","-44.9","-43.3",-3,6,"0.5",54,2753,2521,5,91,"1.2","a",0,-1,,"false"
"2026-09-17T17:36:11Z",590,"Benda","NFO","0.1","0.1","0.1","0.1",1,2,"0.1",45,323,419,0,0,"0.0","a",0,0,,"false"
"2026-09-17T17:36:11Z",112,"Van Hecke","TOT","-19.9","-20.0","-20.1","-20.2",-2,-7,"6.7",49,28168,28663,18,360,"4.5","a",0,-1,,"false"
"2026-09-17T17:36:11Z",147,"Tosin","TOT","-15.7","-16.3","-19.0","-21.7",-1,-3,"0.2",44,312,725,1,5,"0.2","a",0,-1,,"false"
"2026-09-17T17:36:11Z",401,"Marmoush","TOT","34.7","35.4","38.3","41.1",2,217,"2.1",70,17722,34112,6,249,"1.5","a",0,0,,"false"
"2026-09-17T17:36:11Z",403,"Sávio","TOT","10.8","10.9","11.6","12.2",1,50,"0.7",65,7949,9115,6,150,"1.5","a",0,0,,"false"
"2026-09-17T17:36:11Z",455,"Tonali","TOT","-89.5","-93.5","-110.7","-127.9",-3,-488,"2.1",54,3109,42395,12,344,"3.0","d",0,-1,,"false"
"2026-09-17T17:36:11Z",494,"Vicario","TOT","0.0","0.0","0.0","0.0",0,-14,"0.1",45,0,1384,0,0,"0.0","u",0,0,,"false"
"2026-09-17T17:36:11Z",495,"Austin","TOT","2.0","2.0","2.1","2.1",1,6,"1.0",40,4601,3444,0,0,"0.0","a",0,0,,"false"
"2026-09-17T17:36:11Z",496,"Kinsky","TOT","-36.1","-35.9","-35.2","-34.4",-2,99,"18.3",45,64719,62837,16,360,"4.0","a",0,0,,"false"
"2026-09-17T17:36:11Z",497,"Dubravka","TOT","-16.6","-16.8","-17.5","-18.2",-1,-90,"17.6",40,39935,59518,0,0,"0.0","a",0,0,,"false"
"2026-09-17T17:36:11Z",498,"Senesi","TOT","-28.8","-30.8","-39.2","-47.7",-2,-409,"3.9",58,1959,52898,3,90,"0.8","a",-1,-2,,"false"
"2026-09-17T17:36:11Z",499,"Pedro Porro","TOT","-99.9","-103.1","-116.8","-130.6",-5,-1606,"8.7",55,1504,190955,8,180,"2.0","d",0,0,,"false"
"2026-09-17T17:36:11Z",500,"Romero","TOT","0.0","0.0","0.0","0.0",0,-8,"0.1",50,0,519,0,0,"0.0","u",0,0,,"false"
"2026-09-17T17:36:11Z",502,"Robertson","TOT","1.3","1.3","1.4","1.5",1,9,"2.6",44,14236,14566,13,276,"3.2","a",0,-1,,"false"
"2026-09-17T17:36:11Z",503,"Van de Ven","TOT","-7.1","-6.6","-4.8","-3.0",-1,52,"3.9",50,22661,14793,15,270,"3.8","a",0,0,,"false"
"2026-09-17T17:36:11Z",505,"Spence","TOT","0.0","0.0","0.0","0.0",0,-13,"0.2",45,0,2141,0,0,"0.0","u",0,0,,"false"
"2026-09-17T17:36:11Z",506,"Udogie","TOT","-3.3","-3.6","-5.2","-6.8",-1,-7,"0.3",44,503,4177,7,86,"1.8","a",-1,-1,,"false"
"2026-09-17T17:36:11Z",507,"Phillips","TOT","0.0","0.0","0.0","0.0",0,0,"0.0",45,0,84,0,0,"0.0","u",0,0,,"false"
"2026-09-17T17:36:11Z",508,"Davies","TOT","-94.7","-95.6","-99.4","-103.1",-4,-23,"0.8",40,1541,5457,0,0,"0.0","a",0,0,,"false"
"2026-09-17T17:36:11Z",509,"Byfield","TOT","0.0","0.0","0.0","0.1",0,1,"0.1",40,425,425,0,0,"0.0","a",0,0,,"false"
"2026-09-17T17:36:11Z",510,"Rowswell","TOT","-6.8","-7.4","-10.0","-12.5",-1,-2,"0.1",40,483,539,0,0,"0.0","a",0,0,,"false"
"2026-09-17T17:36:11Z",511,"Souza","TOT","0.0","0.0","0.0","0.0",0,-18,"0.2",40,0,1771,0,0,"0.0","u",0,0,,"false"
"2026-09-17T17:36:11Z",512,"Kudus","TOT","1.3","1.3","1.4","1.5",1,7,"0.1",65,1734,2086,3,78,"0.8","a",0,0,,"false"
"2026-09-17T17:36:11Z",513,"Xavi","TOT","-9.8","-9.8","-9.8","-9.8",-1,0,"0.0",59,42,105,0,0,"0.0","i",0,-1,,"false"
"2026-09-17T17:36:11Z",514,"Tel","TOT","-90.0","-95.4","-118.2","-141.0",-4,-36,"0.2",58,598,3989,8,257,"2.0","a",0,-2,,"false"
"2026-09-17T17:36:11Z",515,"Maddison","TOT","-38.0","-38.9","-42.8","-46.6",-2,-12,"0.4",63,1134,3284,2,35,"0.5","a",0,-2,,"false"
"2026-09-17T17:36:11Z",516,"Bentancur","TOT","-67.6","-65.0","-54.3","-43.6",-3,14,"0.2",55,1327,1137,11,287,"2.8","a",0,0,,"false"
"2026-09-17T17:36:11Z",517,"Odobert","TOT","0.0","0.0","0.0","0.0",0,1,"0.0",55,17,13,0,0,"0.0","i",0,0,,"false"
"2026-09-17T17:36:11Z",518,"P.M.Sarr","TOT","0.0","0.0","0.0","0.0",0,-9,"0.1",49,0,1640,0,0,"0.0","u",0,-1,,"false"
"2026-09-17T17:36:11Z",519,"Gallagher","TOT","-100.7","-102.1","-108.1","-114.0",-5,-8,"0.2",54,420,1895,3,128,"0.8","a",0,-1,,"false"
"2026-09-17T17:36:11Z",520,"Bergvall","TOT","-73.9","-74.8","-78.5","-82.3",-3,-4,"0.1",54,246,919,2,72,"0.5","a",0,-1,,"false"
"2026-09-17T17:36:11Z",521,"Kulusevski","TOT","-78.6","-78.6","-78.6","-78.6",-3,0,"0.0",65,52,74,0,0,"0.0","i",0,0,,"false"
"2026-09-17T17:36:11Z",522,"Gray","TOT","-2.1","-3.2","-7.8","-12.4",-1,-11,"0.2",49,1230,1660,7,236,"1.8","a",-1,-1,,"false"
"2026-09-17T17:36:11Z",523,"Moore","TOT","0.0","0.0","0.0","0.0",0,-14,"0.1",50,0,1370,3,89,"0.8","u",0,0,,"false"
"2026-09-17T17:36:11Z",524,"Olusesi","TOT","7.5","7.6","7.7","7.9",1,12,"1.0",44,28324,11239,0,0,"0.0","a",0,-1,,"false"
"2026-09-17T17:36:11Z",525,"Fernandes","TOT","-59.0","-61.5","-72.0","-82.4",-3,-65,"0.9",58,1543,9968,6,204,"1.5","a",0,-2,,"false"
"2026-09-17T17:36:11Z",526,"Solanke","TOT","-5.7","-6.6","-10.6","-14.6",-1,-43,"0.9",58,3713,9366,5,105,"1.2","a",-1,-2,,"false"
"2026-09-17T17:36:11Z",527,"Richarlison","TOT","0.0","0.0","0.0","0.0",0,-162,"0.8",59,0,15359,2,67,"0.5","u",0,-1,,"false"
"2026-09-17T17:36:11Z",528,"Scarlett","TOT","0.0","0.0","0.0","0.0",0,-97,"1.2",45,0,13813,0,0,"0.0","u",0,0,,"false"
"2026-09-17T17:36:11Z",578,"Mudryk","TOT","-74.2","-77.4","-91.0","-104.6",-3,-13,"0.0",54,29,1769,1,16,"0.2","i",0,-1,,"false"
"2026-09-17T17:36:11Z",601,"Williams-Barnett","TOT","-15.9","-17.7","-25.5","-33.3",-1,-7,"0.1",45,522,1293,0,0,"0.0","a",0,0,,"false"
"2026-09-17T17:36:11Z",501,"Danso","SUN","-87.6","-87.5","-87.0","-86.6",-3,1,"0.2",50,1180,1158,3,180,"0.8","a",0,0,,"false"
"2026-09-17T17:36:11Z",529,"Roefs","SUN","-7.7","-8.4","-11.5","-14.7",-1,-102,"2.6",49,1814,25275,11,360,"2.8","a",-1,-1,,"false"
"2026-09-17T17:36:11Z",530,"Patterson","SUN","0.0","0.0","0.0","0.0",0,-3,"0.1",40,0,610,0,0,"0.0","u",0,0,,"false"
"2026-09-17T17:36:11Z",531,"Ellborg","SUN","-82.3","-82.3","-82.3","-82.3",-3,0,"0.1",45,130,391,0,0,"0.0","a",0,0,,"false"
"2026-09-17T17:36:11Z",532,"Ballard","SUN","-45.3","-47.9","-59.1","-70.4",-3,-228,"2.8",49,5037,32594,12,360,"3.0","a",0,-1,,"false"
"2026-09-17T17:36:11Z",533,"Mukiele","SUN","-10.2","-11.0","-14.8","-18.5",-1,-93,"2.0",54,4191,19923,13,270,"3.2","a",-1,-1,,"false"
"2026-09-17T17:36:11Z",534,"Hume","SUN","-64.0","-67.5","-82.6","-97.6",-3,-366,"3.3",44,1415,56924,9,195,"2.2","a",0,-1,,"false"
"2026-09-17T17:36:11Z",535,"Alderete","SUN","-71.0","-73.2","-82.2","-91.3",-3,-17,"0.3",49,214,2882,1,23,"0.2","a",0,-1,,"false"
"2026-09-17T17:36:11Z",536,"Reinildo","SUN","-70.1","-72.0","-80.1","-88.3",-3,-49,"0.3",45,119,6615,7,360,"1.8","s",0,0,,"false"
"2026-09-17T17:36:11Z",537,"Seelt","SUN","0.0","0.0","0.0","0.0",0,0,"0.0",45,0,35,0,0,"0.0","u",0,0,,"false"
"2026-09-17T17:36:11Z",538,"Hjelde","SUN","0.0","0.0","0.0","0.0",0,-2,"0.0",40,0,229,0,0,"0.0","u",0,0,,"false"
"2026-09-17T17:36:11Z",539,"O'Nien","SUN","-96.0","-97.2","-102.0","-106.8",-4,-87,"2.5",40,1697,16390,1,66,"0.2","a",0,0,,"false"
"2026-09-17T17:36:11Z",540,"Masuaku","SUN","0.0","0.0","0.0","0.0",0,-8,"0.1",40,0,1027,0,0,"0.0","u",0,0,,"false"
"2026-09-17T17:36:11Z",541,"Meunier","SUN","-31.7","-32.0","-33.3","-34.6",-2,-3,"0.3",45,731,1466,11,318,"2.8","a",0,0,,"false"
"2026-09-17T17:36:11Z",542,"E.Le Fée","SUN","-66.2","-69.9","-85.8","-101.7",-3,-439,"3.8",58,4100,62640,13,348,"3.2","a",0,-2,,"false"
"2026-09-17T17:36:11Z",543,"Diarra","SUN","-54.8","-57.2","-67.5","-77.7",-3,-6,"0.0",54,9,487,5,28,"1.2","i",0,-1,,"false"
"2026-09-17T17:36:11Z",544,"Xhaka","SUN","-28.0","-29.9","-38.0","-46.0",-2,-228,"3.9",55,10422,41169,19,360,"4.8","a",0,0,,"false"
"2026-09-17T17:36:11Z",545,"Sadiki","SUN","-30.8","-30.2","-27.5","-24.9",-2,5,"0.2",49,915,2502,8,343,"2.0","a",0,-1,,"false"
"2026-09-17T17:36:11Z",546,"Adingra","SUN","0.0","0.0","0.0","0.0",0,-3,"0.0",49,0,485,0,0,"0.0","u",0,-1,,"false"
"2026-09-17T17:36:11Z",547,"Mundle","SUN","-35.4","-35.4","-35.4","-35.4",-2,0,"0.0",49,14,97,1,1,"0.2","i",0,-1,,"false"
"2026-09-17T17:36:11Z",548,"Rigg","SUN","-35.0","-38.9","-55.7","-72.5",-2,-6,"0.0",49,45,363,2,17,"0.5","a",0,-1,,"false"
"2026-09-17T17:36:11Z",549,"Talbi","SUN","-8.5","-8.9","-10.3","-11.7",-1,-2,"0.1",53,256,1190,1,31,"0.2","a",-1,-2,,"false"
"2026-09-17T17:36:11Z",550,"Jocelin.T","SUN","-59.8","-59.8","-59.8","-59.8",-3,0,"0.0",50,47,57,0,0,"0.0","a",0,0,,"false"
"2026-09-17T17:36:11Z",551,"N.Angulo","SUN","1.5","1.4","1.2","1.0",1,-16,"0.1",50,575,1544,12,254,"3.0","a",0,0,,"false"
"2026-09-17T17:36:11Z",552,"Brobbey","SUN","-72.9","-77.2","-95.6","-114.0",-3,-783,"5.9",58,8990,101698,7,309,"1.8","a",0,-2,,"false"
"2026-09-17T17:36:11Z",553,"Isidor","SUN","9.5","9.1","7.5","5.9",1,-123,"1.4",55,5084,17956,14,95,"3.5","a",0,0,,"false"
"2026-09-17T17:36:11Z",612,"Methalie","SUN","-3.2","0.0","0.0","0.1",0,2,"0.0",45,105,73,0,0,"0.0","a",0,0,,"false"
"2026-09-17T17:36:11Z",613,"Ahoka","SUN","-11.0","-13.3","-22.9","-32.5",-1,-17,"0.2",45,1787,2814,0,0,"0.0","a",0,0,,"false"
"2026-09-17T17:36:11Z",646,"Fofana","SUN","-5.4","-9.9","-28.9","-48.0",-1,-4,"0.0",55,390,485,2,30,"1.0","a",0,0,,"false"
"2026-09-17T17:36:11Z",651,"J.Angulo","SUN","1.9","2.2","3.7","5.1",1,110,"0.7",45,24352,8303,0,0,"0.0","a",0,0,,"false"
