snapshot_utc,element_id,web_name,team,progress_pct,proj_0,proj_1,proj_2,likelihood,hourly_rate,selected_by_percent,now_cost,transfers_in_event,transfers_out_event,total_points,minutes,form,status,cost_change_event,cost_change_start,locked_until,calibrating
"2026-09-19T05:50:22Z",1,"Raya","ARS","95.4","96.9","99.0","101.0",4,151,"41.5",60,14943,1383,29,360,"5.8","a",0,0,,"false"
"2026-09-19T05:50:22Z",2,"Arrizabalaga","ARS","-34.9","-34.9","-34.9","-34.9",-2,0,"0.1",49,10,10,0,0,"0.0","a",0,-1,,"false"
"2026-09-19T05:50:22Z",3,"Meslier","ARS","-23.9","-23.9","-23.9","-23.9",-2,0,"0.0",49,3,9,0,0,"0.0","a",0,-1,,"false"
"2026-09-19T05:50:22Z",4,"Gabriel","ARS","-76.3","-76.4","-76.4","-76.4",-3,-7,"23.1",80,1238,6158,24,360,"4.8","a",0,0,,"false"
"2026-09-19T05:50:22Z",5,"J.Timber","ARS","7.2","7.3","7.4","7.5",1,7,"0.3",65,793,141,1,45,"0.2","a",0,0,,"false"
"2026-09-19T05:50:22Z",6,"Saliba","ARS","-17.2","-16.9","-16.6","-16.4",-1,1,"0.2",59,17,82,0,0,"0.0","i",0,-1,,"false"
"2026-09-19T05:50:22Z",7,"Lewis-Skelly","ARS","-98.1","-99.8","-102.1","-104.4",-4,-10,"0.6",55,79,275,9,271,"1.8","a",0,0,,"false"
"2026-09-19T05:50:22Z",8,"Calafiori","ARS","86.1","87.0","88.1","89.2",3,83,"50.7",58,5949,1922,28,326,"5.6","a",0,3,,"false"
"2026-09-19T05:50:22Z",9,"Hincapie","ARS","-88.2","-88.5","-88.9","-89.4",-3,-3,"0.9",53,84,296,2,32,"0.4","a",0,-2,,"false"
"2026-09-19T05:50:22Z",10,"White","ARS","-25.7","-26.0","-26.4","-26.8",-2,-17,"5.5",55,600,4946,21,315,"4.2","a",0,0,,"false"
"2026-09-19T05:50:22Z",11,"Mosquera","ARS","-6.5","-6.7","-7.0","-7.4",-1,-4,"1.7",53,84,734,12,168,"2.4","a",0,-2,,"false"
"2026-09-19T05:50:22Z",12,"Saka","ARS","75.9","77.2","78.9","80.7",3,130,"13.1",95,9713,1602,30,336,"6.0","a",0,0,,"false"
"2026-09-19T05:50:22Z",13,"Rice","ARS","-24.9","-25.1","-25.4","-25.7",-2,-26,"12.4",74,837,1722,19,321,"3.8","a",0,-1,,"false"
"2026-09-19T05:50:22Z",14,"Eze","ARS","-76.1","-76.2","-76.4","-76.6",-3,-2,"1.0",63,140,350,3,68,"0.6","a",0,-2,,"false"
"2026-09-19T05:50:22Z",15,"Ødegaard","ARS","6.7","7.9","9.6","11.3",1,123,"20.1",68,7406,2903,27,305,"5.4","a",0,3,,"false"
"2026-09-19T05:50:22Z",16,"Madueke","ARS","-4.1","-7.8","-12.8","-17.8",-1,-7,"0.2",62,73,81,2,23,"0.4","a",0,-3,,"false"
"2026-09-19T05:50:22Z",17,"Merino","ARS","-63.4","-64.4","-65.8","-67.3",-3,-4,"0.4",58,56,153,3,51,"0.6","a",0,-2,,"false"
"2026-09-19T05:50:22Z",18,"Martinelli","ARS","0.0","0.0","0.0","0.0",0,-4,"0.1",63,0,52,0,0,"0.0","u",0,-2,,"false"
"2026-09-19T05:50:22Z",19,"Zubimendi","ARS","-16.9","-18.4","-20.4","-22.4",-1,-9,"0.6",53,33,245,4,59,"0.8","a",0,-2,,"false"
"2026-09-19T05:50:22Z",20,"Dowman","ARS","-17.7","-17.7","-17.7","-17.7",-1,0,"0.1",53,23,31,0,0,"0.0","a",0,-2,,"false"
"2026-09-19T05:50:22Z",22,"Nwaneri","ARS","0.0","0.0","0.0","0.0",0,0,"0.0",54,0,4,0,0,"0.0","u",0,-1,,"false"
"2026-09-19T05:50:22Z",23,"Fábio Vieira","ARS","0.0","0.0","0.0","0.0",0,-1,"0.0",55,0,7,0,0,"0.0","u",0,0,,"false"
"2026-09-19T05:50:22Z",24,"Nelson","ARS","0.0","0.0","0.0","0.0",0,0,"0.0",55,0,2,0,0,"0.0","u",0,0,,"false"
"2026-09-19T05:50:22Z",25,"Gyökeres","ARS","-98.2","-99.2","-100.7","-102.2",-4,-33,"3.2",72,510,1067,1,12,"0.2","a",0,-3,,"false"
"2026-09-19T05:50:22Z",26,"Havertz","ARS","10.2","11.9","14.2","16.5",1,169,"8.5",76,7471,1726,17,347,"3.4","a",0,1,,"false"
"2026-09-19T05:50:22Z",27,"G.Jesus","ARS","0.0","0.0","0.0","0.0",0,-4,"0.2",59,0,75,0,0,"0.0","u",0,-1,,"false"
"2026-09-19T05:50:22Z",31,"Konsa","ARS","0.2","0.4","0.7","1.0",1,63,"19.4",46,25848,1455,11,191,"2.2","a",1,1,,"false"
"2026-09-19T05:50:22Z",452,"Bruno G.","ARS","1.2","1.2","1.2","1.2",1,1,"1.8",67,379,258,8,64,"1.6","a",0,-3,,"false"
"2026-09-19T05:50:22Z",557,"Tzolis","ARS","-86.8","-87.5","-88.5","-89.4",-3,-90,"13.4",64,1021,12892,14,290,"2.8","a",0,-1,,"false"
"2026-09-19T05:50:22Z",29,"M.Bizot","AVL","-19.3","-21.2","-23.8","-26.5",-2,-6,"0.1",45,3,83,1,90,"0.2","i",0,0,,"false"
"2026-09-19T05:50:22Z",30,"Digne","AVL","0.0","0.0","0.0","0.0",0,-2,"0.1",45,0,18,0,0,"0.0","u",0,0,,"false"
"2026-09-19T05:50:22Z",32,"Cash","AVL","-5.2","-5.5","-5.8","-6.2",-1,-13,"5.1",44,271,996,7,251,"1.4","a",0,-1,,"false"
"2026-09-19T05:50:22Z",33,"Mings","AVL","0.4","0.4","0.4","0.4",1,0,"0.4",45,83,75,7,171,"1.4","a",0,0,,"false"
"2026-09-19T05:50:22Z",34,"Pau","AVL","-69.4","-69.9","-70.5","-71.2",-3,-4,"0.3",45,1,328,3,187,"0.6","i",0,0,,"false"
"2026-09-19T05:50:22Z",35,"Bogarde","AVL","-83.7","-83.7","-83.7","-83.7",-3,0,"0.1",50,9,15,1,16,"0.2","a",0,0,,"false"
"2026-09-19T05:50:22Z",36,"Maatsen","AVL","-78.9","-79.8","-81.1","-82.4",-3,-14,"0.6",45,2,603,9,335,"1.8","i",0,0,,"false"
"2026-09-19T05:50:22Z",37,"Lindelöf","AVL","0.9","1.0","1.0","1.0",1,2,"0.3",45,58,71,7,360,"1.4","a",0,0,,"false"
"2026-09-19T05:50:22Z",38,"A.García","AVL","-22.2","-22.2","-22.2","-22.2",-2,0,"1.6",40,194,288,0,0,"0.0","a",0,0,,"false"
"2026-09-19T05:50:22Z",39,"Nedeljkovic","AVL","0.0","0.0","0.0","0.0",0,0,"0.1",40,0,28,0,0,"0.0","u",0,0,,"false"
"2026-09-19T05:50:22Z",41,"Buendía","AVL","-83.8","-84.7","-86.0","-87.3",-3,-8,"0.9",59,118,460,9,311,"1.8","a",0,-1,,"false"
"2026-09-19T05:50:22Z",44,"Bailey","AVL","0.0","0.0","0.0","0.0",0,-2,"0.1",54,0,38,0,0,"0.0","u",0,-1,,"false"
"2026-09-19T05:50:22Z",45,"McGinn","AVL","-18.2","-18.1","-17.9","-17.8",-1,3,"2.2",54,315,525,11,351,"2.2","a",0,-1,,"false"
"2026-09-19T05:50:22Z",46,"Barkley","AVL","1.0","1.0","1.0","1.0",1,0,"0.3",50,58,87,9,302,"1.8","a",0,0,,"false"
"2026-09-19T05:50:22Z",47,"Kamara","AVL","-72.7","-72.7","-72.7","-72.7",-3,0,"0.3",50,50,105,9,360,"1.8","a",0,0,,"false"
"2026-09-19T05:50:22Z",48,"Onana","AVL","-3.9","-3.9","-3.9","-3.9",-1,0,"0.0",49,3,5,0,0,"0.0","i",0,-1,,"false"
"2026-09-19T05:50:22Z",49,"Iling Jr","AVL","0.0","0.0","0.0","0.0",0,0,"0.0",50,0,0,0,0,"0.0","u",0,0,,"false"
"2026-09-19T05:50:22Z",50,"Burrowes","AVL","-50.9","-51.6","-52.5","-53.5",-3,-4,"0.6",45,62,182,0,0,"0.0","a",0,0,,"false"
"2026-09-19T05:50:22Z",51,"George Hemmings","AVL","14.8","14.7","14.7","14.6",1,-4,"1.2",45,264,683,8,279,"1.6","a",0,0,,"false"
"2026-09-19T05:50:22Z",52,"Alysson","AVL","0.3","0.3","0.3","0.3",1,0,"0.1",50,24,18,8,87,"1.6","a",0,0,,"false"
"2026-09-19T05:50:22Z",53,"Manzambi","AVL","0.0","0.0","0.0","0.0",0,0,"0.1",59,68,30,1,27,"0.2","a",0,-1,"2026-09-19T16:00:07.823042Z","false"
"2026-09-19T05:50:22Z",54,"Gomes","AVL","0.0","0.0","0.0","0.0",0,0,"0.0",55,24,4,-2,39,"-0.4","a",0,0,"2026-09-20T16:30:08.780195Z","false"
"2026-09-19T05:50:22Z",55,"Watkins","AVL","0.0","0.0","0.0","0.0",0,-31,"2.6",78,0,919,0,0,"0.0","u",0,-2,,"false"
"2026-09-19T05:50:22Z",56,"Abraham","AVL","3.2","3.3","3.3","3.4",1,4,"0.2",55,182,78,3,69,"0.6","a",0,0,,"false"
"2026-09-19T05:50:22Z",160,"Garnacho","AVL","-24.0","-24.0","-24.0","-24.0",-2,0,"0.3",58,47,160,3,31,"0.6","a",0,-2,,"false"
"2026-09-19T05:50:22Z",166,"N.Jackson","AVL","34.0","34.1","34.3","34.5",2,13,"1.2",65,804,485,4,199,"0.8","a",0,0,,"false"
"2026-09-19T05:50:22Z",582,"Madjo","AVL","-9.0","-9.0","-9.0","-9.0",-1,0,"0.2",54,9,78,0,0,"0.0","i",0,-1,,"false"
"2026-09-19T05:50:22Z",596,"Ruggeri","AVL","-82.1","-82.1","-82.1","-82.1",-3,0,"0.1",45,25,23,2,23,"0.4","a",0,0,,"false"
"2026-09-19T05:50:22Z",597,"Suzuki","AVL","24.3","24.3","24.4","24.5",2,6,"1.8",50,348,358,14,270,"2.8","a",0,0,,"false"
"2026-09-19T05:50:22Z",606,"Rowe","AVL","0.4","0.4","0.4","0.3",1,-1,"0.2",40,34,52,0,0,"0.0","a",0,0,,"false"
"2026-09-19T05:50:22Z",607,"Lynch","AVL","0.0","0.0","0.0","0.0",0,0,"0.1",45,0,17,0,0,"0.0","u",0,0,,"false"
"2026-09-19T05:50:22Z",611,"Wan-Bissaka","AVL","1.9","1.9","1.9","1.9",1,0,"0.2",45,99,68,5,107,"1.2","a",0,0,,"false"
"2026-09-19T05:50:22Z",618,"Goretzka","AVL","-8.7","-10.3","-12.4","-14.5",-1,-1,"0.0",59,2,33,0,0,"0.0","i",0,-1,,"false"
"2026-09-19T05:50:22Z",630,"Harwood-Bellis","AVL","0.0","0.0","0.0","0.0",0,0,"0.0",45,18,5,0,0,"0.0","a",0,0,,"false"
"2026-09-19T05:50:22Z",631,"Mbaye","AVL","0.4","0.5","0.5","0.5",1,1,"0.1",60,108,36,1,27,"0.3","a",0,0,,"false"
"2026-09-19T05:50:22Z",57,"Petrović","BOU","1.3","1.2","1.1","1.0",1,-8,"3.0",45,455,911,7,360,"1.4","a",0,0,,"false"
"2026-09-19T05:50:22Z",58,"Forster","BOU","4.5","4.5","4.5","4.5",1,-1,"3.5",40,891,298,0,0,"0.0","a",0,0,,"false"
"2026-09-19T05:50:22Z",59,"Dennis","BOU","0.0","0.0","0.0","0.0",0,0,"0.1",40,0,55,0,0,"0.0","u",0,0,,"false"
"2026-09-19T05:50:22Z",60,"Hill","BOU","-34.8","-35.2","-35.6","-36.1",-2,-3,"0.8",55,172,188,8,360,"1.6","a",0,0,,"false"
"2026-09-19T05:50:22Z",61,"Truffert","BOU","-93.0","-93.3","-93.8","-94.2",-3,-10,"3.1",55,340,640,8,360,"1.6","a",0,0,,"false"
"2026-09-19T05:50:22Z",62,"Diakité","BOU","-97.4","-99.6","-102.8","-105.9",-4,-4,"0.2",50,57,51,0,0,"0.0","a",0,0,,"false"
"2026-09-19T05:50:22Z",63,"Milosavljević","BOU","-0.3","-0.3","-0.3","-0.3",-1,0,"0.0",49,4,3,0,0,"0.0","i",0,-1,,"false"
"2026-09-19T05:50:22Z",64,"Smith","BOU","0.3","0.3","0.3","0.3",1,0,"0.1",45,28,23,2,360,"0.4","a",0,0,,"false"
"2026-09-19T05:50:22Z",65,"J.Araujo","BOU","-8.8","-8.8","-8.8","-8.8",-1,0,"0.0",44,3,3,0,0,"0.0","i",0,-1,,"false"
"2026-09-19T05:50:22Z",66,"Soler","BOU","1.4","1.4","1.4","1.4",1,1,"0.3",40,60,44,0,0,"0.0","a",0,0,,"false"
"2026-09-19T05:50:22Z",67,"Rayan","BOU","-0.1","-0.1","-0.1","-0.1",-1,0,"1.6",63,291,556,8,347,"1.6","a",-1,-2,,"false"
"2026-09-19T05:50:22Z",68,"Tavernier","BOU","24.5","26.1","28.2","30.4",2,160,"6.5",61,11282,1416,29,350,"5.8","a",0,1,,"false"
"2026-09-19T05:50:22Z",69,"Scott","BOU","8.8","8.9","9.0","9.1",1,9,"5.8",61,2175,1607,28,356,"5.6","a",0,1,,"false"
"2026-09-19T05:50:22Z",70,"Kluivert","BOU","-35.7","-35.7","-35.7","-35.7",-2,0,"1.0",60,543,310,15,294,"3.0","a",0,0,,"false"
"2026-09-19T05:50:22Z",71,"Cook","BOU","0.2","0.2","0.2","0.2",1,0,"0.2",50,28,56,7,165,"1.4","a",0,0,,"false"
"2026-09-19T05:50:22Z",72,"Gannon-Doak","BOU","-41.7","-41.7","-41.7","-41.7",-3,0,"0.1",49,8,25,3,10,"0.6","a",0,-1,,"false"
"2026-09-19T05:50:22Z",73,"Adams","BOU","1.6","1.6","1.6","1.6",1,-2,"0.3",50,77,104,8,192,"1.6","a",0,0,,"false"
"2026-09-19T05:50:22Z",74,"Brooks","BOU","-5.3","-5.3","-5.3","-5.3",-1,0,"0.1",50,13,17,2,30,"0.4","a",0,0,,"false"
"2026-09-19T05:50:22Z",75,"Christie","BOU","0.3","0.3","0.3","0.3",1,0,"0.0",50,26,12,3,28,"0.6","a",0,0,,"false"
"2026-09-19T05:50:22Z",76,"Tóth.A","BOU","-2.7","-2.7","-2.7","-2.7",-1,0,"0.0",49,2,4,1,15,"0.2","a",0,-1,,"false"
"2026-09-19T05:50:22Z",77,"Adli","BOU","-67.6","-67.6","-67.6","-67.6",-3,0,"0.0",49,1,4,0,0,"0.0","i",0,-1,,"false"
"2026-09-19T05:50:22Z",78,"Kroupi.Jr","BOU","-60.5","-61.3","-62.5","-63.6",-3,-4,"0.2",74,7,58,0,0,"0.0","i",0,-1,,"false"
"2026-09-19T05:50:22Z",79,"Evanilson","BOU","48.3","48.5","48.9","49.3",3,28,"3.3",60,1652,986,16,334,"3.2","a",0,0,,"false"
"2026-09-19T05:50:22Z",80,"Enes Ünal","BOU","0.0","0.0","0.0","0.0",0,0,"0.0",55,0,3,0,0,"0.0","u",0,0,,"false"
"2026-09-19T05:50:22Z",81,"Rodríguez","BOU","-34.2","-32.2","-29.4","-26.5",-2,2,"0.1",60,64,35,2,10,"0.4","a",0,0,,"false"
"2026-09-19T05:50:22Z",566,"Silva","BOU","1.2","1.2","1.2","1.2",1,2,"0.4",50,477,185,10,360,"2.0","a",0,0,,"false"
"2026-09-19T05:50:22Z",573,"Sanchez","BOU","-4.5","-4.5","-4.5","-4.5",-1,0,"0.2",44,13,17,0,0,"0.0","a",0,-1,,"false"
"2026-09-19T05:50:22Z",608,"Jebbison","BOU","0.5","0.5","0.5","0.6",1,1,"0.1",50,65,51,2,16,"0.4","a",0,0,,"false"
"2026-09-19T05:50:22Z",615,"Di Gregorio","BOU","-25.4","-25.4","-25.4","-25.4",-2,0,"0.0",45,13,10,0,0,"0.0","a",0,0,,"false"
"2026-09-19T05:50:22Z",82,"Kelleher","BRE","15.6","16.1","16.9","17.6",1,55,"6.1",50,1494,736,20,450,"4.0","a",0,0,,"false"
"2026-09-19T05:50:22Z",83,"Valdimarsson","BRE","-66.9","-69.4","-72.8","-76.3",-3,-2,"0.1",45,29,30,0,0,"0.0","a",0,0,,"false"
"2026-09-19T05:50:22Z",84,"Collins","BRE","-9.3","-10.7","-12.6","-14.4",-1,-38,"1.0",54,8,846,10,196,"2.0","i",0,-1,,"false"
"2026-09-19T05:50:22Z",85,"Van den Berg","BRE","-62.0","-62.7","-63.7","-64.6",-3,-1,"0.1",49,4,21,0,0,"0.0","i",0,-1,,"false"
"2026-09-19T05:50:22Z",86,"Lewis-Potter","BRE","32.9","32.7","32.4","32.1",2,-20,"1.8",55,355,921,22,406,"4.4","a",0,0,,"false"
"2026-09-19T05:50:22Z",87,"Ajer","BRE","28.1","28.4","28.7","29.0",2,24,"4.0",45,1074,2985,21,450,"4.2","a",0,0,,"false"
"2026-09-19T05:50:22Z",88,"Kayode","BRE","-32.4","-32.1","-31.6","-31.2",-2,24,"7.7",46,1277,1653,23,294,"4.6","a",0,1,,"false"
"2026-09-19T05:50:22Z",89,"Henry","BRE","-5.4","-5.4","-5.4","-5.4",-1,0,"0.2",44,21,51,1,2,"0.2","a",0,-1,,"false"
"2026-09-19T05:50:22Z",90,"Hickey","BRE","-26.2","-26.2","-26.2","-26.2",-2,0,"0.1",45,18,16,5,152,"1.0","a",0,0,,"false"
"2026-09-19T05:50:22Z",92,"Ji-soo","BRE","-99.4","-99.4","-99.4","-99.4",-4,0,"0.0",45,11,10,0,0,"0.0","a",0,0,,"false"
"2026-09-19T05:50:22Z",93,"Schuster","BRE","-12.4","1.2","3.1","5.1",1,142,"0.2",45,1831,57,21,253,"4.2","a",0,0,,"false"
"2026-09-19T05:50:22Z",94,"Schade","BRE","33.3","44.7","60.4","76.1",3,1153,"7.8",61,32355,1279,39,447,"7.8","a",0,1,,"false"
"2026-09-19T05:50:22Z",95,"O.Dango","BRE","-20.0","-22.9","-26.9","-30.9",-2,-14,"0.5",63,75,412,7,179,"1.4","a",0,-2,,"false"
"2026-09-19T05:50:22Z",96,"Damsgaard","BRE","-4.6","-4.0","-3.2","-2.3",-1,3,"0.4",54,165,130,16,283,"3.2","a",0,-1,,"false"
"2026-09-19T05:50:22Z",97,"Jensen","BRE","-37.9","-37.9","-37.9","-37.9",-2,0,"0.1",54,4,43,6,66,"1.2","i",0,-1,,"false"
"2026-09-19T05:50:22Z",98,"Janelt","BRE","72.2","72.6","73.0","73.5",3,34,"2.5",50,2577,991,28,450,"5.6","a",0,0,,"false"
"2026-09-19T05:50:22Z",99,"Milambo","BRE","-40.0","-40.0","-40.0","-40.0",-3,0,"0.0",50,2,3,0,0,"0.0","i",0,0,,"false"
"2026-09-19T05:50:22Z",100,"Carvalho","BRE","0.1","0.1","0.1","0.1",1,0,"0.0",50,90,12,6,3,"1.2","a",0,0,,"false"
"2026-09-19T05:50:22Z",102,"Yarmoliuk","BRE","-6.8","-7.3","-7.9","-8.6",-1,-3,"0.7",48,98,177,9,216,"1.8","a",0,-2,,"false"
"2026-09-19T05:50:22Z",103,"Dasilva","BRE","-39.8","-39.8","-39.8","-39.8",-2,0,"0.0",49,1,6,0,0,"0.0","i",0,-1,,"false"
"2026-09-19T05:50:22Z",105,"Anthony","BRE","-1.9","0.1","0.2","0.3",1,10,"0.1",59,290,47,15,267,"3.0","a",0,-1,,"false"
"2026-09-19T05:50:22Z",106,"Thiago","BRE","-3.3","-1.4","1.1","3.3",-1,165,"8.9",78,5893,3682,10,442,"2.0","a",0,-2,,"false"
"2026-09-19T05:50:22Z",107,"Furo","BRE","2.5","2.3","2.0","1.7",1,-20,"1.0",45,75,769,0,0,"0.0","i",0,0,,"false"
"2026-09-19T05:50:22Z",108,"Wilson","BRE","-0.4","-2.9","-6.4","-9.9",-1,-13,"0.3",54,125,221,3,13,"0.6","a",-1,-1,,"false"
"2026-09-19T05:50:22Z",565,"M.Sangaré","BRE","-1.1","-3.6","-7.0","-10.4",-1,-454,"11.0",56,572,24282,22,321,"4.4","a",-1,1,,"false"
"2026-09-19T05:50:22Z",620,"Diouf","BRE","-25.9","-32.7","-41.9","-51.2",-2,-6,"0.1",45,45,73,2,39,"0.5","a",0,0,,"false"
"2026-09-19T05:50:22Z",657,"Nunes","BRE","0.0","0.0","0.0","0.0",0,0,"0.0",45,47,20,0,0,"0.0","a",0,0,"2026-09-25T22:05:18.379374Z","false"
"2026-09-19T05:50:22Z",660,"Fredrick","BRE","0.0","0.0","0.0","0.0",0,0,"0.0",40,20,0,0,0,"0.0","a",0,0,"2026-10-01T21:16:22.650713Z","false"
"2026-09-19T05:50:22Z",661,"Balcombe","BRE","0.0","0.0","0.0","0.0",0,0,"0.0",40,168,14,0,0,"0.0","a",0,0,"2026-10-01T21:16:40.866514Z","false"
"2026-09-19T05:50:22Z",109,"Verbruggen","BHA","51.8","51.9","52.0","52.1",3,10,"21.7",45,3049,6880,17,360,"3.4","a",0,0,,"false"
"2026-09-19T05:50:22Z",111,"Steele","BHA","2.1","2.1","2.0","1.9",1,-5,"4.2",40,967,682,0,0,"0.0","a",0,0,,"false"
"2026-09-19T05:50:22Z",113,"F.Kadıoğlu","BHA","-57.2","-57.5","-57.9","-58.3",-3,-5,"1.6",44,170,716,8,257,"1.6","a",0,-1,,"false"
"2026-09-19T05:50:22Z",114,"Boscagli","BHA","1.8","1.8","1.8","1.8",1,0,"0.3",45,55,44,13,347,"2.6","a",0,0,,"false"
"2026-09-19T05:50:22Z",115,"De Cuyper","BHA","12.7","15.7","19.9","24.0",1,304,"25.1",49,15654,1286,32,333,"6.4","a",0,4,,"false"
"2026-09-19T05:50:22Z",116,"Dunk","BHA","19.6","19.9","20.4","20.8",1,34,"1.5",45,897,202,22,360,"4.4","a",0,0,,"false"
"2026-09-19T05:50:22Z",117,"Coppola","BHA","-15.1","-15.1","-15.1","-15.1",-1,0,"0.0",45,6,4,0,0,"0.0","a",0,0,,"false"
"2026-09-19T05:50:22Z",118,"Igor","BHA","0.0","0.0","0.0","0.0",0,0,"0.0",45,0,25,0,0,"0.0","u",0,0,,"false"
"2026-09-19T05:50:22Z",119,"Costinha","BHA","-6.7","-6.7","-6.7","-6.7",-1,0,"0.0",45,4,7,3,54,"0.6","a",0,0,,"false"
"2026-09-19T05:50:22Z",120,"Svoboda","BHA","-2.9","-5.2","-8.3","-11.5",-1,-1,"0.1",50,29,21,0,0,"0.0","a",0,0,,"false"
"2026-09-19T05:50:22Z",121,"Mitoma","BHA","-20.5","-20.5","-20.5","-20.5",-2,0,"0.0",59,9,11,0,0,"0.0","i",0,-1,,"false"
"2026-09-19T05:50:22Z",122,"Minteh","BHA","-97.2","-97.2","-97.2","-97.2",-4,0,"0.0",59,3,11,0,0,"0.0","i",0,-1,,"false"
"2026-09-19T05:50:22Z",123,"Hinshelwood","BHA","-14.8","-15.8","-17.2","-18.6",-1,-17,"0.6",59,20,560,16,63,"3.2","i",0,-1,,"false"
"2026-09-19T05:50:22Z",124,"Groß","BHA","39.2","46.1","55.7","65.2",3,702,"21.4",57,28539,1514,33,360,"6.6","a",0,2,,"false"
"2026-09-19T05:50:22Z",125,"Georginio","BHA","-99.8","-100.7","-101.9","-103.1",-5,-4,"0.5",54,128,238,5,90,"1.0","a",0,-1,,"false"
"2026-09-19T05:50:22Z",126,"O'Riley","BHA","-2.8","-0.3","0.0","0.1",-1,2,"0.1",54,26,20,1,6,"0.2","a",0,-1,,"false"
"2026-09-19T05:50:22Z",127,"Gomez","BHA","32.1","31.9","31.5","31.2",2,-26,"4.2",50,305,4635,16,348,"3.2","a",0,0,,"false"
"2026-09-19T05:50:22Z",128,"Buonanotte","BHA","0.0","0.0","0.0","0.0",0,0,"0.0",50,0,1,0,0,"0.0","u",0,0,,"false"
"2026-09-19T05:50:22Z",129,"Ayari","BHA","-51.9","-51.6","-51.2","-50.7",-3,1,"0.4",54,71,89,12,243,"2.4","a",0,-1,,"false"
"2026-09-19T05:50:22Z",130,"Wieffer","BHA","-7.9","-8.3","-8.9","-9.6",-1,-2,"0.2",49,1,131,7,156,"1.4","i",0,-1,,"false"
"2026-09-19T05:50:22Z",132,"Howell","BHA","0.0","0.0","0.0","0.0",0,0,"0.0",45,0,14,0,0,"0.0","u",0,0,,"false"
"2026-09-19T05:50:22Z",133,"Watson","BHA","0.0","0.0","0.0","0.0",0,0,"0.0",50,0,1,0,0,"0.0","u",0,0,,"false"
"2026-09-19T05:50:22Z",134,"Oriola","BHA","-54.1","-54.1","-54.1","-54.1",-3,0,"0.2",45,27,53,0,0,"0.0","a",0,0,,"false"
"2026-09-19T05:50:22Z",135,"Yohanna","BHA","-73.4","-74.6","-76.2","-77.9",-3,-1,"0.0",49,1,38,1,12,"0.2","i",0,-1,,"false"
"2026-09-19T05:50:22Z",137,"Tzimas","BHA","-1.0","-1.0","-1.0","-1.0",-1,0,"0.0",54,2,5,0,0,"0.0","i",0,-1,,"false"
"2026-09-19T05:50:22Z",138,"Kostoulas","BHA","33.3","34.2","35.5","36.8",2,95,"1.0",55,3124,243,18,278,"3.6","a",0,0,,"false"
"2026-09-19T05:50:22Z",139,"Ferguson","BHA","-46.3","-46.3","-46.3","-46.3",-3,0,"0.0",50,7,16,0,0,"0.0","i",0,0,,"false"
"2026-09-19T05:50:22Z",328,"Struijk","BHA","-9.0","-8.7","-8.3","-7.9",-1,1,"0.2",49,14,40,2,13,"0.4","a",0,-1,,"false"
"2026-09-19T05:50:22Z",504,"Vuskovic","BHA","33.3","33.6","33.9","34.2",2,24,"3.2",50,1354,807,24,347,"4.8","a",0,0,,"false"
"2026-09-19T05:50:22Z",594,"David","BHA","0.0","0.0","0.1","0.2",0,5,"0.2",59,125,115,1,23,"0.2","a",-1,-1,,"false"
"2026-09-19T05:50:22Z",600,"Osman","BHA","-64.5","-64.5","-64.5","-64.5",-3,0,"0.0",50,0,4,3,40,"0.6","a",0,0,,"false"
"2026-09-19T05:50:22Z",605,"Yalcouyé","BHA","54.5","55.0","55.8","56.6",3,57,"4.1",45,3256,971,19,231,"3.8","a",0,0,,"false"
"2026-09-19T05:50:22Z",614,"Hadjam","BHA","-6.4","-6.4","-6.4","-6.4",-1,0,"0.0",45,38,10,0,0,"0.0","a",0,0,,"false"
"2026-09-19T05:50:22Z",624,"Cozier-Duberry","BHA","0.0","0.0","0.0","0.0",0,0,"0.0",50,0,0,0,0,"0.0","u",0,0,,"false"
"2026-09-19T05:50:22Z",639,"Andrés","BHA","0.1","0.1","0.1","0.1",1,0,"0.0",55,20,6,4,25,"1.3","a",0,0,,"false"
"2026-09-19T05:50:22Z",652,"Azeez","BHA","-12.1","-12.1","-12.1","-12.1",-1,0,"0.0",55,1,3,0,0,"0.0","i",0,0,,"false"
"2026-09-19T05:50:22Z",658,"Ibrahim","BHA","0.0","0.0","0.0","0.0",0,0,"0.0",45,23,16,0,0,"0.0","a",0,0,"2026-09-26T17:44:20.289392Z","false"
"2026-09-19T05:50:22Z",28,"Martinez","CHE","2.5","1.7","0.5","-1.4",1,-86,"4.9",50,623,2144,9,360,"1.8","a",0,0,,"false"
"2026-09-19T05:50:22Z",40,"Rogers","CHE","62.0","62.8","63.9","64.9",3,80,"40.0",77,13991,3550,29,437,"5.8","a",0,2,,"false"
"2026-09-19T05:50:22Z",101,"Henderson","CHE","0.0","0.0","0.0","0.0",0,0,"0.0",49,48,7,2,90,"0.4","a",0,-1,"2026-09-25T13:30:09.904003Z","false"
"2026-09-19T05:50:22Z",136,"Welbeck","CHE","7.5","7.4","7.2","7.0",1,-14,"1.0",59,2050,798,4,85,"0.8","a",0,-1,,"false"
"2026-09-19T05:50:22Z",140,"Sánchez","CHE","0.0","0.0","0.0","0.0",0,-18,"0.7",49,0,405,2,90,"0.4","u",0,-1,,"false"
"2026-09-19T05:50:22Z",141,"Jörgensen","CHE","0.0","0.0","0.0","0.0",0,0,"0.0",50,0,3,0,0,"0.0","u",0,0,,"false"
"2026-09-19T05:50:22Z",142,"James","CHE","-49.5","-51.9","-55.3","-58.6",-3,-284,"6.5",54,65,8271,3,292,"0.6","d",0,-1,,"false"
"2026-09-19T05:50:22Z",143,"Chalobah","CHE","0.0","0.0","0.0","0.0",0,0,"0.1",55,0,27,0,0,"0.0","u",0,0,,"false"
"2026-09-19T05:50:22Z",144,"Gusto","CHE","-83.8","-86.6","-90.4","-94.1",-3,-27,"1.0",50,160,683,4,272,"0.8","a",0,0,,"false"
"2026-09-19T05:50:22Z",145,"Fofana","CHE","3.6","3.6","3.7","3.7",1,1,"0.2",50,257,125,8,312,"1.6","a",0,0,,"false"
"2026-09-19T05:50:22Z",146,"B.Badiashile","CHE","0.0","0.0","0.0","0.0",0,0,"0.0",45,0,7,0,0,"0.0","u",0,0,,"false"
"2026-09-19T05:50:22Z",148,"Hato","CHE","13.7","13.4","13.1","12.7",1,-26,"0.9",45,77,931,8,258,"1.6","a",0,0,,"false"
"2026-09-19T05:50:22Z",149,"Colwill","CHE","-0.3","-1.4","-3.0","-4.5",-1,-17,"0.9",48,108,752,3,341,"0.6","a",-1,-2,,"false"
"2026-09-19T05:50:22Z",150,"M.Sarr","CHE","0.0","0.0","0.0","0.0",0,-2,"0.0",45,0,11,0,0,"0.0","u",0,0,,"false"
"2026-09-19T05:50:22Z",151,"Acheampong","CHE","0.3","0.2","0.2","0.1",1,-4,"0.4",45,47,178,5,221,"1.0","a",0,0,,"false"
"2026-09-19T05:50:22Z",152,"Palestra","CHE","-0.0","-0.0","-0.0","-0.0",0,0,"0.6",53,11,350,0,0,"0.0","d",0,-2,"2026-09-25T13:30:10.008957Z","false"
"2026-09-19T05:50:22Z",154,"Palmer","CHE","31.2","29.0","25.9","22.9",2,-224,"27.0",97,5194,8117,28,442,"5.6","a",0,2,,"false"
"2026-09-19T05:50:22Z",156,"Neto","CHE","1.0","0.7","0.3","-0.4",1,-28,"1.4",65,488,731,14,332,"2.8","a",0,0,,"false"
"2026-09-19T05:50:22Z",157,"Estêvão","CHE","-12.6","-13.2","-14.0","-14.9",-1,-4,"0.7",63,142,333,4,23,"0.8","a",0,-2,,"false"
"2026-09-19T05:50:22Z",158,"Gittens","CHE","-92.2","-92.2","-92.2","-92.2",-3,0,"0.0",59,14,10,0,0,"0.0","a",0,-1,,"false"
"2026-09-19T05:50:22Z",159,"Caicedo","CHE","-0.0","-0.0","-0.0","-0.0",0,0,"1.1",53,26,742,1,13,"0.2","d",0,-2,"2026-09-25T13:30:10.038499Z","false"
"2026-09-19T05:50:22Z",161,"Lavia","CHE","5.2","5.1","4.9","4.7",1,-12,"0.2",50,51,214,11,258,"2.2","a",0,0,,"false"
"2026-09-19T05:50:22Z",163,"D.Essugo","CHE","0.0","0.0","0.0","0.0",0,-4,"0.1",45,0,55,0,0,"0.0","u",0,0,,"false"
"2026-09-19T05:50:22Z",164,"Quenda","CHE","-8.8","-15.3","-24.3","-33.2",-1,-2,"0.0",53,10,16,2,27,"0.4","a",0,-2,,"false"
"2026-09-19T05:50:22Z",165,"João Pedro","CHE","-46.4","-51.6","-58.9","-66.1",-3,-982,"68.6",78,3405,37595,33,360,"6.6","d",0,3,,"false"
"2026-09-19T05:50:22Z",168,"Marc Guiu","CHE","0.0","0.0","0.0","0.0",0,-2,"0.2",50,0,95,0,0,"0.0","u",0,0,,"false"
"2026-09-19T05:50:22Z",169,"Mheuka","CHE","3.7","3.7","3.7","3.7",1,2,"0.5",45,423,217,0,0,"0.0","a",0,0,,"false"
"2026-09-19T05:50:22Z",170,"Emegha","CHE","-73.6","-74.0","-74.5","-75.0",-3,-1,"0.1",50,5,79,0,0,"0.0","i",0,0,,"false"
"2026-09-19T05:50:22Z",200,"Lacroix","CHE","-0.2","-0.7","-1.4","-2.1",-1,-59,"7.0",59,531,2781,13,364,"2.6","a",-1,-1,,"false"
"2026-09-19T05:50:22Z",560,"Penders","CHE","0.0","0.0","0.0","0.0",0,0,"0.1",44,18,19,0,0,"0.0","a",0,-1,,"false"
"2026-09-19T05:50:22Z",561,"Anselmino","CHE","0.0","0.0","-7.8","-16.2",0,-1,"0.0",45,14,15,0,0,"0.0","a",0,0,,"false"
"2026-09-19T05:50:22Z",568,"Barco","CHE","-4.4","-4.4","-4.4","-4.4",-1,0,"0.1",54,52,37,3,115,"0.6","a",0,-1,,"false"
"2026-09-19T05:50:22Z",583,"Chavarria","CHE","-42.9","-41.5","-39.6","-37.7",-3,2,"0.1",49,67,46,5,208,"1.0","a",0,-1,,"false"
"2026-09-19T05:50:22Z",662,"Nicoll-Jazuli","CHE","0.0","0.0","0.0","0.0",0,0,"0.0",45,9,1,1,3,"1.0","a",0,0,"2026-10-01T21:17:24.996715Z","false"
"2026-09-19T05:50:22Z",91,"Pinnock","COV","-81.8","-79.9","-77.5","-75.0",-3,1,"0.1",45,11,18,6,192,"1.2","a",0,0,,"false"
"2026-09-19T05:50:22Z",104,"Onyeka","COV","-20.0","-21.2","-22.9","-24.6",-2,-1,"0.1",49,6,32,6,224,"1.2","a",0,-1,,"false"
"2026-09-19T05:50:22Z",110,"Rushworth","COV","-54.1","-54.4","-55.0","-55.5",-3,-3,"0.8",45,39,950,5,360,"1.0","a",0,0,,"false"
"2026-09-19T05:50:22Z",171,"Dovin","COV","0.0","0.0","0.0","0.0",0,-12,"1.0",40,0,329,0,0,"0.0","u",0,0,,"false"
"2026-09-19T05:50:22Z",172,"Wilson","COV","-1.2","-1.2","-1.2","-1.2",-1,0,"0.4",44,14,38,0,0,"0.0","a",0,-1,,"false"
"2026-09-19T05:50:22Z",173,"Thomas","COV","14.6","14.4","14.2","14.0",1,-17,"8.6",40,884,4000,15,347,"3.0","a",0,0,,"false"
"2026-09-19T05:50:22Z",174,"Kitching","COV","0.0","0.0","0.0","0.0",0,-4,"0.4",40,0,123,0,0,"0.0","u",0,0,,"false"
"2026-09-19T05:50:22Z",175,"van Ewijk","COV","-57.3","-57.7","-58.3","-59.0",-3,-42,"9.5",40,269,5915,6,360,"1.2","a",0,0,,"false"
"2026-09-19T05:50:22Z",176,"Dasilva","COV","-55.9","-56.6","-57.5","-58.4",-3,-5,"0.7",40,19,101,5,354,"1.0","a",0,0,,"false"
"2026-09-19T05:50:22Z",177,"Kesler-Hayden","COV","0.0","-0.6","-1.6","-2.6",-1,-1,"0.0",39,21,16,0,0,"0.0","i",-1,-1,,"false"
"2026-09-19T05:50:22Z",178,"Bidwell","COV","-23.3","-24.9","-27.0","-29.1",-2,-1,"0.1",40,16,15,0,0,"0.0","a",0,0,,"false"
"2026-09-19T05:50:22Z",179,"Latibeaudiere","COV","-63.4","-63.4","-63.4","-63.4",-3,0,"0.0",40,6,4,0,0,"0.0","a",0,0,,"false"
"2026-09-19T05:50:22Z",180,"Woolfenden","COV","-79.1","-79.1","-79.1","-79.1",-3,0,"0.1",40,4,31,0,0,"0.0","i",0,0,,"false"
"2026-09-19T05:50:22Z",181,"Brau","COV","0.0","0.0","0.0","0.0",0,0,"0.0",40,0,5,0,0,"0.0","u",0,0,,"false"
"2026-09-19T05:50:22Z",182,"Amenda","COV","-45.8","-47.0","-48.6","-50.2",-3,-14,"0.7",40,5,789,4,360,"0.8","d",0,0,,"false"
"2026-09-19T05:50:22Z",183,"Rudoni","COV","-4.4","-5.7","-7.3","-9.0",-1,-1,"0.1",49,20,47,8,224,"1.6","a",0,-1,,"false"
"2026-09-19T05:50:22Z",184,"Grimes","COV","-12.5","-12.5","-12.5","-12.5",-1,0,"0.1",49,13,113,8,353,"1.6","a",0,-1,,"false"
"2026-09-19T05:50:22Z",185,"Sakamoto","COV","-4.5","-4.5","-4.5","-4.5",-1,0,"0.1",48,8,20,1,31,"0.2","a",0,-2,,"false"
"2026-09-19T05:50:22Z",186,"Mason-Clark","COV","-86.9","-86.9","-86.9","-86.9",-3,0,"0.1",54,5,23,4,186,"0.8","a",0,-1,,"false"
"2026-09-19T05:50:22Z",187,"Eccles","COV","-96.7","-96.7","-96.7","-96.7",-4,0,"0.0",49,2,10,0,0,"0.0","i",0,-1,,"false"
"2026-09-19T05:50:22Z",188,"Torp","COV","-0.1","-0.1","-0.1","-0.1",-1,0,"0.1",53,3,25,3,53,"0.6","a",-1,-2,,"false"
"2026-09-19T05:50:22Z",189,"Shepherd","COV","0.2","0.2","0.2","0.2",1,-1,"0.2",44,979,111,0,0,"0.0","a",0,-1,,"false"
"2026-09-19T05:50:22Z",190,"Tchaouna","COV","-58.2","-58.2","-58.2","-58.2",-3,0,"0.1",54,2,30,4,166,"0.8","a",0,-1,,"false"
"2026-09-19T05:50:22Z",191,"Borges Rodrigues","COV","0.0","0.0","0.0","0.0",0,-2,"0.1",45,0,34,0,0,"0.0","u",0,0,,"false"
"2026-09-19T05:50:22Z",192,"Andrews","COV","0.0","0.0","0.0","0.0",0,-5,"0.3",45,0,148,0,0,"0.0","u",0,0,,"false"
"2026-09-19T05:50:22Z",193,"Wright","COV","-75.8","-75.8","-75.8","-75.8",-3,0,"0.1",54,7,29,0,0,"0.0","i",0,-1,,"false"
"2026-09-19T05:50:22Z",194,"Thomas-Asante","COV","1.6","1.6","1.6","1.6",1,0,"0.7",50,198,294,5,137,"1.0","a",0,0,,"false"
"2026-09-19T05:50:22Z",195,"Simms","COV","-82.6","-83.6","-84.8","-86.1",-3,-6,"0.7",50,100,327,3,88,"0.6","a",0,0,,"false"
"2026-09-19T05:50:22Z",196,"Markelo","COV","0.0","0.0","0.0","0.0",0,0,"0.0",50,0,6,0,0,"0.0","u",0,0,,"false"
"2026-09-19T05:50:22Z",197,"Bassette","COV","0.0","0.0","0.0","0.0",0,0,"0.0",45,0,15,0,0,"0.0","u",0,0,,"false"
"2026-09-19T05:50:22Z",492,"Awoniyi","COV","-0.3","-1.1","-2.1","-3.1",-1,-15,"0.4",54,7,573,3,232,"0.6","s",-1,-1,,"false"
"2026-09-19T05:50:22Z",575,"Yirenkyi","COV","-88.7","-88.7","-88.7","-88.7",-3,0,"0.1",49,2,110,6,175,"1.2","a",0,-1,,"false"
"2026-09-19T05:50:22Z",584,"Hamer","COV","-57.8","-57.8","-57.8","-57.8",-3,0,"0.1",54,3,20,3,32,"0.6","a",0,-1,,"false"
"2026-09-19T05:50:22Z",599,"Cherif","COV","0.0","0.0","0.0","0.0",0,0,"0.1",50,47,40,1,30,"0.2","a",0,0,,"false"
"2026-09-19T05:50:22Z",623,"Bentley","COV","1.2","1.2","1.2","1.2",1,0,"0.6",40,697,75,0,0,"0.0","a",0,0,,"false"
"2026-09-19T05:50:22Z",655,"Gboho","COV","0.0","0.0","0.0","0.0",0,0,"0.0",55,7,4,0,0,"0.0","a",0,0,"2026-09-23T15:00:18.732507Z","false"
"2026-09-19T05:50:22Z",656,"Mfuni","COV","0.0","0.0","0.0","0.0",0,0,"0.1",40,41,30,0,0,"0.0","a",0,0,"2026-09-24T14:54:23.064516Z","false"
"2026-09-19T05:50:22Z",42,"Guessand","CRY","-5.5","-5.5","-5.5","-5.5",-1,0,"0.0",54,3,19,2,54,"0.4","a",0,-1,,"false"
"2026-09-19T05:50:22Z",153,"Disasi","CRY","-33.9","-35.1","-36.8","-38.4",-2,-2,"0.1",45,1,75,1,139,"0.2","s",0,0,,"false"
"2026-09-19T05:50:22Z",198,"Henderson","CRY","-70.1","-70.8","-71.9","-73.0",-3,-29,"1.4",50,8,919,5,270,"1.0","i",0,0,,"false"
"2026-09-19T05:50:22Z",199,"Benitez","CRY","-33.1","-33.1","-33.1","-33.1",-2,0,"0.1",45,18,13,2,90,"0.4","a",0,0,,"false"
"2026-09-19T05:50:22Z",202,"Richards","CRY","-92.1","-92.1","-92.1","-92.1",-3,0,"0.6",50,71,406,6,360,"1.2","a",0,0,,"false"
"2026-09-19T05:50:22Z",203,"Canvot","CRY","-0.1","-0.1","-0.1","-0.1",-1,0,"0.2",48,15,196,2,270,"0.4","a",-1,-2,,"false"
"2026-09-19T05:50:22Z",204,"Mitchell","CRY","23.5","23.4","23.4","23.3",2,-7,"6.1",45,467,1372,17,329,"3.4","a",0,0,,"false"
"2026-09-19T05:50:22Z",205,"Sosa","CRY","0.0","0.0","0.0","0.0",0,-1,"0.0",45,0,7,0,0,"0.0","u",0,0,,"false"
"2026-09-19T05:50:22Z",206,"Chadi Riad","CRY","-0.1","-1.4","-3.1","-4.8",-1,-1,"0.0",43,1,11,1,72,"0.2","i",-1,-2,,"false"
"2026-09-19T05:50:22Z",207,"Mingueza","CRY","-67.2","-67.2","-67.2","-67.2",-3,0,"0.1",44,4,17,2,16,"0.4","a",0,-1,,"false"
"2026-09-19T05:50:22Z",208,"Sarr","CRY","0.0","0.0","0.0","0.0",0,0,"0.6",62,273,116,0,0,"0.0","a",0,-3,"2026-09-24T16:30:08.977944Z","false"
"2026-09-19T05:50:22Z",210,"Wharton","CRY","-78.9","-79.6","-80.7","-81.7",-3,-6,"0.8",55,92,262,10,346,"2.0","a",0,0,,"false"
"2026-09-19T05:50:22Z",211,"Yeremy","CRY","5.1","5.0","4.9","4.9",1,-5,"0.4",55,72,200,12,226,"2.4","a",0,0,,"false"
"2026-09-19T05:50:22Z",212,"Hughes","CRY","-4.7","-5.4","-6.5","-7.5",-1,-56,"7.7",44,1104,2390,2,29,"0.4","a",0,-1,,"false"
"2026-09-19T05:50:22Z",213,"Lerma","CRY","-87.3","-87.3","-87.3","-87.3",-3,0,"0.1",49,6,16,1,6,"0.2","a",0,-1,,"false"
"2026-09-19T05:50:22Z",214,"Kamada","CRY","10.6","10.6","10.7","10.8",1,7,"0.5",50,319,136,18,351,"3.6","a",0,0,,"false"
"2026-09-19T05:50:22Z",215,"Devenny","CRY","0.0","0.0","0.0","0.0",0,0,"0.0",50,0,2,0,0,"0.0","u",0,0,,"false"
"2026-09-19T05:50:22Z",216,"Esse","CRY","0.0","0.0","0.0","0.0",0,0,"0.0",50,0,9,0,0,"0.0","u",0,0,,"false"
"2026-09-19T05:50:22Z",217,"M.França","CRY","0.0","0.0","0.0","0.0",0,0,"0.0",49,0,14,0,0,"0.0","u",0,-1,,"false"
"2026-09-19T05:50:22Z",218,"Doucouré","CRY","-86.9","-78.4","-66.7","-55.0",-3,4,"0.0",49,8,11,0,0,"0.0","a",0,-1,,"false"
"2026-09-19T05:50:22Z",219,"J.Rak-Sakyi","CRY","0.0","0.0","0.0","0.0",0,0,"0.0",49,0,1,0,0,"0.0","u",0,-1,,"false"
"2026-09-19T05:50:22Z",220,"Cardines","CRY","0.0","0.0","0.0","0.0",0,0,"0.0",45,0,2,0,0,"0.0","u",0,0,,"false"
"2026-09-19T05:50:22Z",221,"Drakes-Thomas","CRY","-68.8","-68.8","-68.8","-68.8",-3,0,"0.1",45,5,18,0,0,"0.0","a",0,0,,"false"
"2026-09-19T05:50:22Z",222,"Strand Larsen","CRY","4.3","4.4","4.5","4.5",1,5,"0.6",60,453,146,12,217,"2.4","a",0,0,,"false"
"2026-09-19T05:50:22Z",223,"Mateta","CRY","-10.6","-11.1","-11.7","-12.3",-1,-16,"1.4",63,10,688,2,62,"0.4","i",0,-2,,"false"
"2026-09-19T05:50:22Z",224,"Nketiah","CRY","0.1","0.1","0.1","0.1",1,0,"0.5",55,99,179,7,167,"1.4","a",0,0,,"false"
"2026-09-19T05:50:22Z",225,"Uche","CRY","0.0","0.0","0.0","0.0",0,0,"0.0",50,0,0,0,0,"0.0","u",0,0,,"false"
"2026-09-19T05:50:22Z",241,"McNeil","CRY","-68.7","-68.7","-68.7","-68.7",-3,0,"0.1",54,4,22,3,84,"0.6","a",0,-1,,"false"
"2026-09-19T05:50:22Z",555,"Matthews","CRY","-5.0","-5.0","-5.1","-5.2",-1,-1,"1.7",40,119,136,0,0,"0.0","a",0,0,,"false"
"2026-09-19T05:50:22Z",577,"Tomiyasu","CRY","-4.5","-5.8","-7.7","-9.5",-1,-4,"0.3",44,20,43,2,144,"0.4","a",0,-1,,"false"
"2026-09-19T05:50:22Z",588,"Khalaili","CRY","5.8","5.9","5.9","6.0",1,4,"0.3",50,151,86,13,289,"2.6","a",0,0,,"false"
"2026-09-19T05:50:22Z",595,"Gozo","CRY","-79.1","-79.1","-79.1","-79.1",-3,0,"0.0",50,0,5,2,28,"0.4","a",0,0,,"false"
"2026-09-19T05:50:22Z",633,"Ahanor","CRY","0.1","0.1","0.1","0.1",1,0,"0.0",45,16,4,3,90,"1.0","a",0,0,,"false"
"2026-09-19T05:50:22Z",643,"Chilwell","CRY","-40.8","-41.2","-41.8","-42.4",-3,-2,"0.5",45,48,134,8,29,"2.7","a",0,0,,"false"
"2026-09-19T05:50:22Z",644,"Timber","CRY","0.1","0.1","0.1","0.1",1,0,"0.0",50,30,15,6,163,"2.0","a",0,0,,"false"
"2026-09-19T05:50:22Z",647,"Osorio","CRY","-36.1","-36.1","-36.1","-36.1",-2,0,"0.0",55,0,5,1,1,"0.3","a",0,0,,"false"
"2026-09-19T05:50:22Z",21,"Nørgaard","EVE","-79.4","-79.4","-79.4","-79.4",-3,0,"0.0",49,6,23,0,0,"0.0","i",0,-1,,"false"
"2026-09-19T05:50:22Z",209,"Johnson","EVE","-8.7","-9.7","-11.0","-12.3",-1,-1,"0.1",59,21,46,6,173,"1.2","a",0,-1,,"false"
"2026-09-19T05:50:22Z",226,"Pickford","EVE","21.6","21.6","21.7","21.7",2,4,"9.0",55,894,1051,17,360,"3.4","a",0,0,,"false"
"2026-09-19T05:50:22Z",227,"Travers","EVE","-27.6","-21.3","-12.5","-3.7",-2,2,"0.0",50,20,11,0,0,"0.0","a",0,0,,"false"
"2026-09-19T05:50:22Z",228,"King","EVE","-33.7","-33.7","-33.7","-33.7",-2,0,"0.0",45,10,10,0,0,"0.0","a",0,0,,"false"
"2026-09-19T05:50:22Z",229,"Tarkowski","EVE","19.0","19.5","20.2","20.8",1,51,"14.1",61,3543,1352,29,360,"5.8","a",0,1,,"false"
"2026-09-19T05:50:22Z",230,"Branthwaite","EVE","27.0","27.1","27.2","27.4",2,12,"2.3",55,752,490,19,360,"3.8","a",0,0,,"false"
"2026-09-19T05:50:22Z",231,"Keane","EVE","-14.9","-15.1","-15.3","-15.5",-1,-1,"0.8",48,56,208,0,0,"0.0","a",0,-2,,"false"
"2026-09-19T05:50:22Z",232,"O'Brien","EVE","-94.4","-94.4","-94.4","-94.4",-3,0,"0.3",49,24,45,1,15,"0.2","a",0,-1,,"false"
"2026-09-19T05:50:22Z",233,"Mykolenko","EVE","0.1","0.2","0.3","0.5",1,28,"4.2",46,19594,647,22,360,"4.4","a",1,1,,"false"
"2026-09-19T05:50:22Z",234,"Patterson","EVE","0.0","0.0","0.0","0.0",0,0,"0.0",45,0,9,0,0,"0.0","u",0,0,,"false"
"2026-09-19T05:50:22Z",235,"Aznou","EVE","0.0","0.0","0.0","0.0",0,-4,"0.1",40,0,35,0,0,"0.0","u",0,0,,"false"
"2026-09-19T05:50:22Z",236,"Dewsbury-Hall","EVE","0.0","0.1","0.1","0.1",1,4,"6.2",66,18525,1808,17,360,"3.4","a",1,1,,"false"
"2026-09-19T05:50:22Z",238,"Grealish","EVE","7.5","7.6","7.7","7.7",1,6,"0.4",65,245,126,3,57,"0.6","a",0,0,,"false"
"2026-09-19T05:50:22Z",239,"Garner","EVE","3.2","3.2","3.3","3.3",1,1,"0.2",60,236,155,8,238,"1.6","a",0,0,,"false"
"2026-09-19T05:50:22Z",242,"George","EVE","31.4","31.4","31.4","31.4",2,3,"1.0",55,345,304,18,298,"3.6","a",0,0,,"false"
"2026-09-19T05:50:22Z",243,"Alcaraz","EVE","-27.9","-30.8","-34.6","-38.5",-2,-2,"0.1",49,18,24,1,5,"0.2","a",0,-1,,"false"
"2026-09-19T05:50:22Z",244,"Armstrong","EVE","9.5","9.4","9.3","9.3",1,-6,"0.4",50,9,465,14,356,"2.8","d",0,0,,"false"
"2026-09-19T05:50:22Z",245,"Dibling","EVE","-76.0","-76.0","-76.0","-76.0",-3,0,"0.0",54,6,4,0,0,"0.0","a",0,-1,,"false"
"2026-09-19T05:50:22Z",246,"Röhl","EVE","-12.0","-15.9","-21.2","-26.6",-1,-4,"0.0",49,2,68,6,249,"1.2","i",0,-1,,"false"
"2026-09-19T05:50:22Z",247,"Hackney","EVE","-84.3","-84.3","-84.3","-84.3",-3,0,"0.2",55,14,38,9,136,"1.8","a",0,0,,"false"
"2026-09-19T05:50:22Z",248,"Beto","EVE","0.0","0.0","0.0","0.0",0,-21,"0.7",54,0,569,2,31,"0.4","u",0,-1,,"false"
"2026-09-19T05:50:22Z",249,"Barry","EVE","83.2","83.5","83.8","84.1",3,23,"7.9",56,3651,2975,14,327,"2.8","a",0,1,,"false"
"2026-09-19T05:50:22Z",649,"Maitland-Niles","EVE","11.0","11.0","11.1","11.1",1,4,"1.0",45,356,225,13,87,"4.3","a",0,0,,"false"
"2026-09-19T05:50:22Z",654,"Graham","EVE","0.0","0.0","0.0","0.0",0,0,"0.1",45,19,50,0,0,"0.0","a",0,0,"2026-09-19T17:46:58.377521Z","false"
"2026-09-19T05:50:22Z",250,"Leno","FUL","4.0","4.2","4.4","4.7",1,18,"3.1",45,2516,395,15,360,"3.0","a",0,0,,"false"
"2026-09-19T05:50:22Z",251,"Lecomte","FUL","-19.8","-20.0","-20.3","-20.5",-2,-2,"1.1",40,359,155,0,0,"0.0","a",0,0,,"false"
"2026-09-19T05:50:22Z",252,"McNally","FUL","0.0","0.0","0.0","0.0",0,-1,"0.1",40,0,81,0,0,"0.0","u",0,0,,"false"
"2026-09-19T05:50:22Z",253,"Andersen","FUL","0.1","0.2","0.3","0.4",1,6,"0.1",50,222,60,2,180,"0.4","a",0,0,,"false"
"2026-09-19T05:50:22Z",254,"Robinson","FUL","-32.7","-32.4","-31.9","-31.5",-2,5,"1.4",45,1703,267,10,339,"2.0","a",0,0,,"false"
"2026-09-19T05:50:22Z",255,"J.Cuenca","FUL","-60.7","-56.1","-49.9","-43.6",-3,1,"0.0",45,5,7,3,90,"0.6","a",0,0,,"false"
"2026-09-19T05:50:22Z",256,"Tete","FUL","-18.8","-19.3","-20.0","-20.7",-1,-3,"0.2",44,1,154,0,27,"0.0","i",0,-1,,"false"
"2026-09-19T05:50:22Z",257,"Bassey","FUL","-19.0","-18.9","-18.7","-18.6",-1,1,"0.7",45,174,86,9,360,"1.8","a",0,0,,"false"
"2026-09-19T05:50:22Z",258,"Castagne","FUL","10.8","11.2","11.7","12.2",1,39,"0.9",45,2037,184,19,318,"3.8","a",0,0,,"false"
"2026-09-19T05:50:22Z",261,"Iwobi","FUL","-55.6","-56.7","-58.4","-60.0",-3,-8,"0.7",54,132,216,9,338,"1.8","a",0,-1,,"false"
"2026-09-19T05:50:22Z",262,"Smith Rowe","FUL","-75.9","-77.1","-78.9","-80.7",-3,-3,"0.2",54,22,52,3,38,"0.6","a",0,-1,,"false"
"2026-09-19T05:50:22Z",263,"Kevin","FUL","0.0","0.0","0.0","0.0",0,0,"0.0",53,14,18,3,42,"0.6","a",0,-2,,"false"
"2026-09-19T05:50:22Z",264,"Bobb","FUL","-53.6","-53.0","-52.3","-51.5",-3,2,"0.3",55,149,85,10,273,"2.0","a",0,0,,"false"
"2026-09-19T05:50:22Z",265,"Berge","FUL","-22.4","-23.1","-24.1","-25.0",-2,-2,"0.3",49,35,67,8,273,"1.6","a",0,-1,,"false"
"2026-09-19T05:50:22Z",266,"Cairney","FUL","-5.2","-5.2","-5.2","-5.2",-1,0,"0.0",49,1,2,0,0,"0.0","i",0,-1,,"false"
"2026-09-19T05:50:22Z",268,"King","FUL","64.7","66.1","67.9","69.7",3,133,"2.0",55,10372,745,22,346,"4.4","a",0,0,,"false"
"2026-09-19T05:50:22Z",269,"Sessegnon","FUL","-48.9","-48.9","-48.9","-48.9",-3,0,"0.3",44,4,111,3,50,"0.6","d",0,-1,,"false"
"2026-09-19T05:50:22Z",270,"Reed","FUL","0.3","0.3","0.3","0.2",1,-4,"1.2",44,243,333,0,0,"0.0","a",0,-1,,"false"
"2026-09-19T05:50:22Z",271,"Muniz","FUL","-34.8","-33.8","-32.4","-31.1",-2,4,"0.4",54,155,121,3,28,"0.6","a",0,-1,,"false"
"2026-09-19T05:50:22Z",272,"Kusi-Asare","FUL","-44.5","-44.5","-44.6","-44.7",-3,-4,"5.6",45,848,1651,0,0,"0.0","a",0,0,,"false"
"2026-09-19T05:50:22Z",569,"Gonzalo","FUL","47.3","47.9","48.7","49.5",3,60,"3.7",60,5650,1898,12,346,"2.4","a",0,0,,"false"
"2026-09-19T05:50:22Z",570,"Palacios","FUL","0.0","0.0","0.0","-0.7",0,-1,"0.2",54,126,44,11,207,"2.2","a",0,-1,,"false"
"2026-09-19T05:50:22Z",580,"Charles","FUL","-87.4","-87.4","-87.4","-87.4",-3,0,"0.1",50,33,19,9,213,"1.8","a",0,0,,"false"
"2026-09-19T05:50:22Z",610,"De Fougerolles","FUL","0.0","0.0","0.0","0.0",0,0,"0.1",40,0,43,0,0,"0.0","u",0,0,,"false"
"2026-09-19T05:50:22Z",626,"Zepa","FUL","-61.0","-61.8","-62.9","-63.9",-3,-2,"0.3",45,10,133,0,0,"0.0","a",0,0,,"false"
"2026-09-19T05:50:22Z",635,"Larsson","FUL","0.0","0.0","0.0","0.0",0,0,"0.0",50,5,3,2,24,"0.7","a",0,0,,"false"
"2026-09-19T05:50:22Z",636,"Ángel","FUL","0.0","0.0","0.0","0.0",0,0,"0.0",50,3,1,0,0,"0.0","a",0,0,,"false"
"2026-09-19T05:50:22Z",650,"Affengruber","FUL","0.3","0.3","0.3","0.3",1,0,"0.0",45,142,20,8,90,"2.7","a",0,0,,"false"
"2026-09-19T05:50:22Z",240,"Iroegbunam","HUL","0.1","0.1","0.1","0.1",1,0,"0.0",50,3,6,1,25,"0.2","a",0,0,,"false"
"2026-09-19T05:50:22Z",273,"Phillips","HUL","-23.0","-23.2","-23.4","-23.7",-2,-2,"1.4",40,233,169,0,0,"0.0","a",0,0,,"false"
"2026-09-19T05:50:22Z",274,"Butland","HUL","-91.1","-91.1","-91.1","-91.1",-3,0,"0.1",45,12,19,0,0,"0.0","i",0,0,,"false"
"2026-09-19T05:50:22Z",275,"Cartwright","HUL","0.0","0.0","0.0","0.0",0,0,"0.0",40,0,1,0,0,"0.0","u",0,0,,"false"
"2026-09-19T05:50:22Z",276,"Lo-Tutala","HUL","0.0","0.0","0.0","0.0",0,0,"0.0",40,0,12,0,0,"0.0","u",0,0,,"false"
"2026-09-19T05:50:22Z",277,"Egan","HUL","28.1","28.4","29.0","29.5",2,38,"7.1",41,4248,1002,25,360,"5.0","a",0,1,,"false"
"2026-09-19T05:50:22Z",278,"Hughes","HUL","0.9","0.8","0.8","0.8",1,-2,"0.2",39,371,114,0,0,"0.0","i",0,-1,,"false"
"2026-09-19T05:50:22Z",279,"Ajayi","HUL","73.8","74.9","76.5","78.1",3,116,"14.3",42,5978,1770,26,333,"5.2","a",0,2,,"false"
"2026-09-19T05:50:22Z",280,"Coyle","HUL","0.2","0.3","0.3","0.4",1,4,"0.7",40,243,88,13,258,"2.6","a",0,0,,"false"
"2026-09-19T05:50:22Z",281,"Drameh","HUL","0.0","0.0","0.0","0.0",0,-1,"0.0",40,0,19,2,65,"0.4","u",0,0,,"false"
"2026-09-19T05:50:22Z",282,"Giles","HUL","64.2","64.8","65.7","66.5",3,62,"2.9",40,4097,435,24,354,"4.8","a",0,0,,"false"
"2026-09-19T05:50:22Z",283,"Jacob","HUL","0.0","0.0","0.0","0.0",0,0,"0.0",40,0,2,0,0,"0.0","u",0,0,,"false"
"2026-09-19T05:50:22Z",284,"McCarthy","HUL","0.4","0.5","0.5","0.5",1,2,"0.1",40,50,19,0,0,"0.0","a",0,0,,"false"
"2026-09-19T05:50:22Z",285,"McNair","HUL","-30.5","-30.5","-30.5","-30.5",-2,0,"0.1",40,22,14,1,26,"0.2","a",0,0,,"false"
"2026-09-19T05:50:22Z",286,"Belloumi","HUL","18.1","19.1","20.5","21.9",1,104,"4.4",51,4609,730,27,312,"5.4","a",0,1,,"false"
"2026-09-19T05:50:22Z",287,"Millar","HUL","0.0","0.0","0.0","0.0",0,-3,"0.0",50,0,14,6,50,"1.2","u",0,0,,"false"
"2026-09-19T05:50:22Z",288,"Dowell","HUL","-66.8","-68.1","-70.0","-71.8",-3,-4,"0.3",45,50,96,0,0,"0.0","a",0,0,,"false"
"2026-09-19T05:50:22Z",289,"Crooks","HUL","0.0","0.1","0.1","0.2",1,4,"0.5",44,137,400,3,158,"0.6","a",-1,-1,,"false"
"2026-09-19T05:50:22Z",290,"Slater","HUL","75.9","75.9","75.9","75.8",3,-1,"5.5",45,1549,2524,13,360,"2.6","a",0,0,,"false"
"2026-09-19T05:50:22Z",291,"Matazo","HUL","-11.5","-11.5","-11.5","-11.5",-1,0,"0.0",45,4,6,0,0,"0.0","i",0,0,,"false"
"2026-09-19T05:50:22Z",292,"Ömür","HUL","0.0","0.0","0.0","0.0",0,0,"0.0",49,6,6,0,0,"0.0","a",0,-1,,"false"
"2026-09-19T05:50:22Z",293,"Kamara","HUL","0.0","0.0","0.0","0.0",0,0,"0.0",50,0,0,0,0,"0.0","u",0,0,,"false"
"2026-09-19T05:50:22Z",294,"Zambrano","HUL","-4.1","-4.1","-4.1","-4.1",-1,0,"0.1",45,19,13,0,0,"0.0","a",0,0,,"false"
"2026-09-19T05:50:22Z",295,"McBurnie","HUL","29.2","29.4","29.6","29.9",2,19,"2.0",55,884,1913,12,351,"2.4","a",0,0,,"false"
"2026-09-19T05:50:22Z",296,"Akintola","HUL","0.0","0.0","0.0","0.0",0,0,"0.0",50,0,23,0,0,"0.0","u",0,0,,"false"
"2026-09-19T05:50:22Z",297,"Gyabi","HUL","-91.0","-96.0","-102.8","-109.7",-4,-2,"0.0",45,3,9,0,0,"0.0","i",0,0,,"false"
"2026-09-19T05:50:22Z",298,"Destan","HUL","0.0","0.0","0.0","0.0",0,-4,"0.2",45,0,83,0,0,"0.0","u",0,0,,"false"
"2026-09-19T05:50:22Z",299,"Burstow","HUL","0.0","0.0","0.0","0.0",0,-1,"0.0",45,0,29,0,0,"0.0","u",0,0,,"false"
"2026-09-19T05:50:22Z",340,"Gelhardt","HUL","0.0","0.0","0.0","0.0",0,0,"0.0",50,9,7,0,0,"0.0","a",0,0,,"false"
"2026-09-19T05:50:22Z",556,"Targett","HUL","-52.7","-53.4","-54.5","-55.5",-3,-24,"1.7",40,6,680,1,5,"0.2","d",0,0,,"false"
"2026-09-19T05:50:22Z",563,"Morita","HUL","-71.9","-71.9","-71.9","-71.9",-3,0,"0.0",50,1,11,1,45,"0.2","i",0,0,,"false"
"2026-09-19T05:50:22Z",572,"Tzolakis","HUL","80.6","81.1","81.9","82.7",3,56,"11.5",46,5156,1113,28,360,"5.6","a",0,1,,"false"
"2026-09-19T05:50:22Z",574,"Hjertø-Dahl","HUL","-46.9","-46.9","-46.9","-46.9",-3,0,"0.1",49,6,20,1,8,"0.2","a",0,-1,,"false"
"2026-09-19T05:50:22Z",576,"Stroud","HUL","-29.0","-27.5","-25.5","-23.5",-2,1,"0.1",50,10,20,7,249,"1.4","a",0,0,,"false"
"2026-09-19T05:50:22Z",585,"Herrington","HUL","-21.2","-20.4","-19.3","-18.2",-2,5,"0.6",40,94,73,4,107,"0.8","a",0,0,,"false"
"2026-09-19T05:50:22Z",586,"Mendy","HUL","-42.8","-44.2","-46.0","-47.8",-3,-235,"6.5",41,95,6647,25,249,"5.0","i",0,1,,"false"
"2026-09-19T05:50:22Z",589,"Gourna-Douath","HUL","-57.6","-62.6","-69.5","-76.4",-3,-1,"0.0",50,5,6,3,126,"0.6","a",0,0,,"false"
"2026-09-19T05:50:22Z",617,"Cho","HUL","0.1","0.1","0.1","0.1",1,1,"0.0",50,15,6,3,45,"0.8","a",0,0,,"false"
"2026-09-19T05:50:22Z",632,"Ansah","HUL","-32.6","-34.1","-36.2","-38.3",-2,-1,"0.0",50,5,38,0,0,"0.0","i",0,0,,"false"
"2026-09-19T05:50:22Z",637,"Vaz","HUL","0.9","0.9","1.0","1.0",1,4,"0.1",50,164,56,1,8,"0.3","a",0,0,,"false"
"2026-09-19T05:50:22Z",638,"Norton-Cuffy","HUL","0.0","0.0","0.0","0.0",0,0,"0.3",40,101,89,1,34,"0.3","a",0,0,,"false"
"2026-09-19T05:50:22Z",642,"Thomas","HUL","0.2","0.2","0.2","0.3",1,2,"0.0",55,34,17,2,57,"0.7","a",0,0,,"false"
"2026-09-19T05:50:22Z",645,"Mouzakitis","HUL","0.0","0.0","0.0","0.0",0,0,"0.0",50,6,1,0,0,"0.0","a",0,0,,"false"
"2026-09-19T05:50:22Z",259,"Diop","IPS","-42.6","-42.8","-43.2","-43.6",-3,-34,"13.2",40,435,5154,8,360,"1.6","a",0,0,,"false"
"2026-09-19T05:50:22Z",267,"Lukić","IPS","-98.0","-98.0","-98.0","-98.0",-4,0,"0.1",50,10,30,9,328,"1.8","a",0,0,,"false"
"2026-09-19T05:50:22Z",300,"Walton","IPS","-11.8","-11.8","-11.8","-11.8",-1,0,"0.4",44,12,32,0,0,"0.0","a",0,-1,,"false"
"2026-09-19T05:50:22Z",301,"Palmer","IPS","-20.1","-20.0","-19.8","-19.7",-2,4,"4.0",40,446,778,0,0,"0.0","a",0,0,,"false"
"2026-09-19T05:50:22Z",302,"Button","IPS","1.1","1.1","1.1","1.1",1,0,"0.6",40,303,81,0,0,"0.0","a",0,0,,"false"
"2026-09-19T05:50:22Z",303,"Kipré","IPS","3.3","3.3","3.3","3.3",1,2,"0.9",39,712,202,0,0,"0.0","a",0,-1,,"false"
"2026-09-19T05:50:22Z",304,"O'Shea","IPS","-30.1","-30.3","-30.5","-30.7",-2,-4,"2.8",40,145,1871,8,360,"1.6","a",0,0,,"false"
"2026-09-19T05:50:22Z",305,"Davis","IPS","61.5","62.1","62.8","63.6",3,54,"6.8",40,6116,1298,23,360,"4.6","a",0,0,,"false"
"2026-09-19T05:50:22Z",306,"Greaves","IPS","-74.3","-74.5","-74.9","-75.3",-3,-3,"1.1",40,43,273,3,357,"0.6","a",0,0,,"false"
"2026-09-19T05:50:22Z",307,"Johnson","IPS","0.0","0.0","0.0","0.0",0,-2,"0.1",40,0,28,0,0,"0.0","u",0,0,,"false"
"2026-09-19T05:50:22Z",308,"Furlong","IPS","1.1","1.2","1.3","1.4",1,8,"0.6",39,1098,157,1,17,"0.2","a",0,-1,,"false"
"2026-09-19T05:50:22Z",309,"Núñez","IPS","-9.6","-12.9","-17.6","-22.2",-1,-4,"0.1",49,6,33,6,140,"1.2","a",0,-1,,"false"
"2026-09-19T05:50:22Z",310,"Matusiwa","IPS","0.0","0.0","0.0","0.0",0,0,"0.0",49,0,1,0,0,"0.0","a",0,-1,"2026-09-19T14:00:09.742968Z","false"
"2026-09-19T05:50:22Z",311,"Burns","IPS","0.0","0.0","0.0","0.0",0,0,"0.0",50,0,0,0,0,"0.0","u",0,0,,"false"
"2026-09-19T05:50:22Z",312,"Taylor","IPS","-98.7","-98.7","-98.7","-98.7",-4,0,"0.0",45,9,9,0,0,"0.0","i",0,0,,"false"
"2026-09-19T05:50:22Z",313,"Clarke","IPS","-58.7","-60.3","-62.6","-64.9",-3,-3,"0.2",54,10,62,9,105,"1.8","a",0,-1,,"false"
"2026-09-19T05:50:22Z",314,"Ogbene","IPS","0.0","0.0","0.0","0.0",0,0,"0.0",49,0,5,0,0,"0.0","u",0,-1,,"false"
"2026-09-19T05:50:22Z",315,"Fatawu","IPS","-4.3","-5.6","-7.4","-9.3",-1,-2,"0.2",54,14,34,9,286,"1.8","a",0,-1,,"false"
"2026-09-19T05:50:22Z",316,"Emersonn","IPS","75.1","76.4","78.3","80.2",3,138,"3.3",55,4619,618,24,237,"4.8","a",0,0,,"false"
"2026-09-19T05:50:22Z",317,"Hirst","IPS","0.0","0.0","0.0","0.0",0,0,"0.1",50,0,32,0,0,"0.0","u",0,0,,"false"
"2026-09-19T05:50:22Z",318,"Philogene","IPS","0.0","0.0","0.0","0.0",0,0,"0.1",54,3,5,1,28,"0.2","a",0,-1,"2026-09-19T14:00:09.771450Z","false"
"2026-09-19T05:50:22Z",319,"Szmodics","IPS","0.0","0.0","0.0","0.0",0,0,"0.0",50,0,1,0,0,"0.0","u",0,0,,"false"
"2026-09-19T05:50:22Z",320,"Akpom","IPS","24.3","24.4","24.5","24.6",2,9,"1.2",50,539,426,6,69,"1.2","a",0,0,,"false"
"2026-09-19T05:50:22Z",321,"Walle Egeli","IPS","39.4","39.4","39.3","39.2",2,-7,"3.6",45,1572,1626,1,10,"0.2","a",0,0,,"false"
"2026-09-19T05:50:22Z",322,"Al-Hamadi","IPS","0.0","0.0","0.0","0.0",0,-2,"0.1",50,0,25,0,0,"0.0","u",0,0,,"false"
"2026-09-19T05:50:22Z",323,"McAteer","IPS","-82.4","-83.2","-84.3","-85.3",-3,-8,"1.1",45,47,344,3,42,"0.6","a",0,0,,"false"
"2026-09-19T05:50:22Z",324,"Mehmeti","IPS","-97.2","-97.2","-97.2","-97.2",-4,0,"0.0",49,2,4,0,0,"0.0","a",0,-1,,"false"
"2026-09-19T05:50:22Z",554,"Van Oevelen","IPS","0.0","0.0","0.0","0.0",0,0,"0.0",45,0,7,0,0,"0.0","u",0,0,,"false"
"2026-09-19T05:50:22Z",562,"Maeda","IPS","-100.2","-101.7","-103.8","-105.9",-5,-4,"0.2",54,9,109,7,243,"1.4","a",0,-1,,"false"
"2026-09-19T05:50:22Z",564,"Scherpen","IPS","-22.2","-22.4","-22.6","-22.9",-2,-1,"0.6",45,57,107,7,360,"1.4","a",0,0,,"false"
"2026-09-19T05:50:22Z",571,"Florentino","IPS","-91.7","-91.7","-91.7","-91.7",-3,0,"0.1",49,4,26,1,13,"0.2","a",0,-1,,"false"
"2026-09-19T05:50:22Z",591,"Enciso","IPS","9.5","9.5","9.4","9.4",1,-5,"0.8",55,164,283,13,340,"2.6","a",0,0,,"false"
"2026-09-19T05:50:22Z",592,"Ouattara","IPS","-23.4","-23.9","-24.5","-25.2",-2,-4,"0.9",40,41,106,4,41,"0.8","a",0,0,,"false"
"2026-09-19T05:50:22Z",602,"Humphreys","IPS","0.0","0.0","0.0","0.0",0,0,"0.0",45,0,13,0,0,"0.0","u",0,0,,"false"
"2026-09-19T05:50:22Z",619,"Palacios","IPS","1.1","1.1","1.1","1.1",1,0,"0.1",50,76,36,9,195,"2.2","a",0,0,,"false"
"2026-09-19T05:50:22Z",640,"Flemming","IPS","0.5","0.6","0.7","0.7",1,5,"0.1",55,83,27,6,51,"2.0","a",0,0,,"false"
"2026-09-19T05:50:22Z",260,"Wilson","LEE","-12.6","-15.6","-19.7","-23.8",-1,-162,"2.0",62,4,4568,5,145,"1.0","i",0,-3,,"false"
"2026-09-19T05:50:22Z",326,"Perri","LEE","0.0","0.0","0.0","0.0",0,-4,"0.3",45,0,83,0,0,"0.0","u",0,0,,"false"
"2026-09-19T05:50:22Z",327,"Bijol","LEE","6.6","6.5","6.3","6.2",1,-11,"0.7",50,72,313,12,164,"2.4","a",0,0,,"false"
"2026-09-19T05:50:22Z",329,"Rodon","LEE","-0.2","-0.6","-1.2","-1.7",-1,-15,"0.8",43,2,1948,7,123,"1.4","i",-1,-2,,"false"
"2026-09-19T05:50:22Z",330,"Bogle","LEE","20.7","23.1","26.4","29.8",2,244,"5.9",46,9730,1103,37,299,"7.4","a",0,1,,"false"
"2026-09-19T05:50:22Z",331,"Gudmundsson","LEE","0.8","0.8","0.8","0.8",1,0,"0.1",45,22,20,8,162,"1.6","a",0,0,,"false"
"2026-09-19T05:50:22Z",332,"Justin","LEE","16.9","16.8","16.8","16.7",1,-6,"1.5",45,194,609,18,360,"3.6","a",0,0,,"false"
"2026-09-19T05:50:22Z",333,"Bornauw","LEE","0.0","0.0","0.0","0.0",0,0,"0.0",45,0,0,0,0,"0.0","u",0,0,,"false"
"2026-09-19T05:50:22Z",334,"Muharemović","LEE","34.7","34.8","35.0","35.1",2,12,"4.3",50,2230,1719,21,360,"4.2","a",0,0,,"false"
"2026-09-19T05:50:22Z",335,"Stach","LEE","20.7","20.5","20.1","19.8",2,-24,"2.6",60,404,1279,22,357,"4.4","a",0,0,,"false"
"2026-09-19T05:50:22Z",336,"Okafor","LEE","2.0","2.0","2.1","2.1",1,2,"0.4",58,191,154,15,224,"3.0","a",0,-2,,"false"
"2026-09-19T05:50:22Z",337,"Aaronson","LEE","-91.2","-92.3","-93.8","-95.4",-3,-6,"0.5",54,11,238,6,172,"1.2","a",0,-1,,"false"
"2026-09-19T05:50:22Z",338,"Ampadu","LEE","-13.5","-13.5","-13.5","-13.5",-1,0,"0.9",54,92,378,16,360,"3.2","a",0,-1,,"false"
"2026-09-19T05:50:22Z",339,"Longstaff","LEE","-60.1","-60.1","-60.1","-60.1",-3,0,"0.1",49,13,37,2,10,"0.4","a",0,-1,,"false"
"2026-09-19T05:50:22Z",341,"Gnonto","LEE","0.0","0.0","0.0","0.0",0,0,"0.0",50,0,3,0,0,"0.0","u",0,0,,"false"
"2026-09-19T05:50:22Z",342,"Harrison","LEE","0.0","0.0","0.0","0.0",0,0,"0.0",50,0,1,0,0,"0.0","u",0,0,,"false"
"2026-09-19T05:50:22Z",343,"James","LEE","-7.9","-7.9","-7.9","-7.9",-1,0,"0.1",49,15,31,2,29,"0.4","a",0,-1,,"false"
"2026-09-19T05:50:22Z",344,"Gruev","LEE","0.0","0.0","0.0","0.0",0,0,"0.0",50,4,0,0,0,"0.0","a",0,0,,"false"
"2026-09-19T05:50:22Z",345,"Tanaka","LEE","4.5","4.6","4.6","4.6",1,2,"0.3",49,192,85,12,188,"2.4","a",0,-1,,"false"
"2026-09-19T05:50:22Z",346,"Calvert-Lewin","LEE","71.3","73.1","75.7","78.3",3,189,"25.7",60,11613,12707,20,329,"4.0","a",0,0,,"false"
"2026-09-19T05:50:22Z",347,"Nmecha","LEE","-6.2","-7.3","-8.8","-10.3",-1,-5,"0.5",54,165,180,6,50,"1.2","a",0,-1,,"false"
"2026-09-19T05:50:22Z",348,"Piroe","LEE","0.0","0.0","0.0","0.0",0,-3,"0.1",50,0,25,0,0,"0.0","u",0,0,,"false"
"2026-09-19T05:50:22Z",349,"Mateo Joseph","LEE","-32.6","-32.6","-32.6","-32.6",-2,0,"0.1",45,46,44,0,0,"0.0","i",0,0,,"false"
"2026-09-19T05:50:22Z",385,"Trafford","LEE","28.9","28.7","28.5","28.2",2,-18,"5.4",50,535,1127,18,360,"3.6","a",0,0,,"false"
"2026-09-19T05:50:22Z",598,"Elvedi","LEE","0.6","0.6","0.6","0.6",1,0,"0.1",45,17,25,7,236,"1.4","a",0,0,,"false"
"2026-09-19T05:50:22Z",603,"Lienou","LEE","0.2","0.2","0.2","0.2",1,0,"0.1",40,33,37,0,0,"0.0","a",0,0,,"false"
"2026-09-19T05:50:22Z",604,"Cresswell","LEE","0.1","0.1","0.1","0.1",1,0,"0.1",45,24,43,0,0,"0.0","a",0,0,,"false"
"2026-09-19T05:50:22Z",625,"Cairns","LEE","0.4","0.4","0.4","0.4",1,0,"0.2",40,163,52,0,0,"0.0","a",0,0,,"false"
"2026-09-19T05:50:22Z",629,"Zetterer","LEE","2.4","2.4","2.5","2.5",1,3,"0.7",40,444,125,0,0,"0.0","a",0,0,,"false"
"2026-09-19T05:50:22Z",641,"Bard","LEE","0.0","0.0","0.0","0.0",0,0,"0.0",45,15,5,1,18,"0.3","a",0,0,,"false"
"2026-09-19T05:50:22Z",648,"Bahoya","LEE","-19.3","-19.3","-19.3","-19.3",-1,0,"0.0",50,10,15,0,0,"0.0","a",0,0,,"false"
"2026-09-19T05:50:22Z",350,"A.Becker","LIV","1.1","1.1","1.0","0.9",1,-6,"3.9",55,372,734,19,360,"3.8","a",0,0,,"false"
"2026-09-19T05:50:22Z",351,"Mamardashvili","LIV","-77.4","-78.3","-79.6","-80.9",-3,-1,"0.1",49,13,29,0,0,"0.0","a",0,-1,,"false"
"2026-09-19T05:50:22Z",352,"Woodman","LIV","-22.8","-22.7","-22.5","-22.4",-2,1,"1.0",40,75,124,0,0,"0.0","a",0,0,,"false"
"2026-09-19T05:50:22Z",353,"Pecsi","LIV","0.0","0.0","0.0","0.0",0,0,"0.0",40,0,3,0,0,"0.0","u",0,0,,"false"
"2026-09-19T05:50:22Z",354,"Jaros","LIV","0.0","0.0","0.0","0.0",0,0,"0.0",40,49,21,0,0,"0.0","i",0,0,,"false"
"2026-09-19T05:50:22Z",355,"Davies","LIV","0.1","0.1","0.1","0.1",1,0,"0.2",40,33,28,0,0,"0.0","a",0,0,,"false"
"2026-09-19T05:50:22Z",356,"Virgil","LIV","-51.7","-51.9","-52.2","-52.4",-3,-29,"16.4",65,904,4129,17,360,"3.4","a",0,0,,"false"
"2026-09-19T05:50:22Z",357,"Frimpong","LIV","-8.2","-9.1","-10.3","-11.5",-1,-16,"1.9",53,127,696,2,178,"0.4","a",0,-2,,"false"
"2026-09-19T05:50:22Z",358,"Kerkez","LIV","-81.9","-82.2","-82.6","-83.0",-3,-6,"2.3",54,132,875,7,295,"1.4","a",0,-1,,"false"
"2026-09-19T05:50:22Z",359,"Gomez","LIV","0.0","0.0","0.0","0.0",0,0,"0.0",49,23,4,0,0,"0.0","a",0,-1,"2026-09-22T14:30:07.295674Z","false"
"2026-09-19T05:50:22Z",360,"Bradley","LIV","-76.7","-76.7","-76.7","-76.7",-3,0,"0.0",50,3,5,0,0,"0.0","i",0,0,,"false"
"2026-09-19T05:50:22Z",361,"Lucky","LIV","-39.3","-39.3","-39.3","-39.3",-2,0,"0.1",40,24,27,0,0,"0.0","a",0,0,,"false"
"2026-09-19T05:50:22Z",362,"Jacquet","LIV","43.4","43.6","43.7","43.9",3,13,"3.3",50,1250,829,18,325,"3.6","a",0,0,,"false"
"2026-09-19T05:50:22Z",363,"Leoni","LIV","-48.4","-48.4","-48.4","-48.4",-3,0,"0.0",40,13,15,0,0,"0.0","i",0,0,,"false"
"2026-09-19T05:50:22Z",364,"Tsimikas","LIV","-30.8","-37.6","-46.9","-56.3",-2,-5,"0.1",49,4,18,2,64,"0.4","a",0,-1,,"false"
"2026-09-19T05:50:22Z",365,"Ramsay","LIV","0.0","0.0","0.0","0.0",0,-2,"0.1",40,0,36,0,0,"0.0","u",0,0,,"false"
"2026-09-19T05:50:22Z",366,"Wirtz","LIV","-12.6","-13.7","-15.3","-16.8",-1,-67,"6.1",73,145,4294,12,332,"2.4","a",0,-2,,"false"
"2026-09-19T05:50:22Z",367,"Gakpo","LIV","17.0","17.2","17.4","17.6",1,14,"12.8",72,3661,3748,29,280,"5.8","a",0,2,,"false"
"2026-09-19T05:50:22Z",368,"Szoboszlai","LIV","-68.6","-68.9","-69.3","-69.7",-3,-100,"34.5",70,2782,17280,18,360,"3.6","a",0,0,,"false"
"2026-09-19T05:50:22Z",369,"Ngumoha","LIV","-0.2","-0.2","-0.2","-0.2",-1,0,"0.5",57,61,200,4,99,"0.8","a",-1,-3,,"false"
"2026-09-19T05:50:22Z",370,"Chiesa","LIV","-0.2","-0.7","-1.5","-2.2",-1,-1,"0.0",53,0,20,0,0,"0.0","i",-1,-2,,"false"
"2026-09-19T05:50:22Z",371,"Gravenberch","LIV","-0.3","-0.8","-1.5","-2.2",-1,-10,"1.2",58,116,462,8,181,"1.6","a",-1,-2,,"false"
"2026-09-19T05:50:22Z",372,"Mac Allister","LIV","-29.0","-29.0","-29.0","-29.0",-2,0,"1.3",54,304,386,6,216,"1.2","a",0,-1,,"false"
"2026-09-19T05:50:22Z",373,"C.Jones","LIV","0.0","0.0","0.0","0.0",0,0,"0.0",55,0,6,0,0,"0.0","u",0,0,,"false"
"2026-09-19T05:50:22Z",374,"Endo","LIV","-35.2","-35.2","-35.2","-35.2",-2,0,"0.1",49,17,17,0,0,"0.0","a",0,-1,,"false"
"2026-09-19T05:50:22Z",375,"Nyoni","LIV","-52.4","-52.4","-52.4","-52.4",-3,0,"0.0",49,4,14,2,19,"0.4","a",0,-1,,"false"
"2026-09-19T05:50:22Z",376,"Bajcetic","LIV","0.0","0.0","0.0","0.0",0,0,"0.0",50,0,0,0,0,"0.0","u",0,0,,"false"
"2026-09-19T05:50:22Z",377,"Munoz","LIV","10.4","10.3","10.2","10.0",1,-11,"1.0",65,118,572,14,239,"2.8","a",0,0,,"false"
"2026-09-19T05:50:22Z",378,"McConnell","LIV","0.1","0.1","0.2","0.3",1,4,"0.2",44,95,70,0,0,"0.0","a",0,-1,,"false"
"2026-09-19T05:50:22Z",379,"Isak","LIV","-7.9","-7.4","-6.8","-6.2",-1,47,"21.9",91,4712,6186,25,333,"5.0","a",0,1,,"false"
"2026-09-19T05:50:22Z",380,"Ekitiké","LIV","-17.5","-17.1","-16.5","-16.0",-1,1,"0.1",74,38,62,0,0,"0.0","i",0,-1,,"false"
"2026-09-19T05:50:22Z",381,"Koumas","LIV","-84.5","-84.5","-84.5","-84.5",-3,0,"0.0",50,8,6,2,13,"0.4","a",0,0,,"false"
"2026-09-19T05:50:22Z",382,"Danns","LIV","2.9","3.0","3.1","3.2",1,6,"0.2",45,352,125,0,0,"0.0","a",0,0,,"false"
"2026-09-19T05:50:22Z",383,"Elliott","LIV","0.0","0.0","0.0","0.0",0,0,"0.0",54,0,17,0,0,"0.0","u",0,-1,,"false"
"2026-09-19T05:50:22Z",579,"Araujo","LIV","28.0","28.2","28.5","28.8",2,21,"2.9",54,949,565,15,194,"3.0","a",0,-1,,"false"
"2026-09-19T05:50:22Z",627,"Barcola","LIV","-39.8","-40.3","-41.1","-41.8",-3,-10,"1.9",80,642,932,4,97,"1.3","a",0,0,,"false"
"2026-09-19T05:50:22Z",155,"Enzo","MCI","-18.9","-18.5","-18.1","-17.7",-1,11,"3.5",69,1213,917,6,181,"1.2","a",0,-1,,"false"
"2026-09-19T05:50:22Z",237,"Ndiaye","MCI","-0.4","-1.2","-2.4","-3.7",-1,-106,"7.3",58,540,9539,17,311,"3.4","a",-1,-2,,"false"
"2026-09-19T05:50:22Z",384,"Donnarumma","MCI","-37.2","-37.4","-37.6","-37.8",-2,-12,"7.8",55,959,1333,17,360,"3.4","a",0,0,,"false"
"2026-09-19T05:50:22Z",386,"Bettinelli","MCI","-73.7","-73.7","-73.7","-73.7",-3,0,"0.0",45,5,3,0,0,"0.0","a",0,0,,"false"
"2026-09-19T05:50:22Z",387,"O'Reilly","MCI","-81.3","-82.0","-82.9","-83.7",-3,-73,"11.5",64,411,4151,5,158,"1.0","a",0,-1,,"false"
"2026-09-19T05:50:22Z",388,"Guéhi","MCI","67.4","67.4","67.4","67.4",3,0,"18.6",60,1884,1958,26,360,"5.2","a",0,0,,"false"
"2026-09-19T05:50:22Z",389,"Matheus N.","MCI","-25.1","-25.0","-24.8","-24.6",-2,1,"1.0",59,143,135,10,123,"2.0","a",0,-1,,"false"
"2026-09-19T05:50:22Z",390,"Rúben","MCI","5.0","5.0","5.1","5.1",1,4,"1.9",55,400,360,16,360,"3.2","a",0,0,,"false"
"2026-09-19T05:50:22Z",391,"Gvardiol","MCI","51.0","53.1","55.9","58.7",3,205,"25.9",57,13012,1513,33,344,"6.6","a",0,2,,"false"
"2026-09-19T05:50:22Z",392,"Aït-Nouri","MCI","-68.8","-69.3","-70.0","-70.7",-3,-2,"0.4",53,40,116,0,0,"0.0","a",0,-2,,"false"
"2026-09-19T05:50:22Z",393,"Khusanov","MCI","-5.6","-5.6","-5.6","-5.6",-1,0,"1.4",54,123,355,9,268,"1.8","a",0,-1,,"false"
"2026-09-19T05:50:22Z",394,"Alleyne","MCI","0.0","0.0","0.0","0.0",0,0,"0.0",50,0,4,0,0,"0.0","u",0,0,,"false"
"2026-09-19T05:50:22Z",395,"Lewis","MCI","-37.6","-38.7","-40.1","-41.5",-2,-2,"0.2",44,25,49,1,56,"0.2","a",0,-1,,"false"
"2026-09-19T05:50:22Z",396,"Vitor Reis","MCI","-70.2","-73.9","-79.1","-84.2",-3,-1,"0.0",45,6,12,1,1,"0.2","a",0,0,,"false"
"2026-09-19T05:50:22Z",397,"Semenyo","MCI","-53.7","-54.1","-54.6","-55.2",-3,-58,"14.7",84,741,5518,16,360,"3.2","a",0,-1,,"false"
"2026-09-19T05:50:22Z",398,"Foden","MCI","-19.0","-20.4","-22.3","-24.2",-2,-77,"2.0",69,15,3832,9,217,"1.8","s",0,-1,,"false"
"2026-09-19T05:50:22Z",399,"Cherki","MCI","-68.6","-69.4","-70.5","-71.5",-3,-79,"28.0",78,2760,8342,26,218,"5.2","a",0,3,,"false"
"2026-09-19T05:50:22Z",400,"Doku","MCI","-0.1","-0.1","-0.1","-0.1",-1,0,"0.7",74,37,138,0,0,"0.0","d",0,-1,"2026-09-26T13:30:09.795433Z","false"
"2026-09-19T05:50:22Z",402,"Rodrigo","MCI","0.0","0.0","0.0","0.0",0,0,"0.0",65,0,0,0,0,"0.0","u",0,0,,"false"
"2026-09-19T05:50:22Z",404,"Reijnders","MCI","0.0","0.0","0.0","0.0",0,0,"0.0",60,0,0,0,0,"0.0","u",0,0,,"false"
"2026-09-19T05:50:22Z",406,"Kovačić","MCI","-65.4","-65.4","-65.4","-65.4",-3,0,"0.1",54,8,25,2,42,"0.4","a",0,-1,,"false"
"2026-09-19T05:50:22Z",407,"Echeverri","MCI","0.0","0.0","0.0","0.0",0,0,"0.0",49,0,10,0,0,"0.0","u",0,-1,,"false"
"2026-09-19T05:50:22Z",408,"Phillips","MCI","0.0","0.0","0.0","0.0",0,0,"0.0",50,0,1,0,0,"0.0","u",0,0,,"false"
"2026-09-19T05:50:22Z",409,"Mukasa","MCI","0.0","0.0","0.0","0.0",0,-4,"0.1",45,0,49,0,0,"0.0","u",0,0,,"false"
"2026-09-19T05:50:22Z",410,"Monga","MCI","0.0","0.0","0.0","0.0",0,0,"0.0",49,0,7,0,0,"0.0","u",0,-1,,"false"
"2026-09-19T05:50:22Z",411,"Haaland","MCI","5.7","6.7","8.0","9.3",1,96,"73.3",156,4775,828,33,360,"6.6","a",0,1,,"false"
"2026-09-19T05:50:22Z",481,"Anderson","MCI","-17.8","-18.1","-18.4","-18.8",-1,-11,"4.2",63,808,1469,13,323,"2.6","a",0,-2,,"false"
"2026-09-19T05:50:22Z",587,"Rulli","MCI","-78.3","-78.3","-78.3","-78.3",-3,0,"0.0",50,4,6,0,0,"0.0","a",0,0,,"false"
"2026-09-19T05:50:22Z",616,"Bouaddi","MCI","0.2","0.2","0.2","0.3",1,3,"0.2",55,105,98,2,22,"0.5","a",0,0,,"false"
"2026-09-19T05:50:22Z",621,"McAidoo","MCI","-37.5","-33.4","-27.8","-22.2",-2,4,"0.1",45,23,57,2,11,"0.5","a",0,0,,"false"
"2026-09-19T05:50:22Z",622,"Braithwaite","MCI","-4.1","-5.6","-7.6","-9.6",-1,-3,"0.2",40,63,88,1,1,"0.2","a",0,0,,"false"
"2026-09-19T05:50:22Z",628,"Allan","MCI","0.1","0.1","0.1","0.1",1,0,"0.0",60,22,12,0,0,"0.0","a",0,0,,"false"
"2026-09-19T05:50:22Z",653,"Samba","MCI","0.0","0.0","0.0","0.0",0,0,"0.0",45,31,18,0,0,"0.0","a",0,0,,"false"
"2026-09-19T05:50:22Z",43,"Tielemans","MUN","-9.5","-10.2","-11.2","-12.2",-1,-11,"1.5",58,224,579,10,312,"2.0","a",0,-2,,"false"
"2026-09-19T05:50:22Z",131,"Baleba","MUN","0.0","0.0","0.0","0.0",0,0,"0.1",49,40,50,0,0,"0.0","d",0,-1,"2026-09-26T13:30:09.440487Z","false"
"2026-09-19T05:50:22Z",162,"Andrey Santos","MUN","-14.4","-15.4","-16.9","-18.4",-1,-6,"0.6",48,77,280,4,82,"0.8","a",0,-2,,"false"
"2026-09-19T05:50:22Z",325,"Darlow","MUN","-19.1","-19.1","-19.1","-19.1",-1,0,"0.0",45,9,4,0,0,"0.0","a",0,0,,"false"
"2026-09-19T05:50:22Z",412,"Lammens","MUN","-7.8","-8.2","-8.7","-9.2",-1,-38,"10.3",49,287,4001,7,360,"1.4","a",0,-1,,"false"
"2026-09-19T05:50:22Z",413,"Bayindir","MUN","0.0","0.0","0.0","0.0",0,0,"0.0",45,0,0,0,0,"0.0","u",0,0,,"false"
"2026-09-19T05:50:22Z",414,"Heaton","MUN","-30.3","-30.3","-30.3","-30.3",-2,0,"0.1",40,43,25,0,0,"0.0","i",0,0,,"false"
"2026-09-19T05:50:22Z",415,"Dorgu","MUN","-69.5","-69.9","-70.4","-70.9",-3,-2,"0.5",58,61,232,6,165,"1.2","a",0,-2,,"false"
"2026-09-19T05:50:22Z",416,"De Ligt","MUN","-85.4","-85.4","-85.4","-85.4",-3,0,"0.0",50,4,7,0,0,"0.0","i",0,0,,"false"
"2026-09-19T05:50:22Z",417,"Dalot","MUN","-55.5","-56.4","-57.6","-58.7",-3,-14,"1.7",49,59,482,6,256,"1.2","a",0,-1,,"false"
"2026-09-19T05:50:22Z",418,"Maguire","MUN","-81.1","-81.7","-82.5","-83.3",-3,-54,"9.2",49,279,12138,8,360,"1.6","a",0,-1,,"false"
"2026-09-19T05:50:22Z",419,"Martinez","MUN","-78.9","-79.0","-79.2","-79.5",-3,-2,"1.3",50,280,239,6,270,"1.2","a",0,0,,"false"
"2026-09-19T05:50:22Z",420,"Yoro","MUN","-0.1","-0.4","-0.7","-1.1",-1,-2,"0.5",48,27,100,2,22,"0.4","a",-1,-2,,"false"
"2026-09-19T05:50:22Z",421,"Heaven","MUN","-70.2","-71.2","-72.7","-74.2",-3,-3,"0.3",44,15,84,1,90,"0.2","a",0,-1,,"false"
"2026-09-19T05:50:22Z",422,"Mazraoui","MUN","-47.4","-48.2","-49.3","-50.4",-3,-4,"0.5",44,64,178,3,97,"0.6","a",0,-1,,"false"
"2026-09-19T05:50:22Z",423,"Shaw","MUN","-0.4","-1.3","-2.6","-3.9",-1,-234,"8.3",43,38,14600,7,252,"1.4","d",-1,-2,,"false"
"2026-09-19T05:50:22Z",424,"Amass","MUN","-33.9","-33.1","-32.1","-31.0",-2,2,"0.2",40,35,36,0,0,"0.0","a",0,0,,"false"
"2026-09-19T05:50:22Z",425,"Fredricson","MUN","0.0","0.0","0.0","0.0",0,0,"0.0",40,0,3,0,0,"0.0","u",0,0,,"false"
"2026-09-19T05:50:22Z",426,"B.Fernandes","MUN","-91.4","-91.6","-92.0","-92.3",-3,-91,"39.9",120,1973,16688,29,360,"5.8","a",0,0,,"false"
"2026-09-19T05:50:22Z",427,"Mbeumo","MUN","-54.3","-54.6","-55.1","-55.6",-3,-76,"21.5",79,2496,9350,23,360,"4.6","a",0,-1,,"false"
"2026-09-19T05:50:22Z",428,"Cunha","MUN","-89.0","-89.6","-90.3","-91.0",-3,-30,"5.7",79,315,1629,16,317,"3.2","a",0,-1,,"false"
"2026-09-19T05:50:22Z",429,"Rashford","MUN","-85.2","-86.4","-87.9","-89.5",-3,-18,"1.6",70,436,552,8,275,"1.6","a",0,0,,"false"
"2026-09-19T05:50:22Z",430,"Mount","MUN","0.1","0.1","0.1","0.1",1,0,"0.0",54,8,10,0,0,"0.0","a",0,-1,,"false"
"2026-09-19T05:50:22Z",431,"Amad","MUN","-5.1","-5.1","-5.1","-5.1",-1,0,"0.3",57,6,125,0,0,"0.0","i",0,-3,,"false"
"2026-09-19T05:50:22Z",432,"Mainoo","MUN","16.7","16.8","17.0","17.1",1,11,"1.6",55,758,372,18,275,"3.6","a",0,0,,"false"
"2026-09-19T05:50:22Z",433,"Ugarte","MUN","-62.7","-62.7","-62.7","-62.7",-3,0,"0.0",50,3,1,0,0,"0.0","i",0,0,,"false"
"2026-09-19T05:50:22Z",434,"J.Fletcher","MUN","-37.7","-37.7","-37.7","-37.7",-2,0,"0.0",49,1,7,0,0,"0.0","a",0,-1,,"false"
"2026-09-19T05:50:22Z",435,"Lacey","MUN","-8.7","-8.7","-8.7","-8.7",-1,0,"0.1",49,17,14,1,10,"0.2","a",0,-1,,"false"
"2026-09-19T05:50:22Z",436,"Collyer","MUN","0.0","0.0","0.0","0.0",0,0,"0.0",50,0,7,0,0,"0.0","u",0,0,,"false"
"2026-09-19T05:50:22Z",437,"Bendito Mantato","MUN","-84.9","-84.9","-84.9","-84.9",-3,0,"0.2",45,20,55,0,0,"0.0","a",0,0,,"false"
"2026-09-19T05:50:22Z",438,"Fletcher","MUN","0.2","0.2","0.2","0.2",1,0,"0.3",44,194,99,0,0,"0.0","a",0,-1,,"false"
"2026-09-19T05:50:22Z",439,"Šeško","MUN","-11.1","-10.4","-9.4","-8.5",-1,12,"1.8",70,1236,655,8,76,"1.6","a",0,0,,"false"
"2026-09-19T05:50:22Z",440,"Zirkzee","MUN","-0.1","-1.3","-3.0","-4.6",-1,-8,"0.4",53,102,215,1,7,"0.2","a",-1,-2,,"false"
"2026-09-19T05:50:22Z",441,"Obi","MUN","0.0","0.0","0.0","0.0",0,-29,"1.0",45,0,976,0,0,"0.0","u",0,0,,"false"
"2026-09-19T05:50:22Z",405,"N.Gonzalez","NEW","1.0","0.9","0.7","0.5",1,-14,"0.2",55,3,335,5,164,"1.0","i",0,0,,"false"
"2026-09-19T05:50:22Z",442,"Pope","NEW","-29.5","-29.5","-29.5","-29.5",-2,0,"1.0",49,66,151,0,0,"0.0","a",0,-1,,"false"
"2026-09-19T05:50:22Z",443,"Gillespie","NEW","-29.6","-29.6","-29.6","-29.6",-2,0,"0.0",45,5,3,0,0,"0.0","a",0,0,,"false"
"2026-09-19T05:50:22Z",444,"Jaouen","NEW","-0.3","-0.3","-0.3","-0.3",-1,0,"0.0",44,3,11,0,0,"0.0","d",-1,-1,,"false"
"2026-09-19T05:50:22Z",445,"Thiaw","NEW","16.4","16.4","16.5","16.5",1,2,"2.2",50,702,774,10,360,"2.0","a",0,0,,"false"
"2026-09-19T05:50:22Z",446,"Schär","NEW","-4.4","-4.4","-4.4","-4.4",-1,0,"0.2",49,22,51,1,1,"0.2","a",0,-1,,"false"
"2026-09-19T05:50:22Z",447,"Botman","NEW","8.0","8.0","8.1","8.2",1,6,"0.7",50,207,334,11,360,"2.2","a",0,0,,"false"
"2026-09-19T05:50:22Z",448,"Burn","NEW","-93.0","-93.4","-93.9","-94.4",-3,-8,"0.8",49,5,396,0,0,"0.0","i",0,-1,,"false"
"2026-09-19T05:50:22Z",449,"Hall","NEW","50.9","51.4","52.0","52.7",3,47,"14.9",52,5417,1929,18,359,"3.6","a",0,2,,"false"
"2026-09-19T05:50:22Z",450,"Livramento","NEW","2.0","2.0","2.0","2.0",1,0,"0.1",49,176,28,4,33,"0.8","a",0,-1,,"false"
"2026-09-19T05:50:22Z",451,"A.Murphy","NEW","0.0","0.0","0.0","0.0",0,-1,"0.1",40,0,14,0,0,"0.0","u",0,0,,"false"
"2026-09-19T05:50:22Z",453,"Barnes","NEW","0.2","0.4","0.7","1.0",1,61,"4.5",61,24484,817,19,360,"3.8","a",1,1,,"false"
"2026-09-19T05:50:22Z",454,"Elanga","NEW","-1.1","-3.5","-6.9","-10.3",-1,-671,"5.9",61,32,23041,18,232,"3.6","i",-1,1,,"false"
"2026-09-19T05:50:22Z",456,"J.Ramsey","NEW","-44.2","-46.3","-49.2","-52.1",-3,-16,"0.3",49,3,498,7,69,"1.4","i",0,-1,,"false"
"2026-09-19T05:50:22Z",457,"J.Murphy","NEW","-26.1","-26.1","-26.1","-26.1",-2,0,"0.1",59,62,37,2,91,"0.4","a",0,-1,,"false"
"2026-09-19T05:50:22Z",458,"Joelinton","NEW","-49.0","-49.0","-49.0","-49.0",-3,0,"0.0",54,1,6,0,0,"0.0","i",0,-1,,"false"
"2026-09-19T05:50:22Z",459,"L.Miley","NEW","0.6","0.6","0.6","0.6",1,0,"0.1",55,26,22,8,306,"1.6","a",0,0,,"false"
"2026-09-19T05:50:22Z",460,"Willock","NEW","11.0","11.0","10.9","10.8",1,-6,"0.5",50,120,200,12,198,"2.4","a",0,0,,"false"
"2026-09-19T05:50:22Z",461,"Touré","NEW","0.1","0.1","0.1","0.1",1,-1,"0.1",58,41,35,7,34,"1.4","a",0,-2,,"false"
"2026-09-19T05:50:22Z",462,"Steur","NEW","-44.1","-44.1","-44.1","-44.1",-3,0,"0.1",49,12,26,5,158,"1.0","a",0,-1,,"false"
"2026-09-19T05:50:22Z",463,"Woltemade","NEW","0.0","0.0","0.0","0.0",0,-14,"0.5",59,0,318,4,19,"0.8","u",0,-1,,"false"
"2026-09-19T05:50:22Z",464,"Wissa","NEW","82.6","83.7","85.3","86.8",3,114,"19.3",62,10401,3721,15,351,"3.0","a",0,2,,"false"
"2026-09-19T05:50:22Z",465,"Osula","NEW","-0.1","-0.6","-1.1","-1.7",-1,-6,"0.3",58,5,175,4,55,"0.8","i",-1,-2,,"false"
"2026-09-19T05:50:22Z",466,"Neave","NEW","0.0","0.0","0.0","0.0",0,-4,"0.5",45,0,268,0,0,"0.0","u",0,0,,"false"
"2026-09-19T05:50:22Z",559,"Bamba","NEW","-45.9","-45.9","-45.9","-45.9",-3,0,"0.1",49,11,21,2,24,"0.4","a",0,-1,,"false"
"2026-09-19T05:50:22Z",567,"Horníček","NEW","20.9","20.9","20.8","20.8",2,-4,"1.5",50,411,284,11,360,"2.2","a",0,0,,"false"
"2026-09-19T05:50:22Z",593,"Dedić","NEW","8.1","7.1","5.7","4.3",1,-101,"2.1",45,34,5625,13,327,"2.6","i",0,0,,"false"
"2026-09-19T05:50:22Z",609,"Shahar","NEW","0.0","0.0","0.0","0.0",0,-4,"0.2",40,0,141,0,0,"0.0","u",0,0,,"false"
"2026-09-19T05:50:22Z",634,"Fernandez-Pardo","NEW","0.4","0.4","0.5","0.5",1,2,"0.1",60,102,43,2,84,"0.7","a",0,0,,"false"
"2026-09-19T05:50:22Z",659,"Miley","NEW","0.0","0.0","0.0","0.0",0,0,"0.0",45,139,31,0,0,"0.0","a",0,0,"2026-09-27T21:39:41.033165Z","false"
"2026-09-19T05:50:22Z",167,"Delap","NFO","0.1","0.2","0.3","0.4",1,27,"2.9",56,15635,797,8,187,"1.6","a",1,1,,"false"
"2026-09-19T05:50:22Z",201,"Muñoz","NFO","-30.4","-30.5","-30.6","-30.8",-2,-7,"6.0",54,1337,1852,3,175,"0.6","a",0,-1,,"false"
"2026-09-19T05:50:22Z",467,"Sels","NFO","5.4","5.4","5.4","5.5",1,1,"1.6",50,194,300,12,360,"2.4","a",0,0,,"false"
"2026-09-19T05:50:22Z",468,"John","NFO","-61.1","-61.1","-61.1","-61.1",-3,0,"0.1",45,7,13,0,0,"0.0","a",0,0,,"false"
"2026-09-19T05:50:22Z",469,"N.Williams","NFO","28.7","28.8","28.9","29.0",2,7,"9.1",50,1523,2319,17,360,"3.4","a",0,0,,"false"
"2026-09-19T05:50:22Z",470,"Morato","NFO","0.0","0.0","0.0","0.0",0,0,"0.0",50,0,8,0,0,"0.0","u",0,0,,"false"
"2026-09-19T05:50:22Z",471,"Milenković","NFO","-0.3","-1.1","-2.1","-3.2",-1,-39,"1.1",54,7,1245,12,270,"2.4","i",-1,-1,,"false"
"2026-09-19T05:50:22Z",472,"Murillo","NFO","21.8","21.9","22.0","22.1",2,8,"2.1",55,602,311,19,359,"3.8","a",0,0,,"false"
"2026-09-19T05:50:22Z",473,"Aina","NFO","-78.2","-78.6","-79.3","-80.0",-3,-12,"2.6",45,166,1205,8,306,"1.6","a",0,0,,"false"
"2026-09-19T05:50:22Z",474,"Jair Cunha","NFO","-20.4","-21.6","-23.3","-24.9",-2,-4,"0.2",45,10,109,10,270,"2.0","d",0,0,,"false"
"2026-09-19T05:50:22Z",475,"Savona","NFO","-18.5","-18.5","-18.5","-18.5",-1,0,"0.0",45,0,0,0,0,"0.0","i",0,0,,"false"
"2026-09-19T05:50:22Z",476,"O.Richards","NFO","-52.9","-52.9","-52.9","-52.9",-3,0,"0.2",40,24,31,0,0,"0.0","a",0,0,,"false"
"2026-09-19T05:50:22Z",477,"Abbott","NFO","0.0","0.0","0.0","0.0",0,-3,"0.1",40,0,44,0,0,"0.0","u",0,0,,"false"
"2026-09-19T05:50:22Z",478,"Netz","NFO","0.0","0.0","0.0","0.0",0,1,"0.0",44,9,8,2,20,"0.4","a",0,-1,,"false"
"2026-09-19T05:50:22Z",479,"Bindon","NFO","0.0","0.0","0.0","0.0",0,0,"0.1",40,0,33,0,0,"0.0","u",0,0,,"false"
"2026-09-19T05:50:22Z",480,"Gibbs-White","NFO","55.1","55.8","56.9","58.0",3,78,"16.0",80,8865,2632,26,360,"5.2","a",0,0,,"false"
"2026-09-19T05:50:22Z",482,"Hudson-Odoi","NFO","-4.2","-4.2","-4.2","-4.2",-1,0,"0.2",58,32,49,1,1,"0.2","a",0,-2,,"false"
"2026-09-19T05:50:22Z",483,"Ndoye","NFO","15.0","15.0","15.0","15.0",1,-1,"0.8",55,82,449,14,258,"2.8","a",0,0,,"false"
"2026-09-19T05:50:22Z",484,"Hutchinson","NFO","0.0","0.0","0.0","0.0",0,-4,"0.1",54,0,25,0,0,"0.0","u",0,-1,,"false"
"2026-09-19T05:50:22Z",485,"Bakwa","NFO","0.0","0.0","0.0","0.0",0,0,"0.0",55,0,2,0,0,"0.0","u",0,0,,"false"
"2026-09-19T05:50:22Z",486,"McAtee","NFO","2.3","2.3","2.3","2.3",1,1,"0.1",55,35,43,10,334,"2.0","a",0,0,,"false"
"2026-09-19T05:50:22Z",487,"Dominguez","NFO","-41.9","-41.9","-41.9","-41.9",-3,0,"0.1",49,3,14,1,1,"0.2","a",0,-1,,"false"
"2026-09-19T05:50:22Z",488,"I.Sangaré","NFO","-67.5","-67.9","-68.4","-68.9",-3,-2,"0.4",49,27,259,3,98,"0.6","a",0,-1,,"false"
"2026-09-19T05:50:22Z",489,"Yates","NFO","-55.0","-56.0","-57.3","-58.6",-3,-12,"1.2",45,47,330,0,0,"0.0","a",0,0,,"false"
"2026-09-19T05:50:22Z",490,"Wood","NFO","-12.0","-12.6","-13.4","-14.2",-1,-5,"0.9",58,159,317,3,45,"0.6","a",0,-2,,"false"
"2026-09-19T05:50:22Z",491,"Igor Jesus","NFO","6.1","6.2","6.3","6.5",1,11,"2.8",58,796,952,11,226,"2.2","a",0,-2,,"false"
"2026-09-19T05:50:22Z",493,"Kalimuendo","NFO","0.1","0.1","0.1","0.1",1,0,"0.1",54,11,16,1,1,"0.2","a",0,-1,,"false"
"2026-09-19T05:50:22Z",558,"Schlager","NFO","0.6","0.6","0.6","0.6",1,0,"0.1",50,28,48,11,286,"2.2","a",0,0,,"false"
"2026-09-19T05:50:22Z",581,"Diomande","NFO","-42.3","-42.0","-41.6","-41.2",-3,2,"0.5",54,103,119,5,91,"1.0","a",0,-1,,"false"
"2026-09-19T05:50:22Z",590,"Benda","NFO","0.1","0.1","0.0","0.0",1,-1,"0.1",45,14,14,0,0,"0.0","a",0,0,,"false"
"2026-09-19T05:50:22Z",112,"Van Hecke","TOT","-20.1","-20.3","-20.5","-20.8",-2,-11,"6.7",49,764,1538,18,360,"3.6","a",0,-1,,"false"
"2026-09-19T05:50:22Z",147,"Tosin","TOT","-21.6","-21.6","-21.6","-21.6",-2,0,"0.2",44,16,21,1,5,"0.2","a",0,-1,,"false"
"2026-09-19T05:50:22Z",401,"Marmoush","TOT","39.5","39.6","39.8","40.0",2,15,"2.2",70,1273,893,6,249,"1.2","a",0,0,,"false"
"2026-09-19T05:50:22Z",403,"Sávio","TOT","11.6","11.6","11.6","11.6",1,2,"0.7",65,185,309,6,150,"1.2","a",0,0,,"false"
"2026-09-19T05:50:22Z",455,"Tonali","TOT","-0.2","-0.8","-1.5","-2.2",-1,-17,"2.0",53,160,946,12,344,"2.4","a",-1,-2,,"false"
"2026-09-19T05:50:22Z",494,"Vicario","TOT","0.0","0.0","0.0","0.0",0,-4,"0.1",45,0,39,0,0,"0.0","u",0,0,,"false"
"2026-09-19T05:50:22Z",495,"Austin","TOT","2.1","2.1","2.1","2.1",1,0,"1.0",40,171,107,0,0,"0.0","a",0,0,,"false"
"2026-09-19T05:50:22Z",496,"Kinsky","TOT","-36.3","-36.5","-36.7","-36.9",-2,-27,"18.2",45,1586,9685,16,360,"3.2","a",0,0,,"false"
"2026-09-19T05:50:22Z",497,"Dubravka","TOT","-18.9","-19.0","-19.2","-19.4",-1,-21,"17.5",40,2813,2839,0,0,"0.0","a",0,0,,"false"
"2026-09-19T05:50:22Z",498,"Senesi","TOT","-22.7","-23.3","-24.0","-24.8",-2,-20,"3.7",58,127,1068,3,90,"0.6","a",0,-2,,"false"
"2026-09-19T05:50:22Z",499,"Pedro Porro","TOT","-5.9","-6.1","-6.5","-6.8",-1,-21,"8.4",54,688,1547,8,180,"1.6","a",0,-1,,"false"
"2026-09-19T05:50:22Z",500,"Romero","TOT","0.0","0.0","0.0","0.0",0,0,"0.1",50,0,19,0,0,"0.0","u",0,0,,"false"
"2026-09-19T05:50:22Z",502,"Robertson","TOT","1.5","1.4","1.4","1.3",1,-6,"2.6",44,335,916,13,276,"2.6","a",0,-1,,"false"
"2026-09-19T05:50:22Z",503,"Van de Ven","TOT","-4.2","-4.3","-4.4","-4.5",-1,-3,"4.0",50,491,573,15,270,"3.0","a",0,0,,"false"
"2026-09-19T05:50:22Z",505,"Spence","TOT","0.0","0.0","0.0","0.0",0,0,"0.2",45,0,74,0,0,"0.0","u",0,0,,"false"
"2026-09-19T05:50:22Z",506,"Udogie","TOT","-2.8","-3.5","-4.5","-5.4",-1,-2,"0.3",44,33,72,7,86,"1.4","a",0,-1,,"false"
"2026-09-19T05:50:22Z",507,"Phillips","TOT","0.0","0.0","0.0","0.0",0,0,"0.0",45,0,4,0,0,"0.0","u",0,0,,"false"
"2026-09-19T05:50:22Z",508,"Davies","TOT","0.0","0.1","0.2","0.4",1,10,"0.8",39,136,169,0,0,"0.0","a",-1,-1,,"false"
"2026-09-19T05:50:22Z",509,"Byfield","TOT","0.0","0.0","0.0","0.0",0,0,"0.1",40,9,15,0,0,"0.0","a",0,0,,"false"
"2026-09-19T05:50:22Z",510,"Rowswell","TOT","-6.7","-5.3","-3.4","-1.5",-1,1,"0.1",40,12,19,0,0,"0.0","a",0,0,,"false"
"2026-09-19T05:50:22Z",511,"Souza","TOT","0.0","0.0","0.0","0.0",0,-4,"0.2",40,0,71,0,0,"0.0","u",0,0,,"false"
"2026-09-19T05:50:22Z",512,"Kudus","TOT","1.5","1.5","1.5","1.5",1,0,"0.1",65,85,60,3,78,"0.6","a",0,0,,"false"
"2026-09-19T05:50:22Z",513,"Xavi","TOT","-12.1","-12.1","-12.1","-12.1",-1,0,"0.0",59,2,7,0,0,"0.0","i",0,-1,,"false"
"2026-09-19T05:50:22Z",514,"Tel","TOT","-0.1","-1.0","-2.2","-3.4",-1,-3,"0.2",57,18,182,8,257,"1.6","a",-1,-3,,"false"
"2026-09-19T05:50:22Z",515,"Maddison","TOT","-48.7","-48.3","-47.7","-47.2",-3,2,"0.4",63,73,88,2,35,"0.4","a",0,-2,,"false"
"2026-09-19T05:50:22Z",516,"Bentancur","TOT","-57.6","-57.6","-57.6","-57.6",-3,0,"0.2",55,18,36,11,287,"2.2","a",0,0,,"false"
"2026-09-19T05:50:22Z",517,"Odobert","TOT","0.0","0.0","0.0","0.0",0,0,"0.0",55,2,0,0,0,"0.0","i",0,0,,"false"
"2026-09-19T05:50:22Z",518,"P.M.Sarr","TOT","0.0","0.0","0.0","0.0",0,-2,"0.1",49,0,50,0,0,"0.0","u",0,-1,,"false"
"2026-09-19T05:50:22Z",519,"Gallagher","TOT","-2.0","-2.0","-2.0","-2.0",-1,0,"0.2",53,36,41,3,128,"0.6","a",0,-2,,"false"
"2026-09-19T05:50:22Z",520,"Bergvall","TOT","-85.1","-85.1","-85.1","-85.1",-3,0,"0.1",54,6,19,2,72,"0.4","a",0,-1,,"false"
"2026-09-19T05:50:22Z",521,"Kulusevski","TOT","-85.4","-85.4","-85.4","-85.4",-3,0,"0.0",65,2,7,0,0,"0.0","i",0,0,,"false"
"2026-09-19T05:50:22Z",522,"Gray","TOT","-2.7","-3.8","-5.4","-6.9",-1,-2,"0.2",49,32,59,7,236,"1.4","a",0,-1,,"false"
"2026-09-19T05:50:22Z",523,"Moore","TOT","0.0","0.0","0.0","0.0",0,0,"0.1",50,0,47,3,89,"0.6","u",0,0,,"false"
"2026-09-19T05:50:22Z",524,"Olusesi","TOT","7.9","7.8","7.7","7.6",1,-7,"1.0",44,406,402,0,0,"0.0","a",0,-1,,"false"
"2026-09-19T05:50:22Z",525,"Fernandes","TOT","-79.6","-80.6","-81.9","-83.3",-3,-8,"0.8",58,49,298,6,204,"1.2","a",0,-2,,"false"
"2026-09-19T05:50:22Z",526,"Solanke","TOT","-5.3","-5.4","-5.5","-5.5",-1,-1,"0.8",58,176,284,5,105,"1.0","a",0,-2,,"false"
"2026-09-19T05:50:22Z",527,"Richarlison","TOT","0.0","0.0","0.0","0.0",0,-12,"0.7",59,0,668,2,67,"0.4","u",0,-1,,"false"
"2026-09-19T05:50:22Z",528,"Scarlett","TOT","0.0","0.0","0.0","0.0",0,-13,"1.2",45,0,490,0,0,"0.0","u",0,0,,"false"
"2026-09-19T05:50:22Z",578,"Mudryk","TOT","-99.5","-101.3","-103.6","-106.0",-5,-2,"0.0",54,2,43,1,16,"0.2","i",0,-1,,"false"
"2026-09-19T05:50:22Z",601,"Williams-Barnett","TOT","-24.8","-24.8","-24.8","-24.8",-2,0,"0.1",45,17,35,0,0,"0.0","a",0,0,,"false"
"2026-09-19T05:50:22Z",501,"Danso","SUN","-88.6","-87.7","-86.3","-85.0",-3,2,"0.2",50,71,45,3,180,"0.6","a",0,0,,"false"
"2026-09-19T05:50:22Z",529,"Roefs","SUN","-7.5","-7.6","-7.6","-7.6",-1,-1,"2.6",49,199,707,11,360,"2.2","a",0,-1,,"false"
"2026-09-19T05:50:22Z",530,"Patterson","SUN","0.0","0.0","0.0","0.0",0,0,"0.1",40,0,18,0,0,"0.0","u",0,0,,"false"
"2026-09-19T05:50:22Z",531,"Ellborg","SUN","-88.7","-88.7","-88.7","-88.7",-3,0,"0.1",45,7,13,0,0,"0.0","a",0,0,,"false"
"2026-09-19T05:50:22Z",532,"Ballard","SUN","-76.4","-76.7","-77.2","-77.6",-3,-8,"2.6",49,321,1668,12,360,"2.4","a",0,-1,,"false"
"2026-09-19T05:50:22Z",533,"Mukiele","SUN","-9.4","-9.8","-10.3","-10.8",-1,-7,"1.9",54,416,373,13,270,"2.6","a",0,-1,,"false"
"2026-09-19T05:50:22Z",534,"Hume","SUN","-0.3","-0.9","-1.6","-2.4",-1,-27,"3.0",43,88,6053,9,195,"1.8","a",-1,-2,,"false"
"2026-09-19T05:50:22Z",535,"Alderete","SUN","-99.5","-99.5","-99.5","-99.5",-4,0,"0.2",49,14,52,1,23,"0.2","a",0,-1,,"false"
"2026-09-19T05:50:22Z",536,"Reinildo","SUN","-100.4","-100.8","-101.4","-102.0",-5,-3,"0.3",45,8,236,7,360,"1.4","s",0,0,,"false"
"2026-09-19T05:50:22Z",537,"Seelt","SUN","0.0","0.0","0.0","0.0",0,0,"0.0",45,0,0,0,0,"0.0","u",0,0,,"false"
"2026-09-19T05:50:22Z",538,"Hjelde","SUN","0.0","0.0","0.0","0.0",0,-1,"0.0",40,0,9,0,0,"0.0","u",0,0,,"false"
"2026-09-19T05:50:22Z",539,"O'Nien","SUN","0.0","0.1","0.2","0.3",1,6,"2.4",39,230,1057,1,66,"0.2","a",-1,-1,,"false"
"2026-09-19T05:50:22Z",540,"Masuaku","SUN","0.0","0.0","0.0","0.0",0,-1,"0.1",40,0,29,0,0,"0.0","u",0,0,,"false"
"2026-09-19T05:50:22Z",541,"Meunier","SUN","-38.4","-38.4","-38.4","-38.4",-2,0,"0.3",45,84,36,11,318,"2.2","a",0,0,,"false"
"2026-09-19T05:50:22Z",542,"E.Le Fée","SUN","-0.2","-0.6","-1.3","-1.9",-1,-25,"3.5",57,486,3999,13,348,"2.6","a",-1,-3,,"false"
"2026-09-19T05:50:22Z",543,"Diarra","SUN","-74.7","-76.4","-78.8","-81.2",-3,-1,"0.0",54,0,15,5,28,"1.0","i",0,-1,,"false"
"2026-09-19T05:50:22Z",544,"Xhaka","SUN","-46.6","-47.1","-47.7","-48.3",-3,-17,"3.8",55,598,1150,19,360,"3.8","a",0,0,,"false"
"2026-09-19T05:50:22Z",545,"Sadiki","SUN","-50.1","-50.1","-50.1","-50.1",-3,0,"0.2",49,26,97,8,343,"1.6","a",0,-1,,"false"
"2026-09-19T05:50:22Z",546,"Adingra","SUN","0.0","0.0","0.0","0.0",0,0,"0.0",49,0,15,0,0,"0.0","u",0,-1,,"false"
"2026-09-19T05:50:22Z",547,"Mundle","SUN","-51.7","-51.7","-51.7","-51.7",-3,0,"0.0",49,2,5,1,1,"0.2","i",0,-1,,"false"
"2026-09-19T05:50:22Z",548,"Rigg","SUN","-48.5","-51.1","-54.7","-58.2",-3,-1,"0.0",49,1,6,2,17,"0.4","a",0,-1,,"false"
"2026-09-19T05:50:22Z",549,"Talbi","SUN","-9.3","-9.3","-9.3","-9.3",-1,0,"0.1",53,12,27,1,31,"0.2","a",0,-2,,"false"
"2026-09-19T05:50:22Z",550,"Jocelin.T","SUN","-79.3","-79.3","-79.3","-79.3",-3,0,"0.0",50,3,3,0,0,"0.0","a",0,0,,"false"
"2026-09-19T05:50:22Z",551,"N.Angulo","SUN","1.3","1.3","1.3","1.3",1,-1,"0.1",50,26,64,12,254,"2.4","a",0,0,,"false"
"2026-09-19T05:50:22Z",552,"Brobbey","SUN","-0.1","-0.3","-0.5","-0.7",-1,-15,"5.4",57,697,3118,7,309,"1.4","a",-1,-3,,"false"
"2026-09-19T05:50:22Z",553,"Isidor","SUN","6.8","6.8","6.7","6.6",1,-8,"1.3",55,282,441,14,95,"2.8","a",0,0,,"false"
"2026-09-19T05:50:22Z",612,"Methalie","SUN","0.0","0.0","0.0","0.0",0,0,"0.0",45,4,6,0,0,"0.0","a",0,0,,"false"
"2026-09-19T05:50:22Z",613,"Ahoka","SUN","-21.0","-20.1","-18.9","-17.7",-2,2,"0.2",45,41,94,0,0,"0.0","a",0,0,,"false"
"2026-09-19T05:50:22Z",646,"Fofana","SUN","-14.5","-14.5","-14.5","-14.5",-1,0,"0.0",55,29,18,2,30,"0.7","a",0,0,,"false"
"2026-09-19T05:50:22Z",651,"J.Angulo","SUN","4.4","4.6","4.8","5.1",1,19,"0.7",45,1023,345,0,0,"0.0","a",0,0,,"false"
"2026-09-19T08:18:05Z",1,"Raya","ARS","95.8","98.3","102.2","106.2",4,290,"41.5",60,16341,1556,29,360,"5.8","a",0,0,,"false"
"2026-09-19T08:18:05Z",2,"Arrizabalaga","ARS","-35.0","-35.0","-35.0","-35.0",-2,0,"0.1",49,11,13,0,0,"0.0","a",0,-1,,"false"
"2026-09-19T08:18:05Z",3,"Meslier","ARS","-24.1","-27.8","-33.7","-39.6",-2,-1,"0.0",49,3,10,0,0,"0.0","a",0,-1,,"false"
"2026-09-19T08:18:05Z",4,"Gabriel","ARS","-76.4","-76.4","-76.4","-76.5",-3,-6,"23.1",80,1445,6552,24,360,"4.8","a",0,0,,"false"
"2026-09-19T08:18:05Z",5,"J.Timber","ARS","7.2","7.3","7.5","7.7",1,14,"0.3",65,884,160,1,45,"0.2","a",0,0,,"false"
"2026-09-19T08:18:05Z",6,"Saliba","ARS","-17.3","-18.1","-19.3","-20.6",-1,-5,"0.2",59,23,100,0,0,"0.0","i",0,-1,,"false"
"2026-09-19T08:18:05Z",7,"Lewis-Skelly","ARS","-98.4","-99.5","-101.3","-103.1",-4,-8,"0.6",55,85,304,9,271,"1.8","a",0,0,,"false"
"2026-09-19T08:18:05Z",8,"Calafiori","ARS","86.4","87.6","89.6","91.6",3,144,"50.7",58,6713,2167,28,326,"5.6","a",0,3,,"false"
"2026-09-19T08:18:05Z",9,"Hincapie","ARS","-88.5","-90.1","-92.8","-95.4",-3,-17,"0.9",53,97,345,2,32,"0.4","a",0,-2,,"false"
"2026-09-19T08:18:05Z",10,"White","ARS","-25.8","-26.7","-28.2","-29.7",-2,-57,"5.5",55,681,5267,21,315,"4.2","a",0,0,,"false"
"2026-09-19T08:18:05Z",11,"Mosquera","ARS","-6.6","-7.2","-8.3","-9.4",-1,-13,"1.7",53,98,789,12,168,"2.4","a",0,-2,,"false"
"2026-09-19T08:18:05Z",12,"Saka","ARS","76.2","78.2","81.3","84.5",3,231,"13.1",95,10915,1771,30,336,"6.0","a",0,0,,"false"
"2026-09-19T08:18:05Z",13,"Rice","ARS","-25.0","-25.2","-25.5","-25.9",-2,-31,"12.4",74,969,1996,19,321,"3.8","a",0,-1,,"false"
"2026-09-19T08:18:05Z",14,"Eze","ARS","-76.3","-77.2","-78.6","-80.0",-3,-11,"1.0",63,171,419,3,68,"0.6","a",0,-2,,"false"
"2026-09-19T08:18:05Z",15,"Ødegaard","ARS","6.9","8.3","10.4","12.5",1,157,"20.1",68,8312,3289,27,305,"5.4","a",0,3,,"false"
"2026-09-19T08:18:05Z",16,"Madueke","ARS","-4.2","-6.0","-9.0","-12.0",-1,-4,"0.2",62,82,94,2,23,"0.4","a",0,-3,,"false"
"2026-09-19T08:18:05Z",17,"Merino","ARS","-63.6","-64.3","-65.3","-66.4",-3,-3,"0.4",58,64,175,3,51,"0.6","a",0,-2,,"false"
"2026-09-19T08:18:05Z",18,"Martinelli","ARS","0.0","0.0","0.0","0.0",0,0,"0.1",63,0,58,0,0,"0.0","u",0,-2,,"false"
"2026-09-19T08:18:05Z",19,"Zubimendi","ARS","-17.2","-19.0","-21.8","-24.7",-1,-12,"0.6",53,39,281,4,59,"0.8","a",0,-2,,"false"
"2026-09-19T08:18:05Z",20,"Dowman","ARS","-17.5","-17.5","-17.5","-17.5",-1,0,"0.1",53,29,36,0,0,"0.0","a",0,-2,,"false"
"2026-09-19T08:18:05Z",22,"Nwaneri","ARS","0.0","0.0","0.0","0.0",0,0,"0.0",54,0,4,0,0,"0.0","u",0,-1,,"false"
"2026-09-19T08:18:05Z",23,"Fábio Vieira","ARS","0.0","0.0","0.0","0.0",0,0,"0.0",55,0,7,0,0,"0.0","u",0,0,,"false"
"2026-09-19T08:18:05Z",24,"Nelson","ARS","0.0","0.0","0.0","0.0",0,0,"0.0",55,0,3,0,0,"0.0","u",0,0,,"false"
"2026-09-19T08:18:05Z",25,"Gyökeres","ARS","-98.5","-100.1","-102.6","-105.1",-5,-56,"3.2",72,589,1277,1,12,"0.2","a",0,-3,,"false"
"2026-09-19T08:18:05Z",26,"Havertz","ARS","10.6","12.9","16.5","20.1",1,267,"8.5",76,8359,2011,17,347,"3.4","a",0,1,,"false"
"2026-09-19T08:18:05Z",27,"G.Jesus","ARS","0.0","0.0","0.0","0.0",0,-6,"0.2",59,0,89,0,0,"0.0","u",0,-1,,"false"
"2026-09-19T08:18:05Z",31,"Konsa","ARS","0.2","0.5","0.9","1.4",1,88,"19.4",46,26628,1688,11,191,"2.2","a",1,1,,"false"
"2026-09-19T08:18:05Z",452,"Bruno G.","ARS","1.2","1.3","1.4","1.5",1,8,"1.8",67,436,307,8,64,"1.6","a",0,-3,,"false"
"2026-09-19T08:18:05Z",557,"Tzolis","ARS","-87.1","-88.0","-89.5","-91.0",-3,-139,"13.3",64,1141,13847,14,290,"2.8","a",0,-1,,"false"
"2026-09-19T08:18:05Z",29,"M.Bizot","AVL","-19.6","-21.5","-24.7","-27.8",-2,-8,"0.1",45,4,101,1,90,"0.2","i",0,0,,"false"
"2026-09-19T08:18:05Z",30,"Digne","AVL","0.0","0.0","0.0","0.0",0,-1,"0.1",45,0,20,0,0,"0.0","u",0,0,,"false"
"2026-09-19T08:18:05Z",32,"Cash","AVL","-5.3","-5.7","-6.4","-7.1",-1,-24,"5.1",44,308,1155,7,251,"1.4","a",0,-1,,"false"
"2026-09-19T08:18:05Z",33,"Mings","AVL","0.4","0.4","0.4","0.5",1,2,"0.4",45,101,96,7,171,"1.4","a",0,0,,"false"
"2026-09-19T08:18:05Z",34,"Pau","AVL","-69.9","-72.4","-76.4","-80.5",-3,-25,"0.3",45,2,383,3,187,"0.6","i",0,0,,"false"
"2026-09-19T08:18:05Z",35,"Bogarde","AVL","-84.1","-84.1","-84.1","-84.1",-3,0,"0.1",50,12,20,1,16,"0.2","a",0,0,,"false"
"2026-09-19T08:18:05Z",36,"Maatsen","AVL","-79.4","-81.2","-84.2","-87.2",-3,-33,"0.6",45,3,684,9,335,"1.8","i",0,0,,"false"
"2026-09-19T08:18:05Z",37,"Lindelöf","AVL","0.9","1.0","1.0","1.1",1,4,"0.3",45,75,79,7,360,"1.4","a",0,0,,"false"
"2026-09-19T08:18:05Z",38,"A.García","AVL","-22.2","-22.5","-22.8","-23.2",-2,-4,"1.6",40,214,330,0,0,"0.0","a",0,0,,"false"
"2026-09-19T08:18:05Z",39,"Nedeljkovic","AVL","0.0","0.0","0.0","0.0",0,0,"0.1",40,0,34,0,0,"0.0","u",0,0,,"false"
"2026-09-19T08:18:05Z",41,"Buendía","AVL","-84.0","-84.6","-85.6","-86.6",-3,-6,"0.9",59,133,504,9,311,"1.8","a",0,-1,,"false"
"2026-09-19T08:18:05Z",44,"Bailey","AVL","0.0","0.0","0.0","0.0",0,-4,"0.1",54,0,45,0,0,"0.0","u",0,-1,,"false"
"2026-09-19T08:18:05Z",45,"McGinn","AVL","-18.3","-18.2","-18.1","-18.1",-1,1,"2.2",54,360,596,11,351,"2.2","a",0,-1,,"false"
"2026-09-19T08:18:05Z",46,"Barkley","AVL","1.0","1.0","1.0","1.0",1,0,"0.3",50,64,96,9,302,"1.8","a",0,0,,"false"
"2026-09-19T08:18:05Z",47,"Kamara","AVL","-72.9","-73.2","-73.6","-74.1",-3,-1,"0.3",50,56,118,9,360,"1.8","a",0,0,,"false"
"2026-09-19T08:18:05Z",48,"Onana","AVL","-3.8","-3.8","-3.8","-3.8",-1,0,"0.0",49,4,5,0,0,"0.0","i",0,-1,,"false"
"2026-09-19T08:18:05Z",49,"Iling Jr","AVL","0.0","0.0","0.0","0.0",0,0,"0.0",50,0,0,0,0,"0.0","u",0,0,,"false"
"2026-09-19T08:18:05Z",50,"Burrowes","AVL","-51.1","-52.1","-53.8","-55.4",-3,-7,"0.6",45,66,207,0,0,"0.0","a",0,0,,"false"
"2026-09-19T08:18:05Z",51,"George Hemmings","AVL","14.8","14.7","14.6","14.4",1,-9,"1.2",45,294,740,8,279,"1.6","a",0,0,,"false"
"2026-09-19T08:18:05Z",52,"Alysson","AVL","0.3","0.3","0.3","0.3",1,0,"0.1",50,27,21,8,87,"1.6","a",0,0,,"false"
"2026-09-19T08:18:05Z",53,"Manzambi","AVL","0.0","0.0","0.0","0.0",0,0,"0.1",59,88,35,1,27,"0.2","a",0,-1,"2026-09-19T16:00:07.823042Z","false"
"2026-09-19T08:18:05Z",54,"Gomes","AVL","0.0","0.0","0.0","0.0",0,0,"0.0",55,28,5,-2,39,"-0.4","a",0,0,"2026-09-20T16:30:08.780195Z","false"
"2026-09-19T08:18:05Z",55,"Watkins","AVL","0.0","0.0","0.0","0.0",0,-88,"2.6",78,0,1093,0,0,"0.0","u",0,-2,,"false"
"2026-09-19T08:18:05Z",56,"Abraham","AVL","3.3","3.4","3.6","3.7",1,13,"0.2",55,222,88,3,69,"0.6","a",0,0,,"false"
"2026-09-19T08:18:05Z",160,"Garnacho","AVL","-24.1","-25.1","-26.6","-28.1",-2,-4,"0.3",58,57,180,3,31,"0.6","a",0,-2,,"false"
"2026-09-19T08:18:05Z",166,"N.Jackson","AVL","34.0","34.4","35.1","35.7",2,47,"1.2",65,941,543,4,199,"0.8","a",0,0,,"false"
"2026-09-19T08:18:05Z",582,"Madjo","AVL","-9.1","-9.1","-9.1","-9.1",-1,0,"0.2",54,10,89,0,0,"0.0","i",0,-1,,"false"
"2026-09-19T08:18:05Z",596,"Ruggeri","AVL","-82.5","-85.4","-90.1","-94.8",-3,-3,"0.1",45,25,29,2,23,"0.4","a",0,0,,"false"
"2026-09-19T08:18:05Z",597,"Suzuki","AVL","24.3","24.3","24.4","24.4",2,3,"1.8",50,396,411,14,270,"2.8","a",0,0,,"false"
"2026-09-19T08:18:05Z",606,"Rowe","AVL","0.4","0.3","0.3","0.2",1,-5,"0.2",40,34,62,0,0,"0.0","a",0,0,,"false"
"2026-09-19T08:18:05Z",607,"Lynch","AVL","0.0","0.0","0.0","0.0",0,-6,"0.1",45,0,25,0,0,"0.0","u",0,0,,"false"
"2026-09-19T08:18:05Z",611,"Wan-Bissaka","AVL","1.9","1.9","2.0","2.1",1,5,"0.2",45,116,78,5,107,"1.2","a",0,0,,"false"
"2026-09-19T08:18:05Z",618,"Goretzka","AVL","-9.0","-9.0","-9.0","-9.0",-1,0,"0.0",59,2,37,0,0,"0.0","i",0,-1,,"false"
"2026-09-19T08:18:05Z",630,"Harwood-Bellis","AVL","0.0","0.0","0.0","0.0",0,0,"0.0",45,24,6,0,0,"0.0","a",0,0,,"false"
"2026-09-19T08:18:05Z",631,"Mbaye","AVL","0.4","0.5","0.6","0.6",1,5,"0.1",60,124,41,1,27,"0.3","a",0,0,,"false"
"2026-09-19T08:18:05Z",57,"Petrović","BOU","1.3","1.2","1.1","0.9",1,-12,"3.0",45,506,999,7,360,"1.4","a",0,0,,"false"
"2026-09-19T08:18:05Z",58,"Forster","BOU","4.5","4.5","4.5","4.5",1,1,"3.5",40,957,340,0,0,"0.0","a",0,0,,"false"
"2026-09-19T08:18:05Z",59,"Dennis","BOU","0.0","0.0","0.0","0.0",0,0,"0.1",40,0,59,0,0,"0.0","u",0,0,,"false"
"2026-09-19T08:18:05Z",60,"Hill","BOU","-34.8","-35.6","-36.7","-37.8",-2,-6,"0.8",55,195,213,8,360,"1.6","a",0,0,,"false"
"2026-09-19T08:18:05Z",61,"Truffert","BOU","-93.1","-93.6","-94.4","-95.3",-3,-18,"3.1",55,380,717,8,360,"1.6","a",0,0,,"false"
"2026-09-19T08:18:05Z",62,"Diakité","BOU","-97.5","-96.6","-95.3","-94.0",-4,2,"0.2",50,68,61,0,0,"0.0","a",0,0,,"false"
"2026-09-19T08:18:05Z",63,"Milosavljević","BOU","-0.3","-0.3","-0.3","-0.3",-1,0,"0.0",49,4,4,0,0,"0.0","i",0,-1,,"false"
"2026-09-19T08:18:05Z",64,"Smith","BOU","0.3","0.3","0.2","0.2",1,-4,"0.1",45,30,29,2,360,"0.4","a",0,0,,"false"
"2026-09-19T08:18:05Z",65,"J.Araujo","BOU","-8.9","-8.9","-8.9","-8.9",-1,0,"0.0",44,3,4,0,0,"0.0","i",0,-1,,"false"
"2026-09-19T08:18:05Z",66,"Soler","BOU","1.4","1.4","1.4","1.4",1,0,"0.3",40,73,52,0,0,"0.0","a",0,0,,"false"
"2026-09-19T08:18:05Z",67,"Rayan","BOU","-0.2","-0.5","-1.1","-1.6",-1,-11,"1.6",63,326,633,8,347,"1.6","a",-1,-2,,"false"
"2026-09-19T08:18:05Z",68,"Tavernier","BOU","24.9","27.4","31.4","35.4",2,294,"6.5",61,12553,1571,29,350,"5.8","a",0,1,,"false"
"2026-09-19T08:18:05Z",69,"Scott","BOU","8.8","8.8","8.8","8.8",1,-1,"5.8",61,2451,1818,28,356,"5.6","a",0,1,,"false"
"2026-09-19T08:18:05Z",70,"Kluivert","BOU","-35.5","-33.7","-30.8","-27.9",-2,21,"1.0",60,610,334,15,294,"3.0","a",0,0,,"false"
"2026-09-19T08:18:05Z",71,"Cook","BOU","0.2","0.1","-1.5","-9.5",1,-10,"0.2",50,29,74,7,165,"1.4","a",0,0,,"false"
"2026-09-19T08:18:05Z",72,"Gannon-Doak","BOU","-41.9","-41.9","-41.9","-41.9",-3,0,"0.1",49,8,26,3,10,"0.6","a",0,-1,,"false"
"2026-09-19T08:18:05Z",73,"Adams","BOU","1.6","1.6","1.4","1.3",1,-10,"0.3",50,88,125,8,192,"1.6","a",0,0,,"false"
"2026-09-19T08:18:05Z",74,"Brooks","BOU","-5.5","-5.5","-5.5","-5.5",-1,0,"0.1",50,15,20,2,30,"0.4","a",0,0,,"false"
"2026-09-19T08:18:05Z",75,"Christie","BOU","0.3","0.3","0.3","0.3",1,0,"0.0",50,27,12,3,28,"0.6","a",0,0,,"false"
"2026-09-19T08:18:05Z",76,"Tóth.A","BOU","-3.1","-10.8","-23.3","-35.7",-1,-1,"0.0",49,2,5,1,15,"0.2","a",0,-1,,"false"
"2026-09-19T08:18:05Z",77,"Adli","BOU","-67.7","-67.7","-67.7","-67.7",-3,0,"0.0",49,1,5,0,0,"0.0","i",0,-1,,"false"
"2026-09-19T08:18:05Z",78,"Kroupi.Jr","BOU","-60.6","-60.6","-60.6","-60.6",-3,0,"0.2",74,10,62,0,0,"0.0","i",0,-1,,"false"
"2026-09-19T08:18:05Z",79,"Evanilson","BOU","48.4","48.9","49.8","50.7",3,66,"3.3",60,1911,1102,16,334,"3.2","a",0,0,,"false"
"2026-09-19T08:18:05Z",80,"Enes Ünal","BOU","0.0","0.0","0.0","0.0",0,-1,"0.0",55,0,5,0,0,"0.0","u",0,0,,"false"
"2026-09-19T08:18:05Z",81,"Rodríguez","BOU","-33.9","-33.9","-33.9","-33.9",-2,0,"0.1",60,75,40,2,10,"0.4","a",0,0,,"false"
"2026-09-19T08:18:05Z",566,"Silva","BOU","1.2","1.2","1.2","1.2",1,0,"0.4",50,511,200,10,360,"2.0","a",0,0,,"false"
"2026-09-19T08:18:05Z",573,"Sanchez","BOU","-4.7","-5.8","-7.5","-9.2",-1,-2,"0.2",44,13,22,0,0,"0.0","a",0,-1,,"false"
"2026-09-19T08:18:05Z",608,"Jebbison","BOU","0.5","0.5","0.6","0.6",1,3,"0.1",50,75,60,2,16,"0.4","a",0,0,,"false"
"2026-09-19T08:18:05Z",615,"Di Gregorio","BOU","-25.4","-22.3","-17.5","-12.6",-2,1,"0.0",45,15,13,0,0,"0.0","a",0,0,,"false"
"2026-09-19T08:18:05Z",82,"Kelleher","BRE","15.7","16.3","17.3","18.3",1,75,"6.1",50,1790,825,20,450,"4.0","a",0,0,,"false"
"2026-09-19T08:18:05Z",83,"Valdimarsson","BRE","-67.0","-67.0","-67.0","-67.0",-3,0,"0.1",45,31,31,0,0,"0.0","a",0,0,,"false"
"2026-09-19T08:18:05Z",84,"Collins","BRE","-9.6","-11.4","-14.2","-17.1",-1,-58,"1.0",54,10,973,10,196,"2.0","i",0,-1,,"false"
"2026-09-19T08:18:05Z",85,"Van den Berg","BRE","-62.2","-62.2","-62.2","-62.2",-3,0,"0.1",49,4,23,0,0,"0.0","i",0,-1,,"false"
"2026-09-19T08:18:05Z",86,"Lewis-Potter","BRE","32.9","32.6","32.1","31.6",2,-34,"1.8",55,408,1051,22,406,"4.4","a",0,0,,"false"
"2026-09-19T08:18:05Z",87,"Ajer","BRE","28.2","28.6","29.2","29.8",2,46,"4.0",45,1264,3129,21,450,"4.2","a",0,0,,"false"
"2026-09-19T08:18:05Z",88,"Kayode","BRE","-32.3","-32.1","-31.7","-31.4",-2,21,"7.7",46,1503,1833,23,294,"4.6","a",0,1,,"false"
"2026-09-19T08:18:05Z",89,"Henry","BRE","-5.6","-7.5","-10.5","-13.5",-1,-4,"0.2",44,23,59,1,2,"0.2","a",0,-1,,"false"
"2026-09-19T08:18:05Z",90,"Hickey","BRE","-26.5","-29.0","-33.1","-37.2",-2,-2,"0.1",45,19,21,5,152,"1.0","a",0,0,,"false"
"2026-09-19T08:18:05Z",92,"Ji-soo","BRE","-99.8","-99.8","-99.8","-99.8",-4,0,"0.0",45,12,11,0,0,"0.0","a",0,0,,"false"
"2026-09-19T08:18:05Z",93,"Schuster","BRE","0.1","2.0","5.1","8.1",1,224,"0.2",45,2424,81,21,253,"4.2","a",0,0,,"false"
"2026-09-19T08:18:05Z",94,"Schade","BRE","35.5","50.1","73.4","96.8",3,1713,"7.9",61,37207,1383,39,447,"7.8","a",0,1,,"false"
"2026-09-19T08:18:05Z",95,"O.Dango","BRE","-20.3","-22.3","-25.5","-28.6",-2,-11,"0.5",63,85,454,7,179,"1.4","a",0,-2,,"false"
"2026-09-19T08:18:05Z",96,"Damsgaard","BRE","-4.4","-1.9","0.1","0.3",-1,12,"0.4",54,198,150,16,283,"3.2","a",0,-1,,"false"
"2026-09-19T08:18:05Z",97,"Jensen","BRE","-38.0","-39.3","-41.3","-43.4",-2,-4,"0.1",54,5,49,6,66,"1.2","i",0,-1,,"false"
"2026-09-19T08:18:05Z",98,"Janelt","BRE","72.4","72.9","73.9","74.8",3,68,"2.5",50,2941,1132,28,450,"5.6","a",0,0,,"false"
"2026-09-19T08:18:05Z",99,"Milambo","BRE","-40.0","-40.0","-40.0","-40.0",-3,0,"0.0",50,2,3,0,0,"0.0","i",0,0,,"false"
"2026-09-19T08:18:05Z",100,"Carvalho","BRE","0.1","0.2","0.2","0.3",1,6,"0.0",50,103,13,6,3,"1.2","a",0,0,,"false"
"2026-09-19T08:18:05Z",102,"Yarmoliuk","BRE","-6.9","-6.6","-6.2","-5.8",-1,2,"0.7",48,110,198,9,216,"1.8","a",0,-2,,"false"
"2026-09-19T08:18:05Z",103,"Dasilva","BRE","-39.9","-39.9","-39.9","-39.9",-2,0,"0.0",49,1,6,0,0,"0.0","i",0,-1,,"false"
"2026-09-19T08:18:05Z",105,"Anthony","BRE","-0.0","0.2","0.5","0.8",1,22,"0.1",59,333,52,15,267,"3.0","a",0,-1,,"false"
"2026-09-19T08:18:05Z",106,"Thiago","BRE","-2.8","0.5","5.3","10.0",1,347,"8.9",78,6875,3946,10,442,"2.0","a",0,-2,,"false"
"2026-09-19T08:18:05Z",107,"Furo","BRE","2.4","2.0","1.4","0.7",1,-47,"1.0",45,82,858,0,0,"0.0","i",0,0,,"false"
"2026-09-19T08:18:05Z",108,"Wilson","BRE","-0.7","-2.4","-5.3","-8.2",-1,-11,"0.3",54,134,259,3,13,"0.6","a",-1,-1,,"false"
"2026-09-19T08:18:05Z",565,"M.Sangaré","BRE","-1.6","-4.6","-9.5","-14.4",-1,-648,"11.0",56,676,26177,22,321,"4.4","a",-1,1,,"false"
"2026-09-19T08:18:05Z",620,"Diouf","BRE","-26.2","-26.2","-26.2","-26.2",-2,0,"0.1",45,48,80,2,39,"0.5","a",0,0,,"false"
"2026-09-19T08:18:05Z",657,"Nunes","BRE","0.0","0.0","0.0","0.0",0,0,"0.0",45,54,23,0,0,"0.0","a",0,0,"2026-09-25T22:05:18.379374Z","false"
"2026-09-19T08:18:05Z",660,"Fredrick","BRE","0.0","0.0","0.0","0.0",0,0,"0.0",40,26,0,0,0,"0.0","a",0,0,"2026-10-01T21:16:22.650713Z","false"
"2026-09-19T08:18:05Z",661,"Balcombe","BRE","0.0","0.0","0.0","0.0",0,0,"0.0",40,233,21,0,0,"0.0","a",0,0,"2026-10-01T21:16:40.866514Z","false"
"2026-09-19T08:18:05Z",109,"Verbruggen","BHA","51.8","52.0","52.4","52.8",3,28,"21.7",45,3418,7409,17,360,"3.4","a",0,0,,"false"
"2026-09-19T08:18:05Z",111,"Steele","BHA","2.1","2.1","2.0","2.0",1,-4,"4.2",40,1056,746,0,0,"0.0","a",0,0,,"false"
"2026-09-19T08:18:05Z",113,"F.Kadıoğlu","BHA","-57.3","-57.6","-58.1","-58.6",-3,-6,"1.6",44,187,772,8,257,"1.6","a",0,-1,,"false"
"2026-09-19T08:18:05Z",114,"Boscagli","BHA","1.8","1.8","1.8","1.8",1,0,"0.3",45,60,53,13,347,"2.6","a",0,0,,"false"
"2026-09-19T08:18:05Z",115,"De Cuyper","BHA","13.5","18.8","27.2","35.7",1,620,"25.1",49,17736,1447,32,333,"6.4","a",0,4,,"false"
"2026-09-19T08:18:05Z",116,"Dunk","BHA","19.6","20.0","20.5","21.1",2,41,"1.5",45,1052,222,22,360,"4.4","a",0,0,,"false"
"2026-09-19T08:18:05Z",117,"Coppola","BHA","-15.1","-15.1","-15.1","-15.1",-1,0,"0.0",45,6,4,0,0,"0.0","a",0,0,,"false"
"2026-09-19T08:18:05Z",118,"Igor","BHA","0.0","0.0","0.0","0.0",0,-2,"0.0",45,0,29,0,0,"0.0","u",0,0,,"false"
"2026-09-19T08:18:05Z",119,"Costinha","BHA","-6.4","-3.4","0.0","0.0",-1,1,"0.0",45,6,7,3,54,"0.6","a",0,0,,"false"
"2026-09-19T08:18:05Z",120,"Svoboda","BHA","-2.7","-1.9","-0.5","0.0",-1,1,"0.1",50,33,24,0,0,"0.0","a",0,0,,"false"
"2026-09-19T08:18:05Z",121,"Mitoma","BHA","-20.5","-20.5","-20.5","-20.5",-2,0,"0.0",59,9,11,0,0,"0.0","i",0,-1,,"false"
"2026-09-19T08:18:05Z",122,"Minteh","BHA","-97.6","-97.6","-97.6","-97.6",-4,0,"0.0",59,4,14,0,0,"0.0","i",0,-1,,"false"
"2026-09-19T08:18:05Z",123,"Hinshelwood","BHA","-15.1","-16.9","-19.8","-22.7",-1,-35,"0.6",59,22,650,16,63,"3.2","i",0,-1,,"false"
"2026-09-19T08:18:05Z",124,"Groß","BHA","40.6","49.9","64.9","79.9",3,1101,"21.5",57,31823,1712,33,360,"6.6","a",0,2,,"false"
"2026-09-19T08:18:05Z",125,"Georginio","BHA","-99.9","-100.3","-100.9","-101.5",-5,-2,"0.5",54,144,259,5,90,"1.0","a",0,-1,,"false"
"2026-09-19T08:18:05Z",126,"O'Riley","BHA","-2.9","-4.7","-7.7","-10.7",-1,-2,"0.1",54,31,26,1,6,"0.2","a",0,-1,,"false"
"2026-09-19T08:18:05Z",127,"Gomez","BHA","32.1","31.7","31.0","30.3",2,-49,"4.2",50,346,4945,16,348,"3.2","a",0,0,,"false"
"2026-09-19T08:18:05Z",128,"Buonanotte","BHA","0.0","0.0","0.0","0.0",0,0,"0.0",50,0,1,0,0,"0.0","u",0,0,,"false"
"2026-09-19T08:18:05Z",129,"Ayari","BHA","-52.1","-53.8","-56.5","-59.2",-3,-7,"0.4",54,79,108,12,243,"2.4","a",0,-1,,"false"
"2026-09-19T08:18:05Z",130,"Wieffer","BHA","-8.0","-9.3","-11.3","-13.3",-1,-8,"0.2",49,1,146,7,156,"1.4","i",0,-1,,"false"
"2026-09-19T08:18:05Z",132,"Howell","BHA","0.0","0.0","0.0","0.0",0,0,"0.0",45,0,14,0,0,"0.0","u",0,0,,"false"
"2026-09-19T08:18:05Z",133,"Watson","BHA","0.0","0.0","0.0","0.0",0,0,"0.0",50,0,1,0,0,"0.0","u",0,0,,"false"
"2026-09-19T08:18:05Z",134,"Oriola","BHA","-54.3","-55.8","-58.1","-60.4",-3,-4,"0.2",45,28,65,0,0,"0.0","a",0,0,,"false"
"2026-09-19T08:18:05Z",135,"Yohanna","BHA","-73.9","-73.9","-73.9","-73.9",-3,0,"0.0",49,1,44,1,12,"0.2","i",0,-1,,"false"
"2026-09-19T08:18:05Z",137,"Tzimas","BHA","-0.7","-0.7","-0.7","-0.7",-1,0,"0.0",54,3,6,0,0,"0.0","i",0,-1,,"false"
"2026-09-19T08:18:05Z",138,"Kostoulas","BHA","33.5","34.7","36.7","38.7",2,145,"1.0",55,3555,281,18,278,"3.6","a",0,0,,"false"
"2026-09-19T08:18:05Z",139,"Ferguson","BHA","-46.5","-48.6","-52.1","-55.6",-3,-2,"0.0",50,8,20,0,0,"0.0","i",0,0,,"false"
"2026-09-19T08:18:05Z",328,"Struijk","BHA","-9.0","-9.0","-9.0","-9.0",-1,0,"0.2",49,15,42,2,13,"0.4","a",0,-1,,"false"
"2026-09-19T08:18:05Z",504,"Vuskovic","BHA","33.4","33.8","34.3","34.9",2,41,"3.2",50,1540,904,24,347,"4.8","a",0,0,,"false"
"2026-09-19T08:18:05Z",594,"David","BHA","0.0","0.0","0.0","0.0",0,1,"0.2",59,140,132,1,23,"0.2","a",-1,-1,,"false"
"2026-09-19T08:18:05Z",600,"Osman","BHA","-63.7","-57.4","-47.2","-37.0",-3,1,"0.0",50,3,5,3,40,"0.6","a",0,0,,"false"
"2026-09-19T08:18:05Z",605,"Yalcouyé","BHA","54.6","55.2","56.2","57.2",3,71,"4.1",45,3685,1113,19,231,"3.8","a",0,0,,"false"
"2026-09-19T08:18:05Z",614,"Hadjam","BHA","-5.9","0.0","0.1","0.1",0,3,"0.0",45,42,11,0,0,"0.0","a",0,0,,"false"
"2026-09-19T08:18:05Z",624,"Cozier-Duberry","BHA","0.0","0.0","0.0","0.0",0,0,"0.0",50,0,0,0,0,"0.0","u",0,0,,"false"
"2026-09-19T08:18:05Z",639,"Andrés","BHA","0.1","0.1","0.1","0.1",1,0,"0.0",55,21,7,4,25,"1.3","a",0,0,,"false"
"2026-09-19T08:18:05Z",652,"Azeez","BHA","-12.1","-12.1","-12.1","-12.1",-1,0,"0.0",55,2,4,0,0,"0.0","i",0,0,,"false"
"2026-09-19T08:18:05Z",658,"Ibrahim","BHA","0.0","0.0","0.0","0.0",0,0,"0.0",45,26,17,0,0,"0.0","a",0,0,"2026-09-26T17:44:20.289392Z","false"
"2026-09-19T08:18:05Z",28,"Martinez","CHE","2.4","1.3","-1.0","-4.7",1,-129,"4.9",50,678,2504,9,360,"1.8","a",0,0,,"false"
"2026-09-19T08:18:05Z",40,"Rogers","CHE","62.2","64.1","67.0","70.0",3,217,"40.0",77,15366,4103,29,437,"5.8","a",0,2,,"false"
"2026-09-19T08:18:05Z",101,"Henderson","CHE","0.0","0.0","0.0","0.0",0,0,"0.0",49,52,11,2,90,"0.4","a",0,-1,"2026-09-25T13:30:09.904003Z","false"
"2026-09-19T08:18:05Z",136,"Welbeck","CHE","7.5","7.5","7.3","7.2",1,-9,"1.0",59,2120,903,4,85,"0.8","a",0,-1,,"false"
"2026-09-19T08:18:05Z",140,"Sánchez","CHE","0.0","0.0","0.0","0.0",0,-27,"0.7",49,0,460,2,90,"0.4","u",0,-1,,"false"
"2026-09-19T08:18:05Z",141,"Jörgensen","CHE","0.0","0.0","0.0","0.0",0,0,"0.0",50,0,5,0,0,"0.0","u",0,0,,"false"
"2026-09-19T08:18:05Z",142,"James","CHE","-50.2","-53.7","-59.2","-64.8",-3,-471,"6.5",54,70,9497,3,292,"0.6","d",0,-1,,"false"
"2026-09-19T08:18:05Z",143,"Chalobah","CHE","0.0","0.0","0.0","0.0",0,0,"0.1",55,0,29,0,0,"0.0","u",0,0,,"false"
"2026-09-19T08:18:05Z",144,"Gusto","CHE","-84.3","-86.8","-90.8","-94.8",-3,-28,"1.0",50,182,771,4,272,"0.8","a",0,0,,"false"
"2026-09-19T08:18:05Z",145,"Fofana","CHE","3.6","3.6","3.6","3.6",1,-3,"0.2",50,278,138,8,312,"1.6","a",0,0,,"false"
"2026-09-19T08:18:05Z",146,"B.Badiashile","CHE","0.0","0.0","0.0","0.0",0,0,"0.0",45,0,7,0,0,"0.0","u",0,0,,"false"
"2026-09-19T08:18:05Z",148,"Hato","CHE","13.7","13.4","12.9","12.4",1,-36,"0.9",45,86,1040,8,258,"1.6","a",0,0,,"false"
"2026-09-19T08:18:05Z",149,"Colwill","CHE","-0.5","-1.9","-4.1","-6.3",-1,-24,"0.9",48,123,827,3,341,"0.6","a",-1,-2,,"false"
"2026-09-19T08:18:05Z",150,"M.Sarr","CHE","0.0","0.0","0.0","0.0",0,-2,"0.0",45,0,13,0,0,"0.0","u",0,0,,"false"
"2026-09-19T08:18:05Z",151,"Acheampong","CHE","0.3","0.2","0.2","0.1",1,-4,"0.4",45,52,200,5,221,"1.0","a",0,0,,"false"
"2026-09-19T08:18:05Z",152,"Palestra","CHE","-0.0","-0.0","-0.0","-0.0",0,0,"0.6",53,11,384,0,0,"0.0","d",0,-2,"2026-09-25T13:30:10.008957Z","false"
"2026-09-19T08:18:05Z",154,"Palmer","CHE","30.8","28.3","24.2","20.1",2,-301,"27.0",97,5598,9357,28,442,"5.6","a",0,2,,"false"
"2026-09-19T08:18:05Z",156,"Neto","CHE","1.0","0.8","0.4","0.1",1,-24,"1.4",65,524,811,14,332,"2.8","a",0,0,,"false"
"2026-09-19T08:18:05Z",157,"Estêvão","CHE","-12.9","-14.8","-17.9","-20.9",-1,-15,"0.7",63,161,387,4,23,"0.8","a",0,-2,,"false"
"2026-09-19T08:18:05Z",158,"Gittens","CHE","-92.4","-92.4","-92.4","-92.4",-3,0,"0.0",59,16,12,0,0,"0.0","a",0,-1,,"false"
"2026-09-19T08:18:05Z",159,"Caicedo","CHE","-0.0","-0.0","-0.0","-0.0",0,0,"1.1",53,30,841,1,13,"0.2","d",0,-2,"2026-09-25T13:30:10.038499Z","false"
"2026-09-19T08:18:05Z",161,"Lavia","CHE","5.2","5.1","4.9","4.7",1,-12,"0.2",50,58,252,11,258,"2.2","a",0,0,,"false"
"2026-09-19T08:18:05Z",163,"D.Essugo","CHE","0.0","0.0","0.0","0.0",0,-2,"0.1",45,0,64,0,0,"0.0","u",0,0,,"false"
"2026-09-19T08:18:05Z",164,"Quenda","CHE","-8.6","-8.6","-8.6","-8.6",-1,0,"0.0",53,11,16,2,27,"0.4","a",0,-2,,"false"
"2026-09-19T08:18:05Z",165,"João Pedro","CHE","-47.6","-55.9","-69.1","-82.4",-3,-1801,"68.5",78,3785,42250,33,360,"6.6","d",0,3,,"false"
"2026-09-19T08:18:05Z",168,"Marc Guiu","CHE","0.0","0.0","0.0","0.0",0,-11,"0.2",50,0,121,0,0,"0.0","u",0,0,,"false"
"2026-09-19T08:18:05Z",169,"Mheuka","CHE","3.7","3.9","4.2","4.5",1,22,"0.5",45,486,240,0,0,"0.0","a",0,0,,"false"
"2026-09-19T08:18:05Z",170,"Emegha","CHE","-74.0","-76.3","-79.8","-83.4",-3,-8,"0.1",50,5,95,0,0,"0.0","i",0,0,,"false"
"2026-09-19T08:18:05Z",200,"Lacroix","CHE","-0.4","-1.3","-2.9","-4.5",-1,-133,"7.0",59,571,3159,13,364,"2.6","a",-1,-1,,"false"
"2026-09-19T08:18:05Z",560,"Penders","CHE","0.0","0.0","0.0","0.0",0,0,"0.1",44,18,22,0,0,"0.0","a",0,-1,,"false"
"2026-09-19T08:18:05Z",561,"Anselmino","CHE","0.0","-10.2","-35.4","-60.5",-1,-4,"0.0",45,14,21,0,0,"0.0","a",0,0,,"false"
"2026-09-19T08:18:05Z",568,"Barco","CHE","-4.8","-7.7","-12.3","-17.0",-1,-4,"0.1",54,52,47,3,115,"0.6","a",0,-1,,"false"
"2026-09-19T08:18:05Z",583,"Chavarria","CHE","-43.1","-45.5","-49.3","-53.1",-3,-4,"0.1",49,72,55,5,208,"1.0","a",0,-1,,"false"
"2026-09-19T08:18:05Z",662,"Nicoll-Jazuli","CHE","0.0","0.0","0.0","0.0",0,0,"0.0",45,15,2,1,3,"1.0","a",0,0,"2026-10-01T21:17:24.996715Z","false"
"2026-09-19T08:18:05Z",91,"Pinnock","COV","-82.0","-86.6","-94.1","-101.6",-3,-4,"0.1",45,13,22,6,192,"1.2","a",0,0,,"false"
"2026-09-19T08:18:05Z",104,"Onyeka","COV","-20.5","-24.1","-29.9","-35.6",-2,-4,"0.1",49,6,41,6,224,"1.2","a",0,-1,,"false"
"2026-09-19T08:18:05Z",110,"Rushworth","COV","-54.2","-55.1","-56.6","-58.0",-3,-8,"0.8",45,44,1016,5,360,"1.0","a",0,0,,"false"
"2026-09-19T08:18:05Z",171,"Dovin","COV","0.0","0.0","0.0","0.0",0,-14,"1.0",40,0,384,0,0,"0.0","u",0,0,,"false"
"2026-09-19T08:18:05Z",172,"Wilson","COV","-1.2","-1.7","-2.5","-3.3",-1,-2,"0.4",44,15,45,0,0,"0.0","a",0,-1,,"false"
"2026-09-19T08:18:05Z",173,"Thomas","COV","14.5","14.2","13.7","13.1",1,-39,"8.6",40,983,4324,15,347,"3.0","a",0,0,,"false"
"2026-09-19T08:18:05Z",174,"Kitching","COV","0.0","0.0","0.0","0.0",0,-14,"0.4",40,0,153,0,0,"0.0","u",0,0,,"false"
"2026-09-19T08:18:05Z",175,"van Ewijk","COV","-57.4","-57.8","-58.5","-59.2",-3,-46,"9.5",40,324,6373,6,360,"1.2","a",0,0,,"false"
"2026-09-19T08:18:05Z",176,"Dasilva","COV","-56.0","-56.5","-57.3","-58.2",-3,-4,"0.7",40,22,114,5,354,"1.0","a",0,0,,"false"
"2026-09-19T08:18:05Z",177,"Kesler-Hayden","COV","0.0","0.0","0.0","0.0",0,1,"0.0",39,30,21,0,0,"0.0","i",-1,-1,,"false"
"2026-09-19T08:18:05Z",178,"Bidwell","COV","-23.3","-23.3","-23.3","-23.3",-2,0,"0.1",40,17,15,0,0,"0.0","a",0,0,,"false"
"2026-09-19T08:18:05Z",179,"Latibeaudiere","COV","-63.4","-63.4","-63.4","-63.4",-3,0,"0.0",40,7,4,0,0,"0.0","a",0,0,,"false"
"2026-09-19T08:18:05Z",180,"Woolfenden","COV","-79.4","-80.3","-81.9","-83.5",-3,-4,"0.1",40,4,39,0,0,"0.0","i",0,0,,"false"
"2026-09-19T08:18:05Z",181,"Brau","COV","0.0","0.0","0.0","0.0",0,-1,"0.0",40,0,7,0,0,"0.0","u",0,0,,"false"
"2026-09-19T08:18:05Z",182,"Amenda","COV","-46.2","-47.7","-50.2","-52.7",-3,-22,"0.7",40,5,846,4,360,"0.8","d",0,0,,"false"
"2026-09-19T08:18:05Z",183,"Rudoni","COV","-4.7","-4.7","-4.7","-4.7",-1,0,"0.1",49,20,52,8,224,"1.6","a",0,-1,,"false"
"2026-09-19T08:18:05Z",184,"Grimes","COV","-12.5","-12.5","-12.5","-12.5",-1,0,"0.1",49,17,119,8,353,"1.6","a",0,-1,,"false"
"2026-09-19T08:18:05Z",185,"Sakamoto","COV","-4.9","-9.5","-16.9","-24.3",-1,-3,"0.1",48,9,25,1,31,"0.2","a",0,-2,,"false"
"2026-09-19T08:18:05Z",186,"Mason-Clark","COV","-87.2","-87.2","-87.2","-87.2",-3,0,"0.1",54,5,25,4,186,"0.8","a",0,-1,,"false"
"2026-09-19T08:18:05Z",187,"Eccles","COV","-96.9","-96.9","-96.9","-96.9",-4,0,"0.0",49,2,11,0,0,"0.0","i",0,-1,,"false"
"2026-09-19T08:18:05Z",188,"Torp","COV","-0.3","-1.3","-3.0","-4.6",-1,-2,"0.1",53,3,31,3,53,"0.6","a",-1,-2,,"false"
"2026-09-19T08:18:05Z",189,"Shepherd","COV","0.2","0.2","0.3","0.4",1,5,"0.2",44,1008,122,0,0,"0.0","a",0,-1,,"false"
"2026-09-19T08:18:05Z",190,"Tchaouna","COV","-58.4","-59.5","-61.2","-63.0",-3,-1,"0.1",54,2,33,4,166,"0.8","a",0,-1,,"false"
"2026-09-19T08:18:05Z",191,"Borges Rodrigues","COV","0.0","0.0","0.0","0.0",0,-4,"0.1",45,0,41,0,0,"0.0","u",0,0,,"false"
"2026-09-19T08:18:05Z",192,"Andrews","COV","0.0","0.0","0.0","0.0",0,-8,"0.3",45,0,173,0,0,"0.0","u",0,0,,"false"
"2026-09-19T08:18:05Z",193,"Wright","COV","-76.2","-78.0","-80.8","-83.6",-3,-4,"0.1",54,8,40,0,0,"0.0","i",0,-1,,"false"
"2026-09-19T08:18:05Z",194,"Thomas-Asante","COV","1.6","1.6","1.5","1.4",1,-5,"0.7",50,221,344,5,137,"1.0","a",0,0,,"false"
"2026-09-19T08:18:05Z",195,"Simms","COV","-82.9","-83.9","-85.6","-87.3",-3,-8,"0.7",50,114,362,3,88,"0.6","a",0,0,,"false"
"2026-09-19T08:18:05Z",196,"Markelo","COV","0.0","0.0","0.0","0.0",0,0,"0.0",50,0,6,0,0,"0.0","u",0,0,,"false"
"2026-09-19T08:18:05Z",197,"Bassette","COV","0.0","0.0","0.0","0.0",0,0,"0.0",45,0,16,0,0,"0.0","u",0,0,,"false"
"2026-09-19T08:18:05Z",492,"Awoniyi","COV","-0.5","-1.7","-3.5","-5.4",-1,-27,"0.4",54,8,640,3,232,"0.6","s",-1,-1,,"false"
"2026-09-19T08:18:05Z",575,"Yirenkyi","COV","-89.0","-90.2","-92.2","-94.1",-3,-2,"0.1",49,3,123,6,175,"1.2","a",0,-1,,"false"
"2026-09-19T08:18:05Z",584,"Hamer","COV","-57.9","-59.4","-61.7","-64.0",-3,-2,"0.1",54,4,23,3,32,"0.6","a",0,-1,,"false"
"2026-09-19T08:18:05Z",599,"Cherif","COV","0.0","0.0","0.0","0.0",0,-1,"0.1",50,57,47,1,30,"0.2","a",0,0,,"false"
"2026-09-19T08:18:05Z",623,"Bentley","COV","1.2","1.3","1.3","1.3",1,1,"0.6",40,740,79,0,0,"0.0","a",0,0,,"false"
"2026-09-19T08:18:05Z",655,"Gboho","COV","0.0","0.0","0.0","0.0",0,0,"0.0",55,9,5,0,0,"0.0","a",0,0,"2026-09-23T15:00:18.732507Z","false"
"2026-09-19T08:18:05Z",656,"Mfuni","COV","0.0","0.0","0.0","0.0",0,0,"0.1",40,45,41,0,0,"0.0","a",0,0,"2026-09-24T14:54:23.064516Z","false"
"2026-09-19T08:18:05Z",42,"Guessand","CRY","-5.2","-2.5","0.0","0.0",-1,1,"0.0",54,5,19,2,54,"0.4","a",0,-1,,"false"
"2026-09-19T08:18:05Z",153,"Disasi","CRY","-34.4","-35.1","-36.3","-37.5",-2,-2,"0.1",45,1,88,1,139,"0.2","s",0,0,,"false"
"2026-09-19T08:18:05Z",198,"Henderson","CRY","-70.4","-71.6","-73.6","-75.6",-3,-55,"1.4",50,8,1060,5,270,"1.0","i",0,0,,"false"
"2026-09-19T08:18:05Z",199,"Benitez","CRY","-33.1","-33.1","-33.1","-33.1",-2,0,"0.1",45,21,13,2,90,"0.4","a",0,0,,"false"
"2026-09-19T08:18:05Z",202,"Richards","CRY","-92.3","-92.5","-92.9","-93.3",-3,-2,"0.6",50,78,425,6,360,"1.2","a",0,0,,"false"
"2026-09-19T08:18:05Z",203,"Canvot","CRY","-0.2","-0.7","-1.6","-2.5",-1,-2,"0.2",48,17,209,2,270,"0.4","a",-1,-2,,"false"
"2026-09-19T08:18:05Z",204,"Mitchell","CRY","23.5","23.4","23.3","23.1",2,-12,"6.1",45,541,1524,17,329,"3.4","a",0,0,,"false"
"2026-09-19T08:18:05Z",205,"Sosa","CRY","0.0","0.0","0.0","0.0",0,0,"0.0",45,0,7,0,0,"0.0","u",0,0,,"false"
"2026-09-19T08:18:05Z",206,"Chadi Riad","CRY","-0.2","-0.2","-0.2","-0.2",-1,0,"0.0",43,1,15,1,72,"0.2","i",-1,-2,,"false"
"2026-09-19T08:18:05Z",207,"Mingueza","CRY","-67.3","-67.3","-67.3","-67.3",-3,0,"0.1",44,5,19,2,16,"0.4","a",0,-1,,"false"
"2026-09-19T08:18:05Z",208,"Sarr","CRY","0.0","0.0","0.0","0.0",0,0,"0.6",62,295,132,0,0,"0.0","a",0,-3,"2026-09-24T16:30:08.977944Z","false"
"2026-09-19T08:18:05Z",210,"Wharton","CRY","-79.1","-79.9","-81.2","-82.5",-3,-7,"0.8",55,102,295,10,346,"2.0","a",0,0,,"false"
"2026-09-19T08:18:05Z",211,"Yeremy","CRY","5.1","5.1","5.0","5.0",1,-1,"0.4",55,86,216,12,226,"2.4","a",0,0,,"false"
"2026-09-19T08:18:05Z",212,"Hughes","CRY","-4.8","-5.3","-6.2","-7.0",-1,-46,"7.7",44,1177,2705,2,29,"0.4","a",0,-1,,"false"
"2026-09-19T08:18:05Z",213,"Lerma","CRY","-87.6","-90.4","-94.8","-99.3",-3,-2,"0.1",49,6,18,1,6,"0.2","a",0,-1,,"false"
"2026-09-19T08:18:05Z",214,"Kamada","CRY","10.6","10.7","11.0","11.3",1,20,"0.5",50,370,145,18,351,"3.6","a",0,0,,"false"
"2026-09-19T08:18:05Z",215,"Devenny","CRY","0.0","0.0","0.0","0.0",0,0,"0.0",50,0,2,0,0,"0.0","u",0,0,,"false"
"2026-09-19T08:18:05Z",216,"Esse","CRY","0.0","0.0","0.0","0.0",0,0,"0.0",50,0,11,0,0,"0.0","u",0,0,,"false"
"2026-09-19T08:18:05Z",217,"M.França","CRY","0.0","0.0","0.0","0.0",0,-1,"0.0",49,0,16,0,0,"0.0","u",0,-1,,"false"
"2026-09-19T08:18:05Z",218,"Doucouré","CRY","-87.3","-91.0","-96.8","-102.7",-3,-2,"0.0",49,8,14,0,0,"0.0","a",0,-1,,"false"
"2026-09-19T08:18:05Z",219,"J.Rak-Sakyi","CRY","0.0","0.0","0.0","0.0",0,0,"0.0",49,0,1,0,0,"0.0","u",0,-1,,"false"
"2026-09-19T08:18:05Z",220,"Cardines","CRY","0.0","0.0","0.0","0.0",0,0,"0.0",45,0,2,0,0,"0.0","u",0,0,,"false"
"2026-09-19T08:18:05Z",221,"Drakes-Thomas","CRY","-69.3","-71.7","-75.7","-79.6",-3,-2,"0.1",45,5,23,0,0,"0.0","a",0,0,,"false"
"2026-09-19T08:18:05Z",222,"Strand Larsen","CRY","4.4","4.5","4.8","5.0",1,18,"0.6",60,519,168,12,217,"2.4","a",0,0,,"false"
"2026-09-19T08:18:05Z",223,"Mateta","CRY","-10.8","-12.0","-13.9","-15.7",-1,-50,"1.4",63,13,803,2,62,"0.4","i",0,-2,,"false"
"2026-09-19T08:18:05Z",224,"Nketiah","CRY","0.1","0.1","0.0","0.0",1,-1,"0.5",55,115,203,7,167,"1.4","a",0,0,,"false"
"2026-09-19T08:18:05Z",225,"Uche","CRY","0.0","0.0","0.0","0.0",0,0,"0.0",50,0,0,0,0,"0.0","u",0,0,,"false"
"2026-09-19T08:18:05Z",241,"McNeil","CRY","-69.0","-70.5","-73.0","-75.5",-3,-2,"0.1",54,5,29,3,84,"0.6","a",0,-1,,"false"
"2026-09-19T08:18:05Z",555,"Matthews","CRY","-5.0","-5.2","-5.5","-5.8",-1,-4,"1.7",40,128,155,0,0,"0.0","a",0,0,,"false"
"2026-09-19T08:18:05Z",577,"Tomiyasu","CRY","-4.6","-4.6","-4.6","-4.6",-1,0,"0.3",44,20,48,2,144,"0.4","a",0,-1,,"false"
"2026-09-19T08:18:05Z",588,"Khalaili","CRY","5.8","5.8","5.8","5.8",1,0,"0.3",50,168,94,13,289,"2.6","a",0,0,,"false"
"2026-09-19T08:18:05Z",595,"Gozo","CRY","-79.2","-79.2","-79.2","-79.2",-3,0,"0.0",50,0,5,2,28,"0.4","a",0,0,,"false"
"2026-09-19T08:18:05Z",633,"Ahanor","CRY","0.1","0.1","0.1","0.1",1,0,"0.0",45,16,4,3,90,"1.0","a",0,0,,"false"
"2026-09-19T08:18:05Z",643,"Chilwell","CRY","-41.0","-42.3","-44.3","-46.3",-3,-7,"0.5",45,56,160,8,29,"2.7","a",0,0,,"false"
"2026-09-19T08:18:05Z",644,"Timber","CRY","0.1","0.1","0.1","0.2",1,1,"0.0",50,36,16,6,163,"2.0","a",0,0,,"false"
"2026-09-19T08:18:05Z",647,"Osorio","CRY","-36.9","-36.9","-36.9","-36.9",-2,0,"0.0",55,0,6,1,1,"0.3","a",0,0,,"false"
"2026-09-19T08:18:05Z",21,"Nørgaard","EVE","-79.8","-81.1","-83.0","-85.0",-3,-2,"0.0",49,6,28,0,0,"0.0","i",0,-1,,"false"
"2026-09-19T08:18:05Z",209,"Johnson","EVE","-8.8","-10.5","-13.4","-16.2",-1,-3,"0.1",59,25,52,6,173,"1.2","a",0,-1,,"false"
"2026-09-19T08:18:05Z",226,"Pickford","EVE","21.6","21.5","21.4","21.3",2,-9,"9.0",55,1008,1205,17,360,"3.4","a",0,0,,"false"
"2026-09-19T08:18:05Z",227,"Travers","EVE","-27.7","-24.9","-20.5","-16.1",-2,1,"0.0",50,21,12,0,0,"0.0","a",0,0,,"false"
"2026-09-19T08:18:05Z",228,"King","EVE","-34.1","-34.1","-34.1","-34.1",-2,0,"0.0",45,10,12,0,0,"0.0","a",0,0,,"false"
"2026-09-19T08:18:05Z",229,"Tarkowski","EVE","19.1","20.0","21.5","23.0",2,108,"14.1",61,4096,1583,29,360,"5.8","a",0,1,,"false"
"2026-09-19T08:18:05Z",230,"Branthwaite","EVE","27.0","27.2","27.6","28.0",2,27,"2.3",55,874,540,19,360,"3.8","a",0,0,,"false"
"2026-09-19T08:18:05Z",231,"Keane","EVE","-15.2","-17.1","-20.2","-23.4",-1,-17,"0.8",48,60,242,0,0,"0.0","a",0,-2,,"false"
"2026-09-19T08:18:05Z",232,"O'Brien","EVE","-94.4","-93.2","-91.2","-89.2",-3,4,"0.3",49,29,48,1,15,"0.2","a",0,-1,,"false"
"2026-09-19T08:18:05Z",233,"Mykolenko","EVE","0.1","0.2","0.4","0.6",1,36,"4.2",46,19807,752,22,360,"4.4","a",1,1,,"false"
"2026-09-19T08:18:05Z",234,"Patterson","EVE","0.0","0.0","0.0","0.0",0,-1,"0.0",45,0,10,0,0,"0.0","u",0,0,,"false"
"2026-09-19T08:18:05Z",235,"Aznou","EVE","0.0","0.0","0.0","0.0",0,-3,"0.1",40,0,47,0,0,"0.0","u",0,0,,"false"
"2026-09-19T08:18:05Z",236,"Dewsbury-Hall","EVE","0.0","0.0","0.0","0.0",0,-1,"6.2",66,18710,2026,17,360,"3.4","a",1,1,,"false"
"2026-09-19T08:18:05Z",238,"Grealish","EVE","7.5","7.6","7.6","7.7",1,4,"0.4",65,278,158,3,57,"0.6","a",0,0,,"false"
"2026-09-19T08:18:05Z",239,"Garner","EVE","3.2","3.3","3.3","3.3",1,1,"0.2",60,257,164,8,238,"1.6","a",0,0,,"false"
"2026-09-19T08:18:05Z",242,"George","EVE","31.4","31.4","31.5","31.6",2,7,"1.0",55,378,334,18,298,"3.6","a",0,0,,"false"
"2026-09-19T08:18:05Z",243,"Alcaraz","EVE","-27.8","-27.8","-27.8","-27.8",-2,0,"0.1",49,20,25,1,5,"0.2","a",0,-1,,"false"
"2026-09-19T08:18:05Z",244,"Armstrong","EVE","9.4","9.3","9.0","8.7",1,-21,"0.4",50,12,521,14,356,"2.8","d",0,0,,"false"
"2026-09-19T08:18:05Z",245,"Dibling","EVE","-75.8","-75.8","-75.8","-75.8",-3,0,"0.0",54,7,4,0,0,"0.0","a",0,-1,,"false"
"2026-09-19T08:18:05Z",246,"Röhl","EVE","-12.3","-15.7","-21.1","-26.5",-1,-4,"0.0",49,3,77,6,249,"1.2","i",0,-1,,"false"
"2026-09-19T08:18:05Z",247,"Hackney","EVE","-84.5","-85.0","-85.9","-86.7",-3,-1,"0.2",55,16,44,9,136,"1.8","a",0,0,,"false"
"2026-09-19T08:18:05Z",248,"Beto","EVE","0.0","0.0","0.0","0.0",0,-36,"0.7",54,0,655,2,31,"0.4","u",0,-1,,"false"
"2026-09-19T08:18:05Z",249,"Barry","EVE","83.3","83.5","83.7","83.9",3,15,"7.9",56,4040,3269,14,327,"2.8","a",0,1,,"false"
"2026-09-19T08:18:05Z",649,"Maitland-Niles","EVE","11.0","11.0","11.1","11.1",1,3,"1.0",45,398,256,13,87,"4.3","a",0,0,,"false"
"2026-09-19T08:18:05Z",654,"Graham","EVE","0.0","0.0","0.0","0.0",0,0,"0.1",45,22,56,0,0,"0.0","a",0,0,"2026-09-19T17:46:58.377521Z","false"
"2026-09-19T08:18:05Z",250,"Leno","FUL","4.1","4.3","4.6","5.0",1,26,"3.1",45,2768,457,15,360,"3.0","a",0,0,,"false"
"2026-09-19T08:18:05Z",251,"Lecomte","FUL","-19.9","-20.3","-20.9","-21.5",-2,-5,"1.1",40,385,178,0,0,"0.0","a",0,0,,"false"
"2026-09-19T08:18:05Z",252,"McNally","FUL","0.0","0.0","0.0","0.0",0,0,"0.1",40,0,87,0,0,"0.0","u",0,0,,"false"
"2026-09-19T08:18:05Z",253,"Andersen","FUL","0.1","0.2","0.2","0.3",1,5,"0.1",50,242,65,2,180,"0.4","a",0,0,,"false"
"2026-09-19T08:18:05Z",254,"Robinson","FUL","-32.5","-31.0","-28.7","-26.3",-2,23,"1.4",45,1839,296,10,339,"2.0","a",0,0,,"false"
"2026-09-19T08:18:05Z",255,"J.Cuenca","FUL","-60.7","-60.7","-60.7","-60.7",-3,0,"0.0",45,5,7,3,90,"0.6","a",0,0,,"false"
"2026-09-19T08:18:05Z",256,"Tete","FUL","-19.1","-20.9","-23.7","-26.6",-2,-10,"0.2",44,1,177,0,27,"0.0","i",0,-1,,"false"
"2026-09-19T08:18:05Z",257,"Bassey","FUL","-18.9","-18.4","-17.5","-16.7",-1,4,"0.7",45,191,92,9,360,"1.8","a",0,0,,"false"
"2026-09-19T08:18:05Z",258,"Castagne","FUL","10.8","11.2","11.8","12.4",1,43,"0.9",45,2246,214,19,318,"3.8","a",0,0,,"false"
"2026-09-19T08:18:05Z",261,"Iwobi","FUL","-55.7","-56.1","-56.8","-57.4",-3,-3,"0.7",54,141,236,9,338,"1.8","a",0,-1,,"false"
"2026-09-19T08:18:05Z",262,"Smith Rowe","FUL","-76.0","-77.1","-78.7","-80.4",-3,-3,"0.2",54,23,59,3,38,"0.6","a",0,-1,,"false"
"2026-09-19T08:18:05Z",263,"Kevin","FUL","-0.4","-0.4","-0.4","-0.4",-1,0,"0.0",53,15,23,3,42,"0.6","a",0,-2,,"false"
"2026-09-19T08:18:05Z",264,"Bobb","FUL","-53.5","-52.4","-50.7","-48.9",-3,4,"0.3",55,162,90,10,273,"2.0","a",0,0,,"false"
"2026-09-19T08:18:05Z",265,"Berge","FUL","-22.5","-22.6","-22.9","-23.1",-2,-1,"0.3",49,40,78,8,273,"1.6","a",0,-1,,"false"
"2026-09-19T08:18:05Z",266,"Cairney","FUL","-5.2","-5.2","-5.2","-5.2",-1,0,"0.0",49,1,2,0,0,"0.0","i",0,-1,,"false"
"2026-09-19T08:18:05Z",268,"King","FUL","65.0","66.6","69.2","71.7",3,187,"2.0",55,11167,820,22,346,"4.4","a",0,0,,"false"
"2026-09-19T08:18:05Z",269,"Sessegnon","FUL","-49.1","-50.2","-51.9","-53.6",-3,-6,"0.3",44,4,131,3,50,"0.6","d",0,-1,,"false"
"2026-09-19T08:18:05Z",270,"Reed","FUL","0.3","0.4","0.4","0.4",1,3,"1.2",44,282,379,0,0,"0.0","a",0,-1,,"false"
"2026-09-19T08:18:05Z",271,"Muniz","FUL","-34.8","-35.6","-36.8","-38.0",-2,-4,"0.4",54,177,141,3,28,"0.6","a",0,-1,,"false"
"2026-09-19T08:18:05Z",272,"Kusi-Asare","FUL","-44.5","-44.8","-45.1","-45.5",-3,-15,"5.6",45,968,1859,0,0,"0.0","a",0,0,,"false"
"2026-09-19T08:18:05Z",569,"Gonzalo","FUL","47.5","48.1","49.0","50.0",3,72,"3.7",60,6167,2074,12,346,"2.4","a",0,0,,"false"
"2026-09-19T08:18:05Z",570,"Palacios","FUL","0.0","0.0","0.0","-0.7",0,-1,"0.2",54,134,51,11,207,"2.2","a",0,-1,,"false"
"2026-09-19T08:18:05Z",580,"Charles","FUL","-87.8","-87.8","-87.8","-87.8",-3,0,"0.1",50,34,24,9,213,"1.8","a",0,0,,"false"
"2026-09-19T08:18:05Z",610,"De Fougerolles","FUL","0.0","0.0","0.0","0.0",0,-2,"0.1",40,0,49,0,0,"0.0","u",0,0,,"false"
"2026-09-19T08:18:05Z",626,"Zepa","FUL","-61.4","-63.7","-67.5","-71.2",-3,-8,"0.3",45,13,152,0,0,"0.0","a",0,0,,"false"
"2026-09-19T08:18:05Z",635,"Larsson","FUL","0.0","0.0","0.0","0.0",0,0,"0.0",50,5,3,2,24,"0.7","a",0,0,,"false"
"2026-09-19T08:18:05Z",636,"Ángel","FUL","0.0","0.0","0.0","0.0",0,0,"0.0",50,3,1,0,0,"0.0","a",0,0,,"false"
"2026-09-19T08:18:05Z",650,"Affengruber","FUL","0.3","0.4","0.4","0.4",1,2,"0.0",45,158,24,8,90,"2.7","a",0,0,,"false"
"2026-09-19T08:18:05Z",240,"Iroegbunam","HUL","0.1","0.1","0.0","0.0",1,-2,"0.0",50,4,8,1,25,"0.2","a",0,0,,"false"
"2026-09-19T08:18:05Z",273,"Phillips","HUL","-23.0","-23.1","-23.1","-23.2",-2,-1,"1.4",40,257,184,0,0,"0.0","a",0,0,,"false"
"2026-09-19T08:18:05Z",274,"Butland","HUL","-91.1","-91.1","-91.1","-91.1",-3,0,"0.1",45,13,22,0,0,"0.0","i",0,0,,"false"
"2026-09-19T08:18:05Z",275,"Cartwright","HUL","0.0","0.0","0.0","0.0",0,0,"0.0",40,0,1,0,0,"0.0","u",0,0,,"false"
"2026-09-19T08:18:05Z",276,"Lo-Tutala","HUL","0.0","0.0","0.0","0.0",0,0,"0.0",40,0,12,0,0,"0.0","u",0,0,,"false"
"2026-09-19T08:18:05Z",277,"Egan","HUL","28.2","28.8","29.8","30.8",2,72,"7.1",41,4765,1161,25,360,"5.0","a",0,1,,"false"
"2026-09-19T08:18:05Z",278,"Hughes","HUL","0.9","0.8","0.8","0.8",1,-3,"0.2",39,380,136,0,0,"0.0","i",0,-1,,"false"
"2026-09-19T08:18:05Z",279,"Ajayi","HUL","74.0","75.5","77.8","80.2",3,173,"14.3",42,6803,2047,26,333,"5.2","a",0,2,,"false"
"2026-09-19T08:18:05Z",280,"Coyle","HUL","0.2","0.2","0.2","0.2",1,-1,"0.7",40,268,106,13,258,"2.6","a",0,0,,"false"
"2026-09-19T08:18:05Z",281,"Drameh","HUL","0.0","0.0","0.0","0.0",0,0,"0.0",40,0,23,2,65,"0.4","u",0,0,,"false"
"2026-09-19T08:18:05Z",282,"Giles","HUL","64.4","65.4","67.1","68.7",3,120,"2.9",40,4558,500,24,354,"4.8","a",0,0,,"false"
"2026-09-19T08:18:05Z",283,"Jacob","HUL","0.0","0.0","0.0","0.0",0,0,"0.0",40,0,3,0,0,"0.0","u",0,0,,"false"
"2026-09-19T08:18:05Z",284,"McCarthy","HUL","0.4","0.4","0.4","0.4",1,0,"0.1",40,57,23,0,0,"0.0","a",0,0,,"false"
"2026-09-19T08:18:05Z",285,"McNair","HUL","-30.3","-30.3","-30.3","-30.3",-2,0,"0.1",40,27,16,1,26,"0.2","a",0,0,,"false"
"2026-09-19T08:18:05Z",286,"Belloumi","HUL","18.3","19.5","21.5","23.5",1,147,"4.4",51,5146,835,27,312,"5.4","a",0,1,,"false"
"2026-09-19T08:18:05Z",287,"Millar","HUL","0.0","0.0","0.0","0.0",0,-2,"0.0",50,0,18,6,50,"1.2","u",0,0,,"false"
"2026-09-19T08:18:05Z",288,"Dowell","HUL","-66.9","-67.1","-67.6","-68.1",-3,-1,"0.3",45,57,106,0,0,"0.0","a",0,0,,"false"
"2026-09-19T08:18:05Z",289,"Crooks","HUL","0.0","0.1","0.2","0.3",1,7,"0.5",44,182,427,3,158,"0.6","a",-1,-1,,"false"
"2026-09-19T08:18:05Z",290,"Slater","HUL","75.9","75.6","75.1","74.7",3,-34,"5.5",45,1682,2749,13,360,"2.6","a",0,0,,"false"
"2026-09-19T08:18:05Z",291,"Matazo","HUL","-11.5","-11.5","-11.5","-11.5",-1,0,"0.0",45,4,8,0,0,"0.0","i",0,0,,"false"
"2026-09-19T08:18:05Z",292,"Ömür","HUL","0.0","0.0","0.0","0.0",0,0,"0.0",49,7,8,0,0,"0.0","a",0,-1,,"false"
"2026-09-19T08:18:05Z",293,"Kamara","HUL","0.0","0.0","0.0","0.0",0,0,"0.0",50,0,0,0,0,"0.0","u",0,0,,"false"
"2026-09-19T08:18:05Z",294,"Zambrano","HUL","-4.2","-7.3","-12.3","-17.2",-1,-3,"0.1",45,21,18,0,0,"0.0","a",0,0,,"false"
"2026-09-19T08:18:05Z",295,"McBurnie","HUL","29.2","29.5","30.0","30.5",2,36,"2.0",55,1020,1995,12,351,"2.4","a",0,0,,"false"
"2026-09-19T08:18:05Z",296,"Akintola","HUL","0.0","0.0","0.0","0.0",0,-3,"0.0",50,0,31,0,0,"0.0","u",0,0,,"false"
"2026-09-19T08:18:05Z",297,"Gyabi","HUL","-91.3","-91.3","-91.3","-91.3",-3,0,"0.0",45,3,11,0,0,"0.0","i",0,0,,"false"
"2026-09-19T08:18:05Z",298,"Destan","HUL","0.0","0.0","0.0","0.0",0,-4,"0.2",45,0,93,0,0,"0.0","u",0,0,,"false"
"2026-09-19T08:18:05Z",299,"Burstow","HUL","0.0","0.0","0.0","0.0",0,0,"0.0",45,0,29,0,0,"0.0","u",0,0,,"false"
"2026-09-19T08:18:05Z",340,"Gelhardt","HUL","0.0","0.0","0.0","0.0",0,0,"0.0",50,9,7,0,0,"0.0","a",0,0,,"false"
"2026-09-19T08:18:05Z",556,"Targett","HUL","-52.9","-53.9","-55.6","-57.3",-3,-38,"1.7",40,8,770,1,5,"0.2","d",0,0,,"false"
"2026-09-19T08:18:05Z",563,"Morita","HUL","-72.0","-72.0","-72.0","-72.0",-3,0,"0.0",50,1,11,1,45,"0.2","i",0,0,,"false"
"2026-09-19T08:18:05Z",572,"Tzolakis","HUL","80.8","81.7","83.2","84.7",3,111,"11.5",46,5802,1263,28,360,"5.6","a",0,1,,"false"
"2026-09-19T08:18:05Z",574,"Hjertø-Dahl","HUL","-47.5","-53.0","-61.9","-70.8",-3,-4,"0.1",49,6,25,1,8,"0.2","a",0,-1,,"false"
"2026-09-19T08:18:05Z",576,"Stroud","HUL","-29.0","-29.0","-29.0","-29.0",-2,0,"0.1",50,12,22,7,249,"1.4","a",0,0,,"false"
"2026-09-19T08:18:05Z",585,"Herrington","HUL","-21.2","-21.1","-20.9","-20.8",-2,1,"0.6",40,107,84,4,107,"0.8","a",0,0,,"false"
"2026-09-19T08:18:05Z",586,"Mendy","HUL","-43.2","-45.3","-48.6","-51.9",-3,-419,"6.5",41,110,7619,25,249,"5.0","i",0,1,,"false"
"2026-09-19T08:18:05Z",589,"Gourna-Douath","HUL","-57.7","-57.7","-57.7","-57.7",-3,0,"0.0",50,5,6,3,126,"0.6","a",0,0,,"false"
"2026-09-19T08:18:05Z",617,"Cho","HUL","0.1","0.1","0.1","0.1",1,0,"0.0",50,17,8,3,45,"0.8","a",0,0,,"false"
"2026-09-19T08:18:05Z",632,"Ansah","HUL","-33.0","-37.5","-44.7","-52.0",-2,-4,"0.0",50,5,43,0,0,"0.0","i",0,0,,"false"
"2026-09-19T08:18:05Z",637,"Vaz","HUL","0.9","1.0","1.2","1.3",1,13,"0.1",50,188,65,1,8,"0.3","a",0,0,,"false"
"2026-09-19T08:18:05Z",638,"Norton-Cuffy","HUL","0.0","-0.4","-2.8","-5.3",-1,-5,"0.3",40,105,101,1,34,"0.3","a",0,0,,"false"
"2026-09-19T08:18:05Z",642,"Thomas","HUL","0.2","0.2","0.2","0.2",1,0,"0.0",55,45,18,2,57,"0.7","a",0,0,,"false"
"2026-09-19T08:18:05Z",645,"Mouzakitis","HUL","0.0","0.0","0.0","0.0",0,0,"0.0",50,7,1,0,0,"0.0","a",0,0,,"false"
"2026-09-19T08:18:05Z",259,"Diop","IPS","-42.7","-43.0","-43.5","-44.0",-3,-49,"13.2",40,486,5570,8,360,"1.6","a",0,0,,"false"
"2026-09-19T08:18:05Z",267,"Lukić","IPS","-98.2","-99.7","-102.1","-104.5",-4,-2,"0.1",50,12,36,9,328,"1.8","a",0,0,,"false"
"2026-09-19T08:18:05Z",300,"Walton","IPS","-11.9","-12.3","-13.0","-13.8",-1,-2,"0.4",44,12,37,0,0,"0.0","a",0,-1,,"false"
"2026-09-19T08:18:05Z",301,"Palmer","IPS","-20.1","-20.2","-20.3","-20.5",-2,-4,"4.0",40,481,863,0,0,"0.0","a",0,0,,"false"
"2026-09-19T08:18:05Z",302,"Button","IPS","1.1","1.1","1.1","1.1",1,0,"0.6",40,321,88,0,0,"0.0","a",0,0,,"false"
"2026-09-19T08:18:05Z",303,"Kipré","IPS","3.3","3.3","3.3","3.4",1,3,"0.9",39,752,230,0,0,"0.0","a",0,-1,,"false"
"2026-09-19T08:18:05Z",304,"O'Shea","IPS","-30.2","-30.3","-30.5","-30.7",-2,-4,"2.8",40,166,1961,8,360,"1.6","a",0,0,,"false"
"2026-09-19T08:18:05Z",305,"Davis","IPS","61.7","62.5","63.9","65.2",3,97,"6.8",40,6735,1415,23,360,"4.6","a",0,0,,"false"
"2026-09-19T08:18:05Z",306,"Greaves","IPS","-74.4","-74.4","-74.4","-74.4",-3,0,"1.1",40,46,298,3,357,"0.6","a",0,0,,"false"
"2026-09-19T08:18:05Z",307,"Johnson","IPS","0.0","0.0","0.0","0.0",0,-4,"0.1",40,0,33,0,0,"0.0","u",0,0,,"false"
"2026-09-19T08:18:05Z",308,"Furlong","IPS","1.1","1.2","1.3","1.4",1,8,"0.6",39,1161,179,1,17,"0.2","a",0,-1,,"false"
"2026-09-19T08:18:05Z",309,"Núñez","IPS","-9.5","-9.5","-9.5","-9.5",-1,0,"0.1",49,9,34,6,140,"1.2","a",0,-1,,"false"
"2026-09-19T08:18:05Z",310,"Matusiwa","IPS","0.0","0.0","0.0","0.0",0,0,"0.0",49,0,1,0,0,"0.0","a",0,-1,"2026-09-19T14:00:09.742968Z","false"
"2026-09-19T08:18:05Z",311,"Burns","IPS","0.0","0.0","0.0","0.0",0,0,"0.0",50,0,1,0,0,"0.0","u",0,0,,"false"
"2026-09-19T08:18:05Z",312,"Taylor","IPS","-99.2","-101.8","-106.0","-110.2",-5,-2,"0.0",45,10,13,0,0,"0.0","i",0,0,,"false"
"2026-09-19T08:18:05Z",313,"Clarke","IPS","-58.8","-59.6","-60.9","-62.1",-3,-2,"0.2",54,15,72,9,105,"1.8","a",0,-1,,"false"
"2026-09-19T08:18:05Z",314,"Ogbene","IPS","0.0","0.0","0.0","0.0",0,0,"0.0",49,0,6,0,0,"0.0","u",0,-1,,"false"
"2026-09-19T08:18:05Z",315,"Fatawu","IPS","-4.4","-5.8","-8.0","-10.2",-1,-3,"0.2",54,18,40,9,286,"1.8","a",0,-1,,"false"
"2026-09-19T08:18:05Z",316,"Emersonn","IPS","75.4","77.5","80.7","84.0",3,240,"3.3",55,5404,739,24,237,"4.8","a",0,0,,"false"
"2026-09-19T08:18:05Z",317,"Hirst","IPS","0.0","0.0","0.0","0.0",0,0,"0.1",50,0,34,0,0,"0.0","u",0,0,,"false"
"2026-09-19T08:18:05Z",318,"Philogene","IPS","0.0","0.0","0.0","0.0",0,0,"0.1",54,4,8,1,28,"0.2","a",0,-1,"2026-09-19T14:00:09.771450Z","false"
"2026-09-19T08:18:05Z",319,"Szmodics","IPS","0.0","0.0","0.0","0.0",0,0,"0.0",50,0,1,0,0,"0.0","u",0,0,,"false"
"2026-09-19T08:18:05Z",320,"Akpom","IPS","24.3","24.4","24.6","24.8",2,13,"1.2",50,613,491,6,69,"1.2","a",0,0,,"false"
"2026-09-19T08:18:05Z",321,"Walle Egeli","IPS","39.5","39.5","39.4","39.4",2,-3,"3.6",45,1774,1788,1,10,"0.2","a",0,0,,"false"
"2026-09-19T08:18:05Z",322,"Al-Hamadi","IPS","0.0","0.0","0.0","0.0",0,0,"0.1",50,0,27,0,0,"0.0","u",0,0,,"false"
"2026-09-19T08:18:05Z",323,"McAteer","IPS","-82.7","-83.5","-84.9","-86.3",-3,-11,"1.1",45,53,387,3,42,"0.6","a",0,0,,"false"
"2026-09-19T08:18:05Z",324,"Mehmeti","IPS","-97.0","-97.0","-97.0","-97.0",-4,0,"0.0",49,3,4,0,0,"0.0","a",0,-1,,"false"
"2026-09-19T08:18:05Z",554,"Van Oevelen","IPS","0.0","0.0","0.0","0.0",0,0,"0.0",45,0,7,0,0,"0.0","u",0,0,,"false"
"2026-09-19T08:18:05Z",562,"Maeda","IPS","-100.7","-102.2","-104.6","-107.0",-5,-4,"0.2",54,11,126,7,243,"1.4","a",0,-1,,"false"
"2026-09-19T08:18:05Z",564,"Scherpen","IPS","-22.2","-22.8","-23.8","-24.8",-2,-4,"0.6",45,62,119,7,360,"1.4","a",0,0,,"false"
"2026-09-19T08:18:05Z",571,"Florentino","IPS","-91.8","-93.1","-95.2","-97.3",-3,-1,"0.1",49,5,27,1,13,"0.2","a",0,-1,,"false"
"2026-09-19T08:18:05Z",591,"Enciso","IPS","9.5","9.5","9.4","9.4",1,-5,"0.8",55,188,318,13,340,"2.6","a",0,0,,"false"
"2026-09-19T08:18:05Z",592,"Ouattara","IPS","-23.5","-24.3","-25.5","-26.7",-2,-8,"0.9",40,47,126,4,41,"0.8","a",0,0,,"false"
"2026-09-19T08:18:05Z",602,"Humphreys","IPS","0.0","0.0","0.0","0.0",0,-2,"0.0",45,0,17,0,0,"0.0","u",0,0,,"false"
"2026-09-19T08:18:05Z",619,"Palacios","IPS","1.1","1.2","1.3","1.3",1,6,"0.1",50,86,39,9,195,"2.2","a",0,0,,"false"
"2026-09-19T08:18:05Z",640,"Flemming","IPS","0.5","0.6","0.6","0.6",1,3,"0.1",55,97,31,6,51,"2.0","a",0,0,,"false"
"2026-09-19T08:18:05Z",260,"Wilson","LEE","-13.3","-17.8","-25.2","-32.5",-1,-289,"2.0",62,4,5206,5,145,"1.0","i",0,-3,,"false"
"2026-09-19T08:18:05Z",326,"Perri","LEE","0.0","0.0","0.0","0.0",0,-14,"0.3",45,0,109,0,0,"0.0","u",0,0,,"false"
"2026-09-19T08:18:05Z",327,"Bijol","LEE","6.6","6.5","6.3","6.2",1,-10,"0.7",50,81,353,12,164,"2.4","a",0,0,,"false"
"2026-09-19T08:18:05Z",329,"Rodon","LEE","-0.3","-0.9","-1.9","-2.9",-1,-28,"0.8",43,2,2055,7,123,"1.4","i",-1,-2,,"false"
"2026-09-19T08:18:05Z",330,"Bogle","LEE","21.3","25.1","31.3","37.4",2,451,"5.9",46,11181,1245,37,299,"7.4","a",0,1,,"false"
"2026-09-19T08:18:05Z",331,"Gudmundsson","LEE","0.8","0.8","0.9","0.9",1,3,"0.1",45,28,21,8,162,"1.6","a",0,0,,"false"
"2026-09-19T08:18:05Z",332,"Justin","LEE","16.9","16.9","16.8","16.7",1,-5,"1.5",45,225,665,18,360,"3.6","a",0,0,,"false"
"2026-09-19T08:18:05Z",333,"Bornauw","LEE","0.0","0.0","0.0","0.0",0,0,"0.0",45,0,0,0,0,"0.0","u",0,0,,"false"
"2026-09-19T08:18:05Z",334,"Muharemović","LEE","34.8","34.9","35.2","35.5",2,22,"4.3",50,2443,1865,21,360,"4.2","a",0,0,,"false"
"2026-09-19T08:18:05Z",335,"Stach","LEE","20.7","20.5","20.2","19.8",2,-24,"2.6",60,449,1427,22,357,"4.4","a",0,0,,"false"
"2026-09-19T08:18:05Z",336,"Okafor","LEE","2.0","2.1","2.1","2.2",1,5,"0.4",58,214,172,15,224,"3.0","a",0,-2,,"false"
"2026-09-19T08:18:05Z",337,"Aaronson","LEE","-91.5","-93.7","-97.2","-100.8",-3,-13,"0.5",54,14,262,6,172,"1.2","a",0,-1,,"false"
"2026-09-19T08:18:05Z",338,"Ampadu","LEE","-13.7","-14.8","-16.7","-18.5",-1,-12,"0.9",54,102,430,16,360,"3.2","a",0,-1,,"false"
"2026-09-19T08:18:05Z",339,"Longstaff","LEE","-60.5","-61.2","-62.3","-63.3",-3,-1,"0.1",49,14,43,2,10,"0.4","a",0,-1,,"false"
"2026-09-19T08:18:05Z",341,"Gnonto","LEE","0.0","0.0","0.0","0.0",0,0,"0.0",50,0,3,0,0,"0.0","u",0,0,,"false"
"2026-09-19T08:18:05Z",342,"Harrison","LEE","0.0","0.0","0.0","0.0",0,0,"0.0",50,0,1,0,0,"0.0","u",0,0,,"false"
"2026-09-19T08:18:05Z",343,"James","LEE","-8.2","-10.1","-13.1","-16.1",-1,-2,"0.1",49,15,35,2,29,"0.4","a",0,-1,,"false"
"2026-09-19T08:18:05Z",344,"Gruev","LEE","0.0","-17.0","-73.4","-129.9",-1,-1,"0.0",50,4,1,0,0,"0.0","a",0,0,,"false"
"2026-09-19T08:18:05Z",345,"Tanaka","LEE","4.5","4.5","4.5","4.6",1,1,"0.3",49,216,104,12,188,"2.4","a",0,-1,,"false"
"2026-09-19T08:18:05Z",346,"Calvert-Lewin","LEE","71.9","75.8","82.1","88.3",3,460,"25.7",60,13207,13454,20,329,"4.0","a",0,0,,"false"
"2026-09-19T08:18:05Z",347,"Nmecha","LEE","-6.3","-6.6","-7.1","-7.7",-1,-2,"0.5",54,188,210,6,50,"1.2","a",0,-1,,"false"
"2026-09-19T08:18:05Z",348,"Piroe","LEE","0.0","0.0","0.0","0.0",0,-4,"0.1",50,0,31,0,0,"0.0","u",0,0,,"false"
"2026-09-19T08:18:05Z",349,"Mateo Joseph","LEE","-32.6","-31.6","-29.9","-28.3",-2,2,"0.1",45,48,46,0,0,"0.0","i",0,0,,"false"
"2026-09-19T08:18:05Z",385,"Trafford","LEE","28.9","28.5","28.1","27.6",2,-36,"5.4",50,602,1294,18,360,"3.6","a",0,0,,"false"
"2026-09-19T08:18:05Z",598,"Elvedi","LEE","0.6","0.6","0.6","0.6",1,0,"0.1",45,18,30,7,236,"1.4","a",0,0,,"false"
"2026-09-19T08:18:05Z",603,"Lienou","LEE","0.2","0.2","0.2","0.2",1,0,"0.1",40,38,41,0,0,"0.0","a",0,0,,"false"
"2026-09-19T08:18:05Z",604,"Cresswell","LEE","0.1","0.1","0.1","0.0",1,-2,"0.1",45,26,52,0,0,"0.0","a",0,0,,"false"
"2026-09-19T08:18:05Z",625,"Cairns","LEE","0.4","0.4","0.4","0.4",1,-2,"0.2",40,168,61,0,0,"0.0","a",0,0,,"false"
"2026-09-19T08:18:05Z",629,"Zetterer","LEE","2.4","2.4","2.4","2.4",1,1,"0.7",40,479,134,0,0,"0.0","a",0,0,,"false"
"2026-09-19T08:18:05Z",641,"Bard","LEE","0.0","0.1","0.1","0.1",1,1,"0.0",45,17,5,1,18,"0.3","a",0,0,,"false"
"2026-09-19T08:18:05Z",648,"Bahoya","LEE","-19.8","-19.8","-19.8","-19.8",-1,0,"0.0",50,11,17,0,0,"0.0","a",0,0,,"false"
"2026-09-19T08:18:05Z",350,"A.Becker","LIV","1.1","1.0","0.9","0.7",1,-12,"3.9",55,435,833,19,360,"3.8","a",0,0,,"false"
"2026-09-19T08:18:05Z",351,"Mamardashvili","LIV","-77.3","-77.3","-77.3","-77.3",-3,0,"0.1",49,17,30,0,0,"0.0","a",0,-1,,"false"
"2026-09-19T08:18:05Z",352,"Woodman","LIV","-22.9","-23.4","-24.2","-25.0",-2,-6,"1.0",40,80,141,0,0,"0.0","a",0,0,,"false"
"2026-09-19T08:18:05Z",353,"Pecsi","LIV","0.0","0.0","0.0","0.0",0,0,"0.0",40,0,3,0,0,"0.0","u",0,0,,"false"
"2026-09-19T08:18:05Z",354,"Jaros","LIV","0.0","0.0","0.0","0.0",0,0,"0.0",40,51,22,0,0,"0.0","i",0,0,,"false"
"2026-09-19T08:18:05Z",355,"Davies","LIV","0.1","0.2","0.2","0.3",1,4,"0.2",40,38,29,0,0,"0.0","a",0,0,,"false"
"2026-09-19T08:18:05Z",356,"Virgil","LIV","-51.8","-52.0","-52.4","-52.7",-3,-41,"16.4",65,1023,4483,17,360,"3.4","a",0,0,,"false"
"2026-09-19T08:18:05Z",357,"Frimpong","LIV","-8.4","-9.2","-10.4","-11.6",-1,-16,"1.9",53,152,800,2,178,"0.4","a",0,-2,,"false"
"2026-09-19T08:18:05Z",358,"Kerkez","LIV","-82.1","-82.9","-84.2","-85.4",-3,-20,"2.3",54,152,969,7,295,"1.4","a",0,-1,,"false"
"2026-09-19T08:18:05Z",359,"Gomez","LIV","0.0","0.0","0.0","0.0",0,0,"0.0",49,27,7,0,0,"0.0","a",0,-1,"2026-09-22T14:30:07.295674Z","false"
"2026-09-19T08:18:05Z",360,"Bradley","LIV","-76.7","-76.7","-76.7","-76.7",-3,0,"0.0",50,3,5,0,0,"0.0","i",0,0,,"false"
"2026-09-19T08:18:05Z",361,"Lucky","LIV","-39.4","-41.1","-43.9","-46.6",-3,-2,"0.1",40,28,32,0,0,"0.0","a",0,0,,"false"
"2026-09-19T08:18:05Z",362,"Jacquet","LIV","43.5","43.7","44.1","44.4",3,25,"3.3",50,1430,945,18,325,"3.6","a",0,0,,"false"
"2026-09-19T08:18:05Z",363,"Leoni","LIV","-48.6","-48.6","-48.6","-48.6",-3,0,"0.0",40,13,17,0,0,"0.0","i",0,0,,"false"
"2026-09-19T08:18:05Z",364,"Tsimikas","LIV","-30.9","-32.3","-34.7","-37.0",-2,-1,"0.1",49,7,23,2,64,"0.4","a",0,-1,,"false"
"2026-09-19T08:18:05Z",365,"Ramsay","LIV","0.0","0.0","0.0","0.0",0,-4,"0.1",40,0,41,0,0,"0.0","u",0,0,,"false"
"2026-09-19T08:18:05Z",366,"Wirtz","LIV","-12.8","-14.3","-16.6","-19.0",-1,-102,"6.1",73,171,4666,12,332,"2.4","a",0,-2,,"false"
"2026-09-19T08:18:05Z",367,"Gakpo","LIV","17.1","17.0","16.9","16.8",1,-8,"12.8",72,4144,4230,29,280,"5.8","a",0,2,,"false"
"2026-09-19T08:18:05Z",368,"Szoboszlai","LIV","-68.7","-69.1","-69.8","-70.4",-3,-160,"34.5",70,3188,18491,18,360,"3.6","a",0,0,,"false"
"2026-09-19T08:18:05Z",369,"Ngumoha","LIV","-0.3","-0.9","-1.9","-2.8",-1,-6,"0.5",57,74,231,4,99,"0.8","a",-1,-3,,"false"
"2026-09-19T08:18:05Z",370,"Chiesa","LIV","-0.2","-0.2","-0.2","-0.2",-1,0,"0.0",53,0,21,0,0,"0.0","i",-1,-2,,"false"
"2026-09-19T08:18:05Z",371,"Gravenberch","LIV","-0.4","-1.3","-2.7","-4.2",-1,-20,"1.2",58,137,519,8,181,"1.6","a",-1,-2,,"false"
"2026-09-19T08:18:05Z",372,"Mac Allister","LIV","-29.0","-29.3","-29.6","-30.0",-2,-4,"1.3",54,355,440,6,216,"1.2","a",0,-1,,"false"
"2026-09-19T08:18:05Z",373,"C.Jones","LIV","0.0","0.0","0.0","0.0",0,0,"0.0",55,0,6,0,0,"0.0","u",0,0,,"false"
"2026-09-19T08:18:05Z",374,"Endo","LIV","-35.5","-35.5","-35.5","-35.5",-2,0,"0.1",49,19,21,0,0,"0.0","a",0,-1,,"false"
"2026-09-19T08:18:05Z",375,"Nyoni","LIV","-52.9","-52.9","-52.9","-52.9",-3,0,"0.0",49,4,17,2,19,"0.4","a",0,-1,,"false"
"2026-09-19T08:18:05Z",376,"Bajcetic","LIV","0.0","0.0","0.0","0.0",0,0,"0.0",50,0,0,0,0,"0.0","u",0,0,,"false"
"2026-09-19T08:18:05Z",377,"Munoz","LIV","10.4","10.2","9.9","9.7",1,-20,"1.0",65,138,648,14,239,"2.8","a",0,0,,"false"
"2026-09-19T08:18:05Z",378,"McConnell","LIV","0.1","0.1","0.2","0.3",1,4,"0.2",44,115,80,0,0,"0.0","a",0,-1,,"false"
"2026-09-19T08:18:05Z",379,"Isak","LIV","-7.8","-7.5","-6.8","-6.2",-1,46,"21.9",91,5407,6814,25,333,"5.0","a",0,1,,"false"
"2026-09-19T08:18:05Z",380,"Ekitiké","LIV","-17.6","-18.5","-19.9","-21.4",-1,-3,"0.1",74,41,71,0,0,"0.0","i",0,-1,,"false"
"2026-09-19T08:18:05Z",381,"Koumas","LIV","-85.4","-85.4","-85.4","-85.4",-3,0,"0.0",50,9,12,2,13,"0.4","a",0,0,,"false"
"2026-09-19T08:18:05Z",382,"Danns","LIV","3.0","3.1","3.3","3.4",1,14,"0.2",45,420,140,0,0,"0.0","a",0,0,,"false"
"2026-09-19T08:18:05Z",383,"Elliott","LIV","0.0","0.0","0.0","0.0",0,-4,"0.0",54,0,20,0,0,"0.0","u",0,-1,,"false"
"2026-09-19T08:18:05Z",579,"Araujo","LIV","28.0","28.1","28.3","28.4",2,11,"2.9",54,1056,656,15,194,"3.0","a",0,-1,,"false"
"2026-09-19T08:18:05Z",627,"Barcola","LIV","-39.9","-40.7","-42.1","-43.5",-3,-19,"1.9",80,748,1049,4,97,"1.3","a",0,0,,"false"
"2026-09-19T08:18:05Z",155,"Enzo","MCI","-18.9","-19.0","-19.2","-19.3",-1,-5,"3.5",69,1346,1046,6,181,"1.2","a",0,-1,,"false"
"2026-09-19T08:18:05Z",237,"Ndiaye","MCI","-0.5","-1.8","-3.9","-6.0",-1,-181,"7.3",58,618,10124,17,311,"3.4","a",-1,-2,,"false"
"2026-09-19T08:18:05Z",384,"Donnarumma","MCI","-37.2","-37.6","-38.3","-38.9",-2,-36,"7.8",55,1107,1537,17,360,"3.4","a",0,0,,"false"
"2026-09-19T08:18:05Z",386,"Bettinelli","MCI","-73.9","-73.9","-73.9","-73.9",-3,0,"0.0",45,5,4,0,0,"0.0","a",0,0,,"false"
"2026-09-19T08:18:05Z",387,"O'Reilly","MCI","-81.5","-82.5","-84.1","-85.7",-3,-128,"11.5",64,471,4619,5,158,"1.0","a",0,-1,,"false"
"2026-09-19T08:18:05Z",388,"Guéhi","MCI","67.4","67.2","66.8","66.4",3,-28,"18.6",60,2147,2263,26,360,"5.2","a",0,0,,"false"
"2026-09-19T08:18:05Z",389,"Matheus N.","MCI","-25.1","-25.4","-25.7","-26.1",-2,-3,"1.0",59,161,159,10,123,"2.0","a",0,-1,,"false"
"2026-09-19T08:18:05Z",390,"Rúben","MCI","5.0","5.1","5.3","5.5",1,15,"1.9",55,468,424,16,360,"3.2","a",0,0,,"false"
"2026-09-19T08:18:05Z",391,"Gvardiol","MCI","51.5","54.5","59.3","64.1",3,351,"25.9",57,14609,1717,33,344,"6.6","a",0,2,,"false"
"2026-09-19T08:18:05Z",392,"Aït-Nouri","MCI","-69.0","-69.0","-69.0","-69.0",-3,0,"0.4",53,46,129,0,0,"0.0","a",0,-2,,"false"
"2026-09-19T08:18:05Z",393,"Khusanov","MCI","-5.8","-6.6","-8.0","-9.4",-1,-14,"1.4",54,146,416,9,268,"1.8","a",0,-1,,"false"
"2026-09-19T08:18:05Z",394,"Alleyne","MCI","0.0","0.0","0.0","0.0",0,0,"0.0",50,0,4,0,0,"0.0","u",0,0,,"false"
"2026-09-19T08:18:05Z",395,"Lewis","MCI","-37.8","-38.1","-38.6","-39.1",-2,-1,"0.2",44,32,64,1,56,"0.2","a",0,-1,,"false"
"2026-09-19T08:18:05Z",396,"Vitor Reis","MCI","-70.6","-73.8","-79.0","-84.1",-3,-1,"0.0",45,6,14,1,1,"0.2","a",0,0,,"false"
"2026-09-19T08:18:05Z",397,"Semenyo","MCI","-53.8","-54.5","-55.6","-56.7",-3,-115,"14.7",84,838,6122,16,360,"3.2","a",0,-1,,"false"
"2026-09-19T08:18:05Z",398,"Foden","MCI","-19.3","-21.3","-24.5","-27.7",-2,-128,"2.0",69,19,4196,9,217,"1.8","s",0,-1,,"false"
"2026-09-19T08:18:05Z",399,"Cherki","MCI","-68.9","-70.4","-72.9","-75.4",-3,-183,"28.0",78,3126,9325,26,218,"5.2","a",0,3,,"false"
"2026-09-19T08:18:05Z",400,"Doku","MCI","-0.1","-0.1","-0.1","-0.1",-1,0,"0.7",74,41,154,0,0,"0.0","d",0,-1,"2026-09-26T13:30:09.795433Z","false"
"2026-09-19T08:18:05Z",402,"Rodrigo","MCI","0.0","0.0","0.0","0.0",0,0,"0.0",65,0,0,0,0,"0.0","u",0,0,,"false"
"2026-09-19T08:18:05Z",404,"Reijnders","MCI","0.0","0.0","0.0","0.0",0,0,"0.0",60,0,2,0,0,"0.0","u",0,0,,"false"
"2026-09-19T08:18:05Z",406,"Kovačić","MCI","-65.5","-66.8","-69.0","-71.2",-3,-1,"0.1",54,12,31,2,42,"0.4","a",0,-1,,"false"
"2026-09-19T08:18:05Z",407,"Echeverri","MCI","0.0","0.0","0.0","0.0",0,0,"0.0",49,0,10,0,0,"0.0","u",0,-1,,"false"
"2026-09-19T08:18:05Z",408,"Phillips","MCI","0.0","0.0","0.0","0.0",0,0,"0.0",50,0,1,0,0,"0.0","u",0,0,,"false"
"2026-09-19T08:18:05Z",409,"Mukasa","MCI","0.0","0.0","0.0","0.0",0,-2,"0.1",45,0,58,0,0,"0.0","u",0,0,,"false"
"2026-09-19T08:18:05Z",410,"Monga","MCI","0.0","0.0","0.0","0.0",0,-2,"0.0",49,0,11,0,0,"0.0","u",0,-1,,"false"
"2026-09-19T08:18:05Z",411,"Haaland","MCI","5.9","7.2","9.3","11.4",1,154,"73.3",156,5480,922,33,360,"6.6","a",0,1,,"false"
"2026-09-19T08:18:05Z",481,"Anderson","MCI","-17.8","-17.8","-17.7","-17.6",-1,3,"4.2",63,917,1627,13,323,"2.6","a",0,-2,,"false"
"2026-09-19T08:18:05Z",587,"Rulli","MCI","-78.3","-73.4","-65.4","-57.4",-3,1,"0.0",50,5,7,0,0,"0.0","a",0,0,,"false"
"2026-09-19T08:18:05Z",616,"Bouaddi","MCI","0.2","0.1","0.1","0.1",1,-2,"0.2",55,115,110,2,22,"0.5","a",0,0,,"false"
"2026-09-19T08:18:05Z",621,"McAidoo","MCI","-37.7","-39.7","-43.1","-46.5",-2,-3,"0.1",45,29,65,2,11,"0.5","a",0,0,,"false"
"2026-09-19T08:18:05Z",622,"Braithwaite","MCI","-4.1","-7.2","-12.1","-17.1",-1,-6,"0.2",40,77,102,1,1,"0.2","a",0,0,,"false"
"2026-09-19T08:18:05Z",628,"Allan","MCI","0.1","0.1","0.1","0.1",1,2,"0.0",60,27,14,0,0,"0.0","a",0,0,,"false"
"2026-09-19T08:18:05Z",653,"Samba","MCI","0.0","0.0","0.0","0.0",0,1,"0.0",45,35,19,0,0,"0.0","a",0,0,,"false"
"2026-09-19T08:18:05Z",43,"Tielemans","MUN","-9.8","-12.0","-15.5","-19.0",-1,-38,"1.5",58,256,692,10,312,"2.0","a",0,-2,,"false"
"2026-09-19T08:18:05Z",131,"Baleba","MUN","0.0","0.0","0.0","0.0",0,0,"0.1",49,46,55,0,0,"0.0","d",0,-1,"2026-09-26T13:30:09.440487Z","false"
"2026-09-19T08:18:05Z",162,"Andrey Santos","MUN","-14.6","-15.4","-16.7","-18.0",-1,-6,"0.6",48,92,322,4,82,"0.8","a",0,-2,,"false"
"2026-09-19T08:18:05Z",325,"Darlow","MUN","-19.3","-19.3","-19.3","-19.3",-1,0,"0.0",45,10,6,0,0,"0.0","a",0,0,,"false"
"2026-09-19T08:18:05Z",412,"Lammens","MUN","-7.9","-8.7","-9.9","-11.0",-1,-86,"10.3",49,344,4448,7,360,"1.4","a",0,-1,,"false"
"2026-09-19T08:18:05Z",413,"Bayindir","MUN","0.0","0.0","0.0","0.0",0,0,"0.0",45,0,1,0,0,"0.0","u",0,0,,"false"
"2026-09-19T08:18:05Z",414,"Heaton","MUN","-30.3","-30.3","-30.3","-30.3",-2,0,"0.1",40,45,27,0,0,"0.0","i",0,0,,"false"
"2026-09-19T08:18:05Z",415,"Dorgu","MUN","-69.9","-71.6","-74.5","-77.3",-3,-11,"0.5",58,70,275,6,165,"1.2","a",0,-2,,"false"
"2026-09-19T08:18:05Z",416,"De Ligt","MUN","-85.6","-87.2","-89.9","-92.6",-3,-1,"0.0",50,4,8,0,0,"0.0","i",0,0,,"false"
"2026-09-19T08:18:05Z",417,"Dalot","MUN","-55.7","-56.6","-58.0","-59.4",-3,-17,"1.7",49,68,546,6,256,"1.2","a",0,-1,,"false"
"2026-09-19T08:18:05Z",418,"Maguire","MUN","-81.3","-82.2","-83.7","-85.1",-3,-94,"9.2",49,325,12662,8,360,"1.6","a",0,-1,,"false"
"2026-09-19T08:18:05Z",419,"Martinez","MUN","-78.9","-79.1","-79.3","-79.6",-3,-2,"1.3",50,319,287,6,270,"1.2","a",0,0,,"false"
"2026-09-19T08:18:05Z",420,"Yoro","MUN","-0.2","-0.9","-1.9","-3.0",-1,-6,"0.5",48,32,123,2,22,"0.4","a",-1,-2,,"false"
"2026-09-19T08:18:05Z",421,"Heaven","MUN","-70.4","-72.1","-74.8","-77.5",-3,-5,"0.3",44,18,95,1,90,"0.2","a",0,-1,,"false"
"2026-09-19T08:18:05Z",422,"Mazraoui","MUN","-47.5","-48.9","-51.1","-53.3",-3,-8,"0.5",44,70,197,3,97,"0.6","a",0,-1,,"false"
"2026-09-19T08:18:05Z",423,"Shaw","MUN","-0.6","-1.9","-4.0","-6.1",-1,-385,"8.3",43,46,15845,7,252,"1.4","d",-1,-2,,"false"
"2026-09-19T08:18:05Z",424,"Amass","MUN","-33.9","-33.9","-33.9","-33.9",-2,0,"0.2",40,40,41,0,0,"0.0","a",0,0,,"false"
"2026-09-19T08:18:05Z",425,"Fredricson","MUN","0.0","0.0","0.0","0.0",0,0,"0.0",40,0,3,0,0,"0.0","u",0,0,,"false"
"2026-09-19T08:18:05Z",426,"B.Fernandes","MUN","-91.5","-91.8","-92.3","-92.8",-3,-138,"39.9",120,2282,17784,29,360,"5.8","a",0,0,,"false"
"2026-09-19T08:18:05Z",427,"Mbeumo","MUN","-54.4","-54.7","-55.2","-55.7",-3,-79,"21.5",79,2799,10116,23,360,"4.6","a",0,-1,,"false"
"2026-09-19T08:18:05Z",428,"Cunha","MUN","-89.3","-90.5","-92.4","-94.4",-3,-78,"5.7",79,361,1869,16,317,"3.2","a",0,-1,,"false"
"2026-09-19T08:18:05Z",429,"Rashford","MUN","-85.3","-85.9","-86.8","-87.8",-3,-10,"1.6",70,499,628,8,275,"1.6","a",0,0,,"false"
"2026-09-19T08:18:05Z",430,"Mount","MUN","0.1","0.1","0.1","0.1",1,0,"0.0",54,9,11,0,0,"0.0","a",0,-1,,"false"
"2026-09-19T08:18:05Z",431,"Amad","MUN","-5.2","-6.0","-7.3","-8.7",-1,-8,"0.3",57,7,142,0,0,"0.0","i",0,-3,,"false"
"2026-09-19T08:18:05Z",432,"Mainoo","MUN","16.8","17.0","17.5","18.0",1,34,"1.6",55,849,429,18,275,"3.6","a",0,0,,"false"
"2026-09-19T08:18:05Z",433,"Ugarte","MUN","-62.8","-62.8","-62.8","-62.8",-3,0,"0.0",50,3,1,0,0,"0.0","i",0,0,,"false"
"2026-09-19T08:18:05Z",434,"J.Fletcher","MUN","-38.3","-38.3","-38.3","-38.3",-2,0,"0.0",49,1,9,0,0,"0.0","a",0,-1,,"false"
"2026-09-19T08:18:05Z",435,"Lacey","MUN","-8.1","-1.6","0.0","0.1",-1,4,"0.1",49,23,15,1,10,"0.2","a",0,-1,,"false"
"2026-09-19T08:18:05Z",436,"Collyer","MUN","0.0","0.0","0.0","0.0",0,0,"0.0",50,0,8,0,0,"0.0","u",0,0,,"false"
"2026-09-19T08:18:05Z",437,"Bendito Mantato","MUN","-85.1","-86.3","-88.3","-90.3",-3,-2,"0.2",45,21,59,0,0,"0.0","a",0,0,,"false"
"2026-09-19T08:18:05Z",438,"Fletcher","MUN","0.2","0.3","0.4","0.5",1,9,"0.3",44,218,109,0,0,"0.0","a",0,-1,,"false"
"2026-09-19T08:18:05Z",439,"Šeško","MUN","-10.8","-10.3","-9.4","-8.5",-1,11,"1.8",70,1414,779,8,76,"1.6","a",0,0,,"false"
"2026-09-19T08:18:05Z",440,"Zirkzee","MUN","-0.2","-0.8","-1.6","-2.4",-1,-4,"0.4",53,122,249,1,7,"0.2","a",-1,-2,,"false"
"2026-09-19T08:18:05Z",441,"Obi","MUN","0.0","0.0","0.0","0.0",0,-62,"1.0",45,0,1131,0,0,"0.0","u",0,0,,"false"
"2026-09-19T08:18:05Z",405,"N.Gonzalez","NEW","1.0","0.7","0.3","-2.9",1,-32,"0.2",55,4,397,5,164,"1.0","i",0,0,,"false"
"2026-09-19T08:18:05Z",442,"Pope","NEW","-29.5","-29.2","-28.6","-28.0",-2,4,"1.0",49,79,166,0,0,"0.0","a",0,-1,,"false"
"2026-09-19T08:18:05Z",443,"Gillespie","NEW","-29.6","-29.6","-29.6","-29.6",-2,0,"0.0",45,5,3,0,0,"0.0","a",0,0,,"false"
"2026-09-19T08:18:05Z",444,"Jaouen","NEW","-0.4","-0.4","-0.4","-0.4",-1,0,"0.0",44,3,13,0,0,"0.0","d",-1,-1,,"false"
"2026-09-19T08:18:05Z",445,"Thiaw","NEW","16.4","16.3","16.2","16.1",1,-8,"2.2",50,779,838,10,360,"2.0","a",0,0,,"false"
"2026-09-19T08:18:05Z",446,"Schär","NEW","-4.4","-3.9","-3.1","-2.3",-1,1,"0.2",49,29,58,1,1,"0.2","a",0,-1,,"false"
"2026-09-19T08:18:05Z",447,"Botman","NEW","8.0","8.1","8.3","8.5",1,14,"0.7",50,244,358,11,360,"2.2","a",0,0,,"false"
"2026-09-19T08:18:05Z",448,"Burn","NEW","-93.3","-94.2","-95.6","-97.0",-3,-22,"0.8",49,7,465,0,0,"0.0","i",0,-1,,"false"
"2026-09-19T08:18:05Z",449,"Hall","NEW","51.1","52.1","53.8","55.5",3,124,"14.9",52,5996,2145,18,359,"3.6","a",0,2,,"false"
"2026-09-19T08:18:05Z",450,"Livramento","NEW","2.0","2.0","2.1","2.2",1,5,"0.1",49,197,34,4,33,"0.8","a",0,-1,,"false"
"2026-09-19T08:18:05Z",451,"A.Murphy","NEW","0.0","0.0","0.0","0.0",0,-4,"0.1",40,0,19,0,0,"0.0","u",0,0,,"false"
"2026-09-19T08:18:05Z",453,"Barnes","NEW","0.2","0.7","1.3","2.0",1,133,"4.5",61,24985,906,19,360,"3.8","a",1,1,,"false"
"2026-09-19T08:18:05Z",454,"Elanga","NEW","-1.6","-5.0","-10.5","-16.0",-1,-1086,"5.9",61,39,25634,18,232,"3.6","i",-1,1,,"false"
"2026-09-19T08:18:05Z",456,"J.Ramsey","NEW","-44.8","-47.4","-51.6","-55.7",-3,-23,"0.3",49,4,563,7,69,"1.4","i",0,-1,,"false"
"2026-09-19T08:18:05Z",457,"J.Murphy","NEW","-26.4","-28.4","-31.6","-34.8",-2,-3,"0.1",59,68,51,2,91,"0.4","a",0,-1,,"false"
"2026-09-19T08:18:05Z",458,"Joelinton","NEW","-49.0","-49.0","-49.0","-49.0",-3,0,"0.0",54,2,7,0,0,"0.0","i",0,-1,,"false"
"2026-09-19T08:18:05Z",459,"L.Miley","NEW","0.6","0.6","0.6","0.6",1,1,"0.1",55,30,23,8,306,"1.6","a",0,0,,"false"
"2026-09-19T08:18:05Z",460,"Willock","NEW","11.0","11.0","11.0","11.0",1,0,"0.5",50,142,230,12,198,"2.4","a",0,0,,"false"
"2026-09-19T08:18:05Z",461,"Touré","NEW","0.1","0.2","0.2","0.3",1,4,"0.1",58,47,38,7,34,"1.4","a",0,-2,,"false"
"2026-09-19T08:18:05Z",462,"Steur","NEW","-44.2","-44.2","-44.2","-44.2",-3,0,"0.1",49,13,28,5,158,"1.0","a",0,-1,,"false"
"2026-09-19T08:18:05Z",463,"Woltemade","NEW","0.0","0.0","0.0","0.0",0,-38,"0.5",59,0,381,4,19,"0.8","u",0,-1,,"false"
"2026-09-19T08:18:05Z",464,"Wissa","NEW","82.9","85.1","88.7","92.2",3,260,"19.3",62,11556,4194,15,351,"3.0","a",0,2,,"false"
"2026-09-19T08:18:05Z",465,"Osula","NEW","-0.2","-0.8","-1.7","-2.6",-1,-10,"0.3",58,7,203,4,55,"0.8","i",-1,-2,,"false"
"2026-09-19T08:18:05Z",466,"Neave","NEW","0.0","0.0","0.0","0.0",0,-10,"0.5",45,0,297,0,0,"0.0","u",0,0,,"false"
"2026-09-19T08:18:05Z",559,"Bamba","NEW","-46.0","-47.0","-48.7","-50.4",-3,-1,"0.1",49,13,25,2,24,"0.4","a",0,-1,,"false"
"2026-09-19T08:18:05Z",567,"Horníček","NEW","20.9","21.0","21.1","21.2",2,7,"1.5",50,453,326,11,360,"2.2","a",0,0,,"false"
"2026-09-19T08:18:05Z",593,"Dedić","NEW","7.8","6.2","3.7","1.1",1,-190,"2.1",45,36,6123,13,327,"2.6","i",0,0,,"false"
"2026-09-19T08:18:05Z",609,"Shahar","NEW","0.0","0.0","0.0","0.0",0,-8,"0.2",40,0,160,0,0,"0.0","u",0,0,,"false"
"2026-09-19T08:18:05Z",634,"Fernandez-Pardo","NEW","0.4","0.4","0.4","0.4",1,0,"0.1",60,119,63,2,84,"0.7","a",0,0,,"false"
"2026-09-19T08:18:05Z",659,"Miley","NEW","0.0","0.0","0.0","0.0",0,0,"0.0",45,154,34,0,0,"0.0","a",0,0,"2026-09-27T21:39:41.033165Z","false"
"2026-09-19T08:18:05Z",167,"Delap","NFO","0.1","0.3","0.5","0.8",1,53,"2.9",56,15869,899,8,187,"1.6","a",1,1,,"false"
"2026-09-19T08:18:05Z",201,"Muñoz","NFO","-30.4","-30.6","-30.9","-31.2",-2,-12,"6.0",54,1464,2026,3,175,"0.6","a",0,-1,,"false"
"2026-09-19T08:18:05Z",467,"Sels","NFO","5.4","5.4","5.4","5.4",1,-1,"1.6",50,227,341,12,360,"2.4","a",0,0,,"false"
"2026-09-19T08:18:05Z",468,"John","NFO","-61.4","-61.4","-61.4","-61.4",-3,0,"0.1",45,7,15,0,0,"0.0","a",0,0,,"false"
"2026-09-19T08:18:05Z",469,"N.Williams","NFO","28.7","28.7","28.8","28.8",2,2,"9.1",50,1668,2550,17,360,"3.4","a",0,0,,"false"
"2026-09-19T08:18:05Z",470,"Morato","NFO","0.0","0.0","0.0","0.0",0,0,"0.0",50,0,8,0,0,"0.0","u",0,0,,"false"
"2026-09-19T08:18:05Z",471,"Milenković","NFO","-0.5","-1.6","-3.5","-5.3",-1,-69,"1.1",54,7,1408,12,270,"2.4","i",-1,-1,,"false"
"2026-09-19T08:18:05Z",472,"Murillo","NFO","21.8","21.8","21.9","21.9",2,3,"2.1",55,676,357,19,359,"3.8","a",0,0,,"false"
"2026-09-19T08:18:05Z",473,"Aina","NFO","-78.3","-79.0","-80.0","-81.1",-3,-19,"2.6",45,185,1324,8,306,"1.6","a",0,0,,"false"
"2026-09-19T08:18:05Z",474,"Jair Cunha","NFO","-20.7","-21.7","-23.3","-25.0",-2,-4,"0.2",45,10,121,10,270,"2.0","d",0,0,,"false"
"2026-09-19T08:18:05Z",475,"Savona","NFO","-18.5","-1.6","0.0","0.0",-1,1,"0.0",45,1,1,0,0,"0.0","i",0,0,,"false"
"2026-09-19T08:18:05Z",476,"O.Richards","NFO","-53.2","-53.2","-53.2","-53.2",-3,0,"0.2",40,25,40,0,0,"0.0","a",0,0,,"false"
"2026-09-19T08:18:05Z",477,"Abbott","NFO","0.0","0.0","0.0","0.0",0,-8,"0.1",40,0,56,0,0,"0.0","u",0,0,,"false"
"2026-09-19T08:18:05Z",478,"Netz","NFO","0.0","-3.4","-8.9","-14.4",-1,-1,"0.0",44,9,9,2,20,"0.4","a",0,-1,,"false"
"2026-09-19T08:18:05Z",479,"Bindon","NFO","0.0","0.0","0.0","0.0",0,-2,"0.1",40,0,39,0,0,"0.0","u",0,0,,"false"
"2026-09-19T08:18:05Z",480,"Gibbs-White","NFO","55.3","56.5","58.5","60.6",3,147,"16.0",80,9697,2885,26,360,"5.2","a",0,0,,"false"
"2026-09-19T08:18:05Z",482,"Hudson-Odoi","NFO","-4.4","-6.4","-9.7","-12.9",-1,-4,"0.2",58,37,60,1,1,"0.2","a",0,-2,,"false"
"2026-09-19T08:18:05Z",483,"Ndoye","NFO","15.0","15.0","15.0","15.0",1,0,"0.8",55,94,493,14,258,"2.8","a",0,0,,"false"
"2026-09-19T08:18:05Z",484,"Hutchinson","NFO","0.0","0.0","0.0","0.0",0,-4,"0.1",54,0,32,0,0,"0.0","u",0,-1,,"false"
"2026-09-19T08:18:05Z",485,"Bakwa","NFO","0.0","0.0","0.0","0.0",0,0,"0.0",55,0,3,0,0,"0.0","u",0,0,,"false"
"2026-09-19T08:18:05Z",486,"McAtee","NFO","2.3","2.3","2.2","2.2",1,-3,"0.1",55,43,49,10,334,"2.0","a",0,0,,"false"
"2026-09-19T08:18:05Z",487,"Dominguez","NFO","-41.9","-41.9","-41.9","-41.9",-3,0,"0.1",49,3,14,1,1,"0.2","a",0,-1,,"false"
"2026-09-19T08:18:05Z",488,"I.Sangaré","NFO","-67.6","-67.9","-68.4","-68.9",-3,-2,"0.4",49,30,281,3,98,"0.6","a",0,-1,,"false"
"2026-09-19T08:18:05Z",489,"Yates","NFO","-55.3","-56.6","-58.7","-60.9",-3,-19,"1.2",45,54,382,0,0,"0.0","a",0,0,,"false"
"2026-09-19T08:18:05Z",490,"Wood","NFO","-12.1","-12.1","-12.1","-12.1",-1,0,"0.9",58,191,360,3,45,"0.6","a",0,-2,,"false"
"2026-09-19T08:18:05Z",491,"Igor Jesus","NFO","6.1","6.3","6.6","6.8",1,21,"2.8",58,916,1055,11,226,"2.2","a",0,-2,,"false"
"2026-09-19T08:18:05Z",493,"Kalimuendo","NFO","0.1","0.1","0.1","0.0",1,-2,"0.1",54,12,22,1,1,"0.2","a",0,-1,,"false"
"2026-09-19T08:18:05Z",558,"Schlager","NFO","0.6","0.6","0.6","0.5",1,-2,"0.1",50,32,52,11,286,"2.2","a",0,0,,"false"
"2026-09-19T08:18:05Z",581,"Diomande","NFO","-42.2","-40.9","-38.8","-36.7",-3,8,"0.5",54,124,135,5,91,"1.0","a",0,-1,,"false"
"2026-09-19T08:18:05Z",590,"Benda","NFO","0.1","0.1","0.0","0.0",1,-1,"0.1",45,15,16,0,0,"0.0","a",0,0,,"false"
"2026-09-19T08:18:05Z",112,"Van Hecke","TOT","-20.2","-20.4","-20.8","-21.3",-2,-19,"6.7",49,868,1721,18,360,"3.6","a",0,-1,,"false"
"2026-09-19T08:18:05Z",147,"Tosin","TOT","-21.7","-21.7","-21.7","-21.7",-2,0,"0.2",44,17,24,1,5,"0.2","a",0,-1,,"false"
"2026-09-19T08:18:05Z",401,"Marmoush","TOT","39.6","39.8","40.2","40.6",2,28,"2.2",70,1447,1023,6,249,"1.2","a",0,0,,"false"
"2026-09-19T08:18:05Z",403,"Sávio","TOT","11.6","11.6","11.7","11.7",1,3,"0.7",65,220,340,6,150,"1.2","a",0,0,,"false"
"2026-09-19T08:18:05Z",455,"Tonali","TOT","-0.3","-0.8","-1.5","-2.2",-1,-17,"2.0",53,199,1049,12,344,"2.4","a",-1,-2,,"false"
"2026-09-19T08:18:05Z",494,"Vicario","TOT","0.0","0.0","0.0","0.0",0,-3,"0.1",45,0,48,0,0,"0.0","u",0,0,,"false"
"2026-09-19T08:18:05Z",495,"Austin","TOT","2.1","2.2","2.3","2.4",1,8,"1.0",40,194,124,0,0,"0.0","a",0,0,,"false"
"2026-09-19T08:18:05Z",496,"Kinsky","TOT","-36.4","-36.6","-36.8","-37.1",-2,-33,"18.2",45,1768,10379,16,360,"3.2","a",0,0,,"false"
"2026-09-19T08:18:05Z",497,"Dubravka","TOT","-19.0","-19.2","-19.5","-19.8",-1,-40,"17.5",40,3038,3187,0,0,"0.0","a",0,0,,"false"
"2026-09-19T08:18:05Z",498,"Senesi","TOT","-23.0","-24.3","-26.6","-28.8",-2,-59,"3.7",58,143,1241,3,90,"0.6","a",0,-2,,"false"
"2026-09-19T08:18:05Z",499,"Pedro Porro","TOT","-5.9","-6.2","-6.6","-7.1",-1,-27,"8.4",54,792,1765,8,180,"1.6","a",0,-1,,"false"
"2026-09-19T08:18:05Z",500,"Romero","TOT","0.0","0.0","0.0","0.0",0,0,"0.1",50,0,23,0,0,"0.0","u",0,0,,"false"
"2026-09-19T08:18:05Z",502,"Robertson","TOT","1.5","1.5","1.6","1.6",1,3,"2.6",44,382,1013,13,276,"2.6","a",0,-1,,"false"
"2026-09-19T08:18:05Z",503,"Van de Ven","TOT","-4.2","-4.3","-4.4","-4.5",-1,-3,"4.0",50,563,677,15,270,"3.0","a",0,0,,"false"
"2026-09-19T08:18:05Z",505,"Spence","TOT","0.0","0.0","0.0","0.0",0,-3,"0.2",45,0,85,0,0,"0.0","u",0,0,,"false"
"2026-09-19T08:18:05Z",506,"Udogie","TOT","-3.0","-3.7","-5.0","-6.2",-1,-3,"0.3",44,42,86,7,86,"1.4","a",0,-1,,"false"
"2026-09-19T08:18:05Z",507,"Phillips","TOT","0.0","0.0","0.0","0.0",0,0,"0.0",45,0,4,0,0,"0.0","u",0,0,,"false"
"2026-09-19T08:18:05Z",508,"Davies","TOT","0.0","0.2","0.6","0.9",1,24,"0.8",39,215,196,0,0,"0.0","a",-1,-1,,"false"
"2026-09-19T08:18:05Z",509,"Byfield","TOT","0.0","0.0","0.0","0.0",0,0,"0.1",40,13,17,0,0,"0.0","a",0,0,,"false"
"2026-09-19T08:18:05Z",510,"Rowswell","TOT","-6.9","-8.1","-10.0","-11.9",-1,-1,"0.1",40,12,23,0,0,"0.0","a",0,0,,"false"
"2026-09-19T08:18:05Z",511,"Souza","TOT","0.0","0.0","0.0","0.0",0,-4,"0.2",40,0,84,0,0,"0.0","u",0,0,,"false"
"2026-09-19T08:18:05Z",512,"Kudus","TOT","1.5","1.5","1.5","1.5",1,3,"0.1",65,101,66,3,78,"0.6","a",0,0,,"false"
"2026-09-19T08:18:05Z",513,"Xavi","TOT","-12.3","-12.3","-12.3","-12.3",-1,0,"0.0",59,2,8,0,0,"0.0","i",0,-1,,"false"
"2026-09-19T08:18:05Z",514,"Tel","TOT","-0.2","-0.9","-1.8","-2.8",-1,-2,"0.2",57,21,196,8,257,"1.6","a",-1,-3,,"false"
"2026-09-19T08:18:05Z",515,"Maddison","TOT","-48.7","-48.7","-48.7","-48.7",-3,0,"0.4",63,86,103,2,35,"0.4","a",0,-2,,"false"
"2026-09-19T08:18:05Z",516,"Bentancur","TOT","-57.7","-59.4","-62.2","-65.0",-3,-4,"0.2",55,22,41,11,287,"2.2","a",0,0,,"false"
"2026-09-19T08:18:05Z",517,"Odobert","TOT","0.0","0.0","0.0","0.0",0,0,"0.0",55,2,0,0,0,"0.0","i",0,0,,"false"
"2026-09-19T08:18:05Z",518,"P.M.Sarr","TOT","0.0","0.0","0.0","0.0",0,-2,"0.1",49,0,56,0,0,"0.0","u",0,-1,,"false"
"2026-09-19T08:18:05Z",519,"Gallagher","TOT","-2.2","-3.6","-5.8","-8.0",-1,-3,"0.2",53,39,52,3,128,"0.6","a",0,-2,,"false"
"2026-09-19T08:18:05Z",520,"Bergvall","TOT","-85.3","-85.3","-85.3","-85.3",-3,0,"0.1",54,7,24,2,72,"0.4","a",0,-1,,"false"
"2026-09-19T08:18:05Z",521,"Kulusevski","TOT","-85.4","-85.4","-85.4","-85.4",-3,0,"0.0",65,2,8,0,0,"0.0","i",0,0,,"false"
"2026-09-19T08:18:05Z",522,"Gray","TOT","-2.7","-2.7","-2.7","-2.7",-1,0,"0.2",49,43,71,7,236,"1.4","a",0,-1,,"false"
"2026-09-19T08:18:05Z",523,"Moore","TOT","0.0","0.0","0.0","0.0",0,-1,"0.1",50,0,52,3,89,"0.6","u",0,0,,"false"
"2026-09-19T08:18:05Z",524,"Olusesi","TOT","7.9","7.9","8.0","8.0",1,2,"1.0",44,476,459,0,0,"0.0","a",0,-1,,"false"
"2026-09-19T08:18:05Z",525,"Fernandes","TOT","-79.8","-80.8","-82.2","-83.7",-3,-9,"0.8",58,59,341,6,204,"1.2","a",0,-2,,"false"
"2026-09-19T08:18:05Z",526,"Solanke","TOT","-5.4","-5.0","-4.5","-3.9",-1,3,"0.8",58,211,330,5,105,"1.0","a",0,-2,,"false"
"2026-09-19T08:18:05Z",527,"Richarlison","TOT","0.0","0.0","0.0","0.0",0,-27,"0.7",59,0,745,2,67,"0.4","u",0,-1,,"false"
"2026-09-19T08:18:05Z",528,"Scarlett","TOT","0.0","0.0","0.0","0.0",0,-20,"1.2",45,0,556,0,0,"0.0","u",0,0,,"false"
"2026-09-19T08:18:05Z",578,"Mudryk","TOT","-100.4","-105.0","-112.5","-120.0",-5,-6,"0.0",54,3,54,1,16,"0.2","i",0,-1,,"false"
"2026-09-19T08:18:05Z",601,"Williams-Barnett","TOT","-24.8","-24.1","-23.0","-21.9",-2,1,"0.1",45,19,37,0,0,"0.0","a",0,0,,"false"
"2026-09-19T08:18:05Z",501,"Danso","SUN","-88.4","-88.2","-87.7","-87.3",-3,1,"0.2",50,80,49,3,180,"0.6","a",0,0,,"false"
"2026-09-19T08:18:05Z",529,"Roefs","SUN","-7.6","-7.9","-8.3","-8.7",-1,-8,"2.6",49,219,793,11,360,"2.2","a",0,-1,,"false"
"2026-09-19T08:18:05Z",530,"Patterson","SUN","0.0","0.0","0.0","0.0",0,-1,"0.1",40,0,21,0,0,"0.0","u",0,0,,"false"
"2026-09-19T08:18:05Z",531,"Ellborg","SUN","-88.7","-87.4","-85.3","-83.2",-3,1,"0.1",45,9,14,0,0,"0.0","a",0,0,,"false"
"2026-09-19T08:18:05Z",532,"Ballard","SUN","-76.5","-76.9","-77.5","-78.2",-3,-12,"2.6",49,360,1775,12,360,"2.4","a",0,-1,,"false"
"2026-09-19T08:18:05Z",533,"Mukiele","SUN","-9.4","-9.5","-9.6","-9.7",-1,-2,"1.9",54,463,437,13,270,"2.6","a",0,-1,,"false"
"2026-09-19T08:18:05Z",534,"Hume","SUN","-0.4","-0.8","-1.5","-2.1",-1,-24,"3.0",43,114,6311,9,195,"1.8","a",-1,-2,,"false"
"2026-09-19T08:18:05Z",535,"Alderete","SUN","-99.7","-99.9","-100.3","-100.7",-4,-1,"0.2",49,16,60,1,23,"0.2","a",0,-1,,"false"
"2026-09-19T08:18:05Z",536,"Reinildo","SUN","-100.7","-101.9","-103.8","-105.7",-5,-10,"0.3",45,9,260,7,360,"1.4","s",0,0,,"false"
"2026-09-19T08:18:05Z",537,"Seelt","SUN","0.0","0.0","0.0","0.0",0,0,"0.0",45,0,0,0,0,"0.0","u",0,0,,"false"
"2026-09-19T08:18:05Z",538,"Hjelde","SUN","0.0","0.0","0.0","0.0",0,0,"0.0",40,0,9,0,0,"0.0","u",0,0,,"false"
"2026-09-19T08:18:05Z",539,"O'Nien","SUN","0.1","0.4","0.8","1.3",1,35,"2.4",39,409,1143,1,66,"0.2","a",-1,-1,,"false"
"2026-09-19T08:18:05Z",540,"Masuaku","SUN","0.0","0.0","0.0","0.0",0,0,"0.1",40,0,37,0,0,"0.0","u",0,0,,"false"
"2026-09-19T08:18:05Z",541,"Meunier","SUN","-38.5","-38.0","-37.2","-36.3",-2,2,"0.3",45,92,42,11,318,"2.2","a",0,0,,"false"
"2026-09-19T08:18:05Z",542,"E.Le Fée","SUN","-0.3","-0.8","-1.6","-2.4",-1,-34,"3.5",57,558,4214,13,348,"2.6","a",-1,-3,,"false"
"2026-09-19T08:18:05Z",543,"Diarra","SUN","-75.2","-78.2","-83.0","-87.7",-3,-2,"0.0",54,0,19,5,28,"1.0","i",0,-1,,"false"
"2026-09-19T08:18:05Z",544,"Xhaka","SUN","-46.8","-47.6","-48.8","-50.1",-3,-33,"3.8",55,658,1314,19,360,"3.8","a",0,0,,"false"
"2026-09-19T08:18:05Z",545,"Sadiki","SUN","-50.3","-50.6","-51.0","-51.4",-3,-1,"0.2",49,32,108,8,343,"1.6","a",0,-1,,"false"
"2026-09-19T08:18:05Z",546,"Adingra","SUN","0.0","0.0","0.0","0.0",0,-2,"0.0",49,0,18,0,0,"0.0","u",0,-1,,"false"
"2026-09-19T08:18:05Z",547,"Mundle","SUN","-52.6","-52.6","-52.6","-52.6",-3,0,"0.0",49,2,7,1,1,"0.2","i",0,-1,,"false"
"2026-09-19T08:18:05Z",548,"Rigg","SUN","-48.5","-48.5","-48.5","-48.5",-3,0,"0.0",49,1,6,2,17,"0.4","a",0,-1,,"false"
"2026-09-19T08:18:05Z",549,"Talbi","SUN","-9.2","-8.5","-7.2","-5.9",-1,1,"0.1",53,14,28,1,31,"0.2","a",0,-2,,"false"
"2026-09-19T08:18:05Z",550,"Jocelin.T","SUN","-80.5","-80.5","-80.5","-80.5",-3,0,"0.0",50,4,5,0,0,"0.0","a",0,0,,"false"
"2026-09-19T08:18:05Z",551,"N.Angulo","SUN","1.3","1.3","1.3","1.2",1,-2,"0.1",50,28,68,12,254,"2.4","a",0,0,,"false"
"2026-09-19T08:18:05Z",552,"Brobbey","SUN","-0.2","-0.7","-1.5","-2.2",-1,-50,"5.4",57,812,3401,7,309,"1.4","a",-1,-3,,"false"
"2026-09-19T08:18:05Z",553,"Isidor","SUN","6.8","6.7","6.5","6.2",1,-17,"1.3",55,332,511,14,95,"2.8","a",0,0,,"false"
"2026-09-19T08:18:05Z",612,"Methalie","SUN","0.0","0.0","0.0","0.0",0,1,"0.0",45,6,6,0,0,"0.0","a",0,0,,"false"
"2026-09-19T08:18:05Z",613,"Ahoka","SUN","-21.3","-24.7","-30.1","-35.4",-2,-9,"0.2",45,46,112,0,0,"0.0","a",0,0,,"false"
"2026-09-19T08:18:05Z",646,"Fofana","SUN","-14.5","-14.5","-14.5","-14.5",-1,0,"0.0",55,31,20,2,30,"0.7","a",0,0,,"false"
"2026-09-19T08:18:05Z",651,"J.Angulo","SUN","4.4","4.8","5.3","5.9",1,40,"0.7",45,1186,396,0,0,"0.0","a",0,0,,"false"
