snapshot_utc,element_id,web_name,team,progress_pct,proj_0,proj_1,proj_2,likelihood,hourly_rate,selected_by_percent,now_cost,transfers_in_event,transfers_out_event,total_points,minutes,form,status,cost_change_event,cost_change_start,locked_until,calibrating
"2026-09-28T06:49:53Z",1,"Raya","ARS","1.2","1.2","1.3","1.3",1,10,"42.2",61,121096,44750,30,450,"6.0","a",1,1,,"false"
"2026-09-28T06:49:53Z",2,"Arrizabalaga","ARS","-47.1","-47.1","-47.1","-47.1",-3,0,"0.1",49,102,239,0,0,"0.0","a",0,-1,,"false"
"2026-09-28T06:49:53Z",3,"Meslier","ARS","-37.0","-37.0","-37.0","-37.0",-2,0,"0.0",49,45,116,0,0,"0.0","a",0,-1,,"false"
"2026-09-28T06:49:53Z",4,"Gabriel","ARS","-85.8","-85.8","-85.8","-85.8",-3,1,"22.7",80,22786,63579,25,450,"5.0","a",0,0,,"false"
"2026-09-28T06:49:53Z",5,"J.Timber","ARS","10.5","10.6","10.7","10.8",1,7,"0.4",65,11673,3835,1,104,"0.2","a",0,0,,"false"
"2026-09-28T06:49:53Z",6,"Saliba","ARS","-24.2","-24.2","-24.2","-24.2",-2,0,"0.2",59,370,1043,0,0,"0.0","i",0,-1,,"false"
"2026-09-28T06:49:53Z",7,"Lewis-Skelly","ARS","-15.0","-15.3","-15.8","-16.2",-1,-3,"0.6",54,863,4816,9,271,"1.5","a",-1,-1,,"false"
"2026-09-28T06:49:53Z",8,"Calafiori","ARS","90.7","90.7","90.8","90.9",3,5,"50.5",58,71846,60336,29,416,"5.0","a",0,3,,"false"
"2026-09-28T06:49:53Z",9,"Hincapie","ARS","-5.0","-5.1","-5.4","-5.6",-1,-2,"0.9",52,1370,5534,2,32,"0.2","a",-1,-3,,"false"
"2026-09-28T06:49:53Z",10,"White","ARS","-45.0","-45.2","-45.5","-45.8",-3,-17,"4.9",55,3216,64492,21,315,"2.5","d",0,0,,"false"
"2026-09-28T06:49:53Z",11,"Mosquera","ARS","-23.8","-24.0","-24.1","-24.3",-2,-2,"1.6",53,1136,9027,12,168,"1.5","a",0,-2,,"false"
"2026-09-28T06:49:53Z",12,"Saka","ARS","87.1","87.2","87.3","87.4",3,7,"13.6",95,99910,44545,32,416,"5.8","a",0,0,,"false"
"2026-09-28T06:49:53Z",13,"Rice","ARS","-31.4","-31.6","-31.9","-32.2",-2,-39,"11.7",74,7435,77787,20,411,"4.2","d",0,-1,,"false"
"2026-09-28T06:49:53Z",14,"Eze","ARS","-0.4","-0.4","-0.4","-0.4",-1,0,"1.0",62,2125,6505,4,85,"0.8","a",-1,-3,,"false"
"2026-09-28T06:49:53Z",15,"Ødegaard","ARS","-1.7","-1.6","-1.5","-1.3",-1,11,"19.8",68,71652,84146,29,377,"4.5","a",0,3,,"false"
"2026-09-28T06:49:53Z",16,"Madueke","ARS","-24.6","-24.6","-24.6","-24.6",-2,0,"0.2",62,707,1515,2,23,"0.2","a",0,-3,,"false"
"2026-09-28T06:49:53Z",17,"Merino","ARS","-97.1","-97.1","-97.1","-97.1",-4,0,"0.4",58,700,2776,4,81,"0.8","a",0,-2,,"false"
"2026-09-28T06:49:53Z",18,"Martinelli","ARS","0.0","0.0","0.0","0.0",0,0,"0.1",63,0,528,0,0,"0.0","u",0,-2,,"false"
"2026-09-28T06:49:53Z",19,"Zubimendi","ARS","-45.5","-46.0","-46.7","-47.5",-3,-3,"0.6",53,475,3581,5,89,"1.0","a",0,-2,,"false"
"2026-09-28T06:49:53Z",20,"Dowman","ARS","-26.2","-26.2","-26.2","-26.2",-2,0,"0.1",53,439,562,1,9,"0.2","a",0,-2,,"false"
"2026-09-28T06:49:53Z",22,"Nwaneri","ARS","0.0","0.0","0.0","0.0",0,0,"0.0",54,0,48,0,0,"0.0","u",0,-1,,"false"
"2026-09-28T06:49:53Z",23,"Fábio Vieira","ARS","0.0","0.0","0.0","0.0",0,0,"0.0",55,0,37,0,0,"0.0","u",0,0,,"false"
"2026-09-28T06:49:53Z",24,"Nelson","ARS","0.0","0.0","0.0","0.0",0,0,"0.0",55,0,22,0,0,"0.0","u",0,0,,"false"
"2026-09-28T06:49:53Z",25,"Gyökeres","ARS","-4.7","-4.5","-4.1","-3.8",-1,12,"3.1",71,8686,16000,2,29,"0.5","a",-1,-4,,"false"
"2026-09-28T06:49:53Z",26,"Havertz","ARS","7.6","6.9","5.9","4.8",1,-72,"8.4",76,50047,55754,19,437,"3.2","d",0,1,,"false"
"2026-09-28T06:49:53Z",27,"G.Jesus","ARS","0.0","0.0","0.0","0.0",0,0,"0.1",59,0,962,0,0,"0.0","u",0,-1,,"false"
"2026-09-28T06:49:53Z",31,"Konsa","ARS","0.8","0.8","0.8","0.8",1,1,"19.4",46,86652,42860,12,281,"3.0","a",1,1,,"false"
"2026-09-28T06:49:53Z",452,"Bruno G.","ARS","0.4","0.3","0.3","0.3",1,-2,"1.8",67,5219,7234,9,123,"2.2","a",0,-3,,"false"
"2026-09-28T06:49:53Z",557,"Tzolis","ARS","-10.9","-10.9","-11.0","-11.0",-1,-8,"12.2",63,11241,134846,16,362,"2.5","a",-1,-2,,"false"
"2026-09-28T06:49:53Z",29,"M.Bizot","AVL","-35.5","-35.5","-35.5","-35.5",-2,0,"0.1",45,58,962,1,90,"0.0","i",0,0,,"false"
"2026-09-28T06:49:53Z",30,"Digne","AVL","0.0","0.0","0.0","0.0",0,0,"0.0",45,0,209,0,0,"0.0","u",0,0,,"false"
"2026-09-28T06:49:53Z",32,"Cash","AVL","-21.7","-21.8","-21.9","-22.1",-2,-6,"4.8",44,2516,24064,6,296,"1.8","a",0,-1,,"false"
"2026-09-28T06:49:53Z",33,"Mings","AVL","0.7","0.7","0.7","0.7",1,0,"0.4",45,1586,1331,10,261,"2.2","a",0,0,,"false"
"2026-09-28T06:49:53Z",34,"Pau","AVL","-97.9","-98.2","-98.6","-98.9",-4,-2,"0.3",45,40,2995,3,187,"0.8","i",0,0,,"false"
"2026-09-28T06:49:53Z",35,"Bogarde","AVL","-3.1","-3.1","-3.1","-3.1",-1,0,"0.1",49,163,429,1,16,"0.0","a",-1,-1,,"false"
"2026-09-28T06:49:53Z",36,"Maatsen","AVL","-1.8","-1.9","-2.2","-2.4",-1,-4,"0.5",44,48,5876,9,335,"2.2","i",-1,-1,,"false"
"2026-09-28T06:49:53Z",37,"Lindelöf","AVL","0.9","0.9","1.0","1.0",1,1,"0.3",45,949,1204,8,450,"2.5","a",0,0,,"false"
"2026-09-28T06:49:53Z",38,"A.García","AVL","-33.2","-33.3","-33.5","-33.7",-2,-2,"1.5",40,1761,5787,0,0,"0.0","a",0,0,,"false"
"2026-09-28T06:49:53Z",39,"Nedeljkovic","AVL","0.0","0.0","0.0","0.0",0,0,"0.1",40,0,519,0,0,"0.0","u",0,0,,"false"
"2026-09-28T06:49:53Z",41,"Buendía","AVL","-37.7","-37.7","-37.7","-37.7",-2,0,"1.0",59,11442,3863,21,401,"4.8","a",0,-1,,"false"
"2026-09-28T06:49:53Z",44,"Bailey","AVL","0.0","0.0","0.0","0.0",0,0,"0.1",54,0,450,0,0,"0.0","u",0,-1,,"false"
"2026-09-28T06:49:53Z",45,"McGinn","AVL","-19.5","-19.5","-19.5","-19.5",-1,0,"2.2",54,6444,7999,17,434,"4.0","a",0,-1,,"false"
"2026-09-28T06:49:53Z",46,"Barkley","AVL","0.5","0.5","0.5","0.5",1,0,"0.3",50,538,1702,10,308,"2.0","a",0,0,,"false"
"2026-09-28T06:49:53Z",47,"Kamara","AVL","-77.8","-77.8","-77.8","-77.8",-3,0,"0.3",50,1230,1493,15,443,"3.2","a",0,0,,"false"
"2026-09-28T06:49:53Z",48,"Onana","AVL","-10.5","-10.5","-10.5","-10.5",-1,0,"0.0",49,38,91,0,0,"0.0","i",0,-1,,"false"
"2026-09-28T06:49:53Z",49,"Iling Jr","AVL","0.0","0.0","0.0","0.0",0,0,"0.0",50,0,10,0,0,"0.0","u",0,0,,"false"
"2026-09-28T06:49:53Z",50,"Burrowes","AVL","-75.2","-75.2","-75.2","-75.2",-3,0,"0.6",45,610,3240,0,0,"0.0","a",0,0,,"false"
"2026-09-28T06:49:53Z",51,"George Hemmings","AVL","13.3","13.3","13.3","13.3",1,-1,"1.2",45,3060,9241,9,297,"1.8","a",0,0,,"false"
"2026-09-28T06:49:53Z",52,"Alysson","AVL","0.0","0.0","0.0","0.0",0,0,"0.0",50,66,745,8,87,"1.8","d",0,0,,"false"
"2026-09-28T06:49:53Z",53,"Manzambi","AVL","7.7","7.8","7.8","7.9",1,4,"0.4",59,26921,2946,14,98,"3.5","a",0,-1,,"false"
"2026-09-28T06:49:53Z",54,"Gomes","AVL","0.1","0.1","0.1","0.1",1,0,"0.0",55,434,182,2,129,"1.0","a",0,0,,"false"
"2026-09-28T06:49:53Z",55,"Watkins","AVL","0.0","0.0","0.0","0.0",0,-5,"2.5",78,0,11814,0,0,"0.0","u",0,-2,,"false"
"2026-09-28T06:49:53Z",56,"Abraham","AVL","3.3","3.3","3.3","3.3",1,0,"0.2",55,1562,1648,4,71,"1.0","a",0,0,,"false"
"2026-09-28T06:49:53Z",160,"Garnacho","AVL","-62.9","-63.5","-64.3","-65.1",-3,-2,"0.3",58,497,2659,3,31,"0.5","a",0,-2,,"false"
"2026-09-28T06:49:53Z",166,"N.Jackson","AVL","49.0","49.1","49.2","49.4",3,11,"1.5",65,33094,7446,10,286,"2.5","a",0,0,,"false"
"2026-09-28T06:49:53Z",582,"Madjo","AVL","-23.3","-23.3","-23.3","-23.3",-2,0,"0.2",54,176,1677,0,0,"0.0","i",0,-1,,"false"
"2026-09-28T06:49:53Z",596,"Ruggeri","AVL","-73.0","-73.0","-73.0","-73.0",-3,0,"0.1",45,478,304,5,113,"1.0","a",0,0,,"false"
"2026-09-28T06:49:53Z",597,"Suzuki","AVL","28.6","28.6","28.6","28.6",2,0,"1.9",50,12901,6079,16,360,"4.0","a",0,0,,"false"
"2026-09-28T06:49:53Z",606,"Rowe","AVL","0.2","0.2","0.2","0.2",1,0,"0.2",40,295,863,0,0,"0.0","a",0,0,,"false"
"2026-09-28T06:49:53Z",607,"Lynch","AVL","0.0","0.0","0.0","0.0",0,-1,"0.1",45,0,684,0,0,"0.0","u",0,0,,"false"
"2026-09-28T06:49:53Z",611,"Wan-Bissaka","AVL","2.0","2.0","2.0","2.0",1,0,"0.2",45,1375,1371,6,152,"1.5","a",0,0,,"false"
"2026-09-28T06:49:53Z",618,"Goretzka","AVL","-38.5","-38.5","-38.5","-38.5",-2,0,"0.0",59,22,399,0,0,"0.0","i",0,-1,,"false"
"2026-09-28T06:49:53Z",630,"Harwood-Bellis","AVL","0.0","0.0","0.0","0.0",0,0,"0.0",45,177,174,0,0,"0.0","a",0,0,,"false"
"2026-09-28T06:49:53Z",631,"Mbaye","AVL","0.3","0.3","0.3","0.3",1,0,"0.1",60,847,1078,2,33,"0.7","a",0,0,,"false"
"2026-09-28T06:49:53Z",667,"Wright","AVL","0.0","0.0","0.0","0.0",0,0,"0.1",40,6750,753,0,0,"0.0","a",0,0,"2026-10-02T19:12:30.130761Z","false"
"2026-09-28T06:49:53Z",57,"Petrović","BOU","0.3","0.2","0.2","0.2",1,-3,"3.0",45,5747,11081,9,450,"1.8","a",0,0,,"false"
"2026-09-28T06:49:53Z",58,"Forster","BOU","4.5","4.5","4.5","4.5",1,2,"3.5",40,7780,6882,0,0,"0.0","a",0,0,,"false"
"2026-09-28T06:49:53Z",59,"Dennis","BOU","0.0","0.0","0.0","0.0",0,0,"0.1",40,0,521,0,0,"0.0","u",0,0,,"false"
"2026-09-28T06:49:53Z",60,"Hill","BOU","-32.8","-32.6","-32.2","-31.8",-2,2,"0.8",55,2944,2947,12,450,"2.8","a",0,0,,"false"
"2026-09-28T06:49:53Z",61,"Truffert","BOU","-1.2","-1.2","-1.3","-1.3",-1,-1,"3.0",54,4259,11556,10,450,"2.2","a",-1,-1,,"false"
"2026-09-28T06:49:53Z",62,"Diakité","BOU","-5.3","-5.3","-5.3","-5.3",-1,0,"0.2",49,448,923,0,0,"0.0","a",-1,-1,,"false"
"2026-09-28T06:49:53Z",63,"Milosavljević","BOU","-4.1","-4.1","-4.1","-4.1",-1,0,"0.0",49,26,43,0,0,"0.0","i",0,-1,,"false"
"2026-09-28T06:49:53Z",64,"Smith","BOU","0.3","0.3","0.3","0.3",1,0,"0.1",45,379,455,4,434,"0.8","a",0,0,,"false"
"2026-09-28T06:49:53Z",65,"J.Araujo","BOU","-11.9","-11.9","-11.9","-11.9",-1,0,"0.0",44,34,51,0,0,"0.0","i",0,-1,,"false"
"2026-09-28T06:49:53Z",66,"Soler","BOU","1.3","1.3","1.3","1.3",1,0,"0.3",40,702,1075,0,0,"0.0","a",0,0,,"false"
"2026-09-28T06:49:53Z",67,"Rayan","BOU","-9.5","-9.6","-9.8","-10.1",-1,-4,"1.6",63,3710,9362,10,434,"2.0","a",-1,-2,,"false"
"2026-09-28T06:49:53Z",68,"Tavernier","BOU","29.2","29.2","29.3","29.3",2,5,"6.7",61,77566,41099,31,424,"5.2","a",0,1,,"false"
"2026-09-28T06:49:53Z",69,"Scott","BOU","0.4","0.4","0.5","0.5",1,2,"5.8",61,22369,36780,30,446,"7.0","a",0,1,,"false"
"2026-09-28T06:49:53Z",70,"Kluivert","BOU","-49.7","-50.3","-51.1","-51.9",-3,-13,"0.9",60,2289,17040,15,294,"3.0","i",0,0,,"false"
"2026-09-28T06:49:53Z",71,"Cook","BOU","-10.8","-10.8","-10.8","-10.8",-1,0,"0.2",50,253,1098,8,180,"1.2","a",0,0,,"false"
"2026-09-28T06:49:53Z",72,"Gannon-Doak","BOU","-61.0","-63.0","-66.1","-69.1",-3,-1,"0.1",49,135,356,4,12,"0.8","a",0,-1,,"false"
"2026-09-28T06:49:53Z",73,"Adams","BOU","1.5","1.5","1.5","1.5",1,0,"0.3",50,1032,1563,12,279,"2.8","a",0,0,,"false"
"2026-09-28T06:49:53Z",74,"Brooks","BOU","-19.1","-19.1","-19.1","-19.1",-1,0,"0.1",50,165,313,3,45,"0.8","a",0,0,,"false"
"2026-09-28T06:49:53Z",75,"Christie","BOU","0.4","0.4","0.4","0.4",1,0,"0.0",50,278,234,5,102,"1.2","a",0,0,,"false"
"2026-09-28T06:49:53Z",76,"Tóth.A","BOU","-11.8","-11.8","-11.8","-11.8",-1,0,"0.0",49,25,54,2,17,"0.2","a",0,-1,,"false"
"2026-09-28T06:49:53Z",77,"Adli","BOU","-80.5","-80.5","-80.5","-80.5",-3,0,"0.0",49,22,71,0,0,"0.0","i",0,-1,,"false"
"2026-09-28T06:49:53Z",78,"Kroupi.Jr","BOU","-72.5","-72.5","-72.5","-72.5",-3,0,"0.2",74,173,806,0,0,"0.0","i",0,-1,,"false"
"2026-09-28T06:49:53Z",79,"Evanilson","BOU","49.0","49.1","49.3","49.4",3,11,"3.2",60,16248,20006,18,424,"3.5","a",0,0,,"false"
"2026-09-28T06:49:53Z",80,"Enes Ünal","BOU","0.0","0.0","0.0","0.0",0,0,"0.0",55,0,48,0,0,"0.0","u",0,0,,"false"
"2026-09-28T06:49:53Z",81,"Rodríguez","BOU","-33.4","-33.4","-33.4","-33.4",-2,0,"0.1",60,704,677,2,10,"0.5","a",0,0,,"false"
"2026-09-28T06:49:53Z",566,"Silva","BOU","1.3","1.3","1.3","1.3",1,1,"0.4",50,5414,3122,13,450,"2.8","a",0,0,,"false"
"2026-09-28T06:49:53Z",573,"Sanchez","BOU","-11.7","-11.7","-11.7","-11.7",-1,0,"0.2",44,141,408,0,0,"0.0","a",0,-1,,"false"
"2026-09-28T06:49:53Z",608,"Jebbison","BOU","0.5","0.6","0.6","0.6",1,2,"0.1",50,846,855,3,31,"0.5","a",0,0,,"false"
"2026-09-28T06:49:53Z",615,"Di Gregorio","BOU","-27.0","-27.0","-27.0","-27.0",-2,0,"0.0",45,179,183,0,0,"0.0","a",0,0,,"false"
"2026-09-28T06:49:53Z",82,"Kelleher","BRE","19.6","19.6","19.7","19.7",1,3,"6.1",50,18932,12651,20,450,"3.2","a",0,0,,"false"
"2026-09-28T06:49:53Z",83,"Valdimarsson","BRE","-72.2","-72.2","-72.2","-72.2",-3,0,"0.1",45,279,314,0,0,"0.0","a",0,0,,"false"
"2026-09-28T06:49:53Z",84,"Collins","BRE","-26.6","-26.7","-26.9","-27.0",-2,-2,"1.0",54,112,8894,10,196,"1.0","i",0,-1,,"false"
"2026-09-28T06:49:53Z",85,"Van den Berg","BRE","-76.5","-76.5","-76.5","-76.5",-3,0,"0.1",49,36,315,0,0,"0.0","i",0,-1,,"false"
"2026-09-28T06:49:53Z",86,"Lewis-Potter","BRE","31.3","31.3","31.2","31.2",2,-1,"1.7",55,3544,11517,22,406,"3.0","a",0,0,,"false"
"2026-09-28T06:49:53Z",87,"Ajer","BRE","29.7","29.7","29.7","29.7",2,-2,"3.9",45,10648,21435,21,450,"3.2","a",0,0,,"false"
"2026-09-28T06:49:53Z",88,"Kayode","BRE","-36.5","-36.6","-36.7","-36.8",-2,-6,"7.6",46,12271,20134,23,294,"2.5","a",0,1,,"false"
"2026-09-28T06:49:53Z",89,"Henry","BRE","-14.9","-14.9","-14.9","-14.9",-1,0,"0.2",44,151,567,1,2,"0.2","a",0,-1,,"false"
"2026-09-28T06:49:53Z",90,"Hickey","BRE","-27.9","-27.9","-27.9","-27.9",-2,0,"0.1",45,172,235,5,152,"1.0","a",0,0,,"false"
"2026-09-28T06:49:53Z",92,"Ji-soo","BRE","-4.3","-4.3","-4.3","-4.3",-1,0,"0.0",44,58,85,0,0,"0.0","a",-1,-1,,"false"
"2026-09-28T06:49:53Z",93,"Schuster","BRE","4.8","4.8","4.9","4.9",1,4,"0.3",45,14517,2056,21,253,"5.2","a",0,0,,"false"
"2026-09-28T06:49:53Z",94,"Schade","BRE","10.6","10.9","11.4","11.8",1,91,"11.3",62,373876,22374,39,447,"9.0","a",1,2,,"false"
"2026-09-28T06:49:53Z",95,"O.Dango","BRE","-45.6","-45.6","-45.6","-45.6",-3,0,"0.5",63,761,3469,7,179,"1.0","a",0,-2,,"false"
"2026-09-28T06:49:53Z",96,"Damsgaard","BRE","-8.4","-8.4","-8.4","-8.4",-1,0,"0.4",54,1466,1948,16,283,"3.8","a",0,-1,,"false"
"2026-09-28T06:49:53Z",97,"Jensen","BRE","-53.9","-53.9","-53.9","-53.9",-3,0,"0.1",54,18,600,6,66,"0.0","i",0,-1,,"false"
"2026-09-28T06:49:53Z",98,"Janelt","BRE","75.2","75.2","75.3","75.4",3,5,"2.5",50,18521,16975,28,450,"4.8","a",0,0,,"false"
"2026-09-28T06:49:53Z",99,"Milambo","BRE","-41.7","-41.7","-41.7","-41.7",-3,0,"0.0",50,6,7,0,0,"0.0","i",0,0,,"false"
"2026-09-28T06:49:53Z",100,"Carvalho","BRE","0.3","0.3","0.3","0.3",1,0,"0.0",50,588,165,6,3,"1.5","a",0,0,,"false"
"2026-09-28T06:49:53Z",102,"Yarmoliuk","BRE","-16.8","-16.9","-17.2","-17.5",-1,-1,"0.6",48,1266,3100,9,216,"2.0","a",0,-2,,"false"
"2026-09-28T06:49:53Z",103,"Dasilva","BRE","-58.4","-58.4","-58.4","-58.4",-3,0,"0.0",49,9,97,0,0,"0.0","i",0,-1,,"false"
"2026-09-28T06:49:53Z",105,"Anthony","BRE","0.7","0.7","0.8","0.8",1,2,"0.1",59,2215,575,15,267,"3.5","a",0,-1,,"false"
"2026-09-28T06:49:53Z",106,"Thiago","BRE","8.3","8.7","9.1","9.6",1,32,"9.1",78,52774,35963,10,442,"2.5","a",0,-2,,"false"
"2026-09-28T06:49:53Z",107,"Furo","BRE","-4.9","-5.1","-5.3","-5.5",-1,-4,"0.9",45,587,9093,0,0,"0.0","i",0,0,,"false"
"2026-09-28T06:49:53Z",108,"Wilson","BRE","-11.4","-11.5","-11.6","-11.8",-1,-1,"0.3",54,1116,2360,3,13,"0.5","a",-1,-1,,"false"
"2026-09-28T06:49:53Z",565,"M.Sangaré","BRE","-29.8","-29.9","-30.0","-30.1",-2,-12,"10.0",56,8047,134969,22,321,"2.0","a",-1,1,,"false"
"2026-09-28T06:49:53Z",620,"Diouf","BRE","-34.1","-34.1","-34.1","-34.1",-2,0,"0.1",45,447,648,2,39,"0.5","a",0,0,,"false"
"2026-09-28T06:49:53Z",657,"Nunes","BRE","0.0","0.0","0.0","0.0",0,0,"0.0",45,329,262,0,0,"0.0","a",0,0,,"false"
"2026-09-28T06:49:53Z",660,"Fredrick","BRE","0.0","0.0","0.0","0.0",0,0,"0.0",40,500,63,0,0,"0.0","a",0,0,"2026-10-01T21:16:22.650713Z","false"
"2026-09-28T06:49:53Z",661,"Balcombe","BRE","0.0","0.0","0.0","0.0",0,0,"0.0",40,2771,517,0,0,"0.0","a",0,0,"2026-10-01T21:16:40.866514Z","false"
"2026-09-28T06:49:53Z",109,"Verbruggen","BHA","61.8","61.9","62.1","62.2",3,10,"21.6",45,68403,68228,23,450,"4.2","a",0,0,,"false"
"2026-09-28T06:49:53Z",111,"Steele","BHA","-0.5","-0.5","-0.6","-0.6",-1,-2,"4.1",40,6814,14119,0,0,"0.0","a",0,0,,"false"
"2026-09-28T06:49:53Z",113,"F.Kadıoğlu","BHA","-58.3","-58.5","-58.7","-58.8",-3,-2,"1.6",44,3783,6532,13,332,"3.2","a",0,-1,,"false"
"2026-09-28T06:49:53Z",114,"Boscagli","BHA","2.6","2.6","2.6","2.6",1,0,"0.3",45,1898,733,19,437,"3.2","a",0,0,,"false"
"2026-09-28T06:49:53Z",115,"De Cuyper","BHA","1.1","1.2","1.5","1.7",1,42,"27.7",50,288340,19403,38,423,"5.2","a",1,5,,"false"
"2026-09-28T06:49:53Z",116,"Dunk","BHA","19.7","19.7","19.7","19.6",1,-3,"1.5",45,7494,9066,22,360,"4.0","d",0,0,,"false"
"2026-09-28T06:49:53Z",117,"Coppola","BHA","-9.6","-9.6","-9.6","-9.6",-1,0,"0.0",45,106,87,0,0,"0.0","a",0,0,,"false"
"2026-09-28T06:49:53Z",118,"Igor","BHA","0.0","0.0","0.0","0.0",0,0,"0.0",45,0,265,0,0,"0.0","u",0,0,,"false"
"2026-09-28T06:49:53Z",119,"Costinha","BHA","0.0","0.0","0.0","0.0",0,1,"0.0",45,164,127,4,68,"0.8","a",0,0,,"false"
"2026-09-28T06:49:53Z",120,"Svoboda","BHA","0.5","0.5","0.5","0.5",1,0,"0.1",50,1297,446,1,4,"0.2","a",0,0,,"false"
"2026-09-28T06:49:53Z",121,"Mitoma","BHA","-24.7","-24.7","-24.7","-24.7",-2,0,"0.0",59,114,165,0,0,"0.0","i",0,-1,,"false"
"2026-09-28T06:49:53Z",122,"Minteh","BHA","-4.4","-4.4","-4.4","-4.4",-1,0,"0.0",58,44,206,0,0,"0.0","i",-1,-2,,"false"
"2026-09-28T06:49:53Z",123,"Hinshelwood","BHA","-37.1","-37.3","-37.6","-37.8",-2,-3,"0.6",59,253,6462,16,63,"0.0","i",0,-1,,"false"
"2026-09-28T06:49:53Z",124,"Groß","BHA","86.0","86.7","87.6","88.5",3,171,"28.7",58,763845,10818,47,450,"11.2","a",1,3,,"false"
"2026-09-28T06:49:53Z",125,"Georginio","BHA","-0.2","-0.2","-0.2","-0.2",-1,0,"0.5",53,2481,3661,6,104,"0.2","a",-1,-2,,"false"
"2026-09-28T06:49:53Z",126,"O'Riley","BHA","-8.2","-7.0","-5.2","-3.3",-1,1,"0.1",54,404,543,2,10,"0.5","a",0,-1,,"false"
"2026-09-28T06:49:53Z",127,"Gomez","BHA","30.2","30.1","30.1","30.0",2,-4,"4.0",50,11654,37034,24,433,"4.5","a",0,0,,"false"
"2026-09-28T06:49:53Z",128,"Buonanotte","BHA","0.0","0.0","0.0","0.0",0,0,"0.0",50,0,6,0,0,"0.0","u",0,0,,"false"
"2026-09-28T06:49:53Z",129,"Ayari","BHA","-45.7","-45.2","-44.4","-43.6",-3,2,"0.4",54,2135,1900,15,333,"3.2","a",0,-1,,"false"
"2026-09-28T06:49:53Z",130,"Wieffer","BHA","-28.5","-28.7","-29.1","-29.4",-2,-1,"0.2",49,28,1873,7,156,"0.0","i",0,-1,,"false"
"2026-09-28T06:49:53Z",132,"Howell","BHA","0.0","0.0","0.0","0.0",0,0,"0.0",45,0,191,0,0,"0.0","u",0,0,,"false"
"2026-09-28T06:49:53Z",133,"Watson","BHA","0.0","0.0","0.0","0.0",0,0,"0.0",50,0,4,0,0,"0.0","u",0,0,,"false"
"2026-09-28T06:49:53Z",134,"Oriola","BHA","-78.3","-78.3","-78.3","-78.3",-3,0,"0.2",45,344,1300,0,0,"0.0","a",0,0,,"false"
"2026-09-28T06:49:53Z",135,"Yohanna","BHA","-0.6","-0.6","-0.6","-0.6",-1,0,"0.0",48,23,377,1,12,"0.0","i",-1,-2,,"false"
"2026-09-28T06:49:53Z",137,"Tzimas","BHA","-4.2","-4.2","-4.2","-4.2",-1,0,"0.0",54,33,48,0,0,"0.0","i",0,-1,,"false"
"2026-09-28T06:49:53Z",138,"Kostoulas","BHA","17.2","17.5","18.0","18.5",1,96,"4.0",56,296595,17090,28,353,"6.8","a",1,1,,"false"
"2026-09-28T06:49:53Z",139,"Ferguson","BHA","-57.2","-57.2","-57.2","-57.2",-3,0,"0.0",50,120,246,0,0,"0.0","i",0,0,,"false"
"2026-09-28T06:49:53Z",328,"Struijk","BHA","-6.2","-6.2","-6.2","-6.2",-1,0,"0.2",49,636,778,7,98,"1.8","d",0,-1,,"false"
"2026-09-28T06:49:53Z",504,"Vuskovic","BHA","53.1","53.2","53.4","53.5",3,10,"3.6",50,52636,12201,32,437,"6.5","a",0,0,,"false"
"2026-09-28T06:49:53Z",594,"David","BHA","0.5","0.6","0.6","0.7",1,4,"0.2",59,2999,2112,1,23,"0.2","a",-1,-1,,"false"
"2026-09-28T06:49:53Z",600,"Osman","BHA","-67.1","-67.1","-67.1","-67.1",-3,0,"0.0",50,107,123,3,40,"0.5","a",0,0,,"false"
"2026-09-28T06:49:53Z",605,"Yalcouyé","BHA","52.3","52.3","52.2","52.2",3,-4,"4.0",45,24959,31620,20,236,"4.8","a",0,0,,"false"
"2026-09-28T06:49:53Z",614,"Hadjam","BHA","-5.7","-5.7","-5.7","-5.7",-1,0,"0.0",45,238,242,0,0,"0.0","a",0,0,,"false"
"2026-09-28T06:49:53Z",624,"Cozier-Duberry","BHA","0.0","0.0","0.0","0.0",0,0,"0.0",50,0,5,0,0,"0.0","u",0,0,,"false"
"2026-09-28T06:49:53Z",639,"Andrés","BHA","1.3","1.3","1.3","1.3",1,0,"0.0",55,2643,289,12,109,"4.0","a",0,0,,"false"
"2026-09-28T06:49:53Z",652,"Azeez","BHA","-26.3","-26.3","-26.3","-26.3",-2,0,"0.0",55,19,41,0,0,"0.0","i",0,0,,"false"
"2026-09-28T06:49:53Z",658,"Ibrahim","BHA","0.0","0.0","0.0","0.0",0,0,"0.0",45,299,206,0,0,"0.0","a",0,0,,"false"
"2026-09-28T06:49:53Z",28,"Martinez","CHE","-5.9","-6.1","-6.4","-6.6",-1,-8,"4.7",50,7059,21072,9,360,"2.2","a",0,0,,"false"
"2026-09-28T06:49:53Z",40,"Rogers","CHE","82.0","82.5","83.1","83.8",3,45,"40.4",77,137481,66906,29,437,"5.2","a",0,2,,"false"
"2026-09-28T06:49:53Z",101,"Henderson","CHE","0.0","0.0","0.0","0.0",0,0,"0.0",49,490,144,2,90,"0.5","a",0,-1,,"false"
"2026-09-28T06:49:53Z",136,"Welbeck","CHE","6.4","6.4","6.5","6.5",1,2,"1.0",59,6955,8873,4,85,"1.0","a",0,-1,,"false"
"2026-09-28T06:49:53Z",140,"Sánchez","CHE","0.0","0.0","0.0","0.0",0,-4,"0.7",49,0,4556,2,90,"0.0","u",0,-1,,"false"
"2026-09-28T06:49:53Z",141,"Jörgensen","CHE","0.0","0.0","0.0","0.0",0,0,"0.0",50,0,30,0,0,"0.0","u",0,0,,"false"
"2026-09-28T06:49:53Z",142,"James","CHE","-90.6","-90.8","-91.1","-91.4",-3,-23,"5.8",54,590,74792,3,292,"0.8","d",0,-1,,"false"
"2026-09-28T06:49:53Z",143,"Chalobah","CHE","0.0","0.0","0.0","0.0",0,0,"0.1",55,0,291,0,0,"0.0","u",0,0,,"false"
"2026-09-28T06:49:53Z",144,"Gusto","CHE","-2.9","-3.1","-3.4","-3.6",-1,-3,"1.0",49,1512,6661,4,272,"0.8","a",-1,-1,,"false"
"2026-09-28T06:49:53Z",145,"Fofana","CHE","4.4","4.4","4.4","4.4",1,0,"0.2",50,2312,1220,8,312,"2.0","a",0,0,,"false"
"2026-09-28T06:49:53Z",146,"B.Badiashile","CHE","0.0","0.0","0.0","0.0",0,0,"0.0",45,0,41,0,0,"0.0","u",0,0,,"false"
"2026-09-28T06:49:53Z",148,"Hato","CHE","12.2","12.2","12.2","12.1",1,-3,"0.8",45,769,7071,8,258,"1.8","a",0,0,,"false"
"2026-09-28T06:49:53Z",149,"Colwill","CHE","-9.2","-9.3","-9.4","-9.5",-1,-1,"0.9",48,1001,5166,3,341,"0.8","a",-1,-2,,"false"
"2026-09-28T06:49:53Z",150,"M.Sarr","CHE","0.0","0.0","0.0","0.0",0,0,"0.0",45,0,156,0,0,"0.0","u",0,0,,"false"
"2026-09-28T06:49:53Z",151,"Acheampong","CHE","-10.5","-10.5","-10.5","-10.5",-1,0,"0.3",45,390,1849,5,221,"0.5","a",0,0,,"false"
"2026-09-28T06:49:53Z",152,"Palestra","CHE","-0.8","-0.8","-0.8","-0.8",-1,0,"0.6",53,193,3620,0,0,"0.0","d",0,-2,,"false"
"2026-09-28T06:49:53Z",154,"Palmer","CHE","-10.8","-11.1","-11.5","-12.0",-1,-57,"25.8",97,46035,156516,28,442,"3.8","d",0,2,,"false"
"2026-09-28T06:49:53Z",156,"Neto","CHE","-7.6","-7.3","-6.8","-6.4",-1,4,"1.4",65,4708,9261,14,332,"3.2","a",0,0,,"false"
"2026-09-28T06:49:53Z",157,"Estêvão","CHE","-31.7","-31.8","-32.1","-32.4",-2,-1,"0.7",63,1632,4173,4,23,"0.8","a",0,-2,,"false"
"2026-09-28T06:49:53Z",158,"Gittens","CHE","-2.3","-2.3","-2.3","-2.3",-1,0,"0.0",58,151,230,0,0,"0.0","d",-1,-2,,"false"
"2026-09-28T06:49:53Z",159,"Caicedo","CHE","-1.3","-1.4","-1.6","-1.7",-1,-2,"1.0",53,385,8502,1,13,"0.2","d",0,-2,,"false"
"2026-09-28T06:49:53Z",161,"Lavia","CHE","4.5","4.5","4.5","4.5",1,-1,"0.2",50,396,2353,11,258,"2.5","a",0,0,,"false"
"2026-09-28T06:49:53Z",163,"D.Essugo","CHE","0.0","0.0","0.0","0.0",0,0,"0.1",45,0,679,0,0,"0.0","u",0,0,,"false"
"2026-09-28T06:49:53Z",164,"Quenda","CHE","-26.2","-26.2","-26.2","-26.2",-2,0,"0.0",53,68,173,2,27,"0.2","a",0,-2,,"false"
"2026-09-28T06:49:53Z",165,"João Pedro","CHE","-1.6","-1.6","-1.7","-1.7",-1,-40,"65.3",77,57449,378966,33,360,"5.5","d",-1,2,,"false"
"2026-09-28T06:49:53Z",168,"Marc Guiu","CHE","0.0","0.0","0.0","0.0",0,0,"0.2",50,0,1466,0,0,"0.0","u",0,0,,"false"
"2026-09-28T06:49:53Z",169,"Mheuka","CHE","4.3","4.3","4.3","4.3",1,2,"0.5",45,4269,3367,0,0,"0.0","a",0,0,,"false"
"2026-09-28T06:49:53Z",170,"Emegha","CHE","-0.0","-0.0","-0.0","-0.0",0,0,"0.1",49,71,1037,0,0,"0.0","i",-1,-1,,"false"
"2026-09-28T06:49:53Z",200,"Lacroix","CHE","-6.9","-7.0","-7.1","-7.2",-1,-8,"6.8",59,7312,27969,13,364,"1.8","a",-1,-1,,"false"
"2026-09-28T06:49:53Z",560,"Penders","CHE","-0.6","-0.6","-0.6","-0.6",-1,0,"0.1",44,232,283,0,0,"0.0","a",0,-1,,"false"
"2026-09-28T06:49:53Z",561,"Anselmino","CHE","-2.2","-2.2","-2.2","-2.2",-1,0,"0.0",45,60,101,0,0,"0.0","a",0,0,,"false"
"2026-09-28T06:49:53Z",568,"Barco","CHE","-14.0","-14.0","-14.0","-14.0",-1,0,"0.1",54,212,425,3,115,"0.8","a",0,-1,,"false"
"2026-09-28T06:49:53Z",583,"Chavarria","CHE","-48.7","-48.7","-48.7","-48.7",-3,0,"0.1",49,387,506,5,208,"1.0","a",0,-1,,"false"
"2026-09-28T06:49:53Z",662,"Nicoll-Jazuli","CHE","0.0","0.0","0.0","0.0",0,0,"0.0",45,322,67,1,3,"1.0","a",0,0,"2026-10-01T21:17:24.996715Z","false"
"2026-09-28T06:49:53Z",91,"Pinnock","COV","-72.3","-72.3","-72.3","-72.3",-3,0,"0.1",45,356,210,14,282,"3.5","a",0,0,,"false"
"2026-09-28T06:49:53Z",104,"Onyeka","COV","-31.9","-31.9","-31.9","-31.9",-2,0,"0.1",49,165,431,9,314,"1.8","a",0,-1,,"false"
"2026-09-28T06:49:53Z",110,"Rushworth","COV","-56.3","-56.5","-56.7","-57.0",-3,-1,"0.8",45,2402,5707,16,450,"3.8","a",0,0,,"false"
"2026-09-28T06:49:53Z",171,"Dovin","COV","0.0","0.0","0.0","0.0",0,-2,"1.0",40,0,4503,0,0,"0.0","u",0,0,,"false"
"2026-09-28T06:49:53Z",172,"Wilson","COV","-5.6","-5.6","-5.6","-5.6",-1,0,"0.4",44,223,631,0,0,"0.0","a",0,-1,,"false"
"2026-09-28T06:49:53Z",173,"Thomas","COV","16.6","16.6","16.6","16.6",1,0,"8.6",40,24445,29176,24,437,"5.2","a",0,0,,"false"
"2026-09-28T06:49:53Z",174,"Kitching","COV","0.0","0.0","0.0","0.0",0,0,"0.3",40,0,1703,0,0,"0.0","u",0,0,,"false"
"2026-09-28T06:49:53Z",175,"van Ewijk","COV","-46.4","-46.5","-46.7","-46.8",-3,-15,"8.8",40,1130,72688,6,360,"1.2","d",0,0,,"false"
"2026-09-28T06:49:53Z",176,"Dasilva","COV","-31.8","-31.8","-31.8","-31.8",-2,0,"0.7",40,5834,1591,20,444,"4.8","a",0,0,,"false"
"2026-09-28T06:49:53Z",177,"Kesler-Hayden","COV","0.2","0.2","0.2","0.2",1,0,"0.0",39,972,496,0,0,"0.0","i",-1,-1,,"false"
"2026-09-28T06:49:53Z",178,"Bidwell","COV","-28.9","-28.9","-28.9","-28.9",-2,0,"0.1",40,176,281,0,0,"0.0","a",0,0,,"false"
"2026-09-28T06:49:53Z",179,"Latibeaudiere","COV","-72.6","-72.6","-72.6","-72.6",-3,0,"0.0",40,72,129,1,1,"0.2","a",0,0,,"false"
"2026-09-28T06:49:53Z",180,"Woolfenden","COV","-93.2","-93.2","-93.2","-93.2",-3,0,"0.1",40,24,484,0,0,"0.0","i",0,0,,"false"
"2026-09-28T06:49:53Z",181,"Brau","COV","0.0","0.0","0.0","0.0",0,0,"0.0",40,0,91,0,0,"0.0","u",0,0,,"false"
"2026-09-28T06:49:53Z",182,"Amenda","COV","-51.2","-51.4","-51.6","-51.8",-3,-3,"0.6",40,32,6475,4,360,"0.8","i",0,0,,"false"
"2026-09-28T06:49:53Z",183,"Rudoni","COV","0.1","0.1","0.1","0.1",1,0,"0.1",49,843,633,13,297,"3.0","a",0,-1,,"false"
"2026-09-28T06:49:53Z",184,"Grimes","COV","-27.1","-27.1","-27.1","-27.1",-2,0,"0.1",49,175,824,11,443,"2.2","a",0,-1,,"false"
"2026-09-28T06:49:53Z",185,"Sakamoto","COV","-21.4","-21.4","-21.4","-21.4",-2,0,"0.1",48,121,367,1,31,"0.2","a",0,-2,,"false"
"2026-09-28T06:49:53Z",186,"Mason-Clark","COV","-1.6","-1.6","-1.6","-1.6",-1,0,"0.1",53,69,345,5,231,"1.2","a",-1,-2,,"false"
"2026-09-28T06:49:53Z",187,"Eccles","COV","-4.5","-4.5","-4.5","-4.5",-1,0,"0.0",48,15,86,0,0,"0.0","i",-1,-2,,"false"
"2026-09-28T06:49:53Z",188,"Torp","COV","-10.4","-10.4","-10.4","-10.4",-1,0,"0.1",53,43,409,3,53,"0.5","a",-1,-2,,"false"
"2026-09-28T06:49:53Z",189,"Shepherd","COV","0.7","0.7","0.7","0.7",1,0,"0.3",44,3943,2161,0,0,"0.0","a",0,-1,,"false"
"2026-09-28T06:49:53Z",190,"Tchaouna","COV","-78.1","-78.1","-78.1","-78.1",-3,0,"0.1",54,21,330,5,211,"0.8","a",0,-1,,"false"
"2026-09-28T06:49:53Z",191,"Borges Rodrigues","COV","0.0","0.0","0.0","0.0",0,0,"0.1",45,0,653,0,0,"0.0","u",0,0,,"false"
"2026-09-28T06:49:53Z",192,"Andrews","COV","0.0","0.0","0.0","0.0",0,0,"0.3",45,0,1881,0,0,"0.0","u",0,0,,"false"
"2026-09-28T06:49:53Z",193,"Wright","COV","-97.9","-97.9","-97.9","-97.9",-4,0,"0.1",54,42,517,0,0,"0.0","i",0,-1,,"false"
"2026-09-28T06:49:53Z",194,"Thomas-Asante","COV","2.6","2.6","2.6","2.7",1,2,"0.8",50,7437,5559,9,227,"1.8","a",0,0,,"false"
"2026-09-28T06:49:53Z",195,"Simms","COV","-0.1","0.0","0.0","0.1",0,3,"0.6",49,1656,5026,4,104,"0.5","a",-1,-1,,"false"
"2026-09-28T06:49:53Z",196,"Markelo","COV","0.0","0.0","0.0","0.0",0,0,"0.0",50,0,60,0,0,"0.0","u",0,0,,"false"
"2026-09-28T06:49:53Z",197,"Bassette","COV","0.0","0.0","0.0","0.0",0,0,"0.0",45,0,139,0,0,"0.0","u",0,0,,"false"
"2026-09-28T06:49:53Z",492,"Awoniyi","COV","-12.2","-12.2","-12.2","-12.2",-1,0,"0.4",54,62,4786,3,232,"0.5","s",-1,-1,,"false"
"2026-09-28T06:49:53Z",575,"Yirenkyi","COV","-2.5","-2.5","-2.5","-2.5",-1,0,"0.1",48,278,979,9,265,"2.0","a",-1,-2,,"false"
"2026-09-28T06:49:53Z",584,"Hamer","COV","-80.8","-80.8","-80.8","-80.8",-3,0,"0.1",54,41,375,3,32,"0.5","a",0,-1,,"false"
"2026-09-28T06:49:53Z",599,"Cherif","COV","-6.9","-6.9","-6.9","-6.9",-1,0,"0.1",50,499,723,1,30,"0.2","a",0,0,,"false"
"2026-09-28T06:49:53Z",623,"Bentley","COV","2.0","2.0","2.0","2.0",1,0,"0.6",40,7806,2176,0,0,"0.0","a",0,0,,"false"
"2026-09-28T06:49:53Z",655,"Gboho","COV","0.0","0.0","0.0","0.0",0,0,"0.0",55,68,50,0,0,"0.0","a",0,0,,"false"
"2026-09-28T06:49:53Z",656,"Mfuni","COV","0.0","0.0","0.0","0.0",0,0,"0.1",40,1764,824,6,90,"3.0","a",0,0,,"false"
"2026-09-28T06:49:53Z",42,"Guessand","CRY","-24.8","-24.8","-24.8","-24.8",-2,0,"0.0",54,102,249,2,54,"0.0","a",0,-1,,"false"
"2026-09-28T06:49:53Z",153,"Disasi","CRY","-58.2","-58.8","-59.8","-60.7",-3,-1,"0.1",45,23,723,1,139,"0.0","s",0,0,,"false"
"2026-09-28T06:49:53Z",198,"Henderson","CRY","-93.3","-93.5","-93.7","-94.0",-3,-6,"1.3",50,129,10477,5,270,"0.7","i",0,0,,"false"
"2026-09-28T06:49:53Z",199,"Benitez","CRY","-24.0","-24.0","-24.0","-24.0",-2,0,"0.1",45,633,337,8,180,"2.7","a",0,0,,"false"
"2026-09-28T06:49:53Z",202,"Richards","CRY","-97.2","-97.0","-96.7","-96.4",-4,1,"0.6",50,1497,2066,14,450,"3.7","a",0,0,,"false"
"2026-09-28T06:49:53Z",203,"Canvot","CRY","-0.7","-0.7","-0.7","-0.7",-1,0,"0.2",48,361,812,10,360,"3.0","a",-1,-2,,"false"
"2026-09-28T06:49:53Z",204,"Mitchell","CRY","25.4","25.4","25.5","25.6",2,6,"6.0",45,12935,15016,24,419,"7.7","a",0,0,,"false"
"2026-09-28T06:49:53Z",205,"Sosa","CRY","0.0","0.0","0.0","0.0",0,0,"0.0",45,0,97,0,0,"0.0","u",0,0,,"false"
"2026-09-28T06:49:53Z",206,"Chadi Riad","CRY","-4.1","-4.1","-4.1","-4.1",-1,0,"0.0",43,23,116,1,72,"0.0","i",-1,-2,,"false"
"2026-09-28T06:49:53Z",207,"Mingueza","CRY","-85.3","-85.3","-85.3","-85.3",-3,0,"0.1",44,73,265,2,16,"0.3","a",0,-1,,"false"
"2026-09-28T06:49:53Z",208,"Sarr","CRY","0.0","0.0","0.0","0.0",0,0,"0.6",62,2387,2078,1,8,"0.3","a",0,-3,,"false"
"2026-09-28T06:49:53Z",210,"Wharton","CRY","-1.9","-1.9","-1.9","-1.9",-1,0,"0.7",54,1091,4358,12,436,"2.0","a",-1,-1,,"false"
"2026-09-28T06:49:53Z",211,"Yeremy","CRY","4.6","4.6","4.6","4.6",1,0,"0.3",55,665,2502,14,307,"2.7","a",0,0,,"false"
"2026-09-28T06:49:53Z",212,"Hughes","CRY","-18.9","-19.0","-19.2","-19.3",-1,-7,"7.3",44,8594,42115,2,29,"0.7","a",0,-1,,"false"
"2026-09-28T06:49:53Z",213,"Lerma","CRY","-1.1","-1.1","-1.1","-1.1",-1,0,"0.1",48,83,344,1,51,"0.3","a",-1,-2,,"false"
"2026-09-28T06:49:53Z",214,"Kamada","CRY","11.1","11.1","11.1","11.2",1,2,"0.5",50,2986,2805,21,441,"5.3","a",0,0,,"false"
"2026-09-28T06:49:53Z",215,"Devenny","CRY","0.0","0.0","0.0","0.0",0,0,"0.0",50,0,32,0,0,"0.0","u",0,0,,"false"
"2026-09-28T06:49:53Z",216,"Esse","CRY","0.0","0.0","0.0","0.0",0,0,"0.0",50,0,112,0,0,"0.0","u",0,0,,"false"
"2026-09-28T06:49:53Z",217,"M.França","CRY","0.0","0.0","0.0","0.0",0,0,"0.0",49,0,149,0,0,"0.0","u",0,-1,,"false"
"2026-09-28T06:49:53Z",218,"Doucouré","CRY","-1.8","-1.8","-1.8","-1.8",-1,0,"0.0",48,105,282,0,0,"0.0","a",-1,-2,,"false"
"2026-09-28T06:49:53Z",219,"J.Rak-Sakyi","CRY","0.0","0.0","0.0","0.0",0,0,"0.0",49,0,23,0,0,"0.0","u",0,-1,,"false"
"2026-09-28T06:49:53Z",220,"Cardines","CRY","0.0","0.0","0.0","0.0",0,0,"0.0",45,0,3,0,0,"0.0","u",0,0,,"false"
"2026-09-28T06:49:53Z",221,"Drakes-Thomas","CRY","-90.4","-90.4","-90.4","-90.4",-3,0,"0.1",45,132,402,0,0,"0.0","a",0,0,,"false"
"2026-09-28T06:49:53Z",222,"Strand Larsen","CRY","4.9","4.9","5.0","5.0",1,4,"0.7",60,4401,3647,14,298,"3.7","a",0,0,,"false"
"2026-09-28T06:49:53Z",223,"Mateta","CRY","-23.8","-23.9","-23.9","-24.0",-2,-1,"1.3",63,194,8557,2,62,"0.0","i",0,-2,,"false"
"2026-09-28T06:49:53Z",224,"Nketiah","CRY","-17.0","-17.0","-17.0","-17.0",-1,0,"0.5",55,1165,3179,8,175,"1.7","a",0,0,,"false"
"2026-09-28T06:49:53Z",225,"Uche","CRY","0.0","0.0","0.0","0.0",0,0,"0.0",50,0,0,0,0,"0.0","u",0,0,,"false"
"2026-09-28T06:49:53Z",241,"McNeil","CRY","-91.8","-90.8","-89.2","-87.6",-3,1,"0.1",54,65,445,3,84,"0.0","a",0,-1,,"false"
"2026-09-28T06:49:53Z",555,"Matthews","CRY","-8.8","-8.8","-8.8","-8.8",-1,0,"1.7",40,1014,2896,0,0,"0.0","a",0,0,,"false"
"2026-09-28T06:49:53Z",577,"Tomiyasu","CRY","-12.3","-12.3","-12.3","-12.3",-1,0,"0.3",44,146,1077,3,189,"0.3","d",0,-1,,"false"
"2026-09-28T06:49:53Z",588,"Khalaili","CRY","6.5","6.5","6.5","6.5",1,0,"0.3",50,1924,1031,19,379,"5.3","a",0,0,,"false"
"2026-09-28T06:49:53Z",595,"Gozo","CRY","-0.6","-0.6","-0.6","-0.6",-1,0,"0.0",49,38,83,2,28,"0.3","a",-1,-1,,"false"
"2026-09-28T06:49:53Z",633,"Ahanor","CRY","0.1","0.1","0.1","0.1",1,0,"0.0",45,130,100,3,90,"1.0","a",0,0,,"false"
"2026-09-28T06:49:53Z",643,"Chilwell","CRY","-70.2","-70.2","-70.2","-70.2",-3,0,"0.4",45,524,2802,8,29,"2.7","a",0,0,,"false"
"2026-09-28T06:49:53Z",644,"Timber","CRY","0.2","0.2","0.2","0.2",1,0,"0.0",50,429,288,9,253,"3.0","a",0,0,,"false"
"2026-09-28T06:49:53Z",647,"Osorio","CRY","-67.1","-67.1","-67.1","-67.1",-3,0,"0.0",55,26,68,1,1,"0.3","a",0,0,,"false"
"2026-09-28T06:49:53Z",21,"Nørgaard","EVE","-99.0","-99.0","-99.0","-99.0",-4,0,"0.0",49,48,291,0,0,"0.0","i",0,-1,,"false"
"2026-09-28T06:49:53Z",209,"Johnson","EVE","-18.8","-18.8","-18.8","-18.8",-1,0,"0.1",59,373,667,9,238,"2.0","a",0,-1,,"false"
"2026-09-28T06:49:53Z",226,"Pickford","EVE","28.4","28.3","28.2","28.2",2,-5,"9.1",55,27248,14372,25,450,"4.5","a",0,0,,"false"
"2026-09-28T06:49:53Z",227,"Travers","EVE","-31.8","-31.8","-31.8","-31.8",-2,0,"0.0",50,231,247,0,0,"0.0","a",0,0,,"false"
"2026-09-28T06:49:53Z",228,"King","EVE","-39.8","-39.8","-39.8","-39.8",-2,0,"0.0",45,110,163,0,0,"0.0","a",0,0,,"false"
"2026-09-28T06:49:53Z",229,"Tarkowski","EVE","95.7","96.4","97.6","98.7",4,79,"16.3",61,211208,18629,43,450,"9.2","a",0,1,,"false"
"2026-09-28T06:49:53Z",230,"Branthwaite","EVE","34.2","34.2","34.2","34.3",2,2,"2.4",55,18404,6409,27,450,"5.2","a",0,0,,"false"
"2026-09-28T06:49:53Z",231,"Keane","EVE","-36.7","-36.9","-37.4","-37.8",-2,-2,"0.7",48,365,3634,0,0,"0.0","a",0,-2,,"false"
"2026-09-28T06:49:53Z",232,"O'Brien","EVE","-3.3","-3.3","-3.3","-3.3",-1,0,"0.3",48,306,1066,2,16,"0.5","a",-1,-2,,"false"
"2026-09-28T06:49:53Z",233,"Mykolenko","EVE","1.3","1.3","1.3","1.4",1,8,"4.2",46,40017,17105,27,450,"5.2","a",1,1,,"false"
"2026-09-28T06:49:53Z",234,"Patterson","EVE","0.0","0.0","0.0","0.0",0,0,"0.0",45,0,114,0,0,"0.0","u",0,0,,"false"
"2026-09-28T06:49:53Z",235,"Aznou","EVE","0.0","0.0","0.0","0.0",0,0,"0.1",40,0,519,0,0,"0.0","u",0,0,,"false"
"2026-09-28T06:49:53Z",236,"Dewsbury-Hall","EVE","-14.8","-14.9","-15.0","-15.2",-1,-7,"6.0",66,33135,42421,20,450,"2.2","a",1,1,,"false"
"2026-09-28T06:49:53Z",238,"Grealish","EVE","8.3","8.3","8.3","8.3",1,0,"0.5",65,3412,2812,6,135,"1.7","a",0,0,,"false"
"2026-09-28T06:49:53Z",239,"Garner","EVE","3.4","3.4","3.4","3.4",1,0,"0.2",60,1599,1862,11,328,"2.5","a",0,0,,"false"
"2026-09-28T06:49:53Z",242,"George","EVE","29.2","29.2","29.2","29.2",2,-2,"0.9",55,2270,10326,19,309,"4.0","a",0,0,,"false"
"2026-09-28T06:49:53Z",243,"Alcaraz","EVE","-43.8","-43.8","-43.8","-43.8",-3,0,"0.1",49,155,385,1,5,"0.0","a",0,-1,,"false"
"2026-09-28T06:49:53Z",244,"Armstrong","EVE","9.1","9.1","9.1","9.1",1,0,"0.4",50,765,3199,16,446,"2.0","a",0,0,,"false"
"2026-09-28T06:49:53Z",245,"Dibling","EVE","-86.5","-86.5","-86.5","-86.5",-3,0,"0.0",54,113,148,1,24,"0.2","a",0,-1,,"false"
"2026-09-28T06:49:53Z",246,"Röhl","EVE","-43.0","-43.0","-43.0","-43.0",-3,0,"0.0",49,7,566,6,249,"0.8","i",0,-1,,"false"
"2026-09-28T06:49:53Z",247,"Hackney","EVE","-4.6","-5.0","-5.5","-6.1",-1,-1,"0.2",54,184,1041,10,137,"1.8","a",-1,-1,,"false"
"2026-09-28T06:49:53Z",248,"Beto","EVE","0.0","0.0","0.0","0.0",0,-4,"0.6",54,0,6898,2,31,"0.2","u",0,-1,,"false"
"2026-09-28T06:49:53Z",249,"Barry","EVE","0.0","0.1","0.2","0.2",1,16,"8.3",57,79678,36116,20,417,"3.0","a",1,2,,"false"
"2026-09-28T06:49:53Z",649,"Maitland-Niles","EVE","16.7","16.7","16.7","16.7",1,1,"1.4",45,18614,4207,21,177,"7.0","a",0,0,,"false"
"2026-09-28T06:49:53Z",654,"Graham","EVE","-31.3","-31.3","-31.3","-31.3",-2,0,"0.1",45,222,962,0,0,"0.0","a",0,0,,"false"
"2026-09-28T06:49:53Z",250,"Leno","FUL","8.3","8.3","8.3","8.4",1,4,"3.3",45,35947,10185,18,450,"4.0","a",0,0,,"false"
"2026-09-28T06:49:53Z",251,"Lecomte","FUL","-23.1","-23.1","-23.1","-23.1",-2,0,"1.1",40,2293,2336,0,0,"0.0","a",0,0,,"false"
"2026-09-28T06:49:53Z",252,"McNally","FUL","0.0","0.0","0.0","0.0",0,0,"0.1",40,0,575,0,0,"0.0","u",0,0,,"false"
"2026-09-28T06:49:53Z",253,"Andersen","FUL","0.7","0.7","0.7","0.7",1,0,"0.2",50,2554,1031,3,190,"0.8","a",0,0,,"false"
"2026-09-28T06:49:53Z",254,"Robinson","FUL","-19.1","-19.0","-18.8","-18.6",-1,2,"1.5",45,14759,6083,12,429,"2.8","a",0,0,,"false"
"2026-09-28T06:49:53Z",255,"J.Cuenca","FUL","-70.1","-70.1","-70.1","-70.1",-3,0,"0.0",45,60,101,3,90,"0.0","a",0,0,,"false"
"2026-09-28T06:49:53Z",256,"Tete","FUL","-0.1","-0.1","-0.1","-0.1",-1,0,"0.2",44,52,1005,0,27,"0.0","a",0,-1,"2026-09-28T19:00:09.637551Z","false"
"2026-09-28T06:49:53Z",257,"Bassey","FUL","-1.2","-1.2","-1.2","-1.2",-1,0,"0.7",45,4854,1631,15,450,"3.8","a",0,0,,"false"
"2026-09-28T06:49:53Z",258,"Castagne","FUL","13.6","13.6","13.6","13.6",1,0,"0.9",45,13681,4440,20,408,"3.5","a",0,0,,"false"
"2026-09-28T06:49:53Z",261,"Iwobi","FUL","-57.9","-57.7","-57.4","-57.2",-3,1,"0.7",54,3128,3021,14,408,"3.0","a",0,-1,,"false"
"2026-09-28T06:49:53Z",262,"Smith Rowe","FUL","-0.6","-0.9","-1.3","-1.8",-1,-1,"0.2",53,280,1276,3,38,"0.8","a",-1,-2,,"false"
"2026-09-28T06:49:53Z",263,"Kevin","FUL","-11.6","-11.6","-11.6","-11.6",-1,0,"0.0",53,187,265,4,61,"0.8","a",0,-2,,"false"
"2026-09-28T06:49:53Z",264,"Bobb","FUL","-48.6","-47.2","-45.1","-43.1",-3,4,"0.3",55,2099,1692,13,343,"2.8","a",0,0,,"false"
"2026-09-28T06:49:53Z",265,"Berge","FUL","-32.5","-32.5","-32.5","-32.5",-2,0,"0.3",49,573,1213,11,349,"2.2","a",0,-1,,"false"
"2026-09-28T06:49:53Z",266,"Cairney","FUL","-15.6","-15.6","-15.6","-15.6",-1,0,"0.0",49,7,20,0,0,"0.0","i",0,-1,,"false"
"2026-09-28T06:49:53Z",268,"King","FUL","83.8","84.1","84.4","84.8",3,24,"2.6",55,80045,16592,24,425,"4.2","a",0,0,,"false"
"2026-09-28T06:49:53Z",269,"Sessegnon","FUL","-1.5","-1.5","-1.5","-1.5",-1,0,"0.3",43,275,1241,3,50,"0.5","a",-1,-2,,"false"
"2026-09-28T06:49:53Z",270,"Reed","FUL","-10.3","-10.3","-10.3","-10.3",-1,0,"1.1",44,2703,6509,0,0,"0.0","a",0,-1,,"false"
"2026-09-28T06:49:53Z",271,"Muniz","FUL","-49.2","-49.5","-49.9","-50.4",-3,-1,"0.4",54,1586,2538,3,38,"0.5","a",0,-1,,"false"
"2026-09-28T06:49:53Z",272,"Kusi-Asare","FUL","-61.1","-61.3","-61.5","-61.7",-3,-8,"5.4",45,10194,31708,0,0,"0.0","a",0,0,,"false"
"2026-09-28T06:49:53Z",569,"Gonzalo","FUL","54.8","55.0","55.2","55.5",3,20,"3.9",60,60955,30354,14,425,"2.0","a",0,0,,"false"
"2026-09-28T06:49:53Z",570,"Palacios","FUL","-6.7","-6.7","-6.7","-6.7",-1,0,"0.2",54,677,908,12,226,"2.5","a",0,-1,,"false"
"2026-09-28T06:49:53Z",580,"Charles","FUL","-80.1","-80.1","-80.1","-80.1",-3,0,"0.1",50,546,391,13,303,"3.0","a",0,0,,"false"
"2026-09-28T06:49:53Z",610,"De Fougerolles","FUL","0.0","0.0","0.0","0.0",0,0,"0.1",40,0,480,0,0,"0.0","u",0,0,,"false"
"2026-09-28T06:49:53Z",626,"Zepa","FUL","0.0","0.1","0.1","0.1",1,2,"0.3",44,292,2118,0,0,"0.0","a",-1,-1,,"false"
"2026-09-28T06:49:53Z",635,"Larsson","FUL","0.0","0.0","0.0","0.0",0,0,"0.0",50,88,68,3,37,"1.0","a",0,0,,"false"
"2026-09-28T06:49:53Z",636,"Ángel","FUL","0.0","0.0","0.0","0.0",0,0,"0.0",50,30,26,0,0,"0.0","a",0,0,,"false"
"2026-09-28T06:49:53Z",650,"Affengruber","FUL","1.0","1.0","1.0","1.0",1,0,"0.1",45,4410,958,12,180,"4.0","a",0,0,,"false"
"2026-09-28T06:49:53Z",240,"Iroegbunam","HUL","0.1","0.1","0.1","0.1",1,0,"0.0",50,73,131,2,70,"0.5","a",0,0,,"false"
"2026-09-28T06:49:53Z",273,"Phillips","HUL","-27.0","-27.0","-27.2","-27.3",-2,-1,"1.4",40,2818,3241,0,0,"0.0","a",0,0,,"false"
"2026-09-28T06:49:53Z",274,"Butland","HUL","-0.6","-0.6","-0.6","-0.6",-1,0,"0.1",44,63,308,0,0,"0.0","i",-1,-1,,"false"
"2026-09-28T06:49:53Z",275,"Cartwright","HUL","0.0","0.0","0.0","0.0",0,0,"0.0",40,0,24,0,0,"0.0","u",0,0,,"false"
"2026-09-28T06:49:53Z",276,"Lo-Tutala","HUL","0.0","0.0","0.0","0.0",0,0,"0.0",40,0,110,0,0,"0.0","u",0,0,,"false"
"2026-09-28T06:49:53Z",277,"Egan","HUL","25.6","25.6","25.5","25.5",2,-1,"7.0",41,25921,27707,26,437,"4.5","a",0,1,,"false"
"2026-09-28T06:49:53Z",278,"Hughes","HUL","0.5","0.5","0.5","0.5",1,0,"0.2",39,1055,1836,0,0,"0.0","i",0,-1,,"false"
"2026-09-28T06:49:53Z",279,"Ajayi","HUL","67.8","67.8","67.7","67.6",3,-6,"14.0",42,41727,56112,27,423,"3.2","a",0,2,,"false"
"2026-09-28T06:49:53Z",280,"Coyle","HUL","0.2","0.2","0.2","0.2",1,0,"0.7",40,1968,1928,14,348,"2.0","a",0,0,,"false"
"2026-09-28T06:49:53Z",281,"Drameh","HUL","0.0","0.0","0.0","0.0",0,0,"0.0",40,0,241,2,65,"0.2","u",0,0,,"false"
"2026-09-28T06:49:53Z",282,"Giles","HUL","67.9","67.8","67.7","67.6",3,-8,"2.9",40,20431,13038,24,444,"4.5","a",0,0,,"false"
"2026-09-28T06:49:53Z",283,"Jacob","HUL","0.0","0.0","0.0","0.0",0,0,"0.0",40,0,34,0,0,"0.0","u",0,0,,"false"
"2026-09-28T06:49:53Z",284,"McCarthy","HUL","0.4","0.4","0.4","0.4",1,0,"0.1",40,378,410,0,0,"0.0","a",0,0,,"false"
"2026-09-28T06:49:53Z",285,"McNair","HUL","-40.6","-40.6","-40.6","-40.6",-3,0,"0.1",40,182,392,1,26,"0.0","a",0,0,,"false"
"2026-09-28T06:49:53Z",286,"Belloumi","HUL","34.8","34.8","34.9","34.9",2,2,"5.1",51,71996,23149,31,394,"7.0","a",0,1,,"false"
"2026-09-28T06:49:53Z",287,"Millar","HUL","0.0","0.0","0.0","0.0",0,-1,"0.0",50,0,279,6,50,"1.5","u",0,0,,"false"
"2026-09-28T06:49:53Z",288,"Dowell","HUL","-91.4","-91.4","-91.4","-91.4",-3,0,"0.3",45,558,1899,0,0,"0.0","a",0,0,,"false"
"2026-09-28T06:49:53Z",289,"Crooks","HUL","0.6","0.6","0.6","0.6",1,0,"0.5",44,4821,3963,3,203,"0.2","a",-1,-1,,"false"
"2026-09-28T06:49:53Z",290,"Slater","HUL","72.8","72.8","72.8","72.8",3,1,"5.2",45,14908,35497,15,437,"2.2","a",0,0,,"false"
"2026-09-28T06:49:53Z",291,"Matazo","HUL","-13.4","-13.4","-13.4","-13.4",-1,0,"0.0",45,29,51,0,0,"0.0","i",0,0,,"false"
"2026-09-28T06:49:53Z",292,"Ömür","HUL","-9.3","-9.3","-9.3","-9.3",-1,0,"0.0",49,84,143,0,0,"0.0","a",0,-1,,"false"
"2026-09-28T06:49:53Z",293,"Kamara","HUL","0.0","0.0","0.0","0.0",0,0,"0.0",50,0,12,0,0,"0.0","u",0,0,,"false"
"2026-09-28T06:49:53Z",294,"Zambrano","HUL","-21.4","-21.4","-21.4","-21.4",-2,0,"0.1",45,140,476,0,0,"0.0","a",0,0,,"false"
"2026-09-28T06:49:53Z",295,"McBurnie","HUL","26.9","26.9","26.9","26.9",2,2,"1.9",55,7330,17212,13,441,"2.0","a",0,0,,"false"
"2026-09-28T06:49:53Z",296,"Akintola","HUL","0.0","0.0","0.0","0.0",0,0,"0.0",50,0,253,0,0,"0.0","u",0,0,,"false"
"2026-09-28T06:49:53Z",297,"Gyabi","HUL","-0.2","-0.2","-0.2","-0.2",-1,0,"0.0",44,52,128,0,0,"0.0","i",-1,-1,,"false"
"2026-09-28T06:49:53Z",298,"Destan","HUL","0.0","0.0","0.0","0.0",0,0,"0.2",45,0,1215,0,0,"0.0","u",0,0,,"false"
"2026-09-28T06:49:53Z",299,"Burstow","HUL","0.0","0.0","0.0","0.0",0,0,"0.0",45,0,211,0,0,"0.0","u",0,0,,"false"
"2026-09-28T06:49:53Z",340,"Gelhardt","HUL","0.0","0.0","0.0","0.0",0,0,"0.0",50,92,101,1,7,"0.2","a",0,0,,"false"
"2026-09-28T06:49:53Z",556,"Targett","HUL","-71.1","-71.2","-71.3","-71.4",-3,-3,"1.6",40,105,9372,1,5,"0.0","d",0,0,,"false"
"2026-09-28T06:49:53Z",563,"Morita","HUL","-100.2","-100.2","-100.2","-100.2",-5,0,"0.0",50,23,162,1,45,"0.2","i",0,0,,"false"
"2026-09-28T06:49:53Z",572,"Tzolakis","HUL","0.5","0.5","0.6","0.7",1,16,"12.7",47,120450,19967,34,450,"6.0","a",1,2,,"false"
"2026-09-28T06:49:53Z",574,"Hjertø-Dahl","HUL","-72.1","-72.1","-72.1","-72.1",-3,0,"0.1",49,72,312,1,8,"0.2","a",0,-1,,"false"
"2026-09-28T06:49:53Z",576,"Stroud","HUL","-50.2","-51.7","-53.9","-56.2",-3,-1,"0.1",50,135,441,7,249,"1.0","a",0,0,,"false"
"2026-09-28T06:49:53Z",585,"Herrington","HUL","-26.2","-26.2","-26.2","-26.2",-2,0,"0.6",40,993,1585,5,197,"1.0","a",0,0,,"false"
"2026-09-28T06:49:53Z",586,"Mendy","HUL","-0.3","-0.3","-0.4","-0.5",-1,-3,"6.3",41,6537,32580,25,249,"2.5","a",0,1,,"false"
"2026-09-28T06:49:53Z",589,"Gourna-Douath","HUL","-76.4","-76.4","-76.4","-76.4",-3,0,"0.0",50,32,105,4,138,"1.0","a",0,0,,"false"
"2026-09-28T06:49:53Z",617,"Cho","HUL","0.2","0.2","0.2","0.2",1,0,"0.0",50,335,142,9,72,"2.2","a",0,0,,"false"
"2026-09-28T06:49:53Z",632,"Ansah","HUL","-61.5","-61.5","-61.5","-61.5",-3,0,"0.0",50,66,398,0,0,"0.0","i",0,0,,"false"
"2026-09-28T06:49:53Z",637,"Vaz","HUL","1.2","1.2","1.2","1.2",1,0,"0.1",50,1723,1098,2,20,"0.7","a",0,0,,"false"
"2026-09-28T06:49:53Z",638,"Norton-Cuffy","HUL","-23.3","-24.3","-25.6","-27.0",-2,-4,"0.2",40,447,2442,1,34,"0.3","d",0,0,,"false"
"2026-09-28T06:49:53Z",642,"Thomas","HUL","0.2","0.2","0.2","0.2",1,0,"0.0",55,441,335,4,119,"1.3","a",0,0,,"false"
"2026-09-28T06:49:53Z",645,"Mouzakitis","HUL","0.0","0.0","0.0","0.0",0,0,"0.0",50,85,87,0,0,"0.0","a",0,0,,"false"
"2026-09-28T06:49:53Z",259,"Diop","IPS","-51.1","-51.2","-51.3","-51.4",-3,-10,"12.7",40,6674,52583,12,450,"2.5","a",0,0,,"false"
"2026-09-28T06:49:53Z",267,"Lukić","IPS","-4.6","-4.6","-4.6","-4.6",-1,0,"0.1",49,184,488,11,400,"1.5","a",-1,-1,,"false"
"2026-09-28T06:49:53Z",300,"Walton","IPS","-7.3","-7.3","-7.3","-7.3",-1,0,"0.4",44,1570,967,2,90,"0.5","a",0,-1,,"false"
"2026-09-28T06:49:53Z",301,"Palmer","IPS","-24.6","-24.6","-24.6","-24.6",-2,0,"3.9",40,3757,11280,0,0,"0.0","a",0,0,,"false"
"2026-09-28T06:49:53Z",302,"Button","IPS","1.1","1.1","1.1","1.1",1,0,"0.6",40,1372,1247,0,0,"0.0","a",0,0,,"false"
"2026-09-28T06:49:53Z",303,"Kipré","IPS","3.0","3.0","3.0","3.0",1,0,"0.9",39,4266,4160,0,0,"0.0","a",0,-1,,"false"
"2026-09-28T06:49:53Z",304,"O'Shea","IPS","-38.6","-38.6","-38.6","-38.6",-2,0,"2.7",40,1839,13946,10,450,"1.5","a",0,0,,"false"
"2026-09-28T06:49:53Z",305,"Davis","IPS","70.0","70.0","70.1","70.1",3,4,"6.9",40,47358,25528,25,450,"5.8","a",0,0,,"false"
"2026-09-28T06:49:53Z",306,"Greaves","IPS","-87.3","-87.5","-87.7","-88.0",-3,-2,"1.1",40,449,3273,3,357,"0.2","a",0,0,,"false"
"2026-09-28T06:49:53Z",307,"Johnson","IPS","0.0","0.0","0.0","0.0",0,-1,"0.1",40,0,340,0,0,"0.0","u",0,0,,"false"
"2026-09-28T06:49:53Z",308,"Furlong","IPS","2.0","2.0","2.0","2.0",1,0,"0.6",39,6127,2688,1,17,"0.2","a",0,-1,,"false"
"2026-09-28T06:49:53Z",309,"Núñez","IPS","-32.8","-32.8","-32.8","-32.8",-2,0,"0.1",49,90,597,6,140,"0.5","a",0,-1,,"false"
"2026-09-28T06:49:53Z",310,"Matusiwa","IPS","0.0","0.0","0.0","0.0",0,0,"0.0",49,14,17,0,0,"0.0","a",0,-1,,"false"
"2026-09-28T06:49:53Z",311,"Burns","IPS","0.0","0.0","0.0","0.0",0,0,"0.0",50,0,8,0,0,"0.0","u",0,0,,"false"
"2026-09-28T06:49:53Z",312,"Taylor","IPS","0.1","0.1","0.1","0.1",1,0,"0.0",44,365,249,0,0,"0.0","i",-1,-1,,"false"
"2026-09-28T06:49:53Z",313,"Clarke","IPS","-81.7","-81.7","-81.7","-81.7",-3,0,"0.2",54,132,885,11,170,"1.0","a",0,-1,,"false"
"2026-09-28T06:49:53Z",314,"Ogbene","IPS","0.0","0.0","0.0","0.0",0,0,"0.0",49,0,64,0,0,"0.0","u",0,-1,,"false"
"2026-09-28T06:49:53Z",315,"Fatawu","IPS","-31.0","-31.3","-31.7","-32.1",-2,-1,"0.2",54,52,2373,8,352,"1.5","s",0,-1,,"false"
"2026-09-28T06:49:53Z",316,"Emersonn","IPS","80.8","80.9","81.0","81.2",3,11,"3.5",55,31681,21980,26,317,"4.2","a",0,0,,"false"
"2026-09-28T06:49:53Z",317,"Hirst","IPS","0.0","0.0","0.0","0.0",0,0,"0.1",50,0,451,0,0,"0.0","u",0,0,,"false"
"2026-09-28T06:49:53Z",318,"Philogene","IPS","-7.6","-7.6","-7.6","-7.6",-1,0,"0.1",54,32,150,2,52,"0.5","a",0,-1,,"false"
"2026-09-28T06:49:53Z",319,"Szmodics","IPS","0.0","0.0","0.0","0.0",0,0,"0.0",50,0,11,0,0,"0.0","u",0,0,,"false"
"2026-09-28T06:49:53Z",320,"Akpom","IPS","23.4","23.4","23.3","23.3",2,-3,"1.2",50,4803,9232,7,78,"1.5","a",0,0,,"false"
"2026-09-28T06:49:53Z",321,"Walle Egeli","IPS","37.8","37.8","37.7","37.7",2,-4,"3.5",45,16956,25388,1,10,"0.0","a",0,0,,"false"
"2026-09-28T06:49:53Z",322,"Al-Hamadi","IPS","0.0","0.0","0.0","0.0",0,0,"0.0",50,0,355,0,0,"0.0","u",0,0,,"false"
"2026-09-28T06:49:53Z",323,"McAteer","IPS","-0.6","-0.7","-0.9","-1.1",-1,-2,"1.0",44,1337,6088,3,42,"0.5","a",-1,-1,,"false"
"2026-09-28T06:49:53Z",324,"Mehmeti","IPS","-2.0","-2.0","-2.0","-2.0",-1,0,"0.0",48,67,131,0,0,"0.0","a",-1,-2,,"false"
"2026-09-28T06:49:53Z",554,"Van Oevelen","IPS","0.0","0.0","0.0","0.0",0,0,"0.0",45,0,76,0,0,"0.0","u",0,0,,"false"
"2026-09-28T06:49:53Z",562,"Maeda","IPS","-9.3","-9.3","-9.3","-9.3",-1,0,"0.2",53,121,1391,8,259,"1.5","a",-1,-2,,"false"
"2026-09-28T06:49:53Z",564,"Scherpen","IPS","-30.4","-30.6","-31.0","-31.3",-2,-1,"0.6",45,568,2687,7,360,"1.2","a",0,0,,"false"
"2026-09-28T06:49:53Z",571,"Florentino","IPS","-2.1","-2.1","-2.1","-2.1",-1,0,"0.1",48,107,318,2,30,"0.5","a",-1,-2,,"false"
"2026-09-28T06:49:53Z",591,"Enciso","IPS","8.3","8.3","8.4","8.4",1,2,"0.8",55,2035,5840,15,413,"2.5","a",0,0,,"false"
"2026-09-28T06:49:53Z",592,"Ouattara","IPS","-30.6","-30.6","-30.6","-30.6",-2,0,"0.9",40,648,1972,6,131,"1.2","a",0,0,,"false"
"2026-09-28T06:49:53Z",602,"Humphreys","IPS","0.0","0.0","0.0","0.0",0,0,"0.0",45,0,229,0,0,"0.0","u",0,0,,"false"
"2026-09-28T06:49:53Z",619,"Palacios","IPS","1.0","1.0","1.0","1.0",1,0,"0.1",50,478,794,11,275,"2.8","a",0,0,,"false"
"2026-09-28T06:49:53Z",640,"Flemming","IPS","0.4","0.4","0.4","0.4",1,0,"0.1",55,839,945,6,60,"2.0","a",0,0,,"false"
"2026-09-28T06:49:53Z",260,"Wilson","LEE","-56.6","-56.9","-57.3","-57.8",-3,-14,"1.7",62,70,38593,5,145,"0.5","i",0,-3,,"false"
"2026-09-28T06:49:53Z",326,"Perri","LEE","0.0","0.0","0.0","0.0",0,0,"0.3",45,0,1188,0,0,"0.0","u",0,0,,"false"
"2026-09-28T06:49:53Z",327,"Bijol","LEE","4.9","4.9","4.9","4.9",1,0,"0.7",50,761,5282,12,164,"0.5","a",0,0,,"false"
"2026-09-28T06:49:53Z",329,"Rodon","LEE","-5.9","-5.9","-5.9","-6.0",-1,-1,"0.8",43,43,8420,7,123,"0.2","i",-1,-2,,"false"
"2026-09-28T06:49:53Z",330,"Bogle","LEE","53.4","53.7","54.1","54.5",3,31,"7.1",46,117388,23506,42,365,"9.0","a",0,1,,"false"
"2026-09-28T06:49:53Z",331,"Gudmundsson","LEE","0.9","0.9","0.9","0.9",1,0,"0.1",45,484,304,14,252,"3.5","a",0,0,,"false"
"2026-09-28T06:49:53Z",332,"Justin","LEE","17.4","17.4","17.4","17.4",1,0,"1.5",45,3865,5448,26,450,"4.0","a",0,0,,"false"
"2026-09-28T06:49:53Z",333,"Bornauw","LEE","0.0","0.0","0.0","0.0",0,0,"0.0",45,0,5,0,0,"0.0","u",0,0,,"false"
"2026-09-28T06:49:53Z",334,"Muharemović","LEE","37.1","37.2","37.2","37.2",2,2,"4.3",50,25570,21591,27,450,"5.2","a",0,0,,"false"
"2026-09-28T06:49:53Z",335,"Stach","LEE","15.6","15.6","15.6","15.6",1,-1,"2.5",60,4484,18628,27,447,"3.5","a",0,0,,"false"
"2026-09-28T06:49:53Z",336,"Okafor","LEE","1.4","1.4","1.4","1.4",1,0,"0.4",58,1646,3192,18,299,"4.2","a",0,-2,,"false"
"2026-09-28T06:49:53Z",337,"Aaronson","LEE","-6.8","-7.0","-7.4","-7.8",-1,-2,"0.5",53,204,3216,7,194,"1.0","a",-1,-2,,"false"
"2026-09-28T06:49:53Z",338,"Ampadu","LEE","-26.8","-26.8","-26.8","-26.8",-2,0,"0.9",54,1498,4643,21,450,"4.0","a",0,-1,,"false"
"2026-09-28T06:49:53Z",339,"Longstaff","LEE","-92.3","-92.3","-92.3","-92.3",-3,0,"0.1",49,121,594,2,10,"0.2","a",0,-1,,"false"
"2026-09-28T06:49:53Z",341,"Gnonto","LEE","0.0","0.0","0.0","0.0",0,0,"0.0",50,0,50,0,0,"0.0","u",0,0,,"false"
"2026-09-28T06:49:53Z",342,"Harrison","LEE","0.0","0.0","0.0","0.0",0,0,"0.0",50,0,5,0,0,"0.0","u",0,0,,"false"
"2026-09-28T06:49:53Z",343,"James","LEE","-26.2","-26.2","-26.2","-26.2",-2,0,"0.1",49,176,526,3,52,"0.8","a",0,-1,,"false"
"2026-09-28T06:49:53Z",344,"Gruev","LEE","0.0","0.0","0.0","0.0",0,0,"0.0",50,45,18,0,0,"0.0","a",0,0,,"false"
"2026-09-28T06:49:53Z",345,"Tanaka","LEE","4.6","4.6","4.6","4.6",1,0,"0.3",49,2064,2135,14,255,"3.5","a",0,-1,,"false"
"2026-09-28T06:49:53Z",346,"Calvert-Lewin","LEE","65.4","65.5","65.8","66.1",3,19,"24.8",60,87414,161507,22,419,"5.2","a",0,0,,"false"
"2026-09-28T06:49:53Z",347,"Nmecha","LEE","-25.3","-25.3","-25.3","-25.3",-2,0,"0.5",54,1867,3553,7,64,"1.8","a",0,-1,,"false"
"2026-09-28T06:49:53Z",348,"Piroe","LEE","0.0","0.0","0.0","0.0",0,0,"0.1",50,0,400,0,0,"0.0","u",0,0,,"false"
"2026-09-28T06:49:53Z",349,"Mateo Joseph","LEE","-39.1","-39.1","-39.1","-39.1",-2,0,"0.1",45,299,448,0,0,"0.0","i",0,0,,"false"
"2026-09-28T06:49:53Z",385,"Trafford","LEE","32.2","32.3","32.3","32.4",2,4,"5.5",50,20472,13826,28,450,"4.8","a",0,0,,"false"
"2026-09-28T06:49:53Z",598,"Elvedi","LEE","0.6","0.6","0.6","0.6",1,0,"0.1",45,211,215,13,326,"3.2","a",0,0,,"false"
"2026-09-28T06:49:53Z",603,"Lienou","LEE","0.1","0.1","0.1","0.1",1,-1,"0.1",40,229,495,0,0,"0.0","a",0,0,,"false"
"2026-09-28T06:49:53Z",604,"Cresswell","LEE","-11.0","-11.0","-11.0","-11.0",-1,0,"0.1",45,286,857,0,0,"0.0","a",0,0,,"false"
"2026-09-28T06:49:53Z",625,"Cairns","LEE","0.4","0.4","0.4","0.4",1,0,"0.2",40,802,742,0,0,"0.0","a",0,0,,"false"
"2026-09-28T06:49:53Z",629,"Zetterer","LEE","2.2","2.2","2.2","2.2",1,-1,"0.7",40,2891,2630,0,0,"0.0","a",0,0,,"false"
"2026-09-28T06:49:53Z",641,"Bard","LEE","0.0","0.0","0.0","0.0",0,0,"0.0",45,93,74,1,18,"0.3","a",0,0,,"false"
"2026-09-28T06:49:53Z",648,"Bahoya","LEE","-49.4","-49.4","-49.4","-49.4",-3,0,"0.0",50,103,168,1,1,"0.3","a",0,0,,"false"
"2026-09-28T06:49:53Z",350,"A.Becker","LIV","1.4","1.4","1.5","1.6",1,4,"4.1",55,11812,10973,27,450,"6.2","a",0,0,,"false"
"2026-09-28T06:49:53Z",351,"Mamardashvili","LIV","-93.1","-93.1","-93.1","-93.1",-3,0,"0.1",49,237,581,0,0,"0.0","a",0,-1,,"false"
"2026-09-28T06:49:53Z",352,"Woodman","LIV","-30.2","-30.4","-30.7","-31.0",-2,-2,"1.0",40,745,2248,0,0,"0.0","a",0,0,,"false"
"2026-09-28T06:49:53Z",353,"Pecsi","LIV","0.0","0.0","0.0","0.0",0,0,"0.0",40,0,56,0,0,"0.0","u",0,0,,"false"
"2026-09-28T06:49:53Z",354,"Jaros","LIV","0.0","0.0","0.0","0.0",0,0,"0.0",40,197,148,0,0,"0.0","i",0,0,,"false"
"2026-09-28T06:49:53Z",355,"Davies","LIV","0.1","0.1","0.1","0.1",1,0,"0.2",40,271,444,0,0,"0.0","a",0,0,,"false"
"2026-09-28T06:49:53Z",356,"Virgil","LIV","-57.7","-57.7","-57.8","-57.8",-3,-6,"16.2",65,19605,41370,25,450,"5.8","a",0,0,,"false"
"2026-09-28T06:49:53Z",357,"Frimpong","LIV","-35.2","-35.6","-36.3","-37.0",-2,-8,"1.8",53,1507,12146,2,178,"0.5","a",0,-2,,"false"
"2026-09-28T06:49:53Z",358,"Kerkez","LIV","-98.3","-98.3","-98.3","-98.3",-4,0,"2.2",54,2450,9672,13,385,"3.2","a",0,-1,,"false"
"2026-09-28T06:49:53Z",359,"Gomez","LIV","0.0","0.0","0.0","0.0",0,0,"0.0",49,301,108,0,0,"0.0","a",0,-1,,"false"
"2026-09-28T06:49:53Z",360,"Bradley","LIV","-83.4","-83.4","-83.4","-83.4",-3,0,"0.0",50,49,74,0,0,"0.0","i",0,0,,"false"
"2026-09-28T06:49:53Z",361,"Lucky","LIV","-51.2","-51.2","-51.2","-51.2",-3,0,"0.1",40,268,539,0,0,"0.0","a",0,0,,"false"
"2026-09-28T06:49:53Z",362,"Jacquet","LIV","53.4","53.4","53.5","53.5",3,4,"3.5",50,31384,12377,24,415,"5.8","a",0,0,,"false"
"2026-09-28T06:49:53Z",363,"Leoni","LIV","-58.1","-58.1","-58.1","-58.1",-3,0,"0.0",40,62,169,0,0,"0.0","i",0,0,,"false"
"2026-09-28T06:49:53Z",364,"Tsimikas","LIV","-52.9","-52.9","-52.9","-52.9",-3,0,"0.1",49,82,380,2,64,"0.5","a",0,-1,,"false"
"2026-09-28T06:49:53Z",365,"Ramsay","LIV","0.0","0.0","0.0","0.0",0,0,"0.1",40,0,441,0,0,"0.0","u",0,0,,"false"
"2026-09-28T06:49:53Z",366,"Wirtz","LIV","-35.2","-35.3","-35.5","-35.7",-2,-8,"5.7",73,2827,40274,18,402,"4.0","a",0,-2,,"false"
"2026-09-28T06:49:53Z",367,"Gakpo","LIV","4.6","3.7","2.4","1.1",1,-90,"12.5",72,50389,76719,32,370,"5.0","d",0,2,,"false"
"2026-09-28T06:49:53Z",368,"Szoboszlai","LIV","-93.0","-93.0","-93.1","-93.2",-3,-24,"32.9",70,33154,202217,20,440,"3.0","a",0,0,,"false"
"2026-09-28T06:49:53Z",369,"Ngumoha","LIV","-21.7","-21.7","-21.7","-21.7",-2,0,"0.5",57,704,4065,4,99,"0.5","a",-1,-3,,"false"
"2026-09-28T06:49:53Z",370,"Chiesa","LIV","-5.3","-5.3","-5.3","-5.3",-1,0,"0.0",53,15,233,0,0,"0.0","i",-1,-2,,"false"
"2026-09-28T06:49:53Z",371,"Gravenberch","LIV","-20.7","-21.0","-21.3","-21.6",-2,-4,"1.1",58,1143,8697,9,190,"1.0","a",-1,-2,,"false"
"2026-09-28T06:49:53Z",372,"Mac Allister","LIV","-41.2","-41.2","-41.2","-41.2",-3,0,"1.3",54,3624,6566,11,306,"2.5","a",0,-1,,"false"
"2026-09-28T06:49:53Z",373,"C.Jones","LIV","0.0","0.0","0.0","0.0",0,0,"0.0",55,0,56,0,0,"0.0","u",0,0,,"false"
"2026-09-28T06:49:53Z",374,"Endo","LIV","-59.3","-59.3","-59.3","-59.3",-3,0,"0.1",49,152,418,0,0,"0.0","a",0,-1,,"false"
"2026-09-28T06:49:53Z",375,"Nyoni","LIV","-83.4","-83.4","-83.4","-83.4",-3,0,"0.0",49,83,301,3,38,"0.8","a",0,-1,,"false"
"2026-09-28T06:49:53Z",376,"Bajcetic","LIV","0.0","0.0","0.0","0.0",0,0,"0.0",50,0,2,0,0,"0.0","u",0,0,,"false"
"2026-09-28T06:49:53Z",377,"Munoz","LIV","6.3","6.3","6.3","6.3",1,0,"0.9",65,1311,11033,15,257,"2.8","a",0,0,,"false"
"2026-09-28T06:49:53Z",378,"McConnell","LIV","-2.9","-2.9","-2.9","-2.9",-1,0,"0.2",44,1022,1425,0,0,"0.0","a",0,-1,,"false"
"2026-09-28T06:49:53Z",379,"Isak","LIV","11.3","10.4","9.1","7.8",1,-90,"22.5",91,112345,70018,33,413,"7.8","d",0,1,,"false"
"2026-09-28T06:49:53Z",380,"Ekitiké","LIV","-26.3","-26.7","-27.3","-27.8",-2,-1,"0.1",74,342,781,0,0,"0.0","i",0,-1,,"false"
"2026-09-28T06:49:53Z",381,"Koumas","LIV","-92.0","-92.0","-92.0","-92.0",-3,0,"0.0",50,140,179,3,22,"0.5","a",0,0,,"false"
"2026-09-28T06:49:53Z",382,"Danns","LIV","3.4","3.4","3.4","3.4",1,0,"0.2",45,3286,2263,0,0,"0.0","a",0,0,,"false"
"2026-09-28T06:49:53Z",383,"Elliott","LIV","0.0","0.0","0.0","0.0",0,0,"0.0",54,0,213,0,0,"0.0","u",0,-1,,"false"
"2026-09-28T06:49:53Z",579,"Araujo","LIV","32.6","32.6","32.6","32.6",2,0,"3.0",54,15639,9891,22,284,"5.2","a",0,-1,,"false"
"2026-09-28T06:49:53Z",627,"Barcola","LIV","-66.8","-66.6","-66.2","-65.8",-3,5,"1.9",80,9201,17949,7,168,"2.3","a",0,0,,"false"
"2026-09-28T06:49:53Z",155,"Enzo","MCI","1.0","1.1","1.3","1.4",1,11,"3.6",69,29094,13457,13,271,"3.0","a",0,-1,,"false"
"2026-09-28T06:49:53Z",237,"Ndiaye","MCI","-18.5","-18.6","-18.7","-18.8",-1,-9,"6.7",58,6571,65855,22,385,"3.2","a",-1,-2,,"false"
"2026-09-28T06:49:53Z",384,"Donnarumma","MCI","-49.1","-49.2","-49.3","-49.4",-3,-4,"7.6",55,10158,28766,19,450,"5.3","a",0,0,,"false"
"2026-09-28T06:49:53Z",386,"Bettinelli","MCI","-84.3","-84.3","-84.3","-84.3",-3,0,"0.0",45,48,85,0,0,"0.0","a",0,0,,"false"
"2026-09-28T06:49:53Z",387,"O'Reilly","MCI","-3.2","-3.3","-3.4","-3.6",-1,-17,"10.9",63,4958,67525,6,163,"0.7","a",-1,-2,,"false"
"2026-09-28T06:49:53Z",388,"Guéhi","MCI","63.2","63.0","62.8","62.6",3,-16,"18.2",60,22452,47908,30,450,"6.0","a",0,0,,"false"
"2026-09-28T06:49:53Z",389,"Matheus N.","MCI","-32.3","-32.5","-32.7","-33.0",-2,-2,"1.0",59,1555,2759,11,213,"3.3","a",0,-1,,"false"
"2026-09-28T06:49:53Z",390,"Rúben","MCI","3.7","3.8","3.8","3.8",1,2,"1.9",55,4377,8660,17,450,"4.3","a",0,0,,"false"
"2026-09-28T06:49:53Z",391,"Gvardiol","MCI","76.0","76.1","76.4","76.6",3,16,"26.8",57,139967,49737,37,434,"7.7","a",0,2,,"false"
"2026-09-28T06:49:53Z",392,"Aït-Nouri","MCI","-94.0","-94.0","-94.0","-94.0",-3,0,"0.4",53,494,2073,0,0,"0.0","a",0,-2,,"false"
"2026-09-28T06:49:53Z",393,"Khusanov","MCI","-32.6","-32.9","-33.4","-33.8",-2,-4,"1.4",54,1330,8654,9,268,"1.7","a",0,-1,,"false"
"2026-09-28T06:49:53Z",394,"Alleyne","MCI","0.0","0.0","0.0","0.0",0,0,"0.0",50,0,18,0,0,"0.0","u",0,0,,"false"
"2026-09-28T06:49:53Z",395,"Lewis","MCI","-62.4","-62.4","-62.4","-62.4",-3,0,"0.2",44,280,1142,1,56,"0.0","a",0,-1,,"false"
"2026-09-28T06:49:53Z",396,"Vitor Reis","MCI","-78.7","-78.7","-78.7","-78.7",-3,0,"0.0",45,69,141,1,1,"0.0","a",0,0,,"false"
"2026-09-28T06:49:53Z",397,"Semenyo","MCI","-18.5","-18.6","-18.7","-18.8",-1,-24,"15.4",84,122640,57803,33,450,"8.7","d",0,-1,,"false"
"2026-09-28T06:49:53Z",398,"Foden","MCI","-45.0","-45.2","-45.6","-45.9",-3,-12,"1.8",69,192,26990,9,217,"-0.3","s",0,-1,,"false"
"2026-09-28T06:49:53Z",399,"Cherki","MCI","-55.8","-55.4","-54.8","-54.2",-3,41,"28.4",78,114246,84049,34,302,"4.0","a",0,3,,"false"
"2026-09-28T06:49:53Z",400,"Doku","MCI","0.1","0.1","0.2","0.2",1,2,"0.7",74,3884,1880,1,15,"0.3","a",0,-1,,"false"
"2026-09-28T06:49:53Z",402,"Rodrigo","MCI","0.0","0.0","0.0","0.0",0,0,"0.0",65,0,22,0,0,"0.0","u",0,0,,"false"
"2026-09-28T06:49:53Z",404,"Reijnders","MCI","0.0","0.0","0.0","0.0",0,0,"0.0",60,0,92,0,0,"0.0","u",0,0,,"false"
"2026-09-28T06:49:53Z",406,"Kovačić","MCI","-91.6","-91.6","-91.6","-91.6",-3,0,"0.1",54,100,436,2,42,"0.0","a",0,-1,,"false"
"2026-09-28T06:49:53Z",407,"Echeverri","MCI","0.0","0.0","0.0","0.0",0,0,"0.0",49,0,51,0,0,"0.0","u",0,-1,,"false"
"2026-09-28T06:49:53Z",408,"Phillips","MCI","0.0","0.0","0.0","0.0",0,0,"0.0",50,0,11,0,0,"0.0","u",0,0,,"false"
"2026-09-28T06:49:53Z",409,"Mukasa","MCI","0.0","0.0","0.0","0.0",0,0,"0.1",45,0,557,0,0,"0.0","u",0,0,,"false"
"2026-09-28T06:49:53Z",410,"Monga","MCI","0.0","0.0","0.0","0.0",0,0,"0.0",49,0,48,0,0,"0.0","u",0,-1,,"false"
"2026-09-28T06:49:53Z",411,"Haaland","MCI","21.0","21.2","21.5","21.9",2,22,"73.8",156,73230,18348,39,450,"8.0","a",0,1,,"false"
"2026-09-28T06:49:53Z",481,"Anderson","MCI","-39.3","-39.4","-39.6","-39.7",-2,-4,"4.0",63,7374,26540,15,413,"3.3","a",0,-2,,"false"
"2026-09-28T06:49:53Z",587,"Rulli","MCI","-86.9","-86.9","-86.9","-86.9",-3,0,"0.0",50,67,101,0,0,"0.0","a",0,0,,"false"
"2026-09-28T06:49:53Z",616,"Bouaddi","MCI","-30.2","-30.2","-30.2","-30.2",-2,0,"0.2",55,800,2033,2,22,"0.3","a",0,0,,"false"
"2026-09-28T06:49:53Z",621,"McAidoo","MCI","-83.8","-85.0","-86.7","-88.4",-3,-1,"0.1",45,183,1035,2,11,"0.3","a",0,0,,"false"
"2026-09-28T06:49:53Z",622,"Braithwaite","MCI","-35.9","-37.4","-39.5","-41.6",-2,-2,"0.2",40,547,1581,1,1,"0.0","a",0,0,,"false"
"2026-09-28T06:49:53Z",628,"Allan","MCI","0.1","0.1","0.1","0.1",1,0,"0.0",60,208,156,0,0,"0.0","a",0,0,,"false"
"2026-09-28T06:49:53Z",653,"Samba","MCI","-36.1","-36.1","-36.1","-36.1",-2,0,"0.0",45,235,463,0,0,"0.0","a",0,0,,"false"
"2026-09-28T06:49:53Z",43,"Tielemans","MUN","-34.9","-34.9","-34.9","-34.9",-2,0,"1.5",58,2900,10246,14,402,"3.0","a",0,-2,,"false"
"2026-09-28T06:49:53Z",131,"Baleba","MUN","0.0","0.0","0.0","0.0",0,0,"0.1",49,1167,680,0,0,"0.0","a",0,-1,,"false"
"2026-09-28T06:49:53Z",162,"Andrey Santos","MUN","-46.2","-46.9","-48.0","-49.0",-3,-4,"0.6",48,982,4698,4,82,"0.5","a",0,-2,,"false"
"2026-09-28T06:49:53Z",325,"Darlow","MUN","-21.2","-21.2","-21.2","-21.2",-2,0,"0.0",45,57,200,0,0,"0.0","d",0,0,,"false"
"2026-09-28T06:49:53Z",412,"Lammens","MUN","-16.0","-16.1","-16.2","-16.4",-1,-11,"9.9",49,6264,46482,11,450,"2.5","a",0,-1,,"false"
"2026-09-28T06:49:53Z",413,"Bayindir","MUN","0.0","0.0","0.0","0.0",0,0,"0.0",45,0,33,0,0,"0.0","u",0,0,,"false"
"2026-09-28T06:49:53Z",414,"Heaton","MUN","-34.2","-34.2","-34.2","-34.2",-2,0,"0.1",40,188,249,0,0,"0.0","i",0,0,,"false"
"2026-09-28T06:49:53Z",415,"Dorgu","MUN","-53.8","-54.9","-56.5","-58.1",-3,-10,"0.5",58,1018,3682,10,171,"2.5","d",0,-2,,"false"
"2026-09-28T06:49:53Z",416,"De Ligt","MUN","-92.8","-92.8","-92.8","-92.8",-3,0,"0.0",50,67,122,0,0,"0.0","i",0,0,,"false"
"2026-09-28T06:49:53Z",417,"Dalot","MUN","-73.7","-73.7","-73.7","-73.7",-3,0,"1.6",49,1151,7121,8,346,"1.8","a",0,-1,,"false"
"2026-09-28T06:49:53Z",418,"Maguire","MUN","-1.5","-1.5","-1.6","-1.7",-1,-8,"8.7",48,4004,72385,10,450,"2.2","a",-1,-2,,"false"
"2026-09-28T06:49:53Z",419,"Martinez","MUN","-92.6","-92.6","-92.6","-92.6",-3,0,"1.3",50,3496,6113,6,360,"1.5","a",0,0,,"false"
"2026-09-28T06:49:53Z",420,"Yoro","MUN","-9.9","-9.9","-9.9","-9.9",-1,0,"0.5",48,445,2086,2,22,"0.5","a",-1,-2,,"false"
"2026-09-28T06:49:53Z",421,"Heaven","MUN","-96.9","-96.9","-96.9","-96.9",-4,0,"0.3",44,217,1382,1,90,"0.0","a",0,-1,,"false"
"2026-09-28T06:49:53Z",422,"Mazraoui","MUN","-70.2","-70.6","-71.2","-71.8",-3,-2,"0.5",44,545,2760,3,97,"0.5","a",0,-1,,"false"
"2026-09-28T06:49:53Z",423,"Shaw","MUN","-4.2","-4.2","-4.2","-4.2",-1,-1,"7.7",43,3298,74022,9,335,"2.0","a",-1,-2,,"false"
"2026-09-28T06:49:53Z",424,"Amass","MUN","-43.5","-42.8","-41.9","-41.0",-3,1,"0.2",40,395,746,0,0,"0.0","a",0,0,,"false"
"2026-09-28T06:49:53Z",425,"Fredricson","MUN","0.0","0.0","0.0","0.0",0,0,"0.0",40,0,46,0,0,"0.0","u",0,0,,"false"
"2026-09-28T06:49:53Z",426,"B.Fernandes","MUN","-1.0","-1.0","-1.0","-1.1",-1,-13,"38.5",119,39490,188986,31,450,"7.2","a",-1,-1,,"false"
"2026-09-28T06:49:53Z",427,"Mbeumo","MUN","-72.4","-72.5","-72.6","-72.7",-3,-15,"20.6",79,33327,124275,25,450,"5.8","a",0,-1,,"false"
"2026-09-28T06:49:53Z",428,"Cunha","MUN","-92.3","-92.2","-92.0","-91.8",-3,8,"5.8",79,19650,20493,26,407,"6.0","a",0,-1,,"false"
"2026-09-28T06:49:53Z",429,"Rashford","MUN","-77.3","-77.7","-78.2","-78.7",-3,-10,"1.5",70,4056,16544,10,351,"2.2","d",0,0,,"false"
"2026-09-28T06:49:53Z",430,"Mount","MUN","0.1","0.1","0.1","0.1",1,0,"0.0",54,168,187,1,10,"0.2","a",0,-1,,"false"
"2026-09-28T06:49:53Z",431,"Amad","MUN","-15.7","-15.8","-16.0","-16.2",-1,-1,"0.3",57,113,1684,0,0,"0.0","i",0,-3,,"false"
"2026-09-28T06:49:53Z",432,"Mainoo","MUN","13.8","13.7","13.6","13.4",1,-9,"1.6",55,7418,14006,22,354,"5.2","d",0,0,,"false"
"2026-09-28T06:49:53Z",433,"Ugarte","MUN","-65.7","-65.7","-65.7","-65.7",-3,0,"0.0",50,22,23,0,0,"0.0","i",0,0,,"false"
"2026-09-28T06:49:53Z",434,"J.Fletcher","MUN","-38.2","-38.2","-38.2","-38.2",-2,0,"0.0",49,41,56,0,0,"0.0","a",0,-1,,"false"
"2026-09-28T06:49:53Z",435,"Lacey","MUN","-5.4","-3.2","-0.1","0.0",-1,1,"0.1",49,360,336,1,10,"0.0","a",0,-1,,"false"
"2026-09-28T06:49:53Z",436,"Collyer","MUN","0.0","0.0","0.0","0.0",0,0,"0.0",50,0,43,0,0,"0.0","u",0,0,,"false"
"2026-09-28T06:49:53Z",437,"Bendito Mantato","MUN","0.0","0.0","0.0","0.0",0,0,"0.2",44,367,807,0,0,"0.0","a",-1,-1,,"false"
"2026-09-28T06:49:53Z",438,"Fletcher","MUN","0.4","0.4","0.4","0.4",1,0,"0.3",44,2471,2010,0,0,"0.0","a",0,-1,,"false"
"2026-09-28T06:49:53Z",439,"Šeško","MUN","-37.5","-38.0","-38.8","-39.5",-2,-15,"1.6",70,6506,22802,8,76,"1.8","d",0,0,,"false"
"2026-09-28T06:49:53Z",440,"Zirkzee","MUN","-7.9","-8.5","-9.4","-10.3",-1,-4,"0.4",53,1792,2986,2,20,"0.5","a",-1,-2,,"false"
"2026-09-28T06:49:53Z",441,"Obi","MUN","0.0","0.0","0.0","0.0",0,-4,"0.9",45,0,10799,0,0,"0.0","u",0,0,,"false"
"2026-09-28T06:49:53Z",405,"N.Gonzalez","NEW","0.8","0.8","0.8","0.8",1,0,"0.2",55,553,1785,5,164,"1.2","a",0,0,,"false"
"2026-09-28T06:49:53Z",442,"Pope","NEW","-42.2","-42.2","-42.2","-42.2",-3,0,"0.9",49,821,2976,0,0,"0.0","a",0,-1,,"false"
"2026-09-28T06:49:53Z",443,"Gillespie","NEW","-37.2","-37.2","-37.2","-37.2",-2,0,"0.0",45,42,83,0,0,"0.0","a",0,0,,"false"
"2026-09-28T06:49:53Z",444,"Jaouen","NEW","-6.1","-6.1","-6.1","-6.1",-1,0,"0.0",44,19,113,0,0,"0.0","d",-1,-1,,"false"
"2026-09-28T06:49:53Z",445,"Thiaw","NEW","17.2","17.1","17.1","17.0",1,-4,"2.2",50,8026,9362,14,450,"2.8","a",0,0,,"false"
"2026-09-28T06:49:53Z",446,"Schär","NEW","-10.9","-10.9","-10.9","-10.9",-1,0,"0.2",49,521,867,2,25,"0.2","a",0,-1,,"false"
"2026-09-28T06:49:53Z",447,"Botman","NEW","9.4","9.4","9.4","9.4",1,0,"0.7",50,4463,2770,15,450,"3.0","a",0,0,,"false"
"2026-09-28T06:49:53Z",448,"Burn","NEW","-3.3","-3.3","-3.3","-3.3",-1,0,"0.7",48,96,5509,0,0,"0.0","i",-1,-2,,"false"
"2026-09-28T06:49:53Z",449,"Hall","NEW","5.9","6.1","6.2","6.4",1,32,"17.2",53,235919,18271,31,449,"7.0","a",1,3,,"false"
"2026-09-28T06:49:53Z",450,"Livramento","NEW","1.5","1.5","1.5","1.5",1,0,"0.1",49,425,1430,4,33,"1.0","d",0,-1,,"false"
"2026-09-28T06:49:53Z",451,"A.Murphy","NEW","0.0","0.0","0.0","0.0",0,0,"0.1",40,0,278,0,0,"0.0","u",0,0,,"false"
"2026-09-28T06:49:53Z",453,"Barnes","NEW","14.5","14.6","14.8","14.9",1,28,"5.6",61,150358,15863,28,450,"6.5","a",1,1,,"false"
"2026-09-28T06:49:53Z",454,"Elanga","NEW","-37.1","-37.3","-37.6","-37.8",-2,-36,"4.6",61,305,161668,18,232,"2.2","i",-1,1,,"false"
"2026-09-28T06:49:53Z",456,"J.Ramsey","NEW","-86.7","-87.0","-87.5","-87.9",-3,-2,"0.2",49,53,4538,7,69,"1.8","i",0,-1,,"false"
"2026-09-28T06:49:53Z",457,"J.Murphy","NEW","-19.6","-19.6","-19.6","-19.6",-1,0,"0.1",59,895,722,3,181,"0.8","a",0,-1,,"false"
"2026-09-28T06:49:53Z",458,"Joelinton","NEW","-60.2","-60.2","-60.2","-60.2",-3,0,"0.0",54,11,73,0,0,"0.0","i",0,-1,,"false"
"2026-09-28T06:49:53Z",459,"L.Miley","NEW","0.6","0.6","0.6","0.6",1,0,"0.1",55,449,427,12,396,"2.2","a",0,0,,"false"
"2026-09-28T06:49:53Z",460,"Willock","NEW","14.7","14.7","14.7","14.7",1,2,"0.6",50,9218,2511,22,284,"4.0","a",0,0,,"false"
"2026-09-28T06:49:53Z",461,"Touré","NEW","-10.1","-10.1","-10.1","-10.1",-1,0,"0.1",58,309,815,8,50,"2.0","a",0,-2,,"false"
"2026-09-28T06:49:53Z",462,"Steur","NEW","-49.2","-49.2","-49.2","-49.2",-3,0,"0.1",49,258,356,8,223,"1.8","a",0,-1,,"false"
"2026-09-28T06:49:53Z",463,"Woltemade","NEW","0.0","0.0","0.0","0.0",0,-1,"0.5",59,0,3460,4,19,"1.0","u",0,-1,,"false"
"2026-09-28T06:49:53Z",464,"Wissa","NEW","59.2","59.1","59.1","59.0",3,-5,"18.6",62,80762,135689,15,441,"2.8","a",0,2,,"false"
"2026-09-28T06:49:53Z",465,"Osula","NEW","-7.4","-7.4","-7.4","-7.4",-1,0,"0.3",58,117,2242,4,55,"0.0","i",-1,-2,,"false"
"2026-09-28T06:49:53Z",466,"Neave","NEW","0.0","0.0","0.0","0.0",0,0,"0.5",45,0,3704,0,0,"0.0","u",0,0,,"false"
"2026-09-28T06:49:53Z",559,"Bamba","NEW","-66.5","-67.8","-69.6","-71.5",-3,-1,"0.1",49,123,467,3,27,"0.5","a",0,-1,,"false"
"2026-09-28T06:49:53Z",567,"Horníček","NEW","22.9","23.0","23.0","23.0",2,2,"1.5",50,6781,4591,14,450,"3.2","a",0,0,,"false"
"2026-09-28T06:49:53Z",593,"Dedić","NEW","-9.0","-9.1","-9.2","-9.4",-1,-5,"1.8",45,243,36082,13,327,"3.0","i",0,0,,"false"
"2026-09-28T06:49:53Z",609,"Shahar","NEW","0.0","0.0","0.0","0.0",0,0,"0.2",40,0,1784,0,0,"0.0","u",0,0,,"false"
"2026-09-28T06:49:53Z",634,"Fernandez-Pardo","NEW","0.7","0.6","0.6","0.6",1,-2,"0.1",60,1787,1330,4,157,"1.3","a",0,0,,"false"
"2026-09-28T06:49:53Z",659,"Miley","NEW","0.0","0.0","0.0","0.0",0,0,"0.0",45,1349,620,0,0,"0.0","a",0,0,,"false"
"2026-09-28T06:49:53Z",663,"Pivas","NEW","0.0","0.0","0.0","0.0",0,0,"0.0",40,370,49,0,0,"0.0","a",0,0,"2026-10-02T19:10:51.639791Z","false"
"2026-09-28T06:49:53Z",664,"Salia","NEW","0.0","0.0","0.0","0.0",0,0,"0.1",45,8993,1419,0,0,"0.0","a",0,0,"2026-10-02T19:11:17.402697Z","false"
"2026-09-28T06:49:53Z",665,"Mills","NEW","0.0","0.0","0.0","0.0",0,0,"0.0",45,153,25,0,0,"0.0","a",0,0,"2026-10-02T19:11:39.931907Z","false"
"2026-09-28T06:49:53Z",666,"Thompson","NEW","0.0","0.0","0.0","0.0",0,0,"0.0",45,223,33,0,0,"0.0","a",0,0,"2026-10-02T19:12:09.032926Z","false"
"2026-09-28T06:49:53Z",167,"Delap","NFO","-22.6","-22.8","-23.0","-23.2",-2,-4,"2.7",56,24209,27613,9,277,"2.2","a",1,1,,"false"
"2026-09-28T06:49:53Z",201,"Muñoz","NFO","-44.9","-45.0","-45.1","-45.2",-3,-4,"5.7",54,7467,28608,5,257,"1.7","a",0,-1,,"false"
"2026-09-28T06:49:53Z",467,"Sels","NFO","4.4","4.4","4.4","4.4",1,0,"1.6",50,1865,5790,14,450,"3.0","a",0,0,,"false"
"2026-09-28T06:49:53Z",468,"John","NFO","-71.1","-71.1","-71.1","-71.1",-3,0,"0.1",45,54,142,0,0,"0.0","a",0,0,,"false"
"2026-09-28T06:49:53Z",469,"N.Williams","NFO","23.7","23.6","23.6","23.6",2,-2,"8.8",50,10501,43418,19,450,"4.2","a",0,0,,"false"
"2026-09-28T06:49:53Z",470,"Morato","NFO","0.0","0.0","0.0","0.0",0,0,"0.0",50,0,110,0,0,"0.0","u",0,0,,"false"
"2026-09-28T06:49:53Z",471,"Milenković","NFO","-12.2","-12.4","-12.6","-12.8",-1,-8,"1.0",54,59,11632,12,270,"2.5","i",-1,-1,,"false"
"2026-09-28T06:49:53Z",472,"Murillo","NFO","23.2","23.2","23.3","23.3",2,4,"2.1",55,7681,7587,23,449,"4.8","a",0,0,,"false"
"2026-09-28T06:49:53Z",473,"Aina","NFO","-2.4","-2.6","-2.8","-3.0",-1,-6,"2.4",44,1013,19620,8,306,"0.8","a",-1,-1,,"false"
"2026-09-28T06:49:53Z",474,"Jair Cunha","NFO","-46.1","-46.1","-46.1","-46.1",-3,0,"0.2",45,225,608,11,360,"2.5","a",0,0,,"false"
"2026-09-28T06:49:53Z",475,"Savona","NFO","-16.7","-16.7","-16.7","-16.7",-1,0,"0.0",45,20,17,0,0,"0.0","i",0,0,,"false"
"2026-09-28T06:49:53Z",476,"O.Richards","NFO","-64.5","-64.5","-64.5","-64.5",-3,0,"0.2",40,280,693,0,0,"0.0","a",0,0,,"false"
"2026-09-28T06:49:53Z",477,"Abbott","NFO","0.0","0.0","0.0","0.0",0,0,"0.1",40,0,774,0,0,"0.0","u",0,0,,"false"
"2026-09-28T06:49:53Z",478,"Netz","NFO","-6.7","-6.7","-6.7","-6.7",-1,0,"0.0",44,54,110,3,27,"0.5","a",0,-1,,"false"
"2026-09-28T06:49:53Z",479,"Bindon","NFO","0.0","0.0","0.0","0.0",0,0,"0.1",40,0,501,0,0,"0.0","u",0,0,,"false"
"2026-09-28T06:49:53Z",480,"Gibbs-White","NFO","49.2","49.2","49.4","49.5",3,9,"15.7",80,61183,77917,28,450,"6.5","a",0,0,,"false"
"2026-09-28T06:49:53Z",482,"Hudson-Odoi","NFO","-36.2","-36.2","-36.2","-36.2",-2,0,"0.1",58,243,1115,1,1,"0.2","a",0,-2,,"false"
"2026-09-28T06:49:53Z",483,"Ndoye","NFO","12.9","12.9","12.8","12.7",1,-6,"0.7",55,711,7815,15,316,"3.0","a",0,0,,"false"
"2026-09-28T06:49:53Z",484,"Hutchinson","NFO","0.0","0.0","0.0","0.0",0,0,"0.1",54,0,336,0,0,"0.0","u",0,-1,,"false"
"2026-09-28T06:49:53Z",485,"Bakwa","NFO","0.0","0.0","0.0","0.0",0,0,"0.0",55,0,32,0,0,"0.0","u",0,0,,"false"
"2026-09-28T06:49:53Z",486,"McAtee","NFO","2.2","2.2","2.2","2.2",1,0,"0.1",55,325,874,12,416,"2.2","a",0,0,,"false"
"2026-09-28T06:49:53Z",487,"Dominguez","NFO","-63.8","-63.8","-63.8","-63.8",-3,0,"0.1",49,60,281,1,1,"0.2","a",0,-1,,"false"
"2026-09-28T06:49:53Z",488,"I.Sangaré","NFO","-93.1","-93.7","-94.5","-95.3",-3,-2,"0.4",49,284,2883,4,105,"0.5","a",0,-1,,"false"
"2026-09-28T06:49:53Z",489,"Yates","NFO","-84.0","-84.0","-84.0","-84.0",-3,0,"1.2",45,563,7048,0,0,"0.0","a",0,0,,"false"
"2026-09-28T06:49:53Z",490,"Wood","NFO","-37.6","-37.7","-37.9","-38.1",-2,-1,"0.9",58,1808,6172,4,62,"0.8","a",0,-2,,"false"
"2026-09-28T06:49:53Z",491,"Igor Jesus","NFO","0.1","0.1","0.1","0.1",1,1,"2.6",58,6695,22185,12,257,"2.5","a",0,-2,,"false"
"2026-09-28T06:49:53Z",493,"Kalimuendo","NFO","0.0","0.0","0.0","0.0",0,0,"0.1",54,209,399,1,1,"0.0","a",0,-1,,"false"
"2026-09-28T06:49:53Z",558,"Schlager","NFO","0.4","0.4","0.4","0.4",1,0,"0.1",50,205,740,13,376,"3.0","a",0,0,,"false"
"2026-09-28T06:49:53Z",581,"Diomande","NFO","-48.2","-48.0","-47.7","-47.4",-3,1,"0.5",54,1437,2141,7,163,"1.8","a",0,-1,,"false"
"2026-09-28T06:49:53Z",590,"Benda","NFO","0.0","0.0","0.0","0.0",0,0,"0.1",45,120,226,0,0,"0.0","a",0,0,,"false"
"2026-09-28T06:49:53Z",112,"Van Hecke","TOT","-26.3","-26.3","-26.4","-26.4",-2,-1,"6.5",49,17190,26222,24,450,"5.8","a",0,-1,,"false"
"2026-09-28T06:49:53Z",147,"Tosin","TOT","-37.4","-37.4","-37.4","-37.4",-2,0,"0.1",44,93,534,1,5,"0.2","a",0,-1,,"false"
"2026-09-28T06:49:53Z",401,"Marmoush","TOT","36.2","36.1","36.1","36.0",2,-4,"2.1",70,9930,20627,8,339,"2.0","a",0,0,,"false"
"2026-09-28T06:49:53Z",403,"Sávio","TOT","10.4","10.4","10.4","10.4",1,0,"0.7",65,2666,6433,8,240,"2.0","a",0,0,,"false"
"2026-09-28T06:49:53Z",455,"Tonali","TOT","-17.9","-17.9","-18.0","-18.0",-1,-1,"1.9",53,2135,14378,14,427,"3.0","a",-1,-2,,"false"
"2026-09-28T06:49:53Z",494,"Vicario","TOT","0.0","0.0","0.0","0.0",0,0,"0.1",45,0,684,0,0,"0.0","u",0,0,,"false"
"2026-09-28T06:49:53Z",495,"Austin","TOT","2.1","2.1","2.1","2.1",1,0,"1.0",40,1812,2064,0,0,"0.0","a",0,0,,"false"
"2026-09-28T06:49:53Z",496,"Kinsky","TOT","-48.6","-48.6","-48.7","-48.7",-3,-6,"17.3",45,16351,106433,18,450,"4.0","a",0,0,,"false"
"2026-09-28T06:49:53Z",497,"Dubravka","TOT","-23.4","-23.4","-23.4","-23.4",-2,-2,"17.1",40,24825,45456,0,0,"0.0","a",0,0,,"false"
"2026-09-28T06:49:53Z",498,"Senesi","TOT","-51.7","-51.8","-52.0","-52.2",-3,-5,"3.5",58,1108,20534,3,90,"0.0","a",0,-2,,"false"
"2026-09-28T06:49:53Z",499,"Pedro Porro","TOT","-28.1","-28.2","-28.5","-28.7",-2,-22,"7.6",54,1633,71161,9,198,"2.2","d",0,-1,,"false"
"2026-09-28T06:49:53Z",500,"Romero","TOT","0.0","0.0","0.0","0.0",0,0,"0.1",50,0,270,0,0,"0.0","u",0,0,,"false"
"2026-09-28T06:49:53Z",502,"Robertson","TOT","0.4","0.4","0.3","0.3",1,-2,"2.5",44,5135,12026,17,366,"3.5","a",0,-1,,"false"
"2026-09-28T06:49:53Z",503,"Van de Ven","TOT","-20.6","-20.6","-20.7","-20.8",-2,-2,"3.8",50,5322,18813,16,360,"4.0","a",0,0,,"false"
"2026-09-28T06:49:53Z",505,"Spence","TOT","0.0","0.0","0.0","0.0",0,-1,"0.2",45,0,1123,0,0,"0.0","u",0,0,,"false"
"2026-09-28T06:49:53Z",506,"Udogie","TOT","-19.6","-19.6","-19.6","-19.6",-1,0,"0.3",44,320,1544,7,86,"1.5","a",0,-1,,"false"
"2026-09-28T06:49:53Z",507,"Phillips","TOT","0.0","0.0","0.0","0.0",0,0,"0.0",45,0,53,0,0,"0.0","u",0,0,,"false"
"2026-09-28T06:49:53Z",508,"Davies","TOT","1.4","1.5","1.5","1.6",1,4,"0.9",39,7036,3622,0,0,"0.0","a",-1,-1,,"false"
"2026-09-28T06:49:53Z",509,"Byfield","TOT","-3.4","-3.4","-3.4","-3.4",-1,0,"0.1",40,118,231,0,0,"0.0","a",0,0,,"false"
"2026-09-28T06:49:53Z",510,"Rowswell","TOT","-15.5","-15.5","-15.5","-15.5",-1,0,"0.1",40,147,326,0,0,"0.0","a",0,0,,"false"
"2026-09-28T06:49:53Z",511,"Souza","TOT","0.0","0.0","0.0","0.0",0,0,"0.2",40,0,845,0,0,"0.0","u",0,0,,"false"
"2026-09-28T06:49:53Z",512,"Kudus","TOT","2.0","2.0","2.0","2.0",1,0,"0.2",65,2093,1050,7,123,"1.8","a",0,0,,"false"
"2026-09-28T06:49:53Z",513,"Xavi","TOT","-16.5","-16.5","-16.5","-16.5",-1,0,"0.0",59,50,79,0,0,"0.0","i",0,-1,,"false"
"2026-09-28T06:49:53Z",514,"Tel","TOT","-24.8","-25.1","-25.7","-26.3",-2,-1,"0.2",57,190,1877,8,257,"1.5","a",-1,-3,,"false"
"2026-09-28T06:49:53Z",515,"Maddison","TOT","-67.8","-67.8","-67.8","-67.8",-3,0,"0.4",63,693,1890,3,59,"0.5","a",0,-2,,"false"
"2026-09-28T06:49:53Z",516,"Bentancur","TOT","-70.6","-70.6","-70.6","-70.6",-3,0,"0.2",55,339,651,15,370,"3.5","a",0,0,,"false"
"2026-09-28T06:49:53Z",517,"Odobert","TOT","0.0","0.0","0.0","0.0",0,0,"0.0",55,19,11,0,0,"0.0","i",0,0,,"false"
"2026-09-28T06:49:53Z",518,"P.M.Sarr","TOT","0.0","0.0","0.0","0.0",0,0,"0.1",49,0,641,0,0,"0.0","u",0,-1,,"false"
"2026-09-28T06:49:53Z",519,"Gallagher","TOT","0.1","0.0","-0.7","-3.2",0,-3,"0.2",53,766,611,9,134,"2.2","a",0,-2,,"false"
"2026-09-28T06:49:53Z",520,"Bergvall","TOT","-2.6","-2.6","-2.6","-2.6",-1,0,"0.1",53,95,592,3,78,"0.5","a",-1,-2,,"false"
"2026-09-28T06:49:53Z",521,"Kulusevski","TOT","-80.0","-80.0","-80.0","-80.0",-3,0,"0.0",65,76,60,0,0,"0.0","i",0,0,,"false"
"2026-09-28T06:49:53Z",522,"Gray","TOT","-22.2","-22.2","-22.2","-22.2",-2,0,"0.2",49,444,1135,9,307,"1.8","a",0,-1,,"false"
"2026-09-28T06:49:53Z",523,"Moore","TOT","0.0","0.0","0.0","0.0",0,0,"0.1",50,0,515,3,89,"0.2","u",0,0,,"false"
"2026-09-28T06:49:53Z",524,"Olusesi","TOT","7.6","7.6","7.6","7.6",1,-1,"1.0",44,5989,7342,0,0,"0.0","a",0,-1,,"false"
"2026-09-28T06:49:53Z",525,"Fernandes","TOT","-8.7","-8.8","-9.0","-9.1",-1,-1,"0.8",57,439,6334,7,249,"1.5","a",-1,-3,,"false"
"2026-09-28T06:49:53Z",526,"Solanke","TOT","-28.7","-28.7","-28.7","-28.7",-2,0,"0.8",58,1729,5398,7,170,"1.5","a",0,-2,,"false"
"2026-09-28T06:49:53Z",527,"Richarlison","TOT","0.0","0.0","0.0","0.0",0,0,"0.6",59,0,5444,2,67,"0.0","u",0,-1,,"false"
"2026-09-28T06:49:53Z",528,"Scarlett","TOT","0.0","0.0","0.0","0.0",0,0,"1.1",45,0,7689,0,0,"0.0","u",0,0,,"false"
"2026-09-28T06:49:53Z",578,"Mudryk","TOT","-10.6","-10.6","-10.6","-10.6",-1,0,"0.0",53,19,536,1,16,"0.2","i",-1,-2,,"false"
"2026-09-28T06:49:53Z",601,"Williams-Barnett","TOT","-49.8","-50.8","-52.2","-53.6",-3,-1,"0.1",45,159,729,0,0,"0.0","a",0,0,,"false"
"2026-09-28T06:49:53Z",501,"Danso","SUN","-80.2","-80.2","-80.2","-80.2",-3,0,"0.2",50,1106,798,3,270,"0.8","a",0,0,,"false"
"2026-09-28T06:49:53Z",529,"Roefs","SUN","-15.5","-15.6","-15.7","-15.9",-1,-3,"2.5",49,1977,11056,11,450,"2.5","a",0,-1,,"false"
"2026-09-28T06:49:53Z",530,"Patterson","SUN","0.0","0.0","0.0","0.0",0,0,"0.1",40,0,332,0,0,"0.0","u",0,0,,"false"
"2026-09-28T06:49:53Z",531,"Ellborg","SUN","-99.3","-99.3","-99.3","-99.3",-4,0,"0.1",45,123,235,0,0,"0.0","a",0,0,,"false"
"2026-09-28T06:49:53Z",532,"Ballard","SUN","-50.0","-50.2","-50.5","-50.7",-3,-8,"2.5",49,3561,15451,14,450,"3.5","d",0,-1,,"false"
"2026-09-28T06:49:53Z",533,"Mukiele","SUN","-16.1","-16.2","-16.4","-16.6",-1,-2,"1.9",54,4894,8382,13,360,"3.2","a",0,-1,,"false"
"2026-09-28T06:49:53Z",534,"Hume","SUN","-7.2","-7.2","-7.3","-7.4",-1,-3,"2.8",43,1176,28525,10,206,"2.0","a",-1,-2,,"false"
"2026-09-28T06:49:53Z",535,"Alderete","SUN","-6.1","-5.8","-5.3","-4.9",-1,1,"0.2",48,211,1017,1,23,"0.0","a",-1,-2,,"false"
"2026-09-28T06:49:53Z",536,"Reinildo","SUN","-0.0","-0.0","-0.0","-0.0",0,0,"0.3",44,173,1527,7,360,"1.5","a",-1,-1,"2026-09-28T16:00:10.163369Z","false"
"2026-09-28T06:49:53Z",537,"Seelt","SUN","0.0","0.0","0.0","0.0",0,0,"0.0",45,0,22,0,0,"0.0","u",0,0,,"false"
"2026-09-28T06:49:53Z",538,"Hjelde","SUN","0.0","0.0","0.0","0.0",0,0,"0.0",40,0,148,0,0,"0.0","u",0,0,,"false"
"2026-09-28T06:49:53Z",539,"O'Nien","SUN","3.8","3.9","3.9","4.0",1,4,"2.5",39,16882,10933,1,66,"0.0","a",-1,-1,,"false"
"2026-09-28T06:49:53Z",540,"Masuaku","SUN","0.0","0.0","0.0","0.0",0,0,"0.1",40,0,600,0,0,"0.0","u",0,0,,"false"
"2026-09-28T06:49:53Z",541,"Meunier","SUN","-31.9","-31.9","-31.9","-31.9",-2,0,"0.3",45,1546,811,14,396,"3.2","a",0,0,,"false"
"2026-09-28T06:49:53Z",542,"E.Le Fée","SUN","-4.1","-4.1","-4.2","-4.3",-1,-2,"3.4",57,10742,22825,18,438,"4.0","a",-1,-3,,"false"
"2026-09-28T06:49:53Z",543,"Diarra","SUN","-99.5","-99.5","-99.5","-99.5",-4,0,"0.0",54,18,206,5,28,"1.0","i",0,-1,,"false"
"2026-09-28T06:49:53Z",544,"Xhaka","SUN","-70.2","-70.4","-70.5","-70.7",-3,-4,"3.6",55,5898,22328,21,450,"3.0","a",0,0,,"false"
"2026-09-28T06:49:53Z",545,"Sadiki","SUN","-70.2","-70.2","-70.2","-70.2",-3,0,"0.2",49,386,1276,10,410,"2.0","a",0,-1,,"false"
"2026-09-28T06:49:53Z",546,"Adingra","SUN","0.0","0.0","0.0","0.0",0,0,"0.0",49,0,182,0,0,"0.0","u",0,-1,,"false"
"2026-09-28T06:49:53Z",547,"Mundle","SUN","-74.4","-74.4","-74.4","-74.4",-3,0,"0.0",49,10,51,1,1,"0.2","i",0,-1,,"false"
"2026-09-28T06:49:53Z",548,"Rigg","SUN","-73.5","-73.5","-73.5","-73.5",-3,0,"0.0",49,28,217,2,17,"0.2","a",0,-1,,"false"
"2026-09-28T06:49:53Z",549,"Talbi","SUN","-27.5","-27.5","-27.5","-27.5",-2,0,"0.1",53,104,539,1,31,"0.0","a",0,-2,,"false"
"2026-09-28T06:49:53Z",550,"Jocelin.T","SUN","-91.2","-91.2","-91.2","-91.2",-3,0,"0.0",50,27,39,0,0,"0.0","a",0,0,,"false"
"2026-09-28T06:49:53Z",551,"N.Angulo","SUN","1.3","1.3","1.3","1.2",1,-1,"0.1",50,484,744,16,313,"2.8","a",0,0,,"false"
"2026-09-28T06:49:53Z",552,"Brobbey","SUN","78.9","78.8","78.7","78.5",3,-11,"7.0",57,192181,39993,24,399,"5.5","d",-1,-3,,"false"
"2026-09-28T06:49:53Z",553,"Isidor","SUN","3.0","3.1","3.1","3.1",1,2,"1.3",55,2902,11128,15,117,"3.5","a",0,0,,"false"
"2026-09-28T06:49:53Z",612,"Methalie","SUN","0.0","0.0","0.0","0.0",0,0,"0.0",45,105,64,-1,90,"-0.2","a",0,0,,"false"
"2026-09-28T06:49:53Z",613,"Ahoka","SUN","-43.1","-43.6","-44.4","-45.1",-3,-1,"0.2",45,566,1533,0,0,"0.0","a",0,0,,"false"
"2026-09-28T06:49:53Z",646,"Fofana","SUN","-13.8","-13.8","-13.8","-13.8",-1,0,"0.0",55,311,290,3,60,"1.0","a",0,0,,"false"
"2026-09-28T06:49:53Z",651,"J.Angulo","SUN","4.7","4.7","4.7","4.8",1,2,"0.7",45,8358,6982,0,0,"0.0","a",0,0,,"false"
"2026-09-28T10:10:54Z",1,"Raya","ARS","1.2","1.2","1.3","1.4",1,18,"42.2",61,121321,44889,30,450,"6.0","a",1,1,,"false"
"2026-09-28T10:10:54Z",2,"Arrizabalaga","ARS","-47.1","-47.1","-47.1","-47.1",-3,0,"0.1",49,102,240,0,0,"0.0","a",0,-1,,"false"
"2026-09-28T10:10:54Z",3,"Meslier","ARS","-37.0","-37.0","-37.0","-37.0",-2,0,"0.0",49,45,116,0,0,"0.0","a",0,-1,,"false"
"2026-09-28T10:10:54Z",4,"Gabriel","ARS","-85.9","-85.9","-86.0","-86.1",-3,-12,"22.7",80,22852,63719,25,450,"5.0","a",0,0,,"false"
"2026-09-28T10:10:54Z",5,"J.Timber","ARS","10.5","10.5","10.6","10.7",1,4,"0.4",65,11719,3848,1,104,"0.2","a",0,0,,"false"
"2026-09-28T10:10:54Z",6,"Saliba","ARS","-24.3","-24.3","-24.3","-24.3",-2,0,"0.2",59,370,1044,0,0,"0.0","i",0,-1,,"false"
"2026-09-28T10:10:54Z",7,"Lewis-Skelly","ARS","-15.0","-15.1","-15.3","-15.5",-1,-1,"0.6",54,865,4820,9,271,"1.5","a",-1,-1,,"false"
"2026-09-28T10:10:54Z",8,"Calafiori","ARS","90.8","90.9","91.0","91.1",3,7,"50.5",58,72042,60495,29,416,"5.0","a",0,3,,"false"
"2026-09-28T10:10:54Z",9,"Hincapie","ARS","-5.0","-5.0","-5.0","-5.0",-1,0,"0.9",52,1375,5543,2,32,"0.2","a",-1,-3,,"false"
"2026-09-28T10:10:54Z",10,"White","ARS","-45.2","-45.4","-46.0","-46.5",-3,-31,"4.9",55,3217,64617,21,315,"2.5","d",0,0,,"false"
"2026-09-28T10:10:54Z",11,"Mosquera","ARS","-23.9","-23.9","-23.9","-23.9",-2,0,"1.6",53,1140,9055,12,168,"1.5","a",0,-2,,"false"
"2026-09-28T10:10:54Z",12,"Saka","ARS","87.2","87.4","87.6","87.8",3,16,"13.7",95,100343,44677,32,416,"5.8","a",0,0,,"false"
"2026-09-28T10:10:54Z",13,"Rice","ARS","-31.6","-31.8","-32.1","-32.5",-2,-54,"11.7",74,7440,78065,20,411,"4.2","d",0,-1,,"false"
"2026-09-28T10:10:54Z",14,"Eze","ARS","-0.4","-0.6","-0.9","-1.2",-1,-4,"1.0",62,2130,6517,4,85,"0.8","a",-1,-3,,"false"
"2026-09-28T10:10:54Z",15,"Ødegaard","ARS","-1.7","-1.6","-1.4","-1.2",-1,14,"19.8",68,71895,84328,29,377,"4.5","a",0,3,,"false"
"2026-09-28T10:10:54Z",16,"Madueke","ARS","-24.7","-24.7","-24.7","-24.7",-2,0,"0.2",62,709,1517,2,23,"0.2","a",0,-3,,"false"
"2026-09-28T10:10:54Z",17,"Merino","ARS","-97.3","-97.3","-97.3","-97.3",-4,0,"0.4",58,700,2781,4,81,"0.8","a",0,-2,,"false"
"2026-09-28T10:10:54Z",18,"Martinelli","ARS","0.0","0.0","0.0","0.0",0,0,"0.1",63,0,528,0,0,"0.0","u",0,-2,,"false"
"2026-09-28T10:10:54Z",19,"Zubimendi","ARS","-45.5","-45.7","-46.0","-46.3",-3,-1,"0.6",53,477,3588,5,89,"1.0","a",0,-2,,"false"
"2026-09-28T10:10:54Z",20,"Dowman","ARS","-26.2","-24.8","-22.3","-19.8",-2,1,"0.1",53,440,563,1,9,"0.2","a",0,-2,,"false"
"2026-09-28T10:10:54Z",22,"Nwaneri","ARS","0.0","0.0","0.0","0.0",0,0,"0.0",54,0,48,0,0,"0.0","u",0,-1,,"false"
"2026-09-28T10:10:54Z",23,"Fábio Vieira","ARS","0.0","0.0","0.0","0.0",0,0,"0.0",55,0,37,0,0,"0.0","u",0,0,,"false"
"2026-09-28T10:10:54Z",24,"Nelson","ARS","0.0","0.0","0.0","0.0",0,0,"0.0",55,0,22,0,0,"0.0","u",0,0,,"false"
"2026-09-28T10:10:54Z",25,"Gyökeres","ARS","-4.6","-4.4","-3.9","-3.4",-1,17,"3.1",71,8815,16051,2,29,"0.5","a",-1,-4,,"false"
"2026-09-28T10:10:54Z",26,"Havertz","ARS","7.5","6.9","5.8","4.8",1,-73,"8.3",76,50065,56128,19,437,"3.2","d",0,1,,"false"
"2026-09-28T10:10:54Z",27,"G.Jesus","ARS","0.0","0.0","0.0","0.0",0,0,"0.1",59,0,966,0,0,"0.0","u",0,-1,,"false"
"2026-09-28T10:10:54Z",31,"Konsa","ARS","0.8","0.8","0.8","0.8",1,4,"19.4",46,86819,43005,12,281,"3.0","a",1,1,,"false"
"2026-09-28T10:10:54Z",452,"Bruno G.","ARS","0.4","0.4","0.4","0.4",1,0,"1.8",67,5235,7254,9,123,"2.2","a",0,-3,,"false"
"2026-09-28T10:10:54Z",557,"Tzolis","ARS","-10.9","-11.0","-11.1","-11.1",-1,-12,"12.2",63,11293,135027,16,362,"2.5","a",-1,-2,,"false"
"2026-09-28T10:10:54Z",29,"M.Bizot","AVL","-35.8","-35.8","-35.8","-35.8",-2,0,"0.1",45,58,974,1,90,"0.0","i",0,0,,"false"
"2026-09-28T10:10:54Z",30,"Digne","AVL","0.0","0.0","0.0","0.0",0,0,"0.0",45,0,210,0,0,"0.0","u",0,0,,"false"
"2026-09-28T10:10:54Z",32,"Cash","AVL","-21.7","-21.8","-21.9","-22.0",-2,-4,"4.8",44,2523,24109,6,296,"1.8","a",0,-1,,"false"
"2026-09-28T10:10:54Z",33,"Mings","AVL","0.7","0.7","0.7","0.7",1,0,"0.4",45,1596,1332,10,261,"2.2","a",0,0,,"false"
"2026-09-28T10:10:54Z",34,"Pau","AVL","-98.1","-98.2","-98.5","-98.7",-4,-1,"0.3",45,40,3001,3,187,"0.8","i",0,0,,"false"
"2026-09-28T10:10:54Z",35,"Bogarde","AVL","-3.1","-3.1","-3.1","-3.1",-1,0,"0.1",49,163,429,1,16,"0.0","a",-1,-1,,"false"
"2026-09-28T10:10:54Z",36,"Maatsen","AVL","-1.8","-1.8","-1.9","-2.0",-1,-1,"0.5",44,48,5887,9,335,"2.2","i",-1,-1,,"false"
"2026-09-28T10:10:54Z",37,"Lindelöf","AVL","0.9","0.9","0.9","0.9",1,-2,"0.3",45,953,1209,8,450,"2.5","a",0,0,,"false"
"2026-09-28T10:10:54Z",38,"A.García","AVL","-33.3","-33.3","-33.4","-33.6",-2,-1,"1.5",40,1764,5799,0,0,"0.0","a",0,0,,"false"
"2026-09-28T10:10:54Z",39,"Nedeljkovic","AVL","0.0","0.0","0.0","0.0",0,0,"0.1",40,0,519,0,0,"0.0","u",0,0,,"false"
"2026-09-28T10:10:54Z",41,"Buendía","AVL","-37.6","-37.3","-36.7","-36.1",-2,4,"1.0",59,11486,3875,21,401,"4.8","a",0,-1,,"false"
"2026-09-28T10:10:54Z",44,"Bailey","AVL","0.0","0.0","0.0","0.0",0,0,"0.1",54,0,452,0,0,"0.0","u",0,-1,,"false"
"2026-09-28T10:10:54Z",45,"McGinn","AVL","-19.6","-19.5","-19.3","-19.2",-1,3,"2.2",54,6454,8018,17,434,"4.0","a",0,-1,,"false"
"2026-09-28T10:10:54Z",46,"Barkley","AVL","0.5","0.5","0.5","0.5",1,0,"0.3",50,540,1706,10,308,"2.0","a",0,0,,"false"
"2026-09-28T10:10:54Z",47,"Kamara","AVL","-77.8","-77.8","-77.8","-77.8",-3,0,"0.3",50,1235,1495,15,443,"3.2","a",0,0,,"false"
"2026-09-28T10:10:54Z",48,"Onana","AVL","-10.5","-10.5","-10.5","-10.5",-1,0,"0.0",49,38,91,0,0,"0.0","i",0,-1,,"false"
"2026-09-28T10:10:54Z",49,"Iling Jr","AVL","0.0","0.0","0.0","0.0",0,0,"0.0",50,0,10,0,0,"0.0","u",0,0,,"false"
"2026-09-28T10:10:54Z",50,"Burrowes","AVL","-75.4","-75.4","-75.4","-75.4",-3,0,"0.6",45,611,3248,0,0,"0.0","a",0,0,,"false"
"2026-09-28T10:10:54Z",51,"George Hemmings","AVL","13.3","13.3","13.3","13.2",1,-4,"1.2",45,3065,9264,9,297,"1.8","a",0,0,,"false"
"2026-09-28T10:10:54Z",52,"Alysson","AVL","0.0","0.0","0.0","0.0",0,0,"0.0",50,66,746,8,87,"1.8","d",0,0,,"false"
"2026-09-28T10:10:54Z",53,"Manzambi","AVL","7.8","7.8","7.8","7.8",1,3,"0.4",59,26970,2957,14,98,"3.5","a",0,-1,,"false"
"2026-09-28T10:10:54Z",54,"Gomes","AVL","0.1","0.1","0.1","0.1",1,0,"0.0",55,434,183,2,129,"1.0","a",0,0,,"false"
"2026-09-28T10:10:54Z",55,"Watkins","AVL","0.0","0.0","0.0","0.0",0,-7,"2.5",78,0,11848,0,0,"0.0","u",0,-2,,"false"
"2026-09-28T10:10:54Z",56,"Abraham","AVL","3.3","3.3","3.4","3.4",1,2,"0.2",55,1568,1655,4,71,"1.0","a",0,0,,"false"
"2026-09-28T10:10:54Z",160,"Garnacho","AVL","-63.0","-63.0","-63.0","-63.0",-3,0,"0.3",58,498,2661,3,31,"0.5","a",0,-2,,"false"
"2026-09-28T10:10:54Z",166,"N.Jackson","AVL","49.1","49.3","49.7","50.0",3,26,"1.5",65,33233,7463,10,286,"2.5","a",0,0,,"false"
"2026-09-28T10:10:54Z",582,"Madjo","AVL","-23.4","-23.7","-24.3","-24.8",-2,-2,"0.2",54,177,1681,0,0,"0.0","i",0,-1,,"false"
"2026-09-28T10:10:54Z",596,"Ruggeri","AVL","-73.1","-73.1","-73.1","-73.1",-3,0,"0.1",45,478,306,5,113,"1.0","a",0,0,,"false"
"2026-09-28T10:10:54Z",597,"Suzuki","AVL","28.7","28.7","28.6","28.6",2,-4,"1.9",50,12926,6102,16,360,"4.0","a",0,0,,"false"
"2026-09-28T10:10:54Z",606,"Rowe","AVL","0.2","0.2","0.2","0.2",1,0,"0.2",40,295,864,0,0,"0.0","a",0,0,,"false"
"2026-09-28T10:10:54Z",607,"Lynch","AVL","0.0","0.0","0.0","0.0",0,0,"0.1",45,0,684,0,0,"0.0","u",0,0,,"false"
"2026-09-28T10:10:54Z",611,"Wan-Bissaka","AVL","2.0","2.0","2.0","2.0",1,0,"0.2",45,1377,1371,6,152,"1.5","a",0,0,,"false"
"2026-09-28T10:10:54Z",618,"Goretzka","AVL","-38.8","-41.1","-45.5","-49.9",-3,-2,"0.0",59,22,401,0,0,"0.0","i",0,-1,,"false"
"2026-09-28T10:10:54Z",630,"Harwood-Bellis","AVL","0.0","0.0","0.0","0.0",0,0,"0.0",45,177,174,0,0,"0.0","a",0,0,,"false"
"2026-09-28T10:10:54Z",631,"Mbaye","AVL","0.3","0.3","0.3","0.3",1,0,"0.1",60,848,1078,2,33,"0.7","a",0,0,,"false"
"2026-09-28T10:10:54Z",667,"Wright","AVL","0.0","0.0","0.0","0.0",0,0,"0.1",40,6776,755,0,0,"0.0","a",0,0,"2026-10-02T19:12:30.130761Z","false"
"2026-09-28T10:10:54Z",57,"Petrović","BOU","0.3","0.3","0.2","0.2",1,-2,"3.0",45,5768,11105,9,450,"1.8","a",0,0,,"false"
"2026-09-28T10:10:54Z",58,"Forster","BOU","4.5","4.4","4.4","4.3",1,-4,"3.5",40,7793,6903,0,0,"0.0","a",0,0,,"false"
"2026-09-28T10:10:54Z",59,"Dennis","BOU","0.0","0.0","0.0","0.0",0,0,"0.1",40,0,523,0,0,"0.0","u",0,0,,"false"
"2026-09-28T10:10:54Z",60,"Hill","BOU","-32.9","-32.6","-32.2","-31.9",-2,2,"0.8",55,2951,2955,12,450,"2.8","a",0,0,,"false"
"2026-09-28T10:10:54Z",61,"Truffert","BOU","-1.2","-1.1","-1.0","-0.9",-1,4,"3.0",54,4271,11571,10,450,"2.2","a",-1,-1,,"false"
"2026-09-28T10:10:54Z",62,"Diakité","BOU","-5.3","-5.3","-5.3","-5.3",-1,0,"0.2",49,450,925,0,0,"0.0","a",-1,-1,,"false"
"2026-09-28T10:10:54Z",63,"Milosavljević","BOU","-3.8","-3.8","-3.8","-3.8",-1,0,"0.0",49,27,43,0,0,"0.0","i",0,-1,,"false"
"2026-09-28T10:10:54Z",64,"Smith","BOU","0.3","0.3","0.3","0.3",1,0,"0.1",45,380,456,4,434,"0.8","a",0,0,,"false"
"2026-09-28T10:10:54Z",65,"J.Araujo","BOU","-12.0","-12.0","-12.0","-12.0",-1,0,"0.0",44,34,51,0,0,"0.0","i",0,-1,,"false"
"2026-09-28T10:10:54Z",66,"Soler","BOU","1.3","1.3","1.3","1.3",1,-1,"0.3",40,703,1078,0,0,"0.0","a",0,0,,"false"
"2026-09-28T10:10:54Z",67,"Rayan","BOU","-9.5","-9.3","-9.1","-8.9",-1,4,"1.6",63,3732,9378,10,434,"2.0","a",-1,-2,,"false"
"2026-09-28T10:10:54Z",68,"Tavernier","BOU","29.2","29.3","29.4","29.5",2,8,"6.7",61,77756,41206,31,424,"5.2","a",0,1,,"false"
"2026-09-28T10:10:54Z",69,"Scott","BOU","0.4","0.4","0.4","0.4",1,0,"5.8",61,22467,36872,30,446,"7.0","a",0,1,,"false"
"2026-09-28T10:10:54Z",70,"Kluivert","BOU","-49.9","-50.1","-50.6","-51.1",-3,-8,"0.9",60,2289,17074,15,294,"3.0","i",0,0,,"false"
"2026-09-28T10:10:54Z",71,"Cook","BOU","-11.0","-12.1","-14.2","-16.3",-1,-2,"0.2",50,254,1104,8,180,"1.2","a",0,0,,"false"
"2026-09-28T10:10:54Z",72,"Gannon-Doak","BOU","-61.1","-61.1","-61.1","-61.1",-3,0,"0.1",49,135,357,4,12,"0.8","a",0,-1,,"false"
"2026-09-28T10:10:54Z",73,"Adams","BOU","1.5","1.5","1.5","1.5",1,0,"0.3",50,1036,1565,12,279,"2.8","a",0,0,,"false"
"2026-09-28T10:10:54Z",74,"Brooks","BOU","-19.1","-19.1","-19.1","-19.1",-1,0,"0.1",50,165,313,3,45,"0.8","a",0,0,,"false"
"2026-09-28T10:10:54Z",75,"Christie","BOU","0.4","0.4","0.4","0.4",1,0,"0.0",50,281,235,5,102,"1.2","a",0,0,,"false"
"2026-09-28T10:10:54Z",76,"Tóth.A","BOU","-11.8","-11.8","-11.8","-11.8",-1,0,"0.0",49,25,54,2,17,"0.2","a",0,-1,,"false"
"2026-09-28T10:10:54Z",77,"Adli","BOU","-80.6","-80.6","-80.6","-80.6",-3,0,"0.0",49,22,71,0,0,"0.0","i",0,-1,,"false"
"2026-09-28T10:10:54Z",78,"Kroupi.Jr","BOU","-72.6","-72.6","-72.6","-72.6",-3,0,"0.2",74,174,807,0,0,"0.0","i",0,-1,,"false"
"2026-09-28T10:10:54Z",79,"Evanilson","BOU","49.1","49.2","49.3","49.5",3,10,"3.2",60,16326,20038,18,424,"3.5","a",0,0,,"false"
"2026-09-28T10:10:54Z",80,"Enes Ünal","BOU","0.0","0.0","0.0","0.0",0,0,"0.0",55,0,48,0,0,"0.0","u",0,0,,"false"
"2026-09-28T10:10:54Z",81,"Rodríguez","BOU","-33.3","-32.5","-31.1","-29.6",-2,1,"0.1",60,707,678,2,10,"0.5","a",0,0,,"false"
"2026-09-28T10:10:54Z",566,"Silva","BOU","1.3","1.3","1.4","1.4",1,2,"0.4",50,5447,3148,13,450,"2.8","a",0,0,,"false"
"2026-09-28T10:10:54Z",573,"Sanchez","BOU","-11.7","-11.7","-11.7","-11.7",-1,0,"0.2",44,142,409,0,0,"0.0","a",0,-1,,"false"
"2026-09-28T10:10:54Z",608,"Jebbison","BOU","0.5","0.5","0.5","0.5",1,0,"0.1",50,847,859,3,31,"0.5","a",0,0,,"false"
"2026-09-28T10:10:54Z",615,"Di Gregorio","BOU","-26.8","-26.8","-26.8","-26.8",-2,0,"0.0",45,180,183,0,0,"0.0","a",0,0,,"false"
"2026-09-28T10:10:54Z",82,"Kelleher","BRE","19.6","19.6","19.6","19.6",1,0,"6.1",50,18972,12686,20,450,"3.2","a",0,0,,"false"
"2026-09-28T10:10:54Z",83,"Valdimarsson","BRE","-72.3","-72.3","-72.3","-72.3",-3,0,"0.1",45,280,315,0,0,"0.0","a",0,0,,"false"
"2026-09-28T10:10:54Z",84,"Collins","BRE","-26.7","-26.9","-27.2","-27.5",-2,-6,"1.0",54,113,8916,10,196,"1.0","i",0,-1,,"false"
"2026-09-28T10:10:54Z",85,"Van den Berg","BRE","-76.6","-76.6","-76.6","-76.6",-3,0,"0.1",49,36,315,0,0,"0.0","i",0,-1,,"false"
"2026-09-28T10:10:54Z",86,"Lewis-Potter","BRE","31.3","31.3","31.3","31.3",2,-1,"1.7",55,3553,11539,22,406,"3.0","a",0,0,,"false"
"2026-09-28T10:10:54Z",87,"Ajer","BRE","29.8","29.8","29.8","29.8",2,0,"3.9",45,10680,21479,21,450,"3.2","a",0,0,,"false"
"2026-09-28T10:10:54Z",88,"Kayode","BRE","-36.6","-36.6","-36.7","-36.8",-2,-4,"7.6",46,12303,20177,23,294,"2.5","a",0,1,,"false"
"2026-09-28T10:10:54Z",89,"Henry","BRE","-14.9","-14.9","-14.9","-14.9",-1,0,"0.2",44,152,568,1,2,"0.2","a",0,-1,,"false"
"2026-09-28T10:10:54Z",90,"Hickey","BRE","-28.0","-28.0","-28.0","-28.0",-2,0,"0.1",45,173,236,5,152,"1.0","a",0,0,,"false"
"2026-09-28T10:10:54Z",92,"Ji-soo","BRE","-4.3","-4.3","-4.3","-4.3",-1,0,"0.0",44,58,85,0,0,"0.0","a",-1,-1,,"false"
"2026-09-28T10:10:54Z",93,"Schuster","BRE","4.8","4.8","4.9","4.9",1,4,"0.3",45,14541,2068,21,253,"5.2","a",0,0,,"false"
"2026-09-28T10:10:54Z",94,"Schade","BRE","10.7","11.1","11.8","12.6",1,143,"11.4",62,374714,22480,39,447,"9.0","a",1,2,,"false"
"2026-09-28T10:10:54Z",95,"O.Dango","BRE","-45.8","-45.8","-45.8","-45.8",-3,0,"0.5",63,763,3483,7,179,"1.0","a",0,-2,,"false"
"2026-09-28T10:10:54Z",96,"Damsgaard","BRE","-8.4","-8.8","-9.5","-10.3",-1,-2,"0.4",54,1471,1953,16,283,"3.8","a",0,-1,,"false"
"2026-09-28T10:10:54Z",97,"Jensen","BRE","-54.0","-54.0","-54.0","-54.0",-3,0,"0.1",54,18,603,6,66,"0.0","i",0,-1,,"false"
"2026-09-28T10:10:54Z",98,"Janelt","BRE","75.3","75.3","75.3","75.3",3,2,"2.5",50,18570,17007,28,450,"4.8","a",0,0,,"false"
"2026-09-28T10:10:54Z",99,"Milambo","BRE","-41.7","-41.7","-41.7","-41.7",-3,0,"0.0",50,6,7,0,0,"0.0","i",0,0,,"false"
"2026-09-28T10:10:54Z",100,"Carvalho","BRE","0.3","0.3","0.3","0.3",1,0,"0.0",50,589,167,6,3,"1.5","a",0,0,,"false"
"2026-09-28T10:10:54Z",102,"Yarmoliuk","BRE","-16.8","-16.8","-16.8","-16.8",-1,0,"0.6",48,1268,3112,9,216,"2.0","a",0,-2,,"false"
"2026-09-28T10:10:54Z",103,"Dasilva","BRE","-58.7","-58.7","-58.7","-58.7",-3,0,"0.0",49,9,98,0,0,"0.0","i",0,-1,,"false"
"2026-09-28T10:10:54Z",105,"Anthony","BRE","0.7","0.7","0.7","0.7",1,0,"0.1",59,2223,577,15,267,"3.5","a",0,-1,,"false"
"2026-09-28T10:10:54Z",106,"Thiago","BRE","8.4","8.6","9.0","9.3",1,23,"9.1",78,53003,36044,10,442,"2.5","a",0,-2,,"false"
"2026-09-28T10:10:54Z",107,"Furo","BRE","-5.0","-5.2","-5.7","-6.1",-1,-8,"0.9",45,587,9119,0,0,"0.0","i",0,0,,"false"
"2026-09-28T10:10:54Z",108,"Wilson","BRE","-11.4","-11.7","-12.3","-12.9",-1,-2,"0.3",54,1120,2363,3,13,"0.5","a",-1,-1,,"false"
"2026-09-28T10:10:54Z",565,"M.Sangaré","BRE","-29.9","-30.0","-30.2","-30.4",-2,-21,"9.9",56,8063,135146,22,321,"2.0","a",-1,1,,"false"
"2026-09-28T10:10:54Z",620,"Diouf","BRE","-34.2","-34.2","-34.2","-34.2",-2,0,"0.1",45,447,649,2,39,"0.5","a",0,0,,"false"
"2026-09-28T10:10:54Z",657,"Nunes","BRE","0.0","0.0","0.0","0.0",0,0,"0.0",45,330,262,0,0,"0.0","a",0,0,,"false"
"2026-09-28T10:10:54Z",660,"Fredrick","BRE","0.0","0.0","0.0","0.0",0,0,"0.0",40,501,63,0,0,"0.0","a",0,0,"2026-10-01T21:16:22.650713Z","false"
"2026-09-28T10:10:54Z",661,"Balcombe","BRE","0.0","0.0","0.0","0.0",0,0,"0.0",40,2776,518,0,0,"0.0","a",0,0,"2026-10-01T21:16:40.866514Z","false"
"2026-09-28T10:10:54Z",109,"Verbruggen","BHA","61.9","61.9","61.9","61.9",3,0,"21.6",45,68600,68402,23,450,"4.2","a",0,0,,"false"
"2026-09-28T10:10:54Z",111,"Steele","BHA","-0.5","-0.5","-0.5","-0.5",-1,0,"4.1",40,6826,14150,0,0,"0.0","a",0,0,,"false"
"2026-09-28T10:10:54Z",113,"F.Kadıoğlu","BHA","-58.4","-58.3","-58.2","-58.1",-3,1,"1.6",44,3794,6551,13,332,"3.2","a",0,-1,,"false"
"2026-09-28T10:10:54Z",114,"Boscagli","BHA","2.6","2.6","2.6","2.7",1,2,"0.3",45,1902,734,19,437,"3.2","a",0,0,,"false"
"2026-09-28T10:10:54Z",115,"De Cuyper","BHA","1.1","1.3","1.7","2.0",1,64,"27.7",50,288852,19487,38,423,"5.2","a",1,5,,"false"
"2026-09-28T10:10:54Z",116,"Dunk","BHA","19.8","19.7","19.7","19.6",1,-4,"1.5",45,7496,9098,22,360,"4.0","d",0,0,,"false"
"2026-09-28T10:10:54Z",117,"Coppola","BHA","-9.6","-9.6","-9.6","-9.6",-1,0,"0.0",45,106,87,0,0,"0.0","a",0,0,,"false"
"2026-09-28T10:10:54Z",118,"Igor","BHA","0.0","0.0","0.0","0.0",0,-2,"0.0",45,0,267,0,0,"0.0","u",0,0,,"false"
"2026-09-28T10:10:54Z",119,"Costinha","BHA","0.0","0.0","0.0","0.0",0,0,"0.0",45,164,127,4,68,"0.8","a",0,0,,"false"
"2026-09-28T10:10:54Z",120,"Svoboda","BHA","0.5","0.5","0.5","0.5",1,0,"0.1",50,1298,446,1,4,"0.2","a",0,0,,"false"
"2026-09-28T10:10:54Z",121,"Mitoma","BHA","-24.7","-24.7","-24.7","-24.7",-2,0,"0.0",59,114,165,0,0,"0.0","i",0,-1,,"false"
"2026-09-28T10:10:54Z",122,"Minteh","BHA","-4.4","-4.4","-4.4","-4.4",-1,0,"0.0",58,44,206,0,0,"0.0","i",-1,-2,,"false"
"2026-09-28T10:10:54Z",123,"Hinshelwood","BHA","-37.2","-37.5","-37.9","-38.4",-2,-5,"0.6",59,254,6478,16,63,"0.0","i",0,-1,,"false"
"2026-09-28T10:10:54Z",124,"Groß","BHA","86.3","87.0","88.2","89.4",3,225,"28.7",58,764998,10876,47,450,"11.2","a",1,3,,"false"
"2026-09-28T10:10:54Z",125,"Georginio","BHA","-0.2","0.0","0.0","0.1",0,2,"0.5",53,2489,3666,6,104,"0.2","a",-1,-2,,"false"
"2026-09-28T10:10:54Z",126,"O'Riley","BHA","-8.3","-8.3","-8.3","-8.3",-1,0,"0.1",54,405,544,2,10,"0.5","a",0,-1,,"false"
"2026-09-28T10:10:54Z",127,"Gomez","BHA","30.2","30.2","30.3","30.4",2,5,"4.0",50,11682,37080,24,433,"4.5","a",0,0,,"false"
"2026-09-28T10:10:54Z",128,"Buonanotte","BHA","0.0","0.0","0.0","0.0",0,0,"0.0",50,0,6,0,0,"0.0","u",0,0,,"false"
"2026-09-28T10:10:54Z",129,"Ayari","BHA","-45.8","-45.8","-45.8","-45.8",-3,0,"0.4",54,2139,1904,15,333,"3.2","a",0,-1,,"false"
"2026-09-28T10:10:54Z",130,"Wieffer","BHA","-28.6","-28.6","-28.6","-28.6",-2,0,"0.2",49,28,1878,7,156,"0.0","i",0,-1,,"false"
"2026-09-28T10:10:54Z",132,"Howell","BHA","0.0","0.0","0.0","0.0",0,0,"0.0",45,0,192,0,0,"0.0","u",0,0,,"false"
"2026-09-28T10:10:54Z",133,"Watson","BHA","0.0","0.0","0.0","0.0",0,0,"0.0",50,0,4,0,0,"0.0","u",0,0,,"false"
"2026-09-28T10:10:54Z",134,"Oriola","BHA","-78.4","-78.4","-78.4","-78.4",-3,0,"0.2",45,345,1300,0,0,"0.0","a",0,0,,"false"
"2026-09-28T10:10:54Z",135,"Yohanna","BHA","-0.6","-0.6","-0.6","-0.6",-1,0,"0.0",48,23,378,1,12,"0.0","i",-1,-2,,"false"
"2026-09-28T10:10:54Z",137,"Tzimas","BHA","-4.2","-4.2","-4.2","-4.2",-1,0,"0.0",54,33,48,0,0,"0.0","i",0,-1,,"false"
"2026-09-28T10:10:54Z",138,"Kostoulas","BHA","17.3","17.7","18.4","19.2",1,142,"4.0",56,297396,17183,28,353,"6.8","a",1,1,,"false"
"2026-09-28T10:10:54Z",139,"Ferguson","BHA","-57.4","-57.4","-57.4","-57.4",-3,0,"0.0",50,120,247,0,0,"0.0","i",0,0,,"false"
"2026-09-28T10:10:54Z",328,"Struijk","BHA","-6.3","-6.3","-6.3","-6.3",-1,0,"0.2",49,636,783,7,98,"1.8","d",0,-1,,"false"
"2026-09-28T10:10:54Z",504,"Vuskovic","BHA","53.2","53.3","53.4","53.6",3,10,"3.6",50,52797,12252,32,437,"6.5","a",0,0,,"false"
"2026-09-28T10:10:54Z",594,"David","BHA","0.5","0.5","0.5","0.5",1,0,"0.2",59,3007,2115,1,23,"0.2","a",-1,-1,,"false"
"2026-09-28T10:10:54Z",600,"Osman","BHA","-67.2","-67.2","-67.2","-67.2",-3,0,"0.0",50,108,123,3,40,"0.5","a",0,0,,"false"
"2026-09-28T10:10:54Z",605,"Yalcouyé","BHA","52.4","52.3","52.2","52.1",3,-8,"4.0",45,25009,31666,20,236,"4.8","a",0,0,,"false"
"2026-09-28T10:10:54Z",614,"Hadjam","BHA","-5.7","-5.7","-5.7","-5.7",-1,0,"0.0",45,238,242,0,0,"0.0","a",0,0,,"false"
"2026-09-28T10:10:54Z",624,"Cozier-Duberry","BHA","0.0","0.0","0.0","0.0",0,0,"0.0",50,0,5,0,0,"0.0","u",0,0,,"false"
"2026-09-28T10:10:54Z",639,"Andrés","BHA","1.3","1.3","1.3","1.3",1,0,"0.0",55,2650,290,12,109,"4.0","a",0,0,,"false"
"2026-09-28T10:10:54Z",652,"Azeez","BHA","-26.4","-26.4","-26.4","-26.4",-2,0,"0.0",55,19,41,0,0,"0.0","i",0,0,,"false"
"2026-09-28T10:10:54Z",658,"Ibrahim","BHA","0.0","-5.9","-23.2","-40.5",-1,-2,"0.0",45,299,208,0,0,"0.0","a",0,0,,"false"
"2026-09-28T10:10:54Z",28,"Martinez","CHE","-6.0","-6.0","-6.1","-6.3",-1,-4,"4.7",50,7087,21114,9,360,"2.2","a",0,0,,"false"
"2026-09-28T10:10:54Z",40,"Rogers","CHE","82.2","82.5","83.0","83.5",3,36,"40.5",77,137952,67042,29,437,"5.2","a",0,2,,"false"
"2026-09-28T10:10:54Z",101,"Henderson","CHE","0.0","0.0","0.0","0.1",0,1,"0.0",49,492,144,2,90,"0.5","a",0,-1,,"false"
"2026-09-28T10:10:54Z",136,"Welbeck","CHE","6.4","6.4","6.5","6.5",1,1,"1.0",59,6980,8886,4,85,"1.0","a",0,-1,,"false"
"2026-09-28T10:10:54Z",140,"Sánchez","CHE","0.0","0.0","0.0","0.0",0,-3,"0.7",49,0,4573,2,90,"0.0","u",0,-1,,"false"
"2026-09-28T10:10:54Z",141,"Jörgensen","CHE","0.0","0.0","0.0","0.0",0,0,"0.0",50,0,30,0,0,"0.0","u",0,0,,"false"
"2026-09-28T10:10:54Z",142,"James","CHE","-90.8","-91.0","-91.3","-91.7",-3,-27,"5.8",54,590,74905,3,292,"0.8","d",0,-1,,"false"
"2026-09-28T10:10:54Z",143,"Chalobah","CHE","0.0","0.0","0.0","0.0",0,0,"0.1",55,0,292,0,0,"0.0","u",0,0,,"false"
"2026-09-28T10:10:54Z",144,"Gusto","CHE","-2.9","-3.1","-3.5","-3.9",-1,-4,"1.0",49,1514,6674,4,272,"0.8","a",-1,-1,,"false"
"2026-09-28T10:10:54Z",145,"Fofana","CHE","4.4","4.4","4.5","4.5",1,1,"0.2",50,2329,1222,8,312,"2.0","a",0,0,,"false"
"2026-09-28T10:10:54Z",146,"B.Badiashile","CHE","0.0","0.0","0.0","0.0",0,0,"0.0",45,0,41,0,0,"0.0","u",0,0,,"false"
"2026-09-28T10:10:54Z",148,"Hato","CHE","12.3","12.3","12.3","12.3",1,0,"0.8",45,773,7083,8,258,"1.8","a",0,0,,"false"
"2026-09-28T10:10:54Z",149,"Colwill","CHE","-9.3","-9.4","-9.6","-9.8",-1,-2,"0.9",48,1002,5179,3,341,"0.8","a",-1,-2,,"false"
"2026-09-28T10:10:54Z",150,"M.Sarr","CHE","0.0","0.0","0.0","0.0",0,0,"0.0",45,0,158,0,0,"0.0","u",0,0,,"false"
"2026-09-28T10:10:54Z",151,"Acheampong","CHE","-10.5","-10.9","-11.7","-12.4",-1,-2,"0.3",45,392,1853,5,221,"0.5","a",0,0,,"false"
"2026-09-28T10:10:54Z",152,"Palestra","CHE","-0.8","-0.9","-1.0","-1.2",-1,-1,"0.6",53,193,3625,0,0,"0.0","d",0,-2,,"false"
"2026-09-28T10:10:54Z",154,"Palmer","CHE","-10.9","-11.2","-11.9","-12.5",-1,-84,"25.8",97,46142,156999,28,442,"3.8","d",0,2,,"false"
"2026-09-28T10:10:54Z",156,"Neto","CHE","-7.5","-7.6","-7.9","-8.1",-1,-2,"1.4",65,4731,9280,14,332,"3.2","a",0,0,,"false"
"2026-09-28T10:10:54Z",157,"Estêvão","CHE","-31.7","-31.7","-31.7","-31.7",-2,0,"0.7",63,1639,4181,4,23,"0.8","a",0,-2,,"false"
"2026-09-28T10:10:54Z",158,"Gittens","CHE","-2.3","-2.3","-2.3","-2.3",-1,0,"0.0",58,151,230,0,0,"0.0","d",-1,-2,,"false"
"2026-09-28T10:10:54Z",159,"Caicedo","CHE","-1.3","-1.4","-1.6","-1.8",-1,-3,"1.0",53,387,8523,1,13,"0.2","d",0,-2,,"false"
"2026-09-28T10:10:54Z",161,"Lavia","CHE","4.5","4.5","4.5","4.5",1,0,"0.2",50,397,2356,11,258,"2.5","a",0,0,,"false"
"2026-09-28T10:10:54Z",163,"D.Essugo","CHE","0.0","0.0","0.0","0.0",0,0,"0.1",45,0,682,0,0,"0.0","u",0,0,,"false"
"2026-09-28T10:10:54Z",164,"Quenda","CHE","-26.2","-26.2","-26.2","-26.2",-2,0,"0.0",53,68,173,2,27,"0.2","a",0,-2,,"false"
"2026-09-28T10:10:54Z",165,"João Pedro","CHE","-1.6","-1.7","-1.7","-1.8",-1,-73,"65.3",77,57744,379576,33,360,"5.5","d",-1,2,,"false"
"2026-09-28T10:10:54Z",168,"Marc Guiu","CHE","0.0","0.0","0.0","0.0",0,0,"0.2",50,0,1467,0,0,"0.0","u",0,0,,"false"
"2026-09-28T10:10:54Z",169,"Mheuka","CHE","4.3","4.3","4.3","4.4",1,3,"0.5",45,4281,3370,0,0,"0.0","a",0,0,,"false"
"2026-09-28T10:10:54Z",170,"Emegha","CHE","-0.0","-0.0","-0.0","-0.0",0,0,"0.1",49,72,1039,0,0,"0.0","i",-1,-1,,"false"
"2026-09-28T10:10:54Z",200,"Lacroix","CHE","-6.9","-7.0","-7.1","-7.2",-1,-8,"6.8",59,7337,28041,13,364,"1.8","a",-1,-1,,"false"
"2026-09-28T10:10:54Z",560,"Penders","CHE","-0.5","-0.5","-0.5","-0.5",-1,0,"0.1",44,233,284,0,0,"0.0","a",0,-1,,"false"
"2026-09-28T10:10:54Z",561,"Anselmino","CHE","-2.2","-2.2","-2.2","-2.2",-1,0,"0.0",45,60,101,0,0,"0.0","a",0,0,,"false"
"2026-09-28T10:10:54Z",568,"Barco","CHE","-14.1","-14.1","-14.1","-14.1",-1,0,"0.1",54,213,426,3,115,"0.8","a",0,-1,,"false"
"2026-09-28T10:10:54Z",583,"Chavarria","CHE","-48.8","-48.8","-48.8","-48.8",-3,0,"0.1",49,388,508,5,208,"1.0","a",0,-1,,"false"
"2026-09-28T10:10:54Z",662,"Nicoll-Jazuli","CHE","0.0","0.0","0.0","0.0",0,0,"0.0",45,325,67,1,3,"1.0","a",0,0,"2026-10-01T21:17:24.996715Z","false"
"2026-09-28T10:10:54Z",91,"Pinnock","COV","-72.4","-72.4","-72.4","-72.4",-3,0,"0.1",45,357,211,14,282,"3.5","a",0,0,,"false"
"2026-09-28T10:10:54Z",104,"Onyeka","COV","-32.0","-32.0","-32.0","-32.0",-2,0,"0.1",49,165,433,9,314,"1.8","a",0,-1,,"false"
"2026-09-28T10:10:54Z",110,"Rushworth","COV","-56.4","-56.4","-56.4","-56.4",-3,0,"0.8",45,2406,5720,16,450,"3.8","a",0,0,,"false"
"2026-09-28T10:10:54Z",171,"Dovin","COV","0.0","0.0","0.0","0.0",0,-2,"1.0",40,0,4510,0,0,"0.0","u",0,0,,"false"
"2026-09-28T10:10:54Z",172,"Wilson","COV","-5.6","-5.6","-5.6","-5.6",-1,0,"0.4",44,224,631,0,0,"0.0","a",0,-1,,"false"
"2026-09-28T10:10:54Z",173,"Thomas","COV","16.7","16.6","16.6","16.5",1,-4,"8.6",40,24519,29288,24,437,"5.2","a",0,0,,"false"
"2026-09-28T10:10:54Z",174,"Kitching","COV","0.0","0.0","0.0","0.0",0,0,"0.3",40,0,1707,0,0,"0.0","u",0,0,,"false"
"2026-09-28T10:10:54Z",175,"van Ewijk","COV","-46.5","-46.6","-46.6","-46.7",-3,-8,"8.8",40,1132,72816,6,360,"1.2","d",0,0,,"false"
"2026-09-28T10:10:54Z",176,"Dasilva","COV","-31.8","-31.6","-31.2","-30.8",-2,2,"0.7",40,5848,1598,20,444,"4.8","a",0,0,,"false"
"2026-09-28T10:10:54Z",177,"Kesler-Hayden","COV","0.2","0.2","0.2","0.2",1,1,"0.0",39,977,497,0,0,"0.0","i",-1,-1,,"false"
"2026-09-28T10:10:54Z",178,"Bidwell","COV","-28.9","-28.9","-28.9","-28.9",-2,0,"0.1",40,176,281,0,0,"0.0","a",0,0,,"false"
"2026-09-28T10:10:54Z",179,"Latibeaudiere","COV","-72.7","-72.7","-72.7","-72.7",-3,0,"0.0",40,72,130,1,1,"0.2","a",0,0,,"false"
"2026-09-28T10:10:54Z",180,"Woolfenden","COV","-93.4","-93.4","-93.4","-93.4",-3,0,"0.1",40,24,485,0,0,"0.0","i",0,0,,"false"
"2026-09-28T10:10:54Z",181,"Brau","COV","0.0","0.0","0.0","0.0",0,0,"0.0",40,0,91,0,0,"0.0","u",0,0,,"false"
"2026-09-28T10:10:54Z",182,"Amenda","COV","-51.3","-51.3","-51.3","-51.3",-3,0,"0.6",40,32,6480,4,360,"0.8","i",0,0,,"false"
"2026-09-28T10:10:54Z",183,"Rudoni","COV","0.1","0.1","0.1","0.1",1,0,"0.1",49,846,635,13,297,"3.0","a",0,-1,,"false"
"2026-09-28T10:10:54Z",184,"Grimes","COV","-27.3","-28.1","-29.6","-31.1",-2,-1,"0.1",49,175,827,11,443,"2.2","a",0,-1,,"false"
"2026-09-28T10:10:54Z",185,"Sakamoto","COV","-21.4","-21.4","-21.4","-21.4",-2,0,"0.1",48,121,368,1,31,"0.2","a",0,-2,,"false"
"2026-09-28T10:10:54Z",186,"Mason-Clark","COV","-1.6","-1.6","-1.6","-1.6",-1,0,"0.1",53,69,345,5,231,"1.2","a",-1,-2,,"false"
"2026-09-28T10:10:54Z",187,"Eccles","COV","-4.5","-4.5","-4.5","-4.5",-1,0,"0.0",48,15,86,0,0,"0.0","i",-1,-2,,"false"
"2026-09-28T10:10:54Z",188,"Torp","COV","-10.4","-10.4","-10.4","-10.4",-1,0,"0.1",53,43,409,3,53,"0.5","a",-1,-2,,"false"
"2026-09-28T10:10:54Z",189,"Shepherd","COV","0.7","0.7","0.7","0.7",1,0,"0.3",44,3944,2164,0,0,"0.0","a",0,-1,,"false"
"2026-09-28T10:10:54Z",190,"Tchaouna","COV","-78.3","-78.3","-78.3","-78.3",-3,0,"0.1",54,21,330,5,211,"0.8","a",0,-1,,"false"
"2026-09-28T10:10:54Z",191,"Borges Rodrigues","COV","0.0","0.0","0.0","0.0",0,0,"0.1",45,0,654,0,0,"0.0","u",0,0,,"false"
"2026-09-28T10:10:54Z",192,"Andrews","COV","0.0","0.0","0.0","0.0",0,0,"0.3",45,0,1886,0,0,"0.0","u",0,0,,"false"
"2026-09-28T10:10:54Z",193,"Wright","COV","-98.0","-98.0","-98.0","-98.0",-4,0,"0.1",54,42,517,0,0,"0.0","i",0,-1,,"false"
"2026-09-28T10:10:54Z",194,"Thomas-Asante","COV","2.6","2.6","2.6","2.6",1,1,"0.8",50,7459,5574,9,227,"1.8","a",0,0,,"false"
"2026-09-28T10:10:54Z",195,"Simms","COV","-0.1","0.0","0.1","0.2",0,5,"0.6",49,1671,5038,4,104,"0.5","a",-1,-1,,"false"
"2026-09-28T10:10:54Z",196,"Markelo","COV","0.0","0.0","0.0","0.0",0,0,"0.0",50,0,60,0,0,"0.0","u",0,0,,"false"
"2026-09-28T10:10:54Z",197,"Bassette","COV","0.0","0.0","0.0","0.0",0,0,"0.0",45,0,139,0,0,"0.0","u",0,0,,"false"
"2026-09-28T10:10:54Z",492,"Awoniyi","COV","-12.3","-12.5","-12.7","-13.0",-1,-4,"0.4",54,62,4800,3,232,"0.5","s",-1,-1,,"false"
"2026-09-28T10:10:54Z",575,"Yirenkyi","COV","-2.5","-2.5","-2.5","-2.5",-1,0,"0.1",48,279,979,9,265,"2.0","a",-1,-2,,"false"
"2026-09-28T10:10:54Z",584,"Hamer","COV","-80.9","-80.9","-80.9","-80.9",-3,0,"0.1",54,41,375,3,32,"0.5","a",0,-1,,"false"
"2026-09-28T10:10:54Z",599,"Cherif","COV","-7.0","-7.0","-7.0","-7.0",-1,0,"0.1",50,500,725,1,30,"0.2","a",0,0,,"false"
"2026-09-28T10:10:54Z",623,"Bentley","COV","2.1","2.0","2.0","2.0",1,-1,"0.6",40,7818,2187,0,0,"0.0","a",0,0,,"false"
"2026-09-28T10:10:54Z",655,"Gboho","COV","0.0","0.0","0.0","0.0",0,0,"0.0",55,68,51,0,0,"0.0","a",0,0,,"false"
"2026-09-28T10:10:54Z",656,"Mfuni","COV","0.0","0.0","0.0","0.0",0,0,"0.1",40,1768,826,6,90,"3.0","a",0,0,,"false"
"2026-09-28T10:10:54Z",42,"Guessand","CRY","-25.0","-25.0","-25.0","-25.0",-2,0,"0.0",54,102,250,2,54,"0.0","a",0,-1,,"false"
"2026-09-28T10:10:54Z",153,"Disasi","CRY","-58.4","-58.4","-58.4","-58.4",-3,0,"0.1",45,23,727,1,139,"0.0","s",0,0,,"false"
"2026-09-28T10:10:54Z",198,"Henderson","CRY","-93.5","-93.6","-93.8","-94.0",-3,-4,"1.3",50,129,10512,5,270,"0.7","i",0,0,,"false"
"2026-09-28T10:10:54Z",199,"Benitez","CRY","-24.1","-24.1","-24.1","-24.1",-2,0,"0.1",45,633,337,8,180,"2.7","a",0,0,,"false"
"2026-09-28T10:10:54Z",202,"Richards","CRY","-97.4","-97.7","-98.3","-98.9",-4,-2,"0.6",50,1499,2076,14,450,"3.7","a",0,0,,"false"
"2026-09-28T10:10:54Z",203,"Canvot","CRY","-0.7","-0.7","-0.7","-0.7",-1,0,"0.2",48,363,814,10,360,"3.0","a",-1,-2,,"false"
"2026-09-28T10:10:54Z",204,"Mitchell","CRY","25.4","25.5","25.6","25.7",2,9,"6.0",45,13001,15063,24,419,"7.7","a",0,0,,"false"
"2026-09-28T10:10:54Z",205,"Sosa","CRY","0.0","0.0","0.0","0.0",0,0,"0.0",45,0,97,0,0,"0.0","u",0,0,,"false"
"2026-09-28T10:10:54Z",206,"Chadi Riad","CRY","-4.1","-4.1","-4.1","-4.1",-1,0,"0.0",43,23,116,1,72,"0.0","i",-1,-2,,"false"
"2026-09-28T10:10:54Z",207,"Mingueza","CRY","-85.6","-85.6","-85.6","-85.6",-3,0,"0.1",44,73,266,2,16,"0.3","a",0,-1,,"false"
"2026-09-28T10:10:54Z",208,"Sarr","CRY","0.0","0.0","0.0","0.0",0,0,"0.6",62,2388,2083,1,8,"0.3","a",0,-3,,"false"
"2026-09-28T10:10:54Z",210,"Wharton","CRY","-1.9","-1.9","-1.9","-1.9",-1,0,"0.7",54,1095,4362,12,436,"2.0","a",-1,-1,,"false"
"2026-09-28T10:10:54Z",211,"Yeremy","CRY","4.6","4.6","4.6","4.5",1,-1,"0.3",55,666,2506,14,307,"2.7","a",0,0,,"false"
"2026-09-28T10:10:54Z",212,"Hughes","CRY","-19.0","-19.1","-19.2","-19.4",-1,-8,"7.3",44,8613,42190,2,29,"0.7","a",0,-1,,"false"
"2026-09-28T10:10:54Z",213,"Lerma","CRY","-1.1","-1.1","-1.1","-1.1",-1,0,"0.1",48,84,345,1,51,"0.3","a",-1,-2,,"false"
"2026-09-28T10:10:54Z",214,"Kamada","CRY","11.1","11.1","11.1","11.1",1,0,"0.5",50,3003,2817,21,441,"5.3","a",0,0,,"false"
"2026-09-28T10:10:54Z",215,"Devenny","CRY","0.0","0.0","0.0","0.0",0,0,"0.0",50,0,33,0,0,"0.0","u",0,0,,"false"
"2026-09-28T10:10:54Z",216,"Esse","CRY","0.0","0.0","0.0","0.0",0,0,"0.0",50,0,113,0,0,"0.0","u",0,0,,"false"
"2026-09-28T10:10:54Z",217,"M.França","CRY","0.0","0.0","0.0","0.0",0,0,"0.0",49,0,149,0,0,"0.0","u",0,-1,,"false"
"2026-09-28T10:10:54Z",218,"Doucouré","CRY","-1.8","-1.8","-1.8","-1.8",-1,0,"0.0",48,106,282,0,0,"0.0","a",-1,-2,,"false"
"2026-09-28T10:10:54Z",219,"J.Rak-Sakyi","CRY","0.0","0.0","0.0","0.0",0,0,"0.0",49,0,23,0,0,"0.0","u",0,-1,,"false"
"2026-09-28T10:10:54Z",220,"Cardines","CRY","0.0","0.0","0.0","0.0",0,0,"0.0",45,0,3,0,0,"0.0","u",0,0,,"false"
"2026-09-28T10:10:54Z",221,"Drakes-Thomas","CRY","-90.6","-93.4","-98.4","-103.5",-3,-2,"0.1",45,133,405,0,0,"0.0","a",0,0,,"false"
"2026-09-28T10:10:54Z",222,"Strand Larsen","CRY","4.9","4.9","4.9","4.9",1,0,"0.7",60,4423,3655,14,298,"3.7","a",0,0,,"false"
"2026-09-28T10:10:54Z",223,"Mateta","CRY","-23.9","-24.0","-24.0","-24.1",-2,-2,"1.3",63,194,8576,2,62,"0.0","i",0,-2,,"false"
"2026-09-28T10:10:54Z",224,"Nketiah","CRY","-17.0","-17.2","-17.5","-17.9",-1,-1,"0.5",55,1174,3188,8,175,"1.7","a",0,0,,"false"
"2026-09-28T10:10:54Z",225,"Uche","CRY","0.0","0.0","0.0","0.0",0,0,"0.0",50,0,0,0,0,"0.0","u",0,0,,"false"
"2026-09-28T10:10:54Z",241,"McNeil","CRY","-92.1","-92.9","-94.5","-96.1",-3,-1,"0.1",54,65,447,3,84,"0.0","a",0,-1,,"false"
"2026-09-28T10:10:54Z",555,"Matthews","CRY","-8.8","-8.8","-8.8","-8.8",-1,0,"1.7",40,1017,2902,0,0,"0.0","a",0,0,,"false"
"2026-09-28T10:10:54Z",577,"Tomiyasu","CRY","-12.3","-12.3","-12.3","-12.3",-1,0,"0.3",44,147,1082,3,189,"0.3","d",0,-1,,"false"
"2026-09-28T10:10:54Z",588,"Khalaili","CRY","6.5","6.5","6.5","6.5",1,1,"0.3",50,1929,1036,19,379,"5.3","a",0,0,,"false"
"2026-09-28T10:10:54Z",595,"Gozo","CRY","-0.9","-5.5","-14.1","-22.7",-1,-1,"0.0",49,38,84,2,28,"0.3","a",-1,-1,,"false"
"2026-09-28T10:10:54Z",633,"Ahanor","CRY","0.1","0.1","0.1","0.1",1,0,"0.0",45,131,100,3,90,"1.0","a",0,0,,"false"
"2026-09-28T10:10:54Z",643,"Chilwell","CRY","-70.3","-70.6","-70.9","-71.3",-3,-1,"0.4",45,525,2806,8,29,"2.7","a",0,0,,"false"
"2026-09-28T10:10:54Z",644,"Timber","CRY","0.2","0.2","0.2","0.2",1,0,"0.0",50,429,290,9,253,"3.0","a",0,0,,"false"
"2026-09-28T10:10:54Z",647,"Osorio","CRY","-67.2","-67.2","-67.2","-67.2",-3,0,"0.0",55,26,68,1,1,"0.3","a",0,0,,"false"
"2026-09-28T10:10:54Z",21,"Nørgaard","EVE","-99.3","-99.3","-99.3","-99.3",-4,0,"0.0",49,48,294,0,0,"0.0","i",0,-1,,"false"
"2026-09-28T10:10:54Z",209,"Johnson","EVE","-18.9","-18.9","-18.9","-18.9",-1,0,"0.1",59,374,672,9,238,"2.0","a",0,-1,,"false"
"2026-09-28T10:10:54Z",226,"Pickford","EVE","28.4","28.4","28.4","28.4",2,1,"9.1",55,27290,14421,25,450,"4.5","a",0,0,,"false"
"2026-09-28T10:10:54Z",227,"Travers","EVE","-31.9","-31.9","-31.9","-31.9",-2,0,"0.0",50,232,248,0,0,"0.0","a",0,0,,"false"
"2026-09-28T10:10:54Z",228,"King","EVE","-40.0","-40.0","-40.0","-40.0",-3,0,"0.0",45,111,164,0,0,"0.0","a",0,0,,"false"
"2026-09-28T10:10:54Z",229,"Tarkowski","EVE","95.9","96.4","97.3","98.2",4,63,"16.3",61,211948,18707,43,450,"9.2","a",0,1,,"false"
"2026-09-28T10:10:54Z",230,"Branthwaite","EVE","34.3","34.3","34.3","34.4",2,4,"2.4",55,18448,6431,27,450,"5.2","a",0,0,,"false"
"2026-09-28T10:10:54Z",231,"Keane","EVE","-36.7","-36.7","-36.7","-36.7",-2,0,"0.7",48,366,3642,0,0,"0.0","a",0,-2,,"false"
"2026-09-28T10:10:54Z",232,"O'Brien","EVE","-3.4","-3.6","-3.9","-4.3",-1,-1,"0.3",48,308,1072,2,16,"0.5","a",-1,-2,,"false"
"2026-09-28T10:10:54Z",233,"Mykolenko","EVE","1.3","1.3","1.3","1.3",1,1,"4.2",46,40071,17177,27,450,"5.2","a",1,1,,"false"
"2026-09-28T10:10:54Z",234,"Patterson","EVE","0.0","0.0","0.0","0.0",0,0,"0.0",45,0,114,0,0,"0.0","u",0,0,,"false"
"2026-09-28T10:10:54Z",235,"Aznou","EVE","0.0","0.0","0.0","0.0",0,-2,"0.1",40,0,524,0,0,"0.0","u",0,0,,"false"
"2026-09-28T10:10:54Z",236,"Dewsbury-Hall","EVE","-14.8","-15.0","-15.3","-15.7",-1,-14,"6.0",66,33169,42524,20,450,"2.2","a",1,1,,"false"
"2026-09-28T10:10:54Z",238,"Grealish","EVE","8.3","8.3","8.3","8.3",1,0,"0.5",65,3422,2820,6,135,"1.7","a",0,0,,"false"
"2026-09-28T10:10:54Z",239,"Garner","EVE","3.4","3.3","3.3","3.3",1,-1,"0.2",60,1603,1864,11,328,"2.5","a",0,0,,"false"
"2026-09-28T10:10:54Z",242,"George","EVE","29.3","29.2","29.2","29.1",2,-4,"0.9",55,2278,10336,19,309,"4.0","a",0,0,,"false"
"2026-09-28T10:10:54Z",243,"Alcaraz","EVE","-43.9","-45.2","-47.7","-50.2",-3,-1,"0.1",49,155,386,1,5,"0.0","a",0,-1,,"false"
"2026-09-28T10:10:54Z",244,"Armstrong","EVE","9.1","9.1","9.0","9.0",1,-1,"0.4",50,767,3203,16,446,"2.0","a",0,0,,"false"
"2026-09-28T10:10:54Z",245,"Dibling","EVE","-87.1","-87.1","-87.1","-87.1",-3,0,"0.0",54,113,150,1,24,"0.2","a",0,-1,,"false"
"2026-09-28T10:10:54Z",246,"Röhl","EVE","-43.1","-43.1","-43.1","-43.1",-3,0,"0.0",49,7,566,6,249,"0.8","i",0,-1,,"false"
"2026-09-28T10:10:54Z",247,"Hackney","EVE","-4.7","-4.7","-4.7","-4.7",-1,0,"0.2",54,184,1043,10,137,"1.8","a",-1,-1,,"false"
"2026-09-28T10:10:54Z",248,"Beto","EVE","0.0","0.0","0.0","0.0",0,-4,"0.6",54,0,6911,2,31,"0.2","u",0,-1,,"false"
"2026-09-28T10:10:54Z",249,"Barry","EVE","0.0","0.1","0.1","0.2",1,12,"8.3",57,79897,36262,20,417,"3.0","a",1,2,,"false"
"2026-09-28T10:10:54Z",649,"Maitland-Niles","EVE","16.7","16.7","16.7","16.8",1,3,"1.4",45,18655,4232,21,177,"7.0","a",0,0,,"false"
"2026-09-28T10:10:54Z",654,"Graham","EVE","-31.4","-31.4","-31.4","-31.4",-2,0,"0.1",45,222,963,0,0,"0.0","a",0,0,,"false"
"2026-09-28T10:10:54Z",250,"Leno","FUL","8.3","8.4","8.5","8.7",1,11,"3.3",45,36099,10233,18,450,"4.0","a",0,0,,"false"
"2026-09-28T10:10:54Z",251,"Lecomte","FUL","-23.1","-23.1","-23.1","-23.1",-2,0,"1.1",40,2299,2340,0,0,"0.0","a",0,0,,"false"
"2026-09-28T10:10:54Z",252,"McNally","FUL","0.0","0.0","0.0","0.0",0,0,"0.1",40,0,575,0,0,"0.0","u",0,0,,"false"
"2026-09-28T10:10:54Z",253,"Andersen","FUL","0.7","0.7","0.7","0.8",1,1,"0.2",50,2562,1035,3,190,"0.8","a",0,0,,"false"
"2026-09-28T10:10:54Z",254,"Robinson","FUL","-19.1","-18.9","-18.6","-18.2",-1,4,"1.5",45,14795,6103,12,429,"2.8","a",0,0,,"false"
"2026-09-28T10:10:54Z",255,"J.Cuenca","FUL","-70.2","-70.2","-70.2","-70.2",-3,0,"0.0",45,60,101,3,90,"0.0","a",0,0,,"false"
"2026-09-28T10:10:54Z",256,"Tete","FUL","-0.1","-0.1","-0.1","-0.1",-1,0,"0.2",44,52,1008,0,27,"0.0","a",0,-1,"2026-09-28T19:00:09.637551Z","false"
"2026-09-28T10:10:54Z",257,"Bassey","FUL","-1.1","-0.6","0.0","0.1",-1,4,"0.7",45,4881,1635,15,450,"3.8","a",0,0,,"false"
"2026-09-28T10:10:54Z",258,"Castagne","FUL","13.6","13.6","13.7","13.7",1,2,"0.9",45,13722,4461,20,408,"3.5","a",0,0,,"false"
"2026-09-28T10:10:54Z",261,"Iwobi","FUL","-57.9","-57.9","-57.9","-57.9",-3,0,"0.7",54,3139,3030,14,408,"3.0","a",0,-1,,"false"
"2026-09-28T10:10:54Z",262,"Smith Rowe","FUL","-0.6","-0.6","-0.6","-0.6",-1,0,"0.2",53,280,1278,3,38,"0.8","a",-1,-2,,"false"
"2026-09-28T10:10:54Z",263,"Kevin","FUL","-12.0","-14.3","-18.7","-23.1",-1,-1,"0.0",53,187,267,4,61,"0.8","a",0,-2,,"false"
"2026-09-28T10:10:54Z",264,"Bobb","FUL","-48.6","-48.6","-48.6","-48.6",-3,0,"0.3",55,2104,1694,13,343,"2.8","a",0,0,,"false"
"2026-09-28T10:10:54Z",265,"Berge","FUL","-32.6","-32.6","-32.6","-32.6",-2,0,"0.3",49,574,1216,11,349,"2.2","a",0,-1,,"false"
"2026-09-28T10:10:54Z",266,"Cairney","FUL","-15.7","-15.7","-15.7","-15.7",-1,0,"0.0",49,7,20,0,0,"0.0","i",0,-1,,"false"
"2026-09-28T10:10:54Z",268,"King","FUL","84.0","84.2","84.5","84.9",3,24,"2.6",55,80329,16680,24,425,"4.2","a",0,0,,"false"
"2026-09-28T10:10:54Z",269,"Sessegnon","FUL","-1.5","-1.7","-2.1","-2.5",-1,-1,"0.3",43,275,1244,3,50,"0.5","a",-1,-2,,"false"
"2026-09-28T10:10:54Z",270,"Reed","FUL","-10.3","-10.5","-10.9","-11.2",-1,-3,"1.1",44,2705,6521,0,0,"0.0","a",0,-1,,"false"
"2026-09-28T10:10:54Z",271,"Muniz","FUL","-49.2","-49.5","-49.9","-50.3",-3,-1,"0.4",54,1592,2541,3,38,"0.5","a",0,-1,,"false"
"2026-09-28T10:10:54Z",272,"Kusi-Asare","FUL","-61.2","-61.3","-61.3","-61.4",-3,-2,"5.4",45,10221,31769,0,0,"0.0","a",0,0,,"false"
"2026-09-28T10:10:54Z",569,"Gonzalo","FUL","54.9","55.1","55.6","56.0",3,31,"3.9",60,61313,30431,14,425,"2.0","a",0,0,,"false"
"2026-09-28T10:10:54Z",570,"Palacios","FUL","-6.6","-6.1","-5.0","-4.0",-1,1,"0.2",54,679,909,12,226,"2.5","a",0,-1,,"false"
"2026-09-28T10:10:54Z",580,"Charles","FUL","-80.2","-80.2","-80.2","-80.2",-3,0,"0.1",50,549,394,13,303,"3.0","a",0,0,,"false"
"2026-09-28T10:10:54Z",610,"De Fougerolles","FUL","0.0","0.0","0.0","0.0",0,0,"0.1",40,0,482,0,0,"0.0","u",0,0,,"false"
"2026-09-28T10:10:54Z",626,"Zepa","FUL","0.0","0.0","0.0","-0.4",0,-2,"0.3",44,306,2125,0,0,"0.0","a",-1,-1,,"false"
"2026-09-28T10:10:54Z",635,"Larsson","FUL","0.0","0.0","0.0","0.0",0,0,"0.0",50,88,68,3,37,"1.0","a",0,0,,"false"
"2026-09-28T10:10:54Z",636,"Ángel","FUL","0.0","0.0","0.0","0.0",0,0,"0.0",50,31,26,0,0,"0.0","a",0,0,,"false"
"2026-09-28T10:10:54Z",650,"Affengruber","FUL","1.1","1.1","1.1","1.1",1,0,"0.1",45,4473,981,12,180,"4.0","a",0,0,,"false"
"2026-09-28T10:10:54Z",240,"Iroegbunam","HUL","0.1","0.1","0.1","0.1",1,0,"0.0",50,73,131,2,70,"0.5","a",0,0,,"false"
"2026-09-28T10:10:54Z",273,"Phillips","HUL","-27.0","-26.9","-26.8","-26.7",-2,1,"1.4",40,2825,3250,0,0,"0.0","a",0,0,,"false"
"2026-09-28T10:10:54Z",274,"Butland","HUL","-0.6","-0.6","-0.6","-0.6",-1,0,"0.1",44,64,309,0,0,"0.0","i",-1,-1,,"false"
"2026-09-28T10:10:54Z",275,"Cartwright","HUL","0.0","0.0","0.0","0.0",0,0,"0.0",40,0,24,0,0,"0.0","u",0,0,,"false"
"2026-09-28T10:10:54Z",276,"Lo-Tutala","HUL","0.0","0.0","0.0","0.0",0,0,"0.0",40,0,110,0,0,"0.0","u",0,0,,"false"
"2026-09-28T10:10:54Z",277,"Egan","HUL","25.6","25.4","25.2","25.0",2,-17,"7.0",41,25965,27788,26,437,"4.5","a",0,1,,"false"
"2026-09-28T10:10:54Z",278,"Hughes","HUL","0.5","0.5","0.5","0.5",1,0,"0.2",39,1056,1839,0,0,"0.0","i",0,-1,,"false"
"2026-09-28T10:10:54Z",279,"Ajayi","HUL","67.9","67.8","67.6","67.4",3,-14,"14.0",42,41802,56238,27,423,"3.2","a",0,2,,"false"
"2026-09-28T10:10:54Z",280,"Coyle","HUL","0.2","0.3","0.3","0.3",1,2,"0.7",40,1973,1939,14,348,"2.0","a",0,0,,"false"
"2026-09-28T10:10:54Z",281,"Drameh","HUL","0.0","0.0","0.0","0.0",0,0,"0.0",40,0,241,2,65,"0.2","u",0,0,,"false"
"2026-09-28T10:10:54Z",282,"Giles","HUL","68.0","68.0","68.0","68.0",3,0,"2.9",40,20471,13078,24,444,"4.5","a",0,0,,"false"
"2026-09-28T10:10:54Z",283,"Jacob","HUL","0.0","0.0","0.0","0.0",0,0,"0.0",40,0,34,0,0,"0.0","u",0,0,,"false"
"2026-09-28T10:10:54Z",284,"McCarthy","HUL","0.4","0.4","0.4","0.4",1,-1,"0.1",40,378,412,0,0,"0.0","a",0,0,,"false"
"2026-09-28T10:10:54Z",285,"McNair","HUL","-40.9","-40.9","-40.9","-40.9",-3,0,"0.1",40,182,397,1,26,"0.0","a",0,0,,"false"
"2026-09-28T10:10:54Z",286,"Belloumi","HUL","34.9","35.0","35.3","35.5",2,17,"5.1",51,72166,23238,31,394,"7.0","a",0,1,,"false"
"2026-09-28T10:10:54Z",287,"Millar","HUL","0.0","0.0","0.0","0.0",0,0,"0.0",50,0,281,6,50,"1.5","u",0,0,,"false"
"2026-09-28T10:10:54Z",288,"Dowell","HUL","-91.7","-92.0","-92.6","-93.2",-3,-1,"0.3",45,559,1910,0,0,"0.0","a",0,0,,"false"
"2026-09-28T10:10:54Z",289,"Crooks","HUL","0.6","0.6","0.6","0.6",1,0,"0.5",44,4826,3970,3,203,"0.2","a",-1,-1,,"false"
"2026-09-28T10:10:54Z",290,"Slater","HUL","72.9","72.8","72.7","72.6",3,-8,"5.2",45,14945,35564,15,437,"2.2","a",0,0,,"false"
"2026-09-28T10:10:54Z",291,"Matazo","HUL","-13.4","-13.4","-13.4","-13.4",-1,0,"0.0",45,29,51,0,0,"0.0","i",0,0,,"false"
"2026-09-28T10:10:54Z",292,"Ömür","HUL","-9.3","-9.3","-9.3","-9.3",-1,0,"0.0",49,84,143,0,0,"0.0","a",0,-1,,"false"
"2026-09-28T10:10:54Z",293,"Kamara","HUL","0.0","0.0","0.0","0.0",0,0,"0.0",50,0,12,0,0,"0.0","u",0,0,,"false"
"2026-09-28T10:10:54Z",294,"Zambrano","HUL","-21.6","-21.6","-21.6","-21.6",-2,0,"0.1",45,140,478,0,0,"0.0","a",0,0,,"false"
"2026-09-28T10:10:54Z",295,"McBurnie","HUL","26.9","26.8","26.7","26.6",2,-8,"1.9",55,7351,17246,13,441,"2.0","a",0,0,,"false"
"2026-09-28T10:10:54Z",296,"Akintola","HUL","0.0","0.0","0.0","0.0",0,0,"0.0",50,0,253,0,0,"0.0","u",0,0,,"false"
"2026-09-28T10:10:54Z",297,"Gyabi","HUL","-0.3","-0.3","-0.3","-0.3",-1,0,"0.0",44,52,130,0,0,"0.0","i",-1,-1,,"false"
"2026-09-28T10:10:54Z",298,"Destan","HUL","0.0","0.0","0.0","0.0",0,-1,"0.2",45,0,1218,0,0,"0.0","u",0,0,,"false"
"2026-09-28T10:10:54Z",299,"Burstow","HUL","0.0","0.0","0.0","0.0",0,0,"0.0",45,0,211,0,0,"0.0","u",0,0,,"false"
"2026-09-28T10:10:54Z",340,"Gelhardt","HUL","0.0","0.0","0.0","-11.1",0,-1,"0.0",50,92,102,1,7,"0.2","a",0,0,,"false"
"2026-09-28T10:10:54Z",556,"Targett","HUL","-71.2","-71.3","-71.4","-71.5",-3,-2,"1.6",40,105,9391,1,5,"0.0","d",0,0,,"false"
"2026-09-28T10:10:54Z",563,"Morita","HUL","-100.3","-100.3","-100.3","-100.3",-5,0,"0.0",50,23,162,1,45,"0.2","i",0,0,,"false"
"2026-09-28T10:10:54Z",572,"Tzolakis","HUL","0.5","0.5","0.6","0.7",1,19,"12.8",47,120712,20048,34,450,"6.0","a",1,2,,"false"
"2026-09-28T10:10:54Z",574,"Hjertø-Dahl","HUL","-72.2","-72.2","-72.2","-72.2",-3,0,"0.1",49,73,312,1,8,"0.2","a",0,-1,,"false"
"2026-09-28T10:10:54Z",576,"Stroud","HUL","-50.2","-49.0","-46.7","-44.5",-3,1,"0.1",50,137,442,7,249,"1.0","a",0,0,,"false"
"2026-09-28T10:10:54Z",585,"Herrington","HUL","-26.3","-26.3","-26.3","-26.3",-2,0,"0.6",40,993,1593,5,197,"1.0","a",0,0,,"false"
"2026-09-28T10:10:54Z",586,"Mendy","HUL","-0.3","-0.4","-0.6","-0.7",-1,-7,"6.3",41,6554,32627,25,249,"2.5","a",0,1,,"false"
"2026-09-28T10:10:54Z",589,"Gourna-Douath","HUL","-76.5","-76.5","-76.5","-76.5",-3,0,"0.0",50,32,105,4,138,"1.0","a",0,0,,"false"
"2026-09-28T10:10:54Z",617,"Cho","HUL","0.2","0.2","0.2","0.2",1,0,"0.0",50,335,142,9,72,"2.2","a",0,0,,"false"
"2026-09-28T10:10:54Z",632,"Ansah","HUL","-61.6","-61.6","-61.6","-61.6",-3,0,"0.0",50,66,399,0,0,"0.0","i",0,0,,"false"
"2026-09-28T10:10:54Z",637,"Vaz","HUL","1.2","1.2","1.2","1.3",1,2,"0.1",50,1729,1105,2,20,"0.7","a",0,0,,"false"
"2026-09-28T10:10:54Z",638,"Norton-Cuffy","HUL","-23.5","-23.5","-23.5","-23.5",-2,0,"0.2",40,447,2450,1,34,"0.3","d",0,0,,"false"
"2026-09-28T10:10:54Z",642,"Thomas","HUL","0.2","0.2","0.2","0.2",1,0,"0.0",55,443,338,4,119,"1.3","a",0,0,,"false"
"2026-09-28T10:10:54Z",645,"Mouzakitis","HUL","0.0","0.0","0.0","0.0",0,0,"0.0",50,85,87,0,0,"0.0","a",0,0,,"false"
"2026-09-28T10:10:54Z",259,"Diop","IPS","-51.2","-51.3","-51.3","-51.4",-3,-6,"12.7",40,6690,52690,12,450,"2.5","a",0,0,,"false"
"2026-09-28T10:10:54Z",267,"Lukić","IPS","-4.7","-4.7","-4.7","-4.7",-1,0,"0.1",49,184,490,11,400,"1.5","a",-1,-1,,"false"
"2026-09-28T10:10:54Z",300,"Walton","IPS","-7.3","-7.3","-7.3","-7.3",-1,0,"0.4",44,1574,972,2,90,"0.5","a",0,-1,,"false"
"2026-09-28T10:10:54Z",301,"Palmer","IPS","-24.7","-24.7","-24.7","-24.7",-2,0,"3.9",40,3767,11304,0,0,"0.0","a",0,0,,"false"
"2026-09-28T10:10:54Z",302,"Button","IPS","1.1","1.1","1.1","1.1",1,0,"0.6",40,1372,1251,0,0,"0.0","a",0,0,,"false"
"2026-09-28T10:10:54Z",303,"Kipré","IPS","3.0","3.0","3.1","3.1",1,1,"0.9",39,4272,4165,0,0,"0.0","a",0,-1,,"false"
"2026-09-28T10:10:54Z",304,"O'Shea","IPS","-38.7","-38.8","-39.0","-39.3",-2,-4,"2.7",40,1842,13981,10,450,"1.5","a",0,0,,"false"
"2026-09-28T10:10:54Z",305,"Davis","IPS","70.1","70.1","70.1","70.1",3,0,"6.9",40,47503,25637,25,450,"5.8","a",0,0,,"false"
"2026-09-28T10:10:54Z",306,"Greaves","IPS","-87.5","-87.5","-87.7","-87.9",-3,-1,"1.1",40,449,3285,3,357,"0.2","a",0,0,,"false"
"2026-09-28T10:10:54Z",307,"Johnson","IPS","0.0","0.0","0.0","0.0",0,0,"0.1",40,0,343,0,0,"0.0","u",0,0,,"false"
"2026-09-28T10:10:54Z",308,"Furlong","IPS","2.0","2.0","2.0","2.0",1,1,"0.6",39,6144,2696,1,17,"0.2","a",0,-1,,"false"
"2026-09-28T10:10:54Z",309,"Núñez","IPS","-32.9","-32.9","-32.9","-32.9",-2,0,"0.1",49,90,598,6,140,"0.5","a",0,-1,,"false"
"2026-09-28T10:10:54Z",310,"Matusiwa","IPS","0.0","0.0","0.0","0.0",0,0,"0.0",49,14,17,0,0,"0.0","a",0,-1,,"false"
"2026-09-28T10:10:54Z",311,"Burns","IPS","0.0","0.0","0.0","0.0",0,0,"0.0",50,0,8,0,0,"0.0","u",0,0,,"false"
"2026-09-28T10:10:54Z",312,"Taylor","IPS","0.1","0.1","0.1","0.1",1,0,"0.0",44,368,252,0,0,"0.0","i",-1,-1,,"false"
"2026-09-28T10:10:54Z",313,"Clarke","IPS","-81.8","-81.8","-81.8","-81.8",-3,0,"0.2",54,134,887,11,170,"1.0","a",0,-1,,"false"
"2026-09-28T10:10:54Z",314,"Ogbene","IPS","0.0","0.0","0.0","0.0",0,0,"0.0",49,0,64,0,0,"0.0","u",0,-1,,"false"
"2026-09-28T10:10:54Z",315,"Fatawu","IPS","-31.2","-31.2","-31.2","-31.2",-2,0,"0.2",54,52,2379,8,352,"1.5","s",0,-1,,"false"
"2026-09-28T10:10:54Z",316,"Emersonn","IPS","80.9","81.0","81.2","81.4",3,14,"3.5",55,31806,22026,26,317,"4.2","a",0,0,,"false"
"2026-09-28T10:10:54Z",317,"Hirst","IPS","0.0","0.0","0.0","0.0",0,0,"0.1",50,0,452,0,0,"0.0","u",0,0,,"false"
"2026-09-28T10:10:54Z",318,"Philogene","IPS","-7.6","-7.6","-7.6","-7.6",-1,0,"0.1",54,32,150,2,52,"0.5","a",0,-1,,"false"
"2026-09-28T10:10:54Z",319,"Szmodics","IPS","0.0","0.0","0.0","0.0",0,0,"0.0",50,0,12,0,0,"0.0","u",0,0,,"false"
"2026-09-28T10:10:54Z",320,"Akpom","IPS","23.4","23.4","23.4","23.4",2,0,"1.2",50,4811,9250,7,78,"1.5","a",0,0,,"false"
"2026-09-28T10:10:54Z",321,"Walle Egeli","IPS","37.8","37.8","37.7","37.7",2,-4,"3.5",45,16993,25423,1,10,"0.0","a",0,0,,"false"
"2026-09-28T10:10:54Z",322,"Al-Hamadi","IPS","0.0","0.0","0.0","0.0",0,0,"0.0",50,0,356,0,0,"0.0","u",0,0,,"false"
"2026-09-28T10:10:54Z",323,"McAteer","IPS","-0.7","-0.7","-0.7","-0.8",-1,-1,"1.0",44,1344,6105,3,42,"0.5","a",-1,-1,,"false"
"2026-09-28T10:10:54Z",324,"Mehmeti","IPS","-2.0","-2.0","-2.0","-2.0",-1,0,"0.0",48,67,131,0,0,"0.0","a",-1,-2,,"false"
"2026-09-28T10:10:54Z",554,"Van Oevelen","IPS","0.0","0.0","0.0","0.0",0,0,"0.0",45,0,76,0,0,"0.0","u",0,0,,"false"
"2026-09-28T10:10:54Z",562,"Maeda","IPS","-9.3","-9.3","-9.3","-9.3",-1,0,"0.2",53,123,1392,8,259,"1.5","a",-1,-2,,"false"
"2026-09-28T10:10:54Z",564,"Scherpen","IPS","-30.5","-30.9","-31.5","-32.1",-2,-2,"0.6",45,569,2693,7,360,"1.2","a",0,0,,"false"
"2026-09-28T10:10:54Z",571,"Florentino","IPS","-2.1","-2.1","-2.1","-2.1",-1,0,"0.1",48,107,318,2,30,"0.5","a",-1,-2,,"false"
"2026-09-28T10:10:54Z",591,"Enciso","IPS","8.3","8.3","8.3","8.3",1,-2,"0.8",55,2047,5850,15,413,"2.5","a",0,0,,"false"
"2026-09-28T10:10:54Z",592,"Ouattara","IPS","-30.7","-30.7","-30.7","-30.7",-2,0,"0.9",40,648,1973,6,131,"1.2","a",0,0,,"false"
"2026-09-28T10:10:54Z",602,"Humphreys","IPS","0.0","0.0","0.0","0.0",0,0,"0.0",45,0,232,0,0,"0.0","u",0,0,,"false"
"2026-09-28T10:10:54Z",619,"Palacios","IPS","1.0","1.0","1.0","1.0",1,0,"0.1",50,479,796,11,275,"2.8","a",0,0,,"false"
"2026-09-28T10:10:54Z",640,"Flemming","IPS","0.4","0.4","0.4","0.4",1,-1,"0.1",55,841,946,6,60,"2.0","a",0,0,,"false"
"2026-09-28T10:10:54Z",260,"Wilson","LEE","-56.7","-57.0","-57.4","-57.9",-3,-14,"1.7",62,70,38659,5,145,"0.5","i",0,-3,,"false"
"2026-09-28T10:10:54Z",326,"Perri","LEE","0.0","0.0","0.0","0.0",0,0,"0.3",45,0,1193,0,0,"0.0","u",0,0,,"false"
"2026-09-28T10:10:54Z",327,"Bijol","LEE","4.9","4.9","4.9","4.9",1,0,"0.7",50,764,5292,12,164,"0.5","a",0,0,,"false"
"2026-09-28T10:10:54Z",329,"Rodon","LEE","-5.9","-5.9","-5.9","-5.9",-1,0,"0.8",43,43,8437,7,123,"0.2","i",-1,-2,,"false"
"2026-09-28T10:10:54Z",330,"Bogle","LEE","53.5","53.7","54.0","54.3",3,22,"7.1",46,117684,23578,42,365,"9.0","a",0,1,,"false"
"2026-09-28T10:10:54Z",331,"Gudmundsson","LEE","0.9","0.9","0.9","0.9",1,0,"0.1",45,487,305,14,252,"3.5","a",0,0,,"false"
"2026-09-28T10:10:54Z",332,"Justin","LEE","17.5","17.5","17.5","17.5",1,2,"1.5",45,3881,5458,26,450,"4.0","a",0,0,,"false"
"2026-09-28T10:10:54Z",333,"Bornauw","LEE","0.0","0.0","0.0","0.0",0,0,"0.0",45,0,5,0,0,"0.0","u",0,0,,"false"
"2026-09-28T10:10:54Z",334,"Muharemović","LEE","37.2","37.2","37.2","37.2",2,0,"4.3",50,25648,21665,27,450,"5.2","a",0,0,,"false"
"2026-09-28T10:10:54Z",335,"Stach","LEE","15.6","15.6","15.7","15.8",1,4,"2.5",60,4499,18659,27,447,"3.5","a",0,0,,"false"
"2026-09-28T10:10:54Z",336,"Okafor","LEE","1.4","1.4","1.4","1.4",1,0,"0.4",58,1652,3197,18,299,"4.2","a",0,-2,,"false"
"2026-09-28T10:10:54Z",337,"Aaronson","LEE","-6.8","-6.8","-6.8","-6.8",-1,0,"0.5",53,205,3219,7,194,"1.0","a",-1,-2,,"false"
"2026-09-28T10:10:54Z",338,"Ampadu","LEE","-26.9","-27.1","-27.5","-27.9",-2,-2,"0.9",54,1499,4649,21,450,"4.0","a",0,-1,,"false"
"2026-09-28T10:10:54Z",339,"Longstaff","LEE","-92.6","-92.6","-92.6","-92.6",-3,0,"0.1",49,121,596,2,10,"0.2","a",0,-1,,"false"
"2026-09-28T10:10:54Z",341,"Gnonto","LEE","0.0","0.0","0.0","0.0",0,0,"0.0",50,0,50,0,0,"0.0","u",0,0,,"false"
"2026-09-28T10:10:54Z",342,"Harrison","LEE","0.0","0.0","0.0","0.0",0,0,"0.0",50,0,5,0,0,"0.0","u",0,0,,"false"
"2026-09-28T10:10:54Z",343,"James","LEE","-26.3","-27.3","-29.2","-31.1",-2,-1,"0.1",49,176,527,3,52,"0.8","a",0,-1,,"false"
"2026-09-28T10:10:54Z",344,"Gruev","LEE","0.0","0.0","0.0","0.0",0,0,"0.0",50,45,18,0,0,"0.0","a",0,0,,"false"
"2026-09-28T10:10:54Z",345,"Tanaka","LEE","4.6","4.6","4.6","4.6",1,0,"0.3",49,2066,2140,14,255,"3.5","a",0,-1,,"false"
"2026-09-28T10:10:54Z",346,"Calvert-Lewin","LEE","65.5","65.6","65.8","66.1",3,16,"24.8",60,87698,161819,22,419,"5.2","a",0,0,,"false"
"2026-09-28T10:10:54Z",347,"Nmecha","LEE","-25.3","-26.0","-27.3","-28.6",-2,-4,"0.5",54,1876,3563,7,64,"1.8","a",0,-1,,"false"
"2026-09-28T10:10:54Z",348,"Piroe","LEE","0.0","0.0","0.0","0.0",0,0,"0.1",50,0,400,0,0,"0.0","u",0,0,,"false"
"2026-09-28T10:10:54Z",349,"Mateo Joseph","LEE","-39.2","-39.2","-39.2","-39.2",-2,0,"0.1",45,299,451,0,0,"0.0","i",0,0,,"false"
"2026-09-28T10:10:54Z",385,"Trafford","LEE","32.3","32.3","32.4","32.5",2,5,"5.5",50,20568,13867,28,450,"4.8","a",0,0,,"false"
"2026-09-28T10:10:54Z",598,"Elvedi","LEE","0.6","0.6","0.6","0.6",1,0,"0.1",45,212,215,13,326,"3.2","a",0,0,,"false"
"2026-09-28T10:10:54Z",603,"Lienou","LEE","0.1","0.1","0.1","0.1",1,0,"0.1",40,229,497,0,0,"0.0","a",0,0,,"false"
"2026-09-28T10:10:54Z",604,"Cresswell","LEE","-10.9","-10.9","-10.9","-10.9",-1,0,"0.1",45,287,858,0,0,"0.0","a",0,0,,"false"
"2026-09-28T10:10:54Z",625,"Cairns","LEE","0.4","0.4","0.4","0.4",1,0,"0.2",40,803,745,0,0,"0.0","a",0,0,,"false"
"2026-09-28T10:10:54Z",629,"Zetterer","LEE","2.2","2.2","2.2","2.2",1,0,"0.7",40,2895,2636,0,0,"0.0","a",0,0,,"false"
"2026-09-28T10:10:54Z",641,"Bard","LEE","0.0","0.0","0.0","0.0",0,0,"0.0",45,93,74,1,18,"0.3","a",0,0,,"false"
"2026-09-28T10:10:54Z",648,"Bahoya","LEE","-49.5","-49.5","-49.5","-49.5",-3,0,"0.0",50,103,168,1,1,"0.3","a",0,0,,"false"
"2026-09-28T10:10:54Z",350,"A.Becker","LIV","1.4","1.4","1.4","1.5",1,2,"4.1",55,11858,11002,27,450,"6.2","a",0,0,,"false"
"2026-09-28T10:10:54Z",351,"Mamardashvili","LIV","-93.2","-93.2","-93.2","-93.2",-3,0,"0.1",49,238,582,0,0,"0.0","a",0,-1,,"false"
"2026-09-28T10:10:54Z",352,"Woodman","LIV","-30.3","-30.3","-30.3","-30.3",-2,0,"1.0",40,747,2252,0,0,"0.0","a",0,0,,"false"
"2026-09-28T10:10:54Z",353,"Pecsi","LIV","0.0","0.0","0.0","0.0",0,0,"0.0",40,0,57,0,0,"0.0","u",0,0,,"false"
"2026-09-28T10:10:54Z",354,"Jaros","LIV","0.0","0.0","0.0","0.0",0,0,"0.0",40,197,150,0,0,"0.0","i",0,0,,"false"
"2026-09-28T10:10:54Z",355,"Davies","LIV","0.1","0.1","0.0","0.0",1,-1,"0.2",40,272,447,0,0,"0.0","a",0,0,,"false"
"2026-09-28T10:10:54Z",356,"Virgil","LIV","-57.7","-57.7","-57.6","-57.6",-3,6,"16.2",65,19678,41460,25,450,"5.8","a",0,0,,"false"
"2026-09-28T10:10:54Z",357,"Frimpong","LIV","-35.3","-35.3","-35.5","-35.6",-2,-1,"1.8",53,1509,12173,2,178,"0.5","a",0,-2,,"false"
"2026-09-28T10:10:54Z",358,"Kerkez","LIV","-98.5","-98.6","-98.9","-99.2",-4,-4,"2.2",54,2454,9698,13,385,"3.2","a",0,-1,,"false"
"2026-09-28T10:10:54Z",359,"Gomez","LIV","0.0","0.0","0.0","0.0",0,0,"0.0",49,302,108,0,0,"0.0","a",0,-1,,"false"
"2026-09-28T10:10:54Z",360,"Bradley","LIV","-83.5","-83.5","-83.5","-83.5",-3,0,"0.0",50,49,74,0,0,"0.0","i",0,0,,"false"
"2026-09-28T10:10:54Z",361,"Lucky","LIV","-51.2","-51.2","-51.2","-51.2",-3,0,"0.1",40,270,540,0,0,"0.0","a",0,0,,"false"
"2026-09-28T10:10:54Z",362,"Jacquet","LIV","53.5","53.5","53.6","53.8",3,8,"3.5",50,31473,12415,24,415,"5.8","a",0,0,,"false"
"2026-09-28T10:10:54Z",363,"Leoni","LIV","-58.1","-58.1","-58.1","-58.1",-3,0,"0.0",40,62,169,0,0,"0.0","i",0,0,,"false"
"2026-09-28T10:10:54Z",364,"Tsimikas","LIV","-53.1","-53.1","-53.1","-53.1",-3,0,"0.1",49,82,381,2,64,"0.5","a",0,-1,,"false"
"2026-09-28T10:10:54Z",365,"Ramsay","LIV","0.0","0.0","0.0","0.0",0,-1,"0.1",40,0,444,0,0,"0.0","u",0,0,,"false"
"2026-09-28T10:10:54Z",366,"Wirtz","LIV","-35.3","-35.3","-35.4","-35.5",-2,-4,"5.7",73,2849,40341,18,402,"4.0","a",0,-2,,"false"
"2026-09-28T10:10:54Z",367,"Gakpo","LIV","4.4","3.6","2.0","0.5",1,-108,"12.5",72,50426,77349,32,370,"5.0","d",0,2,,"false"
"2026-09-28T10:10:54Z",368,"Szoboszlai","LIV","-93.1","-93.2","-93.3","-93.4",-3,-29,"32.9",70,33296,202569,20,440,"3.0","a",0,0,,"false"
"2026-09-28T10:10:54Z",369,"Ngumoha","LIV","-21.8","-21.8","-21.8","-21.8",-2,0,"0.5",57,707,4076,4,99,"0.5","a",-1,-3,,"false"
"2026-09-28T10:10:54Z",370,"Chiesa","LIV","-5.4","-5.4","-5.4","-5.4",-1,0,"0.0",53,15,233,0,0,"0.0","i",-1,-2,,"false"
"2026-09-28T10:10:54Z",371,"Gravenberch","LIV","-20.8","-20.9","-21.1","-21.3",-2,-2,"1.1",58,1145,8709,9,190,"1.0","a",-1,-2,,"false"
"2026-09-28T10:10:54Z",372,"Mac Allister","LIV","-41.3","-41.5","-42.0","-42.4",-3,-4,"1.3",54,3633,6583,11,306,"2.5","a",0,-1,,"false"
"2026-09-28T10:10:54Z",373,"C.Jones","LIV","0.0","0.0","0.0","0.0",0,0,"0.0",55,0,56,0,0,"0.0","u",0,0,,"false"
"2026-09-28T10:10:54Z",374,"Endo","LIV","-59.4","-59.4","-59.4","-59.4",-3,0,"0.1",49,153,420,0,0,"0.0","a",0,-1,,"false"
"2026-09-28T10:10:54Z",375,"Nyoni","LIV","-83.7","-83.7","-83.7","-83.7",-3,0,"0.0",49,83,302,3,38,"0.8","a",0,-1,,"false"
"2026-09-28T10:10:54Z",376,"Bajcetic","LIV","0.0","0.0","0.0","0.0",0,0,"0.0",50,0,2,0,0,"0.0","u",0,0,,"false"
"2026-09-28T10:10:54Z",377,"Munoz","LIV","6.3","6.3","6.3","6.3",1,0,"0.9",65,1314,11048,15,257,"2.8","a",0,0,,"false"
"2026-09-28T10:10:54Z",378,"McConnell","LIV","-2.9","-2.9","-2.9","-2.9",-1,0,"0.2",44,1024,1428,0,0,"0.0","a",0,-1,,"false"
"2026-09-28T10:10:54Z",379,"Isak","LIV","11.1","10.4","9.0","7.7",1,-94,"22.5",91,112472,70768,33,413,"7.8","d",0,1,,"false"
"2026-09-28T10:10:54Z",380,"Ekitiké","LIV","-26.3","-26.3","-26.3","-26.3",-2,0,"0.1",74,343,784,0,0,"0.0","i",0,-1,,"false"
"2026-09-28T10:10:54Z",381,"Koumas","LIV","-91.7","-91.7","-91.7","-91.7",-3,0,"0.0",50,141,179,3,22,"0.5","a",0,0,,"false"
"2026-09-28T10:10:54Z",382,"Danns","LIV","3.5","3.5","3.5","3.5",1,0,"0.2",45,3296,2267,0,0,"0.0","a",0,0,,"false"
"2026-09-28T10:10:54Z",383,"Elliott","LIV","0.0","0.0","0.0","0.0",0,0,"0.0",54,0,213,0,0,"0.0","u",0,-1,,"false"
"2026-09-28T10:10:54Z",579,"Araujo","LIV","32.6","32.6","32.7","32.8",2,4,"3.0",54,15678,9909,22,284,"5.2","a",0,-1,,"false"
"2026-09-28T10:10:54Z",627,"Barcola","LIV","-66.8","-66.3","-65.3","-64.3",-3,13,"1.9",80,9267,17976,7,168,"2.3","a",0,0,,"false"
"2026-09-28T10:10:54Z",155,"Enzo","MCI","1.0","1.1","1.3","1.6",1,15,"3.6",69,29172,13493,13,271,"3.0","a",0,-1,,"false"
"2026-09-28T10:10:54Z",237,"Ndiaye","MCI","-18.6","-18.7","-18.9","-19.1",-1,-14,"6.7",58,6581,65969,22,385,"3.2","a",-1,-2,,"false"
"2026-09-28T10:10:54Z",384,"Donnarumma","MCI","-49.2","-49.3","-49.5","-49.6",-3,-8,"7.6",55,10186,28836,19,450,"5.3","a",0,0,,"false"
"2026-09-28T10:10:54Z",386,"Bettinelli","MCI","-84.5","-84.5","-84.5","-84.5",-3,0,"0.0",45,48,85,0,0,"0.0","a",0,0,,"false"
"2026-09-28T10:10:54Z",387,"O'Reilly","MCI","-3.2","-3.3","-3.5","-3.7",-1,-22,"10.9",63,4971,67653,6,163,"0.7","a",-1,-2,,"false"
"2026-09-28T10:10:54Z",388,"Guéhi","MCI","63.2","63.2","63.0","62.8",3,-11,"18.2",60,22485,48040,30,450,"6.0","a",0,0,,"false"
"2026-09-28T10:10:54Z",389,"Matheus N.","MCI","-32.3","-32.3","-32.3","-32.3",-2,0,"1.0",59,1559,2764,11,213,"3.3","a",0,-1,,"false"
"2026-09-28T10:10:54Z",390,"Rúben","MCI","3.7","3.7","3.6","3.5",1,-6,"1.9",55,4390,8677,17,450,"4.3","a",0,0,,"false"
"2026-09-28T10:10:54Z",391,"Gvardiol","MCI","76.1","76.3","76.6","76.8",3,19,"26.8",57,140288,49897,37,434,"7.7","a",0,2,,"false"
"2026-09-28T10:10:54Z",392,"Aït-Nouri","MCI","-94.1","-94.1","-94.1","-94.1",-3,0,"0.4",53,494,2076,0,0,"0.0","a",0,-2,,"false"
"2026-09-28T10:10:54Z",393,"Khusanov","MCI","-32.7","-32.7","-32.8","-32.8",-2,-1,"1.4",54,1337,8665,9,268,"1.7","a",0,-1,,"false"
"2026-09-28T10:10:54Z",394,"Alleyne","MCI","0.0","0.0","0.0","0.0",0,0,"0.0",50,0,18,0,0,"0.0","u",0,0,,"false"
"2026-09-28T10:10:54Z",395,"Lewis","MCI","-62.5","-62.5","-62.5","-62.5",-3,0,"0.2",44,281,1144,1,56,"0.0","a",0,-1,,"false"
"2026-09-28T10:10:54Z",396,"Vitor Reis","MCI","-78.8","-78.8","-78.8","-78.8",-3,0,"0.0",45,70,141,1,1,"0.0","a",0,0,,"false"
"2026-09-28T10:10:54Z",397,"Semenyo","MCI","-18.5","-18.7","-18.9","-19.2",-1,-50,"15.4",84,122755,58221,33,450,"8.7","d",0,-1,,"false"
"2026-09-28T10:10:54Z",398,"Foden","MCI","-45.1","-45.3","-45.7","-46.0",-3,-12,"1.8",69,192,27044,9,217,"-0.3","s",0,-1,,"false"
"2026-09-28T10:10:54Z",399,"Cherki","MCI","-55.8","-55.5","-54.9","-54.3",-3,42,"28.4",78,114643,84242,34,302,"4.0","a",0,3,,"false"
"2026-09-28T10:10:54Z",400,"Doku","MCI","0.1","0.1","0.2","0.2",1,3,"0.7",74,3903,1884,1,15,"0.3","a",0,-1,,"false"
"2026-09-28T10:10:54Z",402,"Rodrigo","MCI","0.0","0.0","0.0","0.0",0,0,"0.0",65,0,22,0,0,"0.0","u",0,0,,"false"
"2026-09-28T10:10:54Z",404,"Reijnders","MCI","0.0","0.0","0.0","0.0",0,0,"0.0",60,0,92,0,0,"0.0","u",0,0,,"false"
"2026-09-28T10:10:54Z",406,"Kovačić","MCI","-91.7","-91.7","-91.7","-91.7",-3,0,"0.1",54,100,436,2,42,"0.0","a",0,-1,,"false"
"2026-09-28T10:10:54Z",407,"Echeverri","MCI","0.0","0.0","0.0","0.0",0,0,"0.0",49,0,51,0,0,"0.0","u",0,-1,,"false"
"2026-09-28T10:10:54Z",408,"Phillips","MCI","0.0","0.0","0.0","0.0",0,0,"0.0",50,0,11,0,0,"0.0","u",0,0,,"false"
"2026-09-28T10:10:54Z",409,"Mukasa","MCI","0.0","0.0","0.0","0.0",0,0,"0.1",45,0,561,0,0,"0.0","u",0,0,,"false"
"2026-09-28T10:10:54Z",410,"Monga","MCI","0.0","0.0","0.0","0.0",0,0,"0.0",49,0,48,0,0,"0.0","u",0,-1,,"false"
"2026-09-28T10:10:54Z",411,"Haaland","MCI","21.1","21.2","21.4","21.6",2,14,"73.8",156,73472,18396,39,450,"8.0","a",0,1,,"false"
"2026-09-28T10:10:54Z",481,"Anderson","MCI","-39.4","-39.5","-39.7","-39.9",-2,-5,"4.0",63,7400,26600,15,413,"3.3","a",0,-2,,"false"
"2026-09-28T10:10:54Z",587,"Rulli","MCI","-87.0","-87.0","-87.0","-87.0",-3,0,"0.0",50,67,101,0,0,"0.0","a",0,0,,"false"
"2026-09-28T10:10:54Z",616,"Bouaddi","MCI","-30.3","-30.8","-31.9","-32.9",-2,-1,"0.2",55,803,2037,2,22,"0.3","a",0,0,,"false"
"2026-09-28T10:10:54Z",621,"McAidoo","MCI","-84.0","-84.0","-84.0","-84.0",-3,0,"0.1",45,183,1038,2,11,"0.3","a",0,0,,"false"
"2026-09-28T10:10:54Z",622,"Braithwaite","MCI","-36.2","-36.2","-36.2","-36.2",-2,0,"0.2",40,547,1587,1,1,"0.0","a",0,0,,"false"
"2026-09-28T10:10:54Z",628,"Allan","MCI","0.1","0.1","0.1","0.1",1,0,"0.0",60,208,156,0,0,"0.0","a",0,0,,"false"
"2026-09-28T10:10:54Z",653,"Samba","MCI","-36.3","-36.3","-36.3","-36.3",-2,0,"0.0",45,235,464,0,0,"0.0","a",0,0,,"false"
"2026-09-28T10:10:54Z",43,"Tielemans","MUN","-34.9","-34.9","-34.8","-34.6",-2,1,"1.5",58,2914,10263,14,402,"3.0","a",0,-2,,"false"
"2026-09-28T10:10:54Z",131,"Baleba","MUN","0.0","0.0","0.0","0.0",0,0,"0.1",49,1173,682,0,0,"0.0","a",0,-1,,"false"
"2026-09-28T10:10:54Z",162,"Andrey Santos","MUN","-46.3","-46.6","-47.1","-47.7",-3,-2,"0.6",48,984,4707,4,82,"0.5","a",0,-2,,"false"
"2026-09-28T10:10:54Z",325,"Darlow","MUN","-21.2","-21.2","-21.2","-21.2",-2,0,"0.0",45,57,200,0,0,"0.0","d",0,0,,"false"
"2026-09-28T10:10:54Z",412,"Lammens","MUN","-16.0","-16.0","-16.1","-16.1",-1,-4,"9.9",49,6290,46563,11,450,"2.5","a",0,-1,,"false"
"2026-09-28T10:10:54Z",413,"Bayindir","MUN","0.0","0.0","0.0","0.0",0,0,"0.0",45,0,33,0,0,"0.0","u",0,0,,"false"
"2026-09-28T10:10:54Z",414,"Heaton","MUN","-34.2","-34.2","-34.2","-34.2",-2,0,"0.1",40,188,251,0,0,"0.0","i",0,0,,"false"
"2026-09-28T10:10:54Z",415,"Dorgu","MUN","-54.0","-54.2","-54.5","-54.9",-3,-2,"0.5",58,1018,3700,10,171,"2.5","d",0,-2,,"false"
"2026-09-28T10:10:54Z",416,"De Ligt","MUN","-93.0","-93.0","-93.0","-93.0",-3,0,"0.0",50,67,123,0,0,"0.0","i",0,0,,"false"
"2026-09-28T10:10:54Z",417,"Dalot","MUN","-73.8","-74.0","-74.4","-74.8",-3,-4,"1.6",49,1155,7148,8,346,"1.8","a",0,-1,,"false"
"2026-09-28T10:10:54Z",418,"Maguire","MUN","-1.5","-1.5","-1.6","-1.7",-1,-10,"8.6",48,4015,72501,10,450,"2.2","a",-1,-2,,"false"
"2026-09-28T10:10:54Z",419,"Martinez","MUN","-92.7","-92.7","-92.7","-92.7",-3,0,"1.3",50,3506,6130,6,360,"1.5","a",0,0,,"false"
"2026-09-28T10:10:54Z",420,"Yoro","MUN","-9.9","-9.9","-9.9","-9.9",-1,0,"0.5",48,447,2089,2,22,"0.5","a",-1,-2,,"false"
"2026-09-28T10:10:54Z",421,"Heaven","MUN","-97.0","-97.0","-97.0","-97.0",-4,0,"0.3",44,217,1384,1,90,"0.0","a",0,-1,,"false"
"2026-09-28T10:10:54Z",422,"Mazraoui","MUN","-70.3","-70.6","-71.2","-71.8",-3,-2,"0.5",44,548,2765,3,97,"0.5","a",0,-1,,"false"
"2026-09-28T10:10:54Z",423,"Shaw","MUN","-4.2","-4.2","-4.3","-4.3",-1,-5,"7.7",43,3314,74123,9,335,"2.0","a",-1,-2,,"false"
"2026-09-28T10:10:54Z",424,"Amass","MUN","-43.5","-43.0","-42.1","-41.2",-3,1,"0.2",40,398,747,0,0,"0.0","a",0,0,,"false"
"2026-09-28T10:10:54Z",425,"Fredricson","MUN","0.0","0.0","0.0","0.0",0,0,"0.0",40,0,46,0,0,"0.0","u",0,0,,"false"
"2026-09-28T10:10:54Z",426,"B.Fernandes","MUN","-1.0","-1.0","-1.0","-1.0",-1,1,"38.5",119,39667,189331,31,450,"7.2","a",-1,-1,,"false"
"2026-09-28T10:10:54Z",427,"Mbeumo","MUN","-72.5","-72.5","-72.6","-72.7",-3,-12,"20.6",79,33457,124512,25,450,"5.8","a",0,-1,,"false"
"2026-09-28T10:10:54Z",428,"Cunha","MUN","-92.4","-92.2","-91.8","-91.4",-3,14,"5.8",79,19761,20538,26,407,"6.0","a",0,-1,,"false"
"2026-09-28T10:10:54Z",429,"Rashford","MUN","-77.5","-77.7","-78.2","-78.6",-3,-8,"1.5",70,4058,16583,10,351,"2.2","d",0,0,,"false"
"2026-09-28T10:10:54Z",430,"Mount","MUN","0.1","0.1","0.1","0.1",1,0,"0.0",54,169,189,1,10,"0.2","a",0,-1,,"false"
"2026-09-28T10:10:54Z",431,"Amad","MUN","-15.8","-15.9","-16.3","-16.6",-1,-2,"0.3",57,115,1699,0,0,"0.0","i",0,-3,,"false"
"2026-09-28T10:10:54Z",432,"Mainoo","MUN","13.8","13.7","13.5","13.3",1,-12,"1.6",55,7425,14059,22,354,"5.2","d",0,0,,"false"
"2026-09-28T10:10:54Z",433,"Ugarte","MUN","-65.8","-65.8","-65.8","-65.8",-3,0,"0.0",50,22,23,0,0,"0.0","i",0,0,,"false"
"2026-09-28T10:10:54Z",434,"J.Fletcher","MUN","-38.3","-38.3","-38.3","-38.3",-2,0,"0.0",49,41,56,0,0,"0.0","a",0,-1,,"false"
"2026-09-28T10:10:54Z",435,"Lacey","MUN","-5.5","-5.5","-5.5","-5.5",-1,0,"0.1",49,360,337,1,10,"0.0","a",0,-1,,"false"
"2026-09-28T10:10:54Z",436,"Collyer","MUN","0.0","0.0","0.0","0.0",0,0,"0.0",50,0,43,0,0,"0.0","u",0,0,,"false"
"2026-09-28T10:10:54Z",437,"Bendito Mantato","MUN","0.0","0.0","0.0","0.0",0,0,"0.2",44,369,810,0,0,"0.0","a",-1,-1,,"false"
"2026-09-28T10:10:54Z",438,"Fletcher","MUN","0.4","0.4","0.5","0.5",1,3,"0.3",44,2479,2014,0,0,"0.0","a",0,-1,,"false"
"2026-09-28T10:10:54Z",439,"Šeško","MUN","-37.7","-38.1","-38.9","-39.7",-2,-16,"1.6",70,6508,22854,8,76,"1.8","d",0,0,,"false"
"2026-09-28T10:10:54Z",440,"Zirkzee","MUN","-8.0","-8.1","-8.4","-8.6",-1,-1,"0.4",53,1796,2990,2,20,"0.5","a",-1,-2,,"false"
"2026-09-28T10:10:54Z",441,"Obi","MUN","0.0","0.0","0.0","0.0",0,-9,"0.9",45,0,10823,0,0,"0.0","u",0,0,,"false"
"2026-09-28T10:10:54Z",405,"N.Gonzalez","NEW","0.8","0.8","0.8","0.8",1,1,"0.2",55,557,1786,5,164,"1.2","a",0,0,,"false"
"2026-09-28T10:10:54Z",442,"Pope","NEW","-42.2","-42.2","-42.2","-42.2",-3,0,"0.9",49,821,2984,0,0,"0.0","a",0,-1,,"false"
"2026-09-28T10:10:54Z",443,"Gillespie","NEW","-37.2","-37.2","-37.2","-37.2",-2,0,"0.0",45,42,83,0,0,"0.0","a",0,0,,"false"
"2026-09-28T10:10:54Z",444,"Jaouen","NEW","-6.1","-6.1","-6.1","-6.1",-1,0,"0.0",44,19,113,0,0,"0.0","d",-1,-1,,"false"
"2026-09-28T10:10:54Z",445,"Thiaw","NEW","17.2","17.2","17.2","17.2",1,1,"2.2",50,8050,9394,14,450,"2.8","a",0,0,,"false"
"2026-09-28T10:10:54Z",446,"Schär","NEW","-10.9","-10.9","-10.9","-10.9",-1,0,"0.2",49,523,870,2,25,"0.2","a",0,-1,,"false"
"2026-09-28T10:10:54Z",447,"Botman","NEW","9.4","9.4","9.3","9.3",1,-2,"0.7",50,4476,2789,15,450,"3.0","a",0,0,,"false"
"2026-09-28T10:10:54Z",448,"Burn","NEW","-3.3","-3.4","-3.5","-3.6",-1,-2,"0.7",48,96,5520,0,0,"0.0","i",-1,-2,,"false"
"2026-09-28T10:10:54Z",449,"Hall","NEW","6.0","6.2","6.5","6.8",1,57,"17.2",53,236356,18365,31,449,"7.0","a",1,3,,"false"
"2026-09-28T10:10:54Z",450,"Livramento","NEW","1.5","1.5","1.5","1.5",1,0,"0.1",49,426,1432,4,33,"1.0","d",0,-1,,"false"
"2026-09-28T10:10:54Z",451,"A.Murphy","NEW","0.0","0.0","0.0","0.0",0,0,"0.1",40,0,278,0,0,"0.0","u",0,0,,"false"
"2026-09-28T10:10:54Z",453,"Barnes","NEW","14.6","14.6","14.7","14.8",1,20,"5.6",61,150677,15970,28,450,"6.5","a",1,1,,"false"
"2026-09-28T10:10:54Z",454,"Elanga","NEW","-37.3","-37.5","-37.9","-38.2",-2,-57,"4.6",61,306,161886,18,232,"2.2","i",-1,1,,"false"
"2026-09-28T10:10:54Z",456,"J.Ramsey","NEW","-86.9","-86.9","-86.9","-86.9",-3,0,"0.2",49,53,4542,7,69,"1.8","i",0,-1,,"false"
"2026-09-28T10:10:54Z",457,"J.Murphy","NEW","-19.6","-19.6","-19.6","-19.6",-1,0,"0.1",59,898,723,3,181,"0.8","a",0,-1,,"false"
"2026-09-28T10:10:54Z",458,"Joelinton","NEW","-60.4","-60.4","-60.4","-60.4",-3,0,"0.0",54,11,73,0,0,"0.0","i",0,-1,,"false"
"2026-09-28T10:10:54Z",459,"L.Miley","NEW","0.6","0.6","0.6","0.6",1,0,"0.1",55,452,428,12,396,"2.2","a",0,0,,"false"
"2026-09-28T10:10:54Z",460,"Willock","NEW","14.7","14.7","14.7","14.8",1,2,"0.6",50,9235,2520,22,284,"4.0","a",0,0,,"false"
"2026-09-28T10:10:54Z",461,"Touré","NEW","-10.1","-10.1","-10.1","-10.1",-1,0,"0.1",58,310,818,8,50,"2.0","a",0,-2,,"false"
"2026-09-28T10:10:54Z",462,"Steur","NEW","-49.4","-53.3","-60.5","-67.8",-3,-3,"0.1",49,258,358,8,223,"1.8","a",0,-1,,"false"
"2026-09-28T10:10:54Z",463,"Woltemade","NEW","0.0","0.0","0.0","0.0",0,-3,"0.5",59,0,3470,4,19,"1.0","u",0,-1,,"false"
"2026-09-28T10:10:54Z",464,"Wissa","NEW","59.3","59.4","59.7","60.0",3,19,"18.7",62,81060,135902,15,441,"2.8","a",0,2,,"false"
"2026-09-28T10:10:54Z",465,"Osula","NEW","-7.4","-7.5","-7.6","-7.7",-1,-1,"0.3",58,117,2246,4,55,"0.0","i",-1,-2,,"false"
"2026-09-28T10:10:54Z",466,"Neave","NEW","0.0","0.0","0.0","0.0",0,-2,"0.5",45,0,3711,0,0,"0.0","u",0,0,,"false"
"2026-09-28T10:10:54Z",559,"Bamba","NEW","-66.6","-66.6","-66.6","-66.6",-3,0,"0.1",49,123,467,3,27,"0.5","a",0,-1,,"false"
"2026-09-28T10:10:54Z",567,"Horníček","NEW","23.0","23.0","23.0","23.0",2,-1,"1.5",50,6801,4617,14,450,"3.2","a",0,0,,"false"
"2026-09-28T10:10:54Z",593,"Dedić","NEW","-9.0","-9.2","-9.5","-9.8",-1,-11,"1.8",45,243,36140,13,327,"3.0","i",0,0,,"false"
"2026-09-28T10:10:54Z",609,"Shahar","NEW","0.0","0.0","0.0","0.0",0,0,"0.2",40,0,1790,0,0,"0.0","u",0,0,,"false"
"2026-09-28T10:10:54Z",634,"Fernandez-Pardo","NEW","0.7","0.6","0.6","0.6",1,-1,"0.1",60,1793,1332,4,157,"1.3","a",0,0,,"false"
"2026-09-28T10:10:54Z",659,"Miley","NEW","0.0","0.0","0.0","0.0",0,0,"0.0",45,1350,620,0,0,"0.0","a",0,0,,"false"
"2026-09-28T10:10:54Z",663,"Pivas","NEW","0.0","0.0","0.0","0.0",0,0,"0.0",40,371,50,0,0,"0.0","a",0,0,"2026-10-02T19:10:51.639791Z","false"
"2026-09-28T10:10:54Z",664,"Salia","NEW","0.0","0.0","0.0","0.0",0,0,"0.1",45,9021,1426,0,0,"0.0","a",0,0,"2026-10-02T19:11:17.402697Z","false"
"2026-09-28T10:10:54Z",665,"Mills","NEW","0.0","0.0","0.0","0.0",0,0,"0.0",45,153,25,0,0,"0.0","a",0,0,"2026-10-02T19:11:39.931907Z","false"
"2026-09-28T10:10:54Z",666,"Thompson","NEW","0.0","0.0","0.0","0.0",0,0,"0.0",45,223,34,0,0,"0.0","a",0,0,"2026-10-02T19:12:09.032926Z","false"
"2026-09-28T10:10:54Z",167,"Delap","NFO","-22.7","-22.6","-22.6","-22.5",-2,2,"2.7",56,24228,27668,9,277,"2.2","a",1,1,,"false"
"2026-09-28T10:10:54Z",201,"Muñoz","NFO","-45.0","-45.0","-45.1","-45.1",-3,-3,"5.7",54,7478,28664,5,257,"1.7","a",0,-1,,"false"
"2026-09-28T10:10:54Z",467,"Sels","NFO","4.4","4.4","4.4","4.4",1,0,"1.6",50,1872,5808,14,450,"3.0","a",0,0,,"false"
"2026-09-28T10:10:54Z",468,"John","NFO","-71.3","-71.3","-71.3","-71.3",-3,0,"0.1",45,54,143,0,0,"0.0","a",0,0,,"false"
"2026-09-28T10:10:54Z",469,"N.Williams","NFO","23.7","23.7","23.6","23.6",2,-2,"8.7",50,10520,43517,19,450,"4.2","a",0,0,,"false"
"2026-09-28T10:10:54Z",470,"Morato","NFO","0.0","0.0","0.0","0.0",0,0,"0.0",50,0,110,0,0,"0.0","u",0,0,,"false"
"2026-09-28T10:10:54Z",471,"Milenković","NFO","-12.2","-12.3","-12.4","-12.6",-1,-4,"1.0",54,59,11657,12,270,"2.5","i",-1,-1,,"false"
"2026-09-28T10:10:54Z",472,"Murillo","NFO","23.2","23.2","23.2","23.3",2,2,"2.1",55,7703,7604,23,449,"4.8","a",0,0,,"false"
"2026-09-28T10:10:54Z",473,"Aina","NFO","-2.5","-2.5","-2.5","-2.6",-1,-1,"2.4",44,1017,19649,8,306,"0.8","a",-1,-1,,"false"
"2026-09-28T10:10:54Z",474,"Jair Cunha","NFO","-46.1","-46.1","-46.1","-46.1",-3,0,"0.2",45,230,611,11,360,"2.5","a",0,0,,"false"
"2026-09-28T10:10:54Z",475,"Savona","NFO","-16.7","-16.7","-16.7","-16.7",-1,0,"0.0",45,20,17,0,0,"0.0","i",0,0,,"false"
"2026-09-28T10:10:54Z",476,"O.Richards","NFO","-64.6","-64.6","-64.6","-64.6",-3,0,"0.2",40,282,697,0,0,"0.0","a",0,0,,"false"
"2026-09-28T10:10:54Z",477,"Abbott","NFO","0.0","0.0","0.0","0.0",0,0,"0.1",40,0,777,0,0,"0.0","u",0,0,,"false"
"2026-09-28T10:10:54Z",478,"Netz","NFO","-6.7","-6.7","-6.7","-6.7",-1,0,"0.0",44,54,110,3,27,"0.5","a",0,-1,,"false"
"2026-09-28T10:10:54Z",479,"Bindon","NFO","0.0","0.0","0.0","0.0",0,0,"0.1",40,0,503,0,0,"0.0","u",0,0,,"false"
"2026-09-28T10:10:54Z",480,"Gibbs-White","NFO","49.2","49.4","49.6","49.8",3,16,"15.7",80,61391,78095,28,450,"6.5","a",0,0,,"false"
"2026-09-28T10:10:54Z",482,"Hudson-Odoi","NFO","-36.3","-36.3","-36.3","-36.3",-2,0,"0.1",58,243,1117,1,1,"0.2","a",0,-2,,"false"
"2026-09-28T10:10:54Z",483,"Ndoye","NFO","12.9","12.9","12.9","12.9",1,-1,"0.7",55,712,7828,15,316,"3.0","a",0,0,,"false"
"2026-09-28T10:10:54Z",484,"Hutchinson","NFO","0.0","0.0","0.0","0.0",0,0,"0.1",54,0,338,0,0,"0.0","u",0,-1,,"false"
"2026-09-28T10:10:54Z",485,"Bakwa","NFO","0.0","0.0","0.0","0.0",0,0,"0.0",55,0,32,0,0,"0.0","u",0,0,,"false"
"2026-09-28T10:10:54Z",486,"McAtee","NFO","2.2","2.2","2.2","2.2",1,0,"0.1",55,327,874,12,416,"2.2","a",0,0,,"false"
"2026-09-28T10:10:54Z",487,"Dominguez","NFO","-64.3","-66.6","-71.1","-75.5",-3,-2,"0.1",49,60,284,1,1,"0.2","a",0,-1,,"false"
"2026-09-28T10:10:54Z",488,"I.Sangaré","NFO","-93.3","-93.3","-93.3","-93.3",-3,0,"0.4",49,284,2890,4,105,"0.5","a",0,-1,,"false"
"2026-09-28T10:10:54Z",489,"Yates","NFO","-84.1","-84.2","-84.4","-84.5",-3,-1,"1.2",45,563,7059,0,0,"0.0","a",0,0,,"false"
"2026-09-28T10:10:54Z",490,"Wood","NFO","-37.7","-37.8","-38.0","-38.1",-2,-1,"0.9",58,1815,6187,4,62,"0.8","a",0,-2,,"false"
"2026-09-28T10:10:54Z",491,"Igor Jesus","NFO","0.1","0.1","-0.2","-0.7",1,-8,"2.6",58,6718,22234,12,257,"2.5","a",0,-2,,"false"
"2026-09-28T10:10:54Z",493,"Kalimuendo","NFO","0.0","0.0","0.0","0.0",0,0,"0.1",54,210,400,1,1,"0.0","a",0,-1,,"false"
"2026-09-28T10:10:54Z",558,"Schlager","NFO","0.4","0.4","0.4","0.4",1,0,"0.1",50,206,744,13,376,"3.0","a",0,0,,"false"
"2026-09-28T10:10:54Z",581,"Diomande","NFO","-48.3","-48.3","-48.3","-48.3",-3,0,"0.5",54,1437,2143,7,163,"1.8","a",0,-1,,"false"
"2026-09-28T10:10:54Z",590,"Benda","NFO","0.0","0.0","0.0","0.0",0,0,"0.1",45,120,229,0,0,"0.0","a",0,0,,"false"
"2026-09-28T10:10:54Z",112,"Van Hecke","TOT","-26.4","-26.4","-26.3","-26.3",-2,1,"6.5",49,17258,26299,24,450,"5.8","a",0,-1,,"false"
"2026-09-28T10:10:54Z",147,"Tosin","TOT","-37.5","-37.5","-37.5","-37.5",-2,0,"0.1",44,95,536,1,5,"0.2","a",0,-1,,"false"
"2026-09-28T10:10:54Z",401,"Marmoush","TOT","36.2","36.2","36.1","36.1",2,-4,"2.1",70,9980,20668,8,339,"2.0","a",0,0,,"false"
"2026-09-28T10:10:54Z",403,"Sávio","TOT","10.4","10.4","10.4","10.4",1,0,"0.7",65,2678,6447,8,240,"2.0","a",0,0,,"false"
"2026-09-28T10:10:54Z",455,"Tonali","TOT","-18.0","-18.1","-18.4","-18.7",-1,-6,"1.8",53,2141,14416,14,427,"3.0","a",-1,-2,,"false"
"2026-09-28T10:10:54Z",494,"Vicario","TOT","0.0","0.0","0.0","0.0",0,0,"0.1",45,0,684,0,0,"0.0","u",0,0,,"false"
"2026-09-28T10:10:54Z",495,"Austin","TOT","2.1","2.1","2.1","2.1",1,1,"1.0",40,1816,2068,0,0,"0.0","a",0,0,,"false"
"2026-09-28T10:10:54Z",496,"Kinsky","TOT","-48.7","-48.8","-48.9","-49.1",-3,-20,"17.3",45,16411,106621,18,450,"4.0","a",0,0,,"false"
"2026-09-28T10:10:54Z",497,"Dubravka","TOT","-23.4","-23.4","-23.4","-23.5",-2,-3,"17.1",40,24892,45574,0,0,"0.0","a",0,0,,"false"
"2026-09-28T10:10:54Z",498,"Senesi","TOT","-51.8","-52.1","-52.5","-52.9",-3,-10,"3.5",58,1109,20593,3,90,"0.0","a",0,-2,,"false"
"2026-09-28T10:10:54Z",499,"Pedro Porro","TOT","-28.2","-28.3","-28.6","-28.9",-2,-27,"7.6",54,1634,71310,9,198,"2.2","d",0,-1,,"false"
"2026-09-28T10:10:54Z",500,"Romero","TOT","0.0","0.0","0.0","0.0",0,0,"0.1",50,0,270,0,0,"0.0","u",0,0,,"false"
"2026-09-28T10:10:54Z",502,"Robertson","TOT","0.4","0.3","0.3","0.2",1,-4,"2.5",44,5151,12058,17,366,"3.5","a",0,-1,,"false"
"2026-09-28T10:10:54Z",503,"Van de Ven","TOT","-20.6","-20.8","-21.1","-21.4",-2,-8,"3.8",50,5340,18853,16,360,"4.0","a",0,0,,"false"
"2026-09-28T10:10:54Z",505,"Spence","TOT","0.0","0.0","0.0","0.0",0,0,"0.2",45,0,1126,0,0,"0.0","u",0,0,,"false"
"2026-09-28T10:10:54Z",506,"Udogie","TOT","-19.6","-19.9","-20.4","-21.0",-1,-1,"0.3",44,320,1549,7,86,"1.5","a",0,-1,,"false"
"2026-09-28T10:10:54Z",507,"Phillips","TOT","0.0","0.0","0.0","0.0",0,0,"0.0",45,0,53,0,0,"0.0","u",0,0,,"false"
"2026-09-28T10:10:54Z",508,"Davies","TOT","1.5","1.5","1.5","1.6",1,4,"0.9",39,7058,3635,0,0,"0.0","a",-1,-1,,"false"
"2026-09-28T10:10:54Z",509,"Byfield","TOT","-3.5","-3.5","-3.5","-3.5",-1,0,"0.1",40,118,233,0,0,"0.0","a",0,0,,"false"
"2026-09-28T10:10:54Z",510,"Rowswell","TOT","-15.6","-15.6","-15.6","-15.6",-1,0,"0.1",40,147,327,0,0,"0.0","a",0,0,,"false"
"2026-09-28T10:10:54Z",511,"Souza","TOT","0.0","0.0","0.0","0.0",0,0,"0.2",40,0,847,0,0,"0.0","u",0,0,,"false"
"2026-09-28T10:10:54Z",512,"Kudus","TOT","2.0","2.0","2.0","2.1",1,2,"0.2",65,2097,1053,7,123,"1.8","a",0,0,,"false"
"2026-09-28T10:10:54Z",513,"Xavi","TOT","-16.5","-16.5","-16.5","-16.5",-1,0,"0.0",59,50,79,0,0,"0.0","i",0,-1,,"false"
"2026-09-28T10:10:54Z",514,"Tel","TOT","-24.8","-24.8","-24.8","-24.8",-2,0,"0.2",57,191,1878,8,257,"1.5","a",-1,-3,,"false"
"2026-09-28T10:10:54Z",515,"Maddison","TOT","-67.9","-67.9","-67.9","-67.9",-3,0,"0.4",63,697,1893,3,59,"0.5","a",0,-2,,"false"
"2026-09-28T10:10:54Z",516,"Bentancur","TOT","-70.7","-71.2","-72.2","-73.2",-3,-1,"0.2",55,340,652,15,370,"3.5","a",0,0,,"false"
"2026-09-28T10:10:54Z",517,"Odobert","TOT","0.0","0.0","0.0","0.0",0,0,"0.0",55,19,11,0,0,"0.0","i",0,0,,"false"
"2026-09-28T10:10:54Z",518,"P.M.Sarr","TOT","0.0","0.0","0.0","0.0",0,0,"0.1",49,0,642,0,0,"0.0","u",0,-1,,"false"
"2026-09-28T10:10:54Z",519,"Gallagher","TOT","0.1","0.1","0.1","0.1",1,0,"0.2",53,769,614,9,134,"2.2","a",0,-2,,"false"
"2026-09-28T10:10:54Z",520,"Bergvall","TOT","-2.6","-2.2","-1.5","-0.7",-1,1,"0.1",53,96,593,3,78,"0.5","a",-1,-2,,"false"
"2026-09-28T10:10:54Z",521,"Kulusevski","TOT","-80.3","-80.3","-80.3","-80.3",-3,0,"0.0",65,76,61,0,0,"0.0","i",0,0,,"false"
"2026-09-28T10:10:54Z",522,"Gray","TOT","-22.3","-22.3","-22.3","-22.3",-2,0,"0.2",49,446,1138,9,307,"1.8","a",0,-1,,"false"
"2026-09-28T10:10:54Z",523,"Moore","TOT","0.0","0.0","0.0","0.0",0,0,"0.1",50,0,516,3,89,"0.2","u",0,0,,"false"
"2026-09-28T10:10:54Z",524,"Olusesi","TOT","7.6","7.6","7.6","7.6",1,0,"1.0",44,5996,7352,0,0,"0.0","a",0,-1,,"false"
"2026-09-28T10:10:54Z",525,"Fernandes","TOT","-8.8","-8.9","-9.1","-9.4",-1,-2,"0.8",57,440,6345,7,249,"1.5","a",-1,-3,,"false"
"2026-09-28T10:10:54Z",526,"Solanke","TOT","-28.8","-29.2","-29.8","-30.5",-2,-4,"0.8",58,1736,5425,7,170,"1.5","a",0,-2,,"false"
"2026-09-28T10:10:54Z",527,"Richarlison","TOT","0.0","0.0","0.0","0.0",0,-2,"0.6",59,0,5455,2,67,"0.0","u",0,-1,,"false"
"2026-09-28T10:10:54Z",528,"Scarlett","TOT","0.0","0.0","0.0","0.0",0,-9,"1.1",45,0,7711,0,0,"0.0","u",0,0,,"false"
"2026-09-28T10:10:54Z",578,"Mudryk","TOT","-10.7","-10.7","-10.7","-10.7",-1,0,"0.0",53,19,538,1,16,"0.2","i",-1,-2,,"false"
"2026-09-28T10:10:54Z",601,"Williams-Barnett","TOT","-49.8","-49.8","-49.8","-49.8",-3,0,"0.1",45,160,729,0,0,"0.0","a",0,0,,"false"
"2026-09-28T10:10:54Z",501,"Danso","SUN","-80.3","-80.3","-80.3","-80.3",-3,0,"0.2",50,1107,799,3,270,"0.8","a",0,0,,"false"
"2026-09-28T10:10:54Z",529,"Roefs","SUN","-15.5","-15.5","-15.5","-15.5",-1,0,"2.5",49,1981,11080,11,450,"2.5","a",0,-1,,"false"
"2026-09-28T10:10:54Z",530,"Patterson","SUN","0.0","0.0","0.0","0.0",0,0,"0.1",40,0,332,0,0,"0.0","u",0,0,,"false"
"2026-09-28T10:10:54Z",531,"Ellborg","SUN","-99.5","-99.5","-99.5","-99.5",-4,0,"0.1",45,123,235,0,0,"0.0","a",0,0,,"false"
"2026-09-28T10:10:54Z",532,"Ballard","SUN","-50.2","-50.4","-50.8","-51.2",-3,-12,"2.5",49,3564,15540,14,450,"3.5","d",0,-1,,"false"
"2026-09-28T10:10:54Z",533,"Mukiele","SUN","-16.1","-16.3","-16.7","-17.1",-1,-5,"1.9",54,4905,8412,13,360,"3.2","a",0,-1,,"false"
"2026-09-28T10:10:54Z",534,"Hume","SUN","-7.2","-7.2","-7.3","-7.4",-1,-3,"2.8",43,1176,28583,10,206,"2.0","a",-1,-2,,"false"
"2026-09-28T10:10:54Z",535,"Alderete","SUN","-6.1","-6.1","-6.1","-6.1",-1,0,"0.2",48,211,1021,1,23,"0.0","a",-1,-2,,"false"
"2026-09-28T10:10:54Z",536,"Reinildo","SUN","-0.0","-0.0","-0.0","-0.0",0,0,"0.3",44,173,1528,7,360,"1.5","a",-1,-1,"2026-09-28T16:00:10.163369Z","false"
"2026-09-28T10:10:54Z",537,"Seelt","SUN","0.0","0.0","0.0","0.0",0,0,"0.0",45,0,22,0,0,"0.0","u",0,0,,"false"
"2026-09-28T10:10:54Z",538,"Hjelde","SUN","0.0","0.0","0.0","0.0",0,0,"0.0",40,0,148,0,0,"0.0","u",0,0,,"false"
"2026-09-28T10:10:54Z",539,"O'Nien","SUN","3.8","3.9","3.9","3.9",1,3,"2.5",39,16925,10968,1,66,"0.0","a",-1,-1,,"false"
"2026-09-28T10:10:54Z",540,"Masuaku","SUN","0.0","0.0","0.0","0.0",0,0,"0.1",40,0,600,0,0,"0.0","u",0,0,,"false"
"2026-09-28T10:10:54Z",541,"Meunier","SUN","-32.0","-32.0","-32.0","-32.0",-2,0,"0.3",45,1548,813,14,396,"3.2","a",0,0,,"false"
"2026-09-28T10:10:54Z",542,"E.Le Fée","SUN","-4.1","-4.1","-4.1","-4.2",-1,-1,"3.4",57,10763,22870,18,438,"4.0","a",-1,-3,,"false"
"2026-09-28T10:10:54Z",543,"Diarra","SUN","-99.8","-99.8","-99.8","-99.8",-4,0,"0.0",54,18,207,5,28,"1.0","i",0,-1,,"false"
"2026-09-28T10:10:54Z",544,"Xhaka","SUN","-70.4","-70.4","-70.4","-70.4",-3,-1,"3.6",55,5908,22370,21,450,"3.0","a",0,0,,"false"
"2026-09-28T10:10:54Z",545,"Sadiki","SUN","-70.3","-70.3","-70.3","-70.3",-3,0,"0.2",49,386,1279,10,410,"2.0","a",0,-1,,"false"
"2026-09-28T10:10:54Z",546,"Adingra","SUN","0.0","0.0","0.0","0.0",0,0,"0.0",49,0,182,0,0,"0.0","u",0,-1,,"false"
"2026-09-28T10:10:54Z",547,"Mundle","SUN","-74.5","-74.5","-74.5","-74.5",-3,0,"0.0",49,10,51,1,1,"0.2","i",0,-1,,"false"
"2026-09-28T10:10:54Z",548,"Rigg","SUN","-73.4","-73.4","-73.4","-73.4",-3,0,"0.0",49,29,217,2,17,"0.2","a",0,-1,,"false"
"2026-09-28T10:10:54Z",549,"Talbi","SUN","-27.7","-27.7","-27.7","-27.7",-2,0,"0.1",53,104,543,1,31,"0.0","a",0,-2,,"false"
"2026-09-28T10:10:54Z",550,"Jocelin.T","SUN","-91.3","-91.3","-91.3","-91.3",-3,0,"0.0",50,27,39,0,0,"0.0","a",0,0,,"false"
"2026-09-28T10:10:54Z",551,"N.Angulo","SUN","1.3","1.3","1.3","1.3",1,0,"0.1",50,484,744,16,313,"2.8","a",0,0,,"false"
"2026-09-28T10:10:54Z",552,"Brobbey","SUN","79.0","79.0","78.9","78.8",3,-5,"7.0",57,192312,40302,24,399,"5.5","d",-1,-3,,"false"
"2026-09-28T10:10:54Z",553,"Isidor","SUN","3.0","3.0","2.9","2.9",1,-5,"1.3",55,2923,11155,15,117,"3.5","a",0,0,,"false"
"2026-09-28T10:10:54Z",612,"Methalie","SUN","0.0","0.0","0.0","0.0",0,0,"0.0",45,105,64,-1,90,"-0.2","a",0,0,,"false"
"2026-09-28T10:10:54Z",613,"Ahoka","SUN","-43.2","-43.8","-44.9","-46.0",-3,-2,"0.2",45,566,1540,0,0,"0.0","a",0,0,,"false"
"2026-09-28T10:10:54Z",646,"Fofana","SUN","-13.6","-13.6","-13.6","-13.6",-1,0,"0.0",55,312,290,3,60,"1.0","a",0,0,,"false"
"2026-09-28T10:10:54Z",651,"J.Angulo","SUN","4.7","4.7","4.8","4.8",1,4,"0.7",45,8371,6996,0,0,"0.0","a",0,0,,"false"
"2026-09-28T15:22:48Z",1,"Raya","ARS","1.2","1.2","1.2","1.3",1,5,"42.3",61,121775,45164,30,450,"6.0","a",1,1,,"false"
"2026-09-28T15:22:48Z",2,"Arrizabalaga","ARS","-47.5","-47.5","-47.5","-47.5",-3,0,"0.1",49,102,243,0,0,"0.0","a",0,-1,,"false"
"2026-09-28T15:22:48Z",3,"Meslier","ARS","-37.3","-37.3","-37.3","-37.3",-2,0,"0.0",49,45,117,0,0,"0.0","a",0,-1,,"false"
"2026-09-28T15:22:48Z",4,"Gabriel","ARS","-86.1","-86.1","-86.1","-86.0",-3,5,"22.7",80,22982,64000,25,450,"5.0","a",0,0,,"false"
"2026-09-28T15:22:48Z",5,"J.Timber","ARS","10.6","10.6","10.8","10.9",1,11,"0.4",65,11804,3878,1,104,"0.2","a",0,0,,"false"
"2026-09-28T15:22:48Z",6,"Saliba","ARS","-24.4","-24.5","-24.8","-25.1",-2,-1,"0.2",59,371,1050,0,0,"0.0","i",0,-1,,"false"
"2026-09-28T15:22:48Z",7,"Lewis-Skelly","ARS","-15.1","-15.1","-15.1","-15.1",-1,0,"0.6",54,871,4831,9,271,"1.5","a",-1,-1,,"false"
"2026-09-28T15:22:48Z",8,"Calafiori","ARS","91.1","91.1","91.3","91.5",3,13,"50.5",58,72462,60772,29,416,"5.0","a",0,3,,"false"
"2026-09-28T15:22:48Z",9,"Hincapie","ARS","-5.0","-5.1","-5.2","-5.3",-1,-1,"0.9",52,1382,5557,2,32,"0.2","a",-1,-3,,"false"
"2026-09-28T15:22:48Z",10,"White","ARS","-45.4","-45.7","-46.6","-47.5",-3,-55,"4.9",55,3220,64854,21,315,"2.5","d",0,0,,"false"
"2026-09-28T15:22:48Z",11,"Mosquera","ARS","-24.1","-24.2","-24.6","-24.9",-2,-4,"1.6",53,1144,9093,12,168,"1.5","a",0,-2,,"false"
"2026-09-28T15:22:48Z",12,"Saka","ARS","87.5","87.8","88.7","89.6",3,61,"13.7",95,101137,44932,32,416,"5.8","a",0,0,,"false"
"2026-09-28T15:22:48Z",13,"Rice","ARS","-31.8","-32.1","-33.0","-33.9",-2,-135,"11.7",74,7448,78573,20,411,"4.2","d",0,-1,,"false"
"2026-09-28T15:22:48Z",14,"Eze","ARS","-0.4","-0.4","-0.4","-0.4",-1,0,"1.0",62,2141,6534,4,85,"0.8","a",-1,-3,,"false"
"2026-09-28T15:22:48Z",15,"Ødegaard","ARS","-1.6","-1.5","-0.8","-0.2",-1,43,"19.8",68,72390,84700,29,377,"4.5","a",0,3,,"false"
"2026-09-28T15:22:48Z",16,"Madueke","ARS","-24.7","-24.9","-25.8","-26.7",-2,-1,"0.2",62,714,1522,2,23,"0.2","a",0,-3,,"false"
"2026-09-28T15:22:48Z",17,"Merino","ARS","-97.5","-97.9","-99.3","-100.7",-4,-4,"0.4",58,708,2790,4,81,"0.8","a",0,-2,,"false"
"2026-09-28T15:22:48Z",18,"Martinelli","ARS","0.0","0.0","0.0","0.0",0,-2,"0.1",63,0,533,0,0,"0.0","u",0,-2,,"false"
"2026-09-28T15:22:48Z",19,"Zubimendi","ARS","-45.8","-45.8","-46.2","-46.5",-3,-1,"0.6",53,478,3601,5,89,"1.0","a",0,-2,,"false"
"2026-09-28T15:22:48Z",20,"Dowman","ARS","-26.0","-24.7","-20.3","-15.9",-2,2,"0.1",53,443,564,1,9,"0.2","a",0,-2,,"false"
"2026-09-28T15:22:48Z",22,"Nwaneri","ARS","0.0","0.0","0.0","0.0",0,0,"0.0",54,0,48,0,0,"0.0","u",0,-1,,"false"
"2026-09-28T15:22:48Z",23,"Fábio Vieira","ARS","0.0","0.0","0.0","0.0",0,-1,"0.0",55,0,38,0,0,"0.0","u",0,0,,"false"
"2026-09-28T15:22:48Z",24,"Nelson","ARS","0.0","0.0","0.0","0.0",0,0,"0.0",55,0,22,0,0,"0.0","u",0,0,,"false"
"2026-09-28T15:22:48Z",25,"Gyökeres","ARS","-4.5","-4.2","-3.2","-2.3",-1,34,"3.1",71,9082,16132,2,29,"0.5","a",-1,-4,,"false"
"2026-09-28T15:22:48Z",26,"Havertz","ARS","7.2","6.5","4.4","2.2",1,-148,"8.3",76,50092,56810,19,437,"3.2","d",0,1,,"false"
"2026-09-28T15:22:48Z",27,"G.Jesus","ARS","0.0","0.0","0.0","0.0",0,0,"0.1",59,0,972,0,0,"0.0","u",0,-1,,"false"
"2026-09-28T15:22:48Z",31,"Konsa","ARS","0.8","0.8","0.9","0.9",1,12,"19.4",46,87200,43264,12,281,"3.0","a",1,1,,"false"
"2026-09-28T15:22:48Z",452,"Bruno G.","ARS","0.4","0.3","0.3","0.3",1,-2,"1.8",67,5269,7294,9,123,"2.2","a",0,-3,,"false"
"2026-09-28T15:22:48Z",557,"Tzolis","ARS","-11.0","-11.1","-11.3","-11.5",-1,-32,"12.2",63,11377,135395,16,362,"2.5","a",-1,-2,,"false"
"2026-09-28T15:22:48Z",29,"M.Bizot","AVL","-36.0","-36.3","-37.3","-38.2",-2,-2,"0.1",45,58,981,1,90,"0.0","i",0,0,,"false"
"2026-09-28T15:22:48Z",30,"Digne","AVL","0.0","0.0","0.0","0.0",0,0,"0.0",45,0,211,0,0,"0.0","u",0,0,,"false"
"2026-09-28T15:22:48Z",32,"Cash","AVL","-21.8","-21.9","-22.4","-22.8",-2,-13,"4.8",44,2533,24208,6,296,"1.8","a",0,-1,,"false"
"2026-09-28T15:22:48Z",33,"Mings","AVL","0.7","0.7","0.6","0.6",1,-1,"0.4",45,1605,1339,10,261,"2.2","a",0,0,,"false"
"2026-09-28T15:22:48Z",34,"Pau","AVL","-98.5","-98.8","-99.8","-100.7",-4,-5,"0.3",45,40,3016,3,187,"0.8","i",0,0,,"false"
"2026-09-28T15:22:48Z",35,"Bogarde","AVL","-3.2","-3.2","-3.2","-3.2",-1,0,"0.1",49,164,430,1,16,"0.0","a",-1,-1,,"false"
"2026-09-28T15:22:48Z",36,"Maatsen","AVL","-1.8","-1.9","-2.2","-2.4",-1,-4,"0.5",44,48,5914,9,335,"2.2","i",-1,-1,,"false"
"2026-09-28T15:22:48Z",37,"Lindelöf","AVL","0.9","0.9","0.9","0.9",1,0,"0.3",45,958,1218,8,450,"2.5","a",0,0,,"false"
"2026-09-28T15:22:48Z",38,"A.García","AVL","-33.4","-33.5","-33.9","-34.3",-2,-4,"1.5",40,1775,5825,0,0,"0.0","a",0,0,,"false"
"2026-09-28T15:22:48Z",39,"Nedeljkovic","AVL","0.0","0.0","0.0","0.0",0,0,"0.1",40,0,521,0,0,"0.0","u",0,0,,"false"
"2026-09-28T15:22:48Z",41,"Buendía","AVL","-37.6","-37.5","-36.9","-36.4",-2,4,"1.0",59,11534,3907,21,401,"4.8","a",0,-1,,"false"
"2026-09-28T15:22:48Z",44,"Bailey","AVL","0.0","0.0","0.0","0.0",0,0,"0.1",54,0,455,0,0,"0.0","u",0,-1,,"false"
"2026-09-28T15:22:48Z",45,"McGinn","AVL","-19.6","-19.7","-19.7","-19.8",-1,-1,"2.2",54,6485,8056,17,434,"4.0","a",0,-1,,"false"
"2026-09-28T15:22:48Z",46,"Barkley","AVL","0.5","0.5","0.5","0.5",1,0,"0.3",50,540,1713,10,308,"2.0","a",0,0,,"false"
"2026-09-28T15:22:48Z",47,"Kamara","AVL","-77.9","-78.1","-78.7","-79.2",-3,-1,"0.3",50,1240,1501,15,443,"3.2","a",0,0,,"false"
"2026-09-28T15:22:48Z",48,"Onana","AVL","-10.5","-10.5","-10.5","-10.5",-1,0,"0.0",49,38,91,0,0,"0.0","i",0,-1,,"false"
"2026-09-28T15:22:48Z",49,"Iling Jr","AVL","0.0","0.0","0.0","0.0",0,0,"0.0",50,0,10,0,0,"0.0","u",0,0,,"false"
"2026-09-28T15:22:48Z",50,"Burrowes","AVL","-75.7","-76.0","-76.9","-77.8",-3,-4,"0.6",45,611,3261,0,0,"0.0","a",0,0,,"false"
"2026-09-28T15:22:48Z",51,"George Hemmings","AVL","13.4","13.3","13.3","13.2",1,-4,"1.2",45,3074,9292,9,297,"1.8","a",0,0,,"false"
"2026-09-28T15:22:48Z",52,"Alysson","AVL","-0.1","-0.1","-0.1","-0.1",-1,0,"0.0",50,66,749,8,87,"1.8","d",0,0,,"false"
"2026-09-28T15:22:48Z",53,"Manzambi","AVL","7.8","7.9","8.1","8.2",1,13,"0.4",59,27072,2982,14,98,"3.5","a",0,-1,,"false"
"2026-09-28T15:22:48Z",54,"Gomes","AVL","0.1","0.1","0.1","0.1",1,0,"0.0",55,436,184,2,129,"1.0","a",0,0,,"false"
"2026-09-28T15:22:48Z",55,"Watkins","AVL","0.0","0.0","0.0","0.0",0,-16,"2.5",78,0,11915,0,0,"0.0","u",0,-2,,"false"
"2026-09-28T15:22:48Z",56,"Abraham","AVL","3.3","3.3","3.4","3.4",1,1,"0.2",55,1583,1660,4,71,"1.0","a",0,0,,"false"
"2026-09-28T15:22:48Z",160,"Garnacho","AVL","-63.2","-63.2","-63.2","-63.2",-3,0,"0.3",58,502,2669,3,31,"0.5","a",0,-2,,"false"
"2026-09-28T15:22:48Z",166,"N.Jackson","AVL","49.3","49.5","50.0","50.6",3,40,"1.5",65,33501,7506,10,286,"2.5","a",0,0,,"false"
"2026-09-28T15:22:48Z",582,"Madjo","AVL","-23.5","-23.5","-23.5","-23.5",-2,0,"0.2",54,177,1688,0,0,"0.0","i",0,-1,,"false"
"2026-09-28T15:22:48Z",596,"Ruggeri","AVL","-73.3","-74.0","-75.9","-77.9",-3,-1,"0.1",45,478,307,5,113,"1.0","a",0,0,,"false"
"2026-09-28T15:22:48Z",597,"Suzuki","AVL","28.7","28.8","28.8","28.9",2,5,"1.9",50,12976,6137,16,360,"4.0","a",0,0,,"false"
"2026-09-28T15:22:48Z",606,"Rowe","AVL","0.2","0.2","0.2","0.2",1,0,"0.2",40,298,867,0,0,"0.0","a",0,0,,"false"
"2026-09-28T15:22:48Z",607,"Lynch","AVL","0.0","0.0","0.0","0.0",0,0,"0.1",45,0,684,0,0,"0.0","u",0,0,,"false"
"2026-09-28T15:22:48Z",611,"Wan-Bissaka","AVL","2.0","2.0","2.0","2.0",1,0,"0.2",45,1379,1374,6,152,"1.5","a",0,0,,"false"
"2026-09-28T15:22:48Z",618,"Goretzka","AVL","-39.1","-39.1","-39.1","-39.1",-2,0,"0.0",59,22,403,0,0,"0.0","i",0,-1,,"false"
"2026-09-28T15:22:48Z",630,"Harwood-Bellis","AVL","0.0","0.0","0.0","0.0",0,0,"0.0",45,178,174,0,0,"0.0","a",0,0,,"false"
"2026-09-28T15:22:48Z",631,"Mbaye","AVL","0.3","0.3","0.3","0.3",1,-1,"0.1",60,856,1083,2,33,"0.7","a",0,0,,"false"
"2026-09-28T15:22:48Z",667,"Wright","AVL","0.0","0.0","0.0","0.0",0,0,"0.1",40,6809,766,0,0,"0.0","a",0,0,"2026-10-02T19:12:30.130761Z","false"
"2026-09-28T15:22:48Z",57,"Petrović","BOU","0.3","0.3","0.3","0.3",1,0,"3.0",45,5817,11173,9,450,"1.3","a",0,0,,"false"
"2026-09-28T15:22:48Z",58,"Forster","BOU","4.5","4.5","4.5","4.5",1,2,"3.5",40,7826,6934,0,0,"0.0","a",0,0,,"false"
"2026-09-28T15:22:48Z",59,"Dennis","BOU","0.0","0.0","0.0","0.0",0,0,"0.1",40,0,524,0,0,"0.0","u",0,0,,"false"
"2026-09-28T15:22:48Z",60,"Hill","BOU","-32.8","-32.6","-31.8","-31.0",-2,4,"0.8",55,2971,2963,12,450,"2.3","a",0,0,,"false"
"2026-09-28T15:22:48Z",61,"Truffert","BOU","-1.2","-1.3","-1.5","-1.7",-1,-7,"3.0",54,4295,11626,10,450,"1.7","a",-1,-1,,"false"
"2026-09-28T15:22:48Z",62,"Diakité","BOU","-5.3","-5.3","-5.3","-5.3",-1,0,"0.2",49,451,928,0,0,"0.0","a",-1,-1,,"false"
"2026-09-28T15:22:48Z",63,"Milosavljević","BOU","-3.8","-3.8","-3.8","-3.8",-1,0,"0.0",49,27,43,0,0,"0.0","i",0,-1,,"false"
"2026-09-28T15:22:48Z",64,"Smith","BOU","0.3","0.3","0.3","0.3",1,0,"0.1",45,381,459,4,434,"0.7","a",0,0,,"false"
"2026-09-28T15:22:48Z",65,"J.Araujo","BOU","-12.0","-12.0","-12.0","-12.0",-1,0,"0.0",44,34,51,0,0,"0.0","i",0,-1,,"false"
"2026-09-28T15:22:48Z",66,"Soler","BOU","1.3","1.3","1.3","1.3",1,0,"0.3",40,705,1081,0,0,"0.0","a",0,0,,"false"
"2026-09-28T15:22:48Z",67,"Rayan","BOU","-9.5","-9.4","-9.2","-9.0",-1,4,"1.6",63,3757,9417,10,434,"2.0","a",-1,-2,,"false"
"2026-09-28T15:22:48Z",68,"Tavernier","BOU","29.3","29.4","29.7","29.9",2,19,"6.7",61,78233,41448,31,424,"6.7","a",0,1,,"false"
"2026-09-28T15:22:48Z",69,"Scott","BOU","0.4","0.4","0.5","0.5",1,2,"5.8",61,22619,37010,30,446,"5.3","a",0,1,,"false"
"2026-09-28T15:22:48Z",70,"Kluivert","BOU","-50.3","-50.5","-51.5","-52.4",-3,-15,"0.9",60,2290,17158,15,294,"3.0","i",0,0,,"false"
"2026-09-28T15:22:48Z",71,"Cook","BOU","-11.2","-11.8","-13.6","-15.3",-1,-2,"0.2",50,256,1113,8,180,"0.7","a",0,0,,"false"
"2026-09-28T15:22:48Z",72,"Gannon-Doak","BOU","-61.3","-61.3","-61.3","-61.3",-3,0,"0.1",49,135,357,4,12,"1.0","a",0,-1,,"false"
"2026-09-28T15:22:48Z",73,"Adams","BOU","1.5","1.5","1.5","1.5",1,-1,"0.3",50,1040,1575,12,279,"3.3","a",0,0,,"false"
"2026-09-28T15:22:48Z",74,"Brooks","BOU","-19.0","-19.0","-19.0","-19.0",-1,0,"0.1",50,167,313,3,45,"0.7","a",0,0,,"false"
"2026-09-28T15:22:48Z",75,"Christie","BOU","0.4","0.4","0.4","0.4",1,0,"0.0",50,283,236,5,102,"1.3","a",0,0,,"false"
"2026-09-28T15:22:48Z",76,"Tóth.A","BOU","-11.9","-11.9","-11.9","-11.9",-1,0,"0.0",49,25,54,2,17,"0.3","a",0,-1,,"false"
"2026-09-28T15:22:48Z",77,"Adli","BOU","-80.9","-80.9","-80.9","-80.9",-3,0,"0.0",49,22,72,0,0,"0.0","i",0,-1,,"false"
"2026-09-28T15:22:48Z",78,"Kroupi.Jr","BOU","-72.8","-72.8","-72.8","-72.8",-3,0,"0.2",74,175,810,0,0,"0.0","i",0,-1,,"false"
"2026-09-28T15:22:48Z",79,"Evanilson","BOU","49.2","49.3","49.5","49.8",3,16,"3.2",60,16472,20126,18,424,"3.0","a",0,0,,"false"
"2026-09-28T15:22:48Z",80,"Enes Ünal","BOU","0.0","0.0","0.0","0.0",0,0,"0.0",55,0,48,0,0,"0.0","u",0,0,,"false"
"2026-09-28T15:22:48Z",81,"Rodríguez","BOU","-33.1","-32.3","-29.8","-27.4",-2,2,"0.1",60,713,681,2,10,"0.3","a",0,0,,"false"
"2026-09-28T15:22:48Z",566,"Silva","BOU","1.3","1.3","1.4","1.4",1,2,"0.4",50,5504,3179,13,450,"2.3","a",0,0,,"false"
"2026-09-28T15:22:48Z",573,"Sanchez","BOU","-11.8","-12.2","-13.2","-14.3",-1,-1,"0.2",44,142,413,0,0,"0.0","a",0,-1,,"false"
"2026-09-28T15:22:48Z",608,"Jebbison","BOU","0.5","0.5","0.5","0.5",1,0,"0.1",50,849,861,3,31,"0.7","a",0,0,,"false"
"2026-09-28T15:22:48Z",615,"Di Gregorio","BOU","-27.0","-28.6","-33.5","-38.4",-2,-1,"0.0",45,180,184,0,0,"0.0","a",0,0,,"false"
"2026-09-28T15:22:48Z",82,"Kelleher","BRE","19.7","19.7","19.8","19.8",1,5,"6.1",50,19063,12762,20,450,"3.2","a",0,0,,"false"
"2026-09-28T15:22:48Z",83,"Valdimarsson","BRE","-72.6","-73.2","-75.0","-76.8",-3,-1,"0.1",45,280,318,0,0,"0.0","a",0,0,,"false"
"2026-09-28T15:22:48Z",84,"Collins","BRE","-26.9","-27.0","-27.6","-28.1",-2,-10,"1.0",54,113,8964,10,196,"1.0","i",0,-1,,"false"
"2026-09-28T15:22:48Z",85,"Van den Berg","BRE","-76.8","-76.8","-76.8","-76.8",-3,0,"0.1",49,36,315,0,0,"0.0","i",0,-1,,"false"
"2026-09-28T15:22:48Z",86,"Lewis-Potter","BRE","31.4","31.4","31.3","31.3",2,-3,"1.7",55,3564,11570,22,406,"3.0","a",0,0,,"false"
"2026-09-28T15:22:48Z",87,"Ajer","BRE","29.9","29.8","29.8","29.7",2,-4,"3.9",45,10733,21586,21,450,"3.2","a",0,0,,"false"
"2026-09-28T15:22:48Z",88,"Kayode","BRE","-36.7","-36.6","-36.5","-36.3",-2,8,"7.6",46,12357,20286,23,294,"2.5","a",0,1,,"false"
"2026-09-28T15:22:48Z",89,"Henry","BRE","-15.0","-15.0","-15.0","-15.0",-1,0,"0.2",44,153,569,1,2,"0.2","a",0,-1,,"false"
"2026-09-28T15:22:48Z",90,"Hickey","BRE","-27.8","-27.8","-27.8","-27.8",-2,0,"0.1",45,176,236,5,152,"1.0","a",0,0,,"false"
"2026-09-28T15:22:48Z",92,"Ji-soo","BRE","-4.3","-4.3","-4.3","-4.3",-1,0,"0.0",44,58,85,0,0,"0.0","a",-1,-1,,"false"
"2026-09-28T15:22:48Z",93,"Schuster","BRE","4.8","4.9","5.0","5.2",1,10,"0.3",45,14598,2091,21,253,"5.2","a",0,0,,"false"
"2026-09-28T15:22:48Z",94,"Schade","BRE","10.9","11.3","12.5","13.7",1,229,"11.4",62,376368,22675,39,447,"9.0","a",1,2,,"false"
"2026-09-28T15:22:48Z",95,"O.Dango","BRE","-45.9","-45.9","-45.9","-45.9",-3,0,"0.5",63,771,3496,7,179,"1.0","a",0,-2,,"false"
"2026-09-28T15:22:48Z",96,"Damsgaard","BRE","-8.4","-8.1","-7.2","-6.3",-1,3,"0.4",54,1481,1959,16,283,"3.8","a",0,-1,,"false"
"2026-09-28T15:22:48Z",97,"Jensen","BRE","-54.3","-54.3","-54.3","-54.3",-3,0,"0.1",54,19,611,6,66,"0.0","i",0,-1,,"false"
"2026-09-28T15:22:48Z",98,"Janelt","BRE","75.4","75.4","75.5","75.5",3,2,"2.5",50,18634,17091,28,450,"4.8","a",0,0,,"false"
"2026-09-28T15:22:48Z",99,"Milambo","BRE","-41.8","-41.8","-41.8","-41.8",-3,0,"0.0",50,6,7,0,0,"0.0","i",0,0,,"false"
"2026-09-28T15:22:48Z",100,"Carvalho","BRE","0.3","0.3","0.3","0.3",1,0,"0.0",50,589,168,6,3,"1.5","a",0,0,,"false"
"2026-09-28T15:22:48Z",102,"Yarmoliuk","BRE","-16.9","-16.7","-16.3","-15.8",-1,2,"0.6",48,1275,3128,9,216,"2.0","a",0,-2,,"false"
"2026-09-28T15:22:48Z",103,"Dasilva","BRE","-58.8","-58.8","-58.8","-58.8",-3,0,"0.0",49,9,98,0,0,"0.0","i",0,-1,,"false"
"2026-09-28T15:22:48Z",105,"Anthony","BRE","0.7","0.8","0.8","0.9",1,4,"0.1",59,2235,580,15,267,"3.5","a",0,-1,,"false"
"2026-09-28T15:22:48Z",106,"Thiago","BRE","8.6","9.0","10.4","11.8",1,96,"9.1",78,53481,36235,10,442,"2.5","a",0,-2,,"false"
"2026-09-28T15:22:48Z",107,"Furo","BRE","-5.1","-5.4","-6.2","-7.1",-1,-15,"0.9",45,590,9159,0,0,"0.0","i",0,0,,"false"
"2026-09-28T15:22:48Z",108,"Wilson","BRE","-11.4","-11.3","-11.0","-10.6",-1,1,"0.3",54,1127,2368,3,13,"0.5","a",-1,-1,,"false"
"2026-09-28T15:22:48Z",565,"M.Sangaré","BRE","-30.0","-30.2","-30.6","-31.0",-2,-46,"9.9",56,8105,135482,22,321,"2.0","a",-1,1,,"false"
"2026-09-28T15:22:48Z",620,"Diouf","BRE","-34.5","-34.5","-34.5","-34.5",-2,0,"0.1",45,449,653,2,39,"0.5","a",0,0,,"false"
"2026-09-28T15:22:48Z",657,"Nunes","BRE","0.0","-3.7","-16.9","-30.1",-1,-2,"0.0",45,330,264,0,0,"0.0","a",0,0,,"false"
"2026-09-28T15:22:48Z",660,"Fredrick","BRE","0.0","0.0","0.0","0.0",0,0,"0.0",40,502,63,0,0,"0.0","a",0,0,"2026-10-01T21:16:22.650713Z","false"
"2026-09-28T15:22:48Z",661,"Balcombe","BRE","0.0","0.0","0.0","0.0",0,0,"0.0",40,2784,520,0,0,"0.0","a",0,0,"2026-10-01T21:16:40.866514Z","false"
"2026-09-28T15:22:48Z",109,"Verbruggen","BHA","62.1","62.2","62.5","62.8",3,22,"21.6",45,68936,68723,23,450,"4.2","a",0,0,,"false"
"2026-09-28T15:22:48Z",111,"Steele","BHA","-0.5","-0.5","-0.4","-0.4",-1,1,"4.1",40,6864,14199,0,0,"0.0","a",0,0,,"false"
"2026-09-28T15:22:48Z",113,"F.Kadıoğlu","BHA","-58.5","-58.5","-58.5","-58.5",-3,0,"1.6",44,3809,6586,13,332,"3.2","a",0,-1,,"false"
"2026-09-28T15:22:48Z",114,"Boscagli","BHA","2.6","2.6","2.6","2.7",1,4,"0.3",45,1915,737,19,437,"3.2","a",0,0,,"false"
"2026-09-28T15:22:48Z",115,"De Cuyper","BHA","1.2","1.5","2.3","3.0",1,145,"27.7",50,289874,19656,38,423,"5.2","a",1,5,,"false"
"2026-09-28T15:22:48Z",116,"Dunk","BHA","19.8","19.7","19.4","19.1",1,-19,"1.5",45,7501,9173,22,360,"4.0","d",0,0,,"false"
"2026-09-28T15:22:48Z",117,"Coppola","BHA","-9.6","-9.6","-9.6","-9.6",-1,0,"0.0",45,106,87,0,0,"0.0","a",0,0,,"false"
"2026-09-28T15:22:48Z",118,"Igor","BHA","0.0","0.0","0.0","0.0",0,-1,"0.0",45,0,272,0,0,"0.0","u",0,0,,"false"
"2026-09-28T15:22:48Z",119,"Costinha","BHA","0.0","0.0","0.0","0.0",0,0,"0.0",45,164,129,4,68,"0.8","a",0,0,,"false"
"2026-09-28T15:22:48Z",120,"Svoboda","BHA","0.5","0.5","0.5","0.5",1,1,"0.1",50,1302,446,1,4,"0.2","a",0,0,,"false"
"2026-09-28T15:22:48Z",121,"Mitoma","BHA","-24.6","-24.6","-24.6","-24.6",-2,0,"0.0",59,116,165,0,0,"0.0","i",0,-1,,"false"
"2026-09-28T15:22:48Z",122,"Minteh","BHA","-4.4","-4.4","-4.4","-4.4",-1,0,"0.0",58,44,207,0,0,"0.0","i",-1,-2,,"false"
"2026-09-28T15:22:48Z",123,"Hinshelwood","BHA","-37.4","-37.8","-38.9","-40.0",-2,-11,"0.6",59,256,6512,16,63,"0.0","i",0,-1,,"false"
"2026-09-28T15:22:48Z",124,"Groß","BHA","86.9","87.7","90.1","92.6",3,460,"28.7",58,767299,10968,47,450,"11.2","a",1,3,,"false"
"2026-09-28T15:22:48Z",125,"Georginio","BHA","-0.1","0.0","0.1","0.3",0,8,"0.5",53,2509,3679,6,104,"0.2","a",-1,-2,,"false"
"2026-09-28T15:22:48Z",126,"O'Riley","BHA","-8.2","-8.2","-8.2","-8.2",-1,0,"0.1",54,408,547,2,10,"0.5","a",0,-1,,"false"
"2026-09-28T15:22:48Z",127,"Gomez","BHA","30.3","30.3","30.3","30.4",2,3,"4.0",50,11734,37196,24,433,"4.5","a",0,0,,"false"
"2026-09-28T15:22:48Z",128,"Buonanotte","BHA","0.0","0.0","0.0","0.0",0,0,"0.0",50,0,7,0,0,"0.0","u",0,0,,"false"
"2026-09-28T15:22:48Z",129,"Ayari","BHA","-45.7","-45.2","-43.6","-42.0",-3,4,"0.4",54,2151,1910,15,333,"3.2","a",0,-1,,"false"
"2026-09-28T15:22:48Z",130,"Wieffer","BHA","-28.7","-28.9","-29.4","-29.9",-2,-2,"0.2",49,28,1887,7,156,"0.0","i",0,-1,,"false"
"2026-09-28T15:22:48Z",132,"Howell","BHA","0.0","0.0","0.0","0.0",0,0,"0.0",45,0,192,0,0,"0.0","u",0,0,,"false"
"2026-09-28T15:22:48Z",133,"Watson","BHA","0.0","0.0","0.0","0.0",0,0,"0.0",50,0,4,0,0,"0.0","u",0,0,,"false"
"2026-09-28T15:22:48Z",134,"Oriola","BHA","-78.6","-78.8","-79.6","-80.3",-3,-1,"0.2",45,345,1304,0,0,"0.0","a",0,0,,"false"
"2026-09-28T15:22:48Z",135,"Yohanna","BHA","-0.6","-0.6","-0.6","-0.6",-1,0,"0.0",48,23,379,1,12,"0.0","i",-1,-2,,"false"
"2026-09-28T15:22:48Z",137,"Tzimas","BHA","-4.2","-4.2","-4.2","-4.2",-1,0,"0.0",54,33,48,0,0,"0.0","i",0,-1,,"false"
"2026-09-28T15:22:48Z",138,"Kostoulas","BHA","17.5","17.9","19.2","20.4",1,238,"4.0",56,298831,17352,28,353,"6.8","a",1,1,,"false"
"2026-09-28T15:22:48Z",139,"Ferguson","BHA","-57.5","-57.5","-57.5","-57.5",-3,0,"0.0",50,122,248,0,0,"0.0","i",0,0,,"false"
"2026-09-28T15:22:48Z",328,"Struijk","BHA","-6.5","-7.1","-8.9","-10.8",-1,-4,"0.2",49,636,795,7,98,"1.8","d",0,-1,,"false"
"2026-09-28T15:22:48Z",504,"Vuskovic","BHA","53.4","53.5","53.8","54.0",3,20,"3.6",50,53028,12346,32,437,"6.5","a",0,0,,"false"
"2026-09-28T15:22:48Z",594,"David","BHA","0.5","0.6","0.6","0.7",1,4,"0.2",59,3026,2125,1,23,"0.2","a",-1,-1,,"false"
"2026-09-28T15:22:48Z",600,"Osman","BHA","-67.3","-67.3","-67.3","-67.3",-3,0,"0.0",50,108,123,3,40,"0.5","a",0,0,,"false"
"2026-09-28T15:22:48Z",605,"Yalcouyé","BHA","52.5","52.5","52.6","52.8",3,8,"4.0",45,25141,31785,20,236,"4.8","a",0,0,,"false"
"2026-09-28T15:22:48Z",614,"Hadjam","BHA","-5.7","-5.7","-5.7","-5.7",-1,0,"0.0",45,238,242,0,0,"0.0","a",0,0,,"false"
"2026-09-28T15:22:48Z",624,"Cozier-Duberry","BHA","0.0","0.0","0.0","0.0",0,0,"0.0",50,0,5,0,0,"0.0","u",0,0,,"false"
"2026-09-28T15:22:48Z",639,"Andrés","BHA","1.3","1.3","1.4","1.4",1,1,"0.0",55,2655,293,12,109,"4.0","a",0,0,,"false"
"2026-09-28T15:22:48Z",652,"Azeez","BHA","-26.4","-26.4","-26.4","-26.4",-2,0,"0.0",55,19,41,0,0,"0.0","i",0,0,,"false"
"2026-09-28T15:22:48Z",658,"Ibrahim","BHA","0.0","-0.8","-13.0","-25.2",-1,-1,"0.0",45,299,209,0,0,"0.0","a",0,0,,"false"
"2026-09-28T15:22:48Z",28,"Martinez","CHE","-6.0","-6.0","-5.9","-5.9",-1,2,"4.7",50,7135,21203,9,360,"2.2","a",0,0,,"false"
"2026-09-28T15:22:48Z",40,"Rogers","CHE","82.6","82.9","84.0","85.1",3,75,"40.5",77,138881,67359,29,437,"5.2","a",0,2,,"false"
"2026-09-28T15:22:48Z",101,"Henderson","CHE","0.0","0.0","0.0","0.0",0,0,"0.0",49,492,145,2,90,"0.5","a",0,-1,,"false"
"2026-09-28T15:22:48Z",136,"Welbeck","CHE","6.5","6.5","6.5","6.5",1,2,"1.0",59,7034,8918,4,85,"1.0","a",0,-1,,"false"
"2026-09-28T15:22:48Z",140,"Sánchez","CHE","0.0","0.0","0.0","0.0",0,-6,"0.7",49,0,4599,2,90,"0.0","u",0,-1,,"false"
"2026-09-28T15:22:48Z",141,"Jörgensen","CHE","0.0","0.0","0.0","0.0",0,0,"0.0",50,0,30,0,0,"0.0","u",0,0,,"false"
"2026-09-28T15:22:48Z",142,"James","CHE","-91.1","-91.3","-92.0","-92.7",-3,-51,"5.8",54,593,75134,3,292,"0.8","d",0,-1,,"false"
"2026-09-28T15:22:48Z",143,"Chalobah","CHE","0.0","0.0","0.0","0.0",0,0,"0.1",55,0,293,0,0,"0.0","u",0,0,,"false"
"2026-09-28T15:22:48Z",144,"Gusto","CHE","-2.9","-2.9","-2.8","-2.6",-1,2,"1.0",49,1519,6688,4,272,"0.8","a",-1,-1,,"false"
"2026-09-28T15:22:48Z",145,"Fofana","CHE","4.4","4.5","4.5","4.5",1,2,"0.2",50,2341,1230,8,312,"2.0","a",0,0,,"false"
"2026-09-28T15:22:48Z",146,"B.Badiashile","CHE","0.0","0.0","0.0","0.0",0,0,"0.0",45,0,41,0,0,"0.0","u",0,0,,"false"
"2026-09-28T15:22:48Z",148,"Hato","CHE","12.3","12.3","12.3","12.3",1,0,"0.8",45,781,7106,8,258,"1.8","a",0,0,,"false"
"2026-09-28T15:22:48Z",149,"Colwill","CHE","-9.3","-9.4","-9.6","-9.8",-1,-2,"0.9",48,1009,5205,3,341,"0.8","a",-1,-2,,"false"
"2026-09-28T15:22:48Z",150,"M.Sarr","CHE","0.0","0.0","0.0","0.0",0,0,"0.0",45,0,159,0,0,"0.0","u",0,0,,"false"
"2026-09-28T15:22:48Z",151,"Acheampong","CHE","-10.6","-10.6","-10.6","-10.6",-1,0,"0.3",45,395,1862,5,221,"0.5","a",0,0,,"false"
"2026-09-28T15:22:48Z",152,"Palestra","CHE","-0.8","-1.0","-1.4","-1.8",-1,-3,"0.6",53,195,3637,0,0,"0.0","d",0,-2,,"false"
"2026-09-28T15:22:48Z",154,"Palmer","CHE","-11.1","-11.5","-12.9","-14.3",-1,-174,"25.7",97,46338,158021,28,442,"3.8","d",0,2,,"false"
"2026-09-28T15:22:48Z",156,"Neto","CHE","-7.5","-7.3","-6.4","-5.6",-1,8,"1.4",65,4775,9317,14,332,"3.2","a",0,0,,"false"
"2026-09-28T15:22:48Z",157,"Estêvão","CHE","-31.7","-31.6","-31.1","-30.7",-2,2,"0.7",63,1651,4191,4,23,"0.8","a",0,-2,,"false"
"2026-09-28T15:22:48Z",158,"Gittens","CHE","-2.3","-2.3","-2.3","-2.3",-1,0,"0.0",58,151,231,0,0,"0.0","d",-1,-2,,"false"
"2026-09-28T15:22:48Z",159,"Caicedo","CHE","-1.4","-1.6","-2.0","-2.5",-1,-6,"1.0",53,391,8557,1,13,"0.2","d",0,-2,,"false"
"2026-09-28T15:22:48Z",161,"Lavia","CHE","4.5","4.5","4.5","4.4",1,-4,"0.2",50,399,2370,11,258,"2.5","a",0,0,,"false"
"2026-09-28T15:22:48Z",163,"D.Essugo","CHE","0.0","0.0","0.0","0.0",0,-1,"0.1",45,0,689,0,0,"0.0","u",0,0,,"false"
"2026-09-28T15:22:48Z",164,"Quenda","CHE","-26.3","-26.3","-26.3","-26.3",-2,0,"0.0",53,68,173,2,27,"0.2","a",0,-2,,"false"
"2026-09-28T15:22:48Z",165,"João Pedro","CHE","-1.7","-1.7","-1.8","-2.0",-1,-206,"65.2",77,58265,380841,33,360,"5.5","d",-1,2,,"false"
"2026-09-28T15:22:48Z",168,"Marc Guiu","CHE","0.0","0.0","0.0","0.0",0,-2,"0.2",50,0,1473,0,0,"0.0","u",0,0,,"false"
"2026-09-28T15:22:48Z",169,"Mheuka","CHE","4.3","4.3","4.2","4.2",1,-2,"0.5",45,4298,3383,0,0,"0.0","a",0,0,,"false"
"2026-09-28T15:22:48Z",170,"Emegha","CHE","-0.1","-0.1","-0.1","-0.1",-1,0,"0.1",49,72,1046,0,0,"0.0","i",-1,-1,,"false"
"2026-09-28T15:22:48Z",200,"Lacroix","CHE","-7.0","-7.0","-7.2","-7.3",-1,-13,"6.8",59,7372,28142,13,364,"1.8","a",-1,-1,,"false"
"2026-09-28T15:22:48Z",560,"Penders","CHE","-0.5","-0.5","-0.5","-0.5",-1,0,"0.1",44,233,286,0,0,"0.0","a",0,-1,,"false"
"2026-09-28T15:22:48Z",561,"Anselmino","CHE","-2.2","-2.2","-2.2","-2.2",-1,0,"0.0",45,60,101,0,0,"0.0","a",0,0,,"false"
"2026-09-28T15:22:48Z",568,"Barco","CHE","-13.9","-13.4","-12.0","-10.5",-1,1,"0.1",54,217,428,3,115,"0.8","a",0,-1,,"false"
"2026-09-28T15:22:48Z",583,"Chavarria","CHE","-49.1","-49.4","-50.6","-51.8",-3,-1,"0.1",49,390,514,5,208,"1.0","a",0,-1,,"false"
"2026-09-28T15:22:48Z",662,"Nicoll-Jazuli","CHE","0.0","0.0","0.0","0.0",0,0,"0.0",45,328,69,1,3,"1.0","a",0,0,"2026-10-01T21:17:24.996715Z","false"
"2026-09-28T15:22:48Z",91,"Pinnock","COV","-72.6","-72.6","-72.6","-72.6",-3,0,"0.1",45,358,213,14,282,"4.3","a",0,0,,"false"
"2026-09-28T15:22:48Z",104,"Onyeka","COV","-32.1","-32.1","-32.1","-32.1",-2,0,"0.1",49,165,433,9,314,"2.3","a",0,-1,,"false"
"2026-09-28T15:22:48Z",110,"Rushworth","COV","-56.5","-56.4","-56.0","-55.6",-3,2,"0.8",45,2418,5741,16,450,"4.3","a",0,0,,"false"
"2026-09-28T15:22:48Z",171,"Dovin","COV","0.0","0.0","0.0","0.0",0,0,"1.0",40,0,4531,0,0,"0.0","u",0,0,,"false"
"2026-09-28T15:22:48Z",172,"Wilson","COV","-5.6","-5.6","-5.6","-5.6",-1,0,"0.4",44,225,635,0,0,"0.0","a",0,-1,,"false"
"2026-09-28T15:22:48Z",173,"Thomas","COV","16.7","16.7","16.7","16.8",1,3,"8.6",40,24653,29469,24,437,"4.3","a",0,0,,"false"
"2026-09-28T15:22:48Z",174,"Kitching","COV","0.0","0.0","0.0","0.0",0,-4,"0.3",40,0,1721,0,0,"0.0","u",0,0,,"false"
"2026-09-28T15:22:48Z",175,"van Ewijk","COV","-46.7","-46.8","-47.2","-47.5",-3,-40,"8.8",40,1136,73116,6,360,"1.0","d",0,0,,"false"
"2026-09-28T15:22:48Z",176,"Dasilva","COV","-31.8","-31.5","-30.7","-29.9",-2,4,"0.7",40,5878,1612,20,444,"5.7","a",0,0,,"false"
"2026-09-28T15:22:48Z",177,"Kesler-Hayden","COV","0.2","0.2","0.2","0.2",1,0,"0.0",39,985,499,0,0,"0.0","i",-1,-1,,"false"
"2026-09-28T15:22:48Z",178,"Bidwell","COV","-29.0","-29.0","-29.0","-29.0",-2,0,"0.1",40,176,282,0,0,"0.0","a",0,0,,"false"
"2026-09-28T15:22:48Z",179,"Latibeaudiere","COV","-72.9","-72.9","-72.9","-72.9",-3,0,"0.0",40,72,130,1,1,"0.3","a",0,0,,"false"
"2026-09-28T15:22:48Z",180,"Woolfenden","COV","-93.6","-93.6","-93.6","-93.6",-3,0,"0.1",40,24,486,0,0,"0.0","i",0,0,,"false"
"2026-09-28T15:22:48Z",181,"Brau","COV","0.0","0.0","0.0","0.0",0,0,"0.0",40,0,91,0,0,"0.0","u",0,0,,"false"
"2026-09-28T15:22:48Z",182,"Amenda","COV","-51.5","-51.9","-53.1","-54.2",-3,-13,"0.6",40,32,6505,4,360,"0.7","i",0,0,,"false"
"2026-09-28T15:22:48Z",183,"Rudoni","COV","0.1","0.1","0.1","0.1",1,-1,"0.1",49,850,637,13,297,"3.0","a",0,-1,,"false"
"2026-09-28T15:22:48Z",184,"Grimes","COV","-27.4","-27.4","-27.4","-27.4",-2,0,"0.1",49,175,828,11,443,"2.3","a",0,-1,,"false"
"2026-09-28T15:22:48Z",185,"Sakamoto","COV","-21.4","-21.4","-21.4","-21.4",-2,0,"0.1",48,121,368,1,31,"0.0","a",0,-2,,"false"
"2026-09-28T15:22:48Z",186,"Mason-Clark","COV","-1.7","-1.7","-1.7","-1.7",-1,0,"0.1",53,70,348,5,231,"1.3","a",-1,-2,,"false"
"2026-09-28T15:22:48Z",187,"Eccles","COV","-4.7","-4.7","-4.7","-4.7",-1,0,"0.0",48,15,87,0,0,"0.0","i",-1,-2,,"false"
"2026-09-28T15:22:48Z",188,"Torp","COV","-10.6","-11.0","-12.0","-13.1",-1,-1,"0.1",53,43,417,3,53,"0.3","a",-1,-2,,"false"
"2026-09-28T15:22:48Z",189,"Shepherd","COV","0.7","0.7","0.7","0.7",1,-1,"0.3",44,3950,2177,0,0,"0.0","a",0,-1,,"false"
"2026-09-28T15:22:48Z",190,"Tchaouna","COV","-78.4","-78.4","-78.4","-78.4",-3,0,"0.1",54,21,330,5,211,"0.7","a",0,-1,,"false"
"2026-09-28T15:22:48Z",191,"Borges Rodrigues","COV","0.0","0.0","0.0","0.0",0,-4,"0.1",45,0,658,0,0,"0.0","u",0,0,,"false"
"2026-09-28T15:22:48Z",192,"Andrews","COV","0.0","0.0","0.0","0.0",0,0,"0.3",45,0,1892,0,0,"0.0","u",0,0,,"false"
"2026-09-28T15:22:48Z",193,"Wright","COV","-98.3","-98.3","-98.3","-98.3",-4,0,"0.1",54,43,519,0,0,"0.0","i",0,-1,,"false"
"2026-09-28T15:22:48Z",194,"Thomas-Asante","COV","2.6","2.7","2.9","3.1",1,16,"0.8",50,7510,5596,9,227,"2.0","a",0,0,,"false"
"2026-09-28T15:22:48Z",195,"Simms","COV","-0.2","-0.3","-0.9","-1.4",-1,-4,"0.6",49,1686,5062,4,104,"0.7","a",-1,-1,,"false"
"2026-09-28T15:22:48Z",196,"Markelo","COV","0.0","0.0","0.0","0.0",0,0,"0.0",50,0,60,0,0,"0.0","u",0,0,,"false"
"2026-09-28T15:22:48Z",197,"Bassette","COV","0.0","0.0","0.0","0.0",0,0,"0.0",45,0,140,0,0,"0.0","u",0,0,,"false"
"2026-09-28T15:22:48Z",492,"Awoniyi","COV","-12.4","-12.5","-12.8","-13.1",-1,-4,"0.4",54,63,4817,3,232,"0.0","s",-1,-1,,"false"
"2026-09-28T15:22:48Z",575,"Yirenkyi","COV","-2.5","-2.5","-2.5","-2.5",-1,0,"0.1",48,280,982,9,265,"1.7","a",-1,-2,,"false"
"2026-09-28T15:22:48Z",584,"Hamer","COV","-81.2","-81.2","-81.2","-81.2",-3,0,"0.1",54,41,377,3,32,"0.3","a",0,-1,,"false"
"2026-09-28T15:22:48Z",599,"Cherif","COV","-7.0","-7.0","-7.0","-7.0",-1,0,"0.1",50,501,727,1,30,"0.3","a",0,0,,"false"
"2026-09-28T15:22:48Z",623,"Bentley","COV","2.1","2.1","2.1","2.1",1,0,"0.6",40,7827,2195,0,0,"0.0","a",0,0,,"false"
"2026-09-28T15:22:48Z",655,"Gboho","COV","0.0","0.0","0.0","0.0",0,0,"0.0",55,68,51,0,0,"0.0","a",0,0,,"false"
"2026-09-28T15:22:48Z",656,"Mfuni","COV","0.0","0.0","0.0","0.0",0,0,"0.1",40,1771,828,6,90,"3.0","a",0,0,,"false"
"2026-09-28T15:22:48Z",42,"Guessand","CRY","-25.6","-27.1","-31.7","-36.4",-2,-1,"0.0",54,102,253,2,54,"0.0","a",0,-1,,"false"
"2026-09-28T15:22:48Z",153,"Disasi","CRY","-58.7","-59.0","-60.0","-61.0",-3,-1,"0.1",45,23,732,1,139,"0.0","s",0,0,,"false"
"2026-09-28T15:22:48Z",198,"Henderson","CRY","-93.8","-94.0","-94.6","-95.2",-3,-15,"1.3",50,129,10554,5,270,"0.7","i",0,0,,"false"
"2026-09-28T15:22:48Z",199,"Benitez","CRY","-24.0","-24.0","-24.0","-24.0",-2,0,"0.1",45,637,341,8,180,"2.7","a",0,0,,"false"
"2026-09-28T15:22:48Z",202,"Richards","CRY","-97.6","-97.3","-96.3","-95.2",-4,4,"0.6",50,1507,2085,14,450,"3.7","a",0,0,,"false"
"2026-09-28T15:22:48Z",203,"Canvot","CRY","-0.7","-0.7","-0.7","-0.7",-1,0,"0.2",48,364,816,10,360,"3.0","a",-1,-2,,"false"
"2026-09-28T15:22:48Z",204,"Mitchell","CRY","25.5","25.5","25.7","25.8",2,10,"6.0",45,13125,15164,24,419,"7.7","a",0,0,,"false"
"2026-09-28T15:22:48Z",205,"Sosa","CRY","0.0","0.0","0.0","0.0",0,0,"0.0",45,0,97,0,0,"0.0","u",0,0,,"false"
"2026-09-28T15:22:48Z",206,"Chadi Riad","CRY","-4.1","-4.1","-4.1","-4.1",-1,0,"0.0",43,23,116,1,72,"0.0","i",-1,-2,,"false"
"2026-09-28T15:22:48Z",207,"Mingueza","CRY","-85.8","-85.8","-85.8","-85.8",-3,0,"0.1",44,73,266,2,16,"0.3","a",0,-1,,"false"
"2026-09-28T15:22:48Z",208,"Sarr","CRY","0.0","0.0","0.0","-0.1",0,-1,"0.6",62,2397,2094,1,8,"0.3","a",0,-3,,"false"
"2026-09-28T15:22:48Z",210,"Wharton","CRY","-1.9","-1.9","-1.9","-1.9",-1,0,"0.7",54,1106,4373,12,436,"2.0","a",-1,-1,,"false"
"2026-09-28T15:22:48Z",211,"Yeremy","CRY","4.6","4.6","4.6","4.6",1,2,"0.3",55,669,2515,14,307,"2.7","a",0,0,,"false"
"2026-09-28T15:22:48Z",212,"Hughes","CRY","-19.1","-19.2","-19.6","-19.9",-1,-18,"7.3",44,8643,42356,2,29,"0.7","a",0,-1,,"false"
"2026-09-28T15:22:48Z",213,"Lerma","CRY","-1.2","-1.2","-1.2","-1.2",-1,0,"0.1",48,84,347,1,51,"0.3","a",-1,-2,,"false"
"2026-09-28T15:22:48Z",214,"Kamada","CRY","11.1","11.1","11.1","11.0",1,-4,"0.5",50,3021,2826,21,441,"5.3","a",0,0,,"false"
"2026-09-28T15:22:48Z",215,"Devenny","CRY","0.0","0.0","0.0","0.0",0,0,"0.0",50,0,33,0,0,"0.0","u",0,0,,"false"
"2026-09-28T15:22:48Z",216,"Esse","CRY","0.0","0.0","0.0","0.0",0,0,"0.0",50,0,113,0,0,"0.0","u",0,0,,"false"
"2026-09-28T15:22:48Z",217,"M.França","CRY","0.0","0.0","0.0","0.0",0,0,"0.0",49,0,149,0,0,"0.0","u",0,-1,,"false"
"2026-09-28T15:22:48Z",218,"Doucouré","CRY","-2.0","-2.0","-2.0","-2.0",-1,0,"0.0",48,106,284,0,0,"0.0","a",-1,-2,,"false"
"2026-09-28T15:22:48Z",219,"J.Rak-Sakyi","CRY","0.0","0.0","0.0","0.0",0,0,"0.0",49,0,23,0,0,"0.0","u",0,-1,,"false"
"2026-09-28T15:22:48Z",220,"Cardines","CRY","0.0","0.0","0.0","0.0",0,0,"0.0",45,0,3,0,0,"0.0","u",0,0,,"false"
"2026-09-28T15:22:48Z",221,"Drakes-Thomas","CRY","-91.0","-91.0","-91.0","-91.0",-3,0,"0.1",45,133,407,0,0,"0.0","a",0,0,,"false"
"2026-09-28T15:22:48Z",222,"Strand Larsen","CRY","4.9","4.9","5.0","5.0",1,2,"0.7",60,4466,3676,14,298,"3.7","a",0,0,,"false"
"2026-09-28T15:22:48Z",223,"Mateta","CRY","-24.0","-24.2","-24.6","-25.1",-2,-11,"1.3",63,195,8616,2,62,"0.0","i",0,-2,,"false"
"2026-09-28T15:22:48Z",224,"Nketiah","CRY","-17.0","-16.8","-16.1","-15.4",-1,2,"0.5",55,1184,3197,8,175,"1.7","a",0,0,,"false"
"2026-09-28T15:22:48Z",225,"Uche","CRY","0.0","0.0","0.0","0.0",0,0,"0.0",50,0,0,0,0,"0.0","u",0,0,,"false"
"2026-09-28T15:22:48Z",241,"McNeil","CRY","-92.4","-92.4","-92.4","-92.4",-3,0,"0.1",54,65,448,3,84,"0.0","a",0,-1,,"false"
"2026-09-28T15:22:48Z",555,"Matthews","CRY","-8.8","-8.9","-9.1","-9.3",-1,-2,"1.7",40,1026,2913,0,0,"0.0","a",0,0,,"false"
"2026-09-28T15:22:48Z",577,"Tomiyasu","CRY","-12.4","-12.4","-12.4","-12.4",-1,0,"0.3",44,147,1086,3,189,"0.3","d",0,-1,,"false"
"2026-09-28T15:22:48Z",588,"Khalaili","CRY","6.5","6.5","6.6","6.7",1,6,"0.3",50,1944,1041,19,379,"5.3","a",0,0,,"false"
"2026-09-28T15:22:48Z",595,"Gozo","CRY","-0.6","-0.6","-0.6","-0.6",-1,0,"0.0",49,39,84,2,28,"0.3","a",-1,-1,,"false"
"2026-09-28T15:22:48Z",633,"Ahanor","CRY","0.1","0.1","0.1","0.1",1,0,"0.0",45,132,101,3,90,"1.0","a",0,0,,"false"
"2026-09-28T15:22:48Z",643,"Chilwell","CRY","-70.6","-70.6","-70.6","-70.6",-3,0,"0.4",45,528,2817,8,29,"2.7","a",0,0,,"false"
"2026-09-28T15:22:48Z",644,"Timber","CRY","0.2","0.2","0.2","0.2",1,0,"0.0",50,435,293,9,253,"3.0","a",0,0,,"false"
"2026-09-28T15:22:48Z",647,"Osorio","CRY","-67.3","-67.3","-67.3","-67.3",-3,0,"0.0",55,26,68,1,1,"0.3","a",0,0,,"false"
"2026-09-28T15:22:48Z",21,"Nørgaard","EVE","-99.7","-99.7","-99.7","-99.7",-4,0,"0.0",49,48,296,0,0,"0.0","i",0,-1,,"false"
"2026-09-28T15:22:48Z",209,"Johnson","EVE","-18.9","-18.1","-15.7","-13.2",-1,2,"0.1",59,378,675,9,238,"2.3","a",0,-1,,"false"
"2026-09-28T15:22:48Z",226,"Pickford","EVE","28.5","28.5","28.6","28.6",2,4,"9.1",55,27423,14511,25,450,"5.0","a",0,0,,"false"
"2026-09-28T15:22:48Z",227,"Travers","EVE","-32.1","-32.1","-32.1","-32.1",-2,0,"0.0",50,233,249,0,0,"0.0","a",0,0,,"false"
"2026-09-28T15:22:48Z",228,"King","EVE","-40.1","-40.1","-40.1","-40.1",-3,0,"0.0",45,111,164,0,0,"0.0","a",0,0,,"false"
"2026-09-28T15:22:48Z",229,"Tarkowski","EVE","96.4","97.1","99.0","100.9",4,134,"16.3",61,213291,18836,43,450,"8.3","a",0,1,,"false"
"2026-09-28T15:22:48Z",230,"Branthwaite","EVE","34.3","34.4","34.4","34.5",2,6,"2.4",55,18524,6466,27,450,"5.7","a",0,0,,"false"
"2026-09-28T15:22:48Z",231,"Keane","EVE","-37.0","-37.3","-38.2","-39.2",-2,-5,"0.7",48,368,3667,0,0,"0.0","a",0,-2,,"false"
"2026-09-28T15:22:48Z",232,"O'Brien","EVE","-3.3","-3.1","-2.5","-1.9",-1,2,"0.3",48,310,1073,2,16,"0.7","a",-1,-2,,"false"
"2026-09-28T15:22:48Z",233,"Mykolenko","EVE","1.3","1.3","1.3","1.3",1,4,"4.2",46,40172,17331,27,450,"5.7","a",1,1,,"false"
"2026-09-28T15:22:48Z",234,"Patterson","EVE","0.0","0.0","0.0","0.0",0,0,"0.0",45,0,115,0,0,"0.0","u",0,0,,"false"
"2026-09-28T15:22:48Z",235,"Aznou","EVE","0.0","0.0","0.0","0.0",0,0,"0.1",40,0,525,0,0,"0.0","u",0,0,,"false"
"2026-09-28T15:22:48Z",236,"Dewsbury-Hall","EVE","-14.9","-15.0","-15.2","-15.4",-1,-8,"6.0",66,33246,42680,20,450,"2.3","a",1,1,,"false"
"2026-09-28T15:22:48Z",238,"Grealish","EVE","8.3","8.4","8.5","8.6",1,8,"0.5",65,3443,2827,6,135,"1.7","a",0,0,,"false"
"2026-09-28T15:22:48Z",239,"Garner","EVE","3.4","3.4","3.3","3.3",1,-1,"0.2",60,1613,1879,11,328,"3.0","a",0,0,,"false"
"2026-09-28T15:22:48Z",242,"George","EVE","29.3","29.3","29.2","29.2",2,-5,"0.9",55,2294,10366,19,309,"4.7","a",0,0,,"false"
"2026-09-28T15:22:48Z",243,"Alcaraz","EVE","-44.0","-44.0","-44.0","-44.0",-3,0,"0.1",49,155,387,1,5,"0.0","a",0,-1,,"false"
"2026-09-28T15:22:48Z",244,"Armstrong","EVE","9.1","9.1","9.1","9.1",1,0,"0.4",50,771,3213,16,446,"2.0","a",0,0,,"false"
"2026-09-28T15:22:48Z",245,"Dibling","EVE","-87.4","-87.4","-87.4","-87.4",-3,0,"0.0",54,113,150,1,24,"0.3","a",0,-1,,"false"
"2026-09-28T15:22:48Z",246,"Röhl","EVE","-43.4","-43.4","-43.4","-43.4",-3,0,"0.0",49,7,569,6,249,"0.3","i",0,-1,,"false"
"2026-09-28T15:22:48Z",247,"Hackney","EVE","-4.7","-4.7","-4.7","-4.7",-1,0,"0.2",54,186,1046,10,137,"2.0","a",-1,-1,,"false"
"2026-09-28T15:22:48Z",248,"Beto","EVE","0.0","0.0","0.0","0.0",0,-13,"0.6",54,0,6940,2,31,"0.0","u",0,-1,,"false"
"2026-09-28T15:22:48Z",249,"Barry","EVE","0.1","0.1","0.4","0.6",1,43,"8.3",57,80360,36495,20,417,"3.3","a",1,2,,"false"
"2026-09-28T15:22:48Z",649,"Maitland-Niles","EVE","16.7","16.8","16.8","16.8",1,3,"1.4",45,18724,4273,21,177,"7.0","a",0,0,,"false"
"2026-09-28T15:22:48Z",654,"Graham","EVE","-31.6","-32.2","-33.9","-35.7",-2,-1,"0.1",45,222,965,0,0,"0.0","a",0,0,,"false"
"2026-09-28T15:22:48Z",250,"Leno","FUL","8.3","8.4","8.5","8.7",1,11,"3.4",45,36372,10331,18,450,"4.0","a",0,0,,"false"
"2026-09-28T15:22:48Z",251,"Lecomte","FUL","-23.2","-23.3","-23.5","-23.8",-2,-2,"1.1",40,2318,2358,0,0,"0.0","a",0,0,,"false"
"2026-09-28T15:22:48Z",252,"McNally","FUL","0.0","0.0","0.0","0.0",0,0,"0.1",40,0,579,0,0,"0.0","u",0,0,,"false"
"2026-09-28T15:22:48Z",253,"Andersen","FUL","0.7","0.7","0.8","0.8",1,4,"0.2",50,2573,1039,3,190,"0.8","a",0,0,,"false"
"2026-09-28T15:22:48Z",254,"Robinson","FUL","-19.1","-18.8","-18.0","-17.3",-1,8,"1.5",45,14888,6147,12,429,"2.8","a",0,0,,"false"
"2026-09-28T15:22:48Z",255,"J.Cuenca","FUL","-70.3","-70.3","-70.3","-70.3",-3,0,"0.0",45,60,101,3,90,"0.0","a",0,0,,"false"
"2026-09-28T15:22:48Z",256,"Tete","FUL","-0.1","-0.1","-0.1","-0.1",-1,0,"0.2",44,52,1011,0,27,"0.0","a",0,-1,"2026-09-28T19:00:09.637551Z","false"
"2026-09-28T15:22:48Z",257,"Bassey","FUL","-1.0","-0.7","0.0","0.1",-1,4,"0.7",45,4919,1649,15,450,"3.8","a",0,0,,"false"
"2026-09-28T15:22:48Z",258,"Castagne","FUL","13.7","13.7","13.7","13.7",1,0,"0.9",45,13790,4504,20,408,"3.5","a",0,0,,"false"
"2026-09-28T15:22:48Z",261,"Iwobi","FUL","-58.0","-57.9","-57.4","-56.9",-3,2,"0.7",54,3157,3045,14,408,"3.0","a",0,-1,,"false"
"2026-09-28T15:22:48Z",262,"Smith Rowe","FUL","-0.7","-0.7","-0.7","-0.7",-1,0,"0.2",53,280,1284,3,38,"0.8","a",-1,-2,,"false"
"2026-09-28T15:22:48Z",263,"Kevin","FUL","-12.0","-12.0","-12.0","-12.0",-1,0,"0.0",53,188,268,4,61,"0.8","a",0,-2,,"false"
"2026-09-28T15:22:48Z",264,"Bobb","FUL","-48.7","-48.4","-47.3","-46.3",-3,2,"0.3",55,2122,1707,13,343,"2.8","a",0,0,,"false"
"2026-09-28T15:22:48Z",265,"Berge","FUL","-32.7","-32.7","-32.7","-32.7",-2,0,"0.3",49,578,1226,11,349,"2.2","a",0,-1,,"false"
"2026-09-28T15:22:48Z",266,"Cairney","FUL","-14.8","-14.8","-14.8","-14.8",-1,0,"0.0",49,8,20,0,0,"0.0","i",0,-1,,"false"
"2026-09-28T15:22:48Z",268,"King","FUL","84.3","84.5","85.3","86.1",3,53,"2.6",55,80942,16813,24,425,"4.2","a",0,0,,"false"
"2026-09-28T15:22:48Z",269,"Sessegnon","FUL","-1.5","-1.5","-1.5","-1.5",-1,0,"0.3",43,277,1248,3,50,"0.5","a",-1,-2,,"false"
"2026-09-28T15:22:48Z",270,"Reed","FUL","-10.4","-10.6","-11.1","-11.5",-1,-4,"1.1",44,2712,6551,0,0,"0.0","a",0,-1,,"false"
"2026-09-28T15:22:48Z",271,"Muniz","FUL","-49.3","-49.5","-50.1","-50.6",-3,-2,"0.4",54,1599,2552,3,38,"0.5","a",0,-1,,"false"
"2026-09-28T15:22:48Z",272,"Kusi-Asare","FUL","-61.4","-61.5","-61.6","-61.7",-3,-5,"5.4",45,10278,31896,0,0,"0.0","a",0,0,,"false"
"2026-09-28T15:22:48Z",569,"Gonzalo","FUL","55.1","55.3","55.9","56.5",3,41,"3.9",60,61901,30598,14,425,"2.0","a",0,0,,"false"
"2026-09-28T15:22:48Z",570,"Palacios","FUL","-6.7","-7.0","-8.1","-9.1",-1,-1,"0.2",54,679,911,12,226,"2.5","a",0,-1,,"false"
"2026-09-28T15:22:48Z",580,"Charles","FUL","-80.2","-79.4","-77.0","-74.6",-3,1,"0.1",50,553,397,13,303,"3.0","a",0,0,,"false"
"2026-09-28T15:22:48Z",610,"De Fougerolles","FUL","0.0","0.0","0.0","0.0",0,0,"0.1",40,0,482,0,0,"0.0","u",0,0,,"false"
"2026-09-28T15:22:48Z",626,"Zepa","FUL","0.1","0.1","0.2","0.3",1,8,"0.3",44,348,2136,0,0,"0.0","a",-1,-1,,"false"
"2026-09-28T15:22:48Z",635,"Larsson","FUL","0.0","0.0","0.0","0.0",0,0,"0.0",50,89,69,3,37,"1.0","a",0,0,,"false"
"2026-09-28T15:22:48Z",636,"Ángel","FUL","0.0","0.0","0.0","0.0",0,0,"0.0",50,31,26,0,0,"0.0","a",0,0,,"false"
"2026-09-28T15:22:48Z",650,"Affengruber","FUL","1.1","1.1","1.1","1.1",1,2,"0.1",45,4582,999,12,180,"4.0","a",0,0,,"false"
"2026-09-28T15:22:48Z",240,"Iroegbunam","HUL","0.1","0.1","0.1","0.1",1,0,"0.0",50,74,133,2,70,"0.3","a",0,0,,"false"
"2026-09-28T15:22:48Z",273,"Phillips","HUL","-27.1","-27.2","-27.5","-27.7",-2,-3,"1.4",40,2839,3285,0,0,"0.0","a",0,0,,"false"
"2026-09-28T15:22:48Z",274,"Butland","HUL","-0.6","-0.6","-0.6","-0.6",-1,0,"0.1",44,64,310,0,0,"0.0","i",-1,-1,,"false"
"2026-09-28T15:22:48Z",275,"Cartwright","HUL","0.0","0.0","0.0","0.0",0,0,"0.0",40,0,24,0,0,"0.0","u",0,0,,"false"
"2026-09-28T15:22:48Z",276,"Lo-Tutala","HUL","0.0","0.0","0.0","0.0",0,0,"0.0",40,0,110,0,0,"0.0","u",0,0,,"false"
"2026-09-28T15:22:48Z",277,"Egan","HUL","25.6","25.6","25.5","25.4",2,-6,"7.0",41,26059,27923,26,437,"3.0","a",0,1,,"false"
"2026-09-28T15:22:48Z",278,"Hughes","HUL","0.5","0.5","0.5","0.5",1,0,"0.2",39,1058,1847,0,0,"0.0","i",0,-1,,"false"
"2026-09-28T15:22:48Z",279,"Ajayi","HUL","68.0","67.9","67.7","67.5",3,-16,"14.0",42,41934,56479,27,423,"2.3","a",0,2,,"false"
"2026-09-28T15:22:48Z",280,"Coyle","HUL","0.2","0.2","0.2","0.2",1,0,"0.7",40,1978,1945,14,348,"2.7","a",0,0,,"false"
"2026-09-28T15:22:48Z",281,"Drameh","HUL","0.0","0.0","0.0","0.0",0,0,"0.0",40,0,243,2,65,"0.0","u",0,0,,"false"
"2026-09-28T15:22:48Z",282,"Giles","HUL","68.1","68.1","68.1","68.1",3,-2,"2.9",40,20545,13150,24,444,"4.0","a",0,0,,"false"
"2026-09-28T15:22:48Z",283,"Jacob","HUL","0.0","0.0","0.0","0.0",0,0,"0.0",40,0,34,0,0,"0.0","u",0,0,,"false"
"2026-09-28T15:22:48Z",284,"McCarthy","HUL","0.4","0.4","0.4","0.4",1,-1,"0.1",40,378,415,0,0,"0.0","a",0,0,,"false"
"2026-09-28T15:22:48Z",285,"McNair","HUL","-41.1","-41.5","-43.1","-44.6",-3,-1,"0.1",40,182,399,1,26,"0.0","a",0,0,,"false"
"2026-09-28T15:22:48Z",286,"Belloumi","HUL","35.0","35.2","35.7","36.2",2,35,"5.1",51,72563,23378,31,394,"7.3","a",0,1,,"false"
"2026-09-28T15:22:48Z",287,"Millar","HUL","0.0","0.0","0.0","0.0",0,0,"0.0",50,0,281,6,50,"0.0","u",0,0,,"false"
"2026-09-28T15:22:48Z",288,"Dowell","HUL","-92.0","-92.0","-92.0","-92.0",-3,0,"0.3",45,561,1918,0,0,"0.0","a",0,0,,"false"
"2026-09-28T15:22:48Z",289,"Crooks","HUL","0.6","0.6","0.6","0.6",1,0,"0.5",44,4842,3985,3,203,"0.3","a",-1,-1,,"false"
"2026-09-28T15:22:48Z",290,"Slater","HUL","73.0","73.0","72.8","72.7",3,-10,"5.2",45,15011,35707,15,437,"2.3","a",0,0,,"false"
"2026-09-28T15:22:48Z",291,"Matazo","HUL","-13.5","-13.5","-13.5","-13.5",-1,0,"0.0",45,29,51,0,0,"0.0","i",0,0,,"false"
"2026-09-28T15:22:48Z",292,"Ömür","HUL","-9.7","-9.7","-9.7","-9.7",-1,0,"0.0",49,84,145,0,0,"0.0","a",0,-1,,"false"
"2026-09-28T15:22:48Z",293,"Kamara","HUL","0.0","0.0","0.0","0.0",0,0,"0.0",50,0,12,0,0,"0.0","u",0,0,,"false"
"2026-09-28T15:22:48Z",294,"Zambrano","HUL","-21.6","-21.6","-21.6","-21.6",-2,0,"0.1",45,140,478,0,0,"0.0","a",0,0,,"false"
"2026-09-28T15:22:48Z",295,"McBurnie","HUL","27.0","26.9","26.9","26.9",2,-1,"1.9",55,7407,17307,13,441,"2.3","a",0,0,,"false"
"2026-09-28T15:22:48Z",296,"Akintola","HUL","0.0","0.0","0.0","0.0",0,0,"0.0",50,0,253,0,0,"0.0","u",0,0,,"false"
"2026-09-28T15:22:48Z",297,"Gyabi","HUL","-0.2","-0.2","-0.2","-0.2",-1,0,"0.0",44,53,130,0,0,"0.0","i",-1,-1,,"false"
"2026-09-28T15:22:48Z",298,"Destan","HUL","0.0","0.0","0.0","0.0",0,-1,"0.2",45,0,1224,0,0,"0.0","u",0,0,,"false"
"2026-09-28T15:22:48Z",299,"Burstow","HUL","0.0","0.0","0.0","0.0",0,0,"0.0",45,0,211,0,0,"0.0","u",0,0,,"false"
"2026-09-28T15:22:48Z",340,"Gelhardt","HUL","0.0","0.0","0.0","0.0",0,0,"0.0",50,92,102,1,7,"0.3","a",0,0,,"false"
"2026-09-28T15:22:48Z",556,"Targett","HUL","-71.5","-71.7","-72.2","-72.8",-3,-12,"1.6",40,106,9427,1,5,"0.0","d",0,0,,"false"
"2026-09-28T15:22:48Z",563,"Morita","HUL","-100.6","-100.6","-100.6","-100.6",-5,0,"0.0",50,23,163,1,45,"0.0","i",0,0,,"false"
"2026-09-28T15:22:48Z",572,"Tzolakis","HUL","0.5","0.5","0.6","0.7",1,16,"12.8",47,121199,20222,34,450,"4.7","a",1,2,,"false"
"2026-09-28T15:22:48Z",574,"Hjertø-Dahl","HUL","-72.2","-72.2","-72.2","-72.2",-3,0,"0.1",49,74,313,1,8,"0.3","a",0,-1,,"false"
"2026-09-28T15:22:48Z",576,"Stroud","HUL","-50.4","-51.7","-55.5","-59.3",-3,-2,"0.1",50,138,446,7,249,"1.3","a",0,0,,"false"
"2026-09-28T15:22:48Z",585,"Herrington","HUL","-26.4","-26.4","-26.4","-26.4",-2,0,"0.6",40,998,1602,5,197,"1.0","a",0,0,,"false"
"2026-09-28T15:22:48Z",586,"Mendy","HUL","-0.3","-0.4","-0.5","-0.6",-1,-5,"6.3",41,6592,32691,25,249,"3.0","a",0,1,,"false"
"2026-09-28T15:22:48Z",589,"Gourna-Douath","HUL","-76.6","-76.6","-76.6","-76.6",-3,0,"0.0",50,32,105,4,138,"1.0","a",0,0,,"false"
"2026-09-28T15:22:48Z",617,"Cho","HUL","0.2","0.2","0.2","0.2",1,0,"0.0",50,338,143,9,72,"2.7","a",0,0,,"false"
"2026-09-28T15:22:48Z",632,"Ansah","HUL","-61.7","-61.7","-61.7","-61.7",-3,0,"0.0",50,67,399,0,0,"0.0","i",0,0,,"false"
"2026-09-28T15:22:48Z",637,"Vaz","HUL","1.2","1.2","1.2","1.2",1,0,"0.1",50,1741,1107,2,20,"0.7","a",0,0,,"false"
"2026-09-28T15:22:48Z",638,"Norton-Cuffy","HUL","-23.6","-23.9","-24.7","-25.5",-2,-2,"0.2",40,448,2458,1,34,"0.3","d",0,0,,"false"
"2026-09-28T15:22:48Z",642,"Thomas","HUL","0.2","0.2","0.2","0.2",1,0,"0.0",55,443,338,4,119,"1.3","a",0,0,,"false"
"2026-09-28T15:22:48Z",645,"Mouzakitis","HUL","0.0","0.0","0.0","0.0",0,0,"0.0",50,85,87,0,0,"0.0","a",0,0,,"false"
"2026-09-28T15:22:48Z",259,"Diop","IPS","-51.3","-51.4","-51.5","-51.6",-3,-10,"12.7",40,6732,52928,12,450,"2.5","a",0,0,,"false"
"2026-09-28T15:22:48Z",267,"Lukić","IPS","-4.8","-5.1","-6.2","-7.2",-1,-1,"0.1",49,184,492,11,400,"1.5","a",-1,-1,,"false"
"2026-09-28T15:22:48Z",300,"Walton","IPS","-7.3","-7.3","-7.3","-7.3",-1,0,"0.4",44,1580,976,2,90,"0.5","a",0,-1,,"false"
"2026-09-28T15:22:48Z",301,"Palmer","IPS","-24.7","-24.8","-25.0","-25.2",-2,-6,"3.9",40,3786,11354,0,0,"0.0","a",0,0,,"false"
"2026-09-28T15:22:48Z",302,"Button","IPS","1.1","1.1","1.1","1.0",1,-1,"0.6",40,1381,1256,0,0,"0.0","a",0,0,,"false"
"2026-09-28T15:22:48Z",303,"Kipré","IPS","3.0","3.0","3.0","2.9",1,-4,"0.9",39,4287,4185,0,0,"0.0","a",0,-1,,"false"
"2026-09-28T15:22:48Z",304,"O'Shea","IPS","-38.8","-38.8","-39.0","-39.1",-2,-2,"2.7",40,1852,14038,10,450,"1.5","a",0,0,,"false"
"2026-09-28T15:22:48Z",305,"Davis","IPS","70.3","70.3","70.5","70.6",3,10,"6.9",40,47747,25837,25,450,"5.8","a",0,0,,"false"
"2026-09-28T15:22:48Z",306,"Greaves","IPS","-87.7","-87.7","-88.0","-88.2",-3,-2,"1.1",40,451,3297,3,357,"0.2","a",0,0,,"false"
"2026-09-28T15:22:48Z",307,"Johnson","IPS","0.0","0.0","0.0","0.0",0,0,"0.1",40,0,345,0,0,"0.0","u",0,0,,"false"
"2026-09-28T15:22:48Z",308,"Furlong","IPS","2.0","2.0","2.0","2.0",1,1,"0.6",39,6175,2717,1,17,"0.2","a",0,-1,,"false"
"2026-09-28T15:22:48Z",309,"Núñez","IPS","-33.1","-33.7","-35.4","-37.1",-2,-1,"0.1",49,90,602,6,140,"0.5","a",0,-1,,"false"
"2026-09-28T15:22:48Z",310,"Matusiwa","IPS","0.0","0.0","0.0","0.0",0,0,"0.0",49,14,17,0,0,"0.0","a",0,-1,,"false"
"2026-09-28T15:22:48Z",311,"Burns","IPS","0.0","0.0","0.0","0.0",0,0,"0.0",50,0,8,0,0,"0.0","u",0,0,,"false"
"2026-09-28T15:22:48Z",312,"Taylor","IPS","0.1","0.1","0.1","0.1",1,0,"0.0",44,369,253,0,0,"0.0","i",-1,-1,,"false"
"2026-09-28T15:22:48Z",313,"Clarke","IPS","-82.1","-82.4","-83.4","-84.4",-3,-1,"0.2",54,135,890,11,170,"1.0","a",0,-1,,"false"
"2026-09-28T15:22:48Z",314,"Ogbene","IPS","0.0","0.0","0.0","0.0",0,0,"0.0",49,0,64,0,0,"0.0","u",0,-1,,"false"
"2026-09-28T15:22:48Z",315,"Fatawu","IPS","-31.3","-31.3","-31.3","-31.3",-2,0,"0.2",54,52,2384,8,352,"1.5","s",0,-1,,"false"
"2026-09-28T15:22:48Z",316,"Emersonn","IPS","81.1","81.2","81.5","81.8",3,22,"3.5",55,32012,22129,26,317,"4.2","a",0,0,,"false"
"2026-09-28T15:22:48Z",317,"Hirst","IPS","0.0","0.0","0.0","0.0",0,0,"0.1",50,0,453,0,0,"0.0","u",0,0,,"false"
"2026-09-28T15:22:48Z",318,"Philogene","IPS","-7.6","-7.6","-7.6","-7.6",-1,0,"0.1",54,32,151,2,52,"0.5","a",0,-1,,"false"
"2026-09-28T15:22:48Z",319,"Szmodics","IPS","0.0","0.0","0.0","0.0",0,0,"0.0",50,0,12,0,0,"0.0","u",0,0,,"false"
"2026-09-28T15:22:48Z",320,"Akpom","IPS","23.5","23.5","23.5","23.6",2,3,"1.2",50,4831,9273,7,78,"1.5","a",0,0,,"false"
"2026-09-28T15:22:48Z",321,"Walle Egeli","IPS","37.9","37.9","37.8","37.8",2,-4,"3.5",45,17090,25540,1,10,"0.0","a",0,0,,"false"
"2026-09-28T15:22:48Z",322,"Al-Hamadi","IPS","0.0","0.0","0.0","0.0",0,0,"0.0",50,0,357,0,0,"0.0","u",0,0,,"false"
"2026-09-28T15:22:48Z",323,"McAteer","IPS","-0.7","-0.7","-0.7","-0.7",-1,0,"1.0",44,1361,6135,3,42,"0.5","a",-1,-1,,"false"
"2026-09-28T15:22:48Z",324,"Mehmeti","IPS","-2.0","-2.0","-2.0","-2.0",-1,0,"0.0",48,67,131,0,0,"0.0","a",-1,-2,,"false"
"2026-09-28T15:22:48Z",554,"Van Oevelen","IPS","0.0","0.0","0.0","0.0",0,0,"0.0",45,0,77,0,0,"0.0","u",0,0,,"false"
"2026-09-28T15:22:48Z",562,"Maeda","IPS","-9.3","-9.2","-8.7","-8.2",-1,1,"0.2",53,126,1399,8,259,"1.5","a",-1,-2,,"false"
"2026-09-28T15:22:48Z",564,"Scherpen","IPS","-30.6","-30.6","-30.6","-30.6",-2,0,"0.6",45,572,2697,7,360,"1.2","a",0,0,,"false"
"2026-09-28T15:22:48Z",571,"Florentino","IPS","-2.1","-2.1","-2.1","-2.1",-1,0,"0.1",48,107,319,2,30,"0.5","a",-1,-2,,"false"
"2026-09-28T15:22:48Z",591,"Enciso","IPS","8.4","8.4","8.4","8.4",1,1,"0.8",55,2058,5872,15,413,"2.5","a",0,0,,"false"
"2026-09-28T15:22:48Z",592,"Ouattara","IPS","-30.8","-30.9","-31.2","-31.6",-2,-2,"0.9",40,650,1979,6,131,"1.2","a",0,0,,"false"
"2026-09-28T15:22:48Z",602,"Humphreys","IPS","0.0","0.0","0.0","0.0",0,0,"0.0",45,0,232,0,0,"0.0","u",0,0,,"false"
"2026-09-28T15:22:48Z",619,"Palacios","IPS","1.0","1.0","1.0","1.0",1,0,"0.1",50,479,796,11,275,"2.8","a",0,0,,"false"
"2026-09-28T15:22:48Z",640,"Flemming","IPS","0.4","0.4","0.4","0.4",1,0,"0.1",55,848,953,6,60,"2.0","a",0,0,,"false"
"2026-09-28T15:22:48Z",260,"Wilson","LEE","-57.1","-57.4","-58.5","-59.5",-3,-32,"1.7",62,70,38814,5,145,"0.5","i",0,-3,,"false"
"2026-09-28T15:22:48Z",326,"Perri","LEE","0.0","0.0","0.0","0.0",0,-4,"0.3",45,0,1206,0,0,"0.0","u",0,0,,"false"
"2026-09-28T15:22:48Z",327,"Bijol","LEE","4.9","4.9","4.8","4.8",1,-4,"0.7",50,765,5306,12,164,"0.5","a",0,0,,"false"
"2026-09-28T15:22:48Z",329,"Rodon","LEE","-5.9","-6.0","-6.2","-6.4",-1,-5,"0.8",43,43,8469,7,123,"0.2","i",-1,-2,,"false"
"2026-09-28T15:22:48Z",330,"Bogle","LEE","53.8","53.9","54.5","55.1",3,41,"7.1",46,118240,23767,42,365,"9.0","a",0,1,,"false"
"2026-09-28T15:22:48Z",331,"Gudmundsson","LEE","0.9","0.9","0.9","1.0",1,1,"0.1",45,491,306,14,252,"3.5","a",0,0,,"false"
"2026-09-28T15:22:48Z",332,"Justin","LEE","17.5","17.5","17.5","17.5",1,-1,"1.5",45,3912,5487,26,450,"4.0","a",0,0,,"false"
"2026-09-28T15:22:48Z",333,"Bornauw","LEE","0.0","0.0","0.0","0.0",0,0,"0.0",45,0,5,0,0,"0.0","u",0,0,,"false"
"2026-09-28T15:22:48Z",334,"Muharemović","LEE","37.3","37.3","37.4","37.4",2,6,"4.3",50,25809,21819,27,450,"5.2","a",0,0,,"false"
"2026-09-28T15:22:48Z",335,"Stach","LEE","15.6","15.6","15.5","15.3",1,-9,"2.5",60,4522,18726,27,447,"3.5","a",0,0,,"false"
"2026-09-28T15:22:48Z",336,"Okafor","LEE","1.4","1.4","1.4","1.4",1,1,"0.4",58,1658,3205,18,299,"4.2","a",0,-2,,"false"
"2026-09-28T15:22:48Z",337,"Aaronson","LEE","-6.9","-7.0","-7.5","-7.9",-1,-2,"0.5",53,205,3231,7,194,"1.0","a",-1,-2,,"false"
"2026-09-28T15:22:48Z",338,"Ampadu","LEE","-27.0","-27.0","-27.2","-27.4",-2,-1,"0.9",54,1508,4670,21,450,"4.0","a",0,-1,,"false"
"2026-09-28T15:22:48Z",339,"Longstaff","LEE","-92.9","-92.9","-92.9","-92.9",-3,0,"0.1",49,122,599,2,10,"0.2","a",0,-1,,"false"
"2026-09-28T15:22:48Z",341,"Gnonto","LEE","0.0","0.0","0.0","0.0",0,0,"0.0",50,0,50,0,0,"0.0","u",0,0,,"false"
"2026-09-28T15:22:48Z",342,"Harrison","LEE","0.0","0.0","0.0","0.0",0,0,"0.0",50,0,5,0,0,"0.0","u",0,0,,"false"
"2026-09-28T15:22:48Z",343,"James","LEE","-26.3","-26.3","-26.3","-26.3",-2,0,"0.1",49,178,529,3,52,"0.8","a",0,-1,,"false"
"2026-09-28T15:22:48Z",344,"Gruev","LEE","0.0","0.0","0.0","0.0",0,0,"0.0",50,45,18,0,0,"0.0","a",0,0,,"false"
"2026-09-28T15:22:48Z",345,"Tanaka","LEE","4.6","4.7","4.7","4.7",1,1,"0.3",49,2082,2151,14,255,"3.5","a",0,-1,,"false"
"2026-09-28T15:22:48Z",346,"Calvert-Lewin","LEE","65.7","65.9","66.5","67.1",3,41,"24.8",60,88304,162426,22,419,"5.2","a",0,0,,"false"
"2026-09-28T15:22:48Z",347,"Nmecha","LEE","-25.4","-25.6","-26.4","-27.2",-2,-2,"0.5",54,1886,3577,7,64,"1.8","a",0,-1,,"false"
"2026-09-28T15:22:48Z",348,"Piroe","LEE","0.0","0.0","0.0","0.0",0,-3,"0.1",50,0,404,0,0,"0.0","u",0,0,,"false"
"2026-09-28T15:22:48Z",349,"Mateo Joseph","LEE","-39.5","-39.5","-39.5","-39.5",-2,0,"0.1",45,299,455,0,0,"0.0","i",0,0,,"false"
"2026-09-28T15:22:48Z",385,"Trafford","LEE","32.4","32.4","32.7","32.9",2,16,"5.5",50,20731,13969,28,450,"4.8","a",0,0,,"false"
"2026-09-28T15:22:48Z",598,"Elvedi","LEE","0.6","0.6","0.7","0.7",1,1,"0.1",45,214,217,13,326,"3.2","a",0,0,,"false"
"2026-09-28T15:22:48Z",603,"Lienou","LEE","0.1","0.1","0.1","0.1",1,0,"0.1",40,229,497,0,0,"0.0","a",0,0,,"false"
"2026-09-28T15:22:48Z",604,"Cresswell","LEE","-11.1","-11.1","-11.1","-11.1",-1,0,"0.1",45,287,860,0,0,"0.0","a",0,0,,"false"
"2026-09-28T15:22:48Z",625,"Cairns","LEE","0.4","0.4","0.3","0.3",1,-1,"0.2",40,806,746,0,0,"0.0","a",0,0,,"false"
"2026-09-28T15:22:48Z",629,"Zetterer","LEE","2.2","2.2","2.1","2.1",1,-3,"0.7",40,2908,2654,0,0,"0.0","a",0,0,,"false"
"2026-09-28T15:22:48Z",641,"Bard","LEE","0.0","0.0","0.0","0.0",0,0,"0.0",45,93,74,1,18,"0.3","a",0,0,,"false"
"2026-09-28T15:22:48Z",648,"Bahoya","LEE","-50.1","-54.4","-67.7","-81.1",-3,-1,"0.0",50,103,169,1,1,"0.3","a",0,0,,"false"
"2026-09-28T15:22:48Z",350,"A.Becker","LIV","1.4","1.5","1.6","1.8",1,12,"4.1",55,11961,11059,27,450,"8.3","a",0,0,,"false"
"2026-09-28T15:22:48Z",351,"Mamardashvili","LIV","-93.5","-93.9","-95.3","-96.7",-3,-1,"0.1",49,239,586,0,0,"0.0","a",0,-1,,"false"
"2026-09-28T15:22:48Z",352,"Woodman","LIV","-30.4","-30.4","-30.6","-30.7",-2,-1,"1.0",40,751,2262,0,0,"0.0","a",0,0,,"false"
"2026-09-28T15:22:48Z",353,"Pecsi","LIV","0.0","0.0","0.0","0.0",0,0,"0.0",40,0,57,0,0,"0.0","u",0,0,,"false"
"2026-09-28T15:22:48Z",354,"Jaros","LIV","0.0","0.0","0.0","0.0",0,0,"0.0",40,197,151,0,0,"0.0","i",0,0,,"false"
"2026-09-28T15:22:48Z",355,"Davies","LIV","0.1","0.1","0.1","0.1",1,0,"0.2",40,274,451,0,0,"0.0","a",0,0,,"false"
"2026-09-28T15:22:48Z",356,"Virgil","LIV","-57.8","-57.8","-57.8","-57.7",-3,7,"16.2",65,19804,41651,25,450,"7.3","a",0,0,,"false"
"2026-09-28T15:22:48Z",357,"Frimpong","LIV","-35.5","-35.7","-36.4","-37.0",-2,-8,"1.8",53,1517,12224,2,178,"0.3","a",0,-2,,"false"
"2026-09-28T15:22:48Z",358,"Kerkez","LIV","-98.8","-99.0","-99.7","-100.4",-4,-10,"2.2",54,2470,9777,13,385,"4.0","a",0,-1,,"false"
"2026-09-28T15:22:48Z",359,"Gomez","LIV","0.0","0.0","0.0","0.0",0,0,"0.0",49,302,108,0,0,"0.0","a",0,-1,,"false"
"2026-09-28T15:22:48Z",360,"Bradley","LIV","-84.0","-84.0","-84.0","-84.0",-3,0,"0.0",50,49,75,0,0,"0.0","i",0,0,,"false"
"2026-09-28T15:22:48Z",361,"Lucky","LIV","-51.2","-50.7","-49.3","-47.8",-3,1,"0.1",40,274,542,0,0,"0.0","a",0,0,,"false"
"2026-09-28T15:22:48Z",362,"Jacquet","LIV","53.6","53.7","54.0","54.2",3,18,"3.5",50,31650,12502,24,415,"6.7","a",0,0,,"false"
"2026-09-28T15:22:48Z",363,"Leoni","LIV","-58.3","-58.3","-58.3","-58.3",-3,0,"0.0",40,62,169,0,0,"0.0","i",0,0,,"false"
"2026-09-28T15:22:48Z",364,"Tsimikas","LIV","-53.3","-53.3","-53.3","-53.3",-3,0,"0.1",49,83,383,2,64,"0.3","a",0,-1,,"false"
"2026-09-28T15:22:48Z",365,"Ramsay","LIV","0.0","0.0","0.0","0.0",0,-2,"0.1",40,0,452,0,0,"0.0","u",0,0,,"false"
"2026-09-28T15:22:48Z",366,"Wirtz","LIV","-35.4","-35.4","-35.5","-35.5",-2,-2,"5.7",73,2920,40467,18,402,"4.0","a",0,-2,,"false"
"2026-09-28T15:22:48Z",367,"Gakpo","LIV","3.7","1.9","-1.9","-4.9",1,-380,"12.5",72,50490,79356,32,370,"5.0","d",0,2,,"false"
"2026-09-28T15:22:48Z",368,"Szoboszlai","LIV","-93.3","-93.4","-93.4","-93.5",-3,-11,"32.9",70,33615,203246,20,440,"2.7","a",0,0,,"false"
"2026-09-28T15:22:48Z",369,"Ngumoha","LIV","-22.0","-22.3","-23.3","-24.4",-2,-6,"0.5",57,712,4096,4,99,"0.3","a",-1,-3,,"false"
"2026-09-28T15:22:48Z",370,"Chiesa","LIV","-5.4","-5.4","-5.4","-5.4",-1,0,"0.0",53,15,235,0,0,"0.0","i",-1,-2,,"false"
"2026-09-28T15:22:48Z",371,"Gravenberch","LIV","-20.9","-20.9","-21.1","-21.2",-2,-2,"1.1",58,1151,8735,9,190,"1.0","a",-1,-2,,"false"
"2026-09-28T15:22:48Z",372,"Mac Allister","LIV","-41.4","-41.4","-41.6","-41.8",-3,-2,"1.3",54,3654,6605,11,306,"2.7","a",0,-1,,"false"
"2026-09-28T15:22:48Z",373,"C.Jones","LIV","0.0","0.0","0.0","0.0",0,0,"0.0",55,0,56,0,0,"0.0","u",0,0,,"false"
"2026-09-28T15:22:48Z",374,"Endo","LIV","-59.5","-57.7","-52.0","-46.3",-3,2,"0.1",49,155,424,0,0,"0.0","a",0,-1,,"false"
"2026-09-28T15:22:48Z",375,"Nyoni","LIV","-83.9","-83.9","-83.9","-83.9",-3,0,"0.0",49,83,302,3,38,"0.7","a",0,-1,,"false"
"2026-09-28T15:22:48Z",376,"Bajcetic","LIV","0.0","0.0","0.0","0.0",0,0,"0.0",50,0,2,0,0,"0.0","u",0,0,,"false"
"2026-09-28T15:22:48Z",377,"Munoz","LIV","6.3","6.3","6.1","6.0",1,-10,"0.9",65,1328,11088,15,257,"1.7","a",0,0,,"false"
"2026-09-28T15:22:48Z",378,"McConnell","LIV","-2.9","-3.1","-3.9","-4.6",-1,-1,"0.2",44,1027,1433,0,0,"0.0","a",0,-1,,"false"
"2026-09-28T15:22:48Z",379,"Isak","LIV","10.7","9.9","7.3","4.7",1,-182,"22.5",91,112748,72156,33,413,"7.7","d",0,1,,"false"
"2026-09-28T15:22:48Z",380,"Ekitiké","LIV","-26.3","-26.3","-26.3","-26.3",-2,0,"0.1",74,346,784,0,0,"0.0","i",0,-1,,"false"
"2026-09-28T15:22:48Z",381,"Koumas","LIV","-91.8","-91.8","-91.8","-91.8",-3,0,"0.0",50,143,180,3,22,"0.7","a",0,0,,"false"
"2026-09-28T15:22:48Z",382,"Danns","LIV","3.5","3.5","3.5","3.6",1,4,"0.2",45,3311,2276,0,0,"0.0","a",0,0,,"false"
"2026-09-28T15:22:48Z",383,"Elliott","LIV","0.0","0.0","0.0","0.0",0,0,"0.0",54,0,215,0,0,"0.0","u",0,-1,,"false"
"2026-09-28T15:22:48Z",579,"Araujo","LIV","32.7","32.8","33.0","33.3",2,17,"3.0",54,15779,9951,22,284,"7.0","a",0,-1,,"false"
"2026-09-28T15:22:48Z",627,"Barcola","LIV","-66.6","-65.6","-62.5","-59.5",-3,38,"1.9",80,9466,18044,7,168,"2.3","a",0,0,,"false"
"2026-09-28T15:22:48Z",155,"Enzo","MCI","1.1","1.2","1.5","1.9",1,25,"3.6",69,29358,13568,13,271,"3.0","a",0,-1,,"false"
"2026-09-28T15:22:48Z",237,"Ndiaye","MCI","-18.7","-18.8","-19.2","-19.6",-1,-29,"6.7",58,6620,66170,22,385,"3.0","a",-1,-2,,"false"
"2026-09-28T15:22:48Z",384,"Donnarumma","MCI","-49.4","-49.5","-49.9","-50.4",-3,-21,"7.6",55,10239,28972,19,450,"5.3","a",0,0,,"false"
"2026-09-28T15:22:48Z",386,"Bettinelli","MCI","-84.7","-86.8","-93.4","-100.1",-3,-1,"0.0",45,49,86,0,0,"0.0","a",0,0,,"false"
"2026-09-28T15:22:48Z",387,"O'Reilly","MCI","-3.3","-3.3","-3.5","-3.7",-1,-22,"10.9",63,4998,67854,6,163,"0.7","a",-1,-2,,"false"
"2026-09-28T15:22:48Z",388,"Guéhi","MCI","63.3","63.2","62.7","62.2",3,-33,"18.2",60,22573,48287,30,450,"6.0","a",0,0,,"false"
"2026-09-28T15:22:48Z",389,"Matheus N.","MCI","-32.4","-32.5","-32.7","-32.8",-2,-1,"1.0",59,1569,2776,11,213,"3.3","a",0,-1,,"false"
"2026-09-28T15:22:48Z",390,"Rúben","MCI","3.7","3.7","3.7","3.7",1,-2,"1.9",55,4414,8713,17,450,"4.3","a",0,0,,"false"
"2026-09-28T15:22:48Z",391,"Gvardiol","MCI","76.4","76.5","77.0","77.5",3,34,"26.8",57,140878,50239,37,434,"7.7","a",0,2,,"false"
"2026-09-28T15:22:48Z",392,"Aït-Nouri","MCI","-94.4","-94.5","-95.0","-95.4",-3,-1,"0.4",53,495,2081,0,0,"0.0","a",0,-2,,"false"
"2026-09-28T15:22:48Z",393,"Khusanov","MCI","-32.8","-33.0","-33.3","-33.7",-2,-4,"1.4",54,1339,8689,9,268,"1.7","a",0,-1,,"false"
"2026-09-28T15:22:48Z",394,"Alleyne","MCI","0.0","0.0","0.0","0.0",0,0,"0.0",50,0,18,0,0,"0.0","u",0,0,,"false"
"2026-09-28T15:22:48Z",395,"Lewis","MCI","-62.7","-63.2","-65.0","-66.8",-3,-2,"0.2",44,285,1152,1,56,"0.0","a",0,-1,,"false"
"2026-09-28T15:22:48Z",396,"Vitor Reis","MCI","-79.3","-79.3","-79.3","-79.3",-3,0,"0.0",45,70,144,1,1,"0.0","a",0,0,,"false"
"2026-09-28T15:22:48Z",397,"Semenyo","MCI","-18.6","-18.8","-19.2","-19.5",-1,-75,"15.4",84,123006,59020,33,450,"8.7","d",0,-1,,"false"
"2026-09-28T15:22:48Z",398,"Foden","MCI","-45.3","-45.6","-46.4","-47.1",-3,-26,"1.8",69,194,27160,9,217,"-0.3","s",0,-1,,"false"
"2026-09-28T15:22:48Z",399,"Cherki","MCI","-55.8","-55.4","-54.4","-53.4",-3,72,"28.4",78,115487,84629,34,302,"4.0","a",0,3,,"false"
"2026-09-28T15:22:48Z",400,"Doku","MCI","0.1","0.1","0.3","0.4",1,8,"0.7",74,3952,1910,1,15,"0.3","a",0,-1,,"false"
"2026-09-28T15:22:48Z",402,"Rodrigo","MCI","0.0","0.0","0.0","0.0",0,0,"0.0",65,0,22,0,0,"0.0","u",0,0,,"false"
"2026-09-28T15:22:48Z",404,"Reijnders","MCI","0.0","0.0","0.0","0.0",0,-1,"0.0",60,0,93,0,0,"0.0","u",0,0,,"false"
"2026-09-28T15:22:48Z",406,"Kovačić","MCI","-92.1","-92.9","-95.2","-97.5",-3,-1,"0.1",54,100,438,2,42,"0.0","a",0,-1,,"false"
"2026-09-28T15:22:48Z",407,"Echeverri","MCI","0.0","0.0","0.0","0.0",0,0,"0.0",49,0,51,0,0,"0.0","u",0,-1,,"false"
"2026-09-28T15:22:48Z",408,"Phillips","MCI","0.0","0.0","0.0","0.0",0,0,"0.0",50,0,11,0,0,"0.0","u",0,0,,"false"
"2026-09-28T15:22:48Z",409,"Mukasa","MCI","0.0","0.0","0.0","0.0",0,0,"0.1",45,0,565,0,0,"0.0","u",0,0,,"false"
"2026-09-28T15:22:48Z",410,"Monga","MCI","0.0","0.0","0.0","0.0",0,0,"0.0",49,0,48,0,0,"0.0","u",0,-1,,"false"
"2026-09-28T15:22:48Z",411,"Haaland","MCI","21.2","21.4","22.1","22.7",2,44,"73.8",156,73941,18484,39,450,"8.0","a",0,1,,"false"
"2026-09-28T15:22:48Z",481,"Anderson","MCI","-39.6","-39.6","-39.8","-40.0",-2,-6,"4.0",63,7433,26686,15,413,"3.3","a",0,-2,,"false"
"2026-09-28T15:22:48Z",587,"Rulli","MCI","-87.1","-87.1","-87.1","-87.1",-3,0,"0.0",50,67,101,0,0,"0.0","a",0,0,,"false"
"2026-09-28T15:22:48Z",616,"Bouaddi","MCI","-30.3","-29.5","-27.2","-24.9",-2,3,"0.2",55,808,2042,2,22,"0.3","a",0,0,,"false"
"2026-09-28T15:22:48Z",621,"McAidoo","MCI","-84.6","-86.5","-92.3","-98.1",-3,-4,"0.1",45,183,1046,2,11,"0.3","a",0,0,,"false"
"2026-09-28T15:22:48Z",622,"Braithwaite","MCI","-36.3","-36.3","-36.3","-36.3",-2,0,"0.2",40,550,1592,1,1,"0.0","a",0,0,,"false"
"2026-09-28T15:22:48Z",628,"Allan","MCI","0.1","0.1","0.1","0.1",1,0,"0.0",60,209,156,0,0,"0.0","a",0,0,,"false"
"2026-09-28T15:22:48Z",653,"Samba","MCI","-37.0","-44.1","-66.4","-88.7",-3,-5,"0.0",45,235,468,0,0,"0.0","a",0,0,,"false"
"2026-09-28T15:22:48Z",43,"Tielemans","MUN","-35.0","-35.0","-35.0","-35.0",-2,0,"1.5",58,2930,10291,14,402,"3.0","a",0,-2,,"false"
"2026-09-28T15:22:48Z",131,"Baleba","MUN","0.0","0.0","0.0","0.0",0,0,"0.1",49,1182,682,0,0,"0.0","a",0,-1,,"false"
"2026-09-28T15:22:48Z",162,"Andrey Santos","MUN","-46.5","-46.5","-46.5","-46.5",-3,0,"0.6",48,991,4725,4,82,"0.5","a",0,-2,,"false"
"2026-09-28T15:22:48Z",325,"Darlow","MUN","-21.4","-21.4","-21.4","-21.4",-2,0,"0.0",45,57,201,0,0,"0.0","d",0,0,,"false"
"2026-09-28T15:22:48Z",412,"Lammens","MUN","-16.1","-16.1","-16.2","-16.3",-1,-7,"9.9",49,6321,46747,11,450,"2.5","a",0,-1,,"false"
"2026-09-28T15:22:48Z",413,"Bayindir","MUN","0.0","0.0","0.0","0.0",0,0,"0.0",45,0,33,0,0,"0.0","u",0,0,,"false"
"2026-09-28T15:22:48Z",414,"Heaton","MUN","-34.3","-34.3","-34.3","-34.3",-2,0,"0.1",40,188,252,0,0,"0.0","i",0,0,,"false"
"2026-09-28T15:22:48Z",415,"Dorgu","MUN","-54.4","-55.4","-58.6","-61.9",-3,-21,"0.5",58,1018,3745,10,171,"2.5","d",0,-2,,"false"
"2026-09-28T15:22:48Z",416,"De Ligt","MUN","-93.2","-93.2","-93.2","-93.2",-3,0,"0.0",50,67,123,0,0,"0.0","i",0,0,,"false"
"2026-09-28T15:22:48Z",417,"Dalot","MUN","-74.0","-74.2","-74.5","-74.9",-3,-4,"1.6",49,1161,7175,8,346,"1.8","a",0,-1,,"false"
"2026-09-28T15:22:48Z",418,"Maguire","MUN","-1.5","-1.6","-1.8","-1.9",-1,-18,"8.6",48,4032,72687,10,450,"2.2","a",-1,-2,,"false"
"2026-09-28T15:22:48Z",419,"Martinez","MUN","-93.0","-93.3","-94.1","-94.9",-3,-7,"1.3",50,3519,6161,6,360,"1.5","a",0,0,,"false"
"2026-09-28T15:22:48Z",420,"Yoro","MUN","-9.9","-9.9","-9.9","-9.9",-1,0,"0.5",48,449,2092,2,22,"0.5","a",-1,-2,,"false"
"2026-09-28T15:22:48Z",421,"Heaven","MUN","-97.4","-97.9","-99.5","-101.1",-4,-3,"0.3",44,221,1395,1,90,"0.0","a",0,-1,,"false"
"2026-09-28T15:22:48Z",422,"Mazraoui","MUN","-70.5","-70.7","-71.3","-71.9",-3,-2,"0.5",44,550,2773,3,97,"0.5","a",0,-1,,"false"
"2026-09-28T15:22:48Z",423,"Shaw","MUN","-4.3","-4.3","-4.6","-4.9",-1,-23,"7.7",43,3343,74336,9,335,"2.0","a",-1,-2,,"false"
"2026-09-28T15:22:48Z",424,"Amass","MUN","-43.6","-43.6","-43.6","-43.6",-3,0,"0.2",40,399,747,0,0,"0.0","a",0,0,,"false"
"2026-09-28T15:22:48Z",425,"Fredricson","MUN","0.0","0.0","0.0","0.0",0,0,"0.0",40,0,46,0,0,"0.0","u",0,0,,"false"
"2026-09-28T15:22:48Z",426,"B.Fernandes","MUN","-1.0","-1.0","-1.0","-1.0",-1,-1,"38.5",119,40036,189996,31,450,"7.2","a",-1,-1,,"false"
"2026-09-28T15:22:48Z",427,"Mbeumo","MUN","-72.7","-72.6","-72.5","-72.5",-3,12,"20.6",79,33803,124939,25,450,"5.8","a",0,-1,,"false"
"2026-09-28T15:22:48Z",428,"Cunha","MUN","-92.4","-92.1","-91.2","-90.2",-3,36,"5.8",79,19983,20621,26,407,"6.0","a",0,-1,,"false"
"2026-09-28T15:22:48Z",429,"Rashford","MUN","-77.9","-78.4","-79.8","-81.3",-3,-27,"1.5",70,4066,16677,10,351,"2.2","d",0,0,,"false"
"2026-09-28T15:22:48Z",430,"Mount","MUN","0.1","0.1","0.1","0.1",1,0,"0.0",54,170,190,1,10,"0.2","a",0,-1,,"false"
"2026-09-28T15:22:48Z",431,"Amad","MUN","-15.9","-16.0","-16.1","-16.2",-1,-1,"0.3",57,117,1714,0,0,"0.0","i",0,-3,,"false"
"2026-09-28T15:22:48Z",432,"Mainoo","MUN","13.8","13.6","13.3","13.0",1,-23,"1.6",55,7445,14166,22,354,"5.2","d",0,0,,"false"
"2026-09-28T15:22:48Z",433,"Ugarte","MUN","-65.9","-65.9","-65.9","-65.9",-3,0,"0.0",50,22,23,0,0,"0.0","i",0,0,,"false"
"2026-09-28T15:22:48Z",434,"J.Fletcher","MUN","-38.3","-38.3","-38.3","-38.3",-2,0,"0.0",49,41,56,0,0,"0.0","a",0,-1,,"false"
"2026-09-28T15:22:48Z",435,"Lacey","MUN","-5.4","-5.4","-5.4","-5.4",-1,0,"0.1",49,361,338,1,10,"0.0","a",0,-1,,"false"
"2026-09-28T15:22:48Z",436,"Collyer","MUN","0.0","0.0","0.0","0.0",0,0,"0.0",50,0,43,0,0,"0.0","u",0,0,,"false"
"2026-09-28T15:22:48Z",437,"Bendito Mantato","MUN","0.0","0.0","0.0","0.1",0,1,"0.2",44,374,812,0,0,"0.0","a",-1,-1,,"false"
"2026-09-28T15:22:48Z",438,"Fletcher","MUN","0.4","0.4","0.4","0.4",1,0,"0.3",44,2487,2024,0,0,"0.0","a",0,-1,,"false"
"2026-09-28T15:22:48Z",439,"Šeško","MUN","-38.0","-38.5","-39.9","-41.3",-2,-28,"1.6",70,6518,22978,8,76,"1.8","d",0,0,,"false"
"2026-09-28T15:22:48Z",440,"Zirkzee","MUN","-8.0","-8.0","-8.0","-8.0",-1,0,"0.4",53,1809,3002,2,20,"0.5","a",-1,-2,,"false"
"2026-09-28T15:22:48Z",441,"Obi","MUN","0.0","0.0","0.0","0.0",0,-8,"0.9",45,0,10861,0,0,"0.0","u",0,0,,"false"
"2026-09-28T15:22:48Z",405,"N.Gonzalez","NEW","0.8","0.8","0.8","0.8",1,0,"0.2",55,561,1793,5,164,"1.2","a",0,0,,"false"
"2026-09-28T15:22:48Z",442,"Pope","NEW","-42.4","-42.4","-42.4","-42.4",-3,0,"0.9",49,823,2996,0,0,"0.0","a",0,-1,,"false"
"2026-09-28T15:22:48Z",443,"Gillespie","NEW","-37.3","-37.3","-37.3","-37.3",-2,0,"0.0",45,42,84,0,0,"0.0","a",0,0,,"false"
"2026-09-28T15:22:48Z",444,"Jaouen","NEW","-6.1","-6.1","-6.1","-6.1",-1,0,"0.0",44,19,113,0,0,"0.0","d",-1,-1,,"false"
"2026-09-28T15:22:48Z",445,"Thiaw","NEW","17.2","17.2","17.2","17.2",1,-2,"2.2",50,8102,9447,14,450,"2.8","a",0,0,,"false"
"2026-09-28T15:22:48Z",446,"Schär","NEW","-10.9","-10.9","-10.9","-10.9",-1,0,"0.2",49,524,875,2,25,"0.2","a",0,-1,,"false"
"2026-09-28T15:22:48Z",447,"Botman","NEW","9.4","9.4","9.4","9.4",1,0,"0.7",50,4498,2802,15,450,"3.0","a",0,0,,"false"
"2026-09-28T15:22:48Z",448,"Burn","NEW","-3.4","-3.4","-3.5","-3.6",-1,-2,"0.7",48,98,5534,0,0,"0.0","i",-1,-2,,"false"
"2026-09-28T15:22:48Z",449,"Hall","NEW","6.1","6.2","6.6","7.1",1,81,"17.2",53,237201,18568,31,449,"7.0","a",1,3,,"false"
"2026-09-28T15:22:48Z",450,"Livramento","NEW","1.5","1.5","1.5","1.5",1,0,"0.1",49,430,1436,4,33,"1.0","d",0,-1,,"false"
"2026-09-28T15:22:48Z",451,"A.Murphy","NEW","0.0","0.0","0.0","0.0",0,0,"0.1",40,0,278,0,0,"0.0","u",0,0,,"false"
"2026-09-28T15:22:48Z",453,"Barnes","NEW","14.7","14.7","15.0","15.3",1,53,"5.6",61,151410,16129,28,450,"6.5","a",1,1,,"false"
"2026-09-28T15:22:48Z",454,"Elanga","NEW","-37.5","-37.7","-38.3","-38.8",-2,-85,"4.6",61,307,162314,18,232,"2.2","i",-1,1,,"false"
"2026-09-28T15:22:48Z",456,"J.Ramsey","NEW","-87.3","-87.6","-88.5","-89.4",-3,-4,"0.2",49,54,4558,7,69,"1.8","i",0,-1,,"false"
"2026-09-28T15:22:48Z",457,"J.Murphy","NEW","-19.6","-19.6","-19.6","-19.6",-1,0,"0.1",59,903,726,3,181,"0.8","a",0,-1,,"false"
"2026-09-28T15:22:48Z",458,"Joelinton","NEW","-60.5","-60.5","-60.5","-60.5",-3,0,"0.0",54,12,74,0,0,"0.0","i",0,-1,,"false"
"2026-09-28T15:22:48Z",459,"L.Miley","NEW","0.6","0.6","0.6","0.6",1,0,"0.1",55,453,429,12,396,"2.2","a",0,0,,"false"
"2026-09-28T15:22:48Z",460,"Willock","NEW","14.7","14.8","14.9","14.9",1,6,"0.6",50,9273,2536,22,284,"4.0","a",0,0,,"false"
"2026-09-28T15:22:48Z",461,"Touré","NEW","-10.2","-10.6","-12.0","-13.4",-1,-1,"0.1",58,310,821,8,50,"2.0","a",0,-2,,"false"
"2026-09-28T15:22:48Z",462,"Steur","NEW","-49.7","-50.5","-53.0","-55.5",-3,-1,"0.1",49,259,361,8,223,"1.8","a",0,-1,,"false"
"2026-09-28T15:22:48Z",463,"Woltemade","NEW","0.0","0.0","0.0","0.0",0,-4,"0.5",59,0,3487,4,19,"1.0","u",0,-1,,"false"
"2026-09-28T15:22:48Z",464,"Wissa","NEW","59.5","59.7","60.2","60.8",3,38,"18.7",62,81680,136327,15,441,"2.8","a",0,2,,"false"
"2026-09-28T15:22:48Z",465,"Osula","NEW","-7.5","-7.5","-7.8","-8.0",-1,-2,"0.3",58,118,2258,4,55,"0.0","i",-1,-2,,"false"
"2026-09-28T15:22:48Z",466,"Neave","NEW","0.0","0.0","0.0","0.0",0,-3,"0.5",45,0,3726,0,0,"0.0","u",0,0,,"false"
"2026-09-28T15:22:48Z",559,"Bamba","NEW","-66.8","-66.8","-66.8","-66.8",-3,0,"0.1",49,123,469,3,27,"0.5","a",0,-1,,"false"
"2026-09-28T15:22:48Z",567,"Horníček","NEW","23.0","23.1","23.1","23.2",2,5,"1.5",50,6839,4642,14,450,"3.2","a",0,0,,"false"
"2026-09-28T15:22:48Z",593,"Dedić","NEW","-9.2","-9.3","-9.9","-10.4",-1,-19,"1.8",45,244,36271,13,327,"3.0","i",0,0,,"false"
"2026-09-28T15:22:48Z",609,"Shahar","NEW","0.0","0.0","0.0","0.0",0,-2,"0.2",40,0,1798,0,0,"0.0","u",0,0,,"false"
"2026-09-28T15:22:48Z",634,"Fernandez-Pardo","NEW","0.7","0.7","0.7","0.8",1,4,"0.1",60,1807,1343,4,157,"1.3","a",0,0,,"false"
"2026-09-28T15:22:48Z",659,"Miley","NEW","0.0","0.0","0.0","0.0",0,1,"0.0",45,1356,621,0,0,"0.0","a",0,0,,"false"
"2026-09-28T15:22:48Z",663,"Pivas","NEW","0.0","0.0","0.0","0.0",0,0,"0.0",40,372,50,0,0,"0.0","a",0,0,"2026-10-02T19:10:51.639791Z","false"
"2026-09-28T15:22:48Z",664,"Salia","NEW","0.0","0.0","0.0","0.0",0,0,"0.1",45,9076,1442,0,0,"0.0","a",0,0,"2026-10-02T19:11:17.402697Z","false"
"2026-09-28T15:22:48Z",665,"Mills","NEW","0.0","0.0","0.0","0.0",0,0,"0.0",45,153,26,0,0,"0.0","a",0,0,"2026-10-02T19:11:39.931907Z","false"
"2026-09-28T15:22:48Z",666,"Thompson","NEW","0.0","0.0","0.0","0.0",0,0,"0.0",45,225,34,0,0,"0.0","a",0,0,"2026-10-02T19:12:09.032926Z","false"
"2026-09-28T15:22:48Z",167,"Delap","NFO","-22.8","-22.7","-22.7","-22.6",-2,1,"2.7",56,24295,27756,9,277,"2.7","a",1,1,,"false"
"2026-09-28T15:22:48Z",201,"Muñoz","NFO","-45.1","-45.2","-45.3","-45.4",-3,-5,"5.7",54,7504,28765,5,257,"1.7","a",0,-1,,"false"
"2026-09-28T15:22:48Z",467,"Sels","NFO","4.4","4.3","4.3","4.2",1,-4,"1.6",50,1879,5828,14,450,"3.7","a",0,0,,"false"
"2026-09-28T15:22:48Z",468,"John","NFO","-71.5","-71.5","-71.5","-71.5",-3,0,"0.1",45,55,145,0,0,"0.0","a",0,0,,"false"
"2026-09-28T15:22:48Z",469,"N.Williams","NFO","23.7","23.6","23.5","23.3",2,-13,"8.7",50,10567,43711,19,450,"3.7","a",0,0,,"false"
"2026-09-28T15:22:48Z",470,"Morato","NFO","0.0","0.0","0.0","0.0",0,0,"0.0",50,0,110,0,0,"0.0","u",0,0,,"false"
"2026-09-28T15:22:48Z",471,"Milenković","NFO","-12.3","-12.4","-12.6","-12.7",-1,-6,"1.0",54,60,11692,12,270,"2.3","i",-1,-1,,"false"
"2026-09-28T15:22:48Z",472,"Murillo","NFO","23.3","23.3","23.4","23.5",2,7,"2.1",55,7744,7631,23,449,"6.0","a",0,0,,"false"
"2026-09-28T15:22:48Z",473,"Aina","NFO","-2.5","-2.5","-2.6","-2.7",-1,-3,"2.4",44,1020,19705,8,306,"1.0","a",-1,-1,,"false"
"2026-09-28T15:22:48Z",474,"Jair Cunha","NFO","-46.4","-46.7","-47.6","-48.6",-3,-1,"0.2",45,232,616,11,360,"3.0","a",0,0,,"false"
"2026-09-28T15:22:48Z",475,"Savona","NFO","-16.7","-16.7","-16.7","-16.7",-1,0,"0.0",45,20,17,0,0,"0.0","i",0,0,,"false"
"2026-09-28T15:22:48Z",476,"O.Richards","NFO","-64.7","-64.2","-62.5","-60.8",-3,2,"0.2",40,284,698,0,0,"0.0","a",0,0,,"false"
"2026-09-28T15:22:48Z",477,"Abbott","NFO","0.0","0.0","0.0","0.0",0,0,"0.1",40,0,780,0,0,"0.0","u",0,0,,"false"
"2026-09-28T15:22:48Z",478,"Netz","NFO","-7.1","-10.3","-20.4","-30.5",-1,-2,"0.0",44,54,112,3,27,"0.3","a",0,-1,,"false"
"2026-09-28T15:22:48Z",479,"Bindon","NFO","0.0","0.0","0.0","0.0",0,0,"0.1",40,0,505,0,0,"0.0","u",0,0,,"false"
"2026-09-28T15:22:48Z",480,"Gibbs-White","NFO","49.4","49.4","49.7","49.9",3,17,"15.7",80,61798,78466,28,450,"4.3","a",0,0,,"false"
"2026-09-28T15:22:48Z",482,"Hudson-Odoi","NFO","-36.3","-36.3","-36.3","-36.3",-2,0,"0.1",58,245,1117,1,1,"0.0","a",0,-2,,"false"
"2026-09-28T15:22:48Z",483,"Ndoye","NFO","13.0","13.0","12.9","12.8",1,-4,"0.7",55,715,7847,15,316,"1.0","a",0,0,,"false"
"2026-09-28T15:22:48Z",484,"Hutchinson","NFO","0.0","0.0","0.0","0.0",0,0,"0.1",54,0,342,0,0,"0.0","u",0,-1,,"false"
"2026-09-28T15:22:48Z",485,"Bakwa","NFO","0.0","0.0","0.0","0.0",0,0,"0.0",55,0,32,0,0,"0.0","u",0,0,,"false"
"2026-09-28T15:22:48Z",486,"McAtee","NFO","2.2","2.2","2.2","2.1",1,-1,"0.1",55,331,878,12,416,"2.3","a",0,0,,"false"
"2026-09-28T15:22:48Z",487,"Dominguez","NFO","-64.4","-64.4","-64.4","-64.4",-3,0,"0.1",49,60,284,1,1,"0.0","a",0,-1,,"false"
"2026-09-28T15:22:48Z",488,"I.Sangaré","NFO","-93.6","-93.7","-94.1","-94.5",-3,-1,"0.4",49,284,2898,4,105,"0.7","a",0,-1,,"false"
"2026-09-28T15:22:48Z",489,"Yates","NFO","-84.4","-84.6","-85.2","-85.9",-3,-5,"1.2",45,565,7080,0,0,"0.0","a",0,0,,"false"
"2026-09-28T15:22:48Z",490,"Wood","NFO","-37.9","-37.9","-38.0","-38.1",-2,-1,"0.9",58,1825,6215,4,62,"1.0","a",0,-2,,"false"
"2026-09-28T15:22:48Z",491,"Igor Jesus","NFO","0.1","0.1","0.1","0.1",1,1,"2.6",58,6765,22305,12,257,"3.0","a",0,-2,,"false"
"2026-09-28T15:22:48Z",493,"Kalimuendo","NFO","0.0","0.0","0.0","0.0",0,0,"0.1",54,210,400,1,1,"0.0","a",0,-1,,"false"
"2026-09-28T15:22:48Z",558,"Schlager","NFO","0.4","0.4","0.4","0.4",1,0,"0.1",50,209,747,13,376,"2.7","a",0,0,,"false"
"2026-09-28T15:22:48Z",581,"Diomande","NFO","-48.4","-48.2","-47.5","-46.8",-3,3,"0.5",54,1443,2148,7,163,"2.3","a",0,-1,,"false"
"2026-09-28T15:22:48Z",590,"Benda","NFO","0.0","0.0","0.0","0.0",0,0,"0.1",45,120,230,0,0,"0.0","a",0,0,,"false"
"2026-09-28T15:22:48Z",112,"Van Hecke","TOT","-26.5","-26.5","-26.7","-27.0",-2,-10,"6.5",49,17385,26445,24,450,"5.8","a",0,-1,,"false"
"2026-09-28T15:22:48Z",147,"Tosin","TOT","-37.4","-37.4","-37.4","-37.4",-2,0,"0.1",44,97,538,1,5,"0.2","a",0,-1,,"false"
"2026-09-28T15:22:48Z",401,"Marmoush","TOT","36.3","36.4","36.5","36.7",2,11,"2.1",70,10080,20754,8,339,"2.0","a",0,0,,"false"
"2026-09-28T15:22:48Z",403,"Sávio","TOT","10.4","10.4","10.3","10.3",1,-4,"0.7",65,2694,6477,8,240,"2.0","a",0,0,,"false"
"2026-09-28T15:22:48Z",455,"Tonali","TOT","-18.1","-18.1","-18.4","-18.6",-1,-5,"1.8",53,2157,14472,14,427,"3.0","a",-1,-2,,"false"
"2026-09-28T15:22:48Z",494,"Vicario","TOT","0.0","0.0","0.0","0.0",0,0,"0.1",45,0,685,0,0,"0.0","u",0,0,,"false"
"2026-09-28T15:22:48Z",495,"Austin","TOT","2.1","2.1","2.1","2.1",1,0,"1.0",40,1826,2076,0,0,"0.0","a",0,0,,"false"
"2026-09-28T15:22:48Z",496,"Kinsky","TOT","-48.8","-48.8","-48.9","-49.0",-3,-12,"17.3",45,16528,107014,18,450,"4.0","a",0,0,,"false"
"2026-09-28T15:22:48Z",497,"Dubravka","TOT","-23.5","-23.5","-23.5","-23.5",-2,-4,"17.1",40,25044,45774,0,0,"0.0","a",0,0,,"false"
"2026-09-28T15:22:48Z",498,"Senesi","TOT","-52.0","-52.1","-52.4","-52.7",-3,-7,"3.5",58,1112,20652,3,90,"0.0","a",0,-2,,"false"
"2026-09-28T15:22:48Z",499,"Pedro Porro","TOT","-28.3","-28.5","-29.2","-29.8",-2,-60,"7.6",54,1640,71593,9,198,"2.2","d",0,-1,,"false"
"2026-09-28T15:22:48Z",500,"Romero","TOT","0.0","0.0","0.0","0.0",0,-2,"0.1",50,0,273,0,0,"0.0","u",0,0,,"false"
"2026-09-28T15:22:48Z",502,"Robertson","TOT","0.4","0.3","0.3","0.2",1,-4,"2.5",44,5183,12121,17,366,"3.5","a",0,-1,,"false"
"2026-09-28T15:22:48Z",503,"Van de Ven","TOT","-20.7","-20.8","-21.0","-21.3",-2,-6,"3.8",50,5362,18927,16,360,"4.0","a",0,0,,"false"
"2026-09-28T15:22:48Z",505,"Spence","TOT","0.0","0.0","0.0","0.0",0,-2,"0.2",45,0,1129,0,0,"0.0","u",0,0,,"false"
"2026-09-28T15:22:48Z",506,"Udogie","TOT","-19.7","-19.7","-19.7","-19.7",-1,0,"0.3",44,322,1557,7,86,"1.5","a",0,-1,,"false"
"2026-09-28T15:22:48Z",507,"Phillips","TOT","0.0","0.0","0.0","0.0",0,0,"0.0",45,0,54,0,0,"0.0","u",0,0,,"false"
"2026-09-28T15:22:48Z",508,"Davies","TOT","1.5","1.5","1.5","1.5",1,2,"0.9",39,7080,3654,0,0,"0.0","a",-1,-1,,"false"
"2026-09-28T15:22:48Z",509,"Byfield","TOT","-3.5","-3.5","-3.5","-3.5",-1,0,"0.1",40,118,234,0,0,"0.0","a",0,0,,"false"
"2026-09-28T15:22:48Z",510,"Rowswell","TOT","-15.7","-15.7","-15.7","-15.7",-1,0,"0.1",40,147,328,0,0,"0.0","a",0,0,,"false"
"2026-09-28T15:22:48Z",511,"Souza","TOT","0.0","0.0","0.0","0.0",0,0,"0.2",40,0,849,0,0,"0.0","u",0,0,,"false"
"2026-09-28T15:22:48Z",512,"Kudus","TOT","2.0","2.0","2.0","2.0",1,0,"0.2",65,2113,1061,7,123,"1.8","a",0,0,,"false"
"2026-09-28T15:22:48Z",513,"Xavi","TOT","-16.5","-16.5","-16.5","-16.5",-1,0,"0.0",59,50,79,0,0,"0.0","i",0,-1,,"false"
"2026-09-28T15:22:48Z",514,"Tel","TOT","-24.9","-24.7","-24.2","-23.6",-2,1,"0.2",57,193,1885,8,257,"1.5","a",-1,-3,,"false"
"2026-09-28T15:22:48Z",515,"Maddison","TOT","-68.0","-68.2","-68.6","-69.1",-3,-1,"0.4",63,702,1905,3,59,"0.5","a",0,-2,,"false"
"2026-09-28T15:22:48Z",516,"Bentancur","TOT","-71.0","-71.0","-71.0","-71.0",-3,0,"0.2",55,340,658,15,370,"3.5","a",0,0,,"false"
"2026-09-28T15:22:48Z",517,"Odobert","TOT","0.0","0.0","0.0","0.0",0,0,"0.0",55,21,12,0,0,"0.0","i",0,0,,"false"
"2026-09-28T15:22:48Z",518,"P.M.Sarr","TOT","0.0","0.0","0.0","0.0",0,0,"0.1",49,0,643,0,0,"0.0","u",0,-1,,"false"
"2026-09-28T15:22:48Z",519,"Gallagher","TOT","0.1","0.1","0.0","0.0",1,-1,"0.2",53,772,619,9,134,"2.2","a",0,-2,,"false"
"2026-09-28T15:22:48Z",520,"Bergvall","TOT","-2.6","-2.6","-2.6","-2.6",-1,0,"0.1",53,98,594,3,78,"0.5","a",-1,-2,,"false"
"2026-09-28T15:22:48Z",521,"Kulusevski","TOT","-79.1","-75.7","-65.2","-54.8",-3,2,"0.0",65,81,62,0,0,"0.0","i",0,0,,"false"
"2026-09-28T15:22:48Z",522,"Gray","TOT","-22.4","-22.4","-22.4","-22.4",-2,0,"0.2",49,450,1141,9,307,"1.8","a",0,-1,,"false"
"2026-09-28T15:22:48Z",523,"Moore","TOT","0.0","0.0","0.0","0.0",0,0,"0.1",50,0,518,3,89,"0.2","u",0,0,,"false"
"2026-09-28T15:22:48Z",524,"Olusesi","TOT","7.7","7.7","7.6","7.6",1,-2,"1.0",44,6007,7374,0,0,"0.0","a",0,-1,,"false"
"2026-09-28T15:22:48Z",525,"Fernandes","TOT","-8.9","-9.1","-9.8","-10.6",-1,-6,"0.8",57,443,6367,7,249,"1.5","a",-1,-3,,"false"
"2026-09-28T15:22:48Z",526,"Solanke","TOT","-29.0","-29.2","-29.7","-30.3",-2,-3,"0.8",58,1746,5446,7,170,"1.5","a",0,-2,,"false"
"2026-09-28T15:22:48Z",527,"Richarlison","TOT","0.0","0.0","0.0","0.0",0,-6,"0.6",59,0,5481,2,67,"0.0","u",0,-1,,"false"
"2026-09-28T15:22:48Z",528,"Scarlett","TOT","0.0","0.0","0.0","0.0",0,-4,"1.1",45,0,7737,0,0,"0.0","u",0,0,,"false"
"2026-09-28T15:22:48Z",578,"Mudryk","TOT","-10.9","-11.2","-12.2","-13.1",-1,-1,"0.0",53,19,542,1,16,"0.2","i",-1,-2,,"false"
"2026-09-28T15:22:48Z",601,"Williams-Barnett","TOT","-50.0","-50.0","-50.0","-50.0",-3,0,"0.1",45,161,732,0,0,"0.0","a",0,0,,"false"
"2026-09-28T15:22:48Z",501,"Danso","SUN","-80.3","-79.8","-78.3","-76.7",-3,2,"0.2",50,1113,801,3,270,"0.8","a",0,0,,"false"
"2026-09-28T15:22:48Z",529,"Roefs","SUN","-15.6","-15.6","-15.9","-16.2",-1,-5,"2.5",49,1985,11131,11,450,"2.5","a",0,-1,,"false"
"2026-09-28T15:22:48Z",530,"Patterson","SUN","0.0","0.0","0.0","0.0",0,0,"0.1",40,0,335,0,0,"0.0","u",0,0,,"false"
"2026-09-28T15:22:48Z",531,"Ellborg","SUN","-99.5","-98.7","-96.5","-94.2",-4,1,"0.1",45,126,235,0,0,"0.0","a",0,0,,"false"
"2026-09-28T15:22:48Z",532,"Ballard","SUN","-50.4","-50.7","-51.5","-52.3",-3,-25,"2.5",49,3567,15681,14,450,"3.5","d",0,-1,,"false"
"2026-09-28T15:22:48Z",533,"Mukiele","SUN","-16.2","-16.2","-16.3","-16.4",-1,-1,"1.9",54,4917,8447,13,360,"3.2","a",0,-1,,"false"
"2026-09-28T15:22:48Z",534,"Hume","SUN","-7.2","-7.3","-7.4","-7.5",-1,-4,"2.8",43,1181,28683,10,206,"2.0","a",-1,-2,,"false"
"2026-09-28T15:22:48Z",535,"Alderete","SUN","-6.2","-6.2","-6.2","-6.2",-1,0,"0.2",48,211,1024,1,23,"0.0","a",-1,-2,,"false"
"2026-09-28T15:22:48Z",536,"Reinildo","SUN","-0.0","-0.0","-0.0","-0.0",0,0,"0.3",44,173,1529,7,360,"1.5","a",-1,-1,"2026-09-28T16:00:10.163369Z","false"
"2026-09-28T15:22:48Z",537,"Seelt","SUN","0.0","0.0","0.0","0.0",0,0,"0.0",45,0,22,0,0,"0.0","u",0,0,,"false"
"2026-09-28T15:22:48Z",538,"Hjelde","SUN","0.0","0.0","0.0","0.0",0,0,"0.0",40,0,148,0,0,"0.0","u",0,0,,"false"
"2026-09-28T15:22:48Z",539,"O'Nien","SUN","3.8","3.9","3.9","3.9",1,3,"2.5",39,16985,11028,1,66,"0.0","a",-1,-1,,"false"
"2026-09-28T15:22:48Z",540,"Masuaku","SUN","0.0","0.0","0.0","0.0",0,0,"0.1",40,0,602,0,0,"0.0","u",0,0,,"false"
"2026-09-28T15:22:48Z",541,"Meunier","SUN","-32.1","-32.1","-32.1","-32.1",-2,0,"0.3",45,1550,820,14,396,"3.2","a",0,0,,"false"
"2026-09-28T15:22:48Z",542,"E.Le Fée","SUN","-4.1","-4.1","-4.2","-4.3",-1,-3,"3.4",57,10836,22975,18,438,"4.0","a",-1,-3,,"false"
"2026-09-28T15:22:48Z",543,"Diarra","SUN","-101.2","-101.2","-101.2","-101.2",-5,0,"0.0",54,18,216,5,28,"1.0","i",0,-1,,"false"
"2026-09-28T15:22:48Z",544,"Xhaka","SUN","-70.5","-70.6","-71.0","-71.3",-3,-8,"3.6",55,5932,22429,21,450,"3.0","a",0,0,,"false"
"2026-09-28T15:22:48Z",545,"Sadiki","SUN","-70.6","-70.8","-71.6","-72.4",-3,-1,"0.2",49,388,1285,10,410,"2.0","a",0,-1,,"false"
"2026-09-28T15:22:48Z",546,"Adingra","SUN","0.0","0.0","0.0","0.0",0,0,"0.0",49,0,183,0,0,"0.0","u",0,-1,,"false"
"2026-09-28T15:22:48Z",547,"Mundle","SUN","-74.6","-74.6","-74.6","-74.6",-3,0,"0.0",49,10,51,1,1,"0.2","i",0,-1,,"false"
"2026-09-28T15:22:48Z",548,"Rigg","SUN","-73.8","-73.8","-73.8","-73.8",-3,0,"0.0",49,29,219,2,17,"0.2","a",0,-1,,"false"
"2026-09-28T15:22:48Z",549,"Talbi","SUN","-28.0","-28.0","-28.0","-28.0",-2,0,"0.1",53,104,548,1,31,"0.0","a",0,-2,,"false"
"2026-09-28T15:22:48Z",550,"Jocelin.T","SUN","-91.7","-91.7","-91.7","-91.7",-3,0,"0.0",50,27,39,0,0,"0.0","a",0,0,,"false"
"2026-09-28T15:22:48Z",551,"N.Angulo","SUN","1.3","1.3","1.3","1.3",1,0,"0.1",50,487,747,16,313,"2.8","a",0,0,,"false"
"2026-09-28T15:22:48Z",552,"Brobbey","SUN","79.1","78.9","78.3","77.8",3,-40,"7.0",57,192524,40872,24,399,"5.5","d",-1,-3,,"false"
"2026-09-28T15:22:48Z",553,"Isidor","SUN","3.0","3.0","3.0","3.0",1,0,"1.3",55,2961,11198,15,117,"3.5","a",0,0,,"false"
"2026-09-28T15:22:48Z",612,"Methalie","SUN","0.0","0.0","0.0","0.0",0,0,"0.0",45,106,64,-1,90,"-0.2","a",0,0,,"false"
"2026-09-28T15:22:48Z",613,"Ahoka","SUN","-43.4","-43.6","-44.4","-45.2",-3,-1,"0.2",45,568,1546,0,0,"0.0","a",0,0,,"false"
"2026-09-28T15:22:48Z",646,"Fofana","SUN","-13.8","-13.8","-13.8","-13.8",-1,0,"0.0",55,313,291,3,60,"1.0","a",0,0,,"false"
"2026-09-28T15:22:48Z",651,"J.Angulo","SUN","4.7","4.7","4.7","4.6",1,-2,"0.7",45,8407,7027,0,0,"0.0","a",0,0,,"false"
"2026-09-28T17:49:48Z",1,"Raya","ARS","1.2","1.2","1.2","1.2",1,3,"42.3",61,121990,45318,30,450,"6.0","a",1,1,,"false"
"2026-09-28T17:49:48Z",2,"Arrizabalaga","ARS","-47.7","-47.7","-47.7","-47.7",-3,0,"0.1",49,102,245,0,0,"0.0","a",0,-1,,"false"
"2026-09-28T17:49:48Z",3,"Meslier","ARS","-37.4","-37.4","-37.4","-37.4",-2,0,"0.0",49,45,117,0,0,"0.0","a",0,-1,,"false"
"2026-09-28T17:49:48Z",4,"Gabriel","ARS","-86.2","-86.2","-86.2","-86.2",-3,-4,"22.7",80,23070,64135,25,450,"5.0","a",0,0,,"false"
"2026-09-28T17:49:48Z",5,"J.Timber","ARS","10.6","10.6","10.7","10.8",1,7,"0.4",65,11848,3892,1,104,"0.2","a",0,0,,"false"
"2026-09-28T17:49:48Z",6,"Saliba","ARS","-24.4","-24.3","-23.6","-23.0",-2,2,"0.2",59,373,1054,0,0,"0.0","i",0,-1,,"false"
"2026-09-28T17:49:48Z",7,"Lewis-Skelly","ARS","-15.1","-15.1","-15.1","-15.1",-1,0,"0.6",54,876,4838,9,271,"1.5","a",-1,-1,,"false"
"2026-09-28T17:49:48Z",8,"Calafiori","ARS","91.1","91.2","91.3","91.4",3,8,"50.5",58,72666,60902,29,416,"5.0","a",0,3,,"false"
"2026-09-28T17:49:48Z",9,"Hincapie","ARS","-5.1","-5.2","-5.9","-6.5",-1,-7,"0.9",52,1384,5569,2,32,"0.2","a",-1,-3,,"false"
"2026-09-28T17:49:48Z",10,"White","ARS","-45.5","-45.6","-46.1","-46.5",-3,-27,"4.9",55,3224,64978,21,315,"2.5","d",0,0,,"false"
"2026-09-28T17:49:48Z",11,"Mosquera","ARS","-24.2","-24.2","-24.6","-25.0",-2,-4,"1.6",53,1145,9114,12,168,"1.5","a",0,-2,,"false"
"2026-09-28T17:49:48Z",12,"Saka","ARS","87.7","87.8","88.4","88.9",3,40,"13.7",95,101540,45063,32,416,"5.8","a",0,0,,"false"
"2026-09-28T17:49:48Z",13,"Rice","ARS","-31.8","-32.0","-32.5","-33.0",-2,-76,"11.7",74,7459,78838,20,411,"4.2","d",0,-1,,"false"
"2026-09-28T17:49:48Z",14,"Eze","ARS","-0.4","-0.5","-0.6","-0.8",-1,-2,"1.0",62,2152,6555,4,85,"0.8","a",-1,-3,,"false"
"2026-09-28T17:49:48Z",15,"Ødegaard","ARS","-1.6","-1.5","-1.2","-0.8",-1,25,"19.8",68,72609,84874,29,377,"4.5","a",0,3,,"false"
"2026-09-28T17:49:48Z",16,"Madueke","ARS","-24.7","-24.9","-25.8","-26.6",-2,-1,"0.2",62,717,1526,2,23,"0.2","a",0,-3,,"false"
"2026-09-28T17:49:48Z",17,"Merino","ARS","-97.6","-97.8","-98.7","-99.6",-4,-2,"0.4",58,710,2793,4,81,"0.8","a",0,-2,,"false"
"2026-09-28T17:49:48Z",18,"Martinelli","ARS","0.0","0.0","0.0","0.0",0,0,"0.1",63,0,534,0,0,"0.0","u",0,-2,,"false"
"2026-09-28T17:49:48Z",19,"Zubimendi","ARS","-45.9","-45.9","-45.9","-45.9",-3,0,"0.6",53,479,3609,5,89,"1.0","a",0,-2,,"false"
"2026-09-28T17:49:48Z",20,"Dowman","ARS","-26.0","-25.4","-22.8","-20.3",-2,1,"0.1",53,444,564,1,9,"0.2","a",0,-2,,"false"
"2026-09-28T17:49:48Z",22,"Nwaneri","ARS","0.0","0.0","0.0","0.0",0,0,"0.0",54,0,48,0,0,"0.0","u",0,-1,,"false"
"2026-09-28T17:49:48Z",23,"Fábio Vieira","ARS","0.0","0.0","0.0","0.0",0,0,"0.0",55,0,38,0,0,"0.0","u",0,0,,"false"
"2026-09-28T17:49:48Z",24,"Nelson","ARS","0.0","0.0","0.0","0.0",0,0,"0.0",55,0,22,0,0,"0.0","u",0,0,,"false"
"2026-09-28T17:49:48Z",25,"Gyökeres","ARS","-4.4","-4.2","-3.3","-2.4",-1,32,"3.1",71,9200,16176,2,29,"0.5","a",-1,-4,,"false"
"2026-09-28T17:49:48Z",26,"Havertz","ARS","7.0","6.7","5.3","3.9",1,-96,"8.3",76,50110,57163,19,437,"3.2","d",0,1,,"false"
"2026-09-28T17:49:48Z",27,"G.Jesus","ARS","0.0","0.0","0.0","0.0",0,0,"0.1",59,0,976,0,0,"0.0","u",0,-1,,"false"
"2026-09-28T17:49:48Z",31,"Konsa","ARS","0.8","0.8","0.8","0.8",1,0,"19.4",46,87361,43394,12,281,"3.0","a",1,1,,"false"
"2026-09-28T17:49:48Z",452,"Bruno G.","ARS","0.4","0.3","0.3","0.2",1,-4,"1.8",67,5290,7312,9,123,"2.2","a",0,-3,,"false"
"2026-09-28T17:49:48Z",557,"Tzolis","ARS","-11.0","-11.0","-11.0","-11.0",-1,-3,"12.2",63,11432,135563,16,362,"2.5","a",-1,-2,,"false"
"2026-09-28T17:49:48Z",29,"M.Bizot","AVL","-36.1","-35.9","-35.4","-34.8",-2,1,"0.1",45,59,984,1,90,"0.0","i",0,0,,"false"
"2026-09-28T17:49:48Z",30,"Digne","AVL","0.0","0.0","0.0","0.0",0,0,"0.0",45,0,212,0,0,"0.0","u",0,0,,"false"
"2026-09-28T17:49:48Z",32,"Cash","AVL","-21.9","-21.9","-22.1","-22.2",-2,-5,"4.8",44,2538,24245,6,296,"1.8","a",0,-1,,"false"
"2026-09-28T17:49:48Z",33,"Mings","AVL","0.7","0.7","0.7","0.7",1,1,"0.4",45,1610,1342,10,261,"2.2","a",0,0,,"false"
"2026-09-28T17:49:48Z",34,"Pau","AVL","-98.6","-98.6","-98.6","-98.6",-4,0,"0.3",45,40,3020,3,187,"0.8","i",0,0,,"false"
"2026-09-28T17:49:48Z",35,"Bogarde","AVL","-3.2","-3.2","-3.2","-3.2",-1,0,"0.1",49,164,430,1,16,"0.0","a",-1,-1,,"false"
"2026-09-28T17:49:48Z",36,"Maatsen","AVL","-1.9","-1.9","-2.0","-2.2",-1,-2,"0.5",44,48,5922,9,335,"2.2","i",-1,-1,,"false"
"2026-09-28T17:49:48Z",37,"Lindelöf","AVL","0.9","0.9","1.0","1.0",1,2,"0.3",45,962,1221,8,450,"2.5","a",0,0,,"false"
"2026-09-28T17:49:48Z",38,"A.García","AVL","-33.4","-33.4","-33.5","-33.7",-2,-1,"1.5",40,1777,5835,0,0,"0.0","a",0,0,,"false"
"2026-09-28T17:49:48Z",39,"Nedeljkovic","AVL","0.0","0.0","0.0","0.0",0,-1,"0.1",40,0,529,0,0,"0.0","u",0,0,,"false"
"2026-09-28T17:49:48Z",41,"Buendía","AVL","-37.6","-37.6","-37.8","-37.9",-2,-1,"1.0",59,11557,3922,21,401,"4.8","a",0,-1,,"false"
"2026-09-28T17:49:48Z",44,"Bailey","AVL","0.0","0.0","0.0","0.0",0,0,"0.1",54,0,456,0,0,"0.0","u",0,-1,,"false"
"2026-09-28T17:49:48Z",45,"McGinn","AVL","-19.6","-19.6","-19.5","-19.3",-1,2,"2.2",54,6500,8074,17,434,"4.0","a",0,-1,,"false"
"2026-09-28T17:49:48Z",46,"Barkley","AVL","0.5","0.5","0.5","0.5",1,0,"0.3",50,541,1713,10,308,"2.0","a",0,0,,"false"
"2026-09-28T17:49:48Z",47,"Kamara","AVL","-78.0","-78.0","-78.0","-78.0",-3,0,"0.3",50,1241,1507,15,443,"3.2","a",0,0,,"false"
"2026-09-28T17:49:48Z",48,"Onana","AVL","-10.4","-10.4","-10.4","-10.4",-1,0,"0.0",49,39,91,0,0,"0.0","i",0,-1,,"false"
"2026-09-28T17:49:48Z",49,"Iling Jr","AVL","0.0","0.0","0.0","0.0",0,0,"0.0",50,0,10,0,0,"0.0","u",0,0,,"false"
"2026-09-28T17:49:48Z",50,"Burrowes","AVL","-75.8","-75.8","-76.1","-76.4",-3,-1,"0.6",45,612,3268,0,0,"0.0","a",0,0,,"false"
"2026-09-28T17:49:48Z",51,"George Hemmings","AVL","13.4","13.4","13.3","13.2",1,-4,"1.2",45,3076,9307,9,297,"1.8","a",0,0,,"false"
"2026-09-28T17:49:48Z",52,"Alysson","AVL","-0.4","-0.8","-2.8","-4.8",-1,-1,"0.0",50,66,752,8,87,"1.8","d",0,0,,"false"
"2026-09-28T17:49:48Z",53,"Manzambi","AVL","7.8","7.8","7.9","7.9",1,3,"0.4",59,27097,2991,14,98,"3.5","a",0,-1,,"false"
"2026-09-28T17:49:48Z",54,"Gomes","AVL","0.1","0.1","0.1","0.1",1,0,"0.0",55,437,185,2,129,"1.0","a",0,0,,"false"
"2026-09-28T17:49:48Z",55,"Watkins","AVL","0.0","0.0","0.0","0.0",0,-12,"2.5",78,0,11957,0,0,"0.0","u",0,-2,,"false"
"2026-09-28T17:49:48Z",56,"Abraham","AVL","3.3","3.4","3.4","3.5",1,6,"0.2",55,1596,1664,4,71,"1.0","a",0,0,,"false"
"2026-09-28T17:49:48Z",160,"Garnacho","AVL","-63.4","-63.6","-64.6","-65.5",-3,-2,"0.3",58,502,2675,3,31,"0.5","a",0,-2,,"false"
"2026-09-28T17:49:48Z",166,"N.Jackson","AVL","49.4","49.5","49.9","50.3",3,27,"1.5",65,33636,7530,10,286,"2.5","a",0,0,,"false"
"2026-09-28T17:49:48Z",582,"Madjo","AVL","-23.6","-23.6","-23.6","-23.6",-2,0,"0.2",54,177,1693,0,0,"0.0","i",0,-1,,"false"
"2026-09-28T17:49:48Z",596,"Ruggeri","AVL","-73.2","-72.5","-69.1","-65.7",-3,2,"0.1",45,480,307,5,113,"1.0","a",0,0,,"false"
"2026-09-28T17:49:48Z",597,"Suzuki","AVL","28.8","28.8","28.8","28.9",2,3,"1.9",50,13001,6151,16,360,"4.0","a",0,0,,"false"
"2026-09-28T17:49:48Z",606,"Rowe","AVL","0.2","0.2","0.2","0.2",1,0,"0.2",40,298,868,0,0,"0.0","a",0,0,,"false"
"2026-09-28T17:49:48Z",607,"Lynch","AVL","0.0","0.0","0.0","0.0",0,-2,"0.1",45,0,687,0,0,"0.0","u",0,0,,"false"
"2026-09-28T17:49:48Z",611,"Wan-Bissaka","AVL","2.0","2.0","2.0","2.0",1,-1,"0.2",45,1380,1375,6,152,"1.5","a",0,0,,"false"
"2026-09-28T17:49:48Z",618,"Goretzka","AVL","-39.3","-39.3","-39.3","-39.3",-2,0,"0.0",59,22,405,0,0,"0.0","i",0,-1,,"false"
"2026-09-28T17:49:48Z",630,"Harwood-Bellis","AVL","0.0","0.0","0.0","0.0",0,0,"0.0",45,178,175,0,0,"0.0","a",0,0,,"false"
"2026-09-28T17:49:48Z",631,"Mbaye","AVL","0.3","0.3","0.3","0.3",1,1,"0.1",60,859,1083,2,33,"0.7","a",0,0,,"false"
"2026-09-28T17:49:48Z",667,"Wright","AVL","0.0","0.0","0.0","0.0",0,0,"0.1",40,6835,771,0,0,"0.0","a",0,0,"2026-10-02T19:12:30.130761Z","false"
"2026-09-28T17:49:48Z",57,"Petrović","BOU","0.3","0.3","0.3","0.3",1,0,"3.0",45,5838,11192,9,450,"1.3","a",0,0,,"false"
"2026-09-28T17:49:48Z",58,"Forster","BOU","4.5","4.5","4.5","4.5",1,0,"3.5",40,7836,6957,0,0,"0.0","a",0,0,,"false"
"2026-09-28T17:49:48Z",59,"Dennis","BOU","0.0","0.0","0.0","0.0",0,0,"0.1",40,0,525,0,0,"0.0","u",0,0,,"false"
"2026-09-28T17:49:48Z",60,"Hill","BOU","-32.8","-32.8","-32.8","-32.8",-2,0,"0.8",55,2983,2969,12,450,"2.3","a",0,0,,"false"
"2026-09-28T17:49:48Z",61,"Truffert","BOU","-1.2","-1.2","-1.4","-1.5",-1,-4,"3.0",54,4310,11646,10,450,"1.7","a",-1,-1,,"false"
"2026-09-28T17:49:48Z",62,"Diakité","BOU","-5.3","-5.3","-5.3","-5.3",-1,0,"0.2",49,453,929,0,0,"0.0","a",-1,-1,,"false"
"2026-09-28T17:49:48Z",63,"Milosavljević","BOU","-3.8","-3.8","-3.8","-3.8",-1,0,"0.0",49,27,43,0,0,"0.0","i",0,-1,,"false"
"2026-09-28T17:49:48Z",64,"Smith","BOU","0.3","0.3","0.3","0.3",1,0,"0.1",45,382,460,4,434,"0.7","a",0,0,,"false"
"2026-09-28T17:49:48Z",65,"J.Araujo","BOU","-12.0","-12.0","-12.0","-12.0",-1,0,"0.0",44,34,51,0,0,"0.0","i",0,-1,,"false"
"2026-09-28T17:49:48Z",66,"Soler","BOU","1.4","1.4","1.4","1.4",1,0,"0.3",40,708,1083,0,0,"0.0","a",0,0,,"false"
"2026-09-28T17:49:48Z",67,"Rayan","BOU","-9.5","-9.5","-9.6","-9.7",-1,-2,"1.6",63,3774,9435,10,434,"2.0","a",-1,-2,,"false"
"2026-09-28T17:49:48Z",68,"Tavernier","BOU","29.3","29.4","29.5","29.7",2,10,"6.7",61,78437,41566,31,424,"6.7","a",0,1,,"false"
"2026-09-28T17:49:48Z",69,"Scott","BOU","0.4","0.4","0.4","0.4",1,0,"5.8",61,22671,37090,30,446,"5.3","a",0,1,,"false"
"2026-09-28T17:49:48Z",70,"Kluivert","BOU","-50.4","-50.7","-51.9","-53.1",-3,-19,"0.9",60,2290,17209,15,294,"3.0","i",0,0,,"false"
"2026-09-28T17:49:48Z",71,"Cook","BOU","-11.2","-11.2","-11.2","-11.2",-1,0,"0.2",50,257,1114,8,180,"0.7","a",0,0,,"false"
"2026-09-28T17:49:48Z",72,"Gannon-Doak","BOU","-61.5","-61.5","-61.5","-61.5",-3,0,"0.1",49,135,358,4,12,"1.0","a",0,-1,,"false"
"2026-09-28T17:49:48Z",73,"Adams","BOU","1.5","1.5","1.5","1.5",1,0,"0.3",50,1047,1579,12,279,"3.3","a",0,0,,"false"
"2026-09-28T17:49:48Z",74,"Brooks","BOU","-18.9","-18.1","-14.7","-11.3",-1,1,"0.1",50,168,313,3,45,"0.7","a",0,0,,"false"
"2026-09-28T17:49:48Z",75,"Christie","BOU","0.4","0.4","0.4","0.4",1,0,"0.0",50,285,237,5,102,"1.3","a",0,0,,"false"
"2026-09-28T17:49:48Z",76,"Tóth.A","BOU","-11.9","-11.9","-11.9","-11.9",-1,0,"0.0",49,25,54,2,17,"0.3","a",0,-1,,"false"
"2026-09-28T17:49:48Z",77,"Adli","BOU","-81.0","-81.0","-81.0","-81.0",-3,0,"0.0",49,22,72,0,0,"0.0","i",0,-1,,"false"
"2026-09-28T17:49:48Z",78,"Kroupi.Jr","BOU","-72.9","-73.0","-73.4","-73.7",-3,-1,"0.2",74,176,814,0,0,"0.0","i",0,-1,,"false"
"2026-09-28T17:49:48Z",79,"Evanilson","BOU","49.3","49.3","49.4","49.5",3,7,"3.2",60,16546,20172,18,424,"3.0","a",0,0,,"false"
"2026-09-28T17:49:48Z",80,"Enes Ünal","BOU","0.0","0.0","0.0","0.0",0,0,"0.0",55,0,48,0,0,"0.0","u",0,0,,"false"
"2026-09-28T17:49:48Z",81,"Rodríguez","BOU","-33.1","-33.3","-33.9","-34.5",-2,-1,"0.1",60,716,685,2,10,"0.3","a",0,0,,"false"
"2026-09-28T17:49:48Z",566,"Silva","BOU","1.3","1.3","1.3","1.3",1,-2,"0.4",50,5525,3202,13,450,"2.3","a",0,0,,"false"
"2026-09-28T17:49:48Z",573,"Sanchez","BOU","-11.8","-11.8","-11.8","-11.8",-1,0,"0.2",44,142,414,0,0,"0.0","a",0,-1,,"false"
"2026-09-28T17:49:48Z",608,"Jebbison","BOU","0.5","0.5","0.5","0.5",1,0,"0.1",50,850,864,3,31,"0.7","a",0,0,,"false"
"2026-09-28T17:49:48Z",615,"Di Gregorio","BOU","-26.9","-26.9","-26.9","-26.9",-2,0,"0.0",45,181,184,0,0,"0.0","a",0,0,,"false"
"2026-09-28T17:49:48Z",82,"Kelleher","BRE","19.7","19.7","19.8","20.0",1,8,"6.1",50,19120,12799,20,450,"3.2","a",0,0,,"false"
"2026-09-28T17:49:48Z",83,"Valdimarsson","BRE","-72.6","-72.6","-72.6","-72.6",-3,0,"0.1",45,280,318,0,0,"0.0","a",0,0,,"false"
"2026-09-28T17:49:48Z",84,"Collins","BRE","-26.9","-27.0","-27.1","-27.2",-2,-3,"1.0",54,113,8979,10,196,"1.0","i",0,-1,,"false"
"2026-09-28T17:49:48Z",85,"Van den Berg","BRE","-77.0","-77.0","-77.0","-77.0",-3,0,"0.1",49,36,318,0,0,"0.0","i",0,-1,,"false"
"2026-09-28T17:49:48Z",86,"Lewis-Potter","BRE","31.4","31.4","31.3","31.3",2,-2,"1.7",55,3569,11593,22,406,"3.0","a",0,0,,"false"
"2026-09-28T17:49:48Z",87,"Ajer","BRE","29.9","29.9","29.8","29.8",2,-2,"3.9",45,10752,21632,21,450,"3.2","a",0,0,,"false"
"2026-09-28T17:49:48Z",88,"Kayode","BRE","-36.7","-36.8","-37.0","-37.3",-2,-14,"7.6",46,12386,20331,23,294,"2.5","a",0,1,,"false"
"2026-09-28T17:49:48Z",89,"Henry","BRE","-15.0","-15.0","-15.0","-15.0",-1,0,"0.2",44,153,570,1,2,"0.2","a",0,-1,,"false"
"2026-09-28T17:49:48Z",90,"Hickey","BRE","-27.9","-28.4","-31.0","-33.5",-2,-1,"0.1",45,177,238,5,152,"1.0","a",0,0,,"false"
"2026-09-28T17:49:48Z",92,"Ji-soo","BRE","-4.3","-4.3","-4.3","-4.3",-1,0,"0.0",44,58,85,0,0,"0.0","a",-1,-1,,"false"
"2026-09-28T17:49:48Z",93,"Schuster","BRE","4.8","4.8","4.9","4.9",1,3,"0.3",45,14615,2100,21,253,"5.2","a",0,0,,"false"
"2026-09-28T17:49:48Z",94,"Schade","BRE","11.0","11.2","12.1","13.0",1,170,"11.4",62,377113,22768,39,447,"9.0","a",1,2,,"false"
"2026-09-28T17:49:48Z",95,"O.Dango","BRE","-45.9","-45.9","-45.9","-45.9",-3,0,"0.5",63,778,3503,7,179,"1.0","a",0,-2,,"false"
"2026-09-28T17:49:48Z",96,"Damsgaard","BRE","-8.4","-8.5","-8.9","-9.4",-1,-1,"0.4",54,1484,1966,16,283,"3.8","a",0,-1,,"false"
"2026-09-28T17:49:48Z",97,"Jensen","BRE","-54.4","-54.4","-54.4","-54.4",-3,0,"0.1",54,19,614,6,66,"0.0","i",0,-1,,"false"
"2026-09-28T17:49:48Z",98,"Janelt","BRE","75.5","75.5","75.6","75.6",3,4,"2.5",50,18659,17118,28,450,"4.8","a",0,0,,"false"
"2026-09-28T17:49:48Z",99,"Milambo","BRE","-41.9","-41.9","-41.9","-41.9",-3,0,"0.0",50,6,7,0,0,"0.0","i",0,0,,"false"
"2026-09-28T17:49:48Z",100,"Carvalho","BRE","0.3","0.3","0.3","0.3",1,0,"0.0",50,589,169,6,3,"1.5","a",0,0,,"false"
"2026-09-28T17:49:48Z",102,"Yarmoliuk","BRE","-16.9","-17.0","-17.2","-17.5",-1,-1,"0.6",48,1280,3141,9,216,"2.0","a",0,-2,,"false"
"2026-09-28T17:49:48Z",103,"Dasilva","BRE","-58.8","-58.8","-58.8","-58.8",-3,0,"0.0",49,9,98,0,0,"0.0","i",0,-1,,"false"
"2026-09-28T17:49:48Z",105,"Anthony","BRE","0.7","0.7","0.7","0.7",1,0,"0.1",59,2237,580,15,267,"3.5","a",0,-1,,"false"
"2026-09-28T17:49:48Z",106,"Thiago","BRE","8.7","8.9","9.9","10.8",1,65,"9.1",78,53760,36322,10,442,"2.5","a",0,-2,,"false"
"2026-09-28T17:49:48Z",107,"Furo","BRE","-5.1","-5.2","-5.7","-6.2",-1,-8,"0.9",45,592,9178,0,0,"0.0","i",0,0,,"false"
"2026-09-28T17:49:48Z",108,"Wilson","BRE","-11.5","-11.5","-11.5","-11.5",-1,0,"0.3",54,1132,2375,3,13,"0.5","a",-1,-1,,"false"
"2026-09-28T17:49:48Z",565,"M.Sangaré","BRE","-30.1","-30.2","-30.4","-30.7",-2,-31,"9.9",56,8120,135624,22,321,"2.0","a",-1,1,,"false"
"2026-09-28T17:49:48Z",620,"Diouf","BRE","-34.3","-33.4","-29.5","-25.5",-2,2,"0.1",45,453,654,2,39,"0.5","a",0,0,,"false"
"2026-09-28T17:49:48Z",657,"Nunes","BRE","0.0","0.0","0.0","0.0",0,0,"0.0",45,330,264,0,0,"0.0","a",0,0,,"false"
"2026-09-28T17:49:48Z",660,"Fredrick","BRE","0.0","0.0","0.0","0.0",0,0,"0.0",40,504,63,0,0,"0.0","a",0,0,"2026-10-01T21:16:22.650713Z","false"
"2026-09-28T17:49:48Z",661,"Balcombe","BRE","0.0","0.0","0.0","0.0",0,0,"0.0",40,2791,522,0,0,"0.0","a",0,0,"2026-10-01T21:16:40.866514Z","false"
"2026-09-28T17:49:48Z",109,"Verbruggen","BHA","62.1","62.1","62.1","62.1",3,1,"21.6",45,69080,68879,23,450,"4.2","a",0,0,,"false"
"2026-09-28T17:49:48Z",111,"Steele","BHA","-0.5","-0.5","-0.5","-0.5",-1,0,"4.1",40,6880,14224,0,0,"0.0","a",0,0,,"false"
"2026-09-28T17:49:48Z",113,"F.Kadıoğlu","BHA","-58.6","-58.5","-58.3","-58.2",-3,2,"1.6",44,3816,6602,13,332,"3.2","a",0,-1,,"false"
"2026-09-28T17:49:48Z",114,"Boscagli","BHA","2.6","2.6","2.6","2.6",1,0,"0.3",45,1920,739,19,437,"3.2","a",0,0,,"false"
"2026-09-28T17:49:48Z",115,"De Cuyper","BHA","1.3","1.4","2.0","2.5",1,102,"27.7",50,290337,19726,38,423,"5.2","a",1,5,,"false"
"2026-09-28T17:49:48Z",116,"Dunk","BHA","19.8","19.7","19.6","19.5",1,-10,"1.5",45,7506,9208,22,360,"4.0","d",0,0,,"false"
"2026-09-28T17:49:48Z",117,"Coppola","BHA","-9.9","-9.9","-9.9","-9.9",-1,0,"0.0",45,106,88,0,0,"0.0","a",0,0,,"false"
"2026-09-28T17:49:48Z",118,"Igor","BHA","0.0","0.0","0.0","0.0",0,0,"0.0",45,0,273,0,0,"0.0","u",0,0,,"false"
"2026-09-28T17:49:48Z",119,"Costinha","BHA","0.0","0.0","0.0","0.0",0,0,"0.0",45,164,129,4,68,"0.8","a",0,0,,"false"
"2026-09-28T17:49:48Z",120,"Svoboda","BHA","0.5","0.5","0.5","0.5",1,0,"0.1",50,1304,448,1,4,"0.2","a",0,0,,"false"
"2026-09-28T17:49:48Z",121,"Mitoma","BHA","-24.6","-24.6","-24.6","-24.6",-2,0,"0.0",59,116,165,0,0,"0.0","i",0,-1,,"false"
"2026-09-28T17:49:48Z",122,"Minteh","BHA","-4.4","-4.4","-4.4","-4.4",-1,0,"0.0",58,44,207,0,0,"0.0","i",-1,-2,,"false"
"2026-09-28T17:49:48Z",123,"Hinshelwood","BHA","-37.5","-37.6","-37.8","-38.0",-2,-2,"0.6",59,258,6526,16,63,"0.0","i",0,-1,,"false"
"2026-09-28T17:49:48Z",124,"Groß","BHA","87.1","87.5","89.1","90.8",3,310,"28.7",58,768413,11016,47,450,"11.2","a",1,3,,"false"
"2026-09-28T17:49:48Z",125,"Georginio","BHA","-0.1","-0.0","0.0","0.0",0,1,"0.5",53,2521,3685,6,104,"0.2","a",-1,-2,,"false"
"2026-09-28T17:49:48Z",126,"O'Riley","BHA","-8.2","-8.2","-8.2","-8.2",-1,0,"0.1",54,408,547,2,10,"0.5","a",0,-1,,"false"
"2026-09-28T17:49:48Z",127,"Gomez","BHA","30.3","30.3","30.4","30.4",2,4,"4.0",50,11756,37242,24,433,"4.5","a",0,0,,"false"
"2026-09-28T17:49:48Z",128,"Buonanotte","BHA","0.0","0.0","0.0","0.0",0,0,"0.0",50,0,7,0,0,"0.0","u",0,0,,"false"
"2026-09-28T17:49:48Z",129,"Ayari","BHA","-45.8","-45.7","-45.5","-45.3",-3,1,"0.4",54,2155,1914,15,333,"3.2","a",0,-1,,"false"
"2026-09-28T17:49:48Z",130,"Wieffer","BHA","-28.8","-29.2","-30.8","-32.4",-2,-5,"0.2",49,28,1892,7,156,"0.0","i",0,-1,,"false"
"2026-09-28T17:49:48Z",132,"Howell","BHA","0.0","0.0","0.0","0.0",0,-1,"0.0",45,0,193,0,0,"0.0","u",0,0,,"false"
"2026-09-28T17:49:48Z",133,"Watson","BHA","0.0","0.0","0.0","0.0",0,0,"0.0",50,0,4,0,0,"0.0","u",0,0,,"false"
"2026-09-28T17:49:48Z",134,"Oriola","BHA","-78.7","-78.8","-79.6","-80.3",-3,-1,"0.2",45,345,1306,0,0,"0.0","a",0,0,,"false"
"2026-09-28T17:49:48Z",135,"Yohanna","BHA","-0.6","-0.6","-0.6","-0.6",-1,0,"0.0",48,23,379,1,12,"0.0","i",-1,-2,,"false"
"2026-09-28T17:49:48Z",137,"Tzimas","BHA","-3.8","-3.8","-3.8","-3.8",-1,0,"0.0",54,34,48,0,0,"0.0","i",0,-1,,"false"
"2026-09-28T17:49:48Z",138,"Kostoulas","BHA","17.6","17.8","18.8","19.7",1,175,"4.0",56,299548,17428,28,353,"6.8","a",1,1,,"false"
"2026-09-28T17:49:48Z",139,"Ferguson","BHA","-57.5","-57.5","-57.5","-57.5",-3,0,"0.0",50,122,248,0,0,"0.0","i",0,0,,"false"
"2026-09-28T17:49:48Z",328,"Struijk","BHA","-6.6","-6.6","-6.6","-6.6",-1,0,"0.2",49,636,801,7,98,"1.8","d",0,-1,,"false"
"2026-09-28T17:49:48Z",504,"Vuskovic","BHA","53.5","53.5","53.8","54.1",3,20,"3.6",50,53141,12387,32,437,"6.5","a",0,0,,"false"
"2026-09-28T17:49:48Z",594,"David","BHA","0.5","0.5","0.5","0.5",1,-1,"0.2",59,3031,2133,1,23,"0.2","a",-1,-1,,"false"
"2026-09-28T17:49:48Z",600,"Osman","BHA","-67.0","-67.0","-67.0","-67.0",-3,0,"0.0",50,109,123,3,40,"0.5","a",0,0,,"false"
"2026-09-28T17:49:48Z",605,"Yalcouyé","BHA","52.5","52.6","52.7","52.9",3,11,"4.0",45,25203,31836,20,236,"4.8","a",0,0,,"false"
"2026-09-28T17:49:48Z",614,"Hadjam","BHA","-5.4","-5.4","-5.4","-5.4",-1,0,"0.0",45,240,242,0,0,"0.0","a",0,0,,"false"
"2026-09-28T17:49:48Z",624,"Cozier-Duberry","BHA","0.0","0.0","0.0","0.0",0,0,"0.0",50,0,5,0,0,"0.0","u",0,0,,"false"
"2026-09-28T17:49:48Z",639,"Andrés","BHA","1.3","1.3","1.4","1.4",1,1,"0.0",55,2661,293,12,109,"4.0","a",0,0,,"false"
"2026-09-28T17:49:48Z",652,"Azeez","BHA","-26.4","-26.4","-26.4","-26.4",-2,0,"0.0",55,19,41,0,0,"0.0","i",0,0,,"false"
"2026-09-28T17:49:48Z",658,"Ibrahim","BHA","0.0","0.0","0.0","0.0",0,0,"0.0",45,300,210,0,0,"0.0","a",0,0,,"false"
"2026-09-28T17:49:48Z",28,"Martinez","CHE","-6.0","-6.0","-6.2","-6.3",-1,-4,"4.7",50,7159,21244,9,360,"2.2","a",0,0,,"false"
"2026-09-28T17:49:48Z",40,"Rogers","CHE","82.7","82.9","83.6","84.3",3,49,"40.5",77,139291,67527,29,437,"5.2","a",0,2,,"false"
"2026-09-28T17:49:48Z",101,"Henderson","CHE","0.0","0.0","0.0","0.0",0,0,"0.0",49,492,145,2,90,"0.5","a",0,-1,,"false"
"2026-09-28T17:49:48Z",136,"Welbeck","CHE","6.5","6.5","6.6","6.7",1,7,"1.0",59,7055,8936,4,85,"1.0","a",0,-1,,"false"
"2026-09-28T17:49:48Z",140,"Sánchez","CHE","0.0","0.0","0.0","0.0",0,-4,"0.7",49,0,4613,2,90,"0.0","u",0,-1,,"false"
"2026-09-28T17:49:48Z",141,"Jörgensen","CHE","0.0","0.0","0.0","0.0",0,0,"0.0",50,0,30,0,0,"0.0","u",0,0,,"false"
"2026-09-28T17:49:48Z",142,"James","CHE","-91.3","-91.4","-91.7","-92.1",-3,-28,"5.8",54,597,75277,3,292,"0.8","d",0,-1,,"false"
"2026-09-28T17:49:48Z",143,"Chalobah","CHE","0.0","0.0","0.0","0.0",0,0,"0.1",55,0,293,0,0,"0.0","u",0,0,,"false"
"2026-09-28T17:49:48Z",144,"Gusto","CHE","-3.0","-3.0","-3.2","-3.4",-1,-2,"1.0",49,1522,6700,4,272,"0.8","a",-1,-1,,"false"
"2026-09-28T17:49:48Z",145,"Fofana","CHE","4.4","4.5","4.5","4.6",1,3,"0.2",50,2347,1232,8,312,"2.0","a",0,0,,"false"
"2026-09-28T17:49:48Z",146,"B.Badiashile","CHE","0.0","0.0","0.0","0.0",0,0,"0.0",45,0,42,0,0,"0.0","u",0,0,,"false"
"2026-09-28T17:49:48Z",148,"Hato","CHE","12.3","12.3","12.3","12.2",1,-1,"0.8",45,781,7113,8,258,"1.8","a",0,0,,"false"
"2026-09-28T17:49:48Z",149,"Colwill","CHE","-9.3","-9.3","-9.3","-9.3",-1,0,"0.9",48,1011,5209,3,341,"0.8","a",-1,-2,,"false"
"2026-09-28T17:49:48Z",150,"M.Sarr","CHE","0.0","0.0","0.0","0.0",0,0,"0.0",45,0,159,0,0,"0.0","u",0,0,,"false"
"2026-09-28T17:49:48Z",151,"Acheampong","CHE","-10.7","-10.7","-10.7","-10.7",-1,0,"0.3",45,396,1867,5,221,"0.5","a",0,0,,"false"
"2026-09-28T17:49:48Z",152,"Palestra","CHE","-0.9","-0.9","-0.9","-0.9",-1,0,"0.6",53,195,3648,0,0,"0.0","d",0,-2,,"false"
"2026-09-28T17:49:48Z",154,"Palmer","CHE","-11.2","-11.4","-12.1","-12.8",-1,-95,"25.7",97,46445,158501,28,442,"3.8","d",0,2,,"false"
"2026-09-28T17:49:48Z",156,"Neto","CHE","-7.4","-7.3","-6.7","-6.2",-1,5,"1.4",65,4809,9333,14,332,"3.2","a",0,0,,"false"
"2026-09-28T17:49:48Z",157,"Estêvão","CHE","-31.7","-31.7","-31.7","-31.7",-2,0,"0.7",63,1662,4198,4,23,"0.8","a",0,-2,,"false"
"2026-09-28T17:49:48Z",158,"Gittens","CHE","-2.5","-2.5","-2.5","-2.5",-1,0,"0.0",58,151,233,0,0,"0.0","d",-1,-2,,"false"
"2026-09-28T17:49:48Z",159,"Caicedo","CHE","-1.5","-1.5","-1.8","-2.2",-1,-4,"1.0",53,393,8572,1,13,"0.2","d",0,-2,,"false"
"2026-09-28T17:49:48Z",161,"Lavia","CHE","4.5","4.5","4.5","4.5",1,-2,"0.2",50,399,2378,11,258,"2.5","a",0,0,,"false"
"2026-09-28T17:49:48Z",163,"D.Essugo","CHE","0.0","0.0","0.0","0.0",0,-2,"0.1",45,0,692,0,0,"0.0","u",0,0,,"false"
"2026-09-28T17:49:48Z",164,"Quenda","CHE","-26.5","-26.5","-26.5","-26.5",-2,0,"0.0",53,68,174,2,27,"0.2","a",0,-2,,"false"
"2026-09-28T17:49:48Z",165,"João Pedro","CHE","-1.7","-1.7","-1.8","-1.9",-1,-135,"65.2",77,58515,381443,33,360,"5.5","d",-1,2,,"false"
"2026-09-28T17:49:48Z",168,"Marc Guiu","CHE","0.0","0.0","0.0","0.0",0,-2,"0.2",50,0,1476,0,0,"0.0","u",0,0,,"false"
"2026-09-28T17:49:48Z",169,"Mheuka","CHE","4.3","4.3","4.3","4.4",1,4,"0.5",45,4310,3392,0,0,"0.0","a",0,0,,"false"
"2026-09-28T17:49:48Z",170,"Emegha","CHE","-0.1","-0.1","-0.1","-0.1",-1,0,"0.1",49,73,1047,0,0,"0.0","i",-1,-1,,"false"
"2026-09-28T17:49:48Z",200,"Lacroix","CHE","-7.0","-7.0","-7.1","-7.2",-1,-7,"6.8",59,7386,28206,13,364,"1.8","a",-1,-1,,"false"
"2026-09-28T17:49:48Z",560,"Penders","CHE","-0.5","-0.5","-0.5","-0.5",-1,0,"0.1",44,234,287,0,0,"0.0","a",0,-1,,"false"
"2026-09-28T17:49:48Z",561,"Anselmino","CHE","-1.9","-1.9","-1.9","-1.9",-1,0,"0.0",45,61,101,0,0,"0.0","a",0,0,,"false"
"2026-09-28T17:49:48Z",568,"Barco","CHE","-13.7","-13.1","-10.7","-8.2",-1,2,"0.1",54,221,428,3,115,"0.8","a",0,-1,,"false"
"2026-09-28T17:49:48Z",583,"Chavarria","CHE","-49.1","-49.1","-49.1","-49.1",-3,0,"0.1",49,393,516,5,208,"1.0","a",0,-1,,"false"
"2026-09-28T17:49:48Z",662,"Nicoll-Jazuli","CHE","0.0","0.0","0.0","0.0",0,0,"0.0",45,328,69,1,3,"1.0","a",0,0,"2026-10-01T21:17:24.996715Z","false"
"2026-09-28T17:49:48Z",91,"Pinnock","COV","-72.7","-72.7","-72.7","-72.7",-3,0,"0.1",45,359,213,14,282,"4.3","a",0,0,,"false"
"2026-09-28T17:49:48Z",104,"Onyeka","COV","-32.1","-32.1","-32.1","-32.1",-2,0,"0.1",49,165,433,9,314,"2.3","a",0,-1,,"false"
"2026-09-28T17:49:48Z",110,"Rushworth","COV","-56.6","-56.6","-56.6","-56.6",-3,0,"0.8",45,2424,5747,16,450,"4.3","a",0,0,,"false"
"2026-09-28T17:49:48Z",171,"Dovin","COV","0.0","0.0","0.0","0.0",0,-3,"1.0",40,0,4543,0,0,"0.0","u",0,0,,"false"
"2026-09-28T17:49:48Z",172,"Wilson","COV","-5.6","-5.5","-5.0","-4.5",-1,1,"0.4",44,227,637,0,0,"0.0","a",0,-1,,"false"
"2026-09-28T17:49:48Z",173,"Thomas","COV","16.7","16.7","16.5","16.4",1,-10,"8.6",40,24716,29552,24,437,"4.3","a",0,0,,"false"
"2026-09-28T17:49:48Z",174,"Kitching","COV","0.0","0.0","0.0","0.0",0,0,"0.3",40,0,1723,0,0,"0.0","u",0,0,,"false"
"2026-09-28T17:49:48Z",175,"van Ewijk","COV","-46.8","-46.8","-47.0","-47.2",-3,-22,"8.8",40,1140,73244,6,360,"1.0","d",0,0,,"false"
"2026-09-28T17:49:48Z",176,"Dasilva","COV","-31.7","-31.6","-30.7","-29.9",-2,4,"0.7",40,5898,1619,20,444,"5.7","a",0,0,,"false"
"2026-09-28T17:49:48Z",177,"Kesler-Hayden","COV","0.2","0.2","0.2","0.2",1,0,"0.0",39,988,502,0,0,"0.0","i",-1,-1,,"false"
"2026-09-28T17:49:48Z",178,"Bidwell","COV","-29.1","-29.1","-29.1","-29.1",-2,0,"0.1",40,176,285,0,0,"0.0","a",0,0,,"false"
"2026-09-28T17:49:48Z",179,"Latibeaudiere","COV","-72.9","-72.9","-72.9","-72.9",-3,0,"0.0",40,72,130,1,1,"0.3","a",0,0,,"false"
"2026-09-28T17:49:48Z",180,"Woolfenden","COV","-93.7","-93.7","-93.7","-93.7",-3,0,"0.1",40,24,487,0,0,"0.0","i",0,0,,"false"
"2026-09-28T17:49:48Z",181,"Brau","COV","0.0","0.0","0.0","0.0",0,0,"0.0",40,0,91,0,0,"0.0","u",0,0,,"false"
"2026-09-28T17:49:48Z",182,"Amenda","COV","-51.6","-51.7","-52.0","-52.3",-3,-3,"0.6",40,32,6518,4,360,"0.7","i",0,0,,"false"
"2026-09-28T17:49:48Z",183,"Rudoni","COV","0.1","0.1","0.1","0.1",1,0,"0.1",49,855,637,13,297,"3.0","a",0,-1,,"false"
"2026-09-28T17:49:48Z",184,"Grimes","COV","-27.5","-27.5","-27.5","-27.5",-2,0,"0.1",49,176,831,11,443,"2.3","a",0,-1,,"false"
"2026-09-28T17:49:48Z",185,"Sakamoto","COV","-21.5","-20.8","-18.0","-15.1",-2,1,"0.1",48,122,369,1,31,"0.0","a",0,-2,,"false"
"2026-09-28T17:49:48Z",186,"Mason-Clark","COV","-1.7","-1.7","-1.7","-1.7",-1,0,"0.1",53,70,348,5,231,"1.3","a",-1,-2,,"false"
"2026-09-28T17:49:48Z",187,"Eccles","COV","-4.5","-4.5","-4.5","-4.5",-1,0,"0.0",48,16,87,0,0,"0.0","i",-1,-2,,"false"
"2026-09-28T17:49:48Z",188,"Torp","COV","-10.7","-10.7","-10.7","-10.7",-1,0,"0.1",53,43,417,3,53,"0.3","a",-1,-2,,"false"
"2026-09-28T17:49:48Z",189,"Shepherd","COV","0.7","0.7","0.7","0.7",1,0,"0.3",44,3951,2182,0,0,"0.0","a",0,-1,,"false"
"2026-09-28T17:49:48Z",190,"Tchaouna","COV","-78.5","-78.1","-76.2","-74.3",-3,1,"0.1",54,22,331,5,211,"0.7","a",0,-1,,"false"
"2026-09-28T17:49:48Z",191,"Borges Rodrigues","COV","0.0","0.0","0.0","0.0",0,0,"0.1",45,0,658,0,0,"0.0","u",0,0,,"false"
"2026-09-28T17:49:48Z",192,"Andrews","COV","0.0","0.0","0.0","0.0",0,-3,"0.3",45,0,1898,0,0,"0.0","u",0,0,,"false"
"2026-09-28T17:49:48Z",193,"Wright","COV","-98.4","-98.4","-98.4","-98.4",-4,0,"0.1",54,43,520,0,0,"0.0","i",0,-1,,"false"
"2026-09-28T17:49:48Z",194,"Thomas-Asante","COV","2.6","2.6","2.7","2.7",1,4,"0.8",50,7532,5612,9,227,"2.0","a",0,0,,"false"
"2026-09-28T17:49:48Z",195,"Simms","COV","-0.2","-0.2","-0.4","-0.5",-1,-1,"0.6",49,1694,5073,4,104,"0.7","a",-1,-1,,"false"
"2026-09-28T17:49:48Z",196,"Markelo","COV","0.0","0.0","0.0","0.0",0,0,"0.0",50,0,60,0,0,"0.0","u",0,0,,"false"
"2026-09-28T17:49:48Z",197,"Bassette","COV","0.0","0.0","0.0","0.0",0,0,"0.0",45,0,140,0,0,"0.0","u",0,0,,"false"
"2026-09-28T17:49:48Z",492,"Awoniyi","COV","-12.4","-12.5","-12.8","-13.1",-1,-4,"0.4",54,63,4829,3,232,"0.0","s",-1,-1,,"false"
"2026-09-28T17:49:48Z",575,"Yirenkyi","COV","-2.5","-2.5","-2.5","-2.5",-1,0,"0.1",48,281,982,9,265,"1.7","a",-1,-2,,"false"
"2026-09-28T17:49:48Z",584,"Hamer","COV","-81.6","-81.6","-81.6","-81.6",-3,0,"0.1",54,41,381,3,32,"0.3","a",0,-1,,"false"
"2026-09-28T17:49:48Z",599,"Cherif","COV","-6.9","-6.2","-3.1","-0.1",-1,2,"0.1",50,504,728,1,30,"0.3","a",0,0,,"false"
"2026-09-28T17:49:48Z",623,"Bentley","COV","2.1","2.1","2.0","2.0",1,-2,"0.6",40,7840,2202,0,0,"0.0","a",0,0,,"false"
"2026-09-28T17:49:48Z",655,"Gboho","COV","0.0","0.0","0.0","0.0",0,0,"0.0",55,68,51,0,0,"0.0","a",0,0,,"false"
"2026-09-28T17:49:48Z",656,"Mfuni","COV","0.0","0.0","0.0","0.0",0,0,"0.1",40,1773,828,6,90,"3.0","a",0,0,,"false"
"2026-09-28T17:49:48Z",42,"Guessand","CRY","-25.8","-25.8","-25.8","-25.8",-2,0,"0.0",54,102,254,2,54,"0.0","a",0,-1,,"false"
"2026-09-28T17:49:48Z",153,"Disasi","CRY","-59.0","-59.4","-61.4","-63.3",-3,-2,"0.1",45,23,737,1,139,"0.0","s",0,0,,"false"
"2026-09-28T17:49:48Z",198,"Henderson","CRY","-94.0","-94.0","-94.1","-94.2",-3,-3,"1.3",50,130,10581,5,270,"0.7","i",0,0,,"false"
"2026-09-28T17:49:48Z",199,"Benitez","CRY","-24.1","-24.1","-24.1","-24.1",-2,0,"0.1",45,637,344,8,180,"2.7","a",0,0,,"false"
"2026-09-28T17:49:48Z",202,"Richards","CRY","-97.6","-97.6","-97.3","-97.0",-4,1,"0.6",50,1511,2086,14,450,"3.7","a",0,0,,"false"
"2026-09-28T17:49:48Z",203,"Canvot","CRY","-0.7","-0.7","-0.7","-0.7",-1,0,"0.2",48,364,818,10,360,"3.0","a",-1,-2,,"false"
"2026-09-28T17:49:48Z",204,"Mitchell","CRY","25.5","25.6","25.7","25.8",2,8,"6.0",45,13203,15206,24,419,"7.7","a",0,0,,"false"
"2026-09-28T17:49:48Z",205,"Sosa","CRY","0.0","0.0","0.0","0.0",0,0,"0.0",45,0,97,0,0,"0.0","u",0,0,,"false"
"2026-09-28T17:49:48Z",206,"Chadi Riad","CRY","-4.1","-4.1","-4.1","-4.1",-1,0,"0.0",43,23,116,1,72,"0.0","i",-1,-2,,"false"
"2026-09-28T17:49:48Z",207,"Mingueza","CRY","-86.0","-86.0","-86.0","-86.0",-3,0,"0.1",44,73,267,2,16,"0.3","a",0,-1,,"false"
"2026-09-28T17:49:48Z",208,"Sarr","CRY","0.0","0.0","0.0","0.1",0,1,"0.6",62,2404,2095,1,8,"0.3","a",0,-3,,"false"
"2026-09-28T17:49:48Z",210,"Wharton","CRY","-2.0","-2.1","-2.6","-3.2",-1,-5,"0.7",54,1107,4387,12,436,"2.0","a",-1,-1,,"false"
"2026-09-28T17:49:48Z",211,"Yeremy","CRY","4.6","4.6","4.6","4.5",1,-2,"0.3",55,669,2520,14,307,"2.7","a",0,0,,"false"
"2026-09-28T17:49:48Z",212,"Hughes","CRY","-19.1","-19.1","-19.3","-19.4",-1,-7,"7.3",44,8661,42423,2,29,"0.7","a",0,-1,,"false"
"2026-09-28T17:49:48Z",213,"Lerma","CRY","-1.2","-1.2","-1.2","-1.2",-1,0,"0.1",48,85,347,1,51,"0.3","a",-1,-2,,"false"
"2026-09-28T17:49:48Z",214,"Kamada","CRY","11.1","11.1","11.1","11.1",1,0,"0.5",50,3032,2833,21,441,"5.3","a",0,0,,"false"
"2026-09-28T17:49:48Z",215,"Devenny","CRY","0.0","0.0","0.0","0.0",0,0,"0.0",50,0,33,0,0,"0.0","u",0,0,,"false"
"2026-09-28T17:49:48Z",216,"Esse","CRY","0.0","0.0","0.0","0.0",0,0,"0.0",50,0,113,0,0,"0.0","u",0,0,,"false"
"2026-09-28T17:49:48Z",217,"M.França","CRY","0.0","0.0","0.0","0.0",0,0,"0.0",49,0,150,0,0,"0.0","u",0,-1,,"false"
"2026-09-28T17:49:48Z",218,"Doucouré","CRY","-2.0","-2.0","-2.0","-2.0",-1,0,"0.0",48,106,284,0,0,"0.0","a",-1,-2,,"false"
"2026-09-28T17:49:48Z",219,"J.Rak-Sakyi","CRY","0.0","0.0","0.0","0.0",0,0,"0.0",49,0,23,0,0,"0.0","u",0,-1,,"false"
"2026-09-28T17:49:48Z",220,"Cardines","CRY","0.0","0.0","0.0","0.0",0,0,"0.0",45,0,3,0,0,"0.0","u",0,0,,"false"
"2026-09-28T17:49:48Z",221,"Drakes-Thomas","CRY","-91.2","-91.2","-91.2","-91.2",-3,0,"0.1",45,133,409,0,0,"0.0","a",0,0,,"false"
"2026-09-28T17:49:48Z",222,"Strand Larsen","CRY","4.9","4.9","5.0","5.1",1,4,"0.7",60,4489,3681,14,298,"3.7","a",0,0,,"false"
"2026-09-28T17:49:48Z",223,"Mateta","CRY","-24.1","-24.1","-24.4","-24.6",-2,-6,"1.3",63,195,8645,2,62,"0.0","i",0,-2,,"false"
"2026-09-28T17:49:48Z",224,"Nketiah","CRY","-17.0","-17.1","-17.5","-17.8",-1,-1,"0.5",55,1191,3203,8,175,"1.7","a",0,0,,"false"
"2026-09-28T17:49:48Z",225,"Uche","CRY","0.0","0.0","0.0","0.0",0,0,"0.0",50,0,0,0,0,"0.0","u",0,0,,"false"
"2026-09-28T17:49:48Z",241,"McNeil","CRY","-92.4","-92.4","-92.4","-92.4",-3,0,"0.1",54,65,448,3,84,"0.0","a",0,-1,,"false"
"2026-09-28T17:49:48Z",555,"Matthews","CRY","-8.8","-8.8","-8.8","-8.8",-1,0,"1.7",40,1029,2916,0,0,"0.0","a",0,0,,"false"
"2026-09-28T17:49:48Z",577,"Tomiyasu","CRY","-12.4","-12.4","-12.4","-12.4",-1,0,"0.3",44,148,1088,3,189,"0.3","d",0,-1,,"false"
"2026-09-28T17:49:48Z",588,"Khalaili","CRY","6.5","6.5","6.5","6.5",1,0,"0.3",50,1949,1044,19,379,"5.3","a",0,0,,"false"
"2026-09-28T17:49:48Z",595,"Gozo","CRY","-0.9","-0.9","-0.9","-0.9",-1,0,"0.0",49,39,86,2,28,"0.3","a",-1,-1,,"false"
"2026-09-28T17:49:48Z",633,"Ahanor","CRY","0.1","0.1","0.1","0.1",1,0,"0.0",45,132,101,3,90,"1.0","a",0,0,,"false"
"2026-09-28T17:49:48Z",643,"Chilwell","CRY","-70.7","-70.9","-71.7","-72.6",-3,-3,"0.4",45,530,2823,8,29,"2.7","a",0,0,,"false"
"2026-09-28T17:49:48Z",644,"Timber","CRY","0.2","0.2","0.2","0.2",1,0,"0.0",50,436,293,9,253,"3.0","a",0,0,,"false"
"2026-09-28T17:49:48Z",647,"Osorio","CRY","-67.3","-67.3","-67.3","-67.3",-3,0,"0.0",55,26,68,1,1,"0.3","a",0,0,,"false"
"2026-09-28T17:49:48Z",21,"Nørgaard","EVE","-100.0","-100.0","-100.0","-100.0",-5,0,"0.0",49,48,298,0,0,"0.0","i",0,-1,,"false"
"2026-09-28T17:49:48Z",209,"Johnson","EVE","-18.8","-18.8","-18.8","-18.8",-1,0,"0.1",59,379,675,9,238,"2.3","a",0,-1,,"false"
"2026-09-28T17:49:48Z",226,"Pickford","EVE","28.5","28.5","28.6","28.7",2,5,"9.1",55,27498,14566,25,450,"5.0","a",0,0,,"false"
"2026-09-28T17:49:48Z",227,"Travers","EVE","-32.3","-32.3","-32.3","-32.3",-2,0,"0.0",50,233,250,0,0,"0.0","a",0,0,,"false"
"2026-09-28T17:49:48Z",228,"King","EVE","-40.1","-40.1","-40.1","-40.1",-3,0,"0.0",45,111,164,0,0,"0.0","a",0,0,,"false"
"2026-09-28T17:49:48Z",229,"Tarkowski","EVE","96.7","96.9","98.2","99.5",4,88,"16.4",61,213902,18896,43,450,"8.3","a",0,1,,"false"
"2026-09-28T17:49:48Z",230,"Branthwaite","EVE","34.4","34.4","34.6","34.7",2,11,"2.4",55,18576,6488,27,450,"5.7","a",0,0,,"false"
"2026-09-28T17:49:48Z",231,"Keane","EVE","-37.0","-37.1","-37.5","-37.9",-2,-2,"0.7",48,368,3674,0,0,"0.0","a",0,-2,,"false"
"2026-09-28T17:49:48Z",232,"O'Brien","EVE","-3.3","-3.3","-3.3","-3.3",-1,0,"0.3",48,312,1075,2,16,"0.7","a",-1,-2,,"false"
"2026-09-28T17:49:48Z",233,"Mykolenko","EVE","1.3","1.3","1.3","1.3",1,1,"4.2",46,40222,17391,27,450,"5.7","a",1,1,,"false"
"2026-09-28T17:49:48Z",234,"Patterson","EVE","0.0","0.0","0.0","0.0",0,0,"0.0",45,0,115,0,0,"0.0","u",0,0,,"false"
"2026-09-28T17:49:48Z",235,"Aznou","EVE","0.0","0.0","0.0","0.0",0,0,"0.1",40,0,528,0,0,"0.0","u",0,0,,"false"
"2026-09-28T17:49:48Z",236,"Dewsbury-Hall","EVE","-14.9","-14.9","-15.1","-15.3",-1,-7,"6.0",66,33295,42749,20,450,"2.3","a",1,1,,"false"
"2026-09-28T17:49:48Z",238,"Grealish","EVE","8.4","8.4","8.4","8.4",1,0,"0.5",65,3461,2831,6,135,"1.7","a",0,0,,"false"
"2026-09-28T17:49:48Z",239,"Garner","EVE","3.4","3.4","3.4","3.4",1,1,"0.2",60,1621,1885,11,328,"3.0","a",0,0,,"false"
"2026-09-28T17:49:48Z",242,"George","EVE","29.3","29.3","29.3","29.3",2,-1,"0.9",55,2296,10382,19,309,"4.7","a",0,0,,"false"
"2026-09-28T17:49:48Z",243,"Alcaraz","EVE","-44.0","-44.0","-44.0","-44.0",-3,0,"0.1",49,155,387,1,5,"0.0","a",0,-1,,"false"
"2026-09-28T17:49:48Z",244,"Armstrong","EVE","9.1","9.1","9.1","9.1",1,0,"0.4",50,778,3217,16,446,"2.0","a",0,0,,"false"
"2026-09-28T17:49:48Z",245,"Dibling","EVE","-87.4","-87.4","-87.4","-87.4",-3,0,"0.0",54,113,150,1,24,"0.3","a",0,-1,,"false"
"2026-09-28T17:49:48Z",246,"Röhl","EVE","-43.5","-43.5","-43.5","-43.5",-3,0,"0.0",49,7,570,6,249,"0.3","i",0,-1,,"false"
"2026-09-28T17:49:48Z",247,"Hackney","EVE","-4.7","-4.7","-4.7","-4.7",-1,0,"0.2",54,186,1049,10,137,"2.0","a",-1,-1,,"false"
"2026-09-28T17:49:48Z",248,"Beto","EVE","0.0","0.0","0.0","0.0",0,-8,"0.6",54,0,6961,2,31,"0.0","u",0,-1,,"false"
"2026-09-28T17:49:48Z",249,"Barry","EVE","0.1","0.1","0.2","0.3",1,21,"8.3",57,80572,36611,20,417,"3.3","a",1,2,,"false"
"2026-09-28T17:49:48Z",649,"Maitland-Niles","EVE","16.8","16.8","16.8","16.8",1,0,"1.4",45,18753,4300,21,177,"7.0","a",0,0,,"false"
"2026-09-28T17:49:48Z",654,"Graham","EVE","-31.8","-32.2","-34.0","-35.7",-2,-1,"0.1",45,223,968,0,0,"0.0","a",0,0,,"false"
"2026-09-28T17:49:48Z",250,"Leno","FUL","8.3","8.4","8.5","8.6",1,8,"3.4",45,36495,10367,18,450,"4.0","a",0,0,,"false"
"2026-09-28T17:49:48Z",251,"Lecomte","FUL","-23.2","-23.2","-23.2","-23.2",-2,0,"1.1",40,2322,2363,0,0,"0.0","a",0,0,,"false"
"2026-09-28T17:49:48Z",252,"McNally","FUL","0.0","0.0","0.0","0.0",0,0,"0.1",40,0,580,0,0,"0.0","u",0,0,,"false"
"2026-09-28T17:49:48Z",253,"Andersen","FUL","0.7","0.7","0.7","0.7",1,0,"0.2",50,2576,1042,3,190,"0.8","a",0,0,,"false"
"2026-09-28T17:49:48Z",254,"Robinson","FUL","-19.0","-19.0","-18.8","-18.7",-1,2,"1.5",45,14927,6172,12,429,"2.8","a",0,0,,"false"
"2026-09-28T17:49:48Z",255,"J.Cuenca","FUL","-70.1","-70.1","-70.1","-70.1",-3,0,"0.0",45,61,101,3,90,"0.0","a",0,0,,"false"
"2026-09-28T17:49:48Z",256,"Tete","FUL","-0.1","-0.1","-0.1","-0.1",-1,0,"0.2",44,52,1013,0,27,"0.0","a",0,-1,"2026-09-28T19:00:09.637551Z","false"
"2026-09-28T17:49:48Z",257,"Bassey","FUL","-0.9","-0.7","0.0","0.1",-1,4,"0.7",45,4936,1655,15,450,"3.8","a",0,0,,"false"
"2026-09-28T17:49:48Z",258,"Castagne","FUL","13.7","13.7","13.7","13.7",1,0,"0.9",45,13814,4524,20,408,"3.5","a",0,0,,"false"
"2026-09-28T17:49:48Z",261,"Iwobi","FUL","-58.0","-57.9","-57.5","-57.0",-3,2,"0.7",54,3166,3050,14,408,"3.0","a",0,-1,,"false"
"2026-09-28T17:49:48Z",262,"Smith Rowe","FUL","-0.7","-0.6","-0.2","0.0",-1,1,"0.2",53,281,1287,3,38,"0.8","a",-1,-2,,"false"
"2026-09-28T17:49:48Z",263,"Kevin","FUL","-11.8","-11.8","-11.8","-11.8",-1,0,"0.0",53,189,268,4,61,"0.8","a",0,-2,,"false"
"2026-09-28T17:49:48Z",264,"Bobb","FUL","-48.6","-48.4","-47.3","-46.3",-3,2,"0.3",55,2132,1713,13,343,"2.8","a",0,0,,"false"
"2026-09-28T17:49:48Z",265,"Berge","FUL","-32.7","-32.7","-32.7","-32.7",-2,0,"0.3",49,581,1228,11,349,"2.2","a",0,-1,,"false"
"2026-09-28T17:49:48Z",266,"Cairney","FUL","-14.8","-14.8","-14.8","-14.8",-1,0,"0.0",49,8,20,0,0,"0.0","i",0,-1,,"false"
"2026-09-28T17:49:48Z",268,"King","FUL","84.4","84.5","85.1","85.7",3,39,"2.6",55,81232,16878,24,425,"4.2","a",0,0,,"false"
"2026-09-28T17:49:48Z",269,"Sessegnon","FUL","-1.5","-1.5","-1.5","-1.5",-1,0,"0.3",43,280,1250,3,50,"0.5","a",-1,-2,,"false"
"2026-09-28T17:49:48Z",270,"Reed","FUL","-10.5","-10.4","-10.0","-9.6",-1,3,"1.1",44,2719,6567,0,0,"0.0","a",0,-1,,"false"
"2026-09-28T17:49:48Z",271,"Muniz","FUL","-49.3","-49.1","-47.8","-46.6",-3,3,"0.4",54,1604,2554,3,38,"0.5","a",0,-1,,"false"
"2026-09-28T17:49:48Z",272,"Kusi-Asare","FUL","-61.5","-61.5","-61.5","-61.5",-3,-1,"5.4",45,10312,31946,0,0,"0.0","a",0,0,,"false"
"2026-09-28T17:49:48Z",569,"Gonzalo","FUL","55.2","55.3","55.7","56.1",3,30,"3.9",60,62137,30679,14,425,"2.0","a",0,0,,"false"
"2026-09-28T17:49:48Z",570,"Palacios","FUL","-6.7","-6.7","-6.7","-6.7",-1,0,"0.2",54,681,911,12,226,"2.5","a",0,-1,,"false"
"2026-09-28T17:49:48Z",580,"Charles","FUL","-80.2","-80.2","-80.2","-80.2",-3,0,"0.1",50,555,400,13,303,"3.0","a",0,0,,"false"
"2026-09-28T17:49:48Z",610,"De Fougerolles","FUL","0.0","0.0","0.0","0.0",0,0,"0.1",40,0,484,0,0,"0.0","u",0,0,,"false"
"2026-09-28T17:49:48Z",626,"Zepa","FUL","0.1","0.1","0.2","0.2",1,5,"0.3",44,368,2145,0,0,"0.0","a",-1,-1,,"false"
"2026-09-28T17:49:48Z",635,"Larsson","FUL","0.0","0.0","0.0","0.0",0,0,"0.0",50,89,69,3,37,"1.0","a",0,0,,"false"
"2026-09-28T17:49:48Z",636,"Ángel","FUL","0.0","0.0","0.0","0.0",0,0,"0.0",50,31,26,0,0,"0.0","a",0,0,,"false"
"2026-09-28T17:49:48Z",650,"Affengruber","FUL","1.1","1.1","1.1","1.2",1,4,"0.1",45,4632,1012,12,180,"4.0","a",0,0,,"false"
"2026-09-28T17:49:48Z",240,"Iroegbunam","HUL","0.1","0.1","0.1","0.1",1,0,"0.0",50,74,133,2,70,"0.3","a",0,0,,"false"
"2026-09-28T17:49:48Z",273,"Phillips","HUL","-27.2","-27.2","-27.2","-27.2",-2,0,"1.4",40,2842,3298,0,0,"0.0","a",0,0,,"false"
"2026-09-28T17:49:48Z",274,"Butland","HUL","-0.6","-0.6","-0.6","-0.6",-1,0,"0.1",44,65,310,0,0,"0.0","i",-1,-1,,"false"
"2026-09-28T17:49:48Z",275,"Cartwright","HUL","0.0","0.0","0.0","0.0",0,0,"0.0",40,0,24,0,0,"0.0","u",0,0,,"false"
"2026-09-28T17:49:48Z",276,"Lo-Tutala","HUL","0.0","0.0","0.0","0.0",0,0,"0.0",40,0,110,0,0,"0.0","u",0,0,,"false"
"2026-09-28T17:49:48Z",277,"Egan","HUL","25.6","25.6","25.5","25.3",2,-9,"7.0",41,26103,27995,26,437,"3.0","a",0,1,,"false"
"2026-09-28T17:49:48Z",278,"Hughes","HUL","0.5","0.5","0.5","0.5",1,0,"0.2",39,1058,1854,0,0,"0.0","i",0,-1,,"false"
"2026-09-28T17:49:48Z",279,"Ajayi","HUL","68.0","67.9","67.6","67.4",3,-21,"14.0",42,41984,56606,27,423,"2.3","a",0,2,,"false"
"2026-09-28T17:49:48Z",280,"Coyle","HUL","0.2","0.2","0.2","0.2",1,0,"0.7",40,1982,1951,14,348,"2.7","a",0,0,,"false"
"2026-09-28T17:49:48Z",281,"Drameh","HUL","0.0","0.0","0.0","0.0",0,0,"0.0",40,0,243,2,65,"0.0","u",0,0,,"false"
"2026-09-28T17:49:48Z",282,"Giles","HUL","68.2","68.2","68.2","68.2",3,-1,"2.9",40,20582,13178,24,444,"4.0","a",0,0,,"false"
"2026-09-28T17:49:48Z",283,"Jacob","HUL","0.0","0.0","0.0","0.0",0,0,"0.0",40,0,34,0,0,"0.0","u",0,0,,"false"
"2026-09-28T17:49:48Z",284,"McCarthy","HUL","0.4","0.4","0.4","0.4",1,0,"0.1",40,379,416,0,0,"0.0","a",0,0,,"false"
"2026-09-28T17:49:48Z",285,"McNair","HUL","-41.0","-41.0","-41.0","-41.0",-3,0,"0.1",40,184,399,1,26,"0.0","a",0,0,,"false"
"2026-09-28T17:49:48Z",286,"Belloumi","HUL","35.1","35.2","35.5","35.8",2,22,"5.1",51,72742,23452,31,394,"7.3","a",0,1,,"false"
"2026-09-28T17:49:48Z",287,"Millar","HUL","0.0","0.0","0.0","0.0",0,0,"0.0",50,0,283,6,50,"0.0","u",0,0,,"false"
"2026-09-28T17:49:48Z",288,"Dowell","HUL","-92.1","-92.0","-91.4","-90.8",-3,1,"0.3",45,563,1920,0,0,"0.0","a",0,0,,"false"
"2026-09-28T17:49:48Z",289,"Crooks","HUL","0.6","0.6","0.6","0.6",1,0,"0.5",44,4856,3998,3,203,"0.3","a",-1,-1,,"false"
"2026-09-28T17:49:48Z",290,"Slater","HUL","73.1","73.1","73.0","72.9",3,-4,"5.2",45,15058,35778,15,437,"2.3","a",0,0,,"false"
"2026-09-28T17:49:48Z",291,"Matazo","HUL","-13.5","-13.5","-13.5","-13.5",-1,0,"0.0",45,29,51,0,0,"0.0","i",0,0,,"false"
"2026-09-28T17:49:48Z",292,"Ömür","HUL","-9.7","-9.7","-9.7","-9.7",-1,0,"0.0",49,84,145,0,0,"0.0","a",0,-1,,"false"
"2026-09-28T17:49:48Z",293,"Kamara","HUL","0.0","0.0","0.0","0.0",0,0,"0.0",50,0,12,0,0,"0.0","u",0,0,,"false"
"2026-09-28T17:49:48Z",294,"Zambrano","HUL","-21.6","-21.6","-21.6","-21.6",-2,0,"0.1",45,141,478,0,0,"0.0","a",0,0,,"false"
"2026-09-28T17:49:48Z",295,"McBurnie","HUL","27.0","27.0","27.1","27.3",2,9,"1.9",55,7442,17332,13,441,"2.3","a",0,0,,"false"
"2026-09-28T17:49:48Z",296,"Akintola","HUL","0.0","0.0","0.0","0.0",0,0,"0.0",50,0,253,0,0,"0.0","u",0,0,,"false"
"2026-09-28T17:49:48Z",297,"Gyabi","HUL","-0.3","-0.3","-0.3","-0.3",-1,0,"0.0",44,53,131,0,0,"0.0","i",-1,-1,,"false"
"2026-09-28T17:49:48Z",298,"Destan","HUL","0.0","0.0","0.0","0.0",0,-1,"0.2",45,0,1225,0,0,"0.0","u",0,0,,"false"
"2026-09-28T17:49:48Z",299,"Burstow","HUL","0.0","0.0","0.0","0.0",0,0,"0.0",45,0,211,0,0,"0.0","u",0,0,,"false"
"2026-09-28T17:49:48Z",340,"Gelhardt","HUL","0.0","0.0","0.0","0.0",0,0,"0.0",50,92,103,1,7,"0.3","a",0,0,,"false"
"2026-09-28T17:49:48Z",556,"Targett","HUL","-71.6","-71.7","-72.1","-72.5",-3,-9,"1.6",40,107,9447,1,5,"0.0","d",0,0,,"false"
"2026-09-28T17:49:48Z",563,"Morita","HUL","-100.7","-100.7","-100.7","-100.7",-5,0,"0.0",50,23,164,1,45,"0.0","i",0,0,,"false"
"2026-09-28T17:49:48Z",572,"Tzolakis","HUL","0.5","0.5","0.6","0.6",1,12,"12.8",47,121380,20302,34,450,"4.7","a",1,2,,"false"
"2026-09-28T17:49:48Z",574,"Hjertø-Dahl","HUL","-72.3","-72.3","-72.3","-72.3",-3,0,"0.1",49,74,313,1,8,"0.3","a",0,-1,,"false"
"2026-09-28T17:49:48Z",576,"Stroud","HUL","-50.5","-50.5","-50.5","-50.5",-3,0,"0.1",50,139,447,7,249,"1.3","a",0,0,,"false"
"2026-09-28T17:49:48Z",585,"Herrington","HUL","-26.4","-26.4","-26.4","-26.4",-2,0,"0.6",40,1002,1605,5,197,"1.0","a",0,0,,"false"
"2026-09-28T17:49:48Z",586,"Mendy","HUL","-0.3","-0.4","-0.4","-0.5",-1,-4,"6.3",41,6613,32728,25,249,"3.0","a",0,1,,"false"
"2026-09-28T17:49:48Z",589,"Gourna-Douath","HUL","-76.7","-76.7","-76.7","-76.7",-3,0,"0.0",50,32,105,4,138,"1.0","a",0,0,,"false"
"2026-09-28T17:49:48Z",617,"Cho","HUL","0.2","0.2","0.2","0.2",1,0,"0.0",50,339,143,9,72,"2.7","a",0,0,,"false"
"2026-09-28T17:49:48Z",632,"Ansah","HUL","-61.9","-61.9","-61.9","-61.9",-3,0,"0.0",50,67,400,0,0,"0.0","i",0,0,,"false"
"2026-09-28T17:49:48Z",637,"Vaz","HUL","1.2","1.2","1.2","1.2",1,1,"0.1",50,1747,1108,2,20,"0.7","a",0,0,,"false"
"2026-09-28T17:49:48Z",638,"Norton-Cuffy","HUL","-23.7","-23.7","-23.7","-23.7",-2,0,"0.2",40,448,2464,1,34,"0.3","d",0,0,,"false"
"2026-09-28T17:49:48Z",642,"Thomas","HUL","0.2","0.2","0.2","0.2",1,0,"0.0",55,444,339,4,119,"1.3","a",0,0,,"false"
"2026-09-28T17:49:48Z",645,"Mouzakitis","HUL","0.0","0.0","0.0","0.0",0,0,"0.0",50,85,87,0,0,"0.0","a",0,0,,"false"
"2026-09-28T17:49:48Z",259,"Diop","IPS","-51.4","-51.4","-51.5","-51.6",-3,-8,"12.7",40,6749,53030,12,450,"2.5","a",0,0,,"false"
"2026-09-28T17:49:48Z",267,"Lukić","IPS","-4.7","-4.5","-3.4","-2.4",-1,1,"0.1",49,185,492,11,400,"1.5","a",-1,-1,,"false"
"2026-09-28T17:49:48Z",300,"Walton","IPS","-7.3","-7.4","-7.9","-8.3",-1,-1,"0.4",44,1583,979,2,90,"0.5","a",0,-1,,"false"
"2026-09-28T17:49:48Z",301,"Palmer","IPS","-24.8","-24.8","-24.9","-24.9",-2,-2,"3.9",40,3792,11375,0,0,"0.0","a",0,0,,"false"
"2026-09-28T17:49:48Z",302,"Button","IPS","1.1","1.1","1.1","1.1",1,0,"0.6",40,1382,1258,0,0,"0.0","a",0,0,,"false"
"2026-09-28T17:49:48Z",303,"Kipré","IPS","3.0","3.0","3.0","3.0",1,-1,"0.9",39,4297,4190,0,0,"0.0","a",0,-1,,"false"
"2026-09-28T17:49:48Z",304,"O'Shea","IPS","-38.8","-38.9","-39.1","-39.3",-2,-4,"2.7",40,1859,14059,10,450,"1.5","a",0,0,,"false"
"2026-09-28T17:49:48Z",305,"Davis","IPS","70.3","70.4","70.6","70.7",3,13,"6.9",40,47874,25950,25,450,"5.8","a",0,0,,"false"
"2026-09-28T17:49:48Z",306,"Greaves","IPS","-87.8","-87.8","-87.8","-87.8",-3,0,"1.1",40,452,3306,3,357,"0.2","a",0,0,,"false"
"2026-09-28T17:49:48Z",307,"Johnson","IPS","0.0","0.0","0.0","0.0",0,0,"0.1",40,0,345,0,0,"0.0","u",0,0,,"false"
"2026-09-28T17:49:48Z",308,"Furlong","IPS","2.0","2.0","2.0","2.0",1,1,"0.6",39,6192,2727,1,17,"0.2","a",0,-1,,"false"
"2026-09-28T17:49:48Z",309,"Núñez","IPS","-33.2","-33.6","-35.3","-37.0",-2,-1,"0.1",49,90,603,6,140,"0.5","a",0,-1,,"false"
"2026-09-28T17:49:48Z",310,"Matusiwa","IPS","0.0","0.0","0.0","0.0",0,0,"0.0",49,14,17,0,0,"0.0","a",0,-1,,"false"
"2026-09-28T17:49:48Z",311,"Burns","IPS","0.0","0.0","0.0","0.0",0,0,"0.0",50,0,8,0,0,"0.0","u",0,0,,"false"
"2026-09-28T17:49:48Z",312,"Taylor","IPS","0.1","0.1","0.1","0.1",1,0,"0.0",44,369,253,0,0,"0.0","i",-1,-1,,"false"
"2026-09-28T17:49:48Z",313,"Clarke","IPS","-82.1","-81.9","-80.9","-79.9",-3,1,"0.2",54,137,891,11,170,"1.0","a",0,-1,,"false"
"2026-09-28T17:49:48Z",314,"Ogbene","IPS","0.0","0.0","0.0","0.0",0,0,"0.0",49,0,65,0,0,"0.0","u",0,-1,,"false"
"2026-09-28T17:49:48Z",315,"Fatawu","IPS","-31.4","-31.5","-31.9","-32.3",-2,-1,"0.2",54,52,2389,8,352,"1.5","s",0,-1,,"false"
"2026-09-28T17:49:48Z",316,"Emersonn","IPS","81.2","81.2","81.4","81.6",3,12,"3.5",55,32104,22185,26,317,"4.2","a",0,0,,"false"
"2026-09-28T17:49:48Z",317,"Hirst","IPS","0.0","0.0","0.0","0.0",0,0,"0.1",50,0,453,0,0,"0.0","u",0,0,,"false"
"2026-09-28T17:49:48Z",318,"Philogene","IPS","-7.6","-7.6","-7.6","-7.6",-1,0,"0.1",54,32,151,2,52,"0.5","a",0,-1,,"false"
"2026-09-28T17:49:48Z",319,"Szmodics","IPS","0.0","0.0","0.0","0.0",0,0,"0.0",50,0,12,0,0,"0.0","u",0,0,,"false"
"2026-09-28T17:49:48Z",320,"Akpom","IPS","23.5","23.5","23.5","23.5",2,0,"1.2",50,4842,9286,7,78,"1.5","a",0,0,,"false"
"2026-09-28T17:49:48Z",321,"Walle Egeli","IPS","37.9","37.9","37.9","37.9",2,-2,"3.5",45,17140,25585,1,10,"0.0","a",0,0,,"false"
"2026-09-28T17:49:48Z",322,"Al-Hamadi","IPS","0.0","0.0","0.0","0.0",0,-1,"0.0",50,0,358,0,0,"0.0","u",0,0,,"false"
"2026-09-28T17:49:48Z",323,"McAteer","IPS","-0.7","-0.7","-0.7","-0.7",-1,0,"1.0",44,1366,6148,3,42,"0.5","a",-1,-1,,"false"
"2026-09-28T17:49:48Z",324,"Mehmeti","IPS","-2.0","-2.0","-2.0","-2.0",-1,0,"0.0",48,67,131,0,0,"0.0","a",-1,-2,,"false"
"2026-09-28T17:49:48Z",554,"Van Oevelen","IPS","0.0","0.0","0.0","0.0",0,-2,"0.0",45,0,79,0,0,"0.0","u",0,0,,"false"
"2026-09-28T17:49:48Z",562,"Maeda","IPS","-9.4","-9.4","-9.4","-9.4",-1,0,"0.2",53,126,1404,8,259,"1.5","a",-1,-2,,"false"
"2026-09-28T17:49:48Z",564,"Scherpen","IPS","-30.7","-30.7","-30.7","-30.7",-2,0,"0.6",45,574,2705,7,360,"1.2","a",0,0,,"false"
"2026-09-28T17:49:48Z",571,"Florentino","IPS","-2.1","-2.1","-2.1","-2.1",-1,0,"0.1",48,107,319,2,30,"0.5","a",-1,-2,,"false"
"2026-09-28T17:49:48Z",591,"Enciso","IPS","8.4","8.4","8.3","8.3",1,-1,"0.8",55,2066,5886,15,413,"2.5","a",0,0,,"false"
"2026-09-28T17:49:48Z",592,"Ouattara","IPS","-30.8","-30.8","-30.8","-30.8",-2,0,"0.9",40,650,1983,6,131,"1.2","a",0,0,,"false"
"2026-09-28T17:49:48Z",602,"Humphreys","IPS","0.0","0.0","0.0","0.0",0,0,"0.0",45,0,232,0,0,"0.0","u",0,0,,"false"
"2026-09-28T17:49:48Z",619,"Palacios","IPS","1.0","1.0","1.0","1.0",1,0,"0.1",50,480,796,11,275,"2.8","a",0,0,,"false"
"2026-09-28T17:49:48Z",640,"Flemming","IPS","0.4","0.4","0.4","0.4",1,0,"0.1",55,852,955,6,60,"2.0","a",0,0,,"false"
"2026-09-28T17:49:48Z",260,"Wilson","LEE","-57.3","-57.5","-58.5","-59.4",-3,-31,"1.7",62,70,38898,5,145,"0.5","i",0,-3,,"false"
"2026-09-28T17:49:48Z",326,"Perri","LEE","0.0","0.0","0.0","0.0",0,0,"0.3",45,0,1210,0,0,"0.0","u",0,0,,"false"
"2026-09-28T17:49:48Z",327,"Bijol","LEE","4.9","4.9","4.9","4.9",1,0,"0.7",50,767,5325,12,164,"0.5","a",0,0,,"false"
"2026-09-28T17:49:48Z",329,"Rodon","LEE","-5.9","-6.0","-6.0","-6.1",-1,-2,"0.8",43,43,8482,7,123,"0.2","i",-1,-2,,"false"
"2026-09-28T17:49:48Z",330,"Bogle","LEE","53.9","54.1","54.8","55.6",3,55,"7.1",46,118526,23853,42,365,"9.0","a",0,1,,"false"
"2026-09-28T17:49:48Z",331,"Gudmundsson","LEE","0.9","0.9","0.9","0.9",1,0,"0.1",45,491,306,14,252,"3.5","a",0,0,,"false"
"2026-09-28T17:49:48Z",332,"Justin","LEE","17.5","17.5","17.5","17.6",1,2,"1.5",45,3934,5501,26,450,"4.0","a",0,0,,"false"
"2026-09-28T17:49:48Z",333,"Bornauw","LEE","0.0","0.0","0.0","0.0",0,0,"0.0",45,0,5,0,0,"0.0","u",0,0,,"false"
"2026-09-28T17:49:48Z",334,"Muharemović","LEE","37.3","37.3","37.3","37.4",2,2,"4.3",50,25885,21877,27,450,"5.2","a",0,0,,"false"
"2026-09-28T17:49:48Z",335,"Stach","LEE","15.6","15.6","15.5","15.5",1,-6,"2.5",60,4537,18753,27,447,"3.5","a",0,0,,"false"
"2026-09-28T17:49:48Z",336,"Okafor","LEE","1.4","1.4","1.4","1.4",1,1,"0.4",58,1665,3218,18,299,"4.2","a",0,-2,,"false"
"2026-09-28T17:49:48Z",337,"Aaronson","LEE","-6.9","-7.0","-7.5","-7.9",-1,-2,"0.5",53,205,3238,7,194,"1.0","a",-1,-2,,"false"
"2026-09-28T17:49:48Z",338,"Ampadu","LEE","-27.0","-27.0","-27.0","-27.0",-2,0,"0.9",54,1513,4681,21,450,"4.0","a",0,-1,,"false"
"2026-09-28T17:49:48Z",339,"Longstaff","LEE","-93.0","-93.0","-93.0","-93.0",-3,0,"0.1",49,122,600,2,10,"0.2","a",0,-1,,"false"
"2026-09-28T17:49:48Z",341,"Gnonto","LEE","0.0","0.0","0.0","0.0",0,0,"0.0",50,0,50,0,0,"0.0","u",0,0,,"false"
"2026-09-28T17:49:48Z",342,"Harrison","LEE","0.0","0.0","0.0","0.0",0,0,"0.0",50,0,5,0,0,"0.0","u",0,0,,"false"
"2026-09-28T17:49:48Z",343,"James","LEE","-26.3","-26.3","-26.3","-26.3",-2,0,"0.1",49,178,529,3,52,"0.8","a",0,-1,,"false"
"2026-09-28T17:49:48Z",344,"Gruev","LEE","0.0","0.0","0.0","0.0",0,0,"0.0",50,45,18,0,0,"0.0","a",0,0,,"false"
"2026-09-28T17:49:48Z",345,"Tanaka","LEE","4.7","4.7","4.6","4.6",1,-1,"0.3",49,2090,2161,14,255,"3.5","a",0,-1,,"false"
"2026-09-28T17:49:48Z",346,"Calvert-Lewin","LEE","65.8","65.9","66.3","66.8",3,31,"24.8",60,88590,162692,22,419,"5.2","a",0,0,,"false"
"2026-09-28T17:49:48Z",347,"Nmecha","LEE","-25.4","-25.4","-25.4","-25.4",-2,0,"0.5",54,1891,3580,7,64,"1.8","a",0,-1,,"false"
"2026-09-28T17:49:48Z",348,"Piroe","LEE","0.0","0.0","0.0","0.0",0,0,"0.1",50,0,405,0,0,"0.0","u",0,0,,"false"
"2026-09-28T17:49:48Z",349,"Mateo Joseph","LEE","-39.4","-39.4","-39.4","-39.4",-2,0,"0.1",45,301,455,0,0,"0.0","i",0,0,,"false"
"2026-09-28T17:49:48Z",385,"Trafford","LEE","32.4","32.4","32.6","32.7",2,10,"5.5",50,20817,14008,28,450,"4.8","a",0,0,,"false"
"2026-09-28T17:49:48Z",598,"Elvedi","LEE","0.6","0.6","0.6","0.6",1,0,"0.1",45,215,217,13,326,"3.2","a",0,0,,"false"
"2026-09-28T17:49:48Z",603,"Lienou","LEE","0.1","0.1","0.1","0.1",1,0,"0.1",40,229,498,0,0,"0.0","a",0,0,,"false"
"2026-09-28T17:49:48Z",604,"Cresswell","LEE","-11.1","-11.1","-11.1","-11.1",-1,0,"0.1",45,288,862,0,0,"0.0","a",0,0,,"false"
"2026-09-28T17:49:48Z",625,"Cairns","LEE","0.4","0.4","0.4","0.4",1,0,"0.2",40,807,750,0,0,"0.0","a",0,0,,"false"
"2026-09-28T17:49:48Z",629,"Zetterer","LEE","2.2","2.2","2.1","2.1",1,-2,"0.7",40,2914,2661,0,0,"0.0","a",0,0,,"false"
"2026-09-28T17:49:48Z",641,"Bard","LEE","0.0","0.0","0.0","0.0",0,0,"0.0",45,93,74,1,18,"0.3","a",0,0,,"false"
"2026-09-28T17:49:48Z",648,"Bahoya","LEE","-50.1","-50.1","-50.1","-50.1",-3,0,"0.0",50,103,169,1,1,"0.3","a",0,0,,"false"
"2026-09-28T17:49:48Z",350,"A.Becker","LIV","1.4","1.5","1.6","1.7",1,10,"4.1",55,12034,11090,27,450,"8.3","a",0,0,,"false"
"2026-09-28T17:49:48Z",351,"Mamardashvili","LIV","-93.7","-93.7","-93.7","-93.7",-3,0,"0.1",49,239,589,0,0,"0.0","a",0,-1,,"false"
"2026-09-28T17:49:48Z",352,"Woodman","LIV","-30.4","-30.4","-30.4","-30.4",-2,0,"1.0",40,752,2268,0,0,"0.0","a",0,0,,"false"
"2026-09-28T17:49:48Z",353,"Pecsi","LIV","0.0","0.0","0.0","0.0",0,0,"0.0",40,0,57,0,0,"0.0","u",0,0,,"false"
"2026-09-28T17:49:48Z",354,"Jaros","LIV","0.0","0.0","0.0","0.0",0,0,"0.0",40,197,151,0,0,"0.0","i",0,0,,"false"
"2026-09-28T17:49:48Z",355,"Davies","LIV","0.1","0.1","0.1","0.1",1,0,"0.2",40,275,451,0,0,"0.0","a",0,0,,"false"
"2026-09-28T17:49:48Z",356,"Virgil","LIV","-57.9","-57.9","-58.0","-58.0",-3,-6,"16.2",65,19885,41753,25,450,"7.3","a",0,0,,"false"
"2026-09-28T17:49:48Z",357,"Frimpong","LIV","-35.5","-35.6","-35.9","-36.3",-2,-4,"1.8",53,1524,12242,2,178,"0.3","a",0,-2,,"false"
"2026-09-28T17:49:48Z",358,"Kerkez","LIV","-99.0","-99.0","-99.4","-99.7",-4,-5,"2.2",54,2483,9816,13,385,"4.0","a",0,-1,,"false"
"2026-09-28T17:49:48Z",359,"Gomez","LIV","0.0","0.0","0.0","0.0",0,0,"0.0",49,302,108,0,0,"0.0","a",0,-1,,"false"
"2026-09-28T17:49:48Z",360,"Bradley","LIV","-84.0","-84.0","-84.0","-84.0",-3,0,"0.0",50,49,75,0,0,"0.0","i",0,0,,"false"
"2026-09-28T17:49:48Z",361,"Lucky","LIV","-51.3","-51.3","-51.3","-51.3",-3,0,"0.1",40,274,542,0,0,"0.0","a",0,0,,"false"
"2026-09-28T17:49:48Z",362,"Jacquet","LIV","53.7","53.7","54.0","54.3",3,19,"3.5",50,31730,12537,24,415,"6.7","a",0,0,,"false"
"2026-09-28T17:49:48Z",363,"Leoni","LIV","-58.3","-58.3","-58.3","-58.3",-3,0,"0.0",40,62,169,0,0,"0.0","i",0,0,,"false"
"2026-09-28T17:49:48Z",364,"Tsimikas","LIV","-53.3","-53.3","-53.3","-53.3",-3,0,"0.1",49,84,384,2,64,"0.3","a",0,-1,,"false"
"2026-09-28T17:49:48Z",365,"Ramsay","LIV","0.0","0.0","0.0","0.0",0,0,"0.1",40,0,452,0,0,"0.0","u",0,0,,"false"
"2026-09-28T17:49:48Z",366,"Wirtz","LIV","-35.4","-35.4","-35.5","-35.6",-2,-3,"5.7",73,2956,40540,18,402,"4.0","a",0,-2,,"false"
"2026-09-28T17:49:48Z",367,"Gakpo","LIV","3.3","2.5","-0.6","-2.5",1,-248,"12.5",72,50513,80253,32,370,"5.0","d",0,2,,"false"
"2026-09-28T17:49:48Z",368,"Szoboszlai","LIV","-93.4","-93.5","-93.6","-93.8",-3,-37,"32.9",70,33765,203542,20,440,"2.7","a",0,0,,"false"
"2026-09-28T17:49:48Z",369,"Ngumoha","LIV","-22.0","-21.8","-21.2","-20.5",-2,3,"0.5",57,717,4100,4,99,"0.3","a",-1,-3,,"false"
"2026-09-28T17:49:48Z",370,"Chiesa","LIV","-5.4","-5.4","-5.4","-5.4",-1,0,"0.0",53,15,236,0,0,"0.0","i",-1,-2,,"false"
"2026-09-28T17:49:48Z",371,"Gravenberch","LIV","-21.0","-21.1","-21.8","-22.5",-2,-9,"1.1",58,1155,8755,9,190,"1.0","a",-1,-2,,"false"
"2026-09-28T17:49:48Z",372,"Mac Allister","LIV","-41.4","-41.7","-42.7","-43.8",-3,-9,"1.3",54,3664,6620,11,306,"2.7","a",0,-1,,"false"
"2026-09-28T17:49:48Z",373,"C.Jones","LIV","0.0","0.0","0.0","0.0",0,0,"0.0",55,0,56,0,0,"0.0","u",0,0,,"false"
"2026-09-28T17:49:48Z",374,"Endo","LIV","-59.5","-58.8","-56.0","-53.1",-3,1,"0.1",49,156,425,0,0,"0.0","a",0,-1,,"false"
"2026-09-28T17:49:48Z",375,"Nyoni","LIV","-83.7","-82.7","-78.0","-73.4",-3,1,"0.0",49,84,302,3,38,"0.7","a",0,-1,,"false"
"2026-09-28T17:49:48Z",376,"Bajcetic","LIV","0.0","0.0","0.0","0.0",0,0,"0.0",50,0,2,0,0,"0.0","u",0,0,,"false"
"2026-09-28T17:49:48Z",377,"Munoz","LIV","6.3","6.3","6.3","6.3",1,0,"0.9",65,1341,11103,15,257,"1.7","a",0,0,,"false"
"2026-09-28T17:49:48Z",378,"McConnell","LIV","-2.9","-2.7","-1.9","-1.2",-1,1,"0.2",44,1029,1435,0,0,"0.0","a",0,-1,,"false"
"2026-09-28T17:49:48Z",379,"Isak","LIV","10.5","9.9","7.3","4.8",1,-179,"22.5",91,112885,72866,33,413,"7.7","d",0,1,,"false"
"2026-09-28T17:49:48Z",380,"Ekitiké","LIV","-26.3","-26.3","-26.3","-26.3",-2,0,"0.1",74,347,785,0,0,"0.0","i",0,-1,,"false"
"2026-09-28T17:49:48Z",381,"Koumas","LIV","-91.2","-91.2","-91.2","-91.2",-3,0,"0.0",50,145,180,3,22,"0.7","a",0,0,,"false"
"2026-09-28T17:49:48Z",382,"Danns","LIV","3.5","3.5","3.5","3.6",1,4,"0.2",45,3324,2282,0,0,"0.0","a",0,0,,"false"
"2026-09-28T17:49:48Z",383,"Elliott","LIV","0.0","0.0","0.0","0.0",0,0,"0.0",54,0,215,0,0,"0.0","u",0,-1,,"false"
"2026-09-28T17:49:48Z",579,"Araujo","LIV","32.7","32.8","33.0","33.2",2,16,"3.0",54,15846,9976,22,284,"7.0","a",0,-1,,"false"
"2026-09-28T17:49:48Z",627,"Barcola","LIV","-66.5","-66.1","-64.6","-63.2",-3,19,"1.9",80,9562,18084,7,168,"2.3","a",0,0,,"false"
"2026-09-28T17:49:48Z",155,"Enzo","MCI","1.1","1.1","1.4","1.7",1,18,"3.6",69,29459,13613,13,271,"3.0","a",0,-1,,"false"
"2026-09-28T17:49:48Z",237,"Ndiaye","MCI","-18.7","-18.8","-19.1","-19.4",-1,-23,"6.7",58,6641,66281,22,385,"3.0","a",-1,-2,,"false"
"2026-09-28T17:49:48Z",384,"Donnarumma","MCI","-49.5","-49.5","-49.8","-50.2",-3,-16,"7.6",55,10260,29037,19,450,"5.3","a",0,0,,"false"
"2026-09-28T17:49:48Z",386,"Bettinelli","MCI","-84.5","-83.0","-76.4","-69.8",-3,1,"0.0",45,50,86,0,0,"0.0","a",0,0,,"false"
"2026-09-28T17:49:48Z",387,"O'Reilly","MCI","-3.3","-3.4","-3.6","-3.8",-1,-26,"10.9",63,5019,67975,6,163,"0.7","a",-1,-2,,"false"
"2026-09-28T17:49:48Z",388,"Guéhi","MCI","63.4","63.3","63.1","62.8",3,-17,"18.2",60,22621,48405,30,450,"6.0","a",0,0,,"false"
"2026-09-28T17:49:48Z",389,"Matheus N.","MCI","-32.5","-32.5","-32.6","-32.6",-2,-1,"1.0",59,1572,2782,11,213,"3.3","a",0,-1,,"false"
"2026-09-28T17:49:48Z",390,"Rúben","MCI","3.7","3.7","3.7","3.7",1,-1,"1.9",55,4435,8735,17,450,"4.3","a",0,0,,"false"
"2026-09-28T17:49:48Z",391,"Gvardiol","MCI","76.5","76.5","76.6","76.7",3,9,"26.8",57,141183,50443,37,434,"7.7","a",0,2,,"false"
"2026-09-28T17:49:48Z",392,"Aït-Nouri","MCI","-94.5","-94.7","-95.6","-96.5",-3,-2,"0.4",53,496,2085,0,0,"0.0","a",0,-2,,"false"
"2026-09-28T17:49:48Z",393,"Khusanov","MCI","-32.9","-32.9","-33.2","-33.4",-2,-2,"1.4",54,1341,8700,9,268,"1.7","a",0,-1,,"false"
"2026-09-28T17:49:48Z",394,"Alleyne","MCI","0.0","0.0","0.0","0.0",0,0,"0.0",50,0,18,0,0,"0.0","u",0,0,,"false"
"2026-09-28T17:49:48Z",395,"Lewis","MCI","-62.7","-62.7","-62.7","-62.7",-3,0,"0.2",44,286,1152,1,56,"0.0","a",0,-1,,"false"
"2026-09-28T17:49:48Z",396,"Vitor Reis","MCI","-79.6","-79.6","-79.6","-79.6",-3,0,"0.0",45,70,145,1,1,"0.0","a",0,0,,"false"
"2026-09-28T17:49:48Z",397,"Semenyo","MCI","-18.7","-18.7","-18.9","-19.2",-1,-40,"15.4",84,123148,59408,33,450,"8.7","d",0,-1,,"false"
"2026-09-28T17:49:48Z",398,"Foden","MCI","-45.4","-45.5","-45.8","-46.2",-3,-11,"1.8",69,195,27211,9,217,"-0.3","s",0,-1,,"false"
"2026-09-28T17:49:48Z",399,"Cherki","MCI","-55.7","-55.6","-55.1","-54.5",-3,38,"28.4",78,115875,84815,34,302,"4.0","a",0,3,,"false"
"2026-09-28T17:49:48Z",400,"Doku","MCI","0.1","0.1","0.2","0.3",1,5,"0.7",74,3979,1917,1,15,"0.3","a",0,-1,,"false"
"2026-09-28T17:49:48Z",402,"Rodrigo","MCI","0.0","0.0","0.0","0.0",0,0,"0.0",65,0,22,0,0,"0.0","u",0,0,,"false"
"2026-09-28T17:49:48Z",404,"Reijnders","MCI","0.0","0.0","0.0","0.0",0,0,"0.0",60,0,94,0,0,"0.0","u",0,0,,"false"
"2026-09-28T17:49:48Z",406,"Kovačić","MCI","-92.2","-92.2","-92.2","-92.2",-3,0,"0.1",54,100,438,2,42,"0.0","a",0,-1,,"false"
"2026-09-28T17:49:48Z",407,"Echeverri","MCI","0.0","0.0","0.0","0.0",0,0,"0.0",49,0,51,0,0,"0.0","u",0,-1,,"false"
"2026-09-28T17:49:48Z",408,"Phillips","MCI","0.0","0.0","0.0","0.0",0,0,"0.0",50,0,11,0,0,"0.0","u",0,0,,"false"
"2026-09-28T17:49:48Z",409,"Mukasa","MCI","0.0","0.0","0.0","0.0",0,-1,"0.1",45,0,567,0,0,"0.0","u",0,0,,"false"
"2026-09-28T17:49:48Z",410,"Monga","MCI","0.0","0.0","0.0","0.0",0,0,"0.0",49,0,49,0,0,"0.0","u",0,-1,,"false"
"2026-09-28T17:49:48Z",411,"Haaland","MCI","21.3","21.5","22.1","22.8",2,45,"73.8",156,74190,18541,39,450,"8.0","a",0,1,,"false"
"2026-09-28T17:49:48Z",481,"Anderson","MCI","-39.6","-39.6","-39.8","-39.9",-2,-3,"4.0",63,7451,26744,15,413,"3.3","a",0,-2,,"false"
"2026-09-28T17:49:48Z",587,"Rulli","MCI","-87.2","-87.2","-87.2","-87.2",-3,0,"0.0",50,67,101,0,0,"0.0","a",0,0,,"false"
"2026-09-28T17:49:48Z",616,"Bouaddi","MCI","-30.3","-30.5","-31.6","-32.6",-2,-1,"0.2",55,809,2043,2,22,"0.3","a",0,0,,"false"
"2026-09-28T17:49:48Z",621,"McAidoo","MCI","-84.8","-84.8","-84.8","-84.8",-3,0,"0.1",45,183,1048,2,11,"0.3","a",0,0,,"false"
"2026-09-28T17:49:48Z",622,"Braithwaite","MCI","-36.5","-36.8","-37.8","-38.9",-2,-1,"0.2",40,551,1598,1,1,"0.0","a",0,0,,"false"
"2026-09-28T17:49:48Z",628,"Allan","MCI","0.1","0.1","0.1","0.1",1,0,"0.0",60,210,156,0,0,"0.0","a",0,0,,"false"
"2026-09-28T17:49:48Z",653,"Samba","MCI","-37.0","-37.0","-37.0","-37.0",-2,0,"0.0",45,236,469,0,0,"0.0","a",0,0,,"false"
"2026-09-28T17:49:48Z",43,"Tielemans","MUN","-35.1","-35.2","-35.6","-36.0",-2,-4,"1.5",58,2945,10311,14,402,"3.0","a",0,-2,,"false"
"2026-09-28T17:49:48Z",131,"Baleba","MUN","0.0","0.0","0.0","0.1",0,1,"0.1",49,1185,686,0,0,"0.0","a",0,-1,,"false"
"2026-09-28T17:49:48Z",162,"Andrey Santos","MUN","-46.7","-47.2","-49.3","-51.4",-3,-8,"0.6",48,997,4741,4,82,"0.5","a",0,-2,,"false"
"2026-09-28T17:49:48Z",325,"Darlow","MUN","-21.5","-21.5","-21.5","-21.5",-2,0,"0.0",45,57,202,0,0,"0.0","d",0,0,,"false"
"2026-09-28T17:49:48Z",412,"Lammens","MUN","-16.1","-16.1","-16.2","-16.3",-1,-6,"9.9",49,6337,46852,11,450,"2.5","a",0,-1,,"false"
"2026-09-28T17:49:48Z",413,"Bayindir","MUN","0.0","0.0","0.0","0.0",0,0,"0.0",45,0,33,0,0,"0.0","u",0,0,,"false"
"2026-09-28T17:49:48Z",414,"Heaton","MUN","-34.4","-34.4","-34.4","-34.4",-2,0,"0.1",40,188,254,0,0,"0.0","i",0,0,,"false"
"2026-09-28T17:49:48Z",415,"Dorgu","MUN","-54.6","-54.8","-55.9","-56.9",-3,-7,"0.5",58,1018,3770,10,171,"2.5","d",0,-2,,"false"
"2026-09-28T17:49:48Z",416,"De Ligt","MUN","-93.2","-92.5","-89.8","-87.0",-3,1,"0.0",50,68,124,0,0,"0.0","i",0,0,,"false"
"2026-09-28T17:49:48Z",417,"Dalot","MUN","-74.1","-74.1","-74.1","-74.1",-3,0,"1.6",49,1168,7190,8,346,"1.8","a",0,-1,,"false"
"2026-09-28T17:49:48Z",418,"Maguire","MUN","-1.5","-1.6","-1.7","-1.8",-1,-12,"8.6",48,4052,72795,10,450,"2.2","a",-1,-2,,"false"
"2026-09-28T17:49:48Z",419,"Martinez","MUN","-93.1","-93.1","-93.1","-93.1",-3,0,"1.3",50,3524,6175,6,360,"1.5","a",0,0,,"false"
"2026-09-28T17:49:48Z",420,"Yoro","MUN","-10.0","-10.0","-10.0","-10.0",-1,0,"0.5",48,450,2095,2,22,"0.5","a",-1,-2,,"false"
"2026-09-28T17:49:48Z",421,"Heaven","MUN","-97.5","-97.5","-97.5","-97.5",-4,0,"0.3",44,221,1399,1,90,"0.0","a",0,-1,,"false"
"2026-09-28T17:49:48Z",422,"Mazraoui","MUN","-70.6","-70.9","-72.1","-73.3",-3,-4,"0.5",44,550,2779,3,97,"0.5","a",0,-1,,"false"
"2026-09-28T17:49:48Z",423,"Shaw","MUN","-4.3","-4.3","-4.3","-4.3",-1,-3,"7.7",43,3356,74436,9,335,"2.0","a",-1,-2,,"false"
"2026-09-28T17:49:48Z",424,"Amass","MUN","-43.6","-43.6","-43.6","-43.6",-3,0,"0.2",40,400,748,0,0,"0.0","a",0,0,,"false"
"2026-09-28T17:49:48Z",425,"Fredricson","MUN","0.0","0.0","0.0","0.0",0,0,"0.0",40,0,46,0,0,"0.0","u",0,0,,"false"
"2026-09-28T17:49:48Z",426,"B.Fernandes","MUN","-1.0","-1.0","-1.1","-1.2",-1,-39,"38.5",119,40199,190335,31,450,"7.2","a",-1,-1,,"false"
"2026-09-28T17:49:48Z",427,"Mbeumo","MUN","-72.7","-72.7","-72.7","-72.7",-3,4,"20.6",79,33950,125140,25,450,"5.8","a",0,-1,,"false"
"2026-09-28T17:49:48Z",428,"Cunha","MUN","-92.4","-92.2","-91.5","-90.7",-3,30,"5.8",79,20104,20659,26,407,"6.0","a",0,-1,,"false"
"2026-09-28T17:49:48Z",429,"Rashford","MUN","-78.1","-78.5","-80.3","-82.0",-3,-32,"1.5",70,4071,16737,10,351,"2.2","d",0,0,,"false"
"2026-09-28T17:49:48Z",430,"Mount","MUN","0.1","0.1","0.1","0.1",1,0,"0.0",54,170,191,1,10,"0.2","a",0,-1,,"false"
"2026-09-28T17:49:48Z",431,"Amad","MUN","-16.0","-16.0","-16.3","-16.6",-1,-2,"0.3",57,117,1717,0,0,"0.0","i",0,-3,,"false"
"2026-09-28T17:49:48Z",432,"Mainoo","MUN","13.7","13.7","13.5","13.3",1,-14,"1.6",55,7461,14220,22,354,"5.2","d",0,0,,"false"
"2026-09-28T17:49:48Z",433,"Ugarte","MUN","-66.0","-66.0","-66.0","-66.0",-3,0,"0.0",50,22,23,0,0,"0.0","i",0,0,,"false"
"2026-09-28T17:49:48Z",434,"J.Fletcher","MUN","-38.4","-38.4","-38.4","-38.4",-2,0,"0.0",49,41,57,0,0,"0.0","a",0,-1,,"false"
"2026-09-28T17:49:48Z",435,"Lacey","MUN","-5.0","-5.0","-5.0","-5.0",-1,0,"0.1",49,365,338,1,10,"0.0","a",0,-1,,"false"
"2026-09-28T17:49:48Z",436,"Collyer","MUN","0.0","0.0","0.0","0.0",0,0,"0.0",50,0,43,0,0,"0.0","u",0,0,,"false"
"2026-09-28T17:49:48Z",437,"Bendito Mantato","MUN","0.0","0.0","0.0","0.0",0,0,"0.2",44,375,813,0,0,"0.0","a",-1,-1,,"false"
"2026-09-28T17:49:48Z",438,"Fletcher","MUN","0.4","0.4","0.4","0.4",1,-1,"0.3",44,2490,2029,0,0,"0.0","a",0,-1,,"false"
"2026-09-28T17:49:48Z",439,"Šeško","MUN","-38.1","-38.3","-38.8","-39.3",-2,-10,"1.6",70,6524,23028,8,76,"1.8","d",0,0,,"false"
"2026-09-28T17:49:48Z",440,"Zirkzee","MUN","-7.9","-7.8","-7.2","-6.6",-1,3,"0.4",53,1816,3006,2,20,"0.5","a",-1,-2,,"false"
"2026-09-28T17:49:48Z",441,"Obi","MUN","0.0","0.0","0.0","0.0",0,-10,"0.9",45,0,10881,0,0,"0.0","u",0,0,,"false"
"2026-09-28T17:49:48Z",405,"N.Gonzalez","NEW","0.8","0.8","0.8","0.8",1,0,"0.2",55,562,1797,5,164,"1.0","a",0,0,,"false"
"2026-09-28T17:49:48Z",442,"Pope","NEW","-42.5","-42.6","-43.0","-43.5",-3,-3,"0.9",49,824,3002,0,0,"0.0","a",0,-1,,"false"
"2026-09-28T17:49:48Z",443,"Gillespie","NEW","-37.3","-37.3","-37.3","-37.3",-2,0,"0.0",45,42,85,0,0,"0.0","a",0,0,,"false"
"2026-09-28T17:49:48Z",444,"Jaouen","NEW","-6.2","-6.2","-6.2","-6.2",-1,0,"0.0",44,19,114,0,0,"0.0","d",-1,-1,,"false"
"2026-09-28T17:49:48Z",445,"Thiaw","NEW","17.3","17.2","17.2","17.2",1,-2,"2.2",50,8125,9473,14,450,"1.7","a",0,0,,"false"
"2026-09-28T17:49:48Z",446,"Schär","NEW","-10.9","-10.9","-10.9","-10.9",-1,0,"0.2",49,526,877,2,25,"0.3","a",0,-1,,"false"
"2026-09-28T17:49:48Z",447,"Botman","NEW","9.4","9.4","9.4","9.4",1,-1,"0.7",50,4512,2812,15,450,"2.3","a",0,0,,"false"
"2026-09-28T17:49:48Z",448,"Burn","NEW","-3.4","-3.4","-3.4","-3.4",-1,0,"0.7",48,99,5554,0,0,"0.0","i",-1,-2,,"false"
"2026-09-28T17:49:48Z",449,"Hall","NEW","6.1","6.2","6.4","6.6",1,40,"17.3",53,237580,18662,31,449,"5.7","a",1,3,,"false"
"2026-09-28T17:49:48Z",450,"Livramento","NEW","1.5","1.5","1.5","1.5",1,0,"0.1",49,430,1439,4,33,"1.3","d",0,-1,,"false"
"2026-09-28T17:49:48Z",451,"A.Murphy","NEW","0.0","0.0","0.0","0.0",0,0,"0.1",40,0,278,0,0,"0.0","u",0,0,,"false"
"2026-09-28T17:49:48Z",453,"Barnes","NEW","14.7","14.8","15.2","15.5",1,69,"5.6",61,151792,16195,28,450,"7.7","a",1,1,,"false"
"2026-09-28T17:49:48Z",454,"Elanga","NEW","-37.6","-37.7","-38.1","-38.5",-2,-62,"4.6",61,310,162504,18,232,"0.3","i",-1,1,,"false"
"2026-09-28T17:49:48Z",456,"J.Ramsey","NEW","-87.4","-87.4","-87.4","-87.4",-3,0,"0.2",49,54,4566,7,69,"2.0","i",0,-1,,"false"
"2026-09-28T17:49:48Z",457,"J.Murphy","NEW","-19.6","-19.3","-18.1","-16.8",-1,1,"0.1",59,906,728,3,181,"0.7","a",0,-1,,"false"
"2026-09-28T17:49:48Z",458,"Joelinton","NEW","-60.6","-60.6","-60.6","-60.6",-3,0,"0.0",54,12,74,0,0,"0.0","i",0,-1,,"false"
"2026-09-28T17:49:48Z",459,"L.Miley","NEW","0.6","0.6","0.6","0.6",1,0,"0.1",55,456,430,12,396,"2.0","a",0,0,,"false"
"2026-09-28T17:49:48Z",460,"Willock","NEW","14.8","14.8","14.8","14.9",1,3,"0.6",50,9298,2546,22,284,"4.3","a",0,0,,"false"
"2026-09-28T17:49:48Z",461,"Touré","NEW","-10.2","-10.2","-10.2","-10.2",-1,0,"0.1",58,311,823,8,50,"2.3","a",0,-2,,"false"
"2026-09-28T17:49:48Z",462,"Steur","NEW","-49.8","-49.8","-49.8","-49.8",-3,0,"0.1",49,259,361,8,223,"2.0","a",0,-1,,"false"
"2026-09-28T17:49:48Z",463,"Woltemade","NEW","0.0","0.0","0.0","0.0",0,0,"0.5",59,0,3501,4,19,"0.0","u",0,-1,,"false"
"2026-09-28T17:49:48Z",464,"Wissa","NEW","59.6","59.6","60.0","60.3",3,23,"18.7",62,81938,136536,15,441,"1.0","a",0,2,,"false"
"2026-09-28T17:49:48Z",465,"Osula","NEW","-7.5","-7.5","-7.5","-7.5",-1,0,"0.3",58,118,2262,4,55,"0.0","i",-1,-2,,"false"
"2026-09-28T17:49:48Z",466,"Neave","NEW","0.0","0.0","0.0","0.0",0,-4,"0.5",45,0,3734,0,0,"0.0","u",0,0,,"false"
"2026-09-28T17:49:48Z",559,"Bamba","NEW","-66.9","-66.9","-66.9","-66.9",-3,0,"0.1",49,123,469,3,27,"0.7","a",0,-1,,"false"
"2026-09-28T17:49:48Z",567,"Horníček","NEW","23.0","23.0","23.0","23.0",2,0,"1.5",50,6855,4655,14,450,"2.0","a",0,0,,"false"
"2026-09-28T17:49:48Z",593,"Dedić","NEW","-9.2","-9.3","-9.7","-10.1",-1,-13,"1.8",45,244,36312,13,327,"0.3","i",0,0,,"false"
"2026-09-28T17:49:48Z",609,"Shahar","NEW","0.0","0.0","0.0","0.0",0,0,"0.2",40,0,1805,0,0,"0.0","u",0,0,,"false"
"2026-09-28T17:49:48Z",634,"Fernandez-Pardo","NEW","0.7","0.7","0.7","0.7",1,2,"0.1",60,1820,1346,4,157,"1.3","a",0,0,,"false"
"2026-09-28T17:49:48Z",659,"Miley","NEW","0.0","0.0","0.0","0.0",0,0,"0.0",45,1360,623,0,0,"0.0","a",0,0,,"false"
"2026-09-28T17:49:48Z",663,"Pivas","NEW","0.0","0.0","0.0","0.0",0,0,"0.0",40,373,50,0,0,"0.0","a",0,0,"2026-10-02T19:10:51.639791Z","false"
"2026-09-28T17:49:48Z",664,"Salia","NEW","0.0","0.0","0.0","0.0",0,0,"0.1",45,9108,1450,0,0,"0.0","a",0,0,"2026-10-02T19:11:17.402697Z","false"
"2026-09-28T17:49:48Z",665,"Mills","NEW","0.0","0.0","0.0","0.0",0,0,"0.0",45,155,26,0,0,"0.0","a",0,0,"2026-10-02T19:11:39.931907Z","false"
"2026-09-28T17:49:48Z",666,"Thompson","NEW","0.0","0.0","0.0","0.0",0,0,"0.0",45,226,35,0,0,"0.0","a",0,0,"2026-10-02T19:12:09.032926Z","false"
"2026-09-28T17:49:48Z",167,"Delap","NFO","-22.8","-22.8","-22.8","-22.8",-2,0,"2.7",56,24319,27803,9,277,"2.7","a",1,1,,"false"
"2026-09-28T17:49:48Z",201,"Muñoz","NFO","-45.2","-45.2","-45.3","-45.4",-3,-4,"5.7",54,7516,28815,5,257,"1.7","a",0,-1,,"false"
"2026-09-28T17:49:48Z",467,"Sels","NFO","4.4","4.4","4.4","4.4",1,0,"1.6",50,1886,5836,14,450,"3.7","a",0,0,,"false"
"2026-09-28T17:49:48Z",468,"John","NFO","-71.5","-71.5","-71.5","-71.5",-3,0,"0.1",45,56,146,0,0,"0.0","a",0,0,,"false"
"2026-09-28T17:49:48Z",469,"N.Williams","NFO","23.7","23.7","23.6","23.5",2,-8,"8.7",50,10576,43795,19,450,"3.7","a",0,0,,"false"
"2026-09-28T17:49:48Z",470,"Morato","NFO","0.0","0.0","0.0","0.0",0,0,"0.0",50,0,110,0,0,"0.0","u",0,0,,"false"
"2026-09-28T17:49:48Z",471,"Milenković","NFO","-12.3","-12.4","-12.6","-12.8",-1,-6,"1.0",54,61,11714,12,270,"2.3","i",-1,-1,,"false"
"2026-09-28T17:49:48Z",472,"Murillo","NFO","23.3","23.3","23.3","23.3",2,1,"2.1",55,7765,7644,23,449,"6.0","a",0,0,,"false"
"2026-09-28T17:49:48Z",473,"Aina","NFO","-2.5","-2.5","-2.5","-2.5",-1,-1,"2.4",44,1022,19732,8,306,"1.0","a",-1,-1,,"false"
"2026-09-28T17:49:48Z",474,"Jair Cunha","NFO","-46.4","-46.4","-46.4","-46.4",-3,0,"0.2",45,232,617,11,360,"3.0","a",0,0,,"false"
"2026-09-28T17:49:48Z",475,"Savona","NFO","-16.8","-16.8","-16.8","-16.8",-1,0,"0.0",45,20,17,0,0,"0.0","i",0,0,,"false"
"2026-09-28T17:49:48Z",476,"O.Richards","NFO","-64.8","-64.8","-64.8","-64.8",-3,0,"0.2",40,286,701,0,0,"0.0","a",0,0,,"false"
"2026-09-28T17:49:48Z",477,"Abbott","NFO","0.0","0.0","0.0","0.0",0,0,"0.1",40,0,782,0,0,"0.0","u",0,0,,"false"
"2026-09-28T17:49:48Z",478,"Netz","NFO","-7.3","-7.3","-7.3","-7.3",-1,0,"0.0",44,54,113,3,27,"0.3","a",0,-1,,"false"
"2026-09-28T17:49:48Z",479,"Bindon","NFO","0.0","0.0","0.0","0.0",0,0,"0.1",40,0,506,0,0,"0.0","u",0,0,,"false"
"2026-09-28T17:49:48Z",480,"Gibbs-White","NFO","49.4","49.5","49.7","49.9",3,14,"15.7",80,62001,78619,28,450,"4.3","a",0,0,,"false"
"2026-09-28T17:49:48Z",482,"Hudson-Odoi","NFO","-36.5","-36.5","-36.5","-36.5",-2,0,"0.1",58,245,1120,1,1,"0.0","a",0,-2,,"false"
"2026-09-28T17:49:48Z",483,"Ndoye","NFO","13.0","13.0","12.9","12.9",1,-2,"0.7",55,715,7861,15,316,"1.0","a",0,0,,"false"
"2026-09-28T17:49:48Z",484,"Hutchinson","NFO","0.0","0.0","0.0","0.0",0,0,"0.1",54,0,342,0,0,"0.0","u",0,-1,,"false"
"2026-09-28T17:49:48Z",485,"Bakwa","NFO","0.0","0.0","0.0","0.0",0,0,"0.0",55,0,32,0,0,"0.0","u",0,0,,"false"
"2026-09-28T17:49:48Z",486,"McAtee","NFO","2.2","2.2","2.2","2.2",1,0,"0.1",55,333,879,12,416,"2.3","a",0,0,,"false"
"2026-09-28T17:49:48Z",487,"Dominguez","NFO","-64.6","-64.6","-64.6","-64.6",-3,0,"0.1",49,60,285,1,1,"0.0","a",0,-1,,"false"
"2026-09-28T17:49:48Z",488,"I.Sangaré","NFO","-93.7","-94.1","-95.5","-96.9",-3,-4,"0.4",49,284,2909,4,105,"0.7","a",0,-1,,"false"
"2026-09-28T17:49:48Z",489,"Yates","NFO","-84.5","-84.5","-84.7","-84.8",-3,-1,"1.2",45,566,7089,0,0,"0.0","a",0,0,,"false"
"2026-09-28T17:49:48Z",490,"Wood","NFO","-38.0","-38.2","-39.1","-40.1",-2,-6,"0.9",58,1831,6229,4,62,"1.0","a",0,-2,,"false"
"2026-09-28T17:49:48Z",491,"Igor Jesus","NFO","0.1","0.1","0.1","0.1",1,0,"2.6",58,6791,22338,12,257,"3.0","a",0,-2,,"false"
"2026-09-28T17:49:48Z",493,"Kalimuendo","NFO","0.0","0.0","0.0","0.0",0,0,"0.1",54,210,400,1,1,"0.0","a",0,-1,,"false"
"2026-09-28T17:49:48Z",558,"Schlager","NFO","0.4","0.4","0.4","0.4",1,0,"0.1",50,210,747,13,376,"2.7","a",0,0,,"false"
"2026-09-28T17:49:48Z",581,"Diomande","NFO","-48.4","-48.5","-48.8","-49.2",-3,-1,"0.5",54,1444,2153,7,163,"2.3","a",0,-1,,"false"
"2026-09-28T17:49:48Z",590,"Benda","NFO","0.0","0.0","0.0","0.0",0,0,"0.1",45,120,230,0,0,"0.0","a",0,0,,"false"
"2026-09-28T17:49:48Z",112,"Van Hecke","TOT","-26.5","-26.5","-26.6","-26.7",-2,-4,"6.5",49,17445,26527,24,450,"7.3","a",0,-1,,"false"
"2026-09-28T17:49:48Z",147,"Tosin","TOT","-37.5","-37.8","-39.0","-40.2",-2,-1,"0.1",44,97,539,1,5,"0.2","a",0,-1,,"false"
"2026-09-28T17:49:48Z",401,"Marmoush","TOT","36.4","36.4","36.3","36.3",2,-2,"2.1",70,10146,20807,8,339,"2.0","a",0,0,,"false"
"2026-09-28T17:49:48Z",403,"Sávio","TOT","10.4","10.4","10.4","10.3",1,-3,"0.7",65,2705,6491,8,240,"2.7","a",0,0,,"false"
"2026-09-28T17:49:48Z",455,"Tonali","TOT","-18.1","-18.1","-18.3","-18.5",-1,-4,"1.8",53,2163,14492,14,427,"3.3","a",-1,-2,,"false"
"2026-09-28T17:49:48Z",494,"Vicario","TOT","0.0","0.0","0.0","0.0",0,0,"0.1",45,0,685,0,0,"0.0","u",0,0,,"false"
"2026-09-28T17:49:48Z",495,"Austin","TOT","2.1","2.1","2.1","2.2",1,2,"1.0",40,1834,2080,0,0,"0.0","a",0,0,,"false"
"2026-09-28T17:49:48Z",496,"Kinsky","TOT","-48.8","-48.9","-48.9","-49.0",-3,-6,"17.3",45,16592,107181,18,450,"5.0","a",0,0,,"false"
"2026-09-28T17:49:48Z",497,"Dubravka","TOT","-23.5","-23.5","-23.6","-23.6",-2,-6,"17.1",40,25129,45864,0,0,"0.0","a",0,0,,"false"
"2026-09-28T17:49:48Z",498,"Senesi","TOT","-52.1","-52.3","-52.7","-53.2",-3,-11,"3.5",58,1118,20692,3,90,"0.0","a",0,-2,,"false"
"2026-09-28T17:49:48Z",499,"Pedro Porro","TOT","-28.4","-28.5","-28.9","-29.4",-2,-42,"7.6",54,1640,71711,9,198,"2.7","d",0,-1,,"false"
"2026-09-28T17:49:48Z",500,"Romero","TOT","0.0","0.0","0.0","0.0",0,-3,"0.1",50,0,277,0,0,"0.0","u",0,0,,"false"
"2026-09-28T17:49:48Z",502,"Robertson","TOT","0.4","0.4","0.4","0.4",1,0,"2.5",44,5206,12143,17,366,"4.0","a",0,-1,,"false"
"2026-09-28T17:49:48Z",503,"Van de Ven","TOT","-20.8","-20.9","-21.3","-21.8",-2,-12,"3.8",50,5372,18968,16,360,"5.3","a",0,0,,"false"
"2026-09-28T17:49:48Z",505,"Spence","TOT","0.0","0.0","0.0","0.0",0,0,"0.2",45,0,1132,0,0,"0.0","u",0,0,,"false"
"2026-09-28T17:49:48Z",506,"Udogie","TOT","-19.7","-19.6","-19.1","-18.5",-1,1,"0.3",44,323,1560,7,86,"1.7","a",0,-1,,"false"
"2026-09-28T17:49:48Z",507,"Phillips","TOT","0.0","0.0","0.0","0.0",0,0,"0.0",45,0,54,0,0,"0.0","u",0,0,,"false"
"2026-09-28T17:49:48Z",508,"Davies","TOT","1.5","1.5","1.6","1.8",1,10,"0.9",39,7104,3664,0,0,"0.0","a",-1,-1,,"false"
"2026-09-28T17:49:48Z",509,"Byfield","TOT","-3.5","-3.5","-3.5","-3.5",-1,0,"0.1",40,118,235,0,0,"0.0","a",0,0,,"false"
"2026-09-28T17:49:48Z",510,"Rowswell","TOT","-15.6","-15.6","-15.6","-15.6",-1,0,"0.1",40,148,328,0,0,"0.0","a",0,0,,"false"
"2026-09-28T17:49:48Z",511,"Souza","TOT","0.0","0.0","0.0","0.0",0,0,"0.2",40,0,852,0,0,"0.0","u",0,0,,"false"
"2026-09-28T17:49:48Z",512,"Kudus","TOT","2.0","2.0","2.0","2.0",1,0,"0.2",65,2119,1067,7,123,"2.0","a",0,0,,"false"
"2026-09-28T17:49:48Z",513,"Xavi","TOT","-16.5","-16.5","-16.5","-16.5",-1,0,"0.0",59,50,79,0,0,"0.0","i",0,-1,,"false"
"2026-09-28T17:49:48Z",514,"Tel","TOT","-25.0","-25.1","-25.7","-26.2",-2,-1,"0.2",57,194,1889,8,257,"1.3","a",-1,-3,,"false"
"2026-09-28T17:49:48Z",515,"Maddison","TOT","-68.1","-67.9","-67.1","-66.4",-3,2,"0.4",63,706,1909,3,59,"0.7","a",0,-2,,"false"
"2026-09-28T17:49:48Z",516,"Bentancur","TOT","-71.2","-71.6","-73.4","-75.1",-3,-2,"0.2",55,341,662,15,370,"4.0","a",0,0,,"false"
"2026-09-28T17:49:48Z",517,"Odobert","TOT","0.0","0.0","0.0","0.0",0,0,"0.0",55,21,12,0,0,"0.0","i",0,0,,"false"
"2026-09-28T17:49:48Z",518,"P.M.Sarr","TOT","0.0","0.0","0.0","0.0",0,0,"0.1",49,0,644,0,0,"0.0","u",0,-1,,"false"
"2026-09-28T17:49:48Z",519,"Gallagher","TOT","0.1","0.1","0.1","0.1",1,0,"0.2",53,773,621,9,134,"3.0","a",0,-2,,"false"
"2026-09-28T17:49:48Z",520,"Bergvall","TOT","-2.6","-2.6","-2.6","-2.6",-1,0,"0.1",53,98,596,3,78,"0.7","a",-1,-2,,"false"
"2026-09-28T17:49:48Z",521,"Kulusevski","TOT","-78.8","-78.8","-78.8","-78.8",-3,0,"0.0",65,82,63,0,0,"0.0","i",0,0,,"false"
"2026-09-28T17:49:48Z",522,"Gray","TOT","-22.6","-22.6","-22.6","-22.6",-2,0,"0.2",49,451,1145,9,307,"1.7","a",0,-1,,"false"
"2026-09-28T17:49:48Z",523,"Moore","TOT","0.0","0.0","0.0","0.0",0,0,"0.1",50,0,518,3,89,"0.0","u",0,0,,"false"
"2026-09-28T17:49:48Z",524,"Olusesi","TOT","7.7","7.6","7.6","7.5",1,-6,"1.0",44,6012,7392,0,0,"0.0","a",0,-1,,"false"
"2026-09-28T17:49:48Z",525,"Fernandes","TOT","-8.9","-9.1","-9.8","-10.6",-1,-6,"0.8",57,444,6382,7,249,"1.3","a",-1,-3,,"false"
"2026-09-28T17:49:48Z",526,"Solanke","TOT","-29.0","-29.1","-29.2","-29.2",-2,-1,"0.8",58,1753,5459,7,170,"1.7","a",0,-2,,"false"
"2026-09-28T17:49:48Z",527,"Richarlison","TOT","0.0","0.0","0.0","0.0",0,-4,"0.6",59,0,5489,2,67,"0.0","u",0,-1,,"false"
"2026-09-28T17:49:48Z",528,"Scarlett","TOT","0.0","0.0","0.0","0.0",0,-12,"1.1",45,0,7755,0,0,"0.0","u",0,0,,"false"
"2026-09-28T17:49:48Z",578,"Mudryk","TOT","-11.0","-11.0","-11.0","-11.0",-1,0,"0.0",53,19,544,1,16,"0.2","i",-1,-2,,"false"
"2026-09-28T17:49:48Z",601,"Williams-Barnett","TOT","-50.2","-50.2","-50.2","-50.2",-3,0,"0.1",45,161,735,0,0,"0.0","a",0,0,,"false"
"2026-09-28T17:49:48Z",501,"Danso","SUN","-80.4","-80.1","-79.0","-78.0",-3,1,"0.2",50,1115,803,3,270,"1.0","a",0,0,,"false"
"2026-09-28T17:49:48Z",529,"Roefs","SUN","-15.6","-15.6","-15.9","-16.2",-1,-5,"2.5",49,1989,11151,11,450,"2.5","a",0,-1,,"false"
"2026-09-28T17:49:48Z",530,"Patterson","SUN","0.0","0.0","0.0","0.0",0,0,"0.1",40,0,336,0,0,"0.0","u",0,0,,"false"
"2026-09-28T17:49:48Z",531,"Ellborg","SUN","-99.6","-100.2","-102.4","-104.7",-5,-1,"0.1",45,126,236,0,0,"0.0","a",0,0,,"false"
"2026-09-28T17:49:48Z",532,"Ballard","SUN","-50.5","-50.7","-51.3","-51.9",-3,-19,"2.5",49,3570,15755,14,450,"3.5","d",0,-1,,"false"
"2026-09-28T17:49:48Z",533,"Mukiele","SUN","-16.2","-16.3","-16.6","-16.9",-1,-4,"1.9",54,4931,8462,13,360,"3.2","a",0,-1,,"false"
"2026-09-28T17:49:48Z",534,"Hume","SUN","-7.3","-7.3","-7.3","-7.4",-1,-3,"2.8",43,1182,28722,10,206,"2.0","a",-1,-2,,"false"
"2026-09-28T17:49:48Z",535,"Alderete","SUN","-6.2","-6.2","-6.2","-6.2",-1,0,"0.2",48,211,1026,1,23,"0.0","a",-1,-2,,"false"
"2026-09-28T17:49:48Z",536,"Reinildo","SUN","-0.0","-0.0","-0.0","-0.0",0,0,"0.3",44,175,1530,7,360,"1.5","a",-1,-1,,"false"
"2026-09-28T17:49:48Z",537,"Seelt","SUN","0.0","0.0","0.0","0.0",0,0,"0.0",45,0,22,0,0,"0.0","u",0,0,,"false"
"2026-09-28T17:49:48Z",538,"Hjelde","SUN","0.0","0.0","0.0","0.0",0,0,"0.0",40,0,148,0,0,"0.0","u",0,0,,"false"
"2026-09-28T17:49:48Z",539,"O'Nien","SUN","3.9","3.9","3.9","4.0",1,3,"2.5",39,17033,11061,1,66,"0.0","a",-1,-1,,"false"
"2026-09-28T17:49:48Z",540,"Masuaku","SUN","0.0","0.0","0.0","0.0",0,0,"0.1",40,0,603,0,0,"0.0","u",0,0,,"false"
"2026-09-28T17:49:48Z",541,"Meunier","SUN","-32.0","-31.7","-30.1","-28.5",-2,3,"0.3",45,1556,822,14,396,"3.2","a",0,0,,"false"
"2026-09-28T17:49:48Z",542,"E.Le Fée","SUN","-4.1","-4.1","-4.0","-4.0",-1,2,"3.4",57,10864,23021,18,438,"4.0","a",-1,-3,,"false"
"2026-09-28T17:49:48Z",543,"Diarra","SUN","-101.3","-101.3","-101.3","-101.3",-5,0,"0.0",54,18,216,5,28,"1.0","i",0,-1,,"false"
"2026-09-28T17:49:48Z",544,"Xhaka","SUN","-70.6","-70.6","-70.4","-70.2",-3,4,"3.6",55,5951,22465,21,450,"3.0","a",0,0,,"false"
"2026-09-28T17:49:48Z",545,"Sadiki","SUN","-70.8","-71.0","-71.8","-72.6",-3,-1,"0.2",49,388,1292,10,410,"2.0","a",0,-1,,"false"
"2026-09-28T17:49:48Z",546,"Adingra","SUN","0.0","0.0","0.0","0.0",0,-1,"0.0",49,0,184,0,0,"0.0","u",0,-1,,"false"
"2026-09-28T17:49:48Z",547,"Mundle","SUN","-75.3","-78.1","-90.7","-103.2",-3,-1,"0.0",49,10,52,1,1,"0.2","i",0,-1,,"false"
"2026-09-28T17:49:48Z",548,"Rigg","SUN","-73.8","-73.8","-73.8","-73.8",-3,0,"0.0",49,29,219,2,17,"0.2","a",0,-1,,"false"
"2026-09-28T17:49:48Z",549,"Talbi","SUN","-28.0","-28.0","-28.0","-28.0",-2,0,"0.1",53,104,548,1,31,"0.0","a",0,-2,,"false"
"2026-09-28T17:49:48Z",550,"Jocelin.T","SUN","-91.8","-91.8","-91.8","-91.8",-3,0,"0.0",50,27,39,0,0,"0.0","a",0,0,,"false"
"2026-09-28T17:49:48Z",551,"N.Angulo","SUN","1.3","1.3","1.3","1.3",1,0,"0.1",50,487,750,16,313,"2.8","a",0,0,,"false"
"2026-09-28T17:49:48Z",552,"Brobbey","SUN","79.1","79.1","78.8","78.6",3,-17,"7.0",57,192637,41135,24,399,"5.5","d",-1,-3,,"false"
"2026-09-28T17:49:48Z",553,"Isidor","SUN","3.0","3.0","3.0","2.9",1,-3,"1.3",55,2985,11221,15,117,"3.5","a",0,0,,"false"
"2026-09-28T17:49:48Z",612,"Methalie","SUN","0.0","0.0","0.0","0.0",0,0,"0.0",45,106,64,-1,90,"-0.2","a",0,0,,"false"
"2026-09-28T17:49:48Z",613,"Ahoka","SUN","-43.4","-43.4","-43.4","-43.4",-3,0,"0.2",45,570,1548,0,0,"0.0","a",0,0,,"false"
"2026-09-28T17:49:48Z",646,"Fofana","SUN","-13.4","-13.4","-13.4","-13.4",-1,0,"0.0",55,315,291,3,60,"1.0","a",0,0,,"false"
"2026-09-28T17:49:48Z",651,"J.Angulo","SUN","4.7","4.7","4.7","4.6",1,-2,"0.7",45,8431,7044,0,0,"0.0","a",0,0,,"false"
"2026-09-28T20:05:50Z",1,"Raya","ARS","1.2","1.2","1.3","1.3",1,9,"42.3",61,122281,45458,30,450,"6.0","a",1,1,,"false"
"2026-09-28T20:05:50Z",2,"Arrizabalaga","ARS","-47.7","-47.7","-47.7","-47.7",-3,0,"0.1",49,102,245,0,0,"0.0","a",0,-1,,"false"
"2026-09-28T20:05:50Z",3,"Meslier","ARS","-37.4","-37.4","-37.4","-37.4",-2,0,"0.0",49,45,117,0,0,"0.0","a",0,-1,,"false"
"2026-09-28T20:05:50Z",4,"Gabriel","ARS","-86.3","-86.3","-86.3","-86.3",-3,-6,"22.7",80,23179,64303,25,450,"5.0","a",0,0,,"false"
"2026-09-28T20:05:50Z",5,"J.Timber","ARS","10.6","10.6","10.7","10.8",1,8,"0.4",65,11892,3905,1,104,"0.2","a",0,0,,"false"
"2026-09-28T20:05:50Z",6,"Saliba","ARS","-24.4","-24.4","-24.4","-24.4",-2,0,"0.2",59,375,1058,0,0,"0.0","i",0,-1,,"false"
"2026-09-28T20:05:50Z",7,"Lewis-Skelly","ARS","-15.2","-15.2","-15.4","-15.6",-1,-1,"0.6",54,879,4849,9,271,"1.5","a",-1,-1,,"false"
"2026-09-28T20:05:50Z",8,"Calafiori","ARS","91.2","91.3","91.4","91.5",3,9,"50.5",58,72879,61089,29,416,"5.0","a",0,3,,"false"
"2026-09-28T20:05:50Z",9,"Hincapie","ARS","-5.1","-5.1","-5.1","-5.1",-1,0,"0.9",52,1388,5582,2,32,"0.2","a",-1,-3,,"false"
"2026-09-28T20:05:50Z",10,"White","ARS","-45.6","-45.7","-46.6","-47.4",-3,-49,"4.9",55,3224,65118,21,315,"2.5","d",0,0,,"false"
"2026-09-28T20:05:50Z",11,"Mosquera","ARS","-24.2","-24.3","-24.6","-25.0",-2,-4,"1.6",53,1148,9133,12,168,"1.5","a",0,-2,,"false"
"2026-09-28T20:05:50Z",12,"Saka","ARS","87.8","87.9","88.5","89.1",3,43,"13.7",95,101996,45205,32,416,"5.8","a",0,0,,"false"
"2026-09-28T20:05:50Z",13,"Rice","ARS","-32.0","-32.0","-32.7","-33.3",-2,-89,"11.7",74,7465,79150,20,411,"4.2","d",0,-1,,"false"
"2026-09-28T20:05:50Z",14,"Eze","ARS","-0.5","-0.5","-0.9","-1.3",-1,-5,"1.0",62,2160,6574,4,85,"0.8","a",-1,-3,,"false"
"2026-09-28T20:05:50Z",15,"Ødegaard","ARS","-1.6","-1.6","-1.3","-1.1",-1,15,"19.8",68,72888,85085,29,377,"4.5","a",0,3,,"false"
"2026-09-28T20:05:50Z",16,"Madueke","ARS","-24.8","-24.8","-24.8","-24.8",-2,0,"0.2",62,718,1529,2,23,"0.2","a",0,-3,,"false"
"2026-09-28T20:05:50Z",17,"Merino","ARS","-97.8","-97.9","-98.7","-99.5",-4,-2,"0.4",58,711,2798,4,81,"0.8","a",0,-2,,"false"
"2026-09-28T20:05:50Z",18,"Martinelli","ARS","0.0","0.0","0.0","0.0",0,-1,"0.1",63,0,538,0,0,"0.0","u",0,-2,,"false"
"2026-09-28T20:05:50Z",19,"Zubimendi","ARS","-46.0","-46.0","-46.3","-46.6",-3,-1,"0.6",53,480,3618,5,89,"1.0","a",0,-2,,"false"
"2026-09-28T20:05:50Z",20,"Dowman","ARS","-25.9","-25.9","-25.9","-25.9",-2,0,"0.1",53,445,564,1,9,"0.2","a",0,-2,,"false"
"2026-09-28T20:05:50Z",22,"Nwaneri","ARS","0.0","0.0","0.0","0.0",0,0,"0.0",54,0,48,0,0,"0.0","u",0,-1,,"false"
"2026-09-28T20:05:50Z",23,"Fábio Vieira","ARS","0.0","0.0","0.0","0.0",0,0,"0.0",55,0,38,0,0,"0.0","u",0,0,,"false"
"2026-09-28T20:05:50Z",24,"Nelson","ARS","0.0","0.0","0.0","0.0",0,0,"0.0",55,0,22,0,0,"0.0","u",0,0,,"false"
"2026-09-28T20:05:50Z",25,"Gyökeres","ARS","-4.3","-4.2","-3.2","-2.3",-1,34,"3.1",71,9362,16223,2,29,"0.5","a",-1,-4,,"false"
"2026-09-28T20:05:50Z",26,"Havertz","ARS","6.8","6.7","5.2","3.7",1,-102,"8.3",76,50130,57584,19,437,"3.2","d",0,1,,"false"
"2026-09-28T20:05:50Z",27,"G.Jesus","ARS","0.0","0.0","0.0","0.0",0,-1,"0.1",59,0,978,0,0,"0.0","u",0,-1,,"false"
"2026-09-28T20:05:50Z",31,"Konsa","ARS","0.8","0.8","0.9","0.9",1,11,"19.4",46,87547,43567,12,281,"3.0","a",1,1,,"false"
"2026-09-28T20:05:50Z",452,"Bruno G.","ARS","0.4","0.4","0.5","0.6",1,8,"1.8",67,5318,7339,9,123,"2.2","a",0,-3,,"false"
"2026-09-28T20:05:50Z",557,"Tzolis","ARS","-11.0","-11.0","-11.1","-11.2",-1,-13,"12.2",63,11477,135759,16,362,"2.5","a",-1,-2,,"false"
"2026-09-28T20:05:50Z",29,"M.Bizot","AVL","-36.2","-36.2","-36.2","-36.2",-2,0,"0.1",45,59,986,1,90,"0.0","i",0,0,,"false"
"2026-09-28T20:05:50Z",30,"Digne","AVL","0.0","0.0","0.0","0.0",0,-3,"0.0",45,0,214,0,0,"0.0","u",0,0,,"false"
"2026-09-28T20:05:50Z",32,"Cash","AVL","-21.9","-21.9","-22.1","-22.3",-2,-6,"4.8",44,2549,24295,6,296,"1.8","a",0,-1,,"false"
"2026-09-28T20:05:50Z",33,"Mings","AVL","0.7","0.7","0.7","0.7",1,0,"0.4",45,1612,1345,10,261,"2.2","a",0,0,,"false"
"2026-09-28T20:05:50Z",34,"Pau","AVL","-98.8","-98.8","-99.1","-99.4",-4,-2,"0.3",45,41,3026,3,187,"0.8","i",0,0,,"false"
"2026-09-28T20:05:50Z",35,"Bogarde","AVL","-3.2","-3.2","-3.2","-3.2",-1,0,"0.1",49,164,432,1,16,"0.0","a",-1,-1,,"false"
"2026-09-28T20:05:50Z",36,"Maatsen","AVL","-1.9","-1.9","-2.1","-2.4",-1,-4,"0.5",44,48,5937,9,335,"2.2","i",-1,-1,,"false"
"2026-09-28T20:05:50Z",37,"Lindelöf","AVL","0.9","0.9","0.9","0.9",1,-1,"0.3",45,964,1225,8,450,"2.5","a",0,0,,"false"
"2026-09-28T20:05:50Z",38,"A.García","AVL","-33.5","-33.5","-34.0","-34.5",-2,-5,"1.5",40,1781,5847,0,0,"0.0","a",0,0,,"false"
"2026-09-28T20:05:50Z",39,"Nedeljkovic","AVL","0.0","0.0","0.0","0.0",0,0,"0.1",40,0,533,0,0,"0.0","u",0,0,,"false"
"2026-09-28T20:05:50Z",41,"Buendía","AVL","-37.5","-37.3","-36.1","-34.9",-2,8,"1.0",59,11601,3938,21,401,"4.8","a",0,-1,,"false"
"2026-09-28T20:05:50Z",44,"Bailey","AVL","0.0","0.0","0.0","0.0",0,0,"0.1",54,0,456,0,0,"0.0","u",0,-1,,"false"
"2026-09-28T20:05:50Z",45,"McGinn","AVL","-19.7","-19.7","-19.6","-19.5",-1,1,"2.2",54,6516,8104,17,434,"4.0","a",0,-1,,"false"
"2026-09-28T20:05:50Z",46,"Barkley","AVL","0.5","0.5","0.5","0.5",1,-1,"0.3",50,541,1716,10,308,"2.0","a",0,0,,"false"
"2026-09-28T20:05:50Z",47,"Kamara","AVL","-78.1","-78.1","-77.5","-76.9",-3,1,"0.3",50,1247,1513,15,443,"3.2","a",0,0,,"false"
"2026-09-28T20:05:50Z",48,"Onana","AVL","-10.5","-10.5","-10.5","-10.5",-1,0,"0.0",49,39,92,0,0,"0.0","i",0,-1,,"false"
"2026-09-28T20:05:50Z",49,"Iling Jr","AVL","0.0","0.0","0.0","0.0",0,0,"0.0",50,0,10,0,0,"0.0","u",0,0,,"false"
"2026-09-28T20:05:50Z",50,"Burrowes","AVL","-75.9","-75.9","-75.9","-75.9",-3,0,"0.6",45,613,3277,0,0,"0.0","a",0,0,,"false"
"2026-09-28T20:05:50Z",51,"George Hemmings","AVL","13.4","13.4","13.3","13.3",1,-4,"1.2",45,3090,9327,9,297,"1.8","a",0,0,,"false"
"2026-09-28T20:05:50Z",52,"Alysson","AVL","-0.4","-0.4","-0.4","-0.4",-1,0,"0.0",50,66,753,8,87,"1.8","d",0,0,,"false"
"2026-09-28T20:05:50Z",53,"Manzambi","AVL","7.8","7.9","8.0","8.2",1,12,"0.4",59,27147,3008,14,98,"3.5","a",0,-1,,"false"
"2026-09-28T20:05:50Z",54,"Gomes","AVL","0.1","0.1","0.1","0.1",1,0,"0.0",55,438,185,2,129,"1.0","a",0,0,,"false"
"2026-09-28T20:05:50Z",55,"Watkins","AVL","0.0","0.0","0.0","0.0",0,-14,"2.5",78,0,12004,0,0,"0.0","u",0,-2,,"false"
"2026-09-28T20:05:50Z",56,"Abraham","AVL","3.4","3.4","3.4","3.4",1,0,"0.2",55,1601,1665,4,71,"1.0","a",0,0,,"false"
"2026-09-28T20:05:50Z",160,"Garnacho","AVL","-63.5","-63.5","-63.5","-63.5",-3,0,"0.3",58,503,2679,3,31,"0.5","a",0,-2,,"false"
"2026-09-28T20:05:50Z",166,"N.Jackson","AVL","49.5","49.6","50.2","50.9",3,45,"1.5",65,33801,7558,10,286,"2.5","a",0,0,,"false"
"2026-09-28T20:05:50Z",582,"Madjo","AVL","-23.6","-23.7","-24.0","-24.3",-2,-1,"0.2",54,178,1700,0,0,"0.0","i",0,-1,,"false"
"2026-09-28T20:05:50Z",596,"Ruggeri","AVL","-73.2","-72.9","-70.1","-67.2",-3,2,"0.1",45,482,308,5,113,"1.0","a",0,0,,"false"
"2026-09-28T20:05:50Z",597,"Suzuki","AVL","28.8","28.8","28.7","28.7",2,-4,"1.9",50,13028,6170,16,360,"4.0","a",0,0,,"false"
"2026-09-28T20:05:50Z",606,"Rowe","AVL","0.2","0.2","0.2","0.2",1,1,"0.2",40,301,868,0,0,"0.0","a",0,0,,"false"
"2026-09-28T20:05:50Z",607,"Lynch","AVL","0.0","0.0","0.0","0.0",0,0,"0.1",45,0,688,0,0,"0.0","u",0,0,,"false"
"2026-09-28T20:05:50Z",611,"Wan-Bissaka","AVL","2.0","2.0","2.0","2.0",1,0,"0.2",45,1382,1378,6,152,"1.5","a",0,0,,"false"
"2026-09-28T20:05:50Z",618,"Goretzka","AVL","-39.3","-39.3","-39.3","-39.3",-2,0,"0.0",59,22,406,0,0,"0.0","i",0,-1,,"false"
"2026-09-28T20:05:50Z",630,"Harwood-Bellis","AVL","0.0","0.0","0.0","0.0",0,0,"0.0",45,179,175,0,0,"0.0","a",0,0,,"false"
"2026-09-28T20:05:50Z",631,"Mbaye","AVL","0.3","0.3","0.3","0.3",1,0,"0.1",60,861,1087,2,33,"0.7","a",0,0,,"false"
"2026-09-28T20:05:50Z",667,"Wright","AVL","0.0","0.0","0.0","0.0",0,0,"0.1",40,6850,773,0,0,"0.0","a",0,0,"2026-10-02T19:12:30.130761Z","false"
"2026-09-28T20:05:50Z",57,"Petrović","BOU","0.3","0.3","0.2","0.1",1,-4,"3.0",45,5863,11220,9,450,"1.3","a",0,0,,"false"
"2026-09-28T20:05:50Z",58,"Forster","BOU","4.5","4.5","4.4","4.4",1,-2,"3.5",40,7856,6975,0,0,"0.0","a",0,0,,"false"
"2026-09-28T20:05:50Z",59,"Dennis","BOU","0.0","0.0","0.0","0.0",0,0,"0.1",40,0,526,0,0,"0.0","u",0,0,,"false"
"2026-09-28T20:05:50Z",60,"Hill","BOU","-32.8","-32.8","-32.8","-32.8",-2,0,"0.8",55,2993,2979,12,450,"2.3","a",0,0,,"false"
"2026-09-28T20:05:50Z",61,"Truffert","BOU","-1.2","-1.3","-1.4","-1.6",-1,-7,"3.0",54,4327,11677,10,450,"1.7","a",-1,-1,,"false"
"2026-09-28T20:05:50Z",62,"Diakité","BOU","-5.3","-5.3","-5.3","-5.3",-1,0,"0.2",49,454,931,0,0,"0.0","a",-1,-1,,"false"
"2026-09-28T20:05:50Z",63,"Milosavljević","BOU","-3.8","-3.8","-3.8","-3.8",-1,0,"0.0",49,27,43,0,0,"0.0","i",0,-1,,"false"
"2026-09-28T20:05:50Z",64,"Smith","BOU","0.3","0.3","0.3","0.3",1,0,"0.1",45,383,460,4,434,"0.7","a",0,0,,"false"
"2026-09-28T20:05:50Z",65,"J.Araujo","BOU","-12.0","-12.0","-12.0","-12.0",-1,0,"0.0",44,34,51,0,0,"0.0","i",0,-1,,"false"
"2026-09-28T20:05:50Z",66,"Soler","BOU","1.4","1.4","1.4","1.4",1,0,"0.3",40,709,1086,0,0,"0.0","a",0,0,,"false"
"2026-09-28T20:05:50Z",67,"Rayan","BOU","-9.5","-9.5","-9.5","-9.6",-1,-1,"1.6",63,3789,9452,10,434,"2.0","a",-1,-2,,"false"
"2026-09-28T20:05:50Z",68,"Tavernier","BOU","29.4","29.4","29.4","29.4",2,0,"6.7",61,78667,41714,31,424,"6.7","a",0,1,,"false"
"2026-09-28T20:05:50Z",69,"Scott","BOU","0.4","0.4","0.3","0.2",1,-6,"5.8",61,22724,37181,30,446,"5.3","a",0,1,,"false"
"2026-09-28T20:05:50Z",70,"Kluivert","BOU","-50.6","-50.7","-51.4","-52.2",-3,-12,"0.9",60,2290,17248,15,294,"3.0","i",0,0,,"false"
"2026-09-28T20:05:50Z",71,"Cook","BOU","-11.2","-11.2","-11.2","-11.2",-1,0,"0.2",50,257,1116,8,180,"0.7","a",0,0,,"false"
"2026-09-28T20:05:50Z",72,"Gannon-Doak","BOU","-61.5","-61.5","-61.5","-61.5",-3,0,"0.1",49,135,359,4,12,"1.0","a",0,-1,,"false"
"2026-09-28T20:05:50Z",73,"Adams","BOU","1.5","1.5","1.5","1.5",1,-1,"0.3",50,1050,1586,12,279,"3.3","a",0,0,,"false"
"2026-09-28T20:05:50Z",74,"Brooks","BOU","-19.1","-19.1","-19.1","-19.1",-1,0,"0.1",50,169,315,3,45,"0.7","a",0,0,,"false"
"2026-09-28T20:05:50Z",75,"Christie","BOU","0.4","0.4","0.4","0.3",1,-1,"0.0",50,285,238,5,102,"1.3","a",0,0,,"false"
"2026-09-28T20:05:50Z",76,"Tóth.A","BOU","-11.9","-11.9","-11.9","-11.9",-1,0,"0.0",49,25,54,2,17,"0.3","a",0,-1,,"false"
"2026-09-28T20:05:50Z",77,"Adli","BOU","-81.1","-81.1","-81.1","-81.1",-3,0,"0.0",49,22,72,0,0,"0.0","i",0,-1,,"false"
"2026-09-28T20:05:50Z",78,"Kroupi.Jr","BOU","-73.0","-73.0","-73.0","-73.0",-3,0,"0.2",74,176,815,0,0,"0.0","i",0,-1,,"false"
"2026-09-28T20:05:50Z",79,"Evanilson","BOU","49.3","49.4","49.4","49.5",3,6,"3.2",60,16615,20217,18,424,"3.0","a",0,0,,"false"
"2026-09-28T20:05:50Z",80,"Enes Ünal","BOU","0.0","0.0","0.0","0.0",0,0,"0.0",55,0,48,0,0,"0.0","u",0,0,,"false"
"2026-09-28T20:05:50Z",81,"Rodríguez","BOU","-32.9","-32.6","-30.2","-27.7",-2,2,"0.1",60,720,687,2,10,"0.3","a",0,0,,"false"
"2026-09-28T20:05:50Z",566,"Silva","BOU","1.3","1.3","1.3","1.3",1,0,"0.4",50,5558,3229,13,450,"2.3","a",0,0,,"false"
"2026-09-28T20:05:50Z",573,"Sanchez","BOU","-11.9","-11.9","-11.9","-11.9",-1,0,"0.2",44,143,417,0,0,"0.0","a",0,-1,,"false"
"2026-09-28T20:05:50Z",608,"Jebbison","BOU","0.5","0.5","0.5","0.5",1,0,"0.1",50,851,867,3,31,"0.7","a",0,0,,"false"
"2026-09-28T20:05:50Z",615,"Di Gregorio","BOU","-27.1","-27.1","-27.1","-27.1",-2,0,"0.0",45,181,185,0,0,"0.0","a",0,0,,"false"
"2026-09-28T20:05:50Z",82,"Kelleher","BRE","19.7","19.7","19.8","19.9",1,4,"6.1",50,19174,12846,20,450,"3.2","a",0,0,,"false"
"2026-09-28T20:05:50Z",83,"Valdimarsson","BRE","-72.7","-72.7","-72.7","-72.7",-3,0,"0.1",45,281,319,0,0,"0.0","a",0,0,,"false"
"2026-09-28T20:05:50Z",84,"Collins","BRE","-27.0","-27.0","-27.3","-27.7",-2,-6,"1.0",54,113,8995,10,196,"1.0","i",0,-1,,"false"
"2026-09-28T20:05:50Z",85,"Van den Berg","BRE","-77.1","-77.1","-77.1","-77.1",-3,0,"0.1",49,36,318,0,0,"0.0","i",0,-1,,"false"
"2026-09-28T20:05:50Z",86,"Lewis-Potter","BRE","31.4","31.4","31.3","31.2",2,-8,"1.7",55,3575,11618,22,406,"3.0","a",0,0,,"false"
"2026-09-28T20:05:50Z",87,"Ajer","BRE","29.9","29.9","29.8","29.8",2,-4,"3.9",45,10777,21698,21,450,"3.2","a",0,0,,"false"
"2026-09-28T20:05:50Z",88,"Kayode","BRE","-36.8","-36.7","-36.4","-36.1",-2,16,"7.6",46,12447,20402,23,294,"2.5","a",0,1,,"false"
"2026-09-28T20:05:50Z",89,"Henry","BRE","-15.0","-15.0","-15.0","-15.0",-1,0,"0.2",44,153,571,1,2,"0.2","a",0,-1,,"false"
"2026-09-28T20:05:50Z",90,"Hickey","BRE","-27.9","-27.9","-27.9","-27.9",-2,0,"0.1",45,177,238,5,152,"1.0","a",0,0,,"false"
"2026-09-28T20:05:50Z",92,"Ji-soo","BRE","-4.4","-4.4","-4.4","-4.4",-1,0,"0.0",44,58,85,0,0,"0.0","a",-1,-1,,"false"
"2026-09-28T20:05:50Z",93,"Schuster","BRE","4.8","4.8","4.8","4.8",1,0,"0.3",45,14633,2112,21,253,"5.2","a",0,0,,"false"
"2026-09-28T20:05:50Z",94,"Schade","BRE","11.1","11.2","12.2","13.1",1,174,"11.4",62,378037,22877,39,447,"9.0","a",1,2,,"false"
"2026-09-28T20:05:50Z",95,"O.Dango","BRE","-46.1","-46.2","-47.0","-47.8",-3,-3,"0.5",63,780,3513,7,179,"1.0","a",0,-2,,"false"
"2026-09-28T20:05:50Z",96,"Damsgaard","BRE","-8.4","-8.4","-8.2","-8.0",-1,1,"0.4",54,1491,1971,16,283,"3.8","a",0,-1,,"false"
"2026-09-28T20:05:50Z",97,"Jensen","BRE","-54.5","-54.5","-54.5","-54.5",-3,0,"0.1",54,19,615,6,66,"0.0","i",0,-1,,"false"
"2026-09-28T20:05:50Z",98,"Janelt","BRE","75.6","75.6","75.6","75.6",3,1,"2.5",50,18700,17169,28,450,"4.8","a",0,0,,"false"
"2026-09-28T20:05:50Z",99,"Milambo","BRE","-41.9","-41.9","-41.9","-41.9",-3,0,"0.0",50,6,7,0,0,"0.0","i",0,0,,"false"
"2026-09-28T20:05:50Z",100,"Carvalho","BRE","0.3","0.3","0.3","0.3",1,0,"0.0",50,591,169,6,3,"1.5","a",0,0,,"false"
"2026-09-28T20:05:50Z",102,"Yarmoliuk","BRE","-16.9","-16.8","-16.2","-15.7",-1,3,"0.6",48,1291,3150,9,216,"2.0","a",0,-2,,"false"
"2026-09-28T20:05:50Z",103,"Dasilva","BRE","-58.9","-58.9","-58.9","-58.9",-3,0,"0.0",49,9,98,0,0,"0.0","i",0,-1,,"false"
"2026-09-28T20:05:50Z",105,"Anthony","BRE","0.7","0.8","0.8","0.9",1,4,"0.1",59,2243,581,15,267,"3.5","a",0,-1,,"false"
"2026-09-28T20:05:50Z",106,"Thiago","BRE","8.8","8.9","9.6","10.4",1,51,"9.1",78,54038,36441,10,442,"2.5","a",0,-2,,"false"
"2026-09-28T20:05:50Z",107,"Furo","BRE","-5.2","-5.2","-5.7","-6.2",-1,-8,"0.9",45,595,9205,0,0,"0.0","i",0,0,,"false"
"2026-09-28T20:05:50Z",108,"Wilson","BRE","-11.4","-11.4","-11.0","-10.7",-1,1,"0.3",54,1137,2378,3,13,"0.5","a",-1,-1,,"false"
"2026-09-28T20:05:50Z",565,"M.Sangaré","BRE","-30.2","-30.2","-30.5","-30.8",-2,-36,"9.9",56,8134,135809,22,321,"2.0","a",-1,1,,"false"
"2026-09-28T20:05:50Z",620,"Diouf","BRE","-34.3","-34.3","-34.3","-34.3",-2,0,"0.1",45,454,656,2,39,"0.5","a",0,0,,"false"
"2026-09-28T20:05:50Z",657,"Nunes","BRE","0.0","0.0","0.0","0.0",0,0,"0.0",45,330,264,0,0,"0.0","a",0,0,,"false"
"2026-09-28T20:05:50Z",660,"Fredrick","BRE","0.0","0.0","0.0","0.0",0,0,"0.0",40,507,64,0,0,"0.0","a",0,0,"2026-10-01T21:16:22.650713Z","false"
"2026-09-28T20:05:50Z",661,"Balcombe","BRE","0.0","0.0","0.0","0.0",0,0,"0.0",40,2794,522,0,0,"0.0","a",0,0,"2026-10-01T21:16:40.866514Z","false"
"2026-09-28T20:05:50Z",109,"Verbruggen","BHA","62.2","62.2","62.3","62.4",3,7,"21.6",45,69243,69081,23,450,"4.2","a",0,0,,"false"
"2026-09-28T20:05:50Z",111,"Steele","BHA","-0.5","-0.5","-0.5","-0.5",-1,0,"4.1",40,6893,14254,0,0,"0.0","a",0,0,,"false"
"2026-09-28T20:05:50Z",113,"F.Kadıoğlu","BHA","-58.7","-58.6","-58.6","-58.5",-3,1,"1.6",44,3824,6622,13,332,"3.2","a",0,-1,,"false"
"2026-09-28T20:05:50Z",114,"Boscagli","BHA","2.6","2.6","2.6","2.6",1,1,"0.3",45,1927,741,19,437,"3.2","a",0,0,,"false"
"2026-09-28T20:05:50Z",115,"De Cuyper","BHA","1.4","1.4","1.9","2.4",1,91,"27.7",50,290874,19846,38,423,"5.2","a",1,5,,"false"
"2026-09-28T20:05:50Z",116,"Dunk","BHA","19.8","19.8","19.5","19.3",1,-14,"1.5",45,7511,9245,22,360,"4.0","d",0,0,,"false"
"2026-09-28T20:05:50Z",117,"Coppola","BHA","-10.0","-10.0","-10.0","-10.0",-1,0,"0.0",45,106,88,0,0,"0.0","a",0,0,,"false"
"2026-09-28T20:05:50Z",118,"Igor","BHA","0.0","0.0","0.0","0.0",0,0,"0.0",45,0,273,0,0,"0.0","u",0,0,,"false"
"2026-09-28T20:05:50Z",119,"Costinha","BHA","0.0","0.0","0.0","0.0",0,0,"0.0",45,164,129,4,68,"0.8","a",0,0,,"false"
"2026-09-28T20:05:50Z",120,"Svoboda","BHA","0.5","0.5","0.5","0.5",1,0,"0.1",50,1305,450,1,4,"0.2","a",0,0,,"false"
"2026-09-28T20:05:50Z",121,"Mitoma","BHA","-24.6","-24.6","-24.6","-24.6",-2,0,"0.0",59,116,165,0,0,"0.0","i",0,-1,,"false"
"2026-09-28T20:05:50Z",122,"Minteh","BHA","-4.4","-4.4","-4.4","-4.4",-1,0,"0.0",58,44,207,0,0,"0.0","i",-1,-2,,"false"
"2026-09-28T20:05:50Z",123,"Hinshelwood","BHA","-37.6","-37.7","-38.1","-38.4",-2,-4,"0.6",59,259,6541,16,63,"0.0","i",0,-1,,"false"
"2026-09-28T20:05:50Z",124,"Groß","BHA","87.4","87.6","89.3","91.0",3,313,"28.7",58,769652,11070,47,450,"11.2","a",1,3,,"false"
"2026-09-28T20:05:50Z",125,"Georginio","BHA","-0.1","-0.1","-0.7","-1.2",-1,-3,"0.5",53,2527,3693,6,104,"0.2","a",-1,-2,,"false"
"2026-09-28T20:05:50Z",126,"O'Riley","BHA","-8.2","-8.2","-8.2","-8.2",-1,0,"0.1",54,409,548,2,10,"0.5","a",0,-1,,"false"
"2026-09-28T20:05:50Z",127,"Gomez","BHA","30.3","30.3","30.4","30.6",2,8,"4.0",50,11792,37291,24,433,"4.5","a",0,0,,"false"
"2026-09-28T20:05:50Z",128,"Buonanotte","BHA","0.0","0.0","0.0","0.0",0,0,"0.0",50,0,7,0,0,"0.0","u",0,0,,"false"
"2026-09-28T20:05:50Z",129,"Ayari","BHA","-45.7","-45.7","-45.7","-45.7",-3,0,"0.4",54,2166,1917,15,333,"3.2","a",0,-1,,"false"
"2026-09-28T20:05:50Z",130,"Wieffer","BHA","-29.0","-29.1","-30.4","-31.6",-2,-4,"0.2",49,29,1901,7,156,"0.0","i",0,-1,,"false"
"2026-09-28T20:05:50Z",132,"Howell","BHA","0.0","0.0","0.0","0.0",0,-1,"0.0",45,0,194,0,0,"0.0","u",0,0,,"false"
"2026-09-28T20:05:50Z",133,"Watson","BHA","0.0","0.0","0.0","0.0",0,0,"0.0",50,0,4,0,0,"0.0","u",0,0,,"false"
"2026-09-28T20:05:50Z",134,"Oriola","BHA","-78.7","-78.7","-78.7","-78.7",-3,0,"0.2",45,347,1306,0,0,"0.0","a",0,0,,"false"
"2026-09-28T20:05:50Z",135,"Yohanna","BHA","-0.6","-0.6","-0.6","-0.6",-1,0,"0.0",48,23,379,1,12,"0.0","i",-1,-2,,"false"
"2026-09-28T20:05:50Z",137,"Tzimas","BHA","-3.8","-3.8","-3.8","-3.8",-1,0,"0.0",54,34,48,0,0,"0.0","i",0,-1,,"false"
"2026-09-28T20:05:50Z",138,"Kostoulas","BHA","17.8","17.9","18.7","19.5",1,151,"4.0",56,300447,17520,28,353,"6.8","a",1,1,,"false"
"2026-09-28T20:05:50Z",139,"Ferguson","BHA","-57.6","-57.9","-60.1","-62.3",-3,-1,"0.0",50,122,249,0,0,"0.0","i",0,0,,"false"
"2026-09-28T20:05:50Z",328,"Struijk","BHA","-6.6","-6.7","-7.2","-7.8",-1,-1,"0.2",49,636,804,7,98,"1.8","d",0,-1,,"false"
"2026-09-28T20:05:50Z",504,"Vuskovic","BHA","53.5","53.6","53.8","54.0",3,15,"3.6",50,53273,12445,32,437,"6.5","a",0,0,,"false"
"2026-09-28T20:05:50Z",594,"David","BHA","0.6","0.6","0.6","0.7",1,4,"0.2",59,3042,2136,1,23,"0.2","a",-1,-1,,"false"
"2026-09-28T20:05:50Z",600,"Osman","BHA","-67.4","-67.4","-67.4","-67.4",-3,0,"0.0",50,109,124,3,40,"0.5","a",0,0,,"false"
"2026-09-28T20:05:50Z",605,"Yalcouyé","BHA","52.6","52.6","52.5","52.5",3,-4,"4.0",45,25259,31903,20,236,"4.8","a",0,0,,"false"
"2026-09-28T20:05:50Z",614,"Hadjam","BHA","-5.3","-5.3","-5.3","-5.3",-1,0,"0.0",45,241,242,0,0,"0.0","a",0,0,,"false"
"2026-09-28T20:05:50Z",624,"Cozier-Duberry","BHA","0.0","0.0","0.0","0.0",0,0,"0.0",50,0,5,0,0,"0.0","u",0,0,,"false"
"2026-09-28T20:05:50Z",639,"Andrés","BHA","1.3","1.3","1.3","1.3",1,0,"0.0",55,2663,294,12,109,"4.0","a",0,0,,"false"
"2026-09-28T20:05:50Z",652,"Azeez","BHA","-26.5","-26.5","-26.5","-26.5",-2,0,"0.0",55,19,41,0,0,"0.0","i",0,0,,"false"
"2026-09-28T20:05:50Z",658,"Ibrahim","BHA","0.0","0.0","0.0","0.0",0,0,"0.0",45,300,210,0,0,"0.0","a",0,0,,"false"
"2026-09-28T20:05:50Z",28,"Martinez","CHE","-6.0","-6.1","-6.3","-6.5",-1,-7,"4.7",50,7173,21285,9,360,"2.2","a",0,0,,"false"
"2026-09-28T20:05:50Z",40,"Rogers","CHE","82.9","83.0","83.8","84.5",3,53,"40.5",77,139788,67724,29,437,"5.2","a",0,2,,"false"
"2026-09-28T20:05:50Z",101,"Henderson","CHE","0.0","0.0","0.0","0.0",0,1,"0.0",49,494,146,2,90,"0.5","a",0,-1,,"false"
"2026-09-28T20:05:50Z",136,"Welbeck","CHE","6.5","6.5","6.5","6.5",1,2,"1.0",59,7085,8952,4,85,"1.0","a",0,-1,,"false"
"2026-09-28T20:05:50Z",140,"Sánchez","CHE","0.0","0.0","0.0","0.0",0,0,"0.7",49,0,4625,2,90,"0.0","u",0,-1,,"false"
"2026-09-28T20:05:50Z",141,"Jörgensen","CHE","0.0","0.0","0.0","0.0",0,0,"0.0",50,0,30,0,0,"0.0","u",0,0,,"false"
"2026-09-28T20:05:50Z",142,"James","CHE","-91.5","-91.6","-92.3","-93.1",-3,-55,"5.8",54,597,75442,3,292,"0.8","d",0,-1,,"false"
"2026-09-28T20:05:50Z",143,"Chalobah","CHE","0.0","0.0","0.0","0.0",0,0,"0.1",55,0,293,0,0,"0.0","u",0,0,,"false"
"2026-09-28T20:05:50Z",144,"Gusto","CHE","-3.0","-3.0","-3.3","-3.6",-1,-3,"1.0",49,1524,6712,4,272,"0.8","a",-1,-1,,"false"
"2026-09-28T20:05:50Z",145,"Fofana","CHE","4.5","4.5","4.5","4.5",1,0,"0.2",50,2354,1236,8,312,"2.0","a",0,0,,"false"
"2026-09-28T20:05:50Z",146,"B.Badiashile","CHE","0.0","0.0","0.0","0.0",0,0,"0.0",45,0,42,0,0,"0.0","u",0,0,,"false"
"2026-09-28T20:05:50Z",148,"Hato","CHE","12.3","12.3","12.3","12.2",1,-2,"0.8",45,781,7122,8,258,"1.8","a",0,0,,"false"
"2026-09-28T20:05:50Z",149,"Colwill","CHE","-9.3","-9.4","-9.5","-9.7",-1,-2,"0.9",48,1016,5222,3,341,"0.8","a",-1,-2,,"false"
"2026-09-28T20:05:50Z",150,"M.Sarr","CHE","0.0","0.0","0.0","0.0",0,0,"0.0",45,0,159,0,0,"0.0","u",0,0,,"false"
"2026-09-28T20:05:50Z",151,"Acheampong","CHE","-10.7","-10.8","-11.3","-11.8",-1,-1,"0.3",45,397,1873,5,221,"0.5","a",0,0,,"false"
"2026-09-28T20:05:50Z",152,"Palestra","CHE","-0.9","-0.9","-1.2","-1.4",-1,-2,"0.6",53,197,3660,0,0,"0.0","d",0,-2,,"false"
"2026-09-28T20:05:50Z",154,"Palmer","CHE","-11.3","-11.5","-12.5","-13.5",-1,-132,"25.7",97,46585,159116,28,442,"3.8","d",0,2,,"false"
"2026-09-28T20:05:50Z",156,"Neto","CHE","-7.5","-7.5","-7.6","-7.7",-1,-1,"1.4",65,4839,9353,14,332,"3.2","a",0,0,,"false"
"2026-09-28T20:05:50Z",157,"Estêvão","CHE","-31.8","-31.8","-31.8","-31.8",-2,0,"0.7",63,1672,4212,4,23,"0.8","a",0,-2,,"false"
"2026-09-28T20:05:50Z",158,"Gittens","CHE","-2.7","-3.0","-5.0","-7.1",-1,-1,"0.0",58,151,236,0,0,"0.0","d",-1,-2,,"false"
"2026-09-28T20:05:50Z",159,"Caicedo","CHE","-1.5","-1.5","-1.7","-1.9",-1,-2,"1.0",53,395,8592,1,13,"0.2","d",0,-2,,"false"
"2026-09-28T20:05:50Z",161,"Lavia","CHE","4.5","4.5","4.5","4.5",1,-2,"0.2",50,401,2380,11,258,"2.5","a",0,0,,"false"
"2026-09-28T20:05:50Z",163,"D.Essugo","CHE","0.0","0.0","0.0","0.0",0,0,"0.1",45,0,692,0,0,"0.0","u",0,0,,"false"
"2026-09-28T20:05:50Z",164,"Quenda","CHE","-26.8","-26.8","-26.8","-26.8",-2,0,"0.0",53,68,175,2,27,"0.2","a",0,-2,,"false"
"2026-09-28T20:05:50Z",165,"João Pedro","CHE","-1.7","-1.7","-1.8","-1.9",-1,-113,"65.2",77,58819,382318,33,360,"5.5","d",-1,2,,"false"
"2026-09-28T20:05:50Z",168,"Marc Guiu","CHE","0.0","0.0","0.0","0.0",0,0,"0.2",50,0,1477,0,0,"0.0","u",0,0,,"false"
"2026-09-28T20:05:50Z",169,"Mheuka","CHE","4.3","4.3","4.3","4.2",1,-2,"0.5",45,4322,3402,0,0,"0.0","a",0,0,,"false"
"2026-09-28T20:05:50Z",170,"Emegha","CHE","-0.1","-0.1","-0.5","-0.8",-1,-1,"0.1",49,73,1048,0,0,"0.0","i",-1,-1,,"false"
"2026-09-28T20:05:50Z",200,"Lacroix","CHE","-7.0","-7.0","-7.1","-7.2",-1,-8,"6.8",59,7404,28271,13,364,"1.8","a",-1,-1,,"false"
"2026-09-28T20:05:50Z",560,"Penders","CHE","-0.6","-0.6","-0.6","-0.6",-1,0,"0.1",44,234,288,0,0,"0.0","a",0,-1,,"false"
"2026-09-28T20:05:50Z",561,"Anselmino","CHE","-1.6","-1.6","-1.6","-1.6",-1,0,"0.0",45,62,101,0,0,"0.0","a",0,0,,"false"
"2026-09-28T20:05:50Z",568,"Barco","CHE","-13.7","-13.9","-15.4","-16.8",-1,-1,"0.1",54,222,430,3,115,"0.8","a",0,-1,,"false"
"2026-09-28T20:05:50Z",583,"Chavarria","CHE","-49.1","-49.1","-49.1","-49.1",-3,0,"0.1",49,393,517,5,208,"1.0","a",0,-1,,"false"
"2026-09-28T20:05:50Z",662,"Nicoll-Jazuli","CHE","0.0","0.0","0.0","0.0",0,0,"0.0",45,328,70,1,3,"1.0","a",0,0,"2026-10-01T21:17:24.996715Z","false"
"2026-09-28T20:05:50Z",91,"Pinnock","COV","-72.9","-72.9","-72.9","-72.9",-3,0,"0.1",45,360,214,14,282,"4.3","a",0,0,,"false"
"2026-09-28T20:05:50Z",104,"Onyeka","COV","-32.1","-32.1","-32.1","-32.1",-2,0,"0.1",49,166,433,9,314,"2.3","a",0,-1,,"false"
"2026-09-28T20:05:50Z",110,"Rushworth","COV","-56.6","-56.6","-56.6","-56.6",-3,0,"0.8",45,2434,5754,16,450,"4.3","a",0,0,,"false"
"2026-09-28T20:05:50Z",171,"Dovin","COV","0.0","0.0","0.0","0.0",0,-4,"1.0",40,0,4559,0,0,"0.0","u",0,0,,"false"
"2026-09-28T20:05:50Z",172,"Wilson","COV","-5.6","-5.6","-5.6","-5.6",-1,0,"0.4",44,230,637,0,0,"0.0","a",0,-1,,"false"
"2026-09-28T20:05:50Z",173,"Thomas","COV","16.7","16.7","16.6","16.6",1,-5,"8.6",40,24786,29659,24,437,"4.3","a",0,0,,"false"
"2026-09-28T20:05:50Z",174,"Kitching","COV","0.0","0.0","0.0","0.0",0,-4,"0.3",40,0,1727,0,0,"0.0","u",0,0,,"false"
"2026-09-28T20:05:50Z",175,"van Ewijk","COV","-46.8","-46.9","-47.0","-47.2",-3,-19,"8.8",40,1142,73406,6,360,"1.0","d",0,0,,"false"
"2026-09-28T20:05:50Z",176,"Dasilva","COV","-31.7","-31.6","-30.8","-29.9",-2,4,"0.7",40,5915,1627,20,444,"5.7","a",0,0,,"false"
"2026-09-28T20:05:50Z",177,"Kesler-Hayden","COV","0.2","0.2","0.1","0.1",1,-1,"0.0",39,993,506,0,0,"0.0","i",-1,-1,,"false"
"2026-09-28T20:05:50Z",178,"Bidwell","COV","-29.2","-29.2","-29.2","-29.2",-2,0,"0.1",40,176,286,0,0,"0.0","a",0,0,,"false"
"2026-09-28T20:05:50Z",179,"Latibeaudiere","COV","-73.2","-73.2","-73.2","-73.2",-3,0,"0.0",40,72,131,1,1,"0.3","a",0,0,,"false"
"2026-09-28T20:05:50Z",180,"Woolfenden","COV","-93.8","-93.8","-93.8","-93.8",-3,0,"0.1",40,24,487,0,0,"0.0","i",0,0,,"false"
"2026-09-28T20:05:50Z",181,"Brau","COV","0.0","0.0","0.0","0.0",0,0,"0.0",40,0,91,0,0,"0.0","u",0,0,,"false"
"2026-09-28T20:05:50Z",182,"Amenda","COV","-51.7","-51.8","-52.1","-52.5",-3,-4,"0.6",40,32,6532,4,360,"0.7","i",0,0,,"false"
"2026-09-28T20:05:50Z",183,"Rudoni","COV","0.1","0.1","0.1","0.1",1,0,"0.1",49,858,640,13,297,"3.0","a",0,-1,,"false"
"2026-09-28T20:05:50Z",184,"Grimes","COV","-27.5","-27.5","-27.5","-27.5",-2,0,"0.1",49,176,832,11,443,"2.3","a",0,-1,,"false"
"2026-09-28T20:05:50Z",185,"Sakamoto","COV","-21.6","-21.6","-21.6","-21.6",-2,0,"0.1",48,122,370,1,31,"0.0","a",0,-2,,"false"
"2026-09-28T20:05:50Z",186,"Mason-Clark","COV","-1.8","-1.8","-1.8","-1.8",-1,0,"0.1",53,70,350,5,231,"1.3","a",-1,-2,,"false"
"2026-09-28T20:05:50Z",187,"Eccles","COV","-4.5","-4.5","-4.5","-4.5",-1,0,"0.0",48,16,87,0,0,"0.0","i",-1,-2,,"false"
"2026-09-28T20:05:50Z",188,"Torp","COV","-10.7","-10.7","-10.7","-10.7",-1,0,"0.1",53,43,418,3,53,"0.3","a",-1,-2,,"false"
"2026-09-28T20:05:50Z",189,"Shepherd","COV","0.7","0.7","0.7","0.7",1,0,"0.3",44,3959,2189,0,0,"0.0","a",0,-1,,"false"
"2026-09-28T20:05:50Z",190,"Tchaouna","COV","-78.6","-78.6","-78.6","-78.6",-3,0,"0.1",54,22,331,5,211,"0.7","a",0,-1,,"false"
"2026-09-28T20:05:50Z",191,"Borges Rodrigues","COV","0.0","0.0","0.0","0.0",0,-2,"0.1",45,0,660,0,0,"0.0","u",0,0,,"false"
"2026-09-28T20:05:50Z",192,"Andrews","COV","0.0","0.0","0.0","0.0",0,-2,"0.3",45,0,1905,0,0,"0.0","u",0,0,,"false"
"2026-09-28T20:05:50Z",193,"Wright","COV","-98.6","-98.6","-98.6","-98.6",-4,0,"0.1",54,44,522,0,0,"0.0","i",0,-1,,"false"
"2026-09-28T20:05:50Z",194,"Thomas-Asante","COV","2.6","2.6","2.7","2.9",1,8,"0.8",50,7560,5628,9,227,"2.0","a",0,0,,"false"
"2026-09-28T20:05:50Z",195,"Simms","COV","-0.1","-0.1","0.0","0.1",-1,2,"0.6",49,1706,5080,4,104,"0.7","a",-1,-1,,"false"
"2026-09-28T20:05:50Z",196,"Markelo","COV","0.0","0.0","0.0","0.0",0,0,"0.0",50,0,60,0,0,"0.0","u",0,0,,"false"
"2026-09-28T20:05:50Z",197,"Bassette","COV","0.0","0.0","0.0","0.0",0,0,"0.0",45,0,140,0,0,"0.0","u",0,0,,"false"
"2026-09-28T20:05:50Z",492,"Awoniyi","COV","-12.5","-12.5","-12.6","-12.8",-1,-2,"0.4",54,63,4840,3,232,"0.0","s",-1,-1,,"false"
"2026-09-28T20:05:50Z",575,"Yirenkyi","COV","-2.5","-2.6","-3.3","-4.1",-1,-1,"0.1",48,283,987,9,265,"1.7","a",-1,-2,,"false"
"2026-09-28T20:05:50Z",584,"Hamer","COV","-81.7","-81.7","-81.7","-81.7",-3,0,"0.1",54,41,381,3,32,"0.3","a",0,-1,,"false"
"2026-09-28T20:05:50Z",599,"Cherif","COV","-6.9","-6.9","-6.9","-6.9",-1,0,"0.1",50,506,730,1,30,"0.3","a",0,0,,"false"
"2026-09-28T20:05:50Z",623,"Bentley","COV","2.1","2.1","2.1","2.1",1,0,"0.6",40,7851,2207,0,0,"0.0","a",0,0,,"false"
"2026-09-28T20:05:50Z",655,"Gboho","COV","0.0","0.0","0.0","0.0",0,0,"0.0",55,68,52,0,0,"0.0","a",0,0,,"false"
"2026-09-28T20:05:50Z",656,"Mfuni","COV","0.0","0.0","0.1","0.1",0,2,"0.1",40,1785,828,6,90,"3.0","a",0,0,,"false"
"2026-09-28T20:05:50Z",42,"Guessand","CRY","-25.8","-25.8","-25.8","-25.8",-2,0,"0.0",54,102,254,2,54,"0.0","a",0,-1,,"false"
"2026-09-28T20:05:50Z",153,"Disasi","CRY","-59.2","-59.3","-60.3","-61.2",-3,-1,"0.1",45,23,740,1,139,"0.0","s",0,0,,"false"
"2026-09-28T20:05:50Z",198,"Henderson","CRY","-94.1","-94.1","-94.4","-94.6",-3,-6,"1.3",50,130,10599,5,270,"0.7","i",0,0,,"false"
"2026-09-28T20:05:50Z",199,"Benitez","CRY","-24.1","-24.1","-24.1","-24.1",-2,0,"0.1",45,638,346,8,180,"2.7","a",0,0,,"false"
"2026-09-28T20:05:50Z",202,"Richards","CRY","-97.8","-97.9","-98.5","-99.1",-4,-2,"0.6",50,1514,2096,14,450,"3.7","a",0,0,,"false"
"2026-09-28T20:05:50Z",203,"Canvot","CRY","-0.7","-0.7","-0.7","-0.7",-1,0,"0.2",48,365,822,10,360,"3.0","a",-1,-2,,"false"
"2026-09-28T20:05:50Z",204,"Mitchell","CRY","25.6","25.6","25.8","25.9",2,11,"6.0",45,13287,15251,24,419,"7.7","a",0,0,,"false"
"2026-09-28T20:05:50Z",205,"Sosa","CRY","0.0","0.0","0.0","0.0",0,0,"0.0",45,0,97,0,0,"0.0","u",0,0,,"false"
"2026-09-28T20:05:50Z",206,"Chadi Riad","CRY","-4.1","-4.1","-4.1","-4.1",-1,0,"0.0",43,23,117,1,72,"0.0","i",-1,-2,,"false"
"2026-09-28T20:05:50Z",207,"Mingueza","CRY","-86.1","-86.1","-86.1","-86.1",-3,0,"0.1",44,73,267,2,16,"0.3","a",0,-1,,"false"
"2026-09-28T20:05:50Z",208,"Sarr","CRY","0.0","0.0","0.1","0.1",0,4,"0.6",62,2415,2099,1,8,"0.3","a",0,-3,,"false"
"2026-09-28T20:05:50Z",210,"Wharton","CRY","-1.9","-1.9","-1.9","-1.9",-1,0,"0.7",54,1115,4392,12,436,"2.0","a",-1,-1,,"false"
"2026-09-28T20:05:50Z",211,"Yeremy","CRY","4.6","4.6","4.6","4.6",1,0,"0.3",55,669,2523,14,307,"2.7","a",0,0,,"false"
"2026-09-28T20:05:50Z",212,"Hughes","CRY","-19.2","-19.2","-19.3","-19.4",-1,-5,"7.3",44,8685,42507,2,29,"0.7","a",0,-1,,"false"
"2026-09-28T20:05:50Z",213,"Lerma","CRY","-1.2","-1.2","-1.2","-1.2",-1,0,"0.1",48,85,348,1,51,"0.3","a",-1,-2,,"false"
"2026-09-28T20:05:50Z",214,"Kamada","CRY","11.2","11.2","11.2","11.2",1,3,"0.5",50,3053,2843,21,441,"5.3","a",0,0,,"false"
"2026-09-28T20:05:50Z",215,"Devenny","CRY","0.0","0.0","0.0","0.0",0,0,"0.0",50,0,33,0,0,"0.0","u",0,0,,"false"
"2026-09-28T20:05:50Z",216,"Esse","CRY","0.0","0.0","0.0","0.0",0,0,"0.0",50,0,113,0,0,"0.0","u",0,0,,"false"
"2026-09-28T20:05:50Z",217,"M.França","CRY","0.0","0.0","0.0","0.0",0,0,"0.0",49,0,150,0,0,"0.0","u",0,-1,,"false"
"2026-09-28T20:05:50Z",218,"Doucouré","CRY","-2.0","-2.0","-2.0","-2.0",-1,0,"0.0",48,106,285,0,0,"0.0","a",-1,-2,,"false"
"2026-09-28T20:05:50Z",219,"J.Rak-Sakyi","CRY","0.0","0.0","0.0","0.0",0,0,"0.0",49,0,23,0,0,"0.0","u",0,-1,,"false"
"2026-09-28T20:05:50Z",220,"Cardines","CRY","0.0","0.0","0.0","0.0",0,0,"0.0",45,0,3,0,0,"0.0","u",0,0,,"false"
"2026-09-28T20:05:50Z",221,"Drakes-Thomas","CRY","-91.3","-91.3","-91.3","-91.3",-3,0,"0.1",45,133,409,0,0,"0.0","a",0,0,,"false"
"2026-09-28T20:05:50Z",222,"Strand Larsen","CRY","4.9","4.9","4.9","4.9",1,0,"0.7",60,4510,3695,14,298,"3.7","a",0,0,,"false"
"2026-09-28T20:05:50Z",223,"Mateta","CRY","-24.2","-24.2","-24.5","-24.9",-2,-8,"1.3",63,195,8664,2,62,"0.0","i",0,-2,,"false"
"2026-09-28T20:05:50Z",224,"Nketiah","CRY","-17.1","-17.1","-17.1","-17.1",-1,0,"0.5",55,1193,3211,8,175,"1.7","a",0,0,,"false"
"2026-09-28T20:05:50Z",225,"Uche","CRY","0.0","0.0","0.0","0.0",0,0,"0.0",50,0,0,0,0,"0.0","u",0,0,,"false"
"2026-09-28T20:05:50Z",241,"McNeil","CRY","-92.6","-92.6","-92.6","-92.6",-3,0,"0.1",54,66,449,3,84,"0.0","a",0,-1,,"false"
"2026-09-28T20:05:50Z",555,"Matthews","CRY","-8.9","-8.9","-8.9","-8.9",-1,0,"1.7",40,1036,2922,0,0,"0.0","a",0,0,,"false"
"2026-09-28T20:05:50Z",577,"Tomiyasu","CRY","-12.5","-12.5","-12.5","-12.5",-1,0,"0.3",44,148,1093,3,189,"0.3","d",0,-1,,"false"
"2026-09-28T20:05:50Z",588,"Khalaili","CRY","6.5","6.5","6.5","6.5",1,0,"0.3",50,1951,1048,19,379,"5.3","a",0,0,,"false"
"2026-09-28T20:05:50Z",595,"Gozo","CRY","-0.9","-0.9","-0.9","-0.9",-1,0,"0.0",49,39,87,2,28,"0.3","a",-1,-1,,"false"
"2026-09-28T20:05:50Z",633,"Ahanor","CRY","0.1","0.1","0.1","0.1",1,0,"0.0",45,132,101,3,90,"1.0","a",0,0,,"false"
"2026-09-28T20:05:50Z",643,"Chilwell","CRY","-70.9","-70.9","-70.9","-70.9",-3,0,"0.4",45,531,2830,8,29,"2.7","a",0,0,,"false"
"2026-09-28T20:05:50Z",644,"Timber","CRY","0.2","0.2","0.2","0.3",1,2,"0.0",50,438,295,9,253,"3.0","a",0,0,,"false"
"2026-09-28T20:05:50Z",647,"Osorio","CRY","-67.4","-67.4","-67.4","-67.4",-3,0,"0.0",55,26,68,1,1,"0.3","a",0,0,,"false"
"2026-09-28T20:05:50Z",21,"Nørgaard","EVE","-100.1","-100.3","-101.9","-103.4",-5,-1,"0.0",49,49,299,0,0,"0.0","i",0,-1,,"false"
"2026-09-28T20:05:50Z",209,"Johnson","EVE","-18.8","-18.8","-18.8","-18.8",-1,0,"0.1",59,381,675,9,238,"2.3","a",0,-1,,"false"
"2026-09-28T20:05:50Z",226,"Pickford","EVE","28.5","28.6","28.8","28.9",2,13,"9.1",55,27574,14628,25,450,"5.0","a",0,0,,"false"
"2026-09-28T20:05:50Z",227,"Travers","EVE","-32.3","-32.3","-32.3","-32.3",-2,0,"0.0",50,234,250,0,0,"0.0","a",0,0,,"false"
"2026-09-28T20:05:50Z",228,"King","EVE","-40.1","-40.1","-40.1","-40.1",-3,0,"0.0",45,111,164,0,0,"0.0","a",0,0,,"false"
"2026-09-28T20:05:50Z",229,"Tarkowski","EVE","96.9","97.1","98.6","100.1",4,104,"16.4",61,214807,18988,43,450,"8.3","a",0,1,,"false"
"2026-09-28T20:05:50Z",230,"Branthwaite","EVE","34.4","34.5","34.6","34.8",2,13,"2.4",55,18633,6508,27,450,"5.7","a",0,0,,"false"
"2026-09-28T20:05:50Z",231,"Keane","EVE","-37.1","-37.1","-37.4","-37.6",-2,-1,"0.7",48,368,3678,0,0,"0.0","a",0,-2,,"false"
"2026-09-28T20:05:50Z",232,"O'Brien","EVE","-3.3","-3.3","-3.3","-3.3",-1,0,"0.3",48,314,1076,2,16,"0.7","a",-1,-2,,"false"
"2026-09-28T20:05:50Z",233,"Mykolenko","EVE","1.3","1.3","1.3","1.3",1,2,"4.2",46,40272,17502,27,450,"5.7","a",1,1,,"false"
"2026-09-28T20:05:50Z",234,"Patterson","EVE","0.0","0.0","0.0","0.0",0,0,"0.0",45,0,115,0,0,"0.0","u",0,0,,"false"
"2026-09-28T20:05:50Z",235,"Aznou","EVE","0.0","0.0","0.0","0.0",0,0,"0.1",40,0,529,0,0,"0.0","u",0,0,,"false"
"2026-09-28T20:05:50Z",236,"Dewsbury-Hall","EVE","-14.9","-14.9","-15.0","-15.1",-1,-3,"6.0",66,33351,42839,20,450,"2.3","a",1,1,,"false"
"2026-09-28T20:05:50Z",238,"Grealish","EVE","8.4","8.4","8.4","8.5",1,4,"0.5",65,3475,2838,6,135,"1.7","a",0,0,,"false"
"2026-09-28T20:05:50Z",239,"Garner","EVE","3.4","3.4","3.4","3.4",1,0,"0.2",60,1626,1886,11,328,"3.0","a",0,0,,"false"
"2026-09-28T20:05:50Z",242,"George","EVE","29.4","29.4","29.4","29.4",2,0,"0.9",55,2309,10400,19,309,"4.7","a",0,0,,"false"
"2026-09-28T20:05:50Z",243,"Alcaraz","EVE","-44.1","-44.1","-44.1","-44.1",-3,0,"0.1",49,155,388,1,5,"0.0","a",0,-1,,"false"
"2026-09-28T20:05:50Z",244,"Armstrong","EVE","9.1","9.1","9.1","9.1",1,1,"0.4",50,781,3222,16,446,"2.0","a",0,0,,"false"
"2026-09-28T20:05:50Z",245,"Dibling","EVE","-87.5","-87.5","-87.5","-87.5",-3,0,"0.0",54,113,150,1,24,"0.3","a",0,-1,,"false"
"2026-09-28T20:05:50Z",246,"Röhl","EVE","-43.7","-43.7","-43.7","-43.7",-3,0,"0.0",49,7,572,6,249,"0.3","i",0,-1,,"false"
"2026-09-28T20:05:50Z",247,"Hackney","EVE","-4.8","-4.8","-4.8","-4.8",-1,0,"0.2",54,187,1051,10,137,"2.0","a",-1,-1,,"false"
"2026-09-28T20:05:50Z",248,"Beto","EVE","0.0","0.0","0.0","0.0",0,-6,"0.6",54,0,6981,2,31,"0.0","u",0,-1,,"false"
"2026-09-28T20:05:50Z",249,"Barry","EVE","0.1","0.1","0.3","0.4",1,29,"8.3",57,80820,36748,20,417,"3.3","a",1,2,,"false"
"2026-09-28T20:05:50Z",649,"Maitland-Niles","EVE","16.8","16.8","16.9","17.0",1,6,"1.4",45,18791,4320,21,177,"7.0","a",0,0,,"false"
"2026-09-28T20:05:50Z",654,"Graham","EVE","-31.9","-31.9","-31.9","-31.9",-2,0,"0.1",45,224,971,0,0,"0.0","a",0,0,,"false"
"2026-09-28T20:05:50Z",250,"Leno","FUL","8.3","8.4","8.4","8.5",1,6,"3.4",45,36619,10412,18,450,"4.0","a",0,0,,"false"
"2026-09-28T20:05:50Z",251,"Lecomte","FUL","-23.2","-23.2","-23.2","-23.2",-2,0,"1.1",40,2327,2365,0,0,"0.0","a",0,0,,"false"
"2026-09-28T20:05:50Z",252,"McNally","FUL","0.0","0.0","0.0","0.0",0,-1,"0.1",40,0,581,0,0,"0.0","u",0,0,,"false"
"2026-09-28T20:05:50Z",253,"Andersen","FUL","0.7","0.7","0.7","0.7",1,0,"0.2",50,2580,1044,3,190,"0.8","a",0,0,,"false"
"2026-09-28T20:05:50Z",254,"Robinson","FUL","-19.0","-19.0","-18.8","-18.6",-1,2,"1.5",45,14984,6199,12,429,"2.8","a",0,0,,"false"
"2026-09-28T20:05:50Z",255,"J.Cuenca","FUL","-69.9","-69.9","-69.9","-69.9",-3,0,"0.0",45,62,102,3,90,"0.0","a",0,0,,"false"
"2026-09-28T20:05:50Z",256,"Tete","FUL","-0.1","-0.1","-0.1","-0.1",-1,0,"0.2",44,52,1015,0,27,"0.0","a",0,-1,,"false"
"2026-09-28T20:05:50Z",257,"Bassey","FUL","-0.9","-0.8","-0.6","-0.3",-1,1,"0.7",45,4958,1662,15,450,"3.8","a",0,0,,"false"
"2026-09-28T20:05:50Z",258,"Castagne","FUL","13.7","13.7","13.7","13.8",1,4,"0.9",45,13845,4546,20,408,"3.5","a",0,0,,"false"
"2026-09-28T20:05:50Z",261,"Iwobi","FUL","-58.1","-58.1","-58.1","-58.1",-3,0,"0.7",54,3174,3057,14,408,"3.0","a",0,-1,,"false"
"2026-09-28T20:05:50Z",262,"Smith Rowe","FUL","-0.7","-0.7","-0.7","-0.7",-1,0,"0.2",53,281,1288,3,38,"0.8","a",-1,-2,,"false"
"2026-09-28T20:05:50Z",263,"Kevin","FUL","-11.9","-11.9","-11.9","-11.9",-1,0,"0.0",53,189,268,4,61,"0.8","a",0,-2,,"false"
"2026-09-28T20:05:50Z",264,"Bobb","FUL","-48.6","-48.6","-48.6","-48.6",-3,0,"0.3",55,2145,1717,13,343,"2.8","a",0,0,,"false"
"2026-09-28T20:05:50Z",265,"Berge","FUL","-32.8","-32.8","-32.8","-32.8",-2,0,"0.3",49,582,1232,11,349,"2.2","a",0,-1,,"false"
"2026-09-28T20:05:50Z",266,"Cairney","FUL","-14.9","-14.9","-14.9","-14.9",-1,0,"0.0",49,8,20,0,0,"0.0","i",0,-1,,"false"
"2026-09-28T20:05:50Z",268,"King","FUL","84.6","84.6","85.2","85.7",3,38,"2.6",55,81555,16935,24,425,"4.2","a",0,0,,"false"
"2026-09-28T20:05:50Z",269,"Sessegnon","FUL","-1.5","-1.5","-1.5","-1.5",-1,0,"0.3",43,282,1252,3,50,"0.5","a",-1,-2,,"false"
"2026-09-28T20:05:50Z",270,"Reed","FUL","-10.5","-10.6","-11.1","-11.7",-1,-4,"1.1",44,2722,6579,0,0,"0.0","a",0,-1,,"false"
"2026-09-28T20:05:50Z",271,"Muniz","FUL","-49.4","-49.3","-48.5","-47.8",-3,2,"0.4",54,1613,2563,3,38,"0.5","a",0,-1,,"false"
"2026-09-28T20:05:50Z",272,"Kusi-Asare","FUL","-61.6","-61.6","-61.6","-61.7",-3,-3,"5.4",45,10358,32031,0,0,"0.0","a",0,0,,"false"
"2026-09-28T20:05:50Z",569,"Gonzalo","FUL","55.3","55.3","55.8","56.3",3,35,"3.9",60,62459,30769,14,425,"2.0","a",0,0,,"false"
"2026-09-28T20:05:50Z",570,"Palacios","FUL","-6.6","-6.6","-6.6","-6.6",-1,0,"0.2",54,682,913,12,226,"2.5","a",0,-1,,"false"
"2026-09-28T20:05:50Z",580,"Charles","FUL","-80.4","-80.7","-83.1","-85.5",-3,-1,"0.1",50,556,403,13,303,"3.0","a",0,0,,"false"
"2026-09-28T20:05:50Z",610,"De Fougerolles","FUL","0.0","0.0","0.0","0.0",0,0,"0.1",40,0,485,0,0,"0.0","u",0,0,,"false"
"2026-09-28T20:05:50Z",626,"Zepa","FUL","0.1","0.1","0.1","0.1",1,1,"0.3",44,383,2152,0,0,"0.0","a",-1,-1,,"false"
"2026-09-28T20:05:50Z",635,"Larsson","FUL","0.0","0.0","0.0","0.0",0,0,"0.0",50,89,69,3,37,"1.0","a",0,0,,"false"
"2026-09-28T20:05:50Z",636,"Ángel","FUL","0.0","0.0","0.0","0.0",0,0,"0.0",50,31,26,0,0,"0.0","a",0,0,,"false"
"2026-09-28T20:05:50Z",650,"Affengruber","FUL","1.1","1.1","1.2","1.3",1,7,"0.1",45,4695,1027,12,180,"4.0","a",0,0,,"false"
"2026-09-28T20:05:50Z",240,"Iroegbunam","HUL","0.1","0.1","0.1","0.1",1,0,"0.0",50,74,134,2,70,"0.3","a",0,0,,"false"
"2026-09-28T20:05:50Z",273,"Phillips","HUL","-27.2","-27.2","-27.2","-27.2",-2,0,"1.4",40,2851,3308,0,0,"0.0","a",0,0,,"false"
"2026-09-28T20:05:50Z",274,"Butland","HUL","-0.6","-0.6","-0.6","-0.6",-1,0,"0.1",44,65,311,0,0,"0.0","i",-1,-1,,"false"
"2026-09-28T20:05:50Z",275,"Cartwright","HUL","0.0","0.0","0.0","0.0",0,0,"0.0",40,0,24,0,0,"0.0","u",0,0,,"false"
"2026-09-28T20:05:50Z",276,"Lo-Tutala","HUL","0.0","0.0","0.0","0.0",0,0,"0.0",40,0,110,0,0,"0.0","u",0,0,,"false"
"2026-09-28T20:05:50Z",277,"Egan","HUL","25.6","25.6","25.6","25.5",2,-6,"7.0",41,26157,28063,26,437,"3.0","a",0,1,,"false"
"2026-09-28T20:05:50Z",278,"Hughes","HUL","0.5","0.5","0.5","0.5",1,0,"0.2",39,1060,1858,0,0,"0.0","i",0,-1,,"false"
"2026-09-28T20:05:50Z",279,"Ajayi","HUL","68.1","68.0","67.8","67.5",3,-18,"14.0",42,42057,56737,27,423,"2.3","a",0,2,,"false"
"2026-09-28T20:05:50Z",280,"Coyle","HUL","0.2","0.2","0.3","0.3",1,1,"0.7",40,1988,1956,14,348,"2.7","a",0,0,,"false"
"2026-09-28T20:05:50Z",281,"Drameh","HUL","0.0","0.0","0.0","0.0",0,0,"0.0",40,0,243,2,65,"0.0","u",0,0,,"false"
"2026-09-28T20:05:50Z",282,"Giles","HUL","68.3","68.3","68.3","68.4",3,4,"2.9",40,20619,13203,24,444,"4.0","a",0,0,,"false"
"2026-09-28T20:05:50Z",283,"Jacob","HUL","0.0","0.0","0.0","0.0",0,0,"0.0",40,0,34,0,0,"0.0","u",0,0,,"false"
"2026-09-28T20:05:50Z",284,"McCarthy","HUL","0.4","0.4","0.4","0.4",1,-1,"0.1",40,380,418,0,0,"0.0","a",0,0,,"false"
"2026-09-28T20:05:50Z",285,"McNair","HUL","-41.0","-41.0","-41.0","-41.0",-3,0,"0.1",40,184,399,1,26,"0.0","a",0,0,,"false"
"2026-09-28T20:05:50Z",286,"Belloumi","HUL","35.2","35.3","35.8","36.4",2,40,"5.1",51,72957,23520,31,394,"7.3","a",0,1,,"false"
"2026-09-28T20:05:50Z",287,"Millar","HUL","0.0","0.0","0.0","0.0",0,0,"0.0",50,0,283,6,50,"0.0","u",0,0,,"false"
"2026-09-28T20:05:50Z",288,"Dowell","HUL","-92.2","-92.2","-92.2","-92.2",-3,0,"0.3",45,564,1924,0,0,"0.0","a",0,0,,"false"
"2026-09-28T20:05:50Z",289,"Crooks","HUL","0.6","0.6","0.6","0.6",1,-2,"0.5",44,4865,4015,3,203,"0.3","a",-1,-1,,"false"
"2026-09-28T20:05:50Z",290,"Slater","HUL","73.1","73.1","73.1","73.1",3,-2,"5.2",45,15101,35854,15,437,"2.3","a",0,0,,"false"
"2026-09-28T20:05:50Z",291,"Matazo","HUL","-13.5","-13.5","-13.5","-13.5",-1,0,"0.0",45,29,51,0,0,"0.0","i",0,0,,"false"
"2026-09-28T20:05:50Z",292,"Ömür","HUL","-9.8","-9.8","-9.8","-9.8",-1,0,"0.0",49,84,145,0,0,"0.0","a",0,-1,,"false"
"2026-09-28T20:05:50Z",293,"Kamara","HUL","0.0","0.0","0.0","0.0",0,0,"0.0",50,0,12,0,0,"0.0","u",0,0,,"false"
"2026-09-28T20:05:50Z",294,"Zambrano","HUL","-21.7","-21.7","-21.7","-21.7",-2,0,"0.1",45,141,479,0,0,"0.0","a",0,0,,"false"
"2026-09-28T20:05:50Z",295,"McBurnie","HUL","27.0","27.0","27.0","27.0",2,-2,"1.9",55,7471,17352,13,441,"2.3","a",0,0,,"false"
"2026-09-28T20:05:50Z",296,"Akintola","HUL","0.0","0.0","0.0","0.0",0,0,"0.0",50,0,254,0,0,"0.0","u",0,0,,"false"
"2026-09-28T20:05:50Z",297,"Gyabi","HUL","-0.4","-0.4","-0.4","-0.4",-1,0,"0.0",44,53,133,0,0,"0.0","i",-1,-1,,"false"
"2026-09-28T20:05:50Z",298,"Destan","HUL","0.0","0.0","0.0","0.0",0,0,"0.2",45,0,1232,0,0,"0.0","u",0,0,,"false"
"2026-09-28T20:05:50Z",299,"Burstow","HUL","0.0","0.0","0.0","0.0",0,0,"0.0",45,0,211,0,0,"0.0","u",0,0,,"false"
"2026-09-28T20:05:50Z",340,"Gelhardt","HUL","0.0","0.0","0.0","0.0",0,0,"0.0",50,92,104,1,7,"0.3","a",0,0,,"false"
"2026-09-28T20:05:50Z",556,"Targett","HUL","-71.7","-71.7","-72.1","-72.4",-3,-6,"1.6",40,107,9475,1,5,"0.0","d",0,0,,"false"
"2026-09-28T20:05:50Z",563,"Morita","HUL","-100.8","-100.8","-100.8","-100.8",-5,0,"0.0",50,24,164,1,45,"0.0","i",0,0,,"false"
"2026-09-28T20:05:50Z",572,"Tzolakis","HUL","0.5","0.5","0.6","0.7",1,14,"12.8",47,121606,20402,34,450,"4.7","a",1,2,,"false"
"2026-09-28T20:05:50Z",574,"Hjertø-Dahl","HUL","-72.5","-72.5","-72.5","-72.5",-3,0,"0.1",49,74,317,1,8,"0.3","a",0,-1,,"false"
"2026-09-28T20:05:50Z",576,"Stroud","HUL","-50.5","-50.5","-50.5","-50.5",-3,0,"0.1",50,140,447,7,249,"1.3","a",0,0,,"false"
"2026-09-28T20:05:50Z",585,"Herrington","HUL","-26.4","-26.5","-27.0","-27.5",-2,-2,"0.6",40,1003,1612,5,197,"1.0","a",0,0,,"false"
"2026-09-28T20:05:50Z",586,"Mendy","HUL","-0.3","-0.4","-0.4","-0.5",-1,-4,"6.3",41,6629,32771,25,249,"3.0","a",0,1,,"false"
"2026-09-28T20:05:50Z",589,"Gourna-Douath","HUL","-76.8","-76.8","-76.8","-76.8",-3,0,"0.0",50,32,105,4,138,"1.0","a",0,0,,"false"
"2026-09-28T20:05:50Z",617,"Cho","HUL","0.2","0.2","0.2","0.2",1,0,"0.0",50,341,143,9,72,"2.7","a",0,0,,"false"
"2026-09-28T20:05:50Z",632,"Ansah","HUL","-62.0","-62.0","-62.0","-62.0",-3,0,"0.0",50,67,400,0,0,"0.0","i",0,0,,"false"
"2026-09-28T20:05:50Z",637,"Vaz","HUL","1.2","1.2","1.2","1.2",1,1,"0.1",50,1751,1109,2,20,"0.7","a",0,0,,"false"
"2026-09-28T20:05:50Z",638,"Norton-Cuffy","HUL","-23.8","-23.9","-24.7","-25.5",-2,-2,"0.2",40,448,2468,1,34,"0.3","d",0,0,,"false"
"2026-09-28T20:05:50Z",642,"Thomas","HUL","0.2","0.2","0.2","0.2",1,0,"0.0",55,445,340,4,119,"1.3","a",0,0,,"false"
"2026-09-28T20:05:50Z",645,"Mouzakitis","HUL","0.0","0.0","0.0","0.0",0,0,"0.0",50,85,87,0,0,"0.0","a",0,0,,"false"
"2026-09-28T20:05:50Z",259,"Diop","IPS","-51.5","-51.5","-51.5","-51.6",-3,-6,"12.7",40,6767,53174,12,450,"2.5","a",0,0,,"false"
"2026-09-28T20:05:50Z",267,"Lukić","IPS","-4.7","-4.7","-4.7","-4.7",-1,0,"0.1",49,185,492,11,400,"1.5","a",-1,-1,,"false"
"2026-09-28T20:05:50Z",300,"Walton","IPS","-7.4","-7.4","-7.9","-8.3",-1,-1,"0.4",44,1589,982,2,90,"0.5","a",0,-1,,"false"
"2026-09-28T20:05:50Z",301,"Palmer","IPS","-24.8","-24.8","-24.9","-24.9",-2,-1,"3.9",40,3805,11406,0,0,"0.0","a",0,0,,"false"
"2026-09-28T20:05:50Z",302,"Button","IPS","1.1","1.1","1.1","1.1",1,0,"0.6",40,1384,1260,0,0,"0.0","a",0,0,,"false"
"2026-09-28T20:05:50Z",303,"Kipré","IPS","3.0","3.0","3.0","3.0",1,0,"0.9",39,4313,4203,0,0,"0.0","a",0,-1,,"false"
"2026-09-28T20:05:50Z",304,"O'Shea","IPS","-38.9","-38.9","-38.9","-38.9",-2,0,"2.7",40,1865,14088,10,450,"1.5","a",0,0,,"false"
"2026-09-28T20:05:50Z",305,"Davis","IPS","70.4","70.4","70.6","70.8",3,12,"6.9",40,48015,26045,25,450,"5.8","a",0,0,,"false"
"2026-09-28T20:05:50Z",306,"Greaves","IPS","-87.9","-87.9","-87.9","-87.9",-3,0,"1.1",40,452,3313,3,357,"0.2","a",0,0,,"false"
"2026-09-28T20:05:50Z",307,"Johnson","IPS","0.0","0.0","0.0","0.0",0,0,"0.1",40,0,346,0,0,"0.0","u",0,0,,"false"
"2026-09-28T20:05:50Z",308,"Furlong","IPS","2.0","2.0","2.0","2.1",1,4,"0.6",39,6207,2736,1,17,"0.2","a",0,-1,,"false"
"2026-09-28T20:05:50Z",309,"Núñez","IPS","-33.2","-33.0","-31.3","-29.6",-2,1,"0.1",49,91,603,6,140,"0.5","a",0,-1,,"false"
"2026-09-28T20:05:50Z",310,"Matusiwa","IPS","0.0","0.0","0.0","0.0",0,0,"0.0",49,14,17,0,0,"0.0","a",0,-1,,"false"
"2026-09-28T20:05:50Z",311,"Burns","IPS","0.0","0.0","0.0","0.0",0,0,"0.0",50,0,8,0,0,"0.0","u",0,0,,"false"
"2026-09-28T20:05:50Z",312,"Taylor","IPS","0.1","0.1","0.1","0.1",1,1,"0.0",44,370,253,0,0,"0.0","i",-1,-1,,"false"
"2026-09-28T20:05:50Z",313,"Clarke","IPS","-82.2","-82.2","-82.2","-82.2",-3,0,"0.2",54,138,891,11,170,"1.0","a",0,-1,,"false"
"2026-09-28T20:05:50Z",314,"Ogbene","IPS","0.0","0.0","0.0","0.0",0,0,"0.0",49,0,65,0,0,"0.0","u",0,-1,,"false"
"2026-09-28T20:05:50Z",315,"Fatawu","IPS","-31.5","-31.6","-32.0","-32.4",-2,-1,"0.2",54,52,2394,8,352,"1.5","s",0,-1,,"false"
"2026-09-28T20:05:50Z",316,"Emersonn","IPS","81.3","81.3","81.5","81.7",3,15,"3.5",55,32221,22217,26,317,"4.2","a",0,0,,"false"
"2026-09-28T20:05:50Z",317,"Hirst","IPS","0.0","0.0","0.0","0.0",0,0,"0.1",50,0,455,0,0,"0.0","u",0,0,,"false"
"2026-09-28T20:05:50Z",318,"Philogene","IPS","-7.7","-7.7","-7.7","-7.7",-1,0,"0.1",54,32,151,2,52,"0.5","a",0,-1,,"false"
"2026-09-28T20:05:50Z",319,"Szmodics","IPS","0.0","0.0","0.0","0.0",0,0,"0.0",50,0,13,0,0,"0.0","u",0,0,,"false"
"2026-09-28T20:05:50Z",320,"Akpom","IPS","23.5","23.5","23.4","23.4",2,-4,"1.2",50,4850,9309,7,78,"1.5","a",0,0,,"false"
"2026-09-28T20:05:50Z",321,"Walle Egeli","IPS","38.0","38.0","37.9","37.9",2,-3,"3.5",45,17188,25651,1,10,"0.0","a",0,0,,"false"
"2026-09-28T20:05:50Z",322,"Al-Hamadi","IPS","0.0","0.0","0.0","0.0",0,0,"0.0",50,0,358,0,0,"0.0","u",0,0,,"false"
"2026-09-28T20:05:50Z",323,"McAteer","IPS","-0.7","-0.7","-0.8","-0.9",-1,-1,"1.0",44,1374,6161,3,42,"0.5","a",-1,-1,,"false"
"2026-09-28T20:05:50Z",324,"Mehmeti","IPS","-1.9","-1.9","-1.9","-1.9",-1,0,"0.0",48,69,131,0,0,"0.0","a",-1,-2,,"false"
"2026-09-28T20:05:50Z",554,"Van Oevelen","IPS","0.0","0.0","0.0","0.0",0,0,"0.0",45,0,79,0,0,"0.0","u",0,0,,"false"
"2026-09-28T20:05:50Z",562,"Maeda","IPS","-9.4","-9.4","-9.4","-9.4",-1,0,"0.2",53,126,1404,8,259,"1.5","a",-1,-2,,"false"
"2026-09-28T20:05:50Z",564,"Scherpen","IPS","-30.7","-30.7","-31.0","-31.3",-2,-1,"0.6",45,575,2708,7,360,"1.2","a",0,0,,"false"
"2026-09-28T20:05:50Z",571,"Florentino","IPS","-2.2","-2.2","-2.2","-2.2",-1,0,"0.1",48,107,320,2,30,"0.5","a",-1,-2,,"false"
"2026-09-28T20:05:50Z",591,"Enciso","IPS","8.4","8.4","8.3","8.3",1,-2,"0.8",55,2075,5898,15,413,"2.5","a",0,0,,"false"
"2026-09-28T20:05:50Z",592,"Ouattara","IPS","-30.9","-30.9","-31.2","-31.5",-2,-2,"0.9",40,652,1986,6,131,"1.2","a",0,0,,"false"
"2026-09-28T20:05:50Z",602,"Humphreys","IPS","0.0","0.0","0.0","0.0",0,0,"0.0",45,0,232,0,0,"0.0","u",0,0,,"false"
"2026-09-28T20:05:50Z",619,"Palacios","IPS","1.0","1.0","1.0","1.0",1,0,"0.1",50,481,800,11,275,"2.8","a",0,0,,"false"
"2026-09-28T20:05:50Z",640,"Flemming","IPS","0.5","0.5","0.5","0.5",1,0,"0.1",55,856,956,6,60,"2.0","a",0,0,,"false"
"2026-09-28T20:05:50Z",260,"Wilson","LEE","-57.5","-57.6","-58.6","-59.5",-3,-30,"1.7",62,70,38983,5,145,"0.5","i",0,-3,,"false"
"2026-09-28T20:05:50Z",326,"Perri","LEE","0.0","0.0","0.0","0.0",0,-2,"0.3",45,0,1214,0,0,"0.0","u",0,0,,"false"
"2026-09-28T20:05:50Z",327,"Bijol","LEE","4.9","4.9","4.8","4.6",1,-9,"0.7",50,769,5340,12,164,"0.5","a",0,0,,"false"
"2026-09-28T20:05:50Z",329,"Rodon","LEE","-6.0","-6.0","-6.1","-6.3",-1,-4,"0.8",43,43,8501,7,123,"0.2","i",-1,-2,,"false"
"2026-09-28T20:05:50Z",330,"Bogle","LEE","54.0","54.1","55.1","56.0",3,66,"7.1",46,118890,23954,42,365,"9.0","a",0,1,,"false"
"2026-09-28T20:05:50Z",331,"Gudmundsson","LEE","0.9","0.9","0.9","0.9",1,0,"0.1",45,494,308,14,252,"3.5","a",0,0,,"false"
"2026-09-28T20:05:50Z",332,"Justin","LEE","17.5","17.5","17.5","17.5",1,0,"1.5",45,3949,5524,26,450,"4.0","a",0,0,,"false"
"2026-09-28T20:05:50Z",333,"Bornauw","LEE","0.0","0.0","0.0","0.0",0,0,"0.0",45,0,5,0,0,"0.0","u",0,0,,"false"
"2026-09-28T20:05:50Z",334,"Muharemović","LEE","37.3","37.3","37.2","37.2",2,-5,"4.3",50,25995,21982,27,450,"5.2","a",0,0,,"false"
"2026-09-28T20:05:50Z",335,"Stach","LEE","15.6","15.6","15.5","15.4",1,-8,"2.5",60,4555,18787,27,447,"3.5","a",0,0,,"false"
"2026-09-28T20:05:50Z",336,"Okafor","LEE","1.4","1.4","1.4","1.4",1,0,"0.4",58,1669,3224,18,299,"4.2","a",0,-2,,"false"
"2026-09-28T20:05:50Z",337,"Aaronson","LEE","-7.0","-7.0","-7.2","-7.4",-1,-1,"0.5",53,206,3241,7,194,"1.0","a",-1,-2,,"false"
"2026-09-28T20:05:50Z",338,"Ampadu","LEE","-27.1","-27.1","-27.2","-27.2",-2,-1,"0.9",54,1519,4701,21,450,"4.0","a",0,-1,,"false"
"2026-09-28T20:05:50Z",339,"Longstaff","LEE","-93.2","-93.2","-93.2","-93.2",-3,0,"0.1",49,122,601,2,10,"0.2","a",0,-1,,"false"
"2026-09-28T20:05:50Z",341,"Gnonto","LEE","0.0","0.0","0.0","0.0",0,0,"0.0",50,0,50,0,0,"0.0","u",0,0,,"false"
"2026-09-28T20:05:50Z",342,"Harrison","LEE","0.0","0.0","0.0","0.0",0,0,"0.0",50,0,5,0,0,"0.0","u",0,0,,"false"
"2026-09-28T20:05:50Z",343,"James","LEE","-26.5","-26.9","-30.8","-34.6",-2,-2,"0.1",49,179,532,3,52,"0.8","a",0,-1,,"false"
"2026-09-28T20:05:50Z",344,"Gruev","LEE","0.0","0.0","0.0","0.0",0,0,"0.0",50,45,18,0,0,"0.0","a",0,0,,"false"
"2026-09-28T20:05:50Z",345,"Tanaka","LEE","4.7","4.7","4.7","4.7",1,2,"0.3",49,2096,2165,14,255,"3.5","a",0,-1,,"false"
"2026-09-28T20:05:50Z",346,"Calvert-Lewin","LEE","65.9","66.0","66.2","66.4",3,14,"24.8",60,88973,163016,22,419,"5.2","a",0,0,,"false"
"2026-09-28T20:05:50Z",347,"Nmecha","LEE","-25.4","-25.6","-26.9","-28.2",-2,-4,"0.5",54,1899,3587,7,64,"1.8","a",0,-1,,"false"
"2026-09-28T20:05:50Z",348,"Piroe","LEE","0.0","0.0","0.0","0.0",0,-1,"0.1",50,0,407,0,0,"0.0","u",0,0,,"false"
"2026-09-28T20:05:50Z",349,"Mateo Joseph","LEE","-39.6","-39.6","-39.6","-39.6",-2,0,"0.1",45,301,457,0,0,"0.0","i",0,0,,"false"
"2026-09-28T20:05:50Z",385,"Trafford","LEE","32.5","32.5","32.6","32.7",2,9,"5.5",50,20902,14059,28,450,"4.8","a",0,0,,"false"
"2026-09-28T20:05:50Z",598,"Elvedi","LEE","0.6","0.6","0.6","0.6",1,0,"0.1",45,216,217,13,326,"3.2","a",0,0,,"false"
"2026-09-28T20:05:50Z",603,"Lienou","LEE","0.1","0.1","0.1","0.1",1,0,"0.1",40,229,498,0,0,"0.0","a",0,0,,"false"
"2026-09-28T20:05:50Z",604,"Cresswell","LEE","-11.2","-11.2","-11.2","-11.2",-1,0,"0.1",45,290,864,0,0,"0.0","a",0,0,,"false"
"2026-09-28T20:05:50Z",625,"Cairns","LEE","0.4","0.4","0.4","0.4",1,0,"0.2",40,811,751,0,0,"0.0","a",0,0,,"false"
"2026-09-28T20:05:50Z",629,"Zetterer","LEE","2.2","2.2","2.2","2.3",1,3,"0.7",40,2922,2669,0,0,"0.0","a",0,0,,"false"
"2026-09-28T20:05:50Z",641,"Bard","LEE","0.0","0.0","0.0","0.0",0,0,"0.0",45,93,74,1,18,"0.3","a",0,0,,"false"
"2026-09-28T20:05:50Z",648,"Bahoya","LEE","-50.2","-50.2","-50.2","-50.2",-3,0,"0.0",50,103,169,1,1,"0.3","a",0,0,,"false"
"2026-09-28T20:05:50Z",350,"A.Becker","LIV","1.4","1.5","1.6","1.7",1,8,"4.1",55,12117,11134,27,450,"8.3","a",0,0,,"false"
"2026-09-28T20:05:50Z",351,"Mamardashvili","LIV","-93.9","-93.9","-93.9","-93.9",-3,0,"0.1",49,239,591,0,0,"0.0","a",0,-1,,"false"
"2026-09-28T20:05:50Z",352,"Woodman","LIV","-30.5","-30.5","-30.7","-31.0",-2,-2,"1.0",40,755,2274,0,0,"0.0","a",0,0,,"false"
"2026-09-28T20:05:50Z",353,"Pecsi","LIV","0.0","0.0","0.0","0.0",0,0,"0.0",40,0,57,0,0,"0.0","u",0,0,,"false"
"2026-09-28T20:05:50Z",354,"Jaros","LIV","0.0","0.0","0.0","0.0",0,0,"0.0",40,197,151,0,0,"0.0","i",0,0,,"false"
"2026-09-28T20:05:50Z",355,"Davies","LIV","0.1","0.1","0.1","0.0",1,-1,"0.2",40,277,453,0,0,"0.0","a",0,0,,"false"
"2026-09-28T20:05:50Z",356,"Virgil","LIV","-57.9","-57.9","-57.8","-57.7",-3,13,"16.2",65,19991,41859,25,450,"7.3","a",0,0,,"false"
"2026-09-28T20:05:50Z",357,"Frimpong","LIV","-35.6","-35.6","-35.8","-35.9",-2,-2,"1.8",53,1530,12263,2,178,"0.3","a",0,-2,,"false"
"2026-09-28T20:05:50Z",358,"Kerkez","LIV","-99.1","-99.2","-100.0","-100.7",-4,-11,"2.2",54,2495,9847,13,385,"4.0","a",0,-1,,"false"
"2026-09-28T20:05:50Z",359,"Gomez","LIV","0.0","0.0","0.0","0.0",0,0,"0.0",49,302,109,0,0,"0.0","a",0,-1,,"false"
"2026-09-28T20:05:50Z",360,"Bradley","LIV","-84.1","-84.1","-84.1","-84.1",-3,0,"0.0",50,49,75,0,0,"0.0","i",0,0,,"false"
"2026-09-28T20:05:50Z",361,"Lucky","LIV","-51.5","-52.1","-57.2","-62.3",-3,-4,"0.1",40,275,546,0,0,"0.0","a",0,0,,"false"
"2026-09-28T20:05:50Z",362,"Jacquet","LIV","53.7","53.8","53.9","54.0",3,9,"3.5",50,31836,12583,24,415,"6.7","a",0,0,,"false"
"2026-09-28T20:05:50Z",363,"Leoni","LIV","-58.4","-58.4","-58.4","-58.4",-3,0,"0.0",40,62,170,0,0,"0.0","i",0,0,,"false"
"2026-09-28T20:05:50Z",364,"Tsimikas","LIV","-53.3","-53.3","-53.3","-53.3",-3,0,"0.1",49,85,384,2,64,"0.3","a",0,-1,,"false"
"2026-09-28T20:05:50Z",365,"Ramsay","LIV","0.0","0.0","0.0","0.0",0,0,"0.1",40,0,452,0,0,"0.0","u",0,0,,"false"
"2026-09-28T20:05:50Z",366,"Wirtz","LIV","-35.5","-35.5","-35.9","-36.3",-2,-15,"5.7",73,2996,40622,18,402,"4.0","a",0,-2,,"false"
"2026-09-28T20:05:50Z",367,"Gakpo","LIV","3.0","2.6","-0.1","-1.7",1,-197,"12.5",72,50546,81197,32,370,"5.0","d",0,2,,"false"
"2026-09-28T20:05:50Z",368,"Szoboszlai","LIV","-93.6","-93.6","-93.6","-93.7",-3,-18,"32.8",70,33923,203924,20,440,"2.7","a",0,0,,"false"
"2026-09-28T20:05:50Z",369,"Ngumoha","LIV","-22.1","-22.1","-22.9","-23.7",-2,-4,"0.5",57,717,4111,4,99,"0.3","a",-1,-3,,"false"
"2026-09-28T20:05:50Z",370,"Chiesa","LIV","-5.5","-5.5","-5.5","-5.5",-1,0,"0.0",53,15,237,0,0,"0.0","i",-1,-2,,"false"
"2026-09-28T20:05:50Z",371,"Gravenberch","LIV","-21.0","-21.0","-21.0","-21.0",-2,0,"1.1",58,1160,8774,9,190,"1.0","a",-1,-2,,"false"
"2026-09-28T20:05:50Z",372,"Mac Allister","LIV","-41.5","-41.6","-42.5","-43.5",-3,-8,"1.3",54,3671,6634,11,306,"2.7","a",0,-1,,"false"
"2026-09-28T20:05:50Z",373,"C.Jones","LIV","0.0","0.0","0.0","0.0",0,0,"0.0",55,0,56,0,0,"0.0","u",0,0,,"false"
"2026-09-28T20:05:50Z",374,"Endo","LIV","-59.7","-59.7","-59.7","-59.7",-3,0,"0.1",49,156,426,0,0,"0.0","a",0,-1,,"false"
"2026-09-28T20:05:50Z",375,"Nyoni","LIV","-84.2","-84.2","-84.2","-84.2",-3,0,"0.0",49,85,305,3,38,"0.7","a",0,-1,,"false"
"2026-09-28T20:05:50Z",376,"Bajcetic","LIV","0.0","0.0","0.0","0.0",0,0,"0.0",50,0,2,0,0,"0.0","u",0,0,,"false"
"2026-09-28T20:05:50Z",377,"Munoz","LIV","6.3","6.3","6.3","6.3",1,1,"0.9",65,1352,11118,15,257,"1.7","a",0,0,,"false"
"2026-09-28T20:05:50Z",378,"McConnell","LIV","-3.0","-3.0","-3.0","-3.0",-1,0,"0.2",44,1032,1443,0,0,"0.0","a",0,-1,,"false"
"2026-09-28T20:05:50Z",379,"Isak","LIV","10.3","10.0","7.8","5.7",1,-150,"22.5",91,113026,73683,33,413,"7.7","d",0,1,,"false"
"2026-09-28T20:05:50Z",380,"Ekitiké","LIV","-26.4","-26.4","-26.4","-26.4",-2,0,"0.1",74,349,789,0,0,"0.0","i",0,-1,,"false"
"2026-09-28T20:05:50Z",381,"Koumas","LIV","-91.6","-91.6","-91.6","-91.6",-3,0,"0.0",50,145,182,3,22,"0.7","a",0,0,,"false"
"2026-09-28T20:05:50Z",382,"Danns","LIV","3.5","3.5","3.5","3.5",1,1,"0.2",45,3331,2287,0,0,"0.0","a",0,0,,"false"
"2026-09-28T20:05:50Z",383,"Elliott","LIV","0.0","0.0","0.0","0.0",0,-1,"0.0",54,0,218,0,0,"0.0","u",0,-1,,"false"
"2026-09-28T20:05:50Z",579,"Araujo","LIV","32.8","32.8","33.1","33.4",2,20,"3.0",54,15908,10000,22,284,"7.0","a",0,-1,,"false"
"2026-09-28T20:05:50Z",627,"Barcola","LIV","-66.3","-66.2","-65.0","-63.9",-3,14,"1.9",80,9673,18122,7,168,"2.3","a",0,0,,"false"
"2026-09-28T20:05:50Z",155,"Enzo","MCI","1.1","1.1","1.3","1.4",1,9,"3.6",69,29548,13668,13,271,"3.0","a",0,-1,,"false"
"2026-09-28T20:05:50Z",237,"Ndiaye","MCI","-18.8","-18.8","-19.0","-19.2",-1,-14,"6.7",58,6668,66404,22,385,"3.0","a",-1,-2,,"false"
"2026-09-28T20:05:50Z",384,"Donnarumma","MCI","-49.5","-49.5","-49.7","-49.9",-3,-8,"7.6",55,10284,29112,19,450,"5.3","a",0,0,,"false"
"2026-09-28T20:05:50Z",386,"Bettinelli","MCI","-84.5","-84.5","-84.5","-84.5",-3,0,"0.0",45,50,86,0,0,"0.0","a",0,0,,"false"
"2026-09-28T20:05:50Z",387,"O'Reilly","MCI","-3.3","-3.3","-3.4","-3.5",-1,-11,"10.9",63,5046,68098,6,163,"0.7","a",-1,-2,,"false"
"2026-09-28T20:05:50Z",388,"Guéhi","MCI","63.4","63.3","62.9","62.5",3,-30,"18.2",60,22686,48579,30,450,"6.0","a",0,0,,"false"
"2026-09-28T20:05:50Z",389,"Matheus N.","MCI","-32.5","-32.5","-32.5","-32.5",-2,0,"1.0",59,1575,2788,11,213,"3.3","a",0,-1,,"false"
"2026-09-28T20:05:50Z",390,"Rúben","MCI","3.7","3.7","3.7","3.7",1,0,"1.9",55,4442,8759,17,450,"4.3","a",0,0,,"false"
"2026-09-28T20:05:50Z",391,"Gvardiol","MCI","76.6","76.6","76.6","76.7",3,4,"26.8",57,141510,50627,37,434,"7.7","a",0,2,,"false"
"2026-09-28T20:05:50Z",392,"Aït-Nouri","MCI","-94.6","-94.6","-94.6","-94.6",-3,0,"0.4",53,497,2092,0,0,"0.0","a",0,-2,,"false"
"2026-09-28T20:05:50Z",393,"Khusanov","MCI","-33.0","-33.0","-33.5","-33.9",-2,-4,"1.4",54,1346,8715,9,268,"1.7","a",0,-1,,"false"
"2026-09-28T20:05:50Z",394,"Alleyne","MCI","0.0","0.0","0.0","0.0",0,0,"0.0",50,0,18,0,0,"0.0","u",0,0,,"false"
"2026-09-28T20:05:50Z",395,"Lewis","MCI","-62.8","-62.8","-62.8","-62.8",-3,0,"0.2",44,288,1156,1,56,"0.0","a",0,-1,,"false"
"2026-09-28T20:05:50Z",396,"Vitor Reis","MCI","-79.7","-79.7","-79.7","-79.7",-3,0,"0.0",45,70,145,1,1,"0.0","a",0,0,,"false"
"2026-09-28T20:05:50Z",397,"Semenyo","MCI","-18.7","-18.8","-19.0","-19.3",-1,-52,"15.4",84,123334,59860,33,450,"8.7","d",0,-1,,"false"
"2026-09-28T20:05:50Z",398,"Foden","MCI","-45.6","-45.6","-46.3","-47.0",-3,-23,"1.8",69,197,27270,9,217,"-0.3","s",0,-1,,"false"
"2026-09-28T20:05:50Z",399,"Cherki","MCI","-55.7","-55.6","-54.7","-53.8",-3,61,"28.4",78,116349,85014,34,302,"4.0","a",0,3,,"false"
"2026-09-28T20:05:50Z",400,"Doku","MCI","0.1","0.1","0.2","0.3",1,5,"0.7",74,3998,1926,1,15,"0.3","a",0,-1,,"false"
"2026-09-28T20:05:50Z",402,"Rodrigo","MCI","0.0","0.0","0.0","0.0",0,0,"0.0",65,0,23,0,0,"0.0","u",0,0,,"false"
"2026-09-28T20:05:50Z",404,"Reijnders","MCI","0.0","0.0","0.0","0.0",0,0,"0.0",60,0,94,0,0,"0.0","u",0,0,,"false"
"2026-09-28T20:05:50Z",406,"Kovačić","MCI","-92.5","-93.0","-96.9","-100.9",-3,-2,"0.1",54,100,440,2,42,"0.0","a",0,-1,,"false"
"2026-09-28T20:05:50Z",407,"Echeverri","MCI","0.0","0.0","0.0","0.0",0,0,"0.0",49,0,51,0,0,"0.0","u",0,-1,,"false"
"2026-09-28T20:05:50Z",408,"Phillips","MCI","0.0","0.0","0.0","0.0",0,0,"0.0",50,0,12,0,0,"0.0","u",0,0,,"false"
"2026-09-28T20:05:50Z",409,"Mukasa","MCI","0.0","0.0","0.0","0.0",0,0,"0.1",45,0,569,0,0,"0.0","u",0,0,,"false"
"2026-09-28T20:05:50Z",410,"Monga","MCI","0.0","0.0","0.0","0.0",0,0,"0.0",49,0,49,0,0,"0.0","u",0,-1,,"false"
"2026-09-28T20:05:50Z",411,"Haaland","MCI","21.4","21.5","22.2","23.0",2,53,"73.8",156,74468,18600,39,450,"8.0","a",0,1,,"false"
"2026-09-28T20:05:50Z",481,"Anderson","MCI","-39.7","-39.7","-40.0","-40.2",-2,-7,"4.0",63,7466,26798,15,413,"3.3","a",0,-2,,"false"
"2026-09-28T20:05:50Z",587,"Rulli","MCI","-87.3","-87.3","-87.3","-87.3",-3,0,"0.0",50,67,101,0,0,"0.0","a",0,0,,"false"
"2026-09-28T20:05:50Z",616,"Bouaddi","MCI","-30.5","-30.9","-34.4","-37.9",-2,-4,"0.2",55,810,2048,2,22,"0.3","a",0,0,,"false"
"2026-09-28T20:05:50Z",621,"McAidoo","MCI","-85.0","-85.5","-89.1","-92.7",-3,-3,"0.1",45,184,1051,2,11,"0.3","a",0,0,,"false"
"2026-09-28T20:05:50Z",622,"Braithwaite","MCI","-36.5","-36.3","-34.5","-32.7",-2,2,"0.2",40,554,1598,1,1,"0.0","a",0,0,,"false"
"2026-09-28T20:05:50Z",628,"Allan","MCI","0.1","0.1","0.1","0.1",1,0,"0.0",60,210,156,0,0,"0.0","a",0,0,,"false"
"2026-09-28T20:05:50Z",653,"Samba","MCI","-37.2","-37.8","-42.8","-47.8",-2,-1,"0.0",45,237,471,0,0,"0.0","a",0,0,,"false"
"2026-09-28T20:05:50Z",43,"Tielemans","MUN","-35.2","-35.2","-35.2","-35.2",-2,0,"1.5",58,2957,10338,14,402,"3.0","a",0,-2,,"false"
"2026-09-28T20:05:50Z",131,"Baleba","MUN","0.0","0.0","0.0","-1.0",0,-1,"0.1",49,1190,688,0,0,"0.0","a",0,-1,,"false"
"2026-09-28T20:05:50Z",162,"Andrey Santos","MUN","-46.9","-47.1","-48.8","-50.5",-3,-6,"0.6",48,998,4756,4,82,"0.5","a",0,-2,,"false"
"2026-09-28T20:05:50Z",325,"Darlow","MUN","-21.5","-21.5","-21.5","-21.5",-2,0,"0.0",45,57,202,0,0,"0.0","d",0,0,,"false"
"2026-09-28T20:05:50Z",412,"Lammens","MUN","-16.1","-16.1","-16.4","-16.6",-1,-14,"9.9",49,6354,46947,11,450,"2.5","a",0,-1,,"false"
"2026-09-28T20:05:50Z",413,"Bayindir","MUN","0.0","0.0","0.0","0.0",0,0,"0.0",45,0,34,0,0,"0.0","u",0,0,,"false"
"2026-09-28T20:05:50Z",414,"Heaton","MUN","-34.5","-34.5","-34.5","-34.5",-2,0,"0.1",40,188,254,0,0,"0.0","i",0,0,,"false"
"2026-09-28T20:05:50Z",415,"Dorgu","MUN","-54.8","-54.9","-55.5","-56.1",-3,-4,"0.5",58,1018,3791,10,171,"2.5","d",0,-2,,"false"
"2026-09-28T20:05:50Z",416,"De Ligt","MUN","-93.3","-93.3","-93.3","-93.3",-3,0,"0.0",50,68,124,0,0,"0.0","i",0,0,,"false"
"2026-09-28T20:05:50Z",417,"Dalot","MUN","-74.2","-74.3","-74.7","-75.0",-3,-4,"1.6",49,1172,7209,8,346,"1.8","a",0,-1,,"false"
"2026-09-28T20:05:50Z",418,"Maguire","MUN","-1.5","-1.6","-1.8","-1.9",-1,-19,"8.6",48,4064,72909,10,450,"2.2","a",-1,-2,,"false"
"2026-09-28T20:05:50Z",419,"Martinez","MUN","-93.2","-93.3","-93.5","-93.7",-3,-2,"1.3",50,3530,6189,6,360,"1.5","a",0,0,,"false"
"2026-09-28T20:05:50Z",420,"Yoro","MUN","-10.0","-10.1","-10.3","-10.5",-1,-1,"0.5",48,451,2104,2,22,"0.5","a",-1,-2,,"false"
"2026-09-28T20:05:50Z",421,"Heaven","MUN","-97.7","-98.0","-100.3","-102.6",-4,-4,"0.3",44,223,1404,1,90,"0.0","a",0,-1,,"false"
"2026-09-28T20:05:50Z",422,"Mazraoui","MUN","-70.7","-70.9","-71.9","-72.9",-3,-3,"0.5",44,554,2788,3,97,"0.5","a",0,-1,,"false"
"2026-09-28T20:05:50Z",423,"Shaw","MUN","-4.3","-4.3","-4.4","-4.5",-1,-10,"7.7",43,3369,74542,9,335,"2.0","a",-1,-2,,"false"
"2026-09-28T20:05:50Z",424,"Amass","MUN","-43.7","-43.9","-44.8","-45.7",-3,-1,"0.2",40,401,751,0,0,"0.0","a",0,0,,"false"
"2026-09-28T20:05:50Z",425,"Fredricson","MUN","0.0","0.0","0.0","0.0",0,0,"0.0",40,0,46,0,0,"0.0","u",0,0,,"false"
"2026-09-28T20:05:50Z",426,"B.Fernandes","MUN","-1.0","-1.0","-1.1","-1.1",-1,-16,"38.5",119,40424,190751,31,450,"7.2","a",-1,-1,,"false"
"2026-09-28T20:05:50Z",427,"Mbeumo","MUN","-72.8","-72.8","-72.9","-72.9",-3,-8,"20.6",79,34127,125375,25,450,"5.8","a",0,-1,,"false"
"2026-09-28T20:05:50Z",428,"Cunha","MUN","-92.4","-92.4","-91.9","-91.5",-3,17,"5.8",79,20220,20716,26,407,"6.0","a",0,-1,,"false"
"2026-09-28T20:05:50Z",429,"Rashford","MUN","-78.3","-78.4","-79.2","-80.0",-3,-15,"1.5",70,4078,16785,10,351,"2.2","d",0,0,,"false"
"2026-09-28T20:05:50Z",430,"Mount","MUN","0.1","0.1","0.1","0.1",1,0,"0.0",54,172,194,1,10,"0.2","a",0,-1,,"false"
"2026-09-28T20:05:50Z",431,"Amad","MUN","-16.0","-16.0","-16.5","-16.9",-1,-2,"0.3",57,118,1720,0,0,"0.0","i",0,-3,,"false"
"2026-09-28T20:05:50Z",432,"Mainoo","MUN","13.7","13.7","13.4","13.2",1,-18,"1.6",55,7474,14264,22,354,"5.2","d",0,0,,"false"
"2026-09-28T20:05:50Z",433,"Ugarte","MUN","-66.1","-66.1","-66.1","-66.1",-3,0,"0.0",50,22,23,0,0,"0.0","i",0,0,,"false"
"2026-09-28T20:05:50Z",434,"J.Fletcher","MUN","-38.4","-38.4","-38.4","-38.4",-2,0,"0.0",49,41,57,0,0,"0.0","a",0,-1,,"false"
"2026-09-28T20:05:50Z",435,"Lacey","MUN","-4.8","-4.8","-4.8","-4.8",-1,0,"0.1",49,366,338,1,10,"0.0","a",0,-1,,"false"
"2026-09-28T20:05:50Z",436,"Collyer","MUN","0.0","0.0","0.0","0.0",0,0,"0.0",50,0,43,0,0,"0.0","u",0,0,,"false"
"2026-09-28T20:05:50Z",437,"Bendito Mantato","MUN","0.0","0.0","0.0","0.1",0,2,"0.2",44,379,815,0,0,"0.0","a",-1,-1,,"false"
"2026-09-28T20:05:50Z",438,"Fletcher","MUN","0.4","0.4","0.4","0.3",1,-2,"0.3",44,2501,2041,0,0,"0.0","a",0,-1,,"false"
"2026-09-28T20:05:50Z",439,"Šeško","MUN","-38.3","-38.5","-39.8","-41.1",-2,-26,"1.6",70,6531,23099,8,76,"1.8","d",0,0,,"false"
"2026-09-28T20:05:50Z",440,"Zirkzee","MUN","-7.9","-7.9","-7.9","-7.9",-1,0,"0.4",53,1828,3016,2,20,"0.5","a",-1,-2,,"false"
"2026-09-28T20:05:50Z",441,"Obi","MUN","0.0","0.0","0.0","0.0",0,-9,"0.9",45,0,10909,0,0,"0.0","u",0,0,,"false"
"2026-09-28T20:05:50Z",405,"N.Gonzalez","NEW","0.8","0.8","0.8","0.8",1,0,"0.2",55,562,1800,5,164,"1.0","a",0,0,,"false"
"2026-09-28T20:05:50Z",442,"Pope","NEW","-42.5","-42.5","-42.5","-42.5",-3,0,"0.9",49,827,3008,0,0,"0.0","a",0,-1,,"false"
"2026-09-28T20:05:50Z",443,"Gillespie","NEW","-37.4","-37.4","-37.4","-37.4",-2,0,"0.0",45,42,85,0,0,"0.0","a",0,0,,"false"
"2026-09-28T20:05:50Z",444,"Jaouen","NEW","-6.2","-6.2","-6.2","-6.2",-1,0,"0.0",44,19,114,0,0,"0.0","d",-1,-1,,"false"
"2026-09-28T20:05:50Z",445,"Thiaw","NEW","17.3","17.3","17.2","17.2",1,-3,"2.2",50,8147,9497,14,450,"1.7","a",0,0,,"false"
"2026-09-28T20:05:50Z",446,"Schär","NEW","-10.9","-10.9","-10.9","-10.9",-1,0,"0.2",49,527,878,2,25,"0.3","a",0,-1,,"false"
"2026-09-28T20:05:50Z",447,"Botman","NEW","9.4","9.4","9.4","9.3",1,-3,"0.7",50,4524,2826,15,450,"2.3","a",0,0,,"false"
"2026-09-28T20:05:50Z",448,"Burn","NEW","-3.4","-3.4","-3.6","-3.8",-1,-4,"0.7",48,101,5570,0,0,"0.0","i",-1,-2,,"false"
"2026-09-28T20:05:50Z",449,"Hall","NEW","6.2","6.2","6.6","6.9",1,67,"17.3",53,238005,18791,31,449,"5.7","a",1,3,,"false"
"2026-09-28T20:05:50Z",450,"Livramento","NEW","1.5","1.5","1.5","1.5",1,0,"0.1",49,430,1440,4,33,"1.3","d",0,-1,,"false"
"2026-09-28T20:05:50Z",451,"A.Murphy","NEW","0.0","0.0","0.0","0.0",0,0,"0.1",40,0,278,0,0,"0.0","u",0,0,,"false"
"2026-09-28T20:05:50Z",453,"Barnes","NEW","14.8","14.8","15.2","15.5",1,68,"5.6",61,152264,16310,28,450,"7.7","a",1,1,,"false"
"2026-09-28T20:05:50Z",454,"Elanga","NEW","-37.7","-37.8","-38.3","-38.9",-2,-84,"4.6",61,310,162726,18,232,"0.3","i",-1,1,,"false"
"2026-09-28T20:05:50Z",456,"J.Ramsey","NEW","-87.7","-87.9","-89.5","-91.0",-3,-7,"0.2",49,54,4582,7,69,"2.0","i",0,-1,,"false"
"2026-09-28T20:05:50Z",457,"J.Murphy","NEW","-19.6","-19.8","-21.1","-22.4",-1,-1,"0.1",59,908,732,3,181,"0.7","a",0,-1,,"false"
"2026-09-28T20:05:50Z",458,"Joelinton","NEW","-60.6","-60.6","-60.6","-60.6",-3,0,"0.0",54,12,74,0,0,"0.0","i",0,-1,,"false"
"2026-09-28T20:05:50Z",459,"L.Miley","NEW","0.6","0.6","0.6","0.6",1,0,"0.1",55,457,430,12,396,"2.0","a",0,0,,"false"
"2026-09-28T20:05:50Z",460,"Willock","NEW","14.8","14.8","14.8","14.8",1,1,"0.6",50,9315,2562,22,284,"4.3","a",0,0,,"false"
"2026-09-28T20:05:50Z",461,"Touré","NEW","-10.2","-10.2","-10.2","-10.2",-1,0,"0.1",58,312,826,8,50,"2.3","a",0,-2,,"false"
"2026-09-28T20:05:50Z",462,"Steur","NEW","-49.8","-49.8","-49.8","-49.8",-3,0,"0.1",49,259,362,8,223,"2.0","a",0,-1,,"false"
"2026-09-28T20:05:50Z",463,"Woltemade","NEW","0.0","0.0","0.0","0.0",0,-3,"0.5",59,0,3513,4,19,"0.0","u",0,-1,,"false"
"2026-09-28T20:05:50Z",464,"Wissa","NEW","59.7","59.7","59.9","60.1",3,15,"18.7",62,82276,136751,15,441,"1.0","a",0,2,,"false"
"2026-09-28T20:05:50Z",465,"Osula","NEW","-7.5","-7.5","-7.7","-7.8",-1,-1,"0.3",58,118,2265,4,55,"0.0","i",-1,-2,,"false"
"2026-09-28T20:05:50Z",466,"Neave","NEW","0.0","0.0","0.0","0.0",0,-1,"0.5",45,0,3742,0,0,"0.0","u",0,0,,"false"
"2026-09-28T20:05:50Z",559,"Bamba","NEW","-67.0","-67.0","-67.0","-67.0",-3,0,"0.1",49,123,470,3,27,"0.7","a",0,-1,,"false"
"2026-09-28T20:05:50Z",567,"Horníček","NEW","23.1","23.1","23.0","23.0",2,-3,"1.5",50,6873,4669,14,450,"2.0","a",0,0,,"false"
"2026-09-28T20:05:50Z",593,"Dedić","NEW","-9.3","-9.3","-9.7","-10.0",-1,-12,"1.8",45,244,36361,13,327,"0.3","i",0,0,,"false"
"2026-09-28T20:05:50Z",609,"Shahar","NEW","0.0","0.0","0.0","0.0",0,-4,"0.2",40,0,1810,0,0,"0.0","u",0,0,,"false"
"2026-09-28T20:05:50Z",634,"Fernandez-Pardo","NEW","0.7","0.7","0.7","0.7",1,0,"0.1",60,1831,1351,4,157,"1.3","a",0,0,,"false"
"2026-09-28T20:05:50Z",659,"Miley","NEW","0.0","0.0","0.0","0.0",0,1,"0.0",45,1361,624,0,0,"0.0","a",0,0,,"false"
"2026-09-28T20:05:50Z",663,"Pivas","NEW","0.0","0.0","0.0","0.0",0,0,"0.0",40,374,51,0,0,"0.0","a",0,0,"2026-10-02T19:10:51.639791Z","false"
"2026-09-28T20:05:50Z",664,"Salia","NEW","0.0","0.0","0.0","0.0",0,0,"0.1",45,9140,1457,0,0,"0.0","a",0,0,"2026-10-02T19:11:17.402697Z","false"
"2026-09-28T20:05:50Z",665,"Mills","NEW","0.0","0.0","0.0","0.0",0,0,"0.0",45,155,26,0,0,"0.0","a",0,0,"2026-10-02T19:11:39.931907Z","false"
"2026-09-28T20:05:50Z",666,"Thompson","NEW","0.0","0.0","0.0","0.0",0,0,"0.0",45,226,35,0,0,"0.0","a",0,0,"2026-10-02T19:12:09.032926Z","false"
"2026-09-28T20:05:50Z",167,"Delap","NFO","-22.8","-22.8","-22.6","-22.4",-2,4,"2.7",56,24357,27847,9,277,"2.7","a",1,1,,"false"
"2026-09-28T20:05:50Z",201,"Muñoz","NFO","-45.2","-45.3","-45.3","-45.4",-3,-2,"5.7",54,7538,28885,5,257,"1.7","a",0,-1,,"false"
"2026-09-28T20:05:50Z",467,"Sels","NFO","4.4","4.4","4.4","4.3",1,-1,"1.6",50,1891,5847,14,450,"3.7","a",0,0,,"false"
"2026-09-28T20:05:50Z",468,"John","NFO","-71.6","-71.6","-71.6","-71.6",-3,0,"0.1",45,57,146,0,0,"0.0","a",0,0,,"false"
"2026-09-28T20:05:50Z",469,"N.Williams","NFO","23.7","23.7","23.5","23.3",2,-14,"8.7",50,10593,43913,19,450,"3.7","a",0,0,,"false"
"2026-09-28T20:05:50Z",470,"Morato","NFO","0.0","0.0","0.0","0.0",0,0,"0.0",50,0,111,0,0,"0.0","u",0,0,,"false"
"2026-09-28T20:05:50Z",471,"Milenković","NFO","-12.4","-12.4","-12.5","-12.6",-1,-4,"1.0",54,61,11732,12,270,"2.3","i",-1,-1,,"false"
"2026-09-28T20:05:50Z",472,"Murillo","NFO","23.3","23.3","23.4","23.5",2,6,"2.1",55,7802,7667,23,449,"6.0","a",0,0,,"false"
"2026-09-28T20:05:50Z",473,"Aina","NFO","-2.5","-2.5","-2.7","-2.8",-1,-4,"2.4",44,1022,19768,8,306,"1.0","a",-1,-1,,"false"
"2026-09-28T20:05:50Z",474,"Jair Cunha","NFO","-46.5","-46.5","-46.5","-46.5",-3,0,"0.2",45,232,618,11,360,"3.0","a",0,0,,"false"
"2026-09-28T20:05:50Z",475,"Savona","NFO","-16.8","-16.8","-16.8","-16.8",-1,0,"0.0",45,20,17,0,0,"0.0","i",0,0,,"false"
"2026-09-28T20:05:50Z",476,"O.Richards","NFO","-64.9","-64.9","-64.9","-64.9",-3,0,"0.2",40,286,704,0,0,"0.0","a",0,0,,"false"
"2026-09-28T20:05:50Z",477,"Abbott","NFO","0.0","0.0","0.0","0.0",0,0,"0.1",40,0,782,0,0,"0.0","u",0,0,,"false"
"2026-09-28T20:05:50Z",478,"Netz","NFO","-7.3","-7.3","-7.3","-7.3",-1,0,"0.0",44,54,113,3,27,"0.3","a",0,-1,,"false"
"2026-09-28T20:05:50Z",479,"Bindon","NFO","0.0","0.0","0.0","0.0",0,0,"0.1",40,0,507,0,0,"0.0","u",0,0,,"false"
"2026-09-28T20:05:50Z",480,"Gibbs-White","NFO","49.5","49.5","49.8","50.1",3,19,"15.7",80,62223,78813,28,450,"4.3","a",0,0,,"false"
"2026-09-28T20:05:50Z",482,"Hudson-Odoi","NFO","-36.5","-36.5","-36.5","-36.5",-2,0,"0.1",58,245,1121,1,1,"0.0","a",0,-2,,"false"
"2026-09-28T20:05:50Z",483,"Ndoye","NFO","13.0","13.0","13.0","12.9",1,-2,"0.7",55,717,7871,15,316,"1.0","a",0,0,,"false"
"2026-09-28T20:05:50Z",484,"Hutchinson","NFO","0.0","0.0","0.0","0.0",0,0,"0.1",54,0,343,0,0,"0.0","u",0,-1,,"false"
"2026-09-28T20:05:50Z",485,"Bakwa","NFO","0.0","0.0","0.0","0.0",0,0,"0.0",55,0,32,0,0,"0.0","u",0,0,,"false"
"2026-09-28T20:05:50Z",486,"McAtee","NFO","2.2","2.2","2.2","2.2",1,0,"0.1",55,334,880,12,416,"2.3","a",0,0,,"false"
"2026-09-28T20:05:50Z",487,"Dominguez","NFO","-64.8","-64.8","-64.8","-64.8",-3,0,"0.1",49,61,286,1,1,"0.0","a",0,-1,,"false"
"2026-09-28T20:05:50Z",488,"I.Sangaré","NFO","-93.9","-93.9","-93.9","-93.9",-3,0,"0.4",49,286,2918,4,105,"0.7","a",0,-1,,"false"
"2026-09-28T20:05:50Z",489,"Yates","NFO","-84.6","-84.7","-85.2","-85.7",-3,-4,"1.2",45,569,7105,0,0,"0.0","a",0,0,,"false"
"2026-09-28T20:05:50Z",490,"Wood","NFO","-38.0","-38.0","-38.0","-38.0",-2,0,"0.9",58,1836,6239,4,62,"1.0","a",0,-2,,"false"
"2026-09-28T20:05:50Z",491,"Igor Jesus","NFO","0.1","0.1","0.0","-0.0",1,-4,"2.6",58,6816,22370,12,257,"3.0","a",0,-2,,"false"
"2026-09-28T20:05:50Z",493,"Kalimuendo","NFO","0.0","0.0","0.0","0.0",0,0,"0.1",54,210,401,1,1,"0.0","a",0,-1,,"false"
"2026-09-28T20:05:50Z",558,"Schlager","NFO","0.4","0.4","0.5","0.5",1,1,"0.1",50,211,748,13,376,"2.7","a",0,0,,"false"
"2026-09-28T20:05:50Z",581,"Diomande","NFO","-48.5","-48.5","-48.5","-48.5",-3,0,"0.5",54,1450,2158,7,163,"2.3","a",0,-1,,"false"
"2026-09-28T20:05:50Z",590,"Benda","NFO","0.0","0.0","0.0","0.0",0,0,"0.1",45,120,230,0,0,"0.0","a",0,0,,"false"
"2026-09-28T20:05:50Z",112,"Van Hecke","TOT","-26.5","-26.5","-26.4","-26.3",-2,4,"6.5",49,17545,26612,24,450,"7.3","a",0,-1,,"false"
"2026-09-28T20:05:50Z",147,"Tosin","TOT","-37.6","-37.6","-37.6","-37.6",-2,0,"0.1",44,97,540,1,5,"0.2","a",0,-1,,"false"
"2026-09-28T20:05:50Z",401,"Marmoush","TOT","36.4","36.4","36.5","36.5",2,4,"2.1",70,10215,20847,8,339,"2.0","a",0,0,,"false"
"2026-09-28T20:05:50Z",403,"Sávio","TOT","10.4","10.4","10.4","10.4",1,-1,"0.7",65,2712,6512,8,240,"2.7","a",0,0,,"false"
"2026-09-28T20:05:50Z",455,"Tonali","TOT","-18.1","-18.2","-18.3","-18.3",-1,-2,"1.8",53,2171,14520,14,427,"3.3","a",-1,-2,,"false"
"2026-09-28T20:05:50Z",494,"Vicario","TOT","0.0","0.0","0.0","0.0",0,0,"0.1",45,0,688,0,0,"0.0","u",0,0,,"false"
"2026-09-28T20:05:50Z",495,"Austin","TOT","2.1","2.1","2.1","2.1",1,0,"1.0",40,1838,2081,0,0,"0.0","a",0,0,,"false"
"2026-09-28T20:05:50Z",496,"Kinsky","TOT","-48.9","-48.9","-49.0","-49.0",-3,-4,"17.3",45,16668,107387,18,450,"5.0","a",0,0,,"false"
"2026-09-28T20:05:50Z",497,"Dubravka","TOT","-23.5","-23.5","-23.5","-23.6",-2,-3,"17.1",40,25206,45982,0,0,"0.0","a",0,0,,"false"
"2026-09-28T20:05:50Z",498,"Senesi","TOT","-52.3","-52.3","-52.7","-53.2",-3,-10,"3.5",58,1122,20741,3,90,"0.0","a",0,-2,,"false"
"2026-09-28T20:05:50Z",499,"Pedro Porro","TOT","-28.5","-28.5","-29.0","-29.5",-2,-44,"7.6",54,1644,71876,9,198,"2.7","d",0,-1,,"false"
"2026-09-28T20:05:50Z",500,"Romero","TOT","0.0","0.0","0.0","0.0",0,0,"0.1",50,0,277,0,0,"0.0","u",0,0,,"false"
"2026-09-28T20:05:50Z",502,"Robertson","TOT","0.4","0.4","0.4","0.3",1,-1,"2.5",44,5222,12171,17,366,"4.0","a",0,-1,,"false"
"2026-09-28T20:05:50Z",503,"Van de Ven","TOT","-20.8","-20.8","-20.9","-21.0",-2,-2,"3.8",50,5392,19012,16,360,"5.3","a",0,0,,"false"
"2026-09-28T20:05:50Z",505,"Spence","TOT","0.0","0.0","0.0","0.0",0,0,"0.2",45,0,1134,0,0,"0.0","u",0,0,,"false"
"2026-09-28T20:05:50Z",506,"Udogie","TOT","-19.7","-19.7","-19.7","-19.7",-1,0,"0.3",44,324,1563,7,86,"1.7","a",0,-1,,"false"
"2026-09-28T20:05:50Z",507,"Phillips","TOT","0.0","0.0","0.0","0.0",0,0,"0.0",45,0,54,0,0,"0.0","u",0,0,,"false"
"2026-09-28T20:05:50Z",508,"Davies","TOT","1.5","1.5","1.5","1.5",1,1,"0.9",39,7123,3683,0,0,"0.0","a",-1,-1,,"false"
"2026-09-28T20:05:50Z",509,"Byfield","TOT","-3.7","-3.7","-3.7","-3.7",-1,0,"0.1",40,118,237,0,0,"0.0","a",0,0,,"false"
"2026-09-28T20:05:50Z",510,"Rowswell","TOT","-15.7","-15.7","-15.7","-15.7",-1,0,"0.1",40,148,329,0,0,"0.0","a",0,0,,"false"
"2026-09-28T20:05:50Z",511,"Souza","TOT","0.0","0.0","0.0","0.0",0,0,"0.2",40,0,855,0,0,"0.0","u",0,0,,"false"
"2026-09-28T20:05:50Z",512,"Kudus","TOT","2.0","2.0","2.0","2.0",1,0,"0.2",65,2130,1071,7,123,"2.0","a",0,0,,"false"
"2026-09-28T20:05:50Z",513,"Xavi","TOT","-16.5","-16.5","-16.5","-16.5",-1,0,"0.0",59,50,79,0,0,"0.0","i",0,-1,,"false"
"2026-09-28T20:05:50Z",514,"Tel","TOT","-25.0","-25.0","-25.0","-25.0",-2,0,"0.2",57,194,1890,8,257,"1.3","a",-1,-3,,"false"
"2026-09-28T20:05:50Z",515,"Maddison","TOT","-68.1","-68.0","-67.3","-66.5",-3,2,"0.4",63,711,1912,3,59,"0.7","a",0,-2,,"false"
"2026-09-28T20:05:50Z",516,"Bentancur","TOT","-71.4","-71.4","-71.4","-71.4",-3,0,"0.2",55,342,664,15,370,"4.0","a",0,0,,"false"
"2026-09-28T20:05:50Z",517,"Odobert","TOT","0.0","0.0","0.0","0.0",0,0,"0.0",55,22,13,0,0,"0.0","i",0,0,,"false"
"2026-09-28T20:05:50Z",518,"P.M.Sarr","TOT","0.0","0.0","0.0","0.0",0,0,"0.1",49,0,645,0,0,"0.0","u",0,-1,,"false"
"2026-09-28T20:05:50Z",519,"Gallagher","TOT","0.1","0.1","0.1","0.1",1,0,"0.2",53,776,623,9,134,"3.0","a",0,-2,,"false"
"2026-09-28T20:05:50Z",520,"Bergvall","TOT","-2.6","-2.6","-2.6","-2.6",-1,0,"0.1",53,99,599,3,78,"0.7","a",-1,-2,,"false"
"2026-09-28T20:05:50Z",521,"Kulusevski","TOT","-78.8","-78.8","-78.8","-78.8",-3,0,"0.0",65,82,63,0,0,"0.0","i",0,0,,"false"
"2026-09-28T20:05:50Z",522,"Gray","TOT","-22.7","-22.9","-24.6","-26.3",-2,-2,"0.2",49,452,1149,9,307,"1.7","a",0,-1,,"false"
"2026-09-28T20:05:50Z",523,"Moore","TOT","0.0","0.0","0.0","0.0",0,-1,"0.1",50,0,519,3,89,"0.0","u",0,0,,"false"
"2026-09-28T20:05:50Z",524,"Olusesi","TOT","7.7","7.7","7.7","7.6",1,-1,"1.0",44,6021,7409,0,0,"0.0","a",0,-1,,"false"
"2026-09-28T20:05:50Z",525,"Fernandes","TOT","-9.0","-9.0","-9.5","-10.0",-1,-4,"0.8",57,446,6393,7,249,"1.3","a",-1,-3,,"false"
"2026-09-28T20:05:50Z",526,"Solanke","TOT","-29.1","-29.1","-29.1","-29.1",-2,0,"0.8",58,1764,5471,7,170,"1.7","a",0,-2,,"false"
"2026-09-28T20:05:50Z",527,"Richarlison","TOT","0.0","0.0","0.0","0.0",0,-8,"0.6",59,0,5499,2,67,"0.0","u",0,-1,,"false"
"2026-09-28T20:05:50Z",528,"Scarlett","TOT","0.0","0.0","0.0","0.0",0,-5,"1.1",45,0,7771,0,0,"0.0","u",0,0,,"false"
"2026-09-28T20:05:50Z",578,"Mudryk","TOT","-11.0","-11.0","-11.0","-11.0",-1,0,"0.0",53,19,545,1,16,"0.2","i",-1,-2,,"false"
"2026-09-28T20:05:50Z",601,"Williams-Barnett","TOT","-50.3","-50.3","-50.3","-50.3",-3,0,"0.1",45,161,738,0,0,"0.0","a",0,0,,"false"
"2026-09-28T20:05:50Z",501,"Danso","SUN","-80.4","-80.4","-80.4","-80.4",-3,0,"0.2",50,1118,805,3,270,"1.0","a",0,0,,"false"
"2026-09-28T20:05:50Z",529,"Roefs","SUN","-15.6","-15.6","-15.9","-16.1",-1,-4,"2.5",49,1991,11176,11,450,"2.5","a",0,-1,,"false"
"2026-09-28T20:05:50Z",530,"Patterson","SUN","0.0","0.0","0.0","0.0",0,0,"0.1",40,0,336,0,0,"0.0","u",0,0,,"false"
"2026-09-28T20:05:50Z",531,"Ellborg","SUN","-99.8","-99.8","-99.8","-99.8",-4,0,"0.1",45,126,237,0,0,"0.0","a",0,0,,"false"
"2026-09-28T20:05:50Z",532,"Ballard","SUN","-50.6","-50.7","-51.1","-51.6",-3,-14,"2.5",49,3571,15828,14,450,"3.5","d",0,-1,,"false"
"2026-09-28T20:05:50Z",533,"Mukiele","SUN","-16.2","-16.2","-16.0","-15.7",-1,3,"1.9",54,4940,8478,13,360,"3.2","a",0,-1,,"false"
"2026-09-28T20:05:50Z",534,"Hume","SUN","-7.3","-7.3","-7.5","-7.6",-1,-6,"2.8",43,1183,28772,10,206,"2.0","a",-1,-2,,"false"
"2026-09-28T20:05:50Z",535,"Alderete","SUN","-6.2","-6.2","-6.2","-6.2",-1,0,"0.2",48,211,1028,1,23,"0.0","a",-1,-2,,"false"
"2026-09-28T20:05:50Z",536,"Reinildo","SUN","-0.0","-0.0","-0.0","-0.0",0,0,"0.3",44,175,1532,7,360,"1.5","a",-1,-1,,"false"
"2026-09-28T20:05:50Z",537,"Seelt","SUN","0.0","0.0","0.0","0.0",0,0,"0.0",45,0,22,0,0,"0.0","u",0,0,,"false"
"2026-09-28T20:05:50Z",538,"Hjelde","SUN","0.0","0.0","0.0","0.0",0,0,"0.0",40,0,149,0,0,"0.0","u",0,0,,"false"
"2026-09-28T20:05:50Z",539,"O'Nien","SUN","3.9","3.9","3.9","3.9",1,3,"2.5",39,17078,11101,1,66,"0.0","a",-1,-1,,"false"
"2026-09-28T20:05:50Z",540,"Masuaku","SUN","0.0","0.0","0.0","0.0",0,0,"0.1",40,0,604,0,0,"0.0","u",0,0,,"false"
"2026-09-28T20:05:50Z",541,"Meunier","SUN","-32.1","-32.1","-32.1","-32.1",-2,0,"0.3",45,1558,825,14,396,"3.2","a",0,0,,"false"
"2026-09-28T20:05:50Z",542,"E.Le Fée","SUN","-4.1","-4.1","-4.2","-4.3",-1,-4,"3.4",57,10886,23081,18,438,"4.0","a",-1,-3,,"false"
"2026-09-28T20:05:50Z",543,"Diarra","SUN","-101.5","-101.5","-101.5","-101.5",-5,0,"0.0",54,19,217,5,28,"1.0","i",0,-1,,"false"
"2026-09-28T20:05:50Z",544,"Xhaka","SUN","-70.7","-70.7","-70.9","-71.0",-3,-3,"3.6",55,5969,22501,21,450,"3.0","a",0,0,,"false"
"2026-09-28T20:05:50Z",545,"Sadiki","SUN","-70.9","-70.9","-70.9","-70.9",-3,0,"0.2",49,390,1295,10,410,"2.0","a",0,-1,,"false"
"2026-09-28T20:05:50Z",546,"Adingra","SUN","0.0","0.0","0.0","0.0",0,0,"0.0",49,0,184,0,0,"0.0","u",0,-1,,"false"
"2026-09-28T20:05:50Z",547,"Mundle","SUN","-75.4","-75.4","-75.4","-75.4",-3,0,"0.0",49,10,52,1,1,"0.2","i",0,-1,,"false"
"2026-09-28T20:05:50Z",548,"Rigg","SUN","-73.9","-73.9","-73.9","-73.9",-3,0,"0.0",49,29,219,2,17,"0.2","a",0,-1,,"false"
"2026-09-28T20:05:50Z",549,"Talbi","SUN","-28.0","-28.0","-28.0","-28.0",-2,0,"0.1",53,104,548,1,31,"0.0","a",0,-2,,"false"
"2026-09-28T20:05:50Z",550,"Jocelin.T","SUN","-91.9","-91.9","-91.9","-91.9",-3,0,"0.0",50,27,39,0,0,"0.0","a",0,0,,"false"
"2026-09-28T20:05:50Z",551,"N.Angulo","SUN","1.3","1.3","1.3","1.3",1,1,"0.1",50,489,753,16,313,"2.8","a",0,0,,"false"
"2026-09-28T20:05:50Z",552,"Brobbey","SUN","79.2","79.2","79.2","79.1",3,-2,"7.0",57,192801,41476,24,399,"5.5","d",-1,-3,,"false"
"2026-09-28T20:05:50Z",553,"Isidor","SUN","3.0","3.0","3.0","2.9",1,-5,"1.3",55,3006,11243,15,117,"3.5","a",0,0,,"false"
"2026-09-28T20:05:50Z",612,"Methalie","SUN","0.0","0.0","0.0","0.1",0,1,"0.0",45,107,64,-1,90,"-0.2","a",0,0,,"false"
"2026-09-28T20:05:50Z",613,"Ahoka","SUN","-43.6","-43.6","-43.6","-43.6",-3,0,"0.2",45,571,1553,0,0,"0.0","a",0,0,,"false"
"2026-09-28T20:05:50Z",646,"Fofana","SUN","-13.2","-12.5","-6.7","-0.9",-1,1,"0.0",55,316,291,3,60,"1.0","a",0,0,,"false"
"2026-09-28T20:05:50Z",651,"J.Angulo","SUN","4.7","4.7","4.7","4.7",1,1,"0.7",45,8454,7057,0,0,"0.0","a",0,0,,"false"
