snapshot_utc,element_id,web_name,team,progress_pct,proj_0,proj_1,proj_2,likelihood,hourly_rate,selected_by_percent,now_cost,transfers_in_event,transfers_out_event,total_points,minutes,form,status,cost_change_event,cost_change_start,locked_until,calibrating
"2026-10-06T00:20:51Z",1,"Raya","ARS","1.8","1.8","1.9","2.0",1,11,"42.3",61,137970,56586,30,450,"6.0","a",1,1,,"false"
"2026-10-06T00:20:51Z",2,"Arrizabalaga","ARS","-53.6","-53.6","-53.6","-53.6",-3,0,"0.1",49,121,281,0,0,"0.0","a",0,-1,,"false"
"2026-10-06T00:20:51Z",3,"Meslier","ARS","-42.0","-42.0","-42.0","-42.0",-3,0,"0.0",49,50,130,0,0,"0.0","a",0,-1,,"false"
"2026-10-06T00:20:51Z",4,"Gabriel","ARS","-94.8","-94.8","-94.8","-94.8",-3,3,"22.7",80,28784,72164,25,450,"4.0","a",0,0,,"false"
"2026-10-06T00:20:51Z",5,"J.Timber","ARS","12.5","12.7","13.0","13.2",1,16,"0.4",65,14715,4730,1,104,"0.3","a",0,0,,"false"
"2026-10-06T00:20:51Z",6,"Saliba","ARS","-27.6","-27.6","-27.6","-27.6",-2,0,"0.2",59,440,1197,0,0,"0.0","i",0,-1,,"false"
"2026-10-06T00:20:51Z",7,"Lewis-Skelly","ARS","-17.7","-18.3","-18.9","-19.5",-1,-4,"0.6",54,1057,5229,9,271,"1.0","a",-1,-1,,"false"
"2026-10-06T00:20:51Z",8,"Calafiori","ARS","0.0","0","0","0",0,0,"50.5",59,90551,68913,29,416,"3.0","a",1,4,,"true"
"2026-10-06T00:20:51Z",9,"Hincapie","ARS","-6.4","-6.6","-6.7","-6.8",-1,-1,"0.9",52,1584,6027,2,32,"0.3","a",-1,-3,,"false"
"2026-10-06T00:20:51Z",10,"White","ARS","-55.0","-55.5","-56.1","-56.6",-3,-30,"4.8",55,3307,72668,21,315,"1.0","d",0,0,,"false"
"2026-10-06T00:20:51Z",11,"Mosquera","ARS","-28.5","-28.7","-29.0","-29.2",-2,-2,"1.6",53,1400,10198,12,168,"0.0","a",0,-2,,"false"
"2026-10-06T00:20:51Z",12,"Saka","ARS","0.0","0","0","0",0,0,"14.1",96,150545,51781,32,416,"4.0","a",1,1,,"true"
"2026-10-06T00:20:51Z",13,"Rice","ARS","-39.1","-39.4","-39.7","-40.0",-2,-38,"11.5",74,7824,93040,20,411,"4.0","d",0,-1,,"false"
"2026-10-06T00:20:51Z",14,"Eze","ARS","-0.2","-0.2","-0.2","-0.2",-1,0,"1.0",62,2940,7260,4,85,"0.7","a",-1,-3,,"false"
"2026-10-06T00:20:51Z",15,"Ødegaard","ARS","1.2","1.7","2.3","2.8",1,36,"19.8",68,88625,96945,29,377,"5.0","a",0,3,,"false"
"2026-10-06T00:20:51Z",16,"Madueke","ARS","-27.8","-27.8","-27.8","-27.8",-2,0,"0.2",62,800,1644,2,23,"0.3","a",0,-3,,"false"
"2026-10-06T00:20:51Z",17,"Merino","ARS","-0.4","-0.4","-0.4","-0.4",-1,0,"0.4",57,845,3036,4,81,"0.7","a",-1,-3,,"false"
"2026-10-06T00:20:51Z",18,"Martinelli","ARS","0.0","0.0","0.0","0.0",0,0,"0.1",63,0,623,0,0,"0.0","u",0,-2,,"false"
"2026-10-06T00:20:51Z",19,"Zubimendi","ARS","-53.3","-54.4","-55.6","-56.7",-3,-4,"0.6",53,541,3966,5,89,"1.0","a",0,-2,,"false"
"2026-10-06T00:20:51Z",20,"Dowman","ARS","-17.3","-17.3","-17.3","-17.3",-1,0,"0.1",53,481,646,1,9,"0.3","d",0,-2,,"false"
"2026-10-06T00:20:51Z",22,"Nwaneri","ARS","0.0","0.0","0.0","0.0",0,0,"0.0",54,0,58,0,0,"0.0","u",0,-1,,"false"
"2026-10-06T00:20:51Z",23,"Fábio Vieira","ARS","0.0","0.0","0.0","0.0",0,0,"0.0",55,0,44,0,0,"0.0","u",0,0,,"false"
"2026-10-06T00:20:51Z",24,"Nelson","ARS","0.0","0.0","0.0","0.0",0,0,"0.0",55,0,24,0,0,"0.0","u",0,0,,"false"
"2026-10-06T00:20:51Z",25,"Gyökeres","ARS","0.7","1.5","2.3","3.1",1,51,"3.2",71,18224,18532,2,29,"0.7","a",-1,-4,,"false"
"2026-10-06T00:20:51Z",26,"Havertz","ARS","-0.9","-1.7","-2.5","-3.4",-1,-76,"8.1",76,51029,76041,19,437,"3.7","d",0,1,,"false"
"2026-10-06T00:20:51Z",27,"G.Jesus","ARS","0.0","0.0","0.0","0.0",0,0,"0.1",59,0,1096,0,0,"0.0","u",0,-1,,"false"
"2026-10-06T00:20:51Z",31,"Konsa","ARS","0.4","0.2","-0.1","-0.3",1,-47,"19.3",46,97998,64934,12,281,"3.7","d",1,1,,"false"
"2026-10-06T00:20:51Z",452,"Bruno G.","ARS","0.6","0.7","0.8","0.8",1,5,"1.8",67,6531,8263,9,123,"2.7","a",0,-3,,"false"
"2026-10-06T00:20:51Z",557,"Tzolis","ARS","-9.7","-10.1","-10.5","-10.9",-1,-98,"11.9",63,12513,163014,16,362,"3.3","d",-1,-2,,"false"
"2026-10-06T00:20:51Z",29,"M.Bizot","AVL","-41.5","-41.5","-41.5","-41.5",-3,0,"0.1",45,69,1079,1,90,"0.0","i",0,0,,"false"
"2026-10-06T00:20:51Z",30,"Digne","AVL","0.0","0.0","0.0","0.0",0,0,"0.0",45,0,251,0,0,"0.0","u",0,0,,"false"
"2026-10-06T00:20:51Z",32,"Cash","AVL","-25.6","-25.9","-26.2","-26.5",-2,-10,"4.8",44,2961,27076,6,296,"-0.5","a",0,-1,,"false"
"2026-10-06T00:20:51Z",33,"Mings","AVL","0.8","0.8","0.8","0.8",1,0,"0.4",45,2010,1566,10,261,"1.5","a",0,0,,"false"
"2026-10-06T00:20:51Z",34,"Pau","AVL","-1.2","-1.2","-1.2","-1.2",-1,0,"0.3",44,48,3362,3,187,"0.5","i",-1,-1,,"false"
"2026-10-06T00:20:51Z",35,"Bogarde","AVL","-4.4","-6.2","-8.0","-9.9",-1,-1,"0.1",49,179,461,1,16,"0.0","a",-1,-1,,"false"
"2026-10-06T00:20:51Z",36,"Maatsen","AVL","-3.9","-4.2","-4.5","-4.7",-1,-4,"0.5",44,55,6733,9,335,"0.5","i",-1,-1,,"false"
"2026-10-06T00:20:51Z",37,"Lindelöf","AVL","1.1","1.1","1.1","1.0",1,-1,"0.3",45,1229,1434,8,450,"1.0","a",0,0,,"false"
"2026-10-06T00:20:51Z",38,"A.García","AVL","-37.9","-37.9","-37.9","-37.9",-2,0,"1.5",40,1963,6479,0,0,"0.0","a",0,0,,"false"
"2026-10-06T00:20:51Z",39,"Nedeljkovic","AVL","0.0","0.0","0.0","0.0",0,0,"0.1",40,0,601,0,0,"0.0","u",0,0,,"false"
"2026-10-06T00:20:51Z",41,"Buendía","AVL","-33.4","-31.2","-28.8","-26.4",-2,14,"1.0",59,13709,4808,21,401,"7.0","a",0,-1,,"false"
"2026-10-06T00:20:51Z",44,"Bailey","AVL","0.0","0.0","0.0","0.0",0,0,"0.1",54,0,533,0,0,"0.0","u",0,-1,,"false"
"2026-10-06T00:20:51Z",45,"McGinn","AVL","-21.7","-21.8","-22.0","-22.1",-2,-2,"2.2",54,7666,9508,17,434,"6.0","a",0,-1,,"false"
"2026-10-06T00:20:51Z",46,"Barkley","AVL","0.5","0.5","0.5","0.5",1,0,"0.3",50,612,1899,10,308,"1.5","a",0,0,,"false"
"2026-10-06T00:20:51Z",47,"Kamara","AVL","-85.9","-85.9","-85.9","-85.9",-3,0,"0.3",50,1416,1701,15,443,"4.0","a",0,0,,"false"
"2026-10-06T00:20:51Z",48,"Onana","AVL","-11.8","-11.8","-11.8","-11.8",-1,0,"0.0",49,47,103,0,0,"0.0","i",0,-1,,"false"
"2026-10-06T00:20:51Z",49,"Iling Jr","AVL","0.0","0.0","0.0","0.0",0,0,"0.0",50,0,12,0,0,"0.0","u",0,0,,"false"
"2026-10-06T00:20:51Z",50,"Burrowes","AVL","-85.6","-85.6","-85.6","-85.6",-3,0,"0.6",45,673,3593,0,0,"0.0","a",0,0,,"false"
"2026-10-06T00:20:51Z",51,"George Hemmings","AVL","14.4","14.3","14.3","14.2",1,-4,"1.2",45,3422,10431,9,297,"1.0","a",0,0,,"false"
"2026-10-06T00:20:51Z",52,"Alysson","AVL","-5.8","-5.8","-5.8","-5.8",-1,0,"0.0",50,70,835,8,87,"3.0","d",0,0,,"false"
"2026-10-06T00:20:51Z",53,"Manzambi","AVL","9.6","9.8","9.9","10.1",1,10,"0.4",59,30153,3914,14,98,"7.0","a",0,-1,,"false"
"2026-10-06T00:20:51Z",54,"Gomes","AVL","0.1","0.1","0.1","0.1",1,0,"0.0",55,501,210,2,129,"2.0","a",0,0,,"false"
"2026-10-06T00:20:51Z",55,"Watkins","AVL","0.0","0.0","0.0","0.0",0,-2,"2.5",78,0,13911,0,0,"0.0","u",0,-2,,"false"
"2026-10-06T00:20:51Z",56,"Abraham","AVL","3.7","3.7","3.7","3.7",1,1,"0.2",55,1861,1864,4,71,"1.0","a",0,0,,"false"
"2026-10-06T00:20:51Z",160,"Garnacho","AVL","-72.2","-72.2","-72.2","-72.2",-3,0,"0.3",58,600,2931,3,31,"0.0","a",0,-2,,"false"
"2026-10-06T00:20:51Z",166,"N.Jackson","AVL","57.3","57.6","58.0","58.3",3,21,"1.5",65,41175,9162,10,286,"3.0","a",0,0,,"false"
"2026-10-06T00:20:51Z",582,"Madjo","AVL","-27.2","-27.6","-27.9","-28.3",-2,-1,"0.2",54,289,1918,0,0,"0.0","i",0,-1,,"false"
"2026-10-06T00:20:51Z",596,"Ruggeri","AVL","-72.7","-70.7","-68.5","-66.4",-3,1,"0.1",45,631,365,5,113,"1.5","a",0,0,,"false"
"2026-10-06T00:20:51Z",597,"Suzuki","AVL","32.0","31.9","31.9","31.8",2,-3,"1.9",50,14810,7265,16,360,"2.0","a",0,0,,"false"
"2026-10-06T00:20:51Z",606,"Rowe","AVL","0.1","0.1","0.1","0.1",1,0,"0.2",40,336,950,0,0,"0.0","a",0,0,,"false"
"2026-10-06T00:20:51Z",607,"Lynch","AVL","0.0","0.0","0.0","0.0",0,0,"0.1",45,0,745,0,0,"0.0","u",0,0,,"false"
"2026-10-06T00:20:51Z",611,"Wan-Bissaka","AVL","2.2","2.2","2.2","2.2",1,-1,"0.2",45,1568,1530,6,152,"2.0","a",0,0,,"false"
"2026-10-06T00:20:51Z",618,"Goretzka","AVL","-45.3","-45.3","-45.3","-45.3",-3,0,"0.0",59,27,434,0,0,"0.0","i",0,-1,,"false"
"2026-10-06T00:20:51Z",630,"Harwood-Bellis","AVL","0.0","0.0","0.0","0.0",0,0,"0.0",45,213,205,0,0,"0.0","a",0,0,,"false"
"2026-10-06T00:20:51Z",631,"Mbaye","AVL","0.4","0.4","0.4","0.4",1,0,"0.1",60,994,1188,2,33,"1.0","a",0,0,,"false"
"2026-10-06T00:20:51Z",667,"Wright","AVL","0.1","0.2","0.2","0.3",1,4,"0.1",40,8677,999,0,0,"0.0","a",0,0,,"false"
"2026-10-06T00:20:51Z",57,"Petrović","BOU","0.2","0.2","0.3","0.3",1,2,"3.0",45,7143,12939,9,450,"1.5","a",0,0,,"false"
"2026-10-06T00:20:51Z",58,"Forster","BOU","4.9","4.8","4.8","4.7",1,-4,"3.5",40,8928,7984,0,0,"0.0","a",0,0,,"false"
"2026-10-06T00:20:51Z",59,"Dennis","BOU","0.0","0.0","0.0","0.0",0,0,"0.1",40,0,596,0,0,"0.0","u",0,0,,"false"
"2026-10-06T00:20:51Z",60,"Hill","BOU","-33.8","-32.9","-32.1","-31.2",-2,4,"0.8",55,3576,3380,12,450,"3.0","a",0,0,,"false"
"2026-10-06T00:20:51Z",61,"Truffert","BOU","-1.7","-1.7","-1.8","-1.8",-1,-2,"3.0",54,5192,13269,10,450,"2.5","a",-1,-1,,"false"
"2026-10-06T00:20:51Z",62,"Diakité","BOU","-6.3","-6.3","-6.3","-6.3",-1,0,"0.2",49,507,1025,0,0,"0.0","a",-1,-1,,"false"
"2026-10-06T00:20:51Z",63,"Milosavljević","BOU","-3.2","-3.2","-3.2","-3.2",-1,0,"0.0",49,37,51,0,0,"0.0","i",0,-1,,"false"
"2026-10-06T00:20:51Z",64,"Smith","BOU","0.3","0.3","0.3","0.3",1,0,"0.1",45,448,528,4,434,"1.0","a",0,0,,"false"
"2026-10-06T00:20:51Z",65,"J.Araujo","BOU","-12.8","-12.8","-12.8","-12.8",-1,0,"0.0",44,44,59,0,0,"0.0","i",0,-1,,"false"
"2026-10-06T00:20:51Z",66,"Soler","BOU","1.5","1.5","1.5","1.5",1,0,"0.3",40,785,1214,0,0,"0.0","a",0,0,,"false"
"2026-10-06T00:20:51Z",67,"Rayan","BOU","-10.5","-10.8","-11.0","-11.3",-1,-4,"1.6",63,4581,10468,10,434,"2.0","a",-1,-2,,"false"
"2026-10-06T00:20:51Z",68,"Tavernier","BOU","33.8","33.9","34.0","34.2",2,8,"6.8",61,92382,50111,31,424,"5.0","a",0,1,,"false"
"2026-10-06T00:20:51Z",69,"Scott","BOU","-2.9","-4.5","-6.2","-7.9",-1,-108,"5.7",61,26302,47988,30,446,"3.0","d",0,1,,"false"
"2026-10-06T00:20:51Z",70,"Kluivert","BOU","-63.6","-64.3","-65.0","-65.8",-3,-10,"0.8",60,2311,19748,15,294,"4.0","i",0,0,,"false"
"2026-10-06T00:20:51Z",71,"Cook","BOU","-14.5","-14.5","-14.5","-14.5",-1,0,"0.2",50,294,1232,8,180,"0.5","a",0,0,,"false"
"2026-10-06T00:20:51Z",72,"Gannon-Doak","BOU","-70.1","-70.1","-70.1","-70.1",-3,0,"0.1",49,158,412,4,12,"1.0","a",0,-1,,"false"
"2026-10-06T00:20:51Z",73,"Adams","BOU","1.6","1.6","1.6","1.6",1,0,"0.3",50,1199,1772,12,279,"3.0","a",0,0,,"false"
"2026-10-06T00:20:51Z",74,"Brooks","BOU","-21.4","-21.4","-21.4","-21.4",-2,0,"0.1",50,201,351,3,45,"0.5","a",0,0,,"false"
"2026-10-06T00:20:51Z",75,"Christie","BOU","0.4","0.4","0.4","0.4",1,0,"0.0",50,320,273,5,102,"1.5","a",0,0,,"false"
"2026-10-06T00:20:51Z",76,"Tóth.A","BOU","-13.1","-13.1","-13.1","-13.1",-1,0,"0.0",49,29,58,2,17,"0.5","a",0,-1,,"false"
"2026-10-06T00:20:51Z",77,"Adli","BOU","-89.5","-89.5","-89.5","-89.5",-3,0,"0.0",49,29,81,0,0,"0.0","i",0,-1,,"false"
"2026-10-06T00:20:51Z",78,"Kroupi.Jr","BOU","-81.7","-81.7","-81.7","-81.7",-3,0,"0.2",74,220,950,0,0,"0.0","i",0,-1,,"false"
"2026-10-06T00:20:51Z",79,"Evanilson","BOU","55.1","55.2","55.2","55.3",3,4,"3.2",60,20577,22680,18,424,"3.5","a",0,0,,"false"
"2026-10-06T00:20:51Z",80,"Enes Ünal","BOU","0.0","0.0","0.0","0.0",0,0,"0.0",55,0,56,0,0,"0.0","u",0,0,,"false"
"2026-10-06T00:20:51Z",81,"Rodríguez","BOU","-31.2","-31.2","-31.2","-31.2",-2,0,"0.1",60,887,765,2,10,"0.5","a",0,0,,"false"
"2026-10-06T00:20:51Z",566,"Silva","BOU","1.7","1.7","1.7","1.7",1,0,"0.4",50,9000,4553,13,450,"3.0","a",0,0,,"false"
"2026-10-06T00:20:51Z",573,"Sanchez","BOU","-14.2","-14.2","-14.2","-14.2",-1,0,"0.2",44,160,474,0,0,"0.0","a",0,-1,,"false"
"2026-10-06T00:20:51Z",608,"Jebbison","BOU","0.6","0.6","0.6","0.7",1,1,"0.1",50,977,960,3,31,"0.5","a",0,0,,"false"
"2026-10-06T00:20:51Z",615,"Di Gregorio","BOU","-29.7","-29.7","-29.7","-29.7",-2,0,"0.0",45,196,203,0,0,"0.0","a",0,0,,"false"
"2026-10-06T00:20:51Z",82,"Kelleher","BRE","22.0","22.0","22.0","22.1",2,1,"6.1",50,21719,15158,20,450,"4.5","a",0,0,,"false"
"2026-10-06T00:20:51Z",83,"Valdimarsson","BRE","-79.9","-79.9","-79.9","-79.9",-3,0,"0.1",45,326,364,0,0,"0.0","a",0,0,,"false"
"2026-10-06T00:20:51Z",84,"Collins","BRE","-32.6","-33.0","-33.4","-33.8",-2,-6,"0.9",54,128,10185,10,196,"0.0","i",0,-1,,"false"
"2026-10-06T00:20:51Z",85,"Van den Berg","BRE","-88.3","-88.3","-88.3","-88.3",-3,0,"0.1",49,43,393,0,0,"0.0","i",0,-1,,"false"
"2026-10-06T00:20:51Z",86,"Lewis-Potter","BRE","34.3","34.2","34.1","34.1",2,-4,"1.7",55,3992,12780,22,406,"2.0","a",0,0,,"false"
"2026-10-06T00:20:51Z",87,"Ajer","BRE","33.0","33.1","33.1","33.1",2,2,"3.9",45,12807,24658,21,450,"4.0","a",0,0,,"false"
"2026-10-06T00:20:51Z",88,"Kayode","BRE","-40.2","-40.0","-39.9","-39.8",-3,6,"7.6",46,15119,23229,23,294,"3.5","a",0,1,,"false"
"2026-10-06T00:20:51Z",89,"Henry","BRE","-18.1","-18.1","-18.1","-18.1",-1,0,"0.2",44,168,647,1,2,"0.0","a",0,-1,,"false"
"2026-10-06T00:20:51Z",90,"Hickey","BRE","-31.4","-34.1","-36.9","-39.7",-2,-1,"0.1",45,201,272,5,152,"1.0","a",0,0,,"false"
"2026-10-06T00:20:51Z",92,"Ji-soo","BRE","-4.5","-4.5","-4.5","-4.5",-1,0,"0.0",44,65,91,0,0,"0.0","a",-1,-1,,"false"
"2026-10-06T00:20:51Z",93,"Schuster","BRE","6.0","6.1","6.3","6.4",1,10,"0.3",45,16879,2778,21,253,"8.5","a",0,0,,"false"
"2026-10-06T00:20:51Z",94,"Schade","BRE","18.9","19.8","20.8","21.8",1,167,"11.9",62,427714,30801,39,447,"12.0","a",1,2,,"false"
"2026-10-06T00:20:51Z",95,"O.Dango","BRE","-54.5","-55.5","-56.5","-57.6",-3,-3,"0.5",63,905,3958,7,179,"1.0","a",0,-2,,"false"
"2026-10-06T00:20:51Z",96,"Damsgaard","BRE","-5.8","-5.8","-5.8","-5.8",-1,0,"0.4",54,1805,2459,16,283,"2.0","d",0,-1,,"false"
"2026-10-06T00:20:51Z",97,"Jensen","BRE","-62.5","-62.5","-62.5","-62.5",-3,0,"0.1",54,22,699,6,66,"0.0","i",0,-1,,"false"
"2026-10-06T00:20:51Z",98,"Janelt","BRE","83.2","83.2","83.1","83.1",3,-2,"2.5",50,21483,19571,28,450,"3.5","a",0,0,,"false"
"2026-10-06T00:20:51Z",99,"Milambo","BRE","-44.1","-44.1","-44.1","-44.1",-3,0,"0.0",50,8,8,0,0,"0.0","i",0,0,,"false"
"2026-10-06T00:20:51Z",100,"Carvalho","BRE","0.3","0.3","0.3","0.3",1,0,"0.0",50,629,186,6,3,"3.0","a",0,0,,"false"
"2026-10-06T00:20:51Z",102,"Yarmoliuk","BRE","-19.9","-19.6","-19.3","-19.0",-1,1,"0.6",48,1465,3589,9,216,"3.5","a",0,-2,,"false"
"2026-10-06T00:20:51Z",103,"Dasilva","BRE","-68.2","-68.2","-68.2","-68.2",-3,0,"0.0",49,10,112,0,0,"0.0","i",0,-1,,"false"
"2026-10-06T00:20:51Z",105,"Anthony","BRE","1.0","1.0","1.1","1.1",1,4,"0.1",59,2583,686,15,267,"5.5","a",0,-1,,"false"
"2026-10-06T00:20:51Z",106,"Thiago","BRE","13.8","14.2","14.7","15.1",1,28,"9.1",78,66169,41898,10,442,"3.0","a",0,-2,,"false"
"2026-10-06T00:20:51Z",107,"Furo","BRE","-7.5","-7.8","-8.1","-8.3",-1,-4,"0.9",45,966,10119,0,0,"0.0","i",0,0,,"false"
"2026-10-06T00:20:51Z",108,"Wilson","BRE","-12.6","-13.0","-13.4","-13.8",-1,-1,"0.3",54,1333,2607,3,13,"0.0","a",-1,-1,,"false"
"2026-10-06T00:20:51Z",565,"M.Sangaré","BRE","-36.0","-36.3","-36.6","-37.0",-2,-32,"9.8",56,9085,146906,22,321,"2.0","a",-1,1,,"false"
"2026-10-06T00:20:51Z",620,"Diouf","BRE","-37.8","-37.8","-37.8","-37.8",-2,0,"0.1",45,520,726,2,39,"1.0","a",0,0,,"false"
"2026-10-06T00:20:51Z",657,"Nunes","BRE","0.0","0.0","0.0","0.0",0,0,"0.0",45,373,286,0,0,"0.0","a",0,0,,"false"
"2026-10-06T00:20:51Z",660,"Fredrick","BRE","0.0","0.0","0.0","0.0",0,0,"0.0",40,558,72,0,0,"0.0","a",0,0,,"false"
"2026-10-06T00:20:51Z",661,"Balcombe","BRE","0.0","0.0","0.0","0.0",0,0,"0.0",40,3140,615,0,0,"0.0","a",0,0,,"false"
"2026-10-06T00:20:51Z",109,"Verbruggen","BHA","69.0","69.0","69.1","69.1",3,2,"21.6",45,80502,79743,23,450,"7.0","a",0,0,,"false"
"2026-10-06T00:20:51Z",111,"Steele","BHA","-1.2","-1.3","-1.4","-1.5",-1,-2,"4.1",40,7774,16127,0,0,"0.0","a",0,0,,"false"
"2026-10-06T00:20:51Z",113,"F.Kadıoğlu","BHA","-64.2","-64.0","-63.8","-63.6",-3,2,"1.6",44,4471,7657,13,332,"5.5","a",0,-1,,"false"
"2026-10-06T00:20:51Z",114,"Boscagli","BHA","3.0","3.0","3.0","3.0",1,1,"0.3",45,2358,888,19,437,"6.0","a",0,0,,"false"
"2026-10-06T00:20:51Z",115,"De Cuyper","BHA","5.0","5.5","6.0","6.6",1,87,"28.0",50,323083,25574,38,423,"8.5","a",1,5,,"false"
"2026-10-06T00:20:51Z",116,"Dunk","BHA","20.9","20.8","20.8","20.7",2,-4,"1.5",45,7732,11184,22,360,"6.0","d",0,0,,"false"
"2026-10-06T00:20:51Z",117,"Coppola","BHA","-12.0","-12.0","-12.0","-12.0",-1,0,"0.0",45,117,104,0,0,"0.0","a",0,0,,"false"
"2026-10-06T00:20:51Z",118,"Igor","BHA","0.0","0.0","0.0","0.0",0,0,"0.0",45,0,319,0,0,"0.0","u",0,0,,"false"
"2026-10-06T00:20:51Z",119,"Costinha","BHA","0.0","0.0","0.0","0.0",0,0,"0.0",45,187,142,4,68,"1.0","a",0,0,,"false"
"2026-10-06T00:20:51Z",120,"Svoboda","BHA","0.5","0.5","0.5","0.5",1,0,"0.1",50,1368,491,1,4,"0.5","a",0,0,,"false"
"2026-10-06T00:20:51Z",121,"Mitoma","BHA","-26.7","-26.7","-26.7","-26.7",-2,0,"0.0",59,142,188,0,0,"0.0","i",0,-1,,"false"
"2026-10-06T00:20:51Z",122,"Minteh","BHA","-6.5","-6.5","-6.5","-6.5",-1,0,"0.0",58,48,244,0,0,"0.0","i",-1,-2,,"false"
"2026-10-06T00:20:51Z",123,"Hinshelwood","BHA","-44.3","-44.4","-44.6","-44.7",-3,-1,"0.6",59,308,7263,16,63,"0.0","i",0,-1,,"false"
"2026-10-06T00:20:51Z",124,"Groß","BHA","4.6","6.1","7.7","9.3",1,271,"29.5",59,843781,14487,47,450,"15.5","a",2,4,,"false"
"2026-10-06T00:20:51Z",125,"Georginio","BHA","-0.1","-0.1","-0.1","-0.1",-1,0,"0.5",53,2927,4154,6,104,"0.5","a",-1,-2,,"false"
"2026-10-06T00:20:51Z",126,"O'Riley","BHA","-8.9","-8.9","-8.9","-8.9",-1,0,"0.1",54,454,598,2,10,"1.0","a",0,-1,,"false"
"2026-10-06T00:20:51Z",127,"Gomez","BHA","32.9","32.8","32.8","32.7",2,-4,"3.9",50,13222,41599,24,433,"5.5","a",0,0,,"false"
"2026-10-06T00:20:51Z",128,"Buonanotte","BHA","0.0","0.0","0.0","0.0",0,0,"0.0",50,0,7,0,0,"0.0","u",0,0,,"false"
"2026-10-06T00:20:51Z",129,"Ayari","BHA","-46.7","-46.7","-46.7","-46.7",-3,0,"0.4",54,2596,2183,15,333,"5.5","a",0,-1,,"false"
"2026-10-06T00:20:51Z",130,"Wieffer","BHA","-35.0","-35.0","-35.0","-35.0",-2,0,"0.2",49,35,2128,7,156,"0.0","i",0,-1,,"false"
"2026-10-06T00:20:51Z",132,"Howell","BHA","0.0","0.0","0.0","0.0",0,0,"0.0",45,0,226,0,0,"0.0","u",0,0,,"false"
"2026-10-06T00:20:51Z",133,"Watson","BHA","0.0","0.0","0.0","0.0",0,0,"0.0",50,0,5,0,0,"0.0","u",0,0,,"false"
"2026-10-06T00:20:51Z",134,"Oriola","BHA","-88.5","-88.5","-88.5","-88.5",-3,0,"0.2",45,374,1417,0,0,"0.0","a",0,0,,"false"
"2026-10-06T00:20:51Z",135,"Yohanna","BHA","-1.8","-1.8","-1.8","-1.8",-1,0,"0.0",48,27,412,1,12,"0.0","i",-1,-2,,"false"
"2026-10-06T00:20:51Z",137,"Tzimas","BHA","-4.2","-4.2","-4.2","-4.2",-1,0,"0.0",54,40,57,0,0,"0.0","i",0,-1,,"false"
"2026-10-06T00:20:51Z",138,"Kostoulas","BHA","25.9","26.7","27.5","28.3",2,143,"4.5",56,343224,22762,28,353,"10.0","a",1,1,,"false"
"2026-10-06T00:20:51Z",139,"Ferguson","BHA","-62.7","-62.7","-62.7","-62.7",-3,0,"0.0",50,150,272,0,0,"0.0","i",0,0,,"false"
"2026-10-06T00:20:51Z",328,"Struijk","BHA","-10.7","-11.3","-11.9","-12.5",-1,-1,"0.2",49,651,999,7,98,"3.0","d",0,-1,,"false"
"2026-10-06T00:20:51Z",504,"Vuskovic","BHA","61.2","61.4","61.6","61.8",3,12,"3.8",50,64312,15449,32,437,"7.0","a",0,0,,"false"
"2026-10-06T00:20:51Z",594,"David","BHA","0.7","0.7","0.8","0.8",1,2,"0.2",59,3395,2343,1,23,"0.0","a",-1,-1,,"false"
"2026-10-06T00:20:51Z",600,"Osman","BHA","-74.4","-74.4","-74.4","-74.4",-3,0,"0.0",50,118,134,3,40,"0.5","a",0,0,,"false"
"2026-10-06T00:20:51Z",605,"Yalcouyé","BHA","57.3","57.3","57.2","57.1",3,-5,"4.0",45,27918,35424,20,236,"4.5","a",0,0,,"false"
"2026-10-06T00:20:51Z",614,"Hadjam","BHA","-5.5","-5.5","-5.5","-5.5",-1,0,"0.0",45,259,266,0,0,"0.0","a",0,0,,"false"
"2026-10-06T00:20:51Z",624,"Cozier-Duberry","BHA","0.0","0.0","0.0","0.0",0,0,"0.0",50,0,6,0,0,"0.0","u",0,0,,"false"
"2026-10-06T00:20:51Z",639,"Andrés","BHA","1.6","1.6","1.6","1.6",1,0,"0.0",55,2950,349,12,109,"6.0","a",0,0,,"false"
"2026-10-06T00:20:51Z",652,"Azeez","BHA","-32.3","-32.3","-32.3","-32.3",-2,0,"0.0",55,20,46,0,0,"0.0","i",0,0,,"false"
"2026-10-06T00:20:51Z",658,"Ibrahim","BHA","0.0","0.0","0.0","0.0",0,0,"0.0",45,321,224,0,0,"0.0","a",0,0,,"false"
"2026-10-06T00:20:51Z",28,"Martinez","CHE","-7.1","-7.2","-7.4","-7.5",-1,-4,"4.7",50,8595,23435,9,360,"2.3","a",0,0,,"false"
"2026-10-06T00:20:51Z",40,"Rogers","CHE","98.5","99.4","100.5","101.5",4,64,"40.7",77,172885,76157,29,437,"5.3","a",0,2,,"false"
"2026-10-06T00:20:51Z",101,"Henderson","CHE","0.0","0.0","0.0","0.0",0,0,"0.0",49,545,172,2,90,"0.7","a",0,-1,,"false"
"2026-10-06T00:20:51Z",136,"Welbeck","CHE","7.4","7.4","7.4","7.4",1,1,"1.0",59,8600,9958,4,85,"1.3","a",0,-1,,"false"
"2026-10-06T00:20:51Z",140,"Sánchez","CHE","0.0","0.0","0.0","0.0",0,-2,"0.7",49,0,5242,2,90,"0.0","u",0,-1,,"false"
"2026-10-06T00:20:51Z",141,"Jörgensen","CHE","0.0","0.0","0.0","0.0",0,0,"0.0",50,0,34,0,0,"0.0","u",0,0,,"false"
"2026-10-06T00:20:51Z",142,"James","CHE","-0.7","-0.9","-1.0","-1.2",-1,-20,"5.7",53,697,82897,3,292,"0.7","d",-1,-2,,"false"
"2026-10-06T00:20:51Z",143,"Chalobah","CHE","0.0","0.0","0.0","0.0",0,0,"0.1",55,0,346,0,0,"0.0","u",0,0,,"false"
"2026-10-06T00:20:51Z",144,"Gusto","CHE","-4.1","-4.2","-4.5","-4.7",-1,-2,"0.9",49,1686,7203,4,272,"0.7","a",-1,-1,,"false"
"2026-10-06T00:20:51Z",145,"Fofana","CHE","5.1","5.1","5.1","5.1",1,2,"0.2",50,2804,1405,8,312,"2.7","a",0,0,,"false"
"2026-10-06T00:20:51Z",146,"B.Badiashile","CHE","0.0","0.0","0.0","0.0",0,0,"0.0",45,0,49,0,0,"0.0","u",0,0,,"false"
"2026-10-06T00:20:51Z",148,"Hato","CHE","13.3","13.3","13.3","13.3",1,0,"0.8",45,924,7804,8,258,"1.0","a",0,0,,"false"
"2026-10-06T00:20:51Z",149,"Colwill","CHE","-10.7","-10.7","-10.7","-10.7",-1,0,"0.9",48,1227,5741,3,341,"0.7","a",-1,-2,,"false"
"2026-10-06T00:20:51Z",150,"M.Sarr","CHE","0.0","0.0","0.0","0.0",0,0,"0.0",45,0,183,0,0,"0.0","u",0,0,,"false"
"2026-10-06T00:20:51Z",151,"Acheampong","CHE","-13.8","-13.8","-13.8","-13.8",-1,0,"0.3",45,453,2071,5,221,"0.3","a",0,0,,"false"
"2026-10-06T00:20:51Z",152,"Palestra","CHE","-3.0","-3.2","-3.4","-3.5",-1,-1,"0.6",53,271,4239,0,0,"0.0","d",0,-2,,"false"
"2026-10-06T00:20:51Z",154,"Palmer","CHE","-19.1","-20.1","-21.1","-22.2",-2,-121,"25.4",97,52449,192495,28,442,"2.7","d",0,2,,"false"
"2026-10-06T00:20:51Z",156,"Neto","CHE","-6.6","-6.3","-6.1","-5.9",-1,2,"1.4",65,5940,10218,14,332,"2.0","a",0,0,,"false"
"2026-10-06T00:20:51Z",157,"Estêvão","CHE","-34.5","-34.5","-34.5","-34.5",-2,0,"0.7",63,2003,4551,4,23,"1.0","a",0,-2,,"false"
"2026-10-06T00:20:51Z",158,"Gittens","CHE","-5.1","-5.1","-5.1","-5.1",-1,0,"0.0",58,159,271,0,0,"0.0","d",-1,-2,,"false"
"2026-10-06T00:20:51Z",159,"Caicedo","CHE","-4.3","-4.5","-4.7","-4.9",-1,-2,"1.0",53,440,9596,1,13,"0.0","d",0,-2,,"false"
"2026-10-06T00:20:51Z",161,"Lavia","CHE","4.9","4.9","4.9","4.9",1,0,"0.2",50,487,2591,11,258,"1.0","a",0,0,,"false"
"2026-10-06T00:20:51Z",163,"D.Essugo","CHE","0.0","0.0","0.0","0.0",0,0,"0.1",45,0,775,0,0,"0.0","u",0,0,,"false"
"2026-10-06T00:20:51Z",164,"Quenda","CHE","-29.8","-29.8","-29.8","-29.8",-2,0,"0.0",53,77,190,2,27,"0.3","a",0,-2,,"false"
"2026-10-06T00:20:51Z",165,"João Pedro","CHE","-2.5","-2.6","-2.7","-2.7",-1,-110,"64.8",77,72340,420638,33,360,"4.3","d",-1,2,,"false"
"2026-10-06T00:20:51Z",168,"Marc Guiu","CHE","0.0","0.0","0.0","0.0",0,-2,"0.2",50,0,1659,0,0,"0.0","u",0,0,,"false"
"2026-10-06T00:20:51Z",169,"Mheuka","CHE","4.8","4.8","4.8","4.8",1,0,"0.5",45,4832,3751,0,0,"0.0","a",0,0,,"false"
"2026-10-06T00:20:51Z",170,"Emegha","CHE","-1.1","-1.1","-1.1","-1.1",-1,0,"0.1",49,93,1162,0,0,"0.0","i",-1,-1,,"false"
"2026-10-06T00:20:51Z",200,"Lacroix","CHE","-7.9","-7.9","-7.8","-7.8",-1,4,"6.8",59,9077,31344,13,364,"2.0","a",-1,-1,,"false"
"2026-10-06T00:20:51Z",560,"Penders","CHE","-1.6","-1.6","-1.6","-1.6",-1,0,"0.1",44,254,320,0,0,"0.0","a",0,-1,,"false"
"2026-10-06T00:20:51Z",561,"Anselmino","CHE","-1.7","-1.7","-1.7","-1.7",-1,0,"0.0",45,70,111,0,0,"0.0","a",0,0,,"false"
"2026-10-06T00:20:51Z",568,"Barco","CHE","-15.9","-15.9","-15.9","-15.9",-1,0,"0.1",54,256,482,3,115,"0.7","a",0,-1,,"false"
"2026-10-06T00:20:51Z",583,"Chavarria","CHE","-53.1","-53.1","-53.1","-53.1",-3,0,"0.1",49,473,592,5,208,"1.0","a",0,-1,,"false"
"2026-10-06T00:20:51Z",662,"Nicoll-Jazuli","CHE","0.0","0.0","0.0","0.0",0,0,"0.0",45,358,79,1,3,"1.0","a",0,0,,"false"
"2026-10-06T00:20:51Z",91,"Pinnock","COV","-74.5","-74.5","-74.5","-74.5",-3,0,"0.1",45,455,256,14,282,"5.0","a",0,0,,"false"
"2026-10-06T00:20:51Z",104,"Onyeka","COV","-37.2","-37.2","-37.2","-37.2",-2,0,"0.1",49,186,487,9,314,"2.5","a",0,-1,,"false"
"2026-10-06T00:20:51Z",110,"Rushworth","COV","-62.2","-62.2","-62.2","-62.2",-3,0,"0.8",45,2827,6319,16,450,"5.5","a",0,0,,"false"
"2026-10-06T00:20:51Z",171,"Dovin","COV","0.0","0.0","0.0","0.0",0,-3,"1.0",40,0,5199,0,0,"0.0","u",0,0,,"false"
"2026-10-06T00:20:51Z",172,"Wilson","COV","-6.9","-6.9","-6.9","-6.9",-1,0,"0.4",44,259,745,0,0,"0.0","a",0,-1,,"false"
"2026-10-06T00:20:51Z",173,"Thomas","COV","18.5","18.6","18.7","18.8",1,7,"8.5",40,30365,35252,24,437,"4.5","a",0,0,,"false"
"2026-10-06T00:20:51Z",174,"Kitching","COV","0.0","0.0","0.0","0.0",0,0,"0.3",40,0,2006,0,0,"0.0","u",0,0,,"false"
"2026-10-06T00:20:51Z",175,"van Ewijk","COV","-53.5","-53.7","-53.9","-54.1",-3,-19,"8.7",40,1218,82457,6,360,"0.0","d",0,0,,"false"
"2026-10-06T00:20:51Z",176,"Dasilva","COV","-29.2","-28.3","-27.4","-26.5",-2,4,"0.7",40,7377,2078,20,444,"7.5","a",0,0,,"false"
"2026-10-06T00:20:51Z",177,"Kesler-Hayden","COV","0.2","0.2","0.2","0.2",1,0,"0.1",39,4010,1008,0,0,"0.0","i",-1,-1,,"false"
"2026-10-06T00:20:51Z",178,"Bidwell","COV","-32.9","-32.9","-32.9","-32.9",-2,0,"0.1",40,190,323,0,0,"0.0","a",0,0,,"false"
"2026-10-06T00:20:51Z",179,"Latibeaudiere","COV","-82.4","-82.4","-82.4","-82.4",-3,0,"0.0",40,79,148,1,1,"0.5","a",0,0,,"false"
"2026-10-06T00:20:51Z",180,"Woolfenden","COV","0.0","0.0","0.0","0.0",0,0,"0.1",39,178,575,0,0,"0.0","i",-1,-1,,"false"
"2026-10-06T00:20:51Z",181,"Brau","COV","0.0","0.0","0.0","0.0",0,0,"0.0",40,0,112,0,0,"0.0","u",0,0,,"false"
"2026-10-06T00:20:51Z",182,"Amenda","COV","-60.0","-60.1","-60.2","-60.4",-3,-1,"0.6",40,42,7298,4,360,"0.0","i",0,0,,"false"
"2026-10-06T00:20:51Z",183,"Rudoni","COV","0.1","0.1","0.1","0.1",1,0,"0.1",49,1006,758,13,297,"3.5","a",0,-1,,"false"
"2026-10-06T00:20:51Z",184,"Grimes","COV","-32.0","-32.0","-32.0","-32.0",-2,0,"0.1",49,199,936,11,443,"2.5","a",0,-1,,"false"
"2026-10-06T00:20:51Z",185,"Sakamoto","COV","-26.5","-26.5","-26.5","-26.5",-2,0,"0.1",48,133,417,1,31,"0.0","a",0,-2,,"false"
"2026-10-06T00:20:51Z",186,"Mason-Clark","COV","-2.8","-2.8","-2.8","-2.8",-1,0,"0.1",53,79,377,5,231,"1.0","a",-1,-2,,"false"
"2026-10-06T00:20:51Z",187,"Eccles","COV","-5.0","-5.0","-5.0","-5.0",-1,0,"0.0",48,24,98,0,0,"0.0","i",-1,-2,,"false"
"2026-10-06T00:20:51Z",188,"Torp","COV","-13.5","-13.5","-13.5","-13.5",-1,0,"0.1",53,45,474,3,53,"0.5","a",-1,-2,,"false"
"2026-10-06T00:20:51Z",189,"Shepherd","COV","0.8","0.8","0.8","0.8",1,0,"0.3",44,4392,2780,0,0,"0.0","a",0,-1,,"false"
"2026-10-06T00:20:51Z",190,"Tchaouna","COV","-89.4","-89.4","-89.4","-89.4",-3,0,"0.1",54,27,382,5,211,"0.5","a",0,-1,,"false"
"2026-10-06T00:20:51Z",191,"Borges Rodrigues","COV","0.0","0.0","0.0","0.0",0,0,"0.1",45,0,738,0,0,"0.0","u",0,0,,"false"
"2026-10-06T00:20:51Z",192,"Andrews","COV","0.0","0.0","0.0","0.0",0,0,"0.3",45,0,2137,0,0,"0.0","u",0,0,,"false"
"2026-10-06T00:20:51Z",193,"Wright","COV","-1.0","-1.0","-1.0","-1.0",-1,0,"0.1",53,51,605,0,0,"0.0","i",-1,-2,,"false"
"2026-10-06T00:20:51Z",194,"Thomas-Asante","COV","3.2","3.2","3.2","3.3",1,2,"0.8",50,9109,6499,9,227,"2.5","a",0,0,,"false"
"2026-10-06T00:20:51Z",195,"Simms","COV","-0.1","-0.1","-0.1","-0.1",-1,0,"0.6",49,2243,5665,4,104,"0.5","a",-1,-1,,"false"
"2026-10-06T00:20:51Z",196,"Markelo","COV","0.0","0.0","0.0","0.0",0,0,"0.0",50,0,65,0,0,"0.0","u",0,0,,"false"
"2026-10-06T00:20:51Z",197,"Bassette","COV","0.0","0.0","0.0","0.0",0,0,"0.0",45,0,155,0,0,"0.0","u",0,0,,"false"
"2026-10-06T00:20:51Z",492,"Awoniyi","COV","-15.5","-16.0","-16.4","-16.9",-1,-5,"0.4",54,78,5390,3,232,"-1.0","s",-1,-1,,"false"
"2026-10-06T00:20:51Z",575,"Yirenkyi","COV","-3.4","-3.4","-3.4","-3.4",-1,0,"0.1",48,322,1075,9,265,"2.0","a",-1,-2,,"false"
"2026-10-06T00:20:51Z",584,"Hamer","COV","-92.5","-92.5","-92.5","-92.5",-3,0,"0.1",54,43,420,3,32,"0.0","a",0,-1,,"false"
"2026-10-06T00:20:51Z",599,"Cherif","COV","-6.3","-6.3","-6.3","-6.3",-1,0,"0.1",50,582,801,1,30,"0.5","a",0,0,,"false"
"2026-10-06T00:20:51Z",623,"Bentley","COV","2.3","2.4","2.4","2.5",1,3,"0.6",40,8857,2574,0,0,"0.0","a",0,0,,"false"
"2026-10-06T00:20:51Z",655,"Gboho","COV","0.0","0.0","0.0","0.0",0,0,"0.0",55,80,54,0,0,"0.0","a",0,0,,"false"
"2026-10-06T00:20:51Z",656,"Mfuni","COV","0.1","0.1","0.1","0.1",1,0,"0.1",40,1987,923,6,90,"3.0","a",0,0,,"false"
"2026-10-06T00:20:51Z",42,"Guessand","CRY","-30.3","-30.3","-30.3","-30.3",-2,0,"0.0",54,121,281,2,54,"0.0","a",0,-1,,"false"
"2026-10-06T00:20:51Z",153,"Disasi","CRY","-68.9","-68.9","-68.9","-68.9",-3,0,"0.1",45,28,834,1,139,"-1.5","s",0,0,,"false"
"2026-10-06T00:20:51Z",198,"Henderson","CRY","-0.6","-0.8","-1.0","-1.2",-1,-6,"1.3",49,161,12144,5,270,"0.0","i",-1,-1,,"false"
"2026-10-06T00:20:51Z",199,"Benitez","CRY","-24.1","-24.1","-24.1","-24.1",-2,0,"0.1",45,749,417,8,180,"4.0","a",0,0,,"false"
"2026-10-06T00:20:51Z",202,"Richards","CRY","0.0","0.0","0.0","0.0",0,0,"0.6",49,1783,2374,14,450,"5.0","a",-1,-1,,"false"
"2026-10-06T00:20:51Z",203,"Canvot","CRY","-0.3","-0.3","-0.3","-0.3",-1,0,"0.2",48,470,947,10,360,"4.0","a",-1,-2,,"false"
"2026-10-06T00:20:51Z",204,"Mitchell","CRY","28.6","28.6","28.5","28.5",2,-3,"6.1",45,16864,17964,24,419,"4.0","a",0,0,,"false"
"2026-10-06T00:20:51Z",205,"Sosa","CRY","0.0","0.0","0.0","0.0",0,0,"0.0",45,0,118,0,0,"0.0","u",0,0,,"false"
"2026-10-06T00:20:51Z",206,"Chadi Riad","CRY","-6.0","-6.0","-6.0","-6.0",-1,0,"0.0",43,27,143,1,72,"0.0","i",-1,-2,,"false"
"2026-10-06T00:20:51Z",207,"Mingueza","CRY","-95.1","-95.1","-95.1","-95.1",-4,0,"0.1",44,96,303,2,16,"0.0","a",0,-1,,"false"
"2026-10-06T00:20:51Z",208,"Sarr","CRY","0.1","0.1","0.2","0.2",1,3,"0.6",62,2775,2404,1,8,"0.5","a",0,-3,,"false"
"2026-10-06T00:20:51Z",210,"Wharton","CRY","-3.2","-3.4","-3.5","-3.7",-1,-1,"0.7",54,1248,4793,12,436,"2.0","a",-1,-1,,"false"
"2026-10-06T00:20:51Z",211,"Yeremy","CRY","4.9","4.9","4.9","4.8",1,-2,"0.3",55,747,2883,14,307,"1.5","a",0,0,,"false"
"2026-10-06T00:20:51Z",212,"Hughes","CRY","-22.7","-22.9","-23.1","-23.4",-2,-9,"7.3",44,9591,47754,2,29,"0.5","a",0,-1,,"false"
"2026-10-06T00:20:51Z",213,"Lerma","CRY","-3.0","-3.0","-3.0","-3.0",-1,0,"0.1",48,99,403,1,51,"0.5","a",-1,-2,,"false"
"2026-10-06T00:20:51Z",214,"Kamada","CRY","12.3","12.3","12.2","12.2",1,-2,"0.5",50,3535,3301,21,441,"5.5","a",0,0,,"false"
"2026-10-06T00:20:51Z",215,"Devenny","CRY","0.0","0.0","0.0","0.0",0,0,"0.0",50,0,38,0,0,"0.0","u",0,0,,"false"
"2026-10-06T00:20:51Z",216,"Esse","CRY","0.0","0.0","0.0","0.0",0,0,"0.0",50,0,135,0,0,"0.0","u",0,0,,"false"
"2026-10-06T00:20:51Z",217,"M.França","CRY","0.0","0.0","0.0","0.0",0,0,"0.0",49,0,166,0,0,"0.0","u",0,-1,,"false"
"2026-10-06T00:20:51Z",218,"Doucouré","CRY","-3.0","-3.0","-3.0","-3.0",-1,0,"0.0",48,120,309,0,0,"0.0","a",-1,-2,,"false"
"2026-10-06T00:20:51Z",219,"J.Rak-Sakyi","CRY","0.0","0.0","0.0","0.0",0,0,"0.0",49,0,29,0,0,"0.0","u",0,-1,,"false"
"2026-10-06T00:20:51Z",220,"Cardines","CRY","0.0","0.0","0.0","0.0",0,0,"0.0",45,0,3,0,0,"0.0","u",0,0,,"false"
"2026-10-06T00:20:51Z",221,"Drakes-Thomas","CRY","-0.1","-0.1","-0.1","-0.1",-1,0,"0.1",44,161,456,0,0,"0.0","a",-1,-1,,"false"
"2026-10-06T00:20:51Z",222,"Strand Larsen","CRY","5.7","5.7","5.7","5.7",1,0,"0.7",60,5684,4277,14,298,"5.0","a",0,0,,"false"
"2026-10-06T00:20:51Z",223,"Mateta","CRY","-28.6","-28.9","-29.3","-29.6",-2,-7,"1.3",63,237,9774,2,62,"0.0","i",0,-2,,"false"
"2026-10-06T00:20:51Z",224,"Nketiah","CRY","-19.9","-20.3","-20.6","-21.0",-2,-1,"0.5",55,1409,3574,8,175,"0.5","a",0,0,,"false"
"2026-10-06T00:20:51Z",225,"Uche","CRY","0.0","0.0","0.0","0.0",0,0,"0.0",50,0,0,0,0,"0.0","u",0,0,,"false"
"2026-10-06T00:20:51Z",241,"McNeil","CRY","-0.5","-0.5","-0.5","-0.5",-1,0,"0.1",53,85,527,3,84,"0.0","a",-1,-2,,"false"
"2026-10-06T00:20:51Z",555,"Matthews","CRY","-10.0","-10.1","-10.2","-10.3",-1,-1,"1.7",40,1215,3218,0,0,"0.0","a",0,0,,"false"
"2026-10-06T00:20:51Z",577,"Tomiyasu","CRY","-16.6","-16.6","-16.6","-16.6",-1,0,"0.3",44,149,1322,3,189,"0.5","d",0,-1,,"false"
"2026-10-06T00:20:51Z",588,"Khalaili","CRY","7.1","7.1","7.0","7.0",1,-4,"0.3",50,2221,1413,19,379,"6.5","d",0,0,,"false"
"2026-10-06T00:20:51Z",595,"Gozo","CRY","-1.7","-1.7","-1.7","-1.7",-1,0,"0.0",49,41,94,2,28,"0.5","a",-1,-1,,"false"
"2026-10-06T00:20:51Z",633,"Ahanor","CRY","0.1","0.1","0.1","0.1",1,0,"0.0",45,147,114,3,90,"1.5","a",0,0,,"false"
"2026-10-06T00:20:51Z",643,"Chilwell","CRY","-80.5","-82.0","-83.5","-85.0",-3,-4,"0.4",45,612,3108,8,29,"0.5","a",0,0,,"false"
"2026-10-06T00:20:51Z",644,"Timber","CRY","0.2","0.2","0.2","0.2",1,0,"0.0",50,494,336,9,253,"3.5","a",0,0,,"false"
"2026-10-06T00:20:51Z",647,"Osorio","CRY","-81.8","-81.8","-81.8","-81.8",-3,0,"0.0",55,29,81,1,1,"0.0","a",0,0,,"false"
"2026-10-06T00:20:51Z",21,"Nørgaard","EVE","-0.8","-0.8","-0.8","-0.8",-1,0,"0.0",48,63,356,0,0,"0.0","i",-1,-2,,"false"
"2026-10-06T00:20:51Z",209,"Johnson","EVE","-20.4","-20.4","-20.4","-20.4",-2,0,"0.1",59,470,767,9,238,"2.3","a",0,-1,,"false"
"2026-10-06T00:20:51Z",226,"Pickford","EVE","31.6","31.6","31.6","31.7",2,2,"9.1",55,31033,17527,25,450,"5.0","a",0,0,,"false"
"2026-10-06T00:20:51Z",227,"Travers","EVE","-34.6","-34.6","-34.6","-34.6",-2,0,"0.0",50,270,284,0,0,"0.0","a",0,0,,"false"
"2026-10-06T00:20:51Z",228,"King","EVE","-45.5","-45.5","-45.5","-45.5",-3,0,"0.0",45,123,186,0,0,"0.0","a",0,0,,"false"
"2026-10-06T00:20:51Z",229,"Tarkowski","EVE","2.1","2.3","2.5","2.8",1,38,"16.8",62,250749,25054,43,450,"8.3","a",1,2,,"false"
"2026-10-06T00:20:51Z",230,"Branthwaite","EVE","38.6","38.7","38.8","38.9",2,7,"2.4",55,22040,8165,27,450,"5.7","a",0,0,,"false"
"2026-10-06T00:20:51Z",231,"Keane","EVE","-43.1","-43.1","-43.1","-43.1",-3,0,"0.7",48,437,4091,0,0,"0.0","a",0,-2,,"false"
"2026-10-06T00:20:51Z",232,"O'Brien","EVE","-5.1","-5.1","-5.1","-5.1",-1,0,"0.3",48,368,1261,2,16,"0.7","a",-1,-2,,"false"
"2026-10-06T00:20:51Z",233,"Mykolenko","EVE","0.9","0.8","0.7","0.6",1,-18,"4.1",46,41807,28838,27,450,"5.7","d",1,1,,"false"
"2026-10-06T00:20:51Z",234,"Patterson","EVE","0.0","0.0","0.0","0.0",0,0,"0.0",45,0,136,0,0,"0.0","u",0,0,,"false"
"2026-10-06T00:20:51Z",235,"Aznou","EVE","0.0","0.0","0.0","0.0",0,0,"0.1",40,0,605,0,0,"0.0","u",0,0,,"false"
"2026-10-06T00:20:51Z",236,"Dewsbury-Hall","EVE","-18.5","-18.9","-19.4","-19.8",-1,-16,"5.9",66,35961,52434,20,450,"2.3","a",1,1,,"false"
"2026-10-06T00:20:51Z",238,"Grealish","EVE","9.4","9.4","9.4","9.4",1,1,"0.5",65,4195,3216,6,135,"1.7","a",0,0,,"false"
"2026-10-06T00:20:51Z",239,"Garner","EVE","3.7","3.7","3.7","3.7",1,0,"0.2",60,1989,2196,11,328,"3.0","a",0,0,,"false"
"2026-10-06T00:20:51Z",242,"George","EVE","31.9","31.8","31.8","31.7",2,-4,"0.9",55,2667,11578,19,309,"4.7","a",0,0,,"false"
"2026-10-06T00:20:51Z",243,"Alcaraz","EVE","-50.7","-50.7","-50.7","-50.7",-3,0,"0.1",49,168,430,1,5,"0.0","a",0,-1,,"false"
"2026-10-06T00:20:51Z",244,"Armstrong","EVE","10.0","10.0","10.0","10.0",1,0,"0.4",50,937,3508,16,446,"2.0","a",0,0,,"false"
"2026-10-06T00:20:51Z",245,"Dibling","EVE","-96.2","-96.2","-96.2","-96.2",-4,0,"0.0",54,124,163,1,24,"0.3","a",0,-1,,"false"
"2026-10-06T00:20:51Z",246,"Röhl","EVE","-51.6","-51.6","-51.6","-51.6",-3,0,"0.0",49,8,620,6,249,"0.3","i",0,-1,,"false"
"2026-10-06T00:20:51Z",247,"Hackney","EVE","-6.2","-6.2","-6.2","-6.2",-1,0,"0.2",54,214,1164,10,137,"2.0","a",-1,-1,,"false"
"2026-10-06T00:20:51Z",248,"Beto","EVE","0.0","0.0","0.0","0.0",0,-2,"0.6",54,0,7812,2,31,"0.0","u",0,-1,,"false"
"2026-10-06T00:20:51Z",249,"Barry","EVE","0.9","0.9","1.0","1.1",1,15,"8.3",57,92829,44026,20,417,"3.3","a",1,2,,"false"
"2026-10-06T00:20:51Z",649,"Maitland-Niles","EVE","18.8","18.8","18.8","18.8",1,0,"1.4",45,20888,5386,21,177,"7.0","a",0,0,,"false"
"2026-10-06T00:20:51Z",654,"Graham","EVE","-38.2","-38.2","-38.2","-38.2",-2,0,"0.1",45,251,1049,0,0,"0.0","a",0,0,,"false"
"2026-10-06T00:20:51Z",250,"Leno","FUL","10.1","10.3","10.4","10.6",1,9,"3.4",45,45923,13344,18,450,"6.0","a",0,0,,"false"
"2026-10-06T00:20:51Z",251,"Lecomte","FUL","-25.7","-25.7","-25.7","-25.7",-2,0,"1.1",40,2785,2794,0,0,"0.0","a",0,0,,"false"
"2026-10-06T00:20:51Z",252,"McNally","FUL","0.0","0.0","0.0","0.0",0,0,"0.1",40,0,649,0,0,"0.0","u",0,0,,"false"
"2026-10-06T00:20:51Z",253,"Andersen","FUL","0.9","0.9","0.9","0.9",1,0,"0.2",50,2984,1207,3,190,"0.5","a",0,0,,"false"
"2026-10-06T00:20:51Z",254,"Robinson","FUL","-16.4","-15.3","-14.1","-12.9",-1,11,"1.5",45,18664,7601,12,429,"4.0","a",0,0,,"false"
"2026-10-06T00:20:51Z",255,"J.Cuenca","FUL","-79.8","-79.8","-79.8","-79.8",-3,0,"0.0",45,68,122,3,90,"0.0","a",0,0,,"false"
"2026-10-06T00:20:51Z",256,"Tete","FUL","-1.6","-1.6","-1.6","-1.6",-1,0,"0.2",44,68,1082,0,27,"0.0","a",0,-1,,"false"
"2026-10-06T00:20:51Z",257,"Bassey","FUL","0.6","0.7","0.7","0.8",1,6,"0.7",45,7040,2126,15,450,"6.0","a",0,0,,"false"
"2026-10-06T00:20:51Z",258,"Castagne","FUL","15.7","15.8","15.9","16.1",1,8,"1.0",45,16681,5494,20,408,"3.5","a",0,0,,"false"
"2026-10-06T00:20:51Z",261,"Iwobi","FUL","-59.8","-59.8","-59.8","-59.8",-3,0,"0.7",54,4123,3578,14,408,"4.0","a",0,-1,,"false"
"2026-10-06T00:20:51Z",262,"Smith Rowe","FUL","-1.6","-1.6","-1.6","-1.6",-1,0,"0.2",53,334,1402,3,38,"0.5","a",-1,-2,,"false"
"2026-10-06T00:20:51Z",263,"Kevin","FUL","-13.8","-13.8","-13.8","-13.8",-1,0,"0.0",53,213,306,4,61,"1.0","a",0,-2,,"false"
"2026-10-06T00:20:51Z",264,"Bobb","FUL","-45.9","-43.4","-40.8","-38.1",-3,5,"0.3",55,2784,1964,13,343,"3.0","a",0,0,,"false"
"2026-10-06T00:20:51Z",265,"Berge","FUL","-36.5","-37.2","-37.8","-38.5",-2,-1,"0.3",49,703,1400,11,349,"3.0","a",0,-1,,"false"
"2026-10-06T00:20:51Z",266,"Cairney","FUL","-14.4","-14.4","-14.4","-14.4",-1,0,"0.0",49,11,21,0,0,"0.0","i",0,-1,,"false"
"2026-10-06T00:20:51Z",268,"King","FUL","99.4","100.8","102.3","103.7",5,92,"2.8",55,108311,21301,24,425,"2.5","a",0,0,,"false"
"2026-10-06T00:20:51Z",269,"Sessegnon","FUL","-2.2","-2.2","-2.2","-2.2",-1,0,"0.3",43,337,1382,3,50,"0.0","a",-1,-2,,"false"
"2026-10-06T00:20:51Z",270,"Reed","FUL","-13.3","-13.3","-13.3","-13.3",-1,0,"1.1",44,2942,7329,0,0,"0.0","a",0,-1,,"false"
"2026-10-06T00:20:51Z",271,"Muniz","FUL","-53.7","-53.7","-53.7","-53.7",-3,0,"0.4",54,1922,2854,3,38,"0.5","a",0,-1,,"false"
"2026-10-06T00:20:51Z",272,"Kusi-Asare","FUL","-69.0","-69.1","-69.2","-69.4",-3,-5,"5.4",45,11870,35660,0,0,"0.0","a",0,0,,"false"
"2026-10-06T00:20:51Z",569,"Gonzalo","FUL","64.6","65.1","65.7","66.3",3,36,"4.1",60,83086,35921,14,425,"2.0","a",0,0,,"false"
"2026-10-06T00:20:51Z",570,"Palacios","FUL","-7.8","-7.8","-7.8","-7.8",-1,0,"0.2",54,751,1006,12,226,"0.5","a",0,-1,,"false"
"2026-10-06T00:20:51Z",580,"Charles","FUL","-78.4","-78.4","-78.4","-78.4",-3,0,"0.1",50,773,497,13,303,"4.5","a",0,0,,"false"
"2026-10-06T00:20:51Z",610,"De Fougerolles","FUL","0.0","0.0","0.0","0.0",0,0,"0.1",40,0,526,0,0,"0.0","u",0,0,,"false"
"2026-10-06T00:20:51Z",626,"Zepa","FUL","0.3","0.3","0.3","0.3",1,0,"0.3",44,1149,2425,0,0,"0.0","a",-1,-1,,"false"
"2026-10-06T00:20:51Z",635,"Larsson","FUL","0.0","0.0","0.0","0.0",0,0,"0.0",50,101,76,3,37,"1.0","a",0,0,,"false"
"2026-10-06T00:20:51Z",636,"Ángel","FUL","0.0","0.0","0.0","0.0",0,0,"0.0",50,36,29,0,0,"0.0","a",0,0,,"false"
"2026-10-06T00:20:51Z",650,"Affengruber","FUL","1.7","1.8","1.9","2.0",1,6,"0.1",45,8707,2042,12,180,"6.0","a",0,0,,"false"
"2026-10-06T00:20:51Z",240,"Iroegbunam","HUL","0.1","0.1","0.1","0.1",1,0,"0.0",50,81,146,2,70,"0.5","a",0,0,,"false"
"2026-10-06T00:20:51Z",273,"Phillips","HUL","-30.5","-30.5","-30.5","-30.5",-2,0,"1.4",40,3287,3876,0,0,"0.0","a",0,0,,"false"
"2026-10-06T00:20:51Z",274,"Butland","HUL","-1.0","-1.0","-1.0","-1.0",-1,0,"0.1",44,72,340,0,0,"0.0","i",-1,-1,,"false"
"2026-10-06T00:20:51Z",275,"Cartwright","HUL","0.0","0.0","0.0","0.0",0,0,"0.0",40,0,30,0,0,"0.0","u",0,0,,"false"
"2026-10-06T00:20:51Z",276,"Lo-Tutala","HUL","0.0","0.0","0.0","0.0",0,0,"0.0",40,0,120,0,0,"0.0","u",0,0,,"false"
"2026-10-06T00:20:51Z",277,"Egan","HUL","27.7","27.6","27.5","27.4",2,-8,"7.0",41,30219,31987,26,437,"1.5","a",0,1,,"false"
"2026-10-06T00:20:51Z",278,"Hughes","HUL","0.5","0.4","0.4","0.4",1,-1,"0.2",39,1200,2075,0,0,"0.0","i",0,-1,,"false"
"2026-10-06T00:20:51Z",279,"Ajayi","HUL","73.8","73.6","73.3","73.1",3,-14,"13.9",42,47012,63325,27,423,"1.0","a",0,2,,"false"
"2026-10-06T00:20:51Z",280,"Coyle","HUL","0.2","0.2","0.2","0.2",1,0,"0.7",40,2215,2232,14,348,"1.0","a",0,0,,"false"
"2026-10-06T00:20:51Z",281,"Drameh","HUL","0.0","0.0","0.0","0.0",0,0,"0.0",40,0,266,2,65,"0.0","u",0,0,,"false"
"2026-10-06T00:20:51Z",282,"Giles","HUL","75.0","74.9","74.9","74.8",3,-4,"2.9",40,22997,15044,24,444,"2.0","a",0,0,,"false"
"2026-10-06T00:20:51Z",283,"Jacob","HUL","0.0","0.0","0.0","0.0",0,0,"0.0",40,0,39,0,0,"0.0","u",0,0,,"false"
"2026-10-06T00:20:51Z",284,"McCarthy","HUL","0.5","0.5","0.5","0.5",1,0,"0.1",40,418,466,0,0,"0.0","a",0,0,,"false"
"2026-10-06T00:20:51Z",285,"McNair","HUL","-45.4","-45.4","-45.4","-45.4",-3,0,"0.1",40,206,440,1,26,"0.0","a",0,0,,"false"
"2026-10-06T00:20:51Z",286,"Belloumi","HUL","40.8","41.0","41.2","41.4",3,14,"5.2",51,83287,28107,31,394,"8.5","a",0,1,,"false"
"2026-10-06T00:20:51Z",287,"Millar","HUL","0.0","0.0","0.0","0.0",0,0,"0.0",50,0,327,6,50,"0.0","u",0,0,,"false"
"2026-10-06T00:20:51Z",288,"Dowell","HUL","-0.2","-0.2","-0.2","-0.2",-1,0,"0.3",44,645,2151,0,0,"0.0","a",-1,-1,,"false"
"2026-10-06T00:20:51Z",289,"Crooks","HUL","0.7","0.7","0.7","0.6",1,-2,"0.5",44,5404,4548,3,203,"0.5","a",-1,-1,,"false"
"2026-10-06T00:20:51Z",290,"Slater","HUL","79.5","79.3","79.0","78.8",3,-16,"5.2",45,17127,40855,15,437,"2.0","a",0,0,,"false"
"2026-10-06T00:20:51Z",291,"Matazo","HUL","-17.7","-29.9","-42.6","-55.3",-2,-1,"0.0",45,34,63,0,0,"0.0","i",0,0,,"false"
"2026-10-06T00:20:51Z",292,"Ömür","HUL","-13.6","-13.6","-13.6","-13.6",-1,0,"0.0",49,90,157,0,0,"0.0","a",0,-1,,"false"
"2026-10-06T00:20:51Z",293,"Kamara","HUL","0.0","0.0","0.0","0.0",0,0,"0.0",50,0,14,0,0,"0.0","u",0,0,,"false"
"2026-10-06T00:20:51Z",294,"Zambrano","HUL","-24.9","-24.9","-24.9","-24.9",-2,0,"0.1",45,160,516,0,0,"0.0","a",0,0,,"false"
"2026-10-06T00:20:51Z",295,"McBurnie","HUL","29.5","29.4","29.3","29.2",2,-7,"1.9",55,8996,19259,13,441,"2.5","a",0,0,,"false"
"2026-10-06T00:20:51Z",296,"Akintola","HUL","0.0","0.0","0.0","0.0",0,0,"0.0",50,0,290,0,0,"0.0","u",0,0,,"false"
"2026-10-06T00:20:51Z",297,"Gyabi","HUL","-0.9","-0.9","-0.9","-0.9",-1,0,"0.0",44,70,157,0,0,"0.0","i",-1,-1,,"false"
"2026-10-06T00:20:51Z",298,"Destan","HUL","0.0","0.0","0.0","0.0",0,0,"0.2",45,0,1473,0,0,"0.0","u",0,0,,"false"
"2026-10-06T00:20:51Z",299,"Burstow","HUL","0.0","0.0","0.0","0.0",0,0,"0.0",45,0,232,0,0,"0.0","u",0,0,,"false"
"2026-10-06T00:20:51Z",340,"Gelhardt","HUL","0.0","0.0","0.0","0.0",0,0,"0.0",50,103,118,1,7,"0.5","a",0,0,,"false"
"2026-10-06T00:20:51Z",556,"Targett","HUL","-81.2","-81.4","-81.6","-81.8",-3,-4,"1.6",40,119,10650,1,5,"0.0","d",0,0,,"false"
"2026-10-06T00:20:51Z",563,"Morita","HUL","-1.5","-1.5","-1.5","-1.5",-1,0,"0.0",49,24,193,1,45,"0.0","i",-1,-1,,"false"
"2026-10-06T00:20:51Z",572,"Tzolakis","HUL","1.1","1.2","1.3","1.4",1,16,"12.8",47,133833,25339,34,450,"4.0","a",1,2,,"false"
"2026-10-06T00:20:51Z",574,"Hjertø-Dahl","HUL","-81.5","-81.5","-81.5","-81.5",-3,0,"0.1",49,81,345,1,8,"0.0","a",0,-1,,"false"
"2026-10-06T00:20:51Z",576,"Stroud","HUL","-58.6","-60.9","-63.4","-65.9",-3,-1,"0.1",50,150,498,7,249,"0.5","a",0,0,,"false"
"2026-10-06T00:20:51Z",585,"Herrington","HUL","-29.8","-30.3","-30.9","-31.5",-2,-2,"0.6",40,1101,1823,5,197,"1.0","a",0,0,,"false"
"2026-10-06T00:20:51Z",586,"Mendy","HUL","-0.9","-1.0","-1.0","-1.1",-1,-3,"6.2",41,7894,34840,25,249,"0.5","a",0,1,,"false"
"2026-10-06T00:20:51Z",589,"Gourna-Douath","HUL","-85.6","-85.6","-85.6","-85.6",-3,0,"0.0",50,33,112,4,138,"0.5","a",0,0,,"false"
"2026-10-06T00:20:51Z",617,"Cho","HUL","0.2","0.3","0.3","0.3",1,1,"0.0",50,376,164,9,72,"3.5","a",0,0,,"false"
"2026-10-06T00:20:51Z",632,"Ansah","HUL","-73.0","-73.0","-73.0","-73.0",-3,0,"0.0",50,79,450,0,0,"0.0","i",0,0,,"false"
"2026-10-06T00:20:51Z",637,"Vaz","HUL","1.3","1.4","1.4","1.4",1,1,"0.1",50,1967,1244,2,20,"1.0","a",0,0,,"false"
"2026-10-06T00:20:51Z",638,"Norton-Cuffy","HUL","-30.2","-30.2","-30.2","-30.2",-2,0,"0.2",40,462,2741,1,34,"0.0","d",0,0,,"false"
"2026-10-06T00:20:51Z",642,"Thomas","HUL","0.3","0.3","0.3","0.3",1,0,"0.0",55,527,370,4,119,"1.5","a",0,0,,"false"
"2026-10-06T00:20:51Z",645,"Mouzakitis","HUL","0.0","0.0","0.0","0.0",0,0,"0.0",50,98,94,0,0,"0.0","a",0,0,,"false"
"2026-10-06T00:20:51Z",259,"Diop","IPS","-57.4","-57.5","-57.5","-57.6",-3,-4,"12.6",40,7803,60150,12,450,"2.5","a",0,0,,"false"
"2026-10-06T00:20:51Z",267,"Lukić","IPS","-5.9","-4.7","-3.6","-2.4",-1,1,"0.1",49,225,569,11,400,"1.5","a",-1,-1,,"false"
"2026-10-06T00:20:51Z",300,"Walton","IPS","-6.7","-6.2","-5.7","-5.2",-1,1,"0.4",44,1943,1174,2,90,"1.0","a",0,-1,,"false"
"2026-10-06T00:20:51Z",301,"Palmer","IPS","-27.7","-27.8","-27.8","-27.9",-2,-2,"3.9",40,4404,12952,0,0,"0.0","a",0,0,,"false"
"2026-10-06T00:20:51Z",302,"Button","IPS","1.2","1.2","1.2","1.2",1,0,"0.6",40,1643,1452,0,0,"0.0","a",0,0,,"false"
"2026-10-06T00:20:51Z",303,"Kipré","IPS","3.3","3.3","3.3","3.3",1,-1,"0.9",39,4859,4725,0,0,"0.0","a",0,-1,,"false"
"2026-10-06T00:20:51Z",304,"O'Shea","IPS","-43.6","-43.7","-43.8","-43.8",-3,-1,"2.7",40,2257,15818,10,450,"1.5","a",0,0,,"false"
"2026-10-06T00:20:51Z",305,"Davis","IPS","78.5","78.7","78.9","79.1",3,14,"7.0",40,57652,30803,25,450,"8.0","a",0,0,,"false"
"2026-10-06T00:20:51Z",306,"Greaves","IPS","-98.3","-98.3","-98.3","-98.3",-4,0,"1.1",40,523,3815,3,357,"0.5","a",0,0,,"false"
"2026-10-06T00:20:51Z",307,"Johnson","IPS","0.0","0.0","0.0","0.0",0,0,"0.1",40,0,393,0,0,"0.0","u",0,0,,"false"
"2026-10-06T00:20:51Z",308,"Furlong","IPS","2.2","2.2","2.2","2.2",1,-1,"0.6",39,6833,3220,1,17,"0.0","a",0,-1,,"false"
"2026-10-06T00:20:51Z",309,"Núñez","IPS","-41.9","-41.9","-41.9","-41.9",-3,0,"0.1",49,103,716,6,140,"0.0","a",0,-1,,"false"
"2026-10-06T00:20:51Z",310,"Matusiwa","IPS","0.0","0.0","0.0","0.0",0,0,"0.0",49,17,19,0,0,"0.0","a",0,-1,,"false"
"2026-10-06T00:20:51Z",311,"Burns","IPS","0.0","0.0","0.0","0.0",0,0,"0.0",50,0,9,0,0,"0.0","u",0,0,,"false"
"2026-10-06T00:20:51Z",312,"Taylor","IPS","0.1","0.1","0.1","0.1",1,0,"0.0",44,397,301,0,0,"0.0","i",-1,-1,,"false"
"2026-10-06T00:20:51Z",313,"Clarke","IPS","-92.5","-92.5","-92.5","-92.5",-3,0,"0.2",54,174,1005,11,170,"1.5","a",0,-1,,"false"
"2026-10-06T00:20:51Z",314,"Ogbene","IPS","0.0","0.0","0.0","0.0",0,0,"0.0",49,0,68,0,0,"0.0","u",0,-1,,"false"
"2026-10-06T00:20:51Z",315,"Fatawu","IPS","-39.7","-39.7","-39.7","-39.7",-2,0,"0.2",54,65,2718,8,352,"0.0","s",0,-1,,"false"
"2026-10-06T00:20:51Z",316,"Emersonn","IPS","91.2","91.3","91.4","91.5",3,6,"3.6",55,39745,24810,26,317,"7.0","a",0,0,,"false"
"2026-10-06T00:20:51Z",317,"Hirst","IPS","0.0","0.0","0.0","0.0",0,0,"0.1",50,0,519,0,0,"0.0","u",0,0,,"false"
"2026-10-06T00:20:51Z",318,"Philogene","IPS","-8.9","-8.9","-8.9","-8.9",-1,0,"0.1",54,37,174,2,52,"1.0","a",0,-1,,"false"
"2026-10-06T00:20:51Z",319,"Szmodics","IPS","0.0","0.0","0.0","0.0",0,0,"0.0",50,0,14,0,0,"0.0","u",0,0,,"false"
"2026-10-06T00:20:51Z",320,"Akpom","IPS","25.6","25.7","25.7","25.7",2,2,"1.2",50,5291,10189,7,78,"0.5","a",0,0,,"false"
"2026-10-06T00:20:51Z",321,"Walle Egeli","IPS","41.4","41.4","41.4","41.4",3,1,"3.5",45,20068,28824,1,10,"0.0","a",0,0,,"false"
"2026-10-06T00:20:51Z",322,"Al-Hamadi","IPS","0.0","0.0","0.0","0.0",0,0,"0.0",50,0,404,0,0,"0.0","u",0,0,,"false"
"2026-10-06T00:20:51Z",323,"McAteer","IPS","-1.7","-1.9","-2.1","-2.3",-1,-2,"1.0",44,1726,6927,3,42,"0.0","a",-1,-1,,"false"
"2026-10-06T00:20:51Z",324,"Mehmeti","IPS","-3.2","-3.2","-3.2","-3.2",-1,0,"0.0",48,80,160,0,0,"0.0","a",-1,-2,,"false"
"2026-10-06T00:20:51Z",554,"Van Oevelen","IPS","0.0","0.0","0.0","0.0",0,-1,"0.0",45,0,91,0,0,"0.0","u",0,0,,"false"
"2026-10-06T00:20:51Z",562,"Maeda","IPS","-11.9","-12.6","-13.4","-14.1",-1,-2,"0.2",53,148,1566,8,259,"1.0","a",-1,-2,,"false"
"2026-10-06T00:20:51Z",564,"Scherpen","IPS","-34.4","-34.1","-33.8","-33.4",-2,1,"0.6",45,743,2991,7,360,"0.5","a",0,0,,"false"
"2026-10-06T00:20:51Z",571,"Florentino","IPS","-3.1","-3.1","-3.1","-3.1",-1,0,"0.1",48,120,363,2,30,"1.0","a",-1,-2,,"false"
"2026-10-06T00:20:51Z",591,"Enciso","IPS","9.2","9.2","9.2","9.2",1,-1,"0.8",55,2665,6553,15,413,"2.0","a",0,0,,"false"
"2026-10-06T00:20:51Z",592,"Ouattara","IPS","-34.5","-34.5","-34.5","-34.5",-2,0,"0.9",40,773,2218,6,131,"1.5","a",0,0,,"false"
"2026-10-06T00:20:51Z",602,"Humphreys","IPS","0.0","0.0","0.0","0.0",0,0,"0.0",45,0,255,0,0,"0.0","u",0,0,,"false"
"2026-10-06T00:20:51Z",619,"Palacios","IPS","1.1","1.1","1.1","1.1",1,0,"0.1",50,565,899,11,275,"3.0","a",0,0,,"false"
"2026-10-06T00:20:51Z",640,"Flemming","IPS","0.5","0.5","0.5","0.5",1,0,"0.1",55,1047,1073,6,60,"2.5","a",0,0,,"false"
"2026-10-06T00:20:51Z",260,"Wilson","LEE","-70.4","-70.9","-71.3","-71.7",-3,-12,"1.6",62,77,43272,5,145,"0.5","i",0,-3,,"false"
"2026-10-06T00:20:51Z",326,"Perri","LEE","0.0","0.0","0.0","0.0",0,0,"0.3",45,0,1395,0,0,"0.0","u",0,0,,"false"
"2026-10-06T00:20:51Z",327,"Bijol","LEE","5.2","5.2","5.1","5.1",1,-2,"0.7",50,857,5862,12,164,"0.0","a",0,0,,"false"
"2026-10-06T00:20:51Z",329,"Rodon","LEE","-7.6","-7.6","-7.6","-7.6",-1,0,"0.8",43,51,9444,7,123,"0.0","i",-1,-2,,"false"
"2026-10-06T00:20:51Z",330,"Bogle","LEE","64.2","64.8","65.4","66.0",3,39,"7.4",46,137622,29190,42,365,"10.0","a",0,1,,"false"
"2026-10-06T00:20:51Z",331,"Gudmundsson","LEE","1.0","1.0","1.0","1.0",1,0,"0.1",45,646,379,14,252,"6.0","a",0,0,,"false"
"2026-10-06T00:20:51Z",332,"Justin","LEE","19.3","19.3","19.3","19.3",1,0,"1.4",45,4972,6509,26,450,"5.0","a",0,0,,"false"
"2026-10-06T00:20:51Z",333,"Bornauw","LEE","0.0","0.0","0.0","0.0",0,0,"0.0",45,0,6,0,0,"0.0","u",0,0,,"false"
"2026-10-06T00:20:51Z",334,"Muharemović","LEE","41.1","41.1","41.1","41.1",3,1,"4.3",50,32659,27059,27,450,"6.5","a",0,0,,"false"
"2026-10-06T00:20:51Z",335,"Stach","LEE","16.6","16.6","16.5","16.4",1,-4,"2.5",60,5332,20930,27,447,"4.0","a",0,0,,"false"
"2026-10-06T00:20:51Z",336,"Okafor","LEE","1.5","1.5","1.5","1.5",1,1,"0.4",58,2005,3702,18,299,"6.0","a",0,-2,,"false"
"2026-10-06T00:20:51Z",337,"Aaronson","LEE","-9.8","-9.8","-9.8","-9.8",-1,0,"0.5",53,226,3615,7,194,"1.0","a",-1,-2,,"false"
"2026-10-06T00:20:51Z",338,"Ampadu","LEE","-31.1","-31.6","-32.0","-32.4",-2,-2,"0.9",54,1845,5406,21,450,"6.0","a",0,-1,,"false"
"2026-10-06T00:20:51Z",339,"Longstaff","LEE","-0.3","-0.3","-0.3","-0.3",-1,0,"0.1",48,155,674,2,10,"0.5","a",-1,-2,,"false"
"2026-10-06T00:20:51Z",341,"Gnonto","LEE","0.0","0.0","0.0","0.0",0,0,"0.0",50,0,57,0,0,"0.0","u",0,0,,"false"
"2026-10-06T00:20:51Z",342,"Harrison","LEE","0.0","0.0","0.0","0.0",0,0,"0.0",50,0,5,0,0,"0.0","u",0,0,,"false"
"2026-10-06T00:20:51Z",343,"James","LEE","-30.8","-30.8","-30.8","-30.8",-2,0,"0.1",49,212,603,3,52,"1.0","a",0,-1,,"false"
"2026-10-06T00:20:51Z",344,"Gruev","LEE","0.0","0.0","0.0","0.0",0,0,"0.0",50,51,22,0,0,"0.0","a",0,0,,"false"
"2026-10-06T00:20:51Z",345,"Tanaka","LEE","5.1","5.1","5.1","5.1",1,0,"0.3",49,2432,2465,14,255,"4.0","a",0,-1,,"false"
"2026-10-06T00:20:51Z",346,"Calvert-Lewin","LEE","72.9","72.7","72.4","72.2",3,-13,"24.8",60,102896,182514,22,419,"6.0","a",0,0,,"false"
"2026-10-06T00:20:51Z",347,"Nmecha","LEE","-28.4","-28.4","-28.4","-28.4",-2,0,"0.5",54,2180,3955,7,64,"1.0","a",0,-1,,"false"
"2026-10-06T00:20:51Z",348,"Piroe","LEE","0.0","0.0","0.0","0.0",0,0,"0.1",50,0,457,0,0,"0.0","u",0,0,,"false"
"2026-10-06T00:20:51Z",349,"Mateo Joseph","LEE","-44.1","-44.1","-44.1","-44.1",-3,0,"0.1",45,352,522,0,0,"0.0","i",0,0,,"false"
"2026-10-06T00:20:51Z",385,"Trafford","LEE","36.1","36.2","36.3","36.4",2,5,"5.5",50,25387,16685,28,450,"6.5","a",0,0,,"false"
"2026-10-06T00:20:51Z",598,"Elvedi","LEE","0.7","0.7","0.7","0.7",1,0,"0.1",45,273,267,13,326,"4.0","a",0,0,,"false"
"2026-10-06T00:20:51Z",603,"Lienou","LEE","0.1","0.1","0.1","0.1",1,0,"0.1",40,254,541,0,0,"0.0","a",0,0,,"false"
"2026-10-06T00:20:51Z",604,"Cresswell","LEE","-13.5","-13.5","-13.5","-13.5",-1,0,"0.1",45,325,938,0,0,"0.0","a",0,0,,"false"
"2026-10-06T00:20:51Z",625,"Cairns","LEE","0.4","0.4","0.4","0.4",1,0,"0.2",40,902,829,0,0,"0.0","a",0,0,,"false"
"2026-10-06T00:20:51Z",629,"Zetterer","LEE","2.4","2.4","2.3","2.3",1,-1,"0.7",40,3285,2928,0,0,"0.0","a",0,0,,"false"
"2026-10-06T00:20:51Z",641,"Bard","LEE","0.1","0.1","0.1","0.1",1,0,"0.0",45,105,84,1,18,"0.5","a",0,0,,"false"
"2026-10-06T00:20:51Z",648,"Bahoya","LEE","-55.7","-55.7","-55.7","-55.7",-3,0,"0.0",50,116,184,1,1,"0.5","a",0,0,,"false"
"2026-10-06T00:20:51Z",350,"A.Becker","LIV","1.9","1.9","1.8","1.8",1,-3,"4.2",55,15230,12922,27,450,"8.5","a",0,0,,"false"
"2026-10-06T00:20:51Z",351,"Mamardashvili","LIV","-0.0","-0.0","-0.0","-0.0",0,0,"0.1",48,275,663,0,0,"0.0","a",-1,-2,,"false"
"2026-10-06T00:20:51Z",352,"Woodman","LIV","-34.1","-34.1","-34.1","-34.1",-2,0,"1.0",40,843,2524,0,0,"0.0","a",0,0,,"false"
"2026-10-06T00:20:51Z",353,"Pecsi","LIV","0.0","0.0","0.0","0.0",0,0,"0.0",40,0,69,0,0,"0.0","u",0,0,,"false"
"2026-10-06T00:20:51Z",354,"Jaros","LIV","0.1","0.1","0.1","0.1",1,0,"0.0",40,220,171,0,0,"0.0","i",0,0,,"false"
"2026-10-06T00:20:51Z",355,"Davies","LIV","0.1","0.1","0.1","0.1",1,0,"0.2",40,310,494,0,0,"0.0","a",0,0,,"false"
"2026-10-06T00:20:51Z",356,"Virgil","LIV","-63.5","-63.4","-63.4","-63.4",-3,3,"16.2",65,24678,47369,25,450,"8.0","a",0,0,,"false"
"2026-10-06T00:20:51Z",357,"Frimpong","LIV","-41.9","-42.3","-42.8","-43.3",-3,-5,"1.8",53,1748,13479,2,178,"0.5","a",0,-2,,"false"
"2026-10-06T00:20:51Z",358,"Kerkez","LIV","-1.0","-1.1","-1.2","-1.3",-1,-2,"2.2",53,2809,11362,13,385,"3.5","a",-1,-2,,"false"
"2026-10-06T00:20:51Z",359,"Gomez","LIV","0.0","0.0","0.0","0.0",0,0,"0.0",49,353,123,0,0,"0.0","a",0,-1,,"false"
"2026-10-06T00:20:51Z",360,"Bradley","LIV","-91.5","-91.5","-91.5","-91.5",-3,0,"0.0",50,66,91,0,0,"0.0","i",0,0,,"false"
"2026-10-06T00:20:51Z",361,"Lucky","LIV","-58.2","-58.2","-58.2","-58.2",-3,0,"0.1",40,311,618,0,0,"0.0","a",0,0,,"false"
"2026-10-06T00:20:51Z",362,"Jacquet","LIV","60.6","60.7","60.9","61.1",3,11,"3.5",50,38198,14902,24,415,"7.5","a",0,0,,"false"
"2026-10-06T00:20:51Z",363,"Leoni","LIV","-65.2","-65.2","-65.2","-65.2",-3,0,"0.0",40,73,194,0,0,"0.0","i",0,0,,"false"
"2026-10-06T00:20:51Z",364,"Tsimikas","LIV","-58.8","-58.8","-58.8","-58.8",-3,0,"0.1",49,105,415,2,64,"0.5","a",0,-1,,"false"
"2026-10-06T00:20:51Z",365,"Ramsay","LIV","0.0","0.0","0.0","0.0",0,0,"0.1",40,0,515,0,0,"0.0","u",0,0,,"false"
"2026-10-06T00:20:51Z",366,"Wirtz","LIV","-40.3","-40.6","-40.8","-41.0",-3,-8,"5.7",73,4897,44971,18,402,"4.5","a",0,-2,,"false"
"2026-10-06T00:20:51Z",367,"Gakpo","LIV","-4.9","-5.8","-6.7","-7.6",-1,-105,"12.2",72,52224,108931,32,370,"2.0","d",0,2,,"false"
"2026-10-06T00:20:51Z",368,"Szoboszlai","LIV","-0.6","-0.7","-0.9","-1.0",-1,-48,"32.6",69,40008,233115,20,440,"2.5","a",-1,-1,,"false"
"2026-10-06T00:20:51Z",369,"Ngumoha","LIV","-25.8","-26.3","-26.8","-27.3",-2,-2,"0.5",57,877,4503,4,99,"0.5","a",-1,-3,,"false"
"2026-10-06T00:20:51Z",370,"Chiesa","LIV","-6.8","-6.8","-6.8","-6.8",-1,0,"0.0",53,17,264,0,0,"0.0","i",-1,-2,,"false"
"2026-10-06T00:20:51Z",371,"Gravenberch","LIV","-25.1","-25.4","-25.7","-26.0",-2,-4,"1.1",58,1333,9590,9,190,"1.0","a",-1,-2,,"false"
"2026-10-06T00:20:51Z",372,"Mac Allister","LIV","-46.5","-46.5","-46.5","-46.5",-3,0,"1.3",54,4108,7329,11,306,"3.0","a",0,-1,,"false"
"2026-10-06T00:20:51Z",373,"C.Jones","LIV","0.0","0.0","0.0","0.0",0,0,"0.0",55,0,68,0,0,"0.0","u",0,0,,"false"
"2026-10-06T00:20:51Z",374,"Endo","LIV","-67.9","-67.9","-67.9","-67.9",-3,0,"0.1",49,173,469,0,0,"0.0","a",0,-1,,"false"
"2026-10-06T00:20:51Z",375,"Nyoni","LIV","-92.2","-92.2","-92.2","-92.2",-3,0,"0.0",49,98,322,3,38,"0.5","a",0,-1,,"false"
"2026-10-06T00:20:51Z",376,"Bajcetic","LIV","0.0","0.0","0.0","0.0",0,0,"0.0",50,0,3,0,0,"0.0","u",0,0,,"false"
"2026-10-06T00:20:51Z",377,"Munoz","LIV","6.6","6.5","6.4","6.4",1,-5,"0.9",65,1650,12148,15,257,"1.0","a",0,0,,"false"
"2026-10-06T00:20:51Z",378,"McConnell","LIV","-4.9","-4.9","-4.9","-4.9",-1,0,"0.2",44,1099,1603,0,0,"0.0","a",0,-1,,"false"
"2026-10-06T00:20:51Z",379,"Isak","LIV","0.8","-0.3","-1.0","-1.7",-1,-85,"22.2",91,119890,104374,33,413,"5.0","d",0,1,,"false"
"2026-10-06T00:20:51Z",380,"Ekitiké","LIV","-29.8","-29.8","-29.8","-29.8",-2,0,"0.1",74,421,896,0,0,"0.0","i",0,-1,,"false"
"2026-10-06T00:20:51Z",381,"Koumas","LIV","-96.1","-96.1","-96.1","-96.1",-4,0,"0.0",50,181,201,3,22,"0.5","a",0,0,,"false"
"2026-10-06T00:20:51Z",382,"Danns","LIV","3.9","3.9","3.9","3.9",1,0,"0.2",45,3767,2579,0,0,"0.0","a",0,0,,"false"
"2026-10-06T00:20:51Z",383,"Elliott","LIV","0.0","0.0","0.0","0.0",0,0,"0.0",54,0,244,0,0,"0.0","u",0,-1,,"false"
"2026-10-06T00:20:51Z",579,"Araujo","LIV","36.8","36.9","37.0","37.1",2,6,"3.1",54,18630,11281,22,284,"6.5","a",0,-1,,"false"
"2026-10-06T00:20:51Z",627,"Barcola","LIV","-68.2","-67.7","-67.3","-66.9",-3,5,"1.9",80,13236,20281,7,168,"3.0","a",0,0,,"false"
"2026-10-06T00:20:51Z",155,"Enzo","MCI","2.1","2.2","2.4","2.5",1,8,"3.7",69,33494,16260,13,271,"4.5","a",0,-1,,"false"
"2026-10-06T00:20:51Z",237,"Ndiaye","MCI","-22.8","-22.8","-23.0","-23.1",-2,-7,"6.7",58,7719,73219,22,385,"3.0","a",-1,-2,,"false"
"2026-10-06T00:20:51Z",384,"Donnarumma","MCI","-55.9","-55.9","-55.9","-56.0",-3,-2,"7.6",55,11505,32862,19,450,"4.5","a",0,0,,"false"
"2026-10-06T00:20:51Z",386,"Bettinelli","MCI","-91.2","-91.2","-91.2","-91.2",-3,0,"0.0",45,63,91,0,0,"0.0","a",0,0,,"false"
"2026-10-06T00:20:51Z",387,"O'Reilly","MCI","-3.8","-3.9","-4.1","-4.2",-1,-33,"10.8",63,5416,80443,6,163,"1.0","d",-1,-2,,"false"
"2026-10-06T00:20:51Z",388,"Guéhi","MCI","68.4","68.3","68.1","68.0",3,-9,"18.1",60,25564,56134,30,450,"5.0","a",0,0,,"false"
"2026-10-06T00:20:51Z",389,"Matheus N.","MCI","-36.3","-36.0","-35.7","-35.3",-2,2,"1.0",59,1817,3183,11,213,"5.0","a",0,-1,,"false"
"2026-10-06T00:20:51Z",390,"Rúben","MCI","4.1","4.0","4.0","4.0",1,-2,"1.9",55,5054,9684,17,450,"3.5","a",0,0,,"false"
"2026-10-06T00:20:51Z",391,"Gvardiol","MCI","86.0","86.2","86.4","86.5",3,10,"26.9",57,159410,62197,37,434,"7.5","a",0,2,,"false"
"2026-10-06T00:20:51Z",392,"Aït-Nouri","MCI","-0.4","-0.4","-0.4","-0.4",-1,0,"0.4",52,562,2324,0,0,"0.0","a",-1,-3,,"false"
"2026-10-06T00:20:51Z",393,"Khusanov","MCI","-38.4","-38.4","-38.4","-38.4",-2,0,"1.4",54,1536,9476,9,268,"0.0","a",0,-1,,"false"
"2026-10-06T00:20:51Z",394,"Alleyne","MCI","0.0","0.0","0.0","0.0",0,0,"0.0",50,0,20,0,0,"0.0","u",0,0,,"false"
"2026-10-06T00:20:51Z",395,"Lewis","MCI","-70.8","-70.8","-70.8","-70.8",-3,0,"0.2",44,339,1273,1,56,"0.0","a",0,-1,,"false"
"2026-10-06T00:20:51Z",396,"Vitor Reis","MCI","-89.0","-89.0","-89.0","-89.0",-3,0,"0.0",45,78,163,1,1,"0.0","a",0,0,,"false"
"2026-10-06T00:20:51Z",397,"Semenyo","MCI","-23.0","-23.3","-23.5","-23.7",-2,-40,"15.1",84,128717,84381,33,450,"10.0","d",0,-1,,"false"
"2026-10-06T00:20:51Z",398,"Foden","MCI","-54.5","-54.8","-55.2","-55.6",-3,-12,"1.8",69,233,30421,9,217,"-1.0","s",0,-1,,"false"
"2026-10-06T00:20:51Z",399,"Cherki","MCI","-57.6","-57.2","-56.8","-56.4",-3,28,"28.4",78,136261,99710,34,302,"4.5","a",0,3,,"false"
"2026-10-06T00:20:51Z",400,"Doku","MCI","0.5","0.5","0.6","0.6",1,1,"0.7",74,5051,2294,1,15,"0.5","a",0,-1,,"false"
"2026-10-06T00:20:51Z",402,"Rodrigo","MCI","0.0","0.0","0.0","0.0",0,0,"0.0",65,0,28,0,0,"0.0","u",0,0,,"false"
"2026-10-06T00:20:51Z",404,"Reijnders","MCI","0.0","0.0","0.0","0.0",0,0,"0.0",60,0,109,0,0,"0.0","u",0,0,,"false"
"2026-10-06T00:20:51Z",406,"Kovačić","MCI","-0.3","-0.3","-0.3","-0.3",-1,0,"0.1",53,123,496,2,42,"0.0","a",-1,-2,,"false"
"2026-10-06T00:20:51Z",407,"Echeverri","MCI","0.0","0.0","0.0","0.0",0,0,"0.0",49,0,58,0,0,"0.0","u",0,-1,,"false"
"2026-10-06T00:20:51Z",408,"Phillips","MCI","0.0","0.0","0.0","0.0",0,0,"0.0",50,0,14,0,0,"0.0","u",0,0,,"false"
"2026-10-06T00:20:51Z",409,"Mukasa","MCI","0.0","0.0","0.0","0.0",0,0,"0.1",45,0,653,0,0,"0.0","u",0,0,,"false"
"2026-10-06T00:20:51Z",410,"Monga","MCI","0.0","0.0","0.0","0.0",0,0,"0.0",49,0,57,0,0,"0.0","u",0,-1,,"false"
"2026-10-06T00:20:51Z",411,"Haaland","MCI","25.2","25.3","25.5","25.7",2,13,"73.9",156,86114,24448,39,450,"7.5","a",0,1,,"false"
"2026-10-06T00:20:51Z",481,"Anderson","MCI","-45.6","-45.8","-46.0","-46.1",-3,-4,"4.0",63,8605,29823,15,413,"3.5","a",0,-2,,"false"
"2026-10-06T00:20:51Z",587,"Rulli","MCI","-95.0","-95.0","-95.0","-95.0",-4,0,"0.0",50,82,107,0,0,"0.0","a",0,0,,"false"
"2026-10-06T00:20:51Z",616,"Bouaddi","MCI","-35.7","-35.7","-35.7","-35.7",-2,0,"0.2",55,887,2202,2,22,"0.0","a",0,0,,"false"
"2026-10-06T00:20:51Z",621,"McAidoo","MCI","-98.1","-98.1","-98.1","-98.1",-4,0,"0.1",45,212,1145,2,11,"0.0","a",0,0,,"false"
"2026-10-06T00:20:51Z",622,"Braithwaite","MCI","-42.3","-42.3","-42.3","-42.3",-3,0,"0.2",40,612,1716,1,1,"0.0","a",0,0,,"false"
"2026-10-06T00:20:51Z",628,"Allan","MCI","0.1","0.1","0.1","0.1",1,0,"0.0",60,238,176,0,0,"0.0","a",0,0,,"false"
"2026-10-06T00:20:51Z",653,"Samba","MCI","-43.2","-43.2","-43.2","-43.2",-3,0,"0.0",45,262,511,0,0,"0.0","a",0,0,,"false"
"2026-10-06T00:20:51Z",43,"Tielemans","MUN","-40.5","-40.9","-41.4","-41.8",-3,-4,"1.5",58,3406,11334,14,402,"2.7","a",0,-2,,"false"
"2026-10-06T00:20:51Z",131,"Baleba","MUN","0.1","0.2","0.2","0.2",1,2,"0.1",49,1501,806,0,0,"0.0","a",0,-1,,"false"
"2026-10-06T00:20:51Z",162,"Andrey Santos","MUN","-55.7","-55.7","-55.7","-55.7",-3,0,"0.6",48,1089,5279,4,82,"0.3","a",0,-2,,"false"
"2026-10-06T00:20:51Z",325,"Darlow","MUN","-25.7","-25.7","-25.7","-25.7",-2,0,"0.0",45,64,237,0,0,"0.0","d",0,0,,"false"
"2026-10-06T00:20:51Z",412,"Lammens","MUN","-18.4","-18.4","-18.4","-18.4",-1,0,"9.9",49,7477,52503,11,450,"2.7","a",0,-1,,"false"
"2026-10-06T00:20:51Z",413,"Bayindir","MUN","0.0","0.0","0.0","0.0",0,0,"0.0",45,0,43,0,0,"0.0","u",0,0,,"false"
"2026-10-06T00:20:51Z",414,"Heaton","MUN","-38.1","-38.1","-38.1","-38.1",-2,0,"0.1",40,221,298,0,0,"0.0","i",0,0,,"false"
"2026-10-06T00:20:51Z",415,"Dorgu","MUN","-66.7","-66.7","-66.7","-66.7",-3,0,"0.5",58,1036,4707,10,171,"3.0","d",0,-2,,"false"
"2026-10-06T00:20:51Z",416,"De Ligt","MUN","0.0","0.0","0.0","0.0",0,0,"0.0",49,88,141,0,0,"0.0","i",-1,-1,,"false"
"2026-10-06T00:20:51Z",417,"Dalot","MUN","-82.8","-83.0","-83.1","-83.3",-3,-2,"1.6",49,1459,8080,8,346,"1.7","a",0,-1,,"false"
"2026-10-06T00:20:51Z",418,"Maguire","MUN","-2.5","-2.5","-2.5","-2.6",-1,-3,"8.6",48,4931,79122,10,450,"1.7","a",-1,-2,,"false"
"2026-10-06T00:20:51Z",419,"Martinez","MUN","-0.0","0.0","0.1","0.1",0,2,"1.3",49,3965,6824,6,360,"1.7","a",-1,-1,,"false"
"2026-10-06T00:20:51Z",420,"Yoro","MUN","-12.0","-12.0","-12.0","-12.0",-1,0,"0.5",48,497,2305,2,22,"0.3","a",-1,-2,,"false"
"2026-10-06T00:20:51Z",421,"Heaven","MUN","-0.7","-0.7","-0.7","-0.7",-1,0,"0.3",43,273,1588,1,90,"0.0","a",-1,-2,,"false"
"2026-10-06T00:20:51Z",422,"Mazraoui","MUN","-43.6","-43.8","-44.0","-44.2",-3,-1,"0.5",44,613,3107,3,97,"0.3","d",0,-1,,"false"
"2026-10-06T00:20:51Z",423,"Shaw","MUN","-5.5","-5.5","-5.5","-5.5",-1,-1,"7.6",43,4269,80838,9,335,"2.0","a",-1,-2,,"false"
"2026-10-06T00:20:51Z",424,"Amass","MUN","-49.2","-49.2","-49.2","-49.2",-3,0,"0.2",40,447,838,0,0,"0.0","a",0,0,,"false"
"2026-10-06T00:20:51Z",425,"Fredricson","MUN","0.0","0.0","0.0","0.0",0,0,"0.0",40,0,53,0,0,"0.0","u",0,0,,"false"
"2026-10-06T00:20:51Z",426,"B.Fernandes","MUN","-1.2","-1.3","-1.3","-1.3",-1,-5,"38.4",119,51209,209344,31,450,"2.0","a",-1,-1,,"false"
"2026-10-06T00:20:51Z",427,"Mbeumo","MUN","-80.7","-80.7","-80.7","-80.6",-3,4,"20.5",79,42998,140339,25,450,"4.0","a",0,-1,,"false"
"2026-10-06T00:20:51Z",428,"Cunha","MUN","-98.9","-98.4","-97.9","-97.4",-4,17,"5.8",79,25273,23594,26,407,"5.0","a",0,-1,,"false"
"2026-10-06T00:20:51Z",429,"Rashford","MUN","-92.3","-93.0","-93.7","-94.5",-3,-12,"1.4",70,4306,19212,10,351,"2.3","d",0,0,,"false"
"2026-10-06T00:20:51Z",430,"Mount","MUN","0.1","0.1","0.1","0.1",1,0,"0.0",54,200,209,1,10,"0.3","a",0,-1,,"false"
"2026-10-06T00:20:51Z",431,"Amad","MUN","-19.7","-19.7","-19.7","-19.7",-1,0,"0.3",57,145,2010,0,0,"0.0","i",0,-3,,"false"
"2026-10-06T00:20:51Z",432,"Mainoo","MUN","14.1","14.0","13.9","13.9",1,-4,"1.6",55,8023,16627,22,354,"5.7","d",0,0,,"false"
"2026-10-06T00:20:51Z",433,"Ugarte","MUN","-73.1","-73.1","-73.1","-73.1",-3,0,"0.0",50,25,26,0,0,"0.0","i",0,0,,"false"
"2026-10-06T00:20:51Z",434,"J.Fletcher","MUN","-39.3","-39.3","-39.3","-39.3",-2,0,"0.0",49,47,59,0,0,"0.0","a",0,-1,,"false"
"2026-10-06T00:20:51Z",435,"Lacey","MUN","-5.2","-5.2","-5.2","-5.2",-1,0,"0.1",49,396,382,1,10,"0.0","a",0,-1,,"false"
"2026-10-06T00:20:51Z",436,"Collyer","MUN","0.0","0.0","0.0","0.0",0,0,"0.0",50,0,49,0,0,"0.0","u",0,0,,"false"
"2026-10-06T00:20:51Z",437,"Bendito Mantato","MUN","0.0","0.0","0.0","0.0",0,0,"0.2",44,502,939,0,0,"0.0","a",-1,-1,,"false"
"2026-10-06T00:20:51Z",438,"Fletcher","MUN","0.4","0.4","0.4","0.4",1,0,"0.3",44,2656,2260,0,0,"0.0","a",0,-1,,"false"
"2026-10-06T00:20:51Z",439,"Šeško","MUN","-47.8","-48.7","-49.6","-50.5",-3,-16,"1.6",70,6744,25791,8,76,"2.0","d",0,0,,"false"
"2026-10-06T00:20:51Z",440,"Zirkzee","MUN","-8.4","-8.4","-8.4","-8.4",-1,0,"0.4",53,2143,3327,2,20,"0.7","a",-1,-2,,"false"
"2026-10-06T00:20:51Z",441,"Obi","MUN","0.0","0.0","0.0","0.0",0,-2,"0.9",45,0,11918,0,0,"0.0","u",0,0,,"false"
"2026-10-06T00:20:51Z",405,"N.Gonzalez","NEW","0.9","0.9","0.9","0.9",1,0,"0.2",55,691,1911,5,164,"0.5","a",0,0,,"false"
"2026-10-06T00:20:51Z",442,"Pope","NEW","-47.9","-47.9","-47.9","-47.9",-3,0,"0.9",49,935,3347,0,0,"0.0","a",0,-1,,"false"
"2026-10-06T00:20:51Z",443,"Gillespie","NEW","-41.1","-41.1","-41.1","-41.1",-3,0,"0.0",45,46,91,0,0,"0.0","a",0,0,,"false"
"2026-10-06T00:20:51Z",444,"Jaouen","NEW","-7.8","-7.8","-7.8","-7.8",-1,0,"0.0",44,20,132,0,0,"0.0","d",-1,-1,,"false"
"2026-10-06T00:20:51Z",445,"Thiaw","NEW","19.0","19.0","19.1","19.2",1,4,"2.2",50,9814,11096,14,450,"3.0","a",0,0,,"false"
"2026-10-06T00:20:51Z",446,"Schär","NEW","-12.1","-13.0","-13.9","-14.9",-1,-1,"0.2",49,617,973,2,25,"0.5","a",0,-1,,"false"
"2026-10-06T00:20:51Z",447,"Botman","NEW","10.5","10.5","10.5","10.5",1,0,"0.7",50,5372,3371,15,450,"3.0","a",0,0,,"false"
"2026-10-06T00:20:51Z",448,"Burn","NEW","-4.8","-4.8","-4.8","-4.8",-1,0,"0.7",48,124,6262,0,0,"0.0","i",-1,-2,,"false"
"2026-10-06T00:20:51Z",449,"Hall","NEW","9.4","9.8","10.2","10.6",1,71,"17.5",53,266993,24233,31,449,"6.5","a",1,3,,"false"
"2026-10-06T00:20:51Z",450,"Livramento","NEW","1.6","1.6","1.6","1.6",1,0,"0.1",49,460,1613,4,33,"1.5","d",0,-1,,"false"
"2026-10-06T00:20:51Z",451,"A.Murphy","NEW","0.0","0.0","0.0","0.0",0,0,"0.1",40,0,315,0,0,"0.0","u",0,0,,"false"
"2026-10-06T00:20:51Z",453,"Barnes","NEW","18.8","19.0","19.2","19.5",1,40,"5.9",61,177190,25388,28,450,"5.5","a",1,1,,"false"
"2026-10-06T00:20:51Z",454,"Elanga","NEW","-45.9","-46.2","-46.5","-46.9",-3,-43,"4.4",61,352,174887,18,232,"0.0","i",-1,1,,"false"
"2026-10-06T00:20:51Z",456,"J.Ramsey","NEW","-0.0","0","0","0",0,0,"0.2",48,79,5008,7,69,"0.0","i",-1,-2,,"true"
"2026-10-06T00:20:51Z",457,"J.Murphy","NEW","-20.7","-20.7","-20.7","-20.7",-2,0,"0.1",59,1047,863,3,181,"0.5","a",0,-1,,"false"
"2026-10-06T00:20:51Z",458,"Joelinton","NEW","-67.7","-67.7","-67.7","-67.7",-3,0,"0.0",54,21,90,0,0,"0.0","i",0,-1,,"false"
"2026-10-06T00:20:51Z",459,"L.Miley","NEW","0.6","0.6","0.6","0.6",1,0,"0.1",55,495,585,12,396,"2.0","d",0,0,,"false"
"2026-10-06T00:20:51Z",460,"Willock","NEW","16.6","16.6","16.7","16.8",1,5,"0.6",50,10509,3091,22,284,"5.5","a",0,0,,"false"
"2026-10-06T00:20:51Z",461,"Touré","NEW","-13.0","-13.0","-13.0","-13.0",-1,0,"0.1",58,364,920,8,50,"3.5","a",0,-2,,"false"
"2026-10-06T00:20:51Z",462,"Steur","NEW","-56.6","-56.6","-56.6","-56.6",-3,0,"0.1",49,284,420,8,223,"2.5","a",0,-1,,"false"
"2026-10-06T00:20:51Z",463,"Woltemade","NEW","0.0","0.0","0.0","0.0",0,0,"0.5",59,0,3970,4,19,"0.0","u",0,-1,,"false"
"2026-10-06T00:20:51Z",464,"Wissa","NEW","67.5","67.9","68.2","68.6",3,24,"18.7",62,98495,149819,15,441,"1.0","a",0,2,,"false"
"2026-10-06T00:20:51Z",465,"Osula","NEW","-9.6","-9.6","-9.6","-9.6",-1,0,"0.3",58,138,2601,4,55,"0.0","i",-1,-2,,"false"
"2026-10-06T00:20:51Z",466,"Neave","NEW","0.0","0.0","0.0","0.0",0,-4,"0.5",45,0,4142,0,0,"0.0","u",0,0,,"false"
"2026-10-06T00:20:51Z",559,"Bamba","NEW","-76.3","-76.3","-76.3","-76.3",-3,0,"0.1",49,132,524,3,27,"1.0","a",0,-1,,"false"
"2026-10-06T00:20:51Z",567,"Horníček","NEW","25.3","25.3","25.3","25.3",2,-1,"1.5",50,7797,5599,14,450,"2.0","a",0,0,,"false"
"2026-10-06T00:20:51Z",593,"Dedić","NEW","-14.0","-14.5","-15.0","-15.5",-1,-16,"1.8",45,282,40184,13,327,"0.0","i",0,0,,"false"
"2026-10-06T00:20:51Z",609,"Shahar","NEW","0.0","0.0","0.0","0.0",0,0,"0.2",40,0,1947,0,0,"0.0","u",0,0,,"false"
"2026-10-06T00:20:51Z",634,"Fernandez-Pardo","NEW","0.9","0.9","1.0","1.0",1,2,"0.1",60,2303,1535,4,157,"1.5","a",0,0,,"false"
"2026-10-06T00:20:51Z",659,"Miley","NEW","0.0","0.0","0.0","0.0",0,0,"0.0",45,1491,673,0,0,"0.0","a",0,0,,"false"
"2026-10-06T00:20:51Z",663,"Pivas","NEW","0.0","0.0","0.0","0.0",0,0,"0.0",40,426,67,0,0,"0.0","a",0,0,,"false"
"2026-10-06T00:20:51Z",664,"Salia","NEW","0.2","0.3","0.4","0.5",1,5,"0.1",45,10553,1787,0,0,"0.0","a",0,0,,"false"
"2026-10-06T00:20:51Z",665,"Mills","NEW","0.0","0.0","0.0","0.0",0,0,"0.0",45,170,33,0,0,"0.0","a",0,0,,"false"
"2026-10-06T00:20:51Z",666,"Thompson","NEW","0.0","0.0","0.0","0.0",0,0,"0.0",45,249,37,0,0,"0.0","a",0,0,,"false"
"2026-10-06T00:20:51Z",167,"Delap","NFO","-26.4","-26.5","-26.7","-26.9",-2,-3,"2.7",56,26169,30777,9,277,"3.0","a",1,1,,"false"
"2026-10-06T00:20:51Z",201,"Muñoz","NFO","-51.1","-51.4","-51.6","-51.8",-3,-8,"5.7",54,8556,32262,5,257,"2.0","a",0,-1,,"false"
"2026-10-06T00:20:51Z",467,"Sels","NFO","4.6","4.5","4.5","4.4",1,-4,"1.6",50,2220,6672,14,450,"2.5","a",0,0,,"false"
"2026-10-06T00:20:51Z",468,"John","NFO","-79.0","-79.0","-79.0","-79.0",-3,0,"0.1",45,67,166,0,0,"0.0","a",0,0,,"false"
"2026-10-06T00:20:51Z",469,"N.Williams","NFO","25.3","25.2","25.1","25.0",2,-8,"8.7",50,12243,50801,19,450,"2.0","a",0,0,,"false"
"2026-10-06T00:20:51Z",470,"Morato","NFO","0.0","0.0","0.0","0.0",0,0,"0.0",50,0,124,0,0,"0.0","u",0,0,,"false"
"2026-10-06T00:20:51Z",471,"Milenković","NFO","-15.4","-15.7","-16.1","-16.4",-1,-10,"1.0",54,69,13058,12,270,"0.0","i",-1,-1,,"false"
"2026-10-06T00:20:51Z",472,"Murillo","NFO","25.9","26.0","26.2","26.3",2,10,"2.1",55,9481,8952,23,449,"5.0","a",0,0,,"false"
"2026-10-06T00:20:51Z",473,"Aina","NFO","-3.9","-3.9","-3.9","-3.9",-1,0,"2.4",44,1154,21743,8,306,"1.0","a",-1,-1,,"false"
"2026-10-06T00:20:51Z",474,"Jair Cunha","NFO","-50.5","-50.5","-50.5","-50.5",-3,0,"0.2",45,293,683,11,360,"0.5","a",0,0,,"false"
"2026-10-06T00:20:51Z",475,"Savona","NFO","-19.3","-19.3","-19.3","-19.3",-1,0,"0.0",45,21,20,0,0,"0.0","i",0,0,,"false"
"2026-10-06T00:20:51Z",476,"O.Richards","NFO","-72.1","-72.1","-72.1","-72.1",-3,0,"0.2",40,328,789,0,0,"0.0","a",0,0,,"false"
"2026-10-06T00:20:51Z",477,"Abbott","NFO","0.0","0.0","0.0","0.0",0,0,"0.1",40,0,890,0,0,"0.0","u",0,0,,"false"
"2026-10-06T00:20:51Z",478,"Netz","NFO","-8.6","-8.6","-8.6","-8.6",-1,0,"0.0",44,61,126,3,27,"0.5","a",0,-1,,"false"
"2026-10-06T00:20:51Z",479,"Bindon","NFO","0.0","0.0","0.0","0.0",0,-1,"0.1",40,0,568,0,0,"0.0","u",0,0,,"false"
"2026-10-06T00:20:51Z",480,"Gibbs-White","NFO","54.5","54.3","54.1","53.9",3,-13,"15.7",80,73637,92779,28,450,"5.0","a",0,0,,"false"
"2026-10-06T00:20:51Z",482,"Hudson-Odoi","NFO","-42.7","-42.7","-42.7","-42.7",-3,0,"0.1",58,292,1229,1,1,"0.0","a",0,-2,,"false"
"2026-10-06T00:20:51Z",483,"Ndoye","NFO","14.0","14.0","14.0","13.9",1,-3,"0.7",55,839,8619,15,316,"1.0","a",0,0,,"false"
"2026-10-06T00:20:51Z",484,"Hutchinson","NFO","0.0","0.0","0.0","0.0",0,0,"0.1",54,0,400,0,0,"0.0","u",0,-1,,"false"
"2026-10-06T00:20:51Z",485,"Bakwa","NFO","0.0","0.0","0.0","0.0",0,0,"0.0",55,0,37,0,0,"0.0","u",0,0,,"false"
"2026-10-06T00:20:51Z",486,"McAtee","NFO","2.4","2.4","2.4","2.4",1,0,"0.1",55,381,968,12,416,"2.5","a",0,0,,"false"
"2026-10-06T00:20:51Z",487,"Dominguez","NFO","-73.7","-73.7","-73.7","-73.7",-3,0,"0.1",49,65,313,1,1,"0.0","a",0,-1,,"false"
"2026-10-06T00:20:51Z",488,"I.Sangaré","NFO","-0.5","-0.8","-1.1","-1.3",-1,-1,"0.4",48,337,3323,4,105,"1.0","a",-1,-2,,"false"
"2026-10-06T00:20:51Z",489,"Yates","NFO","-95.9","-96.4","-96.9","-97.4",-4,-4,"1.2",45,640,7817,0,0,"0.0","a",0,0,,"false"
"2026-10-06T00:20:51Z",490,"Wood","NFO","-43.4","-43.9","-44.4","-45.0",-3,-3,"0.9",58,2228,6885,4,62,"1.0","a",0,-2,,"false"
"2026-10-06T00:20:51Z",491,"Igor Jesus","NFO","-0.6","-0.7","-0.8","-0.9",-1,-2,"2.6",58,8228,24800,12,257,"4.0","a",0,-2,,"false"
"2026-10-06T00:20:51Z",493,"Kalimuendo","NFO","0.0","0.0","0.0","0.0",0,0,"0.1",54,251,448,1,1,"0.0","a",0,-1,,"false"
"2026-10-06T00:20:51Z",558,"Schlager","NFO","0.5","0.5","0.5","0.5",1,0,"0.1",50,235,843,13,376,"2.5","a",0,0,,"false"
"2026-10-06T00:20:51Z",581,"Diomande","NFO","-53.3","-53.3","-53.3","-53.3",-3,0,"0.5",54,1654,2422,7,163,"3.0","a",0,-1,,"false"
"2026-10-06T00:20:51Z",590,"Benda","NFO","0.0","0.0","0.0","0.0",0,0,"0.1",45,137,249,0,0,"0.0","a",0,0,,"false"
"2026-10-06T00:20:51Z",112,"Van Hecke","TOT","-18.7","-19.2","-19.7","-20.2",-1,-36,"6.5",49,19524,37558,24,450,"7.0","d",0,-1,,"false"
"2026-10-06T00:20:51Z",147,"Tosin","TOT","-42.6","-42.6","-42.6","-42.6",-3,0,"0.1",44,114,594,1,5,"0.5","a",0,-1,,"false"
"2026-10-06T00:20:51Z",401,"Marmoush","TOT","40.4","40.5","40.6","40.7",3,6,"2.1",70,13490,23311,8,339,"2.0","a",0,0,,"false"
"2026-10-06T00:20:51Z",403,"Sávio","TOT","11.2","11.1","11.1","11.1",1,-2,"0.6",65,3279,7570,8,240,"2.5","a",0,0,,"false"
"2026-10-06T00:20:51Z",455,"Tonali","TOT","-21.7","-21.9","-22.1","-22.4",-2,-4,"1.8",53,2521,16074,14,427,"2.5","a",-1,-2,,"false"
"2026-10-06T00:20:51Z",494,"Vicario","TOT","0.0","0.0","0.0","0.0",0,0,"0.1",45,0,758,0,0,"0.0","u",0,0,,"false"
"2026-10-06T00:20:51Z",495,"Austin","TOT","2.3","2.3","2.3","2.3",1,0,"1.0",40,2105,2327,0,0,"0.0","a",0,0,,"false"
"2026-10-06T00:20:51Z",496,"Kinsky","TOT","-54.9","-55.0","-55.1","-55.3",-3,-12,"17.2",45,20907,119898,18,450,"4.5","a",0,0,,"false"
"2026-10-06T00:20:51Z",497,"Dubravka","TOT","-26.3","-26.3","-26.3","-26.4",-2,-4,"17.1",40,29952,52575,0,0,"0.0","a",0,0,,"false"
"2026-10-06T00:20:51Z",498,"Senesi","TOT","-60.4","-60.7","-61.0","-61.3",-3,-6,"3.5",58,1309,22863,3,90,"0.0","a",0,-2,,"false"
"2026-10-06T00:20:51Z",499,"Pedro Porro","TOT","-34.9","-35.2","-35.6","-35.9",-2,-30,"7.5",54,1772,80691,9,198,"0.5","d",0,-1,,"false"
"2026-10-06T00:20:51Z",500,"Romero","TOT","0.0","0.0","0.0","0.0",0,0,"0.1",50,0,313,0,0,"0.0","u",0,0,,"false"
"2026-10-06T00:20:51Z",502,"Robertson","TOT","0.2","0.2","0.1","0.0",1,-4,"2.5",44,6398,14157,17,366,"5.5","a",0,-1,,"false"
"2026-10-06T00:20:51Z",503,"Van de Ven","TOT","-24.4","-24.7","-25.0","-25.3",-2,-7,"3.8",50,6732,21399,16,360,"3.5","a",0,0,,"false"
"2026-10-06T00:20:51Z",505,"Spence","TOT","0.0","0.0","0.0","0.0",0,-1,"0.2",45,0,1297,0,0,"0.0","u",0,0,,"false"
"2026-10-06T00:20:51Z",506,"Udogie","TOT","-23.5","-23.5","-23.5","-23.5",-2,0,"0.3",44,363,1738,7,86,"0.0","a",0,-1,,"false"
"2026-10-06T00:20:51Z",507,"Phillips","TOT","0.0","0.0","0.0","0.0",0,0,"0.0",45,0,55,0,0,"0.0","u",0,0,,"false"
"2026-10-06T00:20:51Z",508,"Davies","TOT","1.8","1.8","1.8","1.8",1,0,"0.9",39,8057,4286,0,0,"0.0","a",-1,-1,,"false"
"2026-10-06T00:20:51Z",509,"Byfield","TOT","-4.8","-4.8","-4.8","-4.8",-1,0,"0.1",40,130,258,0,0,"0.0","a",0,0,,"false"
"2026-10-06T00:20:51Z",510,"Rowswell","TOT","-17.7","-17.7","-17.7","-17.7",-1,0,"0.1",40,173,363,0,0,"0.0","a",0,0,,"false"
"2026-10-06T00:20:51Z",511,"Souza","TOT","0.0","0.0","0.0","0.0",0,0,"0.2",40,0,946,0,0,"0.0","u",0,0,,"false"
"2026-10-06T00:20:51Z",512,"Kudus","TOT","2.3","2.3","2.3","2.3",1,0,"0.2",65,2544,1280,7,123,"2.5","a",0,0,,"false"
"2026-10-06T00:20:51Z",513,"Xavi","TOT","-17.8","-17.8","-17.8","-17.8",-1,0,"0.0",59,59,86,0,0,"0.0","i",0,-1,,"false"
"2026-10-06T00:20:51Z",514,"Tel","TOT","-30.8","-30.8","-30.8","-30.8",-2,0,"0.2",57,214,2090,8,257,"0.5","a",-1,-3,,"false"
"2026-10-06T00:20:51Z",515,"Maddison","TOT","-75.9","-75.9","-75.9","-75.9",-3,0,"0.4",63,845,2112,3,59,"1.0","a",0,-2,,"false"
"2026-10-06T00:20:51Z",516,"Bentancur","TOT","-80.7","-80.7","-80.7","-80.7",-3,0,"0.2",55,444,820,15,370,"3.5","a",0,0,,"false"
"2026-10-06T00:20:51Z",517,"Odobert","TOT","0.0","0.0","0.0","0.0",0,0,"0.0",55,31,15,0,0,"0.0","i",0,0,,"false"
"2026-10-06T00:20:51Z",518,"P.M.Sarr","TOT","0.0","0.0","0.0","0.0",0,0,"0.1",49,0,724,0,0,"0.0","u",0,-1,,"false"
"2026-10-06T00:20:51Z",519,"Gallagher","TOT","0.1","0.1","0.1","0.1",1,0,"0.2",53,862,716,9,134,"3.0","a",0,-2,,"false"
"2026-10-06T00:20:51Z",520,"Bergvall","TOT","-4.0","-4.8","-5.6","-6.4",-1,-1,"0.1",53,115,663,3,78,"1.0","a",-1,-2,,"false"
"2026-10-06T00:20:51Z",521,"Kulusevski","TOT","-82.3","-82.3","-82.3","-82.3",-3,0,"0.0",65,109,79,0,0,"0.0","i",0,0,,"false"
"2026-10-06T00:20:51Z",522,"Gray","TOT","-28.3","-29.3","-30.4","-31.5",-2,-1,"0.2",49,503,1303,9,307,"2.5","a",0,-1,,"false"
"2026-10-06T00:20:51Z",523,"Moore","TOT","0.0","0.0","0.0","0.0",0,0,"0.1",50,0,575,3,89,"0.0","u",0,0,,"false"
"2026-10-06T00:20:51Z",524,"Olusesi","TOT","8.3","8.3","8.3","8.3",1,0,"1.0",44,6220,7983,0,0,"0.0","a",0,-1,,"false"
"2026-10-06T00:20:51Z",525,"Fernandes","TOT","-12.5","-12.5","-12.5","-12.5",-1,0,"0.8",57,516,7099,7,249,"2.0","a",-1,-3,,"false"
"2026-10-06T00:20:51Z",526,"Solanke","TOT","-33.6","-33.8","-34.0","-34.3",-2,-1,"0.8",58,2216,6136,7,170,"2.0","a",0,-2,,"false"
"2026-10-06T00:20:51Z",527,"Richarlison","TOT","0.0","0.0","0.0","0.0",0,-1,"0.6",59,0,6230,2,67,"0.0","u",0,-1,,"false"
"2026-10-06T00:20:51Z",528,"Scarlett","TOT","0.0","0.0","0.0","0.0",0,0,"1.1",45,0,8569,0,0,"0.0","u",0,0,,"false"
"2026-10-06T00:20:51Z",578,"Mudryk","TOT","-13.8","-13.8","-13.8","-13.8",-1,0,"0.0",53,23,592,1,16,"0.0","i",-1,-2,,"false"
"2026-10-06T00:20:51Z",601,"Williams-Barnett","TOT","-56.6","-56.6","-56.6","-56.6",-3,0,"0.1",45,177,793,0,0,"0.0","a",0,0,,"false"
"2026-10-06T00:20:51Z",501,"Danso","SUN","-86.4","-86.4","-86.4","-86.4",-3,0,"0.2",50,1257,901,3,270,"0.5","a",0,0,,"false"
"2026-10-06T00:20:51Z",529,"Roefs","SUN","-18.2","-18.1","-18.0","-17.9",-1,1,"2.4",49,2215,12655,11,450,"1.0","a",0,-1,,"false"
"2026-10-06T00:20:51Z",530,"Patterson","SUN","0.0","0.0","0.0","0.0",0,0,"0.1",40,0,385,0,0,"0.0","u",0,0,,"false"
"2026-10-06T00:20:51Z",531,"Ellborg","SUN","-0.2","-0.2","-0.2","-0.2",-1,0,"0.1",44,148,274,0,0,"0.0","a",-1,-1,,"false"
"2026-10-06T00:20:51Z",532,"Ballard","SUN","-59.4","-59.6","-59.9","-60.1",-3,-7,"2.5",49,3660,19638,14,450,"1.0","d",0,-1,,"false"
"2026-10-06T00:20:51Z",533,"Mukiele","SUN","-18.2","-18.2","-18.2","-18.2",-1,0,"1.9",54,5574,9514,13,360,"0.0","a",0,-1,,"false"
"2026-10-06T00:20:51Z",534,"Hume","SUN","-9.0","-9.1","-9.2","-9.3",-1,-2,"2.8",43,1310,31918,10,206,"0.5","a",-1,-2,,"false"
"2026-10-06T00:20:51Z",535,"Alderete","SUN","-7.7","-7.7","-7.7","-7.7",-1,0,"0.2",48,242,1150,1,23,"0.0","a",-1,-2,,"false"
"2026-10-06T00:20:51Z",536,"Reinildo","SUN","-0.2","-0.6","-1.0","-1.5",-1,-1,"0.3",44,239,1643,7,360,"-1.0","a",-1,-1,,"false"
"2026-10-06T00:20:51Z",537,"Seelt","SUN","0.0","0.0","0.0","0.0",0,0,"0.0",45,0,23,0,0,"0.0","u",0,0,,"false"
"2026-10-06T00:20:51Z",538,"Hjelde","SUN","0.0","0.0","0.0","0.0",0,0,"0.0",40,0,166,0,0,"0.0","u",0,0,,"false"
"2026-10-06T00:20:51Z",539,"O'Nien","SUN","4.5","4.5","4.5","4.6",1,1,"2.5",39,19049,12748,1,66,"0.0","a",-1,-1,,"false"
"2026-10-06T00:20:51Z",540,"Masuaku","SUN","0.0","0.0","0.0","0.0",0,0,"0.1",40,0,675,0,0,"0.0","u",0,0,,"false"
"2026-10-06T00:20:51Z",541,"Meunier","SUN","-33.1","-32.4","-31.7","-31.0",-2,1,"0.3",45,1818,995,14,396,"2.5","a",0,0,,"false"
"2026-10-06T00:20:51Z",542,"E.Le Fée","SUN","-4.8","-4.8","-4.8","-4.7",-1,1,"3.3",57,12573,26239,18,438,"2.5","a",-1,-3,,"false"
"2026-10-06T00:20:51Z",543,"Diarra","SUN","-1.3","-1.3","-1.3","-1.3",-1,0,"0.0",53,20,256,5,28,"0.0","i",-1,-2,,"false"
"2026-10-06T00:20:51Z",544,"Xhaka","SUN","-79.5","-80.0","-80.4","-80.9",-3,-10,"3.6",55,6773,24858,21,450,"1.5","a",0,0,,"false"
"2026-10-06T00:20:51Z",545,"Sadiki","SUN","-80.5","-80.5","-80.5","-80.5",-3,0,"0.2",49,434,1455,10,410,"2.0","a",0,-1,,"false"
"2026-10-06T00:20:51Z",546,"Adingra","SUN","0.0","0.0","0.0","0.0",0,0,"0.0",49,0,200,0,0,"0.0","u",0,-1,,"false"
"2026-10-06T00:20:51Z",547,"Mundle","SUN","-85.5","-85.5","-85.5","-85.5",-3,0,"0.0",49,11,56,1,1,"0.0","i",0,-1,,"false"
"2026-10-06T00:20:51Z",548,"Rigg","SUN","-83.7","-83.7","-83.7","-83.7",-3,0,"0.0",49,35,248,2,17,"0.0","a",0,-1,,"false"
"2026-10-06T00:20:51Z",549,"Talbi","SUN","-32.1","-32.1","-32.1","-32.1",-2,0,"0.1",53,119,599,1,31,"0.0","a",0,-2,,"false"
"2026-10-06T00:20:51Z",550,"Jocelin.T","SUN","-97.4","-97.4","-97.4","-97.4",-4,0,"0.0",50,44,45,0,0,"0.0","a",0,0,,"false"
"2026-10-06T00:20:51Z",551,"N.Angulo","SUN","1.4","1.4","1.4","1.4",1,0,"0.1",50,553,837,16,313,"3.0","a",0,0,,"false"
"2026-10-06T00:20:51Z",552,"Brobbey","SUN","85.4","85.3","85.3","85.2",3,-5,"6.9",57,198188,53841,24,399,"9.0","d",-1,-3,,"false"
"2026-10-06T00:20:51Z",553,"Isidor","SUN","3.3","3.2","3.1","3.1",1,-4,"1.3",55,3826,12273,15,117,"1.0","a",0,0,,"false"
"2026-10-06T00:20:51Z",612,"Methalie","SUN","0.0","0.0","0.0","0.0",0,0,"0.0",45,129,75,-1,90,"-0.5","a",0,0,,"false"
"2026-10-06T00:20:51Z",613,"Ahoka","SUN","-50.1","-50.1","-50.1","-50.1",-3,0,"0.2",45,627,1693,0,0,"0.0","a",0,0,,"false"
"2026-10-06T00:20:51Z",646,"Fofana","SUN","-12.6","-12.6","-12.6","-12.6",-1,0,"0.0",55,352,317,3,60,"1.0","a",0,0,,"false"
"2026-10-06T00:20:51Z",651,"J.Angulo","SUN","5.3","5.3","5.3","5.3",1,-1,"0.7",45,9530,7678,0,0,"0.0","a",0,0,,"false"
"2026-10-06T01:48:45Z",1,"Raya","ARS","1.8","1.9","2.0","2.1",1,19,"42.3",61,138098,56648,30,450,"6.0","a",1,1,,"false"
"2026-10-06T01:48:45Z",2,"Arrizabalaga","ARS","-53.6","-53.6","-53.6","-53.6",-3,0,"0.1",49,121,281,0,0,"0.0","a",0,-1,,"false"
"2026-10-06T01:48:45Z",3,"Meslier","ARS","-42.0","-42.0","-42.0","-42.0",-3,0,"0.0",49,50,130,0,0,"0.0","a",0,-1,,"false"
"2026-10-06T01:48:45Z",4,"Gabriel","ARS","-94.9","-94.9","-94.9","-94.9",-3,0,"22.7",80,28836,72213,25,450,"4.0","a",0,0,,"false"
"2026-10-06T01:48:45Z",5,"J.Timber","ARS","12.5","12.6","12.7","12.8",1,8,"0.4",65,14738,4734,1,104,"0.3","a",0,0,,"false"
"2026-10-06T01:48:45Z",6,"Saliba","ARS","-27.6","-27.6","-27.6","-27.6",-2,0,"0.2",59,440,1197,0,0,"0.0","i",0,-1,,"false"
"2026-10-06T01:48:45Z",7,"Lewis-Skelly","ARS","-17.7","-18.0","-18.4","-18.7",-1,-2,"0.6",54,1059,5232,9,271,"1.0","a",-1,-1,,"false"
"2026-10-06T01:48:45Z",8,"Calafiori","ARS","0.0","0.1","0.2","0.4",1,21,"50.5",59,90681,68963,29,416,"3.0","a",1,4,,"false"
"2026-10-06T01:48:45Z",9,"Hincapie","ARS","-6.5","-6.5","-6.5","-6.5",-1,0,"0.9",52,1587,6031,2,32,"0.3","a",-1,-3,,"false"
"2026-10-06T01:48:45Z",10,"White","ARS","-55.0","-55.3","-55.7","-56.0",-3,-19,"4.8",55,3307,72721,21,315,"1.0","d",0,0,,"false"
"2026-10-06T01:48:45Z",11,"Mosquera","ARS","-28.5","-28.5","-28.5","-28.5",-2,0,"1.6",53,1403,10204,12,168,"0.0","a",0,-2,,"false"
"2026-10-06T01:48:45Z",12,"Saka","ARS","0.1","0.4","0.7","1.1",1,60,"14.1",96,150813,51826,32,416,"4.0","a",1,1,,"false"
"2026-10-06T01:48:45Z",13,"Rice","ARS","-39.1","-39.5","-39.8","-40.2",-2,-48,"11.5",74,7826,93137,20,411,"4.0","d",0,-1,,"false"
"2026-10-06T01:48:45Z",14,"Eze","ARS","-0.2","-0.2","-0.2","-0.2",-1,0,"1.0",62,2945,7265,4,85,"0.7","a",-1,-3,,"false"
"2026-10-06T01:48:45Z",15,"Ødegaard","ARS","1.2","1.5","1.8","2.1",1,21,"19.8",68,88765,97018,29,377,"5.0","a",0,3,,"false"
"2026-10-06T01:48:45Z",16,"Madueke","ARS","-27.8","-27.8","-27.8","-27.8",-2,0,"0.2",62,800,1644,2,23,"0.3","a",0,-3,,"false"
"2026-10-06T01:48:45Z",17,"Merino","ARS","-0.4","-0.6","-0.9","-1.2",-1,-1,"0.4",57,846,3037,4,81,"0.7","a",-1,-3,,"false"
"2026-10-06T01:48:45Z",18,"Martinelli","ARS","0.0","0.0","0.0","0.0",0,0,"0.1",63,0,623,0,0,"0.0","u",0,-2,,"false"
"2026-10-06T01:48:45Z",19,"Zubimendi","ARS","-53.3","-53.3","-53.3","-53.3",-3,0,"0.6",53,541,3968,5,89,"1.0","a",0,-2,,"false"
"2026-10-06T01:48:45Z",20,"Dowman","ARS","-17.3","-17.3","-17.3","-17.3",-1,0,"0.1",53,481,646,1,9,"0.3","d",0,-2,,"false"
"2026-10-06T01:48:45Z",22,"Nwaneri","ARS","0.0","0.0","0.0","0.0",0,0,"0.0",54,0,58,0,0,"0.0","u",0,-1,,"false"
"2026-10-06T01:48:45Z",23,"Fábio Vieira","ARS","0.0","0.0","0.0","0.0",0,0,"0.0",55,0,44,0,0,"0.0","u",0,0,,"false"
"2026-10-06T01:48:45Z",24,"Nelson","ARS","0.0","0.0","0.0","0.0",0,0,"0.0",55,0,24,0,0,"0.0","u",0,0,,"false"
"2026-10-06T01:48:45Z",25,"Gyökeres","ARS","0.7","1.3","2.0","2.6",1,42,"3.2",71,18342,18549,2,29,"0.7","a",-1,-4,,"false"
"2026-10-06T01:48:45Z",26,"Havertz","ARS","-0.9","-1.6","-2.4","-3.2",-1,-73,"8.1",76,51036,76184,19,437,"3.7","d",0,1,,"false"
"2026-10-06T01:48:45Z",27,"G.Jesus","ARS","0.0","0.0","0.0","0.0",0,0,"0.1",59,0,1097,0,0,"0.0","u",0,-1,,"false"
"2026-10-06T01:48:45Z",31,"Konsa","ARS","0.4","0.2","-0.1","-0.3",1,-44,"19.3",46,98037,65196,12,281,"3.7","d",1,1,,"false"
"2026-10-06T01:48:45Z",452,"Bruno G.","ARS","0.6","0.6","0.6","0.6",1,0,"1.8",67,6539,8266,9,123,"2.7","a",0,-3,,"false"
"2026-10-06T01:48:45Z",557,"Tzolis","ARS","-9.7","-10.1","-10.5","-11.0",-1,-100,"11.9",63,12514,163252,16,362,"3.3","d",-1,-2,,"false"
"2026-10-06T01:48:45Z",29,"M.Bizot","AVL","-41.6","-42.1","-42.7","-43.3",-3,-1,"0.1",45,69,1080,1,90,"0.0","i",0,0,,"false"
"2026-10-06T01:48:45Z",30,"Digne","AVL","0.0","0.0","0.0","0.0",0,0,"0.0",45,0,251,0,0,"0.0","u",0,0,,"false"
"2026-10-06T01:48:45Z",32,"Cash","AVL","-25.6","-25.6","-25.7","-25.8",-2,-2,"4.8",44,2966,27097,6,296,"-0.5","a",0,-1,,"false"
"2026-10-06T01:48:45Z",33,"Mings","AVL","0.8","0.9","0.9","0.9",1,2,"0.4",45,2016,1568,10,261,"1.5","a",0,0,,"false"
"2026-10-06T01:48:45Z",34,"Pau","AVL","-1.2","-1.6","-2.0","-2.4",-1,-4,"0.3",44,48,3366,3,187,"0.5","i",-1,-1,,"false"
"2026-10-06T01:48:45Z",35,"Bogarde","AVL","-4.3","-4.3","-4.3","-4.3",-1,0,"0.1",49,180,461,1,16,"0.0","a",-1,-1,,"false"
"2026-10-06T01:48:45Z",36,"Maatsen","AVL","-3.9","-4.1","-4.4","-4.6",-1,-4,"0.5",44,55,6738,9,335,"0.5","i",-1,-1,,"false"
"2026-10-06T01:48:45Z",37,"Lindelöf","AVL","1.1","1.1","1.1","1.1",1,1,"0.3",45,1232,1434,8,450,"1.0","a",0,0,,"false"
"2026-10-06T01:48:45Z",38,"A.García","AVL","-37.9","-38.0","-38.1","-38.3",-2,-1,"1.5",40,1963,6483,0,0,"0.0","a",0,0,,"false"
"2026-10-06T01:48:45Z",39,"Nedeljkovic","AVL","0.0","0.0","0.0","0.0",0,0,"0.1",40,0,601,0,0,"0.0","u",0,0,,"false"
"2026-10-06T01:48:45Z",41,"Buendía","AVL","-33.4","-33.1","-32.7","-32.4",-2,2,"1.0",59,13727,4819,21,401,"7.0","a",0,-1,,"false"
"2026-10-06T01:48:45Z",44,"Bailey","AVL","0.0","0.0","0.0","0.0",0,0,"0.1",54,0,533,0,0,"0.0","u",0,-1,,"false"
"2026-10-06T01:48:45Z",45,"McGinn","AVL","-21.7","-21.8","-21.9","-22.0",-2,-2,"2.2",54,7677,9518,17,434,"6.0","a",0,-1,,"false"
"2026-10-06T01:48:45Z",46,"Barkley","AVL","0.5","0.5","0.5","0.5",1,0,"0.3",50,612,1900,10,308,"1.5","a",0,0,,"false"
"2026-10-06T01:48:45Z",47,"Kamara","AVL","-86.0","-86.0","-86.0","-86.0",-3,0,"0.3",50,1417,1703,15,443,"4.0","a",0,0,,"false"
"2026-10-06T01:48:45Z",48,"Onana","AVL","-11.6","-11.6","-11.6","-11.6",-1,0,"0.0",49,48,103,0,0,"0.0","i",0,-1,,"false"
"2026-10-06T01:48:45Z",49,"Iling Jr","AVL","0.0","0.0","0.0","0.0",0,0,"0.0",50,0,12,0,0,"0.0","u",0,0,,"false"
"2026-10-06T01:48:45Z",50,"Burrowes","AVL","-85.6","-85.6","-85.6","-85.6",-3,0,"0.6",45,673,3593,0,0,"0.0","a",0,0,,"false"
"2026-10-06T01:48:45Z",51,"George Hemmings","AVL","14.4","14.4","14.4","14.4",1,0,"1.2",45,3423,10441,9,297,"1.0","a",0,0,,"false"
"2026-10-06T01:48:45Z",52,"Alysson","AVL","-5.8","-5.8","-5.8","-5.8",-1,0,"0.0",50,70,835,8,87,"3.0","d",0,0,,"false"
"2026-10-06T01:48:45Z",53,"Manzambi","AVL","9.6","9.7","9.9","10.0",1,8,"0.4",59,30176,3924,14,98,"7.0","a",0,-1,,"false"
"2026-10-06T01:48:45Z",54,"Gomes","AVL","0.1","0.1","0.2","0.2",1,2,"0.0",55,504,210,2,129,"2.0","a",0,0,,"false"
"2026-10-06T01:48:45Z",55,"Watkins","AVL","0.0","0.0","0.0","0.0",0,-6,"2.5",78,0,13920,0,0,"0.0","u",0,-2,,"false"
"2026-10-06T01:48:45Z",56,"Abraham","AVL","3.7","3.7","3.7","3.7",1,0,"0.2",55,1862,1864,4,71,"1.0","a",0,0,,"false"
"2026-10-06T01:48:45Z",160,"Garnacho","AVL","-72.2","-72.2","-72.2","-72.2",-3,0,"0.3",58,600,2932,3,31,"0.0","a",0,-2,,"false"
"2026-10-06T01:48:45Z",166,"N.Jackson","AVL","57.4","57.5","57.7","57.9",3,13,"1.5",65,41230,9179,10,286,"3.0","a",0,0,,"false"
"2026-10-06T01:48:45Z",582,"Madjo","AVL","-27.3","-27.9","-28.6","-29.3",-2,-2,"0.2",54,290,1921,0,0,"0.0","i",0,-1,,"false"
"2026-10-06T01:48:45Z",596,"Ruggeri","AVL","-72.6","-72.6","-72.6","-72.6",-3,0,"0.1",45,634,365,5,113,"1.5","a",0,0,,"false"
"2026-10-06T01:48:45Z",597,"Suzuki","AVL","32.0","32.1","32.3","32.5",2,11,"1.9",50,14829,7270,16,360,"2.0","a",0,0,,"false"
"2026-10-06T01:48:45Z",606,"Rowe","AVL","0.1","0.1","0.1","0.1",1,0,"0.2",40,337,950,0,0,"0.0","a",0,0,,"false"
"2026-10-06T01:48:45Z",607,"Lynch","AVL","0.0","0.0","0.0","0.0",0,0,"0.1",45,0,745,0,0,"0.0","u",0,0,,"false"
"2026-10-06T01:48:45Z",611,"Wan-Bissaka","AVL","2.2","2.2","2.3","2.3",1,1,"0.2",45,1569,1530,6,152,"2.0","a",0,0,,"false"
"2026-10-06T01:48:45Z",618,"Goretzka","AVL","-45.4","-45.4","-45.4","-45.4",-3,0,"0.0",59,27,434,0,0,"0.0","i",0,-1,,"false"
"2026-10-06T01:48:45Z",630,"Harwood-Bellis","AVL","0.0","0.0","0.0","0.0",0,0,"0.0",45,214,205,0,0,"0.0","a",0,0,,"false"
"2026-10-06T01:48:45Z",631,"Mbaye","AVL","0.4","0.4","0.4","0.4",1,0,"0.1",60,994,1188,2,33,"1.0","a",0,0,,"false"
"2026-10-06T01:48:45Z",667,"Wright","AVL","0.1","0.1","0.2","0.2",1,1,"0.1",40,8681,1000,0,0,"0.0","a",0,0,,"false"
"2026-10-06T01:48:45Z",57,"Petrović","BOU","0.2","0.2","0.2","0.3",1,1,"3.0",45,7154,12956,9,450,"1.5","a",0,0,,"false"
"2026-10-06T01:48:45Z",58,"Forster","BOU","4.9","4.9","5.0","5.0",1,2,"3.5",40,8935,7994,0,0,"0.0","a",0,0,,"false"
"2026-10-06T01:48:45Z",59,"Dennis","BOU","0.0","0.0","0.0","0.0",0,-1,"0.1",40,0,597,0,0,"0.0","u",0,0,,"false"
"2026-10-06T01:48:45Z",60,"Hill","BOU","-33.7","-32.9","-32.1","-31.2",-2,4,"0.8",55,3584,3382,12,450,"3.0","a",0,0,,"false"
"2026-10-06T01:48:45Z",61,"Truffert","BOU","-1.7","-1.7","-1.6","-1.6",-1,2,"3.0",54,5203,13279,10,450,"2.5","a",-1,-1,,"false"
"2026-10-06T01:48:45Z",62,"Diakité","BOU","-6.2","-6.2","-6.2","-6.2",-1,0,"0.2",49,508,1025,0,0,"0.0","a",-1,-1,,"false"
"2026-10-06T01:48:45Z",63,"Milosavljević","BOU","-3.2","-3.2","-3.2","-3.2",-1,0,"0.0",49,37,51,0,0,"0.0","i",0,-1,,"false"
"2026-10-06T01:48:45Z",64,"Smith","BOU","0.3","0.4","0.4","0.4",1,1,"0.1",45,449,528,4,434,"1.0","a",0,0,,"false"
"2026-10-06T01:48:45Z",65,"J.Araujo","BOU","-13.0","-13.0","-13.0","-13.0",-1,0,"0.0",44,44,60,0,0,"0.0","i",0,-1,,"false"
"2026-10-06T01:48:45Z",66,"Soler","BOU","1.5","1.5","1.5","1.5",1,0,"0.3",40,785,1215,0,0,"0.0","a",0,0,,"false"
"2026-10-06T01:48:45Z",67,"Rayan","BOU","-10.5","-10.6","-10.7","-10.8",-1,-2,"1.6",63,4587,10475,10,434,"2.0","a",-1,-2,,"false"
"2026-10-06T01:48:45Z",68,"Tavernier","BOU","33.8","34.1","34.5","34.9",2,23,"6.8",61,92495,50192,31,424,"5.0","a",0,1,,"false"
"2026-10-06T01:48:45Z",69,"Scott","BOU","-3.0","-4.1","-5.3","-6.5",-1,-79,"5.7",61,26306,48183,30,446,"3.0","d",0,1,,"false"
"2026-10-06T01:48:45Z",70,"Kluivert","BOU","-63.7","-63.9","-64.2","-64.5",-3,-4,"0.8",60,2311,19758,15,294,"4.0","i",0,0,,"false"
"2026-10-06T01:48:45Z",71,"Cook","BOU","-14.5","-14.5","-14.5","-14.5",-1,0,"0.2",50,294,1232,8,180,"0.5","a",0,0,,"false"
"2026-10-06T01:48:45Z",72,"Gannon-Doak","BOU","-70.1","-70.1","-70.1","-70.1",-3,0,"0.1",49,158,412,4,12,"1.0","a",0,-1,,"false"
"2026-10-06T01:48:45Z",73,"Adams","BOU","1.6","1.6","1.6","1.6",1,0,"0.3",50,1199,1772,12,279,"3.0","a",0,0,,"false"
"2026-10-06T01:48:45Z",74,"Brooks","BOU","-21.4","-21.4","-21.4","-21.4",-2,0,"0.1",50,201,351,3,45,"0.5","a",0,0,,"false"
"2026-10-06T01:48:45Z",75,"Christie","BOU","0.4","0.4","0.5","0.5",1,2,"0.0",50,322,273,5,102,"1.5","a",0,0,,"false"
"2026-10-06T01:48:45Z",76,"Tóth.A","BOU","-13.1","-13.1","-13.1","-13.1",-1,0,"0.0",49,29,58,2,17,"0.5","a",0,-1,,"false"
"2026-10-06T01:48:45Z",77,"Adli","BOU","-89.5","-89.5","-89.5","-89.5",-3,0,"0.0",49,29,81,0,0,"0.0","i",0,-1,,"false"
"2026-10-06T01:48:45Z",78,"Kroupi.Jr","BOU","-81.7","-81.7","-81.7","-81.7",-3,0,"0.2",74,220,950,0,0,"0.0","i",0,-1,,"false"
"2026-10-06T01:48:45Z",79,"Evanilson","BOU","55.1","55.3","55.5","55.6",3,11,"3.2",60,20614,22695,18,424,"3.5","a",0,0,,"false"
"2026-10-06T01:48:45Z",80,"Enes Ünal","BOU","0.0","0.0","0.0","0.0",0,0,"0.0",55,0,56,0,0,"0.0","u",0,0,,"false"
"2026-10-06T01:48:45Z",81,"Rodríguez","BOU","-31.1","-29.7","-28.2","-26.6",-2,1,"0.1",60,889,765,2,10,"0.5","a",0,0,,"false"
"2026-10-06T01:48:45Z",566,"Silva","BOU","1.7","1.7","1.8","1.9",1,5,"0.4",50,9045,4573,13,450,"3.0","a",0,0,,"false"
"2026-10-06T01:48:45Z",573,"Sanchez","BOU","-14.2","-14.2","-14.2","-14.2",-1,0,"0.2",44,160,474,0,0,"0.0","a",0,-1,,"false"
"2026-10-06T01:48:45Z",608,"Jebbison","BOU","0.6","0.6","0.6","0.6",1,0,"0.1",50,978,961,3,31,"0.5","a",0,0,,"false"
"2026-10-06T01:48:45Z",615,"Di Gregorio","BOU","-29.5","-29.5","-29.5","-29.5",-2,0,"0.0",45,197,203,0,0,"0.0","a",0,0,,"false"
"2026-10-06T01:48:45Z",82,"Kelleher","BRE","22.0","22.1","22.1","22.2",2,4,"6.1",50,21749,15185,20,450,"4.5","a",0,0,,"false"
"2026-10-06T01:48:45Z",83,"Valdimarsson","BRE","-79.8","-79.8","-79.8","-79.8",-3,0,"0.1",45,327,364,0,0,"0.0","a",0,0,,"false"
"2026-10-06T01:48:45Z",84,"Collins","BRE","-32.6","-32.6","-32.6","-32.6",-2,0,"0.9",54,128,10188,10,196,"0.0","i",0,-1,,"false"
"2026-10-06T01:48:45Z",85,"Van den Berg","BRE","-88.4","-89.4","-90.6","-91.8",-3,-1,"0.1",49,43,394,0,0,"0.0","i",0,-1,,"false"
"2026-10-06T01:48:45Z",86,"Lewis-Potter","BRE","34.3","34.2","34.1","34.1",2,-4,"1.7",55,3999,12791,22,406,"2.0","a",0,0,,"false"
"2026-10-06T01:48:45Z",87,"Ajer","BRE","33.1","33.1","33.2","33.2",2,4,"3.9",45,12831,24668,21,450,"4.0","a",0,0,,"false"
"2026-10-06T01:48:45Z",88,"Kayode","BRE","-40.2","-40.2","-40.2","-40.2",-3,-1,"7.6",46,15144,23254,23,294,"3.5","a",0,1,,"false"
"2026-10-06T01:48:45Z",89,"Henry","BRE","-18.1","-18.1","-18.1","-18.1",-1,0,"0.2",44,168,648,1,2,"0.0","a",0,-1,,"false"
"2026-10-06T01:48:45Z",90,"Hickey","BRE","-31.4","-31.4","-31.4","-31.4",-2,0,"0.1",45,201,272,5,152,"1.0","a",0,0,,"false"
"2026-10-06T01:48:45Z",92,"Ji-soo","BRE","-4.5","-4.5","-4.5","-4.5",-1,0,"0.0",44,65,91,0,0,"0.0","a",-1,-1,,"false"
"2026-10-06T01:48:45Z",93,"Schuster","BRE","6.0","6.1","6.2","6.3",1,8,"0.3",45,16904,2784,21,253,"8.5","a",0,0,,"false"
"2026-10-06T01:48:45Z",94,"Schade","BRE","19.0","19.7","20.4","21.2",1,135,"11.9",62,428112,30867,39,447,"12.0","a",1,2,,"false"
"2026-10-06T01:48:45Z",95,"O.Dango","BRE","-54.5","-54.5","-54.5","-54.5",-3,0,"0.5",63,906,3959,7,179,"1.0","a",0,-2,,"false"
"2026-10-06T01:48:45Z",96,"Damsgaard","BRE","-5.8","-6.3","-6.8","-7.2",-1,-2,"0.4",54,1805,2466,16,283,"2.0","d",0,-1,,"false"
"2026-10-06T01:48:45Z",97,"Jensen","BRE","-62.5","-62.5","-62.5","-62.5",-3,0,"0.1",54,22,699,6,66,"0.0","i",0,-1,,"false"
"2026-10-06T01:48:45Z",98,"Janelt","BRE","83.2","83.3","83.3","83.3",3,2,"2.5",50,21502,19599,28,450,"3.5","a",0,0,,"false"
"2026-10-06T01:48:45Z",99,"Milambo","BRE","-44.1","-44.1","-44.1","-44.1",-3,0,"0.0",50,8,8,0,0,"0.0","i",0,0,,"false"
"2026-10-06T01:48:45Z",100,"Carvalho","BRE","0.3","0.3","0.3","0.3",1,0,"0.0",50,629,186,6,3,"3.0","a",0,0,,"false"
"2026-10-06T01:48:45Z",102,"Yarmoliuk","BRE","-20.0","-20.2","-20.5","-20.8",-2,-1,"0.6",48,1467,3592,9,216,"3.5","a",0,-2,,"false"
"2026-10-06T01:48:45Z",103,"Dasilva","BRE","-68.2","-68.2","-68.2","-68.2",-3,0,"0.0",49,10,112,0,0,"0.0","i",0,-1,,"false"
"2026-10-06T01:48:45Z",105,"Anthony","BRE","1.0","1.0","1.0","1.0",1,0,"0.1",59,2586,686,15,267,"5.5","a",0,-1,,"false"
"2026-10-06T01:48:45Z",106,"Thiago","BRE","13.9","14.2","14.6","15.1",1,27,"9.1",78,66242,41935,10,442,"3.0","a",0,-2,,"false"
"2026-10-06T01:48:45Z",107,"Furo","BRE","-7.5","-7.7","-7.9","-8.1",-1,-3,"0.9",45,967,10125,0,0,"0.0","i",0,0,,"false"
"2026-10-06T01:48:45Z",108,"Wilson","BRE","-12.6","-12.0","-11.4","-10.7",-1,2,"0.3",54,1335,2608,3,13,"0.0","a",-1,-1,,"false"
"2026-10-06T01:48:45Z",565,"M.Sangaré","BRE","-36.1","-36.3","-36.5","-36.7",-2,-22,"9.8",56,9089,146987,22,321,"2.0","a",-1,1,,"false"
"2026-10-06T01:48:45Z",620,"Diouf","BRE","-37.8","-37.8","-37.8","-37.8",-2,0,"0.1",45,520,726,2,39,"1.0","a",0,0,,"false"
"2026-10-06T01:48:45Z",657,"Nunes","BRE","0.0","0.0","0.0","0.0",0,0,"0.0",45,373,286,0,0,"0.0","a",0,0,,"false"
"2026-10-06T01:48:45Z",660,"Fredrick","BRE","0.0","0.0","0.0","0.0",0,0,"0.0",40,559,72,0,0,"0.0","a",0,0,,"false"
"2026-10-06T01:48:45Z",661,"Balcombe","BRE","0.0","0.0","0.0","0.0",0,0,"0.0",40,3143,616,0,0,"0.0","a",0,0,,"false"
"2026-10-06T01:48:45Z",109,"Verbruggen","BHA","69.0","68.9","68.8","68.7",3,-8,"21.6",45,80580,79838,23,450,"7.0","a",0,0,,"false"
"2026-10-06T01:48:45Z",111,"Steele","BHA","-1.2","-1.2","-1.2","-1.1",-1,1,"4.1",40,7782,16139,0,0,"0.0","a",0,0,,"false"
"2026-10-06T01:48:45Z",113,"F.Kadıoğlu","BHA","-64.2","-64.2","-64.2","-64.2",-3,0,"1.6",44,4479,7667,13,332,"5.5","a",0,-1,,"false"
"2026-10-06T01:48:45Z",114,"Boscagli","BHA","3.0","3.0","3.0","3.0",1,0,"0.3",45,2361,890,19,437,"6.0","a",0,0,,"false"
"2026-10-06T01:48:45Z",115,"De Cuyper","BHA","5.1","5.5","5.9","6.3",1,72,"28.0",50,323353,25610,38,423,"8.5","a",1,5,,"false"
"2026-10-06T01:48:45Z",116,"Dunk","BHA","20.9","20.8","20.8","20.7",2,-4,"1.5",45,7735,11191,22,360,"6.0","d",0,0,,"false"
"2026-10-06T01:48:45Z",117,"Coppola","BHA","-12.0","-12.0","-12.0","-12.0",-1,0,"0.0",45,117,104,0,0,"0.0","a",0,0,,"false"
"2026-10-06T01:48:45Z",118,"Igor","BHA","0.0","0.0","0.0","0.0",0,0,"0.0",45,0,319,0,0,"0.0","u",0,0,,"false"
"2026-10-06T01:48:45Z",119,"Costinha","BHA","0.0","0.0","0.0","0.0",0,0,"0.0",45,187,142,4,68,"1.0","a",0,0,,"false"
"2026-10-06T01:48:45Z",120,"Svoboda","BHA","0.5","0.5","0.5","0.5",1,0,"0.1",50,1368,491,1,4,"0.5","a",0,0,,"false"
"2026-10-06T01:48:45Z",121,"Mitoma","BHA","-26.7","-26.7","-26.7","-26.7",-2,0,"0.0",59,142,188,0,0,"0.0","i",0,-1,,"false"
"2026-10-06T01:48:45Z",122,"Minteh","BHA","-6.5","-6.5","-6.5","-6.5",-1,0,"0.0",58,48,244,0,0,"0.0","i",-1,-2,,"false"
"2026-10-06T01:48:45Z",123,"Hinshelwood","BHA","-44.3","-44.6","-44.9","-45.2",-3,-3,"0.6",59,309,7267,16,63,"0.0","i",0,-1,,"false"
"2026-10-06T01:48:45Z",124,"Groß","BHA","4.7","5.8","7.2","8.5",1,228,"29.5",59,844328,14521,47,450,"15.5","a",2,4,,"false"
"2026-10-06T01:48:45Z",125,"Georginio","BHA","-0.1","-0.1","-0.1","-0.1",-1,0,"0.5",53,2927,4158,6,104,"0.5","a",-1,-2,,"false"
"2026-10-06T01:48:45Z",126,"O'Riley","BHA","-9.0","-9.0","-9.0","-9.0",-1,0,"0.1",54,454,599,2,10,"1.0","a",0,-1,,"false"
"2026-10-06T01:48:45Z",127,"Gomez","BHA","32.9","32.8","32.7","32.6",2,-6,"3.9",50,13234,41636,24,433,"5.5","a",0,0,,"false"
"2026-10-06T01:48:45Z",128,"Buonanotte","BHA","0.0","0.0","0.0","0.0",0,0,"0.0",50,0,7,0,0,"0.0","u",0,0,,"false"
"2026-10-06T01:48:45Z",129,"Ayari","BHA","-46.8","-46.8","-46.8","-46.8",-3,0,"0.4",54,2598,2186,15,333,"5.5","a",0,-1,,"false"
"2026-10-06T01:48:45Z",130,"Wieffer","BHA","-35.0","-35.4","-35.8","-36.2",-2,-1,"0.2",49,35,2130,7,156,"0.0","i",0,-1,,"false"
"2026-10-06T01:48:45Z",132,"Howell","BHA","0.0","0.0","0.0","0.0",0,-1,"0.0",45,0,227,0,0,"0.0","u",0,0,,"false"
"2026-10-06T01:48:45Z",133,"Watson","BHA","0.0","0.0","0.0","0.0",0,0,"0.0",50,0,5,0,0,"0.0","u",0,0,,"false"
"2026-10-06T01:48:45Z",134,"Oriola","BHA","-88.6","-88.6","-88.6","-88.6",-3,0,"0.2",45,374,1419,0,0,"0.0","a",0,0,,"false"
"2026-10-06T01:48:45Z",135,"Yohanna","BHA","-1.8","-1.8","-1.8","-1.8",-1,0,"0.0",48,27,412,1,12,"0.0","i",-1,-2,,"false"
"2026-10-06T01:48:45Z",137,"Tzimas","BHA","-4.2","-4.2","-4.2","-4.2",-1,0,"0.0",54,40,57,0,0,"0.0","i",0,-1,,"false"
"2026-10-06T01:48:45Z",138,"Kostoulas","BHA","25.9","26.7","27.6","28.5",2,152,"4.5",56,343594,22821,28,353,"10.0","a",1,1,,"false"
"2026-10-06T01:48:45Z",139,"Ferguson","BHA","-62.7","-62.7","-62.7","-62.7",-3,0,"0.0",50,150,272,0,0,"0.0","i",0,0,,"false"
"2026-10-06T01:48:45Z",328,"Struijk","BHA","-10.7","-10.7","-10.7","-10.7",-1,0,"0.2",49,651,1001,7,98,"3.0","d",0,-1,,"false"
"2026-10-06T01:48:45Z",504,"Vuskovic","BHA","61.3","61.5","61.7","61.9",3,14,"3.8",50,64378,15481,32,437,"7.0","a",0,0,,"false"
"2026-10-06T01:48:45Z",594,"David","BHA","0.7","0.7","0.7","0.7",1,0,"0.2",59,3395,2344,1,23,"0.0","a",-1,-1,,"false"
"2026-10-06T01:48:45Z",600,"Osman","BHA","-74.4","-74.4","-74.4","-74.4",-3,0,"0.0",50,118,134,3,40,"0.5","a",0,0,,"false"
"2026-10-06T01:48:45Z",605,"Yalcouyé","BHA","57.4","57.4","57.4","57.4",3,1,"4.0",45,27940,35446,20,236,"4.5","a",0,0,,"false"
"2026-10-06T01:48:45Z",614,"Hadjam","BHA","-5.5","-5.5","-5.5","-5.5",-1,0,"0.0",45,259,266,0,0,"0.0","a",0,0,,"false"
"2026-10-06T01:48:45Z",624,"Cozier-Duberry","BHA","0.0","0.0","0.0","0.0",0,0,"0.0",50,0,6,0,0,"0.0","u",0,0,,"false"
"2026-10-06T01:48:45Z",639,"Andrés","BHA","1.6","1.6","1.6","1.6",1,0,"0.0",55,2951,350,12,109,"6.0","a",0,0,,"false"
"2026-10-06T01:48:45Z",652,"Azeez","BHA","-32.3","-32.3","-32.3","-32.3",-2,0,"0.0",55,20,46,0,0,"0.0","i",0,0,,"false"
"2026-10-06T01:48:45Z",658,"Ibrahim","BHA","0.0","0.0","0.0","0.0",0,0,"0.0",45,321,224,0,0,"0.0","a",0,0,,"false"
"2026-10-06T01:48:45Z",28,"Martinez","CHE","-7.1","-7.0","-6.9","-6.8",-1,3,"4.7",50,8605,23453,9,360,"2.3","a",0,0,,"false"
"2026-10-06T01:48:45Z",40,"Rogers","CHE","98.6","99.4","100.3","101.2",4,57,"40.7",77,173210,76205,29,437,"5.3","a",0,2,,"false"
"2026-10-06T01:48:45Z",101,"Henderson","CHE","0.0","0.0","0.0","0.0",0,0,"0.0",49,545,172,2,90,"0.7","a",0,-1,,"false"
"2026-10-06T01:48:45Z",136,"Welbeck","CHE","7.4","7.5","7.7","7.8",1,9,"1.0",59,8623,9967,4,85,"1.3","a",0,-1,,"false"
"2026-10-06T01:48:45Z",140,"Sánchez","CHE","0.0","0.0","0.0","0.0",0,-1,"0.7",49,0,5245,2,90,"0.0","u",0,-1,,"false"
"2026-10-06T01:48:45Z",141,"Jörgensen","CHE","0.0","0.0","0.0","0.0",0,0,"0.0",50,0,34,0,0,"0.0","u",0,0,,"false"
"2026-10-06T01:48:45Z",142,"James","CHE","-0.7","-0.8","-0.9","-1.0",-1,-11,"5.7",53,699,82930,3,292,"0.7","d",-1,-2,,"false"
"2026-10-06T01:48:45Z",143,"Chalobah","CHE","0.0","0.0","0.0","0.0",0,0,"0.1",55,0,346,0,0,"0.0","u",0,0,,"false"
"2026-10-06T01:48:45Z",144,"Gusto","CHE","-4.0","-3.9","-3.8","-3.7",-1,1,"0.9",49,1691,7205,4,272,"0.7","a",-1,-1,,"false"
"2026-10-06T01:48:45Z",145,"Fofana","CHE","5.1","5.1","5.1","5.2",1,2,"0.2",50,2811,1407,8,312,"2.7","a",0,0,,"false"
"2026-10-06T01:48:45Z",146,"B.Badiashile","CHE","0.0","0.0","0.0","0.0",0,0,"0.0",45,0,49,0,0,"0.0","u",0,0,,"false"
"2026-10-06T01:48:45Z",148,"Hato","CHE","13.3","13.3","13.3","13.3",1,0,"0.8",45,926,7811,8,258,"1.0","a",0,0,,"false"
"2026-10-06T01:48:45Z",149,"Colwill","CHE","-10.7","-10.7","-10.7","-10.7",-1,0,"0.9",48,1233,5745,3,341,"0.7","a",-1,-2,,"false"
"2026-10-06T01:48:45Z",150,"M.Sarr","CHE","0.0","0.0","0.0","0.0",0,0,"0.0",45,0,183,0,0,"0.0","u",0,0,,"false"
"2026-10-06T01:48:45Z",151,"Acheampong","CHE","-13.8","-13.8","-13.8","-13.8",-1,0,"0.3",45,454,2072,5,221,"0.3","a",0,0,,"false"
"2026-10-06T01:48:45Z",152,"Palestra","CHE","-3.0","-3.2","-3.4","-3.5",-1,-1,"0.6",53,272,4244,0,0,"0.0","d",0,-2,,"false"
"2026-10-06T01:48:45Z",154,"Palmer","CHE","-19.2","-19.9","-20.7","-21.5",-1,-96,"25.4",97,52491,192754,28,442,"2.7","d",0,2,,"false"
"2026-10-06T01:48:45Z",156,"Neto","CHE","-6.5","-5.7","-4.7","-3.7",-1,8,"1.4",65,5961,10227,14,332,"2.0","a",0,0,,"false"
"2026-10-06T01:48:45Z",157,"Estêvão","CHE","-34.4","-33.9","-33.4","-32.8",-2,2,"0.7",63,2005,4552,4,23,"1.0","a",0,-2,,"false"
"2026-10-06T01:48:45Z",158,"Gittens","CHE","-5.1","-5.1","-5.1","-5.1",-1,0,"0.0",58,159,272,0,0,"0.0","d",-1,-2,,"false"
"2026-10-06T01:48:45Z",159,"Caicedo","CHE","-4.3","-4.4","-4.5","-4.6",-1,-1,"1.0",53,440,9603,1,13,"0.0","d",0,-2,,"false"
"2026-10-06T01:48:45Z",161,"Lavia","CHE","4.9","4.9","4.9","4.9",1,0,"0.2",50,487,2592,11,258,"1.0","a",0,0,,"false"
"2026-10-06T01:48:45Z",163,"D.Essugo","CHE","0.0","0.0","0.0","0.0",0,0,"0.1",45,0,775,0,0,"0.0","u",0,0,,"false"
"2026-10-06T01:48:45Z",164,"Quenda","CHE","-29.8","-29.8","-29.8","-29.8",-2,0,"0.0",53,77,190,2,27,"0.3","a",0,-2,,"false"
"2026-10-06T01:48:45Z",165,"João Pedro","CHE","-2.5","-2.5","-2.6","-2.7",-1,-72,"64.8",77,72453,420918,33,360,"4.3","d",-1,2,,"false"
"2026-10-06T01:48:45Z",168,"Marc Guiu","CHE","0.0","0.0","0.0","0.0",0,0,"0.2",50,0,1659,0,0,"0.0","u",0,0,,"false"
"2026-10-06T01:48:45Z",169,"Mheuka","CHE","4.8","4.8","4.8","4.8",1,1,"0.5",45,4834,3751,0,0,"0.0","a",0,0,,"false"
"2026-10-06T01:48:45Z",170,"Emegha","CHE","-1.1","-1.1","-1.1","-1.1",-1,0,"0.1",49,93,1163,0,0,"0.0","i",-1,-1,,"false"
"2026-10-06T01:48:45Z",200,"Lacroix","CHE","-7.9","-8.0","-8.0","-8.0",-1,-1,"6.8",59,9090,31362,13,364,"2.0","a",-1,-1,,"false"
"2026-10-06T01:48:45Z",560,"Penders","CHE","-1.6","-1.6","-1.6","-1.6",-1,0,"0.1",44,254,320,0,0,"0.0","a",0,-1,,"false"
"2026-10-06T01:48:45Z",561,"Anselmino","CHE","-1.7","-1.7","-1.7","-1.7",-1,0,"0.0",45,70,111,0,0,"0.0","a",0,0,,"false"
"2026-10-06T01:48:45Z",568,"Barco","CHE","-15.9","-15.9","-15.9","-15.9",-1,0,"0.1",54,256,482,3,115,"0.7","a",0,-1,,"false"
"2026-10-06T01:48:45Z",583,"Chavarria","CHE","-53.1","-53.1","-53.1","-53.1",-3,0,"0.1",49,474,593,5,208,"1.0","a",0,-1,,"false"
"2026-10-06T01:48:45Z",662,"Nicoll-Jazuli","CHE","0.0","0.0","0.0","0.0",0,0,"0.0",45,358,79,1,3,"1.0","a",0,0,,"false"
"2026-10-06T01:48:45Z",91,"Pinnock","COV","-74.6","-74.6","-74.6","-74.6",-3,0,"0.1",45,455,257,14,282,"5.0","a",0,0,,"false"
"2026-10-06T01:48:45Z",104,"Onyeka","COV","-37.2","-37.2","-37.2","-37.2",-2,0,"0.1",49,186,487,9,314,"2.5","a",0,-1,,"false"
"2026-10-06T01:48:45Z",110,"Rushworth","COV","-62.2","-62.2","-62.2","-62.2",-3,0,"0.8",45,2829,6321,16,450,"5.5","a",0,0,,"false"
"2026-10-06T01:48:45Z",171,"Dovin","COV","0.0","0.0","0.0","0.0",0,0,"1.0",40,0,5203,0,0,"0.0","u",0,0,,"false"
"2026-10-06T01:48:45Z",172,"Wilson","COV","-6.9","-6.9","-6.9","-6.9",-1,0,"0.4",44,259,745,0,0,"0.0","a",0,-1,,"false"
"2026-10-06T01:48:45Z",173,"Thomas","COV","18.5","18.6","18.6","18.7",1,4,"8.5",40,30426,35284,24,437,"4.5","a",0,0,,"false"
"2026-10-06T01:48:45Z",174,"Kitching","COV","0.0","0.0","0.0","0.0",0,-1,"0.3",40,0,2008,0,0,"0.0","u",0,0,,"false"
"2026-10-06T01:48:45Z",175,"van Ewijk","COV","-53.5","-53.6","-53.7","-53.8",-3,-8,"8.6",40,1219,82514,6,360,"0.0","d",0,0,,"false"
"2026-10-06T01:48:45Z",176,"Dasilva","COV","-29.1","-28.9","-28.6","-28.4",-2,1,"0.7",40,7393,2080,20,444,"7.5","a",0,0,,"false"
"2026-10-06T01:48:45Z",177,"Kesler-Hayden","COV","0.2","0.2","0.2","0.2",1,0,"0.1",39,4010,1008,0,0,"0.0","i",-1,-1,,"false"
"2026-10-06T01:48:45Z",178,"Bidwell","COV","-32.9","-32.9","-32.9","-32.9",-2,0,"0.1",40,190,323,0,0,"0.0","a",0,0,,"false"
"2026-10-06T01:48:45Z",179,"Latibeaudiere","COV","-82.6","-82.6","-82.6","-82.6",-3,0,"0.0",40,79,149,1,1,"0.5","a",0,0,,"false"
"2026-10-06T01:48:45Z",180,"Woolfenden","COV","0.0","0.0","0.0","0.0",0,0,"0.1",39,178,575,0,0,"0.0","i",-1,-1,,"false"
"2026-10-06T01:48:45Z",181,"Brau","COV","0.0","0.0","0.0","0.0",0,0,"0.0",40,0,112,0,0,"0.0","u",0,0,,"false"
"2026-10-06T01:48:45Z",182,"Amenda","COV","-60.0","-60.0","-60.0","-60.0",-3,0,"0.6",40,42,7299,4,360,"0.0","i",0,0,,"false"
"2026-10-06T01:48:45Z",183,"Rudoni","COV","0.1","0.1","0.1","0.1",1,0,"0.1",49,1006,759,13,297,"3.5","a",0,-1,,"false"
"2026-10-06T01:48:45Z",184,"Grimes","COV","-32.0","-32.0","-32.0","-32.0",-2,0,"0.1",49,199,936,11,443,"2.5","a",0,-1,,"false"
"2026-10-06T01:48:45Z",185,"Sakamoto","COV","-26.5","-26.5","-26.5","-26.5",-2,0,"0.1",48,133,417,1,31,"0.0","a",0,-2,,"false"
"2026-10-06T01:48:45Z",186,"Mason-Clark","COV","-2.8","-2.8","-2.8","-2.8",-1,0,"0.1",53,79,378,5,231,"1.0","a",-1,-2,,"false"
"2026-10-06T01:48:45Z",187,"Eccles","COV","-4.9","-4.9","-4.9","-4.9",-1,0,"0.0",48,25,98,0,0,"0.0","i",-1,-2,,"false"
"2026-10-06T01:48:45Z",188,"Torp","COV","-13.6","-13.6","-13.6","-13.6",-1,0,"0.1",53,45,476,3,53,"0.5","a",-1,-2,,"false"
"2026-10-06T01:48:45Z",189,"Shepherd","COV","0.8","0.8","0.8","0.8",1,0,"0.3",44,4393,2782,0,0,"0.0","a",0,-1,,"false"
"2026-10-06T01:48:45Z",190,"Tchaouna","COV","-89.5","-89.5","-89.5","-89.5",-3,0,"0.1",54,27,384,5,211,"0.5","a",0,-1,,"false"
"2026-10-06T01:48:45Z",191,"Borges Rodrigues","COV","0.0","0.0","0.0","0.0",0,0,"0.1",45,0,738,0,0,"0.0","u",0,0,,"false"
"2026-10-06T01:48:45Z",192,"Andrews","COV","0.0","0.0","0.0","0.0",0,0,"0.3",45,0,2139,0,0,"0.0","u",0,0,,"false"
"2026-10-06T01:48:45Z",193,"Wright","COV","-1.1","-1.1","-1.1","-1.1",-1,0,"0.1",53,51,606,0,0,"0.0","i",-1,-2,,"false"
"2026-10-06T01:48:45Z",194,"Thomas-Asante","COV","3.2","3.2","3.2","3.2",1,0,"0.8",50,9123,6505,9,227,"2.5","a",0,0,,"false"
"2026-10-06T01:48:45Z",195,"Simms","COV","-0.1","-0.1","-0.1","-0.1",-1,0,"0.6",49,2243,5665,4,104,"0.5","a",-1,-1,,"false"
"2026-10-06T01:48:45Z",196,"Markelo","COV","0.0","0.0","0.0","0.0",0,0,"0.0",50,0,65,0,0,"0.0","u",0,0,,"false"
"2026-10-06T01:48:45Z",197,"Bassette","COV","0.0","0.0","0.0","0.0",0,0,"0.0",45,0,155,0,0,"0.0","u",0,0,,"false"
"2026-10-06T01:48:45Z",492,"Awoniyi","COV","-15.6","-15.9","-16.2","-16.6",-1,-4,"0.4",54,78,5398,3,232,"-1.0","s",-1,-1,,"false"
"2026-10-06T01:48:45Z",575,"Yirenkyi","COV","-3.4","-3.4","-3.4","-3.4",-1,0,"0.1",48,322,1075,9,265,"2.0","a",-1,-2,,"false"
"2026-10-06T01:48:45Z",584,"Hamer","COV","-92.6","-92.6","-92.6","-92.6",-3,0,"0.1",54,43,420,3,32,"0.0","a",0,-1,,"false"
"2026-10-06T01:48:45Z",599,"Cherif","COV","-6.3","-6.3","-6.3","-6.3",-1,0,"0.1",50,582,801,1,30,"0.5","a",0,0,,"false"
"2026-10-06T01:48:45Z",623,"Bentley","COV","2.3","2.3","2.3","2.3",1,0,"0.6",40,8867,2576,0,0,"0.0","a",0,0,,"false"
"2026-10-06T01:48:45Z",655,"Gboho","COV","0.0","0.0","0.0","0.0",0,0,"0.0",55,80,54,0,0,"0.0","a",0,0,,"false"
"2026-10-06T01:48:45Z",656,"Mfuni","COV","0.1","0.1","0.1","0.1",1,0,"0.1",40,1989,923,6,90,"3.0","a",0,0,,"false"
"2026-10-06T01:48:45Z",42,"Guessand","CRY","-30.3","-30.3","-30.3","-30.3",-2,0,"0.0",54,121,281,2,54,"0.0","a",0,-1,,"false"
"2026-10-06T01:48:45Z",153,"Disasi","CRY","-68.9","-68.9","-68.9","-68.9",-3,0,"0.1",45,28,835,1,139,"-1.5","s",0,0,,"false"
"2026-10-06T01:48:45Z",198,"Henderson","CRY","-0.6","-0.7","-0.9","-1.0",-1,-4,"1.3",49,161,12155,5,270,"0.0","i",-1,-1,,"false"
"2026-10-06T01:48:45Z",199,"Benitez","CRY","-24.1","-24.1","-24.1","-24.1",-2,0,"0.1",45,750,418,8,180,"4.0","a",0,0,,"false"
"2026-10-06T01:48:45Z",202,"Richards","CRY","0.0","-0.0","-0.2","-0.4",0,-1,"0.6",49,1786,2377,14,450,"5.0","a",-1,-1,,"false"
"2026-10-06T01:48:45Z",203,"Canvot","CRY","-0.3","-0.1","0.0","0.0",-1,1,"0.2",48,473,949,10,360,"4.0","a",-1,-2,,"false"
"2026-10-06T01:48:45Z",204,"Mitchell","CRY","28.6","28.6","28.6","28.6",2,-1,"6.1",45,16881,17985,24,419,"4.0","a",0,0,,"false"
"2026-10-06T01:48:45Z",205,"Sosa","CRY","0.0","0.0","0.0","0.0",0,0,"0.0",45,0,118,0,0,"0.0","u",0,0,,"false"
"2026-10-06T01:48:45Z",206,"Chadi Riad","CRY","-6.0","-6.0","-6.0","-6.0",-1,0,"0.0",43,27,143,1,72,"0.0","i",-1,-2,,"false"
"2026-10-06T01:48:45Z",207,"Mingueza","CRY","-95.1","-95.1","-95.1","-95.1",-4,0,"0.1",44,96,303,2,16,"0.0","a",0,-1,,"false"
"2026-10-06T01:48:45Z",208,"Sarr","CRY","0.1","0.1","0.1","0.1",1,1,"0.6",62,2779,2407,1,8,"0.5","a",0,-3,,"false"
"2026-10-06T01:48:45Z",210,"Wharton","CRY","-3.2","-3.5","-3.7","-4.0",-1,-2,"0.7",54,1249,4798,12,436,"2.0","a",-1,-1,,"false"
"2026-10-06T01:48:45Z",211,"Yeremy","CRY","4.9","4.9","4.9","4.9",1,0,"0.3",55,748,2884,14,307,"1.5","a",0,0,,"false"
"2026-10-06T01:48:45Z",212,"Hughes","CRY","-22.8","-22.9","-23.0","-23.2",-2,-6,"7.3",44,9598,47793,2,29,"0.5","a",0,-1,,"false"
"2026-10-06T01:48:45Z",213,"Lerma","CRY","-3.0","-3.0","-3.0","-3.0",-1,0,"0.1",48,99,405,1,51,"0.5","a",-1,-2,,"false"
"2026-10-06T01:48:45Z",214,"Kamada","CRY","12.3","12.3","12.3","12.3",1,0,"0.5",50,3544,3306,21,441,"5.5","a",0,0,,"false"
"2026-10-06T01:48:45Z",215,"Devenny","CRY","0.0","0.0","0.0","0.0",0,0,"0.0",50,0,38,0,0,"0.0","u",0,0,,"false"
"2026-10-06T01:48:45Z",216,"Esse","CRY","0.0","0.0","0.0","0.0",0,0,"0.0",50,0,135,0,0,"0.0","u",0,0,,"false"
"2026-10-06T01:48:45Z",217,"M.França","CRY","0.0","0.0","0.0","0.0",0,0,"0.0",49,0,166,0,0,"0.0","u",0,-1,,"false"
"2026-10-06T01:48:45Z",218,"Doucouré","CRY","-3.0","-3.0","-3.0","-3.0",-1,0,"0.0",48,120,309,0,0,"0.0","a",-1,-2,,"false"
"2026-10-06T01:48:45Z",219,"J.Rak-Sakyi","CRY","0.0","0.0","0.0","0.0",0,0,"0.0",49,0,29,0,0,"0.0","u",0,-1,,"false"
"2026-10-06T01:48:45Z",220,"Cardines","CRY","0.0","0.0","0.0","0.0",0,0,"0.0",45,0,3,0,0,"0.0","u",0,0,,"false"
"2026-10-06T01:48:45Z",221,"Drakes-Thomas","CRY","-0.1","-0.1","-0.1","-0.1",-1,0,"0.1",44,161,456,0,0,"0.0","a",-1,-1,,"false"
"2026-10-06T01:48:45Z",222,"Strand Larsen","CRY","5.7","5.7","5.7","5.7",1,0,"0.7",60,5691,4283,14,298,"5.0","a",0,0,,"false"
"2026-10-06T01:48:45Z",223,"Mateta","CRY","-28.6","-28.7","-28.7","-28.8",-2,-1,"1.3",63,237,9778,2,62,"0.0","i",0,-2,,"false"
"2026-10-06T01:48:45Z",224,"Nketiah","CRY","-20.0","-21.2","-22.5","-23.8",-2,-4,"0.5",55,1410,3582,8,175,"0.5","a",0,0,,"false"
"2026-10-06T01:48:45Z",225,"Uche","CRY","0.0","0.0","0.0","0.0",0,0,"0.0",50,0,0,0,0,"0.0","u",0,0,,"false"
"2026-10-06T01:48:45Z",241,"McNeil","CRY","-0.5","-0.5","-0.5","-0.5",-1,0,"0.1",53,85,527,3,84,"0.0","a",-1,-2,,"false"
"2026-10-06T01:48:45Z",555,"Matthews","CRY","-10.0","-10.0","-10.0","-10.0",-1,0,"1.7",40,1215,3218,0,0,"0.0","a",0,0,,"false"
"2026-10-06T01:48:45Z",577,"Tomiyasu","CRY","-16.7","-16.7","-16.7","-16.7",-1,0,"0.3",44,149,1323,3,189,"0.5","d",0,-1,,"false"
"2026-10-06T01:48:45Z",588,"Khalaili","CRY","7.1","7.1","7.1","7.1",1,0,"0.3",50,2223,1418,19,379,"6.5","d",0,0,,"false"
"2026-10-06T01:48:45Z",595,"Gozo","CRY","-1.7","-1.7","-1.7","-1.7",-1,0,"0.0",49,41,94,2,28,"0.5","a",-1,-1,,"false"
"2026-10-06T01:48:45Z",633,"Ahanor","CRY","0.1","0.1","0.1","0.1",1,0,"0.0",45,147,114,3,90,"1.5","a",0,0,,"false"
"2026-10-06T01:48:45Z",643,"Chilwell","CRY","-80.6","-80.6","-80.6","-80.6",-3,0,"0.4",45,613,3110,8,29,"0.5","a",0,0,,"false"
"2026-10-06T01:48:45Z",644,"Timber","CRY","0.2","0.2","0.2","0.2",1,0,"0.0",50,494,336,9,253,"3.5","a",0,0,,"false"
"2026-10-06T01:48:45Z",647,"Osorio","CRY","-81.8","-81.8","-81.8","-81.8",-3,0,"0.0",55,29,81,1,1,"0.0","a",0,0,,"false"
"2026-10-06T01:48:45Z",21,"Nørgaard","EVE","-0.8","-0.8","-0.8","-0.8",-1,0,"0.0",48,63,356,0,0,"0.0","i",-1,-2,,"false"
"2026-10-06T01:48:45Z",209,"Johnson","EVE","-20.5","-21.9","-23.4","-25.0",-2,-1,"0.1",59,470,768,9,238,"2.3","a",0,-1,,"false"
"2026-10-06T01:48:45Z",226,"Pickford","EVE","31.6","31.5","31.4","31.4",2,-5,"9.1",55,31059,17559,25,450,"5.0","a",0,0,,"false"
"2026-10-06T01:48:45Z",227,"Travers","EVE","-34.6","-34.6","-34.6","-34.6",-2,0,"0.0",50,270,284,0,0,"0.0","a",0,0,,"false"
"2026-10-06T01:48:45Z",228,"King","EVE","-45.5","-45.5","-45.5","-45.5",-3,0,"0.0",45,123,186,0,0,"0.0","a",0,0,,"false"
"2026-10-06T01:48:45Z",229,"Tarkowski","EVE","2.1","2.4","2.6","2.9",1,44,"16.8",62,250927,25112,43,450,"8.3","a",1,2,,"false"
"2026-10-06T01:48:45Z",230,"Branthwaite","EVE","38.7","38.7","38.8","38.8",2,4,"2.4",55,22063,8180,27,450,"5.7","a",0,0,,"false"
"2026-10-06T01:48:45Z",231,"Keane","EVE","-43.1","-43.1","-43.1","-43.1",-3,0,"0.7",48,437,4092,0,0,"0.0","a",0,-2,,"false"
"2026-10-06T01:48:45Z",232,"O'Brien","EVE","-5.1","-5.1","-5.1","-5.1",-1,0,"0.3",48,368,1261,2,16,"0.7","a",-1,-2,,"false"
"2026-10-06T01:48:45Z",233,"Mykolenko","EVE","0.9","0.8","0.7","0.6",1,-18,"4.1",46,41813,28902,27,450,"5.7","d",1,1,,"false"
"2026-10-06T01:48:45Z",234,"Patterson","EVE","0.0","0.0","0.0","0.0",0,0,"0.0",45,0,136,0,0,"0.0","u",0,0,,"false"
"2026-10-06T01:48:45Z",235,"Aznou","EVE","0.0","0.0","0.0","0.0",0,-1,"0.1",40,0,607,0,0,"0.0","u",0,0,,"false"
"2026-10-06T01:48:45Z",236,"Dewsbury-Hall","EVE","-18.5","-18.9","-19.3","-19.7",-1,-15,"5.9",66,35981,52502,20,450,"2.3","a",1,1,,"false"
"2026-10-06T01:48:45Z",238,"Grealish","EVE","9.4","9.4","9.4","9.4",1,1,"0.5",65,4199,3219,6,135,"1.7","a",0,0,,"false"
"2026-10-06T01:48:45Z",239,"Garner","EVE","3.7","3.7","3.7","3.7",1,-1,"0.2",60,1992,2201,11,328,"3.0","a",0,0,,"false"
"2026-10-06T01:48:45Z",242,"George","EVE","31.9","31.8","31.8","31.7",2,-4,"0.9",55,2671,11594,19,309,"4.7","a",0,0,,"false"
"2026-10-06T01:48:45Z",243,"Alcaraz","EVE","-50.7","-50.7","-50.7","-50.7",-3,0,"0.1",49,168,430,1,5,"0.0","a",0,-1,,"false"
"2026-10-06T01:48:45Z",244,"Armstrong","EVE","10.0","10.0","10.0","10.0",1,0,"0.4",50,937,3510,16,446,"2.0","a",0,0,,"false"
"2026-10-06T01:48:45Z",245,"Dibling","EVE","-96.2","-96.2","-96.2","-96.2",-4,0,"0.0",54,124,163,1,24,"0.3","a",0,-1,,"false"
"2026-10-06T01:48:45Z",246,"Röhl","EVE","-51.6","-51.6","-51.6","-51.6",-3,0,"0.0",49,8,620,6,249,"0.3","i",0,-1,,"false"
"2026-10-06T01:48:45Z",247,"Hackney","EVE","-6.2","-6.2","-6.2","-6.2",-1,0,"0.2",54,214,1164,10,137,"2.0","a",-1,-1,,"false"
"2026-10-06T01:48:45Z",248,"Beto","EVE","0.0","0.0","0.0","0.0",0,-3,"0.6",54,0,7819,2,31,"0.0","u",0,-1,,"false"
"2026-10-06T01:48:45Z",249,"Barry","EVE","0.9","0.9","1.0","1.0",1,9,"8.3",57,92915,44097,20,417,"3.3","a",1,2,,"false"
"2026-10-06T01:48:45Z",649,"Maitland-Niles","EVE","18.8","18.9","18.9","19.0",1,4,"1.4",45,20905,5393,21,177,"7.0","a",0,0,,"false"
"2026-10-06T01:48:45Z",654,"Graham","EVE","-38.2","-38.2","-38.2","-38.2",-2,0,"0.1",45,251,1049,0,0,"0.0","a",0,0,,"false"
"2026-10-06T01:48:45Z",250,"Leno","FUL","10.2","10.3","10.5","10.7",1,12,"3.4",45,46007,13373,18,450,"6.0","a",0,0,,"false"
"2026-10-06T01:48:45Z",251,"Lecomte","FUL","-25.7","-25.7","-25.7","-25.7",-2,0,"1.1",40,2789,2800,0,0,"0.0","a",0,0,,"false"
"2026-10-06T01:48:45Z",252,"McNally","FUL","0.0","0.0","0.0","0.0",0,0,"0.1",40,0,649,0,0,"0.0","u",0,0,,"false"
"2026-10-06T01:48:45Z",253,"Andersen","FUL","0.9","0.9","0.9","0.9",1,0,"0.2",50,2988,1208,3,190,"0.5","a",0,0,,"false"
"2026-10-06T01:48:45Z",254,"Robinson","FUL","-16.4","-15.5","-14.5","-13.4",-1,9,"1.5",45,18700,7619,12,429,"4.0","a",0,0,,"false"
"2026-10-06T01:48:45Z",255,"J.Cuenca","FUL","-79.8","-79.8","-79.8","-79.8",-3,0,"0.0",45,68,122,3,90,"0.0","a",0,0,,"false"
"2026-10-06T01:48:45Z",256,"Tete","FUL","-1.6","-1.6","-1.6","-1.6",-1,0,"0.2",44,68,1082,0,27,"0.0","a",0,-1,,"false"
"2026-10-06T01:48:45Z",257,"Bassey","FUL","0.6","0.6","0.7","0.8",1,5,"0.7",45,7062,2133,15,450,"6.0","a",0,0,,"false"
"2026-10-06T01:48:45Z",258,"Castagne","FUL","15.7","15.8","15.9","16.1",1,8,"1.0",45,16711,5499,20,408,"3.5","a",0,0,,"false"
"2026-10-06T01:48:45Z",261,"Iwobi","FUL","-59.7","-59.7","-59.7","-59.7",-3,0,"0.7",54,4136,3582,14,408,"4.0","a",0,-1,,"false"
"2026-10-06T01:48:45Z",262,"Smith Rowe","FUL","-1.6","-1.6","-1.6","-1.6",-1,0,"0.2",53,335,1403,3,38,"0.5","a",-1,-2,,"false"
"2026-10-06T01:48:45Z",263,"Kevin","FUL","-13.8","-13.8","-13.8","-13.8",-1,0,"0.0",53,213,306,4,61,"1.0","a",0,-2,,"false"
"2026-10-06T01:48:45Z",264,"Bobb","FUL","-45.8","-45.0","-44.0","-43.1",-3,2,"0.3",55,2788,1964,13,343,"3.0","a",0,0,,"false"
"2026-10-06T01:48:45Z",265,"Berge","FUL","-36.5","-36.5","-36.5","-36.5",-2,0,"0.3",49,703,1400,11,349,"3.0","a",0,-1,,"false"
"2026-10-06T01:48:45Z",266,"Cairney","FUL","-14.4","-14.4","-14.4","-14.4",-1,0,"0.0",49,11,21,0,0,"0.0","i",0,-1,,"false"
"2026-10-06T01:48:45Z",268,"King","FUL","99.5","100.5","101.7","102.8",5,72,"2.8",55,108619,21334,24,425,"2.5","a",0,0,,"false"
"2026-10-06T01:48:45Z",269,"Sessegnon","FUL","-2.2","-2.2","-2.2","-2.2",-1,0,"0.3",43,338,1383,3,50,"0.0","a",-1,-2,,"false"
"2026-10-06T01:48:45Z",270,"Reed","FUL","-13.3","-13.9","-14.5","-15.1",-1,-4,"1.1",44,2942,7335,0,0,"0.0","a",0,-1,,"false"
"2026-10-06T01:48:45Z",271,"Muniz","FUL","-53.7","-53.7","-53.7","-53.7",-3,0,"0.4",54,1923,2858,3,38,"0.5","a",0,-1,,"false"
"2026-10-06T01:48:45Z",272,"Kusi-Asare","FUL","-69.0","-69.2","-69.4","-69.6",-3,-7,"5.4",45,11877,35688,0,0,"0.0","a",0,0,,"false"
"2026-10-06T01:48:45Z",569,"Gonzalo","FUL","64.7","65.2","65.7","66.3",3,36,"4.1",60,83299,35949,14,425,"2.0","a",0,0,,"false"
"2026-10-06T01:48:45Z",570,"Palacios","FUL","-7.7","-7.7","-7.7","-7.7",-1,0,"0.2",54,752,1007,12,226,"0.5","a",0,-1,,"false"
"2026-10-06T01:48:45Z",580,"Charles","FUL","-78.1","-78.1","-78.1","-78.1",-3,0,"0.1",50,777,497,13,303,"4.5","a",0,0,,"false"
"2026-10-06T01:48:45Z",610,"De Fougerolles","FUL","0.0","0.0","0.0","0.0",0,0,"0.1",40,0,526,0,0,"0.0","u",0,0,,"false"
"2026-10-06T01:48:45Z",626,"Zepa","FUL","0.3","0.3","0.3","0.4",1,1,"0.3",44,1151,2426,0,0,"0.0","a",-1,-1,,"false"
"2026-10-06T01:48:45Z",635,"Larsson","FUL","0.0","0.0","0.0","0.0",0,0,"0.0",50,101,76,3,37,"1.0","a",0,0,,"false"
"2026-10-06T01:48:45Z",636,"Ángel","FUL","0.0","0.0","0.0","0.0",0,0,"0.0",50,36,29,0,0,"0.0","a",0,0,,"false"
"2026-10-06T01:48:45Z",650,"Affengruber","FUL","1.7","1.8","1.8","1.8",1,3,"0.1",45,8747,2050,12,180,"6.0","a",0,0,,"false"
"2026-10-06T01:48:45Z",240,"Iroegbunam","HUL","0.1","0.1","0.1","0.1",1,0,"0.0",50,81,146,2,70,"0.5","a",0,0,,"false"
"2026-10-06T01:48:45Z",273,"Phillips","HUL","-30.6","-30.6","-30.6","-30.6",-2,0,"1.4",40,3290,3880,0,0,"0.0","a",0,0,,"false"
"2026-10-06T01:48:45Z",274,"Butland","HUL","-1.0","-1.5","-2.1","-2.7",-1,-1,"0.1",44,72,341,0,0,"0.0","i",-1,-1,,"false"
"2026-10-06T01:48:45Z",275,"Cartwright","HUL","0.0","0.0","0.0","0.0",0,0,"0.0",40,0,30,0,0,"0.0","u",0,0,,"false"
"2026-10-06T01:48:45Z",276,"Lo-Tutala","HUL","0.0","0.0","0.0","0.0",0,0,"0.0",40,0,120,0,0,"0.0","u",0,0,,"false"
"2026-10-06T01:48:45Z",277,"Egan","HUL","27.7","27.6","27.5","27.4",2,-8,"7.0",41,30257,32024,26,437,"1.5","a",0,1,,"false"
"2026-10-06T01:48:45Z",278,"Hughes","HUL","0.5","0.5","0.5","0.5",1,0,"0.2",39,1201,2075,0,0,"0.0","i",0,-1,,"false"
"2026-10-06T01:48:45Z",279,"Ajayi","HUL","73.8","73.8","73.7","73.7",3,-3,"13.9",42,47052,63377,27,423,"1.0","a",0,2,,"false"
"2026-10-06T01:48:45Z",280,"Coyle","HUL","0.2","0.2","0.2","0.2",1,0,"0.7",40,2218,2234,14,348,"1.0","a",0,0,,"false"
"2026-10-06T01:48:45Z",281,"Drameh","HUL","0.0","0.0","0.0","0.0",0,0,"0.0",40,0,266,2,65,"0.0","u",0,0,,"false"
"2026-10-06T01:48:45Z",282,"Giles","HUL","75.0","75.0","75.0","75.1",3,1,"2.9",40,23020,15062,24,444,"2.0","a",0,0,,"false"
"2026-10-06T01:48:45Z",283,"Jacob","HUL","0.0","0.0","0.0","0.0",0,0,"0.0",40,0,39,0,0,"0.0","u",0,0,,"false"
"2026-10-06T01:48:45Z",284,"McCarthy","HUL","0.5","0.5","0.5","0.5",1,0,"0.1",40,419,466,0,0,"0.0","a",0,0,,"false"
"2026-10-06T01:48:45Z",285,"McNair","HUL","-45.4","-45.4","-45.4","-45.4",-3,0,"0.1",40,206,440,1,26,"0.0","a",0,0,,"false"
"2026-10-06T01:48:45Z",286,"Belloumi","HUL","40.8","41.1","41.4","41.8",3,21,"5.2",51,83391,28144,31,394,"8.5","a",0,1,,"false"
"2026-10-06T01:48:45Z",287,"Millar","HUL","0.0","0.0","0.0","0.0",0,0,"0.0",50,0,327,6,50,"0.0","u",0,0,,"false"
"2026-10-06T01:48:45Z",288,"Dowell","HUL","-0.2","-0.2","-0.2","-0.2",-1,0,"0.3",44,645,2151,0,0,"0.0","a",-1,-1,,"false"
"2026-10-06T01:48:45Z",289,"Crooks","HUL","0.7","0.8","0.8","0.8",1,1,"0.5",44,5407,4551,3,203,"0.5","a",-1,-1,,"false"
"2026-10-06T01:48:45Z",290,"Slater","HUL","79.5","79.5","79.4","79.4",3,-4,"5.2",45,17144,40892,15,437,"2.0","a",0,0,,"false"
"2026-10-06T01:48:45Z",291,"Matazo","HUL","-17.7","-17.7","-17.7","-17.7",-1,0,"0.0",45,34,63,0,0,"0.0","i",0,0,,"false"
"2026-10-06T01:48:45Z",292,"Ömür","HUL","-13.6","-13.6","-13.6","-13.6",-1,0,"0.0",49,90,157,0,0,"0.0","a",0,-1,,"false"
"2026-10-06T01:48:45Z",293,"Kamara","HUL","0.0","0.0","0.0","0.0",0,0,"0.0",50,0,14,0,0,"0.0","u",0,0,,"false"
"2026-10-06T01:48:45Z",294,"Zambrano","HUL","-24.9","-24.9","-24.9","-24.9",-2,0,"0.1",45,160,516,0,0,"0.0","a",0,0,,"false"
"2026-10-06T01:48:45Z",295,"McBurnie","HUL","29.5","29.4","29.3","29.1",2,-10,"1.9",55,9003,19286,13,441,"2.5","a",0,0,,"false"
"2026-10-06T01:48:45Z",296,"Akintola","HUL","0.0","0.0","0.0","0.0",0,0,"0.0",50,0,290,0,0,"0.0","u",0,0,,"false"
"2026-10-06T01:48:45Z",297,"Gyabi","HUL","-0.9","-0.9","-0.9","-0.9",-1,0,"0.0",44,70,157,0,0,"0.0","i",-1,-1,,"false"
"2026-10-06T01:48:45Z",298,"Destan","HUL","0.0","0.0","0.0","0.0",0,0,"0.2",45,0,1474,0,0,"0.0","u",0,0,,"false"
"2026-10-06T01:48:45Z",299,"Burstow","HUL","0.0","0.0","0.0","0.0",0,0,"0.0",45,0,232,0,0,"0.0","u",0,0,,"false"
"2026-10-06T01:48:45Z",340,"Gelhardt","HUL","0.0","0.0","0.0","0.0",0,0,"0.0",50,103,118,1,7,"0.5","a",0,0,,"false"
"2026-10-06T01:48:45Z",556,"Targett","HUL","-81.2","-81.3","-81.4","-81.5",-3,-2,"1.6",40,119,10654,1,5,"0.0","d",0,0,,"false"
"2026-10-06T01:48:45Z",563,"Morita","HUL","-1.5","-1.5","-1.5","-1.5",-1,0,"0.0",49,24,193,1,45,"0.0","i",-1,-1,,"false"
"2026-10-06T01:48:45Z",572,"Tzolakis","HUL","1.1","1.1","1.1","1.1",1,0,"12.8",47,133936,25373,34,450,"4.0","a",1,2,,"false"
"2026-10-06T01:48:45Z",574,"Hjertø-Dahl","HUL","-81.5","-81.5","-81.5","-81.5",-3,0,"0.1",49,81,345,1,8,"0.0","a",0,-1,,"false"
"2026-10-06T01:48:45Z",576,"Stroud","HUL","-58.6","-58.6","-58.6","-58.6",-3,0,"0.1",50,150,498,7,249,"0.5","a",0,0,,"false"
"2026-10-06T01:48:45Z",585,"Herrington","HUL","-29.8","-29.8","-29.8","-29.8",-2,0,"0.6",40,1101,1826,5,197,"1.0","a",0,0,,"false"
"2026-10-06T01:48:45Z",586,"Mendy","HUL","-0.9","-0.9","-0.8","-0.8",-1,2,"6.2",41,7901,34851,25,249,"0.5","a",0,1,,"false"
"2026-10-06T01:48:45Z",589,"Gourna-Douath","HUL","-85.6","-85.6","-85.6","-85.6",-3,0,"0.0",50,33,112,4,138,"0.5","a",0,0,,"false"
"2026-10-06T01:48:45Z",617,"Cho","HUL","0.2","0.2","0.2","0.2",1,0,"0.0",50,376,164,9,72,"3.5","a",0,0,,"false"
"2026-10-06T01:48:45Z",632,"Ansah","HUL","-73.0","-73.0","-73.0","-73.0",-3,0,"0.0",50,79,450,0,0,"0.0","i",0,0,,"false"
"2026-10-06T01:48:45Z",637,"Vaz","HUL","1.3","1.3","1.3","1.3",1,0,"0.1",50,1967,1244,2,20,"1.0","a",0,0,,"false"
"2026-10-06T01:48:45Z",638,"Norton-Cuffy","HUL","-30.2","-30.2","-30.2","-30.2",-2,0,"0.2",40,462,2741,1,34,"0.0","d",0,0,,"false"
"2026-10-06T01:48:45Z",642,"Thomas","HUL","0.3","0.3","0.3","0.3",1,0,"0.0",55,527,370,4,119,"1.5","a",0,0,,"false"
"2026-10-06T01:48:45Z",645,"Mouzakitis","HUL","0.0","0.0","0.0","0.0",0,0,"0.0",50,98,94,0,0,"0.0","a",0,0,,"false"
"2026-10-06T01:48:45Z",259,"Diop","IPS","-57.4","-57.5","-57.5","-57.6",-3,-4,"12.6",40,7812,60210,12,450,"2.5","a",0,0,,"false"
"2026-10-06T01:48:45Z",267,"Lukić","IPS","-5.9","-4.8","-3.7","-2.5",-1,1,"0.1",49,226,571,11,400,"1.5","a",-1,-1,,"false"
"2026-10-06T01:48:45Z",300,"Walton","IPS","-6.6","-5.7","-4.6","-3.6",-1,3,"0.4",44,1949,1174,2,90,"1.0","a",0,-1,,"false"
"2026-10-06T01:48:45Z",301,"Palmer","IPS","-27.7","-27.7","-27.7","-27.7",-2,0,"3.9",40,4408,12971,0,0,"0.0","a",0,0,,"false"
"2026-10-06T01:48:45Z",302,"Button","IPS","1.2","1.2","1.3","1.3",1,2,"0.6",40,1649,1454,0,0,"0.0","a",0,0,,"false"
"2026-10-06T01:48:45Z",303,"Kipré","IPS","3.3","3.3","3.3","3.3",1,0,"0.9",39,4866,4728,0,0,"0.0","a",0,-1,,"false"
"2026-10-06T01:48:45Z",304,"O'Shea","IPS","-43.6","-43.6","-43.5","-43.4",-3,1,"2.7",40,2263,15830,10,450,"1.5","a",0,0,,"false"
"2026-10-06T01:48:45Z",305,"Davis","IPS","78.5","78.7","78.9","79.0",3,11,"7.0",40,57742,30840,25,450,"8.0","a",0,0,,"false"
"2026-10-06T01:48:45Z",306,"Greaves","IPS","-98.3","-98.3","-98.3","-98.3",-4,0,"1.1",40,523,3818,3,357,"0.5","a",0,0,,"false"
"2026-10-06T01:48:45Z",307,"Johnson","IPS","0.0","0.0","0.0","0.0",0,0,"0.1",40,0,393,0,0,"0.0","u",0,0,,"false"
"2026-10-06T01:48:45Z",308,"Furlong","IPS","2.2","2.2","2.2","2.2",1,0,"0.6",39,6837,3222,1,17,"0.0","a",0,-1,,"false"
"2026-10-06T01:48:45Z",309,"Núñez","IPS","-41.9","-41.9","-41.9","-41.9",-3,0,"0.1",49,104,718,6,140,"0.0","a",0,-1,,"false"
"2026-10-06T01:48:45Z",310,"Matusiwa","IPS","0.0","0.0","0.0","0.0",0,0,"0.0",49,17,19,0,0,"0.0","a",0,-1,,"false"
"2026-10-06T01:48:45Z",311,"Burns","IPS","0.0","0.0","0.0","0.0",0,0,"0.0",50,0,9,0,0,"0.0","u",0,0,,"false"
"2026-10-06T01:48:45Z",312,"Taylor","IPS","0.1","0.1","0.1","0.1",1,0,"0.0",44,397,301,0,0,"0.0","i",-1,-1,,"false"
"2026-10-06T01:48:45Z",313,"Clarke","IPS","-92.6","-92.6","-92.6","-92.6",-3,0,"0.2",54,175,1007,11,170,"1.5","a",0,-1,,"false"
"2026-10-06T01:48:45Z",314,"Ogbene","IPS","0.0","0.0","0.0","0.0",0,0,"0.0",49,0,68,0,0,"0.0","u",0,-1,,"false"
"2026-10-06T01:48:45Z",315,"Fatawu","IPS","-39.7","-40.1","-40.6","-41.0",-3,-1,"0.2",54,65,2719,8,352,"0.0","s",0,-1,,"false"
"2026-10-06T01:48:45Z",316,"Emersonn","IPS","91.3","91.6","92.0","92.4",3,24,"3.6",55,39817,24834,26,317,"7.0","a",0,0,,"false"
"2026-10-06T01:48:45Z",317,"Hirst","IPS","0.0","0.0","0.0","0.0",0,0,"0.1",50,0,519,0,0,"0.0","u",0,0,,"false"
"2026-10-06T01:48:45Z",318,"Philogene","IPS","-8.9","-8.9","-8.9","-8.9",-1,0,"0.1",54,37,174,2,52,"1.0","a",0,-1,,"false"
"2026-10-06T01:48:45Z",319,"Szmodics","IPS","0.0","0.0","0.0","0.0",0,0,"0.0",50,0,14,0,0,"0.0","u",0,0,,"false"
"2026-10-06T01:48:45Z",320,"Akpom","IPS","25.7","25.6","25.6","25.6",2,-1,"1.2",50,5292,10192,7,78,"0.5","a",0,0,,"false"
"2026-10-06T01:48:45Z",321,"Walle Egeli","IPS","41.4","41.4","41.5","41.5",3,2,"3.5",45,20085,28847,1,10,"0.0","a",0,0,,"false"
"2026-10-06T01:48:45Z",322,"Al-Hamadi","IPS","0.0","0.0","0.0","0.0",0,0,"0.0",50,0,405,0,0,"0.0","u",0,0,,"false"
"2026-10-06T01:48:45Z",323,"McAteer","IPS","-1.7","-1.8","-1.9","-2.0",-1,-1,"1.0",44,1728,6932,3,42,"0.0","a",-1,-1,,"false"
"2026-10-06T01:48:45Z",324,"Mehmeti","IPS","-3.2","-3.2","-3.2","-3.2",-1,0,"0.0",48,80,160,0,0,"0.0","a",-1,-2,,"false"
"2026-10-06T01:48:45Z",554,"Van Oevelen","IPS","0.0","0.0","0.0","0.0",0,0,"0.0",45,0,91,0,0,"0.0","u",0,0,,"false"
"2026-10-06T01:48:45Z",562,"Maeda","IPS","-11.9","-11.9","-11.9","-11.9",-1,0,"0.2",53,148,1566,8,259,"1.0","a",-1,-2,,"false"
"2026-10-06T01:48:45Z",564,"Scherpen","IPS","-34.4","-33.5","-32.5","-31.5",-2,3,"0.6",45,745,2992,7,360,"0.5","a",0,0,,"false"
"2026-10-06T01:48:45Z",571,"Florentino","IPS","-3.1","-3.1","-3.1","-3.1",-1,0,"0.1",48,120,363,2,30,"1.0","a",-1,-2,,"false"
"2026-10-06T01:48:45Z",591,"Enciso","IPS","9.2","9.4","9.5","9.6",1,8,"0.8",55,2678,6557,15,413,"2.0","a",0,0,,"false"
"2026-10-06T01:48:45Z",592,"Ouattara","IPS","-34.5","-34.5","-34.5","-34.5",-2,0,"0.9",40,775,2218,6,131,"1.5","a",0,0,,"false"
"2026-10-06T01:48:45Z",602,"Humphreys","IPS","0.0","0.0","0.0","0.0",0,0,"0.0",45,0,255,0,0,"0.0","u",0,0,,"false"
"2026-10-06T01:48:45Z",619,"Palacios","IPS","1.1","1.1","1.1","1.1",1,0,"0.1",50,566,899,11,275,"3.0","a",0,0,,"false"
"2026-10-06T01:48:45Z",640,"Flemming","IPS","0.5","0.5","0.5","0.5",1,0,"0.1",55,1049,1073,6,60,"2.5","a",0,0,,"false"
"2026-10-06T01:48:45Z",260,"Wilson","LEE","-70.5","-70.9","-71.4","-71.9",-3,-13,"1.6",62,77,43301,5,145,"0.5","i",0,-3,,"false"
"2026-10-06T01:48:45Z",326,"Perri","LEE","0.0","0.0","0.0","0.0",0,-1,"0.3",45,0,1400,0,0,"0.0","u",0,0,,"false"
"2026-10-06T01:48:45Z",327,"Bijol","LEE","5.2","5.2","5.2","5.2",1,0,"0.7",50,858,5863,12,164,"0.0","a",0,0,,"false"
"2026-10-06T01:48:45Z",329,"Rodon","LEE","-7.6","-7.7","-7.9","-8.1",-1,-4,"0.8",43,51,9449,7,123,"0.0","i",-1,-2,,"false"
"2026-10-06T01:48:45Z",330,"Bogle","LEE","64.3","64.8","65.3","65.9",3,35,"7.4",46,137790,29238,42,365,"10.0","a",0,1,,"false"
"2026-10-06T01:48:45Z",331,"Gudmundsson","LEE","1.0","1.1","1.3","1.4",1,7,"0.1",45,651,379,14,252,"6.0","a",0,0,,"false"
"2026-10-06T01:48:45Z",332,"Justin","LEE","19.3","19.3","19.3","19.3",1,0,"1.4",45,4982,6516,26,450,"5.0","a",0,0,,"false"
"2026-10-06T01:48:45Z",333,"Bornauw","LEE","0.0","0.0","0.0","0.0",0,0,"0.0",45,0,6,0,0,"0.0","u",0,0,,"false"
"2026-10-06T01:48:45Z",334,"Muharemović","LEE","41.1","41.2","41.2","41.3",3,4,"4.3",50,32714,27094,27,450,"6.5","a",0,0,,"false"
"2026-10-06T01:48:45Z",335,"Stach","LEE","16.6","16.6","16.6","16.6",1,0,"2.5",60,5337,20944,27,447,"4.0","a",0,0,,"false"
"2026-10-06T01:48:45Z",336,"Okafor","LEE","1.5","1.5","1.6","1.6",1,2,"0.4",58,2012,3706,18,299,"6.0","a",0,-2,,"false"
"2026-10-06T01:48:45Z",337,"Aaronson","LEE","-9.8","-10.0","-10.3","-10.5",-1,-1,"0.5",53,226,3616,7,194,"1.0","a",-1,-2,,"false"
"2026-10-06T01:48:45Z",338,"Ampadu","LEE","-31.2","-31.2","-31.2","-31.2",-2,0,"0.9",54,1849,5412,21,450,"6.0","a",0,-1,,"false"
"2026-10-06T01:48:45Z",339,"Longstaff","LEE","-0.3","-0.3","-0.3","-0.3",-1,0,"0.1",48,155,674,2,10,"0.5","a",-1,-2,,"false"
"2026-10-06T01:48:45Z",341,"Gnonto","LEE","0.0","0.0","0.0","0.0",0,0,"0.0",50,0,57,0,0,"0.0","u",0,0,,"false"
"2026-10-06T01:48:45Z",342,"Harrison","LEE","0.0","0.0","0.0","0.0",0,0,"0.0",50,0,5,0,0,"0.0","u",0,0,,"false"
"2026-10-06T01:48:45Z",343,"James","LEE","-30.8","-30.8","-30.8","-30.8",-2,0,"0.1",49,212,603,3,52,"1.0","a",0,-1,,"false"
"2026-10-06T01:48:45Z",344,"Gruev","LEE","0.0","0.0","0.0","0.0",0,0,"0.0",50,51,22,0,0,"0.0","a",0,0,,"false"
"2026-10-06T01:48:45Z",345,"Tanaka","LEE","5.1","5.1","5.1","5.0",1,-3,"0.3",49,2434,2468,14,255,"4.0","a",0,-1,,"false"
"2026-10-06T01:48:45Z",346,"Calvert-Lewin","LEE","72.9","72.5","72.2","71.8",3,-22,"24.8",60,102971,182712,22,419,"6.0","a",0,0,,"false"
"2026-10-06T01:48:45Z",347,"Nmecha","LEE","-28.4","-28.4","-28.4","-28.4",-2,0,"0.5",54,2182,3958,7,64,"1.0","a",0,-1,,"false"
"2026-10-06T01:48:45Z",348,"Piroe","LEE","0.0","0.0","0.0","0.0",0,0,"0.1",50,0,457,0,0,"0.0","u",0,0,,"false"
"2026-10-06T01:48:45Z",349,"Mateo Joseph","LEE","-44.2","-44.2","-44.2","-44.2",-3,0,"0.1",45,352,522,0,0,"0.0","i",0,0,,"false"
"2026-10-06T01:48:45Z",385,"Trafford","LEE","36.2","36.2","36.3","36.3",2,4,"5.5",50,25412,16696,28,450,"6.5","a",0,0,,"false"
"2026-10-06T01:48:45Z",598,"Elvedi","LEE","0.7","0.7","0.7","0.7",1,0,"0.1",45,273,267,13,326,"4.0","a",0,0,,"false"
"2026-10-06T01:48:45Z",603,"Lienou","LEE","0.1","0.1","0.1","0.1",1,0,"0.1",40,254,541,0,0,"0.0","a",0,0,,"false"
"2026-10-06T01:48:45Z",604,"Cresswell","LEE","-13.5","-13.5","-13.5","-13.5",-1,0,"0.1",45,325,938,0,0,"0.0","a",0,0,,"false"
"2026-10-06T01:48:45Z",625,"Cairns","LEE","0.4","0.4","0.4","0.4",1,0,"0.2",40,904,829,0,0,"0.0","a",0,0,,"false"
"2026-10-06T01:48:45Z",629,"Zetterer","LEE","2.4","2.4","2.4","2.4",1,0,"0.7",40,3286,2928,0,0,"0.0","a",0,0,,"false"
"2026-10-06T01:48:45Z",641,"Bard","LEE","0.1","0.1","0.1","0.1",1,0,"0.0",45,105,84,1,18,"0.5","a",0,0,,"false"
"2026-10-06T01:48:45Z",648,"Bahoya","LEE","-55.7","-55.7","-55.7","-55.7",-3,0,"0.0",50,116,184,1,1,"0.5","a",0,0,,"false"
"2026-10-06T01:48:45Z",350,"A.Becker","LIV","1.9","1.9","1.9","1.8",1,-2,"4.2",55,15250,12935,27,450,"8.5","a",0,0,,"false"
"2026-10-06T01:48:45Z",351,"Mamardashvili","LIV","-0.0","-0.0","-0.0","-0.0",0,0,"0.1",48,275,663,0,0,"0.0","a",-1,-2,,"false"
"2026-10-06T01:48:45Z",352,"Woodman","LIV","-34.1","-34.1","-34.1","-34.1",-2,0,"1.0",40,843,2526,0,0,"0.0","a",0,0,,"false"
"2026-10-06T01:48:45Z",353,"Pecsi","LIV","0.0","0.0","0.0","0.0",0,0,"0.0",40,0,69,0,0,"0.0","u",0,0,,"false"
"2026-10-06T01:48:45Z",354,"Jaros","LIV","0.1","0.1","0.1","0.1",1,0,"0.0",40,220,171,0,0,"0.0","i",0,0,,"false"
"2026-10-06T01:48:45Z",355,"Davies","LIV","0.1","0.1","0.1","0.1",1,0,"0.2",40,310,494,0,0,"0.0","a",0,0,,"false"
"2026-10-06T01:48:45Z",356,"Virgil","LIV","-63.5","-63.5","-63.6","-63.6",-3,-4,"16.2",65,24713,47413,25,450,"8.0","a",0,0,,"false"
"2026-10-06T01:48:45Z",357,"Frimpong","LIV","-41.9","-42.3","-42.8","-43.3",-3,-5,"1.8",53,1749,13489,2,178,"0.5","a",0,-2,,"false"
"2026-10-06T01:48:45Z",358,"Kerkez","LIV","-1.0","-1.0","-1.0","-1.0",-1,0,"2.2",53,2811,11369,13,385,"3.5","a",-1,-2,,"false"
"2026-10-06T01:48:45Z",359,"Gomez","LIV","0.0","0.0","0.0","0.0",0,0,"0.0",49,353,123,0,0,"0.0","a",0,-1,,"false"
"2026-10-06T01:48:45Z",360,"Bradley","LIV","-91.5","-91.5","-91.5","-91.5",-3,0,"0.0",50,66,91,0,0,"0.0","i",0,0,,"false"
"2026-10-06T01:48:45Z",361,"Lucky","LIV","-58.2","-58.2","-58.2","-58.2",-3,0,"0.1",40,311,618,0,0,"0.0","a",0,0,,"false"
"2026-10-06T01:48:45Z",362,"Jacquet","LIV","60.6","60.5","60.4","60.3",3,-6,"3.5",50,38232,14943,24,415,"7.5","d",0,0,,"false"
"2026-10-06T01:48:45Z",363,"Leoni","LIV","-65.2","-65.2","-65.2","-65.2",-3,0,"0.0",40,73,194,0,0,"0.0","i",0,0,,"false"
"2026-10-06T01:48:45Z",364,"Tsimikas","LIV","-58.8","-58.8","-58.8","-58.8",-3,0,"0.1",49,105,415,2,64,"0.5","a",0,-1,,"false"
"2026-10-06T01:48:45Z",365,"Ramsay","LIV","0.0","0.0","0.0","0.0",0,0,"0.1",40,0,515,0,0,"0.0","u",0,0,,"false"
"2026-10-06T01:48:45Z",366,"Wirtz","LIV","-40.4","-40.5","-40.6","-40.7",-3,-4,"5.7",73,4904,45001,18,402,"4.5","a",0,-2,,"false"
"2026-10-06T01:48:45Z",367,"Gakpo","LIV","-5.0","-5.7","-6.4","-7.2",-1,-92,"12.2",72,52232,109133,32,370,"2.0","d",0,2,,"false"
"2026-10-06T01:48:45Z",368,"Szoboszlai","LIV","-0.6","-0.7","-0.8","-0.9",-1,-35,"32.6",69,40038,233303,20,440,"2.5","a",-1,-1,,"false"
"2026-10-06T01:48:45Z",369,"Ngumoha","LIV","-25.8","-26.0","-26.3","-26.5",-2,-1,"0.5",57,877,4506,4,99,"0.5","a",-1,-3,,"false"
"2026-10-06T01:48:45Z",370,"Chiesa","LIV","-6.8","-6.8","-6.8","-6.8",-1,0,"0.0",53,17,264,0,0,"0.0","i",-1,-2,,"false"
"2026-10-06T01:48:45Z",371,"Gravenberch","LIV","-25.1","-25.1","-25.1","-25.1",-2,0,"1.1",58,1334,9594,9,190,"1.0","a",-1,-2,,"false"
"2026-10-06T01:48:45Z",372,"Mac Allister","LIV","-46.5","-46.7","-46.8","-47.0",-3,-1,"1.3",54,4110,7333,11,306,"3.0","a",0,-1,,"false"
"2026-10-06T01:48:45Z",373,"C.Jones","LIV","0.0","0.0","0.0","0.0",0,0,"0.0",55,0,68,0,0,"0.0","u",0,0,,"false"
"2026-10-06T01:48:45Z",374,"Endo","LIV","-68.1","-68.1","-68.1","-68.1",-3,0,"0.1",49,173,470,0,0,"0.0","a",0,-1,,"false"
"2026-10-06T01:48:45Z",375,"Nyoni","LIV","-92.2","-92.2","-92.2","-92.2",-3,0,"0.0",49,98,322,3,38,"0.5","a",0,-1,,"false"
"2026-10-06T01:48:45Z",376,"Bajcetic","LIV","0.0","0.0","0.0","0.0",0,0,"0.0",50,0,3,0,0,"0.0","u",0,0,,"false"
"2026-10-06T01:48:45Z",377,"Munoz","LIV","6.6","6.6","6.5","6.5",1,-3,"0.9",65,1652,12155,15,257,"1.0","a",0,0,,"false"
"2026-10-06T01:48:45Z",378,"McConnell","LIV","-4.9","-4.9","-4.9","-4.9",-1,0,"0.2",44,1100,1603,0,0,"0.0","a",0,-1,,"false"
"2026-10-06T01:48:45Z",379,"Isak","LIV","0.7","-0.3","-1.0","-1.7",-1,-85,"22.2",91,119925,104579,33,413,"5.0","d",0,1,,"false"
"2026-10-06T01:48:45Z",380,"Ekitiké","LIV","-29.8","-29.8","-29.8","-29.8",-2,0,"0.1",74,421,896,0,0,"0.0","i",0,-1,,"false"
"2026-10-06T01:48:45Z",381,"Koumas","LIV","-96.1","-96.1","-96.1","-96.1",-4,0,"0.0",50,182,201,3,22,"0.5","a",0,0,,"false"
"2026-10-06T01:48:45Z",382,"Danns","LIV","3.9","3.9","3.9","4.0",1,2,"0.2",45,3769,2580,0,0,"0.0","a",0,0,,"false"
"2026-10-06T01:48:45Z",383,"Elliott","LIV","0.0","0.0","0.0","0.0",0,0,"0.0",54,0,244,0,0,"0.0","u",0,-1,,"false"
"2026-10-06T01:48:45Z",579,"Araujo","LIV","36.8","36.8","36.8","36.9",2,1,"3.1",54,18648,11288,22,284,"6.5","a",0,-1,,"false"
"2026-10-06T01:48:45Z",627,"Barcola","LIV","-68.2","-68.0","-67.9","-67.7",-3,2,"1.9",80,13252,20298,7,168,"3.0","a",0,0,,"false"
"2026-10-06T01:48:45Z",155,"Enzo","MCI","2.1","2.2","2.2","2.2",1,2,"3.7",69,33512,16276,13,271,"4.5","a",0,-1,,"false"
"2026-10-06T01:48:45Z",237,"Ndiaye","MCI","-22.8","-22.9","-23.1","-23.3",-2,-12,"6.7",58,7727,73266,22,385,"3.0","a",-1,-2,,"false"
"2026-10-06T01:48:45Z",384,"Donnarumma","MCI","-55.9","-56.0","-56.2","-56.4",-3,-8,"7.6",55,11511,32884,19,450,"4.5","a",0,0,,"false"
"2026-10-06T01:48:45Z",386,"Bettinelli","MCI","-91.2","-91.2","-91.2","-91.2",-3,0,"0.0",45,63,91,0,0,"0.0","a",0,0,,"false"
"2026-10-06T01:48:45Z",387,"O'Reilly","MCI","-3.8","-3.9","-4.0","-4.1",-1,-24,"10.8",63,5416,80505,6,163,"1.0","d",-1,-2,,"false"
"2026-10-06T01:48:45Z",388,"Guéhi","MCI","68.4","68.3","68.3","68.2",3,-4,"18.1",60,25588,56192,30,450,"5.0","a",0,0,,"false"
"2026-10-06T01:48:45Z",389,"Matheus N.","MCI","-36.3","-36.3","-36.3","-36.3",-2,0,"1.0",59,1818,3186,11,213,"5.0","a",0,-1,,"false"
"2026-10-06T01:48:45Z",390,"Rúben","MCI","4.1","4.0","4.0","4.0",1,-2,"1.9",55,5055,9692,17,450,"3.5","a",0,0,,"false"
"2026-10-06T01:48:45Z",391,"Gvardiol","MCI","86.1","86.1","86.2","86.3",3,4,"26.9",57,159526,62285,37,434,"7.5","a",0,2,,"false"
"2026-10-06T01:48:45Z",392,"Aït-Nouri","MCI","-0.5","-1.0","-1.5","-2.1",-1,-2,"0.4",52,562,2326,0,0,"0.0","a",-1,-3,,"false"
"2026-10-06T01:48:45Z",393,"Khusanov","MCI","-38.4","-38.6","-38.8","-39.1",-2,-2,"1.4",54,1536,9480,9,268,"0.0","a",0,-1,,"false"
"2026-10-06T01:48:45Z",394,"Alleyne","MCI","0.0","0.0","0.0","0.0",0,0,"0.0",50,0,20,0,0,"0.0","u",0,0,,"false"
"2026-10-06T01:48:45Z",395,"Lewis","MCI","-70.8","-70.8","-70.8","-70.8",-3,0,"0.2",44,339,1273,1,56,"0.0","a",0,-1,,"false"
"2026-10-06T01:48:45Z",396,"Vitor Reis","MCI","-89.0","-89.0","-89.0","-89.0",-3,0,"0.0",45,78,163,1,1,"0.0","a",0,0,,"false"
"2026-10-06T01:48:45Z",397,"Semenyo","MCI","-23.1","-23.3","-23.5","-23.7",-2,-38,"15.1",84,128741,84538,33,450,"10.0","d",0,-1,,"false"
"2026-10-06T01:48:45Z",398,"Foden","MCI","-54.5","-54.7","-55.0","-55.3",-3,-8,"1.8",69,233,30435,9,217,"-1.0","s",0,-1,,"false"
"2026-10-06T01:48:45Z",399,"Cherki","MCI","-57.6","-57.3","-56.8","-56.4",-3,27,"28.4",78,136421,99817,34,302,"4.5","a",0,3,,"false"
"2026-10-06T01:48:45Z",400,"Doku","MCI","0.5","0.5","0.5","0.5",1,0,"0.7",74,5055,2294,1,15,"0.5","a",0,-1,,"false"
"2026-10-06T01:48:45Z",402,"Rodrigo","MCI","0.0","0.0","0.0","0.0",0,0,"0.0",65,0,28,0,0,"0.0","u",0,0,,"false"
"2026-10-06T01:48:45Z",404,"Reijnders","MCI","0.0","0.0","0.0","0.0",0,0,"0.0",60,0,109,0,0,"0.0","u",0,0,,"false"
"2026-10-06T01:48:45Z",406,"Kovačić","MCI","-0.3","-0.3","-0.3","-0.3",-1,0,"0.1",53,123,496,2,42,"0.0","a",-1,-2,,"false"
"2026-10-06T01:48:45Z",407,"Echeverri","MCI","0.0","0.0","0.0","0.0",0,-1,"0.0",49,0,59,0,0,"0.0","u",0,-1,,"false"
"2026-10-06T01:48:45Z",408,"Phillips","MCI","0.0","0.0","0.0","0.0",0,0,"0.0",50,0,14,0,0,"0.0","u",0,0,,"false"
"2026-10-06T01:48:45Z",409,"Mukasa","MCI","0.0","0.0","0.0","0.0",0,0,"0.1",45,0,655,0,0,"0.0","u",0,0,,"false"
"2026-10-06T01:48:45Z",410,"Monga","MCI","0.0","0.0","0.0","0.0",0,0,"0.0",49,0,57,0,0,"0.0","u",0,-1,,"false"
"2026-10-06T01:48:45Z",411,"Haaland","MCI","25.2","25.2","25.2","25.2",2,1,"73.9",156,86188,24504,39,450,"7.5","a",0,1,,"false"
"2026-10-06T01:48:45Z",481,"Anderson","MCI","-45.7","-45.8","-46.0","-46.2",-3,-4,"4.0",63,8612,29841,15,413,"3.5","a",0,-2,,"false"
"2026-10-06T01:48:45Z",587,"Rulli","MCI","-95.1","-95.1","-95.1","-95.1",-4,0,"0.0",50,82,107,0,0,"0.0","a",0,0,,"false"
"2026-10-06T01:48:45Z",616,"Bouaddi","MCI","-35.7","-35.7","-35.7","-35.7",-2,0,"0.2",55,888,2202,2,22,"0.0","a",0,0,,"false"
"2026-10-06T01:48:45Z",621,"McAidoo","MCI","-98.2","-98.2","-98.2","-98.2",-4,0,"0.1",45,212,1146,2,11,"0.0","a",0,0,,"false"
"2026-10-06T01:48:45Z",622,"Braithwaite","MCI","-42.3","-42.3","-42.3","-42.3",-3,0,"0.2",40,612,1716,1,1,"0.0","a",0,0,,"false"
"2026-10-06T01:48:45Z",628,"Allan","MCI","0.1","0.1","0.1","0.1",1,0,"0.0",60,238,176,0,0,"0.0","a",0,0,,"false"
"2026-10-06T01:48:45Z",653,"Samba","MCI","-43.2","-43.2","-43.2","-43.2",-3,0,"0.0",45,262,511,0,0,"0.0","a",0,0,,"false"
"2026-10-06T01:48:45Z",43,"Tielemans","MUN","-40.5","-40.5","-40.5","-40.5",-3,0,"1.5",58,3407,11335,14,402,"2.7","a",0,-2,,"false"
"2026-10-06T01:48:45Z",131,"Baleba","MUN","0.1","0.1","0.1","0.1",1,0,"0.1",49,1502,806,0,0,"0.0","a",0,-1,,"false"
"2026-10-06T01:48:45Z",162,"Andrey Santos","MUN","-55.8","-55.8","-55.8","-55.8",-3,0,"0.6",48,1089,5281,4,82,"0.3","a",0,-2,,"false"
"2026-10-06T01:48:45Z",325,"Darlow","MUN","-25.8","-28.3","-31.0","-33.8",-2,-1,"0.0",45,64,238,0,0,"0.0","d",0,0,,"false"
"2026-10-06T01:48:45Z",412,"Lammens","MUN","-18.4","-18.5","-18.5","-18.5",-1,-2,"9.9",49,7484,52542,11,450,"2.7","a",0,-1,,"false"
"2026-10-06T01:48:45Z",413,"Bayindir","MUN","0.0","0.0","0.0","0.0",0,0,"0.0",45,0,43,0,0,"0.0","u",0,0,,"false"
"2026-10-06T01:48:45Z",414,"Heaton","MUN","-38.1","-38.1","-38.1","-38.1",-2,0,"0.1",40,221,298,0,0,"0.0","i",0,0,,"false"
"2026-10-06T01:48:45Z",415,"Dorgu","MUN","-66.8","-67.1","-67.5","-67.8",-3,-2,"0.5",58,1036,4713,10,171,"3.0","d",0,-2,,"false"
"2026-10-06T01:48:45Z",416,"De Ligt","MUN","0.0","0.0","0.0","0.0",0,0,"0.0",49,88,141,0,0,"0.0","i",-1,-1,,"false"
"2026-10-06T01:48:45Z",417,"Dalot","MUN","-82.8","-83.0","-83.2","-83.4",-3,-2,"1.6",49,1460,8089,8,346,"1.7","a",0,-1,,"false"
"2026-10-06T01:48:45Z",418,"Maguire","MUN","-2.5","-2.6","-2.6","-2.7",-1,-8,"8.6",48,4937,79167,10,450,"1.7","a",-1,-2,,"false"
"2026-10-06T01:48:45Z",419,"Martinez","MUN","-0.0","-0.0","-0.0","-0.0",0,0,"1.3",49,3966,6828,6,360,"1.7","a",-1,-1,,"false"
"2026-10-06T01:48:45Z",420,"Yoro","MUN","-12.0","-12.0","-12.0","-12.0",-1,0,"0.5",48,497,2308,2,22,"0.3","a",-1,-2,,"false"
"2026-10-06T01:48:45Z",421,"Heaven","MUN","-0.7","-0.7","-0.7","-0.7",-1,0,"0.3",43,273,1588,1,90,"0.0","a",-1,-2,,"false"
"2026-10-06T01:48:45Z",422,"Mazraoui","MUN","-43.6","-44.0","-44.4","-44.8",-3,-2,"0.5",44,613,3114,3,97,"0.3","d",0,-1,,"false"
"2026-10-06T01:48:45Z",423,"Shaw","MUN","-5.5","-5.5","-5.6","-5.6",-1,-4,"7.6",43,4277,80888,9,335,"2.0","a",-1,-2,,"false"
"2026-10-06T01:48:45Z",424,"Amass","MUN","-49.3","-49.3","-49.3","-49.3",-3,0,"0.2",40,447,838,0,0,"0.0","a",0,0,,"false"
"2026-10-06T01:48:45Z",425,"Fredricson","MUN","0.0","0.0","0.0","0.0",0,0,"0.0",40,0,53,0,0,"0.0","u",0,0,,"false"
"2026-10-06T01:48:45Z",426,"B.Fernandes","MUN","-1.2","-1.2","-1.2","-1.2",-1,3,"38.4",119,51276,209466,31,450,"2.0","a",-1,-1,,"false"
"2026-10-06T01:48:45Z",427,"Mbeumo","MUN","-80.7","-80.8","-80.9","-80.9",-3,-7,"20.5",79,43075,140454,25,450,"4.0","a",0,-1,,"false"
"2026-10-06T01:48:45Z",428,"Cunha","MUN","-98.9","-98.8","-98.7","-98.5",-4,4,"5.8",79,25296,23613,26,407,"5.0","a",0,-1,,"false"
"2026-10-06T01:48:45Z",429,"Rashford","MUN","-92.3","-92.7","-93.0","-93.4",-3,-6,"1.4",70,4307,19225,10,351,"2.3","d",0,0,,"false"
"2026-10-06T01:48:45Z",430,"Mount","MUN","0.1","0.1","0.1","0.1",1,0,"0.0",54,201,209,1,10,"0.3","a",0,-1,,"false"
"2026-10-06T01:48:45Z",431,"Amad","MUN","-19.7","-20.1","-20.5","-20.9",-2,-2,"0.3",57,145,2013,0,0,"0.0","i",0,-3,,"false"
"2026-10-06T01:48:45Z",432,"Mainoo","MUN","14.1","14.0","14.0","14.0",1,-2,"1.6",55,8029,16640,22,354,"5.7","d",0,0,,"false"
"2026-10-06T01:48:45Z",433,"Ugarte","MUN","-73.2","-73.2","-73.2","-73.2",-3,0,"0.0",50,25,26,0,0,"0.0","i",0,0,,"false"
"2026-10-06T01:48:45Z",434,"J.Fletcher","MUN","-39.3","-39.3","-39.3","-39.3",-2,0,"0.0",49,47,59,0,0,"0.0","a",0,-1,,"false"
"2026-10-06T01:48:45Z",435,"Lacey","MUN","-5.2","-5.2","-5.2","-5.2",-1,0,"0.1",49,396,382,1,10,"0.0","a",0,-1,,"false"
"2026-10-06T01:48:45Z",436,"Collyer","MUN","0.0","0.0","0.0","0.0",0,0,"0.0",50,0,49,0,0,"0.0","u",0,0,,"false"
"2026-10-06T01:48:45Z",437,"Bendito Mantato","MUN","0.0","0.0","0.0","0.0",0,0,"0.2",44,502,939,0,0,"0.0","a",-1,-1,,"false"
"2026-10-06T01:48:45Z",438,"Fletcher","MUN","0.4","0.4","0.4","0.4",1,0,"0.3",44,2656,2260,0,0,"0.0","a",0,-1,,"false"
"2026-10-06T01:48:45Z",439,"Šeško","MUN","-47.9","-48.5","-49.1","-49.8",-3,-12,"1.6",70,6744,25806,8,76,"2.0","d",0,0,,"false"
"2026-10-06T01:48:45Z",440,"Zirkzee","MUN","-8.5","-8.7","-9.0","-9.3",-1,-1,"0.4",53,2143,3329,2,20,"0.7","a",-1,-2,,"false"
"2026-10-06T01:48:45Z",441,"Obi","MUN","0.0","0.0","0.0","0.0",0,-3,"0.9",45,0,11923,0,0,"0.0","u",0,0,,"false"
"2026-10-06T01:48:45Z",405,"N.Gonzalez","NEW","0.9","0.9","0.9","0.9",1,0,"0.2",55,692,1911,5,164,"0.5","a",0,0,,"false"
"2026-10-06T01:48:45Z",442,"Pope","NEW","-47.9","-48.1","-48.3","-48.5",-3,-1,"0.9",49,938,3349,0,0,"0.0","a",0,-1,,"false"
"2026-10-06T01:48:45Z",443,"Gillespie","NEW","-41.1","-41.1","-41.1","-41.1",-3,0,"0.0",45,46,91,0,0,"0.0","a",0,0,,"false"
"2026-10-06T01:48:45Z",444,"Jaouen","NEW","-7.8","-7.8","-7.8","-7.8",-1,0,"0.0",44,20,132,0,0,"0.0","d",-1,-1,,"false"
"2026-10-06T01:48:45Z",445,"Thiaw","NEW","19.0","19.0","19.0","19.0",1,0,"2.2",50,9830,11106,14,450,"3.0","a",0,0,,"false"
"2026-10-06T01:48:45Z",446,"Schär","NEW","-12.1","-13.0","-13.9","-14.8",-1,-1,"0.2",49,617,974,2,25,"0.5","a",0,-1,,"false"
"2026-10-06T01:48:45Z",447,"Botman","NEW","10.5","10.5","10.5","10.6",1,3,"0.7",50,5381,3376,15,450,"3.0","a",0,0,,"false"
"2026-10-06T01:48:45Z",448,"Burn","NEW","-4.8","-5.0","-5.2","-5.3",-1,-4,"0.7",48,124,6267,0,0,"0.0","i",-1,-2,,"false"
"2026-10-06T01:48:45Z",449,"Hall","NEW","9.4","9.7","10.0","10.2",1,49,"17.5",53,267243,24277,31,449,"6.5","a",1,3,,"false"
"2026-10-06T01:48:45Z",450,"Livramento","NEW","1.6","1.6","1.6","1.6",1,0,"0.1",49,461,1614,4,33,"1.5","d",0,-1,,"false"
"2026-10-06T01:48:45Z",451,"A.Murphy","NEW","0.0","0.0","0.0","0.0",0,0,"0.1",40,0,315,0,0,"0.0","u",0,0,,"false"
"2026-10-06T01:48:45Z",453,"Barnes","NEW","18.8","19.0","19.3","19.6",1,47,"5.9",61,177393,25467,28,450,"5.5","a",1,1,,"false"
"2026-10-06T01:48:45Z",454,"Elanga","NEW","-45.9","-46.3","-46.8","-47.2",-3,-55,"4.4",61,352,175013,18,232,"0.0","i",-1,1,,"false"
"2026-10-06T01:48:45Z",456,"J.Ramsey","NEW","-0.0","-0.0","-0.0","-0.0",0,0,"0.2",48,79,5010,7,69,"0.0","i",-1,-2,,"false"
"2026-10-06T01:48:45Z",457,"J.Murphy","NEW","-20.7","-20.7","-20.7","-20.7",-2,0,"0.1",59,1047,863,3,181,"0.5","a",0,-1,,"false"
"2026-10-06T01:48:45Z",458,"Joelinton","NEW","-67.7","-67.7","-67.7","-67.7",-3,0,"0.0",54,21,90,0,0,"0.0","i",0,-1,,"false"
"2026-10-06T01:48:45Z",459,"L.Miley","NEW","0.6","0.6","0.6","0.6",1,0,"0.1",55,495,585,12,396,"2.0","d",0,0,,"false"
"2026-10-06T01:48:45Z",460,"Willock","NEW","16.6","16.6","16.6","16.6",1,0,"0.6",50,10520,3096,22,284,"5.5","a",0,0,,"false"
"2026-10-06T01:48:45Z",461,"Touré","NEW","-13.1","-14.4","-15.9","-17.5",-1,-1,"0.1",58,364,922,8,50,"3.5","a",0,-2,,"false"
"2026-10-06T01:48:45Z",462,"Steur","NEW","-56.6","-56.6","-56.6","-56.6",-3,0,"0.1",49,284,420,8,223,"2.5","a",0,-1,,"false"
"2026-10-06T01:48:45Z",463,"Woltemade","NEW","0.0","0.0","0.0","0.0",0,-1,"0.5",59,0,3974,4,19,"0.0","u",0,-1,,"false"
"2026-10-06T01:48:45Z",464,"Wissa","NEW","67.5","67.6","67.6","67.7",3,4,"18.7",62,98612,149943,15,441,"1.0","a",0,2,,"false"
"2026-10-06T01:48:45Z",465,"Osula","NEW","-9.7","-9.7","-9.7","-9.7",-1,0,"0.3",58,138,2603,4,55,"0.0","i",-1,-2,,"false"
"2026-10-06T01:48:45Z",466,"Neave","NEW","0.0","0.0","0.0","0.0",0,0,"0.5",45,0,4143,0,0,"0.0","u",0,0,,"false"
"2026-10-06T01:48:45Z",559,"Bamba","NEW","-76.3","-76.3","-76.3","-76.3",-3,0,"0.1",49,132,524,3,27,"1.0","a",0,-1,,"false"
"2026-10-06T01:48:45Z",567,"Horníček","NEW","25.4","25.3","25.2","25.2",2,-4,"1.5",50,7800,5607,14,450,"2.0","a",0,0,,"false"
"2026-10-06T01:48:45Z",593,"Dedić","NEW","-14.0","-14.6","-15.3","-16.0",-1,-21,"1.8",45,283,40228,13,327,"0.0","i",0,0,,"false"
"2026-10-06T01:48:45Z",609,"Shahar","NEW","0.0","0.0","0.0","0.0",0,0,"0.2",40,0,1947,0,0,"0.0","u",0,0,,"false"
"2026-10-06T01:48:45Z",634,"Fernandez-Pardo","NEW","0.9","0.9","0.9","0.9",1,0,"0.1",60,2304,1536,4,157,"1.5","a",0,0,,"false"
"2026-10-06T01:48:45Z",659,"Miley","NEW","0.0","0.0","0.0","0.0",0,0,"0.0",45,1491,673,0,0,"0.0","a",0,0,,"false"
"2026-10-06T01:48:45Z",663,"Pivas","NEW","0.0","0.0","0.0","0.0",0,0,"0.0",40,426,67,0,0,"0.0","a",0,0,,"false"
"2026-10-06T01:48:45Z",664,"Salia","NEW","0.2","0.3","0.3","0.4",1,4,"0.1",45,10561,1788,0,0,"0.0","a",0,0,,"false"
"2026-10-06T01:48:45Z",665,"Mills","NEW","0.0","0.0","0.0","0.0",0,0,"0.0",45,170,33,0,0,"0.0","a",0,0,,"false"
"2026-10-06T01:48:45Z",666,"Thompson","NEW","0.0","0.0","0.0","0.0",0,0,"0.0",45,249,37,0,0,"0.0","a",0,0,,"false"
"2026-10-06T01:48:45Z",167,"Delap","NFO","-26.4","-26.6","-26.8","-27.0",-2,-3,"2.7",56,26181,30801,9,277,"3.0","a",1,1,,"false"
"2026-10-06T01:48:45Z",201,"Muñoz","NFO","-51.2","-51.5","-51.8","-52.1",-3,-12,"5.7",54,8565,32299,5,257,"2.0","a",0,-1,,"false"
"2026-10-06T01:48:45Z",467,"Sels","NFO","4.6","4.6","4.6","4.6",1,0,"1.6",50,2224,6680,14,450,"2.5","a",0,0,,"false"
"2026-10-06T01:48:45Z",468,"John","NFO","-79.0","-79.0","-79.0","-79.0",-3,0,"0.1",45,67,166,0,0,"0.0","a",0,0,,"false"
"2026-10-06T01:48:45Z",469,"N.Williams","NFO","25.3","25.3","25.3","25.3",2,-1,"8.7",50,12265,50848,19,450,"2.0","a",0,0,,"false"
"2026-10-06T01:48:45Z",470,"Morato","NFO","0.0","0.0","0.0","0.0",0,0,"0.0",50,0,124,0,0,"0.0","u",0,0,,"false"
"2026-10-06T01:48:45Z",471,"Milenković","NFO","-15.4","-15.6","-15.7","-15.9",-1,-5,"1.0",54,70,13072,12,270,"0.0","i",-1,-1,,"false"
"2026-10-06T01:48:45Z",472,"Murillo","NFO","25.9","25.9","25.8","25.8",2,-2,"2.1",55,9493,8965,23,449,"5.0","a",0,0,,"false"
"2026-10-06T01:48:45Z",473,"Aina","NFO","-3.9","-4.0","-4.2","-4.3",-1,-4,"2.4",44,1157,21760,8,306,"1.0","a",-1,-1,,"false"
"2026-10-06T01:48:45Z",474,"Jair Cunha","NFO","-50.5","-50.5","-50.5","-50.5",-3,0,"0.2",45,293,683,11,360,"0.5","a",0,0,,"false"
"2026-10-06T01:48:45Z",475,"Savona","NFO","-19.3","-19.3","-19.3","-19.3",-1,0,"0.0",45,21,20,0,0,"0.0","i",0,0,,"false"
"2026-10-06T01:48:45Z",476,"O.Richards","NFO","-72.1","-72.1","-72.1","-72.1",-3,0,"0.2",40,328,789,0,0,"0.0","a",0,0,,"false"
"2026-10-06T01:48:45Z",477,"Abbott","NFO","0.0","0.0","0.0","0.0",0,-1,"0.1",40,0,891,0,0,"0.0","u",0,0,,"false"
"2026-10-06T01:48:45Z",478,"Netz","NFO","-8.6","-8.6","-8.6","-8.6",-1,0,"0.0",44,61,126,3,27,"0.5","a",0,-1,,"false"
"2026-10-06T01:48:45Z",479,"Bindon","NFO","0.0","0.0","0.0","0.0",0,0,"0.1",40,0,569,0,0,"0.0","u",0,0,,"false"
"2026-10-06T01:48:45Z",480,"Gibbs-White","NFO","54.6","54.5","54.4","54.3",3,-5,"15.7",80,73713,92902,28,450,"5.0","a",0,0,,"false"
"2026-10-06T01:48:45Z",482,"Hudson-Odoi","NFO","-42.7","-42.7","-42.7","-42.7",-3,0,"0.1",58,292,1229,1,1,"0.0","a",0,-2,,"false"
"2026-10-06T01:48:45Z",483,"Ndoye","NFO","14.0","14.0","14.0","14.0",1,-1,"0.7",55,839,8626,15,316,"1.0","a",0,0,,"false"
"2026-10-06T01:48:45Z",484,"Hutchinson","NFO","0.0","0.0","0.0","0.0",0,0,"0.1",54,0,400,0,0,"0.0","u",0,-1,,"false"
"2026-10-06T01:48:45Z",485,"Bakwa","NFO","0.0","0.0","0.0","0.0",0,0,"0.0",55,0,37,0,0,"0.0","u",0,0,,"false"
"2026-10-06T01:48:45Z",486,"McAtee","NFO","2.4","2.4","2.4","2.4",1,0,"0.1",55,381,968,12,416,"2.5","a",0,0,,"false"
"2026-10-06T01:48:45Z",487,"Dominguez","NFO","-73.8","-73.8","-73.8","-73.8",-3,0,"0.1",49,65,314,1,1,"0.0","a",0,-1,,"false"
"2026-10-06T01:48:45Z",488,"I.Sangaré","NFO","-0.5","-0.5","-0.5","-0.5",-1,0,"0.4",48,337,3327,4,105,"1.0","a",-1,-2,,"false"
"2026-10-06T01:48:45Z",489,"Yates","NFO","-96.0","-96.6","-97.4","-98.1",-4,-5,"1.2",45,641,7827,0,0,"0.0","a",0,0,,"false"
"2026-10-06T01:48:45Z",490,"Wood","NFO","-43.4","-43.4","-43.4","-43.4",-3,0,"0.9",58,2229,6887,4,62,"1.0","a",0,-2,,"false"
"2026-10-06T01:48:45Z",491,"Igor Jesus","NFO","-0.6","-0.8","-1.1","-1.4",-1,-5,"2.6",58,8241,24819,12,257,"4.0","a",0,-2,,"false"
"2026-10-06T01:48:45Z",493,"Kalimuendo","NFO","0.0","0.0","0.0","0.0",0,0,"0.1",54,251,448,1,1,"0.0","a",0,-1,,"false"
"2026-10-06T01:48:45Z",558,"Schlager","NFO","0.5","0.5","0.5","0.5",1,0,"0.1",50,235,846,13,376,"2.5","a",0,0,,"false"
"2026-10-06T01:48:45Z",581,"Diomande","NFO","-53.3","-53.6","-54.0","-54.3",-3,-1,"0.5",54,1655,2425,7,163,"3.0","a",0,-1,,"false"
"2026-10-06T01:48:45Z",590,"Benda","NFO","0.0","0.0","0.0","0.0",0,0,"0.1",45,137,249,0,0,"0.0","a",0,0,,"false"
"2026-10-06T01:48:45Z",112,"Van Hecke","TOT","-18.7","-19.0","-19.4","-19.8",-1,-26,"6.5",49,19534,37654,24,450,"7.0","d",0,-1,,"false"
"2026-10-06T01:48:45Z",147,"Tosin","TOT","-42.6","-42.6","-42.6","-42.6",-3,0,"0.1",44,114,594,1,5,"0.5","a",0,-1,,"false"
"2026-10-06T01:48:45Z",401,"Marmoush","TOT","40.4","40.4","40.4","40.3",3,-2,"2.1",70,13515,23337,8,339,"2.0","a",0,0,,"false"
"2026-10-06T01:48:45Z",403,"Sávio","TOT","11.2","11.1","11.0","11.0",1,-4,"0.6",65,3281,7577,8,240,"2.5","a",0,0,,"false"
"2026-10-06T01:48:45Z",455,"Tonali","TOT","-21.8","-22.0","-22.3","-22.6",-2,-6,"1.8",53,2524,16090,14,427,"2.5","a",-1,-2,,"false"
"2026-10-06T01:48:45Z",494,"Vicario","TOT","0.0","0.0","0.0","0.0",0,0,"0.1",45,0,758,0,0,"0.0","u",0,0,,"false"
"2026-10-06T01:48:45Z",495,"Austin","TOT","2.3","2.3","2.3","2.3",1,0,"1.0",40,2107,2329,0,0,"0.0","a",0,0,,"false"
"2026-10-06T01:48:45Z",496,"Kinsky","TOT","-55.0","-55.1","-55.2","-55.4",-3,-16,"17.2",45,20930,120017,18,450,"4.5","a",0,0,,"false"
"2026-10-06T01:48:45Z",497,"Dubravka","TOT","-26.3","-26.2","-26.2","-26.2",-2,3,"17.1",40,30009,52630,0,0,"0.0","a",0,0,,"false"
"2026-10-06T01:48:45Z",498,"Senesi","TOT","-60.4","-60.6","-60.8","-61.0",-3,-4,"3.5",58,1310,22876,3,90,"0.0","a",0,-2,,"false"
"2026-10-06T01:48:45Z",499,"Pedro Porro","TOT","-34.9","-35.1","-35.4","-35.6",-2,-22,"7.5",54,1772,80749,9,198,"0.5","d",0,-1,,"false"
"2026-10-06T01:48:45Z",500,"Romero","TOT","0.0","0.0","0.0","0.0",0,0,"0.1",50,0,314,0,0,"0.0","u",0,0,,"false"
"2026-10-06T01:48:45Z",502,"Robertson","TOT","0.2","0.2","0.2","0.2",1,0,"2.5",44,6412,14181,17,366,"5.5","a",0,-1,,"false"
"2026-10-06T01:48:45Z",503,"Van de Ven","TOT","-24.4","-24.9","-25.4","-25.9",-2,-12,"3.8",50,6742,21422,16,360,"3.5","a",0,0,,"false"
"2026-10-06T01:48:45Z",505,"Spence","TOT","0.0","0.0","0.0","0.0",0,0,"0.2",45,0,1297,0,0,"0.0","u",0,0,,"false"
"2026-10-06T01:48:45Z",506,"Udogie","TOT","-23.5","-23.5","-23.5","-23.5",-2,0,"0.3",44,363,1738,7,86,"0.0","a",0,-1,,"false"
"2026-10-06T01:48:45Z",507,"Phillips","TOT","0.0","0.0","0.0","0.0",0,0,"0.0",45,0,55,0,0,"0.0","u",0,0,,"false"
"2026-10-06T01:48:45Z",508,"Davies","TOT","1.8","1.7","1.7","1.7",1,-2,"0.9",39,8064,4292,0,0,"0.0","a",-1,-1,,"false"
"2026-10-06T01:48:45Z",509,"Byfield","TOT","-4.8","-4.8","-4.8","-4.8",-1,0,"0.1",40,130,258,0,0,"0.0","a",0,0,,"false"
"2026-10-06T01:48:45Z",510,"Rowswell","TOT","-17.7","-17.7","-17.7","-17.7",-1,0,"0.1",40,173,363,0,0,"0.0","a",0,0,,"false"
"2026-10-06T01:48:45Z",511,"Souza","TOT","0.0","0.0","0.0","0.0",0,0,"0.2",40,0,946,0,0,"0.0","u",0,0,,"false"
"2026-10-06T01:48:45Z",512,"Kudus","TOT","2.3","2.3","2.4","2.4",1,2,"0.2",65,2549,1281,7,123,"2.5","a",0,0,,"false"
"2026-10-06T01:48:45Z",513,"Xavi","TOT","-17.8","-17.8","-17.8","-17.8",-1,0,"0.0",59,59,86,0,0,"0.0","i",0,-1,,"false"
"2026-10-06T01:48:45Z",514,"Tel","TOT","-30.8","-30.8","-30.8","-30.8",-2,0,"0.2",57,214,2092,8,257,"0.5","a",-1,-3,,"false"
"2026-10-06T01:48:45Z",515,"Maddison","TOT","-75.9","-76.4","-76.8","-77.3",-3,-1,"0.4",63,845,2113,3,59,"1.0","a",0,-2,,"false"
"2026-10-06T01:48:45Z",516,"Bentancur","TOT","-81.0","-85.6","-90.7","-95.8",-3,-5,"0.2",55,446,827,15,370,"3.5","a",0,0,,"false"
"2026-10-06T01:48:45Z",517,"Odobert","TOT","0.0","0.0","0.0","0.0",0,0,"0.0",55,31,15,0,0,"0.0","i",0,0,,"false"
"2026-10-06T01:48:45Z",518,"P.M.Sarr","TOT","0.0","0.0","0.0","0.0",0,0,"0.1",49,0,724,0,0,"0.0","u",0,-1,,"false"
"2026-10-06T01:48:45Z",519,"Gallagher","TOT","0.1","0.1","0.1","0.1",1,0,"0.2",53,864,717,9,134,"3.0","a",0,-2,,"false"
"2026-10-06T01:48:45Z",520,"Bergvall","TOT","-4.0","-4.0","-4.0","-4.0",-1,0,"0.1",53,115,663,3,78,"1.0","a",-1,-2,,"false"
"2026-10-06T01:48:45Z",521,"Kulusevski","TOT","-82.3","-82.3","-82.3","-82.3",-3,0,"0.0",65,109,79,0,0,"0.0","i",0,0,,"false"
"2026-10-06T01:48:45Z",522,"Gray","TOT","-28.3","-28.3","-28.3","-28.3",-2,0,"0.2",49,503,1303,9,307,"2.5","a",0,-1,,"false"
"2026-10-06T01:48:45Z",523,"Moore","TOT","0.0","0.0","0.0","0.0",0,0,"0.1",50,0,576,3,89,"0.0","u",0,0,,"false"
"2026-10-06T01:48:45Z",524,"Olusesi","TOT","8.3","8.2","8.2","8.2",1,-2,"1.0",44,6221,7986,0,0,"0.0","a",0,-1,,"false"
"2026-10-06T01:48:45Z",525,"Fernandes","TOT","-12.5","-12.6","-12.8","-12.9",-1,-1,"0.8",57,516,7105,7,249,"2.0","a",-1,-3,,"false"
"2026-10-06T01:48:45Z",526,"Solanke","TOT","-33.6","-35.1","-36.7","-38.3",-2,-8,"0.8",58,2218,6143,7,170,"2.0","a",0,-2,,"false"
"2026-10-06T01:48:45Z",527,"Richarlison","TOT","0.0","0.0","0.0","0.0",0,0,"0.6",59,0,6233,2,67,"0.0","u",0,-1,,"false"
"2026-10-06T01:48:45Z",528,"Scarlett","TOT","0.0","0.0","0.0","0.0",0,-4,"1.1",45,0,8575,0,0,"0.0","u",0,0,,"false"
"2026-10-06T01:48:45Z",578,"Mudryk","TOT","-13.8","-13.8","-13.8","-13.8",-1,0,"0.0",53,23,592,1,16,"0.0","i",-1,-2,,"false"
"2026-10-06T01:48:45Z",601,"Williams-Barnett","TOT","-56.7","-56.7","-56.7","-56.7",-3,0,"0.1",45,177,793,0,0,"0.0","a",0,0,,"false"
"2026-10-06T01:48:45Z",501,"Danso","SUN","-86.4","-86.4","-86.4","-86.4",-3,0,"0.2",50,1261,902,3,270,"0.5","a",0,0,,"false"
"2026-10-06T01:48:45Z",529,"Roefs","SUN","-18.2","-18.4","-18.7","-19.0",-1,-4,"2.4",49,2217,12673,11,450,"1.0","a",0,-1,,"false"
"2026-10-06T01:48:45Z",530,"Patterson","SUN","0.0","0.0","0.0","0.0",0,0,"0.1",40,0,385,0,0,"0.0","u",0,0,,"false"
"2026-10-06T01:48:45Z",531,"Ellborg","SUN","-0.2","-0.2","-0.2","-0.2",-1,0,"0.1",44,148,274,0,0,"0.0","a",-1,-1,,"false"
"2026-10-06T01:48:45Z",532,"Ballard","SUN","-59.5","-59.7","-60.0","-60.2",-3,-8,"2.5",49,3661,19676,14,450,"1.0","d",0,-1,,"false"
"2026-10-06T01:48:45Z",533,"Mukiele","SUN","-18.2","-18.2","-18.2","-18.2",-1,0,"1.9",54,5580,9527,13,360,"0.0","a",0,-1,,"false"
"2026-10-06T01:48:45Z",534,"Hume","SUN","-9.1","-9.1","-9.2","-9.3",-1,-2,"2.8",43,1313,31949,10,206,"0.5","a",-1,-2,,"false"
"2026-10-06T01:48:45Z",535,"Alderete","SUN","-7.7","-7.7","-7.7","-7.7",-1,0,"0.2",48,242,1150,1,23,"0.0","a",-1,-2,,"false"
"2026-10-06T01:48:45Z",536,"Reinildo","SUN","-0.2","-0.2","-0.2","-0.2",-1,0,"0.3",44,239,1643,7,360,"-1.0","a",-1,-1,,"false"
"2026-10-06T01:48:45Z",537,"Seelt","SUN","0.0","0.0","0.0","0.0",0,0,"0.0",45,0,23,0,0,"0.0","u",0,0,,"false"
"2026-10-06T01:48:45Z",538,"Hjelde","SUN","0.0","0.0","0.0","0.0",0,0,"0.0",40,0,166,0,0,"0.0","u",0,0,,"false"
"2026-10-06T01:48:45Z",539,"O'Nien","SUN","4.5","4.6","4.6","4.7",1,4,"2.5",39,19059,12756,1,66,"0.0","a",-1,-1,,"false"
"2026-10-06T01:48:45Z",540,"Masuaku","SUN","0.0","0.0","0.0","0.0",0,0,"0.1",40,0,675,0,0,"0.0","u",0,0,,"false"
"2026-10-06T01:48:45Z",541,"Meunier","SUN","-33.1","-33.1","-33.1","-33.1",-2,0,"0.3",45,1821,996,14,396,"2.5","a",0,0,,"false"
"2026-10-06T01:48:45Z",542,"E.Le Fée","SUN","-4.8","-4.8","-4.8","-4.8",-1,0,"3.3",57,12584,26268,18,438,"2.5","a",-1,-3,,"false"
"2026-10-06T01:48:45Z",543,"Diarra","SUN","-1.4","-1.4","-1.4","-1.4",-1,0,"0.0",53,20,257,5,28,"0.0","i",-1,-2,,"false"
"2026-10-06T01:48:45Z",544,"Xhaka","SUN","-79.5","-79.5","-79.5","-79.5",-3,0,"3.6",55,6776,24874,21,450,"1.5","a",0,0,,"false"
"2026-10-06T01:48:45Z",545,"Sadiki","SUN","-80.5","-80.5","-80.5","-80.5",-3,0,"0.2",49,434,1455,10,410,"2.0","a",0,-1,,"false"
"2026-10-06T01:48:45Z",546,"Adingra","SUN","0.0","0.0","0.0","0.0",0,0,"0.0",49,0,201,0,0,"0.0","u",0,-1,,"false"
"2026-10-06T01:48:45Z",547,"Mundle","SUN","-85.5","-85.5","-85.5","-85.5",-3,0,"0.0",49,11,56,1,1,"0.0","i",0,-1,,"false"
"2026-10-06T01:48:45Z",548,"Rigg","SUN","-83.7","-83.7","-83.7","-83.7",-3,0,"0.0",49,35,248,2,17,"0.0","a",0,-1,,"false"
"2026-10-06T01:48:45Z",549,"Talbi","SUN","-32.1","-32.1","-32.1","-32.1",-2,0,"0.1",53,119,599,1,31,"0.0","a",0,-2,,"false"
"2026-10-06T01:48:45Z",550,"Jocelin.T","SUN","-97.5","-97.5","-97.5","-97.5",-4,0,"0.0",50,44,45,0,0,"0.0","a",0,0,,"false"
"2026-10-06T01:48:45Z",551,"N.Angulo","SUN","1.4","1.4","1.4","1.4",1,0,"0.1",50,555,838,16,313,"3.0","a",0,0,,"false"
"2026-10-06T01:48:45Z",552,"Brobbey","SUN","85.4","85.3","85.1","84.9",3,-10,"6.9",57,198214,53911,24,399,"9.0","d",-1,-3,,"false"
"2026-10-06T01:48:45Z",553,"Isidor","SUN","3.3","3.2","3.2","3.2",1,-2,"1.3",55,3834,12282,15,117,"1.0","a",0,0,,"false"
"2026-10-06T01:48:45Z",612,"Methalie","SUN","0.0","0.0","0.0","0.0",0,0,"0.0",45,129,75,-1,90,"-0.5","a",0,0,,"false"
"2026-10-06T01:48:45Z",613,"Ahoka","SUN","-50.2","-50.2","-50.2","-50.2",-3,0,"0.2",45,627,1694,0,0,"0.0","a",0,0,,"false"
"2026-10-06T01:48:45Z",646,"Fofana","SUN","-12.6","-12.6","-12.6","-12.6",-1,0,"0.0",55,352,318,3,60,"1.0","a",0,0,,"false"
"2026-10-06T01:48:45Z",651,"J.Angulo","SUN","5.3","5.3","5.4","5.4",1,1,"0.7",45,9535,7680,0,0,"0.0","a",0,0,,"false"
"2026-10-06T07:31:30Z",1,"Raya","ARS","1.8","1.9","2.1","2.2",1,29,"42.3",61,138879,56960,30,450,"6.0","a",1,1,,"false"
"2026-10-06T07:31:30Z",2,"Arrizabalaga","ARS","-53.7","-53.7","-53.7","-53.7",-3,0,"0.1",49,121,281,0,0,"0.0","a",0,-1,,"false"
"2026-10-06T07:31:30Z",3,"Meslier","ARS","-42.0","-42.0","-42.0","-42.0",-3,0,"0.0",49,50,130,0,0,"0.0","a",0,-1,,"false"
"2026-10-06T07:31:30Z",4,"Gabriel","ARS","-95.0","-94.9","-94.7","-94.6",-3,21,"22.7",80,29137,72538,25,450,"4.0","a",0,0,,"false"
"2026-10-06T07:31:30Z",5,"J.Timber","ARS","12.6","12.8","13.1","13.4",1,19,"0.4",65,14897,4763,1,104,"0.3","a",0,0,,"false"
"2026-10-06T07:31:30Z",6,"Saliba","ARS","-27.7","-27.9","-28.2","-28.6",-2,-1,"0.2",59,441,1201,0,0,"0.0","i",0,-1,,"false"
"2026-10-06T07:31:30Z",7,"Lewis-Skelly","ARS","-17.8","-17.8","-17.8","-17.8",-1,0,"0.6",54,1070,5248,9,271,"1.0","a",-1,-1,,"false"
"2026-10-06T07:31:30Z",8,"Calafiori","ARS","0.1","0.3","0.6","0.9",1,55,"50.5",59,91446,69230,29,416,"3.0","a",1,4,,"false"
"2026-10-06T07:31:30Z",9,"Hincapie","ARS","-6.5","-6.5","-6.5","-6.5",-1,0,"0.9",52,1595,6044,2,32,"0.3","a",-1,-3,,"false"
"2026-10-06T07:31:30Z",10,"White","ARS","-55.3","-56.0","-57.1","-58.2",-3,-61,"4.8",55,3314,72997,21,315,"1.0","d",0,0,,"false"
"2026-10-06T07:31:30Z",11,"Mosquera","ARS","-28.5","-28.4","-28.2","-28.0",-2,2,"1.6",53,1431,10247,12,168,"0.0","a",0,-2,,"false"
"2026-10-06T07:31:30Z",12,"Saka","ARS","0.2","0.6","1.4","2.1",1,122,"14.1",96,152266,52076,32,416,"4.0","a",1,1,,"false"
"2026-10-06T07:31:30Z",13,"Rice","ARS","-39.3","-40.1","-41.2","-42.3",-3,-143,"11.5",74,7839,93718,20,411,"4.0","d",0,-1,,"false"
"2026-10-06T07:31:30Z",14,"Eze","ARS","-0.1","0.0","0.1","0.2",0,6,"1.0",62,2987,7293,4,85,"0.7","a",-1,-3,,"false"
"2026-10-06T07:31:30Z",15,"Ødegaard","ARS","1.3","2.1","3.2","4.4",1,72,"19.8",68,89468,97451,29,377,"5.0","a",0,3,,"false"
"2026-10-06T07:31:30Z",16,"Madueke","ARS","-27.9","-28.8","-30.2","-31.5",-2,-2,"0.2",62,802,1650,2,23,"0.3","a",0,-3,,"false"
"2026-10-06T07:31:30Z",17,"Merino","ARS","-0.4","-0.4","-0.4","-0.4",-1,0,"0.4",57,853,3045,4,81,"0.7","a",-1,-3,,"false"
"2026-10-06T07:31:30Z",18,"Martinelli","ARS","0.0","0.0","0.0","0.0",0,0,"0.1",63,0,623,0,0,"0.0","u",0,-2,,"false"
"2026-10-06T07:31:30Z",19,"Zubimendi","ARS","-53.5","-53.5","-53.5","-53.5",-3,0,"0.6",53,548,3985,5,89,"1.0","a",0,-2,,"false"
"2026-10-06T07:31:30Z",20,"Dowman","ARS","-17.6","-19.3","-22.0","-24.8",-1,-2,"0.1",53,482,650,1,9,"0.3","d",0,-2,,"false"
"2026-10-06T07:31:30Z",22,"Nwaneri","ARS","0.0","0.0","0.0","0.0",0,0,"0.0",54,0,58,0,0,"0.0","u",0,-1,,"false"
"2026-10-06T07:31:30Z",23,"Fábio Vieira","ARS","0.0","0.0","0.0","0.0",0,0,"0.0",55,0,44,0,0,"0.0","u",0,0,,"false"
"2026-10-06T07:31:30Z",24,"Nelson","ARS","0.0","0.0","0.0","0.0",0,0,"0.0",55,0,24,0,0,"0.0","u",0,0,,"false"
"2026-10-06T07:31:30Z",25,"Gyökeres","ARS","1.0","2.1","3.8","5.6",1,109,"3.2",71,18949,18621,2,29,"0.7","a",-1,-4,,"false"
"2026-10-06T07:31:30Z",26,"Havertz","ARS","-1.2","-2.8","-5.1","-7.5",-1,-213,"8.1",76,51068,77077,19,437,"3.7","d",0,1,,"false"
"2026-10-06T07:31:30Z",27,"G.Jesus","ARS","0.0","0.0","0.0","0.0",0,0,"0.1",59,0,1099,0,0,"0.0","u",0,-1,,"false"
"2026-10-06T07:31:30Z",31,"Konsa","ARS","0.3","-0.2","-0.8","-1.4",-1,-136,"19.3",46,98266,66530,12,281,"3.7","d",1,1,,"false"
"2026-10-06T07:31:30Z",452,"Bruno G.","ARS","0.6","0.7","0.8","1.0",1,8,"1.8",67,6581,8295,9,123,"2.7","a",0,-3,,"false"
"2026-10-06T07:31:30Z",557,"Tzolis","ARS","-9.9","-10.6","-11.6","-12.6",-1,-237,"11.9",63,12522,164564,16,362,"3.3","d",-1,-2,,"false"
"2026-10-06T07:31:30Z",29,"M.Bizot","AVL","-41.6","-41.6","-41.6","-41.6",-3,0,"0.1",45,70,1083,1,90,"0.0","i",0,0,,"false"
"2026-10-06T07:31:30Z",30,"Digne","AVL","0.0","0.0","0.0","0.0",0,0,"0.0",45,0,255,0,0,"0.0","u",0,0,,"false"
"2026-10-06T07:31:30Z",32,"Cash","AVL","-25.7","-26.0","-26.4","-26.8",-2,-12,"4.8",44,2986,27226,6,296,"-0.5","a",0,-1,,"false"
"2026-10-06T07:31:30Z",33,"Mings","AVL","0.9","0.9","1.0","1.0",1,4,"0.4",45,2040,1583,10,261,"1.5","a",0,0,,"false"
"2026-10-06T07:31:30Z",34,"Pau","AVL","-1.2","-1.3","-1.5","-1.6",-1,-1,"0.3",44,48,3378,3,187,"0.5","i",-1,-1,,"false"
"2026-10-06T07:31:30Z",35,"Bogarde","AVL","-4.2","-3.0","-1.1","0.0",-1,1,"0.1",49,182,462,1,16,"0.0","a",-1,-1,,"false"
"2026-10-06T07:31:30Z",36,"Maatsen","AVL","-4.0","-4.7","-5.7","-6.7",-1,-14,"0.5",44,55,6786,9,335,"0.5","i",-1,-1,,"false"
"2026-10-06T07:31:30Z",37,"Lindelöf","AVL","1.1","1.1","1.2","1.2",1,2,"0.3",45,1246,1444,8,450,"1.0","a",0,0,,"false"
"2026-10-06T07:31:30Z",38,"A.García","AVL","-38.0","-38.0","-38.0","-38.0",-2,0,"1.5",40,1971,6511,0,0,"0.0","a",0,0,,"false"
"2026-10-06T07:31:30Z",39,"Nedeljkovic","AVL","0.0","0.0","0.0","0.0",0,0,"0.1",40,0,606,0,0,"0.0","u",0,0,,"false"
"2026-10-06T07:31:30Z",41,"Buendía","AVL","-32.9","-31.4","-29.1","-26.8",-2,14,"1.0",59,13847,4866,21,401,"7.0","a",0,-1,,"false"
"2026-10-06T07:31:30Z",44,"Bailey","AVL","0.0","0.0","0.0","0.0",0,0,"0.1",54,0,533,0,0,"0.0","u",0,-1,,"false"
"2026-10-06T07:31:30Z",45,"McGinn","AVL","-21.7","-21.4","-20.9","-20.5",-2,6,"2.2",54,7755,9605,17,434,"6.0","a",0,-1,,"false"
"2026-10-06T07:31:30Z",46,"Barkley","AVL","0.5","0.4","0.4","0.3",1,-4,"0.3",50,613,1913,10,308,"1.5","a",0,0,,"false"
"2026-10-06T07:31:30Z",47,"Kamara","AVL","-86.1","-87.0","-88.3","-89.5",-3,-2,"0.3",50,1424,1713,15,443,"4.0","a",0,0,,"false"
"2026-10-06T07:31:30Z",48,"Onana","AVL","-11.3","-11.3","-11.3","-11.3",-1,0,"0.0",49,50,103,0,0,"0.0","i",0,-1,,"false"
"2026-10-06T07:31:30Z",49,"Iling Jr","AVL","0.0","0.0","0.0","0.0",0,0,"0.0",50,0,12,0,0,"0.0","u",0,0,,"false"
"2026-10-06T07:31:30Z",50,"Burrowes","AVL","-85.9","-86.6","-87.8","-89.0",-3,-4,"0.6",45,676,3609,0,0,"0.0","a",0,0,,"false"
"2026-10-06T07:31:30Z",51,"George Hemmings","AVL","14.4","14.2","13.9","13.7",1,-18,"1.2",45,3436,10481,9,297,"1.0","a",0,0,,"false"
"2026-10-06T07:31:30Z",52,"Alysson","AVL","-5.8","-5.8","-5.8","-5.8",-1,0,"0.0",50,70,835,8,87,"3.0","d",0,0,,"false"
"2026-10-06T07:31:30Z",53,"Manzambi","AVL","9.7","10.0","10.5","11.1",1,32,"0.4",59,30366,3959,14,98,"7.0","a",0,-1,,"false"
"2026-10-06T07:31:30Z",54,"Gomes","AVL","0.1","0.1","0.1","0.2",1,1,"0.0",55,507,210,2,129,"2.0","a",0,0,,"false"
"2026-10-06T07:31:30Z",55,"Watkins","AVL","0.0","0.0","0.0","0.0",0,-15,"2.5",78,0,13971,0,0,"0.0","u",0,-2,,"false"
"2026-10-06T07:31:30Z",56,"Abraham","AVL","3.7","3.8","3.9","4.0",1,6,"0.2",55,1876,1868,4,71,"1.0","a",0,0,,"false"
"2026-10-06T07:31:30Z",160,"Garnacho","AVL","-72.4","-73.1","-74.2","-75.3",-3,-2,"0.3",58,600,2941,3,31,"0.0","a",0,-2,,"false"
"2026-10-06T07:31:30Z",166,"N.Jackson","AVL","57.6","58.3","59.5","60.6",3,72,"1.5",65,41582,9245,10,286,"3.0","a",0,0,,"false"
"2026-10-06T07:31:30Z",582,"Madjo","AVL","-27.4","-28.0","-28.9","-29.8",-2,-3,"0.2",54,294,1933,0,0,"0.0","i",0,-1,,"false"
"2026-10-06T07:31:30Z",596,"Ruggeri","AVL","-72.7","-72.7","-72.7","-72.7",-3,0,"0.1",45,637,368,5,113,"1.5","a",0,0,,"false"
"2026-10-06T07:31:30Z",597,"Suzuki","AVL","32.0","32.1","32.2","32.4",2,8,"1.9",50,14908,7321,16,360,"2.0","a",0,0,,"false"
"2026-10-06T07:31:30Z",606,"Rowe","AVL","0.1","0.1","0.1","0.1",1,-1,"0.2",40,338,952,0,0,"0.0","a",0,0,,"false"
"2026-10-06T07:31:30Z",607,"Lynch","AVL","0.0","0.0","0.0","0.0",0,0,"0.1",45,0,746,0,0,"0.0","u",0,0,,"false"
"2026-10-06T07:31:30Z",611,"Wan-Bissaka","AVL","2.2","2.2","2.2","2.2",1,0,"0.2",45,1575,1536,6,152,"2.0","a",0,0,,"false"
"2026-10-06T07:31:30Z",618,"Goretzka","AVL","-45.4","-45.4","-45.4","-45.4",-3,0,"0.0",59,27,434,0,0,"0.0","i",0,-1,,"false"
"2026-10-06T07:31:30Z",630,"Harwood-Bellis","AVL","0.0","0.0","0.0","0.0",0,0,"0.0",45,216,205,0,0,"0.0","a",0,0,,"false"
"2026-10-06T07:31:30Z",631,"Mbaye","AVL","0.4","0.4","0.4","0.4",1,1,"0.1",60,998,1191,2,33,"1.0","a",0,0,,"false"
"2026-10-06T07:31:30Z",667,"Wright","AVL","0.1","0.2","0.3","0.4",1,7,"0.1",40,8718,1007,0,0,"0.0","a",0,0,,"false"
"2026-10-06T07:31:30Z",57,"Petrović","BOU","0.2","0.2","0.2","0.1",1,-2,"3.0",45,7217,13060,9,450,"1.5","a",0,0,,"false"
"2026-10-06T07:31:30Z",58,"Forster","BOU","4.9","4.9","4.9","4.9",1,0,"3.5",40,8973,8034,0,0,"0.0","a",0,0,,"false"
"2026-10-06T07:31:30Z",59,"Dennis","BOU","0.0","0.0","0.0","0.0",0,0,"0.1",40,0,598,0,0,"0.0","u",0,0,,"false"
"2026-10-06T07:31:30Z",60,"Hill","BOU","-33.7","-32.8","-31.4","-30.0",-2,6,"0.8",55,3613,3409,12,450,"3.0","a",0,0,,"false"
"2026-10-06T07:31:30Z",61,"Truffert","BOU","-1.7","-1.9","-2.1","-2.4",-1,-8,"3.0",54,5247,13362,10,450,"2.5","a",-1,-1,,"false"
"2026-10-06T07:31:30Z",62,"Diakité","BOU","-6.3","-6.3","-6.3","-6.3",-1,0,"0.2",49,509,1026,0,0,"0.0","a",-1,-1,,"false"
"2026-10-06T07:31:30Z",63,"Milosavljević","BOU","-3.6","-3.6","-3.6","-3.6",-1,0,"0.0",49,37,52,0,0,"0.0","i",0,-1,,"false"
"2026-10-06T07:31:30Z",64,"Smith","BOU","0.3","0.3","0.3","0.3",1,0,"0.1",45,452,536,4,434,"1.0","a",0,0,,"false"
"2026-10-06T07:31:30Z",65,"J.Araujo","BOU","-13.0","-13.0","-13.0","-13.0",-1,0,"0.0",44,44,60,0,0,"0.0","i",0,-1,,"false"
"2026-10-06T07:31:30Z",66,"Soler","BOU","1.5","1.5","1.5","1.5",1,0,"0.3",40,791,1222,0,0,"0.0","a",0,0,,"false"
"2026-10-06T07:31:30Z",67,"Rayan","BOU","-10.6","-10.9","-11.5","-12.0",-1,-9,"1.6",63,4612,10524,10,434,"2.0","a",-1,-2,,"false"
"2026-10-06T07:31:30Z",68,"Tavernier","BOU","34.0","34.3","34.9","35.5",2,36,"6.8",61,93075,50559,31,424,"5.0","a",0,1,,"false"
"2026-10-06T07:31:30Z",69,"Scott","BOU","-3.7","-7.2","-12.5","-17.9",-1,-341,"5.7",61,26316,49491,30,446,"3.0","d",0,1,,"false"
"2026-10-06T07:31:30Z",70,"Kluivert","BOU","-64.1","-65.7","-68.2","-70.6",-3,-35,"0.8",60,2312,19869,15,294,"4.0","i",0,0,,"false"
"2026-10-06T07:31:30Z",71,"Cook","BOU","-14.6","-15.3","-16.5","-17.6",-1,-1,"0.2",50,294,1235,8,180,"0.5","a",0,0,,"false"
"2026-10-06T07:31:30Z",72,"Gannon-Doak","BOU","-70.3","-70.3","-70.3","-70.3",-3,0,"0.1",49,159,414,4,12,"1.0","a",0,-1,,"false"
"2026-10-06T07:31:30Z",73,"Adams","BOU","1.7","1.7","1.7","1.8",1,3,"0.3",50,1208,1777,12,279,"3.0","a",0,0,,"false"
"2026-10-06T07:31:30Z",74,"Brooks","BOU","-21.3","-21.3","-21.3","-21.3",-2,0,"0.1",50,203,352,3,45,"0.5","a",0,0,,"false"
"2026-10-06T07:31:30Z",75,"Christie","BOU","0.4","0.4","0.4","0.4",1,0,"0.0",50,325,275,5,102,"1.5","a",0,0,,"false"
"2026-10-06T07:31:30Z",76,"Tóth.A","BOU","-13.6","-13.6","-13.6","-13.6",-1,0,"0.0",49,29,59,2,17,"0.5","a",0,-1,,"false"
"2026-10-06T07:31:30Z",77,"Adli","BOU","-89.6","-89.6","-89.6","-89.6",-3,0,"0.0",49,29,81,0,0,"0.0","i",0,-1,,"false"
"2026-10-06T07:31:30Z",78,"Kroupi.Jr","BOU","-81.9","-81.9","-81.9","-81.9",-3,0,"0.2",74,220,959,0,0,"0.0","i",0,-1,,"false"
"2026-10-06T07:31:30Z",79,"Evanilson","BOU","55.2","55.5","55.8","56.1",3,21,"3.2",60,20778,22792,18,424,"3.5","a",0,0,,"false"
"2026-10-06T07:31:30Z",80,"Enes Ünal","BOU","0.0","0.0","0.0","0.0",0,0,"0.0",55,0,56,0,0,"0.0","u",0,0,,"false"
"2026-10-06T07:31:30Z",81,"Rodríguez","BOU","-31.1","-30.1","-28.5","-27.0",-2,1,"0.1",60,894,770,2,10,"0.5","a",0,0,,"false"
"2026-10-06T07:31:30Z",566,"Silva","BOU","1.7","1.7","1.8","1.9",1,4,"0.4",50,9243,4637,13,450,"3.0","a",0,0,,"false"
"2026-10-06T07:31:30Z",573,"Sanchez","BOU","-14.2","-14.2","-14.2","-14.2",-1,0,"0.2",44,162,474,0,0,"0.0","a",0,-1,,"false"
"2026-10-06T07:31:30Z",608,"Jebbison","BOU","0.6","0.6","0.6","0.6",1,0,"0.1",50,982,964,3,31,"0.5","a",0,0,,"false"
"2026-10-06T07:31:30Z",615,"Di Gregorio","BOU","-29.5","-29.5","-29.5","-29.5",-2,0,"0.0",45,197,203,0,0,"0.0","a",0,0,,"false"
"2026-10-06T07:31:30Z",82,"Kelleher","BRE","22.1","22.1","22.2","22.2",2,4,"6.1",50,21869,15292,20,450,"4.5","a",0,0,,"false"
"2026-10-06T07:31:30Z",83,"Valdimarsson","BRE","-80.0","-80.0","-80.0","-80.0",-3,0,"0.1",45,328,366,0,0,"0.0","a",0,0,,"false"
"2026-10-06T07:31:30Z",84,"Collins","BRE","-32.8","-33.2","-33.9","-34.5",-2,-10,"0.9",54,128,10232,10,196,"0.0","i",0,-1,,"false"
"2026-10-06T07:31:30Z",85,"Van den Berg","BRE","-88.5","-88.5","-88.5","-88.5",-3,0,"0.1",49,43,395,0,0,"0.0","i",0,-1,,"false"
"2026-10-06T07:31:30Z",86,"Lewis-Potter","BRE","34.3","34.3","34.2","34.2",2,-3,"1.7",55,4016,12840,22,406,"2.0","a",0,0,,"false"
"2026-10-06T07:31:30Z",87,"Ajer","BRE","33.1","33.2","33.4","33.5",2,9,"3.9",45,12944,24802,21,450,"4.0","a",0,0,,"false"
"2026-10-06T07:31:30Z",88,"Kayode","BRE","-40.2","-40.0","-39.8","-39.5",-3,11,"7.6",46,15306,23377,23,294,"3.5","a",0,1,,"false"
"2026-10-06T07:31:30Z",89,"Henry","BRE","-18.1","-18.8","-19.9","-20.9",-1,-1,"0.2",44,169,650,1,2,"0.0","a",0,-1,,"false"
"2026-10-06T07:31:30Z",90,"Hickey","BRE","-31.6","-31.6","-31.6","-31.6",-2,0,"0.1",45,201,273,5,152,"1.0","a",0,0,,"false"
"2026-10-06T07:31:30Z",92,"Ji-soo","BRE","-4.3","-4.3","-4.3","-4.3",-1,0,"0.0",44,66,92,0,0,"0.0","a",-1,-1,,"false"
"2026-10-06T07:31:30Z",93,"Schuster","BRE","6.0","6.3","6.8","7.2",1,28,"0.3",45,17120,2815,21,253,"8.5","a",0,0,,"false"
"2026-10-06T07:31:30Z",94,"Schade","BRE","19.3","20.9","23.3","25.8",2,415,"11.9",62,430480,31187,39,447,"12.0","a",1,2,,"false"
"2026-10-06T07:31:30Z",95,"O.Dango","BRE","-54.8","-55.3","-56.2","-57.0",-3,-2,"0.5",63,912,3980,7,179,"1.0","a",0,-2,,"false"
"2026-10-06T07:31:30Z",96,"Damsgaard","BRE","-6.0","-7.1","-8.7","-10.3",-1,-7,"0.4",54,1807,2497,16,283,"2.0","d",0,-1,,"false"
"2026-10-06T07:31:30Z",97,"Jensen","BRE","-62.6","-62.6","-62.6","-62.6",-3,0,"0.1",54,22,700,6,66,"0.0","i",0,-1,,"false"
"2026-10-06T07:31:30Z",98,"Janelt","BRE","83.3","83.3","83.3","83.4",3,1,"2.5",50,21605,19701,28,450,"3.5","a",0,0,,"false"
"2026-10-06T07:31:30Z",99,"Milambo","BRE","-44.2","-44.2","-44.2","-44.2",-3,0,"0.0",50,8,8,0,0,"0.0","i",0,0,,"false"
"2026-10-06T07:31:30Z",100,"Carvalho","BRE","0.3","0.4","0.4","0.4",1,2,"0.0",50,631,187,6,3,"3.0","a",0,0,,"false"
"2026-10-06T07:31:30Z",102,"Yarmoliuk","BRE","-20.0","-20.0","-20.0","-20.0",-2,0,"0.6",48,1473,3607,9,216,"3.5","a",0,-2,,"false"
"2026-10-06T07:31:30Z",103,"Dasilva","BRE","-68.3","-68.3","-68.3","-68.3",-3,0,"0.0",49,10,112,0,0,"0.0","i",0,-1,,"false"
"2026-10-06T07:31:30Z",105,"Anthony","BRE","1.0","1.1","1.3","1.5",1,13,"0.1",59,2618,692,15,267,"5.5","a",0,-1,,"false"
"2026-10-06T07:31:30Z",106,"Thiago","BRE","14.0","14.9","16.3","17.7",1,87,"9.2",78,66702,42141,10,442,"3.0","a",0,-2,,"false"
"2026-10-06T07:31:30Z",107,"Furo","BRE","-7.6","-8.3","-9.3","-10.3",-1,-15,"0.9",45,971,10164,0,0,"0.0","i",0,0,,"false"
"2026-10-06T07:31:30Z",108,"Wilson","BRE","-12.6","-12.4","-12.0","-11.6",-1,1,"0.3",54,1343,2617,3,13,"0.0","a",-1,-1,,"false"
"2026-10-06T07:31:30Z",565,"M.Sangaré","BRE","-36.3","-36.8","-37.7","-38.6",-2,-89,"9.8",56,9120,147527,22,321,"2.0","a",-1,1,,"false"
"2026-10-06T07:31:30Z",620,"Diouf","BRE","-37.7","-36.3","-34.2","-32.0",-2,1,"0.1",45,525,727,2,39,"1.0","a",0,0,,"false"
"2026-10-06T07:31:30Z",657,"Nunes","BRE","0.0","0.0","0.0","0.0",0,0,"0.0",45,374,286,0,0,"0.0","a",0,0,,"false"
"2026-10-06T07:31:30Z",660,"Fredrick","BRE","0.0","0.0","0.1","0.1",0,2,"0.0",40,562,72,0,0,"0.0","a",0,0,,"false"
"2026-10-06T07:31:30Z",661,"Balcombe","BRE","0.0","0.0","0.0","0.0",0,0,"0.0",40,3155,620,0,0,"0.0","a",0,0,,"false"
"2026-10-06T07:31:30Z",109,"Verbruggen","BHA","69.1","69.3","69.7","70.0",3,20,"21.6",45,81015,80362,23,450,"7.0","a",0,0,,"false"
"2026-10-06T07:31:30Z",111,"Steele","BHA","-1.3","-1.3","-1.3","-1.3",-1,0,"4.1",40,7813,16211,0,0,"0.0","a",0,0,,"false"
"2026-10-06T07:31:30Z",113,"F.Kadıoğlu","BHA","-64.3","-64.3","-64.3","-64.3",-3,0,"1.6",44,4500,7711,13,332,"5.5","a",0,-1,,"false"
"2026-10-06T07:31:30Z",114,"Boscagli","BHA","3.0","3.1","3.1","3.2",1,5,"0.3",45,2389,899,19,437,"6.0","a",0,0,,"false"
"2026-10-06T07:31:30Z",115,"De Cuyper","BHA","5.3","6.2","7.7","9.2",1,251,"28.0",50,325042,25816,38,423,"8.5","a",1,5,,"false"
"2026-10-06T07:31:30Z",116,"Dunk","BHA","20.9","20.7","20.5","20.2",2,-16,"1.5",45,7740,11277,22,360,"6.0","d",0,0,,"false"
"2026-10-06T07:31:30Z",117,"Coppola","BHA","-11.6","-11.6","-11.6","-11.6",-1,0,"0.0",45,118,104,0,0,"0.0","a",0,0,,"false"
"2026-10-06T07:31:30Z",118,"Igor","BHA","0.0","0.0","0.0","0.0",0,0,"0.0",45,0,320,0,0,"0.0","u",0,0,,"false"
"2026-10-06T07:31:30Z",119,"Costinha","BHA","0.0","0.0","0.0","0.0",0,0,"0.0",45,188,144,4,68,"1.0","a",0,0,,"false"
"2026-10-06T07:31:30Z",120,"Svoboda","BHA","0.5","0.5","0.5","0.5",1,0,"0.1",50,1369,491,1,4,"0.5","a",0,0,,"false"
"2026-10-06T07:31:30Z",121,"Mitoma","BHA","-26.7","-26.7","-26.7","-26.7",-2,0,"0.0",59,142,188,0,0,"0.0","i",0,-1,,"false"
"2026-10-06T07:31:30Z",122,"Minteh","BHA","-6.5","-6.5","-6.5","-6.5",-1,0,"0.0",58,48,244,0,0,"0.0","i",-1,-2,,"false"
"2026-10-06T07:31:30Z",123,"Hinshelwood","BHA","-44.5","-44.6","-44.7","-44.8",-3,-1,"0.6",59,310,7286,16,63,"0.0","i",0,-1,,"false"
"2026-10-06T07:31:30Z",124,"Groß","BHA","5.2","8.0","12.3","16.6",1,733,"29.5",59,847556,14678,47,450,"15.5","a",2,4,,"false"
"2026-10-06T07:31:30Z",125,"Georginio","BHA","-0.1","0.0","0.0","0.1",0,2,"0.5",53,2936,4173,6,104,"0.5","a",-1,-2,,"false"
"2026-10-06T07:31:30Z",126,"O'Riley","BHA","-9.0","-9.0","-9.0","-9.0",-1,0,"0.1",54,455,600,2,10,"1.0","a",0,-1,,"false"
"2026-10-06T07:31:30Z",127,"Gomez","BHA","32.9","32.9","32.9","32.8",2,-1,"3.9",50,13305,41829,24,433,"5.5","a",0,0,,"false"
"2026-10-06T07:31:30Z",128,"Buonanotte","BHA","0.0","0.0","0.0","0.0",0,0,"0.0",50,0,7,0,0,"0.0","u",0,0,,"false"
"2026-10-06T07:31:30Z",129,"Ayari","BHA","-46.7","-46.7","-46.7","-46.7",-3,0,"0.4",54,2614,2194,15,333,"5.5","a",0,-1,,"false"
"2026-10-06T07:31:30Z",130,"Wieffer","BHA","-35.2","-36.0","-37.3","-38.6",-2,-4,"0.2",49,35,2138,7,156,"0.0","i",0,-1,,"false"
"2026-10-06T07:31:30Z",132,"Howell","BHA","0.0","0.0","0.0","0.0",0,0,"0.0",45,0,227,0,0,"0.0","u",0,0,,"false"
"2026-10-06T07:31:30Z",133,"Watson","BHA","0.0","0.0","0.0","0.0",0,0,"0.0",50,0,5,0,0,"0.0","u",0,0,,"false"
"2026-10-06T07:31:30Z",134,"Oriola","BHA","-88.7","-88.7","-88.7","-88.7",-3,0,"0.2",45,375,1425,0,0,"0.0","a",0,0,,"false"
"2026-10-06T07:31:30Z",135,"Yohanna","BHA","-1.9","-1.9","-1.9","-1.9",-1,0,"0.0",48,27,414,1,12,"0.0","i",-1,-2,,"false"
"2026-10-06T07:31:30Z",137,"Tzimas","BHA","-4.2","-4.2","-4.2","-4.2",-1,0,"0.0",54,40,57,0,0,"0.0","i",0,-1,,"false"
"2026-10-06T07:31:30Z",138,"Kostoulas","BHA","26.3","27.7","30.0","32.2",2,383,"4.5",56,345700,23038,28,353,"10.0","a",1,1,,"false"
"2026-10-06T07:31:30Z",139,"Ferguson","BHA","-62.9","-62.9","-62.9","-62.9",-3,0,"0.0",50,151,274,0,0,"0.0","i",0,0,,"false"
"2026-10-06T07:31:30Z",328,"Struijk","BHA","-10.9","-11.8","-13.1","-14.5",-1,-3,"0.2",49,651,1008,7,98,"3.0","d",0,-1,,"false"
"2026-10-06T07:31:30Z",504,"Vuskovic","BHA","61.4","61.8","62.5","63.1",3,41,"3.8",50,64715,15622,32,437,"7.0","a",0,0,,"false"
"2026-10-06T07:31:30Z",594,"David","BHA","0.7","0.7","0.8","0.8",1,2,"0.2",59,3402,2351,1,23,"0.0","a",-1,-1,,"false"
"2026-10-06T07:31:30Z",600,"Osman","BHA","-74.5","-74.5","-74.5","-74.5",-3,0,"0.0",50,118,134,3,40,"0.5","a",0,0,,"false"
"2026-10-06T07:31:30Z",605,"Yalcouyé","BHA","57.4","57.4","57.3","57.2",3,-5,"4.0",45,28056,35599,20,236,"4.5","a",0,0,,"false"
"2026-10-06T07:31:30Z",614,"Hadjam","BHA","-5.5","-5.5","-5.5","-5.5",-1,0,"0.0",45,260,266,0,0,"0.0","a",0,0,,"false"
"2026-10-06T07:31:30Z",624,"Cozier-Duberry","BHA","0.0","0.0","0.0","0.0",0,0,"0.0",50,0,6,0,0,"0.0","u",0,0,,"false"
"2026-10-06T07:31:30Z",639,"Andrés","BHA","1.6","1.6","1.7","1.7",1,2,"0.0",55,2969,353,12,109,"6.0","a",0,0,,"false"
"2026-10-06T07:31:30Z",652,"Azeez","BHA","-32.4","-32.4","-32.4","-32.4",-2,0,"0.0",55,20,46,0,0,"0.0","i",0,0,,"false"
"2026-10-06T07:31:30Z",658,"Ibrahim","BHA","0.0","0.0","0.0","0.0",0,0,"0.0",45,322,224,0,0,"0.0","a",0,0,,"false"
"2026-10-06T07:31:30Z",28,"Martinez","CHE","-7.1","-7.2","-7.3","-7.4",-1,-4,"4.7",50,8680,23524,9,360,"2.3","a",0,0,,"false"
"2026-10-06T07:31:30Z",40,"Rogers","CHE","99.1","101.0","103.9","106.7",5,182,"40.7",77,174904,76470,29,437,"5.3","a",0,2,,"false"
"2026-10-06T07:31:30Z",101,"Henderson","CHE","0.0","0.0","0.0","0.0",0,0,"0.0",49,550,172,2,90,"0.7","a",0,-1,,"false"
"2026-10-06T07:31:30Z",136,"Welbeck","CHE","7.4","7.5","7.6","7.7",1,7,"1.0",59,8702,10009,4,85,"1.3","a",0,-1,,"false"
"2026-10-06T07:31:30Z",140,"Sánchez","CHE","0.0","0.0","0.0","0.0",0,-4,"0.7",49,0,5258,2,90,"0.0","u",0,-1,,"false"
"2026-10-06T07:31:30Z",141,"Jörgensen","CHE","0.0","0.0","0.0","0.0",0,0,"0.0",50,0,34,0,0,"0.0","u",0,0,,"false"
"2026-10-06T07:31:30Z",142,"James","CHE","-0.8","-1.2","-1.8","-2.4",-1,-67,"5.7",53,703,83206,3,292,"0.7","d",-1,-2,,"false"
"2026-10-06T07:31:30Z",143,"Chalobah","CHE","0.0","0.0","0.0","0.0",0,0,"0.1",55,0,348,0,0,"0.0","u",0,0,,"false"
"2026-10-06T07:31:30Z",144,"Gusto","CHE","-4.1","-4.2","-4.4","-4.6",-1,-2,"0.9",49,1705,7228,4,272,"0.7","a",-1,-1,,"false"
"2026-10-06T07:31:30Z",145,"Fofana","CHE","5.1","5.1","5.2","5.3",1,5,"0.2",50,2833,1418,8,312,"2.7","a",0,0,,"false"
"2026-10-06T07:31:30Z",146,"B.Badiashile","CHE","0.0","0.0","0.0","0.0",0,0,"0.0",45,0,49,0,0,"0.0","u",0,0,,"false"
"2026-10-06T07:31:30Z",148,"Hato","CHE","13.3","13.3","13.3","13.2",1,-2,"0.8",45,935,7841,8,258,"1.0","a",0,0,,"false"
"2026-10-06T07:31:30Z",149,"Colwill","CHE","-10.7","-10.6","-10.5","-10.4",-1,1,"0.9",48,1257,5755,3,341,"0.7","a",-1,-2,,"false"
"2026-10-06T07:31:30Z",150,"M.Sarr","CHE","0.0","0.0","0.0","0.0",0,0,"0.0",45,0,184,0,0,"0.0","u",0,0,,"false"
"2026-10-06T07:31:30Z",151,"Acheampong","CHE","-13.7","-13.7","-13.7","-13.7",-1,0,"0.3",45,459,2074,5,221,"0.3","a",0,0,,"false"
"2026-10-06T07:31:30Z",152,"Palestra","CHE","-3.1","-3.5","-4.2","-4.9",-1,-5,"0.6",53,282,4274,0,0,"0.0","d",0,-2,,"false"
"2026-10-06T07:31:30Z",154,"Palmer","CHE","-19.5","-20.9","-23.1","-25.2",-2,-253,"25.4",97,52733,194160,28,442,"2.7","d",0,2,,"false"
"2026-10-06T07:31:30Z",156,"Neto","CHE","-6.3","-5.8","-5.1","-4.4",-1,6,"1.4",65,6035,10255,14,332,"2.0","a",0,0,,"false"
"2026-10-06T07:31:30Z",157,"Estêvão","CHE","-34.4","-34.2","-33.8","-33.4",-2,2,"0.7",63,2021,4563,4,23,"1.0","a",0,-2,,"false"
"2026-10-06T07:31:30Z",158,"Gittens","CHE","-5.2","-5.2","-5.2","-5.2",-1,0,"0.0",58,159,272,0,0,"0.0","d",-1,-2,,"false"
"2026-10-06T07:31:30Z",159,"Caicedo","CHE","-4.4","-4.6","-5.0","-5.4",-1,-4,"1.0",53,446,9626,1,13,"0.0","d",0,-2,,"false"
"2026-10-06T07:31:30Z",161,"Lavia","CHE","4.9","4.9","4.9","4.9",1,0,"0.2",50,491,2599,11,258,"1.0","a",0,0,,"false"
"2026-10-06T07:31:30Z",163,"D.Essugo","CHE","0.0","0.0","0.0","0.0",0,-4,"0.1",45,0,779,0,0,"0.0","u",0,0,,"false"
"2026-10-06T07:31:30Z",164,"Quenda","CHE","-29.8","-29.8","-29.8","-29.8",-2,0,"0.0",53,77,190,2,27,"0.3","a",0,-2,,"false"
"2026-10-06T07:31:30Z",165,"João Pedro","CHE","-2.5","-2.7","-2.9","-3.1",-1,-274,"64.8",77,72962,422694,33,360,"4.3","d",-1,2,,"false"
"2026-10-06T07:31:30Z",168,"Marc Guiu","CHE","0.0","0.0","0.0","0.0",0,0,"0.2",50,0,1666,0,0,"0.0","u",0,0,,"false"
"2026-10-06T07:31:30Z",169,"Mheuka","CHE","4.8","4.8","4.7","4.6",1,-4,"0.5",45,4846,3768,0,0,"0.0","a",0,0,,"false"
"2026-10-06T07:31:30Z",170,"Emegha","CHE","-1.2","-1.2","-1.2","-1.2",-1,0,"0.1",49,95,1166,0,0,"0.0","i",-1,-1,,"false"
"2026-10-06T07:31:30Z",200,"Lacroix","CHE","-8.0","-8.0","-8.1","-8.2",-1,-8,"6.8",59,9186,31499,13,364,"2.0","a",-1,-1,,"false"
"2026-10-06T07:31:30Z",560,"Penders","CHE","-1.5","-1.5","-1.5","-1.5",-1,0,"0.1",44,255,320,0,0,"0.0","a",0,-1,,"false"
"2026-10-06T07:31:30Z",561,"Anselmino","CHE","-1.0","0.0","0.0","0.0",0,1,"0.0",45,72,111,0,0,"0.0","a",0,0,,"false"
"2026-10-06T07:31:30Z",568,"Barco","CHE","-16.0","-16.0","-16.0","-16.0",-1,0,"0.1",54,256,483,3,115,"0.7","a",0,-1,,"false"
"2026-10-06T07:31:30Z",583,"Chavarria","CHE","-52.8","-52.8","-52.8","-52.8",-3,0,"0.1",49,485,597,5,208,"1.0","a",0,-1,,"false"
"2026-10-06T07:31:30Z",662,"Nicoll-Jazuli","CHE","0.0","0.0","0.0","0.0",0,0,"0.0",45,358,79,1,3,"1.0","a",0,0,,"false"
"2026-10-06T07:31:30Z",91,"Pinnock","COV","-74.5","-72.7","-69.9","-67.1",-3,1,"0.1",45,457,258,14,282,"5.0","a",0,0,,"false"
"2026-10-06T07:31:30Z",104,"Onyeka","COV","-37.3","-37.3","-37.3","-37.3",-2,0,"0.1",49,186,490,9,314,"2.5","a",0,-1,,"false"
"2026-10-06T07:31:30Z",110,"Rushworth","COV","-62.3","-62.4","-62.6","-62.9",-3,-1,"0.8",45,2846,6346,16,450,"5.5","a",0,0,,"false"
"2026-10-06T07:31:30Z",171,"Dovin","COV","0.0","0.0","0.0","0.0",0,-8,"1.0",40,0,5241,0,0,"0.0","u",0,0,,"false"
"2026-10-06T07:31:30Z",172,"Wilson","COV","-7.0","-6.6","-6.1","-5.5",-1,1,"0.4",44,261,750,0,0,"0.0","a",0,-1,,"false"
"2026-10-06T07:31:30Z",173,"Thomas","COV","18.6","18.6","18.7","18.7",1,4,"8.5",40,30694,35459,24,437,"4.5","a",0,0,,"false"
"2026-10-06T07:31:30Z",174,"Kitching","COV","0.0","0.0","0.0","0.0",0,-4,"0.3",40,0,2023,0,0,"0.0","u",0,0,,"false"
"2026-10-06T07:31:30Z",175,"van Ewijk","COV","-53.7","-54.0","-54.4","-54.9",-3,-42,"8.6",40,1223,82903,6,360,"0.0","d",0,0,,"false"
"2026-10-06T07:31:30Z",176,"Dasilva","COV","-29.0","-27.8","-26.0","-24.2",-2,8,"0.7",40,7449,2103,20,444,"7.5","a",0,0,,"false"
"2026-10-06T07:31:30Z",177,"Kesler-Hayden","COV","0.2","0.2","0.2","0.2",1,0,"0.1",39,4014,1011,0,0,"0.0","i",-1,-1,,"false"
"2026-10-06T07:31:30Z",178,"Bidwell","COV","-32.9","-32.9","-32.9","-32.9",-2,0,"0.1",40,192,323,0,0,"0.0","a",0,0,,"false"
"2026-10-06T07:31:30Z",179,"Latibeaudiere","COV","-82.7","-82.7","-82.7","-82.7",-3,0,"0.0",40,79,149,1,1,"0.5","a",0,0,,"false"
"2026-10-06T07:31:30Z",180,"Woolfenden","COV","0.0","0.0","0.0","0.0",0,0,"0.1",39,181,577,0,0,"0.0","i",-1,-1,,"false"
"2026-10-06T07:31:30Z",181,"Brau","COV","0.0","0.0","0.0","0.0",0,0,"0.0",40,0,112,0,0,"0.0","u",0,0,,"false"
"2026-10-06T07:31:30Z",182,"Amenda","COV","-60.2","-60.7","-61.4","-62.1",-3,-7,"0.6",40,43,7320,4,360,"0.0","i",0,0,,"false"
"2026-10-06T07:31:30Z",183,"Rudoni","COV","0.1","0.1","0.1","0.1",1,0,"0.1",49,1016,765,13,297,"3.5","a",0,-1,,"false"
"2026-10-06T07:31:30Z",184,"Grimes","COV","-32.1","-31.1","-29.4","-27.7",-2,1,"0.1",49,200,941,11,443,"2.5","a",0,-1,,"false"
"2026-10-06T07:31:30Z",185,"Sakamoto","COV","-26.5","-26.5","-26.5","-26.5",-2,0,"0.1",48,133,419,1,31,"0.0","a",0,-2,,"false"
"2026-10-06T07:31:30Z",186,"Mason-Clark","COV","-2.8","-2.8","-2.8","-2.8",-1,0,"0.1",53,79,378,5,231,"1.0","a",-1,-2,,"false"
"2026-10-06T07:31:30Z",187,"Eccles","COV","-4.9","-4.9","-4.9","-4.9",-1,0,"0.0",48,25,98,0,0,"0.0","i",-1,-2,,"false"
"2026-10-06T07:31:30Z",188,"Torp","COV","-13.7","-12.9","-11.7","-10.6",-1,1,"0.1",53,46,479,3,53,"0.5","a",-1,-2,,"false"
"2026-10-06T07:31:30Z",189,"Shepherd","COV","0.8","0.8","0.8","0.8",1,0,"0.3",44,4402,2799,0,0,"0.0","a",0,-1,,"false"
"2026-10-06T07:31:30Z",190,"Tchaouna","COV","-90.0","-90.0","-90.0","-90.0",-3,0,"0.1",54,27,388,5,211,"0.5","a",0,-1,,"false"
"2026-10-06T07:31:30Z",191,"Borges Rodrigues","COV","0.0","0.0","0.0","0.0",0,-3,"0.1",45,0,745,0,0,"0.0","u",0,0,,"false"
"2026-10-06T07:31:30Z",192,"Andrews","COV","0.0","0.0","0.0","0.0",0,-8,"0.3",45,0,2151,0,0,"0.0","u",0,0,,"false"
"2026-10-06T07:31:30Z",193,"Wright","COV","-1.1","-1.5","-2.1","-2.7",-1,-1,"0.1",53,51,608,0,0,"0.0","i",-1,-2,,"false"
"2026-10-06T07:31:30Z",194,"Thomas-Asante","COV","3.2","3.3","3.4","3.5",1,7,"0.8",50,9191,6542,9,227,"2.5","a",0,0,,"false"
"2026-10-06T07:31:30Z",195,"Simms","COV","-0.1","-0.2","-0.3","-0.5",-1,-1,"0.6",49,2263,5692,4,104,"0.5","a",-1,-1,,"false"
"2026-10-06T07:31:30Z",196,"Markelo","COV","0.0","0.0","0.0","0.0",0,0,"0.0",50,0,65,0,0,"0.0","u",0,0,,"false"
"2026-10-06T07:31:30Z",197,"Bassette","COV","0.0","0.0","0.0","0.0",0,0,"0.0",45,0,157,0,0,"0.0","u",0,0,,"false"
"2026-10-06T07:31:30Z",492,"Awoniyi","COV","-15.7","-16.0","-16.6","-17.2",-1,-6,"0.4",54,80,5424,3,232,"-1.0","s",-1,-1,,"false"
"2026-10-06T07:31:30Z",575,"Yirenkyi","COV","-3.5","-4.0","-4.8","-5.6",-1,-1,"0.1",48,323,1079,9,265,"2.0","a",-1,-2,,"false"
"2026-10-06T07:31:30Z",584,"Hamer","COV","-92.7","-92.7","-92.7","-92.7",-3,0,"0.1",54,43,420,3,32,"0.0","a",0,-1,,"false"
"2026-10-06T07:31:30Z",599,"Cherif","COV","-6.5","-7.8","-9.7","-11.7",-1,-1,"0.1",50,584,804,1,30,"0.5","a",0,0,,"false"
"2026-10-06T07:31:30Z",623,"Bentley","COV","2.3","2.3","2.4","2.4",1,1,"0.6",40,8947,2598,0,0,"0.0","a",0,0,,"false"
"2026-10-06T07:31:30Z",655,"Gboho","COV","0.0","0.0","0.0","0.0",0,0,"0.0",55,80,54,0,0,"0.0","a",0,0,,"false"
"2026-10-06T07:31:30Z",656,"Mfuni","COV","0.1","0.1","0.1","0.1",1,0,"0.1",40,1994,927,6,90,"3.0","a",0,0,,"false"
"2026-10-06T07:31:30Z",42,"Guessand","CRY","-30.3","-30.3","-30.3","-30.3",-2,0,"0.0",54,121,281,2,54,"0.0","a",0,-1,,"false"
"2026-10-06T07:31:30Z",153,"Disasi","CRY","-69.2","-70.2","-71.7","-73.2",-3,-2,"0.1",45,29,840,1,139,"-1.5","s",0,0,,"false"
"2026-10-06T07:31:30Z",198,"Henderson","CRY","-0.7","-0.8","-1.0","-1.2",-1,-7,"1.3",49,161,12209,5,270,"0.0","i",-1,-1,,"false"
"2026-10-06T07:31:30Z",199,"Benitez","CRY","-24.0","-24.0","-24.0","-24.0",-2,0,"0.1",45,760,419,8,180,"4.0","a",0,0,,"false"
"2026-10-06T07:31:30Z",202,"Richards","CRY","0.0","0.0","0.0","0.0",0,0,"0.6",49,1802,2388,14,450,"5.0","a",-1,-1,,"false"
"2026-10-06T07:31:30Z",203,"Canvot","CRY","-0.2","0.0","0.0","0.0",0,1,"0.2",48,480,951,10,360,"4.0","a",-1,-2,,"false"
"2026-10-06T07:31:30Z",204,"Mitchell","CRY","28.7","28.7","28.9","29.0",2,8,"6.1",45,16982,18114,24,419,"4.0","a",0,0,,"false"
"2026-10-06T07:31:30Z",205,"Sosa","CRY","0.0","0.0","0.0","0.0",0,0,"0.0",45,0,119,0,0,"0.0","u",0,0,,"false"
"2026-10-06T07:31:30Z",206,"Chadi Riad","CRY","-6.0","-6.0","-6.0","-6.0",-1,0,"0.0",43,27,144,1,72,"0.0","i",-1,-2,,"false"
"2026-10-06T07:31:30Z",207,"Mingueza","CRY","-95.3","-95.3","-95.3","-95.3",-4,0,"0.1",44,97,306,2,16,"0.0","a",0,-1,,"false"
"2026-10-06T07:31:30Z",208,"Sarr","CRY","0.1","0.1","0.1","0.1",1,0,"0.6",62,2792,2420,1,8,"0.5","a",0,-3,,"false"
"2026-10-06T07:31:30Z",210,"Wharton","CRY","-3.3","-3.1","-2.8","-2.4",-1,2,"0.7",54,1257,4818,12,436,"2.0","a",-1,-1,,"false"
"2026-10-06T07:31:30Z",211,"Yeremy","CRY","4.9","4.9","4.9","4.9",1,-2,"0.3",55,754,2900,14,307,"1.5","a",0,0,,"false"
"2026-10-06T07:31:30Z",212,"Hughes","CRY","-22.9","-23.2","-23.8","-24.4",-2,-25,"7.3",44,9628,48004,2,29,"0.5","a",0,-1,,"false"
"2026-10-06T07:31:30Z",213,"Lerma","CRY","-3.1","-4.1","-5.7","-7.3",-1,-1,"0.1",48,99,408,1,51,"0.5","a",-1,-2,,"false"
"2026-10-06T07:31:30Z",214,"Kamada","CRY","12.3","12.3","12.2","12.2",1,-2,"0.5",50,3561,3324,21,441,"5.5","a",0,0,,"false"
"2026-10-06T07:31:30Z",215,"Devenny","CRY","0.0","0.0","0.0","0.0",0,0,"0.0",50,0,39,0,0,"0.0","u",0,0,,"false"
"2026-10-06T07:31:30Z",216,"Esse","CRY","0.0","0.0","0.0","0.0",0,0,"0.0",50,0,135,0,0,"0.0","u",0,0,,"false"
"2026-10-06T07:31:30Z",217,"M.França","CRY","0.0","0.0","0.0","0.0",0,0,"0.0",49,0,166,0,0,"0.0","u",0,-1,,"false"
"2026-10-06T07:31:30Z",218,"Doucouré","CRY","-3.0","-3.0","-3.0","-3.0",-1,0,"0.0",48,120,309,0,0,"0.0","a",-1,-2,,"false"
"2026-10-06T07:31:30Z",219,"J.Rak-Sakyi","CRY","0.0","0.0","0.0","0.0",0,0,"0.0",49,0,29,0,0,"0.0","u",0,-1,,"false"
"2026-10-06T07:31:30Z",220,"Cardines","CRY","0.0","0.0","0.0","0.0",0,0,"0.0",45,0,3,0,0,"0.0","u",0,0,,"false"
"2026-10-06T07:31:30Z",221,"Drakes-Thomas","CRY","-0.1","-1.2","-2.8","-4.5",-1,-1,"0.1",44,161,457,0,0,"0.0","a",-1,-1,,"false"
"2026-10-06T07:31:30Z",222,"Strand Larsen","CRY","5.8","5.9","6.0","6.1",1,8,"0.7",60,5751,4306,14,298,"5.0","a",0,0,,"false"
"2026-10-06T07:31:30Z",223,"Mateta","CRY","-28.7","-29.1","-29.6","-30.1",-2,-11,"1.3",63,239,9816,2,62,"0.0","i",0,-2,,"false"
"2026-10-06T07:31:30Z",224,"Nketiah","CRY","-20.2","-20.8","-21.7","-22.6",-2,-3,"0.5",55,1415,3599,8,175,"0.5","a",0,0,,"false"
"2026-10-06T07:31:30Z",225,"Uche","CRY","0.0","0.0","0.0","0.0",0,0,"0.0",50,0,0,0,0,"0.0","u",0,0,,"false"
"2026-10-06T07:31:30Z",241,"McNeil","CRY","-0.6","-1.2","-2.3","-3.3",-1,-1,"0.1",53,85,530,3,84,"0.0","a",-1,-2,,"false"
"2026-10-06T07:31:30Z",555,"Matthews","CRY","-10.0","-10.0","-10.0","-10.0",-1,0,"1.7",40,1218,3227,0,0,"0.0","a",0,0,,"false"
"2026-10-06T07:31:30Z",577,"Tomiyasu","CRY","-16.8","-16.8","-16.8","-16.8",-1,0,"0.3",44,149,1333,3,189,"0.5","d",0,-1,,"false"
"2026-10-06T07:31:30Z",588,"Khalaili","CRY","7.1","7.1","7.0","6.9",1,-6,"0.3",50,2228,1445,19,379,"6.5","d",0,0,,"false"
"2026-10-06T07:31:30Z",595,"Gozo","CRY","-1.7","-1.7","-1.7","-1.7",-1,0,"0.0",49,41,95,2,28,"0.5","a",-1,-1,,"false"
"2026-10-06T07:31:30Z",633,"Ahanor","CRY","0.1","0.1","0.1","0.1",1,0,"0.0",45,148,114,3,90,"1.5","a",0,0,,"false"
"2026-10-06T07:31:30Z",643,"Chilwell","CRY","-80.8","-81.4","-82.4","-83.3",-3,-3,"0.4",45,614,3125,8,29,"0.5","a",0,0,,"false"
"2026-10-06T07:31:30Z",644,"Timber","CRY","0.2","0.2","0.2","0.1",1,-2,"0.0",50,496,338,9,253,"3.5","a",0,0,,"false"
"2026-10-06T07:31:30Z",647,"Osorio","CRY","-81.9","-81.9","-81.9","-81.9",-3,0,"0.0",55,29,81,1,1,"0.0","a",0,0,,"false"
"2026-10-06T07:31:30Z",21,"Nørgaard","EVE","-0.9","-0.9","-0.9","-0.9",-1,0,"0.0",48,64,359,0,0,"0.0","i",-1,-2,,"false"
"2026-10-06T07:31:30Z",209,"Johnson","EVE","-21.1","-29.0","-41.1","-53.2",-2,-9,"0.1",59,471,781,9,238,"2.3","a",0,-1,,"false"
"2026-10-06T07:31:30Z",226,"Pickford","EVE","31.6","31.6","31.6","31.6",2,-2,"9.2",55,31197,17703,25,450,"5.0","a",0,0,,"false"
"2026-10-06T07:31:30Z",227,"Travers","EVE","-35.0","-35.0","-35.0","-35.0",-2,0,"0.0",50,270,286,0,0,"0.0","a",0,0,,"false"
"2026-10-06T07:31:30Z",228,"King","EVE","-45.5","-45.5","-45.5","-45.5",-3,0,"0.0",45,123,187,0,0,"0.0","a",0,0,,"false"
"2026-10-06T07:31:30Z",229,"Tarkowski","EVE","2.2","2.7","3.5","4.2",1,129,"16.8",62,252037,25387,43,450,"8.3","a",1,2,,"false"
"2026-10-06T07:31:30Z",230,"Branthwaite","EVE","38.7","38.9","39.3","39.6",2,20,"2.4",55,22223,8245,27,450,"5.7","a",0,0,,"false"
"2026-10-06T07:31:30Z",231,"Keane","EVE","-43.2","-43.6","-44.2","-44.7",-3,-3,"0.7",48,437,4106,0,0,"0.0","a",0,-2,,"false"
"2026-10-06T07:31:30Z",232,"O'Brien","EVE","-5.2","-5.2","-5.2","-5.2",-1,0,"0.3",48,369,1266,2,16,"0.7","a",-1,-2,,"false"
"2026-10-06T07:31:30Z",233,"Mykolenko","EVE","0.9","0.7","0.6","0.4",1,-33,"4.1",46,41840,29237,27,450,"5.7","d",1,1,,"false"
"2026-10-06T07:31:30Z",234,"Patterson","EVE","0.0","0.0","0.0","0.0",0,0,"0.0",45,0,137,0,0,"0.0","u",0,0,,"false"
"2026-10-06T07:31:30Z",235,"Aznou","EVE","0.0","0.0","0.0","0.0",0,0,"0.1",40,0,611,0,0,"0.0","u",0,0,,"false"
"2026-10-06T07:31:30Z",236,"Dewsbury-Hall","EVE","-18.6","-19.2","-20.1","-21.0",-1,-31,"5.9",66,36080,52821,20,450,"2.3","a",1,1,,"false"
"2026-10-06T07:31:30Z",238,"Grealish","EVE","9.4","9.4","9.4","9.4",1,0,"0.5",65,4214,3232,6,135,"1.7","a",0,0,,"false"
"2026-10-06T07:31:30Z",239,"Garner","EVE","3.7","3.8","3.8","3.8",1,3,"0.2",60,2008,2224,11,328,"3.0","a",0,0,,"false"
"2026-10-06T07:31:30Z",242,"George","EVE","31.9","31.8","31.6","31.5",2,-10,"0.9",55,2685,11653,19,309,"4.7","a",0,0,,"false"
"2026-10-06T07:31:30Z",243,"Alcaraz","EVE","-50.7","-50.7","-50.7","-50.7",-3,0,"0.1",49,168,430,1,5,"0.0","a",0,-1,,"false"
"2026-10-06T07:31:30Z",244,"Armstrong","EVE","10.0","10.0","10.0","10.0",1,0,"0.4",50,940,3519,16,446,"2.0","a",0,0,,"false"
"2026-10-06T07:31:30Z",245,"Dibling","EVE","-96.3","-96.3","-96.3","-96.3",-4,0,"0.0",54,125,164,1,24,"0.3","a",0,-1,,"false"
"2026-10-06T07:31:30Z",246,"Röhl","EVE","-51.8","-51.8","-51.8","-51.8",-3,0,"0.0",49,8,623,6,249,"0.3","i",0,-1,,"false"
"2026-10-06T07:31:30Z",247,"Hackney","EVE","-6.2","-6.2","-6.2","-6.2",-1,0,"0.2",54,215,1166,10,137,"2.0","a",-1,-1,,"false"
"2026-10-06T07:31:30Z",248,"Beto","EVE","0.0","0.0","0.0","0.0",0,-8,"0.6",54,0,7849,2,31,"0.0","u",0,-1,,"false"
"2026-10-06T07:31:30Z",249,"Barry","EVE","0.9","1.0","1.1","1.2",1,21,"8.3",57,93415,44430,20,417,"3.3","a",1,2,,"false"
"2026-10-06T07:31:30Z",649,"Maitland-Niles","EVE","18.9","19.0","19.2","19.3",1,12,"1.4",45,21025,5425,21,177,"7.0","a",0,0,,"false"
"2026-10-06T07:31:30Z",654,"Graham","EVE","-38.3","-38.3","-38.3","-38.3",-2,0,"0.1",45,251,1050,0,0,"0.0","a",0,0,,"false"
"2026-10-06T07:31:30Z",250,"Leno","FUL","10.2","10.4","10.7","11.0",1,19,"3.4",45,46437,13499,18,450,"6.0","a",0,0,,"false"
"2026-10-06T07:31:30Z",251,"Lecomte","FUL","-25.8","-25.8","-25.8","-25.8",-2,0,"1.1",40,2805,2816,0,0,"0.0","a",0,0,,"false"
"2026-10-06T07:31:30Z",252,"McNally","FUL","0.0","0.0","0.0","0.0",0,0,"0.1",40,0,651,0,0,"0.0","u",0,0,,"false"
"2026-10-06T07:31:30Z",253,"Andersen","FUL","0.9","0.9","1.0","1.0",1,3,"0.2",50,3011,1212,3,190,"0.5","a",0,0,,"false"
"2026-10-06T07:31:30Z",254,"Robinson","FUL","-16.0","-14.5","-12.3","-10.1",-1,20,"1.5",45,18919,7682,12,429,"4.0","a",0,0,,"false"
"2026-10-06T07:31:30Z",255,"J.Cuenca","FUL","-79.9","-79.9","-79.9","-79.9",-3,0,"0.0",45,68,122,3,90,"0.0","a",0,0,,"false"
"2026-10-06T07:31:30Z",256,"Tete","FUL","-1.6","-1.6","-1.6","-1.6",-1,0,"0.2",44,70,1085,0,27,"0.0","a",0,-1,,"false"
"2026-10-06T07:31:30Z",257,"Bassey","FUL","0.6","0.8","1.1","1.4",1,18,"0.7",45,7181,2160,15,450,"6.0","a",0,0,,"false"
"2026-10-06T07:31:30Z",258,"Castagne","FUL","15.8","16.0","16.4","16.9",1,26,"1.0",45,16892,5535,20,408,"3.5","a",0,0,,"false"
"2026-10-06T07:31:30Z",261,"Iwobi","FUL","-59.5","-58.4","-56.8","-55.2",-3,7,"0.7",54,4189,3602,14,408,"4.0","a",0,-1,,"false"
"2026-10-06T07:31:30Z",262,"Smith Rowe","FUL","-1.7","-1.3","-0.9","-0.4",-1,1,"0.2",53,336,1408,3,38,"0.5","a",-1,-2,,"false"
"2026-10-06T07:31:30Z",263,"Kevin","FUL","-14.0","-17.1","-22.0","-26.9",-1,-1,"0.0",53,214,308,4,61,"1.0","a",0,-2,,"false"
"2026-10-06T07:31:30Z",264,"Bobb","FUL","-45.3","-42.9","-39.3","-35.7",-3,7,"0.3",55,2824,1973,13,343,"3.0","a",0,0,,"false"
"2026-10-06T07:31:30Z",265,"Berge","FUL","-36.6","-37.1","-37.8","-38.5",-2,-1,"0.3",49,706,1406,11,349,"3.0","a",0,-1,,"false"
"2026-10-06T07:31:30Z",266,"Cairney","FUL","-13.4","-13.4","-13.4","-13.4",-1,0,"0.0",49,12,21,0,0,"0.0","i",0,-1,,"false"
"2026-10-06T07:31:30Z",268,"King","FUL","100.0","101.9","104.9","107.8",5,184,"2.8",55,110138,21477,24,425,"2.5","a",0,0,,"false"
"2026-10-06T07:31:30Z",269,"Sessegnon","FUL","-2.2","-2.4","-2.6","-2.9",-1,-1,"0.3",43,341,1389,3,50,"0.0","a",-1,-2,,"false"
"2026-10-06T07:31:30Z",270,"Reed","FUL","-13.4","-13.7","-14.1","-14.4",-1,-3,"1.1",44,2954,7370,0,0,"0.0","a",0,-1,,"false"
"2026-10-06T07:31:30Z",271,"Muniz","FUL","-53.9","-53.0","-51.6","-50.3",-3,3,"0.4",54,1932,2874,3,38,"0.5","a",0,-1,,"false"
"2026-10-06T07:31:30Z",272,"Kusi-Asare","FUL","-69.1","-69.5","-70.0","-70.5",-3,-16,"5.4",45,11923,35838,0,0,"0.0","a",0,0,,"false"
"2026-10-06T07:31:30Z",569,"Gonzalo","FUL","64.9","65.9","67.5","69.1",3,98,"4.1",60,84303,36166,14,425,"2.0","a",0,0,,"false"
"2026-10-06T07:31:30Z",570,"Palacios","FUL","-7.7","-5.4","-2.0","0.0",-1,3,"0.2",54,755,1011,12,226,"0.5","a",0,-1,,"false"
"2026-10-06T07:31:30Z",580,"Charles","FUL","-76.8","-73.1","-67.5","-62.0",-3,3,"0.1",50,799,502,13,303,"4.5","a",0,0,,"false"
"2026-10-06T07:31:30Z",610,"De Fougerolles","FUL","0.0","0.0","0.0","0.0",0,0,"0.1",40,0,526,0,0,"0.0","u",0,0,,"false"
"2026-10-06T07:31:30Z",626,"Zepa","FUL","0.3","0.3","0.3","0.3",1,0,"0.3",44,1164,2436,0,0,"0.0","a",-1,-1,,"false"
"2026-10-06T07:31:30Z",635,"Larsson","FUL","0.0","0.0","0.0","0.0",0,0,"0.0",50,101,76,3,37,"1.0","a",0,0,,"false"
"2026-10-06T07:31:30Z",636,"Ángel","FUL","0.0","0.0","0.0","0.0",0,0,"0.0",50,36,29,0,0,"0.0","a",0,0,,"false"
"2026-10-06T07:31:30Z",650,"Affengruber","FUL","1.7","1.9","2.1","2.4",1,15,"0.1",45,8927,2090,12,180,"6.0","a",0,0,,"false"
"2026-10-06T07:31:30Z",240,"Iroegbunam","HUL","0.1","0.1","0.1","0.1",1,1,"0.0",50,82,146,2,70,"0.5","a",0,0,,"false"
"2026-10-06T07:31:30Z",273,"Phillips","HUL","-30.6","-30.7","-30.9","-31.0",-2,-1,"1.4",40,3297,3910,0,0,"0.0","a",0,0,,"false"
"2026-10-06T07:31:30Z",274,"Butland","HUL","-1.0","-1.0","-1.0","-1.0",-1,0,"0.1",44,72,342,0,0,"0.0","i",-1,-1,,"false"
"2026-10-06T07:31:30Z",275,"Cartwright","HUL","0.0","0.0","0.0","0.0",0,0,"0.0",40,0,30,0,0,"0.0","u",0,0,,"false"
"2026-10-06T07:31:30Z",276,"Lo-Tutala","HUL","0.0","0.0","0.0","0.0",0,0,"0.0",40,0,120,0,0,"0.0","u",0,0,,"false"
"2026-10-06T07:31:30Z",277,"Egan","HUL","27.7","27.7","27.6","27.6",2,-4,"7.0",41,30480,32216,26,437,"1.5","a",0,1,,"false"
"2026-10-06T07:31:30Z",278,"Hughes","HUL","0.5","0.5","0.5","0.5",1,0,"0.2",39,1201,2084,0,0,"0.0","i",0,-1,,"false"
"2026-10-06T07:31:30Z",279,"Ajayi","HUL","73.8","73.7","73.5","73.2",3,-15,"13.9",42,47291,63643,27,423,"1.0","a",0,2,,"false"
"2026-10-06T07:31:30Z",280,"Coyle","HUL","0.2","0.2","0.2","0.1",1,-3,"0.7",40,2228,2248,14,348,"1.0","a",0,0,,"false"
"2026-10-06T07:31:30Z",281,"Drameh","HUL","0.0","0.0","0.0","0.0",0,0,"0.0",40,0,266,2,65,"0.0","u",0,0,,"false"
"2026-10-06T07:31:30Z",282,"Giles","HUL","75.1","75.2","75.3","75.4",3,6,"2.9",40,23117,15145,24,444,"2.0","a",0,0,,"false"
"2026-10-06T07:31:30Z",283,"Jacob","HUL","0.0","0.0","0.0","0.0",0,0,"0.0",40,0,39,0,0,"0.0","u",0,0,,"false"
"2026-10-06T07:31:30Z",284,"McCarthy","HUL","0.5","0.5","0.5","0.5",1,0,"0.1",40,420,469,0,0,"0.0","a",0,0,,"false"
"2026-10-06T07:31:30Z",285,"McNair","HUL","-45.5","-45.5","-45.5","-45.5",-3,0,"0.1",40,206,442,1,26,"0.0","a",0,0,,"false"
"2026-10-06T07:31:30Z",286,"Belloumi","HUL","40.9","41.5","42.4","43.3",3,56,"5.2",51,83899,28351,31,394,"8.5","a",0,1,,"false"
"2026-10-06T07:31:30Z",287,"Millar","HUL","0.0","0.0","0.0","0.0",0,0,"0.0",50,0,328,6,50,"0.0","u",0,0,,"false"
"2026-10-06T07:31:30Z",288,"Dowell","HUL","-0.2","-0.4","-0.8","-1.2",-1,-1,"0.3",44,648,2158,0,0,"0.0","a",-1,-1,,"false"
"2026-10-06T07:31:30Z",289,"Crooks","HUL","0.7","0.7","0.7","0.7",1,0,"0.5",44,5424,4575,3,203,"0.5","a",-1,-1,,"false"
"2026-10-06T07:31:30Z",290,"Slater","HUL","79.6","79.4","79.1","78.9",3,-18,"5.2",45,17212,41067,15,437,"2.0","a",0,0,,"false"
"2026-10-06T07:31:30Z",291,"Matazo","HUL","-18.2","-18.2","-18.2","-18.2",-1,0,"0.0",45,34,64,0,0,"0.0","i",0,0,,"false"
"2026-10-06T07:31:30Z",292,"Ömür","HUL","-13.6","-13.6","-13.6","-13.6",-1,0,"0.0",49,90,157,0,0,"0.0","a",0,-1,,"false"
"2026-10-06T07:31:30Z",293,"Kamara","HUL","0.0","0.0","0.0","0.0",0,0,"0.0",50,0,14,0,0,"0.0","u",0,0,,"false"
"2026-10-06T07:31:30Z",294,"Zambrano","HUL","-25.0","-25.0","-25.0","-25.0",-2,0,"0.1",45,160,517,0,0,"0.0","a",0,0,,"false"
"2026-10-06T07:31:30Z",295,"McBurnie","HUL","29.6","29.5","29.4","29.3",2,-7,"1.9",55,9058,19385,13,441,"2.5","a",0,0,,"false"
"2026-10-06T07:31:30Z",296,"Akintola","HUL","0.0","0.0","0.0","0.0",0,0,"0.0",50,0,291,0,0,"0.0","u",0,0,,"false"
"2026-10-06T07:31:30Z",297,"Gyabi","HUL","-0.9","-0.9","-0.9","-0.9",-1,0,"0.0",44,71,158,0,0,"0.0","i",-1,-1,,"false"
"2026-10-06T07:31:30Z",298,"Destan","HUL","0.0","0.0","0.0","0.0",0,-1,"0.2",45,0,1480,0,0,"0.0","u",0,0,,"false"
"2026-10-06T07:31:30Z",299,"Burstow","HUL","0.0","0.0","0.0","0.0",0,0,"0.0",45,0,232,0,0,"0.0","u",0,0,,"false"
"2026-10-06T07:31:30Z",340,"Gelhardt","HUL","0.0","0.0","0.0","0.0",0,0,"0.0",50,103,119,1,7,"0.5","a",0,0,,"false"
"2026-10-06T07:31:30Z",556,"Targett","HUL","-81.4","-81.7","-82.1","-82.6",-3,-8,"1.6",40,119,10696,1,5,"0.0","d",0,0,,"false"
"2026-10-06T07:31:30Z",563,"Morita","HUL","-1.6","-1.6","-1.6","-1.6",-1,0,"0.0",49,24,194,1,45,"0.0","i",-1,-1,,"false"
"2026-10-06T07:31:30Z",572,"Tzolakis","HUL","1.1","1.2","1.4","1.6",1,28,"12.8",47,134476,25610,34,450,"4.0","a",1,2,,"false"
"2026-10-06T07:31:30Z",574,"Hjertø-Dahl","HUL","-81.7","-81.7","-81.7","-81.7",-3,0,"0.1",49,81,347,1,8,"0.0","a",0,-1,,"false"
"2026-10-06T07:31:30Z",576,"Stroud","HUL","-58.8","-58.8","-58.8","-58.8",-3,0,"0.1",50,151,500,7,249,"0.5","a",0,0,,"false"
"2026-10-06T07:31:30Z",585,"Herrington","HUL","-29.8","-29.8","-29.8","-29.8",-2,0,"0.6",40,1109,1833,5,197,"1.0","a",0,0,,"false"
"2026-10-06T07:31:30Z",586,"Mendy","HUL","-0.9","-0.9","-1.0","-1.0",-1,-1,"6.2",41,7953,34944,25,249,"0.5","a",0,1,,"false"
"2026-10-06T07:31:30Z",589,"Gourna-Douath","HUL","-85.7","-85.7","-85.7","-85.7",-3,0,"0.0",50,33,112,4,138,"0.5","a",0,0,,"false"
"2026-10-06T07:31:30Z",617,"Cho","HUL","0.2","0.2","0.2","0.2",1,0,"0.0",50,376,164,9,72,"3.5","a",0,0,,"false"
"2026-10-06T07:31:30Z",632,"Ansah","HUL","-73.1","-73.1","-73.1","-73.1",-3,0,"0.0",50,80,451,0,0,"0.0","i",0,0,,"false"
"2026-10-06T07:31:30Z",637,"Vaz","HUL","1.3","1.3","1.3","1.3",1,0,"0.1",50,1971,1252,2,20,"1.0","a",0,0,,"false"
"2026-10-06T07:31:30Z",638,"Norton-Cuffy","HUL","-30.3","-30.8","-31.4","-32.0",-2,-2,"0.2",40,462,2748,1,34,"0.0","d",0,0,,"false"
"2026-10-06T07:31:30Z",642,"Thomas","HUL","0.3","0.3","0.3","0.3",1,0,"0.0",55,527,370,4,119,"1.5","a",0,0,,"false"
"2026-10-06T07:31:30Z",645,"Mouzakitis","HUL","0.0","0.0","0.0","0.0",0,0,"0.0",50,98,94,0,0,"0.0","a",0,0,,"false"
"2026-10-06T07:31:30Z",259,"Diop","IPS","-57.5","-57.5","-57.4","-57.4",-3,5,"12.6",40,7874,60493,12,450,"2.5","a",0,0,,"false"
"2026-10-06T07:31:30Z",267,"Lukić","IPS","-6.0","-6.0","-6.0","-6.0",-1,0,"0.1",49,228,574,11,400,"1.5","a",-1,-1,,"false"
"2026-10-06T07:31:30Z",300,"Walton","IPS","-6.5","-6.5","-6.5","-6.5",-1,0,"0.4",44,1962,1183,2,90,"1.0","a",0,-1,,"false"
"2026-10-06T07:31:30Z",301,"Palmer","IPS","-27.7","-27.7","-27.7","-27.7",-2,0,"3.9",40,4425,13032,0,0,"0.0","a",0,0,,"false"
"2026-10-06T07:31:30Z",302,"Button","IPS","1.2","1.2","1.2","1.2",1,0,"0.6",40,1670,1457,0,0,"0.0","a",0,0,,"false"
"2026-10-06T07:31:30Z",303,"Kipré","IPS","3.3","3.3","3.3","3.2",1,-2,"0.9",39,4880,4741,0,0,"0.0","a",0,-1,,"false"
"2026-10-06T07:31:30Z",304,"O'Shea","IPS","-43.7","-43.8","-43.9","-44.0",-3,-2,"2.7",40,2285,15897,10,450,"1.5","a",0,0,,"false"
"2026-10-06T07:31:30Z",305,"Davis","IPS","78.7","79.1","79.6","80.2",3,36,"7.0",40,58223,31033,25,450,"8.0","a",0,0,,"false"
"2026-10-06T07:31:30Z",306,"Greaves","IPS","-98.5","-98.5","-98.5","-98.5",-4,0,"1.1",40,526,3833,3,357,"0.5","a",0,0,,"false"
"2026-10-06T07:31:30Z",307,"Johnson","IPS","0.0","0.0","0.0","0.0",0,0,"0.1",40,0,393,0,0,"0.0","u",0,0,,"false"
"2026-10-06T07:31:30Z",308,"Furlong","IPS","2.2","2.2","2.2","2.2",1,0,"0.6",39,6858,3232,1,17,"0.0","a",0,-1,,"false"
"2026-10-06T07:31:30Z",309,"Núñez","IPS","-42.0","-42.0","-42.0","-42.0",-3,0,"0.1",49,104,718,6,140,"0.0","a",0,-1,,"false"
"2026-10-06T07:31:30Z",310,"Matusiwa","IPS","-2.3","-2.3","-2.3","-2.3",-1,0,"0.0",49,17,20,0,0,"0.0","a",0,-1,,"false"
"2026-10-06T07:31:30Z",311,"Burns","IPS","0.0","0.0","0.0","0.0",0,0,"0.0",50,0,9,0,0,"0.0","u",0,0,,"false"
"2026-10-06T07:31:30Z",312,"Taylor","IPS","0.1","0.1","0.1","0.1",1,0,"0.0",44,397,304,0,0,"0.0","i",-1,-1,,"false"
"2026-10-06T07:31:30Z",313,"Clarke","IPS","-92.1","-90.2","-87.3","-84.4",-3,3,"0.2",54,193,1012,11,170,"1.5","a",0,-1,,"false"
"2026-10-06T07:31:30Z",314,"Ogbene","IPS","0.0","0.0","0.0","0.0",0,0,"0.0",49,0,68,0,0,"0.0","u",0,-1,,"false"
"2026-10-06T07:31:30Z",315,"Fatawu","IPS","-40.0","-40.5","-41.3","-42.0",-3,-2,"0.2",54,65,2732,8,352,"0.0","s",0,-1,,"false"
"2026-10-06T07:31:30Z",316,"Emersonn","IPS","91.5","91.8","92.3","92.9",3,33,"3.6",55,40211,24952,26,317,"7.0","a",0,0,,"false"
"2026-10-06T07:31:30Z",317,"Hirst","IPS","0.0","0.0","0.0","0.0",0,-2,"0.1",50,0,523,0,0,"0.0","u",0,0,,"false"
"2026-10-06T07:31:30Z",318,"Philogene","IPS","-8.9","-8.9","-8.9","-8.9",-1,0,"0.1",54,38,174,2,52,"1.0","a",0,-1,,"false"
"2026-10-06T07:31:30Z",319,"Szmodics","IPS","0.0","0.0","0.0","0.0",0,0,"0.0",50,0,14,0,0,"0.0","u",0,0,,"false"
"2026-10-06T07:31:30Z",320,"Akpom","IPS","25.7","25.6","25.5","25.3",2,-8,"1.2",50,5307,10225,7,78,"0.5","a",0,0,,"false"
"2026-10-06T07:31:30Z",321,"Walle Egeli","IPS","41.4","41.4","41.3","41.3",3,-4,"3.5",45,20194,28971,1,10,"0.0","a",0,0,,"false"
"2026-10-06T07:31:30Z",322,"Al-Hamadi","IPS","0.0","0.0","0.0","0.0",0,0,"0.0",50,0,405,0,0,"0.0","u",0,0,,"false"
"2026-10-06T07:31:30Z",323,"McAteer","IPS","-1.7","-1.9","-2.2","-2.5",-1,-3,"1.0",44,1733,6956,3,42,"0.0","a",-1,-1,,"false"
"2026-10-06T07:31:30Z",324,"Mehmeti","IPS","-3.3","-3.3","-3.3","-3.3",-1,0,"0.0",48,80,162,0,0,"0.0","a",-1,-2,,"false"
"2026-10-06T07:31:30Z",554,"Van Oevelen","IPS","0.0","0.0","0.0","0.0",0,0,"0.0",45,0,91,0,0,"0.0","u",0,0,,"false"
"2026-10-06T07:31:30Z",562,"Maeda","IPS","-12.0","-12.0","-12.0","-12.0",-1,0,"0.2",53,148,1572,8,259,"1.0","a",-1,-2,,"false"
"2026-10-06T07:31:30Z",564,"Scherpen","IPS","-34.5","-35.4","-36.9","-38.4",-2,-5,"0.6",45,757,3010,7,360,"0.5","a",0,0,,"false"
"2026-10-06T07:31:30Z",571,"Florentino","IPS","-3.2","-4.2","-5.6","-7.1",-1,-1,"0.1",48,120,367,2,30,"1.0","a",-1,-2,,"false"
"2026-10-06T07:31:30Z",591,"Enciso","IPS","9.3","9.2","9.1","9.0",1,-5,"0.8",55,2732,6606,15,413,"2.0","a",0,0,,"false"
"2026-10-06T07:31:30Z",592,"Ouattara","IPS","-34.5","-34.5","-34.5","-34.5",-2,0,"0.9",40,779,2223,6,131,"1.5","a",0,0,,"false"
"2026-10-06T07:31:30Z",602,"Humphreys","IPS","0.0","0.0","0.0","0.0",0,0,"0.0",45,0,255,0,0,"0.0","u",0,0,,"false"
"2026-10-06T07:31:30Z",619,"Palacios","IPS","1.1","1.1","1.1","1.1",1,0,"0.1",50,570,902,11,275,"3.0","a",0,0,,"false"
"2026-10-06T07:31:30Z",640,"Flemming","IPS","0.5","0.5","0.5","0.5",1,0,"0.1",55,1054,1076,6,60,"2.5","a",0,0,,"false"
"2026-10-06T07:31:30Z",260,"Wilson","LEE","-70.8","-72.0","-73.7","-75.4",-3,-48,"1.6",62,77,43454,5,145,"0.5","i",0,-3,,"false"
"2026-10-06T07:31:30Z",326,"Perri","LEE","0.0","0.0","0.0","0.0",0,0,"0.3",45,0,1408,0,0,"0.0","u",0,0,,"false"
"2026-10-06T07:31:30Z",327,"Bijol","LEE","5.2","5.2","5.2","5.1",1,-2,"0.7",50,861,5880,12,164,"0.0","a",0,0,,"false"
"2026-10-06T07:31:30Z",329,"Rodon","LEE","-7.6","-8.0","-8.4","-8.9",-1,-10,"0.8",43,51,9502,7,123,"0.0","i",-1,-2,,"false"
"2026-10-06T07:31:30Z",330,"Bogle","LEE","64.6","65.4","66.6","67.8",3,78,"7.4",46,138618,29472,42,365,"10.0","a",0,1,,"false"
"2026-10-06T07:31:30Z",331,"Gudmundsson","LEE","1.1","1.1","1.1","1.2",1,3,"0.1",45,664,385,14,252,"6.0","a",0,0,,"false"
"2026-10-06T07:31:30Z",332,"Justin","LEE","19.3","19.3","19.4","19.5",1,4,"1.4",45,5052,6565,26,450,"5.0","a",0,0,,"false"
"2026-10-06T07:31:30Z",333,"Bornauw","LEE","0.0","0.0","0.0","0.0",0,0,"0.0",45,0,6,0,0,"0.0","u",0,0,,"false"
"2026-10-06T07:31:30Z",334,"Muharemović","LEE","41.2","41.2","41.2","41.2",3,2,"4.3",50,33015,27269,27,450,"6.5","a",0,0,,"false"
"2026-10-06T07:31:30Z",335,"Stach","LEE","16.6","16.5","16.3","16.2",1,-12,"2.5",60,5385,21034,27,447,"4.0","a",0,0,,"false"
"2026-10-06T07:31:30Z",336,"Okafor","LEE","1.5","1.4","1.3","1.2",1,-6,"0.4",58,2026,3730,18,299,"6.0","a",0,-2,,"false"
"2026-10-06T07:31:30Z",337,"Aaronson","LEE","-9.9","-9.9","-9.9","-9.9",-1,0,"0.5",53,229,3636,7,194,"1.0","a",-1,-2,,"false"
"2026-10-06T07:31:30Z",338,"Ampadu","LEE","-31.3","-31.8","-32.6","-33.3",-2,-4,"0.9",54,1864,5457,21,450,"6.0","a",0,-1,,"false"
"2026-10-06T07:31:30Z",339,"Longstaff","LEE","-0.2","-0.2","-0.2","-0.2",-1,0,"0.1",48,158,677,2,10,"0.5","a",-1,-2,,"false"
"2026-10-06T07:31:30Z",341,"Gnonto","LEE","0.0","0.0","0.0","0.0",0,0,"0.0",50,0,58,0,0,"0.0","u",0,0,,"false"
"2026-10-06T07:31:30Z",342,"Harrison","LEE","0.0","0.0","0.0","0.0",0,0,"0.0",50,0,5,0,0,"0.0","u",0,0,,"false"
"2026-10-06T07:31:30Z",343,"James","LEE","-31.0","-31.0","-31.0","-31.0",-2,0,"0.1",49,213,606,3,52,"1.0","a",0,-1,,"false"
"2026-10-06T07:31:30Z",344,"Gruev","LEE","0.0","0.0","0.0","0.0",0,0,"0.0",50,51,23,0,0,"0.0","a",0,0,,"false"
"2026-10-06T07:31:30Z",345,"Tanaka","LEE","5.1","5.1","5.1","5.1",1,-2,"0.3",49,2446,2483,14,255,"4.0","a",0,-1,,"false"
"2026-10-06T07:31:30Z",346,"Calvert-Lewin","LEE","72.9","72.9","72.9","72.9",3,0,"24.8",60,103529,183658,22,419,"6.0","a",0,0,,"false"
"2026-10-06T07:31:30Z",347,"Nmecha","LEE","-28.4","-28.4","-28.4","-28.4",-2,0,"0.5",54,2193,3972,7,64,"1.0","a",0,-1,,"false"
"2026-10-06T07:31:30Z",348,"Piroe","LEE","0.0","0.0","0.0","0.0",0,0,"0.1",50,0,459,0,0,"0.0","u",0,0,,"false"
"2026-10-06T07:31:30Z",349,"Mateo Joseph","LEE","-44.3","-44.3","-44.3","-44.3",-3,0,"0.1",45,352,523,0,0,"0.0","i",0,0,,"false"
"2026-10-06T07:31:30Z",385,"Trafford","LEE","36.2","36.3","36.5","36.6",2,9,"5.5",50,25572,16776,28,450,"6.5","a",0,0,,"false"
"2026-10-06T07:31:30Z",598,"Elvedi","LEE","0.7","0.8","0.8","0.9",1,5,"0.1",45,279,267,13,326,"4.0","a",0,0,,"false"
"2026-10-06T07:31:30Z",603,"Lienou","LEE","0.1","0.1","0.1","0.1",1,-1,"0.1",40,254,542,0,0,"0.0","a",0,0,,"false"
"2026-10-06T07:31:30Z",604,"Cresswell","LEE","-13.6","-13.6","-13.6","-13.6",-1,0,"0.1",45,327,939,0,0,"0.0","a",0,0,,"false"
"2026-10-06T07:31:30Z",625,"Cairns","LEE","0.4","0.4","0.4","0.4",1,0,"0.2",40,907,833,0,0,"0.0","a",0,0,,"false"
"2026-10-06T07:31:30Z",629,"Zetterer","LEE","2.4","2.3","2.3","2.2",1,-4,"0.7",40,3307,2940,0,0,"0.0","a",0,0,,"false"
"2026-10-06T07:31:30Z",641,"Bard","LEE","0.1","0.1","0.1","0.1",1,0,"0.0",45,105,84,1,18,"0.5","a",0,0,,"false"
"2026-10-06T07:31:30Z",648,"Bahoya","LEE","-56.3","-56.3","-56.3","-56.3",-3,0,"0.0",50,118,186,1,1,"0.5","a",0,0,,"false"
"2026-10-06T07:31:30Z",350,"A.Becker","LIV","1.9","2.0","2.1","2.3",1,8,"4.2",55,15345,13003,27,450,"8.5","a",0,0,,"false"
"2026-10-06T07:31:30Z",351,"Mamardashvili","LIV","-0.1","-0.1","-0.1","-0.1",-1,0,"0.1",48,276,666,0,0,"0.0","a",-1,-2,,"false"
"2026-10-06T07:31:30Z",352,"Woodman","LIV","-34.2","-34.6","-35.3","-36.0",-2,-4,"1.0",40,846,2535,0,0,"0.0","a",0,0,,"false"
"2026-10-06T07:31:30Z",353,"Pecsi","LIV","0.0","0.0","0.0","0.0",0,0,"0.0",40,0,69,0,0,"0.0","u",0,0,,"false"
"2026-10-06T07:31:30Z",354,"Jaros","LIV","0.1","0.1","0.1","0.1",1,0,"0.0",40,221,171,0,0,"0.0","i",0,0,,"false"
"2026-10-06T07:31:30Z",355,"Davies","LIV","0.1","0.1","0.1","0.1",1,0,"0.2",40,312,497,0,0,"0.0","a",0,0,,"false"
"2026-10-06T07:31:30Z",356,"Virgil","LIV","-63.5","-63.5","-63.4","-63.3",-3,10,"16.2",65,24916,47623,25,450,"8.0","a",0,0,,"false"
"2026-10-06T07:31:30Z",357,"Frimpong","LIV","-42.0","-42.2","-42.4","-42.6",-3,-2,"1.8",53,1757,13528,2,178,"0.5","a",0,-2,,"false"
"2026-10-06T07:31:30Z",358,"Kerkez","LIV","-1.0","-1.2","-1.5","-1.9",-1,-8,"2.2",53,2818,11417,13,385,"3.5","a",-1,-2,,"false"
"2026-10-06T07:31:30Z",359,"Gomez","LIV","0.0","0.0","0.0","0.0",0,0,"0.0",49,354,123,0,0,"0.0","a",0,-1,,"false"
"2026-10-06T07:31:30Z",360,"Bradley","LIV","-91.7","-91.7","-91.7","-91.7",-3,0,"0.0",50,66,91,0,0,"0.0","i",0,0,,"false"
"2026-10-06T07:31:30Z",361,"Lucky","LIV","-58.2","-58.2","-58.2","-58.2",-3,0,"0.1",40,312,619,0,0,"0.0","a",0,0,,"false"
"2026-10-06T07:31:30Z",362,"Jacquet","LIV","60.6","59.8","58.5","57.3",3,-77,"3.5",50,38317,15432,24,415,"7.5","d",0,0,,"false"
"2026-10-06T07:31:30Z",363,"Leoni","LIV","-65.3","-65.3","-65.3","-65.3",-3,0,"0.0",40,73,194,0,0,"0.0","i",0,0,,"false"
"2026-10-06T07:31:30Z",364,"Tsimikas","LIV","-59.1","-60.9","-63.7","-66.4",-3,-1,"0.1",49,106,417,2,64,"0.5","a",0,-1,,"false"
"2026-10-06T07:31:30Z",365,"Ramsay","LIV","0.0","0.0","0.0","0.0",0,0,"0.1",40,0,518,0,0,"0.0","u",0,0,,"false"
"2026-10-06T07:31:30Z",366,"Wirtz","LIV","-40.4","-40.6","-40.9","-41.1",-3,-9,"5.7",73,4985,45176,18,402,"4.5","a",0,-2,,"false"
"2026-10-06T07:31:30Z",367,"Gakpo","LIV","-5.2","-6.5","-8.4","-10.3",-1,-225,"12.2",72,52278,110200,32,370,"2.0","d",0,2,,"false"
"2026-10-06T07:31:30Z",368,"Szoboszlai","LIV","-0.6","-0.9","-1.2","-1.5",-1,-112,"32.6",69,40245,234330,20,440,"2.5","a",-1,-1,,"false"
"2026-10-06T07:31:30Z",369,"Ngumoha","LIV","-25.9","-26.2","-26.6","-27.1",-2,-2,"0.5",57,881,4521,4,99,"0.5","a",-1,-3,,"false"
"2026-10-06T07:31:30Z",370,"Chiesa","LIV","-6.9","-6.9","-6.9","-6.9",-1,0,"0.0",53,17,265,0,0,"0.0","i",-1,-2,,"false"
"2026-10-06T07:31:30Z",371,"Gravenberch","LIV","-25.2","-25.5","-25.8","-26.2",-2,-4,"1.1",58,1339,9620,9,190,"1.0","a",-1,-2,,"false"
"2026-10-06T07:31:30Z",372,"Mac Allister","LIV","-46.7","-46.8","-47.0","-47.2",-3,-2,"1.3",54,4120,7364,11,306,"3.0","a",0,-1,,"false"
"2026-10-06T07:31:30Z",373,"C.Jones","LIV","0.0","0.0","0.0","0.0",0,0,"0.0",55,0,68,0,0,"0.0","u",0,0,,"false"
"2026-10-06T07:31:30Z",374,"Endo","LIV","-68.4","-68.4","-68.4","-68.4",-3,0,"0.1",49,173,472,0,0,"0.0","a",0,-1,,"false"
"2026-10-06T07:31:30Z",375,"Nyoni","LIV","-92.3","-92.3","-92.3","-92.3",-3,0,"0.0",49,98,322,3,38,"0.5","a",0,-1,,"false"
"2026-10-06T07:31:30Z",376,"Bajcetic","LIV","0.0","0.0","0.0","0.0",0,0,"0.0",50,0,3,0,0,"0.0","u",0,0,,"false"
"2026-10-06T07:31:30Z",377,"Munoz","LIV","6.6","6.5","6.4","6.4",1,-6,"0.9",65,1660,12190,15,257,"1.0","a",0,0,,"false"
"2026-10-06T07:31:30Z",378,"McConnell","LIV","-4.9","-4.4","-3.5","-2.7",-1,1,"0.2",44,1103,1607,0,0,"0.0","a",0,-1,,"false"
"2026-10-06T07:31:30Z",379,"Isak","LIV","0.2","-1.2","-3.1","-5.1",-1,-229,"22.1",91,120119,105840,33,413,"5.0","d",0,1,,"false"
"2026-10-06T07:31:30Z",380,"Ekitiké","LIV","-29.9","-30.8","-32.1","-33.4",-2,-2,"0.1",74,423,899,0,0,"0.0","i",0,-1,,"false"
"2026-10-06T07:31:30Z",381,"Koumas","LIV","-96.2","-96.2","-96.2","-96.2",-4,0,"0.0",50,182,201,3,22,"0.5","a",0,0,,"false"
"2026-10-06T07:31:30Z",382,"Danns","LIV","3.9","3.9","3.9","3.9",1,0,"0.2",45,3782,2587,0,0,"0.0","a",0,0,,"false"
"2026-10-06T07:31:30Z",383,"Elliott","LIV","0.0","0.0","0.0","0.0",0,0,"0.0",54,0,245,0,0,"0.0","u",0,-1,,"false"
"2026-10-06T07:31:30Z",579,"Araujo","LIV","36.9","36.9","37.1","37.2",2,7,"3.1",54,18766,11328,22,284,"6.5","a",0,-1,,"false"
"2026-10-06T07:31:30Z",627,"Barcola","LIV","-68.1","-67.1","-65.5","-64.0",-3,18,"1.9",80,13379,20370,7,168,"3.0","a",0,0,,"false"
"2026-10-06T07:31:30Z",155,"Enzo","MCI","2.2","2.3","2.5","2.7",1,12,"3.7",69,33653,16370,13,271,"4.5","a",0,-1,,"false"
"2026-10-06T07:31:30Z",237,"Ndiaye","MCI","-22.9","-23.4","-24.1","-24.9",-2,-53,"6.7",58,7765,73543,22,385,"3.0","a",-1,-2,,"false"
"2026-10-06T07:31:30Z",384,"Donnarumma","MCI","-56.0","-56.4","-56.9","-57.5",-3,-26,"7.6",55,11547,33043,19,450,"4.5","a",0,0,,"false"
"2026-10-06T07:31:30Z",386,"Bettinelli","MCI","-91.3","-91.3","-91.3","-91.3",-3,0,"0.0",45,63,91,0,0,"0.0","a",0,0,,"false"
"2026-10-06T07:31:30Z",387,"O'Reilly","MCI","-3.9","-4.3","-5.0","-5.7",-1,-140,"10.8",63,5418,81057,6,163,"1.0","d",-1,-2,,"false"
"2026-10-06T07:31:30Z",388,"Guéhi","MCI","68.4","68.2","67.9","67.7",3,-19,"18.1",60,25699,56491,30,450,"5.0","a",0,0,,"false"
"2026-10-06T07:31:30Z",389,"Matheus N.","MCI","-36.4","-36.4","-36.4","-36.4",-2,0,"1.0",59,1829,3203,11,213,"5.0","a",0,-1,,"false"
"2026-10-06T07:31:30Z",390,"Rúben","MCI","4.1","4.1","4.1","4.2",1,2,"1.9",55,5085,9738,17,450,"3.5","a",0,0,,"false"
"2026-10-06T07:31:30Z",391,"Gvardiol","MCI","86.2","86.7","87.4","88.2",3,46,"26.9",57,160253,62751,37,434,"7.5","a",0,2,,"false"
"2026-10-06T07:31:30Z",392,"Aït-Nouri","MCI","-0.5","-0.8","-1.3","-1.8",-1,-2,"0.4",52,566,2335,0,0,"0.0","a",-1,-3,,"false"
"2026-10-06T07:31:30Z",393,"Khusanov","MCI","-38.5","-38.9","-39.4","-40.0",-2,-5,"1.4",54,1539,9510,9,268,"0.0","a",0,-1,,"false"
"2026-10-06T07:31:30Z",394,"Alleyne","MCI","0.0","0.0","0.0","0.0",0,0,"0.0",50,0,20,0,0,"0.0","u",0,0,,"false"
"2026-10-06T07:31:30Z",395,"Lewis","MCI","-70.8","-70.8","-70.8","-70.8",-3,0,"0.2",44,343,1276,1,56,"0.0","a",0,-1,,"false"
"2026-10-06T07:31:30Z",396,"Vitor Reis","MCI","-89.2","-89.2","-89.2","-89.2",-3,0,"0.0",45,78,163,1,1,"0.0","a",0,0,,"false"
"2026-10-06T07:31:30Z",397,"Semenyo","MCI","-23.2","-23.6","-24.1","-24.7",-2,-95,"15.1",84,128893,85514,33,450,"10.0","d",0,-1,,"false"
"2026-10-06T07:31:30Z",398,"Foden","MCI","-54.7","-55.3","-56.3","-57.3",-3,-29,"1.8",69,233,30545,9,217,"-1.0","s",0,-1,,"false"
"2026-10-06T07:31:30Z",399,"Cherki","MCI","-57.5","-56.6","-55.2","-53.8",-3,89,"28.4",78,137333,100357,34,302,"4.5","a",0,3,,"false"
"2026-10-06T07:31:30Z",400,"Doku","MCI","0.5","0.7","0.9","1.1",1,13,"0.7",74,5085,2307,1,15,"0.5","a",0,-1,,"false"
"2026-10-06T07:31:30Z",402,"Rodrigo","MCI","0.0","0.0","0.0","0.0",0,0,"0.0",65,0,28,0,0,"0.0","u",0,0,,"false"
"2026-10-06T07:31:30Z",404,"Reijnders","MCI","0.0","0.0","0.0","0.0",0,0,"0.0",60,0,109,0,0,"0.0","u",0,0,,"false"
"2026-10-06T07:31:30Z",406,"Kovačić","MCI","-0.3","-0.3","-0.3","-0.3",-1,0,"0.1",53,123,496,2,42,"0.0","a",-1,-2,,"false"
"2026-10-06T07:31:30Z",407,"Echeverri","MCI","0.0","0.0","0.0","0.0",0,0,"0.0",49,0,59,0,0,"0.0","u",0,-1,,"false"
"2026-10-06T07:31:30Z",408,"Phillips","MCI","0.0","0.0","0.0","0.0",0,0,"0.0",50,0,14,0,0,"0.0","u",0,0,,"false"
"2026-10-06T07:31:30Z",409,"Mukasa","MCI","0.0","0.0","0.0","0.0",0,0,"0.1",45,0,658,0,0,"0.0","u",0,0,,"false"
"2026-10-06T07:31:30Z",410,"Monga","MCI","0.0","0.0","0.0","0.0",0,0,"0.0",49,0,57,0,0,"0.0","u",0,-1,,"false"
"2026-10-06T07:31:30Z",411,"Haaland","MCI","25.2","25.4","25.8","26.1",2,22,"73.9",156,86611,24756,39,450,"7.5","a",0,1,,"false"
"2026-10-06T07:31:30Z",481,"Anderson","MCI","-45.8","-46.0","-46.3","-46.6",-3,-8,"4.0",63,8647,29948,15,413,"3.5","a",0,-2,,"false"
"2026-10-06T07:31:30Z",587,"Rulli","MCI","-95.1","-95.1","-95.1","-95.1",-4,0,"0.0",50,83,107,0,0,"0.0","a",0,0,,"false"
"2026-10-06T07:31:30Z",616,"Bouaddi","MCI","-36.0","-37.0","-38.6","-40.2",-2,-2,"0.2",55,888,2207,2,22,"0.0","a",0,0,,"false"
"2026-10-06T07:31:30Z",621,"McAidoo","MCI","-98.4","-99.6","-101.5","-103.4",-4,-1,"0.1",45,213,1148,2,11,"0.0","a",0,0,,"false"
"2026-10-06T07:31:30Z",622,"Braithwaite","MCI","-42.5","-43.2","-44.4","-45.5",-3,-1,"0.2",40,613,1719,1,1,"0.0","a",0,0,,"false"
"2026-10-06T07:31:30Z",628,"Allan","MCI","0.1","0.1","0.1","0.1",1,0,"0.0",60,238,177,0,0,"0.0","a",0,0,,"false"
"2026-10-06T07:31:30Z",653,"Samba","MCI","-42.8","-42.8","-42.8","-42.8",-3,0,"0.0",45,265,512,0,0,"0.0","a",0,0,,"false"
"2026-10-06T07:31:30Z",43,"Tielemans","MUN","-40.6","-40.8","-41.1","-41.5",-3,-3,"1.5",58,3423,11363,14,402,"2.7","a",0,-2,,"false"
"2026-10-06T07:31:30Z",131,"Baleba","MUN","0.1","0.2","0.2","0.3",1,4,"0.1",49,1515,809,0,0,"0.0","a",0,-1,,"false"
"2026-10-06T07:31:30Z",162,"Andrey Santos","MUN","-55.9","-56.7","-57.9","-59.1",-3,-4,"0.6",48,1091,5300,4,82,"0.3","a",0,-2,,"false"
"2026-10-06T07:31:30Z",325,"Darlow","MUN","-26.0","-26.0","-26.0","-26.0",-2,0,"0.0",45,64,239,0,0,"0.0","d",0,0,,"false"
"2026-10-06T07:31:30Z",412,"Lammens","MUN","-18.5","-18.6","-18.8","-19.0",-1,-11,"9.9",49,7540,52796,11,450,"2.7","a",0,-1,,"false"
"2026-10-06T07:31:30Z",413,"Bayindir","MUN","0.0","0.0","0.0","0.0",0,0,"0.0",45,0,43,0,0,"0.0","u",0,0,,"false"
"2026-10-06T07:31:30Z",414,"Heaton","MUN","-38.1","-38.1","-38.1","-38.1",-2,0,"0.1",40,225,301,0,0,"0.0","i",0,0,,"false"
"2026-10-06T07:31:30Z",415,"Dorgu","MUN","-67.1","-67.8","-68.9","-70.0",-3,-6,"0.5",58,1036,4741,10,171,"3.0","d",0,-2,,"false"
"2026-10-06T07:31:30Z",416,"De Ligt","MUN","0.0","0.0","0.0","0.0",0,0,"0.0",49,88,141,0,0,"0.0","i",-1,-1,,"false"
"2026-10-06T07:31:30Z",417,"Dalot","MUN","-83.0","-83.2","-83.5","-83.9",-3,-3,"1.6",49,1476,8117,8,346,"1.7","a",0,-1,,"false"
"2026-10-06T07:31:30Z",418,"Maguire","MUN","-2.5","-2.6","-2.8","-2.9",-1,-15,"8.6",48,4991,79435,10,450,"1.7","a",-1,-2,,"false"
"2026-10-06T07:31:30Z",419,"Martinez","MUN","-0.0","0.0","0.1","0.2",0,4,"1.3",49,3983,6846,6,360,"1.7","a",-1,-1,,"false"
"2026-10-06T07:31:30Z",420,"Yoro","MUN","-12.1","-12.1","-12.1","-12.1",-1,0,"0.5",48,502,2314,2,22,"0.3","a",-1,-2,,"false"
"2026-10-06T07:31:30Z",421,"Heaven","MUN","-0.7","-1.0","-1.4","-1.9",-1,-1,"0.3",43,276,1593,1,90,"0.0","a",-1,-2,,"false"
"2026-10-06T07:31:30Z",422,"Mazraoui","MUN","-43.8","-44.5","-45.5","-46.6",-3,-6,"0.5",44,613,3130,3,97,"0.3","d",0,-1,,"false"
"2026-10-06T07:31:30Z",423,"Shaw","MUN","-5.5","-5.8","-6.1","-6.5",-1,-28,"7.6",43,4328,81187,9,335,"2.0","a",-1,-2,,"false"
"2026-10-06T07:31:30Z",424,"Amass","MUN","-49.4","-49.4","-49.4","-49.4",-3,0,"0.2",40,447,841,0,0,"0.0","a",0,0,,"false"
"2026-10-06T07:31:30Z",425,"Fredricson","MUN","0.0","0.0","0.0","0.0",0,0,"0.0",40,0,53,0,0,"0.0","u",0,0,,"false"
"2026-10-06T07:31:30Z",426,"B.Fernandes","MUN","-1.3","-1.3","-1.3","-1.4",-1,-15,"38.4",119,51692,210230,31,450,"2.0","a",-1,-1,,"false"
"2026-10-06T07:31:30Z",427,"Mbeumo","MUN","-80.9","-80.9","-81.0","-81.0",-3,-8,"20.5",79,43481,141050,25,450,"4.0","a",0,-1,,"false"
"2026-10-06T07:31:30Z",428,"Cunha","MUN","-98.9","-98.4","-97.7","-96.9",-4,26,"5.8",79,25474,23738,26,407,"5.0","a",0,-1,,"false"
"2026-10-06T07:31:30Z",429,"Rashford","MUN","-92.7","-93.5","-94.7","-96.0",-3,-20,"1.4",70,4314,19315,10,351,"2.3","d",0,0,,"false"
"2026-10-06T07:31:30Z",430,"Mount","MUN","0.1","0.1","0.1","0.1",1,0,"0.0",54,201,209,1,10,"0.3","a",0,-1,,"false"
"2026-10-06T07:31:30Z",431,"Amad","MUN","-19.8","-20.2","-20.6","-21.1",-2,-2,"0.3",57,145,2020,0,0,"0.0","i",0,-3,,"false"
"2026-10-06T07:31:30Z",432,"Mainoo","MUN","14.0","13.8","13.4","13.0",1,-24,"1.6",55,8049,16737,22,354,"5.7","d",0,0,,"false"
"2026-10-06T07:31:30Z",433,"Ugarte","MUN","-73.1","-73.1","-73.1","-73.1",-3,0,"0.0",50,25,26,0,0,"0.0","i",0,0,,"false"
"2026-10-06T07:31:30Z",434,"J.Fletcher","MUN","-40.0","-40.0","-40.0","-40.0",-3,0,"0.0",49,47,60,0,0,"0.0","a",0,-1,,"false"
"2026-10-06T07:31:30Z",435,"Lacey","MUN","-5.3","-7.6","-11.1","-14.6",-1,-1,"0.1",49,396,383,1,10,"0.0","a",0,-1,,"false"
"2026-10-06T07:31:30Z",436,"Collyer","MUN","0.0","0.0","0.0","0.0",0,0,"0.0",50,0,49,0,0,"0.0","u",0,0,,"false"
"2026-10-06T07:31:30Z",437,"Bendito Mantato","MUN","0.0","0.0","0.1","0.1",0,1,"0.2",44,505,946,0,0,"0.0","a",-1,-1,,"false"
"2026-10-06T07:31:30Z",438,"Fletcher","MUN","0.4","0.4","0.4","0.4",1,0,"0.3",44,2659,2265,0,0,"0.0","a",0,-1,,"false"
"2026-10-06T07:31:30Z",439,"Šeško","MUN","-48.1","-48.6","-49.4","-50.2",-3,-14,"1.6",70,6754,25902,8,76,"2.0","d",0,0,,"false"
"2026-10-06T07:31:30Z",440,"Zirkzee","MUN","-8.5","-8.5","-8.5","-8.5",-1,0,"0.4",53,2149,3337,2,20,"0.7","a",-1,-2,,"false"
"2026-10-06T07:31:30Z",441,"Obi","MUN","0.0","0.0","0.0","0.0",0,-4,"0.9",45,0,11961,0,0,"0.0","u",0,0,,"false"
"2026-10-06T07:31:30Z",405,"N.Gonzalez","NEW","0.9","0.9","1.0","1.0",1,2,"0.2",55,697,1912,5,164,"0.5","a",0,0,,"false"
"2026-10-06T07:31:30Z",442,"Pope","NEW","-48.0","-48.0","-48.0","-48.0",-3,0,"0.9",49,943,3357,0,0,"0.0","a",0,-1,,"false"
"2026-10-06T07:31:30Z",443,"Gillespie","NEW","-41.2","-41.2","-41.2","-41.2",-3,0,"0.0",45,46,91,0,0,"0.0","a",0,0,,"false"
"2026-10-06T07:31:30Z",444,"Jaouen","NEW","-7.8","-7.8","-7.8","-7.8",-1,0,"0.0",44,20,132,0,0,"0.0","d",-1,-1,,"false"
"2026-10-06T07:31:30Z",445,"Thiaw","NEW","19.0","19.0","18.9","18.9",1,-4,"2.2",50,9920,11166,14,450,"3.0","a",0,0,,"false"
"2026-10-06T07:31:30Z",446,"Schär","NEW","-12.1","-12.1","-12.1","-12.1",-1,0,"0.2",49,626,982,2,25,"0.5","a",0,-1,,"false"
"2026-10-06T07:31:30Z",447,"Botman","NEW","10.5","10.4","10.3","10.1",1,-8,"0.7",50,5415,3404,15,450,"3.0","a",0,0,,"false"
"2026-10-06T07:31:30Z",448,"Burn","NEW","-4.9","-5.1","-5.5","-5.9",-1,-8,"0.7",48,124,6284,0,0,"0.0","i",-1,-2,,"false"
"2026-10-06T07:31:30Z",449,"Hall","NEW","9.6","10.2","11.1","12.1",1,159,"17.5",53,268768,24505,31,449,"6.5","a",1,3,,"false"
"2026-10-06T07:31:30Z",450,"Livramento","NEW","1.6","1.6","1.6","1.6",1,0,"0.1",49,464,1624,4,33,"1.5","d",0,-1,,"false"
"2026-10-06T07:31:30Z",451,"A.Murphy","NEW","0.0","0.0","0.0","0.0",0,0,"0.1",40,0,317,0,0,"0.0","u",0,0,,"false"
"2026-10-06T07:31:30Z",453,"Barnes","NEW","18.9","19.4","20.1","20.8",1,124,"5.9",61,178409,25831,28,450,"5.5","a",1,1,,"false"
"2026-10-06T07:31:30Z",454,"Elanga","NEW","-46.2","-46.9","-48.0","-49.0",-3,-137,"4.4",61,352,175554,18,232,"0.0","i",-1,1,,"false"
"2026-10-06T07:31:30Z",456,"J.Ramsey","NEW","-0.1","-0.5","-1.1","-1.7",-1,-4,"0.2",48,79,5030,7,69,"0.0","i",-1,-2,,"false"
"2026-10-06T07:31:30Z",457,"J.Murphy","NEW","-21.5","-21.5","-21.5","-21.5",-2,0,"0.1",59,1049,880,3,181,"0.5","a",0,-1,,"false"
"2026-10-06T07:31:30Z",458,"Joelinton","NEW","-68.0","-68.0","-68.0","-68.0",-3,0,"0.0",54,21,91,0,0,"0.0","i",0,-1,,"false"
"2026-10-06T07:31:30Z",459,"L.Miley","NEW","0.6","0.6","0.6","0.6",1,-1,"0.1",55,495,593,12,396,"2.0","d",0,0,,"false"
"2026-10-06T07:31:30Z",460,"Willock","NEW","16.6","16.7","16.9","17.0",1,10,"0.6",50,10578,3121,22,284,"5.5","a",0,0,,"false"
"2026-10-06T07:31:30Z",461,"Touré","NEW","-13.3","-13.3","-13.3","-13.3",-1,0,"0.1",58,365,927,8,50,"3.5","a",0,-2,,"false"
"2026-10-06T07:31:30Z",462,"Steur","NEW","-56.8","-58.6","-61.3","-64.1",-3,-1,"0.1",49,284,421,8,223,"2.5","a",0,-1,,"false"
"2026-10-06T07:31:30Z",463,"Woltemade","NEW","0.0","0.0","0.0","0.0",0,-5,"0.5",59,0,3986,4,19,"0.0","u",0,-1,,"false"
"2026-10-06T07:31:30Z",464,"Wissa","NEW","67.7","68.3","69.4","70.4",3,64,"18.7",62,99326,150545,15,441,"1.0","a",0,2,,"false"
"2026-10-06T07:31:30Z",465,"Osula","NEW","-9.7","-9.7","-9.7","-9.7",-1,0,"0.3",58,138,2609,4,55,"0.0","i",-1,-2,,"false"
"2026-10-06T07:31:30Z",466,"Neave","NEW","0.0","0.0","0.0","0.0",0,-2,"0.5",45,0,4165,0,0,"0.0","u",0,0,,"false"
"2026-10-06T07:31:30Z",559,"Bamba","NEW","-76.5","-76.5","-76.5","-76.5",-3,0,"0.1",49,132,526,3,27,"1.0","a",0,-1,,"false"
"2026-10-06T07:31:30Z",567,"Horníček","NEW","25.4","25.4","25.5","25.6",2,5,"1.5",50,7849,5649,14,450,"2.0","a",0,0,,"false"
"2026-10-06T07:31:30Z",593,"Dedić","NEW","-14.3","-15.3","-16.8","-18.3",-1,-46,"1.8",45,284,40437,13,327,"0.0","i",0,0,,"false"
"2026-10-06T07:31:30Z",609,"Shahar","NEW","0.0","0.0","0.0","0.0",0,0,"0.2",40,0,1948,0,0,"0.0","u",0,0,,"false"
"2026-10-06T07:31:30Z",634,"Fernandez-Pardo","NEW","0.9","0.9","1.0","1.1",1,4,"0.1",60,2324,1539,4,157,"1.5","a",0,0,,"false"
"2026-10-06T07:31:30Z",659,"Miley","NEW","0.0","0.0","0.0","-2.3",0,-1,"0.0",45,1493,677,0,0,"0.0","a",0,0,,"false"
"2026-10-06T07:31:30Z",663,"Pivas","NEW","0.0","0.0","0.0","0.0",0,0,"0.0",40,427,67,0,0,"0.0","a",0,0,,"false"
"2026-10-06T07:31:30Z",664,"Salia","NEW","0.2","0.3","0.3","0.4",1,4,"0.1",45,10600,1794,0,0,"0.0","a",0,0,,"false"
"2026-10-06T07:31:30Z",665,"Mills","NEW","0.0","0.0","0.0","0.0",0,0,"0.0",45,171,34,0,0,"0.0","a",0,0,,"false"
"2026-10-06T07:31:30Z",666,"Thompson","NEW","0.0","0.0","0.0","0.0",0,0,"0.0",45,249,37,0,0,"0.0","a",0,0,,"false"
"2026-10-06T07:31:30Z",167,"Delap","NFO","-26.5","-27.2","-28.2","-29.2",-2,-17,"2.7",56,26254,30957,9,277,"3.0","a",1,1,,"false"
"2026-10-06T07:31:30Z",201,"Muñoz","NFO","-51.3","-51.5","-51.8","-52.1",-3,-10,"5.7",54,8604,32442,5,257,"2.0","a",0,-1,,"false"
"2026-10-06T07:31:30Z",467,"Sels","NFO","4.6","4.5","4.5","4.4",1,-5,"1.6",50,2240,6728,14,450,"2.5","a",0,0,,"false"
"2026-10-06T07:31:30Z",468,"John","NFO","-79.1","-79.1","-79.1","-79.1",-3,0,"0.1",45,67,166,0,0,"0.0","a",0,0,,"false"
"2026-10-06T07:31:30Z",469,"N.Williams","NFO","25.4","25.2","25.0","24.8",2,-12,"8.7",50,12353,51108,19,450,"2.0","a",0,0,,"false"
"2026-10-06T07:31:30Z",470,"Morato","NFO","0.0","0.0","0.0","0.0",0,0,"0.0",50,0,124,0,0,"0.0","u",0,0,,"false"
"2026-10-06T07:31:30Z",471,"Milenković","NFO","-15.5","-15.8","-16.3","-16.8",-1,-14,"1.0",54,70,13120,12,270,"0.0","i",-1,-1,,"false"
"2026-10-06T07:31:30Z",472,"Murillo","NFO","25.9","26.0","26.1","26.1",2,5,"2.1",55,9549,9018,23,449,"5.0","a",0,0,,"false"
"2026-10-06T07:31:30Z",473,"Aina","NFO","-4.0","-4.2","-4.5","-4.8",-1,-7,"2.4",44,1164,21852,8,306,"1.0","a",-1,-1,,"false"
"2026-10-06T07:31:30Z",474,"Jair Cunha","NFO","-50.6","-50.6","-50.6","-50.6",-3,0,"0.2",45,295,686,11,360,"0.5","a",0,0,,"false"
"2026-10-06T07:31:30Z",475,"Savona","NFO","-19.3","-19.3","-19.3","-19.3",-1,0,"0.0",45,21,20,0,0,"0.0","i",0,0,,"false"
"2026-10-06T07:31:30Z",476,"O.Richards","NFO","-72.3","-72.3","-72.3","-72.3",-3,0,"0.2",40,331,797,0,0,"0.0","a",0,0,,"false"
"2026-10-06T07:31:30Z",477,"Abbott","NFO","0.0","0.0","0.0","0.0",0,0,"0.1",40,0,894,0,0,"0.0","u",0,0,,"false"
"2026-10-06T07:31:30Z",478,"Netz","NFO","-8.6","-8.6","-8.6","-8.6",-1,0,"0.0",44,61,126,3,27,"0.5","a",0,-1,,"false"
"2026-10-06T07:31:30Z",479,"Bindon","NFO","0.0","0.0","0.0","0.0",0,0,"0.1",40,0,573,0,0,"0.0","u",0,0,,"false"
"2026-10-06T07:31:30Z",480,"Gibbs-White","NFO","54.6","54.4","54.1","53.8",3,-18,"15.7",80,74111,93512,28,450,"5.0","a",0,0,,"false"
"2026-10-06T07:31:30Z",482,"Hudson-Odoi","NFO","-42.8","-42.8","-42.8","-42.8",-3,0,"0.1",58,294,1231,1,1,"0.0","a",0,-2,,"false"
"2026-10-06T07:31:30Z",483,"Ndoye","NFO","14.0","14.0","13.9","13.8",1,-6,"0.7",55,844,8659,15,316,"1.0","a",0,0,,"false"
"2026-10-06T07:31:30Z",484,"Hutchinson","NFO","0.0","0.0","0.0","0.0",0,0,"0.1",54,0,400,0,0,"0.0","u",0,-1,,"false"
"2026-10-06T07:31:30Z",485,"Bakwa","NFO","0.0","0.0","0.0","0.0",0,0,"0.0",55,0,38,0,0,"0.0","u",0,0,,"false"
"2026-10-06T07:31:30Z",486,"McAtee","NFO","2.4","2.4","2.4","2.4",1,0,"0.1",55,383,971,12,416,"2.5","a",0,0,,"false"
"2026-10-06T07:31:30Z",487,"Dominguez","NFO","-73.8","-73.8","-73.8","-73.8",-3,0,"0.1",49,66,314,1,1,"0.0","a",0,-1,,"false"
"2026-10-06T07:31:30Z",488,"I.Sangaré","NFO","-0.6","-0.6","-0.6","-0.6",-1,0,"0.4",48,339,3345,4,105,"1.0","a",-1,-2,,"false"
"2026-10-06T07:31:30Z",489,"Yates","NFO","-96.2","-96.5","-96.9","-97.3",-4,-3,"1.2",45,643,7853,0,0,"0.0","a",0,0,,"false"
"2026-10-06T07:31:30Z",490,"Wood","NFO","-43.6","-44.1","-44.8","-45.5",-3,-4,"0.9",58,2239,6912,4,62,"1.0","a",0,-2,,"false"
"2026-10-06T07:31:30Z",491,"Igor Jesus","NFO","-0.6","-1.1","-1.7","-2.4",-1,-11,"2.6",58,8302,24930,12,257,"4.0","a",0,-2,,"false"
"2026-10-06T07:31:30Z",493,"Kalimuendo","NFO","0.0","0.0","0.0","0.0",0,0,"0.1",54,252,449,1,1,"0.0","a",0,-1,,"false"
"2026-10-06T07:31:30Z",558,"Schlager","NFO","0.5","0.5","0.5","0.5",1,0,"0.1",50,236,851,13,376,"2.5","a",0,0,,"false"
"2026-10-06T07:31:30Z",581,"Diomande","NFO","-53.4","-53.0","-52.4","-51.8",-3,2,"0.5",54,1666,2433,7,163,"3.0","a",0,-1,,"false"
"2026-10-06T07:31:30Z",590,"Benda","NFO","0.0","0.0","0.0","0.0",0,0,"0.1",45,138,249,0,0,"0.0","a",0,0,,"false"
"2026-10-06T07:31:30Z",112,"Van Hecke","TOT","-18.9","-19.6","-20.7","-21.8",-1,-79,"6.4",49,19589,38158,24,450,"7.0","d",0,-1,,"false"
"2026-10-06T07:31:30Z",147,"Tosin","TOT","-42.7","-42.7","-42.7","-42.7",-3,0,"0.1",44,114,596,1,5,"0.5","a",0,-1,,"false"
"2026-10-06T07:31:30Z",401,"Marmoush","TOT","40.4","40.4","40.3","40.3",3,-4,"2.1",70,13587,23455,8,339,"2.0","a",0,0,,"false"
"2026-10-06T07:31:30Z",403,"Sávio","TOT","11.2","11.2","11.2","11.3",1,3,"0.6",65,3313,7639,8,240,"2.5","a",0,0,,"false"
"2026-10-06T07:31:30Z",455,"Tonali","TOT","-21.9","-22.6","-23.6","-24.7",-2,-20,"1.8",53,2532,16163,14,427,"2.5","a",-1,-2,,"false"
"2026-10-06T07:31:30Z",494,"Vicario","TOT","0.0","0.0","0.0","0.0",0,-1,"0.1",45,0,759,0,0,"0.0","u",0,0,,"false"
"2026-10-06T07:31:30Z",495,"Austin","TOT","2.3","2.3","2.3","2.3",1,-1,"1.0",40,2112,2337,0,0,"0.0","a",0,0,,"false"
"2026-10-06T07:31:30Z",496,"Kinsky","TOT","-55.1","-55.4","-55.8","-56.2",-3,-45,"17.2",45,21072,120651,18,450,"4.5","a",0,0,,"false"
"2026-10-06T07:31:30Z",497,"Dubravka","TOT","-26.3","-26.4","-26.5","-26.6",-2,-12,"17.1",40,30230,52911,0,0,"0.0","a",0,0,,"false"
"2026-10-06T07:31:30Z",498,"Senesi","TOT","-60.6","-60.7","-60.9","-61.1",-3,-4,"3.5",58,1317,22967,3,90,"0.0","a",0,-2,,"false"
"2026-10-06T07:31:30Z",499,"Pedro Porro","TOT","-35.1","-35.7","-36.8","-37.8",-2,-86,"7.5",54,1776,81088,9,198,"0.5","d",0,-1,,"false"
"2026-10-06T07:31:30Z",500,"Romero","TOT","0.0","0.0","0.0","0.0",0,0,"0.1",50,0,315,0,0,"0.0","u",0,0,,"false"
"2026-10-06T07:31:30Z",502,"Robertson","TOT","0.2","0.1","0.0","-0.4",1,-8,"2.5",44,6468,14273,17,366,"5.5","a",0,-1,,"false"
"2026-10-06T07:31:30Z",503,"Van de Ven","TOT","-24.5","-24.7","-24.9","-25.2",-2,-6,"3.8",50,6812,21537,16,360,"3.5","a",0,0,,"false"
"2026-10-06T07:31:30Z",505,"Spence","TOT","0.0","0.0","0.0","0.0",0,-1,"0.2",45,0,1299,0,0,"0.0","u",0,0,,"false"
"2026-10-06T07:31:30Z",506,"Udogie","TOT","-23.6","-23.6","-23.6","-23.6",-2,0,"0.3",44,366,1745,7,86,"0.0","a",0,-1,,"false"
"2026-10-06T07:31:30Z",507,"Phillips","TOT","0.0","0.0","0.0","0.0",0,-1,"0.0",45,0,56,0,0,"0.0","u",0,0,,"false"
"2026-10-06T07:31:30Z",508,"Davies","TOT","1.8","1.8","1.8","1.8",1,1,"0.9",39,8100,4320,0,0,"0.0","a",-1,-1,,"false"
"2026-10-06T07:31:30Z",509,"Byfield","TOT","-5.0","-5.0","-5.0","-5.0",-1,0,"0.1",40,130,260,0,0,"0.0","a",0,0,,"false"
"2026-10-06T07:31:30Z",510,"Rowswell","TOT","-17.9","-17.9","-17.9","-17.9",-1,0,"0.1",40,173,364,0,0,"0.0","a",0,0,,"false"
"2026-10-06T07:31:30Z",511,"Souza","TOT","0.0","0.0","0.0","0.0",0,0,"0.2",40,0,949,0,0,"0.0","u",0,0,,"false"
"2026-10-06T07:31:30Z",512,"Kudus","TOT","2.3","2.3","2.3","2.3",1,0,"0.2",65,2576,1291,7,123,"2.5","a",0,0,,"false"
"2026-10-06T07:31:30Z",513,"Xavi","TOT","-17.8","-17.8","-17.8","-17.8",-1,0,"0.0",59,59,86,0,0,"0.0","i",0,-1,,"false"
"2026-10-06T07:31:30Z",514,"Tel","TOT","-31.1","-31.1","-31.1","-31.1",-2,0,"0.2",57,214,2101,8,257,"0.5","a",-1,-3,,"false"
"2026-10-06T07:31:30Z",515,"Maddison","TOT","-76.0","-76.0","-76.0","-76.0",-3,0,"0.4",63,848,2118,3,59,"1.0","a",0,-2,,"false"
"2026-10-06T07:31:30Z",516,"Bentancur","TOT","-81.2","-81.2","-81.2","-81.2",-3,0,"0.2",55,450,836,15,370,"3.5","a",0,0,,"false"
"2026-10-06T07:31:30Z",517,"Odobert","TOT","0.0","0.0","0.0","0.0",0,0,"0.0",55,32,15,0,0,"0.0","i",0,0,,"false"
"2026-10-06T07:31:30Z",518,"P.M.Sarr","TOT","0.0","0.0","0.0","0.0",0,0,"0.1",49,0,726,0,0,"0.0","u",0,-1,,"false"
"2026-10-06T07:31:30Z",519,"Gallagher","TOT","0.1","0.1","0.1","0.1",1,0,"0.2",53,869,725,9,134,"3.0","a",0,-2,,"false"
"2026-10-06T07:31:30Z",520,"Bergvall","TOT","-4.1","-4.1","-4.1","-4.1",-1,0,"0.1",53,115,667,3,78,"1.0","a",-1,-2,,"false"
"2026-10-06T07:31:30Z",521,"Kulusevski","TOT","-82.4","-82.4","-82.4","-82.4",-3,0,"0.0",65,109,80,0,0,"0.0","i",0,0,,"false"
"2026-10-06T07:31:30Z",522,"Gray","TOT","-28.4","-28.4","-28.4","-28.4",-2,0,"0.2",49,503,1306,9,307,"2.5","a",0,-1,,"false"
"2026-10-06T07:31:30Z",523,"Moore","TOT","0.0","0.0","0.0","0.0",0,0,"0.1",50,0,578,3,89,"0.0","u",0,0,,"false"
"2026-10-06T07:31:30Z",524,"Olusesi","TOT","8.3","8.2","8.1","8.0",1,-6,"1.0",44,6225,8005,0,0,"0.0","a",0,-1,,"false"
"2026-10-06T07:31:30Z",525,"Fernandes","TOT","-12.6","-13.3","-14.3","-15.4",-1,-8,"0.8",57,518,7136,7,249,"2.0","a",-1,-3,,"false"
"2026-10-06T07:31:30Z",526,"Solanke","TOT","-33.8","-34.1","-34.6","-35.1",-2,-3,"0.8",58,2233,6174,7,170,"2.0","a",0,-2,,"false"
"2026-10-06T07:31:30Z",527,"Richarlison","TOT","0.0","0.0","0.0","0.0",0,-8,"0.6",59,0,6254,2,67,"0.0","u",0,-1,,"false"
"2026-10-06T07:31:30Z",528,"Scarlett","TOT","0.0","0.0","0.0","0.0",0,-4,"1.1",45,0,8604,0,0,"0.0","u",0,0,,"false"
"2026-10-06T07:31:30Z",578,"Mudryk","TOT","-13.8","-13.8","-13.8","-13.8",-1,0,"0.0",53,23,592,1,16,"0.0","i",-1,-2,,"false"
"2026-10-06T07:31:30Z",601,"Williams-Barnett","TOT","-56.8","-56.8","-56.8","-56.8",-3,0,"0.1",45,178,795,0,0,"0.0","a",0,0,,"false"
"2026-10-06T07:31:30Z",501,"Danso","SUN","-86.4","-86.4","-86.4","-86.4",-3,0,"0.2",50,1264,904,3,270,"0.5","a",0,0,,"false"
"2026-10-06T07:31:30Z",529,"Roefs","SUN","-18.3","-18.3","-18.5","-18.6",-1,-2,"2.4",49,2233,12747,11,450,"1.0","a",0,-1,,"false"
"2026-10-06T07:31:30Z",530,"Patterson","SUN","0.0","0.0","0.0","0.0",0,0,"0.1",40,0,386,0,0,"0.0","u",0,0,,"false"
"2026-10-06T07:31:30Z",531,"Ellborg","SUN","-0.2","-0.2","-0.2","-0.2",-1,0,"0.1",44,150,278,0,0,"0.0","a",-1,-1,,"false"
"2026-10-06T07:31:30Z",532,"Ballard","SUN","-59.7","-60.2","-61.0","-61.8",-3,-23,"2.5",49,3666,19825,14,450,"1.0","d",0,-1,,"false"
"2026-10-06T07:31:30Z",533,"Mukiele","SUN","-18.2","-17.9","-17.5","-17.0",-1,5,"1.9",54,5610,9564,13,360,"0.0","a",0,-1,,"false"
"2026-10-06T07:31:30Z",534,"Hume","SUN","-9.1","-9.2","-9.3","-9.5",-1,-4,"2.8",43,1319,32099,10,206,"0.5","a",-1,-2,,"false"
"2026-10-06T07:31:30Z",535,"Alderete","SUN","-7.8","-8.7","-10.1","-11.6",-1,-3,"0.2",48,243,1158,1,23,"0.0","a",-1,-2,,"false"
"2026-10-06T07:31:30Z",536,"Reinildo","SUN","-0.2","-0.2","-0.2","-0.2",-1,0,"0.3",44,240,1645,7,360,"-1.0","a",-1,-1,,"false"
"2026-10-06T07:31:30Z",537,"Seelt","SUN","0.0","0.0","0.0","0.0",0,0,"0.0",45,0,23,0,0,"0.0","u",0,0,,"false"
"2026-10-06T07:31:30Z",538,"Hjelde","SUN","0.0","0.0","0.0","0.0",0,0,"0.0",40,0,167,0,0,"0.0","u",0,0,,"false"
"2026-10-06T07:31:30Z",539,"O'Nien","SUN","4.5","4.6","4.6","4.7",1,4,"2.5",39,19114,12824,1,66,"0.0","a",-1,-1,,"false"
"2026-10-06T07:31:30Z",540,"Masuaku","SUN","0.0","0.0","0.0","0.0",0,0,"0.1",40,0,680,0,0,"0.0","u",0,0,,"false"
"2026-10-06T07:31:30Z",541,"Meunier","SUN","-33.0","-32.0","-30.5","-29.0",-2,3,"0.3",45,1831,1000,14,396,"2.5","a",0,0,,"false"
"2026-10-06T07:31:30Z",542,"E.Le Fée","SUN","-4.8","-4.9","-5.1","-5.2",-1,-5,"3.3",57,12657,26414,18,438,"2.5","a",-1,-3,,"false"
"2026-10-06T07:31:30Z",543,"Diarra","SUN","-1.5","-1.5","-1.5","-1.5",-1,0,"0.0",53,20,258,5,28,"0.0","i",-1,-2,,"false"
"2026-10-06T07:31:30Z",544,"Xhaka","SUN","-79.7","-80.1","-80.7","-81.3",-3,-13,"3.6",55,6810,24983,21,450,"1.5","a",0,0,,"false"
"2026-10-06T07:31:30Z",545,"Sadiki","SUN","-80.7","-80.7","-80.7","-80.7",-3,0,"0.2",49,435,1460,10,410,"2.0","a",0,-1,,"false"
"2026-10-06T07:31:30Z",546,"Adingra","SUN","0.0","0.0","0.0","0.0",0,0,"0.0",49,0,201,0,0,"0.0","u",0,-1,,"false"
"2026-10-06T07:31:30Z",547,"Mundle","SUN","-85.8","-85.8","-85.8","-85.8",-3,0,"0.0",49,11,57,1,1,"0.0","i",0,-1,,"false"
"2026-10-06T07:31:30Z",548,"Rigg","SUN","-83.8","-83.8","-83.8","-83.8",-3,0,"0.0",49,36,249,2,17,"0.0","a",0,-1,,"false"
"2026-10-06T07:31:30Z",549,"Talbi","SUN","-32.2","-32.2","-32.2","-32.2",-2,0,"0.1",53,119,603,1,31,"0.0","a",0,-2,,"false"
"2026-10-06T07:31:30Z",550,"Jocelin.T","SUN","-97.6","-97.6","-97.6","-97.6",-4,0,"0.0",50,44,45,0,0,"0.0","a",0,0,,"false"
"2026-10-06T07:31:30Z",551,"N.Angulo","SUN","1.4","1.4","1.5","1.5",1,1,"0.1",50,556,840,16,313,"3.0","a",0,0,,"false"
"2026-10-06T07:31:30Z",552,"Brobbey","SUN","85.4","85.0","84.3","83.6",3,-42,"6.9",57,198385,54362,24,399,"9.0","d",-1,-3,,"false"
"2026-10-06T07:31:30Z",553,"Isidor","SUN","3.3","3.3","3.3","3.3",1,0,"1.3",55,3875,12330,15,117,"1.0","a",0,0,,"false"
"2026-10-06T07:31:30Z",612,"Methalie","SUN","0.0","0.0","0.0","0.0",0,0,"0.0",45,130,75,-1,90,"-0.5","a",0,0,,"false"
"2026-10-06T07:31:30Z",613,"Ahoka","SUN","-50.3","-50.3","-50.3","-50.3",-3,0,"0.2",45,627,1695,0,0,"0.0","a",0,0,,"false"
"2026-10-06T07:31:30Z",646,"Fofana","SUN","-12.7","-12.7","-12.7","-12.7",-1,0,"0.0",55,354,320,3,60,"1.0","a",0,0,,"false"
"2026-10-06T07:31:30Z",651,"J.Angulo","SUN","5.3","5.3","5.3","5.3",1,0,"0.7",45,9576,7703,0,0,"0.0","a",0,0,,"false"
"2026-10-06T10:47:46Z",1,"Raya","ARS","1.8","1.9","2.1","2.3",1,35,"42.3",61,139790,57286,30,450,"6.0","a",1,1,,"false"
"2026-10-06T10:47:46Z",2,"Arrizabalaga","ARS","-53.7","-53.7","-53.7","-53.7",-3,0,"0.1",49,122,281,0,0,"0.0","a",0,-1,,"false"
"2026-10-06T10:47:46Z",3,"Meslier","ARS","-42.1","-42.1","-42.1","-42.1",-3,0,"0.0",49,50,130,0,0,"0.0","a",0,-1,,"false"
"2026-10-06T10:47:46Z",4,"Gabriel","ARS","-95.1","-95.1","-95.2","-95.3",-4,-13,"22.7",80,29394,72922,25,450,"4.0","a",0,0,,"false"
"2026-10-06T10:47:46Z",5,"J.Timber","ARS","12.6","12.7","13.0","13.2",1,15,"0.4",65,15033,4800,1,104,"0.3","a",0,0,,"false"
"2026-10-06T10:47:46Z",6,"Saliba","ARS","-27.7","-27.8","-28.0","-28.1",-2,-1,"0.2",59,443,1205,0,0,"0.0","i",0,-1,,"false"
"2026-10-06T10:47:46Z",7,"Lewis-Skelly","ARS","-17.8","-17.8","-17.8","-17.8",-1,0,"0.6",54,1079,5263,9,271,"1.0","a",-1,-1,,"false"
"2026-10-06T10:47:46Z",8,"Calafiori","ARS","0.1","0.3","0.6","1.0",1,58,"50.5",59,92224,69516,29,416,"3.0","a",1,4,,"false"
"2026-10-06T10:47:46Z",9,"Hincapie","ARS","-6.5","-6.4","-6.1","-5.9",-1,2,"0.9",52,1614,6066,2,32,"0.3","a",-1,-3,,"false"
"2026-10-06T10:47:46Z",10,"White","ARS","-55.5","-56.1","-57.2","-58.3",-3,-59,"4.8",55,3319,73295,21,315,"1.0","d",0,0,,"false"
"2026-10-06T10:47:46Z",11,"Mosquera","ARS","-28.6","-28.9","-29.4","-30.0",-2,-5,"1.6",53,1447,10304,12,168,"0.0","a",0,-2,,"false"
"2026-10-06T10:47:46Z",12,"Saka","ARS","0.3","0.7","1.5","2.2",1,133,"14.1",96,153940,52334,32,416,"4.0","a",1,1,,"false"
"2026-10-06T10:47:46Z",13,"Rice","ARS","-39.5","-40.1","-41.0","-42.0",-3,-127,"11.5",74,7849,94308,20,411,"4.0","d",0,-1,,"false"
"2026-10-06T10:47:46Z",14,"Eze","ARS","-0.1","0.0","0.1","0.1",0,4,"1.0",62,3013,7309,4,85,"0.7","a",-1,-3,,"false"
"2026-10-06T10:47:46Z",15,"Ødegaard","ARS","1.5","2.5","4.3","6.1",1,115,"19.8",68,90345,97973,29,377,"5.0","a",0,3,,"false"
"2026-10-06T10:47:46Z",16,"Madueke","ARS","-28.0","-28.0","-28.0","-28.0",-2,0,"0.2",62,807,1658,2,23,"0.3","a",0,-3,,"false"
"2026-10-06T10:47:46Z",17,"Merino","ARS","-0.4","-0.4","-0.4","-0.4",-1,0,"0.4",57,865,3057,4,81,"0.7","a",-1,-3,,"false"
"2026-10-06T10:47:46Z",18,"Martinelli","ARS","0.0","0.0","0.0","0.0",0,-2,"0.1",63,0,626,0,0,"0.0","u",0,-2,,"false"
"2026-10-06T10:47:46Z",19,"Zubimendi","ARS","-53.6","-54.2","-55.4","-56.6",-3,-4,"0.6",53,550,3997,5,89,"1.0","a",0,-2,,"false"
"2026-10-06T10:47:46Z",20,"Dowman","ARS","-17.6","-17.6","-17.6","-17.6",-1,0,"0.1",53,482,652,1,9,"0.3","d",0,-2,,"false"
"2026-10-06T10:47:46Z",22,"Nwaneri","ARS","0.0","0.0","0.0","0.0",0,0,"0.0",54,0,58,0,0,"0.0","u",0,-1,,"false"
"2026-10-06T10:47:46Z",23,"Fábio Vieira","ARS","0.0","0.0","0.0","0.0",0,0,"0.0",55,0,44,0,0,"0.0","u",0,0,,"false"
"2026-10-06T10:47:46Z",24,"Nelson","ARS","0.0","0.0","0.0","0.0",0,0,"0.0",55,0,24,0,0,"0.0","u",0,0,,"false"
"2026-10-06T10:47:46Z",25,"Gyökeres","ARS","1.2","2.1","3.8","5.6",1,109,"3.2",71,19583,18718,2,29,"0.7","a",-1,-4,,"false"
"2026-10-06T10:47:46Z",26,"Havertz","ARS","-1.6","-2.8","-5.3","-7.7",-1,-223,"8.1",76,51096,77975,19,437,"3.7","d",0,1,,"false"
"2026-10-06T10:47:46Z",27,"G.Jesus","ARS","0.0","0.0","0.0","0.0",0,0,"0.1",59,0,1100,0,0,"0.0","u",0,-1,,"false"
"2026-10-06T10:47:46Z",31,"Konsa","ARS","0.2","-0.1","-0.6","-1.2",-1,-114,"19.3",46,98556,67927,12,281,"3.7","d",1,1,,"false"
"2026-10-06T10:47:46Z",452,"Bruno G.","ARS","0.7","0.7","0.8","0.9",1,7,"1.8",67,6635,8328,9,123,"2.7","a",0,-3,,"false"
"2026-10-06T10:47:46Z",557,"Tzolis","ARS","-10.1","-10.9","-12.4","-13.9",-1,-347,"11.9",63,12535,166212,16,362,"3.3","d",-1,-2,,"false"
"2026-10-06T10:47:46Z",29,"M.Bizot","AVL","-41.7","-42.0","-42.7","-43.3",-3,-1,"0.1",45,70,1086,1,90,"0.0","i",0,0,,"false"
"2026-10-06T10:47:46Z",30,"Digne","AVL","0.0","0.0","0.0","0.0",0,0,"0.0",45,0,256,0,0,"0.0","u",0,0,,"false"
"2026-10-06T10:47:46Z",32,"Cash","AVL","-25.8","-25.9","-26.3","-26.7",-2,-10,"4.8",44,3001,27359,6,296,"-0.5","a",0,-1,,"false"
"2026-10-06T10:47:46Z",33,"Mings","AVL","0.9","0.9","0.9","0.9",1,0,"0.4",45,2053,1590,10,261,"1.5","a",0,0,,"false"
"2026-10-06T10:47:46Z",34,"Pau","AVL","-1.3","-1.4","-1.7","-2.0",-1,-2,"0.3",44,48,3387,3,187,"0.5","i",-1,-1,,"false"
"2026-10-06T10:47:46Z",35,"Bogarde","AVL","-4.2","-4.2","-4.2","-4.2",-1,0,"0.1",49,182,462,1,16,"0.0","a",-1,-1,,"false"
"2026-10-06T10:47:46Z",36,"Maatsen","AVL","-4.2","-4.6","-5.4","-6.2",-1,-11,"0.5",44,55,6829,9,335,"0.5","i",-1,-1,,"false"
"2026-10-06T10:47:46Z",37,"Lindelöf","AVL","1.1","1.1","1.1","1.1",1,0,"0.3",45,1253,1455,8,450,"1.0","a",0,0,,"false"
"2026-10-06T10:47:46Z",38,"A.García","AVL","-38.0","-38.2","-38.6","-39.0",-2,-4,"1.5",40,1978,6537,0,0,"0.0","a",0,0,,"false"
"2026-10-06T10:47:46Z",39,"Nedeljkovic","AVL","0.0","0.0","0.0","0.0",0,0,"0.1",40,0,607,0,0,"0.0","u",0,0,,"false"
"2026-10-06T10:47:46Z",41,"Buendía","AVL","-32.3","-29.7","-24.7","-19.6",-2,31,"1.0",59,14001,4908,21,401,"7.0","a",0,-1,,"false"
"2026-10-06T10:47:46Z",44,"Bailey","AVL","0.0","0.0","0.0","0.0",0,0,"0.1",54,0,533,0,0,"0.0","u",0,-1,,"false"
"2026-10-06T10:47:46Z",45,"McGinn","AVL","-21.7","-21.6","-21.3","-21.1",-2,4,"2.2",54,7820,9674,17,434,"6.0","a",0,-1,,"false"
"2026-10-06T10:47:46Z",46,"Barkley","AVL","0.5","0.4","0.3","0.3",1,-6,"0.3",50,616,1921,10,308,"1.5","a",0,0,,"false"
"2026-10-06T10:47:46Z",47,"Kamara","AVL","-86.3","-86.8","-87.9","-88.9",-3,-2,"0.3",50,1429,1722,15,443,"4.0","a",0,0,,"false"
"2026-10-06T10:47:46Z",48,"Onana","AVL","-11.3","-11.3","-11.3","-11.3",-1,0,"0.0",49,50,103,0,0,"0.0","i",0,-1,,"false"
"2026-10-06T10:47:46Z",49,"Iling Jr","AVL","0.0","0.0","0.0","0.0",0,0,"0.0",50,0,12,0,0,"0.0","u",0,0,,"false"
"2026-10-06T10:47:46Z",50,"Burrowes","AVL","-86.0","-86.4","-87.3","-88.1",-3,-3,"0.6",45,679,3621,0,0,"0.0","a",0,0,,"false"
"2026-10-06T10:47:46Z",51,"George Hemmings","AVL","14.4","14.4","14.3","14.3",1,-4,"1.2",45,3451,10541,9,297,"1.0","a",0,0,,"false"
"2026-10-06T10:47:46Z",52,"Alysson","AVL","-5.9","-7.0","-9.3","-11.5",-1,-1,"0.0",50,71,838,8,87,"3.0","d",0,0,,"false"
"2026-10-06T10:47:46Z",53,"Manzambi","AVL","9.8","10.0","10.4","10.7",1,24,"0.4",59,30537,3998,14,98,"7.0","a",0,-1,,"false"
"2026-10-06T10:47:46Z",54,"Gomes","AVL","0.1","0.1","0.1","0.2",1,1,"0.0",55,509,211,2,129,"2.0","a",0,0,,"false"
"2026-10-06T10:47:46Z",55,"Watkins","AVL","0.0","0.0","0.0","0.0",0,-20,"2.5",78,0,14023,0,0,"0.0","u",0,-2,,"false"
"2026-10-06T10:47:46Z",56,"Abraham","AVL","3.7","3.7","3.7","3.6",1,-3,"0.2",55,1884,1881,4,71,"1.0","a",0,0,,"false"
"2026-10-06T10:47:46Z",160,"Garnacho","AVL","-72.6","-72.6","-72.6","-72.6",-3,0,"0.3",58,602,2945,3,31,"0.0","a",0,-2,,"false"
"2026-10-06T10:47:46Z",166,"N.Jackson","AVL","57.8","58.4","59.5","60.6",3,70,"1.5",65,41961,9318,10,286,"3.0","a",0,0,,"false"
"2026-10-06T10:47:46Z",582,"Madjo","AVL","-27.5","-27.9","-28.7","-29.5",-2,-3,"0.2",54,297,1943,0,0,"0.0","i",0,-1,,"false"
"2026-10-06T10:47:46Z",596,"Ruggeri","AVL","-72.2","-71.0","-68.9","-66.7",-3,1,"0.1",45,647,369,5,113,"1.5","a",0,0,,"false"
"2026-10-06T10:47:46Z",597,"Suzuki","AVL","32.1","32.1","32.1","32.1",2,1,"1.9",50,14973,7379,16,360,"2.0","a",0,0,,"false"
"2026-10-06T10:47:46Z",606,"Rowe","AVL","0.1","0.1","0.1","0.1",1,0,"0.2",40,340,955,0,0,"0.0","a",0,0,,"false"
"2026-10-06T10:47:46Z",607,"Lynch","AVL","0.0","0.0","0.0","0.0",0,0,"0.1",45,0,747,0,0,"0.0","u",0,0,,"false"
"2026-10-06T10:47:46Z",611,"Wan-Bissaka","AVL","2.2","2.2","2.3","2.3",1,2,"0.2",45,1584,1547,6,152,"2.0","a",0,0,,"false"
"2026-10-06T10:47:46Z",618,"Goretzka","AVL","-45.5","-45.5","-45.5","-45.5",-3,0,"0.0",59,27,434,0,0,"0.0","i",0,-1,,"false"
"2026-10-06T10:47:46Z",630,"Harwood-Bellis","AVL","0.0","0.0","0.0","0.0",0,0,"0.0",45,217,206,0,0,"0.0","a",0,0,,"false"
"2026-10-06T10:47:46Z",631,"Mbaye","AVL","0.4","0.4","0.4","0.4",1,0,"0.1",60,1003,1195,2,33,"1.0","a",0,0,,"false"
"2026-10-06T10:47:46Z",667,"Wright","AVL","0.1","0.2","0.2","0.2",1,3,"0.1",40,8751,1010,0,0,"0.0","a",0,0,,"false"
"2026-10-06T10:47:46Z",57,"Petrović","BOU","0.2","0.2","0.2","0.3",1,2,"3.0",45,7266,13147,9,450,"1.5","a",0,0,,"false"
"2026-10-06T10:47:46Z",58,"Forster","BOU","4.9","4.9","4.9","4.8",1,-2,"3.5",40,9026,8084,0,0,"0.0","a",0,0,,"false"
"2026-10-06T10:47:46Z",59,"Dennis","BOU","0.0","0.0","0.0","0.0",0,0,"0.1",40,0,602,0,0,"0.0","u",0,0,,"false"
"2026-10-06T10:47:46Z",60,"Hill","BOU","-33.7","-33.4","-32.8","-32.1",-2,3,"0.8",55,3634,3434,12,450,"3.0","a",0,0,,"false"
"2026-10-06T10:47:46Z",61,"Truffert","BOU","-1.7","-1.7","-1.7","-1.7",-1,0,"3.0",54,5283,13446,10,450,"2.5","a",-1,-1,,"false"
"2026-10-06T10:47:46Z",62,"Diakité","BOU","-6.3","-6.3","-6.3","-6.3",-1,0,"0.2",49,511,1030,0,0,"0.0","a",-1,-1,,"false"
"2026-10-06T10:47:46Z",63,"Milosavljević","BOU","-3.6","-3.6","-3.6","-3.6",-1,0,"0.0",49,37,52,0,0,"0.0","i",0,-1,,"false"
"2026-10-06T10:47:46Z",64,"Smith","BOU","0.3","0.3","0.3","0.3",1,-1,"0.1",45,455,539,4,434,"1.0","a",0,0,,"false"
"2026-10-06T10:47:46Z",65,"J.Araujo","BOU","-13.1","-13.1","-13.1","-13.1",-1,0,"0.0",44,44,60,0,0,"0.0","i",0,-1,,"false"
"2026-10-06T10:47:46Z",66,"Soler","BOU","1.5","1.5","1.5","1.5",1,0,"0.3",40,792,1230,0,0,"0.0","a",0,0,,"false"
"2026-10-06T10:47:46Z",67,"Rayan","BOU","-10.6","-10.4","-10.2","-10.0",-1,4,"1.6",63,4651,10560,10,434,"2.0","a",-1,-2,,"false"
"2026-10-06T10:47:46Z",68,"Tavernier","BOU","34.1","34.5","35.2","35.9",2,44,"6.8",61,93691,50997,31,424,"5.0","a",0,1,,"false"
"2026-10-06T10:47:46Z",69,"Scott","BOU","-4.3","-6.8","-11.6","-16.4",-1,-305,"5.7",61,26325,50677,30,446,"3.0","d",0,1,,"false"
"2026-10-06T10:47:46Z",70,"Kluivert","BOU","-64.6","-66.0","-68.7","-71.3",-3,-38,"0.8",60,2312,19996,15,294,"4.0","i",0,0,,"false"
"2026-10-06T10:47:46Z",71,"Cook","BOU","-14.8","-15.6","-17.3","-18.9",-1,-2,"0.2",50,294,1240,8,180,"0.5","a",0,0,,"false"
"2026-10-06T10:47:46Z",72,"Gannon-Doak","BOU","-70.6","-70.6","-70.6","-70.6",-3,0,"0.1",49,159,417,4,12,"1.0","a",0,-1,,"false"
"2026-10-06T10:47:46Z",73,"Adams","BOU","1.7","1.7","1.7","1.7",1,0,"0.3",50,1218,1781,12,279,"3.0","a",0,0,,"false"
"2026-10-06T10:47:46Z",74,"Brooks","BOU","-21.2","-21.2","-21.2","-21.2",-2,0,"0.1",50,205,355,3,45,"0.5","a",0,0,,"false"
"2026-10-06T10:47:46Z",75,"Christie","BOU","0.4","0.4","0.5","0.5",1,2,"0.0",50,327,277,5,102,"1.5","a",0,0,,"false"
"2026-10-06T10:47:46Z",76,"Tóth.A","BOU","-13.6","-13.6","-13.6","-13.6",-1,0,"0.0",49,29,59,2,17,"0.5","a",0,-1,,"false"
"2026-10-06T10:47:46Z",77,"Adli","BOU","-89.7","-89.7","-89.7","-89.7",-3,0,"0.0",49,29,81,0,0,"0.0","i",0,-1,,"false"
"2026-10-06T10:47:46Z",78,"Kroupi.Jr","BOU","-82.0","-82.0","-82.0","-82.0",-3,0,"0.2",74,220,962,0,0,"0.0","i",0,-1,,"false"
"2026-10-06T10:47:46Z",79,"Evanilson","BOU","55.4","55.6","56.0","56.4",3,25,"3.2",60,20986,22911,18,424,"3.5","a",0,0,,"false"
"2026-10-06T10:47:46Z",80,"Enes Ünal","BOU","0.0","0.0","0.0","0.0",0,0,"0.0",55,0,56,0,0,"0.0","u",0,0,,"false"
"2026-10-06T10:47:46Z",81,"Rodríguez","BOU","-31.2","-32.0","-33.5","-35.1",-2,-1,"0.1",60,899,774,2,10,"0.5","a",0,0,,"false"
"2026-10-06T10:47:46Z",566,"Silva","BOU","1.7","1.8","1.9","2.0",1,7,"0.4",50,9467,4703,13,450,"3.0","a",0,0,,"false"
"2026-10-06T10:47:46Z",573,"Sanchez","BOU","-14.2","-14.2","-14.2","-14.2",-1,0,"0.2",44,163,476,0,0,"0.0","a",0,-1,,"false"
"2026-10-06T10:47:46Z",608,"Jebbison","BOU","0.6","0.6","0.6","0.5",1,-2,"0.1",50,982,968,3,31,"0.5","a",0,0,,"false"
"2026-10-06T10:47:46Z",615,"Di Gregorio","BOU","-29.6","-29.6","-29.6","-29.6",-2,0,"0.0",45,198,203,0,0,"0.0","a",0,0,,"false"
"2026-10-06T10:47:46Z",82,"Kelleher","BRE","22.1","22.2","22.4","22.5",2,10,"6.1",50,22001,15410,20,450,"4.5","a",0,0,,"false"
"2026-10-06T10:47:46Z",83,"Valdimarsson","BRE","-80.1","-80.1","-80.1","-80.1",-3,0,"0.1",45,329,368,0,0,"0.0","a",0,0,,"false"
"2026-10-06T10:47:46Z",84,"Collins","BRE","-32.9","-33.3","-34.1","-34.8",-2,-12,"0.9",54,128,10269,10,196,"0.0","i",0,-1,,"false"
"2026-10-06T10:47:46Z",85,"Van den Berg","BRE","-88.7","-89.4","-90.5","-91.7",-3,-1,"0.1",49,43,399,0,0,"0.0","i",0,-1,,"false"
"2026-10-06T10:47:46Z",86,"Lewis-Potter","BRE","34.3","34.3","34.2","34.2",2,-4,"1.7",55,4040,12898,22,406,"2.0","a",0,0,,"false"
"2026-10-06T10:47:46Z",87,"Ajer","BRE","33.2","33.3","33.5","33.7",2,14,"3.9",45,13070,24929,21,450,"4.0","a",0,0,,"false"
"2026-10-06T10:47:46Z",88,"Kayode","BRE","-40.2","-40.0","-39.8","-39.6",-3,11,"7.6",46,15488,23526,23,294,"3.5","a",0,1,,"false"
"2026-10-06T10:47:46Z",89,"Henry","BRE","-18.2","-18.8","-19.9","-20.9",-1,-1,"0.2",44,170,653,1,2,"0.0","a",0,-1,,"false"
"2026-10-06T10:47:46Z",90,"Hickey","BRE","-31.9","-36.1","-44.3","-52.5",-2,-3,"0.1",45,201,276,5,152,"1.0","a",0,0,,"false"
"2026-10-06T10:47:46Z",92,"Ji-soo","BRE","-4.3","-4.3","-4.3","-4.3",-1,0,"0.0",44,66,92,0,0,"0.0","a",-1,-1,,"false"
"2026-10-06T10:47:46Z",93,"Schuster","BRE","6.1","6.3","6.6","6.9",1,21,"0.3",45,17307,2846,21,253,"8.5","a",0,0,,"false"
"2026-10-06T10:47:46Z",94,"Schade","BRE","19.7","21.0","23.5","26.1",2,434,"12.0",62,433083,31560,39,447,"12.0","a",1,2,,"false"
"2026-10-06T10:47:46Z",95,"O.Dango","BRE","-54.9","-54.9","-54.9","-54.9",-3,0,"0.5",63,916,3996,7,179,"1.0","a",0,-2,,"false"
"2026-10-06T10:47:46Z",96,"Damsgaard","BRE","-6.3","-7.0","-8.4","-9.8",-1,-7,"0.4",54,1809,2531,16,283,"2.0","d",0,-1,,"false"
"2026-10-06T10:47:46Z",97,"Jensen","BRE","-62.8","-63.7","-65.4","-67.1",-3,-3,"0.1",54,22,705,6,66,"0.0","i",0,-1,,"false"
"2026-10-06T10:47:46Z",98,"Janelt","BRE","83.4","83.4","83.4","83.4",3,-1,"2.5",50,21724,19811,28,450,"3.5","a",0,0,,"false"
"2026-10-06T10:47:46Z",99,"Milambo","BRE","-44.2","-44.2","-44.2","-44.2",-3,0,"0.0",50,8,8,0,0,"0.0","i",0,0,,"false"
"2026-10-06T10:47:46Z",100,"Carvalho","BRE","0.3","0.3","0.3","0.3",1,0,"0.0",50,633,187,6,3,"3.0","a",0,0,,"false"
"2026-10-06T10:47:46Z",102,"Yarmoliuk","BRE","-20.1","-20.5","-21.1","-21.8",-2,-3,"0.6",48,1484,3633,9,216,"3.5","a",0,-2,,"false"
"2026-10-06T10:47:46Z",103,"Dasilva","BRE","-68.4","-68.4","-68.4","-68.4",-3,0,"0.0",49,10,112,0,0,"0.0","i",0,-1,,"false"
"2026-10-06T10:47:46Z",105,"Anthony","BRE","1.0","1.0","1.0","1.0",1,1,"0.2",59,2635,696,15,267,"5.5","a",0,-1,,"false"
"2026-10-06T10:47:46Z",106,"Thiago","BRE","14.2","15.0","16.6","18.2",1,99,"9.2",78,67206,42374,10,442,"3.0","a",0,-2,,"false"
"2026-10-06T10:47:46Z",107,"Furo","BRE","-7.7","-8.0","-8.4","-8.9",-1,-7,"0.9",45,971,10208,0,0,"0.0","i",0,0,,"false"
"2026-10-06T10:47:46Z",108,"Wilson","BRE","-12.6","-12.6","-12.6","-12.6",-1,0,"0.3",54,1348,2622,3,13,"0.0","a",-1,-1,,"false"
"2026-10-06T10:47:46Z",565,"M.Sangaré","BRE","-36.4","-36.9","-37.9","-38.9",-2,-97,"9.8",56,9174,148141,22,321,"2.0","a",-1,1,,"false"
"2026-10-06T10:47:46Z",620,"Diouf","BRE","-37.8","-37.8","-37.8","-37.8",-2,0,"0.1",45,530,731,2,39,"1.0","a",0,0,,"false"
"2026-10-06T10:47:46Z",657,"Nunes","BRE","0.0","0.0","0.0","0.0",0,0,"0.0",45,375,287,0,0,"0.0","a",0,0,,"false"
"2026-10-06T10:47:46Z",660,"Fredrick","BRE","0.0","0.0","0.0","0.0",0,0,"0.0",40,563,72,0,0,"0.0","a",0,0,,"false"
"2026-10-06T10:47:46Z",661,"Balcombe","BRE","0.0","0.1","0.1","0.1",1,1,"0.0",40,3175,625,0,0,"0.0","a",0,0,,"false"
"2026-10-06T10:47:46Z",109,"Verbruggen","BHA","69.2","69.3","69.4","69.5",3,6,"21.6",45,81513,80988,23,450,"7.0","a",0,0,,"false"
"2026-10-06T10:47:46Z",111,"Steele","BHA","-1.3","-1.4","-1.5","-1.7",-1,-4,"4.1",40,7860,16289,0,0,"0.0","a",0,0,,"false"
"2026-10-06T10:47:46Z",113,"F.Kadıoğlu","BHA","-64.4","-64.2","-63.7","-63.3",-3,4,"1.6",44,4537,7767,13,332,"5.5","a",0,-1,,"false"
"2026-10-06T10:47:46Z",114,"Boscagli","BHA","3.0","3.0","3.0","3.1",1,1,"0.3",45,2409,907,19,437,"6.0","a",0,0,,"false"
"2026-10-06T10:47:46Z",115,"De Cuyper","BHA","5.5","6.2","7.5","8.8",1,228,"28.0",50,326937,26046,38,423,"8.5","a",1,5,,"false"
"2026-10-06T10:47:46Z",116,"Dunk","BHA","20.9","20.7","20.4","20.0",2,-21,"1.5",45,7755,11371,22,360,"6.0","d",0,0,,"false"
"2026-10-06T10:47:46Z",117,"Coppola","BHA","-11.3","-11.3","-11.3","-11.3",-1,0,"0.0",45,119,104,0,0,"0.0","a",0,0,,"false"
"2026-10-06T10:47:46Z",118,"Igor","BHA","0.0","0.0","0.0","0.0",0,-1,"0.0",45,0,321,0,0,"0.0","u",0,0,,"false"
"2026-10-06T10:47:46Z",119,"Costinha","BHA","0.0","0.0","0.0","0.0",0,0,"0.0",45,189,145,4,68,"1.0","a",0,0,,"false"
"2026-10-06T10:47:46Z",120,"Svoboda","BHA","0.5","0.5","0.5","0.5",1,0,"0.1",50,1371,491,1,4,"0.5","a",0,0,,"false"
"2026-10-06T10:47:46Z",121,"Mitoma","BHA","-26.7","-26.7","-26.7","-26.7",-2,0,"0.0",59,142,188,0,0,"0.0","i",0,-1,,"false"
"2026-10-06T10:47:46Z",122,"Minteh","BHA","-6.5","-6.5","-6.5","-6.5",-1,0,"0.0",58,48,244,0,0,"0.0","i",-1,-2,,"false"
"2026-10-06T10:47:46Z",123,"Hinshelwood","BHA","-44.6","-44.9","-45.4","-45.9",-3,-5,"0.6",59,313,7306,16,63,"0.0","i",0,-1,,"false"
"2026-10-06T10:47:46Z",124,"Groß","BHA","5.8","8.2","12.9","17.6",1,796,"29.6",59,851179,14816,47,450,"15.5","a",2,4,,"false"
"2026-10-06T10:47:46Z",125,"Georginio","BHA","-0.1","-0.9","-2.5","-4.1",-1,-8,"0.5",53,2954,4198,6,104,"0.5","a",-1,-2,,"false"
"2026-10-06T10:47:46Z",126,"O'Riley","BHA","-9.1","-10.1","-12.1","-14.1",-1,-1,"0.1",54,456,602,2,10,"1.0","a",0,-1,,"false"
"2026-10-06T10:47:46Z",127,"Gomez","BHA","32.9","32.8","32.7","32.5",2,-10,"3.9",50,13372,42032,24,433,"5.5","a",0,0,,"false"
"2026-10-06T10:47:46Z",128,"Buonanotte","BHA","0.0","0.0","0.0","0.0",0,0,"0.0",50,0,7,0,0,"0.0","u",0,0,,"false"
"2026-10-06T10:47:46Z",129,"Ayari","BHA","-46.6","-46.6","-46.6","-46.6",-3,0,"0.4",54,2630,2209,15,333,"5.5","a",0,-1,,"false"
"2026-10-06T10:47:46Z",130,"Wieffer","BHA","-35.3","-35.6","-36.2","-36.8",-2,-2,"0.2",49,35,2146,7,156,"0.0","i",0,-1,,"false"
"2026-10-06T10:47:46Z",132,"Howell","BHA","0.0","0.0","0.0","0.0",0,0,"0.0",45,0,228,0,0,"0.0","u",0,0,,"false"
"2026-10-06T10:47:46Z",133,"Watson","BHA","0.0","0.0","0.0","0.0",0,0,"0.0",50,0,5,0,0,"0.0","u",0,0,,"false"
"2026-10-06T10:47:46Z",134,"Oriola","BHA","-88.9","-89.3","-90.2","-91.0",-3,-1,"0.2",45,375,1428,0,0,"0.0","a",0,0,,"false"
"2026-10-06T10:47:46Z",135,"Yohanna","BHA","-1.9","-1.9","-1.9","-1.9",-1,0,"0.0",48,27,416,1,12,"0.0","i",-1,-2,,"false"
"2026-10-06T10:47:46Z",137,"Tzimas","BHA","-4.2","-4.2","-4.2","-4.2",-1,0,"0.0",54,40,57,0,0,"0.0","i",0,-1,,"false"
"2026-10-06T10:47:46Z",138,"Kostoulas","BHA","26.6","28.0","30.6","33.2",2,446,"4.6",56,347912,23250,28,353,"10.0","a",1,1,,"false"
"2026-10-06T10:47:46Z",139,"Ferguson","BHA","-63.0","-63.0","-63.0","-63.0",-3,0,"0.0",50,152,275,0,0,"0.0","i",0,0,,"false"
"2026-10-06T10:47:46Z",328,"Struijk","BHA","-11.1","-12.0","-13.9","-15.7",-1,-4,"0.2",49,651,1019,7,98,"3.0","d",0,-1,,"false"
"2026-10-06T10:47:46Z",504,"Vuskovic","BHA","61.5","61.8","62.3","62.8",3,31,"3.8",50,65105,15770,32,437,"7.0","a",0,0,,"false"
"2026-10-06T10:47:46Z",594,"David","BHA","0.7","0.7","0.8","0.9",1,4,"0.2",59,3412,2357,1,23,"0.0","a",-1,-1,,"false"
"2026-10-06T10:47:46Z",600,"Osman","BHA","-75.0","-75.0","-75.0","-75.0",-3,0,"0.0",50,118,135,3,40,"0.5","a",0,0,,"false"
"2026-10-06T10:47:46Z",605,"Yalcouyé","BHA","57.5","57.4","57.2","57.0",3,-13,"4.0",45,28184,35763,20,236,"4.5","a",0,0,,"false"
"2026-10-06T10:47:46Z",614,"Hadjam","BHA","-5.5","-5.5","-5.5","-5.5",-1,0,"0.0",45,260,266,0,0,"0.0","a",0,0,,"false"
"2026-10-06T10:47:46Z",624,"Cozier-Duberry","BHA","0.0","0.0","0.0","0.0",0,0,"0.0",50,0,6,0,0,"0.0","u",0,0,,"false"
"2026-10-06T10:47:46Z",639,"Andrés","BHA","1.6","1.6","1.7","1.7",1,3,"0.0",55,2985,355,12,109,"6.0","a",0,0,,"false"
"2026-10-06T10:47:46Z",652,"Azeez","BHA","-33.5","-33.5","-33.5","-33.5",-2,0,"0.0",55,20,47,0,0,"0.0","i",0,0,,"false"
"2026-10-06T10:47:46Z",658,"Ibrahim","BHA","0.0","0.0","0.0","0.0",0,0,"0.0",45,322,224,0,0,"0.0","a",0,0,,"false"
"2026-10-06T10:47:46Z",28,"Martinez","CHE","-7.1","-7.1","-7.1","-7.1",-1,0,"4.7",50,8743,23623,9,360,"2.3","a",0,0,,"false"
"2026-10-06T10:47:46Z",40,"Rogers","CHE","99.6","101.2","104.2","107.2",5,189,"40.7",77,176808,76783,29,437,"5.3","a",0,2,,"false"
"2026-10-06T10:47:46Z",101,"Henderson","CHE","0.0","0.0","0.0","0.0",0,0,"0.0",49,553,174,2,90,"0.7","a",0,-1,,"false"
"2026-10-06T10:47:46Z",136,"Welbeck","CHE","7.5","7.6","7.8","7.9",1,12,"1.0",59,8776,10058,4,85,"1.3","a",0,-1,,"false"
"2026-10-06T10:47:46Z",140,"Sánchez","CHE","0.0","0.0","0.0","0.0",0,-7,"0.7",49,0,5278,2,90,"0.0","u",0,-1,,"false"
"2026-10-06T10:47:46Z",141,"Jörgensen","CHE","0.0","0.0","0.0","0.0",0,0,"0.0",50,0,34,0,0,"0.0","u",0,0,,"false"
"2026-10-06T10:47:46Z",142,"James","CHE","-0.8","-1.2","-1.8","-2.3",-1,-65,"5.7",53,706,83474,3,292,"0.7","d",-1,-2,,"false"
"2026-10-06T10:47:46Z",143,"Chalobah","CHE","0.0","0.0","0.0","0.0",0,0,"0.1",55,0,348,0,0,"0.0","u",0,0,,"false"
"2026-10-06T10:47:46Z",144,"Gusto","CHE","-4.1","-4.1","-4.1","-4.1",-1,0,"0.9",49,1714,7245,4,272,"0.7","a",-1,-1,,"false"
"2026-10-06T10:47:46Z",145,"Fofana","CHE","5.1","5.1","5.2","5.3",1,5,"0.2",50,2864,1423,8,312,"2.7","a",0,0,,"false"
"2026-10-06T10:47:46Z",146,"B.Badiashile","CHE","0.0","0.0","0.0","0.0",0,0,"0.0",45,0,49,0,0,"0.0","u",0,0,,"false"
"2026-10-06T10:47:46Z",148,"Hato","CHE","13.3","13.3","13.2","13.2",1,-5,"0.8",45,950,7868,8,258,"1.0","a",0,0,,"false"
"2026-10-06T10:47:46Z",149,"Colwill","CHE","-10.7","-10.7","-10.7","-10.7",-1,0,"0.9",48,1274,5780,3,341,"0.7","a",-1,-2,,"false"
"2026-10-06T10:47:46Z",150,"M.Sarr","CHE","0.0","0.0","0.0","0.0",0,0,"0.0",45,0,184,0,0,"0.0","u",0,0,,"false"
"2026-10-06T10:47:46Z",151,"Acheampong","CHE","-13.8","-14.3","-15.3","-16.3",-1,-2,"0.3",45,462,2083,5,221,"0.3","a",0,0,,"false"
"2026-10-06T10:47:46Z",152,"Palestra","CHE","-3.2","-3.8","-5.0","-6.3",-1,-8,"0.6",53,286,4302,0,0,"0.0","d",0,-2,,"false"
"2026-10-06T10:47:46Z",154,"Palmer","CHE","-19.8","-21.0","-23.4","-25.8",-2,-278,"25.4",97,52974,195739,28,442,"2.7","d",0,2,,"false"
"2026-10-06T10:47:46Z",156,"Neto","CHE","-6.2","-6.2","-6.1","-6.1",-1,1,"1.4",65,6082,10292,14,332,"2.0","a",0,0,,"false"
"2026-10-06T10:47:46Z",157,"Estêvão","CHE","-34.4","-34.1","-33.5","-32.9",-2,3,"0.7",63,2038,4571,4,23,"1.0","a",0,-2,,"false"
"2026-10-06T10:47:46Z",158,"Gittens","CHE","-5.2","-5.2","-5.2","-5.2",-1,0,"0.0",58,159,272,0,0,"0.0","d",-1,-2,,"false"
"2026-10-06T10:47:46Z",159,"Caicedo","CHE","-4.5","-5.0","-6.1","-7.1",-1,-12,"1.0",53,448,9676,1,13,"0.0","d",0,-2,,"false"
"2026-10-06T10:47:46Z",161,"Lavia","CHE","4.9","5.0","5.0","5.0",1,2,"0.2",50,498,2604,11,258,"1.0","a",0,0,,"false"
"2026-10-06T10:47:46Z",163,"D.Essugo","CHE","0.0","0.0","0.0","0.0",0,-3,"0.1",45,0,784,0,0,"0.0","u",0,0,,"false"
"2026-10-06T10:47:46Z",164,"Quenda","CHE","-29.9","-29.9","-29.9","-29.9",-2,0,"0.0",53,77,190,2,27,"0.3","a",0,-2,,"false"
"2026-10-06T10:47:46Z",165,"João Pedro","CHE","-2.6","-2.7","-2.9","-3.1",-1,-277,"64.8",77,73582,424635,33,360,"4.3","d",-1,2,,"false"
"2026-10-06T10:47:46Z",168,"Marc Guiu","CHE","0.0","0.0","0.0","0.0",0,0,"0.2",50,0,1671,0,0,"0.0","u",0,0,,"false"
"2026-10-06T10:47:46Z",169,"Mheuka","CHE","4.8","4.8","4.8","4.8",1,-1,"0.5",45,4859,3783,0,0,"0.0","a",0,0,,"false"
"2026-10-06T10:47:46Z",170,"Emegha","CHE","-1.1","-1.1","-1.1","-1.1",-1,0,"0.1",49,98,1168,0,0,"0.0","i",-1,-1,,"false"
"2026-10-06T10:47:46Z",200,"Lacroix","CHE","-8.0","-7.9","-7.9","-7.8",-1,5,"6.8",59,9270,31631,13,364,"2.0","a",-1,-1,,"false"
"2026-10-06T10:47:46Z",560,"Penders","CHE","-1.6","-1.6","-1.6","-1.6",-1,0,"0.1",44,255,321,0,0,"0.0","a",0,-1,,"false"
"2026-10-06T10:47:46Z",561,"Anselmino","CHE","-0.7","-0.7","-0.7","-0.7",-1,0,"0.0",45,73,113,0,0,"0.0","a",0,0,,"false"
"2026-10-06T10:47:46Z",568,"Barco","CHE","-16.0","-16.0","-16.0","-16.0",-1,0,"0.1",54,257,483,3,115,"0.7","a",0,-1,,"false"
"2026-10-06T10:47:46Z",583,"Chavarria","CHE","-52.8","-52.8","-52.8","-52.8",-3,0,"0.2",49,489,600,5,208,"1.0","a",0,-1,,"false"
"2026-10-06T10:47:46Z",662,"Nicoll-Jazuli","CHE","0.0","0.0","0.0","0.0",0,0,"0.0",45,358,79,1,3,"1.0","a",0,0,,"false"
"2026-10-06T10:47:46Z",91,"Pinnock","COV","-74.4","-74.4","-74.4","-74.4",-3,0,"0.1",45,462,260,14,282,"5.0","a",0,0,,"false"
"2026-10-06T10:47:46Z",104,"Onyeka","COV","-37.5","-37.5","-37.5","-37.5",-2,0,"0.1",49,186,494,9,314,"2.5","a",0,-1,,"false"
"2026-10-06T10:47:46Z",110,"Rushworth","COV","-62.4","-62.4","-62.4","-62.4",-3,0,"0.8",45,2864,6375,16,450,"5.5","a",0,0,,"false"
"2026-10-06T10:47:46Z",171,"Dovin","COV","0.0","0.0","0.0","0.0",0,-4,"1.0",40,0,5275,0,0,"0.0","u",0,0,,"false"
"2026-10-06T10:47:46Z",172,"Wilson","COV","-7.0","-7.0","-7.0","-7.0",-1,0,"0.4",44,261,752,0,0,"0.0","a",0,-1,,"false"
"2026-10-06T10:47:46Z",173,"Thomas","COV","18.6","18.6","18.6","18.6",1,0,"8.5",40,31060,35699,24,437,"4.5","a",0,0,,"false"
"2026-10-06T10:47:46Z",174,"Kitching","COV","0.0","0.0","0.0","0.0",0,-3,"0.3",40,0,2031,0,0,"0.0","u",0,0,,"false"
"2026-10-06T10:47:46Z",175,"van Ewijk","COV","-53.9","-54.1","-54.6","-55.1",-3,-47,"8.6",40,1230,83435,6,360,"0.0","d",0,0,,"false"
"2026-10-06T10:47:46Z",176,"Dasilva","COV","-28.8","-27.8","-25.9","-24.0",-2,9,"0.7",40,7535,2123,20,444,"7.5","a",0,0,,"false"
"2026-10-06T10:47:46Z",177,"Kesler-Hayden","COV","0.2","0.2","0.2","0.2",1,0,"0.1",39,4016,1013,0,0,"0.0","i",-1,-1,,"false"
"2026-10-06T10:47:46Z",178,"Bidwell","COV","-33.0","-33.0","-33.0","-33.0",-2,0,"0.1",40,194,325,0,0,"0.0","a",0,0,,"false"
"2026-10-06T10:47:46Z",179,"Latibeaudiere","COV","-82.8","-82.8","-82.8","-82.8",-3,0,"0.0",40,79,150,1,1,"0.5","a",0,0,,"false"
"2026-10-06T10:47:46Z",180,"Woolfenden","COV","0.0","0.0","0.0","0.0",0,0,"0.1",39,186,581,0,0,"0.0","i",-1,-1,,"false"
"2026-10-06T10:47:46Z",181,"Brau","COV","0.0","0.0","0.0","0.0",0,0,"0.0",40,0,113,0,0,"0.0","u",0,0,,"false"
"2026-10-06T10:47:46Z",182,"Amenda","COV","-60.4","-60.8","-61.5","-62.3",-3,-7,"0.6",40,44,7358,4,360,"0.0","i",0,0,,"false"
"2026-10-06T10:47:46Z",183,"Rudoni","COV","0.1","0.1","0.1","0.1",1,0,"0.1",49,1021,772,13,297,"3.5","a",0,-1,,"false"
"2026-10-06T10:47:46Z",184,"Grimes","COV","-32.4","-34.9","-39.8","-44.6",-2,-3,"0.1",49,201,948,11,443,"2.5","a",0,-1,,"false"
"2026-10-06T10:47:46Z",185,"Sakamoto","COV","-26.9","-29.7","-35.2","-40.6",-2,-2,"0.1",48,133,422,1,31,"0.0","a",0,-2,,"false"
"2026-10-06T10:47:46Z",186,"Mason-Clark","COV","-2.8","-2.8","-2.8","-2.8",-1,0,"0.1",53,79,378,5,231,"1.0","a",-1,-2,,"false"
"2026-10-06T10:47:46Z",187,"Eccles","COV","-5.0","-5.0","-5.0","-5.0",-1,0,"0.0",48,25,100,0,0,"0.0","i",-1,-2,,"false"
"2026-10-06T10:47:46Z",188,"Torp","COV","-13.7","-14.4","-15.5","-16.7",-1,-1,"0.1",53,46,481,3,53,"0.5","a",-1,-2,,"false"
"2026-10-06T10:47:46Z",189,"Shepherd","COV","0.8","0.8","0.8","0.8",1,0,"0.3",44,4408,2807,0,0,"0.0","a",0,-1,,"false"
"2026-10-06T10:47:46Z",190,"Tchaouna","COV","-90.5","-92.3","-95.9","-99.5",-3,-2,"0.1",54,27,393,5,211,"0.5","a",0,-1,,"false"
"2026-10-06T10:47:46Z",191,"Borges Rodrigues","COV","0.0","0.0","0.0","0.0",0,0,"0.1",45,0,751,0,0,"0.0","u",0,0,,"false"
"2026-10-06T10:47:46Z",192,"Andrews","COV","0.0","0.0","0.0","0.0",0,-1,"0.3",45,0,2160,0,0,"0.0","u",0,0,,"false"
"2026-10-06T10:47:46Z",193,"Wright","COV","-1.1","-1.1","-1.1","-1.1",-1,0,"0.1",53,51,609,0,0,"0.0","i",-1,-2,,"false"
"2026-10-06T10:47:46Z",194,"Thomas-Asante","COV","3.2","3.2","3.3","3.3",1,3,"0.8",50,9247,6575,9,227,"2.5","a",0,0,,"false"
"2026-10-06T10:47:46Z",195,"Simms","COV","-0.1","-0.4","-1.0","-1.6",-1,-4,"0.6",49,2287,5717,4,104,"0.5","a",-1,-1,,"false"
"2026-10-06T10:47:46Z",196,"Markelo","COV","0.0","0.0","0.0","0.0",0,0,"0.0",50,0,65,0,0,"0.0","u",0,0,,"false"
"2026-10-06T10:47:46Z",197,"Bassette","COV","0.0","0.0","0.0","0.0",0,0,"0.0",45,0,157,0,0,"0.0","u",0,0,,"false"
"2026-10-06T10:47:46Z",492,"Awoniyi","COV","-15.8","-16.3","-17.4","-18.4",-1,-12,"0.4",54,82,5459,3,232,"-1.0","s",-1,-1,,"false"
"2026-10-06T10:47:46Z",575,"Yirenkyi","COV","-3.4","-3.4","-3.4","-3.4",-1,0,"0.1",48,324,1082,9,265,"2.0","a",-1,-2,,"false"
"2026-10-06T10:47:46Z",584,"Hamer","COV","-92.8","-92.8","-92.8","-92.8",-3,0,"0.1",54,43,421,3,32,"0.0","a",0,-1,,"false"
"2026-10-06T10:47:46Z",599,"Cherif","COV","-6.4","-5.4","-3.5","-1.5",-1,1,"0.1",50,589,809,1,30,"0.5","a",0,0,,"false"
"2026-10-06T10:47:46Z",623,"Bentley","COV","2.3","2.4","2.4","2.5",1,3,"0.6",40,9023,2615,0,0,"0.0","a",0,0,,"false"
"2026-10-06T10:47:46Z",655,"Gboho","COV","0.0","0.0","0.0","0.0",0,0,"0.0",55,80,54,0,0,"0.0","a",0,0,,"false"
"2026-10-06T10:47:46Z",656,"Mfuni","COV","0.1","0.1","0.1","0.1",1,1,"0.1",40,2003,931,6,90,"3.0","a",0,0,,"false"
"2026-10-06T10:47:46Z",42,"Guessand","CRY","-30.4","-30.4","-30.4","-30.4",-2,0,"0.0",54,121,282,2,54,"0.0","a",0,-1,,"false"
"2026-10-06T10:47:46Z",153,"Disasi","CRY","-69.6","-71.5","-75.2","-78.9",-3,-4,"0.1",45,29,847,1,139,"-1.5","s",0,0,,"false"
"2026-10-06T10:47:46Z",198,"Henderson","CRY","-0.7","-0.9","-1.1","-1.4",-1,-10,"1.3",49,161,12257,5,270,"0.0","i",-1,-1,,"false"
"2026-10-06T10:47:46Z",199,"Benitez","CRY","-24.0","-24.0","-24.0","-24.0",-2,0,"0.1",45,765,424,8,180,"4.0","a",0,0,,"false"
"2026-10-06T10:47:46Z",202,"Richards","CRY","0.0","0.0","0.0","0.0",0,0,"0.6",49,1824,2402,14,450,"5.0","a",-1,-1,,"false"
"2026-10-06T10:47:46Z",203,"Canvot","CRY","-0.2","0.0","0.0","0.1",0,2,"0.2",48,486,954,10,360,"4.0","a",-1,-2,,"false"
"2026-10-06T10:47:46Z",204,"Mitchell","CRY","28.7","28.7","28.8","28.8",2,3,"6.1",45,17096,18238,24,419,"4.0","a",0,0,,"false"
"2026-10-06T10:47:46Z",205,"Sosa","CRY","0.0","0.0","0.0","0.0",0,0,"0.0",45,0,120,0,0,"0.0","u",0,0,,"false"
"2026-10-06T10:47:46Z",206,"Chadi Riad","CRY","-6.1","-6.1","-6.1","-6.1",-1,0,"0.0",43,27,144,1,72,"0.0","i",-1,-2,,"false"
"2026-10-06T10:47:46Z",207,"Mingueza","CRY","-95.7","-95.7","-95.7","-95.7",-4,0,"0.1",44,97,308,2,16,"0.0","a",0,-1,,"false"
"2026-10-06T10:47:46Z",208,"Sarr","CRY","0.1","0.1","0.2","0.3",1,4,"0.6",62,2808,2428,1,8,"0.5","a",0,-3,,"false"
"2026-10-06T10:47:46Z",210,"Wharton","CRY","-3.3","-3.4","-3.7","-3.9",-1,-2,"0.7",54,1266,4838,12,436,"2.0","a",-1,-1,,"false"
"2026-10-06T10:47:46Z",211,"Yeremy","CRY","4.9","4.9","4.9","4.8",1,-3,"0.3",55,755,2915,14,307,"1.5","a",0,0,,"false"
"2026-10-06T10:47:46Z",212,"Hughes","CRY","-23.0","-23.2","-23.6","-24.0",-2,-18,"7.3",44,9683,48299,2,29,"0.5","a",0,-1,,"false"
"2026-10-06T10:47:46Z",213,"Lerma","CRY","-3.1","-3.1","-3.1","-3.1",-1,0,"0.1",48,99,409,1,51,"0.5","a",-1,-2,,"false"
"2026-10-06T10:47:46Z",214,"Kamada","CRY","12.3","12.3","12.3","12.3",1,0,"0.5",50,3585,3345,21,441,"5.5","a",0,0,,"false"
"2026-10-06T10:47:46Z",215,"Devenny","CRY","0.0","0.0","0.0","0.0",0,0,"0.0",50,0,40,0,0,"0.0","u",0,0,,"false"
"2026-10-06T10:47:46Z",216,"Esse","CRY","0.0","0.0","0.0","0.0",0,0,"0.0",50,0,135,0,0,"0.0","u",0,0,,"false"
"2026-10-06T10:47:46Z",217,"M.França","CRY","0.0","0.0","0.0","0.0",0,0,"0.0",49,0,166,0,0,"0.0","u",0,-1,,"false"
"2026-10-06T10:47:46Z",218,"Doucouré","CRY","-3.1","-3.1","-3.1","-3.1",-1,0,"0.0",48,120,310,0,0,"0.0","a",-1,-2,,"false"
"2026-10-06T10:47:46Z",219,"J.Rak-Sakyi","CRY","0.0","0.0","0.0","0.0",0,0,"0.0",49,0,29,0,0,"0.0","u",0,-1,,"false"
"2026-10-06T10:47:46Z",220,"Cardines","CRY","0.0","0.0","0.0","0.0",0,0,"0.0",45,0,3,0,0,"0.0","u",0,0,,"false"
"2026-10-06T10:47:46Z",221,"Drakes-Thomas","CRY","-0.1","-0.1","-0.1","-0.1",-1,0,"0.1",44,161,457,0,0,"0.0","a",-1,-1,,"false"
"2026-10-06T10:47:46Z",222,"Strand Larsen","CRY","5.8","5.9","6.0","6.2",1,9,"0.7",60,5813,4331,14,298,"5.0","a",0,0,,"false"
"2026-10-06T10:47:46Z",223,"Mateta","CRY","-28.8","-29.0","-29.3","-29.5",-2,-6,"1.3",63,239,9852,2,62,"0.0","i",0,-2,,"false"
"2026-10-06T10:47:46Z",224,"Nketiah","CRY","-20.3","-20.6","-21.3","-21.9",-2,-2,"0.5",55,1421,3616,8,175,"0.5","a",0,0,,"false"
"2026-10-06T10:47:46Z",225,"Uche","CRY","0.0","0.0","0.0","0.0",0,0,"0.0",50,0,0,0,0,"0.0","u",0,0,,"false"
"2026-10-06T10:47:46Z",241,"McNeil","CRY","-0.6","-0.6","-0.6","-0.6",-1,0,"0.1",53,85,530,3,84,"0.0","a",-1,-2,,"false"
"2026-10-06T10:47:46Z",555,"Matthews","CRY","-10.0","-10.0","-10.0","-10.0",-1,0,"1.7",40,1225,3236,0,0,"0.0","a",0,0,,"false"
"2026-10-06T10:47:46Z",577,"Tomiyasu","CRY","-16.9","-17.2","-17.8","-18.4",-1,-2,"0.3",44,149,1341,3,189,"0.5","d",0,-1,,"false"
"2026-10-06T10:47:46Z",588,"Khalaili","CRY","7.1","7.1","7.0","7.0",1,-3,"0.3",50,2231,1474,19,379,"6.5","d",0,0,,"false"
"2026-10-06T10:47:46Z",595,"Gozo","CRY","-2.0","-2.0","-2.0","-2.0",-1,0,"0.0",49,41,96,2,28,"0.5","a",-1,-1,,"false"
"2026-10-06T10:47:46Z",633,"Ahanor","CRY","0.1","0.1","0.1","0.1",1,0,"0.0",45,148,115,3,90,"1.5","a",0,0,,"false"
"2026-10-06T10:47:46Z",643,"Chilwell","CRY","-81.0","-81.4","-82.1","-82.9",-3,-2,"0.4",45,620,3139,8,29,"0.5","a",0,0,,"false"
"2026-10-06T10:47:46Z",644,"Timber","CRY","0.2","0.2","0.3","0.3",1,2,"0.0",50,501,339,9,253,"3.5","a",0,0,,"false"
"2026-10-06T10:47:46Z",647,"Osorio","CRY","-82.0","-82.0","-82.0","-82.0",-3,0,"0.0",55,29,81,1,1,"0.0","a",0,0,,"false"
"2026-10-06T10:47:46Z",21,"Nørgaard","EVE","-0.9","-0.9","-0.9","-0.9",-1,0,"0.0",48,65,361,0,0,"0.0","i",-1,-2,,"false"
"2026-10-06T10:47:46Z",209,"Johnson","EVE","-21.1","-21.1","-21.1","-21.1",-2,0,"0.1",59,475,785,9,238,"2.3","a",0,-1,,"false"
"2026-10-06T10:47:46Z",226,"Pickford","EVE","31.7","31.7","31.7","31.8",2,3,"9.2",55,31342,17837,25,450,"5.0","a",0,0,,"false"
"2026-10-06T10:47:46Z",227,"Travers","EVE","-35.1","-35.1","-35.1","-35.1",-2,0,"0.0",50,270,286,0,0,"0.0","a",0,0,,"false"
"2026-10-06T10:47:46Z",228,"King","EVE","-45.6","-45.6","-45.6","-45.6",-3,0,"0.0",45,123,187,0,0,"0.0","a",0,0,,"false"
"2026-10-06T10:47:46Z",229,"Tarkowski","EVE","2.3","2.7","3.4","4.1",1,121,"16.8",62,253246,25662,43,450,"8.3","a",1,2,,"false"
"2026-10-06T10:47:46Z",230,"Branthwaite","EVE","38.8","39.0","39.5","39.9",2,25,"2.4",55,22415,8302,27,450,"5.7","a",0,0,,"false"
"2026-10-06T10:47:46Z",231,"Keane","EVE","-43.3","-43.2","-42.9","-42.7",-3,1,"0.7",48,443,4119,0,0,"0.0","a",0,-2,,"false"
"2026-10-06T10:47:46Z",232,"O'Brien","EVE","-5.3","-5.3","-5.3","-5.3",-1,0,"0.3",48,370,1274,2,16,"0.7","a",-1,-2,,"false"
"2026-10-06T10:47:46Z",233,"Mykolenko","EVE","0.8","0.8","0.6","0.4",1,-30,"4.1",46,41869,29596,27,450,"5.7","d",1,1,,"false"
"2026-10-06T10:47:46Z",234,"Patterson","EVE","0.0","0.0","0.0","0.0",0,0,"0.0",45,0,138,0,0,"0.0","u",0,0,,"false"
"2026-10-06T10:47:46Z",235,"Aznou","EVE","0.0","0.0","0.0","0.0",0,-1,"0.1",40,0,614,0,0,"0.0","u",0,0,,"false"
"2026-10-06T10:47:46Z",236,"Dewsbury-Hall","EVE","-18.8","-19.2","-20.0","-20.8",-1,-28,"5.9",66,36216,53185,20,450,"2.3","a",1,1,,"false"
"2026-10-06T10:47:46Z",238,"Grealish","EVE","9.4","9.5","9.5","9.5",1,2,"0.5",65,4242,3250,6,135,"1.7","a",0,0,,"false"
"2026-10-06T10:47:46Z",239,"Garner","EVE","3.7","3.7","3.7","3.7",1,0,"0.2",60,2023,2242,11,328,"3.0","a",0,0,,"false"
"2026-10-06T10:47:46Z",242,"George","EVE","31.9","31.8","31.7","31.5",2,-10,"0.9",55,2703,11727,19,309,"4.7","a",0,0,,"false"
"2026-10-06T10:47:46Z",243,"Alcaraz","EVE","-51.1","-53.1","-57.1","-61.0",-3,-2,"0.1",49,168,434,1,5,"0.0","a",0,-1,,"false"
"2026-10-06T10:47:46Z",244,"Armstrong","EVE","10.0","10.0","10.0","10.0",1,0,"0.4",50,946,3533,16,446,"2.0","a",0,0,,"false"
"2026-10-06T10:47:46Z",245,"Dibling","EVE","-96.7","-96.7","-96.7","-96.7",-4,0,"0.0",54,126,165,1,24,"0.3","a",0,-1,,"false"
"2026-10-06T10:47:46Z",246,"Röhl","EVE","-51.8","-51.8","-51.8","-51.8",-3,0,"0.0",49,8,623,6,249,"0.3","i",0,-1,,"false"
"2026-10-06T10:47:46Z",247,"Hackney","EVE","-6.3","-6.3","-6.3","-6.3",-1,0,"0.2",54,215,1168,10,137,"2.0","a",-1,-1,,"false"
"2026-10-06T10:47:46Z",248,"Beto","EVE","0.0","0.0","0.0","0.0",0,-7,"0.6",54,0,7886,2,31,"0.0","u",0,-1,,"false"
"2026-10-06T10:47:46Z",249,"Barry","EVE","0.9","1.0","1.2","1.4",1,32,"8.3",57,93964,44823,20,417,"3.3","a",1,2,,"false"
"2026-10-06T10:47:46Z",649,"Maitland-Niles","EVE","18.9","19.0","19.1","19.2",1,9,"1.4",45,21137,5468,21,177,"7.0","a",0,0,,"false"
"2026-10-06T10:47:46Z",654,"Graham","EVE","-38.3","-38.3","-38.3","-38.3",-2,0,"0.1",45,251,1051,0,0,"0.0","a",0,0,,"false"
"2026-10-06T10:47:46Z",250,"Leno","FUL","10.3","10.5","11.0","11.4",1,29,"3.4",45,46927,13636,18,450,"6.0","a",0,0,,"false"
"2026-10-06T10:47:46Z",251,"Lecomte","FUL","-25.8","-25.8","-25.8","-25.8",-2,0,"1.1",40,2822,2832,0,0,"0.0","a",0,0,,"false"
"2026-10-06T10:47:46Z",252,"McNally","FUL","0.0","0.0","0.0","0.0",0,0,"0.1",40,0,652,0,0,"0.0","u",0,0,,"false"
"2026-10-06T10:47:46Z",253,"Andersen","FUL","0.9","0.9","1.0","1.0",1,2,"0.2",50,3039,1221,3,190,"0.5","a",0,0,,"false"
"2026-10-06T10:47:46Z",254,"Robinson","FUL","-15.7","-14.2","-11.3","-8.4",-1,26,"1.5",45,19150,7751,12,429,"4.0","a",0,0,,"false"
"2026-10-06T10:47:46Z",255,"J.Cuenca","FUL","-80.0","-80.0","-80.0","-80.0",-3,0,"0.0",45,68,122,3,90,"0.0","a",0,0,,"false"
"2026-10-06T10:47:46Z",256,"Tete","FUL","-1.6","-1.0","0.0","0.0",-1,1,"0.2",44,73,1086,0,27,"0.0","a",0,-1,,"false"
"2026-10-06T10:47:46Z",257,"Bassey","FUL","0.7","0.9","1.2","1.6",1,23,"0.7",45,7319,2181,15,450,"6.0","a",0,0,,"false"
"2026-10-06T10:47:46Z",258,"Castagne","FUL","15.8","16.0","16.4","16.7",1,22,"1.0",45,17097,5579,20,408,"3.5","a",0,0,,"false"
"2026-10-06T10:47:46Z",261,"Iwobi","FUL","-59.4","-58.8","-57.8","-56.8",-3,4,"0.7",54,4230,3627,14,408,"4.0","a",0,-1,,"false"
"2026-10-06T10:47:46Z",262,"Smith Rowe","FUL","-1.6","-1.2","-0.3","0.0",-1,2,"0.2",53,339,1414,3,38,"0.5","a",-1,-2,,"false"
"2026-10-06T10:47:46Z",263,"Kevin","FUL","-13.8","-16.3","-21.2","-26.1",-1,-1,"0.0",53,216,309,4,61,"1.0","a",0,-2,,"false"
"2026-10-06T10:47:46Z",264,"Bobb","FUL","-44.9","-43.1","-39.6","-36.0",-3,6,"0.3",55,2858,1982,13,343,"3.0","a",0,0,,"false"
"2026-10-06T10:47:46Z",265,"Berge","FUL","-36.7","-37.1","-37.8","-38.5",-2,-1,"0.3",49,712,1416,11,349,"3.0","a",0,-1,,"false"
"2026-10-06T10:47:46Z",266,"Cairney","FUL","-13.5","-13.5","-13.5","-13.5",-1,0,"0.0",49,12,21,0,0,"0.0","i",0,-1,,"false"
"2026-10-06T10:47:46Z",268,"King","FUL","100.6","102.7","106.6","110.5",5,248,"2.8",55,111857,21675,24,425,"2.5","a",0,0,,"false"
"2026-10-06T10:47:46Z",269,"Sessegnon","FUL","-2.3","-2.3","-2.3","-2.3",-1,0,"0.3",43,342,1396,3,50,"0.0","a",-1,-2,,"false"
"2026-10-06T10:47:46Z",270,"Reed","FUL","-13.5","-13.8","-14.4","-15.0",-1,-4,"1.1",44,2966,7397,0,0,"0.0","a",0,-1,,"false"
"2026-10-06T10:47:46Z",271,"Muniz","FUL","-54.0","-54.4","-55.2","-56.0",-3,-2,"0.4",54,1947,2893,3,38,"0.5","a",0,-1,,"false"
"2026-10-06T10:47:46Z",272,"Kusi-Asare","FUL","-69.3","-69.6","-70.0","-70.4",-3,-14,"5.4",45,11964,36017,0,0,"0.0","a",0,0,,"false"
"2026-10-06T10:47:46Z",569,"Gonzalo","FUL","65.3","66.2","67.9","69.6",3,110,"4.1",60,85614,36385,14,425,"2.0","a",0,0,,"false"
"2026-10-06T10:47:46Z",570,"Palacios","FUL","-7.7","-7.7","-7.7","-7.7",-1,0,"0.2",54,757,1013,12,226,"0.5","a",0,-1,,"false"
"2026-10-06T10:47:46Z",580,"Charles","FUL","-75.5","-68.6","-55.2","-41.8",-3,6,"0.1",50,818,502,13,303,"4.5","a",0,0,,"false"
"2026-10-06T10:47:46Z",610,"De Fougerolles","FUL","0.0","0.0","0.0","0.0",0,0,"0.1",40,0,526,0,0,"0.0","u",0,0,,"false"
"2026-10-06T10:47:46Z",626,"Zepa","FUL","0.3","0.3","0.3","0.3",1,0,"0.3",44,1176,2447,0,0,"0.0","a",-1,-1,,"false"
"2026-10-06T10:47:46Z",635,"Larsson","FUL","0.0","0.0","0.0","0.0",0,0,"0.0",50,101,77,3,37,"1.0","a",0,0,,"false"
"2026-10-06T10:47:46Z",636,"Ángel","FUL","0.0","0.0","0.0","0.0",0,0,"0.0",50,36,29,0,0,"0.0","a",0,0,,"false"
"2026-10-06T10:47:46Z",650,"Affengruber","FUL","1.8","1.9","2.2","2.5",1,18,"0.1",45,9160,2137,12,180,"6.0","a",0,0,,"false"
"2026-10-06T10:47:46Z",240,"Iroegbunam","HUL","0.1","0.1","0.1","0.1",1,0,"0.0",50,82,146,2,70,"0.5","a",0,0,,"false"
"2026-10-06T10:47:46Z",273,"Phillips","HUL","-30.7","-30.8","-30.9","-31.1",-2,-1,"1.4",40,3321,3936,0,0,"0.0","a",0,0,,"false"
"2026-10-06T10:47:46Z",274,"Butland","HUL","-1.0","-1.0","-1.0","-1.0",-1,0,"0.1",44,72,344,0,0,"0.0","i",-1,-1,,"false"
"2026-10-06T10:47:46Z",275,"Cartwright","HUL","0.0","0.0","0.0","0.0",0,0,"0.0",40,0,31,0,0,"0.0","u",0,0,,"false"
"2026-10-06T10:47:46Z",276,"Lo-Tutala","HUL","0.0","0.0","0.0","0.0",0,0,"0.0",40,0,121,0,0,"0.0","u",0,0,,"false"
"2026-10-06T10:47:46Z",277,"Egan","HUL","27.8","27.7","27.7","27.6",2,-4,"7.0",41,30745,32397,26,437,"1.5","a",0,1,,"false"
"2026-10-06T10:47:46Z",278,"Hughes","HUL","0.5","0.4","0.4","0.4",1,-1,"0.2",39,1204,2091,0,0,"0.0","i",0,-1,,"false"
"2026-10-06T10:47:46Z",279,"Ajayi","HUL","73.9","73.9","73.8","73.7",3,-5,"13.9",42,47577,63910,27,423,"1.0","a",0,2,,"false"
"2026-10-06T10:47:46Z",280,"Coyle","HUL","0.2","0.2","0.2","0.1",1,-3,"0.7",40,2243,2258,14,348,"1.0","a",0,0,,"false"
"2026-10-06T10:47:46Z",281,"Drameh","HUL","0.0","0.0","0.0","0.0",0,0,"0.0",40,0,267,2,65,"0.0","u",0,0,,"false"
"2026-10-06T10:47:46Z",282,"Giles","HUL","75.2","75.2","75.2","75.1",3,-2,"2.9",40,23237,15235,24,444,"2.0","a",0,0,,"false"
"2026-10-06T10:47:46Z",283,"Jacob","HUL","0.0","0.0","0.0","0.0",0,0,"0.0",40,0,39,0,0,"0.0","u",0,0,,"false"
"2026-10-06T10:47:46Z",284,"McCarthy","HUL","0.5","0.5","0.5","0.5",1,0,"0.1",40,422,473,0,0,"0.0","a",0,0,,"false"
"2026-10-06T10:47:46Z",285,"McNair","HUL","-45.6","-45.6","-45.6","-45.6",-3,0,"0.1",40,207,445,1,26,"0.0","a",0,0,,"false"
"2026-10-06T10:47:46Z",286,"Belloumi","HUL","41.1","41.4","41.9","42.5",3,36,"5.2",51,84387,28568,31,394,"8.5","a",0,1,,"false"
"2026-10-06T10:47:46Z",287,"Millar","HUL","0.0","0.0","0.0","0.0",0,0,"0.0",50,0,330,6,50,"0.0","u",0,0,,"false"
"2026-10-06T10:47:46Z",288,"Dowell","HUL","-0.3","-0.6","-1.3","-1.9",-1,-2,"0.3",44,648,2169,0,0,"0.0","a",-1,-1,,"false"
"2026-10-06T10:47:46Z",289,"Crooks","HUL","0.7","0.7","0.7","0.7",1,-2,"0.5",44,5440,4598,3,203,"0.5","a",-1,-1,,"false"
"2026-10-06T10:47:46Z",290,"Slater","HUL","79.7","79.5","79.2","78.9",3,-19,"5.2",45,17288,41282,15,437,"2.0","a",0,0,,"false"
"2026-10-06T10:47:46Z",291,"Matazo","HUL","-18.2","-18.2","-18.2","-18.2",-1,0,"0.0",45,34,64,0,0,"0.0","i",0,0,,"false"
"2026-10-06T10:47:46Z",292,"Ömür","HUL","-13.6","-13.6","-13.6","-13.6",-1,0,"0.0",49,90,157,0,0,"0.0","a",0,-1,,"false"
"2026-10-06T10:47:46Z",293,"Kamara","HUL","0.0","0.0","0.0","0.0",0,0,"0.0",50,0,14,0,0,"0.0","u",0,0,,"false"
"2026-10-06T10:47:46Z",294,"Zambrano","HUL","-25.2","-25.2","-25.2","-25.2",-2,0,"0.1",45,160,519,0,0,"0.0","a",0,0,,"false"
"2026-10-06T10:47:46Z",295,"McBurnie","HUL","29.6","29.5","29.3","29.0",2,-14,"1.9",55,9122,19476,13,441,"2.5","a",0,0,,"false"
"2026-10-06T10:47:46Z",296,"Akintola","HUL","0.0","0.0","0.0","0.0",0,0,"0.0",50,0,292,0,0,"0.0","u",0,0,,"false"
"2026-10-06T10:47:46Z",297,"Gyabi","HUL","-0.9","-0.9","-0.9","-0.9",-1,0,"0.0",44,71,158,0,0,"0.0","i",-1,-1,,"false"
"2026-10-06T10:47:46Z",298,"Destan","HUL","0.0","0.0","0.0","0.0",0,0,"0.2",45,0,1483,0,0,"0.0","u",0,0,,"false"
"2026-10-06T10:47:46Z",299,"Burstow","HUL","0.0","0.0","0.0","0.0",0,0,"0.0",45,0,233,0,0,"0.0","u",0,0,,"false"
"2026-10-06T10:47:46Z",340,"Gelhardt","HUL","0.0","0.0","0.0","0.0",0,0,"0.0",50,103,119,1,7,"0.5","a",0,0,,"false"
"2026-10-06T10:47:46Z",556,"Targett","HUL","-81.6","-81.8","-82.2","-82.7",-3,-8,"1.6",40,120,10735,1,5,"0.0","d",0,0,,"false"
"2026-10-06T10:47:46Z",563,"Morita","HUL","-1.6","-1.6","-1.6","-1.6",-1,0,"0.0",49,24,194,1,45,"0.0","i",-1,-1,,"false"
"2026-10-06T10:47:46Z",572,"Tzolakis","HUL","1.1","1.2","1.4","1.6",1,33,"12.8",47,135100,25826,34,450,"4.0","a",1,2,,"false"
"2026-10-06T10:47:46Z",574,"Hjertø-Dahl","HUL","-81.8","-81.8","-81.8","-81.8",-3,0,"0.1",49,81,347,1,8,"0.0","a",0,-1,,"false"
"2026-10-06T10:47:46Z",576,"Stroud","HUL","-59.0","-60.3","-62.7","-65.2",-3,-1,"0.1",50,151,502,7,249,"0.5","a",0,0,,"false"
"2026-10-06T10:47:46Z",585,"Herrington","HUL","-29.9","-29.9","-29.9","-29.9",-2,0,"0.6",40,1112,1840,5,197,"1.0","a",0,0,,"false"
"2026-10-06T10:47:46Z",586,"Mendy","HUL","-1.0","-1.0","-1.1","-1.2",-1,-4,"6.2",41,8014,35037,25,249,"0.5","a",0,1,,"false"
"2026-10-06T10:47:46Z",589,"Gourna-Douath","HUL","-86.2","-86.2","-86.2","-86.2",-3,0,"0.0",50,33,113,4,138,"0.5","a",0,0,,"false"
"2026-10-06T10:47:46Z",617,"Cho","HUL","0.2","0.2","0.2","0.2",1,0,"0.0",50,376,164,9,72,"3.5","a",0,0,,"false"
"2026-10-06T10:47:46Z",632,"Ansah","HUL","-73.6","-76.5","-82.0","-87.5",-3,-2,"0.0",50,80,454,0,0,"0.0","i",0,0,,"false"
"2026-10-06T10:47:46Z",637,"Vaz","HUL","1.4","1.3","1.2","1.2",1,-5,"0.1",50,1983,1259,2,20,"1.0","a",0,0,,"false"
"2026-10-06T10:47:46Z",638,"Norton-Cuffy","HUL","-30.5","-30.9","-31.6","-32.4",-2,-2,"0.2",40,462,2756,1,34,"0.0","d",0,0,,"false"
"2026-10-06T10:47:46Z",642,"Thomas","HUL","0.3","0.3","0.3","0.3",1,0,"0.0",55,530,371,4,119,"1.5","a",0,0,,"false"
"2026-10-06T10:47:46Z",645,"Mouzakitis","HUL","0.0","0.0","0.0","0.0",0,0,"0.0",50,98,94,0,0,"0.0","a",0,0,,"false"
"2026-10-06T10:47:46Z",259,"Diop","IPS","-57.6","-57.7","-57.8","-57.9",-3,-8,"12.6",40,7934,60852,12,450,"2.5","a",0,0,,"false"
"2026-10-06T10:47:46Z",267,"Lukić","IPS","-5.9","-4.9","-2.9","-0.9",-1,2,"0.1",49,231,575,11,400,"1.5","a",-1,-1,,"false"
"2026-10-06T10:47:46Z",300,"Walton","IPS","-6.5","-6.5","-6.5","-6.5",-1,0,"0.4",44,1974,1193,2,90,"1.0","a",0,-1,,"false"
"2026-10-06T10:47:46Z",301,"Palmer","IPS","-27.8","-27.9","-28.0","-28.1",-2,-3,"3.9",40,4464,13119,0,0,"0.0","a",0,0,,"false"
"2026-10-06T10:47:46Z",302,"Button","IPS","1.2","1.2","1.2","1.2",1,0,"0.6",40,1699,1469,0,0,"0.0","a",0,0,,"false"
"2026-10-06T10:47:46Z",303,"Kipré","IPS","3.3","3.3","3.3","3.3",1,0,"0.9",39,4910,4767,0,0,"0.0","a",0,-1,,"false"
"2026-10-06T10:47:46Z",304,"O'Shea","IPS","-43.8","-43.9","-44.3","-44.6",-3,-6,"2.7",40,2303,15978,10,450,"1.5","a",0,0,,"false"
"2026-10-06T10:47:46Z",305,"Davis","IPS","78.9","79.2","79.8","80.4",3,37,"7.0",40,58758,31232,25,450,"8.0","a",0,0,,"false"
"2026-10-06T10:47:46Z",306,"Greaves","IPS","-98.7","-99.1","-99.9","-100.7",-4,-5,"1.1",40,529,3855,3,357,"0.5","a",0,0,,"false"
"2026-10-06T10:47:46Z",307,"Johnson","IPS","0.0","0.0","0.0","0.0",0,0,"0.1",40,0,396,0,0,"0.0","u",0,0,,"false"
"2026-10-06T10:47:46Z",308,"Furlong","IPS","2.2","2.2","2.3","2.3",1,2,"0.6",39,6886,3252,1,17,"0.0","a",0,-1,,"false"
"2026-10-06T10:47:46Z",309,"Núñez","IPS","-42.0","-42.0","-42.0","-42.0",-3,0,"0.1",49,104,721,6,140,"0.0","a",0,-1,,"false"
"2026-10-06T10:47:46Z",310,"Matusiwa","IPS","-2.3","-2.3","-2.3","-2.3",-1,0,"0.0",49,17,20,0,0,"0.0","a",0,-1,,"false"
"2026-10-06T10:47:46Z",311,"Burns","IPS","0.0","0.0","0.0","0.0",0,0,"0.0",50,0,9,0,0,"0.0","u",0,0,,"false"
"2026-10-06T10:47:46Z",312,"Taylor","IPS","0.1","0.1","0.1","0.1",1,0,"0.0",44,398,307,0,0,"0.0","i",-1,-1,,"false"
"2026-10-06T10:47:46Z",313,"Clarke","IPS","-92.1","-92.1","-92.1","-92.1",-3,0,"0.2",54,195,1015,11,170,"1.5","a",0,-1,,"false"
"2026-10-06T10:47:46Z",314,"Ogbene","IPS","0.0","0.0","0.0","0.0",0,0,"0.0",49,0,68,0,0,"0.0","u",0,-1,,"false"
"2026-10-06T10:47:46Z",315,"Fatawu","IPS","-40.2","-40.7","-41.7","-42.6",-3,-3,"0.2",54,67,2743,8,352,"0.0","s",0,-1,,"false"
"2026-10-06T10:47:46Z",316,"Emersonn","IPS","91.7","92.1","92.8","93.6",3,49,"3.6",55,40563,25073,26,317,"7.0","a",0,0,,"false"
"2026-10-06T10:47:46Z",317,"Hirst","IPS","0.0","0.0","0.0","0.0",0,0,"0.1",50,0,524,0,0,"0.0","u",0,0,,"false"
"2026-10-06T10:47:46Z",318,"Philogene","IPS","-9.0","-9.0","-9.0","-9.0",-1,0,"0.1",54,38,175,2,52,"1.0","a",0,-1,,"false"
"2026-10-06T10:47:46Z",319,"Szmodics","IPS","0.0","0.0","0.0","0.0",0,0,"0.0",50,0,15,0,0,"0.0","u",0,0,,"false"
"2026-10-06T10:47:46Z",320,"Akpom","IPS","25.7","25.6","25.5","25.4",2,-8,"1.2",50,5330,10264,7,78,"0.5","a",0,0,,"false"
"2026-10-06T10:47:46Z",321,"Walle Egeli","IPS","41.5","41.3","41.1","40.8",3,-16,"3.5",45,20322,29126,1,10,"0.0","a",0,0,,"false"
"2026-10-06T10:47:46Z",322,"Al-Hamadi","IPS","0.0","0.0","0.0","0.0",0,0,"0.0",50,0,407,0,0,"0.0","u",0,0,,"false"
"2026-10-06T10:47:46Z",323,"McAteer","IPS","-1.8","-2.0","-2.4","-2.9",-1,-5,"1.0",44,1750,6995,3,42,"0.0","a",-1,-1,,"false"
"2026-10-06T10:47:46Z",324,"Mehmeti","IPS","-3.5","-3.5","-3.5","-3.5",-1,0,"0.0",48,80,163,0,0,"0.0","a",-1,-2,,"false"
"2026-10-06T10:47:46Z",554,"Van Oevelen","IPS","0.0","0.0","0.0","0.0",0,0,"0.0",45,0,91,0,0,"0.0","u",0,0,,"false"
"2026-10-06T10:47:46Z",562,"Maeda","IPS","-12.1","-12.1","-12.1","-12.1",-1,0,"0.2",53,148,1579,8,259,"1.0","a",-1,-2,,"false"
"2026-10-06T10:47:46Z",564,"Scherpen","IPS","-34.5","-34.2","-33.8","-33.3",-2,2,"0.6",45,769,3024,7,360,"0.5","a",0,0,,"false"
"2026-10-06T10:47:46Z",571,"Florentino","IPS","-3.2","-3.2","-3.2","-3.2",-1,0,"0.1",48,120,368,2,30,"1.0","a",-1,-2,,"false"
"2026-10-06T10:47:46Z",591,"Enciso","IPS","9.3","9.2","9.1","9.1",1,-5,"0.8",55,2756,6636,15,413,"2.0","a",0,0,,"false"
"2026-10-06T10:47:46Z",592,"Ouattara","IPS","-34.6","-35.2","-36.3","-37.4",-2,-6,"0.9",40,788,2235,6,131,"1.5","a",0,0,,"false"
"2026-10-06T10:47:46Z",602,"Humphreys","IPS","0.0","0.0","0.0","0.0",0,0,"0.0",45,0,255,0,0,"0.0","u",0,0,,"false"
"2026-10-06T10:47:46Z",619,"Palacios","IPS","1.1","1.1","1.1","1.1",1,0,"0.1",50,576,905,11,275,"3.0","a",0,0,,"false"
"2026-10-06T10:47:46Z",640,"Flemming","IPS","0.5","0.5","0.5","0.4",1,-3,"0.1",55,1062,1087,6,60,"2.5","a",0,0,,"false"
"2026-10-06T10:47:46Z",260,"Wilson","LEE","-71.3","-72.5","-74.8","-77.1",-3,-63,"1.6",62,78,43677,5,145,"0.5","i",0,-3,,"false"
"2026-10-06T10:47:46Z",326,"Perri","LEE","0.0","0.0","0.0","0.0",0,-2,"0.3",45,0,1415,0,0,"0.0","u",0,0,,"false"
"2026-10-06T10:47:46Z",327,"Bijol","LEE","5.2","5.2","5.2","5.1",1,-2,"0.7",50,869,5897,12,164,"0.0","a",0,0,,"false"
"2026-10-06T10:47:46Z",329,"Rodon","LEE","-7.7","-7.9","-8.3","-8.6",-1,-8,"0.8",43,51,9547,7,123,"0.0","i",-1,-2,,"false"
"2026-10-06T10:47:46Z",330,"Bogle","LEE","64.8","65.5","67.0","68.5",3,92,"7.4",46,139471,29721,42,365,"10.0","a",0,1,,"false"
"2026-10-06T10:47:46Z",331,"Gudmundsson","LEE","1.1","1.1","1.1","1.1",1,1,"0.1",45,672,387,14,252,"6.0","a",0,0,,"false"
"2026-10-06T10:47:46Z",332,"Justin","LEE","19.3","19.3","19.4","19.5",1,4,"1.4",45,5127,6615,26,450,"5.0","a",0,0,,"false"
"2026-10-06T10:47:46Z",333,"Bornauw","LEE","0.0","0.0","0.0","0.0",0,0,"0.0",45,0,6,0,0,"0.0","u",0,0,,"false"
"2026-10-06T10:47:46Z",334,"Muharemović","LEE","41.2","41.2","41.2","41.3",3,2,"4.3",50,33380,27493,27,450,"6.5","a",0,0,,"false"
"2026-10-06T10:47:46Z",335,"Stach","LEE","16.6","16.6","16.5","16.4",1,-7,"2.5",60,5433,21126,27,447,"4.0","a",0,0,,"false"
"2026-10-06T10:47:46Z",336,"Okafor","LEE","1.5","1.5","1.5","1.5",1,0,"0.4",58,2045,3754,18,299,"6.0","a",0,-2,,"false"
"2026-10-06T10:47:46Z",337,"Aaronson","LEE","-10.1","-10.5","-11.3","-12.1",-1,-4,"0.5",53,230,3653,7,194,"1.0","a",-1,-2,,"false"
"2026-10-06T10:47:46Z",338,"Ampadu","LEE","-31.4","-30.9","-30.0","-29.1",-2,5,"0.9",54,1887,5495,21,450,"6.0","a",0,-1,,"false"
"2026-10-06T10:47:46Z",339,"Longstaff","LEE","-0.3","-0.3","-0.3","-0.3",-1,0,"0.1",48,158,679,2,10,"0.5","a",-1,-2,,"false"
"2026-10-06T10:47:46Z",341,"Gnonto","LEE","0.0","0.0","0.0","0.0",0,0,"0.0",50,0,58,0,0,"0.0","u",0,0,,"false"
"2026-10-06T10:47:46Z",342,"Harrison","LEE","0.0","0.0","0.0","0.0",0,0,"0.0",50,0,5,0,0,"0.0","u",0,0,,"false"
"2026-10-06T10:47:46Z",343,"James","LEE","-31.3","-32.9","-35.9","-39.0",-2,-2,"0.1",49,213,611,3,52,"1.0","a",0,-1,,"false"
"2026-10-06T10:47:46Z",344,"Gruev","LEE","0.0","0.0","0.0","0.0",0,0,"0.0",50,51,23,0,0,"0.0","a",0,0,,"false"
"2026-10-06T10:47:46Z",345,"Tanaka","LEE","5.1","5.1","5.1","5.1",1,-1,"0.3",49,2455,2496,14,255,"4.0","a",0,-1,,"false"
"2026-10-06T10:47:46Z",346,"Calvert-Lewin","LEE","72.9","72.5","71.7","71.0",3,-49,"24.8",60,104127,184862,22,419,"6.0","a",0,0,,"false"
"2026-10-06T10:47:46Z",347,"Nmecha","LEE","-28.4","-28.6","-29.0","-29.3",-2,-1,"0.5",54,2203,3983,7,64,"1.0","a",0,-1,,"false"
"2026-10-06T10:47:46Z",348,"Piroe","LEE","0.0","0.0","0.0","0.0",0,0,"0.1",50,0,462,0,0,"0.0","u",0,0,,"false"
"2026-10-06T10:47:46Z",349,"Mateo Joseph","LEE","-44.3","-44.3","-44.3","-44.3",-3,0,"0.1",45,354,525,0,0,"0.0","i",0,0,,"false"
"2026-10-06T10:47:46Z",385,"Trafford","LEE","36.3","36.4","36.7","37.0",2,18,"5.5",50,25754,16900,28,450,"6.5","a",0,0,,"false"
"2026-10-06T10:47:46Z",598,"Elvedi","LEE","0.7","0.7","0.7","0.7",1,0,"0.1",45,281,268,13,326,"4.0","a",0,0,,"false"
"2026-10-06T10:47:46Z",603,"Lienou","LEE","0.1","0.1","0.1","0.1",1,0,"0.1",40,255,542,0,0,"0.0","a",0,0,,"false"
"2026-10-06T10:47:46Z",604,"Cresswell","LEE","-13.7","-13.7","-13.7","-13.7",-1,0,"0.1",45,327,942,0,0,"0.0","a",0,0,,"false"
"2026-10-06T10:47:46Z",625,"Cairns","LEE","0.4","0.4","0.4","0.3",1,-1,"0.2",40,908,838,0,0,"0.0","a",0,0,,"false"
"2026-10-06T10:47:46Z",629,"Zetterer","LEE","2.4","2.4","2.4","2.4",1,1,"0.7",40,3326,2942,0,0,"0.0","a",0,0,,"false"
"2026-10-06T10:47:46Z",641,"Bard","LEE","0.1","0.1","0.1","0.1",1,0,"0.0",45,105,84,1,18,"0.5","a",0,0,,"false"
"2026-10-06T10:47:46Z",648,"Bahoya","LEE","-55.9","-55.9","-55.9","-55.9",-3,0,"0.0",50,120,187,1,1,"0.5","a",0,0,,"false"
"2026-10-06T10:47:46Z",350,"A.Becker","LIV","1.9","2.0","2.1","2.2",1,6,"4.2",55,15443,13067,27,450,"8.5","a",0,0,,"false"
"2026-10-06T10:47:46Z",351,"Mamardashvili","LIV","-0.0","-0.0","-0.0","-0.0",0,0,"0.1",48,277,667,0,0,"0.0","a",-1,-2,,"false"
"2026-10-06T10:47:46Z",352,"Woodman","LIV","-34.3","-34.4","-34.6","-34.8",-2,-1,"1.0",40,848,2547,0,0,"0.0","a",0,0,,"false"
"2026-10-06T10:47:46Z",353,"Pecsi","LIV","0.0","0.0","0.0","0.0",0,0,"0.0",40,0,70,0,0,"0.0","u",0,0,,"false"
"2026-10-06T10:47:46Z",354,"Jaros","LIV","0.1","0.1","0.1","0.1",1,0,"0.0",40,222,171,0,0,"0.0","i",0,0,,"false"
"2026-10-06T10:47:46Z",355,"Davies","LIV","0.1","0.1","0.1","0.1",1,0,"0.2",40,315,498,0,0,"0.0","a",0,0,,"false"
"2026-10-06T10:47:46Z",356,"Virgil","LIV","-63.6","-63.6","-63.5","-63.4",-3,8,"16.2",65,25146,47869,25,450,"8.0","a",0,0,,"false"
"2026-10-06T10:47:46Z",357,"Frimpong","LIV","-42.2","-42.5","-43.3","-44.1",-3,-8,"1.8",53,1762,13563,2,178,"0.5","a",0,-2,,"false"
"2026-10-06T10:47:46Z",358,"Kerkez","LIV","-1.0","-1.1","-1.3","-1.4",-1,-4,"2.2",53,2830,11472,13,385,"3.5","a",-1,-2,,"false"
"2026-10-06T10:47:46Z",359,"Gomez","LIV","0.0","0.0","0.0","0.0",0,0,"0.0",49,355,124,0,0,"0.0","a",0,-1,,"false"
"2026-10-06T10:47:46Z",360,"Bradley","LIV","-91.7","-91.7","-91.7","-91.7",-3,0,"0.0",50,66,91,0,0,"0.0","i",0,0,,"false"
"2026-10-06T10:47:46Z",361,"Lucky","LIV","-58.2","-57.4","-55.7","-54.1",-3,1,"0.1",40,313,619,0,0,"0.0","a",0,0,,"false"
"2026-10-06T10:47:46Z",362,"Jacquet","LIV","60.6","60.2","59.6","59.0",3,-39,"3.5",50,38413,15840,24,415,"7.5","d",0,0,,"false"
"2026-10-06T10:47:46Z",363,"Leoni","LIV","-65.4","-65.4","-65.4","-65.4",-3,0,"0.0",40,74,195,0,0,"0.0","i",0,0,,"false"
"2026-10-06T10:47:46Z",364,"Tsimikas","LIV","-59.2","-59.2","-59.2","-59.2",-3,0,"0.1",49,106,417,2,64,"0.5","a",0,-1,,"false"
"2026-10-06T10:47:46Z",365,"Ramsay","LIV","0.0","0.0","0.0","0.0",0,0,"0.1",40,0,520,0,0,"0.0","u",0,0,,"false"
"2026-10-06T10:47:46Z",366,"Wirtz","LIV","-40.6","-40.9","-41.5","-42.1",-3,-21,"5.7",73,5059,45386,18,402,"4.5","a",0,-2,,"false"
"2026-10-06T10:47:46Z",367,"Gakpo","LIV","-5.5","-6.6","-8.7","-10.8",-1,-246,"12.2",72,52323,111309,32,370,"2.0","d",0,2,,"false"
"2026-10-06T10:47:46Z",368,"Szoboszlai","LIV","-0.7","-0.9","-1.4","-1.8",-1,-150,"32.6",69,40462,235611,20,440,"2.5","a",-1,-1,,"false"
"2026-10-06T10:47:46Z",369,"Ngumoha","LIV","-26.0","-26.0","-26.0","-26.0",-2,0,"0.5",57,885,4536,4,99,"0.5","a",-1,-3,,"false"
"2026-10-06T10:47:46Z",370,"Chiesa","LIV","-6.9","-6.9","-6.9","-6.9",-1,0,"0.0",53,17,267,0,0,"0.0","i",-1,-2,,"false"
"2026-10-06T10:47:46Z",371,"Gravenberch","LIV","-25.3","-25.4","-25.6","-25.7",-2,-2,"1.1",58,1346,9639,9,190,"1.0","a",-1,-2,,"false"
"2026-10-06T10:47:46Z",372,"Mac Allister","LIV","-46.8","-47.0","-47.5","-47.9",-3,-4,"1.3",54,4135,7398,11,306,"3.0","a",0,-1,,"false"
"2026-10-06T10:47:46Z",373,"C.Jones","LIV","0.0","0.0","0.0","0.0",0,0,"0.0",55,0,69,0,0,"0.0","u",0,0,,"false"
"2026-10-06T10:47:46Z",374,"Endo","LIV","-68.5","-68.5","-68.5","-68.5",-3,0,"0.1",49,173,473,0,0,"0.0","a",0,-1,,"false"
"2026-10-06T10:47:46Z",375,"Nyoni","LIV","-92.4","-92.4","-92.4","-92.4",-3,0,"0.0",49,98,322,3,38,"0.5","a",0,-1,,"false"
"2026-10-06T10:47:46Z",376,"Bajcetic","LIV","0.0","0.0","0.0","0.0",0,0,"0.0",50,0,3,0,0,"0.0","u",0,0,,"false"
"2026-10-06T10:47:46Z",377,"Munoz","LIV","6.6","6.5","6.4","6.3",1,-8,"0.9",65,1673,12232,15,257,"1.0","a",0,0,,"false"
"2026-10-06T10:47:46Z",378,"McConnell","LIV","-5.0","-5.0","-5.0","-5.0",-1,0,"0.2",44,1105,1615,0,0,"0.0","a",0,-1,,"false"
"2026-10-06T10:47:46Z",379,"Isak","LIV","-0.1","-1.1","-3.0","-4.9",-1,-220,"22.1",91,120354,107219,33,413,"5.0","d",0,1,,"false"
"2026-10-06T10:47:46Z",380,"Ekitiké","LIV","-30.0","-30.0","-30.0","-30.0",-2,0,"0.1",74,423,902,0,0,"0.0","i",0,-1,,"false"
"2026-10-06T10:47:46Z",381,"Koumas","LIV","-96.6","-96.6","-96.6","-96.6",-4,0,"0.0",50,184,204,3,22,"0.5","a",0,0,,"false"
"2026-10-06T10:47:46Z",382,"Danns","LIV","3.9","3.9","3.9","3.9",1,0,"0.2",45,3788,2591,0,0,"0.0","a",0,0,,"false"
"2026-10-06T10:47:46Z",383,"Elliott","LIV","0.0","0.0","0.0","0.0",0,0,"0.0",54,0,246,0,0,"0.0","u",0,-1,,"false"
"2026-10-06T10:47:46Z",579,"Araujo","LIV","37.0","37.1","37.5","37.8",2,21,"3.1",54,18890,11367,22,284,"6.5","a",0,-1,,"false"
"2026-10-06T10:47:46Z",627,"Barcola","LIV","-67.9","-67.1","-65.4","-63.7",-3,19,"1.9",80,13537,20450,7,168,"3.0","a",0,0,,"false"
"2026-10-06T10:47:46Z",155,"Enzo","MCI","2.2","2.4","2.7","3.1",1,22,"3.7",69,33794,16444,13,271,"4.5","a",0,-1,,"false"
"2026-10-06T10:47:46Z",237,"Ndiaye","MCI","-23.0","-23.4","-24.1","-24.8",-2,-49,"6.7",58,7814,73920,22,385,"3.0","a",-1,-2,,"false"
"2026-10-06T10:47:46Z",384,"Donnarumma","MCI","-56.1","-56.4","-56.9","-57.4",-3,-23,"7.6",55,11591,33205,19,450,"4.5","a",0,0,,"false"
"2026-10-06T10:47:46Z",386,"Bettinelli","MCI","-91.4","-91.4","-91.4","-91.4",-3,0,"0.0",45,63,92,0,0,"0.0","a",0,0,,"false"
"2026-10-06T10:47:46Z",387,"O'Reilly","MCI","-3.9","-4.2","-4.7","-5.2",-1,-108,"10.8",63,5421,81604,6,163,"1.0","d",-1,-2,,"false"
"2026-10-06T10:47:46Z",388,"Guéhi","MCI","68.5","68.3","68.1","67.9",3,-15,"18.1",60,25804,56797,30,450,"5.0","a",0,0,,"false"
"2026-10-06T10:47:46Z",389,"Matheus N.","MCI","-36.5","-36.5","-36.5","-36.5",-2,0,"1.0",59,1841,3222,11,213,"5.0","a",0,-1,,"false"
"2026-10-06T10:47:46Z",390,"Rúben","MCI","4.1","4.1","4.2","4.2",1,4,"1.9",55,5106,9767,17,450,"3.5","a",0,0,,"false"
"2026-10-06T10:47:46Z",391,"Gvardiol","MCI","86.4","86.7","87.2","87.7",3,33,"26.9",57,161043,63316,37,434,"7.5","a",0,2,,"false"
"2026-10-06T10:47:46Z",392,"Aït-Nouri","MCI","-0.5","-0.4","-0.1","0.0",-1,1,"0.4",52,567,2339,0,0,"0.0","a",-1,-3,,"false"
"2026-10-06T10:47:46Z",393,"Khusanov","MCI","-38.6","-38.7","-38.8","-39.0",-2,-1,"1.4",54,1543,9533,9,268,"0.0","a",0,-1,,"false"
"2026-10-06T10:47:46Z",394,"Alleyne","MCI","0.0","0.0","0.0","0.0",0,0,"0.0",50,0,20,0,0,"0.0","u",0,0,,"false"
"2026-10-06T10:47:46Z",395,"Lewis","MCI","-71.1","-71.6","-72.6","-73.6",-3,-1,"0.2",44,344,1283,1,56,"0.0","a",0,-1,,"false"
"2026-10-06T10:47:46Z",396,"Vitor Reis","MCI","-89.3","-89.3","-89.3","-89.3",-3,0,"0.0",45,78,163,1,1,"0.0","a",0,0,,"false"
"2026-10-06T10:47:46Z",397,"Semenyo","MCI","-23.4","-23.8","-24.7","-25.5",-2,-145,"15.1",84,129049,86628,33,450,"10.0","d",0,-1,,"false"
"2026-10-06T10:47:46Z",398,"Foden","MCI","-54.9","-55.5","-56.6","-57.7",-3,-33,"1.8",69,233,30673,9,217,"-1.0","s",0,-1,,"false"
"2026-10-06T10:47:46Z",399,"Cherki","MCI","-57.4","-56.8","-55.6","-54.4",-3,75,"28.4",78,138389,101019,34,302,"4.5","a",0,3,,"false"
"2026-10-06T10:47:46Z",400,"Doku","MCI","0.6","0.6","0.7","0.8",1,6,"0.7",74,5126,2314,1,15,"0.5","a",0,-1,,"false"
"2026-10-06T10:47:46Z",402,"Rodrigo","MCI","0.0","0.0","0.0","0.0",0,0,"0.0",65,0,28,0,0,"0.0","u",0,0,,"false"
"2026-10-06T10:47:46Z",404,"Reijnders","MCI","0.0","0.0","0.0","0.0",0,0,"0.0",60,0,109,0,0,"0.0","u",0,0,,"false"
"2026-10-06T10:47:46Z",406,"Kovačić","MCI","-0.3","-0.3","-0.3","-0.3",-1,0,"0.1",53,123,497,2,42,"0.0","a",-1,-2,,"false"
"2026-10-06T10:47:46Z",407,"Echeverri","MCI","0.0","0.0","0.0","0.0",0,0,"0.0",49,0,59,0,0,"0.0","u",0,-1,,"false"
"2026-10-06T10:47:46Z",408,"Phillips","MCI","0.0","0.0","0.0","0.0",0,0,"0.0",50,0,14,0,0,"0.0","u",0,0,,"false"
"2026-10-06T10:47:46Z",409,"Mukasa","MCI","0.0","0.0","0.0","0.0",0,-1,"0.1",45,0,662,0,0,"0.0","u",0,0,,"false"
"2026-10-06T10:47:46Z",410,"Monga","MCI","0.0","0.0","0.0","0.0",0,0,"0.0",49,0,57,0,0,"0.0","u",0,-1,,"false"
"2026-10-06T10:47:46Z",411,"Haaland","MCI","25.3","25.4","25.7","25.9",2,17,"73.9",156,87092,25076,39,450,"7.5","a",0,1,,"false"
"2026-10-06T10:47:46Z",481,"Anderson","MCI","-45.9","-46.2","-46.7","-47.2",-3,-12,"4.0",63,8700,30069,15,413,"3.5","a",0,-2,,"false"
"2026-10-06T10:47:46Z",587,"Rulli","MCI","-95.3","-95.3","-95.3","-95.3",-4,0,"0.0",50,83,107,0,0,"0.0","a",0,0,,"false"
"2026-10-06T10:47:46Z",616,"Bouaddi","MCI","-36.1","-36.1","-36.1","-36.1",-2,0,"0.2",55,888,2210,2,22,"0.0","a",0,0,,"false"
"2026-10-06T10:47:46Z",621,"McAidoo","MCI","-98.7","-101.5","-107.0","-112.5",-5,-3,"0.1",45,213,1151,2,11,"0.0","a",0,0,,"false"
"2026-10-06T10:47:46Z",622,"Braithwaite","MCI","-42.5","-41.9","-40.7","-39.5",-3,1,"0.2",40,614,1720,1,1,"0.0","a",0,0,,"false"
"2026-10-06T10:47:46Z",628,"Allan","MCI","0.1","0.1","0.1","0.1",1,0,"0.0",60,238,177,0,0,"0.0","a",0,0,,"false"
"2026-10-06T10:47:46Z",653,"Samba","MCI","-42.9","-42.9","-42.9","-42.9",-3,0,"0.0",45,265,512,0,0,"0.0","a",0,0,,"false"
"2026-10-06T10:47:46Z",43,"Tielemans","MUN","-40.7","-41.2","-42.1","-43.0",-3,-8,"1.5",58,3438,11395,14,402,"2.7","a",0,-2,,"false"
"2026-10-06T10:47:46Z",131,"Baleba","MUN","0.1","0.2","0.3","0.4",1,5,"0.1",49,1535,812,0,0,"0.0","a",0,-1,,"false"
"2026-10-06T10:47:46Z",162,"Andrey Santos","MUN","-56.2","-57.2","-59.2","-61.1",-3,-7,"0.6",48,1094,5331,4,82,"0.3","a",0,-2,,"false"
"2026-10-06T10:47:46Z",325,"Darlow","MUN","-26.0","-26.0","-26.0","-26.0",-2,0,"0.0",45,64,239,0,0,"0.0","d",0,0,,"false"
"2026-10-06T10:47:46Z",412,"Lammens","MUN","-18.5","-18.6","-18.8","-18.9",-1,-10,"9.9",49,7581,53159,11,450,"2.7","a",0,-1,,"false"
"2026-10-06T10:47:46Z",413,"Bayindir","MUN","0.0","0.0","0.0","0.0",0,0,"0.0",45,0,44,0,0,"0.0","u",0,0,,"false"
"2026-10-06T10:47:46Z",414,"Heaton","MUN","-38.1","-38.1","-38.1","-38.1",-2,0,"0.1",40,229,302,0,0,"0.0","i",0,0,,"false"
"2026-10-06T10:47:46Z",415,"Dorgu","MUN","-67.4","-68.0","-69.2","-70.4",-3,-7,"0.5",58,1036,4779,10,171,"3.0","d",0,-2,,"false"
"2026-10-06T10:47:46Z",416,"De Ligt","MUN","0.0","0.0","0.0","0.0",0,0,"0.0",49,89,141,0,0,"0.0","i",-1,-1,,"false"
"2026-10-06T10:47:46Z",417,"Dalot","MUN","-83.1","-83.3","-83.7","-84.0",-3,-4,"1.6",49,1489,8160,8,346,"1.7","a",0,-1,,"false"
"2026-10-06T10:47:46Z",418,"Maguire","MUN","-2.5","-2.6","-2.9","-3.1",-1,-19,"8.6",48,5044,79797,10,450,"1.7","a",-1,-2,,"false"
"2026-10-06T10:47:46Z",419,"Martinez","MUN","-0.1","-0.2","-0.5","-0.8",-1,-4,"1.3",49,3996,6865,6,360,"1.7","a",-1,-1,,"false"
"2026-10-06T10:47:46Z",420,"Yoro","MUN","-12.1","-12.1","-12.1","-12.1",-1,0,"0.5",48,503,2323,2,22,"0.3","a",-1,-2,,"false"
"2026-10-06T10:47:46Z",421,"Heaven","MUN","-0.7","-0.7","-0.7","-0.7",-1,0,"0.3",43,278,1599,1,90,"0.0","a",-1,-2,,"false"
"2026-10-06T10:47:46Z",422,"Mazraoui","MUN","-44.0","-44.8","-46.5","-48.2",-3,-9,"0.5",44,613,3151,3,97,"0.3","d",0,-1,,"false"
"2026-10-06T10:47:46Z",423,"Shaw","MUN","-5.6","-5.7","-6.0","-6.3",-1,-23,"7.6",43,4375,81589,9,335,"2.0","a",-1,-2,,"false"
"2026-10-06T10:47:46Z",424,"Amass","MUN","-49.5","-49.5","-49.5","-49.5",-3,0,"0.2",40,449,847,0,0,"0.0","a",0,0,,"false"
"2026-10-06T10:47:46Z",425,"Fredricson","MUN","0.0","0.0","0.0","0.0",0,0,"0.0",40,0,54,0,0,"0.0","u",0,0,,"false"
"2026-10-06T10:47:46Z",426,"B.Fernandes","MUN","-1.3","-1.3","-1.3","-1.3",-1,-4,"38.4",119,52193,211153,31,450,"2.0","a",-1,-1,,"false"
"2026-10-06T10:47:46Z",427,"Mbeumo","MUN","-81.0","-81.0","-80.9","-80.9",-3,4,"20.5",79,43922,141764,25,450,"4.0","a",0,-1,,"false"
"2026-10-06T10:47:46Z",428,"Cunha","MUN","-98.9","-98.5","-97.8","-97.1",-4,26,"5.8",79,25662,23864,26,407,"5.0","a",0,-1,,"false"
"2026-10-06T10:47:46Z",429,"Rashford","MUN","-93.0","-93.6","-94.6","-95.6",-3,-16,"1.4",70,4326,19415,10,351,"2.3","d",0,0,,"false"
"2026-10-06T10:47:46Z",430,"Mount","MUN","0.1","0.1","0.1","0.1",1,0,"0.0",54,201,209,1,10,"0.3","a",0,-1,,"false"
"2026-10-06T10:47:46Z",431,"Amad","MUN","-19.9","-20.2","-20.6","-21.1",-2,-2,"0.3",57,147,2029,0,0,"0.0","i",0,-3,,"false"
"2026-10-06T10:47:46Z",432,"Mainoo","MUN","14.0","13.8","13.5","13.2",1,-20,"1.6",55,8064,16846,22,354,"5.7","d",0,0,,"false"
"2026-10-06T10:47:46Z",433,"Ugarte","MUN","-73.2","-73.2","-73.2","-73.2",-3,0,"0.0",50,25,26,0,0,"0.0","i",0,0,,"false"
"2026-10-06T10:47:46Z",434,"J.Fletcher","MUN","-40.1","-40.1","-40.1","-40.1",-3,0,"0.0",49,47,60,0,0,"0.0","a",0,-1,,"false"
"2026-10-06T10:47:46Z",435,"Lacey","MUN","-5.3","-5.3","-5.3","-5.3",-1,0,"0.1",49,396,383,1,10,"0.0","a",0,-1,,"false"
"2026-10-06T10:47:46Z",436,"Collyer","MUN","0.0","0.0","0.0","0.0",0,0,"0.0",50,0,49,0,0,"0.0","u",0,0,,"false"
"2026-10-06T10:47:46Z",437,"Bendito Mantato","MUN","0.0","0.0","0.0","0.0",0,0,"0.2",44,507,949,0,0,"0.0","a",-1,-1,,"false"
"2026-10-06T10:47:46Z",438,"Fletcher","MUN","0.4","0.4","0.4","0.4",1,0,"0.3",44,2668,2275,0,0,"0.0","a",0,-1,,"false"
"2026-10-06T10:47:46Z",439,"Šeško","MUN","-48.4","-49.3","-51.0","-52.8",-3,-31,"1.6",70,6759,26001,8,76,"2.0","d",0,0,,"false"
"2026-10-06T10:47:46Z",440,"Zirkzee","MUN","-8.6","-8.6","-8.6","-8.6",-1,0,"0.4",53,2156,3347,2,20,"0.7","a",-1,-2,,"false"
"2026-10-06T10:47:46Z",441,"Obi","MUN","0.0","0.0","0.0","0.0",0,-13,"0.9",45,0,11994,0,0,"0.0","u",0,0,,"false"
"2026-10-06T10:47:46Z",405,"N.Gonzalez","NEW","0.9","0.9","0.9","1.0",1,1,"0.2",55,701,1917,5,164,"0.5","a",0,0,,"false"
"2026-10-06T10:47:46Z",442,"Pope","NEW","-48.1","-48.1","-48.1","-48.1",-3,0,"0.9",49,947,3368,0,0,"0.0","a",0,-1,,"false"
"2026-10-06T10:47:46Z",443,"Gillespie","NEW","-41.2","-41.2","-41.2","-41.2",-3,0,"0.0",45,47,91,0,0,"0.0","a",0,0,,"false"
"2026-10-06T10:47:46Z",444,"Jaouen","NEW","-7.9","-7.9","-7.9","-7.9",-1,0,"0.0",44,20,133,0,0,"0.0","d",-1,-1,,"false"
"2026-10-06T10:47:46Z",445,"Thiaw","NEW","19.1","19.1","19.1","19.2",1,4,"2.2",50,10037,11227,14,450,"3.0","a",0,0,,"false"
"2026-10-06T10:47:46Z",446,"Schär","NEW","-12.0","-11.5","-10.6","-9.6",-1,1,"0.2",49,632,984,2,25,"0.5","a",0,-1,,"false"
"2026-10-06T10:47:46Z",447,"Botman","NEW","10.5","10.5","10.5","10.5",1,1,"0.7",50,5449,3422,15,450,"3.0","a",0,0,,"false"
"2026-10-06T10:47:46Z",448,"Burn","NEW","-4.9","-5.0","-5.1","-5.3",-1,-3,"0.7",48,125,6305,0,0,"0.0","i",-1,-2,,"false"
"2026-10-06T10:47:46Z",449,"Hall","NEW","9.7","10.3","11.4","12.4",1,182,"17.5",53,270479,24750,31,449,"6.5","a",1,3,,"false"
"2026-10-06T10:47:46Z",450,"Livramento","NEW","1.6","1.6","1.5","1.5",1,-2,"0.1",49,465,1635,4,33,"1.5","d",0,-1,,"false"
"2026-10-06T10:47:46Z",451,"A.Murphy","NEW","0.0","0.0","0.0","0.0",0,0,"0.1",40,0,317,0,0,"0.0","u",0,0,,"false"
"2026-10-06T10:47:46Z",453,"Barnes","NEW","19.1","19.7","20.8","22.0",1,197,"5.9",61,179675,26168,28,450,"5.5","a",1,1,,"false"
"2026-10-06T10:47:46Z",454,"Elanga","NEW","-46.5","-47.3","-48.8","-50.4",-3,-196,"4.4",61,352,176219,18,232,"0.0","i",-1,1,,"false"
"2026-10-06T10:47:46Z",456,"J.Ramsey","NEW","-0.1","-0.1","-0.1","-0.1",-1,0,"0.2",48,79,5041,7,69,"0.0","i",-1,-2,,"false"
"2026-10-06T10:47:46Z",457,"J.Murphy","NEW","-21.5","-22.2","-23.6","-25.0",-2,-1,"0.1",59,1054,883,3,181,"0.5","a",0,-1,,"false"
"2026-10-06T10:47:46Z",458,"Joelinton","NEW","-68.1","-68.1","-68.1","-68.1",-3,0,"0.0",54,21,91,0,0,"0.0","i",0,-1,,"false"
"2026-10-06T10:47:46Z",459,"L.Miley","NEW","0.6","0.6","0.5","0.4",1,-5,"0.1",55,495,602,12,396,"2.0","d",0,0,,"false"
"2026-10-06T10:47:46Z",460,"Willock","NEW","16.6","16.7","16.8","17.0",1,8,"0.6",50,10634,3143,22,284,"5.5","a",0,0,,"false"
"2026-10-06T10:47:46Z",461,"Touré","NEW","-13.2","-11.8","-9.2","-6.6",-1,2,"0.1",58,369,930,8,50,"3.5","a",0,-2,,"false"
"2026-10-06T10:47:46Z",462,"Steur","NEW","-56.7","-56.7","-56.7","-56.7",-3,0,"0.1",49,286,422,8,223,"2.5","a",0,-1,,"false"
"2026-10-06T10:47:46Z",463,"Woltemade","NEW","0.0","0.0","0.0","0.0",0,-6,"0.5",59,0,3998,4,19,"0.0","u",0,-1,,"false"
"2026-10-06T10:47:46Z",464,"Wissa","NEW","67.9","68.2","68.9","69.6",3,42,"18.7",62,100184,151232,15,441,"1.0","a",0,2,,"false"
"2026-10-06T10:47:46Z",465,"Osula","NEW","-9.7","-9.9","-10.1","-10.3",-1,-2,"0.3",58,138,2617,4,55,"0.0","i",-1,-2,,"false"
"2026-10-06T10:47:46Z",466,"Neave","NEW","0.0","0.0","0.0","0.0",0,-4,"0.5",45,0,4180,0,0,"0.0","u",0,0,,"false"
"2026-10-06T10:47:46Z",559,"Bamba","NEW","-76.6","-76.6","-76.6","-76.6",-3,0,"0.1",49,132,526,3,27,"1.0","a",0,-1,,"false"
"2026-10-06T10:47:46Z",567,"Horníček","NEW","25.4","25.5","25.5","25.6",2,4,"1.5",50,7904,5691,14,450,"2.0","a",0,0,,"false"
"2026-10-06T10:47:46Z",593,"Dedić","NEW","-14.5","-15.3","-16.8","-18.2",-1,-44,"1.8",45,284,40666,13,327,"0.0","i",0,0,,"false"
"2026-10-06T10:47:46Z",609,"Shahar","NEW","0.0","0.0","0.0","0.0",0,-2,"0.2",40,0,1951,0,0,"0.0","u",0,0,,"false"
"2026-10-06T10:47:46Z",634,"Fernandez-Pardo","NEW","0.9","0.9","1.0","1.1",1,6,"0.1",60,2340,1546,4,157,"1.5","a",0,0,,"false"
"2026-10-06T10:47:46Z",659,"Miley","NEW","0.0","0.0","0.0","0.0",0,0,"0.0",45,1499,678,0,0,"0.0","a",0,0,,"false"
"2026-10-06T10:47:46Z",663,"Pivas","NEW","0.0","0.0","0.0","0.0",0,0,"0.0",40,429,68,0,0,"0.0","a",0,0,,"false"
"2026-10-06T10:47:46Z",664,"Salia","NEW","0.2","0.3","0.4","0.5",1,6,"0.1",45,10642,1802,0,0,"0.0","a",0,0,,"false"
"2026-10-06T10:47:46Z",665,"Mills","NEW","0.0","0.0","0.0","0.0",0,0,"0.0",45,171,34,0,0,"0.0","a",0,0,,"false"
"2026-10-06T10:47:46Z",666,"Thompson","NEW","0.0","0.0","0.0","0.0",0,0,"0.0",45,249,37,0,0,"0.0","a",0,0,,"false"
"2026-10-06T10:47:46Z",167,"Delap","NFO","-26.7","-27.4","-28.7","-30.0",-2,-22,"2.7",56,26343,31128,9,277,"3.0","a",1,1,,"false"
"2026-10-06T10:47:46Z",201,"Muñoz","NFO","-51.4","-51.6","-51.9","-52.2",-3,-10,"5.7",54,8650,32603,5,257,"2.0","a",0,-1,,"false"
"2026-10-06T10:47:46Z",467,"Sels","NFO","4.6","4.5","4.3","4.1",1,-13,"1.6",50,2264,6775,14,450,"2.5","a",0,0,,"false"
"2026-10-06T10:47:46Z",468,"John","NFO","-79.2","-79.2","-79.2","-79.2",-3,0,"0.1",45,67,166,0,0,"0.0","a",0,0,,"false"
"2026-10-06T10:47:46Z",469,"N.Williams","NFO","25.4","25.2","24.9","24.7",2,-17,"8.7",50,12444,51433,19,450,"2.0","a",0,0,,"false"
"2026-10-06T10:47:46Z",470,"Morato","NFO","0.0","0.0","0.0","0.0",0,0,"0.0",50,0,126,0,0,"0.0","u",0,0,,"false"
"2026-10-06T10:47:46Z",471,"Milenković","NFO","-15.6","-15.7","-16.0","-16.3",-1,-9,"1.0",54,70,13166,12,270,"0.0","i",-1,-1,,"false"
"2026-10-06T10:47:46Z",472,"Murillo","NFO","26.0","26.0","26.0","25.9",2,-1,"2.1",55,9612,9080,23,449,"5.0","a",0,0,,"false"
"2026-10-06T10:47:46Z",473,"Aina","NFO","-4.0","-4.3","-4.8","-5.3",-1,-13,"2.4",44,1172,21965,8,306,"1.0","a",-1,-1,,"false"
"2026-10-06T10:47:46Z",474,"Jair Cunha","NFO","-50.7","-50.7","-50.7","-50.7",-3,0,"0.2",45,299,690,11,360,"0.5","a",0,0,,"false"
"2026-10-06T10:47:46Z",475,"Savona","NFO","-19.3","-19.3","-19.3","-19.3",-1,0,"0.0",45,21,20,0,0,"0.0","i",0,0,,"false"
"2026-10-06T10:47:46Z",476,"O.Richards","NFO","-72.4","-72.9","-73.8","-74.8",-3,-1,"0.2",40,333,798,0,0,"0.0","a",0,0,,"false"
"2026-10-06T10:47:46Z",477,"Abbott","NFO","0.0","0.0","0.0","0.0",0,0,"0.1",40,0,897,0,0,"0.0","u",0,0,,"false"
"2026-10-06T10:47:46Z",478,"Netz","NFO","-8.8","-8.8","-8.8","-8.8",-1,0,"0.0",44,61,127,3,27,"0.5","a",0,-1,,"false"
"2026-10-06T10:47:46Z",479,"Bindon","NFO","0.0","0.0","0.0","0.0",0,0,"0.1",40,0,575,0,0,"0.0","u",0,0,,"false"
"2026-10-06T10:47:46Z",480,"Gibbs-White","NFO","54.6","54.6","54.5","54.4",3,-7,"15.7",80,74652,94167,28,450,"5.0","a",0,0,,"false"
"2026-10-06T10:47:46Z",482,"Hudson-Odoi","NFO","-42.8","-43.5","-44.8","-46.2",-3,-1,"0.1",58,297,1234,1,1,"0.0","a",0,-2,,"false"
"2026-10-06T10:47:46Z",483,"Ndoye","NFO","14.0","14.0","13.8","13.7",1,-8,"0.7",55,845,8710,15,316,"1.0","a",0,0,,"false"
"2026-10-06T10:47:46Z",484,"Hutchinson","NFO","0.0","0.0","0.0","0.0",0,0,"0.1",54,0,402,0,0,"0.0","u",0,-1,,"false"
"2026-10-06T10:47:46Z",485,"Bakwa","NFO","0.0","0.0","0.0","0.0",0,0,"0.0",55,0,38,0,0,"0.0","u",0,0,,"false"
"2026-10-06T10:47:46Z",486,"McAtee","NFO","2.4","2.4","2.3","2.3",1,-2,"0.1",55,384,981,12,416,"2.5","a",0,0,,"false"
"2026-10-06T10:47:46Z",487,"Dominguez","NFO","-73.9","-73.9","-73.9","-73.9",-3,0,"0.1",49,66,314,1,1,"0.0","a",0,-1,,"false"
"2026-10-06T10:47:46Z",488,"I.Sangaré","NFO","-0.7","-1.0","-1.6","-2.2",-1,-3,"0.4",48,341,3368,4,105,"1.0","a",-1,-2,,"false"
"2026-10-06T10:47:46Z",489,"Yates","NFO","-96.4","-96.7","-97.3","-97.9",-4,-4,"1.2",45,650,7882,0,0,"0.0","a",0,0,,"false"
"2026-10-06T10:47:46Z",490,"Wood","NFO","-43.7","-43.8","-44.0","-44.2",-3,-1,"0.9",58,2253,6935,4,62,"1.0","a",0,-2,,"false"
"2026-10-06T10:47:46Z",491,"Igor Jesus","NFO","-0.7","-0.8","-1.0","-1.1",-1,-3,"2.6",58,8355,25064,12,257,"4.0","a",0,-2,,"false"
"2026-10-06T10:47:46Z",493,"Kalimuendo","NFO","0.0","0.0","0.0","0.0",0,0,"0.1",54,252,449,1,1,"0.0","a",0,-1,,"false"
"2026-10-06T10:47:46Z",558,"Schlager","NFO","0.5","0.5","0.5","0.5",1,0,"0.1",50,238,858,13,376,"2.5","a",0,0,,"false"
"2026-10-06T10:47:46Z",581,"Diomande","NFO","-53.4","-53.4","-53.4","-53.4",-3,0,"0.5",54,1679,2443,7,163,"3.0","a",0,-1,,"false"
"2026-10-06T10:47:46Z",590,"Benda","NFO","0.0","0.0","0.0","0.0",0,0,"0.1",45,140,250,0,0,"0.0","a",0,0,,"false"
"2026-10-06T10:47:46Z",112,"Van Hecke","TOT","-19.1","-19.7","-21.0","-22.2",-1,-90,"6.4",49,19644,38690,24,450,"7.0","d",0,-1,,"false"
"2026-10-06T10:47:46Z",147,"Tosin","TOT","-42.9","-43.6","-44.9","-46.2",-3,-1,"0.1",44,115,599,1,5,"0.5","a",0,-1,,"false"
"2026-10-06T10:47:46Z",401,"Marmoush","TOT","40.5","40.5","40.4","40.4",3,-2,"2.1",70,13699,23567,8,339,"2.0","a",0,0,,"false"
"2026-10-06T10:47:46Z",403,"Sávio","TOT","11.2","11.1","10.9","10.8",1,-10,"0.6",65,3336,7697,8,240,"2.5","a",0,0,,"false"
"2026-10-06T10:47:46Z",455,"Tonali","TOT","-22.0","-22.2","-22.7","-23.2",-2,-10,"1.8",53,2548,16226,14,427,"2.5","a",-1,-2,,"false"
"2026-10-06T10:47:46Z",494,"Vicario","TOT","0.0","0.0","0.0","0.0",0,0,"0.1",45,0,762,0,0,"0.0","u",0,0,,"false"
"2026-10-06T10:47:46Z",495,"Austin","TOT","2.3","2.3","2.4","2.4",1,2,"1.0",40,2122,2344,0,0,"0.0","a",0,0,,"false"
"2026-10-06T10:47:46Z",496,"Kinsky","TOT","-55.2","-55.5","-55.9","-56.4",-3,-47,"17.2",45,21232,121442,18,450,"4.5","a",0,0,,"false"
"2026-10-06T10:47:46Z",497,"Dubravka","TOT","-26.4","-26.4","-26.5","-26.7",-2,-13,"17.1",40,30525,53242,0,0,"0.0","a",0,0,,"false"
"2026-10-06T10:47:46Z",498,"Senesi","TOT","-60.8","-61.0","-61.5","-62.1",-3,-11,"3.5",58,1326,23048,3,90,"0.0","a",0,-2,,"false"
"2026-10-06T10:47:46Z",499,"Pedro Porro","TOT","-35.3","-35.8","-36.7","-37.7",-2,-82,"7.5",54,1779,81486,9,198,"0.5","d",0,-1,,"false"
"2026-10-06T10:47:46Z",500,"Romero","TOT","0.0","0.0","0.0","0.0",0,0,"0.1",50,0,316,0,0,"0.0","u",0,0,,"false"
"2026-10-06T10:47:46Z",502,"Robertson","TOT","0.2","0.1","-0.1","-0.7",1,-9,"2.5",44,6518,14393,17,366,"5.5","a",0,-1,,"false"
"2026-10-06T10:47:46Z",503,"Van de Ven","TOT","-24.6","-24.8","-25.1","-25.4",-2,-7,"3.8",50,6857,21629,16,360,"3.5","a",0,0,,"false"
"2026-10-06T10:47:46Z",505,"Spence","TOT","0.0","0.0","0.0","0.0",0,0,"0.2",45,0,1303,0,0,"0.0","u",0,0,,"false"
"2026-10-06T10:47:46Z",506,"Udogie","TOT","-23.6","-23.6","-23.6","-23.6",-2,0,"0.3",44,368,1749,7,86,"0.0","a",0,-1,,"false"
"2026-10-06T10:47:46Z",507,"Phillips","TOT","0.0","0.0","0.0","0.0",0,0,"0.0",45,0,56,0,0,"0.0","u",0,0,,"false"
"2026-10-06T10:47:46Z",508,"Davies","TOT","1.8","1.8","1.9","1.9",1,4,"0.9",39,8138,4343,0,0,"0.0","a",-1,-1,,"false"
"2026-10-06T10:47:46Z",509,"Byfield","TOT","-5.0","-5.0","-5.0","-5.0",-1,0,"0.1",40,131,262,0,0,"0.0","a",0,0,,"false"
"2026-10-06T10:47:46Z",510,"Rowswell","TOT","-17.8","-14.4","-7.9","-1.3",-1,3,"0.1",40,175,365,0,0,"0.0","a",0,0,,"false"
"2026-10-06T10:47:46Z",511,"Souza","TOT","0.0","0.0","0.0","0.0",0,-2,"0.2",40,0,952,0,0,"0.0","u",0,0,,"false"
"2026-10-06T10:47:46Z",512,"Kudus","TOT","2.3","2.4","2.5","2.5",1,5,"0.2",65,2597,1299,7,123,"2.5","a",0,0,,"false"
"2026-10-06T10:47:46Z",513,"Xavi","TOT","-17.8","-17.8","-17.8","-17.8",-1,0,"0.0",59,59,86,0,0,"0.0","i",0,-1,,"false"
"2026-10-06T10:47:46Z",514,"Tel","TOT","-31.3","-31.9","-33.0","-34.2",-2,-2,"0.2",57,214,2114,8,257,"0.5","a",-1,-3,,"false"
"2026-10-06T10:47:46Z",515,"Maddison","TOT","-76.2","-76.7","-77.8","-78.9",-3,-3,"0.4",63,853,2127,3,59,"1.0","a",0,-2,,"false"
"2026-10-06T10:47:46Z",516,"Bentancur","TOT","-81.6","-82.6","-84.5","-86.4",-3,-2,"0.2",55,450,845,15,370,"3.5","a",0,0,,"false"
"2026-10-06T10:47:46Z",517,"Odobert","TOT","0.0","0.0","0.0","0.0",0,0,"0.0",55,32,15,0,0,"0.0","i",0,0,,"false"
"2026-10-06T10:47:46Z",518,"P.M.Sarr","TOT","0.0","0.0","0.0","0.0",0,0,"0.1",49,0,728,0,0,"0.0","u",0,-1,,"false"
"2026-10-06T10:47:46Z",519,"Gallagher","TOT","0.1","0.1","0.1","0.1",1,0,"0.2",53,872,725,9,134,"3.0","a",0,-2,,"false"
"2026-10-06T10:47:46Z",520,"Bergvall","TOT","-4.1","-4.6","-5.4","-6.2",-1,-1,"0.1",53,115,668,3,78,"1.0","a",-1,-2,,"false"
"2026-10-06T10:47:46Z",521,"Kulusevski","TOT","-82.5","-82.5","-82.5","-82.5",-3,0,"0.0",65,109,80,0,0,"0.0","i",0,0,,"false"
"2026-10-06T10:47:46Z",522,"Gray","TOT","-28.6","-30.5","-34.3","-38.2",-2,-4,"0.2",49,504,1312,9,307,"2.5","a",0,-1,,"false"
"2026-10-06T10:47:46Z",523,"Moore","TOT","0.0","0.0","0.0","0.0",0,0,"0.1",50,0,580,3,89,"0.0","u",0,0,,"false"
"2026-10-06T10:47:46Z",524,"Olusesi","TOT","8.3","8.2","8.2","8.1",1,-4,"1.0",44,6228,8029,0,0,"0.0","a",0,-1,,"false"
"2026-10-06T10:47:46Z",525,"Fernandes","TOT","-12.8","-13.0","-13.6","-14.1",-1,-4,"0.8",57,522,7171,7,249,"2.0","a",-1,-3,,"false"
"2026-10-06T10:47:46Z",526,"Solanke","TOT","-34.0","-34.5","-35.5","-36.6",-2,-5,"0.8",58,2244,6199,7,170,"2.0","a",0,-2,,"false"
"2026-10-06T10:47:46Z",527,"Richarlison","TOT","0.0","0.0","0.0","0.0",0,-4,"0.6",59,0,6281,2,67,"0.0","u",0,-1,,"false"
"2026-10-06T10:47:46Z",528,"Scarlett","TOT","0.0","0.0","0.0","0.0",0,-8,"1.1",45,0,8633,0,0,"0.0","u",0,0,,"false"
"2026-10-06T10:47:46Z",578,"Mudryk","TOT","-13.8","-13.8","-13.8","-13.8",-1,0,"0.0",53,23,592,1,16,"0.0","i",-1,-2,,"false"
"2026-10-06T10:47:46Z",601,"Williams-Barnett","TOT","-57.0","-57.8","-59.4","-61.0",-3,-1,"0.1",45,178,797,0,0,"0.0","a",0,0,,"false"
"2026-10-06T10:47:46Z",501,"Danso","SUN","-86.2","-85.3","-83.7","-82.0",-3,2,"0.2",50,1272,906,3,270,"0.5","a",0,0,,"false"
"2026-10-06T10:47:46Z",529,"Roefs","SUN","-18.3","-18.5","-18.9","-19.3",-1,-6,"2.4",49,2244,12816,11,450,"1.0","a",0,-1,,"false"
"2026-10-06T10:47:46Z",530,"Patterson","SUN","0.0","0.0","0.0","0.0",0,0,"0.1",40,0,388,0,0,"0.0","u",0,0,,"false"
"2026-10-06T10:47:46Z",531,"Ellborg","SUN","-0.2","-0.2","-0.2","-0.2",-1,0,"0.1",44,152,279,0,0,"0.0","a",-1,-1,,"false"
"2026-10-06T10:47:46Z",532,"Ballard","SUN","-59.9","-60.4","-61.3","-62.3",-3,-26,"2.5",49,3667,20030,14,450,"1.0","d",0,-1,,"false"
"2026-10-06T10:47:46Z",533,"Mukiele","SUN","-18.2","-18.2","-18.2","-18.2",-1,0,"1.9",54,5642,9618,13,360,"0.0","a",0,-1,,"false"
"2026-10-06T10:47:46Z",534,"Hume","SUN","-9.2","-9.3","-9.4","-9.6",-1,-5,"2.8",43,1330,32269,10,206,"0.5","a",-1,-2,,"false"
"2026-10-06T10:47:46Z",535,"Alderete","SUN","-7.8","-7.8","-7.8","-7.8",-1,0,"0.2",48,245,1162,1,23,"0.0","a",-1,-2,,"false"
"2026-10-06T10:47:46Z",536,"Reinildo","SUN","-0.2","-0.2","-0.2","-0.2",-1,0,"0.3",44,243,1650,7,360,"-1.0","a",-1,-1,,"false"
"2026-10-06T10:47:46Z",537,"Seelt","SUN","0.0","0.0","0.0","0.0",0,0,"0.0",45,0,23,0,0,"0.0","u",0,0,,"false"
"2026-10-06T10:47:46Z",538,"Hjelde","SUN","0.0","0.0","0.0","0.0",0,0,"0.0",40,0,168,0,0,"0.0","u",0,0,,"false"
"2026-10-06T10:47:46Z",539,"O'Nien","SUN","4.5","4.6","4.6","4.7",1,4,"2.5",39,19195,12905,1,66,"0.0","a",-1,-1,,"false"
"2026-10-06T10:47:46Z",540,"Masuaku","SUN","0.0","0.0","0.0","0.0",0,0,"0.1",40,0,681,0,0,"0.0","u",0,0,,"false"
"2026-10-06T10:47:46Z",541,"Meunier","SUN","-33.0","-32.7","-32.0","-31.2",-2,1,"0.3",45,1845,1005,14,396,"2.5","a",0,0,,"false"
"2026-10-06T10:47:46Z",542,"E.Le Fée","SUN","-4.9","-5.0","-5.2","-5.5",-1,-8,"3.3",57,12736,26616,18,438,"2.5","a",-1,-3,,"false"
"2026-10-06T10:47:46Z",543,"Diarra","SUN","-1.6","-1.6","-1.6","-1.6",-1,0,"0.0",53,20,260,5,28,"0.0","i",-1,-2,,"false"
"2026-10-06T10:47:46Z",544,"Xhaka","SUN","-79.9","-80.1","-80.6","-81.1",-3,-11,"3.6",55,6848,25077,21,450,"1.5","a",0,0,,"false"
"2026-10-06T10:47:46Z",545,"Sadiki","SUN","-80.9","-80.9","-80.9","-80.9",-3,0,"0.2",49,438,1469,10,410,"2.0","a",0,-1,,"false"
"2026-10-06T10:47:46Z",546,"Adingra","SUN","0.0","0.0","0.0","0.0",0,0,"0.0",49,0,202,0,0,"0.0","u",0,-1,,"false"
"2026-10-06T10:47:46Z",547,"Mundle","SUN","-85.9","-85.9","-85.9","-85.9",-3,0,"0.0",49,11,57,1,1,"0.0","i",0,-1,,"false"
"2026-10-06T10:47:46Z",548,"Rigg","SUN","-84.0","-90.6","-103.5","-116.3",-3,-3,"0.0",49,38,252,2,17,"0.0","a",0,-1,,"false"
"2026-10-06T10:47:46Z",549,"Talbi","SUN","-32.2","-31.4","-29.9","-28.3",-2,1,"0.1",53,120,605,1,31,"0.0","a",0,-2,,"false"
"2026-10-06T10:47:46Z",550,"Jocelin.T","SUN","-96.4","-96.4","-96.4","-96.4",-4,0,"0.0",50,45,45,0,0,"0.0","a",0,0,,"false"
"2026-10-06T10:47:46Z",551,"N.Angulo","SUN","1.4","1.4","1.4","1.4",1,0,"0.1",50,558,841,16,313,"3.0","a",0,0,,"false"
"2026-10-06T10:47:46Z",552,"Brobbey","SUN","85.5","85.1","84.6","84.0",3,-38,"6.9",57,198598,54907,24,399,"9.0","d",-1,-3,,"false"
"2026-10-06T10:47:46Z",553,"Isidor","SUN","3.3","3.3","3.3","3.4",1,4,"1.3",55,3909,12375,15,117,"1.0","a",0,0,,"false"
"2026-10-06T10:47:46Z",612,"Methalie","SUN","0.0","0.0","0.0","0.0",0,0,"0.0",45,131,77,-1,90,"-0.5","a",0,0,,"false"
"2026-10-06T10:47:46Z",613,"Ahoka","SUN","-50.4","-50.4","-50.4","-50.4",-3,0,"0.2",45,627,1699,0,0,"0.0","a",0,0,,"false"
"2026-10-06T10:47:46Z",646,"Fofana","SUN","-12.4","-12.4","-12.4","-12.4",-1,0,"0.0",55,355,320,3,60,"1.0","a",0,0,,"false"
"2026-10-06T10:47:46Z",651,"J.Angulo","SUN","5.3","5.3","5.3","5.3",1,0,"0.7",45,9616,7729,0,0,"0.0","a",0,0,,"false"
