snapshot_utc,element_id,web_name,team,progress_pct,proj_0,proj_1,proj_2,likelihood,hourly_rate,selected_by_percent,now_cost,transfers_in_event,transfers_out_event,total_points,minutes,form,status,cost_change_event,cost_change_start,locked_until,calibrating
"2026-10-01T00:39:15Z",1,"Raya","ARS","1.4","1.4","1.5","1.5",1,11,"42.3",61,125648,47353,30,450,"6.0","a",1,1,,"false"
"2026-10-01T00:39:15Z",2,"Arrizabalaga","ARS","-48.8","-48.8","-48.8","-48.8",-3,0,"0.1",49,109,255,0,0,"0.0","a",0,-1,,"false"
"2026-10-01T00:39:15Z",3,"Meslier","ARS","-39.0","-39.0","-39.0","-39.0",-2,0,"0.0",49,46,122,0,0,"0.0","a",0,-1,,"false"
"2026-10-01T00:39:15Z",4,"Gabriel","ARS","-88.3","-88.4","-88.4","-88.4",-3,-2,"22.7",80,24379,66131,25,450,"4.0","a",0,0,,"false"
"2026-10-01T00:39:15Z",5,"J.Timber","ARS","11.0","11.1","11.1","11.2",1,4,"0.4",65,12445,4077,1,104,"0.3","a",0,0,,"false"
"2026-10-01T00:39:15Z",6,"Saliba","ARS","-25.3","-25.3","-25.3","-25.3",-2,0,"0.2",59,388,1097,0,0,"0.0","i",0,-1,,"false"
"2026-10-01T00:39:15Z",7,"Lewis-Skelly","ARS","-15.8","-15.8","-15.8","-15.8",-1,0,"0.6",54,912,4930,9,271,"1.0","a",-1,-1,,"false"
"2026-10-01T00:39:15Z",8,"Calafiori","ARS","93.6","93.6","93.6","93.5",3,-2,"50.5",58,75684,63180,29,416,"3.0","a",0,3,,"false"
"2026-10-01T00:39:15Z",9,"Hincapie","ARS","-5.5","-5.6","-5.7","-5.8",-1,-1,"0.9",52,1431,5700,2,32,"0.3","a",-1,-3,,"false"
"2026-10-01T00:39:15Z",10,"White","ARS","-47.8","-48.0","-48.2","-48.4",-3,-12,"4.9",55,3244,66910,21,315,"1.0","d",0,0,,"false"
"2026-10-01T00:39:15Z",11,"Mosquera","ARS","-25.2","-25.2","-25.2","-25.2",-2,0,"1.6",53,1191,9373,12,168,"0.0","a",0,-2,,"false"
"2026-10-01T00:39:15Z",12,"Saka","ARS","90.7","91.0","91.3","91.6",3,21,"13.7",95,107834,47003,32,416,"4.0","a",0,0,,"false"
"2026-10-01T00:39:15Z",13,"Rice","ARS","-33.6","-33.9","-34.1","-34.4",-2,-34,"11.6",74,7558,82576,20,411,"4.0","d",0,-1,,"false"
"2026-10-01T00:39:15Z",14,"Eze","ARS","-0.7","-0.7","-0.7","-0.7",-1,0,"1.0",62,2259,6751,4,85,"0.7","a",-1,-3,,"false"
"2026-10-01T00:39:15Z",15,"Ødegaard","ARS","-1.3","-1.0","-0.7","-0.5",-1,19,"19.8",68,75900,87837,29,377,"5.0","a",0,3,,"false"
"2026-10-01T00:39:15Z",16,"Madueke","ARS","-25.5","-25.5","-25.5","-25.5",-2,0,"0.2",62,738,1559,2,23,"0.3","a",0,-3,,"false"
"2026-10-01T00:39:15Z",17,"Merino","ARS","0.0","0.0","0.0","0.0",0,0,"0.4",57,742,2869,4,81,"0.7","a",-1,-3,,"false"
"2026-10-01T00:39:15Z",18,"Martinelli","ARS","0.0","0.0","0.0","0.0",0,0,"0.1",63,0,561,0,0,"0.0","u",0,-2,,"false"
"2026-10-01T00:39:15Z",19,"Zubimendi","ARS","-47.5","-47.9","-48.3","-48.7",-3,-2,"0.6",53,506,3693,5,89,"1.0","a",0,-2,,"false"
"2026-10-01T00:39:15Z",20,"Dowman","ARS","-26.4","-26.4","-26.4","-26.4",-2,0,"0.1",53,457,576,1,9,"0.3","a",0,-2,,"false"
"2026-10-01T00:39:15Z",22,"Nwaneri","ARS","0.0","0.0","0.0","0.0",0,0,"0.0",54,0,49,0,0,"0.0","u",0,-1,,"false"
"2026-10-01T00:39:15Z",23,"Fábio Vieira","ARS","0.0","0.0","0.0","0.0",0,0,"0.0",55,0,39,0,0,"0.0","u",0,0,,"false"
"2026-10-01T00:39:15Z",24,"Nelson","ARS","0.0","0.0","0.0","0.0",0,0,"0.0",55,0,24,0,0,"0.0","u",0,0,,"false"
"2026-10-01T00:39:15Z",25,"Gyökeres","ARS","-3.4","-3.2","-3.1","-2.9",-1,5,"3.1",71,11018,16774,2,29,"0.7","a",-1,-4,,"false"
"2026-10-01T00:39:15Z",26,"Havertz","ARS","5.1","4.7","4.3","3.9",1,-26,"8.3",76,50370,61959,19,437,"3.7","d",0,1,,"false"
"2026-10-01T00:39:15Z",27,"G.Jesus","ARS","0.0","0.0","0.0","0.0",0,0,"0.1",59,0,1011,0,0,"0.0","u",0,-1,,"false"
"2026-10-01T00:39:15Z",31,"Konsa","ARS","0.8","0.8","0.9","0.9",1,5,"19.4",46,89941,45515,12,281,"3.7","a",1,1,,"false"
"2026-10-01T00:39:15Z",452,"Bruno G.","ARS","0.4","0.4","0.4","0.5",1,2,"1.8",67,5588,7568,9,123,"2.7","a",0,-3,,"false"
"2026-10-01T00:39:15Z",557,"Tzolis","ARS","-11.5","-11.6","-11.6","-11.7",-1,-8,"12.2",63,11978,138034,16,362,"3.3","a",-1,-2,,"false"
"2026-10-01T00:39:15Z",29,"M.Bizot","AVL","-37.4","-37.4","-37.4","-37.4",-2,0,"0.1",45,60,1005,1,90,"0.0","i",0,0,,"false"
"2026-10-01T00:39:15Z",30,"Digne","AVL","0.0","0.0","0.0","0.0",0,0,"0.0",45,0,231,0,0,"0.0","u",0,0,,"false"
"2026-10-01T00:39:15Z",32,"Cash","AVL","-22.8","-22.8","-22.9","-23.0",-2,-2,"4.8",44,2632,24915,6,296,"1.7","a",0,-1,,"false"
"2026-10-01T00:39:15Z",33,"Mings","AVL","0.7","0.7","0.7","0.7",1,0,"0.4",45,1672,1392,10,261,"3.0","a",0,0,,"false"
"2026-10-01T00:39:15Z",34,"Pau","AVL","-0.1","-0.1","-0.1","-0.1",-1,0,"0.3",44,44,3109,3,187,"0.3","i",-1,-1,,"false"
"2026-10-01T00:39:15Z",35,"Bogarde","AVL","-3.3","-3.3","-3.3","-3.3",-1,0,"0.1",49,173,440,1,16,"0.0","a",-1,-1,,"false"
"2026-10-01T00:39:15Z",36,"Maatsen","AVL","-2.3","-2.5","-2.8","-3.0",-1,-4,"0.5",44,50,6096,9,335,"2.7","i",-1,-1,,"false"
"2026-10-01T00:39:15Z",37,"Lindelöf","AVL","1.0","1.0","1.0","1.0",1,0,"0.3",45,1004,1272,8,450,"2.7","a",0,0,,"false"
"2026-10-01T00:39:15Z",38,"A.García","AVL","-34.6","-34.6","-34.6","-34.6",-2,0,"1.5",40,1827,6022,0,0,"0.0","a",0,0,,"false"
"2026-10-01T00:39:15Z",39,"Nedeljkovic","AVL","0.0","0.0","0.0","0.0",0,0,"0.1",40,0,553,0,0,"0.0","u",0,0,,"false"
"2026-10-01T00:39:15Z",41,"Buendía","AVL","-36.7","-36.7","-36.7","-36.7",-2,0,"1.0",59,12049,4114,21,401,"5.7","a",0,-1,,"false"
"2026-10-01T00:39:15Z",44,"Bailey","AVL","0.0","0.0","0.0","0.0",0,0,"0.1",54,0,486,0,0,"0.0","u",0,-1,,"false"
"2026-10-01T00:39:15Z",45,"McGinn","AVL","-20.2","-20.2","-20.2","-20.2",-2,0,"2.2",54,6731,8396,17,434,"5.0","a",0,-1,,"false"
"2026-10-01T00:39:15Z",46,"Barkley","AVL","0.5","0.5","0.5","0.5",1,0,"0.3",50,557,1755,10,308,"2.0","a",0,0,,"false"
"2026-10-01T00:39:15Z",47,"Kamara","AVL","-79.7","-79.7","-79.7","-79.7",-3,0,"0.3",50,1293,1554,15,443,"3.7","a",0,0,,"false"
"2026-10-01T00:39:15Z",48,"Onana","AVL","-10.8","-10.8","-10.8","-10.8",-1,0,"0.0",49,40,94,0,0,"0.0","i",0,-1,,"false"
"2026-10-01T00:39:15Z",49,"Iling Jr","AVL","0.0","0.0","0.0","0.0",0,0,"0.0",50,0,10,0,0,"0.0","u",0,0,,"false"
"2026-10-01T00:39:15Z",50,"Burrowes","AVL","-78.3","-78.3","-78.3","-78.3",-3,0,"0.6",45,632,3368,0,0,"0.0","a",0,0,,"false"
"2026-10-01T00:39:15Z",51,"George Hemmings","AVL","13.6","13.6","13.6","13.6",1,-2,"1.2",45,3169,9559,9,297,"1.7","a",0,0,,"false"
"2026-10-01T00:39:15Z",52,"Alysson","AVL","-1.9","-1.9","-1.9","-1.9",-1,0,"0.0",50,68,777,8,87,"2.3","d",0,0,,"false"
"2026-10-01T00:39:15Z",53,"Manzambi","AVL","8.3","8.3","8.3","8.3",1,0,"0.4",59,27881,3210,14,98,"4.7","a",0,-1,,"false"
"2026-10-01T00:39:15Z",54,"Gomes","AVL","0.1","0.1","0.1","0.1",1,0,"0.0",55,457,194,2,129,"1.3","a",0,0,,"false"
"2026-10-01T00:39:15Z",55,"Watkins","AVL","0.0","0.0","0.0","0.0",0,-4,"2.5",78,0,12507,0,0,"0.0","u",0,-2,,"false"
"2026-10-01T00:39:15Z",56,"Abraham","AVL","3.4","3.4","3.4","3.4",1,0,"0.2",55,1658,1707,4,71,"1.0","a",0,0,,"false"
"2026-10-01T00:39:15Z",160,"Garnacho","AVL","-65.7","-65.7","-65.7","-65.7",-3,0,"0.3",58,526,2745,3,31,"0.3","a",0,-2,,"false"
"2026-10-01T00:39:15Z",166,"N.Jackson","AVL","51.3","51.4","51.4","51.4",3,2,"1.5",65,35554,7911,10,286,"2.7","a",0,0,,"false"
"2026-10-01T00:39:15Z",582,"Madjo","AVL","-24.6","-24.9","-25.2","-25.6",-2,-1,"0.2",54,196,1758,0,0,"0.0","i",0,-1,,"false"
"2026-10-01T00:39:15Z",596,"Ruggeri","AVL","-74.3","-74.3","-74.3","-74.3",-3,0,"0.1",45,511,328,5,113,"1.3","a",0,0,,"false"
"2026-10-01T00:39:15Z",597,"Suzuki","AVL","29.5","29.5","29.6","29.6",2,1,"1.9",50,13400,6421,16,360,"4.7","a",0,0,,"false"
"2026-10-01T00:39:15Z",606,"Rowe","AVL","0.2","0.2","0.2","0.2",1,0,"0.2",40,313,891,0,0,"0.0","a",0,0,,"false"
"2026-10-01T00:39:15Z",607,"Lynch","AVL","0.0","0.0","0.0","0.0",0,0,"0.1",45,0,701,0,0,"0.0","u",0,0,,"false"
"2026-10-01T00:39:15Z",611,"Wan-Bissaka","AVL","2.1","2.1","2.1","2.1",1,1,"0.2",45,1429,1413,6,152,"1.7","a",0,0,,"false"
"2026-10-01T00:39:15Z",618,"Goretzka","AVL","-41.1","-41.1","-41.1","-41.1",-3,0,"0.0",59,23,416,0,0,"0.0","i",0,-1,,"false"
"2026-10-01T00:39:15Z",630,"Harwood-Bellis","AVL","0.0","0.0","0.0","0.0",0,0,"0.0",45,186,182,0,0,"0.0","a",0,0,,"false"
"2026-10-01T00:39:15Z",631,"Mbaye","AVL","0.3","0.3","0.3","0.3",1,0,"0.1",60,889,1105,2,33,"0.7","a",0,0,,"false"
"2026-10-01T00:39:15Z",667,"Wright","AVL","0.0","0.0","0.0","0.0",0,0,"0.1",40,7088,824,0,0,"0.0","a",0,0,"2026-10-02T19:12:30.130761Z","false"
"2026-10-01T00:39:15Z",57,"Petrović","BOU","0.2","0.2","0.2","0.2",1,0,"3.0",45,6122,11570,9,450,"1.3","a",0,0,,"false"
"2026-10-01T00:39:15Z",58,"Forster","BOU","4.6","4.6","4.6","4.6",1,1,"3.5",40,8092,7226,0,0,"0.0","a",0,0,,"false"
"2026-10-01T00:39:15Z",59,"Dennis","BOU","0.0","0.0","0.0","0.0",0,0,"0.1",40,0,547,0,0,"0.0","u",0,0,,"false"
"2026-10-01T00:39:15Z",60,"Hill","BOU","-33.3","-33.3","-33.3","-33.3",-2,0,"0.8",55,3113,3083,12,450,"2.3","a",0,0,,"false"
"2026-10-01T00:39:15Z",61,"Truffert","BOU","-1.4","-1.4","-1.5","-1.6",-1,-3,"3.0",54,4509,12038,10,450,"1.7","a",-1,-1,,"false"
"2026-10-01T00:39:15Z",62,"Diakité","BOU","-5.5","-5.5","-5.5","-5.5",-1,0,"0.2",49,465,953,0,0,"0.0","a",-1,-1,,"false"
"2026-10-01T00:39:15Z",63,"Milosavljević","BOU","-3.6","-3.6","-3.6","-3.6",-1,0,"0.0",49,30,45,0,0,"0.0","i",0,-1,,"false"
"2026-10-01T00:39:15Z",64,"Smith","BOU","0.3","0.3","0.3","0.3",1,0,"0.1",45,397,474,4,434,"0.7","a",0,0,,"false"
"2026-10-01T00:39:15Z",65,"J.Araujo","BOU","-11.9","-11.9","-11.9","-11.9",-1,0,"0.0",44,37,53,0,0,"0.0","i",0,-1,,"false"
"2026-10-01T00:39:15Z",66,"Soler","BOU","1.4","1.4","1.4","1.4",1,0,"0.3",40,730,1110,0,0,"0.0","a",0,0,,"false"
"2026-10-01T00:39:15Z",67,"Rayan","BOU","-9.8","-9.7","-9.6","-9.4",-1,2,"1.6",63,3957,9676,10,434,"2.0","a",-1,-2,,"false"
"2026-10-01T00:39:15Z",68,"Tavernier","BOU","30.3","30.4","30.4","30.4",2,2,"6.8",61,81690,43520,31,424,"6.7","a",0,1,,"false"
"2026-10-01T00:39:15Z",69,"Scott","BOU","0.4","0.4","0.4","0.4",1,-1,"5.8",61,23677,38205,30,446,"5.3","a",0,1,,"false"
"2026-10-01T00:39:15Z",70,"Kluivert","BOU","-53.5","-53.9","-54.3","-54.6",-3,-6,"0.9",60,2297,17829,15,294,"3.0","i",0,0,,"false"
"2026-10-01T00:39:15Z",71,"Cook","BOU","-11.9","-11.9","-11.9","-11.9",-1,0,"0.2",50,264,1140,8,180,"0.7","a",0,0,,"false"
"2026-10-01T00:39:15Z",72,"Gannon-Doak","BOU","-64.2","-64.2","-64.2","-64.2",-3,0,"0.1",49,137,375,4,12,"1.0","a",0,-1,,"false"
"2026-10-01T00:39:15Z",73,"Adams","BOU","1.5","1.5","1.5","1.5",1,0,"0.3",50,1092,1639,12,279,"3.3","a",0,0,,"false"
"2026-10-01T00:39:15Z",74,"Brooks","BOU","-19.6","-19.6","-19.6","-19.6",-1,0,"0.1",50,175,324,3,45,"0.7","a",0,0,,"false"
"2026-10-01T00:39:15Z",75,"Christie","BOU","0.4","0.4","0.4","0.4",1,0,"0.0",50,292,247,5,102,"1.3","a",0,0,,"false"
"2026-10-01T00:39:15Z",76,"Tóth.A","BOU","-11.7","-11.7","-11.7","-11.7",-1,0,"0.0",49,26,54,2,17,"0.3","a",0,-1,,"false"
"2026-10-01T00:39:15Z",77,"Adli","BOU","-83.4","-83.4","-83.4","-83.4",-3,0,"0.0",49,22,75,0,0,"0.0","i",0,-1,,"false"
"2026-10-01T00:39:15Z",78,"Kroupi.Jr","BOU","-75.1","-75.1","-75.1","-75.1",-3,0,"0.2",74,186,844,0,0,"0.0","i",0,-1,,"false"
"2026-10-01T00:39:15Z",79,"Evanilson","BOU","50.7","50.8","50.9","51.0",3,6,"3.2",60,17493,20811,18,424,"3.0","a",0,0,,"false"
"2026-10-01T00:39:15Z",80,"Enes Ünal","BOU","0.0","0.0","0.0","0.0",0,0,"0.0",55,0,48,0,0,"0.0","u",0,0,,"false"
"2026-10-01T00:39:15Z",81,"Rodríguez","BOU","-32.9","-32.9","-32.9","-32.9",-2,0,"0.1",60,763,717,2,10,"0.3","a",0,0,,"false"
"2026-10-01T00:39:15Z",566,"Silva","BOU","1.4","1.4","1.4","1.4",1,0,"0.4",50,6015,3552,13,450,"2.3","a",0,0,,"false"
"2026-10-01T00:39:15Z",573,"Sanchez","BOU","-12.5","-12.5","-12.5","-12.5",-1,0,"0.2",44,151,433,0,0,"0.0","a",0,-1,,"false"
"2026-10-01T00:39:15Z",608,"Jebbison","BOU","0.6","0.6","0.6","0.6",1,0,"0.1",50,876,887,3,31,"0.7","a",0,0,,"false"
"2026-10-01T00:39:15Z",615,"Di Gregorio","BOU","-28.8","-28.8","-28.8","-28.8",-2,0,"0.0",45,183,193,0,0,"0.0","a",0,0,,"false"
"2026-10-01T00:39:15Z",82,"Kelleher","BRE","20.3","20.2","20.2","20.2",2,-1,"6.1",50,19686,13376,20,450,"3.7","a",0,0,,"false"
"2026-10-01T00:39:15Z",83,"Valdimarsson","BRE","-74.3","-74.3","-74.3","-74.3",-3,0,"0.1",45,294,328,0,0,"0.0","a",0,0,,"false"
"2026-10-01T00:39:15Z",84,"Collins","BRE","-28.4","-28.4","-28.4","-28.4",-2,0,"1.0",54,118,9309,10,196,"0.3","i",0,-1,,"false"
"2026-10-01T00:39:15Z",85,"Van den Berg","BRE","-79.8","-79.8","-79.8","-79.8",-3,0,"0.1",49,38,341,0,0,"0.0","i",0,-1,,"false"
"2026-10-01T00:39:15Z",86,"Lewis-Potter","BRE","32.1","32.1","32.0","32.0",2,-3,"1.7",55,3649,11868,22,406,"2.0","a",0,0,,"false"
"2026-10-01T00:39:15Z",87,"Ajer","BRE","30.6","30.6","30.6","30.5",2,-1,"3.9",45,11102,22579,21,450,"3.3","a",0,0,,"false"
"2026-10-01T00:39:15Z",88,"Kayode","BRE","-37.6","-37.6","-37.5","-37.5",-2,1,"7.6",46,13042,21004,23,294,"2.7","a",0,1,,"false"
"2026-10-01T00:39:15Z",89,"Henry","BRE","-15.5","-16.5","-17.4","-18.4",-1,-1,"0.2",44,159,582,1,2,"0.0","a",0,-1,,"false"
"2026-10-01T00:39:15Z",90,"Hickey","BRE","-29.1","-29.1","-29.1","-29.1",-2,0,"0.1",45,179,247,5,152,"1.0","a",0,0,,"false"
"2026-10-01T00:39:15Z",92,"Ji-soo","BRE","-4.9","-4.9","-4.9","-4.9",-1,0,"0.0",44,58,88,0,0,"0.0","a",-1,-1,,"false"
"2026-10-01T00:39:15Z",93,"Schuster","BRE","5.0","5.0","5.0","5.0",1,0,"0.3",45,14993,2283,21,253,"7.0","a",0,0,,"false"
"2026-10-01T00:39:15Z",94,"Schade","BRE","12.8","13.1","13.4","13.7",1,61,"11.5",62,388722,24456,39,447,"8.7","a",1,2,,"false"
"2026-10-01T00:39:15Z",95,"O.Dango","BRE","-48.2","-48.8","-49.5","-50.2",-3,-2,"0.5",63,801,3621,7,179,"1.0","a",0,-2,,"false"
"2026-10-01T00:39:15Z",96,"Damsgaard","BRE","-8.3","-7.9","-7.5","-7.0",-1,1,"0.4",54,1555,2023,16,283,"4.0","a",0,-1,,"false"
"2026-10-01T00:39:15Z",97,"Jensen","BRE","-56.4","-56.4","-56.4","-56.4",-3,0,"0.1",54,20,635,6,66,"0.0","i",0,-1,,"false"
"2026-10-01T00:39:15Z",98,"Janelt","BRE","77.4","77.4","77.4","77.4",3,0,"2.5",50,19327,17654,28,450,"6.0","a",0,0,,"false"
"2026-10-01T00:39:15Z",99,"Milambo","BRE","-42.5","-42.5","-42.5","-42.5",-3,0,"0.0",50,6,7,0,0,"0.0","i",0,0,,"false"
"2026-10-01T00:39:15Z",100,"Carvalho","BRE","0.3","0.3","0.3","0.3",1,0,"0.0",50,606,174,6,3,"2.0","a",0,0,,"false"
"2026-10-01T00:39:15Z",102,"Yarmoliuk","BRE","-17.7","-17.7","-17.7","-17.7",-1,0,"0.6",48,1322,3245,9,216,"2.3","a",0,-2,,"false"
"2026-10-01T00:39:15Z",103,"Dasilva","BRE","-61.2","-61.2","-61.2","-61.2",-3,0,"0.0",49,9,102,0,0,"0.0","i",0,-1,,"false"
"2026-10-01T00:39:15Z",105,"Anthony","BRE","0.8","0.8","0.8","0.8",1,0,"0.1",59,2311,606,15,267,"4.0","a",0,-1,,"false"
"2026-10-01T00:39:15Z",106,"Thiago","BRE","10.0","10.2","10.4","10.6",1,13,"9.1",78,57075,37777,10,442,"2.7","a",0,-2,,"false"
"2026-10-01T00:39:15Z",107,"Furo","BRE","-5.8","-5.8","-5.8","-5.8",-1,0,"0.9",45,616,9448,0,0,"0.0","i",0,0,,"false"
"2026-10-01T00:39:15Z",108,"Wilson","BRE","-11.8","-11.8","-11.8","-11.8",-1,0,"0.3",54,1192,2444,3,13,"0.3","a",-1,-1,,"false"
"2026-10-01T00:39:15Z",565,"M.Sangaré","BRE","-31.4","-31.5","-31.7","-31.8",-2,-12,"9.9",56,8344,138033,22,321,"1.3","a",-1,1,,"false"
"2026-10-01T00:39:15Z",620,"Diouf","BRE","-35.5","-35.5","-35.5","-35.5",-2,0,"0.1",45,467,675,2,39,"0.7","a",0,0,,"false"
"2026-10-01T00:39:15Z",657,"Nunes","BRE","0.0","0.0","0.0","0.0",0,0,"0.0",45,341,267,0,0,"0.0","a",0,0,,"false"
"2026-10-01T00:39:15Z",660,"Fredrick","BRE","0.0","0.0","0.0","0.0",0,0,"0.0",40,519,66,0,0,"0.0","a",0,0,"2026-10-01T21:16:22.650713Z","false"
"2026-10-01T00:39:15Z",661,"Balcombe","BRE","0.0","0.0","0.0","0.0",0,0,"0.0",40,2866,540,0,0,"0.0","a",0,0,"2026-10-01T21:16:40.866514Z","false"
"2026-10-01T00:39:15Z",109,"Verbruggen","BHA","63.8","63.9","63.9","64.0",3,4,"21.6",45,71631,71362,23,450,"5.7","a",0,0,,"false"
"2026-10-01T00:39:15Z",111,"Steele","BHA","-0.6","-0.7","-0.7","-0.8",-1,-1,"4.1",40,7095,14642,0,0,"0.0","a",0,0,,"false"
"2026-10-01T00:39:15Z",113,"F.Kadıoğlu","BHA","-60.0","-59.8","-59.6","-59.4",-3,2,"1.6",44,3942,6828,13,332,"4.3","a",0,-1,,"false"
"2026-10-01T00:39:15Z",114,"Boscagli","BHA","2.7","2.7","2.7","2.7",1,0,"0.3",45,2006,775,19,437,"4.7","a",0,0,,"false"
"2026-10-01T00:39:15Z",115,"De Cuyper","BHA","2.1","2.3","2.5","2.7",1,35,"27.8",50,297537,21044,38,423,"7.0","a",1,5,,"false"
"2026-10-01T00:39:15Z",116,"Dunk","BHA","20.1","20.1","20.1","20.1",2,2,"1.5",45,7561,9667,22,360,"5.7","d",0,0,,"false"
"2026-10-01T00:39:15Z",117,"Coppola","BHA","-11.9","-11.9","-11.9","-11.9",-1,0,"0.0",45,108,97,0,0,"0.0","a",0,0,,"false"
"2026-10-01T00:39:15Z",118,"Igor","BHA","0.0","0.0","0.0","0.0",0,0,"0.0",45,0,288,0,0,"0.0","u",0,0,,"false"
"2026-10-01T00:39:15Z",119,"Costinha","BHA","0.0","0.0","0.0","0.0",0,0,"0.0",45,170,134,4,68,"1.0","a",0,0,,"false"
"2026-10-01T00:39:15Z",120,"Svoboda","BHA","0.5","0.5","0.5","0.5",1,0,"0.1",50,1319,463,1,4,"0.3","a",0,0,,"false"
"2026-10-01T00:39:15Z",121,"Mitoma","BHA","-25.1","-25.1","-25.1","-25.1",-2,0,"0.0",59,125,173,0,0,"0.0","i",0,-1,,"false"
"2026-10-01T00:39:15Z",122,"Minteh","BHA","-5.2","-5.2","-5.2","-5.2",-1,0,"0.0",58,45,223,0,0,"0.0","i",-1,-2,,"false"
"2026-10-01T00:39:15Z",123,"Hinshelwood","BHA","-39.3","-39.5","-39.7","-40.0",-2,-2,"0.6",59,272,6735,16,63,"0.0","i",0,-1,,"false"
"2026-10-01T00:39:15Z",124,"Groß","BHA","92.0","92.6","93.2","93.8",3,111,"28.9",58,785165,11750,47,450,"10.7","a",1,3,,"false"
"2026-10-01T00:39:15Z",125,"Georginio","BHA","-0.0","0.0","0.0","0.0",0,1,"0.5",53,2634,3801,6,104,"0.3","a",-1,-2,,"false"
"2026-10-01T00:39:15Z",126,"O'Riley","BHA","-8.6","-8.6","-8.6","-8.6",-1,0,"0.1",54,421,563,2,10,"0.7","a",0,-1,,"false"
"2026-10-01T00:39:15Z",127,"Gomez","BHA","31.0","30.9","30.9","30.9",2,-3,"4.0",50,12105,38097,24,433,"4.3","a",0,0,,"false"
"2026-10-01T00:39:15Z",128,"Buonanotte","BHA","0.0","0.0","0.0","0.0",0,0,"0.0",50,0,7,0,0,"0.0","u",0,0,,"false"
"2026-10-01T00:39:15Z",129,"Ayari","BHA","-45.6","-45.6","-45.6","-45.6",-3,0,"0.4",54,2297,1978,15,333,"4.3","a",0,-1,,"false"
"2026-10-01T00:39:15Z",130,"Wieffer","BHA","-30.4","-30.4","-30.4","-30.4",-2,0,"0.2",49,30,1957,7,156,"0.0","i",0,-1,,"false"
"2026-10-01T00:39:15Z",132,"Howell","BHA","0.0","0.0","0.0","0.0",0,0,"0.0",45,0,200,0,0,"0.0","u",0,0,,"false"
"2026-10-01T00:39:15Z",133,"Watson","BHA","0.0","0.0","0.0","0.0",0,0,"0.0",50,0,5,0,0,"0.0","u",0,0,,"false"
"2026-10-01T00:39:15Z",134,"Oriola","BHA","-81.1","-81.1","-81.1","-81.1",-3,0,"0.2",45,354,1335,0,0,"0.0","a",0,0,,"false"
"2026-10-01T00:39:15Z",135,"Yohanna","BHA","-0.9","-0.9","-0.9","-0.9",-1,0,"0.0",48,24,389,1,12,"0.0","i",-1,-2,,"false"
"2026-10-01T00:39:15Z",137,"Tzimas","BHA","-3.2","-3.2","-3.2","-3.2",-1,0,"0.0",54,37,51,0,0,"0.0","i",0,-1,,"false"
"2026-10-01T00:39:15Z",138,"Kostoulas","BHA","19.6","19.8","20.1","20.5",1,56,"4.1",56,310108,18671,28,353,"7.3","a",1,1,,"false"
"2026-10-01T00:39:15Z",139,"Ferguson","BHA","-58.5","-58.5","-58.5","-58.5",-3,0,"0.0",50,132,255,0,0,"0.0","i",0,0,,"false"
"2026-10-01T00:39:15Z",328,"Struijk","BHA","-7.6","-7.6","-7.6","-7.6",-1,0,"0.2",49,640,852,7,98,"2.3","d",0,-1,,"false"
"2026-10-01T00:39:15Z",504,"Vuskovic","BHA","55.3","55.5","55.7","56.0",3,16,"3.7",50,55512,13155,32,437,"8.7","a",0,0,,"false"
"2026-10-01T00:39:15Z",594,"David","BHA","0.6","0.6","0.6","0.6",1,0,"0.2",59,3150,2196,1,23,"0.0","a",-1,-1,,"false"
"2026-10-01T00:39:15Z",600,"Osman","BHA","-67.6","-67.6","-67.6","-67.6",-3,0,"0.0",50,115,126,3,40,"0.3","a",0,0,,"false"
"2026-10-01T00:39:15Z",605,"Yalcouyé","BHA","53.8","53.8","53.8","53.8",3,0,"4.0",45,25907,32681,20,236,"3.7","a",0,0,,"false"
"2026-10-01T00:39:15Z",614,"Hadjam","BHA","-5.1","-5.1","-5.1","-5.1",-1,0,"0.0",45,247,249,0,0,"0.0","a",0,0,,"false"
"2026-10-01T00:39:15Z",624,"Cozier-Duberry","BHA","0.0","0.0","0.0","0.0",0,0,"0.0",50,0,5,0,0,"0.0","u",0,0,,"false"
"2026-10-01T00:39:15Z",639,"Andrés","BHA","1.4","1.4","1.4","1.4",1,0,"0.0",55,2727,309,12,109,"4.0","a",0,0,,"false"
"2026-10-01T00:39:15Z",652,"Azeez","BHA","-29.1","-29.1","-29.1","-29.1",-2,0,"0.0",55,19,44,0,0,"0.0","i",0,0,,"false"
"2026-10-01T00:39:15Z",658,"Ibrahim","BHA","0.0","0.0","0.0","0.0",0,0,"0.0",45,311,216,0,0,"0.0","a",0,0,,"false"
"2026-10-01T00:39:15Z",28,"Martinez","CHE","-6.3","-6.3","-6.3","-6.2",-1,1,"4.7",50,7501,21828,9,360,"2.3","a",0,0,,"false"
"2026-10-01T00:39:15Z",40,"Rogers","CHE","86.3","86.6","87.0","87.3",3,23,"40.5",77,146207,69655,29,437,"5.3","a",0,2,,"false"
"2026-10-01T00:39:15Z",101,"Henderson","CHE","0.0","0.0","0.0","0.0",0,0,"0.0",49,506,153,2,90,"0.7","a",0,-1,,"false"
"2026-10-01T00:39:15Z",136,"Welbeck","CHE","6.7","6.6","6.6","6.5",1,-4,"1.0",59,7446,9200,4,85,"1.3","a",0,-1,,"false"
"2026-10-01T00:39:15Z",140,"Sánchez","CHE","0.0","0.0","0.0","0.0",0,0,"0.7",49,0,4782,2,90,"0.0","u",0,-1,,"false"
"2026-10-01T00:39:15Z",141,"Jörgensen","CHE","0.0","0.0","0.0","0.0",0,0,"0.0",50,0,31,0,0,"0.0","u",0,0,,"false"
"2026-10-01T00:39:15Z",142,"James","CHE","-94.8","-94.9","-94.9","-95.0",-3,-5,"5.8",54,613,77194,3,292,"0.7","d",0,-1,,"false"
"2026-10-01T00:39:15Z",143,"Chalobah","CHE","0.0","0.0","0.0","0.0",0,-1,"0.1",55,0,313,0,0,"0.0","u",0,0,,"false"
"2026-10-01T00:39:15Z",144,"Gusto","CHE","-3.3","-3.5","-3.7","-3.9",-1,-2,"1.0",49,1559,6850,4,272,"0.7","a",-1,-1,,"false"
"2026-10-01T00:39:15Z",145,"Fofana","CHE","4.6","4.6","4.6","4.6",1,0,"0.2",50,2444,1281,8,312,"2.7","a",0,0,,"false"
"2026-10-01T00:39:15Z",146,"B.Badiashile","CHE","0.0","0.0","0.0","0.0",0,0,"0.0",45,0,43,0,0,"0.0","u",0,0,,"false"
"2026-10-01T00:39:15Z",148,"Hato","CHE","12.5","12.5","12.5","12.5",1,0,"0.8",45,807,7284,8,258,"1.0","a",0,0,,"false"
"2026-10-01T00:39:15Z",149,"Colwill","CHE","-9.8","-9.9","-10.0","-10.1",-1,-1,"0.9",48,1048,5357,3,341,"0.7","a",-1,-2,,"false"
"2026-10-01T00:39:15Z",150,"M.Sarr","CHE","0.0","0.0","0.0","0.0",0,0,"0.0",45,0,168,0,0,"0.0","u",0,0,,"false"
"2026-10-01T00:39:15Z",151,"Acheampong","CHE","-11.4","-11.4","-11.4","-11.4",-1,0,"0.3",45,413,1926,5,221,"0.3","a",0,0,,"false"
"2026-10-01T00:39:15Z",152,"Palestra","CHE","-1.3","-1.3","-1.3","-1.3",-1,0,"0.6",53,217,3777,0,0,"0.0","d",0,-2,,"false"
"2026-10-01T00:39:15Z",154,"Palmer","CHE","-13.0","-13.3","-13.7","-14.1",-1,-48,"25.7",97,47962,165968,28,442,"2.7","d",0,2,,"false"
"2026-10-01T00:39:15Z",156,"Neto","CHE","-7.4","-7.4","-7.4","-7.4",-1,0,"1.4",65,5077,9563,14,332,"2.0","a",0,0,,"false"
"2026-10-01T00:39:15Z",157,"Estêvão","CHE","-32.6","-32.6","-32.6","-32.6",-2,0,"0.7",63,1751,4306,4,23,"1.0","a",0,-2,,"false"
"2026-10-01T00:39:15Z",158,"Gittens","CHE","-3.9","-3.9","-3.9","-3.9",-1,0,"0.0",58,153,253,0,0,"0.0","d",-1,-2,,"false"
"2026-10-01T00:39:15Z",159,"Caicedo","CHE","-2.1","-2.1","-2.1","-2.1",-1,0,"1.0",53,409,8827,1,13,"0.0","d",0,-2,,"false"
"2026-10-01T00:39:15Z",161,"Lavia","CHE","4.6","4.6","4.6","4.6",1,0,"0.2",50,425,2436,11,258,"1.0","a",0,0,,"false"
"2026-10-01T00:39:15Z",163,"D.Essugo","CHE","0.0","0.0","0.0","0.0",0,0,"0.1",45,0,718,0,0,"0.0","u",0,0,,"false"
"2026-10-01T00:39:15Z",164,"Quenda","CHE","-27.5","-27.5","-27.5","-27.5",-2,0,"0.0",53,71,177,2,27,"0.3","a",0,-2,,"false"
"2026-10-01T00:39:15Z",165,"João Pedro","CHE","-1.9","-1.9","-1.9","-1.9",-1,-32,"65.1",77,62058,391011,33,360,"4.3","d",-1,2,,"false"
"2026-10-01T00:39:15Z",168,"Marc Guiu","CHE","0.0","0.0","0.0","0.0",0,0,"0.2",50,0,1527,0,0,"0.0","u",0,0,,"false"
"2026-10-01T00:39:15Z",169,"Mheuka","CHE","4.4","4.4","4.4","4.4",1,0,"0.5",45,4471,3497,0,0,"0.0","a",0,0,,"false"
"2026-10-01T00:39:15Z",170,"Emegha","CHE","-0.4","-0.4","-0.4","-0.4",-1,0,"0.1",49,75,1083,0,0,"0.0","i",-1,-1,,"false"
"2026-10-01T00:39:15Z",200,"Lacroix","CHE","-7.3","-7.3","-7.4","-7.4",-1,-4,"6.8",59,7737,29000,13,364,"2.0","a",-1,-1,,"false"
"2026-10-01T00:39:15Z",560,"Penders","CHE","-0.4","-0.4","-0.4","-0.4",-1,0,"0.1",44,244,293,0,0,"0.0","a",0,-1,,"false"
"2026-10-01T00:39:15Z",561,"Anselmino","CHE","-1.0","-1.0","-1.0","-1.0",-1,0,"0.0",45,65,102,0,0,"0.0","a",0,0,,"false"
"2026-10-01T00:39:15Z",568,"Barco","CHE","-14.4","-14.4","-14.4","-14.4",-1,0,"0.1",54,231,445,3,115,"0.7","a",0,-1,,"false"
"2026-10-01T00:39:15Z",583,"Chavarria","CHE","-50.6","-50.6","-50.6","-50.6",-3,0,"0.1",49,407,540,5,208,"1.0","a",0,-1,,"false"
"2026-10-01T00:39:15Z",662,"Nicoll-Jazuli","CHE","0.0","0.0","0.0","0.0",0,0,"0.0",45,333,72,1,3,"1.0","a",0,0,"2026-10-01T21:17:24.996715Z","false"
"2026-10-01T00:39:15Z",91,"Pinnock","COV","-73.5","-73.5","-73.5","-73.5",-3,0,"0.1",45,381,227,14,282,"4.3","a",0,0,,"false"
"2026-10-01T00:39:15Z",104,"Onyeka","COV","-33.1","-33.1","-33.1","-33.1",-2,0,"0.1",49,174,446,9,314,"2.3","a",0,-1,,"false"
"2026-10-01T00:39:15Z",110,"Rushworth","COV","-57.9","-57.9","-57.9","-57.9",-3,0,"0.8",45,2542,5883,16,450,"4.3","a",0,0,,"false"
"2026-10-01T00:39:15Z",171,"Dovin","COV","0.0","0.0","0.0","0.0",0,0,"1.0",40,0,4702,0,0,"0.0","u",0,0,,"false"
"2026-10-01T00:39:15Z",172,"Wilson","COV","-5.9","-5.9","-5.9","-5.9",-1,0,"0.4",44,239,666,0,0,"0.0","a",0,-1,,"false"
"2026-10-01T00:39:15Z",173,"Thomas","COV","17.1","17.1","17.1","17.1",1,1,"8.5",40,25752,31606,24,437,"4.3","a",0,0,,"false"
"2026-10-01T00:39:15Z",174,"Kitching","COV","0.0","0.0","0.0","0.0",0,0,"0.3",40,0,1803,0,0,"0.0","u",0,0,,"false"
"2026-10-01T00:39:15Z",175,"van Ewijk","COV","-48.4","-48.4","-48.5","-48.6",-3,-6,"8.7",40,1159,75332,6,360,"1.0","d",0,0,,"false"
"2026-10-01T00:39:15Z",176,"Dasilva","COV","-31.1","-30.5","-29.9","-29.3",-2,3,"0.7",40,6235,1739,20,444,"5.7","a",0,0,,"false"
"2026-10-01T00:39:15Z",177,"Kesler-Hayden","COV","0.2","0.2","0.2","0.2",1,0,"0.0",39,1015,566,0,0,"0.0","i",-1,-1,,"false"
"2026-10-01T00:39:15Z",178,"Bidwell","COV","-30.0","-30.0","-30.0","-30.0",-2,0,"0.1",40,181,298,0,0,"0.0","a",0,0,,"false"
"2026-10-01T00:39:15Z",179,"Latibeaudiere","COV","-75.4","-75.4","-75.4","-75.4",-3,0,"0.0",40,73,135,1,1,"0.3","a",0,0,,"false"
"2026-10-01T00:39:15Z",180,"Woolfenden","COV","-96.4","-96.4","-96.4","-96.4",-4,0,"0.1",40,30,499,0,0,"0.0","i",0,0,,"false"
"2026-10-01T00:39:15Z",181,"Brau","COV","0.0","0.0","0.0","0.0",0,0,"0.0",40,0,99,0,0,"0.0","u",0,0,,"false"
"2026-10-01T00:39:15Z",182,"Amenda","COV","-53.8","-53.8","-53.8","-53.8",-3,0,"0.6",40,35,6744,4,360,"0.7","i",0,0,,"false"
"2026-10-01T00:39:15Z",183,"Rudoni","COV","0.1","0.1","0.1","0.2",1,1,"0.1",49,897,663,13,297,"3.0","a",0,-1,,"false"
"2026-10-01T00:39:15Z",184,"Grimes","COV","-28.5","-28.5","-28.5","-28.5",-2,0,"0.1",49,183,855,11,443,"2.3","a",0,-1,,"false"
"2026-10-01T00:39:15Z",185,"Sakamoto","COV","-22.7","-25.4","-28.3","-31.2",-2,-1,"0.1",48,128,382,1,31,"0.0","a",0,-2,,"false"
"2026-10-01T00:39:15Z",186,"Mason-Clark","COV","-2.2","-2.2","-2.2","-2.2",-1,0,"0.1",53,72,360,5,231,"1.3","a",-1,-2,,"false"
"2026-10-01T00:39:15Z",187,"Eccles","COV","-4.5","-4.5","-4.5","-4.5",-1,0,"0.0",48,18,89,0,0,"0.0","i",-1,-2,,"false"
"2026-10-01T00:39:15Z",188,"Torp","COV","-11.4","-11.4","-11.4","-11.4",-1,0,"0.1",53,43,431,3,53,"0.3","a",-1,-2,,"false"
"2026-10-01T00:39:15Z",189,"Shepherd","COV","0.8","0.8","0.8","0.8",1,0,"0.3",44,4044,2250,0,0,"0.0","a",0,-1,,"false"
"2026-10-01T00:39:15Z",190,"Tchaouna","COV","-80.9","-80.9","-80.9","-80.9",-3,0,"0.1",54,24,340,5,211,"0.7","a",0,-1,,"false"
"2026-10-01T00:39:15Z",191,"Borges Rodrigues","COV","0.0","0.0","0.0","0.0",0,0,"0.1",45,0,670,0,0,"0.0","u",0,0,,"false"
"2026-10-01T00:39:15Z",192,"Andrews","COV","0.0","0.0","0.0","0.0",0,-1,"0.3",45,0,1950,0,0,"0.0","u",0,0,,"false"
"2026-10-01T00:39:15Z",193,"Wright","COV","-0.1","-0.1","-0.1","-0.1",-1,0,"0.1",53,48,546,0,0,"0.0","i",-1,-2,,"false"
"2026-10-01T00:39:15Z",194,"Thomas-Asante","COV","2.8","2.8","2.8","2.8",1,0,"0.8",50,7932,5813,9,227,"2.0","a",0,0,,"false"
"2026-10-01T00:39:15Z",195,"Simms","COV","-0.1","-0.1","-0.1","-0.1",-1,0,"0.6",49,1841,5206,4,104,"0.7","a",-1,-1,,"false"
"2026-10-01T00:39:15Z",196,"Markelo","COV","0.0","0.0","0.0","0.0",0,0,"0.0",50,0,60,0,0,"0.0","u",0,0,,"false"
"2026-10-01T00:39:15Z",197,"Bassette","COV","0.0","0.0","0.0","0.0",0,0,"0.0",45,0,145,0,0,"0.0","u",0,0,,"false"
"2026-10-01T00:39:15Z",492,"Awoniyi","COV","-13.2","-13.3","-13.4","-13.5",-1,-1,"0.4",54,67,4969,3,232,"0.0","s",-1,-1,,"false"
"2026-10-01T00:39:15Z",575,"Yirenkyi","COV","-2.7","-2.7","-2.7","-2.7",-1,0,"0.1",48,291,1001,9,265,"1.7","a",-1,-2,,"false"
"2026-10-01T00:39:15Z",584,"Hamer","COV","-84.7","-86.6","-88.6","-90.6",-3,-1,"0.1",54,42,396,3,32,"0.3","a",0,-1,,"false"
"2026-10-01T00:39:15Z",599,"Cherif","COV","-6.6","-6.6","-6.6","-6.6",-1,0,"0.1",50,525,748,1,30,"0.3","a",0,0,,"false"
"2026-10-01T00:39:15Z",623,"Bentley","COV","2.1","2.1","2.1","2.1",1,0,"0.6",40,7985,2286,0,0,"0.0","a",0,0,,"false"
"2026-10-01T00:39:15Z",655,"Gboho","COV","0.0","0.0","0.0","0.0",0,0,"0.0",55,68,52,0,0,"0.0","a",0,0,,"false"
"2026-10-01T00:39:15Z",656,"Mfuni","COV","0.0","0.1","0.1","0.1",1,2,"0.1",40,1832,848,6,90,"3.0","a",0,0,,"false"
"2026-10-01T00:39:15Z",42,"Guessand","CRY","-27.1","-27.1","-27.1","-27.1",-2,0,"0.0",54,108,264,2,54,"0.0","a",0,-1,,"false"
"2026-10-01T00:39:15Z",153,"Disasi","CRY","-61.1","-61.1","-61.1","-61.1",-3,0,"0.1",45,26,757,1,139,"0.0","s",0,0,,"false"
"2026-10-01T00:39:15Z",198,"Henderson","CRY","-97.3","-97.3","-97.3","-97.4",-4,-1,"1.3",50,145,10991,5,270,"0.7","i",0,0,,"false"
"2026-10-01T00:39:15Z",199,"Benitez","CRY","-24.5","-24.5","-24.5","-24.5",-2,0,"0.1",45,664,368,8,180,"2.7","a",0,0,,"false"
"2026-10-01T00:39:15Z",202,"Richards","CRY","0.0","-0.2","-0.3","-0.5",-1,-1,"0.6",49,1561,2157,14,450,"3.7","a",-1,-1,,"false"
"2026-10-01T00:39:15Z",203,"Canvot","CRY","-0.5","-0.5","-0.5","-0.5",-1,0,"0.2",48,392,849,10,360,"3.0","a",-1,-2,,"false"
"2026-10-01T00:39:15Z",204,"Mitchell","CRY","26.3","26.4","26.5","26.5",2,5,"6.1",45,14072,15817,24,419,"7.7","a",0,0,,"false"
"2026-10-01T00:39:15Z",205,"Sosa","CRY","0.0","0.0","0.0","0.0",0,0,"0.0",45,0,104,0,0,"0.0","u",0,0,,"false"
"2026-10-01T00:39:15Z",206,"Chadi Riad","CRY","-4.3","-4.3","-4.3","-4.3",-1,0,"0.0",43,25,120,1,72,"0.0","i",-1,-2,,"false"
"2026-10-01T00:39:15Z",207,"Mingueza","CRY","-88.8","-88.8","-88.8","-88.8",-3,0,"0.1",44,75,276,2,16,"0.3","a",0,-1,,"false"
"2026-10-01T00:39:15Z",208,"Sarr","CRY","0.0","0.0","0.0","0.0",0,0,"0.6",62,2492,2169,1,8,"0.3","a",0,-3,,"false"
"2026-10-01T00:39:15Z",210,"Wharton","CRY","-2.3","-2.3","-2.3","-2.3",-1,0,"0.7",54,1151,4497,12,436,"2.0","a",-1,-1,,"false"
"2026-10-01T00:39:15Z",211,"Yeremy","CRY","4.7","4.7","4.7","4.7",1,0,"0.3",55,689,2584,14,307,"2.7","a",0,0,,"false"
"2026-10-01T00:39:15Z",212,"Hughes","CRY","-20.0","-20.0","-20.0","-20.1",-2,-2,"7.3",44,8949,43608,2,29,"0.7","a",0,-1,,"false"
"2026-10-01T00:39:15Z",213,"Lerma","CRY","-1.9","-1.9","-1.9","-1.9",-1,0,"0.1",48,89,369,1,51,"0.3","a",-1,-2,,"false"
"2026-10-01T00:39:15Z",214,"Kamada","CRY","11.4","11.4","11.4","11.4",1,0,"0.5",50,3168,2949,21,441,"5.3","a",0,0,,"false"
"2026-10-01T00:39:15Z",215,"Devenny","CRY","0.0","0.0","0.0","0.0",0,0,"0.0",50,0,33,0,0,"0.0","u",0,0,,"false"
"2026-10-01T00:39:15Z",216,"Esse","CRY","0.0","0.0","0.0","0.0",0,0,"0.0",50,0,120,0,0,"0.0","u",0,0,,"false"
"2026-10-01T00:39:15Z",217,"M.França","CRY","0.0","0.0","0.0","0.0",0,0,"0.0",49,0,156,0,0,"0.0","u",0,-1,,"false"
"2026-10-01T00:39:15Z",218,"Doucouré","CRY","-2.2","-2.2","-2.2","-2.2",-1,0,"0.0",48,109,291,0,0,"0.0","a",-1,-2,,"false"
"2026-10-01T00:39:15Z",219,"J.Rak-Sakyi","CRY","0.0","0.0","0.0","0.0",0,0,"0.0",49,0,23,0,0,"0.0","u",0,-1,,"false"
"2026-10-01T00:39:15Z",220,"Cardines","CRY","0.0","0.0","0.0","0.0",0,0,"0.0",45,0,3,0,0,"0.0","u",0,0,,"false"
"2026-10-01T00:39:15Z",221,"Drakes-Thomas","CRY","-93.9","-93.9","-93.9","-93.9",-3,0,"0.1",45,136,418,0,0,"0.0","a",0,0,,"false"
"2026-10-01T00:39:15Z",222,"Strand Larsen","CRY","5.1","5.1","5.1","5.1",1,0,"0.7",60,4786,3825,14,298,"3.7","a",0,0,,"false"
"2026-10-01T00:39:15Z",223,"Mateta","CRY","-25.3","-25.4","-25.4","-25.5",-2,-1,"1.3",63,203,8984,2,62,"0.0","i",0,-2,,"false"
"2026-10-01T00:39:15Z",224,"Nketiah","CRY","-17.8","-17.8","-17.8","-17.8",-1,0,"0.5",55,1246,3297,8,175,"1.7","a",0,0,,"false"
"2026-10-01T00:39:15Z",225,"Uche","CRY","0.0","0.0","0.0","0.0",0,0,"0.0",50,0,0,0,0,"0.0","u",0,0,,"false"
"2026-10-01T00:39:15Z",241,"McNeil","CRY","-95.4","-95.4","-95.4","-95.4",-4,0,"0.1",54,70,468,3,84,"0.0","a",0,-1,,"false"
"2026-10-01T00:39:15Z",555,"Matthews","CRY","-9.2","-9.2","-9.2","-9.2",-1,0,"1.7",40,1079,2987,0,0,"0.0","a",0,0,,"false"
"2026-10-01T00:39:15Z",577,"Tomiyasu","CRY","-13.5","-13.5","-13.5","-13.5",-1,0,"0.3",44,148,1151,3,189,"0.3","d",0,-1,,"false"
"2026-10-01T00:39:15Z",588,"Khalaili","CRY","6.7","6.7","6.7","6.7",1,0,"0.3",50,2029,1085,19,379,"5.3","a",0,0,,"false"
"2026-10-01T00:39:15Z",595,"Gozo","CRY","-0.9","-0.9","-0.9","-0.9",-1,0,"0.0",49,39,90,2,28,"0.3","a",-1,-1,,"false"
"2026-10-01T00:39:15Z",633,"Ahanor","CRY","0.1","0.1","0.1","0.1",1,0,"0.0",45,136,105,3,90,"1.0","a",0,0,,"false"
"2026-10-01T00:39:15Z",643,"Chilwell","CRY","-73.2","-73.2","-73.2","-73.2",-3,0,"0.4",45,553,2904,8,29,"2.7","a",0,0,,"false"
"2026-10-01T00:39:15Z",644,"Timber","CRY","0.2","0.2","0.2","0.2",1,0,"0.0",50,452,311,9,253,"3.0","a",0,0,,"false"
"2026-10-01T00:39:15Z",647,"Osorio","CRY","-73.5","-73.5","-73.5","-73.5",-3,0,"0.0",55,26,74,1,1,"0.3","a",0,0,,"false"
"2026-10-01T00:39:15Z",21,"Nørgaard","EVE","-0.2","-0.2","-0.2","-0.2",-1,0,"0.0",48,54,320,0,0,"0.0","i",-1,-2,,"false"
"2026-10-01T00:39:15Z",209,"Johnson","EVE","-19.3","-19.3","-19.3","-19.3",-1,0,"0.1",59,397,695,9,238,"2.3","a",0,-1,,"false"
"2026-10-01T00:39:15Z",226,"Pickford","EVE","29.3","29.2","29.2","29.2",2,-3,"9.1",55,28321,15273,25,450,"5.0","a",0,0,,"false"
"2026-10-01T00:39:15Z",227,"Travers","EVE","-32.3","-32.3","-32.3","-32.3",-2,0,"0.0",50,248,260,0,0,"0.0","a",0,0,,"false"
"2026-10-01T00:39:15Z",228,"King","EVE","-41.3","-41.3","-41.3","-41.3",-3,0,"0.0",45,112,167,0,0,"0.0","a",0,0,,"false"
"2026-10-01T00:39:15Z",229,"Tarkowski","EVE","0.0","0.2","0.3","0.5",1,28,"16.5",62,231134,20076,43,450,"8.3","a",1,2,,"false"
"2026-10-01T00:39:15Z",230,"Branthwaite","EVE","35.4","35.4","35.4","35.4",2,-1,"2.4",55,19309,7065,27,450,"5.7","a",0,0,,"false"
"2026-10-01T00:39:15Z",231,"Keane","EVE","-38.7","-38.7","-38.7","-38.7",-2,0,"0.7",48,379,3800,0,0,"0.0","a",0,-2,,"false"
"2026-10-01T00:39:15Z",232,"O'Brien","EVE","-3.7","-3.7","-3.7","-3.7",-1,0,"0.3",48,324,1116,2,16,"0.7","a",-1,-2,,"false"
"2026-10-01T00:39:15Z",233,"Mykolenko","EVE","1.3","1.3","1.3","1.3",1,0,"4.2",46,40960,21247,27,450,"5.7","a",1,1,,"false"
"2026-10-01T00:39:15Z",234,"Patterson","EVE","0.0","0.0","0.0","0.0",0,0,"0.0",45,0,121,0,0,"0.0","u",0,0,,"false"
"2026-10-01T00:39:15Z",235,"Aznou","EVE","0.0","0.0","0.0","0.0",0,0,"0.1",40,0,551,0,0,"0.0","u",0,0,,"false"
"2026-10-01T00:39:15Z",236,"Dewsbury-Hall","EVE","-15.5","-15.5","-15.5","-15.6",-1,-1,"6.0",66,33954,43991,20,450,"2.3","a",1,1,,"false"
"2026-10-01T00:39:15Z",238,"Grealish","EVE","8.6","8.6","8.6","8.6",1,0,"0.5",65,3641,2931,6,135,"1.7","a",0,0,,"false"
"2026-10-01T00:39:15Z",239,"Garner","EVE","3.5","3.5","3.5","3.5",1,0,"0.2",60,1704,1958,11,328,"3.0","a",0,0,,"false"
"2026-10-01T00:39:15Z",242,"George","EVE","30.0","30.0","30.0","30.0",2,0,"0.9",55,2400,10621,19,309,"4.7","a",0,0,,"false"
"2026-10-01T00:39:15Z",243,"Alcaraz","EVE","-46.1","-46.1","-46.1","-46.1",-3,0,"0.1",49,158,403,1,5,"0.0","a",0,-1,,"false"
"2026-10-01T00:39:15Z",244,"Armstrong","EVE","9.3","9.3","9.3","9.3",1,0,"0.4",50,813,3283,16,446,"2.0","a",0,0,,"false"
"2026-10-01T00:39:15Z",245,"Dibling","EVE","-89.7","-89.7","-89.7","-89.7",-3,0,"0.0",54,115,154,1,24,"0.3","a",0,-1,,"false"
"2026-10-01T00:39:15Z",246,"Röhl","EVE","-45.2","-45.2","-45.2","-45.2",-3,0,"0.0",49,7,579,6,249,"0.3","i",0,-1,,"false"
"2026-10-01T00:39:15Z",247,"Hackney","EVE","-5.1","-5.1","-5.1","-5.1",-1,0,"0.2",54,190,1069,10,137,"2.0","a",-1,-1,,"false"
"2026-10-01T00:39:15Z",248,"Beto","EVE","0.0","0.0","0.0","0.0",0,-4,"0.6",54,0,7216,2,31,"0.0","u",0,-1,,"false"
"2026-10-01T00:39:15Z",249,"Barry","EVE","0.3","0.3","0.4","0.4",1,7,"8.3",57,83657,38352,20,417,"3.3","a",1,2,,"false"
"2026-10-01T00:39:15Z",649,"Maitland-Niles","EVE","17.3","17.3","17.3","17.3",1,0,"1.4",45,19196,4612,21,177,"7.0","a",0,0,,"false"
"2026-10-01T00:39:15Z",654,"Graham","EVE","-34.0","-34.0","-34.0","-34.0",-2,0,"0.1",45,228,994,0,0,"0.0","a",0,0,,"false"
"2026-10-01T00:39:15Z",250,"Leno","FUL","8.7","8.7","8.8","8.9",1,5,"3.4",45,38360,11034,18,450,"4.3","a",0,0,,"false"
"2026-10-01T00:39:15Z",251,"Lecomte","FUL","-23.8","-23.9","-24.1","-24.2",-2,-1,"1.1",40,2457,2467,0,0,"0.0","a",0,0,,"false"
"2026-10-01T00:39:15Z",252,"McNally","FUL","0.0","0.0","0.0","0.0",0,0,"0.1",40,0,596,0,0,"0.0","u",0,0,,"false"
"2026-10-01T00:39:15Z",253,"Andersen","FUL","0.8","0.8","0.8","0.8",1,1,"0.2",50,2676,1073,3,190,"0.7","a",0,0,,"false"
"2026-10-01T00:39:15Z",254,"Robinson","FUL","-18.9","-18.6","-18.2","-17.9",-1,4,"1.5",45,15587,6529,12,429,"3.0","a",0,0,,"false"
"2026-10-01T00:39:15Z",255,"J.Cuenca","FUL","-72.0","-72.0","-72.0","-72.0",-3,0,"0.0",45,66,109,3,90,"0.0","a",0,0,,"false"
"2026-10-01T00:39:15Z",256,"Tete","FUL","-0.4","-0.4","-0.4","-0.4",-1,0,"0.2",44,54,1028,0,27,"0.0","a",0,-1,,"false"
"2026-10-01T00:39:15Z",257,"Bassey","FUL","0.0","0.0","0.0","0.0",0,0,"0.7",45,5274,1759,15,450,"4.3","a",0,0,,"false"
"2026-10-01T00:39:15Z",258,"Castagne","FUL","14.1","14.1","14.1","14.1",1,0,"0.9",45,14378,4780,20,408,"2.7","a",0,0,,"false"
"2026-10-01T00:39:15Z",261,"Iwobi","FUL","-58.9","-58.4","-57.8","-57.3",-3,2,"0.7",54,3356,3174,14,408,"3.3","a",0,-1,,"false"
"2026-10-01T00:39:15Z",262,"Smith Rowe","FUL","-0.9","-0.9","-0.9","-0.9",-1,0,"0.2",53,299,1320,3,38,"0.7","a",-1,-2,,"false"
"2026-10-01T00:39:15Z",263,"Kevin","FUL","-13.3","-13.3","-13.3","-13.3",-1,0,"0.0",53,191,283,4,61,"0.7","a",0,-2,,"false"
"2026-10-01T00:39:15Z",264,"Bobb","FUL","-48.5","-49.7","-50.9","-52.1",-3,-2,"0.3",55,2252,1764,13,343,"2.7","a",0,0,,"false"
"2026-10-01T00:39:15Z",265,"Berge","FUL","-33.8","-33.8","-33.8","-33.8",-2,0,"0.3",49,614,1278,11,349,"2.3","a",0,-1,,"false"
"2026-10-01T00:39:15Z",266,"Cairney","FUL","-15.2","-15.2","-15.2","-15.2",-1,0,"0.0",49,8,20,0,0,"0.0","i",0,-1,,"false"
"2026-10-01T00:39:15Z",268,"King","FUL","87.5","87.7","88.0","88.2",3,16,"2.6",55,86191,17891,24,425,"5.0","a",0,0,,"false"
"2026-10-01T00:39:15Z",269,"Sessegnon","FUL","-1.6","-1.6","-1.6","-1.6",-1,0,"0.3",43,295,1278,3,50,"0.3","a",-1,-2,,"false"
"2026-10-01T00:39:15Z",270,"Reed","FUL","-11.2","-11.2","-11.2","-11.2",-1,0,"1.1",44,2773,6766,0,0,"0.0","a",0,-1,,"false"
"2026-10-01T00:39:15Z",271,"Muniz","FUL","-50.4","-50.4","-50.4","-50.4",-3,0,"0.4",54,1689,2630,3,38,"0.7","a",0,-1,,"false"
"2026-10-01T00:39:15Z",272,"Kusi-Asare","FUL","-63.2","-63.3","-63.4","-63.4",-3,-2,"5.4",45,10727,32828,0,0,"0.0","a",0,0,,"false"
"2026-10-01T00:39:15Z",569,"Gonzalo","FUL","57.3","57.5","57.7","57.9",3,15,"4.0",60,66463,31911,14,425,"2.0","a",0,0,,"false"
"2026-10-01T00:39:15Z",570,"Palacios","FUL","-7.0","-7.0","-7.0","-7.0",-1,0,"0.2",54,702,935,12,226,"3.0","a",0,-1,,"false"
"2026-10-01T00:39:15Z",580,"Charles","FUL","-81.4","-81.4","-81.4","-81.4",-3,0,"0.1",50,584,423,13,303,"3.7","a",0,0,,"false"
"2026-10-01T00:39:15Z",610,"De Fougerolles","FUL","0.0","0.0","0.0","0.0",0,0,"0.1",40,0,497,0,0,"0.0","u",0,0,,"false"
"2026-10-01T00:39:15Z",626,"Zepa","FUL","0.1","0.1","0.1","0.1",1,0,"0.3",44,600,2217,0,0,"0.0","a",-1,-1,,"false"
"2026-10-01T00:39:15Z",635,"Larsson","FUL","0.0","0.0","0.0","0.0",0,0,"0.0",50,92,70,3,37,"1.0","a",0,0,,"false"
"2026-10-01T00:39:15Z",636,"Ángel","FUL","0.0","0.0","0.0","0.0",0,0,"0.0",50,32,27,0,0,"0.0","a",0,0,,"false"
"2026-10-01T00:39:15Z",650,"Affengruber","FUL","1.2","1.2","1.2","1.2",1,0,"0.1",45,5445,1250,12,180,"4.0","a",0,0,,"false"
"2026-10-01T00:39:15Z",240,"Iroegbunam","HUL","0.1","0.1","0.1","0.1",1,0,"0.0",50,75,137,2,70,"0.3","a",0,0,,"false"
"2026-10-01T00:39:15Z",273,"Phillips","HUL","-28.0","-28.0","-28.0","-28.0",-2,0,"1.4",40,2957,3453,0,0,"0.0","a",0,0,,"false"
"2026-10-01T00:39:15Z",274,"Butland","HUL","-0.7","-0.7","-0.7","-0.7",-1,0,"0.1",44,67,322,0,0,"0.0","i",-1,-1,,"false"
"2026-10-01T00:39:15Z",275,"Cartwright","HUL","0.0","0.0","0.0","0.0",0,0,"0.0",40,0,25,0,0,"0.0","u",0,0,,"false"
"2026-10-01T00:39:15Z",276,"Lo-Tutala","HUL","0.0","0.0","0.0","0.0",0,0,"0.0",40,0,113,0,0,"0.0","u",0,0,,"false"
"2026-10-01T00:39:15Z",277,"Egan","HUL","26.1","26.0","25.9","25.8",2,-8,"7.0",41,26797,29082,26,437,"3.0","a",0,1,,"false"
"2026-10-01T00:39:15Z",278,"Hughes","HUL","0.5","0.5","0.5","0.5",1,0,"0.2",39,1083,1921,0,0,"0.0","i",0,-1,,"false"
"2026-10-01T00:39:15Z",279,"Ajayi","HUL","69.4","69.3","69.3","69.2",3,-4,"14.0",42,43076,58386,27,423,"2.3","a",0,2,,"false"
"2026-10-01T00:39:15Z",280,"Coyle","HUL","0.3","0.3","0.3","0.3",1,0,"0.7",40,2045,2010,14,348,"2.7","a",0,0,,"false"
"2026-10-01T00:39:15Z",281,"Drameh","HUL","0.0","0.0","0.0","0.0",0,0,"0.0",40,0,252,2,65,"0.0","u",0,0,,"false"
"2026-10-01T00:39:15Z",282,"Giles","HUL","69.9","69.8","69.8","69.7",3,-4,"2.9",40,21095,13647,24,444,"4.0","a",0,0,,"false"
"2026-10-01T00:39:15Z",283,"Jacob","HUL","0.0","0.0","0.0","0.0",0,0,"0.0",40,0,34,0,0,"0.0","u",0,0,,"false"
"2026-10-01T00:39:15Z",284,"McCarthy","HUL","0.4","0.4","0.4","0.4",1,0,"0.1",40,390,430,0,0,"0.0","a",0,0,,"false"
"2026-10-01T00:39:15Z",285,"McNair","HUL","-41.9","-41.9","-41.9","-41.9",-3,0,"0.1",40,192,407,1,26,"0.0","a",0,0,,"false"
"2026-10-01T00:39:15Z",286,"Belloumi","HUL","36.6","36.7","36.8","36.9",2,8,"5.1",51,75341,24504,31,394,"7.3","a",0,1,,"false"
"2026-10-01T00:39:15Z",287,"Millar","HUL","0.0","0.0","0.0","0.0",0,0,"0.0",50,0,297,6,50,"0.0","u",0,0,,"false"
"2026-10-01T00:39:15Z",288,"Dowell","HUL","-95.0","-95.0","-95.0","-95.0",-4,0,"0.3",45,582,1980,0,0,"0.0","a",0,0,,"false"
"2026-10-01T00:39:15Z",289,"Crooks","HUL","0.7","0.7","0.7","0.7",1,0,"0.5",44,5010,4133,3,203,"0.3","a",-1,-1,,"false"
"2026-10-01T00:39:15Z",290,"Slater","HUL","74.7","74.7","74.8","74.8",3,2,"5.2",45,15530,36828,15,437,"2.3","a",0,0,,"false"
"2026-10-01T00:39:15Z",291,"Matazo","HUL","-14.7","-14.7","-14.7","-14.7",-1,0,"0.0",45,29,53,0,0,"0.0","i",0,0,,"false"
"2026-10-01T00:39:15Z",292,"Ömür","HUL","-10.0","-10.0","-10.0","-10.0",-1,0,"0.0",49,84,145,0,0,"0.0","a",0,-1,,"false"
"2026-10-01T00:39:15Z",293,"Kamara","HUL","0.0","0.0","0.0","0.0",0,0,"0.0",50,0,12,0,0,"0.0","u",0,0,,"false"
"2026-10-01T00:39:15Z",294,"Zambrano","HUL","-22.2","-22.2","-22.2","-22.2",-2,0,"0.1",45,148,486,0,0,"0.0","a",0,0,,"false"
"2026-10-01T00:39:15Z",295,"McBurnie","HUL","27.7","27.6","27.6","27.6",2,-2,"1.9",55,7828,17734,13,441,"2.3","a",0,0,,"false"
"2026-10-01T00:39:15Z",296,"Akintola","HUL","0.0","0.0","0.0","0.0",0,-1,"0.0",50,0,265,0,0,"0.0","u",0,0,,"false"
"2026-10-01T00:39:15Z",297,"Gyabi","HUL","-0.6","-0.6","-0.6","-0.6",-1,0,"0.0",44,57,139,0,0,"0.0","i",-1,-1,,"false"
"2026-10-01T00:39:15Z",298,"Destan","HUL","0.0","0.0","0.0","0.0",0,0,"0.2",45,0,1306,0,0,"0.0","u",0,0,,"false"
"2026-10-01T00:39:15Z",299,"Burstow","HUL","0.0","0.0","0.0","0.0",0,0,"0.0",45,0,215,0,0,"0.0","u",0,0,,"false"
"2026-10-01T00:39:15Z",340,"Gelhardt","HUL","0.0","0.0","0.0","0.0",0,0,"0.0",50,95,108,1,7,"0.3","a",0,0,,"false"
"2026-10-01T00:39:15Z",556,"Targett","HUL","-74.0","-74.1","-74.1","-74.2",-3,-1,"1.6",40,111,9764,1,5,"0.0","d",0,0,,"false"
"2026-10-01T00:39:15Z",563,"Morita","HUL","-0.2","-0.2","-0.2","-0.2",-1,0,"0.0",49,24,176,1,45,"0.0","i",-1,-1,,"false"
"2026-10-01T00:39:15Z",572,"Tzolakis","HUL","0.7","0.7","0.7","0.8",1,8,"12.8",47,124266,21476,34,450,"4.7","a",1,2,,"false"
"2026-10-01T00:39:15Z",574,"Hjertø-Dahl","HUL","-75.1","-75.1","-75.1","-75.1",-3,0,"0.1",49,75,326,1,8,"0.3","a",0,-1,,"false"
"2026-10-01T00:39:15Z",576,"Stroud","HUL","-52.1","-52.1","-52.1","-52.1",-3,0,"0.1",50,144,455,7,249,"1.3","a",0,0,,"false"
"2026-10-01T00:39:15Z",585,"Herrington","HUL","-27.3","-27.3","-27.3","-27.3",-2,0,"0.6",40,1027,1670,5,197,"1.0","a",0,0,,"false"
"2026-10-01T00:39:15Z",586,"Mendy","HUL","-0.5","-0.5","-0.5","-0.5",-1,0,"6.3",41,6907,33299,25,249,"3.0","a",0,1,,"false"
"2026-10-01T00:39:15Z",589,"Gourna-Douath","HUL","-78.9","-78.9","-78.9","-78.9",-3,0,"0.0",50,32,106,4,138,"1.0","a",0,0,,"false"
"2026-10-01T00:39:15Z",617,"Cho","HUL","0.2","0.2","0.2","0.2",1,0,"0.0",50,347,148,9,72,"2.7","a",0,0,,"false"
"2026-10-01T00:39:15Z",632,"Ansah","HUL","-64.2","-64.2","-64.2","-64.2",-3,0,"0.0",50,73,411,0,0,"0.0","i",0,0,,"false"
"2026-10-01T00:39:15Z",637,"Vaz","HUL","1.2","1.2","1.2","1.2",1,0,"0.1",50,1817,1143,2,20,"0.7","a",0,0,,"false"
"2026-10-01T00:39:15Z",638,"Norton-Cuffy","HUL","-25.5","-25.9","-26.3","-26.7",-2,-1,"0.2",40,450,2552,1,34,"0.3","d",0,0,,"false"
"2026-10-01T00:39:15Z",642,"Thomas","HUL","0.3","0.3","0.3","0.3",1,0,"0.0",55,462,346,4,119,"1.3","a",0,0,,"false"
"2026-10-01T00:39:15Z",645,"Mouzakitis","HUL","0.0","0.0","0.0","0.0",0,0,"0.0",50,88,89,0,0,"0.0","a",0,0,,"false"
"2026-10-01T00:39:15Z",259,"Diop","IPS","-52.9","-53.0","-53.0","-53.0",-3,-3,"12.7",40,6957,54782,12,450,"2.7","a",0,0,,"false"
"2026-10-01T00:39:15Z",267,"Lukić","IPS","-5.3","-6.3","-7.4","-8.5",-1,-1,"0.1",49,190,516,11,400,"1.7","a",-1,-1,,"false"
"2026-10-01T00:39:15Z",300,"Walton","IPS","-7.3","-7.3","-7.3","-7.3",-1,0,"0.4",44,1658,1022,2,90,"0.7","a",0,-1,,"false"
"2026-10-01T00:39:15Z",301,"Palmer","IPS","-25.5","-25.5","-25.5","-25.5",-2,0,"3.9",40,3926,11748,0,0,"0.0","a",0,0,,"false"
"2026-10-01T00:39:15Z",302,"Button","IPS","1.1","1.1","1.1","1.1",1,0,"0.6",40,1448,1309,0,0,"0.0","a",0,0,,"false"
"2026-10-01T00:39:15Z",303,"Kipré","IPS","3.1","3.1","3.2","3.2",1,2,"0.9",39,4440,4337,0,0,"0.0","a",0,-1,,"false"
"2026-10-01T00:39:15Z",304,"O'Shea","IPS","-40.1","-40.1","-40.1","-40.1",-3,0,"2.7",40,1949,14589,10,450,"2.0","a",0,0,,"false"
"2026-10-01T00:39:15Z",305,"Davis","IPS","72.3","72.3","72.4","72.4",3,3,"6.9",40,49755,27413,25,450,"5.7","a",0,0,,"false"
"2026-10-01T00:39:15Z",306,"Greaves","IPS","-90.3","-90.3","-90.3","-90.3",-3,0,"1.1",40,470,3420,3,357,"0.7","a",0,0,,"false"
"2026-10-01T00:39:15Z",307,"Johnson","IPS","0.0","0.0","0.0","0.0",0,0,"0.1",40,0,359,0,0,"0.0","u",0,0,,"false"
"2026-10-01T00:39:15Z",308,"Furlong","IPS","2.0","2.0","2.0","2.0",1,0,"0.6",39,6359,2874,1,17,"0.0","a",0,-1,,"false"
"2026-10-01T00:39:15Z",309,"Núñez","IPS","-34.8","-34.8","-34.8","-34.8",-2,0,"0.1",49,96,628,6,140,"0.0","a",0,-1,,"false"
"2026-10-01T00:39:15Z",310,"Matusiwa","IPS","0.0","0.0","0.0","0.0",0,0,"0.0",49,15,18,0,0,"0.0","a",0,-1,,"false"
"2026-10-01T00:39:15Z",311,"Burns","IPS","0.0","0.0","0.0","0.0",0,0,"0.0",50,0,8,0,0,"0.0","u",0,0,,"false"
"2026-10-01T00:39:15Z",312,"Taylor","IPS","0.1","0.1","0.1","0.1",1,0,"0.0",44,379,268,0,0,"0.0","i",-1,-1,,"false"
"2026-10-01T00:39:15Z",313,"Clarke","IPS","-84.6","-84.6","-84.6","-84.6",-3,0,"0.2",54,143,917,11,170,"1.3","a",0,-1,,"false"
"2026-10-01T00:39:15Z",314,"Ogbene","IPS","0.0","0.0","0.0","0.0",0,0,"0.0",49,0,66,0,0,"0.0","u",0,-1,,"false"
"2026-10-01T00:39:15Z",315,"Fatawu","IPS","-33.5","-34.3","-35.1","-35.9",-2,-2,"0.2",54,55,2482,8,352,"0.7","s",0,-1,,"false"
"2026-10-01T00:39:15Z",316,"Emersonn","IPS","83.6","83.6","83.7","83.7",3,3,"3.5",55,33832,22813,26,317,"5.3","a",0,0,,"false"
"2026-10-01T00:39:15Z",317,"Hirst","IPS","0.0","0.0","0.0","0.0",0,0,"0.1",50,0,472,0,0,"0.0","u",0,0,,"false"
"2026-10-01T00:39:15Z",318,"Philogene","IPS","-7.9","-7.9","-7.9","-7.9",-1,0,"0.1",54,33,156,2,52,"0.7","a",0,-1,,"false"
"2026-10-01T00:39:15Z",319,"Szmodics","IPS","0.0","0.0","0.0","0.0",0,0,"0.0",50,0,13,0,0,"0.0","u",0,0,,"false"
"2026-10-01T00:39:15Z",320,"Akpom","IPS","24.0","24.0","24.0","24.0",2,0,"1.2",50,4986,9515,7,78,"0.3","a",0,0,,"false"
"2026-10-01T00:39:15Z",321,"Walle Egeli","IPS","38.8","38.8","38.8","38.9",2,2,"3.5",45,17851,26432,1,10,"0.0","a",0,0,,"false"
"2026-10-01T00:39:15Z",322,"Al-Hamadi","IPS","0.0","0.0","0.0","0.0",0,0,"0.0",50,0,365,0,0,"0.0","u",0,0,,"false"
"2026-10-01T00:39:15Z",323,"McAteer","IPS","-1.0","-1.1","-1.2","-1.3",-1,-1,"1.0",44,1464,6351,3,42,"0.3","a",-1,-1,,"false"
"2026-10-01T00:39:15Z",324,"Mehmeti","IPS","-2.3","-2.3","-2.3","-2.3",-1,0,"0.0",48,73,140,0,0,"0.0","a",-1,-2,,"false"
"2026-10-01T00:39:15Z",554,"Van Oevelen","IPS","0.0","0.0","0.0","0.0",0,0,"0.0",45,0,81,0,0,"0.0","u",0,0,,"false"
"2026-10-01T00:39:15Z",562,"Maeda","IPS","-9.9","-9.9","-9.9","-9.9",-1,0,"0.2",53,135,1444,8,259,"1.3","a",-1,-2,,"false"
"2026-10-01T00:39:15Z",564,"Scherpen","IPS","-31.3","-31.3","-31.3","-31.3",-2,0,"0.6",45,618,2760,7,360,"1.0","a",0,0,,"false"
"2026-10-01T00:39:15Z",571,"Florentino","IPS","-2.5","-2.5","-2.5","-2.5",-1,0,"0.1",48,110,331,2,30,"0.7","a",-1,-2,,"false"
"2026-10-01T00:39:15Z",591,"Enciso","IPS","8.6","8.6","8.6","8.6",1,0,"0.8",55,2187,6039,15,413,"1.7","a",0,0,,"false"
"2026-10-01T00:39:15Z",592,"Ouattara","IPS","-31.8","-31.8","-31.8","-31.8",-2,0,"0.9",40,670,2046,6,131,"1.3","a",0,0,,"false"
"2026-10-01T00:39:15Z",602,"Humphreys","IPS","0.0","0.0","0.0","0.0",0,0,"0.0",45,0,237,0,0,"0.0","u",0,0,,"false"
"2026-10-01T00:39:15Z",619,"Palacios","IPS","1.0","1.0","1.0","1.0",1,0,"0.1",50,497,822,11,275,"3.3","a",0,0,,"false"
"2026-10-01T00:39:15Z",640,"Flemming","IPS","0.5","0.5","0.5","0.5",1,0,"0.1",55,908,980,6,60,"2.0","a",0,0,,"false"
"2026-10-01T00:39:15Z",260,"Wilson","LEE","-60.4","-60.5","-60.6","-60.8",-3,-4,"1.7",62,72,39957,5,145,"0.3","i",0,-3,,"false"
"2026-10-01T00:39:15Z",326,"Perri","LEE","0.0","0.0","0.0","0.0",0,0,"0.3",45,0,1278,0,0,"0.0","u",0,0,,"false"
"2026-10-01T00:39:15Z",327,"Bijol","LEE","5.0","5.0","4.9","4.9",1,-2,"0.7",50,786,5469,12,164,"0.3","a",0,0,,"false"
"2026-10-01T00:39:15Z",329,"Rodon","LEE","-6.3","-6.3","-6.3","-6.3",-1,0,"0.8",43,45,8687,7,123,"0.0","i",-1,-2,,"false"
"2026-10-01T00:39:15Z",330,"Bogle","LEE","56.3","56.6","56.9","57.2",3,20,"7.2",46,122842,25205,42,365,"11.3","a",0,1,,"false"
"2026-10-01T00:39:15Z",331,"Gudmundsson","LEE","0.9","0.9","0.9","0.9",1,0,"0.1",45,520,325,14,252,"4.7","a",0,0,,"false"
"2026-10-01T00:39:15Z",332,"Justin","LEE","18.0","18.0","18.0","18.0",1,0,"1.4",45,4134,5755,26,450,"4.7","a",0,0,,"false"
"2026-10-01T00:39:15Z",333,"Bornauw","LEE","0.0","0.0","0.0","0.0",0,0,"0.0",45,0,5,0,0,"0.0","u",0,0,,"false"
"2026-10-01T00:39:15Z",334,"Muharemović","LEE","38.2","38.1","38.1","38.1",2,-2,"4.3",50,27393,23670,27,450,"5.7","a",0,0,,"false"
"2026-10-01T00:39:15Z",335,"Stach","LEE","15.9","15.9","15.9","15.8",1,-1,"2.5",60,4726,19275,27,447,"3.3","a",0,0,,"false"
"2026-10-01T00:39:15Z",336,"Okafor","LEE","1.4","1.4","1.4","1.4",1,0,"0.4",58,1740,3312,18,299,"5.0","a",0,-2,,"false"
"2026-10-01T00:39:15Z",337,"Aaronson","LEE","-7.6","-7.6","-7.6","-7.6",-1,0,"0.5",53,210,3329,7,194,"1.0","a",-1,-2,,"false"
"2026-10-01T00:39:15Z",338,"Ampadu","LEE","-28.1","-28.1","-28.1","-28.1",-2,0,"0.9",54,1577,4848,21,450,"4.7","a",0,-1,,"false"
"2026-10-01T00:39:15Z",339,"Longstaff","LEE","-96.7","-96.7","-96.7","-96.7",-4,0,"0.1",49,132,623,2,10,"0.3","a",0,-1,,"false"
"2026-10-01T00:39:15Z",341,"Gnonto","LEE","0.0","0.0","0.0","0.0",0,0,"0.0",50,0,52,0,0,"0.0","u",0,0,,"false"
"2026-10-01T00:39:15Z",342,"Harrison","LEE","0.0","0.0","0.0","0.0",0,0,"0.0",50,0,5,0,0,"0.0","u",0,0,,"false"
"2026-10-01T00:39:15Z",343,"James","LEE","-27.7","-27.7","-27.7","-27.7",-2,0,"0.1",49,182,550,3,52,"0.7","a",0,-1,,"false"
"2026-10-01T00:39:15Z",344,"Gruev","LEE","0.0","0.0","0.0","0.0",0,0,"0.0",50,48,20,0,0,"0.0","a",0,0,,"false"
"2026-10-01T00:39:15Z",345,"Tanaka","LEE","4.8","4.8","4.8","4.8",1,0,"0.3",49,2184,2228,14,255,"4.3","a",0,-1,,"false"
"2026-10-01T00:39:15Z",346,"Calvert-Lewin","LEE","67.9","67.7","67.6","67.4",3,-10,"24.8",60,92505,167013,22,419,"4.3","a",0,0,,"false"
"2026-10-01T00:39:15Z",347,"Nmecha","LEE","-26.1","-26.5","-26.9","-27.3",-2,-1,"0.5",54,1983,3691,7,64,"1.0","a",0,-1,,"false"
"2026-10-01T00:39:15Z",348,"Piroe","LEE","0.0","0.0","0.0","0.0",0,0,"0.1",50,0,420,0,0,"0.0","u",0,0,,"false"
"2026-10-01T00:39:15Z",349,"Mateo Joseph","LEE","-41.0","-41.0","-41.0","-41.0",-3,0,"0.1",45,310,476,0,0,"0.0","i",0,0,,"false"
"2026-10-01T00:39:15Z",385,"Trafford","LEE","33.4","33.3","33.2","33.1",2,-5,"5.5",50,22014,14689,28,450,"5.3","a",0,0,,"false"
"2026-10-01T00:39:15Z",598,"Elvedi","LEE","0.7","0.7","0.7","0.7",1,0,"0.1",45,224,228,13,326,"4.0","a",0,0,,"false"
"2026-10-01T00:39:15Z",603,"Lienou","LEE","0.1","0.1","0.1","0.1",1,-1,"0.1",40,237,511,0,0,"0.0","a",0,0,,"false"
"2026-10-01T00:39:15Z",604,"Cresswell","LEE","-11.6","-11.6","-11.6","-11.6",-1,0,"0.1",45,300,879,0,0,"0.0","a",0,0,,"false"
"2026-10-01T00:39:15Z",625,"Cairns","LEE","0.4","0.4","0.4","0.4",1,0,"0.2",40,831,767,0,0,"0.0","a",0,0,,"false"
"2026-10-01T00:39:15Z",629,"Zetterer","LEE","2.2","2.2","2.2","2.2",1,0,"0.7",40,2991,2750,0,0,"0.0","a",0,0,,"false"
"2026-10-01T00:39:15Z",641,"Bard","LEE","0.0","0.0","0.0","0.0",0,0,"0.0",45,96,79,1,18,"0.3","a",0,0,,"false"
"2026-10-01T00:39:15Z",648,"Bahoya","LEE","-51.9","-51.9","-51.9","-51.9",-3,0,"0.0",50,106,173,1,1,"0.3","a",0,0,,"false"
"2026-10-01T00:39:15Z",350,"A.Becker","LIV","1.6","1.6","1.7","1.7",1,2,"4.1",55,12945,11546,27,450,"8.3","a",0,0,,"false"
"2026-10-01T00:39:15Z",351,"Mamardashvili","LIV","-96.4","-96.4","-96.4","-96.4",-4,0,"0.1",49,253,609,0,0,"0.0","a",0,-1,,"false"
"2026-10-01T00:39:15Z",352,"Woodman","LIV","-31.4","-31.4","-31.4","-31.4",-2,0,"1.0",40,779,2336,0,0,"0.0","a",0,0,,"false"
"2026-10-01T00:39:15Z",353,"Pecsi","LIV","0.0","0.0","0.0","0.0",0,0,"0.0",40,0,60,0,0,"0.0","u",0,0,,"false"
"2026-10-01T00:39:15Z",354,"Jaros","LIV","0.1","0.1","0.1","0.1",1,0,"0.0",40,204,157,0,0,"0.0","i",0,0,,"false"
"2026-10-01T00:39:15Z",355,"Davies","LIV","0.1","0.1","0.1","0.1",1,0,"0.2",40,286,465,0,0,"0.0","a",0,0,,"false"
"2026-10-01T00:39:15Z",356,"Virgil","LIV","-59.3","-59.2","-59.2","-59.2",-3,4,"16.2",65,21058,43158,25,450,"7.3","a",0,0,,"false"
"2026-10-01T00:39:15Z",357,"Frimpong","LIV","-37.0","-37.1","-37.2","-37.3",-2,-1,"1.8",53,1594,12593,2,178,"0.3","a",0,-2,,"false"
"2026-10-01T00:39:15Z",358,"Kerkez","LIV","-0.1","-0.1","-0.1","-0.1",-1,0,"2.2",53,2598,10259,13,385,"4.0","a",-1,-2,,"false"
"2026-10-01T00:39:15Z",359,"Gomez","LIV","0.0","0.0","0.0","0.0",0,0,"0.0",49,318,114,0,0,"0.0","a",0,-1,,"false"
"2026-10-01T00:39:15Z",360,"Bradley","LIV","-86.3","-86.3","-86.3","-86.3",-3,0,"0.0",50,55,83,0,0,"0.0","i",0,0,,"false"
"2026-10-01T00:39:15Z",361,"Lucky","LIV","-53.1","-53.1","-53.1","-53.1",-3,0,"0.1",40,293,570,0,0,"0.0","a",0,0,,"false"
"2026-10-01T00:39:15Z",362,"Jacquet","LIV","55.4","55.5","55.7","55.9",3,12,"3.5",50,33180,13151,24,415,"6.7","a",0,0,,"false"
"2026-10-01T00:39:15Z",363,"Leoni","LIV","-60.2","-60.2","-60.2","-60.2",-3,0,"0.0",40,65,178,0,0,"0.0","i",0,0,,"false"
"2026-10-01T00:39:15Z",364,"Tsimikas","LIV","-54.7","-54.7","-54.7","-54.7",-3,0,"0.1",49,90,390,2,64,"0.3","a",0,-1,,"false"
"2026-10-01T00:39:15Z",365,"Ramsay","LIV","0.0","0.0","0.0","0.0",0,0,"0.1",40,0,471,0,0,"0.0","u",0,0,,"false"
"2026-10-01T00:39:15Z",366,"Wirtz","LIV","-36.7","-36.9","-37.2","-37.4",-2,-8,"5.7",73,3324,41557,18,402,"4.0","a",0,-2,,"false"
"2026-10-01T00:39:15Z",367,"Gakpo","LIV","-0.1","-0.5","-1.0","-1.4",-1,-55,"12.4",72,50995,89041,32,370,"5.0","d",0,2,,"false"
"2026-10-01T00:39:15Z",368,"Szoboszlai","LIV","-96.4","-96.6","-96.8","-96.9",-4,-36,"32.8",70,35542,210542,20,440,"2.7","a",0,0,,"false"
"2026-10-01T00:39:15Z",369,"Ngumoha","LIV","-22.9","-22.9","-22.9","-22.9",-2,0,"0.5",57,768,4205,4,99,"0.3","a",-1,-3,,"false"
"2026-10-01T00:39:15Z",370,"Chiesa","LIV","-5.9","-5.9","-5.9","-5.9",-1,0,"0.0",53,17,246,0,0,"0.0","i",-1,-2,,"false"
"2026-10-01T00:39:15Z",371,"Gravenberch","LIV","-22.1","-22.2","-22.4","-22.6",-2,-2,"1.1",58,1194,8985,9,190,"1.0","a",-1,-2,,"false"
"2026-10-01T00:39:15Z",372,"Mac Allister","LIV","-42.7","-42.7","-42.7","-42.7",-3,0,"1.3",54,3788,6800,11,306,"2.7","a",0,-1,,"false"
"2026-10-01T00:39:15Z",373,"C.Jones","LIV","0.0","0.0","0.0","0.0",0,0,"0.0",55,0,60,0,0,"0.0","u",0,0,,"false"
"2026-10-01T00:39:15Z",374,"Endo","LIV","-61.5","-61.5","-61.5","-61.5",-3,0,"0.1",49,163,439,0,0,"0.0","a",0,-1,,"false"
"2026-10-01T00:39:15Z",375,"Nyoni","LIV","-85.7","-85.7","-85.7","-85.7",-3,0,"0.0",49,91,309,3,38,"0.7","a",0,-1,,"false"
"2026-10-01T00:39:15Z",376,"Bajcetic","LIV","0.0","0.0","0.0","0.0",0,0,"0.0",50,0,3,0,0,"0.0","u",0,0,,"false"
"2026-10-01T00:39:15Z",377,"Munoz","LIV","6.4","6.4","6.4","6.4",1,0,"0.9",65,1430,11370,15,257,"1.7","a",0,0,,"false"
"2026-10-01T00:39:15Z",378,"McConnell","LIV","-3.5","-3.5","-3.5","-3.5",-1,0,"0.2",44,1051,1485,0,0,"0.0","a",0,-1,,"false"
"2026-10-01T00:39:15Z",379,"Isak","LIV","8.0","7.6","7.2","6.8",1,-28,"22.4",91,114753,81547,33,413,"7.7","d",0,1,,"false"
"2026-10-01T00:39:15Z",380,"Ekitiké","LIV","-27.3","-27.3","-27.3","-27.3",-2,0,"0.1",74,366,822,0,0,"0.0","i",0,-1,,"false"
"2026-10-01T00:39:15Z",381,"Koumas","LIV","-93.1","-93.1","-93.1","-93.1",-3,0,"0.0",50,152,189,3,22,"0.7","a",0,0,,"false"
"2026-10-01T00:39:15Z",382,"Danns","LIV","3.6","3.6","3.6","3.6",1,0,"0.2",45,3446,2360,0,0,"0.0","a",0,0,,"false"
"2026-10-01T00:39:15Z",383,"Elliott","LIV","0.0","0.0","0.0","0.0",0,0,"0.0",54,0,223,0,0,"0.0","u",0,-1,,"false"
"2026-10-01T00:39:15Z",579,"Araujo","LIV","33.8","33.8","33.9","34.0",2,4,"3.0",54,16642,10337,22,284,"7.0","a",0,-1,,"false"
"2026-10-01T00:39:15Z",627,"Barcola","LIV","-66.7","-66.7","-66.6","-66.6",-3,1,"1.9",80,10613,18711,7,168,"2.3","a",0,0,,"false"
"2026-10-01T00:39:15Z",155,"Enzo","MCI","1.3","1.3","1.3","1.3",1,0,"3.6",69,30531,14306,13,271,"4.0","a",0,-1,,"false"
"2026-10-01T00:39:15Z",237,"Ndiaye","MCI","-19.7","-19.9","-20.0","-20.1",-1,-10,"6.7",58,6887,67897,22,385,"3.0","a",-1,-2,,"false"
"2026-10-01T00:39:15Z",384,"Donnarumma","MCI","-51.0","-51.1","-51.3","-51.4",-3,-6,"7.6",55,10544,29998,19,450,"5.3","a",0,0,,"false"
"2026-10-01T00:39:15Z",386,"Bettinelli","MCI","-86.3","-86.3","-86.3","-86.3",-3,0,"0.0",45,51,87,0,0,"0.0","a",0,0,,"false"
"2026-10-01T00:39:15Z",387,"O'Reilly","MCI","-3.8","-3.8","-3.9","-3.9",-1,-6,"10.9",63,5284,69830,6,163,"0.7","a",-1,-2,,"false"
"2026-10-01T00:39:15Z",388,"Guéhi","MCI","64.5","64.3","64.1","63.9",3,-12,"18.2",60,23202,50579,30,450,"6.0","a",0,0,,"false"
"2026-10-01T00:39:15Z",389,"Matheus N.","MCI","-33.4","-33.8","-34.3","-34.7",-2,-3,"1.0",59,1626,2888,11,213,"3.3","a",0,-1,,"false"
"2026-10-01T00:39:15Z",390,"Rúben","MCI","3.8","3.8","3.8","3.8",1,0,"1.9",55,4608,8979,17,450,"4.3","a",0,0,,"false"
"2026-10-01T00:39:15Z",391,"Gvardiol","MCI","78.7","78.8","78.8","78.8",3,2,"26.8",57,145382,53648,37,434,"7.7","a",0,2,,"false"
"2026-10-01T00:39:15Z",392,"Aït-Nouri","MCI","-97.4","-97.4","-97.4","-97.4",-4,0,"0.4",53,518,2147,0,0,"0.0","a",0,-2,,"false"
"2026-10-01T00:39:15Z",393,"Khusanov","MCI","-34.3","-34.8","-35.2","-35.7",-2,-4,"1.4",54,1390,8920,9,268,"1.7","a",0,-1,,"false"
"2026-10-01T00:39:15Z",394,"Alleyne","MCI","0.0","0.0","0.0","0.0",0,0,"0.0",50,0,20,0,0,"0.0","u",0,0,,"false"
"2026-10-01T00:39:15Z",395,"Lewis","MCI","-65.0","-65.0","-65.0","-65.0",-3,0,"0.2",44,300,1195,1,56,"0.0","a",0,-1,,"false"
"2026-10-01T00:39:15Z",396,"Vitor Reis","MCI","-81.7","-81.7","-81.7","-81.7",-3,0,"0.0",45,71,148,1,1,"0.0","a",0,0,,"false"
"2026-10-01T00:39:15Z",397,"Semenyo","MCI","-19.7","-19.7","-19.8","-19.8",-1,-9,"15.3",84,124949,65360,33,450,"8.7","d",0,-1,,"false"
"2026-10-01T00:39:15Z",398,"Foden","MCI","-47.6","-47.8","-47.9","-48.0",-3,-4,"1.8",69,206,28034,9,217,"-0.3","s",0,-1,,"false"
"2026-10-01T00:39:15Z",399,"Cherki","MCI","-56.0","-55.9","-55.7","-55.5",-3,12,"28.4",78,121388,87975,34,302,"4.0","a",0,3,,"false"
"2026-10-01T00:39:15Z",400,"Doku","MCI","0.2","0.2","0.2","0.2",1,0,"0.7",74,4260,2034,1,15,"0.3","a",0,-1,,"false"
"2026-10-01T00:39:15Z",402,"Rodrigo","MCI","0.0","0.0","0.0","0.0",0,0,"0.0",65,0,25,0,0,"0.0","u",0,0,,"false"
"2026-10-01T00:39:15Z",404,"Reijnders","MCI","0.0","0.0","0.0","0.0",0,0,"0.0",60,0,99,0,0,"0.0","u",0,0,,"false"
"2026-10-01T00:39:15Z",406,"Kovačić","MCI","-95.5","-95.5","-95.5","-95.5",-4,0,"0.1",54,109,454,2,42,"0.0","a",0,-1,,"false"
"2026-10-01T00:39:15Z",407,"Echeverri","MCI","0.0","0.0","0.0","0.0",0,0,"0.0",49,0,52,0,0,"0.0","u",0,-1,,"false"
"2026-10-01T00:39:15Z",408,"Phillips","MCI","0.0","0.0","0.0","0.0",0,0,"0.0",50,0,12,0,0,"0.0","u",0,0,,"false"
"2026-10-01T00:39:15Z",409,"Mukasa","MCI","0.0","0.0","0.0","0.0",0,0,"0.1",45,0,587,0,0,"0.0","u",0,0,,"false"
"2026-10-01T00:39:15Z",410,"Monga","MCI","0.0","0.0","0.0","0.0",0,0,"0.0",49,0,50,0,0,"0.0","u",0,-1,,"false"
"2026-10-01T00:39:15Z",411,"Haaland","MCI","22.4","22.5","22.5","22.5",2,2,"73.8",156,77460,19770,39,450,"8.0","a",0,1,,"false"
"2026-10-01T00:39:15Z",481,"Anderson","MCI","-41.1","-41.3","-41.4","-41.6",-3,-4,"4.0",63,7710,27462,15,413,"3.3","a",0,-2,,"false"
"2026-10-01T00:39:15Z",587,"Rulli","MCI","-89.5","-89.5","-89.5","-89.5",-3,0,"0.0",50,69,102,0,0,"0.0","a",0,0,,"false"
"2026-10-01T00:39:15Z",616,"Bouaddi","MCI","-32.0","-32.0","-32.0","-32.0",-2,0,"0.2",55,831,2097,2,22,"0.3","a",0,0,,"false"
"2026-10-01T00:39:15Z",621,"McAidoo","MCI","-88.2","-88.2","-88.2","-88.2",-3,0,"0.1",45,192,1079,2,11,"0.3","a",0,0,,"false"
"2026-10-01T00:39:15Z",622,"Braithwaite","MCI","-37.8","-37.8","-37.8","-37.8",-2,0,"0.2",40,573,1628,1,1,"0.0","a",0,0,,"false"
"2026-10-01T00:39:15Z",628,"Allan","MCI","0.1","0.1","0.1","0.1",1,0,"0.0",60,221,161,0,0,"0.0","a",0,0,,"false"
"2026-10-01T00:39:15Z",653,"Samba","MCI","-39.8","-39.8","-39.8","-39.8",-2,0,"0.0",45,241,486,0,0,"0.0","a",0,0,,"false"
"2026-10-01T00:39:15Z",43,"Tielemans","MUN","-36.4","-36.4","-36.4","-36.4",-2,0,"1.5",58,3093,10579,14,402,"2.7","a",0,-2,,"false"
"2026-10-01T00:39:15Z",131,"Baleba","MUN","0.0","0.0","0.0","0.0",0,0,"0.1",49,1249,717,0,0,"0.0","a",0,-1,,"false"
"2026-10-01T00:39:15Z",162,"Andrey Santos","MUN","-48.9","-48.9","-48.9","-48.9",-3,0,"0.6",48,1028,4883,4,82,"0.3","a",0,-2,,"false"
"2026-10-01T00:39:15Z",325,"Darlow","MUN","-22.7","-22.7","-22.7","-22.7",-2,0,"0.0",45,58,210,0,0,"0.0","d",0,0,,"false"
"2026-10-01T00:39:15Z",412,"Lammens","MUN","-16.7","-16.7","-16.8","-16.9",-1,-4,"9.9",49,6622,48091,11,450,"2.7","a",0,-1,,"false"
"2026-10-01T00:39:15Z",413,"Bayindir","MUN","0.0","0.0","0.0","0.0",0,0,"0.0",45,0,37,0,0,"0.0","u",0,0,,"false"
"2026-10-01T00:39:15Z",414,"Heaton","MUN","-35.5","-35.5","-35.5","-35.5",-2,0,"0.1",40,189,264,0,0,"0.0","i",0,0,,"false"
"2026-10-01T00:39:15Z",415,"Dorgu","MUN","-57.9","-58.2","-58.6","-59.0",-3,-3,"0.5",58,1026,4048,10,171,"3.0","d",0,-2,,"false"
"2026-10-01T00:39:15Z",416,"De Ligt","MUN","-95.4","-95.4","-95.4","-95.4",-4,0,"0.0",50,71,130,0,0,"0.0","i",0,0,,"false"
"2026-10-01T00:39:15Z",417,"Dalot","MUN","-76.4","-76.5","-76.6","-76.7",-3,-1,"1.6",49,1221,7432,8,346,"1.7","a",0,-1,,"false"
"2026-10-01T00:39:15Z",418,"Maguire","MUN","-1.8","-1.8","-1.9","-2.0",-1,-8,"8.6",48,4247,74197,10,450,"1.7","a",-1,-2,,"false"
"2026-10-01T00:39:15Z",419,"Martinez","MUN","-95.6","-95.6","-95.6","-95.6",-4,0,"1.3",50,3631,6361,6,360,"1.7","a",0,0,,"false"
"2026-10-01T00:39:15Z",420,"Yoro","MUN","-10.5","-10.5","-10.5","-10.5",-1,0,"0.5",48,456,2144,2,22,"0.3","a",-1,-2,,"false"
"2026-10-01T00:39:15Z",421,"Heaven","MUN","0.0","0.0","0.0","0.0",0,0,"0.3",43,233,1460,1,90,"0.0","a",-1,-2,,"false"
"2026-10-01T00:39:15Z",422,"Mazraoui","MUN","-72.8","-72.8","-72.8","-72.8",-3,0,"0.5",44,575,2850,3,97,"0.3","a",0,-1,,"false"
"2026-10-01T00:39:15Z",423,"Shaw","MUN","-4.6","-4.6","-4.7","-4.7",-1,-3,"7.7",43,3540,75960,9,335,"2.0","a",-1,-2,,"false"
"2026-10-01T00:39:15Z",424,"Amass","MUN","-45.1","-45.1","-45.1","-45.1",-3,0,"0.2",40,416,778,0,0,"0.0","a",0,0,,"false"
"2026-10-01T00:39:15Z",425,"Fredricson","MUN","0.0","0.0","0.0","0.0",0,0,"0.0",40,0,49,0,0,"0.0","u",0,0,,"false"
"2026-10-01T00:39:15Z",426,"B.Fernandes","MUN","-1.1","-1.1","-1.1","-1.1",-1,1,"38.5",119,42795,194886,31,450,"2.0","a",-1,-1,,"false"
"2026-10-01T00:39:15Z",427,"Mbeumo","MUN","-74.7","-74.6","-74.6","-74.6",-3,2,"20.6",79,36094,128353,25,450,"4.0","a",0,-1,,"false"
"2026-10-01T00:39:15Z",428,"Cunha","MUN","-93.9","-93.8","-93.7","-93.6",-3,4,"5.8",79,21536,21314,26,407,"5.0","a",0,-1,,"false"
"2026-10-01T00:39:15Z",429,"Rashford","MUN","-81.6","-81.8","-81.9","-82.0",-3,-2,"1.5",70,4144,17429,10,351,"2.3","d",0,0,,"false"
"2026-10-01T00:39:15Z",430,"Mount","MUN","0.1","0.1","0.1","0.1",1,1,"0.0",54,181,198,1,10,"0.3","a",0,-1,,"false"
"2026-10-01T00:39:15Z",431,"Amad","MUN","-16.8","-16.8","-16.8","-16.8",-1,0,"0.3",57,126,1789,0,0,"0.0","i",0,-3,,"false"
"2026-10-01T00:39:15Z",432,"Mainoo","MUN","13.8","13.7","13.7","13.6",1,-6,"1.6",55,7608,14852,22,354,"5.7","d",0,0,,"false"
"2026-10-01T00:39:15Z",433,"Ugarte","MUN","-67.7","-67.7","-67.7","-67.7",-3,0,"0.0",50,23,24,0,0,"0.0","i",0,0,,"false"
"2026-10-01T00:39:15Z",434,"J.Fletcher","MUN","-38.0","-38.0","-38.0","-38.0",-2,0,"0.0",49,43,57,0,0,"0.0","a",0,-1,,"false"
"2026-10-01T00:39:15Z",435,"Lacey","MUN","-5.4","-5.4","-5.4","-5.4",-1,0,"0.1",49,370,354,1,10,"0.0","a",0,-1,,"false"
"2026-10-01T00:39:15Z",436,"Collyer","MUN","0.0","0.0","0.0","0.0",0,0,"0.0",50,0,46,0,0,"0.0","u",0,0,,"false"
"2026-10-01T00:39:15Z",437,"Bendito Mantato","MUN","0.0","0.0","-0.6","-1.2",0,-1,"0.2",44,417,852,0,0,"0.0","a",-1,-1,,"false"
"2026-10-01T00:39:15Z",438,"Fletcher","MUN","0.4","0.4","0.4","0.4",1,0,"0.3",44,2552,2092,0,0,"0.0","a",0,-1,,"false"
"2026-10-01T00:39:15Z",439,"Šeško","MUN","-40.6","-40.8","-41.0","-41.1",-3,-4,"1.6",70,6594,23796,8,76,"2.0","d",0,0,,"false"
"2026-10-01T00:39:15Z",440,"Zirkzee","MUN","-7.9","-7.9","-7.9","-7.9",-1,0,"0.4",53,1929,3097,2,20,"0.7","a",-1,-2,,"false"
"2026-10-01T00:39:15Z",441,"Obi","MUN","0.0","0.0","0.0","0.0",0,-2,"0.9",45,0,11196,0,0,"0.0","u",0,0,,"false"
"2026-10-01T00:39:15Z",405,"N.Gonzalez","NEW","0.8","0.8","0.8","0.8",1,0,"0.2",55,592,1833,5,164,"1.0","a",0,0,,"false"
"2026-10-01T00:39:15Z",442,"Pope","NEW","-43.8","-43.8","-43.8","-43.8",-3,0,"0.9",49,855,3092,0,0,"0.0","a",0,-1,,"false"
"2026-10-01T00:39:15Z",443,"Gillespie","NEW","-38.5","-38.5","-38.5","-38.5",-2,0,"0.0",45,43,87,0,0,"0.0","a",0,0,,"false"
"2026-10-01T00:39:15Z",444,"Jaouen","NEW","-6.6","-6.6","-6.6","-6.6",-1,0,"0.0",44,20,117,0,0,"0.0","d",-1,-1,,"false"
"2026-10-01T00:39:15Z",445,"Thiaw","NEW","17.7","17.7","17.7","17.7",1,0,"2.2",50,8450,9892,14,450,"1.7","a",0,0,,"false"
"2026-10-01T00:39:15Z",446,"Schär","NEW","-11.2","-11.2","-11.2","-11.2",-1,0,"0.2",49,545,894,2,25,"0.3","a",0,-1,,"false"
"2026-10-01T00:39:15Z",447,"Botman","NEW","9.6","9.6","9.6","9.6",1,0,"0.7",50,4684,2965,15,450,"2.3","a",0,0,,"false"
"2026-10-01T00:39:15Z",448,"Burn","NEW","-3.7","-3.7","-3.7","-3.7",-1,0,"0.7",48,110,5730,0,0,"0.0","i",-1,-2,,"false"
"2026-10-01T00:39:15Z",449,"Hall","NEW","6.8","6.9","7.1","7.2",1,24,"17.3",53,243710,20102,31,449,"5.7","a",1,3,,"false"
"2026-10-01T00:39:15Z",450,"Livramento","NEW","1.5","1.5","1.5","1.5",1,0,"0.1",49,441,1477,4,33,"1.3","d",0,-1,,"false"
"2026-10-01T00:39:15Z",451,"A.Murphy","NEW","0.0","0.0","0.0","0.0",0,0,"0.1",40,0,285,0,0,"0.0","u",0,0,,"false"
"2026-10-01T00:39:15Z",453,"Barnes","NEW","15.6","15.8","15.9","16.0",1,25,"5.7",61,157875,17560,28,450,"7.7","a",1,1,,"false"
"2026-10-01T00:39:15Z",454,"Elanga","NEW","-39.5","-39.7","-39.9","-40.0",-2,-25,"4.5",61,324,165417,18,232,"0.3","i",-1,1,,"false"
"2026-10-01T00:39:15Z",456,"J.Ramsey","NEW","-90.9","-90.9","-90.9","-90.9",-3,0,"0.2",49,64,4683,7,69,"2.0","i",0,-1,,"false"
"2026-10-01T00:39:15Z",457,"J.Murphy","NEW","-19.9","-19.9","-19.9","-19.9",-1,0,"0.1",59,943,765,3,181,"0.7","a",0,-1,,"false"
"2026-10-01T00:39:15Z",458,"Joelinton","NEW","-61.6","-61.6","-61.6","-61.6",-3,0,"0.0",54,18,77,0,0,"0.0","i",0,-1,,"false"
"2026-10-01T00:39:15Z",459,"L.Miley","NEW","0.6","0.6","0.6","0.6",1,0,"0.1",55,476,454,12,396,"2.0","a",0,0,,"false"
"2026-10-01T00:39:15Z",460,"Willock","NEW","15.2","15.2","15.3","15.4",1,4,"0.6",50,9545,2680,22,284,"4.3","a",0,0,,"false"
"2026-10-01T00:39:15Z",461,"Touré","NEW","-10.7","-10.7","-10.7","-10.7",-1,0,"0.1",58,322,844,8,50,"2.3","a",0,-2,,"false"
"2026-10-01T00:39:15Z",462,"Steur","NEW","-51.6","-51.6","-51.6","-51.6",-3,0,"0.1",49,264,379,8,223,"2.0","a",0,-1,,"false"
"2026-10-01T00:39:15Z",463,"Woltemade","NEW","0.0","0.0","0.0","0.0",0,0,"0.5",59,0,3648,4,19,"0.0","u",0,-1,,"false"
"2026-10-01T00:39:15Z",464,"Wissa","NEW","61.4","61.6","61.8","61.9",3,12,"18.7",62,85934,139577,15,441,"1.0","a",0,2,,"false"
"2026-10-01T00:39:15Z",465,"Osula","NEW","-8.0","-8.0","-8.0","-8.0",-1,0,"0.3",58,124,2343,4,55,"0.0","i",-1,-2,,"false"
"2026-10-01T00:39:15Z",466,"Neave","NEW","0.0","0.0","0.0","0.0",0,-1,"0.5",45,0,3848,0,0,"0.0","u",0,0,,"false"
"2026-10-01T00:39:15Z",559,"Bamba","NEW","-69.2","-69.2","-69.2","-69.2",-3,0,"0.1",49,128,486,3,27,"0.7","a",0,-1,,"false"
"2026-10-01T00:39:15Z",567,"Horníček","NEW","23.6","23.7","23.7","23.8",2,4,"1.5",50,7081,4881,14,450,"2.0","a",0,0,,"false"
"2026-10-01T00:39:15Z",593,"Dedić","NEW","-10.2","-10.5","-10.8","-11.1",-1,-10,"1.8",45,256,37156,13,327,"0.3","i",0,0,,"false"
"2026-10-01T00:39:15Z",609,"Shahar","NEW","0.0","0.0","0.0","0.0",0,-1,"0.2",40,0,1847,0,0,"0.0","u",0,0,,"false"
"2026-10-01T00:39:15Z",634,"Fernandez-Pardo","NEW","0.7","0.7","0.7","0.7",1,0,"0.1",60,1962,1399,4,157,"1.3","a",0,0,,"false"
"2026-10-01T00:39:15Z",659,"Miley","NEW","0.0","0.0","0.0","0.0",0,0,"0.0",45,1395,640,0,0,"0.0","a",0,0,,"false"
"2026-10-01T00:39:15Z",663,"Pivas","NEW","0.0","0.0","0.0","0.0",0,0,"0.0",40,386,56,0,0,"0.0","a",0,0,"2026-10-02T19:10:51.639791Z","false"
"2026-10-01T00:39:15Z",664,"Salia","NEW","0.0","0.0","0.0","0.0",0,0,"0.1",45,9548,1536,0,0,"0.0","a",0,0,"2026-10-02T19:11:17.402697Z","false"
"2026-10-01T00:39:15Z",665,"Mills","NEW","0.0","0.0","0.0","0.0",0,0,"0.0",45,159,29,0,0,"0.0","a",0,0,"2026-10-02T19:11:39.931907Z","false"
"2026-10-01T00:39:15Z",666,"Thompson","NEW","0.0","0.0","0.0","0.0",0,0,"0.0",45,232,35,0,0,"0.0","a",0,0,"2026-10-02T19:12:09.032926Z","false"
"2026-10-01T00:39:15Z",167,"Delap","NFO","-23.5","-23.6","-23.7","-23.8",-2,-2,"2.7",56,24783,28448,9,277,"2.7","a",1,1,,"false"
"2026-10-01T00:39:15Z",201,"Muñoz","NFO","-46.7","-46.7","-46.8","-46.9",-3,-3,"5.7",54,7741,29675,5,257,"1.7","a",0,-1,,"false"
"2026-10-01T00:39:15Z",467,"Sels","NFO","4.4","4.4","4.4","4.4",1,-1,"1.6",50,1963,6033,14,450,"3.7","a",0,0,,"false"
"2026-10-01T00:39:15Z",468,"John","NFO","-73.1","-73.1","-73.1","-73.1",-3,0,"0.1",45,60,152,0,0,"0.0","a",0,0,,"false"
"2026-10-01T00:39:15Z",469,"N.Williams","NFO","24.1","24.1","24.0","23.9",2,-4,"8.7",50,10853,46308,19,450,"3.7","a",0,0,,"false"
"2026-10-01T00:39:15Z",470,"Morato","NFO","0.0","0.0","0.0","0.0",0,0,"0.0",50,0,116,0,0,"0.0","u",0,0,,"false"
"2026-10-01T00:39:15Z",471,"Milenković","NFO","-13.0","-13.0","-13.0","-13.0",-1,0,"1.0",54,65,12031,12,270,"2.3","i",-1,-1,,"false"
"2026-10-01T00:39:15Z",472,"Murillo","NFO","23.9","23.9","23.9","23.8",2,-2,"2.1",55,8192,8046,23,449,"6.0","a",0,0,,"false"
"2026-10-01T00:39:15Z",473,"Aina","NFO","-2.8","-2.9","-3.0","-3.1",-1,-2,"2.4",44,1051,20160,8,306,"1.0","a",-1,-1,,"false"
"2026-10-01T00:39:15Z",474,"Jair Cunha","NFO","-47.6","-47.6","-47.6","-47.6",-3,0,"0.2",45,239,632,11,360,"3.0","a",0,0,,"false"
"2026-10-01T00:39:15Z",475,"Savona","NFO","-19.3","-19.3","-19.3","-19.3",-1,0,"0.0",45,20,20,0,0,"0.0","i",0,0,,"false"
"2026-10-01T00:39:15Z",476,"O.Richards","NFO","-66.6","-66.6","-66.6","-66.6",-3,0,"0.2",40,294,721,0,0,"0.0","a",0,0,,"false"
"2026-10-01T00:39:15Z",477,"Abbott","NFO","0.0","0.0","0.0","0.0",0,0,"0.1",40,0,811,0,0,"0.0","u",0,0,,"false"
"2026-10-01T00:39:15Z",478,"Netz","NFO","-7.7","-7.7","-7.7","-7.7",-1,0,"0.0",44,54,115,3,27,"0.3","a",0,-1,,"false"
"2026-10-01T00:39:15Z",479,"Bindon","NFO","0.0","0.0","0.0","0.0",0,0,"0.1",40,0,514,0,0,"0.0","u",0,0,,"false"
"2026-10-01T00:39:15Z",480,"Gibbs-White","NFO","50.8","50.8","50.7","50.6",3,-6,"15.7",80,64863,81297,28,450,"4.3","a",0,0,,"false"
"2026-10-01T00:39:15Z",482,"Hudson-Odoi","NFO","-38.2","-38.2","-38.2","-38.2",-2,0,"0.1",58,255,1151,1,1,"0.0","a",0,-2,,"false"
"2026-10-01T00:39:15Z",483,"Ndoye","NFO","13.2","13.2","13.2","13.2",1,0,"0.7",55,745,8025,15,316,"1.0","a",0,0,,"false"
"2026-10-01T00:39:15Z",484,"Hutchinson","NFO","0.0","0.0","0.0","0.0",0,0,"0.1",54,0,360,0,0,"0.0","u",0,-1,,"false"
"2026-10-01T00:39:15Z",485,"Bakwa","NFO","0.0","0.0","0.0","0.0",0,0,"0.0",55,0,33,0,0,"0.0","u",0,0,,"false"
"2026-10-01T00:39:15Z",486,"McAtee","NFO","2.2","2.2","2.2","2.2",1,0,"0.1",55,342,896,12,416,"2.3","a",0,0,,"false"
"2026-10-01T00:39:15Z",487,"Dominguez","NFO","-66.8","-66.8","-66.8","-66.8",-3,0,"0.1",49,62,291,1,1,"0.0","a",0,-1,,"false"
"2026-10-01T00:39:15Z",488,"I.Sangaré","NFO","-96.9","-96.9","-96.9","-96.9",-4,0,"0.4",49,303,3003,4,105,"0.7","a",0,-1,,"false"
"2026-10-01T00:39:15Z",489,"Yates","NFO","-87.4","-87.7","-88.0","-88.3",-3,-2,"1.2",45,586,7287,0,0,"0.0","a",0,0,,"false"
"2026-10-01T00:39:15Z",490,"Wood","NFO","-39.3","-39.3","-39.3","-39.3",-2,0,"0.9",58,1960,6412,4,62,"1.0","a",0,-2,,"false"
"2026-10-01T00:39:15Z",491,"Igor Jesus","NFO","0.1","0.1","0.1","0.1",1,0,"2.6",58,7164,22885,12,257,"3.0","a",0,-2,,"false"
"2026-10-01T00:39:15Z",493,"Kalimuendo","NFO","0.0","0.0","0.0","0.0",0,0,"0.1",54,226,411,1,1,"0.0","a",0,-1,,"false"
"2026-10-01T00:39:15Z",558,"Schlager","NFO","0.4","0.4","0.4","0.4",1,0,"0.1",50,219,769,13,376,"2.7","a",0,0,,"false"
"2026-10-01T00:39:15Z",581,"Diomande","NFO","-49.7","-49.7","-49.7","-49.7",-3,0,"0.5",54,1504,2228,7,163,"2.3","a",0,-1,,"false"
"2026-10-01T00:39:15Z",590,"Benda","NFO","0.0","0.0","0.0","0.0",0,0,"0.1",45,123,236,0,0,"0.0","a",0,0,,"false"
"2026-10-01T00:39:15Z",112,"Van Hecke","TOT","-14.9","-15.0","-15.2","-15.3",-1,-12,"6.5",49,18426,28381,24,450,"7.3","d",0,-1,,"false"
"2026-10-01T00:39:15Z",147,"Tosin","TOT","-38.9","-38.9","-38.9","-38.9",-2,0,"0.1",44,101,555,1,5,"0.3","a",0,-1,,"false"
"2026-10-01T00:39:15Z",401,"Marmoush","TOT","37.4","37.5","37.6","37.7",2,7,"2.1",70,11155,21400,8,339,"2.0","a",0,0,,"false"
"2026-10-01T00:39:15Z",403,"Sávio","TOT","10.6","10.6","10.6","10.6",1,-1,"0.7",65,2824,6725,8,240,"2.7","a",0,0,,"false"
"2026-10-01T00:39:15Z",455,"Tonali","TOT","-19.0","-18.9","-18.9","-18.8",-1,1,"1.8",53,2264,14879,14,427,"3.3","a",-1,-2,,"false"
"2026-10-01T00:39:15Z",494,"Vicario","TOT","0.0","0.0","0.0","0.0",0,0,"0.1",45,0,709,0,0,"0.0","u",0,0,,"false"
"2026-10-01T00:39:15Z",495,"Austin","TOT","2.2","2.2","2.2","2.2",1,0,"1.0",40,1902,2143,0,0,"0.0","a",0,0,,"false"
"2026-10-01T00:39:15Z",496,"Kinsky","TOT","-50.3","-50.3","-50.4","-50.4",-3,-4,"17.3",45,17616,109890,18,450,"5.0","a",0,0,,"false"
"2026-10-01T00:39:15Z",497,"Dubravka","TOT","-24.2","-24.2","-24.2","-24.3",-2,-4,"17.1",40,26140,47421,0,0,"0.0","a",0,0,,"false"
"2026-10-01T00:39:15Z",498,"Senesi","TOT","-54.2","-54.3","-54.4","-54.4",-3,-2,"3.5",58,1166,21280,3,90,"0.0","a",0,-2,,"false"
"2026-10-01T00:39:15Z",499,"Pedro Porro","TOT","-30.0","-30.1","-30.2","-30.3",-2,-9,"7.6",54,1680,74077,9,198,"2.7","d",0,-1,,"false"
"2026-10-01T00:39:15Z",500,"Romero","TOT","0.0","0.0","0.0","0.0",0,0,"0.1",50,0,296,0,0,"0.0","u",0,0,,"false"
"2026-10-01T00:39:15Z",502,"Robertson","TOT","0.3","0.3","0.3","0.3",1,0,"2.5",44,5452,12594,17,366,"4.0","a",0,-1,,"false"
"2026-10-01T00:39:15Z",503,"Van de Ven","TOT","-21.6","-21.6","-21.6","-21.6",-2,0,"3.8",50,5650,19523,16,360,"5.3","a",0,0,,"false"
"2026-10-01T00:39:15Z",505,"Spence","TOT","0.0","0.0","0.0","0.0",0,0,"0.2",45,0,1175,0,0,"0.0","u",0,0,,"false"
"2026-10-01T00:39:15Z",506,"Udogie","TOT","-20.6","-20.6","-20.6","-20.6",-2,0,"0.3",44,338,1605,7,86,"1.7","a",0,-1,,"false"
"2026-10-01T00:39:15Z",507,"Phillips","TOT","0.0","0.0","0.0","0.0",0,0,"0.0",45,0,54,0,0,"0.0","u",0,0,,"false"
"2026-10-01T00:39:15Z",508,"Davies","TOT","1.5","1.5","1.5","1.5",1,0,"0.9",39,7371,3850,0,0,"0.0","a",-1,-1,,"false"
"2026-10-01T00:39:15Z",509,"Byfield","TOT","-4.2","-4.2","-4.2","-4.2",-1,0,"0.1",40,124,246,0,0,"0.0","a",0,0,,"false"
"2026-10-01T00:39:15Z",510,"Rowswell","TOT","-16.1","-16.1","-16.1","-16.1",-1,0,"0.1",40,156,337,0,0,"0.0","a",0,0,,"false"
"2026-10-01T00:39:15Z",511,"Souza","TOT","0.0","0.0","0.0","0.0",0,0,"0.2",40,0,879,0,0,"0.0","u",0,0,,"false"
"2026-10-01T00:39:15Z",512,"Kudus","TOT","2.1","2.1","2.1","2.1",1,0,"0.2",65,2225,1113,7,123,"2.0","a",0,0,,"false"
"2026-10-01T00:39:15Z",513,"Xavi","TOT","-16.9","-16.9","-16.9","-16.9",-1,0,"0.0",59,52,80,0,0,"0.0","i",0,-1,,"false"
"2026-10-01T00:39:15Z",514,"Tel","TOT","-26.4","-26.4","-26.4","-26.4",-2,0,"0.2",57,198,1934,8,257,"1.3","a",-1,-3,,"false"
"2026-10-01T00:39:15Z",515,"Maddison","TOT","-70.3","-70.3","-70.3","-70.3",-3,0,"0.4",63,729,1965,3,59,"0.7","a",0,-2,,"false"
"2026-10-01T00:39:15Z",516,"Bentancur","TOT","-73.4","-73.4","-73.4","-73.4",-3,0,"0.2",55,369,695,15,370,"4.0","a",0,0,,"false"
"2026-10-01T00:39:15Z",517,"Odobert","TOT","0.0","0.0","0.0","0.0",0,0,"0.0",55,25,14,0,0,"0.0","i",0,0,,"false"
"2026-10-01T00:39:15Z",518,"P.M.Sarr","TOT","0.0","0.0","0.0","0.0",0,0,"0.1",49,0,667,0,0,"0.0","u",0,-1,,"false"
"2026-10-01T00:39:15Z",519,"Gallagher","TOT","0.1","0.1","0.1","0.1",1,0,"0.2",53,805,650,9,134,"3.0","a",0,-2,,"false"
"2026-10-01T00:39:15Z",520,"Bergvall","TOT","-3.1","-3.1","-3.1","-3.1",-1,0,"0.1",53,104,622,3,78,"0.7","a",-1,-2,,"false"
"2026-10-01T00:39:15Z",521,"Kulusevski","TOT","-79.5","-79.5","-79.5","-79.5",-3,0,"0.0",65,93,71,0,0,"0.0","i",0,0,,"false"
"2026-10-01T00:39:15Z",522,"Gray","TOT","-24.1","-24.1","-24.1","-24.1",-2,0,"0.2",49,458,1187,9,307,"1.7","a",0,-1,,"false"
"2026-10-01T00:39:15Z",523,"Moore","TOT","0.0","0.0","0.0","0.0",0,0,"0.1",50,0,538,3,89,"0.0","u",0,0,,"false"
"2026-10-01T00:39:15Z",524,"Olusesi","TOT","7.8","7.8","7.8","7.8",1,0,"1.0",44,6081,7580,0,0,"0.0","a",0,-1,,"false"
"2026-10-01T00:39:15Z",525,"Fernandes","TOT","-9.9","-9.9","-9.9","-9.9",-1,0,"0.8",57,463,6594,7,249,"1.3","a",-1,-3,,"false"
"2026-10-01T00:39:15Z",526,"Solanke","TOT","-30.0","-30.0","-30.0","-30.0",-2,0,"0.8",58,1886,5634,7,170,"1.7","a",0,-2,,"false"
"2026-10-01T00:39:15Z",527,"Richarlison","TOT","0.0","0.0","0.0","0.0",0,0,"0.6",59,0,5689,2,67,"0.0","u",0,-1,,"false"
"2026-10-01T00:39:15Z",528,"Scarlett","TOT","0.0","0.0","0.0","0.0",0,0,"1.1",45,0,7980,0,0,"0.0","u",0,0,,"false"
"2026-10-01T00:39:15Z",578,"Mudryk","TOT","-11.7","-11.7","-11.7","-11.7",-1,0,"0.0",53,20,557,1,16,"0.3","i",-1,-2,,"false"
"2026-10-01T00:39:15Z",601,"Williams-Barnett","TOT","-51.8","-51.8","-51.8","-51.8",-3,0,"0.1",45,166,755,0,0,"0.0","a",0,0,,"false"
"2026-10-01T00:39:15Z",501,"Danso","SUN","-81.9","-81.9","-81.9","-81.9",-3,0,"0.2",50,1147,826,3,270,"1.0","a",0,0,,"false"
"2026-10-01T00:39:15Z",529,"Roefs","SUN","-16.2","-16.2","-16.2","-16.2",-1,0,"2.4",49,2035,11466,11,450,"1.3","a",0,-1,,"false"
"2026-10-01T00:39:15Z",530,"Patterson","SUN","0.0","0.0","0.0","0.0",0,0,"0.1",40,0,349,0,0,"0.0","u",0,0,,"false"
"2026-10-01T00:39:15Z",531,"Ellborg","SUN","-0.2","-0.2","-0.2","-0.2",-1,0,"0.1",44,133,255,0,0,"0.0","a",-1,-1,,"false"
"2026-10-01T00:39:15Z",532,"Ballard","SUN","-52.7","-52.8","-52.9","-53.0",-3,-3,"2.5",49,3592,16708,14,450,"2.0","d",0,-1,,"false"
"2026-10-01T00:39:15Z",533,"Mukiele","SUN","-16.7","-16.7","-16.7","-16.7",-1,0,"1.9",54,5068,8729,13,360,"1.3","a",0,-1,,"false"
"2026-10-01T00:39:15Z",534,"Hume","SUN","-7.6","-7.7","-7.7","-7.8",-1,-2,"2.8",43,1213,29381,10,206,"0.7","a",-1,-2,,"false"
"2026-10-01T00:39:15Z",535,"Alderete","SUN","-6.6","-6.6","-6.6","-6.6",-1,0,"0.2",48,217,1055,1,23,"0.0","a",-1,-2,,"false"
"2026-10-01T00:39:15Z",536,"Reinildo","SUN","-0.1","-0.1","-0.1","-0.1",-1,0,"0.3",44,187,1553,7,360,"0.0","a",-1,-1,,"false"
"2026-10-01T00:39:15Z",537,"Seelt","SUN","0.0","0.0","0.0","0.0",0,0,"0.0",45,0,22,0,0,"0.0","u",0,0,,"false"
"2026-10-01T00:39:15Z",538,"Hjelde","SUN","0.0","0.0","0.0","0.0",0,0,"0.0",40,0,154,0,0,"0.0","u",0,0,,"false"
"2026-10-01T00:39:15Z",539,"O'Nien","SUN","4.0","4.0","4.0","4.0",1,0,"2.5",39,17569,11475,1,66,"0.0","a",-1,-1,,"false"
"2026-10-01T00:39:15Z",540,"Masuaku","SUN","0.0","0.0","0.0","0.0",0,0,"0.1",40,0,626,0,0,"0.0","u",0,0,,"false"
"2026-10-01T00:39:15Z",541,"Meunier","SUN","-32.6","-32.6","-32.6","-32.6",-2,0,"0.3",45,1599,870,14,396,"2.3","a",0,0,,"false"
"2026-10-01T00:39:15Z",542,"E.Le Fée","SUN","-4.3","-4.2","-4.2","-4.2",-1,1,"3.4",57,11261,23715,18,438,"4.3","a",-1,-3,,"false"
"2026-10-01T00:39:15Z",543,"Diarra","SUN","-0.2","-0.2","-0.2","-0.2",-1,0,"0.0",53,20,231,5,28,"0.0","i",-1,-2,,"false"
"2026-10-01T00:39:15Z",544,"Xhaka","SUN","-72.8","-72.8","-72.9","-72.9",-3,-1,"3.6",55,6165,23006,21,450,"2.0","a",0,0,,"false"
"2026-10-01T00:39:15Z",545,"Sadiki","SUN","-73.1","-73.1","-73.1","-73.1",-3,0,"0.2",49,402,1327,10,410,"1.7","a",0,-1,,"false"
"2026-10-01T00:39:15Z",546,"Adingra","SUN","0.0","0.0","0.0","0.0",0,0,"0.0",49,0,189,0,0,"0.0","u",0,-1,,"false"
"2026-10-01T00:39:15Z",547,"Mundle","SUN","-78.4","-78.4","-78.4","-78.4",-3,0,"0.0",49,10,54,1,1,"0.0","i",0,-1,,"false"
"2026-10-01T00:39:15Z",548,"Rigg","SUN","-76.7","-76.7","-76.7","-76.7",-3,0,"0.0",49,31,228,2,17,"0.0","a",0,-1,,"false"
"2026-10-01T00:39:15Z",549,"Talbi","SUN","-29.1","-29.1","-29.1","-29.1",-2,0,"0.1",53,106,562,1,31,"0.0","a",0,-2,,"false"
"2026-10-01T00:39:15Z",550,"Jocelin.T","SUN","-93.4","-93.4","-93.4","-93.4",-3,0,"0.0",50,32,43,0,0,"0.0","a",0,0,,"false"
"2026-10-01T00:39:15Z",551,"N.Angulo","SUN","1.3","1.3","1.3","1.3",1,0,"0.1",50,502,779,16,313,"2.7","a",0,0,,"false"
"2026-10-01T00:39:15Z",552,"Brobbey","SUN","80.8","80.7","80.6","80.6",3,-5,"6.9",57,194348,44654,24,399,"6.7","d",-1,-3,,"false"
"2026-10-01T00:39:15Z",553,"Isidor","SUN","3.1","3.1","3.1","3.1",1,0,"1.3",55,3195,11495,15,117,"2.0","a",0,0,,"false"
"2026-10-01T00:39:15Z",612,"Methalie","SUN","0.0","0.0","0.0","0.0",0,0,"0.0",45,114,66,-1,90,"-0.3","a",0,0,,"false"
"2026-10-01T00:39:15Z",613,"Ahoka","SUN","-45.2","-45.2","-45.2","-45.2",-3,0,"0.2",45,587,1588,0,0,"0.0","a",0,0,,"false"
"2026-10-01T00:39:15Z",646,"Fofana","SUN","-12.4","-12.4","-12.4","-12.4",-1,0,"0.0",55,329,299,3,60,"1.0","a",0,0,,"false"
"2026-10-01T00:39:15Z",651,"J.Angulo","SUN","4.8","4.8","4.8","4.8",1,0,"0.7",45,8709,7227,0,0,"0.0","a",0,0,,"false"
"2026-10-01T07:10:07Z",1,"Raya","ARS","1.4","1.4","1.5","1.6",1,16,"42.3",61,125828,47455,30,450,"6.0","a",1,1,,"false"
"2026-10-01T07:10:07Z",2,"Arrizabalaga","ARS","-48.9","-48.9","-48.9","-48.9",-3,0,"0.1",49,109,255,0,0,"0.0","a",0,-1,,"false"
"2026-10-01T07:10:07Z",3,"Meslier","ARS","-39.0","-39.0","-39.0","-39.0",-2,0,"0.0",49,46,122,0,0,"0.0","a",0,-1,,"false"
"2026-10-01T07:10:07Z",4,"Gabriel","ARS","-88.4","-88.5","-88.5","-88.5",-3,-5,"22.7",80,24455,66243,25,450,"4.0","a",0,0,,"false"
"2026-10-01T07:10:07Z",5,"J.Timber","ARS","11.0","11.1","11.1","11.1",1,3,"0.4",65,12482,4095,1,104,"0.3","a",0,0,,"false"
"2026-10-01T07:10:07Z",6,"Saliba","ARS","-25.3","-25.3","-25.3","-25.3",-2,0,"0.2",59,389,1097,0,0,"0.0","i",0,-1,,"false"
"2026-10-01T07:10:07Z",7,"Lewis-Skelly","ARS","-15.8","-15.9","-16.1","-16.3",-1,-1,"0.6",54,914,4936,9,271,"1.0","a",-1,-1,,"false"
"2026-10-01T07:10:07Z",8,"Calafiori","ARS","93.7","93.8","93.9","94.0",3,6,"50.5",58,75847,63317,29,416,"3.0","a",0,3,,"false"
"2026-10-01T07:10:07Z",9,"Hincapie","ARS","-5.5","-5.6","-5.9","-6.1",-1,-2,"0.9",52,1433,5705,2,32,"0.3","a",-1,-3,,"false"
"2026-10-01T07:10:07Z",10,"White","ARS","-47.9","-48.2","-48.5","-48.8",-3,-20,"4.9",55,3245,67018,21,315,"1.0","d",0,0,,"false"
"2026-10-01T07:10:07Z",11,"Mosquera","ARS","-25.3","-25.3","-25.3","-25.3",-2,0,"1.6",53,1192,9387,12,168,"0.0","a",0,-2,,"false"
"2026-10-01T07:10:07Z",12,"Saka","ARS","90.8","91.1","91.5","91.9",3,26,"13.7",95,108189,47092,32,416,"4.0","a",0,0,,"false"
"2026-10-01T07:10:07Z",13,"Rice","ARS","-33.7","-33.9","-34.2","-34.5",-2,-42,"11.6",74,7559,82808,20,411,"4.0","d",0,-1,,"false"
"2026-10-01T07:10:07Z",14,"Eze","ARS","-0.7","-0.7","-0.7","-0.7",-1,0,"1.0",62,2260,6759,4,85,"0.7","a",-1,-3,,"false"
"2026-10-01T07:10:07Z",15,"Ødegaard","ARS","-1.3","-1.1","-0.9","-0.6",-1,16,"19.8",68,76095,87966,29,377,"5.0","a",0,3,,"false"
"2026-10-01T07:10:07Z",16,"Madueke","ARS","-25.6","-25.6","-25.6","-25.6",-2,0,"0.2",62,739,1564,2,23,"0.3","a",0,-3,,"false"
"2026-10-01T07:10:07Z",17,"Merino","ARS","0.0","0.0","0.0","0.0",0,0,"0.4",57,742,2873,4,81,"0.7","a",-1,-3,,"false"
"2026-10-01T07:10:07Z",18,"Martinelli","ARS","0.0","0.0","0.0","0.0",0,0,"0.1",63,0,564,0,0,"0.0","u",0,-2,,"false"
"2026-10-01T07:10:07Z",19,"Zubimendi","ARS","-47.6","-47.6","-47.6","-47.6",-3,0,"0.6",53,507,3696,5,89,"1.0","a",0,-2,,"false"
"2026-10-01T07:10:07Z",20,"Dowman","ARS","-26.4","-26.4","-26.4","-26.4",-2,0,"0.1",53,457,576,1,9,"0.3","a",0,-2,,"false"
"2026-10-01T07:10:07Z",22,"Nwaneri","ARS","0.0","0.0","0.0","0.0",0,0,"0.0",54,0,49,0,0,"0.0","u",0,-1,,"false"
"2026-10-01T07:10:07Z",23,"Fábio Vieira","ARS","0.0","0.0","0.0","0.0",0,0,"0.0",55,0,39,0,0,"0.0","u",0,0,,"false"
"2026-10-01T07:10:07Z",24,"Nelson","ARS","0.0","0.0","0.0","0.0",0,0,"0.0",55,0,24,0,0,"0.0","u",0,0,,"false"
"2026-10-01T07:10:07Z",25,"Gyökeres","ARS","-3.3","-2.9","-2.3","-1.7",-1,20,"3.1",71,11123,16797,2,29,"0.7","a",-1,-4,,"false"
"2026-10-01T07:10:07Z",26,"Havertz","ARS","4.9","4.1","2.9","1.7",1,-81,"8.3",76,50383,62228,19,437,"3.7","d",0,1,,"false"
"2026-10-01T07:10:07Z",27,"G.Jesus","ARS","0.0","0.0","0.0","0.0",0,0,"0.1",59,0,1016,0,0,"0.0","u",0,-1,,"false"
"2026-10-01T07:10:07Z",31,"Konsa","ARS","0.8","0.8","0.8","0.8",1,1,"19.4",46,90082,45627,12,281,"3.7","a",1,1,,"false"
"2026-10-01T07:10:07Z",452,"Bruno G.","ARS","0.4","0.4","0.5","0.5",1,4,"1.8",67,5605,7579,9,123,"2.7","a",0,-3,,"false"
"2026-10-01T07:10:07Z",557,"Tzolis","ARS","-11.5","-11.6","-11.7","-11.8",-1,-12,"12.2",63,12014,138160,16,362,"3.3","a",-1,-2,,"false"
"2026-10-01T07:10:07Z",29,"M.Bizot","AVL","-37.5","-37.5","-37.5","-37.5",-2,0,"0.1",45,60,1006,1,90,"0.0","i",0,0,,"false"
"2026-10-01T07:10:07Z",30,"Digne","AVL","0.0","0.0","0.0","0.0",0,0,"0.0",45,0,231,0,0,"0.0","u",0,0,,"false"
"2026-10-01T07:10:07Z",32,"Cash","AVL","-22.8","-22.9","-22.9","-23.0",-2,-2,"4.8",44,2641,24952,6,296,"1.7","a",0,-1,,"false"
"2026-10-01T07:10:07Z",33,"Mings","AVL","0.7","0.8","0.9","1.0",1,7,"0.4",45,1682,1396,10,261,"3.0","a",0,0,,"false"
"2026-10-01T07:10:07Z",34,"Pau","AVL","-0.1","-0.3","-0.6","-0.8",-1,-2,"0.3",44,44,3117,3,187,"0.3","i",-1,-1,,"false"
"2026-10-01T07:10:07Z",35,"Bogarde","AVL","-3.3","-3.3","-3.3","-3.3",-1,0,"0.1",49,173,440,1,16,"0.0","a",-1,-1,,"false"
"2026-10-01T07:10:07Z",36,"Maatsen","AVL","-2.3","-2.4","-2.4","-2.5",-1,-1,"0.5",44,50,6107,9,335,"2.7","i",-1,-1,,"false"
"2026-10-01T07:10:07Z",37,"Lindelöf","AVL","1.0","1.0","1.1","1.2",1,6,"0.3",45,1014,1276,8,450,"2.7","a",0,0,,"false"
"2026-10-01T07:10:07Z",38,"A.García","AVL","-34.6","-34.8","-35.0","-35.3",-2,-2,"1.5",40,1830,6031,0,0,"0.0","a",0,0,,"false"
"2026-10-01T07:10:07Z",39,"Nedeljkovic","AVL","0.0","0.0","0.0","0.0",0,-1,"0.1",40,0,554,0,0,"0.0","u",0,0,,"false"
"2026-10-01T07:10:07Z",41,"Buendía","AVL","-36.7","-36.3","-35.6","-35.0",-2,4,"1.0",59,12072,4119,21,401,"5.7","a",0,-1,,"false"
"2026-10-01T07:10:07Z",44,"Bailey","AVL","0.0","0.0","0.0","0.0",0,0,"0.1",54,0,488,0,0,"0.0","u",0,-1,,"false"
"2026-10-01T07:10:07Z",45,"McGinn","AVL","-20.3","-20.5","-20.7","-20.9",-2,-4,"2.2",54,6749,8423,17,434,"5.0","a",0,-1,,"false"
"2026-10-01T07:10:07Z",46,"Barkley","AVL","0.5","0.5","0.5","0.4",1,-2,"0.3",50,559,1758,10,308,"2.0","a",0,0,,"false"
"2026-10-01T07:10:07Z",47,"Kamara","AVL","-79.8","-79.8","-79.8","-79.8",-3,0,"0.3",50,1296,1558,15,443,"3.7","a",0,0,,"false"
"2026-10-01T07:10:07Z",48,"Onana","AVL","-10.8","-10.8","-10.8","-10.8",-1,0,"0.0",49,40,94,0,0,"0.0","i",0,-1,,"false"
"2026-10-01T07:10:07Z",49,"Iling Jr","AVL","0.0","0.0","0.0","0.0",0,0,"0.0",50,0,10,0,0,"0.0","u",0,0,,"false"
"2026-10-01T07:10:07Z",50,"Burrowes","AVL","-78.4","-78.8","-79.3","-79.9",-3,-2,"0.6",45,633,3372,0,0,"0.0","a",0,0,,"false"
"2026-10-01T07:10:07Z",51,"George Hemmings","AVL","13.6","13.6","13.6","13.6",1,0,"1.2",45,3171,9571,9,297,"1.7","a",0,0,,"false"
"2026-10-01T07:10:07Z",52,"Alysson","AVL","-1.9","-1.9","-1.9","-1.9",-1,0,"0.0",50,68,778,8,87,"2.3","d",0,0,,"false"
"2026-10-01T07:10:07Z",53,"Manzambi","AVL","8.3","8.3","8.4","8.5",1,7,"0.4",59,27918,3221,14,98,"4.7","a",0,-1,,"false"
"2026-10-01T07:10:07Z",54,"Gomes","AVL","0.1","0.1","0.1","0.1",1,0,"0.0",55,457,194,2,129,"1.3","a",0,0,,"false"
"2026-10-01T07:10:07Z",55,"Watkins","AVL","0.0","0.0","0.0","0.0",0,-9,"2.5",78,0,12543,0,0,"0.0","u",0,-2,,"false"
"2026-10-01T07:10:07Z",56,"Abraham","AVL","3.4","3.4","3.4","3.4",1,0,"0.2",55,1670,1714,4,71,"1.0","a",0,0,,"false"
"2026-10-01T07:10:07Z",160,"Garnacho","AVL","-65.8","-65.8","-65.8","-65.8",-3,0,"0.3",58,527,2747,3,31,"0.3","a",0,-2,,"false"
"2026-10-01T07:10:07Z",166,"N.Jackson","AVL","51.4","51.6","51.8","52.1",3,16,"1.5",65,35651,7930,10,286,"2.7","a",0,0,,"false"
"2026-10-01T07:10:07Z",582,"Madjo","AVL","-24.6","-24.6","-24.6","-24.6",-2,0,"0.2",54,199,1760,0,0,"0.0","i",0,-1,,"false"
"2026-10-01T07:10:07Z",596,"Ruggeri","AVL","-73.9","-65.5","-53.1","-40.7",-3,7,"0.1",45,518,329,5,113,"1.3","a",0,0,,"false"
"2026-10-01T07:10:07Z",597,"Suzuki","AVL","29.6","29.6","29.6","29.6",2,1,"1.9",50,13428,6444,16,360,"4.7","a",0,0,,"false"
"2026-10-01T07:10:07Z",606,"Rowe","AVL","0.2","0.2","0.2","0.2",1,0,"0.2",40,314,892,0,0,"0.0","a",0,0,,"false"
"2026-10-01T07:10:07Z",607,"Lynch","AVL","0.0","0.0","0.0","0.0",0,0,"0.1",45,0,702,0,0,"0.0","u",0,0,,"false"
"2026-10-01T07:10:07Z",611,"Wan-Bissaka","AVL","2.1","2.1","2.1","2.1",1,0,"0.2",45,1432,1413,6,152,"1.7","a",0,0,,"false"
"2026-10-01T07:10:07Z",618,"Goretzka","AVL","-41.2","-41.2","-41.2","-41.2",-3,0,"0.0",59,23,416,0,0,"0.0","i",0,-1,,"false"
"2026-10-01T07:10:07Z",630,"Harwood-Bellis","AVL","0.0","0.0","0.0","0.0",0,0,"0.0",45,186,182,0,0,"0.0","a",0,0,,"false"
"2026-10-01T07:10:07Z",631,"Mbaye","AVL","0.3","0.3","0.3","0.3",1,0,"0.1",60,891,1106,2,33,"0.7","a",0,0,,"false"
"2026-10-01T07:10:07Z",667,"Wright","AVL","0.0","0.0","0.0","0.0",0,0,"0.1",40,7099,827,0,0,"0.0","a",0,0,"2026-10-02T19:12:30.130761Z","false"
"2026-10-01T07:10:07Z",57,"Petrović","BOU","0.2","0.2","0.2","0.2",1,0,"3.0",45,6137,11597,9,450,"1.3","a",0,0,,"false"
"2026-10-01T07:10:07Z",58,"Forster","BOU","4.6","4.5","4.5","4.4",1,-4,"3.5",40,8103,7245,0,0,"0.0","a",0,0,,"false"
"2026-10-01T07:10:07Z",59,"Dennis","BOU","0.0","0.0","0.0","0.0",0,0,"0.1",40,0,547,0,0,"0.0","u",0,0,,"false"
"2026-10-01T07:10:07Z",60,"Hill","BOU","-33.3","-32.3","-30.8","-29.3",-2,7,"0.8",55,3123,3085,12,450,"2.3","a",0,0,,"false"
"2026-10-01T07:10:07Z",61,"Truffert","BOU","-1.4","-1.4","-1.4","-1.5",-1,-1,"3.0",54,4521,12059,10,450,"1.7","a",-1,-1,,"false"
"2026-10-01T07:10:07Z",62,"Diakité","BOU","-5.5","-5.5","-5.5","-5.5",-1,0,"0.2",49,466,954,0,0,"0.0","a",-1,-1,,"false"
"2026-10-01T07:10:07Z",63,"Milosavljević","BOU","-3.6","-3.6","-3.6","-3.6",-1,0,"0.0",49,30,45,0,0,"0.0","i",0,-1,,"false"
"2026-10-01T07:10:07Z",64,"Smith","BOU","0.3","0.3","0.3","0.3",1,0,"0.1",45,397,474,4,434,"0.7","a",0,0,,"false"
"2026-10-01T07:10:07Z",65,"J.Araujo","BOU","-11.9","-11.9","-11.9","-11.9",-1,0,"0.0",44,37,53,0,0,"0.0","i",0,-1,,"false"
"2026-10-01T07:10:07Z",66,"Soler","BOU","1.4","1.4","1.4","1.4",1,0,"0.3",40,733,1113,0,0,"0.0","a",0,0,,"false"
"2026-10-01T07:10:07Z",67,"Rayan","BOU","-9.8","-9.9","-10.1","-10.2",-1,-3,"1.6",63,3962,9688,10,434,"2.0","a",-1,-2,,"false"
"2026-10-01T07:10:07Z",68,"Tavernier","BOU","30.4","30.4","30.4","30.4",2,0,"6.8",61,81831,43637,31,424,"6.7","a",0,1,,"false"
"2026-10-01T07:10:07Z",69,"Scott","BOU","0.4","0.4","0.3","0.2",1,-4,"5.8",61,23727,38267,30,446,"5.3","a",0,1,,"false"
"2026-10-01T07:10:07Z",70,"Kluivert","BOU","-53.7","-54.2","-54.9","-55.6",-3,-12,"0.9",60,2298,17860,15,294,"3.0","i",0,0,,"false"
"2026-10-01T07:10:07Z",71,"Cook","BOU","-12.0","-12.0","-12.0","-12.0",-1,0,"0.2",50,265,1142,8,180,"0.7","a",0,0,,"false"
"2026-10-01T07:10:07Z",72,"Gannon-Doak","BOU","-64.2","-64.2","-64.2","-64.2",-3,0,"0.1",49,139,375,4,12,"1.0","a",0,-1,,"false"
"2026-10-01T07:10:07Z",73,"Adams","BOU","1.5","1.5","1.5","1.5",1,0,"0.3",50,1095,1641,12,279,"3.3","a",0,0,,"false"
"2026-10-01T07:10:07Z",74,"Brooks","BOU","-19.7","-19.7","-19.7","-19.7",-1,0,"0.1",50,175,324,3,45,"0.7","a",0,0,,"false"
"2026-10-01T07:10:07Z",75,"Christie","BOU","0.4","0.4","0.4","0.4",1,0,"0.0",50,293,247,5,102,"1.3","a",0,0,,"false"
"2026-10-01T07:10:07Z",76,"Tóth.A","BOU","-11.7","-11.7","-11.7","-11.7",-1,0,"0.0",49,27,55,2,17,"0.3","a",0,-1,,"false"
"2026-10-01T07:10:07Z",77,"Adli","BOU","-83.5","-83.5","-83.5","-83.5",-3,0,"0.0",49,22,75,0,0,"0.0","i",0,-1,,"false"
"2026-10-01T07:10:07Z",78,"Kroupi.Jr","BOU","-75.2","-75.2","-75.2","-75.2",-3,0,"0.2",74,186,844,0,0,"0.0","i",0,-1,,"false"
"2026-10-01T07:10:07Z",79,"Evanilson","BOU","50.7","50.8","50.9","50.9",3,5,"3.2",60,17529,20831,18,424,"3.0","a",0,0,,"false"
"2026-10-01T07:10:07Z",80,"Enes Ünal","BOU","0.0","0.0","0.0","0.0",0,0,"0.0",55,0,49,0,0,"0.0","u",0,0,,"false"
"2026-10-01T07:10:07Z",81,"Rodríguez","BOU","-32.9","-32.9","-32.9","-32.9",-2,0,"0.1",60,764,718,2,10,"0.3","a",0,0,,"false"
"2026-10-01T07:10:07Z",566,"Silva","BOU","1.4","1.4","1.4","1.5",1,2,"0.4",50,6054,3578,13,450,"2.3","a",0,0,,"false"
"2026-10-01T07:10:07Z",573,"Sanchez","BOU","-12.5","-12.5","-12.5","-12.5",-1,0,"0.2",44,151,433,0,0,"0.0","a",0,-1,,"false"
"2026-10-01T07:10:07Z",608,"Jebbison","BOU","0.6","0.6","0.6","0.6",1,0,"0.1",50,878,890,3,31,"0.7","a",0,0,,"false"
"2026-10-01T07:10:07Z",615,"Di Gregorio","BOU","-29.0","-32.4","-37.5","-42.5",-2,-1,"0.0",45,183,194,0,0,"0.0","a",0,0,,"false"
"2026-10-01T07:10:07Z",82,"Kelleher","BRE","20.3","20.3","20.3","20.4",2,2,"6.1",50,19714,13404,20,450,"3.7","a",0,0,,"false"
"2026-10-01T07:10:07Z",83,"Valdimarsson","BRE","-74.4","-74.4","-74.4","-74.4",-3,0,"0.1",45,294,331,0,0,"0.0","a",0,0,,"false"
"2026-10-01T07:10:07Z",84,"Collins","BRE","-28.4","-28.6","-28.8","-29.0",-2,-4,"1.0",54,118,9325,10,196,"0.3","i",0,-1,,"false"
"2026-10-01T07:10:07Z",85,"Van den Berg","BRE","-79.9","-79.9","-79.9","-79.9",-3,0,"0.1",49,38,341,0,0,"0.0","i",0,-1,,"false"
"2026-10-01T07:10:07Z",86,"Lewis-Potter","BRE","32.1","32.1","32.0","31.9",2,-5,"1.7",55,3655,11884,22,406,"2.0","a",0,0,,"false"
"2026-10-01T07:10:07Z",87,"Ajer","BRE","30.6","30.6","30.6","30.6",2,0,"3.9",45,11130,22614,21,450,"3.3","a",0,0,,"false"
"2026-10-01T07:10:07Z",88,"Kayode","BRE","-37.6","-37.6","-37.5","-37.5",-2,2,"7.6",46,13075,21041,23,294,"2.7","a",0,1,,"false"
"2026-10-01T07:10:07Z",89,"Henry","BRE","-15.6","-15.6","-15.6","-15.6",-1,0,"0.2",44,159,583,1,2,"0.0","a",0,-1,,"false"
"2026-10-01T07:10:07Z",90,"Hickey","BRE","-29.2","-29.2","-29.2","-29.2",-2,0,"0.1",45,179,247,5,152,"1.0","a",0,0,,"false"
"2026-10-01T07:10:07Z",92,"Ji-soo","BRE","-5.1","-9.4","-15.6","-21.9",-1,-1,"0.0",44,58,89,0,0,"0.0","a",-1,-1,,"false"
"2026-10-01T07:10:07Z",93,"Schuster","BRE","5.1","5.1","5.1","5.2",1,3,"0.3",45,15023,2290,21,253,"7.0","a",0,0,,"false"
"2026-10-01T07:10:07Z",94,"Schade","BRE","12.9","13.2","13.7","14.2",1,94,"11.5",62,389322,24543,39,447,"8.7","a",1,2,,"false"
"2026-10-01T07:10:07Z",95,"O.Dango","BRE","-48.3","-48.6","-49.0","-49.4",-3,-1,"0.5",63,801,3628,7,179,"1.0","a",0,-2,,"false"
"2026-10-01T07:10:07Z",96,"Damsgaard","BRE","-8.3","-8.0","-7.6","-7.2",-1,1,"0.4",54,1557,2026,16,283,"4.0","a",0,-1,,"false"
"2026-10-01T07:10:07Z",97,"Jensen","BRE","-56.5","-57.0","-57.7","-58.4",-3,-1,"0.1",54,20,636,6,66,"0.0","i",0,-1,,"false"
"2026-10-01T07:10:07Z",98,"Janelt","BRE","77.5","77.5","77.5","77.5",3,0,"2.5",50,19359,17687,28,450,"6.0","a",0,0,,"false"
"2026-10-01T07:10:07Z",99,"Milambo","BRE","-42.5","-42.5","-42.5","-42.5",-3,0,"0.0",50,6,7,0,0,"0.0","i",0,0,,"false"
"2026-10-01T07:10:07Z",100,"Carvalho","BRE","0.3","0.3","0.3","0.3",1,0,"0.0",50,606,174,6,3,"2.0","a",0,0,,"false"
"2026-10-01T07:10:07Z",102,"Yarmoliuk","BRE","-17.8","-17.6","-17.3","-17.0",-1,1,"0.6",48,1325,3250,9,216,"2.3","a",0,-2,,"false"
"2026-10-01T07:10:07Z",103,"Dasilva","BRE","-61.3","-61.3","-61.3","-61.3",-3,0,"0.0",49,9,102,0,0,"0.0","i",0,-1,,"false"
"2026-10-01T07:10:07Z",105,"Anthony","BRE","0.8","0.8","0.8","0.7",1,-1,"0.1",59,2313,608,15,267,"4.0","a",0,-1,,"false"
"2026-10-01T07:10:07Z",106,"Thiago","BRE","10.1","10.5","11.0","11.6",1,38,"9.1",78,57274,37869,10,442,"2.7","a",0,-2,,"false"
"2026-10-01T07:10:07Z",107,"Furo","BRE","-5.8","-6.0","-6.3","-6.5",-1,-4,"0.9",45,616,9463,0,0,"0.0","i",0,0,,"false"
"2026-10-01T07:10:07Z",108,"Wilson","BRE","-11.8","-11.8","-11.8","-11.8",-1,0,"0.3",54,1193,2447,3,13,"0.3","a",-1,-1,,"false"
"2026-10-01T07:10:07Z",565,"M.Sangaré","BRE","-31.5","-31.6","-31.8","-32.0",-2,-21,"9.9",56,8351,138136,22,321,"1.3","a",-1,1,,"false"
"2026-10-01T07:10:07Z",620,"Diouf","BRE","-35.5","-35.5","-35.5","-35.5",-2,0,"0.1",45,468,676,2,39,"0.7","a",0,0,,"false"
"2026-10-01T07:10:07Z",657,"Nunes","BRE","0.0","0.0","0.0","0.0",0,0,"0.0",45,342,267,0,0,"0.0","a",0,0,,"false"
"2026-10-01T07:10:07Z",660,"Fredrick","BRE","0.0","0.0","0.0","0.0",0,0,"0.0",40,519,66,0,0,"0.0","a",0,0,"2026-10-01T21:16:22.650713Z","false"
"2026-10-01T07:10:07Z",661,"Balcombe","BRE","0.0","0.0","0.0","0.0",0,0,"0.0",40,2867,541,0,0,"0.0","a",0,0,"2026-10-01T21:16:40.866514Z","false"
"2026-10-01T07:10:07Z",109,"Verbruggen","BHA","63.9","64.0","64.0","64.1",3,5,"21.6",45,71770,71480,23,450,"5.7","a",0,0,,"false"
"2026-10-01T07:10:07Z",111,"Steele","BHA","-0.6","-0.7","-0.8","-0.9",-1,-2,"4.1",40,7111,14667,0,0,"0.0","a",0,0,,"false"
"2026-10-01T07:10:07Z",113,"F.Kadıoğlu","BHA","-60.0","-60.0","-60.0","-60.0",-3,0,"1.6",44,3956,6840,13,332,"4.3","a",0,-1,,"false"
"2026-10-01T07:10:07Z",114,"Boscagli","BHA","2.7","2.7","2.7","2.7",1,0,"0.3",45,2016,777,19,437,"4.7","a",0,0,,"false"
"2026-10-01T07:10:07Z",115,"De Cuyper","BHA","2.2","2.3","2.6","2.9",1,49,"27.8",50,297958,21122,38,423,"7.0","a",1,5,,"false"
"2026-10-01T07:10:07Z",116,"Dunk","BHA","20.1","20.0","20.0","19.9",2,-5,"1.5",45,7564,9690,22,360,"5.7","d",0,0,,"false"
"2026-10-01T07:10:07Z",117,"Coppola","BHA","-11.9","-11.9","-11.9","-11.9",-1,0,"0.0",45,108,97,0,0,"0.0","a",0,0,,"false"
"2026-10-01T07:10:07Z",118,"Igor","BHA","0.0","0.0","0.0","0.0",0,0,"0.0",45,0,288,0,0,"0.0","u",0,0,,"false"
"2026-10-01T07:10:07Z",119,"Costinha","BHA","0.0","0.0","0.0","0.0",0,0,"0.0",45,170,135,4,68,"1.0","a",0,0,,"false"
"2026-10-01T07:10:07Z",120,"Svoboda","BHA","0.5","0.5","0.5","0.5",1,0,"0.1",50,1321,463,1,4,"0.3","a",0,0,,"false"
"2026-10-01T07:10:07Z",121,"Mitoma","BHA","-25.1","-25.1","-25.1","-25.1",-2,0,"0.0",59,125,173,0,0,"0.0","i",0,-1,,"false"
"2026-10-01T07:10:07Z",122,"Minteh","BHA","-5.2","-5.2","-5.2","-5.2",-1,0,"0.0",58,45,223,0,0,"0.0","i",-1,-2,,"false"
"2026-10-01T07:10:07Z",123,"Hinshelwood","BHA","-39.4","-39.6","-40.0","-40.4",-2,-4,"0.6",59,272,6746,16,63,"0.0","i",0,-1,,"false"
"2026-10-01T07:10:07Z",124,"Groß","BHA","92.3","92.9","93.7","94.6",3,159,"28.9",58,786126,11805,47,450,"10.7","a",1,3,,"false"
"2026-10-01T07:10:07Z",125,"Georginio","BHA","-0.0","-0.0","-0.0","-0.0",0,0,"0.5",53,2640,3808,6,104,"0.3","a",-1,-2,,"false"
"2026-10-01T07:10:07Z",126,"O'Riley","BHA","-8.7","-8.7","-8.7","-8.7",-1,0,"0.1",54,421,565,2,10,"0.7","a",0,-1,,"false"
"2026-10-01T07:10:07Z",127,"Gomez","BHA","31.0","30.9","30.8","30.7",2,-8,"4.0",50,12121,38142,24,433,"4.3","a",0,0,,"false"
"2026-10-01T07:10:07Z",128,"Buonanotte","BHA","0.0","0.0","0.0","0.0",0,0,"0.0",50,0,7,0,0,"0.0","u",0,0,,"false"
"2026-10-01T07:10:07Z",129,"Ayari","BHA","-45.6","-45.6","-45.6","-45.6",-3,0,"0.4",54,2303,1984,15,333,"4.3","a",0,-1,,"false"
"2026-10-01T07:10:07Z",130,"Wieffer","BHA","-30.5","-31.0","-31.8","-32.6",-2,-3,"0.2",49,30,1963,7,156,"0.0","i",0,-1,,"false"
"2026-10-01T07:10:07Z",132,"Howell","BHA","0.0","0.0","0.0","0.0",0,-1,"0.0",45,0,202,0,0,"0.0","u",0,0,,"false"
"2026-10-01T07:10:07Z",133,"Watson","BHA","0.0","0.0","0.0","0.0",0,0,"0.0",50,0,5,0,0,"0.0","u",0,0,,"false"
"2026-10-01T07:10:07Z",134,"Oriola","BHA","-81.3","-81.8","-82.6","-83.3",-3,-1,"0.2",45,355,1337,0,0,"0.0","a",0,0,,"false"
"2026-10-01T07:10:07Z",135,"Yohanna","BHA","-0.9","-0.9","-0.9","-0.9",-1,0,"0.0",48,24,389,1,12,"0.0","i",-1,-2,,"false"
"2026-10-01T07:10:07Z",137,"Tzimas","BHA","-3.2","-3.2","-3.2","-3.2",-1,0,"0.0",54,37,51,0,0,"0.0","i",0,-1,,"false"
"2026-10-01T07:10:07Z",138,"Kostoulas","BHA","19.7","20.0","20.5","21.0",2,92,"4.2",56,310708,18730,28,353,"7.3","a",1,1,,"false"
"2026-10-01T07:10:07Z",139,"Ferguson","BHA","-58.6","-58.6","-58.6","-58.6",-3,0,"0.0",50,133,255,0,0,"0.0","i",0,0,,"false"
"2026-10-01T07:10:07Z",328,"Struijk","BHA","-7.7","-8.2","-9.0","-9.8",-1,-2,"0.2",49,640,856,7,98,"2.3","d",0,-1,,"false"
"2026-10-01T07:10:07Z",504,"Vuskovic","BHA","55.4","55.4","55.5","55.5",3,4,"3.7",50,55657,13197,32,437,"8.7","a",0,0,,"false"
"2026-10-01T07:10:07Z",594,"David","BHA","0.6","0.6","0.6","0.6",1,1,"0.2",59,3154,2196,1,23,"0.0","a",-1,-1,,"false"
"2026-10-01T07:10:07Z",600,"Osman","BHA","-67.2","-67.2","-67.2","-67.2",-3,0,"0.0",50,116,126,3,40,"0.3","a",0,0,,"false"
"2026-10-01T07:10:07Z",605,"Yalcouyé","BHA","53.9","53.9","54.0","54.1",3,6,"4.0",45,25941,32731,20,236,"3.7","a",0,0,,"false"
"2026-10-01T07:10:07Z",614,"Hadjam","BHA","-5.3","-5.3","-5.3","-5.3",-1,0,"0.0",45,247,250,0,0,"0.0","a",0,0,,"false"
"2026-10-01T07:10:07Z",624,"Cozier-Duberry","BHA","0.0","0.0","0.0","0.0",0,0,"0.0",50,0,5,0,0,"0.0","u",0,0,,"false"
"2026-10-01T07:10:07Z",639,"Andrés","BHA","1.4","1.4","1.4","1.4",1,0,"0.0",55,2729,309,12,109,"4.0","a",0,0,,"false"
"2026-10-01T07:10:07Z",652,"Azeez","BHA","-29.1","-29.1","-29.1","-29.1",-2,0,"0.0",55,19,44,0,0,"0.0","i",0,0,,"false"
"2026-10-01T07:10:07Z",658,"Ibrahim","BHA","0.0","0.0","0.0","0.0",0,0,"0.0",45,311,217,0,0,"0.0","a",0,0,,"false"
"2026-10-01T07:10:07Z",28,"Martinez","CHE","-6.3","-6.4","-6.4","-6.5",-1,-2,"4.7",50,7519,21850,9,360,"2.3","a",0,0,,"false"
"2026-10-01T07:10:07Z",40,"Rogers","CHE","86.5","86.8","87.4","87.9",3,36,"40.5",77,146551,69745,29,437,"5.3","a",0,2,,"false"
"2026-10-01T07:10:07Z",101,"Henderson","CHE","0.0","0.0","0.0","0.0",0,0,"0.0",49,506,153,2,90,"0.7","a",0,-1,,"false"
"2026-10-01T07:10:07Z",136,"Welbeck","CHE","6.7","6.7","6.8","6.8",1,2,"1.0",59,7472,9218,4,85,"1.3","a",0,-1,,"false"
"2026-10-01T07:10:07Z",140,"Sánchez","CHE","0.0","0.0","0.0","0.0",0,0,"0.7",49,0,4788,2,90,"0.0","u",0,-1,,"false"
"2026-10-01T07:10:07Z",141,"Jörgensen","CHE","0.0","0.0","0.0","0.0",0,0,"0.0",50,0,31,0,0,"0.0","u",0,0,,"false"
"2026-10-01T07:10:07Z",142,"James","CHE","-95.0","-95.1","-95.4","-95.6",-4,-17,"5.8",54,617,77293,3,292,"0.7","d",0,-1,,"false"
"2026-10-01T07:10:07Z",143,"Chalobah","CHE","0.0","0.0","0.0","0.0",0,-1,"0.1",55,0,314,0,0,"0.0","u",0,0,,"false"
"2026-10-01T07:10:07Z",144,"Gusto","CHE","-3.3","-3.3","-3.3","-3.3",-1,0,"1.0",49,1562,6853,4,272,"0.7","a",-1,-1,,"false"
"2026-10-01T07:10:07Z",145,"Fofana","CHE","4.6","4.6","4.6","4.6",1,1,"0.2",50,2452,1281,8,312,"2.7","a",0,0,,"false"
"2026-10-01T07:10:07Z",146,"B.Badiashile","CHE","0.0","0.0","0.0","0.0",0,0,"0.0",45,0,43,0,0,"0.0","u",0,0,,"false"
"2026-10-01T07:10:07Z",148,"Hato","CHE","12.5","12.5","12.5","12.5",1,0,"0.8",45,808,7294,8,258,"1.0","a",0,0,,"false"
"2026-10-01T07:10:07Z",149,"Colwill","CHE","-9.8","-9.8","-9.8","-9.8",-1,0,"0.9",48,1053,5368,3,341,"0.7","a",-1,-2,,"false"
"2026-10-01T07:10:07Z",150,"M.Sarr","CHE","0.0","0.0","0.0","0.0",0,0,"0.0",45,0,168,0,0,"0.0","u",0,0,,"false"
"2026-10-01T07:10:07Z",151,"Acheampong","CHE","-11.5","-11.5","-11.5","-11.5",-1,0,"0.3",45,413,1928,5,221,"0.3","a",0,0,,"false"
"2026-10-01T07:10:07Z",152,"Palestra","CHE","-1.3","-1.3","-1.3","-1.3",-1,0,"0.6",53,217,3783,0,0,"0.0","d",0,-2,,"false"
"2026-10-01T07:10:07Z",154,"Palmer","CHE","-13.1","-13.4","-13.9","-14.4",-1,-64,"25.7",97,48031,166381,28,442,"2.7","d",0,2,,"false"
"2026-10-01T07:10:07Z",156,"Neto","CHE","-7.4","-7.1","-6.7","-6.3",-1,4,"1.4",65,5092,9574,14,332,"2.0","a",0,0,,"false"
"2026-10-01T07:10:07Z",157,"Estêvão","CHE","-32.7","-32.9","-33.1","-33.4",-2,-1,"0.7",63,1756,4313,4,23,"1.0","a",0,-2,,"false"
"2026-10-01T07:10:07Z",158,"Gittens","CHE","-3.8","-3.8","-3.8","-3.8",-1,0,"0.0",58,154,253,0,0,"0.0","d",-1,-2,,"false"
"2026-10-01T07:10:07Z",159,"Caicedo","CHE","-2.2","-2.2","-2.4","-2.5",-1,-2,"1.0",53,409,8844,1,13,"0.0","d",0,-2,,"false"
"2026-10-01T07:10:07Z",161,"Lavia","CHE","4.6","4.6","4.6","4.6",1,-1,"0.2",50,427,2439,11,258,"1.0","a",0,0,,"false"
"2026-10-01T07:10:07Z",163,"D.Essugo","CHE","0.0","0.0","0.0","0.0",0,0,"0.1",45,0,719,0,0,"0.0","u",0,0,,"false"
"2026-10-01T07:10:07Z",164,"Quenda","CHE","-27.5","-27.5","-27.5","-27.5",-2,0,"0.0",53,71,178,2,27,"0.3","a",0,-2,,"false"
"2026-10-01T07:10:07Z",165,"João Pedro","CHE","-1.9","-1.9","-1.9","-2.0",-1,-64,"65.1",77,62250,391523,33,360,"4.3","d",-1,2,,"false"
"2026-10-01T07:10:07Z",168,"Marc Guiu","CHE","0.0","0.0","0.0","0.0",0,-1,"0.2",50,0,1530,0,0,"0.0","u",0,0,,"false"
"2026-10-01T07:10:07Z",169,"Mheuka","CHE","4.4","4.4","4.4","4.4",1,0,"0.5",45,4480,3503,0,0,"0.0","a",0,0,,"false"
"2026-10-01T07:10:07Z",170,"Emegha","CHE","-0.4","-0.4","-0.4","-0.4",-1,0,"0.1",49,75,1083,0,0,"0.0","i",-1,-1,,"false"
"2026-10-01T07:10:07Z",200,"Lacroix","CHE","-7.3","-7.3","-7.3","-7.3",-1,-1,"6.8",59,7766,29045,13,364,"2.0","a",-1,-1,,"false"
"2026-10-01T07:10:07Z",560,"Penders","CHE","-0.4","-0.4","-0.4","-0.4",-1,0,"0.1",44,244,293,0,0,"0.0","a",0,-1,,"false"
"2026-10-01T07:10:07Z",561,"Anselmino","CHE","-1.0","-1.0","-1.0","-1.0",-1,0,"0.0",45,65,102,0,0,"0.0","a",0,0,,"false"
"2026-10-01T07:10:07Z",568,"Barco","CHE","-14.4","-14.4","-14.4","-14.4",-1,0,"0.1",54,231,445,3,115,"0.7","a",0,-1,,"false"
"2026-10-01T07:10:07Z",583,"Chavarria","CHE","-50.5","-49.7","-48.5","-47.3",-3,1,"0.1",49,410,540,5,208,"1.0","a",0,-1,,"false"
"2026-10-01T07:10:07Z",662,"Nicoll-Jazuli","CHE","0.0","0.0","0.0","0.0",0,0,"0.0",45,335,72,1,3,"1.0","a",0,0,"2026-10-01T21:17:24.996715Z","false"
"2026-10-01T07:10:07Z",91,"Pinnock","COV","-73.8","-73.8","-73.8","-73.8",-3,0,"0.1",45,381,229,14,282,"4.3","a",0,0,,"false"
"2026-10-01T07:10:07Z",104,"Onyeka","COV","-33.1","-33.1","-33.1","-33.1",-2,0,"0.1",49,174,446,9,314,"2.3","a",0,-1,,"false"
"2026-10-01T07:10:07Z",110,"Rushworth","COV","-58.0","-58.0","-58.0","-58.0",-3,0,"0.8",45,2547,5888,16,450,"4.3","a",0,0,,"false"
"2026-10-01T07:10:07Z",171,"Dovin","COV","0.0","0.0","0.0","0.0",0,0,"1.0",40,0,4706,0,0,"0.0","u",0,0,,"false"
"2026-10-01T07:10:07Z",172,"Wilson","COV","-6.0","-5.6","-5.1","-4.6",-1,1,"0.4",44,241,669,0,0,"0.0","a",0,-1,,"false"
"2026-10-01T07:10:07Z",173,"Thomas","COV","17.1","17.1","17.1","17.2",1,1,"8.5",40,25800,31658,24,437,"4.3","a",0,0,,"false"
"2026-10-01T07:10:07Z",174,"Kitching","COV","0.0","0.0","0.0","0.0",0,0,"0.3",40,0,1805,0,0,"0.0","u",0,0,,"false"
"2026-10-01T07:10:07Z",175,"van Ewijk","COV","-48.5","-48.6","-48.7","-48.9",-3,-15,"8.7",40,1159,75431,6,360,"1.0","d",0,0,,"false"
"2026-10-01T07:10:07Z",176,"Dasilva","COV","-31.1","-30.7","-30.2","-29.7",-2,2,"0.7",40,6253,1745,20,444,"5.7","a",0,0,,"false"
"2026-10-01T07:10:07Z",177,"Kesler-Hayden","COV","0.2","0.2","0.2","0.2",1,0,"0.0",39,1017,566,0,0,"0.0","i",-1,-1,,"false"
"2026-10-01T07:10:07Z",178,"Bidwell","COV","-29.9","-29.9","-29.9","-29.9",-2,0,"0.1",40,182,300,0,0,"0.0","a",0,0,,"false"
"2026-10-01T07:10:07Z",179,"Latibeaudiere","COV","-75.5","-75.5","-75.5","-75.5",-3,0,"0.0",40,73,135,1,1,"0.3","a",0,0,,"false"
"2026-10-01T07:10:07Z",180,"Woolfenden","COV","-96.5","-96.5","-96.5","-96.5",-4,0,"0.1",40,31,499,0,0,"0.0","i",0,0,,"false"
"2026-10-01T07:10:07Z",181,"Brau","COV","0.0","0.0","0.0","0.0",0,0,"0.0",40,0,99,0,0,"0.0","u",0,0,,"false"
"2026-10-01T07:10:07Z",182,"Amenda","COV","-53.8","-53.8","-53.8","-53.8",-3,0,"0.6",40,35,6753,4,360,"0.7","i",0,0,,"false"
"2026-10-01T07:10:07Z",183,"Rudoni","COV","0.1","0.1","0.1","0.1",1,0,"0.1",49,900,666,13,297,"3.0","a",0,-1,,"false"
"2026-10-01T07:10:07Z",184,"Grimes","COV","-28.6","-28.6","-28.6","-28.6",-2,0,"0.1",49,183,855,11,443,"2.3","a",0,-1,,"false"
"2026-10-01T07:10:07Z",185,"Sakamoto","COV","-22.6","-20.6","-17.7","-14.7",-2,1,"0.1",48,129,382,1,31,"0.0","a",0,-2,,"false"
"2026-10-01T07:10:07Z",186,"Mason-Clark","COV","-2.2","-2.2","-2.2","-2.2",-1,0,"0.1",53,73,360,5,231,"1.3","a",-1,-2,,"false"
"2026-10-01T07:10:07Z",187,"Eccles","COV","-4.5","-4.5","-4.5","-4.5",-1,0,"0.0",48,18,89,0,0,"0.0","i",-1,-2,,"false"
"2026-10-01T07:10:07Z",188,"Torp","COV","-11.4","-11.4","-11.4","-11.4",-1,0,"0.1",53,43,432,3,53,"0.3","a",-1,-2,,"false"
"2026-10-01T07:10:07Z",189,"Shepherd","COV","0.8","0.8","0.8","0.8",1,0,"0.3",44,4048,2253,0,0,"0.0","a",0,-1,,"false"
"2026-10-01T07:10:07Z",190,"Tchaouna","COV","-81.1","-81.1","-81.1","-81.1",-3,0,"0.1",54,24,341,5,211,"0.7","a",0,-1,,"false"
"2026-10-01T07:10:07Z",191,"Borges Rodrigues","COV","0.0","0.0","0.0","0.0",0,0,"0.1",45,0,670,0,0,"0.0","u",0,0,,"false"
"2026-10-01T07:10:07Z",192,"Andrews","COV","0.0","0.0","0.0","0.0",0,0,"0.3",45,0,1953,0,0,"0.0","u",0,0,,"false"
"2026-10-01T07:10:07Z",193,"Wright","COV","-0.1","-0.1","-0.1","-0.1",-1,0,"0.1",53,48,548,0,0,"0.0","i",-1,-2,,"false"
"2026-10-01T07:10:07Z",194,"Thomas-Asante","COV","2.8","2.8","2.8","2.9",1,2,"0.8",50,7950,5823,9,227,"2.0","a",0,0,,"false"
"2026-10-01T07:10:07Z",195,"Simms","COV","-0.0","0.0","0.0","0.0",0,1,"0.6",49,1849,5209,4,104,"0.7","a",-1,-1,,"false"
"2026-10-01T07:10:07Z",196,"Markelo","COV","0.0","0.0","0.0","0.0",0,0,"0.0",50,0,60,0,0,"0.0","u",0,0,,"false"
"2026-10-01T07:10:07Z",197,"Bassette","COV","0.0","0.0","0.0","0.0",0,0,"0.0",45,0,145,0,0,"0.0","u",0,0,,"false"
"2026-10-01T07:10:07Z",492,"Awoniyi","COV","-13.2","-13.3","-13.4","-13.5",-1,-1,"0.4",54,68,4981,3,232,"0.0","s",-1,-1,,"false"
"2026-10-01T07:10:07Z",575,"Yirenkyi","COV","-2.7","-2.7","-2.7","-2.7",-1,0,"0.1",48,291,1001,9,265,"1.7","a",-1,-2,,"false"
"2026-10-01T07:10:07Z",584,"Hamer","COV","-84.8","-84.8","-84.8","-84.8",-3,0,"0.1",54,42,396,3,32,"0.3","a",0,-1,,"false"
"2026-10-01T07:10:07Z",599,"Cherif","COV","-6.6","-6.6","-6.6","-6.6",-1,0,"0.1",50,525,748,1,30,"0.3","a",0,0,,"false"
"2026-10-01T07:10:07Z",623,"Bentley","COV","2.1","2.1","2.1","2.2",1,1,"0.6",40,7991,2295,0,0,"0.0","a",0,0,,"false"
"2026-10-01T07:10:07Z",655,"Gboho","COV","0.0","0.0","0.0","0.0",0,0,"0.0",55,69,52,0,0,"0.0","a",0,0,,"false"
"2026-10-01T07:10:07Z",656,"Mfuni","COV","0.0","0.0","-0.6","-3.8",0,-2,"0.1",40,1833,850,6,90,"3.0","a",0,0,,"false"
"2026-10-01T07:10:07Z",42,"Guessand","CRY","-27.2","-27.2","-27.2","-27.2",-2,0,"0.0",54,109,264,2,54,"0.0","a",0,-1,,"false"
"2026-10-01T07:10:07Z",153,"Disasi","CRY","-61.2","-61.2","-61.2","-61.2",-3,0,"0.1",45,26,757,1,139,"0.0","s",0,0,,"false"
"2026-10-01T07:10:07Z",198,"Henderson","CRY","-97.4","-97.5","-97.7","-97.9",-4,-4,"1.3",50,145,11012,5,270,"0.7","i",0,0,,"false"
"2026-10-01T07:10:07Z",199,"Benitez","CRY","-24.3","-24.3","-24.3","-24.3",-2,0,"0.1",45,671,368,8,180,"2.7","a",0,0,,"false"
"2026-10-01T07:10:07Z",202,"Richards","CRY","-0.0","-0.0","-0.0","-0.0",0,0,"0.6",49,1565,2168,14,450,"3.7","a",-1,-1,,"false"
"2026-10-01T07:10:07Z",203,"Canvot","CRY","-0.5","-0.5","-0.5","-0.5",-1,0,"0.2",48,394,850,10,360,"3.0","a",-1,-2,,"false"
"2026-10-01T07:10:07Z",204,"Mitchell","CRY","26.4","26.4","26.5","26.6",2,6,"6.1",45,14124,15850,24,419,"7.7","a",0,0,,"false"
"2026-10-01T07:10:07Z",205,"Sosa","CRY","0.0","0.0","0.0","0.0",0,0,"0.0",45,0,105,0,0,"0.0","u",0,0,,"false"
"2026-10-01T07:10:07Z",206,"Chadi Riad","CRY","-4.3","-4.3","-4.3","-4.3",-1,0,"0.0",43,25,120,1,72,"0.0","i",-1,-2,,"false"
"2026-10-01T07:10:07Z",207,"Mingueza","CRY","-88.9","-88.9","-88.9","-88.9",-3,0,"0.1",44,75,276,2,16,"0.3","a",0,-1,,"false"
"2026-10-01T07:10:07Z",208,"Sarr","CRY","0.0","0.0","0.0","-0.0",0,-1,"0.6",62,2499,2175,1,8,"0.3","a",0,-3,,"false"
"2026-10-01T07:10:07Z",210,"Wharton","CRY","-2.3","-2.3","-2.3","-2.3",-1,0,"0.7",54,1154,4501,12,436,"2.0","a",-1,-1,,"false"
"2026-10-01T07:10:07Z",211,"Yeremy","CRY","4.7","4.7","4.7","4.6",1,-1,"0.3",55,689,2590,14,307,"2.7","a",0,0,,"false"
"2026-10-01T07:10:07Z",212,"Hughes","CRY","-20.0","-20.0","-20.1","-20.2",-2,-4,"7.3",44,8956,43661,2,29,"0.7","a",0,-1,,"false"
"2026-10-01T07:10:07Z",213,"Lerma","CRY","-1.9","-1.9","-1.9","-1.9",-1,0,"0.1",48,90,369,1,51,"0.3","a",-1,-2,,"false"
"2026-10-01T07:10:07Z",214,"Kamada","CRY","11.4","11.5","11.5","11.5",1,2,"0.5",50,3173,2953,21,441,"5.3","a",0,0,,"false"
"2026-10-01T07:10:07Z",215,"Devenny","CRY","0.0","0.0","0.0","0.0",0,0,"0.0",50,0,33,0,0,"0.0","u",0,0,,"false"
"2026-10-01T07:10:07Z",216,"Esse","CRY","0.0","0.0","0.0","0.0",0,0,"0.0",50,0,120,0,0,"0.0","u",0,0,,"false"
"2026-10-01T07:10:07Z",217,"M.França","CRY","0.0","0.0","0.0","0.0",0,0,"0.0",49,0,156,0,0,"0.0","u",0,-1,,"false"
"2026-10-01T07:10:07Z",218,"Doucouré","CRY","-2.3","-2.3","-2.3","-2.3",-1,0,"0.0",48,110,291,0,0,"0.0","a",-1,-2,,"false"
"2026-10-01T07:10:07Z",219,"J.Rak-Sakyi","CRY","0.0","0.0","0.0","0.0",0,0,"0.0",49,0,23,0,0,"0.0","u",0,-1,,"false"
"2026-10-01T07:10:07Z",220,"Cardines","CRY","0.0","0.0","0.0","0.0",0,0,"0.0",45,0,3,0,0,"0.0","u",0,0,,"false"
"2026-10-01T07:10:07Z",221,"Drakes-Thomas","CRY","-94.0","-94.0","-94.0","-94.0",-3,0,"0.1",45,136,418,0,0,"0.0","a",0,0,,"false"
"2026-10-01T07:10:07Z",222,"Strand Larsen","CRY","5.1","5.2","5.3","5.3",1,5,"0.7",60,4807,3833,14,298,"3.7","a",0,0,,"false"
"2026-10-01T07:10:07Z",223,"Mateta","CRY","-25.4","-25.4","-25.4","-25.5",-2,-1,"1.3",63,204,8997,2,62,"0.0","i",0,-2,,"false"
"2026-10-01T07:10:07Z",224,"Nketiah","CRY","-17.8","-17.8","-17.8","-17.8",-1,0,"0.5",55,1249,3302,8,175,"1.7","a",0,0,,"false"
"2026-10-01T07:10:07Z",225,"Uche","CRY","0.0","0.0","0.0","0.0",0,0,"0.0",50,0,0,0,0,"0.0","u",0,0,,"false"
"2026-10-01T07:10:07Z",241,"McNeil","CRY","-95.6","-95.6","-95.6","-95.6",-4,0,"0.1",54,72,472,3,84,"0.0","a",0,-1,,"false"
"2026-10-01T07:10:07Z",555,"Matthews","CRY","-9.2","-9.2","-9.2","-9.2",-1,0,"1.7",40,1079,2989,0,0,"0.0","a",0,0,,"false"
"2026-10-01T07:10:07Z",577,"Tomiyasu","CRY","-13.6","-13.6","-13.6","-13.6",-1,0,"0.3",44,149,1160,3,189,"0.3","d",0,-1,,"false"
"2026-10-01T07:10:07Z",588,"Khalaili","CRY","6.7","6.7","6.7","6.7",1,1,"0.3",50,2036,1088,19,379,"5.3","a",0,0,,"false"
"2026-10-01T07:10:07Z",595,"Gozo","CRY","-0.9","-0.9","-0.9","-0.9",-1,0,"0.0",49,39,90,2,28,"0.3","a",-1,-1,,"false"
"2026-10-01T07:10:07Z",633,"Ahanor","CRY","0.1","0.1","0.1","0.0",1,-1,"0.0",45,136,106,3,90,"1.0","a",0,0,,"false"
"2026-10-01T07:10:07Z",643,"Chilwell","CRY","-73.3","-73.6","-74.0","-74.4",-3,-1,"0.4",45,554,2907,8,29,"2.7","a",0,0,,"false"
"2026-10-01T07:10:07Z",644,"Timber","CRY","0.2","0.2","0.2","0.2",1,0,"0.0",50,455,312,9,253,"3.0","a",0,0,,"false"
"2026-10-01T07:10:07Z",647,"Osorio","CRY","-73.6","-73.6","-73.6","-73.6",-3,0,"0.0",55,26,74,1,1,"0.3","a",0,0,,"false"
"2026-10-01T07:10:07Z",21,"Nørgaard","EVE","-0.2","-0.2","-0.2","-0.2",-1,0,"0.0",48,54,321,0,0,"0.0","i",-1,-2,,"false"
"2026-10-01T07:10:07Z",209,"Johnson","EVE","-19.4","-19.4","-19.4","-19.4",-1,0,"0.1",59,399,697,9,238,"2.3","a",0,-1,,"false"
"2026-10-01T07:10:07Z",226,"Pickford","EVE","29.3","29.4","29.4","29.5",2,4,"9.1",55,28376,15311,25,450,"5.0","a",0,0,,"false"
"2026-10-01T07:10:07Z",227,"Travers","EVE","-32.3","-32.3","-32.3","-32.3",-2,0,"0.0",50,248,260,0,0,"0.0","a",0,0,,"false"
"2026-10-01T07:10:07Z",228,"King","EVE","-41.3","-41.3","-41.3","-41.3",-3,0,"0.0",45,112,167,0,0,"0.0","a",0,0,,"false"
"2026-10-01T07:10:07Z",229,"Tarkowski","EVE","0.1","0.2","0.3","0.5",1,30,"16.5",62,231479,20168,43,450,"8.3","a",1,2,,"false"
"2026-10-01T07:10:07Z",230,"Branthwaite","EVE","35.5","35.5","35.5","35.5",2,2,"2.4",55,19348,7094,27,450,"5.7","a",0,0,,"false"
"2026-10-01T07:10:07Z",231,"Keane","EVE","-38.8","-39.1","-39.5","-39.9",-2,-2,"0.7",48,380,3805,0,0,"0.0","a",0,-2,,"false"
"2026-10-01T07:10:07Z",232,"O'Brien","EVE","-3.7","-3.7","-3.7","-3.7",-1,0,"0.3",48,325,1116,2,16,"0.7","a",-1,-2,,"false"
"2026-10-01T07:10:07Z",233,"Mykolenko","EVE","1.3","1.3","1.3","1.3",1,-1,"4.2",46,41007,21293,27,450,"5.7","a",1,1,,"false"
"2026-10-01T07:10:07Z",234,"Patterson","EVE","0.0","0.0","0.0","0.0",0,0,"0.0",45,0,121,0,0,"0.0","u",0,0,,"false"
"2026-10-01T07:10:07Z",235,"Aznou","EVE","0.0","0.0","0.0","0.0",0,0,"0.1",40,0,551,0,0,"0.0","u",0,0,,"false"
"2026-10-01T07:10:07Z",236,"Dewsbury-Hall","EVE","-15.5","-15.6","-15.8","-16.0",-1,-8,"6.0",66,33995,44043,20,450,"2.3","a",1,1,,"false"
"2026-10-01T07:10:07Z",238,"Grealish","EVE","8.6","8.6","8.6","8.6",1,0,"0.5",65,3653,2936,6,135,"1.7","a",0,0,,"false"
"2026-10-01T07:10:07Z",239,"Garner","EVE","3.5","3.4","3.4","3.4",1,-2,"0.2",60,1707,1967,11,328,"3.0","a",0,0,,"false"
"2026-10-01T07:10:07Z",242,"George","EVE","30.0","29.9","29.8","29.7",2,-8,"0.9",55,2404,10639,19,309,"4.7","a",0,0,,"false"
"2026-10-01T07:10:07Z",243,"Alcaraz","EVE","-46.1","-46.1","-46.1","-46.1",-3,0,"0.1",49,159,403,1,5,"0.0","a",0,-1,,"false"
"2026-10-01T07:10:07Z",244,"Armstrong","EVE","9.3","9.3","9.3","9.3",1,0,"0.4",50,818,3285,16,446,"2.0","a",0,0,,"false"
"2026-10-01T07:10:07Z",245,"Dibling","EVE","-89.8","-89.8","-89.8","-89.8",-3,0,"0.0",54,117,156,1,24,"0.3","a",0,-1,,"false"
"2026-10-01T07:10:07Z",246,"Röhl","EVE","-45.3","-45.3","-45.3","-45.3",-3,0,"0.0",49,7,579,6,249,"0.3","i",0,-1,,"false"
"2026-10-01T07:10:07Z",247,"Hackney","EVE","-5.1","-5.1","-5.1","-5.1",-1,0,"0.2",54,190,1070,10,137,"2.0","a",-1,-1,,"false"
"2026-10-01T07:10:07Z",248,"Beto","EVE","0.0","0.0","0.0","0.0",0,-2,"0.6",54,0,7223,2,31,"0.0","u",0,-1,,"false"
"2026-10-01T07:10:07Z",249,"Barry","EVE","0.3","0.3","0.3","0.3",1,3,"8.3",57,83814,38449,20,417,"3.3","a",1,2,,"false"
"2026-10-01T07:10:07Z",649,"Maitland-Niles","EVE","17.3","17.3","17.3","17.3",1,0,"1.4",45,19221,4629,21,177,"7.0","a",0,0,,"false"
"2026-10-01T07:10:07Z",654,"Graham","EVE","-34.1","-34.1","-34.1","-34.1",-2,0,"0.1",45,229,995,0,0,"0.0","a",0,0,,"false"
"2026-10-01T07:10:07Z",250,"Leno","FUL","8.7","8.7","8.8","8.8",1,4,"3.4",45,38445,11073,18,450,"4.3","a",0,0,,"false"
"2026-10-01T07:10:07Z",251,"Lecomte","FUL","-23.8","-23.8","-23.8","-23.8",-2,0,"1.1",40,2464,2471,0,0,"0.0","a",0,0,,"false"
"2026-10-01T07:10:07Z",252,"McNally","FUL","0.0","0.0","0.0","0.0",0,0,"0.1",40,0,597,0,0,"0.0","u",0,0,,"false"
"2026-10-01T07:10:07Z",253,"Andersen","FUL","0.8","0.8","0.8","0.8",1,2,"0.2",50,2681,1075,3,190,"0.7","a",0,0,,"false"
"2026-10-01T07:10:07Z",254,"Robinson","FUL","-18.9","-18.5","-18.0","-17.5",-1,5,"1.5",45,15615,6537,12,429,"3.0","a",0,0,,"false"
"2026-10-01T07:10:07Z",255,"J.Cuenca","FUL","-72.0","-72.0","-72.0","-72.0",-3,0,"0.0",45,66,109,3,90,"0.0","a",0,0,,"false"
"2026-10-01T07:10:07Z",256,"Tete","FUL","-0.4","-0.4","-0.4","-0.4",-1,0,"0.2",44,55,1028,0,27,"0.0","a",0,-1,,"false"
"2026-10-01T07:10:07Z",257,"Bassey","FUL","0.0","0.1","0.1","0.1",1,2,"0.7",45,5294,1767,15,450,"4.3","a",0,0,,"false"
"2026-10-01T07:10:07Z",258,"Castagne","FUL","14.1","14.2","14.2","14.3",1,4,"0.9",45,14417,4789,20,408,"2.7","a",0,0,,"false"
"2026-10-01T07:10:07Z",261,"Iwobi","FUL","-58.9","-58.9","-58.9","-58.9",-3,0,"0.7",54,3368,3183,14,408,"3.3","a",0,-1,,"false"
"2026-10-01T07:10:07Z",262,"Smith Rowe","FUL","-0.9","-0.6","-0.2","0.0",-1,1,"0.2",53,301,1324,3,38,"0.7","a",-1,-2,,"false"
"2026-10-01T07:10:07Z",263,"Kevin","FUL","-13.5","-13.5","-13.5","-13.5",-1,0,"0.0",53,191,284,4,61,"0.7","a",0,-2,,"false"
"2026-10-01T07:10:07Z",264,"Bobb","FUL","-48.5","-47.8","-46.7","-45.7",-3,2,"0.3",55,2255,1764,13,343,"2.7","a",0,0,,"false"
"2026-10-01T07:10:07Z",265,"Berge","FUL","-33.9","-33.9","-33.9","-33.9",-2,0,"0.3",49,615,1284,11,349,"2.3","a",0,-1,,"false"
"2026-10-01T07:10:07Z",266,"Cairney","FUL","-15.2","-15.2","-15.2","-15.2",-1,0,"0.0",49,8,20,0,0,"0.0","i",0,-1,,"false"
"2026-10-01T07:10:07Z",268,"King","FUL","87.7","88.0","88.4","88.8",3,29,"2.6",55,86433,17931,24,425,"5.0","a",0,0,,"false"
"2026-10-01T07:10:07Z",269,"Sessegnon","FUL","-1.6","-1.6","-1.6","-1.6",-1,0,"0.3",43,295,1282,3,50,"0.3","a",-1,-2,,"false"
"2026-10-01T07:10:07Z",270,"Reed","FUL","-11.2","-11.1","-11.0","-10.8",-1,1,"1.1",44,2774,6773,0,0,"0.0","a",0,-1,,"false"
"2026-10-01T07:10:07Z",271,"Muniz","FUL","-50.5","-50.5","-50.5","-50.5",-3,0,"0.4",54,1693,2637,3,38,"0.7","a",0,-1,,"false"
"2026-10-01T07:10:07Z",272,"Kusi-Asare","FUL","-63.3","-63.4","-63.6","-63.7",-3,-6,"5.4",45,10743,32871,0,0,"0.0","a",0,0,,"false"
"2026-10-01T07:10:07Z",569,"Gonzalo","FUL","57.4","57.7","58.3","58.8",3,37,"4.0",60,66706,31974,14,425,"2.0","a",0,0,,"false"
"2026-10-01T07:10:07Z",570,"Palacios","FUL","-7.0","-7.0","-7.0","-7.0",-1,0,"0.2",54,703,936,12,226,"3.0","a",0,-1,,"false"
"2026-10-01T07:10:07Z",580,"Charles","FUL","-81.1","-81.1","-81.1","-81.1",-3,0,"0.1",50,590,423,13,303,"3.7","a",0,0,,"false"
"2026-10-01T07:10:07Z",610,"De Fougerolles","FUL","0.0","0.0","0.0","0.0",0,0,"0.1",40,0,499,0,0,"0.0","u",0,0,,"false"
"2026-10-01T07:10:07Z",626,"Zepa","FUL","0.1","0.1","0.1","0.1",1,0,"0.3",44,607,2219,0,0,"0.0","a",-1,-1,,"false"
"2026-10-01T07:10:07Z",635,"Larsson","FUL","0.0","0.0","0.0","0.0",0,0,"0.0",50,92,70,3,37,"1.0","a",0,0,,"false"
"2026-10-01T07:10:07Z",636,"Ángel","FUL","0.0","0.0","0.0","0.0",0,0,"0.0",50,32,27,0,0,"0.0","a",0,0,,"false"
"2026-10-01T07:10:07Z",650,"Affengruber","FUL","1.2","1.2","1.2","1.3",1,2,"0.1",45,5478,1265,12,180,"4.0","a",0,0,,"false"
"2026-10-01T07:10:07Z",240,"Iroegbunam","HUL","0.1","0.1","0.1","0.1",1,0,"0.0",50,75,138,2,70,"0.3","a",0,0,,"false"
"2026-10-01T07:10:07Z",273,"Phillips","HUL","-28.1","-28.1","-28.1","-28.1",-2,0,"1.4",40,2961,3462,0,0,"0.0","a",0,0,,"false"
"2026-10-01T07:10:07Z",274,"Butland","HUL","-0.7","-0.7","-0.7","-0.7",-1,0,"0.1",44,67,322,0,0,"0.0","i",-1,-1,,"false"
"2026-10-01T07:10:07Z",275,"Cartwright","HUL","0.0","0.0","0.0","0.0",0,0,"0.0",40,0,25,0,0,"0.0","u",0,0,,"false"
"2026-10-01T07:10:07Z",276,"Lo-Tutala","HUL","0.0","0.0","0.0","0.0",0,0,"0.0",40,0,113,0,0,"0.0","u",0,0,,"false"
"2026-10-01T07:10:07Z",277,"Egan","HUL","26.1","26.1","26.0","26.0",2,-4,"7.0",41,26851,29143,26,437,"3.0","a",0,1,,"false"
"2026-10-01T07:10:07Z",278,"Hughes","HUL","0.5","0.5","0.5","0.5",1,0,"0.2",39,1085,1921,0,0,"0.0","i",0,-1,,"false"
"2026-10-01T07:10:07Z",279,"Ajayi","HUL","69.4","69.3","69.0","68.8",3,-17,"14.0",42,43135,58493,27,423,"2.3","a",0,2,,"false"
"2026-10-01T07:10:07Z",280,"Coyle","HUL","0.3","0.3","0.3","0.3",1,0,"0.7",40,2050,2014,14,348,"2.7","a",0,0,,"false"
"2026-10-01T07:10:07Z",281,"Drameh","HUL","0.0","0.0","0.0","0.0",0,0,"0.0",40,0,252,2,65,"0.0","u",0,0,,"false"
"2026-10-01T07:10:07Z",282,"Giles","HUL","70.0","70.0","70.0","70.1",3,3,"2.9",40,21120,13666,24,444,"4.0","a",0,0,,"false"
"2026-10-01T07:10:07Z",283,"Jacob","HUL","0.0","0.0","0.0","0.0",0,0,"0.0",40,0,34,0,0,"0.0","u",0,0,,"false"
"2026-10-01T07:10:07Z",284,"McCarthy","HUL","0.4","0.4","0.4","0.4",1,0,"0.1",40,390,433,0,0,"0.0","a",0,0,,"false"
"2026-10-01T07:10:07Z",285,"McNair","HUL","-41.9","-41.9","-41.9","-41.9",-3,0,"0.1",40,192,407,1,26,"0.0","a",0,0,,"false"
"2026-10-01T07:10:07Z",286,"Belloumi","HUL","36.6","36.6","36.6","36.6",2,-1,"5.1",51,75476,24585,31,394,"7.3","a",0,1,,"false"
"2026-10-01T07:10:07Z",287,"Millar","HUL","0.0","0.0","0.0","0.0",0,0,"0.0",50,0,297,6,50,"0.0","u",0,0,,"false"
"2026-10-01T07:10:07Z",288,"Dowell","HUL","-95.2","-95.2","-95.2","-95.2",-4,0,"0.3",45,582,1984,0,0,"0.0","a",0,0,,"false"
"2026-10-01T07:10:07Z",289,"Crooks","HUL","0.7","0.7","0.7","0.7",1,0,"0.5",44,5013,4140,3,203,"0.3","a",-1,-1,,"false"
"2026-10-01T07:10:07Z",290,"Slater","HUL","74.8","74.8","74.8","74.9",3,2,"5.2",45,15555,36878,15,437,"2.3","a",0,0,,"false"
"2026-10-01T07:10:07Z",291,"Matazo","HUL","-14.7","-14.7","-14.7","-14.7",-1,0,"0.0",45,29,53,0,0,"0.0","i",0,0,,"false"
"2026-10-01T07:10:07Z",292,"Ömür","HUL","-9.6","-9.6","-9.6","-9.6",-1,0,"0.0",49,85,145,0,0,"0.0","a",0,-1,,"false"
"2026-10-01T07:10:07Z",293,"Kamara","HUL","0.0","0.0","0.0","0.0",0,0,"0.0",50,0,12,0,0,"0.0","u",0,0,,"false"
"2026-10-01T07:10:07Z",294,"Zambrano","HUL","-22.2","-23.6","-25.6","-27.6",-2,-1,"0.1",45,149,487,0,0,"0.0","a",0,0,,"false"
"2026-10-01T07:10:07Z",295,"McBurnie","HUL","27.7","27.7","27.7","27.7",2,0,"1.9",55,7849,17763,13,441,"2.3","a",0,0,,"false"
"2026-10-01T07:10:07Z",296,"Akintola","HUL","0.0","0.0","0.0","0.0",0,-1,"0.0",50,0,267,0,0,"0.0","u",0,0,,"false"
"2026-10-01T07:10:07Z",297,"Gyabi","HUL","-0.5","-0.5","-0.5","-0.5",-1,0,"0.0",44,58,139,0,0,"0.0","i",-1,-1,,"false"
"2026-10-01T07:10:07Z",298,"Destan","HUL","0.0","0.0","0.0","0.0",0,0,"0.2",45,0,1311,0,0,"0.0","u",0,0,,"false"
"2026-10-01T07:10:07Z",299,"Burstow","HUL","0.0","0.0","0.0","0.0",0,0,"0.0",45,0,216,0,0,"0.0","u",0,0,,"false"
"2026-10-01T07:10:07Z",340,"Gelhardt","HUL","0.0","0.0","0.0","0.0",0,0,"0.0",50,95,108,1,7,"0.3","a",0,0,,"false"
"2026-10-01T07:10:07Z",556,"Targett","HUL","-74.1","-74.1","-74.1","-74.1",-3,0,"1.6",40,111,9777,1,5,"0.0","d",0,0,,"false"
"2026-10-01T07:10:07Z",563,"Morita","HUL","-0.2","-0.2","-0.2","-0.2",-1,0,"0.0",49,24,176,1,45,"0.0","i",-1,-1,,"false"
"2026-10-01T07:10:07Z",572,"Tzolakis","HUL","0.7","0.7","0.7","0.7",1,4,"12.8",47,124416,21545,34,450,"4.7","a",1,2,,"false"
"2026-10-01T07:10:07Z",574,"Hjertø-Dahl","HUL","-75.3","-75.3","-75.3","-75.3",-3,0,"0.1",49,75,327,1,8,"0.3","a",0,-1,,"false"
"2026-10-01T07:10:07Z",576,"Stroud","HUL","-52.2","-52.2","-52.2","-52.2",-3,0,"0.1",50,144,456,7,249,"1.3","a",0,0,,"false"
"2026-10-01T07:10:07Z",585,"Herrington","HUL","-27.3","-27.1","-26.7","-26.4",-2,1,"0.6",40,1032,1671,5,197,"1.0","a",0,0,,"false"
"2026-10-01T07:10:07Z",586,"Mendy","HUL","-0.5","-0.6","-0.8","-0.9",-1,-6,"6.3",41,6919,33333,25,249,"3.0","a",0,1,,"false"
"2026-10-01T07:10:07Z",589,"Gourna-Douath","HUL","-79.0","-79.0","-79.0","-79.0",-3,0,"0.0",50,32,106,4,138,"1.0","a",0,0,,"false"
"2026-10-01T07:10:07Z",617,"Cho","HUL","0.2","0.2","0.2","0.2",1,0,"0.0",50,348,148,9,72,"2.7","a",0,0,,"false"
"2026-10-01T07:10:07Z",632,"Ansah","HUL","-64.3","-64.3","-64.3","-64.3",-3,0,"0.0",50,73,411,0,0,"0.0","i",0,0,,"false"
"2026-10-01T07:10:07Z",637,"Vaz","HUL","1.2","1.3","1.3","1.3",1,2,"0.1",50,1822,1144,2,20,"0.7","a",0,0,,"false"
"2026-10-01T07:10:07Z",638,"Norton-Cuffy","HUL","-25.6","-25.6","-25.6","-25.6",-2,0,"0.2",40,450,2557,1,34,"0.3","d",0,0,,"false"
"2026-10-01T07:10:07Z",642,"Thomas","HUL","0.3","0.3","0.3","0.3",1,0,"0.0",55,463,347,4,119,"1.3","a",0,0,,"false"
"2026-10-01T07:10:07Z",645,"Mouzakitis","HUL","0.0","0.0","0.0","0.0",0,0,"0.0",50,88,89,0,0,"0.0","a",0,0,,"false"
"2026-10-01T07:10:07Z",259,"Diop","IPS","-53.0","-53.0","-53.0","-53.0",-3,0,"12.7",40,6976,54855,12,450,"2.7","a",0,0,,"false"
"2026-10-01T07:10:07Z",267,"Lukić","IPS","-5.3","-5.3","-5.3","-5.3",-1,0,"0.1",49,191,517,11,400,"1.7","a",-1,-1,,"false"
"2026-10-01T07:10:07Z",300,"Walton","IPS","-7.3","-6.8","-6.2","-5.5",-1,2,"0.4",44,1663,1027,2,90,"0.7","a",0,-1,,"false"
"2026-10-01T07:10:07Z",301,"Palmer","IPS","-25.5","-25.5","-25.5","-25.5",-2,0,"3.9",40,3933,11770,0,0,"0.0","a",0,0,,"false"
"2026-10-01T07:10:07Z",302,"Button","IPS","1.1","1.1","1.1","1.2",1,1,"0.6",40,1453,1312,0,0,"0.0","a",0,0,,"false"
"2026-10-01T07:10:07Z",303,"Kipré","IPS","3.1","3.1","3.1","3.1",1,0,"0.9",39,4444,4344,0,0,"0.0","a",0,-1,,"false"
"2026-10-01T07:10:07Z",304,"O'Shea","IPS","-40.2","-40.2","-40.2","-40.2",-3,0,"2.7",40,1952,14608,10,450,"2.0","a",0,0,,"false"
"2026-10-01T07:10:07Z",305,"Davis","IPS","72.4","72.5","72.7","72.9",3,13,"6.9",40,49865,27478,25,450,"5.7","a",0,0,,"false"
"2026-10-01T07:10:07Z",306,"Greaves","IPS","-90.4","-90.8","-91.4","-91.9",-3,-4,"1.1",40,470,3427,3,357,"0.7","a",0,0,,"false"
"2026-10-01T07:10:07Z",307,"Johnson","IPS","0.0","0.0","0.0","0.0",0,0,"0.1",40,0,359,0,0,"0.0","u",0,0,,"false"
"2026-10-01T07:10:07Z",308,"Furlong","IPS","2.0","2.0","2.1","2.1",1,1,"0.6",39,6365,2877,1,17,"0.0","a",0,-1,,"false"
"2026-10-01T07:10:07Z",309,"Núñez","IPS","-35.0","-35.0","-35.0","-35.0",-2,0,"0.1",49,96,630,6,140,"0.0","a",0,-1,,"false"
"2026-10-01T07:10:07Z",310,"Matusiwa","IPS","0.0","0.0","0.0","0.0",0,0,"0.0",49,15,18,0,0,"0.0","a",0,-1,,"false"
"2026-10-01T07:10:07Z",311,"Burns","IPS","0.0","0.0","0.0","0.0",0,0,"0.0",50,0,8,0,0,"0.0","u",0,0,,"false"
"2026-10-01T07:10:07Z",312,"Taylor","IPS","0.1","0.1","0.1","0.1",1,0,"0.0",44,379,270,0,0,"0.0","i",-1,-1,,"false"
"2026-10-01T07:10:07Z",313,"Clarke","IPS","-84.7","-84.7","-84.7","-84.7",-3,0,"0.2",54,144,919,11,170,"1.3","a",0,-1,,"false"
"2026-10-01T07:10:07Z",314,"Ogbene","IPS","0.0","0.0","0.0","0.0",0,0,"0.0",49,0,66,0,0,"0.0","u",0,-1,,"false"
"2026-10-01T07:10:07Z",315,"Fatawu","IPS","-33.6","-33.6","-33.6","-33.6",-2,0,"0.2",54,55,2483,8,352,"0.7","s",0,-1,,"false"
"2026-10-01T07:10:07Z",316,"Emersonn","IPS","83.7","83.8","84.0","84.2",3,13,"3.5",55,33955,22852,26,317,"5.3","a",0,0,,"false"
"2026-10-01T07:10:07Z",317,"Hirst","IPS","0.0","0.0","0.0","0.0",0,0,"0.1",50,0,472,0,0,"0.0","u",0,0,,"false"
"2026-10-01T07:10:07Z",318,"Philogene","IPS","-8.0","-8.0","-8.0","-8.0",-1,0,"0.1",54,33,157,2,52,"0.7","a",0,-1,,"false"
"2026-10-01T07:10:07Z",319,"Szmodics","IPS","0.0","0.0","0.0","0.0",0,0,"0.0",50,0,13,0,0,"0.0","u",0,0,,"false"
"2026-10-01T07:10:07Z",320,"Akpom","IPS","24.1","24.1","24.1","24.1",2,1,"1.2",50,4992,9528,7,78,"0.3","a",0,0,,"false"
"2026-10-01T07:10:07Z",321,"Walle Egeli","IPS","38.8","38.8","38.8","38.7",2,-3,"3.5",45,17886,26484,1,10,"0.0","a",0,0,,"false"
"2026-10-01T07:10:07Z",322,"Al-Hamadi","IPS","0.0","0.0","0.0","0.0",0,0,"0.0",50,0,365,0,0,"0.0","u",0,0,,"false"
"2026-10-01T07:10:07Z",323,"McAteer","IPS","-1.0","-1.0","-1.0","-1.0",-1,0,"1.0",44,1468,6361,3,42,"0.3","a",-1,-1,,"false"
"2026-10-01T07:10:07Z",324,"Mehmeti","IPS","-2.3","-2.3","-2.3","-2.3",-1,0,"0.0",48,74,141,0,0,"0.0","a",-1,-2,,"false"
"2026-10-01T07:10:07Z",554,"Van Oevelen","IPS","0.0","0.0","0.0","0.0",0,0,"0.0",45,0,82,0,0,"0.0","u",0,0,,"false"
"2026-10-01T07:10:07Z",562,"Maeda","IPS","-9.9","-9.9","-9.9","-9.9",-1,0,"0.2",53,136,1444,8,259,"1.3","a",-1,-2,,"false"
"2026-10-01T07:10:07Z",564,"Scherpen","IPS","-31.3","-31.3","-31.3","-31.3",-2,0,"0.6",45,624,2763,7,360,"1.0","a",0,0,,"false"
"2026-10-01T07:10:07Z",571,"Florentino","IPS","-2.5","-2.5","-2.5","-2.5",-1,0,"0.1",48,110,332,2,30,"0.7","a",-1,-2,,"false"
"2026-10-01T07:10:07Z",591,"Enciso","IPS","8.6","8.6","8.6","8.6",1,0,"0.8",55,2190,6044,15,413,"1.7","a",0,0,,"false"
"2026-10-01T07:10:07Z",592,"Ouattara","IPS","-31.9","-31.9","-31.9","-31.9",-2,0,"0.9",40,670,2048,6,131,"1.3","a",0,0,,"false"
"2026-10-01T07:10:07Z",602,"Humphreys","IPS","0.0","0.0","0.0","0.0",0,0,"0.0",45,0,237,0,0,"0.0","u",0,0,,"false"
"2026-10-01T07:10:07Z",619,"Palacios","IPS","1.0","1.0","1.0","1.0",1,0,"0.1",50,501,822,11,275,"3.3","a",0,0,,"false"
"2026-10-01T07:10:07Z",640,"Flemming","IPS","0.5","0.5","0.5","0.5",1,0,"0.1",55,911,982,6,60,"2.0","a",0,0,,"false"
"2026-10-01T07:10:07Z",260,"Wilson","LEE","-60.5","-60.8","-61.3","-61.7",-3,-13,"1.7",62,72,40018,5,145,"0.3","i",0,-3,,"false"
"2026-10-01T07:10:07Z",326,"Perri","LEE","0.0","0.0","0.0","0.0",0,0,"0.3",45,0,1278,0,0,"0.0","u",0,0,,"false"
"2026-10-01T07:10:07Z",327,"Bijol","LEE","5.0","5.0","5.0","4.9",1,-1,"0.7",50,787,5475,12,164,"0.3","a",0,0,,"false"
"2026-10-01T07:10:07Z",329,"Rodon","LEE","-6.3","-6.4","-6.5","-6.6",-1,-2,"0.8",43,45,8697,7,123,"0.0","i",-1,-2,,"false"
"2026-10-01T07:10:07Z",330,"Bogle","LEE","56.5","56.8","57.2","57.6",3,30,"7.2",46,123110,25260,42,365,"11.3","a",0,1,,"false"
"2026-10-01T07:10:07Z",331,"Gudmundsson","LEE","0.9","0.9","0.9","0.9",1,0,"0.1",45,521,325,14,252,"4.7","a",0,0,,"false"
"2026-10-01T07:10:07Z",332,"Justin","LEE","18.0","17.9","17.9","17.8",1,-4,"1.4",45,4143,5775,26,450,"4.7","a",0,0,,"false"
"2026-10-01T07:10:07Z",333,"Bornauw","LEE","0.0","0.0","0.0","0.0",0,0,"0.0",45,0,5,0,0,"0.0","u",0,0,,"false"
"2026-10-01T07:10:07Z",334,"Muharemović","LEE","38.2","38.2","38.2","38.3",2,1,"4.3",50,27462,23725,27,450,"5.7","a",0,0,,"false"
"2026-10-01T07:10:07Z",335,"Stach","LEE","15.9","15.8","15.7","15.6",1,-6,"2.5",60,4738,19315,27,447,"3.3","a",0,0,,"false"
"2026-10-01T07:10:07Z",336,"Okafor","LEE","1.4","1.4","1.4","1.4",1,-1,"0.4",58,1745,3321,18,299,"5.0","a",0,-2,,"false"
"2026-10-01T07:10:07Z",337,"Aaronson","LEE","-7.6","-7.6","-7.6","-7.6",-1,0,"0.5",53,211,3335,7,194,"1.0","a",-1,-2,,"false"
"2026-10-01T07:10:07Z",338,"Ampadu","LEE","-28.1","-28.4","-28.8","-29.2",-2,-2,"0.9",54,1580,4856,21,450,"4.7","a",0,-1,,"false"
"2026-10-01T07:10:07Z",339,"Longstaff","LEE","-96.9","-96.9","-96.9","-96.9",-4,0,"0.1",49,133,625,2,10,"0.3","a",0,-1,,"false"
"2026-10-01T07:10:07Z",341,"Gnonto","LEE","0.0","0.0","0.0","0.0",0,0,"0.0",50,0,52,0,0,"0.0","u",0,0,,"false"
"2026-10-01T07:10:07Z",342,"Harrison","LEE","0.0","0.0","0.0","0.0",0,0,"0.0",50,0,5,0,0,"0.0","u",0,0,,"false"
"2026-10-01T07:10:07Z",343,"James","LEE","-27.6","-27.6","-27.6","-27.6",-2,0,"0.1",49,183,550,3,52,"0.7","a",0,-1,,"false"
"2026-10-01T07:10:07Z",344,"Gruev","LEE","0.0","0.0","0.0","0.0",0,0,"0.0",50,48,21,0,0,"0.0","a",0,0,,"false"
"2026-10-01T07:10:07Z",345,"Tanaka","LEE","4.8","4.8","4.8","4.8",1,1,"0.3",49,2189,2235,14,255,"4.3","a",0,-1,,"false"
"2026-10-01T07:10:07Z",346,"Calvert-Lewin","LEE","67.9","68.0","68.0","68.1",3,5,"24.8",60,92690,167241,22,419,"4.3","a",0,0,,"false"
"2026-10-01T07:10:07Z",347,"Nmecha","LEE","-26.1","-26.1","-26.1","-26.1",-2,0,"0.5",54,1990,3692,7,64,"1.0","a",0,-1,,"false"
"2026-10-01T07:10:07Z",348,"Piroe","LEE","0.0","0.0","0.0","0.0",0,0,"0.1",50,0,421,0,0,"0.0","u",0,0,,"false"
"2026-10-01T07:10:07Z",349,"Mateo Joseph","LEE","-41.1","-41.1","-41.1","-41.1",-3,0,"0.1",45,311,477,0,0,"0.0","i",0,0,,"false"
"2026-10-01T07:10:07Z",385,"Trafford","LEE","33.4","33.4","33.4","33.4",2,-1,"5.5",50,22072,14729,28,450,"5.3","a",0,0,,"false"
"2026-10-01T07:10:07Z",598,"Elvedi","LEE","0.7","0.7","0.7","0.7",1,0,"0.1",45,224,228,13,326,"4.0","a",0,0,,"false"
"2026-10-01T07:10:07Z",603,"Lienou","LEE","0.1","0.1","0.1","0.1",1,0,"0.1",40,237,512,0,0,"0.0","a",0,0,,"false"
"2026-10-01T07:10:07Z",604,"Cresswell","LEE","-11.6","-11.6","-11.6","-11.6",-1,0,"0.1",45,300,879,0,0,"0.0","a",0,0,,"false"
"2026-10-01T07:10:07Z",625,"Cairns","LEE","0.4","0.4","0.3","0.3",1,-1,"0.2",40,832,769,0,0,"0.0","a",0,0,,"false"
"2026-10-01T07:10:07Z",629,"Zetterer","LEE","2.2","2.2","2.2","2.2",1,0,"0.7",40,2995,2751,0,0,"0.0","a",0,0,,"false"
"2026-10-01T07:10:07Z",641,"Bard","LEE","0.0","0.0","0.0","0.0",0,0,"0.0",45,96,79,1,18,"0.3","a",0,0,,"false"
"2026-10-01T07:10:07Z",648,"Bahoya","LEE","-53.0","-53.0","-53.0","-53.0",-3,0,"0.0",50,106,175,1,1,"0.3","a",0,0,,"false"
"2026-10-01T07:10:07Z",350,"A.Becker","LIV","1.6","1.6","1.6","1.7",1,2,"4.1",55,12990,11576,27,450,"8.3","a",0,0,,"false"
"2026-10-01T07:10:07Z",351,"Mamardashvili","LIV","-96.5","-96.5","-96.5","-96.5",-4,0,"0.1",49,253,609,0,0,"0.0","a",0,-1,,"false"
"2026-10-01T07:10:07Z",352,"Woodman","LIV","-31.4","-31.4","-31.4","-31.4",-2,0,"1.0",40,779,2338,0,0,"0.0","a",0,0,,"false"
"2026-10-01T07:10:07Z",353,"Pecsi","LIV","0.0","0.0","0.0","0.0",0,0,"0.0",40,0,60,0,0,"0.0","u",0,0,,"false"
"2026-10-01T07:10:07Z",354,"Jaros","LIV","0.1","0.1","0.1","0.1",1,0,"0.0",40,204,157,0,0,"0.0","i",0,0,,"false"
"2026-10-01T07:10:07Z",355,"Davies","LIV","0.1","0.1","0.1","0.1",1,0,"0.2",40,287,465,0,0,"0.0","a",0,0,,"false"
"2026-10-01T07:10:07Z",356,"Virgil","LIV","-59.3","-59.4","-59.4","-59.4",-3,-4,"16.2",65,21136,43255,25,450,"7.3","a",0,0,,"false"
"2026-10-01T07:10:07Z",357,"Frimpong","LIV","-37.1","-37.3","-37.7","-38.0",-2,-4,"1.8",53,1598,12613,2,178,"0.3","a",0,-2,,"false"
"2026-10-01T07:10:07Z",358,"Kerkez","LIV","-0.1","-0.1","-0.1","-0.1",-1,0,"2.2",53,2602,10278,13,385,"4.0","a",-1,-2,,"false"
"2026-10-01T07:10:07Z",359,"Gomez","LIV","0.0","0.0","0.0","0.0",0,0,"0.0",49,318,114,0,0,"0.0","a",0,-1,,"false"
"2026-10-01T07:10:07Z",360,"Bradley","LIV","-86.0","-86.0","-86.0","-86.0",-3,0,"0.0",50,56,83,0,0,"0.0","i",0,0,,"false"
"2026-10-01T07:10:07Z",361,"Lucky","LIV","-53.3","-53.3","-53.3","-53.3",-3,0,"0.1",40,293,573,0,0,"0.0","a",0,0,,"false"
"2026-10-01T07:10:07Z",362,"Jacquet","LIV","55.4","55.5","55.6","55.7",3,8,"3.5",50,33248,13180,24,415,"6.7","a",0,0,,"false"
"2026-10-01T07:10:07Z",363,"Leoni","LIV","-60.4","-60.4","-60.4","-60.4",-3,0,"0.0",40,65,179,0,0,"0.0","i",0,0,,"false"
"2026-10-01T07:10:07Z",364,"Tsimikas","LIV","-54.7","-54.7","-54.7","-54.7",-3,0,"0.1",49,90,390,2,64,"0.3","a",0,-1,,"false"
"2026-10-01T07:10:07Z",365,"Ramsay","LIV","0.0","0.0","0.0","0.0",0,0,"0.1",40,0,471,0,0,"0.0","u",0,0,,"false"
"2026-10-01T07:10:07Z",366,"Wirtz","LIV","-36.8","-37.0","-37.2","-37.4",-2,-8,"5.7",73,3348,41626,18,402,"4.0","a",0,-2,,"false"
"2026-10-01T07:10:07Z",367,"Gakpo","LIV","-0.2","-0.5","-1.0","-1.5",-1,-62,"12.4",72,51027,89435,32,370,"5.0","d",0,2,,"false"
"2026-10-01T07:10:07Z",368,"Szoboszlai","LIV","-96.6","-96.7","-97.0","-97.2",-4,-46,"32.8",70,35620,210893,20,440,"2.7","a",0,0,,"false"
"2026-10-01T07:10:07Z",369,"Ngumoha","LIV","-22.9","-23.0","-23.1","-23.2",-2,-1,"0.5",57,769,4210,4,99,"0.3","a",-1,-3,,"false"
"2026-10-01T07:10:07Z",370,"Chiesa","LIV","-5.9","-5.9","-5.9","-5.9",-1,0,"0.0",53,17,247,0,0,"0.0","i",-1,-2,,"false"
"2026-10-01T07:10:07Z",371,"Gravenberch","LIV","-22.1","-22.1","-22.1","-22.1",-2,0,"1.1",58,1195,8997,9,190,"1.0","a",-1,-2,,"false"
"2026-10-01T07:10:07Z",372,"Mac Allister","LIV","-42.7","-42.7","-42.7","-42.7",-3,0,"1.3",54,3796,6808,11,306,"2.7","a",0,-1,,"false"
"2026-10-01T07:10:07Z",373,"C.Jones","LIV","0.0","0.0","0.0","0.0",0,0,"0.0",55,0,60,0,0,"0.0","u",0,0,,"false"
"2026-10-01T07:10:07Z",374,"Endo","LIV","-61.4","-61.4","-61.4","-61.4",-3,0,"0.1",49,164,439,0,0,"0.0","a",0,-1,,"false"
"2026-10-01T07:10:07Z",375,"Nyoni","LIV","-85.8","-85.8","-85.8","-85.8",-3,0,"0.0",49,91,309,3,38,"0.7","a",0,-1,,"false"
"2026-10-01T07:10:07Z",376,"Bajcetic","LIV","0.0","0.0","0.0","0.0",0,0,"0.0",50,0,3,0,0,"0.0","u",0,0,,"false"
"2026-10-01T07:10:07Z",377,"Munoz","LIV","6.4","6.4","6.4","6.3",1,-1,"0.9",65,1436,11382,15,257,"1.7","a",0,0,,"false"
"2026-10-01T07:10:07Z",378,"McConnell","LIV","-3.6","-4.1","-4.9","-5.7",-1,-1,"0.2",44,1051,1491,0,0,"0.0","a",0,-1,,"false"
"2026-10-01T07:10:07Z",379,"Isak","LIV","7.9","7.3","6.3","5.3",1,-65,"22.4",91,114849,82003,33,413,"7.7","d",0,1,,"false"
"2026-10-01T07:10:07Z",380,"Ekitiké","LIV","-27.4","-26.9","-26.3","-25.7",-2,1,"0.1",74,368,823,0,0,"0.0","i",0,-1,,"false"
"2026-10-01T07:10:07Z",381,"Koumas","LIV","-93.2","-93.2","-93.2","-93.2",-3,0,"0.0",50,152,189,3,22,"0.7","a",0,0,,"false"
"2026-10-01T07:10:07Z",382,"Danns","LIV","3.6","3.6","3.6","3.6",1,0,"0.2",45,3452,2366,0,0,"0.0","a",0,0,,"false"
"2026-10-01T07:10:07Z",383,"Elliott","LIV","0.0","0.0","0.0","0.0",0,0,"0.0",54,0,224,0,0,"0.0","u",0,-1,,"false"
"2026-10-01T07:10:07Z",579,"Araujo","LIV","33.8","33.9","34.1","34.2",2,10,"3.0",54,16699,10360,22,284,"7.0","a",0,-1,,"false"
"2026-10-01T07:10:07Z",627,"Barcola","LIV","-66.7","-66.2","-65.4","-64.6",-3,10,"1.9",80,10662,18729,7,168,"2.3","a",0,0,,"false"
"2026-10-01T07:10:07Z",155,"Enzo","MCI","1.4","1.4","1.4","1.5",1,3,"3.6",69,30583,14346,13,271,"4.0","a",0,-1,,"false"
"2026-10-01T07:10:07Z",237,"Ndiaye","MCI","-19.8","-19.9","-20.0","-20.2",-1,-12,"6.7",58,6896,67976,22,385,"3.0","a",-1,-2,,"false"
"2026-10-01T07:10:07Z",384,"Donnarumma","MCI","-51.1","-51.2","-51.3","-51.5",-3,-6,"7.6",55,10562,30060,19,450,"5.3","a",0,0,,"false"
"2026-10-01T07:10:07Z",386,"Bettinelli","MCI","-86.4","-86.4","-86.4","-86.4",-3,0,"0.0",45,51,89,0,0,"0.0","a",0,0,,"false"
"2026-10-01T07:10:07Z",387,"O'Reilly","MCI","-3.8","-3.8","-3.9","-4.0",-1,-9,"10.9",63,5291,69910,6,163,"0.7","a",-1,-2,,"false"
"2026-10-01T07:10:07Z",388,"Guéhi","MCI","64.5","64.4","64.4","64.3",3,-6,"18.2",60,23237,50679,30,450,"6.0","a",0,0,,"false"
"2026-10-01T07:10:07Z",389,"Matheus N.","MCI","-33.4","-33.7","-34.1","-34.4",-2,-2,"1.0",59,1629,2896,11,213,"3.3","a",0,-1,,"false"
"2026-10-01T07:10:07Z",390,"Rúben","MCI","3.8","3.8","3.7","3.7",1,-4,"1.9",55,4611,8999,17,450,"4.3","a",0,0,,"false"
"2026-10-01T07:10:07Z",391,"Gvardiol","MCI","78.8","79.0","79.2","79.5",3,16,"26.8",57,145583,53805,37,434,"7.7","a",0,2,,"false"
"2026-10-01T07:10:07Z",392,"Aït-Nouri","MCI","-97.6","-97.6","-97.6","-97.6",-4,0,"0.4",53,519,2151,0,0,"0.0","a",0,-2,,"false"
"2026-10-01T07:10:07Z",393,"Khusanov","MCI","-34.4","-34.7","-35.2","-35.6",-2,-4,"1.4",54,1392,8938,9,268,"1.7","a",0,-1,,"false"
"2026-10-01T07:10:07Z",394,"Alleyne","MCI","0.0","0.0","0.0","0.0",0,0,"0.0",50,0,20,0,0,"0.0","u",0,0,,"false"
"2026-10-01T07:10:07Z",395,"Lewis","MCI","-65.1","-65.1","-65.1","-65.1",-3,0,"0.2",44,300,1197,1,56,"0.0","a",0,-1,,"false"
"2026-10-01T07:10:07Z",396,"Vitor Reis","MCI","-82.0","-85.6","-90.9","-96.2",-3,-1,"0.0",45,71,149,1,1,"0.0","a",0,0,,"false"
"2026-10-01T07:10:07Z",397,"Semenyo","MCI","-19.7","-19.8","-20.0","-20.2",-1,-31,"15.3",84,125028,65681,33,450,"8.7","d",0,-1,,"false"
"2026-10-01T07:10:07Z",398,"Foden","MCI","-47.8","-48.0","-48.4","-48.8",-3,-13,"1.8",69,206,28091,9,217,"-0.3","s",0,-1,,"false"
"2026-10-01T07:10:07Z",399,"Cherki","MCI","-56.0","-55.7","-55.1","-54.6",-3,37,"28.4",78,121676,88147,34,302,"4.0","a",0,3,,"false"
"2026-10-01T07:10:07Z",400,"Doku","MCI","0.2","0.3","0.3","0.4",1,4,"0.7",74,4273,2035,1,15,"0.3","a",0,-1,,"false"
"2026-10-01T07:10:07Z",402,"Rodrigo","MCI","0.0","0.0","0.0","0.0",0,0,"0.0",65,0,25,0,0,"0.0","u",0,0,,"false"
"2026-10-01T07:10:07Z",404,"Reijnders","MCI","0.0","0.0","0.0","0.0",0,0,"0.0",60,0,99,0,0,"0.0","u",0,0,,"false"
"2026-10-01T07:10:07Z",406,"Kovačić","MCI","-95.6","-95.6","-95.6","-95.6",-4,0,"0.1",54,110,454,2,42,"0.0","a",0,-1,,"false"
"2026-10-01T07:10:07Z",407,"Echeverri","MCI","0.0","0.0","0.0","0.0",0,0,"0.0",49,0,52,0,0,"0.0","u",0,-1,,"false"
"2026-10-01T07:10:07Z",408,"Phillips","MCI","0.0","0.0","0.0","0.0",0,0,"0.0",50,0,12,0,0,"0.0","u",0,0,,"false"
"2026-10-01T07:10:07Z",409,"Mukasa","MCI","0.0","0.0","0.0","0.0",0,-1,"0.1",45,0,589,0,0,"0.0","u",0,0,,"false"
"2026-10-01T07:10:07Z",410,"Monga","MCI","0.0","0.0","0.0","0.0",0,0,"0.0",49,0,50,0,0,"0.0","u",0,-1,,"false"
"2026-10-01T07:10:07Z",411,"Haaland","MCI","22.5","22.7","22.9","23.2",2,18,"73.8",156,77643,19863,39,450,"8.0","a",0,1,,"false"
"2026-10-01T07:10:07Z",481,"Anderson","MCI","-41.2","-41.2","-41.3","-41.3",-3,-1,"4.0",63,7727,27496,15,413,"3.3","a",0,-2,,"false"
"2026-10-01T07:10:07Z",587,"Rulli","MCI","-89.6","-89.6","-89.6","-89.6",-3,0,"0.0",50,69,102,0,0,"0.0","a",0,0,,"false"
"2026-10-01T07:10:07Z",616,"Bouaddi","MCI","-32.1","-32.1","-32.1","-32.1",-2,0,"0.2",55,831,2099,2,22,"0.3","a",0,0,,"false"
"2026-10-01T07:10:07Z",621,"McAidoo","MCI","-88.5","-88.5","-88.5","-88.5",-3,0,"0.1",45,192,1082,2,11,"0.3","a",0,0,,"false"
"2026-10-01T07:10:07Z",622,"Braithwaite","MCI","-37.8","-37.8","-37.8","-37.8",-2,0,"0.2",40,573,1628,1,1,"0.0","a",0,0,,"false"
"2026-10-01T07:10:07Z",628,"Allan","MCI","0.1","0.1","0.1","0.1",1,0,"0.0",60,222,164,0,0,"0.0","a",0,0,,"false"
"2026-10-01T07:10:07Z",653,"Samba","MCI","-40.0","-40.0","-40.0","-40.0",-3,0,"0.0",45,241,487,0,0,"0.0","a",0,0,,"false"
"2026-10-01T07:10:07Z",43,"Tielemans","MUN","-36.5","-36.6","-36.7","-36.9",-2,-2,"1.5",58,3105,10592,14,402,"2.7","a",0,-2,,"false"
"2026-10-01T07:10:07Z",131,"Baleba","MUN","0.0","0.1","0.1","0.1",1,1,"0.1",49,1254,718,0,0,"0.0","a",0,-1,,"false"
"2026-10-01T07:10:07Z",162,"Andrey Santos","MUN","-49.0","-49.0","-49.0","-49.0",-3,0,"0.6",48,1028,4889,4,82,"0.3","a",0,-2,,"false"
"2026-10-01T07:10:07Z",325,"Darlow","MUN","-22.7","-22.7","-22.7","-22.7",-2,0,"0.0",45,59,210,0,0,"0.0","d",0,0,,"false"
"2026-10-01T07:10:07Z",412,"Lammens","MUN","-16.7","-16.7","-16.7","-16.8",-1,-2,"9.9",49,6639,48143,11,450,"2.7","a",0,-1,,"false"
"2026-10-01T07:10:07Z",413,"Bayindir","MUN","0.0","0.0","0.0","0.0",0,0,"0.0",45,0,38,0,0,"0.0","u",0,0,,"false"
"2026-10-01T07:10:07Z",414,"Heaton","MUN","-35.5","-35.5","-35.5","-35.5",-2,0,"0.1",40,189,264,0,0,"0.0","i",0,0,,"false"
"2026-10-01T07:10:07Z",415,"Dorgu","MUN","-58.0","-58.7","-59.7","-60.6",-3,-6,"0.5",58,1026,4065,10,171,"3.0","d",0,-2,,"false"
"2026-10-01T07:10:07Z",416,"De Ligt","MUN","-95.5","-95.5","-95.5","-95.5",-4,0,"0.0",50,74,131,0,0,"0.0","i",0,0,,"false"
"2026-10-01T07:10:07Z",417,"Dalot","MUN","-76.5","-76.6","-76.8","-77.0",-3,-2,"1.6",49,1225,7445,8,346,"1.7","a",0,-1,,"false"
"2026-10-01T07:10:07Z",418,"Maguire","MUN","-1.8","-1.8","-1.8","-1.8",-1,-1,"8.6",48,4263,74254,10,450,"1.7","a",-1,-2,,"false"
"2026-10-01T07:10:07Z",419,"Martinez","MUN","-95.8","-95.8","-95.8","-95.8",-4,0,"1.3",50,3638,6374,6,360,"1.7","a",0,0,,"false"
"2026-10-01T07:10:07Z",420,"Yoro","MUN","-10.5","-10.5","-10.5","-10.5",-1,0,"0.5",48,457,2144,2,22,"0.3","a",-1,-2,,"false"
"2026-10-01T07:10:07Z",421,"Heaven","MUN","-0.0","-0.0","-0.0","-0.0",0,0,"0.3",43,233,1466,1,90,"0.0","a",-1,-2,,"false"
"2026-10-01T07:10:07Z",422,"Mazraoui","MUN","-72.9","-72.9","-72.9","-72.9",-3,0,"0.5",44,577,2854,3,97,"0.3","a",0,-1,,"false"
"2026-10-01T07:10:07Z",423,"Shaw","MUN","-4.6","-4.7","-4.8","-4.8",-1,-7,"7.7",43,3545,76028,9,335,"2.0","a",-1,-2,,"false"
"2026-10-01T07:10:07Z",424,"Amass","MUN","-45.1","-45.1","-45.1","-45.1",-3,0,"0.2",40,417,778,0,0,"0.0","a",0,0,,"false"
"2026-10-01T07:10:07Z",425,"Fredricson","MUN","0.0","0.0","0.0","0.0",0,0,"0.0",40,0,49,0,0,"0.0","u",0,0,,"false"
"2026-10-01T07:10:07Z",426,"B.Fernandes","MUN","-1.1","-1.1","-1.1","-1.1",-1,2,"38.5",119,42939,195087,31,450,"2.0","a",-1,-1,,"false"
"2026-10-01T07:10:07Z",427,"Mbeumo","MUN","-74.7","-74.7","-74.7","-74.6",-3,5,"20.6",79,36217,128529,25,450,"4.0","a",0,-1,,"false"
"2026-10-01T07:10:07Z",428,"Cunha","MUN","-94.0","-93.8","-93.7","-93.5",-3,6,"5.8",79,21616,21343,26,407,"5.0","a",0,-1,,"false"
"2026-10-01T07:10:07Z",429,"Rashford","MUN","-81.8","-82.2","-82.9","-83.5",-3,-11,"1.5",70,4146,17460,10,351,"2.3","d",0,0,,"false"
"2026-10-01T07:10:07Z",430,"Mount","MUN","0.1","0.1","0.1","0.1",1,0,"0.0",54,182,199,1,10,"0.3","a",0,-1,,"false"
"2026-10-01T07:10:07Z",431,"Amad","MUN","-16.9","-16.7","-16.5","-16.3",-1,1,"0.3",57,128,1793,0,0,"0.0","i",0,-3,,"false"
"2026-10-01T07:10:07Z",432,"Mainoo","MUN","13.8","13.7","13.6","13.5",1,-8,"1.6",55,7612,14903,22,354,"5.7","d",0,0,,"false"
"2026-10-01T07:10:07Z",433,"Ugarte","MUN","-67.7","-67.7","-67.7","-67.7",-3,0,"0.0",50,23,24,0,0,"0.0","i",0,0,,"false"
"2026-10-01T07:10:07Z",434,"J.Fletcher","MUN","-37.4","-26.2","-9.6","0.0",-2,1,"0.0",49,44,57,0,0,"0.0","a",0,-1,,"false"
"2026-10-01T07:10:07Z",435,"Lacey","MUN","-5.4","-5.4","-5.4","-5.4",-1,0,"0.1",49,371,355,1,10,"0.0","a",0,-1,,"false"
"2026-10-01T07:10:07Z",436,"Collyer","MUN","0.0","0.0","0.0","0.0",0,0,"0.0",50,0,46,0,0,"0.0","u",0,0,,"false"
"2026-10-01T07:10:07Z",437,"Bendito Mantato","MUN","0.0","0.0","0.0","0.0",0,0,"0.2",44,417,853,0,0,"0.0","a",-1,-1,,"false"
"2026-10-01T07:10:07Z",438,"Fletcher","MUN","0.4","0.4","0.4","0.4",1,0,"0.3",44,2552,2094,0,0,"0.0","a",0,-1,,"false"
"2026-10-01T07:10:07Z",439,"Šeško","MUN","-40.7","-41.1","-41.5","-42.0",-3,-10,"1.6",70,6599,23829,8,76,"2.0","d",0,0,,"false"
"2026-10-01T07:10:07Z",440,"Zirkzee","MUN","-7.9","-7.8","-7.5","-7.2",-1,1,"0.4",53,1933,3103,2,20,"0.7","a",-1,-2,,"false"
"2026-10-01T07:10:07Z",441,"Obi","MUN","0.0","0.0","0.0","0.0",0,-1,"0.9",45,0,11211,0,0,"0.0","u",0,0,,"false"
"2026-10-01T07:10:07Z",405,"N.Gonzalez","NEW","0.8","0.8","0.8","0.8",1,0,"0.2",55,593,1835,5,164,"1.0","a",0,0,,"false"
"2026-10-01T07:10:07Z",442,"Pope","NEW","-43.9","-43.9","-43.9","-43.9",-3,0,"0.9",49,857,3098,0,0,"0.0","a",0,-1,,"false"
"2026-10-01T07:10:07Z",443,"Gillespie","NEW","-38.5","-38.5","-38.5","-38.5",-2,0,"0.0",45,43,87,0,0,"0.0","a",0,0,,"false"
"2026-10-01T07:10:07Z",444,"Jaouen","NEW","-6.6","-6.6","-6.6","-6.6",-1,0,"0.0",44,20,117,0,0,"0.0","d",-1,-1,,"false"
"2026-10-01T07:10:07Z",445,"Thiaw","NEW","17.7","17.7","17.6","17.6",1,-2,"2.2",50,8473,9915,14,450,"1.7","a",0,0,,"false"
"2026-10-01T07:10:07Z",446,"Schär","NEW","-11.2","-11.8","-12.7","-13.6",-1,-1,"0.2",49,548,896,2,25,"0.3","a",0,-1,,"false"
"2026-10-01T07:10:07Z",447,"Botman","NEW","9.7","9.6","9.6","9.5",1,-4,"0.7",50,4697,2983,15,450,"2.3","a",0,0,,"false"
"2026-10-01T07:10:07Z",448,"Burn","NEW","-3.8","-3.8","-3.9","-4.1",-1,-3,"0.7",48,110,5739,0,0,"0.0","i",-1,-2,,"false"
"2026-10-01T07:10:07Z",449,"Hall","NEW","6.8","7.0","7.2","7.5",1,42,"17.3",53,244074,20159,31,449,"5.7","a",1,3,,"false"
"2026-10-01T07:10:07Z",450,"Livramento","NEW","1.5","1.5","1.5","1.5",1,-2,"0.1",49,443,1481,4,33,"1.3","d",0,-1,,"false"
"2026-10-01T07:10:07Z",451,"A.Murphy","NEW","0.0","0.0","0.0","0.0",0,0,"0.1",40,0,285,0,0,"0.0","u",0,0,,"false"
"2026-10-01T07:10:07Z",453,"Barnes","NEW","15.7","15.8","16.1","16.3",1,41,"5.7",61,158175,17642,28,450,"7.7","a",1,1,,"false"
"2026-10-01T07:10:07Z",454,"Elanga","NEW","-39.6","-39.8","-40.0","-40.3",-2,-35,"4.5",61,325,165571,18,232,"0.3","i",-1,1,,"false"
"2026-10-01T07:10:07Z",456,"J.Ramsey","NEW","-91.0","-91.2","-91.5","-91.7",-3,-1,"0.2",49,64,4688,7,69,"2.0","i",0,-1,,"false"
"2026-10-01T07:10:07Z",457,"J.Murphy","NEW","-19.9","-19.9","-19.9","-19.9",-1,0,"0.1",59,946,768,3,181,"0.7","a",0,-1,,"false"
"2026-10-01T07:10:07Z",458,"Joelinton","NEW","-61.8","-61.8","-61.8","-61.8",-3,0,"0.0",54,18,78,0,0,"0.0","i",0,-1,,"false"
"2026-10-01T07:10:07Z",459,"L.Miley","NEW","0.6","0.6","0.6","0.6",1,0,"0.1",55,476,454,12,396,"2.0","a",0,0,,"false"
"2026-10-01T07:10:07Z",460,"Willock","NEW","15.2","15.2","15.2","15.1",1,-2,"0.6",50,9565,2687,22,284,"4.3","a",0,0,,"false"
"2026-10-01T07:10:07Z",461,"Touré","NEW","-10.8","-10.8","-10.8","-10.8",-1,0,"0.1",58,323,847,8,50,"2.3","a",0,-2,,"false"
"2026-10-01T07:10:07Z",462,"Steur","NEW","-51.7","-51.7","-51.7","-51.7",-3,0,"0.1",49,264,379,8,223,"2.0","a",0,-1,,"false"
"2026-10-01T07:10:07Z",463,"Woltemade","NEW","0.0","0.0","0.0","0.0",0,-2,"0.5",59,0,3661,4,19,"0.0","u",0,-1,,"false"
"2026-10-01T07:10:07Z",464,"Wissa","NEW","61.5","61.7","62.0","62.3",3,19,"18.7",62,86166,139764,15,441,"1.0","a",0,2,,"false"
"2026-10-01T07:10:07Z",465,"Osula","NEW","-8.0","-8.0","-8.0","-8.0",-1,0,"0.3",58,124,2347,4,55,"0.0","i",-1,-2,,"false"
"2026-10-01T07:10:07Z",466,"Neave","NEW","0.0","0.0","0.0","0.0",0,0,"0.5",45,0,3854,0,0,"0.0","u",0,0,,"false"
"2026-10-01T07:10:07Z",559,"Bamba","NEW","-69.3","-69.3","-69.3","-69.3",-3,0,"0.1",49,128,486,3,27,"0.7","a",0,-1,,"false"
"2026-10-01T07:10:07Z",567,"Horníček","NEW","23.6","23.6","23.6","23.6",2,-1,"1.5",50,7093,4896,14,450,"2.0","a",0,0,,"false"
"2026-10-01T07:10:07Z",593,"Dedić","NEW","-10.3","-10.4","-10.7","-10.9",-1,-8,"1.8",45,256,37195,13,327,"0.3","i",0,0,,"false"
"2026-10-01T07:10:07Z",609,"Shahar","NEW","0.0","0.0","0.0","0.0",0,0,"0.2",40,0,1847,0,0,"0.0","u",0,0,,"false"
"2026-10-01T07:10:07Z",634,"Fernandez-Pardo","NEW","0.7","0.8","0.8","0.9",1,4,"0.1",60,1971,1403,4,157,"1.3","a",0,0,,"false"
"2026-10-01T07:10:07Z",659,"Miley","NEW","0.0","0.0","0.0","0.0",0,0,"0.0",45,1396,640,0,0,"0.0","a",0,0,,"false"
"2026-10-01T07:10:07Z",663,"Pivas","NEW","0.0","0.0","0.0","0.0",0,0,"0.0",40,386,57,0,0,"0.0","a",0,0,"2026-10-02T19:10:51.639791Z","false"
"2026-10-01T07:10:07Z",664,"Salia","NEW","0.0","0.0","0.0","0.0",0,0,"0.1",45,9574,1543,0,0,"0.0","a",0,0,"2026-10-02T19:11:17.402697Z","false"
"2026-10-01T07:10:07Z",665,"Mills","NEW","0.0","0.0","0.0","0.0",0,0,"0.0",45,159,29,0,0,"0.0","a",0,0,"2026-10-02T19:11:39.931907Z","false"
"2026-10-01T07:10:07Z",666,"Thompson","NEW","0.0","0.0","0.0","0.0",0,0,"0.0",45,233,35,0,0,"0.0","a",0,0,"2026-10-02T19:12:09.032926Z","false"
"2026-10-01T07:10:07Z",167,"Delap","NFO","-23.6","-23.6","-23.8","-23.9",-2,-2,"2.7",56,24805,28475,9,277,"2.7","a",1,1,,"false"
"2026-10-01T07:10:07Z",201,"Muñoz","NFO","-46.7","-46.7","-46.8","-46.8",-3,-1,"5.7",54,7756,29713,5,257,"1.7","a",0,-1,,"false"
"2026-10-01T07:10:07Z",467,"Sels","NFO","4.4","4.5","4.5","4.5",1,2,"1.6",50,1970,6040,14,450,"3.7","a",0,0,,"false"
"2026-10-01T07:10:07Z",468,"John","NFO","-73.2","-73.2","-73.2","-73.2",-3,0,"0.1",45,60,152,0,0,"0.0","a",0,0,,"false"
"2026-10-01T07:10:07Z",469,"N.Williams","NFO","24.1","24.1","24.1","24.0",2,-3,"8.7",50,10878,46375,19,450,"3.7","a",0,0,,"false"
"2026-10-01T07:10:07Z",470,"Morato","NFO","0.0","0.0","0.0","0.0",0,0,"0.0",50,0,116,0,0,"0.0","u",0,0,,"false"
"2026-10-01T07:10:07Z",471,"Milenković","NFO","-13.1","-13.2","-13.3","-13.4",-1,-4,"1.0",54,65,12048,12,270,"2.3","i",-1,-1,,"false"
"2026-10-01T07:10:07Z",472,"Murillo","NFO","24.0","24.0","24.0","24.1",2,3,"2.1",55,8215,8064,23,449,"6.0","a",0,0,,"false"
"2026-10-01T07:10:07Z",473,"Aina","NFO","-2.9","-2.9","-2.9","-2.9",-1,0,"2.4",44,1052,20190,8,306,"1.0","a",-1,-1,,"false"
"2026-10-01T07:10:07Z",474,"Jair Cunha","NFO","-47.7","-47.7","-47.7","-47.7",-3,0,"0.2",45,240,633,11,360,"3.0","a",0,0,,"false"
"2026-10-01T07:10:07Z",475,"Savona","NFO","-19.3","-19.3","-19.3","-19.3",-1,0,"0.0",45,20,20,0,0,"0.0","i",0,0,,"false"
"2026-10-01T07:10:07Z",476,"O.Richards","NFO","-66.7","-66.7","-66.7","-66.7",-3,0,"0.2",40,295,724,0,0,"0.0","a",0,0,,"false"
"2026-10-01T07:10:07Z",477,"Abbott","NFO","0.0","0.0","0.0","0.0",0,0,"0.1",40,0,811,0,0,"0.0","u",0,0,,"false"
"2026-10-01T07:10:07Z",478,"Netz","NFO","-7.8","-7.8","-7.8","-7.8",-1,0,"0.0",44,54,115,3,27,"0.3","a",0,-1,,"false"
"2026-10-01T07:10:07Z",479,"Bindon","NFO","0.0","0.0","0.0","0.0",0,-1,"0.1",40,0,517,0,0,"0.0","u",0,0,,"false"
"2026-10-01T07:10:07Z",480,"Gibbs-White","NFO","50.9","51.0","51.1","51.2",3,7,"15.7",80,64994,81428,28,450,"4.3","a",0,0,,"false"
"2026-10-01T07:10:07Z",482,"Hudson-Odoi","NFO","-38.3","-39.1","-40.4","-41.6",-2,-1,"0.1",58,255,1152,1,1,"0.0","a",0,-2,,"false"
"2026-10-01T07:10:07Z",483,"Ndoye","NFO","13.3","13.3","13.3","13.3",1,0,"0.7",55,745,8033,15,316,"1.0","a",0,0,,"false"
"2026-10-01T07:10:07Z",484,"Hutchinson","NFO","0.0","0.0","0.0","0.0",0,0,"0.1",54,0,360,0,0,"0.0","u",0,-1,,"false"
"2026-10-01T07:10:07Z",485,"Bakwa","NFO","0.0","0.0","0.0","0.0",0,0,"0.0",55,0,33,0,0,"0.0","u",0,0,,"false"
"2026-10-01T07:10:07Z",486,"McAtee","NFO","2.2","2.2","2.2","2.2",1,0,"0.1",55,342,898,12,416,"2.3","a",0,0,,"false"
"2026-10-01T07:10:07Z",487,"Dominguez","NFO","-66.9","-66.9","-66.9","-66.9",-3,0,"0.1",49,62,291,1,1,"0.0","a",0,-1,,"false"
"2026-10-01T07:10:07Z",488,"I.Sangaré","NFO","-97.0","-97.0","-97.0","-97.0",-4,0,"0.4",49,303,3007,4,105,"0.7","a",0,-1,,"false"
"2026-10-01T07:10:07Z",489,"Yates","NFO","-87.5","-87.4","-87.3","-87.1",-3,1,"1.2",45,589,7297,0,0,"0.0","a",0,0,,"false"
"2026-10-01T07:10:07Z",490,"Wood","NFO","-39.4","-39.8","-40.5","-41.2",-2,-4,"0.9",58,1964,6424,4,62,"1.0","a",0,-2,,"false"
"2026-10-01T07:10:07Z",491,"Igor Jesus","NFO","0.1","0.0","-0.1","-0.4",0,-4,"2.6",58,7183,22915,12,257,"3.0","a",0,-2,,"false"
"2026-10-01T07:10:07Z",493,"Kalimuendo","NFO","0.0","0.0","0.0","0.0",0,0,"0.1",54,226,412,1,1,"0.0","a",0,-1,,"false"
"2026-10-01T07:10:07Z",558,"Schlager","NFO","0.4","0.4","0.4","0.4",1,-1,"0.1",50,220,771,13,376,"2.7","a",0,0,,"false"
"2026-10-01T07:10:07Z",581,"Diomande","NFO","-49.7","-49.5","-49.2","-48.8",-3,1,"0.5",54,1505,2233,7,163,"2.3","a",0,-1,,"false"
"2026-10-01T07:10:07Z",590,"Benda","NFO","0.0","0.0","0.0","0.0",0,0,"0.1",45,123,237,0,0,"0.0","a",0,0,,"false"
"2026-10-01T07:10:07Z",112,"Van Hecke","TOT","-14.9","-15.2","-15.5","-15.9",-1,-29,"6.5",49,18447,28599,24,450,"7.3","d",0,-1,,"false"
"2026-10-01T07:10:07Z",147,"Tosin","TOT","-39.0","-39.0","-39.0","-39.0",-2,0,"0.1",44,101,556,1,5,"0.3","a",0,-1,,"false"
"2026-10-01T07:10:07Z",401,"Marmoush","TOT","37.5","37.5","37.5","37.6",2,2,"2.1",70,11198,21433,8,339,"2.0","a",0,0,,"false"
"2026-10-01T07:10:07Z",403,"Sávio","TOT","10.6","10.6","10.6","10.6",1,-1,"0.7",65,2835,6746,8,240,"2.7","a",0,0,,"false"
"2026-10-01T07:10:07Z",455,"Tonali","TOT","-19.0","-19.3","-19.7","-20.2",-1,-9,"1.8",53,2268,14904,14,427,"3.3","a",-1,-2,,"false"
"2026-10-01T07:10:07Z",494,"Vicario","TOT","0.0","0.0","0.0","0.0",0,0,"0.1",45,0,711,0,0,"0.0","u",0,0,,"false"
"2026-10-01T07:10:07Z",495,"Austin","TOT","2.2","2.2","2.2","2.2",1,0,"1.0",40,1905,2145,0,0,"0.0","a",0,0,,"false"
"2026-10-01T07:10:07Z",496,"Kinsky","TOT","-50.4","-50.4","-50.5","-50.6",-3,-10,"17.3",45,17663,110022,18,450,"5.0","a",0,0,,"false"
"2026-10-01T07:10:07Z",497,"Dubravka","TOT","-24.2","-24.2","-24.2","-24.3",-2,-4,"17.1",40,26192,47494,0,0,"0.0","a",0,0,,"false"
"2026-10-01T07:10:07Z",498,"Senesi","TOT","-54.3","-54.4","-54.6","-54.8",-3,-4,"3.5",58,1170,21311,3,90,"0.0","a",0,-2,,"false"
"2026-10-01T07:10:07Z",499,"Pedro Porro","TOT","-30.1","-30.3","-30.6","-30.8",-2,-25,"7.6",54,1686,74186,9,198,"2.7","d",0,-1,,"false"
"2026-10-01T07:10:07Z",500,"Romero","TOT","0.0","0.0","0.0","0.0",0,-1,"0.1",50,0,298,0,0,"0.0","u",0,0,,"false"
"2026-10-01T07:10:07Z",502,"Robertson","TOT","0.3","0.3","0.3","0.3",1,-2,"2.5",44,5469,12617,17,366,"4.0","a",0,-1,,"false"
"2026-10-01T07:10:07Z",503,"Van de Ven","TOT","-21.7","-21.7","-21.9","-22.0",-2,-3,"3.8",50,5674,19559,16,360,"5.3","a",0,0,,"false"
"2026-10-01T07:10:07Z",505,"Spence","TOT","0.0","0.0","0.0","0.0",0,0,"0.2",45,0,1177,0,0,"0.0","u",0,0,,"false"
"2026-10-01T07:10:07Z",506,"Udogie","TOT","-20.7","-20.3","-19.8","-19.2",-2,1,"0.3",44,339,1606,7,86,"1.7","a",0,-1,,"false"
"2026-10-01T07:10:07Z",507,"Phillips","TOT","0.0","0.0","0.0","0.0",0,0,"0.0",45,0,54,0,0,"0.0","u",0,0,,"false"
"2026-10-01T07:10:07Z",508,"Davies","TOT","1.5","1.5","1.5","1.5",1,0,"0.9",39,7381,3857,0,0,"0.0","a",-1,-1,,"false"
"2026-10-01T07:10:07Z",509,"Byfield","TOT","-4.4","-4.4","-4.4","-4.4",-1,0,"0.1",40,124,247,0,0,"0.0","a",0,0,,"false"
"2026-10-01T07:10:07Z",510,"Rowswell","TOT","-16.2","-16.2","-16.2","-16.2",-1,0,"0.1",40,156,337,0,0,"0.0","a",0,0,,"false"
"2026-10-01T07:10:07Z",511,"Souza","TOT","0.0","0.0","0.0","0.0",0,0,"0.2",40,0,881,0,0,"0.0","u",0,0,,"false"
"2026-10-01T07:10:07Z",512,"Kudus","TOT","2.1","2.1","2.1","2.1",1,0,"0.2",65,2229,1116,7,123,"2.0","a",0,0,,"false"
"2026-10-01T07:10:07Z",513,"Xavi","TOT","-16.9","-16.9","-16.9","-16.9",-1,0,"0.0",59,52,80,0,0,"0.0","i",0,-1,,"false"
"2026-10-01T07:10:07Z",514,"Tel","TOT","-26.4","-26.4","-26.4","-26.4",-2,0,"0.2",57,198,1936,8,257,"1.3","a",-1,-3,,"false"
"2026-10-01T07:10:07Z",515,"Maddison","TOT","-70.3","-70.3","-70.3","-70.3",-3,0,"0.4",63,733,1967,3,59,"0.7","a",0,-2,,"false"
"2026-10-01T07:10:07Z",516,"Bentancur","TOT","-73.5","-73.5","-73.5","-73.5",-3,0,"0.2",55,369,697,15,370,"4.0","a",0,0,,"false"
"2026-10-01T07:10:07Z",517,"Odobert","TOT","0.0","0.0","0.0","0.0",0,0,"0.0",55,25,14,0,0,"0.0","i",0,0,,"false"
"2026-10-01T07:10:07Z",518,"P.M.Sarr","TOT","0.0","0.0","0.0","0.0",0,0,"0.1",49,0,670,0,0,"0.0","u",0,-1,,"false"
"2026-10-01T07:10:07Z",519,"Gallagher","TOT","0.1","0.0","0.0","-0.9",0,-2,"0.2",53,805,652,9,134,"3.0","a",0,-2,,"false"
"2026-10-01T07:10:07Z",520,"Bergvall","TOT","-3.1","-3.6","-4.3","-5.1",-1,-1,"0.1",53,106,624,3,78,"0.7","a",-1,-2,,"false"
"2026-10-01T07:10:07Z",521,"Kulusevski","TOT","-79.2","-79.2","-79.2","-79.2",-3,0,"0.0",65,94,71,0,0,"0.0","i",0,0,,"false"
"2026-10-01T07:10:07Z",522,"Gray","TOT","-24.2","-25.4","-27.2","-28.9",-2,-2,"0.2",49,458,1192,9,307,"1.7","a",0,-1,,"false"
"2026-10-01T07:10:07Z",523,"Moore","TOT","0.0","0.0","0.0","0.0",0,0,"0.1",50,0,539,3,89,"0.0","u",0,0,,"false"
"2026-10-01T07:10:07Z",524,"Olusesi","TOT","7.8","7.8","7.8","7.8",1,-2,"1.0",44,6084,7587,0,0,"0.0","a",0,-1,,"false"
"2026-10-01T07:10:07Z",525,"Fernandes","TOT","-10.0","-10.0","-10.0","-10.0",-1,0,"0.8",57,463,6604,7,249,"1.3","a",-1,-3,,"false"
"2026-10-01T07:10:07Z",526,"Solanke","TOT","-30.1","-30.3","-30.7","-31.1",-2,-2,"0.8",58,1895,5647,7,170,"1.7","a",0,-2,,"false"
"2026-10-01T07:10:07Z",527,"Richarlison","TOT","0.0","0.0","0.0","0.0",0,-8,"0.6",59,0,5709,2,67,"0.0","u",0,-1,,"false"
"2026-10-01T07:10:07Z",528,"Scarlett","TOT","0.0","0.0","0.0","0.0",0,-1,"1.1",45,0,7995,0,0,"0.0","u",0,0,,"false"
"2026-10-01T07:10:07Z",578,"Mudryk","TOT","-11.7","-11.7","-11.7","-11.7",-1,0,"0.0",53,20,557,1,16,"0.3","i",-1,-2,,"false"
"2026-10-01T07:10:07Z",601,"Williams-Barnett","TOT","-51.9","-51.9","-51.9","-51.9",-3,0,"0.1",45,166,755,0,0,"0.0","a",0,0,,"false"
"2026-10-01T07:10:07Z",501,"Danso","SUN","-82.1","-82.1","-82.1","-82.1",-3,0,"0.2",50,1148,828,3,270,"1.0","a",0,0,,"false"
"2026-10-01T07:10:07Z",529,"Roefs","SUN","-16.2","-16.2","-16.2","-16.2",-1,0,"2.4",49,2039,11483,11,450,"1.3","a",0,-1,,"false"
"2026-10-01T07:10:07Z",530,"Patterson","SUN","0.0","0.0","0.0","0.0",0,0,"0.1",40,0,349,0,0,"0.0","u",0,0,,"false"
"2026-10-01T07:10:07Z",531,"Ellborg","SUN","-0.1","-0.1","-0.1","-0.1",-1,0,"0.1",44,134,255,0,0,"0.0","a",-1,-1,,"false"
"2026-10-01T07:10:07Z",532,"Ballard","SUN","-52.8","-52.9","-53.1","-53.3",-3,-6,"2.5",49,3595,16748,14,450,"2.0","d",0,-1,,"false"
"2026-10-01T07:10:07Z",533,"Mukiele","SUN","-16.7","-16.7","-16.7","-16.7",-1,0,"1.9",54,5079,8738,13,360,"1.3","a",0,-1,,"false"
"2026-10-01T07:10:07Z",534,"Hume","SUN","-7.6","-7.6","-7.6","-7.6",-1,0,"2.8",43,1214,29412,10,206,"0.7","a",-1,-2,,"false"
"2026-10-01T07:10:07Z",535,"Alderete","SUN","-6.6","-6.6","-6.6","-6.6",-1,0,"0.2",48,218,1056,1,23,"0.0","a",-1,-2,,"false"
"2026-10-01T07:10:07Z",536,"Reinildo","SUN","-0.1","-0.1","-0.1","-0.1",-1,0,"0.3",44,187,1554,7,360,"0.0","a",-1,-1,,"false"
"2026-10-01T07:10:07Z",537,"Seelt","SUN","0.0","0.0","0.0","0.0",0,0,"0.0",45,0,22,0,0,"0.0","u",0,0,,"false"
"2026-10-01T07:10:07Z",538,"Hjelde","SUN","0.0","0.0","0.0","0.0",0,0,"0.0",40,0,155,0,0,"0.0","u",0,0,,"false"
"2026-10-01T07:10:07Z",539,"O'Nien","SUN","4.0","4.0","4.0","4.0",1,0,"2.5",39,17591,11500,1,66,"0.0","a",-1,-1,,"false"
"2026-10-01T07:10:07Z",540,"Masuaku","SUN","0.0","0.0","0.0","0.0",0,0,"0.1",40,0,627,0,0,"0.0","u",0,0,,"false"
"2026-10-01T07:10:07Z",541,"Meunier","SUN","-32.6","-32.6","-32.6","-32.6",-2,0,"0.3",45,1604,871,14,396,"2.3","a",0,0,,"false"
"2026-10-01T07:10:07Z",542,"E.Le Fée","SUN","-4.3","-4.3","-4.4","-4.4",-1,-2,"3.4",57,11280,23757,18,438,"4.3","a",-1,-3,,"false"
"2026-10-01T07:10:07Z",543,"Diarra","SUN","-0.2","-0.2","-0.2","-0.2",-1,0,"0.0",53,20,231,5,28,"0.0","i",-1,-2,,"false"
"2026-10-01T07:10:07Z",544,"Xhaka","SUN","-72.9","-73.0","-73.3","-73.5",-3,-5,"3.6",55,6182,23055,21,450,"2.0","a",0,0,,"false"
"2026-10-01T07:10:07Z",545,"Sadiki","SUN","-73.2","-73.2","-73.2","-73.2",-3,0,"0.2",49,403,1329,10,410,"1.7","a",0,-1,,"false"
"2026-10-01T07:10:07Z",546,"Adingra","SUN","0.0","0.0","0.0","0.0",0,0,"0.0",49,0,189,0,0,"0.0","u",0,-1,,"false"
"2026-10-01T07:10:07Z",547,"Mundle","SUN","-78.5","-78.5","-78.5","-78.5",-3,0,"0.0",49,10,54,1,1,"0.0","i",0,-1,,"false"
"2026-10-01T07:10:07Z",548,"Rigg","SUN","-76.8","-76.8","-76.8","-76.8",-3,0,"0.0",49,31,228,2,17,"0.0","a",0,-1,,"false"
"2026-10-01T07:10:07Z",549,"Talbi","SUN","-29.1","-29.1","-29.1","-29.1",-2,0,"0.1",53,107,563,1,31,"0.0","a",0,-2,,"false"
"2026-10-01T07:10:07Z",550,"Jocelin.T","SUN","-94.7","-94.7","-94.7","-94.7",-3,0,"0.0",50,32,44,0,0,"0.0","a",0,0,,"false"
"2026-10-01T07:10:07Z",551,"N.Angulo","SUN","1.3","1.3","1.3","1.3",1,-1,"0.1",50,503,781,16,313,"2.7","a",0,0,,"false"
"2026-10-01T07:10:07Z",552,"Brobbey","SUN","80.9","80.7","80.4","80.1",3,-20,"6.9",57,194422,44825,24,399,"6.7","d",-1,-3,,"false"
"2026-10-01T07:10:07Z",553,"Isidor","SUN","3.1","3.1","3.1","3.0",1,-1,"1.3",55,3206,11506,15,117,"2.0","a",0,0,,"false"
"2026-10-01T07:10:07Z",612,"Methalie","SUN","0.0","0.0","0.0","0.0",0,0,"0.0",45,114,66,-1,90,"-0.3","a",0,0,,"false"
"2026-10-01T07:10:07Z",613,"Ahoka","SUN","-45.3","-45.3","-45.3","-45.3",-3,0,"0.2",45,587,1590,0,0,"0.0","a",0,0,,"false"
"2026-10-01T07:10:07Z",646,"Fofana","SUN","-12.4","-12.4","-12.4","-12.4",-1,0,"0.0",55,329,299,3,60,"1.0","a",0,0,,"false"
"2026-10-01T07:10:07Z",651,"J.Angulo","SUN","4.9","4.9","4.9","4.9",1,0,"0.7",45,8719,7239,0,0,"0.0","a",0,0,,"false"
"2026-10-01T10:28:19Z",1,"Raya","ARS","1.4","1.4","1.5","1.5",1,11,"42.3",61,126049,47577,30,450,"6.0","a",1,1,,"false"
"2026-10-01T10:28:19Z",2,"Arrizabalaga","ARS","-49.1","-49.1","-49.1","-49.1",-3,0,"0.1",49,109,257,0,0,"0.0","a",0,-1,,"false"
"2026-10-01T10:28:19Z",3,"Meslier","ARS","-39.1","-39.1","-39.1","-39.1",-2,0,"0.0",49,46,122,0,0,"0.0","a",0,-1,,"false"
"2026-10-01T10:28:19Z",4,"Gabriel","ARS","-88.5","-88.5","-88.5","-88.5",-3,1,"22.7",80,24533,66348,25,450,"4.0","a",0,0,,"false"
"2026-10-01T10:28:19Z",5,"J.Timber","ARS","11.1","11.1","11.1","11.1",1,0,"0.4",65,12520,4106,1,104,"0.3","a",0,0,,"false"
"2026-10-01T10:28:19Z",6,"Saliba","ARS","-25.4","-25.5","-25.9","-26.2",-2,-1,"0.2",59,390,1101,0,0,"0.0","i",0,-1,,"false"
"2026-10-01T10:28:19Z",7,"Lewis-Skelly","ARS","-15.8","-15.8","-15.8","-15.8",-1,0,"0.6",54,919,4939,9,271,"1.0","a",-1,-1,,"false"
"2026-10-01T10:28:19Z",8,"Calafiori","ARS","93.8","93.9","93.9","94.0",3,4,"50.5",58,76035,63460,29,416,"3.0","a",0,3,,"false"
"2026-10-01T10:28:19Z",9,"Hincapie","ARS","-5.5","-5.5","-5.5","-5.5",-1,0,"0.9",52,1436,5712,2,32,"0.3","a",-1,-3,,"false"
"2026-10-01T10:28:19Z",10,"White","ARS","-48.1","-48.4","-49.0","-49.5",-3,-34,"4.9",55,3245,67127,21,315,"1.0","d",0,0,,"false"
"2026-10-01T10:28:19Z",11,"Mosquera","ARS","-25.3","-25.3","-25.3","-25.3",-2,0,"1.6",53,1195,9398,12,168,"0.0","a",0,-2,,"false"
"2026-10-01T10:28:19Z",12,"Saka","ARS","91.0","91.4","92.0","92.7",3,44,"13.7",95,108552,47203,32,416,"4.0","a",0,0,,"false"
"2026-10-01T10:28:19Z",13,"Rice","ARS","-33.8","-34.1","-34.5","-34.9",-2,-59,"11.6",74,7562,83026,20,411,"4.0","d",0,-1,,"false"
"2026-10-01T10:28:19Z",14,"Eze","ARS","-0.8","-0.8","-0.9","-1.0",-1,-1,"1.0",62,2263,6775,4,85,"0.7","a",-1,-3,,"false"
"2026-10-01T10:28:19Z",15,"Ødegaard","ARS","-1.2","-1.1","-0.8","-0.5",-1,19,"19.8",68,76294,88106,29,377,"5.0","a",0,3,,"false"
"2026-10-01T10:28:19Z",16,"Madueke","ARS","-25.6","-25.6","-25.6","-25.6",-2,0,"0.2",62,740,1565,2,23,"0.3","a",0,-3,,"false"
"2026-10-01T10:28:19Z",17,"Merino","ARS","-0.1","-0.2","-0.5","-0.8",-1,-1,"0.4",57,743,2884,4,81,"0.7","a",-1,-3,,"false"
"2026-10-01T10:28:19Z",18,"Martinelli","ARS","0.0","0.0","0.0","0.0",0,-1,"0.1",63,0,566,0,0,"0.0","u",0,-2,,"false"
"2026-10-01T10:28:19Z",19,"Zubimendi","ARS","-47.7","-48.0","-48.4","-48.9",-3,-2,"0.6",53,508,3705,5,89,"1.0","a",0,-2,,"false"
"2026-10-01T10:28:19Z",20,"Dowman","ARS","-26.4","-26.4","-26.4","-26.4",-2,0,"0.1",53,457,576,1,9,"0.3","a",0,-2,,"false"
"2026-10-01T10:28:19Z",22,"Nwaneri","ARS","0.0","0.0","0.0","0.0",0,0,"0.0",54,0,51,0,0,"0.0","u",0,-1,,"false"
"2026-10-01T10:28:19Z",23,"Fábio Vieira","ARS","0.0","0.0","0.0","0.0",0,0,"0.0",55,0,39,0,0,"0.0","u",0,0,,"false"
"2026-10-01T10:28:19Z",24,"Nelson","ARS","0.0","0.0","0.0","0.0",0,0,"0.0",55,0,24,0,0,"0.0","u",0,0,,"false"
"2026-10-01T10:28:19Z",25,"Gyökeres","ARS","-3.2","-3.0","-2.6","-2.1",-1,15,"3.1",71,11215,16831,2,29,"0.7","a",-1,-4,,"false"
"2026-10-01T10:28:19Z",26,"Havertz","ARS","4.8","4.3","3.4","2.5",1,-62,"8.3",76,50402,62528,19,437,"3.7","d",0,1,,"false"
"2026-10-01T10:28:19Z",27,"G.Jesus","ARS","0.0","0.0","0.0","0.0",0,0,"0.1",59,0,1017,0,0,"0.0","u",0,-1,,"false"
"2026-10-01T10:28:19Z",31,"Konsa","ARS","0.8","0.8","0.8","0.8",1,2,"19.4",46,90262,45746,12,281,"3.7","a",1,1,,"false"
"2026-10-01T10:28:19Z",452,"Bruno G.","ARS","0.4","0.4","0.5","0.5",1,3,"1.8",67,5624,7589,9,123,"2.7","a",0,-3,,"false"
"2026-10-01T10:28:19Z",557,"Tzolis","ARS","-11.6","-11.7","-11.8","-12.0",-1,-22,"12.2",63,12047,138324,16,362,"3.3","a",-1,-2,,"false"
"2026-10-01T10:28:19Z",29,"M.Bizot","AVL","-37.6","-37.6","-37.6","-37.6",-2,0,"0.1",45,60,1011,1,90,"0.0","i",0,0,,"false"
"2026-10-01T10:28:19Z",30,"Digne","AVL","0.0","0.0","0.0","0.0",0,0,"0.0",45,0,231,0,0,"0.0","u",0,0,,"false"
"2026-10-01T10:28:19Z",32,"Cash","AVL","-22.9","-23.0","-23.2","-23.5",-2,-8,"4.8",44,2649,25001,6,296,"1.7","a",0,-1,,"false"
"2026-10-01T10:28:19Z",33,"Mings","AVL","0.7","0.7","0.7","0.7",1,0,"0.4",45,1695,1401,10,261,"3.0","a",0,0,,"false"
"2026-10-01T10:28:19Z",34,"Pau","AVL","-0.2","-0.2","-0.2","-0.2",-1,0,"0.3",44,44,3120,3,187,"0.3","i",-1,-1,,"false"
"2026-10-01T10:28:19Z",35,"Bogarde","AVL","-3.4","-3.4","-3.4","-3.4",-1,0,"0.1",49,173,441,1,16,"0.0","a",-1,-1,,"false"
"2026-10-01T10:28:19Z",36,"Maatsen","AVL","-2.3","-2.4","-2.6","-2.8",-1,-3,"0.5",44,50,6121,9,335,"2.7","i",-1,-1,,"false"
"2026-10-01T10:28:19Z",37,"Lindelöf","AVL","1.0","1.0","0.9","0.9",1,-2,"0.3",45,1029,1285,8,450,"2.7","a",0,0,,"false"
"2026-10-01T10:28:19Z",38,"A.García","AVL","-34.7","-34.8","-35.0","-35.2",-2,-2,"1.5",40,1833,6042,0,0,"0.0","a",0,0,,"false"
"2026-10-01T10:28:19Z",39,"Nedeljkovic","AVL","0.0","0.0","0.0","0.0",0,-2,"0.1",40,0,559,0,0,"0.0","u",0,0,,"false"
"2026-10-01T10:28:19Z",41,"Buendía","AVL","-36.7","-36.5","-36.1","-35.7",-2,3,"1.0",59,12102,4132,21,401,"5.7","a",0,-1,,"false"
"2026-10-01T10:28:19Z",44,"Bailey","AVL","0.0","0.0","0.0","0.0",0,0,"0.1",54,0,490,0,0,"0.0","u",0,-1,,"false"
"2026-10-01T10:28:19Z",45,"McGinn","AVL","-20.3","-20.4","-20.6","-20.9",-2,-3,"2.2",54,6769,8451,17,434,"5.0","a",0,-1,,"false"
"2026-10-01T10:28:19Z",46,"Barkley","AVL","0.5","0.5","0.5","0.5",1,0,"0.3",50,560,1759,10,308,"2.0","a",0,0,,"false"
"2026-10-01T10:28:19Z",47,"Kamara","AVL","-79.8","-79.3","-78.3","-77.2",-3,2,"0.3",50,1301,1558,15,443,"3.7","a",0,0,,"false"
"2026-10-01T10:28:19Z",48,"Onana","AVL","-10.8","-10.8","-10.8","-10.8",-1,0,"0.0",49,40,94,0,0,"0.0","i",0,-1,,"false"
"2026-10-01T10:28:19Z",49,"Iling Jr","AVL","0.0","0.0","0.0","0.0",0,0,"0.0",50,0,10,0,0,"0.0","u",0,0,,"false"
"2026-10-01T10:28:19Z",50,"Burrowes","AVL","-78.6","-79.1","-80.1","-81.0",-3,-4,"0.6",45,633,3382,0,0,"0.0","a",0,0,,"false"
"2026-10-01T10:28:19Z",51,"George Hemmings","AVL","13.7","13.6","13.6","13.5",1,-3,"1.2",45,3175,9590,9,297,"1.7","a",0,0,,"false"
"2026-10-01T10:28:19Z",52,"Alysson","AVL","-2.0","-2.0","-2.0","-2.0",-1,0,"0.0",50,68,780,8,87,"2.3","d",0,0,,"false"
"2026-10-01T10:28:19Z",53,"Manzambi","AVL","8.3","8.3","8.4","8.5",1,6,"0.4",59,27959,3233,14,98,"4.7","a",0,-1,,"false"
"2026-10-01T10:28:19Z",54,"Gomes","AVL","0.1","0.1","0.1","0.1",1,0,"0.0",55,459,195,2,129,"1.3","a",0,0,,"false"
"2026-10-01T10:28:19Z",55,"Watkins","AVL","0.0","0.0","0.0","0.0",0,-8,"2.5",78,0,12572,0,0,"0.0","u",0,-2,,"false"
"2026-10-01T10:28:19Z",56,"Abraham","AVL","3.5","3.5","3.5","3.5",1,0,"0.2",55,1674,1716,4,71,"1.0","a",0,0,,"false"
"2026-10-01T10:28:19Z",160,"Garnacho","AVL","-65.9","-65.9","-65.9","-65.9",-3,0,"0.3",58,529,2752,3,31,"0.3","a",0,-2,,"false"
"2026-10-01T10:28:19Z",166,"N.Jackson","AVL","51.5","51.6","51.8","51.9",3,11,"1.5",65,35765,7961,10,286,"2.7","a",0,0,,"false"
"2026-10-01T10:28:19Z",582,"Madjo","AVL","-24.6","-24.6","-24.6","-24.6",-2,0,"0.2",54,199,1760,0,0,"0.0","i",0,-1,,"false"
"2026-10-01T10:28:19Z",596,"Ruggeri","AVL","-74.1","-74.1","-74.1","-74.1",-3,0,"0.1",45,519,331,5,113,"1.3","a",0,0,,"false"
"2026-10-01T10:28:19Z",597,"Suzuki","AVL","29.6","29.6","29.6","29.5",2,-2,"1.9",50,13454,6466,16,360,"4.7","a",0,0,,"false"
"2026-10-01T10:28:19Z",606,"Rowe","AVL","0.2","0.2","0.2","0.2",1,0,"0.2",40,314,894,0,0,"0.0","a",0,0,,"false"
"2026-10-01T10:28:19Z",607,"Lynch","AVL","0.0","0.0","0.0","0.0",0,0,"0.1",45,0,702,0,0,"0.0","u",0,0,,"false"
"2026-10-01T10:28:19Z",611,"Wan-Bissaka","AVL","2.1","2.1","2.1","2.1",1,0,"0.2",45,1433,1416,6,152,"1.7","a",0,0,,"false"
"2026-10-01T10:28:19Z",618,"Goretzka","AVL","-41.2","-41.2","-41.2","-41.2",-3,0,"0.0",59,23,416,0,0,"0.0","i",0,-1,,"false"
"2026-10-01T10:28:19Z",630,"Harwood-Bellis","AVL","0.0","0.0","0.0","0.0",0,0,"0.0",45,186,183,0,0,"0.0","a",0,0,,"false"
"2026-10-01T10:28:19Z",631,"Mbaye","AVL","0.3","0.3","0.3","0.3",1,0,"0.1",60,894,1109,2,33,"0.7","a",0,0,,"false"
"2026-10-01T10:28:19Z",667,"Wright","AVL","0.0","0.0","0.0","0.0",0,0,"0.1",40,7115,831,0,0,"0.0","a",0,0,"2026-10-02T19:12:30.130761Z","false"
"2026-10-01T10:28:19Z",57,"Petrović","BOU","0.2","0.2","0.2","0.2",1,-2,"3.0",45,6164,11628,9,450,"1.3","a",0,0,,"false"
"2026-10-01T10:28:19Z",58,"Forster","BOU","4.6","4.6","4.6","4.6",1,-1,"3.5",40,8114,7264,0,0,"0.0","a",0,0,,"false"
"2026-10-01T10:28:19Z",59,"Dennis","BOU","0.0","0.0","0.0","0.0",0,0,"0.1",40,0,547,0,0,"0.0","u",0,0,,"false"
"2026-10-01T10:28:19Z",60,"Hill","BOU","-33.2","-33.0","-32.7","-32.3",-2,2,"0.8",55,3137,3089,12,450,"2.3","a",0,0,,"false"
"2026-10-01T10:28:19Z",61,"Truffert","BOU","-1.4","-1.4","-1.4","-1.5",-1,-1,"3.0",54,4540,12090,10,450,"1.7","a",-1,-1,,"false"
"2026-10-01T10:28:19Z",62,"Diakité","BOU","-5.5","-5.5","-5.5","-5.5",-1,0,"0.2",49,466,955,0,0,"0.0","a",-1,-1,,"false"
"2026-10-01T10:28:19Z",63,"Milosavljević","BOU","-3.6","-3.6","-3.6","-3.6",-1,0,"0.0",49,30,45,0,0,"0.0","i",0,-1,,"false"
"2026-10-01T10:28:19Z",64,"Smith","BOU","0.3","0.3","0.3","0.3",1,0,"0.1",45,397,474,4,434,"0.7","a",0,0,,"false"
"2026-10-01T10:28:19Z",65,"J.Araujo","BOU","-12.1","-12.1","-12.1","-12.1",-1,0,"0.0",44,37,54,0,0,"0.0","i",0,-1,,"false"
"2026-10-01T10:28:19Z",66,"Soler","BOU","1.4","1.4","1.4","1.4",1,1,"0.3",40,734,1113,0,0,"0.0","a",0,0,,"false"
"2026-10-01T10:28:19Z",67,"Rayan","BOU","-9.8","-9.7","-9.5","-9.3",-1,4,"1.6",63,3968,9700,10,434,"2.0","a",-1,-2,,"false"
"2026-10-01T10:28:19Z",68,"Tavernier","BOU","30.4","30.5","30.7","30.9",2,12,"6.8",61,82033,43747,31,424,"6.7","a",0,1,,"false"
"2026-10-01T10:28:19Z",69,"Scott","BOU","0.4","0.4","0.5","0.6",1,4,"5.8",61,23806,38336,30,446,"5.3","a",0,1,,"false"
"2026-10-01T10:28:19Z",70,"Kluivert","BOU","-53.8","-54.2","-55.0","-55.8",-3,-12,"0.9",60,2299,17899,15,294,"3.0","i",0,0,,"false"
"2026-10-01T10:28:19Z",71,"Cook","BOU","-12.0","-12.0","-12.0","-12.0",-1,0,"0.2",50,266,1143,8,180,"0.7","a",0,0,,"false"
"2026-10-01T10:28:19Z",72,"Gannon-Doak","BOU","-64.3","-64.3","-64.3","-64.3",-3,0,"0.1",49,139,375,4,12,"1.0","a",0,-1,,"false"
"2026-10-01T10:28:19Z",73,"Adams","BOU","1.6","1.6","1.6","1.6",1,0,"0.3",50,1098,1641,12,279,"3.3","a",0,0,,"false"
"2026-10-01T10:28:19Z",74,"Brooks","BOU","-19.7","-19.7","-19.7","-19.7",-1,0,"0.1",50,175,324,3,45,"0.7","a",0,0,,"false"
"2026-10-01T10:28:19Z",75,"Christie","BOU","0.4","0.4","0.4","0.4",1,0,"0.0",50,294,247,5,102,"1.3","a",0,0,,"false"
"2026-10-01T10:28:19Z",76,"Tóth.A","BOU","-11.7","-11.7","-11.7","-11.7",-1,0,"0.0",49,27,55,2,17,"0.3","a",0,-1,,"false"
"2026-10-01T10:28:19Z",77,"Adli","BOU","-83.9","-83.9","-83.9","-83.9",-3,0,"0.0",49,22,76,0,0,"0.0","i",0,-1,,"false"
"2026-10-01T10:28:19Z",78,"Kroupi.Jr","BOU","-75.3","-75.3","-75.3","-75.3",-3,0,"0.2",74,186,845,0,0,"0.0","i",0,-1,,"false"
"2026-10-01T10:28:19Z",79,"Evanilson","BOU","50.8","50.9","51.0","51.2",3,10,"3.2",60,17589,20869,18,424,"3.0","a",0,0,,"false"
"2026-10-01T10:28:19Z",80,"Enes Ünal","BOU","0.0","0.0","0.0","0.0",0,0,"0.0",55,0,49,0,0,"0.0","u",0,0,,"false"
"2026-10-01T10:28:19Z",81,"Rodríguez","BOU","-32.7","-31.6","-29.5","-27.4",-2,2,"0.1",60,769,718,2,10,"0.3","a",0,0,,"false"
"2026-10-01T10:28:19Z",566,"Silva","BOU","1.4","1.4","1.4","1.4",1,0,"0.4",50,6085,3593,13,450,"2.3","a",0,0,,"false"
"2026-10-01T10:28:19Z",573,"Sanchez","BOU","-12.5","-12.5","-12.5","-12.5",-1,0,"0.2",44,151,433,0,0,"0.0","a",0,-1,,"false"
"2026-10-01T10:28:19Z",608,"Jebbison","BOU","0.6","0.5","0.5","0.5",1,-1,"0.1",50,880,893,3,31,"0.7","a",0,0,,"false"
"2026-10-01T10:28:19Z",615,"Di Gregorio","BOU","-28.9","-26.2","-21.2","-16.1",-2,1,"0.0",45,184,194,0,0,"0.0","a",0,0,,"false"
"2026-10-01T10:28:19Z",82,"Kelleher","BRE","20.3","20.4","20.4","20.5",2,5,"6.1",50,19749,13426,20,450,"3.7","a",0,0,,"false"
"2026-10-01T10:28:19Z",83,"Valdimarsson","BRE","-74.6","-74.6","-74.6","-74.6",-3,0,"0.1",45,296,334,0,0,"0.0","a",0,0,,"false"
"2026-10-01T10:28:19Z",84,"Collins","BRE","-28.5","-28.6","-28.8","-28.9",-2,-3,"1.0",54,118,9343,10,196,"0.3","i",0,-1,,"false"
"2026-10-01T10:28:19Z",85,"Van den Berg","BRE","-80.0","-80.0","-80.0","-80.0",-3,0,"0.1",49,38,342,0,0,"0.0","i",0,-1,,"false"
"2026-10-01T10:28:19Z",86,"Lewis-Potter","BRE","32.2","32.1","32.1","32.0",2,-4,"1.7",55,3662,11905,22,406,"2.0","a",0,0,,"false"
"2026-10-01T10:28:19Z",87,"Ajer","BRE","30.7","30.7","30.8","30.8",2,4,"3.9",45,11166,22650,21,450,"3.3","a",0,0,,"false"
"2026-10-01T10:28:19Z",88,"Kayode","BRE","-37.7","-37.6","-37.5","-37.3",-2,6,"7.6",46,13115,21077,23,294,"2.7","a",0,1,,"false"
"2026-10-01T10:28:19Z",89,"Henry","BRE","-15.7","-15.7","-15.7","-15.7",-1,0,"0.2",44,159,586,1,2,"0.0","a",0,-1,,"false"
"2026-10-01T10:28:19Z",90,"Hickey","BRE","-29.2","-29.2","-29.2","-29.2",-2,0,"0.1",45,179,247,5,152,"1.0","a",0,0,,"false"
"2026-10-01T10:28:19Z",92,"Ji-soo","BRE","-5.1","-5.1","-5.1","-5.1",-1,0,"0.0",44,58,89,0,0,"0.0","a",-1,-1,,"false"
"2026-10-01T10:28:19Z",93,"Schuster","BRE","5.1","5.1","5.2","5.3",1,7,"0.3",45,15052,2293,21,253,"7.0","a",0,0,,"false"
"2026-10-01T10:28:19Z",94,"Schade","BRE","13.0","13.4","14.1","14.8",1,135,"11.5",62,390058,24627,39,447,"8.7","a",1,2,,"false"
"2026-10-01T10:28:19Z",95,"O.Dango","BRE","-48.5","-49.1","-50.3","-51.4",-3,-4,"0.5",63,805,3636,7,179,"1.0","a",0,-2,,"false"
"2026-10-01T10:28:19Z",96,"Damsgaard","BRE","-8.2","-7.5","-6.0","-4.5",-1,4,"0.4",54,1564,2027,16,283,"4.0","a",0,-1,,"false"
"2026-10-01T10:28:19Z",97,"Jensen","BRE","-56.6","-56.6","-56.6","-56.6",-3,0,"0.1",54,20,638,6,66,"0.0","i",0,-1,,"false"
"2026-10-01T10:28:19Z",98,"Janelt","BRE","77.6","77.6","77.6","77.6",3,-1,"2.5",50,19396,17722,28,450,"6.0","a",0,0,,"false"
"2026-10-01T10:28:19Z",99,"Milambo","BRE","-42.6","-42.6","-42.6","-42.6",-3,0,"0.0",50,6,7,0,0,"0.0","i",0,0,,"false"
"2026-10-01T10:28:19Z",100,"Carvalho","BRE","0.3","0.3","0.3","0.3",1,0,"0.0",50,607,174,6,3,"2.0","a",0,0,,"false"
"2026-10-01T10:28:19Z",102,"Yarmoliuk","BRE","-17.8","-18.0","-18.2","-18.5",-1,-1,"0.6",48,1328,3258,9,216,"2.3","a",0,-2,,"false"
"2026-10-01T10:28:19Z",103,"Dasilva","BRE","-61.4","-61.4","-61.4","-61.4",-3,0,"0.0",49,9,103,0,0,"0.0","i",0,-1,,"false"
"2026-10-01T10:28:19Z",105,"Anthony","BRE","0.8","0.8","0.8","0.9",1,2,"0.1",59,2315,610,15,267,"4.0","a",0,-1,,"false"
"2026-10-01T10:28:19Z",106,"Thiago","BRE","10.2","10.4","10.8","11.2",1,28,"9.1",78,57445,37948,10,442,"2.7","a",0,-2,,"false"
"2026-10-01T10:28:19Z",107,"Furo","BRE","-5.9","-6.0","-6.2","-6.4",-1,-4,"0.9",45,618,9478,0,0,"0.0","i",0,0,,"false"
"2026-10-01T10:28:19Z",108,"Wilson","BRE","-11.9","-11.9","-11.9","-11.9",-1,0,"0.3",54,1197,2451,3,13,"0.3","a",-1,-1,,"false"
"2026-10-01T10:28:19Z",565,"M.Sangaré","BRE","-31.6","-31.7","-32.0","-32.3",-2,-33,"9.9",56,8369,138297,22,321,"1.3","a",-1,1,,"false"
"2026-10-01T10:28:19Z",620,"Diouf","BRE","-35.7","-35.7","-35.7","-35.7",-2,0,"0.1",45,468,679,2,39,"0.7","a",0,0,,"false"
"2026-10-01T10:28:19Z",657,"Nunes","BRE","0.0","0.0","0.0","0.0",0,0,"0.0",45,342,267,0,0,"0.0","a",0,0,,"false"
"2026-10-01T10:28:19Z",660,"Fredrick","BRE","0.0","0.0","0.0","0.0",0,0,"0.0",40,519,66,0,0,"0.0","a",0,0,"2026-10-01T21:16:22.650713Z","false"
"2026-10-01T10:28:19Z",661,"Balcombe","BRE","0.0","0.0","0.0","0.0",0,0,"0.0",40,2871,543,0,0,"0.0","a",0,0,"2026-10-01T21:16:40.866514Z","false"
"2026-10-01T10:28:19Z",109,"Verbruggen","BHA","64.0","64.0","64.1","64.2",3,5,"21.6",45,71925,71599,23,450,"5.7","a",0,0,,"false"
"2026-10-01T10:28:19Z",111,"Steele","BHA","-0.7","-0.7","-0.9","-1.0",-1,-4,"4.1",40,7120,14693,0,0,"0.0","a",0,0,,"false"
"2026-10-01T10:28:19Z",113,"F.Kadıoğlu","BHA","-60.1","-60.1","-60.1","-60.1",-3,0,"1.6",44,3965,6860,13,332,"4.3","a",0,-1,,"false"
"2026-10-01T10:28:19Z",114,"Boscagli","BHA","2.7","2.7","2.7","2.7",1,0,"0.3",45,2022,780,19,437,"4.7","a",0,0,,"false"
"2026-10-01T10:28:19Z",115,"De Cuyper","BHA","2.2","2.5","2.9","3.4",1,84,"27.8",50,298488,21204,38,423,"7.0","a",1,5,,"false"
"2026-10-01T10:28:19Z",116,"Dunk","BHA","20.1","20.0","19.9","19.8",2,-8,"1.5",45,7566,9732,22,360,"5.7","d",0,0,,"false"
"2026-10-01T10:28:19Z",117,"Coppola","BHA","-11.9","-11.9","-11.9","-11.9",-1,0,"0.0",45,109,98,0,0,"0.0","a",0,0,,"false"
"2026-10-01T10:28:19Z",118,"Igor","BHA","0.0","0.0","0.0","0.0",0,0,"0.0",45,0,291,0,0,"0.0","u",0,0,,"false"
"2026-10-01T10:28:19Z",119,"Costinha","BHA","0.0","0.0","0.0","0.0",0,0,"0.0",45,170,135,4,68,"1.0","a",0,0,,"false"
"2026-10-01T10:28:19Z",120,"Svoboda","BHA","0.5","0.5","0.5","0.5",1,1,"0.1",50,1322,463,1,4,"0.3","a",0,0,,"false"
"2026-10-01T10:28:19Z",121,"Mitoma","BHA","-25.1","-25.1","-25.1","-25.1",-2,0,"0.0",59,125,173,0,0,"0.0","i",0,-1,,"false"
"2026-10-01T10:28:19Z",122,"Minteh","BHA","-5.2","-5.2","-5.2","-5.2",-1,0,"0.0",58,45,223,0,0,"0.0","i",-1,-2,,"false"
"2026-10-01T10:28:19Z",123,"Hinshelwood","BHA","-39.5","-39.5","-39.5","-39.5",-2,0,"0.6",59,272,6757,16,63,"0.0","i",0,-1,,"false"
"2026-10-01T10:28:19Z",124,"Groß","BHA","92.6","93.2","94.5","95.8",3,238,"28.9",58,787149,11858,47,450,"10.7","a",1,3,,"false"
"2026-10-01T10:28:19Z",125,"Georginio","BHA","-0.0","0.0","0.0","0.0",0,1,"0.5",53,2649,3819,6,104,"0.3","a",-1,-2,,"false"
"2026-10-01T10:28:19Z",126,"O'Riley","BHA","-8.7","-8.7","-8.7","-8.7",-1,0,"0.1",54,422,566,2,10,"0.7","a",0,-1,,"false"
"2026-10-01T10:28:19Z",127,"Gomez","BHA","31.0","31.0","31.0","30.9",2,-3,"4.0",50,12137,38189,24,433,"4.3","a",0,0,,"false"
"2026-10-01T10:28:19Z",128,"Buonanotte","BHA","0.0","0.0","0.0","0.0",0,0,"0.0",50,0,7,0,0,"0.0","u",0,0,,"false"
"2026-10-01T10:28:19Z",129,"Ayari","BHA","-45.7","-45.4","-44.9","-44.4",-3,1,"0.4",54,2309,1991,15,333,"4.3","a",0,-1,,"false"
"2026-10-01T10:28:19Z",130,"Wieffer","BHA","-30.6","-31.3","-32.6","-33.8",-2,-4,"0.2",49,30,1968,7,156,"0.0","i",0,-1,,"false"
"2026-10-01T10:28:19Z",132,"Howell","BHA","0.0","0.0","0.0","0.0",0,0,"0.0",45,0,202,0,0,"0.0","u",0,0,,"false"
"2026-10-01T10:28:19Z",133,"Watson","BHA","0.0","0.0","0.0","0.0",0,0,"0.0",50,0,5,0,0,"0.0","u",0,0,,"false"
"2026-10-01T10:28:19Z",134,"Oriola","BHA","-81.5","-81.9","-82.6","-83.4",-3,-1,"0.2",45,355,1340,0,0,"0.0","a",0,0,,"false"
"2026-10-01T10:28:19Z",135,"Yohanna","BHA","-1.0","-1.0","-1.0","-1.0",-1,0,"0.0",48,24,391,1,12,"0.0","i",-1,-2,,"false"
"2026-10-01T10:28:19Z",137,"Tzimas","BHA","-3.2","-3.2","-3.2","-3.2",-1,0,"0.0",54,37,51,0,0,"0.0","i",0,-1,,"false"
"2026-10-01T10:28:19Z",138,"Kostoulas","BHA","19.8","20.2","20.8","21.5",2,127,"4.2",56,311337,18813,28,353,"7.3","a",1,1,,"false"
"2026-10-01T10:28:19Z",139,"Ferguson","BHA","-58.6","-58.6","-58.6","-58.6",-3,0,"0.0",50,133,255,0,0,"0.0","i",0,0,,"false"
"2026-10-01T10:28:19Z",328,"Struijk","BHA","-7.7","-7.7","-7.7","-7.7",-1,0,"0.2",49,640,860,7,98,"2.3","d",0,-1,,"false"
"2026-10-01T10:28:19Z",504,"Vuskovic","BHA","55.5","55.6","55.7","55.9",3,12,"3.7",50,55828,13234,32,437,"8.7","a",0,0,,"false"
"2026-10-01T10:28:19Z",594,"David","BHA","0.6","0.6","0.5","0.5",1,-2,"0.2",59,3160,2202,1,23,"0.0","a",-1,-1,,"false"
"2026-10-01T10:28:19Z",600,"Osman","BHA","-67.3","-67.3","-67.3","-67.3",-3,0,"0.0",50,116,126,3,40,"0.3","a",0,0,,"false"
"2026-10-01T10:28:19Z",605,"Yalcouyé","BHA","53.9","53.8","53.6","53.4",3,-13,"4.0",45,25967,32779,20,236,"3.7","a",0,0,,"false"
"2026-10-01T10:28:19Z",614,"Hadjam","BHA","-5.4","-5.4","-5.4","-5.4",-1,0,"0.0",45,247,251,0,0,"0.0","a",0,0,,"false"
"2026-10-01T10:28:19Z",624,"Cozier-Duberry","BHA","0.0","0.0","0.0","0.0",0,0,"0.0",50,0,5,0,0,"0.0","u",0,0,,"false"
"2026-10-01T10:28:19Z",639,"Andrés","BHA","1.4","1.4","1.4","1.4",1,0,"0.0",55,2731,309,12,109,"4.0","a",0,0,,"false"
"2026-10-01T10:28:19Z",652,"Azeez","BHA","-29.1","-29.1","-29.1","-29.1",-2,0,"0.0",55,19,44,0,0,"0.0","i",0,0,,"false"
"2026-10-01T10:28:19Z",658,"Ibrahim","BHA","0.0","0.0","0.0","0.0",0,0,"0.0",45,311,218,0,0,"0.0","a",0,0,,"false"
"2026-10-01T10:28:19Z",28,"Martinez","CHE","-6.3","-6.3","-6.3","-6.3",-1,0,"4.7",50,7546,21883,9,360,"2.3","a",0,0,,"false"
"2026-10-01T10:28:19Z",40,"Rogers","CHE","86.7","87.0","87.6","88.1",3,40,"40.5",77,146951,69893,29,437,"5.3","a",0,2,,"false"
"2026-10-01T10:28:19Z",101,"Henderson","CHE","0.0","0.0","0.0","0.0",0,0,"0.0",49,508,153,2,90,"0.7","a",0,-1,,"false"
"2026-10-01T10:28:19Z",136,"Welbeck","CHE","6.7","6.7","6.7","6.7",1,-1,"1.0",59,7491,9232,4,85,"1.3","a",0,-1,,"false"
"2026-10-01T10:28:19Z",140,"Sánchez","CHE","0.0","0.0","0.0","0.0",0,-2,"0.7",49,0,4796,2,90,"0.0","u",0,-1,,"false"
"2026-10-01T10:28:19Z",141,"Jörgensen","CHE","0.0","0.0","0.0","0.0",0,0,"0.0",50,0,31,0,0,"0.0","u",0,0,,"false"
"2026-10-01T10:28:19Z",142,"James","CHE","-95.2","-95.4","-95.8","-96.3",-4,-31,"5.8",54,617,77429,3,292,"0.7","d",0,-1,,"false"
"2026-10-01T10:28:19Z",143,"Chalobah","CHE","0.0","0.0","0.0","0.0",0,0,"0.1",55,0,315,0,0,"0.0","u",0,0,,"false"
"2026-10-01T10:28:19Z",144,"Gusto","CHE","-3.3","-3.3","-3.3","-3.3",-1,0,"1.0",49,1565,6863,4,272,"0.7","a",-1,-1,,"false"
"2026-10-01T10:28:19Z",145,"Fofana","CHE","4.6","4.6","4.6","4.6",1,0,"0.2",50,2463,1285,8,312,"2.7","a",0,0,,"false"
"2026-10-01T10:28:19Z",146,"B.Badiashile","CHE","0.0","0.0","0.0","0.0",0,0,"0.0",45,0,43,0,0,"0.0","u",0,0,,"false"
"2026-10-01T10:28:19Z",148,"Hato","CHE","12.6","12.5","12.5","12.5",1,-1,"0.8",45,813,7303,8,258,"1.0","a",0,0,,"false"
"2026-10-01T10:28:19Z",149,"Colwill","CHE","-9.8","-9.8","-9.8","-9.8",-1,0,"0.9",48,1061,5373,3,341,"0.7","a",-1,-2,,"false"
"2026-10-01T10:28:19Z",150,"M.Sarr","CHE","0.0","0.0","0.0","0.0",0,0,"0.0",45,0,169,0,0,"0.0","u",0,0,,"false"
"2026-10-01T10:28:19Z",151,"Acheampong","CHE","-11.5","-12.0","-12.9","-13.8",-1,-2,"0.3",45,415,1933,5,221,"0.3","a",0,0,,"false"
"2026-10-01T10:28:19Z",152,"Palestra","CHE","-1.3","-1.4","-1.7","-1.9",-1,-2,"0.6",53,219,3789,0,0,"0.0","d",0,-2,,"false"
"2026-10-01T10:28:19Z",154,"Palmer","CHE","-13.2","-13.6","-14.3","-15.0",-1,-92,"25.7",97,48139,166805,28,442,"2.7","d",0,2,,"false"
"2026-10-01T10:28:19Z",156,"Neto","CHE","-7.4","-7.6","-7.8","-8.1",-1,-2,"1.4",65,5102,9587,14,332,"2.0","a",0,0,,"false"
"2026-10-01T10:28:19Z",157,"Estêvão","CHE","-32.7","-32.7","-32.7","-32.7",-2,0,"0.7",63,1760,4319,4,23,"1.0","a",0,-2,,"false"
"2026-10-01T10:28:19Z",158,"Gittens","CHE","-3.8","-3.8","-3.8","-3.8",-1,0,"0.0",58,154,253,0,0,"0.0","d",-1,-2,,"false"
"2026-10-01T10:28:19Z",159,"Caicedo","CHE","-2.2","-2.3","-2.5","-2.7",-1,-2,"1.0",53,409,8859,1,13,"0.0","d",0,-2,,"false"
"2026-10-01T10:28:19Z",161,"Lavia","CHE","4.6","4.6","4.6","4.6",1,0,"0.2",50,428,2443,11,258,"1.0","a",0,0,,"false"
"2026-10-01T10:28:19Z",163,"D.Essugo","CHE","0.0","0.0","0.0","0.0",0,0,"0.1",45,0,721,0,0,"0.0","u",0,0,,"false"
"2026-10-01T10:28:19Z",164,"Quenda","CHE","-27.3","-27.3","-27.3","-27.3",-2,0,"0.0",53,72,178,2,27,"0.3","a",0,-2,,"false"
"2026-10-01T10:28:19Z",165,"João Pedro","CHE","-1.9","-1.9","-2.0","-2.0",-1,-81,"65.1",77,62444,392030,33,360,"4.3","d",-1,2,,"false"
"2026-10-01T10:28:19Z",168,"Marc Guiu","CHE","0.0","0.0","0.0","0.0",0,-1,"0.2",50,0,1533,0,0,"0.0","u",0,0,,"false"
"2026-10-01T10:28:19Z",169,"Mheuka","CHE","4.4","4.4","4.4","4.4",1,1,"0.5",45,4488,3510,0,0,"0.0","a",0,0,,"false"
"2026-10-01T10:28:19Z",170,"Emegha","CHE","-0.4","-0.4","-0.4","-0.4",-1,0,"0.1",49,75,1085,0,0,"0.0","i",-1,-1,,"false"
"2026-10-01T10:28:19Z",200,"Lacroix","CHE","-7.3","-7.3","-7.4","-7.4",-1,-5,"6.8",59,7801,29092,13,364,"2.0","a",-1,-1,,"false"
"2026-10-01T10:28:19Z",560,"Penders","CHE","-0.4","-0.4","-0.4","-0.4",-1,0,"0.1",44,245,295,0,0,"0.0","a",0,-1,,"false"
"2026-10-01T10:28:19Z",561,"Anselmino","CHE","-1.0","-1.0","-1.0","-1.0",-1,0,"0.0",45,65,102,0,0,"0.0","a",0,0,,"false"
"2026-10-01T10:28:19Z",568,"Barco","CHE","-14.5","-14.5","-14.5","-14.5",-1,0,"0.1",54,231,446,3,115,"0.7","a",0,-1,,"false"
"2026-10-01T10:28:19Z",583,"Chavarria","CHE","-50.6","-51.2","-52.4","-53.7",-3,-1,"0.1",49,411,542,5,208,"1.0","a",0,-1,,"false"
"2026-10-01T10:28:19Z",662,"Nicoll-Jazuli","CHE","0.0","0.0","0.0","0.0",0,0,"0.0",45,335,72,1,3,"1.0","a",0,0,"2026-10-01T21:17:24.996715Z","false"
"2026-10-01T10:28:19Z",91,"Pinnock","COV","-74.0","-75.4","-78.0","-80.6",-3,-1,"0.1",45,381,230,14,282,"4.3","a",0,0,,"false"
"2026-10-01T10:28:19Z",104,"Onyeka","COV","-33.2","-33.2","-33.2","-33.2",-2,0,"0.1",49,174,447,9,314,"2.3","a",0,-1,,"false"
"2026-10-01T10:28:19Z",110,"Rushworth","COV","-58.1","-58.1","-58.1","-58.1",-3,0,"0.8",45,2549,5890,16,450,"4.3","a",0,0,,"false"
"2026-10-01T10:28:19Z",171,"Dovin","COV","0.0","0.0","0.0","0.0",0,0,"1.0",40,0,4713,0,0,"0.0","u",0,0,,"false"
"2026-10-01T10:28:19Z",172,"Wilson","COV","-6.0","-6.0","-6.0","-6.0",-1,0,"0.4",44,241,671,0,0,"0.0","a",0,-1,,"false"
"2026-10-01T10:28:19Z",173,"Thomas","COV","17.1","17.2","17.3","17.4",1,8,"8.5",40,25854,31712,24,437,"4.3","a",0,0,,"false"
"2026-10-01T10:28:19Z",174,"Kitching","COV","0.0","0.0","0.0","0.0",0,-2,"0.3",40,0,1807,0,0,"0.0","u",0,0,,"false"
"2026-10-01T10:28:19Z",175,"van Ewijk","COV","-48.6","-48.6","-48.7","-48.9",-3,-13,"8.7",40,1159,75542,6,360,"1.0","d",0,0,,"false"
"2026-10-01T10:28:19Z",176,"Dasilva","COV","-31.0","-30.7","-30.1","-29.5",-2,3,"0.7",40,6275,1752,20,444,"5.7","a",0,0,,"false"
"2026-10-01T10:28:19Z",177,"Kesler-Hayden","COV","0.2","0.2","0.2","0.2",1,0,"0.0",39,1018,566,0,0,"0.0","i",-1,-1,,"false"
"2026-10-01T10:28:19Z",178,"Bidwell","COV","-30.0","-30.0","-30.0","-30.0",-2,0,"0.1",40,182,300,0,0,"0.0","a",0,0,,"false"
"2026-10-01T10:28:19Z",179,"Latibeaudiere","COV","-75.6","-75.6","-75.6","-75.6",-3,0,"0.0",40,73,135,1,1,"0.3","a",0,0,,"false"
"2026-10-01T10:28:19Z",180,"Woolfenden","COV","-96.6","-96.6","-96.6","-96.6",-4,0,"0.1",40,31,501,0,0,"0.0","i",0,0,,"false"
"2026-10-01T10:28:19Z",181,"Brau","COV","0.0","0.0","0.0","0.0",0,0,"0.0",40,0,99,0,0,"0.0","u",0,0,,"false"
"2026-10-01T10:28:19Z",182,"Amenda","COV","-53.9","-53.9","-53.9","-53.9",-3,0,"0.6",40,35,6760,4,360,"0.7","i",0,0,,"false"
"2026-10-01T10:28:19Z",183,"Rudoni","COV","0.1","0.1","0.1","0.1",1,0,"0.1",49,901,668,13,297,"3.0","a",0,-1,,"false"
"2026-10-01T10:28:19Z",184,"Grimes","COV","-28.6","-28.6","-28.6","-28.6",-2,0,"0.1",49,183,856,11,443,"2.3","a",0,-1,,"false"
"2026-10-01T10:28:19Z",185,"Sakamoto","COV","-22.7","-22.7","-22.7","-22.7",-2,0,"0.1",48,129,384,1,31,"0.0","a",0,-2,,"false"
"2026-10-01T10:28:19Z",186,"Mason-Clark","COV","-2.2","-2.2","-2.2","-2.2",-1,0,"0.1",53,73,360,5,231,"1.3","a",-1,-2,,"false"
"2026-10-01T10:28:19Z",187,"Eccles","COV","-4.5","-4.5","-4.5","-4.5",-1,0,"0.0",48,18,89,0,0,"0.0","i",-1,-2,,"false"
"2026-10-01T10:28:19Z",188,"Torp","COV","-11.4","-11.4","-11.4","-11.4",-1,0,"0.1",53,43,432,3,53,"0.3","a",-1,-2,,"false"
"2026-10-01T10:28:19Z",189,"Shepherd","COV","0.8","0.8","0.8","0.8",1,0,"0.3",44,4048,2255,0,0,"0.0","a",0,-1,,"false"
"2026-10-01T10:28:19Z",190,"Tchaouna","COV","-81.2","-81.2","-81.2","-81.2",-3,0,"0.1",54,24,341,5,211,"0.7","a",0,-1,,"false"
"2026-10-01T10:28:19Z",191,"Borges Rodrigues","COV","0.0","0.0","0.0","0.0",0,0,"0.1",45,0,670,0,0,"0.0","u",0,0,,"false"
"2026-10-01T10:28:19Z",192,"Andrews","COV","0.0","0.0","0.0","0.0",0,0,"0.3",45,0,1954,0,0,"0.0","u",0,0,,"false"
"2026-10-01T10:28:19Z",193,"Wright","COV","-0.1","-0.1","-0.1","-0.1",-1,0,"0.1",53,48,548,0,0,"0.0","i",-1,-2,,"false"
"2026-10-01T10:28:19Z",194,"Thomas-Asante","COV","2.8","2.8","2.8","2.9",1,2,"0.8",50,7962,5836,9,227,"2.0","a",0,0,,"false"
"2026-10-01T10:28:19Z",195,"Simms","COV","-0.0","-0.3","-0.8","-1.3",-1,-4,"0.6",49,1856,5220,4,104,"0.7","a",-1,-1,,"false"
"2026-10-01T10:28:19Z",196,"Markelo","COV","0.0","0.0","0.0","0.0",0,0,"0.0",50,0,60,0,0,"0.0","u",0,0,,"false"
"2026-10-01T10:28:19Z",197,"Bassette","COV","0.0","0.0","0.0","0.0",0,0,"0.0",45,0,145,0,0,"0.0","u",0,0,,"false"
"2026-10-01T10:28:19Z",492,"Awoniyi","COV","-13.3","-13.4","-13.8","-14.1",-1,-4,"0.4",54,68,4991,3,232,"0.0","s",-1,-1,,"false"
"2026-10-01T10:28:19Z",575,"Yirenkyi","COV","-2.7","-2.7","-2.7","-2.7",-1,0,"0.1",48,291,1003,9,265,"1.7","a",-1,-2,,"false"
"2026-10-01T10:28:19Z",584,"Hamer","COV","-84.9","-84.9","-84.9","-84.9",-3,0,"0.1",54,42,396,3,32,"0.3","a",0,-1,,"false"
"2026-10-01T10:28:19Z",599,"Cherif","COV","-6.7","-6.7","-6.7","-6.7",-1,0,"0.1",50,526,750,1,30,"0.3","a",0,0,,"false"
"2026-10-01T10:28:19Z",623,"Bentley","COV","2.1","2.1","2.1","2.1",1,0,"0.6",40,8000,2303,0,0,"0.0","a",0,0,,"false"
"2026-10-01T10:28:19Z",655,"Gboho","COV","0.0","0.0","0.0","0.0",0,0,"0.0",55,69,52,0,0,"0.0","a",0,0,,"false"
"2026-10-01T10:28:19Z",656,"Mfuni","COV","0.0","0.1","0.1","0.1",1,1,"0.1",40,1835,850,6,90,"3.0","a",0,0,,"false"
"2026-10-01T10:28:19Z",42,"Guessand","CRY","-27.0","-27.0","-27.0","-27.0",-2,0,"0.0",54,110,265,2,54,"0.0","a",0,-1,,"false"
"2026-10-01T10:28:19Z",153,"Disasi","CRY","-61.3","-61.3","-61.3","-61.3",-3,0,"0.1",45,26,758,1,139,"0.0","s",0,0,,"false"
"2026-10-01T10:28:19Z",198,"Henderson","CRY","-97.6","-97.7","-97.9","-98.1",-4,-5,"1.3",50,145,11035,5,270,"0.7","i",0,0,,"false"
"2026-10-01T10:28:19Z",199,"Benitez","CRY","-24.2","-24.2","-24.2","-24.2",-2,0,"0.1",45,675,370,8,180,"2.7","a",0,0,,"false"
"2026-10-01T10:28:19Z",202,"Richards","CRY","0.0","0.0","0.1","0.1",0,3,"0.6",49,1571,2170,14,450,"3.7","a",-1,-1,,"false"
"2026-10-01T10:28:19Z",203,"Canvot","CRY","-0.5","-0.5","-0.5","-0.5",-1,0,"0.2",48,396,856,10,360,"3.0","a",-1,-2,,"false"
"2026-10-01T10:28:19Z",204,"Mitchell","CRY","26.4","26.5","26.7","26.8",2,12,"6.1",45,14181,15879,24,419,"7.7","a",0,0,,"false"
"2026-10-01T10:28:19Z",205,"Sosa","CRY","0.0","0.0","0.0","0.0",0,0,"0.0",45,0,105,0,0,"0.0","u",0,0,,"false"
"2026-10-01T10:28:19Z",206,"Chadi Riad","CRY","-4.3","-4.3","-4.3","-4.3",-1,0,"0.0",43,25,120,1,72,"0.0","i",-1,-2,,"false"
"2026-10-01T10:28:19Z",207,"Mingueza","CRY","-89.0","-89.0","-89.0","-89.0",-3,0,"0.1",44,75,276,2,16,"0.3","a",0,-1,,"false"
"2026-10-01T10:28:19Z",208,"Sarr","CRY","0.0","0.0","0.0","0.0",0,0,"0.6",62,2502,2178,1,8,"0.3","a",0,-3,,"false"
"2026-10-01T10:28:19Z",210,"Wharton","CRY","-2.3","-2.3","-2.3","-2.3",-1,0,"0.7",54,1159,4505,12,436,"2.0","a",-1,-1,,"false"
"2026-10-01T10:28:19Z",211,"Yeremy","CRY","4.7","4.7","4.7","4.7",1,0,"0.3",55,692,2594,14,307,"2.7","a",0,0,,"false"
"2026-10-01T10:28:19Z",212,"Hughes","CRY","-20.0","-20.1","-20.3","-20.5",-2,-8,"7.3",44,8968,43731,2,29,"0.7","a",0,-1,,"false"
"2026-10-01T10:28:19Z",213,"Lerma","CRY","-1.9","-1.9","-1.9","-1.9",-1,0,"0.1",48,90,370,1,51,"0.3","a",-1,-2,,"false"
"2026-10-01T10:28:19Z",214,"Kamada","CRY","11.5","11.4","11.4","11.4",1,-1,"0.5",50,3183,2955,21,441,"5.3","a",0,0,,"false"
"2026-10-01T10:28:19Z",215,"Devenny","CRY","0.0","0.0","0.0","0.0",0,0,"0.0",50,0,33,0,0,"0.0","u",0,0,,"false"
"2026-10-01T10:28:19Z",216,"Esse","CRY","0.0","0.0","0.0","0.0",0,0,"0.0",50,0,120,0,0,"0.0","u",0,0,,"false"
"2026-10-01T10:28:19Z",217,"M.França","CRY","0.0","0.0","0.0","0.0",0,0,"0.0",49,0,157,0,0,"0.0","u",0,-1,,"false"
"2026-10-01T10:28:19Z",218,"Doucouré","CRY","-2.2","-1.0","0.0","0.0",-1,1,"0.0",48,111,291,0,0,"0.0","a",-1,-2,,"false"
"2026-10-01T10:28:19Z",219,"J.Rak-Sakyi","CRY","0.0","0.0","0.0","0.0",0,0,"0.0",49,0,23,0,0,"0.0","u",0,-1,,"false"
"2026-10-01T10:28:19Z",220,"Cardines","CRY","0.0","0.0","0.0","0.0",0,0,"0.0",45,0,3,0,0,"0.0","u",0,0,,"false"
"2026-10-01T10:28:19Z",221,"Drakes-Thomas","CRY","-94.2","-94.2","-94.2","-94.2",-3,0,"0.1",45,136,418,0,0,"0.0","a",0,0,,"false"
"2026-10-01T10:28:19Z",222,"Strand Larsen","CRY","5.2","5.2","5.2","5.2",1,2,"0.7",60,4824,3842,14,298,"3.7","a",0,0,,"false"
"2026-10-01T10:28:19Z",223,"Mateta","CRY","-25.4","-25.5","-25.6","-25.7",-2,-3,"1.3",63,205,9013,2,62,"0.0","i",0,-2,,"false"
"2026-10-01T10:28:19Z",224,"Nketiah","CRY","-17.9","-17.6","-17.2","-16.7",-1,2,"0.5",55,1255,3310,8,175,"1.7","a",0,0,,"false"
"2026-10-01T10:28:19Z",225,"Uche","CRY","0.0","0.0","0.0","0.0",0,0,"0.0",50,0,0,0,0,"0.0","u",0,0,,"false"
"2026-10-01T10:28:19Z",241,"McNeil","CRY","-95.8","-95.8","-95.8","-95.8",-4,0,"0.1",54,72,473,3,84,"0.0","a",0,-1,,"false"
"2026-10-01T10:28:19Z",555,"Matthews","CRY","-9.2","-9.1","-9.0","-8.9",-1,1,"1.7",40,1081,2996,0,0,"0.0","a",0,0,,"false"
"2026-10-01T10:28:19Z",577,"Tomiyasu","CRY","-13.7","-13.9","-14.3","-14.6",-1,-1,"0.3",44,149,1164,3,189,"0.3","d",0,-1,,"false"
"2026-10-01T10:28:19Z",588,"Khalaili","CRY","6.7","6.7","6.8","6.8",1,4,"0.3",50,2046,1091,19,379,"5.3","a",0,0,,"false"
"2026-10-01T10:28:19Z",595,"Gozo","CRY","-0.9","-0.9","-0.9","-0.9",-1,0,"0.0",49,39,90,2,28,"0.3","a",-1,-1,,"false"
"2026-10-01T10:28:19Z",633,"Ahanor","CRY","0.1","0.1","0.1","0.1",1,0,"0.0",45,137,107,3,90,"1.0","a",0,0,,"false"
"2026-10-01T10:28:19Z",643,"Chilwell","CRY","-73.5","-73.5","-73.5","-73.5",-3,0,"0.4",45,555,2914,8,29,"2.7","a",0,0,,"false"
"2026-10-01T10:28:19Z",644,"Timber","CRY","0.2","0.2","0.2","0.2",1,1,"0.0",50,457,312,9,253,"3.0","a",0,0,,"false"
"2026-10-01T10:28:19Z",647,"Osorio","CRY","-73.7","-73.7","-73.7","-73.7",-3,0,"0.0",55,26,74,1,1,"0.3","a",0,0,,"false"
"2026-10-01T10:28:19Z",21,"Nørgaard","EVE","-0.3","-0.3","-0.3","-0.3",-1,0,"0.0",48,54,322,0,0,"0.0","i",-1,-2,,"false"
"2026-10-01T10:28:19Z",209,"Johnson","EVE","-19.5","-20.5","-22.4","-24.2",-2,-2,"0.1",59,402,704,9,238,"2.3","a",0,-1,,"false"
"2026-10-01T10:28:19Z",226,"Pickford","EVE","29.4","29.4","29.5","29.6",2,6,"9.1",55,28439,15366,25,450,"5.0","a",0,0,,"false"
"2026-10-01T10:28:19Z",227,"Travers","EVE","-32.4","-32.4","-32.4","-32.4",-2,0,"0.0",50,249,261,0,0,"0.0","a",0,0,,"false"
"2026-10-01T10:28:19Z",228,"King","EVE","-41.3","-41.3","-41.3","-41.3",-3,0,"0.0",45,112,167,0,0,"0.0","a",0,0,,"false"
"2026-10-01T10:28:19Z",229,"Tarkowski","EVE","0.1","0.3","0.6","0.9",1,59,"16.5",62,231837,20261,43,450,"8.3","a",1,2,,"false"
"2026-10-01T10:28:19Z",230,"Branthwaite","EVE","35.5","35.5","35.6","35.6",2,4,"2.4",55,19388,7125,27,450,"5.7","a",0,0,,"false"
"2026-10-01T10:28:19Z",231,"Keane","EVE","-38.9","-39.1","-39.6","-40.0",-2,-2,"0.7",48,380,3810,0,0,"0.0","a",0,-2,,"false"
"2026-10-01T10:28:19Z",232,"O'Brien","EVE","-3.7","-3.7","-3.7","-3.7",-1,0,"0.3",48,325,1117,2,16,"0.7","a",-1,-2,,"false"
"2026-10-01T10:28:19Z",233,"Mykolenko","EVE","1.3","1.3","1.3","1.3",1,-2,"4.2",46,41069,21354,27,450,"5.7","a",1,1,,"false"
"2026-10-01T10:28:19Z",234,"Patterson","EVE","0.0","0.0","0.0","0.0",0,0,"0.0",45,0,121,0,0,"0.0","u",0,0,,"false"
"2026-10-01T10:28:19Z",235,"Aznou","EVE","0.0","0.0","0.0","0.0",0,0,"0.1",40,0,552,0,0,"0.0","u",0,0,,"false"
"2026-10-01T10:28:19Z",236,"Dewsbury-Hall","EVE","-15.5","-15.6","-15.7","-15.8",-1,-4,"6.0",66,34030,44134,20,450,"2.3","a",1,1,,"false"
"2026-10-01T10:28:19Z",238,"Grealish","EVE","8.6","8.7","8.7","8.7",1,2,"0.5",65,3664,2944,6,135,"1.7","a",0,0,,"false"
"2026-10-01T10:28:19Z",239,"Garner","EVE","3.5","3.5","3.5","3.4",1,-1,"0.2",60,1710,1972,11,328,"3.0","a",0,0,,"false"
"2026-10-01T10:28:19Z",242,"George","EVE","30.0","30.0","29.8","29.6",2,-11,"0.9",55,2409,10679,19,309,"4.7","a",0,0,,"false"
"2026-10-01T10:28:19Z",243,"Alcaraz","EVE","-46.1","-46.1","-46.1","-46.1",-3,0,"0.1",49,159,403,1,5,"0.0","a",0,-1,,"false"
"2026-10-01T10:28:19Z",244,"Armstrong","EVE","9.3","9.3","9.3","9.3",1,-1,"0.4",50,822,3293,16,446,"2.0","a",0,0,,"false"
"2026-10-01T10:28:19Z",245,"Dibling","EVE","-90.2","-90.2","-90.2","-90.2",-3,0,"0.0",54,117,157,1,24,"0.3","a",0,-1,,"false"
"2026-10-01T10:28:19Z",246,"Röhl","EVE","-45.5","-47.3","-50.7","-54.0",-3,-2,"0.0",49,7,581,6,249,"0.3","i",0,-1,,"false"
"2026-10-01T10:28:19Z",247,"Hackney","EVE","-5.2","-5.2","-5.2","-5.2",-1,0,"0.2",54,190,1070,10,137,"2.0","a",-1,-1,,"false"
"2026-10-01T10:28:19Z",248,"Beto","EVE","0.0","0.0","0.0","0.0",0,-5,"0.6",54,0,7237,2,31,"0.0","u",0,-1,,"false"
"2026-10-01T10:28:19Z",249,"Barry","EVE","0.3","0.3","0.4","0.4",1,11,"8.3",57,84001,38565,20,417,"3.3","a",1,2,,"false"
"2026-10-01T10:28:19Z",649,"Maitland-Niles","EVE","17.3","17.4","17.5","17.6",1,9,"1.4",45,19253,4643,21,177,"7.0","a",0,0,,"false"
"2026-10-01T10:28:19Z",654,"Graham","EVE","-34.0","-34.0","-34.0","-34.0",-2,0,"0.1",45,230,997,0,0,"0.0","a",0,0,,"false"
"2026-10-01T10:28:19Z",250,"Leno","FUL","8.7","8.8","8.9","9.0",1,8,"3.4",45,38551,11115,18,450,"4.3","a",0,0,,"false"
"2026-10-01T10:28:19Z",251,"Lecomte","FUL","-23.8","-23.7","-23.4","-23.1",-2,2,"1.1",40,2472,2479,0,0,"0.0","a",0,0,,"false"
"2026-10-01T10:28:19Z",252,"McNally","FUL","0.0","0.0","0.0","0.0",0,0,"0.1",40,0,598,0,0,"0.0","u",0,0,,"false"
"2026-10-01T10:28:19Z",253,"Andersen","FUL","0.8","0.8","0.8","0.8",1,0,"0.2",50,2684,1079,3,190,"0.7","a",0,0,,"false"
"2026-10-01T10:28:19Z",254,"Robinson","FUL","-18.8","-18.5","-18.0","-17.4",-1,6,"1.5",45,15685,6556,12,429,"3.0","a",0,0,,"false"
"2026-10-01T10:28:19Z",255,"J.Cuenca","FUL","-72.4","-72.4","-72.4","-72.4",-3,0,"0.0",45,66,110,3,90,"0.0","a",0,0,,"false"
"2026-10-01T10:28:19Z",256,"Tete","FUL","-0.5","-0.5","-0.5","-0.5",-1,0,"0.2",44,55,1032,0,27,"0.0","a",0,-1,,"false"
"2026-10-01T10:28:19Z",257,"Bassey","FUL","0.0","0.1","0.1","0.2",1,4,"0.7",45,5323,1770,15,450,"4.3","a",0,0,,"false"
"2026-10-01T10:28:19Z",258,"Castagne","FUL","14.1","14.2","14.2","14.2",1,2,"0.9",45,14441,4806,20,408,"2.7","a",0,0,,"false"
"2026-10-01T10:28:19Z",261,"Iwobi","FUL","-58.9","-58.4","-57.4","-56.5",-3,4,"0.7",54,3386,3191,14,408,"3.3","a",0,-1,,"false"
"2026-10-01T10:28:19Z",262,"Smith Rowe","FUL","-1.0","-1.2","-1.7","-2.1",-1,-1,"0.2",53,302,1326,3,38,"0.7","a",-1,-2,,"false"
"2026-10-01T10:28:19Z",263,"Kevin","FUL","-13.3","-10.9","-6.4","-1.8",-1,1,"0.0",53,192,284,4,61,"0.7","a",0,-2,,"false"
"2026-10-01T10:28:19Z",264,"Bobb","FUL","-48.5","-48.0","-46.9","-45.8",-3,2,"0.3",55,2260,1769,13,343,"2.7","a",0,0,,"false"
"2026-10-01T10:28:19Z",265,"Berge","FUL","-33.9","-33.9","-33.9","-33.9",-2,0,"0.3",49,616,1286,11,349,"2.3","a",0,-1,,"false"
"2026-10-01T10:28:19Z",266,"Cairney","FUL","-15.2","-15.2","-15.2","-15.2",-1,0,"0.0",49,8,20,0,0,"0.0","i",0,-1,,"false"
"2026-10-01T10:28:19Z",268,"King","FUL","87.9","88.1","88.5","88.9",3,29,"2.6",55,86700,17994,24,425,"5.0","a",0,0,,"false"
"2026-10-01T10:28:19Z",269,"Sessegnon","FUL","-1.6","-1.6","-1.6","-1.6",-1,0,"0.3",43,298,1285,3,50,"0.3","a",-1,-2,,"false"
"2026-10-01T10:28:19Z",270,"Reed","FUL","-11.3","-11.5","-12.0","-12.5",-1,-4,"1.1",44,2774,6780,0,0,"0.0","a",0,-1,,"false"
"2026-10-01T10:28:19Z",271,"Muniz","FUL","-50.5","-50.5","-50.5","-50.5",-3,0,"0.4",54,1697,2643,3,38,"0.7","a",0,-1,,"false"
"2026-10-01T10:28:19Z",272,"Kusi-Asare","FUL","-63.4","-63.4","-63.4","-63.4",-3,0,"5.4",45,10764,32915,0,0,"0.0","a",0,0,,"false"
"2026-10-01T10:28:19Z",569,"Gonzalo","FUL","57.5","57.8","58.3","58.9",3,37,"4.0",60,67010,32034,14,425,"2.0","a",0,0,,"false"
"2026-10-01T10:28:19Z",570,"Palacios","FUL","-7.1","-7.1","-7.1","-7.1",-1,0,"0.2",54,703,937,12,226,"3.0","a",0,-1,,"false"
"2026-10-01T10:28:19Z",580,"Charles","FUL","-81.0","-77.2","-70.0","-62.8",-3,3,"0.1",50,594,426,13,303,"3.7","a",0,0,,"false"
"2026-10-01T10:28:19Z",610,"De Fougerolles","FUL","0.0","0.0","0.0","0.0",0,0,"0.1",40,0,501,0,0,"0.0","u",0,0,,"false"
"2026-10-01T10:28:19Z",626,"Zepa","FUL","0.1","0.1","0.1","0.1",1,0,"0.3",44,618,2225,0,0,"0.0","a",-1,-1,,"false"
"2026-10-01T10:28:19Z",635,"Larsson","FUL","0.0","0.0","0.0","0.0",0,0,"0.0",50,93,70,3,37,"1.0","a",0,0,,"false"
"2026-10-01T10:28:19Z",636,"Ángel","FUL","0.0","0.0","0.0","0.0",0,0,"0.0",50,32,27,0,0,"0.0","a",0,0,,"false"
"2026-10-01T10:28:19Z",650,"Affengruber","FUL","1.2","1.2","1.2","1.3",1,2,"0.1",45,5532,1278,12,180,"4.0","a",0,0,,"false"
"2026-10-01T10:28:19Z",240,"Iroegbunam","HUL","0.1","0.1","0.1","0.1",1,0,"0.0",50,75,138,2,70,"0.3","a",0,0,,"false"
"2026-10-01T10:28:19Z",273,"Phillips","HUL","-28.1","-28.1","-28.1","-28.1",-2,0,"1.4",40,2969,3468,0,0,"0.0","a",0,0,,"false"
"2026-10-01T10:28:19Z",274,"Butland","HUL","-0.7","-0.7","-0.7","-0.7",-1,0,"0.1",44,67,322,0,0,"0.0","i",-1,-1,,"false"
"2026-10-01T10:28:19Z",275,"Cartwright","HUL","0.0","0.0","0.0","0.0",0,0,"0.0",40,0,25,0,0,"0.0","u",0,0,,"false"
"2026-10-01T10:28:19Z",276,"Lo-Tutala","HUL","0.0","0.0","0.0","0.0",0,0,"0.0",40,0,113,0,0,"0.0","u",0,0,,"false"
"2026-10-01T10:28:19Z",277,"Egan","HUL","26.1","26.1","25.9","25.7",2,-12,"7.0",41,26894,29214,26,437,"3.0","a",0,1,,"false"
"2026-10-01T10:28:19Z",278,"Hughes","HUL","0.5","0.5","0.5","0.5",1,0,"0.2",39,1088,1931,0,0,"0.0","i",0,-1,,"false"
"2026-10-01T10:28:19Z",279,"Ajayi","HUL","69.5","69.4","69.3","69.2",3,-8,"14.0",42,43203,58607,27,423,"2.3","a",0,2,,"false"
"2026-10-01T10:28:19Z",280,"Coyle","HUL","0.3","0.3","0.3","0.3",1,0,"0.7",40,2052,2019,14,348,"2.7","a",0,0,,"false"
"2026-10-01T10:28:19Z",281,"Drameh","HUL","0.0","0.0","0.0","0.0",0,0,"0.0",40,0,252,2,65,"0.0","u",0,0,,"false"
"2026-10-01T10:28:19Z",282,"Giles","HUL","70.0","70.0","70.0","70.1",3,1,"2.9",40,21142,13695,24,444,"4.0","a",0,0,,"false"
"2026-10-01T10:28:19Z",283,"Jacob","HUL","0.0","0.0","0.0","0.0",0,0,"0.0",40,0,34,0,0,"0.0","u",0,0,,"false"
"2026-10-01T10:28:19Z",284,"McCarthy","HUL","0.4","0.4","0.4","0.4",1,0,"0.1",40,390,433,0,0,"0.0","a",0,0,,"false"
"2026-10-01T10:28:19Z",285,"McNair","HUL","-41.9","-41.9","-41.9","-41.9",-3,0,"0.1",40,193,407,1,26,"0.0","a",0,0,,"false"
"2026-10-01T10:28:19Z",286,"Belloumi","HUL","36.7","36.8","37.1","37.4",2,20,"5.1",51,75624,24668,31,394,"7.3","a",0,1,,"false"
"2026-10-01T10:28:19Z",287,"Millar","HUL","0.0","0.0","0.0","0.0",0,0,"0.0",50,0,297,6,50,"0.0","u",0,0,,"false"
"2026-10-01T10:28:19Z",288,"Dowell","HUL","-95.5","-95.6","-95.9","-96.1",-4,-1,"0.3",45,583,1991,0,0,"0.0","a",0,0,,"false"
"2026-10-01T10:28:19Z",289,"Crooks","HUL","0.7","0.7","0.7","0.7",1,0,"0.5",44,5019,4148,3,203,"0.3","a",-1,-1,,"false"
"2026-10-01T10:28:19Z",290,"Slater","HUL","74.9","74.8","74.7","74.6",3,-6,"5.2",45,15583,36936,15,437,"2.3","a",0,0,,"false"
"2026-10-01T10:28:19Z",291,"Matazo","HUL","-14.7","-14.7","-14.7","-14.7",-1,0,"0.0",45,29,53,0,0,"0.0","i",0,0,,"false"
"2026-10-01T10:28:19Z",292,"Ömür","HUL","-9.6","-9.6","-9.6","-9.6",-1,0,"0.0",49,85,145,0,0,"0.0","a",0,-1,,"false"
"2026-10-01T10:28:19Z",293,"Kamara","HUL","0.0","0.0","0.0","0.0",0,0,"0.0",50,0,12,0,0,"0.0","u",0,0,,"false"
"2026-10-01T10:28:19Z",294,"Zambrano","HUL","-22.3","-22.3","-22.3","-22.3",-2,0,"0.1",45,150,489,0,0,"0.0","a",0,0,,"false"
"2026-10-01T10:28:19Z",295,"McBurnie","HUL","27.7","27.7","27.6","27.6",2,-3,"1.9",55,7876,17812,13,441,"2.3","a",0,0,,"false"
"2026-10-01T10:28:19Z",296,"Akintola","HUL","0.0","0.0","0.0","0.0",0,0,"0.0",50,0,267,0,0,"0.0","u",0,0,,"false"
"2026-10-01T10:28:19Z",297,"Gyabi","HUL","-0.7","-2.7","-6.6","-10.5",-1,-2,"0.0",44,58,141,0,0,"0.0","i",-1,-1,,"false"
"2026-10-01T10:28:19Z",298,"Destan","HUL","0.0","0.0","0.0","0.0",0,0,"0.2",45,0,1314,0,0,"0.0","u",0,0,,"false"
"2026-10-01T10:28:19Z",299,"Burstow","HUL","0.0","0.0","0.0","0.0",0,0,"0.0",45,0,216,0,0,"0.0","u",0,0,,"false"
"2026-10-01T10:28:19Z",340,"Gelhardt","HUL","0.0","0.0","0.0","0.0",0,0,"0.0",50,96,108,1,7,"0.3","a",0,0,,"false"
"2026-10-01T10:28:19Z",556,"Targett","HUL","-74.2","-74.2","-74.2","-74.2",-3,0,"1.6",40,112,9788,1,5,"0.0","d",0,0,,"false"
"2026-10-01T10:28:19Z",563,"Morita","HUL","-0.2","-0.2","-0.2","-0.2",-1,0,"0.0",49,24,176,1,45,"0.0","i",-1,-1,,"false"
"2026-10-01T10:28:19Z",572,"Tzolakis","HUL","0.7","0.7","0.8","0.9",1,16,"12.8",47,124591,21614,34,450,"4.7","a",1,2,,"false"
"2026-10-01T10:28:19Z",574,"Hjertø-Dahl","HUL","-75.4","-75.4","-75.4","-75.4",-3,0,"0.1",49,75,327,1,8,"0.3","a",0,-1,,"false"
"2026-10-01T10:28:19Z",576,"Stroud","HUL","-52.3","-52.3","-52.3","-52.3",-3,0,"0.1",50,144,457,7,249,"1.3","a",0,0,,"false"
"2026-10-01T10:28:19Z",585,"Herrington","HUL","-27.3","-27.3","-27.3","-27.3",-2,0,"0.6",40,1033,1673,5,197,"1.0","a",0,0,,"false"
"2026-10-01T10:28:19Z",586,"Mendy","HUL","-0.5","-0.6","-0.6","-0.7",-1,-3,"6.3",41,6939,33371,25,249,"3.0","a",0,1,,"false"
"2026-10-01T10:28:19Z",589,"Gourna-Douath","HUL","-79.2","-79.2","-79.2","-79.2",-3,0,"0.0",50,32,108,4,138,"1.0","a",0,0,,"false"
"2026-10-01T10:28:19Z",617,"Cho","HUL","0.2","0.2","0.2","0.2",1,0,"0.0",50,350,149,9,72,"2.7","a",0,0,,"false"
"2026-10-01T10:28:19Z",632,"Ansah","HUL","-64.4","-64.4","-64.4","-64.4",-3,0,"0.0",50,73,411,0,0,"0.0","i",0,0,,"false"
"2026-10-01T10:28:19Z",637,"Vaz","HUL","1.2","1.2","1.2","1.2",1,0,"0.1",50,1826,1145,2,20,"0.7","a",0,0,,"false"
"2026-10-01T10:28:19Z",638,"Norton-Cuffy","HUL","-25.7","-25.9","-26.3","-26.7",-2,-1,"0.2",40,451,2563,1,34,"0.3","d",0,0,,"false"
"2026-10-01T10:28:19Z",642,"Thomas","HUL","0.3","0.3","0.3","0.3",1,0,"0.0",55,464,348,4,119,"1.3","a",0,0,,"false"
"2026-10-01T10:28:19Z",645,"Mouzakitis","HUL","0.0","0.0","0.0","0.0",0,0,"0.0",50,88,89,0,0,"0.0","a",0,0,,"false"
"2026-10-01T10:28:19Z",259,"Diop","IPS","-53.1","-53.1","-53.1","-53.2",-3,-4,"12.7",40,6986,54943,12,450,"2.7","a",0,0,,"false"
"2026-10-01T10:28:19Z",267,"Lukić","IPS","-5.3","-5.8","-6.9","-8.0",-1,-1,"0.1",49,192,518,11,400,"1.7","a",-1,-1,,"false"
"2026-10-01T10:28:19Z",300,"Walton","IPS","-7.3","-7.3","-7.3","-7.3",-1,0,"0.4",44,1666,1028,2,90,"0.7","a",0,-1,,"false"
"2026-10-01T10:28:19Z",301,"Palmer","IPS","-25.6","-25.6","-25.7","-25.8",-2,-2,"3.9",40,3937,11789,0,0,"0.0","a",0,0,,"false"
"2026-10-01T10:28:19Z",302,"Button","IPS","1.1","1.1","1.1","1.1",1,0,"0.6",40,1455,1314,0,0,"0.0","a",0,0,,"false"
"2026-10-01T10:28:19Z",303,"Kipré","IPS","3.1","3.1","3.1","3.1",1,0,"0.9",39,4449,4355,0,0,"0.0","a",0,-1,,"false"
"2026-10-01T10:28:19Z",304,"O'Shea","IPS","-40.2","-40.3","-40.4","-40.5",-3,-2,"2.7",40,1956,14635,10,450,"2.0","a",0,0,,"false"
"2026-10-01T10:28:19Z",305,"Davis","IPS","72.5","72.5","72.5","72.6",3,3,"6.9",40,49979,27544,25,450,"5.7","a",0,0,,"false"
"2026-10-01T10:28:19Z",306,"Greaves","IPS","-90.5","-90.5","-90.5","-90.5",-3,0,"1.1",40,472,3431,3,357,"0.7","a",0,0,,"false"
"2026-10-01T10:28:19Z",307,"Johnson","IPS","0.0","0.0","0.0","0.0",0,0,"0.1",40,0,359,0,0,"0.0","u",0,0,,"false"
"2026-10-01T10:28:19Z",308,"Furlong","IPS","2.0","2.0","2.0","2.0",1,0,"0.6",39,6369,2884,1,17,"0.0","a",0,-1,,"false"
"2026-10-01T10:28:19Z",309,"Núñez","IPS","-35.1","-35.1","-35.1","-35.1",-2,0,"0.1",49,96,631,6,140,"0.0","a",0,-1,,"false"
"2026-10-01T10:28:19Z",310,"Matusiwa","IPS","0.0","0.0","0.0","0.0",0,0,"0.0",49,15,18,0,0,"0.0","a",0,-1,,"false"
"2026-10-01T10:28:19Z",311,"Burns","IPS","0.0","0.0","0.0","0.0",0,0,"0.0",50,0,8,0,0,"0.0","u",0,0,,"false"
"2026-10-01T10:28:19Z",312,"Taylor","IPS","0.1","0.1","0.1","0.1",1,0,"0.0",44,380,272,0,0,"0.0","i",-1,-1,,"false"
"2026-10-01T10:28:19Z",313,"Clarke","IPS","-84.9","-85.4","-86.4","-87.4",-3,-1,"0.2",54,144,921,11,170,"1.3","a",0,-1,,"false"
"2026-10-01T10:28:19Z",314,"Ogbene","IPS","0.0","0.0","0.0","0.0",0,0,"0.0",49,0,66,0,0,"0.0","u",0,-1,,"false"
"2026-10-01T10:28:19Z",315,"Fatawu","IPS","-33.7","-34.1","-34.8","-35.5",-2,-2,"0.2",54,55,2489,8,352,"0.7","s",0,-1,,"false"
"2026-10-01T10:28:19Z",316,"Emersonn","IPS","83.8","84.0","84.3","84.6",3,20,"3.5",55,34091,22898,26,317,"5.3","a",0,0,,"false"
"2026-10-01T10:28:19Z",317,"Hirst","IPS","0.0","0.0","0.0","0.0",0,0,"0.1",50,0,476,0,0,"0.0","u",0,0,,"false"
"2026-10-01T10:28:19Z",318,"Philogene","IPS","-8.0","-8.0","-8.0","-8.0",-1,0,"0.1",54,33,157,2,52,"0.7","a",0,-1,,"false"
"2026-10-01T10:28:19Z",319,"Szmodics","IPS","0.0","0.0","0.0","0.0",0,0,"0.0",50,0,13,0,0,"0.0","u",0,0,,"false"
"2026-10-01T10:28:19Z",320,"Akpom","IPS","24.1","24.1","24.0","24.0",2,-2,"1.2",50,4999,9545,7,78,"0.3","a",0,0,,"false"
"2026-10-01T10:28:19Z",321,"Walle Egeli","IPS","38.9","38.8","38.7","38.6",2,-7,"3.5",45,17934,26537,1,10,"0.0","a",0,0,,"false"
"2026-10-01T10:28:19Z",322,"Al-Hamadi","IPS","0.0","0.0","0.0","0.0",0,0,"0.0",50,0,365,0,0,"0.0","u",0,0,,"false"
"2026-10-01T10:28:19Z",323,"McAteer","IPS","-1.0","-1.1","-1.4","-1.6",-1,-3,"1.0",44,1472,6380,3,42,"0.3","a",-1,-1,,"false"
"2026-10-01T10:28:19Z",324,"Mehmeti","IPS","-2.3","-2.3","-2.3","-2.3",-1,0,"0.0",48,74,141,0,0,"0.0","a",-1,-2,,"false"
"2026-10-01T10:28:19Z",554,"Van Oevelen","IPS","0.0","0.0","0.0","0.0",0,0,"0.0",45,0,82,0,0,"0.0","u",0,0,,"false"
"2026-10-01T10:28:19Z",562,"Maeda","IPS","-9.9","-10.2","-10.7","-11.1",-1,-1,"0.2",53,136,1445,8,259,"1.3","a",-1,-2,,"false"
"2026-10-01T10:28:19Z",564,"Scherpen","IPS","-31.4","-31.6","-31.9","-32.3",-2,-1,"0.6",45,625,2774,7,360,"1.0","a",0,0,,"false"
"2026-10-01T10:28:19Z",571,"Florentino","IPS","-2.5","-2.5","-2.5","-2.5",-1,0,"0.1",48,110,332,2,30,"0.7","a",-1,-2,,"false"
"2026-10-01T10:28:19Z",591,"Enciso","IPS","8.6","8.6","8.6","8.6",1,0,"0.8",55,2205,6054,15,413,"1.7","a",0,0,,"false"
"2026-10-01T10:28:19Z",592,"Ouattara","IPS","-31.9","-31.9","-31.9","-31.9",-2,0,"0.9",40,671,2054,6,131,"1.3","a",0,0,,"false"
"2026-10-01T10:28:19Z",602,"Humphreys","IPS","0.0","0.0","0.0","0.0",0,0,"0.0",45,0,237,0,0,"0.0","u",0,0,,"false"
"2026-10-01T10:28:19Z",619,"Palacios","IPS","1.0","1.0","1.0","1.0",1,0,"0.1",50,502,823,11,275,"3.3","a",0,0,,"false"
"2026-10-01T10:28:19Z",640,"Flemming","IPS","0.5","0.4","0.4","0.3",1,-3,"0.1",55,913,984,6,60,"2.0","a",0,0,,"false"
"2026-10-01T10:28:19Z",260,"Wilson","LEE","-60.7","-61.3","-62.3","-63.3",-3,-30,"1.7",62,72,40098,5,145,"0.3","i",0,-3,,"false"
"2026-10-01T10:28:19Z",326,"Perri","LEE","0.0","0.0","0.0","0.0",0,-4,"0.3",45,0,1283,0,0,"0.0","u",0,0,,"false"
"2026-10-01T10:28:19Z",327,"Bijol","LEE","5.0","5.0","5.0","5.0",1,0,"0.7",50,788,5480,12,164,"0.3","a",0,0,,"false"
"2026-10-01T10:28:19Z",329,"Rodon","LEE","-6.4","-6.4","-6.6","-6.8",-1,-4,"0.8",43,45,8715,7,123,"0.0","i",-1,-2,,"false"
"2026-10-01T10:28:19Z",330,"Bogle","LEE","56.6","57.0","57.7","58.5",3,50,"7.2",46,123392,25344,42,365,"11.3","a",0,1,,"false"
"2026-10-01T10:28:19Z",331,"Gudmundsson","LEE","0.9","0.9","0.9","0.9",1,0,"0.1",45,522,326,14,252,"4.7","a",0,0,,"false"
"2026-10-01T10:28:19Z",332,"Justin","LEE","18.0","18.0","18.0","18.0",1,0,"1.4",45,4153,5782,26,450,"4.7","a",0,0,,"false"
"2026-10-01T10:28:19Z",333,"Bornauw","LEE","0.0","0.0","0.0","0.0",0,0,"0.0",45,0,5,0,0,"0.0","u",0,0,,"false"
"2026-10-01T10:28:19Z",334,"Muharemović","LEE","38.3","38.2","38.2","38.1",2,-4,"4.3",50,27537,23791,27,450,"5.7","a",0,0,,"false"
"2026-10-01T10:28:19Z",335,"Stach","LEE","15.9","15.9","15.8","15.8",1,-4,"2.5",60,4752,19347,27,447,"3.3","a",0,0,,"false"
"2026-10-01T10:28:19Z",336,"Okafor","LEE","1.4","1.4","1.4","1.4",1,0,"0.4",58,1750,3329,18,299,"5.0","a",0,-2,,"false"
"2026-10-01T10:28:19Z",337,"Aaronson","LEE","-7.7","-8.1","-8.8","-9.6",-1,-4,"0.5",53,211,3343,7,194,"1.0","a",-1,-2,,"false"
"2026-10-01T10:28:19Z",338,"Ampadu","LEE","-28.2","-28.2","-28.2","-28.2",-2,0,"0.9",54,1586,4865,21,450,"4.7","a",0,-1,,"false"
"2026-10-01T10:28:19Z",339,"Longstaff","LEE","-97.2","-98.4","-100.5","-102.7",-4,-1,"0.1",49,133,628,2,10,"0.3","a",0,-1,,"false"
"2026-10-01T10:28:19Z",341,"Gnonto","LEE","0.0","0.0","0.0","0.0",0,0,"0.0",50,0,52,0,0,"0.0","u",0,0,,"false"
"2026-10-01T10:28:19Z",342,"Harrison","LEE","0.0","0.0","0.0","0.0",0,0,"0.0",50,0,5,0,0,"0.0","u",0,0,,"false"
"2026-10-01T10:28:19Z",343,"James","LEE","-27.8","-27.8","-27.8","-27.8",-2,0,"0.1",49,183,551,3,52,"0.7","a",0,-1,,"false"
"2026-10-01T10:28:19Z",344,"Gruev","LEE","0.0","0.0","0.0","0.0",0,0,"0.0",50,48,21,0,0,"0.0","a",0,0,,"false"
"2026-10-01T10:28:19Z",345,"Tanaka","LEE","4.8","4.8","4.8","4.8",1,0,"0.3",49,2198,2241,14,255,"4.3","a",0,-1,,"false"
"2026-10-01T10:28:19Z",346,"Calvert-Lewin","LEE","68.0","67.9","67.7","67.6",3,-12,"24.8",60,92877,167531,22,419,"4.3","a",0,0,,"false"
"2026-10-01T10:28:19Z",347,"Nmecha","LEE","-26.1","-26.3","-26.7","-27.1",-2,-1,"0.5",54,1994,3701,7,64,"1.0","a",0,-1,,"false"
"2026-10-01T10:28:19Z",348,"Piroe","LEE","0.0","0.0","0.0","0.0",0,0,"0.1",50,0,422,0,0,"0.0","u",0,0,,"false"
"2026-10-01T10:28:19Z",349,"Mateo Joseph","LEE","-41.1","-41.1","-41.1","-41.1",-3,0,"0.1",45,311,478,0,0,"0.0","i",0,0,,"false"
"2026-10-01T10:28:19Z",385,"Trafford","LEE","33.4","33.5","33.5","33.5",2,2,"5.5",50,22139,14773,28,450,"5.3","a",0,0,,"false"
"2026-10-01T10:28:19Z",598,"Elvedi","LEE","0.7","0.7","0.7","0.7",1,0,"0.1",45,225,229,13,326,"4.0","a",0,0,,"false"
"2026-10-01T10:28:19Z",603,"Lienou","LEE","0.1","0.1","0.1","0.1",1,0,"0.1",40,238,514,0,0,"0.0","a",0,0,,"false"
"2026-10-01T10:28:19Z",604,"Cresswell","LEE","-11.6","-11.6","-11.6","-11.6",-1,0,"0.1",45,301,881,0,0,"0.0","a",0,0,,"false"
"2026-10-01T10:28:19Z",625,"Cairns","LEE","0.4","0.4","0.4","0.4",1,0,"0.2",40,833,770,0,0,"0.0","a",0,0,,"false"
"2026-10-01T10:28:19Z",629,"Zetterer","LEE","2.2","2.2","2.2","2.2",1,0,"0.7",40,3001,2754,0,0,"0.0","a",0,0,,"false"
"2026-10-01T10:28:19Z",641,"Bard","LEE","0.0","0.0","0.0","0.0",0,0,"0.0",45,96,79,1,18,"0.3","a",0,0,,"false"
"2026-10-01T10:28:19Z",648,"Bahoya","LEE","-53.1","-53.1","-53.1","-53.1",-3,0,"0.0",50,106,175,1,1,"0.3","a",0,0,,"false"
"2026-10-01T10:28:19Z",350,"A.Becker","LIV","1.6","1.6","1.6","1.6",1,0,"4.1",55,13022,11606,27,450,"8.3","a",0,0,,"false"
"2026-10-01T10:28:19Z",351,"Mamardashvili","LIV","-96.8","-96.8","-96.8","-96.8",-4,0,"0.1",49,253,614,0,0,"0.0","a",0,-1,,"false"
"2026-10-01T10:28:19Z",352,"Woodman","LIV","-31.5","-31.5","-31.5","-31.5",-2,0,"1.0",40,781,2341,0,0,"0.0","a",0,0,,"false"
"2026-10-01T10:28:19Z",353,"Pecsi","LIV","0.0","0.0","0.0","0.0",0,0,"0.0",40,0,60,0,0,"0.0","u",0,0,,"false"
"2026-10-01T10:28:19Z",354,"Jaros","LIV","0.1","0.1","0.1","0.1",1,0,"0.0",40,204,157,0,0,"0.0","i",0,0,,"false"
"2026-10-01T10:28:19Z",355,"Davies","LIV","0.1","0.1","0.1","0.1",1,0,"0.2",40,288,465,0,0,"0.0","a",0,0,,"false"
"2026-10-01T10:28:19Z",356,"Virgil","LIV","-59.4","-59.4","-59.4","-59.4",-3,-1,"16.2",65,21190,43334,25,450,"7.3","a",0,0,,"false"
"2026-10-01T10:28:19Z",357,"Frimpong","LIV","-37.3","-37.6","-38.2","-38.8",-2,-7,"1.8",53,1598,12647,2,178,"0.3","a",0,-2,,"false"
"2026-10-01T10:28:19Z",358,"Kerkez","LIV","-0.2","-0.3","-0.7","-1.0",-1,-9,"2.2",53,2609,10316,13,385,"4.0","a",-1,-2,,"false"
"2026-10-01T10:28:19Z",359,"Gomez","LIV","0.0","0.0","0.0","0.0",0,0,"0.0",49,319,114,0,0,"0.0","a",0,-1,,"false"
"2026-10-01T10:28:19Z",360,"Bradley","LIV","-86.2","-86.2","-86.2","-86.2",-3,0,"0.0",50,56,83,0,0,"0.0","i",0,0,,"false"
"2026-10-01T10:28:19Z",361,"Lucky","LIV","-53.4","-53.4","-53.4","-53.4",-3,0,"0.1",40,293,575,0,0,"0.0","a",0,0,,"false"
"2026-10-01T10:28:19Z",362,"Jacquet","LIV","55.5","55.6","55.9","56.1",3,16,"3.5",50,33316,13219,24,415,"6.7","a",0,0,,"false"
"2026-10-01T10:28:19Z",363,"Leoni","LIV","-60.5","-60.5","-60.5","-60.5",-3,0,"0.0",40,65,180,0,0,"0.0","i",0,0,,"false"
"2026-10-01T10:28:19Z",364,"Tsimikas","LIV","-54.9","-54.9","-54.9","-54.9",-3,0,"0.1",49,90,391,2,64,"0.3","a",0,-1,,"false"
"2026-10-01T10:28:19Z",365,"Ramsay","LIV","0.0","0.0","0.0","0.0",0,0,"0.1",40,0,473,0,0,"0.0","u",0,0,,"false"
"2026-10-01T10:28:19Z",366,"Wirtz","LIV","-36.9","-36.9","-36.9","-36.9",-2,-1,"5.7",73,3362,41678,18,402,"4.0","a",0,-2,,"false"
"2026-10-01T10:28:19Z",367,"Gakpo","LIV","-0.3","-0.6","-1.3","-1.9",-1,-81,"12.4",72,51060,89797,32,370,"5.0","d",0,2,,"false"
"2026-10-01T10:28:19Z",368,"Szoboszlai","LIV","-96.7","-96.9","-97.1","-97.4",-4,-52,"32.8",70,35711,211293,20,440,"2.7","a",0,0,,"false"
"2026-10-01T10:28:19Z",369,"Ngumoha","LIV","-23.1","-23.5","-24.3","-25.1",-2,-4,"0.5",57,770,4225,4,99,"0.3","a",-1,-3,,"false"
"2026-10-01T10:28:19Z",370,"Chiesa","LIV","-5.9","-5.9","-5.9","-5.9",-1,0,"0.0",53,17,247,0,0,"0.0","i",-1,-2,,"false"
"2026-10-01T10:28:19Z",371,"Gravenberch","LIV","-22.2","-22.3","-22.5","-22.7",-2,-3,"1.1",58,1199,9014,9,190,"1.0","a",-1,-2,,"false"
"2026-10-01T10:28:19Z",372,"Mac Allister","LIV","-42.8","-42.8","-42.8","-42.8",-3,0,"1.3",54,3806,6819,11,306,"2.7","a",0,-1,,"false"
"2026-10-01T10:28:19Z",373,"C.Jones","LIV","0.0","0.0","0.0","0.0",0,0,"0.0",55,0,60,0,0,"0.0","u",0,0,,"false"
"2026-10-01T10:28:19Z",374,"Endo","LIV","-61.5","-61.5","-61.5","-61.5",-3,0,"0.1",49,165,439,0,0,"0.0","a",0,-1,,"false"
"2026-10-01T10:28:19Z",375,"Nyoni","LIV","-86.1","-86.1","-86.1","-86.1",-3,0,"0.0",49,91,310,3,38,"0.7","a",0,-1,,"false"
"2026-10-01T10:28:19Z",376,"Bajcetic","LIV","0.0","0.0","0.0","0.0",0,0,"0.0",50,0,3,0,0,"0.0","u",0,0,,"false"
"2026-10-01T10:28:19Z",377,"Munoz","LIV","6.4","6.3","6.3","6.2",1,-5,"0.9",65,1438,11408,15,257,"1.7","a",0,0,,"false"
"2026-10-01T10:28:19Z",378,"McConnell","LIV","-3.6","-3.6","-3.6","-3.6",-1,0,"0.2",44,1052,1493,0,0,"0.0","a",0,-1,,"false"
"2026-10-01T10:28:19Z",379,"Isak","LIV","7.8","7.3","6.5","5.7",1,-56,"22.4",91,114963,82436,33,413,"7.7","d",0,1,,"false"
"2026-10-01T10:28:19Z",380,"Ekitiké","LIV","-27.4","-27.7","-28.3","-28.9",-2,-1,"0.1",74,372,827,0,0,"0.0","i",0,-1,,"false"
"2026-10-01T10:28:19Z",381,"Koumas","LIV","-93.3","-93.3","-93.3","-93.3",-3,0,"0.0",50,153,189,3,22,"0.7","a",0,0,,"false"
"2026-10-01T10:28:19Z",382,"Danns","LIV","3.6","3.6","3.6","3.6",1,0,"0.2",45,3460,2373,0,0,"0.0","a",0,0,,"false"
"2026-10-01T10:28:19Z",383,"Elliott","LIV","0.0","0.0","0.0","0.0",0,0,"0.0",54,0,224,0,0,"0.0","u",0,-1,,"false"
"2026-10-01T10:28:19Z",579,"Araujo","LIV","33.9","33.9","34.0","34.0",2,4,"3.0",54,16746,10381,22,284,"7.0","a",0,-1,,"false"
"2026-10-01T10:28:19Z",627,"Barcola","LIV","-66.7","-66.7","-66.6","-66.6",-3,1,"1.9",80,10711,18760,7,168,"2.3","a",0,0,,"false"
"2026-10-01T10:28:19Z",155,"Enzo","MCI","1.4","1.4","1.5","1.6",1,6,"3.6",69,30651,14388,13,271,"4.0","a",0,-1,,"false"
"2026-10-01T10:28:19Z",237,"Ndiaye","MCI","-19.8","-19.9","-20.1","-20.2",-1,-11,"6.7",58,6915,68071,22,385,"3.0","a",-1,-2,,"false"
"2026-10-01T10:28:19Z",384,"Donnarumma","MCI","-51.2","-51.3","-51.5","-51.7",-3,-11,"7.6",55,10580,30122,19,450,"5.3","a",0,0,,"false"
"2026-10-01T10:28:19Z",386,"Bettinelli","MCI","-86.5","-86.5","-86.5","-86.5",-3,0,"0.0",45,51,89,0,0,"0.0","a",0,0,,"false"
"2026-10-01T10:28:19Z",387,"O'Reilly","MCI","-3.8","-3.9","-4.0","-4.1",-1,-14,"10.9",63,5305,70005,6,163,"0.7","a",-1,-2,,"false"
"2026-10-01T10:28:19Z",388,"Guéhi","MCI","64.6","64.4","64.1","63.8",3,-20,"18.2",60,23283,50794,30,450,"6.0","a",0,0,,"false"
"2026-10-01T10:28:19Z",389,"Matheus N.","MCI","-33.5","-33.4","-33.2","-33.0",-2,1,"1.0",59,1633,2902,11,213,"3.3","a",0,-1,,"false"
"2026-10-01T10:28:19Z",390,"Rúben","MCI","3.8","3.8","3.8","3.8",1,0,"1.9",55,4620,9009,17,450,"4.3","a",0,0,,"false"
"2026-10-01T10:28:19Z",391,"Gvardiol","MCI","79.0","79.1","79.3","79.5",3,14,"26.8",57,145842,53979,37,434,"7.7","a",0,2,,"false"
"2026-10-01T10:28:19Z",392,"Aït-Nouri","MCI","-97.7","-97.4","-97.0","-96.5",-4,1,"0.4",53,520,2153,0,0,"0.0","a",0,-2,,"false"
"2026-10-01T10:28:19Z",393,"Khusanov","MCI","-34.5","-34.7","-35.2","-35.6",-2,-4,"1.4",54,1394,8946,9,268,"1.7","a",0,-1,,"false"
"2026-10-01T10:28:19Z",394,"Alleyne","MCI","0.0","0.0","0.0","0.0",0,0,"0.0",50,0,20,0,0,"0.0","u",0,0,,"false"
"2026-10-01T10:28:19Z",395,"Lewis","MCI","-65.3","-65.3","-65.3","-65.3",-3,0,"0.2",44,300,1198,1,56,"0.0","a",0,-1,,"false"
"2026-10-01T10:28:19Z",396,"Vitor Reis","MCI","-81.9","-81.9","-81.9","-81.9",-3,0,"0.0",45,72,149,1,1,"0.0","a",0,0,,"false"
"2026-10-01T10:28:19Z",397,"Semenyo","MCI","-19.8","-19.9","-20.2","-20.4",-1,-45,"15.3",84,125110,66000,33,450,"8.7","d",0,-1,,"false"
"2026-10-01T10:28:19Z",398,"Foden","MCI","-47.9","-48.1","-48.5","-48.9",-3,-13,"1.8",69,206,28132,9,217,"-0.3","s",0,-1,,"false"
"2026-10-01T10:28:19Z",399,"Cherki","MCI","-56.0","-55.7","-55.1","-54.5",-3,42,"28.4",78,121970,88320,34,302,"4.0","a",0,3,,"false"
"2026-10-01T10:28:19Z",400,"Doku","MCI","0.2","0.3","0.3","0.4",1,4,"0.7",74,4290,2041,1,15,"0.3","a",0,-1,,"false"
"2026-10-01T10:28:19Z",402,"Rodrigo","MCI","0.0","0.0","0.0","0.0",0,0,"0.0",65,0,25,0,0,"0.0","u",0,0,,"false"
"2026-10-01T10:28:19Z",404,"Reijnders","MCI","0.0","0.0","0.0","0.0",0,0,"0.0",60,0,99,0,0,"0.0","u",0,0,,"false"
"2026-10-01T10:28:19Z",406,"Kovačić","MCI","-95.8","-95.8","-95.8","-95.8",-4,0,"0.1",54,111,456,2,42,"0.0","a",0,-1,,"false"
"2026-10-01T10:28:19Z",407,"Echeverri","MCI","0.0","0.0","0.0","0.0",0,-1,"0.0",49,0,53,0,0,"0.0","u",0,-1,,"false"
"2026-10-01T10:28:19Z",408,"Phillips","MCI","0.0","0.0","0.0","0.0",0,0,"0.0",50,0,12,0,0,"0.0","u",0,0,,"false"
"2026-10-01T10:28:19Z",409,"Mukasa","MCI","0.0","0.0","0.0","0.0",0,0,"0.1",45,0,590,0,0,"0.0","u",0,0,,"false"
"2026-10-01T10:28:19Z",410,"Monga","MCI","0.0","0.0","0.0","0.0",0,0,"0.0",49,0,50,0,0,"0.0","u",0,-1,,"false"
"2026-10-01T10:28:19Z",411,"Haaland","MCI","22.6","22.7","22.9","23.1",2,15,"73.8",156,77839,19952,39,450,"8.0","a",0,1,,"false"
"2026-10-01T10:28:19Z",481,"Anderson","MCI","-41.3","-41.4","-41.6","-41.9",-3,-6,"4.0",63,7736,27546,15,413,"3.3","a",0,-2,,"false"
"2026-10-01T10:28:19Z",587,"Rulli","MCI","-89.7","-89.7","-89.7","-89.7",-3,0,"0.0",50,70,103,0,0,"0.0","a",0,0,,"false"
"2026-10-01T10:28:19Z",616,"Bouaddi","MCI","-32.2","-32.2","-32.2","-32.2",-2,0,"0.2",55,831,2101,2,22,"0.3","a",0,0,,"false"
"2026-10-01T10:28:19Z",621,"McAidoo","MCI","-88.5","-88.5","-88.5","-88.5",-3,0,"0.1",45,193,1083,2,11,"0.3","a",0,0,,"false"
"2026-10-01T10:28:19Z",622,"Braithwaite","MCI","-37.9","-37.9","-37.9","-37.9",-2,0,"0.2",40,575,1630,1,1,"0.0","a",0,0,,"false"
"2026-10-01T10:28:19Z",628,"Allan","MCI","0.1","0.1","0.1","0.1",1,0,"0.0",60,223,164,0,0,"0.0","a",0,0,,"false"
"2026-10-01T10:28:19Z",653,"Samba","MCI","-39.9","-39.9","-39.9","-39.9",-2,0,"0.0",45,242,487,0,0,"0.0","a",0,0,,"false"
"2026-10-01T10:28:19Z",43,"Tielemans","MUN","-36.5","-36.8","-37.2","-37.6",-2,-4,"1.5",58,3108,10604,14,402,"2.7","a",0,-2,,"false"
"2026-10-01T10:28:19Z",131,"Baleba","MUN","0.0","0.1","0.1","0.2",1,3,"0.1",49,1259,724,0,0,"0.0","a",0,-1,,"false"
"2026-10-01T10:28:19Z",162,"Andrey Santos","MUN","-49.1","-49.1","-49.1","-49.1",-3,0,"0.6",48,1030,4895,4,82,"0.3","a",0,-2,,"false"
"2026-10-01T10:28:19Z",325,"Darlow","MUN","-22.7","-22.7","-22.7","-22.7",-2,0,"0.0",45,59,210,0,0,"0.0","d",0,0,,"false"
"2026-10-01T10:28:19Z",412,"Lammens","MUN","-16.7","-16.8","-16.9","-17.0",-1,-6,"9.9",49,6659,48209,11,450,"2.7","a",0,-1,,"false"
"2026-10-01T10:28:19Z",413,"Bayindir","MUN","0.0","0.0","0.0","0.0",0,0,"0.0",45,0,38,0,0,"0.0","u",0,0,,"false"
"2026-10-01T10:28:19Z",414,"Heaton","MUN","-35.5","-35.5","-35.5","-35.5",-2,0,"0.1",40,190,264,0,0,"0.0","i",0,0,,"false"
"2026-10-01T10:28:19Z",415,"Dorgu","MUN","-58.2","-58.3","-58.7","-59.0",-3,-2,"0.5",58,1027,4073,10,171,"3.0","d",0,-2,,"false"
"2026-10-01T10:28:19Z",416,"De Ligt","MUN","-95.6","-95.6","-95.6","-95.6",-4,0,"0.0",50,74,131,0,0,"0.0","i",0,0,,"false"
"2026-10-01T10:28:19Z",417,"Dalot","MUN","-76.6","-76.6","-76.6","-76.6",-3,0,"1.6",49,1240,7456,8,346,"1.7","a",0,-1,,"false"
"2026-10-01T10:28:19Z",418,"Maguire","MUN","-1.8","-1.8","-2.0","-2.1",-1,-11,"8.6",48,4278,74337,10,450,"1.7","a",-1,-2,,"false"
"2026-10-01T10:28:19Z",419,"Martinez","MUN","-95.9","-95.9","-95.9","-95.9",-4,0,"1.3",50,3650,6385,6,360,"1.7","a",0,0,,"false"
"2026-10-01T10:28:19Z",420,"Yoro","MUN","-10.5","-10.5","-10.5","-10.5",-1,0,"0.5",48,458,2150,2,22,"0.3","a",-1,-2,,"false"
"2026-10-01T10:28:19Z",421,"Heaven","MUN","-0.1","-0.3","-0.7","-1.1",-1,-1,"0.3",43,234,1470,1,90,"0.0","a",-1,-2,,"false"
"2026-10-01T10:28:19Z",422,"Mazraoui","MUN","-73.0","-73.0","-73.0","-73.0",-3,0,"0.5",44,579,2859,3,97,"0.3","a",0,-1,,"false"
"2026-10-01T10:28:19Z",423,"Shaw","MUN","-4.6","-4.7","-4.7","-4.7",-1,-4,"7.7",43,3562,76120,9,335,"2.0","a",-1,-2,,"false"
"2026-10-01T10:28:19Z",424,"Amass","MUN","-45.2","-45.2","-45.2","-45.2",-3,0,"0.2",40,417,779,0,0,"0.0","a",0,0,,"false"
"2026-10-01T10:28:19Z",425,"Fredricson","MUN","0.0","0.0","0.0","0.0",0,0,"0.0",40,0,49,0,0,"0.0","u",0,0,,"false"
"2026-10-01T10:28:19Z",426,"B.Fernandes","MUN","-1.1","-1.1","-1.1","-1.1",-1,6,"38.5",119,43100,195355,31,450,"2.0","a",-1,-1,,"false"
"2026-10-01T10:28:19Z",427,"Mbeumo","MUN","-74.8","-74.9","-75.0","-75.2",-3,-17,"20.6",79,36328,128732,25,450,"4.0","a",0,-1,,"false"
"2026-10-01T10:28:19Z",428,"Cunha","MUN","-94.0","-93.9","-93.7","-93.4",-3,9,"5.8",79,21695,21395,26,407,"5.0","a",0,-1,,"false"
"2026-10-01T10:28:19Z",429,"Rashford","MUN","-82.0","-82.5","-83.3","-84.2",-3,-15,"1.5",70,4152,17504,10,351,"2.3","d",0,0,,"false"
"2026-10-01T10:28:19Z",430,"Mount","MUN","0.1","0.1","0.1","0.1",1,0,"0.0",54,183,199,1,10,"0.3","a",0,-1,,"false"
"2026-10-01T10:28:19Z",431,"Amad","MUN","-16.9","-17.2","-17.8","-18.3",-1,-3,"0.3",57,128,1798,0,0,"0.0","i",0,-3,,"false"
"2026-10-01T10:28:19Z",432,"Mainoo","MUN","13.8","13.7","13.6","13.4",1,-10,"1.6",55,7619,14938,22,354,"5.7","d",0,0,,"false"
"2026-10-01T10:28:19Z",433,"Ugarte","MUN","-67.8","-67.8","-67.8","-67.8",-3,0,"0.0",50,23,24,0,0,"0.0","i",0,0,,"false"
"2026-10-01T10:28:19Z",434,"J.Fletcher","MUN","-37.5","-37.5","-37.5","-37.5",-2,0,"0.0",49,44,57,0,0,"0.0","a",0,-1,,"false"
"2026-10-01T10:28:19Z",435,"Lacey","MUN","-5.6","-5.6","-5.6","-5.6",-1,0,"0.1",49,372,355,1,10,"0.0","a",0,-1,,"false"
"2026-10-01T10:28:19Z",436,"Collyer","MUN","0.0","0.0","0.0","0.0",0,0,"0.0",50,0,46,0,0,"0.0","u",0,0,,"false"
"2026-10-01T10:28:19Z",437,"Bendito Mantato","MUN","0.0","0.0","0.0","0.0",0,0,"0.2",44,418,854,0,0,"0.0","a",-1,-1,,"false"
"2026-10-01T10:28:19Z",438,"Fletcher","MUN","0.4","0.4","0.3","0.3",1,-3,"0.3",44,2552,2103,0,0,"0.0","a",0,-1,,"false"
"2026-10-01T10:28:19Z",439,"Šeško","MUN","-40.9","-41.2","-41.7","-42.2",-3,-10,"1.6",70,6603,23885,8,76,"2.0","d",0,0,,"false"
"2026-10-01T10:28:19Z",440,"Zirkzee","MUN","-8.0","-8.1","-8.4","-8.6",-1,-1,"0.4",53,1935,3112,2,20,"0.7","a",-1,-2,,"false"
"2026-10-01T10:28:19Z",441,"Obi","MUN","0.0","0.0","0.0","0.0",0,-6,"0.9",45,0,11229,0,0,"0.0","u",0,0,,"false"
"2026-10-01T10:28:19Z",405,"N.Gonzalez","NEW","0.8","0.8","0.9","0.9",1,1,"0.2",55,596,1835,5,164,"1.0","a",0,0,,"false"
"2026-10-01T10:28:19Z",442,"Pope","NEW","-44.0","-44.1","-44.3","-44.5",-3,-1,"0.9",49,857,3105,0,0,"0.0","a",0,-1,,"false"
"2026-10-01T10:28:19Z",443,"Gillespie","NEW","-38.6","-38.6","-38.6","-38.6",-2,0,"0.0",45,43,88,0,0,"0.0","a",0,0,,"false"
"2026-10-01T10:28:19Z",444,"Jaouen","NEW","-6.6","-6.6","-6.6","-6.6",-1,0,"0.0",44,20,117,0,0,"0.0","d",-1,-1,,"false"
"2026-10-01T10:28:19Z",445,"Thiaw","NEW","17.7","17.7","17.6","17.5",1,-5,"2.2",50,8496,9939,14,450,"1.7","a",0,0,,"false"
"2026-10-01T10:28:19Z",446,"Schär","NEW","-11.3","-11.3","-11.3","-11.3",-1,0,"0.2",49,548,896,2,25,"0.3","a",0,-1,,"false"
"2026-10-01T10:28:19Z",447,"Botman","NEW","9.7","9.7","9.6","9.6",1,-1,"0.7",50,4708,2998,15,450,"2.3","a",0,0,,"false"
"2026-10-01T10:28:19Z",448,"Burn","NEW","-3.8","-3.9","-4.1","-4.2",-1,-4,"0.7",48,110,5753,0,0,"0.0","i",-1,-2,,"false"
"2026-10-01T10:28:19Z",449,"Hall","NEW","6.9","7.0","7.3","7.5",1,46,"17.3",53,244466,20241,31,449,"5.7","a",1,3,,"false"
"2026-10-01T10:28:19Z",450,"Livramento","NEW","1.5","1.5","1.5","1.5",1,0,"0.1",49,443,1484,4,33,"1.3","d",0,-1,,"false"
"2026-10-01T10:28:19Z",451,"A.Murphy","NEW","0.0","0.0","0.0","0.0",0,0,"0.1",40,0,285,0,0,"0.0","u",0,0,,"false"
"2026-10-01T10:28:19Z",453,"Barnes","NEW","15.7","15.9","16.3","16.6",1,63,"5.7",61,158529,17738,28,450,"7.7","a",1,1,,"false"
"2026-10-01T10:28:19Z",454,"Elanga","NEW","-39.7","-39.9","-40.3","-40.7",-2,-54,"4.5",61,325,165744,18,232,"0.3","i",-1,1,,"false"
"2026-10-01T10:28:19Z",456,"J.Ramsey","NEW","-91.2","-91.2","-91.2","-91.2",-3,0,"0.2",49,64,4693,7,69,"2.0","i",0,-1,,"false"
"2026-10-01T10:28:19Z",457,"J.Murphy","NEW","-20.1","-20.1","-20.1","-20.1",-2,0,"0.1",59,947,773,3,181,"0.7","a",0,-1,,"false"
"2026-10-01T10:28:19Z",458,"Joelinton","NEW","-61.9","-61.9","-61.9","-61.9",-3,0,"0.0",54,19,79,0,0,"0.0","i",0,-1,,"false"
"2026-10-01T10:28:19Z",459,"L.Miley","NEW","0.6","0.6","0.6","0.6",1,0,"0.1",55,480,454,12,396,"2.0","a",0,0,,"false"
"2026-10-01T10:28:19Z",460,"Willock","NEW","15.2","15.3","15.3","15.4",1,4,"0.6",50,9583,2693,22,284,"4.3","a",0,0,,"false"
"2026-10-01T10:28:19Z",461,"Touré","NEW","-10.7","-10.7","-10.7","-10.7",-1,0,"0.1",58,325,850,8,50,"2.3","a",0,-2,,"false"
"2026-10-01T10:28:19Z",462,"Steur","NEW","-51.7","-51.7","-51.7","-51.7",-3,0,"0.1",49,264,381,8,223,"2.0","a",0,-1,,"false"
"2026-10-01T10:28:19Z",463,"Woltemade","NEW","0.0","0.0","0.0","0.0",0,0,"0.5",59,0,3668,4,19,"0.0","u",0,-1,,"false"
"2026-10-01T10:28:19Z",464,"Wissa","NEW","61.6","61.7","61.8","62.0",3,10,"18.7",62,86405,139963,15,441,"1.0","a",0,2,,"false"
"2026-10-01T10:28:19Z",465,"Osula","NEW","-8.0","-8.0","-8.0","-8.0",-1,0,"0.3",58,125,2350,4,55,"0.0","i",-1,-2,,"false"
"2026-10-01T10:28:19Z",466,"Neave","NEW","0.0","0.0","0.0","0.0",0,0,"0.5",45,0,3864,0,0,"0.0","u",0,0,,"false"
"2026-10-01T10:28:19Z",559,"Bamba","NEW","-69.5","-69.5","-69.5","-69.5",-3,0,"0.1",49,128,487,3,27,"0.7","a",0,-1,,"false"
"2026-10-01T10:28:19Z",567,"Horníček","NEW","23.7","23.7","23.8","23.8",2,4,"1.5",50,7107,4913,14,450,"2.0","a",0,0,,"false"
"2026-10-01T10:28:19Z",593,"Dedić","NEW","-10.3","-10.6","-11.0","-11.3",-1,-13,"1.8",45,256,37244,13,327,"0.3","i",0,0,,"false"
"2026-10-01T10:28:19Z",609,"Shahar","NEW","0.0","0.0","0.0","0.0",0,0,"0.2",40,0,1849,0,0,"0.0","u",0,0,,"false"
"2026-10-01T10:28:19Z",634,"Fernandez-Pardo","NEW","0.7","0.7","0.8","0.8",1,2,"0.1",60,1978,1405,4,157,"1.3","a",0,0,,"false"
"2026-10-01T10:28:19Z",659,"Miley","NEW","0.0","0.0","0.0","0.0",0,0,"0.0",45,1396,640,0,0,"0.0","a",0,0,,"false"
"2026-10-01T10:28:19Z",663,"Pivas","NEW","0.0","0.0","0.0","0.0",0,0,"0.0",40,388,57,0,0,"0.0","a",0,0,"2026-10-02T19:10:51.639791Z","false"
"2026-10-01T10:28:19Z",664,"Salia","NEW","0.0","0.0","0.0","0.0",0,0,"0.1",45,9590,1546,0,0,"0.0","a",0,0,"2026-10-02T19:11:17.402697Z","false"
"2026-10-01T10:28:19Z",665,"Mills","NEW","0.0","0.0","0.0","0.0",0,0,"0.0",45,159,29,0,0,"0.0","a",0,0,"2026-10-02T19:11:39.931907Z","false"
"2026-10-01T10:28:19Z",666,"Thompson","NEW","0.0","0.0","0.0","0.0",0,0,"0.0",45,233,35,0,0,"0.0","a",0,0,"2026-10-02T19:12:09.032926Z","false"
"2026-10-01T10:28:19Z",167,"Delap","NFO","-23.6","-23.8","-24.1","-24.5",-2,-6,"2.7",56,24834,28505,9,277,"2.7","a",1,1,,"false"
"2026-10-01T10:28:19Z",201,"Muñoz","NFO","-46.8","-46.8","-46.8","-46.9",-3,-1,"5.7",54,7775,29756,5,257,"1.7","a",0,-1,,"false"
"2026-10-01T10:28:19Z",467,"Sels","NFO","4.4","4.4","4.4","4.4",1,-1,"1.6",50,1981,6047,14,450,"3.7","a",0,0,,"false"
"2026-10-01T10:28:19Z",468,"John","NFO","-73.2","-73.2","-73.2","-73.2",-3,0,"0.1",45,60,152,0,0,"0.0","a",0,0,,"false"
"2026-10-01T10:28:19Z",469,"N.Williams","NFO","24.1","24.1","24.0","23.9",2,-6,"8.7",50,10903,46447,19,450,"3.7","a",0,0,,"false"
"2026-10-01T10:28:19Z",470,"Morato","NFO","0.0","0.0","0.0","0.0",0,0,"0.0",50,0,116,0,0,"0.0","u",0,0,,"false"
"2026-10-01T10:28:19Z",471,"Milenković","NFO","-13.1","-13.2","-13.4","-13.6",-1,-6,"1.0",54,66,12066,12,270,"2.3","i",-1,-1,,"false"
"2026-10-01T10:28:19Z",472,"Murillo","NFO","24.0","24.0","24.1","24.2",2,6,"2.1",55,8249,8081,23,449,"6.0","a",0,0,,"false"
"2026-10-01T10:28:19Z",473,"Aina","NFO","-2.9","-2.9","-3.0","-3.1",-1,-3,"2.4",44,1054,20218,8,306,"1.0","a",-1,-1,,"false"
"2026-10-01T10:28:19Z",474,"Jair Cunha","NFO","-47.6","-47.6","-47.6","-47.6",-3,0,"0.2",45,247,634,11,360,"3.0","a",0,0,,"false"
"2026-10-01T10:28:19Z",475,"Savona","NFO","-19.3","-19.3","-19.3","-19.3",-1,0,"0.0",45,20,20,0,0,"0.0","i",0,0,,"false"
"2026-10-01T10:28:19Z",476,"O.Richards","NFO","-66.8","-66.8","-66.8","-66.8",-3,0,"0.2",40,295,725,0,0,"0.0","a",0,0,,"false"
"2026-10-01T10:28:19Z",477,"Abbott","NFO","0.0","0.0","0.0","0.0",0,0,"0.1",40,0,811,0,0,"0.0","u",0,0,,"false"
"2026-10-01T10:28:19Z",478,"Netz","NFO","-8.0","-8.0","-8.0","-8.0",-1,0,"0.0",44,54,117,3,27,"0.3","a",0,-1,,"false"
"2026-10-01T10:28:19Z",479,"Bindon","NFO","0.0","0.0","0.0","0.0",0,-2,"0.1",40,0,519,0,0,"0.0","u",0,0,,"false"
"2026-10-01T10:28:19Z",480,"Gibbs-White","NFO","51.0","51.0","51.1","51.2",3,5,"15.7",80,65153,81575,28,450,"4.3","a",0,0,,"false"
"2026-10-01T10:28:19Z",482,"Hudson-Odoi","NFO","-38.3","-38.3","-38.3","-38.3",-2,0,"0.1",58,256,1153,1,1,"0.0","a",0,-2,,"false"
"2026-10-01T10:28:19Z",483,"Ndoye","NFO","13.3","13.3","13.3","13.3",1,-1,"0.7",55,753,8046,15,316,"1.0","a",0,0,,"false"
"2026-10-01T10:28:19Z",484,"Hutchinson","NFO","0.0","0.0","0.0","0.0",0,0,"0.1",54,0,360,0,0,"0.0","u",0,-1,,"false"
"2026-10-01T10:28:19Z",485,"Bakwa","NFO","0.0","0.0","0.0","0.0",0,0,"0.0",55,0,33,0,0,"0.0","u",0,0,,"false"
"2026-10-01T10:28:19Z",486,"McAtee","NFO","2.2","2.2","2.2","2.2",1,-1,"0.1",55,344,900,12,416,"2.3","a",0,0,,"false"
"2026-10-01T10:28:19Z",487,"Dominguez","NFO","-67.0","-67.0","-67.0","-67.0",-3,0,"0.1",49,62,291,1,1,"0.0","a",0,-1,,"false"
"2026-10-01T10:28:19Z",488,"I.Sangaré","NFO","-97.2","-97.2","-97.2","-97.2",-4,0,"0.4",49,303,3012,4,105,"0.7","a",0,-1,,"false"
"2026-10-01T10:28:19Z",489,"Yates","NFO","-87.7","-88.0","-88.5","-89.0",-3,-4,"1.2",45,590,7313,0,0,"0.0","a",0,0,,"false"
"2026-10-01T10:28:19Z",490,"Wood","NFO","-39.5","-39.9","-40.8","-41.6",-2,-5,"0.9",58,1968,6434,4,62,"1.0","a",0,-2,,"false"
"2026-10-01T10:28:19Z",491,"Igor Jesus","NFO","0.1","0.1","0.1","0.2",1,3,"2.6",58,7219,22952,12,257,"3.0","a",0,-2,,"false"
"2026-10-01T10:28:19Z",493,"Kalimuendo","NFO","0.0","0.0","0.0","0.0",0,0,"0.1",54,227,413,1,1,"0.0","a",0,-1,,"false"
"2026-10-01T10:28:19Z",558,"Schlager","NFO","0.4","0.4","0.4","0.4",1,0,"0.1",50,220,773,13,376,"2.7","a",0,0,,"false"
"2026-10-01T10:28:19Z",581,"Diomande","NFO","-49.8","-49.6","-49.3","-49.0",-3,1,"0.5",54,1507,2238,7,163,"2.3","a",0,-1,,"false"
"2026-10-01T10:28:19Z",590,"Benda","NFO","0.0","0.0","0.0","0.0",0,0,"0.1",45,123,238,0,0,"0.0","a",0,0,,"false"
"2026-10-01T10:28:19Z",112,"Van Hecke","TOT","-15.0","-15.3","-15.7","-16.1",-1,-35,"6.5",49,18465,28840,24,450,"7.3","d",0,-1,,"false"
"2026-10-01T10:28:19Z",147,"Tosin","TOT","-39.0","-39.0","-39.0","-39.0",-2,0,"0.1",44,103,556,1,5,"0.3","a",0,-1,,"false"
"2026-10-01T10:28:19Z",401,"Marmoush","TOT","37.5","37.5","37.5","37.5",2,1,"2.1",70,11252,21481,8,339,"2.0","a",0,0,,"false"
"2026-10-01T10:28:19Z",403,"Sávio","TOT","10.6","10.6","10.5","10.5",1,-4,"0.7",65,2844,6766,8,240,"2.7","a",0,0,,"false"
"2026-10-01T10:28:19Z",455,"Tonali","TOT","-19.1","-19.3","-19.7","-20.0",-1,-8,"1.8",53,2274,14930,14,427,"3.3","a",-1,-2,,"false"
"2026-10-01T10:28:19Z",494,"Vicario","TOT","0.0","0.0","0.0","0.0",0,0,"0.1",45,0,712,0,0,"0.0","u",0,0,,"false"
"2026-10-01T10:28:19Z",495,"Austin","TOT","2.2","2.2","2.2","2.2",1,0,"1.0",40,1907,2146,0,0,"0.0","a",0,0,,"false"
"2026-10-01T10:28:19Z",496,"Kinsky","TOT","-50.5","-50.5","-50.6","-50.7",-3,-10,"17.3",45,17714,110191,18,450,"5.0","a",0,0,,"false"
"2026-10-01T10:28:19Z",497,"Dubravka","TOT","-24.2","-24.3","-24.3","-24.4",-2,-6,"17.1",40,26252,47575,0,0,"0.0","a",0,0,,"false"
"2026-10-01T10:28:19Z",498,"Senesi","TOT","-54.4","-54.5","-54.6","-54.6",-3,-2,"3.5",58,1176,21337,3,90,"0.0","a",0,-2,,"false"
"2026-10-01T10:28:19Z",499,"Pedro Porro","TOT","-30.2","-30.3","-30.6","-30.9",-2,-26,"7.6",54,1688,74320,9,198,"2.7","d",0,-1,,"false"
"2026-10-01T10:28:19Z",500,"Romero","TOT","0.0","0.0","0.0","0.0",0,0,"0.1",50,0,298,0,0,"0.0","u",0,0,,"false"
"2026-10-01T10:28:19Z",502,"Robertson","TOT","0.3","0.3","0.4","0.4",1,1,"2.5",44,5493,12648,17,366,"4.0","a",0,-1,,"false"
"2026-10-01T10:28:19Z",503,"Van de Ven","TOT","-21.7","-22.0","-22.5","-23.0",-2,-12,"3.8",50,5698,19606,16,360,"5.3","a",0,0,,"false"
"2026-10-01T10:28:19Z",505,"Spence","TOT","0.0","0.0","0.0","0.0",0,0,"0.2",45,0,1180,0,0,"0.0","u",0,0,,"false"
"2026-10-01T10:28:19Z",506,"Udogie","TOT","-20.7","-21.0","-21.5","-22.0",-2,-1,"0.3",44,340,1608,7,86,"1.7","a",0,-1,,"false"
"2026-10-01T10:28:19Z",507,"Phillips","TOT","0.0","0.0","0.0","0.0",0,0,"0.0",45,0,54,0,0,"0.0","u",0,0,,"false"
"2026-10-01T10:28:19Z",508,"Davies","TOT","1.5","1.5","1.5","1.5",1,0,"0.9",39,7391,3867,0,0,"0.0","a",-1,-1,,"false"
"2026-10-01T10:28:19Z",509,"Byfield","TOT","-4.4","-4.4","-4.4","-4.4",-1,0,"0.1",40,124,247,0,0,"0.0","a",0,0,,"false"
"2026-10-01T10:28:19Z",510,"Rowswell","TOT","-16.2","-16.2","-16.2","-16.2",-1,0,"0.1",40,156,337,0,0,"0.0","a",0,0,,"false"
"2026-10-01T10:28:19Z",511,"Souza","TOT","0.0","0.0","0.0","0.0",0,0,"0.2",40,0,882,0,0,"0.0","u",0,0,,"false"
"2026-10-01T10:28:19Z",512,"Kudus","TOT","2.1","2.1","2.1","2.1",1,1,"0.2",65,2233,1119,7,123,"2.0","a",0,0,,"false"
"2026-10-01T10:28:19Z",513,"Xavi","TOT","-16.9","-16.9","-16.9","-16.9",-1,0,"0.0",59,52,80,0,0,"0.0","i",0,-1,,"false"
"2026-10-01T10:28:19Z",514,"Tel","TOT","-26.5","-26.5","-26.5","-26.5",-2,0,"0.2",57,198,1939,8,257,"1.3","a",-1,-3,,"false"
"2026-10-01T10:28:19Z",515,"Maddison","TOT","-70.4","-70.6","-71.1","-71.6",-3,-1,"0.4",63,733,1968,3,59,"0.7","a",0,-2,,"false"
"2026-10-01T10:28:19Z",516,"Bentancur","TOT","-74.0","-74.0","-74.0","-74.0",-3,0,"0.2",55,370,709,15,370,"4.0","a",0,0,,"false"
"2026-10-01T10:28:19Z",517,"Odobert","TOT","0.0","0.0","0.0","0.0",0,0,"0.0",55,25,14,0,0,"0.0","i",0,0,,"false"
"2026-10-01T10:28:19Z",518,"P.M.Sarr","TOT","0.0","0.0","0.0","0.0",0,0,"0.1",49,0,671,0,0,"0.0","u",0,-1,,"false"
"2026-10-01T10:28:19Z",519,"Gallagher","TOT","0.1","0.1","0.1","0.1",1,0,"0.2",53,806,653,9,134,"3.0","a",0,-2,,"false"
"2026-10-01T10:28:19Z",520,"Bergvall","TOT","-3.1","-3.1","-3.1","-3.1",-1,0,"0.1",53,106,624,3,78,"0.7","a",-1,-2,,"false"
"2026-10-01T10:28:19Z",521,"Kulusevski","TOT","-79.2","-79.2","-79.2","-79.2",-3,0,"0.0",65,94,71,0,0,"0.0","i",0,0,,"false"
"2026-10-01T10:28:19Z",522,"Gray","TOT","-24.3","-24.3","-24.3","-24.3",-2,0,"0.2",49,459,1195,9,307,"1.7","a",0,-1,,"false"
"2026-10-01T10:28:19Z",523,"Moore","TOT","0.0","0.0","0.0","0.0",0,0,"0.1",50,0,539,3,89,"0.0","u",0,0,,"false"
"2026-10-01T10:28:19Z",524,"Olusesi","TOT","7.8","7.8","7.9","7.9",1,2,"1.0",44,6090,7590,0,0,"0.0","a",0,-1,,"false"
"2026-10-01T10:28:19Z",525,"Fernandes","TOT","-10.0","-10.1","-10.2","-10.4",-1,-1,"0.8",57,463,6610,7,249,"1.3","a",-1,-3,,"false"
"2026-10-01T10:28:19Z",526,"Solanke","TOT","-30.2","-30.7","-31.7","-32.6",-2,-5,"0.8",58,1903,5668,7,170,"1.7","a",0,-2,,"false"
"2026-10-01T10:28:19Z",527,"Richarlison","TOT","0.0","0.0","0.0","0.0",0,-1,"0.6",59,0,5711,2,67,"0.0","u",0,-1,,"false"
"2026-10-01T10:28:19Z",528,"Scarlett","TOT","0.0","0.0","0.0","0.0",0,-2,"1.1",45,0,8002,0,0,"0.0","u",0,0,,"false"
"2026-10-01T10:28:19Z",578,"Mudryk","TOT","-11.7","-11.7","-11.7","-11.7",-1,0,"0.0",53,20,557,1,16,"0.3","i",-1,-2,,"false"
"2026-10-01T10:28:19Z",601,"Williams-Barnett","TOT","-52.0","-52.0","-52.0","-52.0",-3,0,"0.1",45,166,755,0,0,"0.0","a",0,0,,"false"
"2026-10-01T10:28:19Z",501,"Danso","SUN","-82.1","-82.1","-82.1","-82.1",-3,0,"0.2",50,1149,830,3,270,"1.0","a",0,0,,"false"
"2026-10-01T10:28:19Z",529,"Roefs","SUN","-16.2","-16.3","-16.4","-16.5",-1,-2,"2.4",49,2043,11506,11,450,"1.3","a",0,-1,,"false"
"2026-10-01T10:28:19Z",530,"Patterson","SUN","0.0","0.0","0.0","0.0",0,0,"0.1",40,0,349,0,0,"0.0","u",0,0,,"false"
"2026-10-01T10:28:19Z",531,"Ellborg","SUN","-0.1","-0.1","-0.1","-0.1",-1,0,"0.1",44,134,255,0,0,"0.0","a",-1,-1,,"false"
"2026-10-01T10:28:19Z",532,"Ballard","SUN","-52.9","-53.1","-53.3","-53.6",-3,-8,"2.5",49,3596,16808,14,450,"2.0","d",0,-1,,"false"
"2026-10-01T10:28:19Z",533,"Mukiele","SUN","-16.7","-16.7","-16.5","-16.4",-1,2,"1.9",54,5097,8754,13,360,"1.3","a",0,-1,,"false"
"2026-10-01T10:28:19Z",534,"Hume","SUN","-7.7","-7.8","-7.9","-8.1",-1,-5,"2.8",43,1218,29452,10,206,"0.7","a",-1,-2,,"false"
"2026-10-01T10:28:19Z",535,"Alderete","SUN","-6.6","-6.6","-6.6","-6.6",-1,0,"0.2",48,219,1057,1,23,"0.0","a",-1,-2,,"false"
"2026-10-01T10:28:19Z",536,"Reinildo","SUN","-0.0","-0.0","-0.0","-0.0",0,0,"0.3",44,190,1557,7,360,"0.0","a",-1,-1,,"false"
"2026-10-01T10:28:19Z",537,"Seelt","SUN","0.0","0.0","0.0","0.0",0,0,"0.0",45,0,22,0,0,"0.0","u",0,0,,"false"
"2026-10-01T10:28:19Z",538,"Hjelde","SUN","0.0","0.0","0.0","0.0",0,0,"0.0",40,0,155,0,0,"0.0","u",0,0,,"false"
"2026-10-01T10:28:19Z",539,"O'Nien","SUN","4.0","4.0","4.0","4.0",1,-1,"2.5",39,17617,11520,1,66,"0.0","a",-1,-1,,"false"
"2026-10-01T10:28:19Z",540,"Masuaku","SUN","0.0","0.0","0.0","0.0",0,0,"0.1",40,0,629,0,0,"0.0","u",0,0,,"false"
"2026-10-01T10:28:19Z",541,"Meunier","SUN","-32.5","-31.1","-28.5","-25.9",-2,5,"0.3",45,1614,874,14,396,"2.3","a",0,0,,"false"
"2026-10-01T10:28:19Z",542,"E.Le Fée","SUN","-4.3","-4.3","-4.2","-4.2",-1,1,"3.4",57,11296,23797,18,438,"4.3","a",-1,-3,,"false"
"2026-10-01T10:28:19Z",543,"Diarra","SUN","-0.2","-0.2","-0.2","-0.2",-1,0,"0.0",53,20,232,5,28,"0.0","i",-1,-2,,"false"
"2026-10-01T10:28:19Z",544,"Xhaka","SUN","-73.0","-73.1","-73.4","-73.6",-3,-6,"3.6",55,6194,23094,21,450,"2.0","a",0,0,,"false"
"2026-10-01T10:28:19Z",545,"Sadiki","SUN","-73.4","-74.3","-75.9","-77.6",-3,-2,"0.2",49,405,1337,10,410,"1.7","a",0,-1,,"false"
"2026-10-01T10:28:19Z",546,"Adingra","SUN","0.0","0.0","0.0","0.0",0,0,"0.0",49,0,189,0,0,"0.0","u",0,-1,,"false"
"2026-10-01T10:28:19Z",547,"Mundle","SUN","-78.6","-78.6","-78.6","-78.6",-3,0,"0.0",49,10,54,1,1,"0.0","i",0,-1,,"false"
"2026-10-01T10:28:19Z",548,"Rigg","SUN","-76.9","-76.9","-76.9","-76.9",-3,0,"0.0",49,31,228,2,17,"0.0","a",0,-1,,"false"
"2026-10-01T10:28:19Z",549,"Talbi","SUN","-29.1","-29.1","-29.1","-29.1",-2,0,"0.1",53,108,563,1,31,"0.0","a",0,-2,,"false"
"2026-10-01T10:28:19Z",550,"Jocelin.T","SUN","-94.8","-94.8","-94.8","-94.8",-3,0,"0.0",50,32,44,0,0,"0.0","a",0,0,,"false"
"2026-10-01T10:28:19Z",551,"N.Angulo","SUN","1.3","1.3","1.3","1.3",1,0,"0.1",50,503,782,16,313,"2.7","a",0,0,,"false"
"2026-10-01T10:28:19Z",552,"Brobbey","SUN","80.9","81.0","81.0","81.1",3,4,"6.9",57,194520,45004,24,399,"6.7","d",-1,-3,,"false"
"2026-10-01T10:28:19Z",553,"Isidor","SUN","3.1","3.1","3.1","3.0",1,-2,"1.3",55,3215,11524,15,117,"2.0","a",0,0,,"false"
"2026-10-01T10:28:19Z",612,"Methalie","SUN","0.0","0.0","0.0","0.0",0,0,"0.0",45,114,66,-1,90,"-0.3","a",0,0,,"false"
"2026-10-01T10:28:19Z",613,"Ahoka","SUN","-45.3","-45.3","-45.3","-45.3",-3,0,"0.2",45,588,1592,0,0,"0.0","a",0,0,,"false"
"2026-10-01T10:28:19Z",646,"Fofana","SUN","-12.5","-12.5","-12.5","-12.5",-1,0,"0.0",55,329,299,3,60,"1.0","a",0,0,,"false"
"2026-10-01T10:28:19Z",651,"J.Angulo","SUN","4.9","4.9","4.9","4.9",1,2,"0.7",45,8733,7249,0,0,"0.0","a",0,0,,"false"
