snapshot_utc,element_id,web_name,team,progress_pct,proj_0,proj_1,proj_2,likelihood,hourly_rate,selected_by_percent,now_cost,transfers_in_event,transfers_out_event,total_points,minutes,form,status,cost_change_event,cost_change_start,locked_until,calibrating
"2026-10-04T06:48:51Z",1,"Raya","ARS","1.6","1.6","1.7","1.7",1,6,"42.3",61,131684,51262,30,450,"6.0","a",1,1,,"false"
"2026-10-04T06:48:51Z",2,"Arrizabalaga","ARS","-51.7","-51.7","-51.7","-51.7",-3,0,"0.1",49,114,270,0,0,"0.0","a",0,-1,,"false"
"2026-10-04T06:48:51Z",3,"Meslier","ARS","-40.9","-40.9","-40.9","-40.9",-3,0,"0.0",49,49,128,0,0,"0.0","a",0,-1,,"false"
"2026-10-04T06:48:51Z",4,"Gabriel","ARS","-92.3","-92.3","-92.3","-92.3",-3,0,"22.7",80,26617,69270,25,450,"4.0","a",0,0,,"false"
"2026-10-04T06:48:51Z",5,"J.Timber","ARS","11.8","11.8","11.8","11.8",1,0,"0.4",65,13585,4414,1,104,"0.3","a",0,0,,"false"
"2026-10-04T06:48:51Z",6,"Saliba","ARS","-26.6","-26.6","-26.6","-26.6",-2,0,"0.2",59,420,1156,0,0,"0.0","i",0,-1,,"false"
"2026-10-04T06:48:51Z",7,"Lewis-Skelly","ARS","-17.0","-17.0","-17.0","-17.0",-1,0,"0.6",54,994,5108,9,271,"1.0","a",-1,-1,,"false"
"2026-10-04T06:48:51Z",8,"Calafiori","ARS","98.4","98.5","98.7","98.8",4,9,"50.5",58,81648,66439,29,416,"3.0","a",0,3,,"false"
"2026-10-04T06:48:51Z",9,"Hincapie","ARS","-6.1","-6.2","-6.5","-6.7",-1,-2,"0.9",52,1514,5892,2,32,"0.3","a",-1,-3,,"false"
"2026-10-04T06:48:51Z",10,"White","ARS","-51.9","-52.1","-52.3","-52.5",-3,-12,"4.9",55,3281,70081,21,315,"1.0","d",0,0,,"false"
"2026-10-04T06:48:51Z",11,"Mosquera","ARS","-27.3","-27.3","-27.3","-27.3",-2,0,"1.6",53,1276,9818,12,168,"0.0","a",0,-2,,"false"
"2026-10-04T06:48:51Z",12,"Saka","ARS","97.1","97.6","98.4","99.1",4,48,"13.8",95,122551,49813,32,416,"4.0","a",0,0,,"false"
"2026-10-04T06:48:51Z",13,"Rice","ARS","-36.8","-37.0","-37.3","-37.5",-2,-38,"11.6",74,7715,88436,20,411,"4.0","d",0,-1,,"false"
"2026-10-04T06:48:51Z",14,"Eze","ARS","-0.4","-0.4","-0.4","-0.4",-1,0,"1.0",62,2695,7067,4,85,"0.7","a",-1,-3,,"false"
"2026-10-04T06:48:51Z",15,"Ødegaard","ARS","0.0","0.3","0.7","1.1",1,25,"19.8",68,82603,92254,29,377,"5.0","a",0,3,,"false"
"2026-10-04T06:48:51Z",16,"Madueke","ARS","-27.1","-27.1","-27.1","-27.1",-2,0,"0.2",62,768,1612,2,23,"0.3","a",0,-3,,"false"
"2026-10-04T06:48:51Z",17,"Merino","ARS","-0.3","-0.3","-0.3","-0.3",-1,0,"0.4",57,805,2978,4,81,"0.7","a",-1,-3,,"false"
"2026-10-04T06:48:51Z",18,"Martinelli","ARS","0.0","0.0","0.0","0.0",0,0,"0.1",63,0,597,0,0,"0.0","u",0,-2,,"false"
"2026-10-04T06:48:51Z",19,"Zubimendi","ARS","-51.0","-51.4","-52.1","-52.8",-3,-2,"0.6",53,527,3857,5,89,"1.0","a",0,-2,,"false"
"2026-10-04T06:48:51Z",20,"Dowman","ARS","-28.6","-28.6","-28.6","-28.6",-2,0,"0.1",53,474,607,1,9,"0.3","a",0,-2,,"false"
"2026-10-04T06:48:51Z",22,"Nwaneri","ARS","0.0","0.0","0.0","0.0",0,0,"0.0",54,0,53,0,0,"0.0","u",0,-1,,"false"
"2026-10-04T06:48:51Z",23,"Fábio Vieira","ARS","0.0","0.0","0.0","0.0",0,0,"0.0",55,0,44,0,0,"0.0","u",0,0,,"false"
"2026-10-04T06:48:51Z",24,"Nelson","ARS","0.0","0.0","0.0","0.0",0,0,"0.0",55,0,24,0,0,"0.0","u",0,0,,"false"
"2026-10-04T06:48:51Z",25,"Gyökeres","ARS","-1.3","-0.8","-0.0","0.4",-1,25,"3.2",71,14380,17746,2,29,"0.7","a",-1,-4,,"false"
"2026-10-04T06:48:51Z",26,"Havertz","ARS","1.8","1.4","0.8","0.2",1,-38,"8.2",76,50741,69356,19,437,"3.7","d",0,1,,"false"
"2026-10-04T06:48:51Z",27,"G.Jesus","ARS","0.0","0.0","0.0","0.0",0,0,"0.1",59,0,1063,0,0,"0.0","u",0,-1,,"false"
"2026-10-04T06:48:51Z",31,"Konsa","ARS","0.9","0.9","0.9","0.9",1,0,"19.4",46,94629,49850,12,281,"3.7","a",1,1,,"false"
"2026-10-04T06:48:51Z",452,"Bruno G.","ARS","0.5","0.5","0.4","0.4",1,-3,"1.8",67,6109,7959,9,123,"2.7","a",0,-3,,"false"
"2026-10-04T06:48:51Z",557,"Tzolis","ARS","-8.0","-8.2","-8.5","-8.8",-1,-75,"12.0",63,12427,150733,16,362,"3.3","d",-1,-2,,"false"
"2026-10-04T06:48:51Z",29,"M.Bizot","AVL","-39.9","-39.9","-39.9","-39.9",-2,0,"0.1",45,65,1044,1,90,"0.0","i",0,0,,"false"
"2026-10-04T06:48:51Z",30,"Digne","AVL","0.0","0.0","0.0","0.0",0,0,"0.0",45,0,240,0,0,"0.0","u",0,0,,"false"
"2026-10-04T06:48:51Z",32,"Cash","AVL","-24.4","-24.4","-24.5","-24.5",-2,-2,"4.8",44,2825,26000,6,296,"1.7","a",0,-1,,"false"
"2026-10-04T06:48:51Z",33,"Mings","AVL","0.8","0.8","0.7","0.7",1,-1,"0.4",45,1851,1486,10,261,"3.0","a",0,0,,"false"
"2026-10-04T06:48:51Z",34,"Pau","AVL","-0.7","-0.7","-0.7","-0.7",-1,0,"0.3",44,46,3240,3,187,"0.3","i",-1,-1,,"false"
"2026-10-04T06:48:51Z",35,"Bogarde","AVL","-3.8","-5.0","-6.8","-8.6",-1,-1,"0.1",49,177,451,1,16,"0.0","a",-1,-1,,"false"
"2026-10-04T06:48:51Z",36,"Maatsen","AVL","-3.1","-3.2","-3.3","-3.3",-1,-1,"0.5",44,51,6420,9,335,"2.7","i",-1,-1,,"false"
"2026-10-04T06:48:51Z",37,"Lindelöf","AVL","1.0","1.0","1.0","1.0",1,0,"0.3",45,1115,1363,8,450,"2.7","a",0,0,,"false"
"2026-10-04T06:48:51Z",38,"A.García","AVL","-36.5","-36.5","-36.5","-36.5",-2,0,"1.5",40,1904,6269,0,0,"0.0","a",0,0,,"false"
"2026-10-04T06:48:51Z",39,"Nedeljkovic","AVL","0.0","0.0","0.0","0.0",0,0,"0.1",40,0,588,0,0,"0.0","u",0,0,,"false"
"2026-10-04T06:48:51Z",41,"Buendía","AVL","-35.6","-34.6","-33.0","-31.5",-2,10,"1.0",59,12866,4457,21,401,"5.7","a",0,-1,,"false"
"2026-10-04T06:48:51Z",44,"Bailey","AVL","0.0","0.0","0.0","0.0",0,0,"0.1",54,0,516,0,0,"0.0","u",0,-1,,"false"
"2026-10-04T06:48:51Z",45,"McGinn","AVL","-21.1","-21.0","-20.8","-20.6",-2,3,"2.2",54,7212,8949,17,434,"5.0","a",0,-1,,"false"
"2026-10-04T06:48:51Z",46,"Barkley","AVL","0.5","0.5","0.5","0.4",1,-2,"0.3",50,587,1829,10,308,"2.0","a",0,0,,"false"
"2026-10-04T06:48:51Z",47,"Kamara","AVL","-83.2","-83.2","-83.2","-83.2",-3,0,"0.3",50,1377,1629,15,443,"3.7","a",0,0,,"false"
"2026-10-04T06:48:51Z",48,"Onana","AVL","-11.3","-11.3","-11.3","-11.3",-1,0,"0.0",49,43,98,0,0,"0.0","i",0,-1,,"false"
"2026-10-04T06:48:51Z",49,"Iling Jr","AVL","0.0","0.0","0.0","0.0",0,0,"0.0",50,0,11,0,0,"0.0","u",0,0,,"false"
"2026-10-04T06:48:51Z",50,"Burrowes","AVL","-82.6","-82.8","-83.2","-83.5",-3,-1,"0.6",45,659,3489,0,0,"0.0","a",0,0,,"false"
"2026-10-04T06:48:51Z",51,"George Hemmings","AVL","14.1","14.1","14.0","14.0",1,-4,"1.2",45,3311,9991,9,297,"1.7","a",0,0,,"false"
"2026-10-04T06:48:51Z",52,"Alysson","AVL","-3.9","-3.9","-3.9","-3.9",-1,0,"0.0",50,69,806,8,87,"2.3","d",0,0,,"false"
"2026-10-04T06:48:51Z",53,"Manzambi","AVL","9.0","9.0","9.1","9.1",1,4,"0.4",59,28992,3577,14,98,"4.7","a",0,-1,,"false"
"2026-10-04T06:48:51Z",54,"Gomes","AVL","0.1","0.1","0.1","0.1",1,0,"0.0",55,485,204,2,129,"1.3","a",0,0,,"false"
"2026-10-04T06:48:51Z",55,"Watkins","AVL","0.0","0.0","0.0","0.0",0,-4,"2.5",78,0,13379,0,0,"0.0","u",0,-2,,"false"
"2026-10-04T06:48:51Z",56,"Abraham","AVL","3.6","3.6","3.7","3.7",1,2,"0.2",55,1782,1792,4,71,"1.0","a",0,0,,"false"
"2026-10-04T06:48:51Z",160,"Garnacho","AVL","-69.5","-69.5","-69.5","-69.5",-3,0,"0.3",58,572,2852,3,31,"0.3","a",0,-2,,"false"
"2026-10-04T06:48:51Z",166,"N.Jackson","AVL","54.8","54.9","55.0","55.2",3,10,"1.5",65,38506,8564,10,286,"2.7","a",0,0,,"false"
"2026-10-04T06:48:51Z",582,"Madjo","AVL","-26.1","-26.1","-26.1","-26.1",-2,0,"0.2",54,257,1846,0,0,"0.0","i",0,-1,,"false"
"2026-10-04T06:48:51Z",596,"Ruggeri","AVL","-74.7","-74.7","-74.7","-74.7",-3,0,"0.1",45,573,350,5,113,"1.3","a",0,0,,"false"
"2026-10-04T06:48:51Z",597,"Suzuki","AVL","31.0","30.9","30.9","30.9",2,-1,"1.9",50,14103,6877,16,360,"4.7","a",0,0,,"false"
"2026-10-04T06:48:51Z",606,"Rowe","AVL","0.2","0.2","0.2","0.2",1,0,"0.2",40,328,921,0,0,"0.0","a",0,0,,"false"
"2026-10-04T06:48:51Z",607,"Lynch","AVL","0.0","0.0","0.0","0.0",0,0,"0.1",45,0,727,0,0,"0.0","u",0,0,,"false"
"2026-10-04T06:48:51Z",611,"Wan-Bissaka","AVL","2.2","2.2","2.2","2.2",1,0,"0.2",45,1501,1480,6,152,"1.7","a",0,0,,"false"
"2026-10-04T06:48:51Z",618,"Goretzka","AVL","-43.5","-43.5","-43.5","-43.5",-3,0,"0.0",59,27,427,0,0,"0.0","i",0,-1,,"false"
"2026-10-04T06:48:51Z",630,"Harwood-Bellis","AVL","0.0","0.0","0.0","0.0",0,0,"0.0",45,204,195,0,0,"0.0","a",0,0,,"false"
"2026-10-04T06:48:51Z",631,"Mbaye","AVL","0.3","0.3","0.3","0.3",1,-1,"0.1",60,945,1150,2,33,"0.7","a",0,0,,"false"
"2026-10-04T06:48:51Z",667,"Wright","AVL","0.0","0.1","0.1","0.1",1,2,"0.1",40,7527,916,0,0,"0.0","a",0,0,,"false"
"2026-10-04T06:48:51Z",57,"Petrović","BOU","0.2","0.2","0.2","0.2",1,0,"3.0",45,6638,12268,9,450,"1.3","a",0,0,,"false"
"2026-10-04T06:48:51Z",58,"Forster","BOU","4.8","4.8","4.8","4.8",1,1,"3.5",40,8493,7607,0,0,"0.0","a",0,0,,"false"
"2026-10-04T06:48:51Z",59,"Dennis","BOU","0.0","0.0","0.0","0.0",0,0,"0.1",40,0,575,0,0,"0.0","u",0,0,,"false"
"2026-10-04T06:48:51Z",60,"Hill","BOU","-33.7","-33.3","-32.8","-32.3",-2,2,"0.8",55,3368,3235,12,450,"2.3","a",0,0,,"false"
"2026-10-04T06:48:51Z",61,"Truffert","BOU","-1.6","-1.6","-1.8","-1.9",-1,-4,"3.0",54,4862,12687,10,450,"1.7","a",-1,-1,,"false"
"2026-10-04T06:48:51Z",62,"Diakité","BOU","-5.9","-5.9","-5.9","-5.9",-1,0,"0.2",49,489,992,0,0,"0.0","a",-1,-1,,"false"
"2026-10-04T06:48:51Z",63,"Milosavljević","BOU","-3.5","-3.5","-3.5","-3.5",-1,0,"0.0",49,35,49,0,0,"0.0","i",0,-1,,"false"
"2026-10-04T06:48:51Z",64,"Smith","BOU","0.3","0.3","0.3","0.3",1,0,"0.1",45,416,503,4,434,"0.7","a",0,0,,"false"
"2026-10-04T06:48:51Z",65,"J.Araujo","BOU","-12.2","-12.2","-12.2","-12.2",-1,0,"0.0",44,42,56,0,0,"0.0","i",0,-1,,"false"
"2026-10-04T06:48:51Z",66,"Soler","BOU","1.4","1.4","1.4","1.4",1,0,"0.3",40,758,1161,0,0,"0.0","a",0,0,,"false"
"2026-10-04T06:48:51Z",67,"Rayan","BOU","-10.3","-10.1","-9.8","-9.6",-1,4,"1.6",63,4246,10050,10,434,"2.0","a",-1,-2,,"false"
"2026-10-04T06:48:51Z",68,"Tavernier","BOU","32.3","32.4","32.4","32.5",2,4,"6.8",61,87125,46468,31,424,"6.7","a",0,1,,"false"
"2026-10-04T06:48:51Z",69,"Scott","BOU","0.4","0.5","0.6","0.7",1,8,"5.8",61,25275,39898,30,446,"5.3","a",0,1,,"false"
"2026-10-04T06:48:51Z",70,"Kluivert","BOU","-59.1","-59.7","-60.5","-61.3",-3,-12,"0.9",60,2303,18843,15,294,"3.0","i",0,0,,"false"
"2026-10-04T06:48:51Z",71,"Cook","BOU","-13.3","-13.3","-13.3","-13.3",-1,0,"0.2",50,279,1185,8,180,"0.7","a",0,0,,"false"
"2026-10-04T06:48:51Z",72,"Gannon-Doak","BOU","-67.5","-67.5","-67.5","-67.5",-3,0,"0.1",49,151,396,4,12,"1.0","a",0,-1,,"false"
"2026-10-04T06:48:51Z",73,"Adams","BOU","1.6","1.6","1.6","1.6",1,0,"0.3",50,1146,1699,12,279,"3.3","a",0,0,,"false"
"2026-10-04T06:48:51Z",74,"Brooks","BOU","-20.3","-20.3","-20.3","-20.3",-2,0,"0.1",50,188,335,3,45,"0.7","a",0,0,,"false"
"2026-10-04T06:48:51Z",75,"Christie","BOU","0.4","0.4","0.4","0.4",1,0,"0.0",50,307,256,5,102,"1.3","a",0,0,,"false"
"2026-10-04T06:48:51Z",76,"Tóth.A","BOU","-12.2","-12.2","-12.2","-12.2",-1,0,"0.0",49,28,56,2,17,"0.3","a",0,-1,,"false"
"2026-10-04T06:48:51Z",77,"Adli","BOU","-86.9","-86.9","-86.9","-86.9",-3,0,"0.0",49,26,78,0,0,"0.0","i",0,-1,,"false"
"2026-10-04T06:48:51Z",78,"Kroupi.Jr","BOU","-79.1","-79.1","-79.1","-79.1",-3,0,"0.2",74,204,907,0,0,"0.0","i",0,-1,,"false"
"2026-10-04T06:48:51Z",79,"Evanilson","BOU","53.3","53.3","53.4","53.4",3,2,"3.2",60,19106,21772,18,424,"3.0","a",0,0,,"false"
"2026-10-04T06:48:51Z",80,"Enes Ünal","BOU","0.0","0.0","0.0","0.0",0,0,"0.0",55,0,52,0,0,"0.0","u",0,0,,"false"
"2026-10-04T06:48:51Z",81,"Rodríguez","BOU","-31.8","-31.8","-31.8","-31.8",-2,0,"0.1",60,840,745,2,10,"0.3","a",0,0,,"false"
"2026-10-04T06:48:51Z",566,"Silva","BOU","1.5","1.5","1.5","1.6",1,2,"0.4",50,6983,3996,13,450,"2.3","a",0,0,,"false"
"2026-10-04T06:48:51Z",573,"Sanchez","BOU","-13.5","-13.5","-13.5","-13.5",-1,0,"0.2",44,157,455,0,0,"0.0","a",0,-1,,"false"
"2026-10-04T06:48:51Z",608,"Jebbison","BOU","0.6","0.6","0.6","0.6",1,0,"0.1",50,943,931,3,31,"0.7","a",0,0,,"false"
"2026-10-04T06:48:51Z",615,"Di Gregorio","BOU","-29.7","-29.7","-29.7","-29.7",-2,0,"0.0",45,189,200,0,0,"0.0","a",0,0,,"false"
"2026-10-04T06:48:51Z",82,"Kelleher","BRE","21.3","21.3","21.3","21.3",2,0,"6.1",50,20736,14250,20,450,"3.7","a",0,0,,"false"
"2026-10-04T06:48:51Z",83,"Valdimarsson","BRE","-77.7","-77.7","-77.7","-77.7",-3,0,"0.1",45,313,351,0,0,"0.0","a",0,0,,"false"
"2026-10-04T06:48:51Z",84,"Collins","BRE","-30.8","-31.0","-31.2","-31.5",-2,-4,"0.9",54,124,9789,10,196,"0.3","i",0,-1,,"false"
"2026-10-04T06:48:51Z",85,"Van den Berg","BRE","-84.7","-84.7","-84.7","-84.7",-3,0,"0.1",49,40,367,0,0,"0.0","i",0,-1,,"false"
"2026-10-04T06:48:51Z",86,"Lewis-Potter","BRE","33.4","33.4","33.4","33.4",2,-2,"1.7",55,3833,12329,22,406,"2.0","a",0,0,,"false"
"2026-10-04T06:48:51Z",87,"Ajer","BRE","32.0","32.0","32.1","32.1",2,1,"3.9",45,11775,23525,21,450,"3.3","a",0,0,,"false"
"2026-10-04T06:48:51Z",88,"Kayode","BRE","-39.2","-39.1","-39.0","-38.9",-2,5,"7.6",46,14050,22149,23,294,"2.7","a",0,1,,"false"
"2026-10-04T06:48:51Z",89,"Henry","BRE","-16.7","-16.7","-16.7","-16.7",-1,0,"0.2",44,166,614,1,2,"0.0","a",0,-1,,"false"
"2026-10-04T06:48:51Z",90,"Hickey","BRE","-30.6","-30.6","-30.6","-30.6",-2,0,"0.1",45,187,257,5,152,"1.0","a",0,0,,"false"
"2026-10-04T06:48:51Z",92,"Ji-soo","BRE","-5.1","-5.1","-5.1","-5.1",-1,0,"0.0",44,62,91,0,0,"0.0","a",-1,-1,,"false"
"2026-10-04T06:48:51Z",93,"Schuster","BRE","5.5","5.5","5.5","5.5",1,0,"0.3",45,15793,2515,21,253,"7.0","a",0,0,,"false"
"2026-10-04T06:48:51Z",94,"Schade","BRE","16.0","16.4","16.8","17.3",1,80,"11.7",62,408568,27248,39,447,"8.7","a",1,2,,"false"
"2026-10-04T06:48:51Z",95,"O.Dango","BRE","-52.1","-52.7","-53.5","-54.3",-3,-2,"0.5",63,859,3820,7,179,"1.0","a",0,-2,,"false"
"2026-10-04T06:48:51Z",96,"Damsgaard","BRE","-3.9","-5.1","-6.8","-8.5",-1,-8,"0.4",54,1785,2169,16,283,"4.0","d",0,-1,,"false"
"2026-10-04T06:48:51Z",97,"Jensen","BRE","-60.1","-60.1","-60.1","-60.1",-3,0,"0.1",54,20,672,6,66,"0.0","i",0,-1,,"false"
"2026-10-04T06:48:51Z",98,"Janelt","BRE","80.9","81.0","81.0","81.1",3,3,"2.5",50,20434,18631,28,450,"6.0","a",0,0,,"false"
"2026-10-04T06:48:51Z",99,"Milambo","BRE","-42.9","-42.9","-42.9","-42.9",-3,0,"0.0",50,7,7,0,0,"0.0","i",0,0,,"false"
"2026-10-04T06:48:51Z",100,"Carvalho","BRE","0.3","0.3","0.3","0.3",1,0,"0.0",50,619,179,6,3,"2.0","a",0,0,,"false"
"2026-10-04T06:48:51Z",102,"Yarmoliuk","BRE","-19.1","-19.5","-20.1","-20.6",-1,-2,"0.6",48,1405,3433,9,216,"2.3","a",0,-2,,"false"
"2026-10-04T06:48:51Z",103,"Dasilva","BRE","-65.3","-65.3","-65.3","-65.3",-3,0,"0.0",49,10,108,0,0,"0.0","i",0,-1,,"false"
"2026-10-04T06:48:51Z",105,"Anthony","BRE","0.9","0.9","0.9","1.0",1,3,"0.1",59,2442,648,15,267,"4.0","a",0,-1,,"false"
"2026-10-04T06:48:51Z",106,"Thiago","BRE","12.1","12.3","12.6","12.9",1,18,"9.1",78,62032,39968,10,442,"2.7","a",0,-2,,"false"
"2026-10-04T06:48:51Z",107,"Furo","BRE","-6.8","-6.8","-6.8","-6.8",-1,0,"0.9",45,647,9830,0,0,"0.0","i",0,0,,"false"
"2026-10-04T06:48:51Z",108,"Wilson","BRE","-12.4","-12.4","-12.4","-12.4",-1,0,"0.3",54,1273,2542,3,13,"0.3","a",-1,-1,,"false"
"2026-10-04T06:48:51Z",565,"M.Sangaré","BRE","-34.0","-34.1","-34.2","-34.3",-2,-10,"9.9",56,8719,142367,22,321,"1.3","a",-1,1,,"false"
"2026-10-04T06:48:51Z",620,"Diouf","BRE","-37.3","-37.3","-37.3","-37.3",-2,0,"0.1",45,487,701,2,39,"0.7","a",0,0,,"false"
"2026-10-04T06:48:51Z",657,"Nunes","BRE","0.0","0.0","0.0","0.0",0,0,"0.0",45,359,274,0,0,"0.0","a",0,0,,"false"
"2026-10-04T06:48:51Z",660,"Fredrick","BRE","0.0","0.0","0.0","0.0",0,0,"0.0",40,546,71,0,0,"0.0","a",0,0,,"false"
"2026-10-04T06:48:51Z",661,"Balcombe","BRE","0.0","0.0","0.0","0.0",0,0,"0.0",40,2990,580,0,0,"0.0","a",0,0,,"false"
"2026-10-04T06:48:51Z",109,"Verbruggen","BHA","66.9","67.0","67.2","67.3",3,8,"21.6",45,75812,75295,23,450,"5.7","a",0,0,,"false"
"2026-10-04T06:48:51Z",111,"Steele","BHA","-1.0","-1.0","-1.1","-1.3",-1,-3,"4.1",40,7409,15366,0,0,"0.0","a",0,0,,"false"
"2026-10-04T06:48:51Z",113,"F.Kadıoğlu","BHA","-62.5","-62.7","-63.0","-63.2",-3,-2,"1.6",44,4199,7220,13,332,"4.3","a",0,-1,,"false"
"2026-10-04T06:48:51Z",114,"Boscagli","BHA","2.8","2.9","2.9","2.9",1,2,"0.3",45,2164,836,19,437,"4.7","a",0,0,,"false"
"2026-10-04T06:48:51Z",115,"De Cuyper","BHA","3.7","3.9","4.3","4.6",1,64,"27.9",50,310368,23202,38,423,"7.0","a",1,5,,"false"
"2026-10-04T06:48:51Z",116,"Dunk","BHA","20.6","20.5","20.5","20.4",2,-4,"1.5",45,7649,10501,22,360,"5.7","d",0,0,,"false"
"2026-10-04T06:48:51Z",117,"Coppola","BHA","-12.4","-12.4","-12.4","-12.4",-1,0,"0.0",45,113,102,0,0,"0.0","a",0,0,,"false"
"2026-10-04T06:48:51Z",118,"Igor","BHA","0.0","0.0","0.0","0.0",0,0,"0.0",45,0,306,0,0,"0.0","u",0,0,,"false"
"2026-10-04T06:48:51Z",119,"Costinha","BHA","0.0","0.0","0.0","0.0",0,0,"0.0",45,174,139,4,68,"1.0","a",0,0,,"false"
"2026-10-04T06:48:51Z",120,"Svoboda","BHA","0.5","0.5","0.5","0.5",1,0,"0.1",50,1350,475,1,4,"0.3","a",0,0,,"false"
"2026-10-04T06:48:51Z",121,"Mitoma","BHA","-26.0","-26.0","-26.0","-26.0",-2,0,"0.0",59,136,183,0,0,"0.0","i",0,-1,,"false"
"2026-10-04T06:48:51Z",122,"Minteh","BHA","-6.1","-6.1","-6.1","-6.1",-1,0,"0.0",58,47,239,0,0,"0.0","i",-1,-2,,"false"
"2026-10-04T06:48:51Z",123,"Hinshelwood","BHA","-42.3","-42.3","-42.3","-42.3",-3,0,"0.6",59,286,7052,16,63,"0.0","i",0,-1,,"false"
"2026-10-04T06:48:51Z",124,"Groß","BHA","0.2","0.9","1.8","2.8",1,166,"29.2",59,817809,12947,47,450,"10.7","a",2,4,,"false"
"2026-10-04T06:48:51Z",125,"Georginio","BHA","-0.1","-0.1","-0.1","-0.1",-1,0,"0.5",53,2785,3982,6,104,"0.3","a",-1,-2,,"false"
"2026-10-04T06:48:51Z",126,"O'Riley","BHA","-8.8","-8.8","-8.8","-8.8",-1,0,"0.1",54,442,583,2,10,"0.7","a",0,-1,,"false"
"2026-10-04T06:48:51Z",127,"Gomez","BHA","32.1","32.1","32.1","32.1",2,0,"3.9",50,12640,39843,24,433,"4.3","a",0,0,,"false"
"2026-10-04T06:48:51Z",128,"Buonanotte","BHA","0.0","0.0","0.0","0.0",0,0,"0.0",50,0,7,0,0,"0.0","u",0,0,,"false"
"2026-10-04T06:48:51Z",129,"Ayari","BHA","-46.7","-46.7","-46.7","-46.7",-3,0,"0.4",54,2445,2093,15,333,"4.3","a",0,-1,,"false"
"2026-10-04T06:48:51Z",130,"Wieffer","BHA","-33.1","-33.1","-33.1","-33.1",-2,0,"0.2",49,33,2056,7,156,"0.0","i",0,-1,,"false"
"2026-10-04T06:48:51Z",132,"Howell","BHA","0.0","0.0","0.0","0.0",0,0,"0.0",45,0,211,0,0,"0.0","u",0,0,,"false"
"2026-10-04T06:48:51Z",133,"Watson","BHA","0.0","0.0","0.0","0.0",0,0,"0.0",50,0,5,0,0,"0.0","u",0,0,,"false"
"2026-10-04T06:48:51Z",134,"Oriola","BHA","-85.5","-85.5","-85.5","-85.5",-3,0,"0.2",45,367,1380,0,0,"0.0","a",0,0,,"false"
"2026-10-04T06:48:51Z",135,"Yohanna","BHA","-1.4","-1.4","-1.4","-1.4",-1,0,"0.0",48,26,401,1,12,"0.0","i",-1,-2,,"false"
"2026-10-04T06:48:51Z",137,"Tzimas","BHA","-4.1","-4.1","-4.1","-4.1",-1,0,"0.0",54,38,55,0,0,"0.0","i",0,-1,,"false"
"2026-10-04T06:48:51Z",138,"Kostoulas","BHA","23.0","23.4","23.9","24.5",2,96,"4.3",56,327326,20675,28,353,"7.3","a",1,1,,"false"
"2026-10-04T06:48:51Z",139,"Ferguson","BHA","-61.1","-61.1","-61.1","-61.1",-3,0,"0.0",50,145,268,0,0,"0.0","i",0,0,,"false"
"2026-10-04T06:48:51Z",328,"Struijk","BHA","-9.3","-9.3","-9.3","-9.3",-1,0,"0.2",49,645,936,7,98,"2.3","d",0,-1,,"false"
"2026-10-04T06:48:51Z",504,"Vuskovic","BHA","58.8","58.9","59.1","59.2",3,9,"3.7",50,60161,14251,32,437,"8.7","a",0,0,,"false"
"2026-10-04T06:48:51Z",594,"David","BHA","0.7","0.7","0.7","0.7",1,0,"0.2",59,3303,2275,1,23,"0.0","a",-1,-1,,"false"
"2026-10-04T06:48:51Z",600,"Osman","BHA","-70.6","-70.6","-70.6","-70.6",-3,0,"0.0",50,118,129,3,40,"0.3","a",0,0,,"false"
"2026-10-04T06:48:51Z",605,"Yalcouyé","BHA","56.0","55.9","55.8","55.7",3,-7,"4.0",45,26926,34134,20,236,"3.7","a",0,0,,"false"
"2026-10-04T06:48:51Z",614,"Hadjam","BHA","-5.2","-5.2","-5.2","-5.2",-1,0,"0.0",45,256,260,0,0,"0.0","a",0,0,,"false"
"2026-10-04T06:48:51Z",624,"Cozier-Duberry","BHA","0.0","0.0","0.0","0.0",0,0,"0.0",50,0,5,0,0,"0.0","u",0,0,,"false"
"2026-10-04T06:48:51Z",639,"Andrés","BHA","1.5","1.5","1.5","1.5",1,0,"0.0",55,2832,330,12,109,"4.0","a",0,0,,"false"
"2026-10-04T06:48:51Z",652,"Azeez","BHA","-32.5","-32.5","-32.5","-32.5",-2,0,"0.0",55,19,46,0,0,"0.0","i",0,0,,"false"
"2026-10-04T06:48:51Z",658,"Ibrahim","BHA","0.0","0.0","0.0","0.0",0,0,"0.0",45,318,221,0,0,"0.0","a",0,0,,"false"
"2026-10-04T06:48:51Z",28,"Martinez","CHE","-6.8","-6.7","-6.7","-6.7",-1,1,"4.7",50,8083,22682,9,360,"2.3","a",0,0,,"false"
"2026-10-04T06:48:51Z",40,"Rogers","CHE","92.9","93.1","93.4","93.7",3,19,"40.6",77,157856,73149,29,437,"5.3","a",0,2,,"false"
"2026-10-04T06:48:51Z",101,"Henderson","CHE","0.0","0.0","0.0","0.0",0,0,"0.0",49,530,167,2,90,"0.7","a",0,-1,,"false"
"2026-10-04T06:48:51Z",136,"Welbeck","CHE","7.1","7.2","7.2","7.3",1,3,"1.0",59,8097,9598,4,85,"1.3","a",0,-1,,"false"
"2026-10-04T06:48:51Z",140,"Sánchez","CHE","0.0","0.0","0.0","0.0",0,0,"0.7",49,0,5046,2,90,"0.0","u",0,-1,,"false"
"2026-10-04T06:48:51Z",141,"Jörgensen","CHE","0.0","0.0","0.0","0.0",0,0,"0.0",50,0,33,0,0,"0.0","u",0,0,,"false"
"2026-10-04T06:48:51Z",142,"James","CHE","-0.0","-0.1","-0.3","-0.4",-1,-15,"5.8",53,662,80457,3,292,"0.7","d",-1,-2,,"false"
"2026-10-04T06:48:51Z",143,"Chalobah","CHE","0.0","0.0","0.0","0.0",0,0,"0.1",55,0,339,0,0,"0.0","u",0,0,,"false"
"2026-10-04T06:48:51Z",144,"Gusto","CHE","-3.8","-3.8","-3.8","-3.8",-1,0,"0.9",49,1626,7046,4,272,"0.7","a",-1,-1,,"false"
"2026-10-04T06:48:51Z",145,"Fofana","CHE","4.9","4.9","4.9","4.9",1,2,"0.2",50,2635,1358,8,312,"2.7","a",0,0,,"false"
"2026-10-04T06:48:51Z",146,"B.Badiashile","CHE","0.0","0.0","0.0","0.0",0,0,"0.0",45,0,45,0,0,"0.0","u",0,0,,"false"
"2026-10-04T06:48:51Z",148,"Hato","CHE","13.0","13.0","13.0","13.0",1,0,"0.8",45,861,7537,8,258,"1.0","a",0,0,,"false"
"2026-10-04T06:48:51Z",149,"Colwill","CHE","-10.4","-10.4","-10.4","-10.4",-1,0,"0.9",48,1137,5567,3,341,"0.7","a",-1,-2,,"false"
"2026-10-04T06:48:51Z",150,"M.Sarr","CHE","0.0","0.0","0.0","0.0",0,0,"0.0",45,0,177,0,0,"0.0","u",0,0,,"false"
"2026-10-04T06:48:51Z",151,"Acheampong","CHE","-12.8","-12.8","-12.8","-12.8",-1,0,"0.3",45,439,2008,5,221,"0.3","a",0,0,,"false"
"2026-10-04T06:48:51Z",152,"Palestra","CHE","-2.2","-2.6","-3.2","-3.8",-1,-4,"0.6",53,246,4015,0,0,"0.0","d",0,-2,,"false"
"2026-10-04T06:48:51Z",154,"Palmer","CHE","-16.2","-16.6","-17.1","-17.6",-1,-63,"25.5",97,50235,178753,28,442,"2.7","d",0,2,,"false"
"2026-10-04T06:48:51Z",156,"Neto","CHE","-7.0","-6.8","-6.5","-6.2",-1,3,"1.4",65,5540,9921,14,332,"2.0","a",0,0,,"false"
"2026-10-04T06:48:51Z",157,"Estêvão","CHE","-33.9","-33.9","-33.9","-33.9",-2,0,"0.7",63,1894,4457,4,23,"1.0","a",0,-2,,"false"
"2026-10-04T06:48:51Z",158,"Gittens","CHE","-4.4","-4.4","-4.4","-4.4",-1,0,"0.0",58,158,264,0,0,"0.0","d",-1,-2,,"false"
"2026-10-04T06:48:51Z",159,"Caicedo","CHE","-3.4","-3.4","-3.4","-3.4",-1,0,"1.0",53,428,9260,1,13,"0.0","d",0,-2,,"false"
"2026-10-04T06:48:51Z",161,"Lavia","CHE","4.8","4.8","4.8","4.8",1,0,"0.2",50,455,2523,11,258,"1.0","a",0,0,,"false"
"2026-10-04T06:48:51Z",163,"D.Essugo","CHE","0.0","0.0","0.0","0.0",0,0,"0.1",45,0,747,0,0,"0.0","u",0,0,,"false"
"2026-10-04T06:48:51Z",164,"Quenda","CHE","-28.8","-28.8","-28.8","-28.8",-2,0,"0.0",53,76,185,2,27,"0.3","a",0,-2,,"false"
"2026-10-04T06:48:51Z",165,"João Pedro","CHE","-2.2","-2.2","-2.3","-2.4",-1,-69,"65.0",77,67264,406553,33,360,"4.3","d",-1,2,,"false"
"2026-10-04T06:48:51Z",168,"Marc Guiu","CHE","0.0","0.0","0.0","0.0",0,0,"0.2",50,0,1602,0,0,"0.0","u",0,0,,"false"
"2026-10-04T06:48:51Z",169,"Mheuka","CHE","4.6","4.6","4.6","4.6",1,0,"0.5",45,4692,3652,0,0,"0.0","a",0,0,,"false"
"2026-10-04T06:48:51Z",170,"Emegha","CHE","-0.8","-0.8","-0.8","-0.8",-1,0,"0.1",49,89,1128,0,0,"0.0","i",-1,-1,,"false"
"2026-10-04T06:48:51Z",200,"Lacroix","CHE","-7.7","-7.7","-7.6","-7.6",-1,4,"6.8",59,8441,30290,13,364,"2.0","a",-1,-1,,"false"
"2026-10-04T06:48:51Z",560,"Penders","CHE","-1.1","-1.1","-1.1","-1.1",-1,0,"0.1",44,247,308,0,0,"0.0","a",0,-1,,"false"
"2026-10-04T06:48:51Z",561,"Anselmino","CHE","-1.7","-1.7","-1.7","-1.7",-1,0,"0.0",45,69,110,0,0,"0.0","a",0,0,,"false"
"2026-10-04T06:48:51Z",568,"Barco","CHE","-15.3","-15.3","-15.3","-15.3",-1,0,"0.1",54,243,466,3,115,"0.7","a",0,-1,,"false"
"2026-10-04T06:48:51Z",583,"Chavarria","CHE","-52.4","-52.4","-52.4","-52.4",-3,0,"0.1",49,444,573,5,208,"1.0","a",0,-1,,"false"
"2026-10-04T06:48:51Z",662,"Nicoll-Jazuli","CHE","-1.1","-1.1","-1.1","-1.1",-1,0,"0.0",45,345,76,1,3,"1.0","a",0,0,,"false"
"2026-10-04T06:48:51Z",91,"Pinnock","COV","-74.3","-74.3","-74.3","-74.3",-3,0,"0.1",45,419,239,14,282,"4.3","a",0,0,,"false"
"2026-10-04T06:48:51Z",104,"Onyeka","COV","-35.4","-35.4","-35.4","-35.4",-2,0,"0.1",49,182,469,9,314,"2.3","a",0,-1,,"false"
"2026-10-04T06:48:51Z",110,"Rushworth","COV","-60.4","-60.4","-60.4","-60.4",-3,0,"0.8",45,2695,6093,16,450,"4.3","a",0,0,,"false"
"2026-10-04T06:48:51Z",171,"Dovin","COV","0.0","0.0","0.0","0.0",0,0,"1.0",40,0,4977,0,0,"0.0","u",0,0,,"false"
"2026-10-04T06:48:51Z",172,"Wilson","COV","-6.6","-6.6","-6.6","-6.6",-1,0,"0.4",44,251,715,0,0,"0.0","a",0,-1,,"false"
"2026-10-04T06:48:51Z",173,"Thomas","COV","17.9","17.9","18.0","18.0",1,2,"8.5",40,27717,33355,24,437,"4.3","a",0,0,,"false"
"2026-10-04T06:48:51Z",174,"Kitching","COV","0.0","0.0","0.0","0.0",0,0,"0.3",40,0,1914,0,0,"0.0","u",0,0,,"false"
"2026-10-04T06:48:51Z",175,"van Ewijk","COV","-51.4","-51.5","-51.6","-51.8",-3,-14,"8.7",40,1192,78907,6,360,"1.0","d",0,0,,"false"
"2026-10-04T06:48:51Z",176,"Dasilva","COV","-30.1","-30.1","-30.1","-30.1",-2,0,"0.7",40,6834,1897,20,444,"5.7","a",0,0,,"false"
"2026-10-04T06:48:51Z",177,"Kesler-Hayden","COV","0.2","0.2","0.2","0.2",1,0,"0.0",39,1068,592,0,0,"0.0","i",-1,-1,,"false"
"2026-10-04T06:48:51Z",178,"Bidwell","COV","-31.7","-31.7","-31.7","-31.7",-2,0,"0.1",40,186,312,0,0,"0.0","a",0,0,,"false"
"2026-10-04T06:48:51Z",179,"Latibeaudiere","COV","-79.6","-79.6","-79.6","-79.6",-3,0,"0.0",40,76,142,1,1,"0.3","a",0,0,,"false"
"2026-10-04T06:48:51Z",180,"Woolfenden","COV","0.0","0.0","0.0","0.0",0,0,"0.1",39,39,532,0,0,"0.0","i",-1,-1,,"false"
"2026-10-04T06:48:51Z",181,"Brau","COV","0.0","0.0","0.0","0.0",0,0,"0.0",40,0,105,0,0,"0.0","u",0,0,,"false"
"2026-10-04T06:48:51Z",182,"Amenda","COV","-57.4","-57.5","-57.7","-57.9",-3,-2,"0.6",40,39,7044,4,360,"0.7","i",0,0,,"false"
"2026-10-04T06:48:51Z",183,"Rudoni","COV","0.1","0.1","0.1","0.1",1,0,"0.1",49,958,706,13,297,"3.0","a",0,-1,,"false"
"2026-10-04T06:48:51Z",184,"Grimes","COV","-30.4","-31.5","-33.1","-34.7",-2,-1,"0.1",49,194,896,11,443,"2.3","a",0,-1,,"false"
"2026-10-04T06:48:51Z",185,"Sakamoto","COV","-24.0","-24.0","-24.0","-24.0",-2,0,"0.1",48,131,395,1,31,"0.0","a",0,-2,,"false"
"2026-10-04T06:48:51Z",186,"Mason-Clark","COV","-2.4","-2.4","-2.4","-2.4",-1,0,"0.1",53,75,367,5,231,"1.3","a",-1,-2,,"false"
"2026-10-04T06:48:51Z",187,"Eccles","COV","-4.7","-4.7","-4.7","-4.7",-1,0,"0.0",48,21,92,0,0,"0.0","i",-1,-2,,"false"
"2026-10-04T06:48:51Z",188,"Torp","COV","-12.4","-12.4","-12.4","-12.4",-1,0,"0.1",53,43,451,3,53,"0.3","a",-1,-2,,"false"
"2026-10-04T06:48:51Z",189,"Shepherd","COV","0.8","0.8","0.8","0.8",1,0,"0.3",44,4142,2327,0,0,"0.0","a",0,-1,,"false"
"2026-10-04T06:48:51Z",190,"Tchaouna","COV","-85.4","-86.8","-88.9","-90.9",-3,-1,"0.1",54,26,358,5,211,"0.7","a",0,-1,,"false"
"2026-10-04T06:48:51Z",191,"Borges Rodrigues","COV","0.0","0.0","0.0","0.0",0,0,"0.1",45,0,708,0,0,"0.0","u",0,0,,"false"
"2026-10-04T06:48:51Z",192,"Andrews","COV","0.0","0.0","0.0","0.0",0,0,"0.3",45,0,2055,0,0,"0.0","u",0,0,,"false"
"2026-10-04T06:48:51Z",193,"Wright","COV","-0.7","-0.7","-0.7","-0.7",-1,0,"0.1",53,49,583,0,0,"0.0","i",-1,-2,,"false"
"2026-10-04T06:48:51Z",194,"Thomas-Asante","COV","3.0","3.0","3.0","2.9",1,-2,"0.8",50,8568,6153,9,227,"2.0","a",0,0,,"false"
"2026-10-04T06:48:51Z",195,"Simms","COV","0.0","0.0","0.0","0.0",0,0,"0.6",49,2057,5430,4,104,"0.7","a",-1,-1,,"false"
"2026-10-04T06:48:51Z",196,"Markelo","COV","0.0","0.0","0.0","0.0",0,0,"0.0",50,0,61,0,0,"0.0","u",0,0,,"false"
"2026-10-04T06:48:51Z",197,"Bassette","COV","0.0","0.0","0.0","0.0",0,0,"0.0",45,0,152,0,0,"0.0","u",0,0,,"false"
"2026-10-04T06:48:51Z",492,"Awoniyi","COV","-14.5","-14.5","-14.6","-14.7",-1,-1,"0.4",54,74,5186,3,232,"0.0","s",-1,-1,,"false"
"2026-10-04T06:48:51Z",575,"Yirenkyi","COV","-3.0","-3.0","-3.0","-3.0",-1,0,"0.1",48,310,1037,9,265,"1.7","a",-1,-2,,"false"
"2026-10-04T06:48:51Z",584,"Hamer","COV","-89.3","-89.3","-89.3","-89.3",-3,0,"0.1",54,43,409,3,32,"0.3","a",0,-1,,"false"
"2026-10-04T06:48:51Z",599,"Cherif","COV","-6.6","-7.9","-9.8","-11.7",-1,-1,"0.1",50,550,776,1,30,"0.3","a",0,0,,"false"
"2026-10-04T06:48:51Z",623,"Bentley","COV","2.2","2.2","2.2","2.2",1,0,"0.6",40,8236,2410,0,0,"0.0","a",0,0,,"false"
"2026-10-04T06:48:51Z",655,"Gboho","COV","0.0","0.0","0.0","0.0",0,0,"0.0",55,77,53,0,0,"0.0","a",0,0,,"false"
"2026-10-04T06:48:51Z",656,"Mfuni","COV","0.1","0.1","0.1","0.1",1,0,"0.1",40,1916,890,6,90,"3.0","a",0,0,,"false"
"2026-10-04T06:48:51Z",42,"Guessand","CRY","-28.9","-28.9","-28.9","-28.9",-2,0,"0.0",54,116,273,2,54,"0.0","a",0,-1,,"false"
"2026-10-04T06:48:51Z",153,"Disasi","CRY","-65.4","-65.4","-65.4","-65.4",-3,0,"0.1",45,28,797,1,139,"0.0","s",0,0,,"false"
"2026-10-04T06:48:51Z",198,"Henderson","CRY","-0.2","-0.3","-0.4","-0.5",-1,-4,"1.3",49,154,11603,5,270,"0.7","i",-1,-1,,"false"
"2026-10-04T06:48:51Z",199,"Benitez","CRY","-24.1","-24.1","-24.1","-24.1",-2,0,"0.1",45,716,393,8,180,"2.7","a",0,0,,"false"
"2026-10-04T06:48:51Z",202,"Richards","CRY","0.0","0.0","0.0","0.0",0,0,"0.6",49,1669,2276,14,450,"3.7","a",-1,-1,,"false"
"2026-10-04T06:48:51Z",203,"Canvot","CRY","-0.3","0.0","0.0","0.0",0,1,"0.2",48,436,892,10,360,"3.0","a",-1,-2,,"false"
"2026-10-04T06:48:51Z",204,"Mitchell","CRY","27.7","27.8","27.9","27.9",2,4,"6.1",45,15698,16871,24,419,"7.7","a",0,0,,"false"
"2026-10-04T06:48:51Z",205,"Sosa","CRY","0.0","0.0","0.0","0.0",0,0,"0.0",45,0,109,0,0,"0.0","u",0,0,,"false"
"2026-10-04T06:48:51Z",206,"Chadi Riad","CRY","-4.8","-4.8","-4.8","-4.8",-1,0,"0.0",43,25,125,1,72,"0.0","i",-1,-2,,"false"
"2026-10-04T06:48:51Z",207,"Mingueza","CRY","-92.6","-92.6","-92.6","-92.6",-3,0,"0.1",44,84,287,2,16,"0.3","a",0,-1,,"false"
"2026-10-04T06:48:51Z",208,"Sarr","CRY","0.1","0.1","0.1","0.1",1,0,"0.6",62,2640,2291,1,8,"0.3","a",0,-3,,"false"
"2026-10-04T06:48:51Z",210,"Wharton","CRY","-2.8","-3.0","-3.3","-3.5",-1,-2,"0.7",54,1200,4652,12,436,"2.0","a",-1,-1,,"false"
"2026-10-04T06:48:51Z",211,"Yeremy","CRY","4.8","4.8","4.8","4.7",1,-3,"0.3",55,718,2730,14,307,"2.7","a",0,0,,"false"
"2026-10-04T06:48:51Z",212,"Hughes","CRY","-21.5","-21.7","-21.8","-22.0",-2,-8,"7.3",44,9286,45685,2,29,"0.7","a",0,-1,,"false"
"2026-10-04T06:48:51Z",213,"Lerma","CRY","-2.6","-2.6","-2.6","-2.6",-1,0,"0.1",48,95,390,1,51,"0.3","a",-1,-2,,"false"
"2026-10-04T06:48:51Z",214,"Kamada","CRY","12.0","12.0","12.0","12.0",1,2,"0.5",50,3367,3129,21,441,"5.3","a",0,0,,"false"
"2026-10-04T06:48:51Z",215,"Devenny","CRY","0.0","0.0","0.0","0.0",0,0,"0.0",50,0,36,0,0,"0.0","u",0,0,,"false"
"2026-10-04T06:48:51Z",216,"Esse","CRY","0.0","0.0","0.0","0.0",0,0,"0.0",50,0,130,0,0,"0.0","u",0,0,,"false"
"2026-10-04T06:48:51Z",217,"M.França","CRY","0.0","0.0","0.0","0.0",0,0,"0.0",49,0,160,0,0,"0.0","u",0,-1,,"false"
"2026-10-04T06:48:51Z",218,"Doucouré","CRY","-2.6","-1.0","0.0","0.0",-1,1,"0.0",48,117,304,0,0,"0.0","a",-1,-2,,"false"
"2026-10-04T06:48:51Z",219,"J.Rak-Sakyi","CRY","0.0","0.0","0.0","0.0",0,0,"0.0",49,0,27,0,0,"0.0","u",0,-1,,"false"
"2026-10-04T06:48:51Z",220,"Cardines","CRY","0.0","0.0","0.0","0.0",0,0,"0.0",45,0,3,0,0,"0.0","u",0,0,,"false"
"2026-10-04T06:48:51Z",221,"Drakes-Thomas","CRY","-98.8","-98.8","-98.8","-98.8",-4,0,"0.1",45,151,438,0,0,"0.0","a",0,0,,"false"
"2026-10-04T06:48:51Z",222,"Strand Larsen","CRY","5.5","5.5","5.5","5.5",1,2,"0.7",60,5237,4041,14,298,"3.7","a",0,0,,"false"
"2026-10-04T06:48:51Z",223,"Mateta","CRY","-27.2","-27.5","-27.9","-28.2",-2,-8,"1.3",63,228,9431,2,62,"0.0","i",0,-2,,"false"
"2026-10-04T06:48:51Z",224,"Nketiah","CRY","-18.8","-18.9","-19.0","-19.2",-1,-1,"0.5",55,1352,3441,8,175,"1.7","a",0,0,,"false"
"2026-10-04T06:48:51Z",225,"Uche","CRY","0.0","0.0","0.0","0.0",0,0,"0.0",50,0,0,0,0,"0.0","u",0,0,,"false"
"2026-10-04T06:48:51Z",241,"McNeil","CRY","-0.1","-0.1","-0.1","-0.1",-1,0,"0.1",53,80,498,3,84,"0.0","a",-1,-2,,"false"
"2026-10-04T06:48:51Z",555,"Matthews","CRY","-9.7","-9.7","-9.7","-9.7",-1,0,"1.7",40,1149,3113,0,0,"0.0","a",0,0,,"false"
"2026-10-04T06:48:51Z",577,"Tomiyasu","CRY","-15.3","-15.6","-16.0","-16.4",-1,-1,"0.3",44,149,1254,3,189,"0.3","d",0,-1,,"false"
"2026-10-04T06:48:51Z",588,"Khalaili","CRY","7.0","7.0","7.0","6.9",1,-1,"0.3",50,2176,1193,19,379,"5.3","a",0,0,,"false"
"2026-10-04T06:48:51Z",595,"Gozo","CRY","-1.0","-1.0","-1.0","-1.0",-1,0,"0.0",49,41,91,2,28,"0.3","a",-1,-1,,"false"
"2026-10-04T06:48:51Z",633,"Ahanor","CRY","0.1","0.1","0.1","0.1",1,0,"0.0",45,141,112,3,90,"1.0","a",0,0,,"false"
"2026-10-04T06:48:51Z",643,"Chilwell","CRY","-77.4","-77.7","-78.1","-78.6",-3,-1,"0.4",45,590,3013,8,29,"2.7","a",0,0,,"false"
"2026-10-04T06:48:51Z",644,"Timber","CRY","0.2","0.2","0.2","0.2",1,0,"0.0",50,481,328,9,253,"3.0","a",0,0,,"false"
"2026-10-04T06:48:51Z",647,"Osorio","CRY","-78.8","-78.8","-78.8","-78.8",-3,0,"0.0",55,27,78,1,1,"0.3","a",0,0,,"false"
"2026-10-04T06:48:51Z",21,"Nørgaard","EVE","-0.5","-0.5","-0.5","-0.5",-1,0,"0.0",48,59,338,0,0,"0.0","i",-1,-2,,"false"
"2026-10-04T06:48:51Z",209,"Johnson","EVE","-20.1","-20.1","-20.1","-20.1",-2,0,"0.1",59,437,734,9,238,"2.3","a",0,-1,,"false"
"2026-10-04T06:48:51Z",226,"Pickford","EVE","30.7","30.8","30.8","30.9",2,4,"9.1",55,29773,16450,25,450,"5.0","a",0,0,,"false"
"2026-10-04T06:48:51Z",227,"Travers","EVE","-33.2","-33.2","-33.2","-33.2",-2,0,"0.0",50,262,270,0,0,"0.0","a",0,0,,"false"
"2026-10-04T06:48:51Z",228,"King","EVE","-43.7","-43.7","-43.7","-43.7",-3,0,"0.0",45,122,179,0,0,"0.0","a",0,0,,"false"
"2026-10-04T06:48:51Z",229,"Tarkowski","EVE","1.2","1.4","1.7","1.9",1,46,"16.7",62,241658,22418,43,450,"8.3","a",1,2,,"false"
"2026-10-04T06:48:51Z",230,"Branthwaite","EVE","37.3","37.4","37.5","37.6",2,7,"2.4",55,20690,7616,27,450,"5.7","a",0,0,,"false"
"2026-10-04T06:48:51Z",231,"Keane","EVE","-41.2","-41.2","-41.2","-41.2",-3,0,"0.7",48,409,3946,0,0,"0.0","a",0,-2,,"false"
"2026-10-04T06:48:51Z",232,"O'Brien","EVE","-4.4","-4.4","-4.4","-4.4",-1,0,"0.3",48,348,1187,2,16,"0.7","a",-1,-2,,"false"
"2026-10-04T06:48:51Z",233,"Mykolenko","EVE","1.1","1.1","1.1","1.0",1,-10,"4.2",46,41530,24545,27,450,"5.7","d",1,1,,"false"
"2026-10-04T06:48:51Z",234,"Patterson","EVE","0.0","0.0","0.0","0.0",0,0,"0.0",45,0,130,0,0,"0.0","u",0,0,,"false"
"2026-10-04T06:48:51Z",235,"Aznou","EVE","0.0","0.0","0.0","0.0",0,0,"0.1",40,0,582,0,0,"0.0","u",0,0,,"false"
"2026-10-04T06:48:51Z",236,"Dewsbury-Hall","EVE","-16.9","-16.9","-17.1","-17.2",-1,-4,"5.9",66,35066,46690,20,450,"2.3","a",1,1,,"false"
"2026-10-04T06:48:51Z",238,"Grealish","EVE","9.1","9.1","9.1","9.1",1,0,"0.5",65,3947,3092,6,135,"1.7","a",0,0,,"false"
"2026-10-04T06:48:51Z",239,"Garner","EVE","3.6","3.6","3.6","3.6",1,-1,"0.2",60,1832,2085,11,328,"3.0","a",0,0,,"false"
"2026-10-04T06:48:51Z",242,"George","EVE","31.2","31.2","31.2","31.2",2,0,"0.9",55,2551,11109,19,309,"4.7","a",0,0,,"false"
"2026-10-04T06:48:51Z",243,"Alcaraz","EVE","-48.4","-48.4","-48.4","-48.4",-3,0,"0.1",49,163,413,1,5,"0.0","a",0,-1,,"false"
"2026-10-04T06:48:51Z",244,"Armstrong","EVE","9.7","9.7","9.7","9.7",1,-1,"0.4",50,882,3411,16,446,"2.0","a",0,0,,"false"
"2026-10-04T06:48:51Z",245,"Dibling","EVE","-93.7","-93.7","-93.7","-93.7",-3,0,"0.0",54,121,161,1,24,"0.3","a",0,-1,,"false"
"2026-10-04T06:48:51Z",246,"Röhl","EVE","-48.7","-48.7","-48.7","-48.7",-3,0,"0.0",49,7,598,6,249,"0.3","i",0,-1,,"false"
"2026-10-04T06:48:51Z",247,"Hackney","EVE","-5.9","-5.9","-5.9","-5.9",-1,0,"0.2",54,201,1126,10,137,"2.0","a",-1,-1,,"false"
"2026-10-04T06:48:51Z",248,"Beto","EVE","0.0","0.0","0.0","0.0",0,-3,"0.6",54,0,7554,2,31,"0.0","u",0,-1,,"false"
"2026-10-04T06:48:51Z",249,"Barry","EVE","0.6","0.6","0.7","0.7",1,6,"8.3",57,88338,41081,20,417,"3.3","a",1,2,,"false"
"2026-10-04T06:48:51Z",649,"Maitland-Niles","EVE","18.2","18.2","18.2","18.3",1,3,"1.4",45,20035,5011,21,177,"7.0","a",0,0,,"false"
"2026-10-04T06:48:51Z",654,"Graham","EVE","-36.6","-36.6","-36.6","-36.6",-2,0,"0.1",45,241,1028,0,0,"0.0","a",0,0,,"false"
"2026-10-04T06:48:51Z",250,"Leno","FUL","9.5","9.5","9.5","9.6",1,3,"3.4",45,41975,12139,18,450,"4.3","a",0,0,,"false"
"2026-10-04T06:48:51Z",251,"Lecomte","FUL","-24.9","-24.9","-24.9","-24.9",-2,0,"1.1",40,2605,2620,0,0,"0.0","a",0,0,,"false"
"2026-10-04T06:48:51Z",252,"McNally","FUL","0.0","0.0","0.0","0.0",0,0,"0.1",40,0,618,0,0,"0.0","u",0,0,,"false"
"2026-10-04T06:48:51Z",253,"Andersen","FUL","0.8","0.8","0.8","0.8",1,0,"0.2",50,2821,1131,3,190,"0.7","a",0,0,,"false"
"2026-10-04T06:48:51Z",254,"Robinson","FUL","-18.1","-18.1","-18.1","-18.1",-1,0,"1.5",45,16952,7060,12,429,"3.0","a",0,0,,"false"
"2026-10-04T06:48:51Z",255,"J.Cuenca","FUL","-76.4","-76.4","-76.4","-76.4",-3,0,"0.0",45,68,116,3,90,"0.0","a",0,0,,"false"
"2026-10-04T06:48:51Z",256,"Tete","FUL","-1.1","-1.1","-1.1","-1.1",-1,0,"0.2",44,62,1059,0,27,"0.0","a",0,-1,,"false"
"2026-10-04T06:48:51Z",257,"Bassey","FUL","0.3","0.3","0.4","0.5",1,5,"0.7",45,6096,1944,15,450,"4.3","a",0,0,,"false"
"2026-10-04T06:48:51Z",258,"Castagne","FUL","15.0","15.0","15.1","15.2",1,5,"1.0",45,15464,5108,20,408,"2.7","a",0,0,,"false"
"2026-10-04T06:48:51Z",261,"Iwobi","FUL","-60.0","-59.8","-59.5","-59.2",-3,1,"0.7",54,3736,3392,14,408,"3.3","a",0,-1,,"false"
"2026-10-04T06:48:51Z",262,"Smith Rowe","FUL","-1.5","-1.5","-1.5","-1.5",-1,0,"0.2",53,318,1376,3,38,"0.7","a",-1,-2,,"false"
"2026-10-04T06:48:51Z",263,"Kevin","FUL","-14.4","-14.4","-14.4","-14.4",-1,0,"0.0",53,202,298,4,61,"0.7","a",0,-2,,"false"
"2026-10-04T06:48:51Z",264,"Bobb","FUL","-47.4","-47.4","-47.4","-47.4",-3,0,"0.3",55,2545,1876,13,343,"2.7","a",0,0,,"false"
"2026-10-04T06:48:51Z",265,"Berge","FUL","-35.4","-35.4","-35.4","-35.4",-2,0,"0.3",49,662,1338,11,349,"2.3","a",0,-1,,"false"
"2026-10-04T06:48:51Z",266,"Cairney","FUL","-14.9","-14.9","-14.9","-14.9",-1,0,"0.0",49,9,20,0,0,"0.0","i",0,-1,,"false"
"2026-10-04T06:48:51Z",268,"King","FUL","93.7","94.0","94.4","94.8",3,26,"2.7",55,94595,19659,24,425,"5.0","a",0,0,,"false"
"2026-10-04T06:48:51Z",269,"Sessegnon","FUL","-2.0","-2.0","-2.0","-2.0",-1,0,"0.3",43,313,1338,3,50,"0.3","a",-1,-2,,"false"
"2026-10-04T06:48:51Z",270,"Reed","FUL","-12.3","-12.5","-12.6","-12.8",-1,-1,"1.1",44,2874,7059,0,0,"0.0","a",0,-1,,"false"
"2026-10-04T06:48:51Z",271,"Muniz","FUL","-52.5","-52.5","-52.5","-52.5",-3,0,"0.4",54,1808,2749,3,38,"0.7","a",0,-1,,"false"
"2026-10-04T06:48:51Z",272,"Kusi-Asare","FUL","-66.6","-66.6","-66.5","-66.4",-3,2,"5.4",45,11335,34259,0,0,"0.0","a",0,0,,"false"
"2026-10-04T06:48:51Z",569,"Gonzalo","FUL","61.3","61.4","61.6","61.8",3,14,"4.0",60,74050,33884,14,425,"2.0","a",0,0,,"false"
"2026-10-04T06:48:51Z",570,"Palacios","FUL","-7.6","-7.6","-7.6","-7.6",-1,0,"0.2",54,728,976,12,226,"3.0","a",0,-1,,"false"
"2026-10-04T06:48:51Z",580,"Charles","FUL","-80.4","-80.4","-80.4","-80.4",-3,0,"0.1",50,675,455,13,303,"3.7","a",0,0,,"false"
"2026-10-04T06:48:51Z",610,"De Fougerolles","FUL","0.0","0.0","0.0","0.0",0,0,"0.1",40,0,513,0,0,"0.0","u",0,0,,"false"
"2026-10-04T06:48:51Z",626,"Zepa","FUL","0.2","0.2","0.2","0.2",1,-1,"0.3",44,919,2337,0,0,"0.0","a",-1,-1,,"false"
"2026-10-04T06:48:51Z",635,"Larsson","FUL","0.0","0.0","0.0","0.0",0,0,"0.0",50,98,72,3,37,"1.0","a",0,0,,"false"
"2026-10-04T06:48:51Z",636,"Ángel","FUL","0.0","0.0","0.0","0.0",0,0,"0.0",50,33,28,0,0,"0.0","a",0,0,,"false"
"2026-10-04T06:48:51Z",650,"Affengruber","FUL","1.4","1.4","1.5","1.5",1,3,"0.1",45,6759,1631,12,180,"4.0","a",0,0,,"false"
"2026-10-04T06:48:51Z",240,"Iroegbunam","HUL","0.1","0.1","0.1","0.1",1,0,"0.0",50,78,140,2,70,"0.3","a",0,0,,"false"
"2026-10-04T06:48:51Z",273,"Phillips","HUL","-29.5","-29.8","-30.2","-30.6",-2,-4,"1.4",40,3128,3660,0,0,"0.0","a",0,0,,"false"
"2026-10-04T06:48:51Z",274,"Butland","HUL","-0.8","-0.8","-0.8","-0.8",-1,0,"0.1",44,69,332,0,0,"0.0","i",-1,-1,,"false"
"2026-10-04T06:48:51Z",275,"Cartwright","HUL","0.0","0.0","0.0","0.0",0,0,"0.0",40,0,27,0,0,"0.0","u",0,0,,"false"
"2026-10-04T06:48:51Z",276,"Lo-Tutala","HUL","0.0","0.0","0.0","0.0",0,0,"0.0",40,0,117,0,0,"0.0","u",0,0,,"false"
"2026-10-04T06:48:51Z",277,"Egan","HUL","27.1","27.1","27.1","27.1",2,-1,"7.0",41,28105,30612,26,437,"3.0","a",0,1,,"false"
"2026-10-04T06:48:51Z",278,"Hughes","HUL","0.5","0.5","0.5","0.5",1,0,"0.2",39,1133,2000,0,0,"0.0","i",0,-1,,"false"
"2026-10-04T06:48:51Z",279,"Ajayi","HUL","72.1","72.0","71.9","71.8",3,-6,"13.9",42,45014,60975,27,423,"2.3","a",0,2,,"false"
"2026-10-04T06:48:51Z",280,"Coyle","HUL","0.2","0.2","0.2","0.2",1,-1,"0.7",40,2135,2128,14,348,"2.7","a",0,0,,"false"
"2026-10-04T06:48:51Z",281,"Drameh","HUL","0.0","0.0","0.0","0.0",0,0,"0.0",40,0,261,2,65,"0.0","u",0,0,,"false"
"2026-10-04T06:48:51Z",282,"Giles","HUL","73.0","73.0","73.0","73.0",3,0,"2.9",40,22013,14376,24,444,"4.0","a",0,0,,"false"
"2026-10-04T06:48:51Z",283,"Jacob","HUL","0.0","0.0","0.0","0.0",0,0,"0.0",40,0,37,0,0,"0.0","u",0,0,,"false"
"2026-10-04T06:48:51Z",284,"McCarthy","HUL","0.5","0.5","0.5","0.5",1,0,"0.1",40,402,450,0,0,"0.0","a",0,0,,"false"
"2026-10-04T06:48:51Z",285,"McNair","HUL","-43.9","-43.9","-43.9","-43.9",-3,0,"0.1",40,199,423,1,26,"0.0","a",0,0,,"false"
"2026-10-04T06:48:51Z",286,"Belloumi","HUL","39.0","39.2","39.4","39.7",2,16,"5.2",51,79517,26332,31,394,"7.3","a",0,1,,"false"
"2026-10-04T06:48:51Z",287,"Millar","HUL","0.0","0.0","0.0","0.0",0,0,"0.0",50,0,313,6,50,"0.0","u",0,0,,"false"
"2026-10-04T06:48:51Z",288,"Dowell","HUL","-0.0","-0.0","-0.0","-0.0",0,0,"0.3",44,613,2086,0,0,"0.0","a",-1,-1,,"false"
"2026-10-04T06:48:51Z",289,"Crooks","HUL","0.7","0.7","0.7","0.6",1,-2,"0.5",44,5225,4334,3,203,"0.3","a",-1,-1,,"false"
"2026-10-04T06:48:51Z",290,"Slater","HUL","77.7","77.7","77.7","77.8",3,1,"5.2",45,16344,38756,15,437,"2.3","a",0,0,,"false"
"2026-10-04T06:48:51Z",291,"Matazo","HUL","-14.9","-14.9","-14.9","-14.9",-1,0,"0.0",45,32,55,0,0,"0.0","i",0,0,,"false"
"2026-10-04T06:48:51Z",292,"Ömür","HUL","-11.6","-11.6","-11.6","-11.6",-1,0,"0.0",49,87,150,0,0,"0.0","a",0,-1,,"false"
"2026-10-04T06:48:51Z",293,"Kamara","HUL","0.0","0.0","0.0","0.0",0,0,"0.0",50,0,12,0,0,"0.0","u",0,0,,"false"
"2026-10-04T06:48:51Z",294,"Zambrano","HUL","-24.0","-24.0","-24.0","-24.0",-2,0,"0.1",45,156,504,0,0,"0.0","a",0,0,,"false"
"2026-10-04T06:48:51Z",295,"McBurnie","HUL","28.8","28.9","28.9","28.9",2,2,"1.9",55,8499,18549,13,441,"2.3","a",0,0,,"false"
"2026-10-04T06:48:51Z",296,"Akintola","HUL","0.0","0.0","0.0","0.0",0,0,"0.0",50,0,279,0,0,"0.0","u",0,0,,"false"
"2026-10-04T06:48:51Z",297,"Gyabi","HUL","-0.6","-0.6","-0.6","-0.6",-1,0,"0.0",44,65,150,0,0,"0.0","i",-1,-1,,"false"
"2026-10-04T06:48:51Z",298,"Destan","HUL","0.0","0.0","0.0","0.0",0,0,"0.2",45,0,1406,0,0,"0.0","u",0,0,,"false"
"2026-10-04T06:48:51Z",299,"Burstow","HUL","0.0","0.0","0.0","0.0",0,0,"0.0",45,0,224,0,0,"0.0","u",0,0,,"false"
"2026-10-04T06:48:51Z",340,"Gelhardt","HUL","0.0","0.0","0.0","0.0",0,0,"0.0",50,100,112,1,7,"0.3","a",0,0,,"false"
"2026-10-04T06:48:51Z",556,"Targett","HUL","-78.3","-78.4","-78.5","-78.6",-3,-2,"1.6",40,116,10234,1,5,"0.0","d",0,0,,"false"
"2026-10-04T06:48:51Z",563,"Morita","HUL","-0.6","-0.6","-0.6","-0.6",-1,0,"0.0",49,24,182,1,45,"0.0","i",-1,-1,,"false"
"2026-10-04T06:48:51Z",572,"Tzolakis","HUL","0.9","0.9","1.0","1.0",1,8,"12.8",47,129036,23405,34,450,"4.7","a",1,2,,"false"
"2026-10-04T06:48:51Z",574,"Hjertø-Dahl","HUL","-78.8","-78.8","-78.8","-78.8",-3,0,"0.1",49,78,331,1,8,"0.3","a",0,-1,,"false"
"2026-10-04T06:48:51Z",576,"Stroud","HUL","-56.3","-56.3","-56.3","-56.3",-3,0,"0.1",50,147,484,7,249,"1.3","a",0,0,,"false"
"2026-10-04T06:48:51Z",585,"Herrington","HUL","-28.7","-28.7","-28.7","-28.7",-2,0,"0.6",40,1070,1743,5,197,"1.0","a",0,0,,"false"
"2026-10-04T06:48:51Z",586,"Mendy","HUL","-0.8","-0.8","-0.8","-0.8",-1,-1,"6.3",41,7419,34171,25,249,"3.0","a",0,1,,"false"
"2026-10-04T06:48:51Z",589,"Gourna-Douath","HUL","-82.5","-82.5","-82.5","-82.5",-3,0,"0.0",50,33,109,4,138,"1.0","a",0,0,,"false"
"2026-10-04T06:48:51Z",617,"Cho","HUL","0.2","0.2","0.2","0.2",1,0,"0.0",50,361,157,9,72,"2.7","a",0,0,,"false"
"2026-10-04T06:48:51Z",632,"Ansah","HUL","-69.6","-69.6","-69.6","-69.6",-3,0,"0.0",50,76,435,0,0,"0.0","i",0,0,,"false"
"2026-10-04T06:48:51Z",637,"Vaz","HUL","1.3","1.3","1.3","1.3",1,0,"0.1",50,1906,1203,2,20,"0.7","a",0,0,,"false"
"2026-10-04T06:48:51Z",638,"Norton-Cuffy","HUL","-28.1","-28.1","-28.1","-28.1",-2,0,"0.2",40,457,2656,1,34,"0.3","d",0,0,,"false"
"2026-10-04T06:48:51Z",642,"Thomas","HUL","0.3","0.3","0.3","0.3",1,0,"0.0",55,508,361,4,119,"1.3","a",0,0,,"false"
"2026-10-04T06:48:51Z",645,"Mouzakitis","HUL","0.0","0.0","0.0","0.0",0,0,"0.0",50,92,92,0,0,"0.0","a",0,0,,"false"
"2026-10-04T06:48:51Z",259,"Diop","IPS","-55.6","-55.6","-55.6","-55.6",-3,-1,"12.7",40,7371,57310,12,450,"2.7","a",0,0,,"false"
"2026-10-04T06:48:51Z",267,"Lukić","IPS","-5.8","-5.8","-5.8","-5.8",-1,0,"0.1",49,207,548,11,400,"1.7","a",-1,-1,,"false"
"2026-10-04T06:48:51Z",300,"Walton","IPS","-7.1","-7.1","-7.1","-7.1",-1,0,"0.4",44,1789,1104,2,90,"0.7","a",0,-1,,"false"
"2026-10-04T06:48:51Z",301,"Palmer","IPS","-26.8","-26.8","-26.8","-26.8",-2,0,"3.9",40,4146,12369,0,0,"0.0","a",0,0,,"false"
"2026-10-04T06:48:51Z",302,"Button","IPS","1.2","1.1","1.1","1.1",1,-1,"0.6",40,1527,1383,0,0,"0.0","a",0,0,,"false"
"2026-10-04T06:48:51Z",303,"Kipré","IPS","3.2","3.2","3.2","3.2",1,0,"0.9",39,4652,4547,0,0,"0.0","a",0,-1,,"false"
"2026-10-04T06:48:51Z",304,"O'Shea","IPS","-42.3","-42.3","-42.4","-42.5",-3,-1,"2.7",40,2089,15198,10,450,"2.0","a",0,0,,"false"
"2026-10-04T06:48:51Z",305,"Davis","IPS","75.9","76.0","76.1","76.3",3,10,"7.0",40,53181,29141,25,450,"5.7","a",0,0,,"false"
"2026-10-04T06:48:51Z",306,"Greaves","IPS","-95.0","-95.0","-95.0","-95.0",-4,0,"1.1",40,496,3619,3,357,"0.7","a",0,0,,"false"
"2026-10-04T06:48:51Z",307,"Johnson","IPS","0.0","0.0","0.0","0.0",0,0,"0.1",40,0,368,0,0,"0.0","u",0,0,,"false"
"2026-10-04T06:48:51Z",308,"Furlong","IPS","2.1","2.1","2.1","2.1",1,0,"0.6",39,6603,3051,1,17,"0.0","a",0,-1,,"false"
"2026-10-04T06:48:51Z",309,"Núñez","IPS","-39.3","-48.1","-61.1","-74.0",-3,-8,"0.1",49,101,680,6,140,"0.0","a",0,-1,,"false"
"2026-10-04T06:48:51Z",310,"Matusiwa","IPS","0.0","0.0","0.0","0.0",0,0,"0.0",49,16,18,0,0,"0.0","a",0,-1,,"false"
"2026-10-04T06:48:51Z",311,"Burns","IPS","0.0","0.0","0.0","0.0",0,0,"0.0",50,0,8,0,0,"0.0","u",0,0,,"false"
"2026-10-04T06:48:51Z",312,"Taylor","IPS","0.1","0.1","0.1","0.1",1,0,"0.0",44,392,285,0,0,"0.0","i",-1,-1,,"false"
"2026-10-04T06:48:51Z",313,"Clarke","IPS","-89.6","-89.6","-89.6","-89.6",-3,0,"0.2",54,156,969,11,170,"1.3","a",0,-1,,"false"
"2026-10-04T06:48:51Z",314,"Ogbene","IPS","0.0","0.0","0.0","0.0",0,0,"0.0",49,0,66,0,0,"0.0","u",0,-1,,"false"
"2026-10-04T06:48:51Z",315,"Fatawu","IPS","-37.1","-37.1","-37.1","-37.1",-2,0,"0.2",54,61,2611,8,352,"0.7","s",0,-1,,"false"
"2026-10-04T06:48:51Z",316,"Emersonn","IPS","88.1","88.2","88.4","88.6",3,13,"3.6",55,36836,23904,26,317,"5.3","a",0,0,,"false"
"2026-10-04T06:48:51Z",317,"Hirst","IPS","0.0","0.0","0.0","0.0",0,0,"0.1",50,0,497,0,0,"0.0","u",0,0,,"false"
"2026-10-04T06:48:51Z",318,"Philogene","IPS","-8.6","-8.6","-8.6","-8.6",-1,0,"0.1",54,34,166,2,52,"0.7","a",0,-1,,"false"
"2026-10-04T06:48:51Z",319,"Szmodics","IPS","0.0","0.0","0.0","0.0",0,0,"0.0",50,0,14,0,0,"0.0","u",0,0,,"false"
"2026-10-04T06:48:51Z",320,"Akpom","IPS","25.0","25.0","25.0","24.9",2,-2,"1.2",50,5155,9880,7,78,"0.3","a",0,0,,"false"
"2026-10-04T06:48:51Z",321,"Walle Egeli","IPS","40.4","40.3","40.3","40.3",3,-3,"3.5",45,18932,27671,1,10,"0.0","a",0,0,,"false"
"2026-10-04T06:48:51Z",322,"Al-Hamadi","IPS","0.0","0.0","0.0","0.0",0,0,"0.0",50,0,388,0,0,"0.0","u",0,0,,"false"
"2026-10-04T06:48:51Z",323,"McAteer","IPS","-1.4","-1.4","-1.4","-1.4",-1,0,"1.0",44,1606,6644,3,42,"0.3","a",-1,-1,,"false"
"2026-10-04T06:48:51Z",324,"Mehmeti","IPS","-3.0","-3.0","-3.0","-3.0",-1,0,"0.0",48,76,150,0,0,"0.0","a",-1,-2,,"false"
"2026-10-04T06:48:51Z",554,"Van Oevelen","IPS","0.0","0.0","0.0","0.0",0,0,"0.0",45,0,85,0,0,"0.0","u",0,0,,"false"
"2026-10-04T06:48:51Z",562,"Maeda","IPS","-11.0","-11.0","-11.0","-11.0",-1,0,"0.2",53,142,1508,8,259,"1.3","a",-1,-2,,"false"
"2026-10-04T06:48:51Z",564,"Scherpen","IPS","-32.9","-32.9","-32.9","-32.9",-2,0,"0.6",45,690,2869,7,360,"1.0","a",0,0,,"false"
"2026-10-04T06:48:51Z",571,"Florentino","IPS","-2.8","-2.8","-2.8","-2.8",-1,0,"0.1",48,118,351,2,30,"0.7","a",-1,-2,,"false"
"2026-10-04T06:48:51Z",591,"Enciso","IPS","9.0","9.0","9.0","9.0",1,1,"0.8",55,2431,6302,15,413,"1.7","a",0,0,,"false"
"2026-10-04T06:48:51Z",592,"Ouattara","IPS","-33.5","-33.5","-33.5","-33.5",-2,0,"0.9",40,718,2145,6,131,"1.3","a",0,0,,"false"
"2026-10-04T06:48:51Z",602,"Humphreys","IPS","0.0","0.0","0.0","0.0",0,0,"0.0",45,0,249,0,0,"0.0","u",0,0,,"false"
"2026-10-04T06:48:51Z",619,"Palacios","IPS","1.1","1.0","1.0","1.0",1,-1,"0.1",50,535,868,11,275,"3.3","a",0,0,,"false"
"2026-10-04T06:48:51Z",640,"Flemming","IPS","0.5","0.5","0.5","0.5",1,0,"0.1",55,973,1024,6,60,"2.0","a",0,0,,"false"
"2026-10-04T06:48:51Z",260,"Wilson","LEE","-65.9","-66.3","-66.9","-67.4",-3,-16,"1.7",62,76,41673,5,145,"0.3","i",0,-3,,"false"
"2026-10-04T06:48:51Z",326,"Perri","LEE","0.0","0.0","0.0","0.0",0,0,"0.3",45,0,1337,0,0,"0.0","u",0,0,,"false"
"2026-10-04T06:48:51Z",327,"Bijol","LEE","5.1","5.1","5.1","5.0",1,-2,"0.7",50,833,5694,12,164,"0.3","a",0,0,,"false"
"2026-10-04T06:48:51Z",329,"Rodon","LEE","-7.0","-7.1","-7.1","-7.2",-1,-1,"0.8",43,49,9067,7,123,"0.0","i",-1,-2,,"false"
"2026-10-04T06:48:51Z",330,"Bogle","LEE","61.1","61.4","61.9","62.3",3,31,"7.3",46,130752,27157,42,365,"11.3","a",0,1,,"false"
"2026-10-04T06:48:51Z",331,"Gudmundsson","LEE","1.0","1.0","1.0","1.0",1,0,"0.1",45,576,347,14,252,"4.7","a",0,0,,"false"
"2026-10-04T06:48:51Z",332,"Justin","LEE","18.7","18.7","18.7","18.7",1,-1,"1.4",45,4473,6117,26,450,"4.7","a",0,0,,"false"
"2026-10-04T06:48:51Z",333,"Bornauw","LEE","0.0","0.0","0.0","0.0",0,0,"0.0",45,0,5,0,0,"0.0","u",0,0,,"false"
"2026-10-04T06:48:51Z",334,"Muharemović","LEE","39.9","39.9","39.8","39.8",2,-3,"4.3",50,29552,25267,27,450,"5.7","a",0,0,,"false"
"2026-10-04T06:48:51Z",335,"Stach","LEE","16.4","16.4","16.3","16.3",1,-2,"2.5",60,5032,20120,27,447,"3.3","a",0,0,,"false"
"2026-10-04T06:48:51Z",336,"Okafor","LEE","1.5","1.5","1.5","1.5",1,0,"0.4",58,1843,3516,18,299,"5.0","a",0,-2,,"false"
"2026-10-04T06:48:51Z",337,"Aaronson","LEE","-8.8","-8.8","-8.8","-8.8",-1,0,"0.5",53,218,3486,7,194,"1.0","a",-1,-2,,"false"
"2026-10-04T06:48:51Z",338,"Ampadu","LEE","-29.8","-29.8","-29.8","-29.8",-2,0,"0.9",54,1693,5108,21,450,"4.7","a",0,-1,,"false"
"2026-10-04T06:48:51Z",339,"Longstaff","LEE","0.0","-0.7","-2.1","-3.4",-1,-1,"0.1",48,147,652,2,10,"0.3","a",-1,-2,,"false"
"2026-10-04T06:48:51Z",341,"Gnonto","LEE","0.0","0.0","0.0","0.0",0,0,"0.0",50,0,54,0,0,"0.0","u",0,0,,"false"
"2026-10-04T06:48:51Z",342,"Harrison","LEE","0.0","0.0","0.0","0.0",0,0,"0.0",50,0,5,0,0,"0.0","u",0,0,,"false"
"2026-10-04T06:48:51Z",343,"James","LEE","-29.5","-29.5","-29.5","-29.5",-2,0,"0.1",49,198,575,3,52,"0.7","a",0,-1,,"false"
"2026-10-04T06:48:51Z",344,"Gruev","LEE","0.0","0.0","0.0","0.0",0,0,"0.0",50,49,22,0,0,"0.0","a",0,0,,"false"
"2026-10-04T06:48:51Z",345,"Tanaka","LEE","5.0","5.0","5.0","5.0",1,-1,"0.3",49,2328,2340,14,255,"4.3","a",0,-1,,"false"
"2026-10-04T06:48:51Z",346,"Calvert-Lewin","LEE","71.1","71.1","71.0","71.0",3,-2,"24.8",60,97938,174507,22,419,"4.3","a",0,0,,"false"
"2026-10-04T06:48:51Z",347,"Nmecha","LEE","-27.4","-26.9","-26.2","-25.5",-2,2,"0.5",54,2095,3829,7,64,"1.0","a",0,-1,,"false"
"2026-10-04T06:48:51Z",348,"Piroe","LEE","0.0","0.0","0.0","0.0",0,0,"0.1",50,0,437,0,0,"0.0","u",0,0,,"false"
"2026-10-04T06:48:51Z",349,"Mateo Joseph","LEE","-42.8","-42.8","-42.8","-42.8",-3,0,"0.1",45,332,500,0,0,"0.0","i",0,0,,"false"
"2026-10-04T06:48:51Z",385,"Trafford","LEE","35.0","35.1","35.3","35.4",2,8,"5.5",50,23804,15715,28,450,"5.3","a",0,0,,"false"
"2026-10-04T06:48:51Z",598,"Elvedi","LEE","0.7","0.7","0.7","0.7",1,0,"0.1",45,253,254,13,326,"4.0","a",0,0,,"false"
"2026-10-04T06:48:51Z",603,"Lienou","LEE","0.1","0.1","0.1","0.1",1,0,"0.1",40,246,529,0,0,"0.0","a",0,0,,"false"
"2026-10-04T06:48:51Z",604,"Cresswell","LEE","-13.1","-13.1","-13.1","-13.1",-1,0,"0.1",45,312,918,0,0,"0.0","a",0,0,,"false"
"2026-10-04T06:48:51Z",625,"Cairns","LEE","0.4","0.4","0.4","0.4",1,0,"0.2",40,862,801,0,0,"0.0","a",0,0,,"false"
"2026-10-04T06:48:51Z",629,"Zetterer","LEE","2.3","2.3","2.3","2.3",1,0,"0.7",40,3142,2859,0,0,"0.0","a",0,0,,"false"
"2026-10-04T06:48:51Z",641,"Bard","LEE","0.1","0.1","0.1","0.1",1,0,"0.0",45,98,81,1,18,"0.3","a",0,0,,"false"
"2026-10-04T06:48:51Z",648,"Bahoya","LEE","-53.1","-53.1","-53.1","-53.1",-3,0,"0.0",50,115,179,1,1,"0.3","a",0,0,,"false"
"2026-10-04T06:48:51Z",350,"A.Becker","LIV","1.8","1.8","1.8","1.8",1,0,"4.1",55,14273,12307,27,450,"8.3","a",0,0,,"false"
"2026-10-04T06:48:51Z",351,"Mamardashvili","LIV","0.0","0.0","0.0","0.0",0,0,"0.1",48,265,641,0,0,"0.0","a",-1,-2,,"false"
"2026-10-04T06:48:51Z",352,"Woodman","LIV","-33.1","-33.2","-33.4","-33.6",-2,-1,"1.0",40,815,2432,0,0,"0.0","a",0,0,,"false"
"2026-10-04T06:48:51Z",353,"Pecsi","LIV","0.0","0.0","0.0","0.0",0,0,"0.0",40,0,66,0,0,"0.0","u",0,0,,"false"
"2026-10-04T06:48:51Z",354,"Jaros","LIV","0.1","0.1","0.1","0.1",1,0,"0.0",40,210,161,0,0,"0.0","i",0,0,,"false"
"2026-10-04T06:48:51Z",355,"Davies","LIV","0.1","0.1","0.1","0.1",1,0,"0.2",40,306,484,0,0,"0.0","a",0,0,,"false"
"2026-10-04T06:48:51Z",356,"Virgil","LIV","-61.8","-61.8","-61.8","-61.7",-3,4,"16.2",65,23034,45453,25,450,"7.3","a",0,0,,"false"
"2026-10-04T06:48:51Z",357,"Frimpong","LIV","-39.9","-40.2","-40.7","-41.3",-3,-6,"1.8",53,1692,13098,2,178,"0.3","a",0,-2,,"false"
"2026-10-04T06:48:51Z",358,"Kerkez","LIV","-0.7","-1.1","-1.7","-2.3",-1,-14,"2.2",53,2718,10944,13,385,"4.0","a",-1,-2,,"false"
"2026-10-04T06:48:51Z",359,"Gomez","LIV","0.0","0.0","0.0","0.0",0,0,"0.0",49,338,120,0,0,"0.0","a",0,-1,,"false"
"2026-10-04T06:48:51Z",360,"Bradley","LIV","-89.6","-89.6","-89.6","-89.6",-3,0,"0.0",50,58,87,0,0,"0.0","i",0,0,,"false"
"2026-10-04T06:48:51Z",361,"Lucky","LIV","-56.3","-56.3","-56.3","-56.3",-3,0,"0.1",40,303,601,0,0,"0.0","a",0,0,,"false"
"2026-10-04T06:48:51Z",362,"Jacquet","LIV","58.4","58.4","58.4","58.5",3,3,"3.5",50,35470,14009,24,415,"6.7","a",0,0,,"false"
"2026-10-04T06:48:51Z",363,"Leoni","LIV","-63.3","-63.3","-63.3","-63.3",-3,0,"0.0",40,69,187,0,0,"0.0","i",0,0,,"false"
"2026-10-04T06:48:51Z",364,"Tsimikas","LIV","-56.9","-58.7","-61.4","-64.1",-3,-1,"0.1",49,104,405,2,64,"0.3","a",0,-1,,"false"
"2026-10-04T06:48:51Z",365,"Ramsay","LIV","0.0","0.0","0.0","0.0",0,0,"0.1",40,0,502,0,0,"0.0","u",0,0,,"false"
"2026-10-04T06:48:51Z",366,"Wirtz","LIV","-38.8","-38.8","-38.8","-38.8",-2,-1,"5.7",73,4256,43136,18,402,"4.0","a",0,-2,,"false"
"2026-10-04T06:48:51Z",367,"Gakpo","LIV","-2.8","-3.1","-3.6","-4.1",-1,-61,"12.3",72,51717,99855,32,370,"5.0","d",0,2,,"false"
"2026-10-04T06:48:51Z",368,"Szoboszlai","LIV","-0.2","-0.3","-0.4","-0.5",-1,-38,"32.7",69,38061,224191,20,440,"2.7","a",-1,-1,,"false"
"2026-10-04T06:48:51Z",369,"Ngumoha","LIV","-24.7","-24.9","-25.4","-25.8",-2,-2,"0.5",57,827,4375,4,99,"0.3","a",-1,-3,,"false"
"2026-10-04T06:48:51Z",370,"Chiesa","LIV","-6.5","-6.5","-6.5","-6.5",-1,0,"0.0",53,17,259,0,0,"0.0","i",-1,-2,,"false"
"2026-10-04T06:48:51Z",371,"Gravenberch","LIV","-23.9","-23.9","-23.9","-23.9",-2,0,"1.1",58,1279,9354,9,190,"1.0","a",-1,-2,,"false"
"2026-10-04T06:48:51Z",372,"Mac Allister","LIV","-44.9","-44.8","-44.5","-44.3",-3,2,"1.3",54,3976,7084,11,306,"2.7","a",0,-1,,"false"
"2026-10-04T06:48:51Z",373,"C.Jones","LIV","0.0","0.0","0.0","0.0",0,0,"0.0",55,0,65,0,0,"0.0","u",0,0,,"false"
"2026-10-04T06:48:51Z",374,"Endo","LIV","-65.1","-65.1","-65.1","-65.1",-3,0,"0.1",49,172,458,0,0,"0.0","a",0,-1,,"false"
"2026-10-04T06:48:51Z",375,"Nyoni","LIV","-90.0","-90.0","-90.0","-90.0",-3,0,"0.0",49,96,318,3,38,"0.7","a",0,-1,,"false"
"2026-10-04T06:48:51Z",376,"Bajcetic","LIV","0.0","0.0","0.0","0.0",0,0,"0.0",50,0,3,0,0,"0.0","u",0,0,,"false"
"2026-10-04T06:48:51Z",377,"Munoz","LIV","6.5","6.5","6.4","6.4",1,-4,"0.9",65,1552,11795,15,257,"1.7","a",0,0,,"false"
"2026-10-04T06:48:51Z",378,"McConnell","LIV","-4.2","-4.2","-4.2","-4.2",-1,0,"0.2",44,1082,1553,0,0,"0.0","a",0,-1,,"false"
"2026-10-04T06:48:51Z",379,"Isak","LIV","4.1","3.6","3.0","2.4",1,-39,"22.3",91,117653,94037,33,413,"7.7","d",0,1,,"false"
"2026-10-04T06:48:51Z",380,"Ekitiké","LIV","-28.7","-28.7","-28.7","-28.7",-2,0,"0.1",74,410,870,0,0,"0.0","i",0,-1,,"false"
"2026-10-04T06:48:51Z",381,"Koumas","LIV","-95.1","-99.4","-105.8","-112.1",-4,-1,"0.0",50,169,197,3,22,"0.7","a",0,0,,"false"
"2026-10-04T06:48:51Z",382,"Danns","LIV","3.8","3.8","3.8","3.8",1,0,"0.2",45,3632,2492,0,0,"0.0","a",0,0,,"false"
"2026-10-04T06:48:51Z",383,"Elliott","LIV","0.0","0.0","0.0","0.0",0,0,"0.0",54,0,234,0,0,"0.0","u",0,-1,,"false"
"2026-10-04T06:48:51Z",579,"Araujo","LIV","35.6","35.7","35.7","35.7",2,3,"3.0",54,17848,10855,22,284,"7.0","a",0,-1,,"false"
"2026-10-04T06:48:51Z",627,"Barcola","LIV","-67.7","-67.5","-67.3","-67.1",-3,3,"1.9",80,12037,19523,7,168,"2.3","a",0,0,,"false"
"2026-10-04T06:48:51Z",155,"Enzo","MCI","1.8","1.8","1.9","2.0",1,6,"3.6",69,32188,15405,13,271,"4.0","a",0,-1,,"false"
"2026-10-04T06:48:51Z",237,"Ndiaye","MCI","-21.4","-21.6","-21.8","-22.0",-2,-14,"6.7",58,7290,70556,22,385,"3.0","a",-1,-2,,"false"
"2026-10-04T06:48:51Z",384,"Donnarumma","MCI","-53.9","-54.0","-54.1","-54.2",-3,-6,"7.6",55,11074,31586,19,450,"5.3","a",0,0,,"false"
"2026-10-04T06:48:51Z",386,"Bettinelli","MCI","-89.5","-89.5","-89.5","-89.5",-3,0,"0.0",45,57,90,0,0,"0.0","a",0,0,,"false"
"2026-10-04T06:48:51Z",387,"O'Reilly","MCI","-3.0","-3.1","-3.2","-3.3",-1,-27,"10.8",63,5377,75566,6,163,"0.7","d",-1,-2,,"false"
"2026-10-04T06:48:51Z",388,"Guéhi","MCI","66.9","66.8","66.7","66.6",3,-8,"18.2",60,24497,53580,30,450,"6.0","a",0,0,,"false"
"2026-10-04T06:48:51Z",389,"Matheus N.","MCI","-35.1","-35.0","-34.8","-34.6",-2,1,"1.0",59,1730,3052,11,213,"3.3","a",0,-1,,"false"
"2026-10-04T06:48:51Z",390,"Rúben","MCI","4.0","4.0","4.0","4.0",1,0,"1.9",55,4865,9353,17,450,"4.3","a",0,0,,"false"
"2026-10-04T06:48:51Z",391,"Gvardiol","MCI","83.2","83.2","83.2","83.3",3,3,"26.9",57,152643,57757,37,434,"7.7","a",0,2,,"false"
"2026-10-04T06:48:51Z",392,"Aït-Nouri","MCI","-0.1","-0.1","-0.1","-0.1",-1,0,"0.4",52,550,2264,0,0,"0.0","a",-1,-3,,"false"
"2026-10-04T06:48:51Z",393,"Khusanov","MCI","-36.7","-36.7","-36.7","-36.7",-2,0,"1.4",54,1480,9247,9,268,"1.7","a",0,-1,,"false"
"2026-10-04T06:48:51Z",394,"Alleyne","MCI","0.0","0.0","0.0","0.0",0,0,"0.0",50,0,20,0,0,"0.0","u",0,0,,"false"
"2026-10-04T06:48:51Z",395,"Lewis","MCI","-68.4","-68.4","-68.4","-68.4",-3,0,"0.2",44,320,1235,1,56,"0.0","a",0,-1,,"false"
"2026-10-04T06:48:51Z",396,"Vitor Reis","MCI","-85.7","-85.7","-85.7","-85.7",-3,0,"0.0",45,76,156,1,1,"0.0","a",0,0,,"false"
"2026-10-04T06:48:51Z",397,"Semenyo","MCI","-21.5","-21.6","-21.7","-21.9",-2,-21,"15.2",84,127078,74922,33,450,"8.7","d",0,-1,,"false"
"2026-10-04T06:48:51Z",398,"Foden","MCI","-51.7","-51.9","-52.1","-52.4",-3,-8,"1.8",69,222,29390,9,217,"-0.3","s",0,-1,,"false"
"2026-10-04T06:48:51Z",399,"Cherki","MCI","-57.0","-56.8","-56.4","-56.0",-3,25,"28.4",78,129379,93375,34,302,"4.0","a",0,3,,"false"
"2026-10-04T06:48:51Z",400,"Doku","MCI","0.4","0.5","0.5","0.6",1,5,"0.7",74,4718,2194,1,15,"0.3","a",0,-1,,"false"
"2026-10-04T06:48:51Z",402,"Rodrigo","MCI","0.0","0.0","0.0","0.0",0,0,"0.0",65,0,26,0,0,"0.0","u",0,0,,"false"
"2026-10-04T06:48:51Z",404,"Reijnders","MCI","0.0","0.0","0.0","0.0",0,0,"0.0",60,0,102,0,0,"0.0","u",0,0,,"false"
"2026-10-04T06:48:51Z",406,"Kovačić","MCI","0.0","0.0","0.0","0.0",0,0,"0.1",53,120,478,2,42,"0.0","a",-1,-2,,"false"
"2026-10-04T06:48:51Z",407,"Echeverri","MCI","0.0","0.0","0.0","0.0",0,0,"0.0",49,0,57,0,0,"0.0","u",0,-1,,"false"
"2026-10-04T06:48:51Z",408,"Phillips","MCI","0.0","0.0","0.0","0.0",0,0,"0.0",50,0,13,0,0,"0.0","u",0,0,,"false"
"2026-10-04T06:48:51Z",409,"Mukasa","MCI","0.0","0.0","0.0","0.0",0,0,"0.1",45,0,630,0,0,"0.0","u",0,0,,"false"
"2026-10-04T06:48:51Z",410,"Monga","MCI","0.0","0.0","0.0","0.0",0,0,"0.0",49,0,52,0,0,"0.0","u",0,-1,,"false"
"2026-10-04T06:48:51Z",411,"Haaland","MCI","24.3","24.4","24.6","24.8",2,12,"73.9",156,82337,21746,39,450,"8.0","a",0,1,,"false"
"2026-10-04T06:48:51Z",481,"Anderson","MCI","-43.9","-44.1","-44.3","-44.6",-3,-7,"4.0",63,8185,28726,15,413,"3.3","a",0,-2,,"false"
"2026-10-04T06:48:51Z",587,"Rulli","MCI","-92.9","-92.9","-92.9","-92.9",-3,0,"0.0",50,76,105,0,0,"0.0","a",0,0,,"false"
"2026-10-04T06:48:51Z",616,"Bouaddi","MCI","-34.4","-34.4","-34.4","-34.4",-2,0,"0.2",55,859,2156,2,22,"0.3","a",0,0,,"false"
"2026-10-04T06:48:51Z",621,"McAidoo","MCI","-93.9","-93.9","-93.9","-93.9",-3,0,"0.1",45,200,1116,2,11,"0.3","a",0,0,,"false"
"2026-10-04T06:48:51Z",622,"Braithwaite","MCI","-40.4","-40.4","-40.4","-40.4",-3,0,"0.2",40,596,1681,1,1,"0.0","a",0,0,,"false"
"2026-10-04T06:48:51Z",628,"Allan","MCI","0.1","0.1","0.1","0.1",1,0,"0.0",60,231,171,0,0,"0.0","a",0,0,,"false"
"2026-10-04T06:48:51Z",653,"Samba","MCI","-42.6","-42.6","-42.6","-42.6",-3,0,"0.0",45,255,506,0,0,"0.0","a",0,0,,"false"
"2026-10-04T06:48:51Z",43,"Tielemans","MUN","-38.9","-39.1","-39.3","-39.5",-2,-2,"1.5",58,3265,11009,14,402,"2.7","a",0,-2,,"false"
"2026-10-04T06:48:51Z",131,"Baleba","MUN","0.1","0.1","0.1","0.1",1,0,"0.1",49,1367,759,0,0,"0.0","a",0,-1,,"false"
"2026-10-04T06:48:51Z",162,"Andrey Santos","MUN","-52.8","-53.1","-53.4","-53.7",-3,-1,"0.6",48,1065,5093,4,82,"0.3","a",0,-2,,"false"
"2026-10-04T06:48:51Z",325,"Darlow","MUN","-24.6","-24.6","-24.6","-24.6",-2,0,"0.0",45,63,227,0,0,"0.0","d",0,0,,"false"
"2026-10-04T06:48:51Z",412,"Lammens","MUN","-17.7","-17.8","-17.9","-18.0",-1,-7,"9.9",49,7062,50209,11,450,"2.7","a",0,-1,,"false"
"2026-10-04T06:48:51Z",413,"Bayindir","MUN","0.0","0.0","0.0","0.0",0,0,"0.0",45,0,43,0,0,"0.0","u",0,0,,"false"
"2026-10-04T06:48:51Z",414,"Heaton","MUN","-36.9","-36.9","-36.9","-36.9",-2,0,"0.1",40,210,281,0,0,"0.0","i",0,0,,"false"
"2026-10-04T06:48:51Z",415,"Dorgu","MUN","-62.9","-62.9","-62.9","-62.9",-3,0,"0.5",58,1032,4414,10,171,"3.0","d",0,-2,,"false"
"2026-10-04T06:48:51Z",416,"De Ligt","MUN","-99.3","-99.3","-99.3","-99.3",-4,0,"0.0",50,83,135,0,0,"0.0","i",0,0,,"false"
"2026-10-04T06:48:51Z",417,"Dalot","MUN","-80.3","-80.3","-80.3","-80.3",-3,0,"1.6",49,1359,7794,8,346,"1.7","a",0,-1,,"false"
"2026-10-04T06:48:51Z",418,"Maguire","MUN","-2.2","-2.3","-2.4","-2.5",-1,-12,"8.6",48,4595,76708,10,450,"1.7","a",-1,-2,,"false"
"2026-10-04T06:48:51Z",419,"Martinez","MUN","-0.0","-0.2","-0.5","-0.7",-1,-4,"1.3",49,3825,6654,6,360,"1.7","a",-1,-1,,"false"
"2026-10-04T06:48:51Z",420,"Yoro","MUN","-11.5","-11.5","-11.5","-11.5",-1,0,"0.5",48,476,2246,2,22,"0.3","a",-1,-2,,"false"
"2026-10-04T06:48:51Z",421,"Heaven","MUN","-0.3","-0.3","-0.3","-0.3",-1,0,"0.3",43,255,1521,1,90,"0.0","a",-1,-2,,"false"
"2026-10-04T06:48:51Z",422,"Mazraoui","MUN","-76.5","-76.5","-76.5","-76.5",-3,0,"0.5",44,603,2929,3,97,"0.3","a",0,-1,,"false"
"2026-10-04T06:48:51Z",423,"Shaw","MUN","-5.1","-5.2","-5.2","-5.3",-1,-6,"7.7",43,3886,78385,9,335,"2.0","a",-1,-2,,"false"
"2026-10-04T06:48:51Z",424,"Amass","MUN","-47.3","-47.3","-47.3","-47.3",-3,0,"0.2",40,435,807,0,0,"0.0","a",0,0,,"false"
"2026-10-04T06:48:51Z",425,"Fredricson","MUN","0.0","0.0","0.0","0.0",0,0,"0.0",40,0,51,0,0,"0.0","u",0,0,,"false"
"2026-10-04T06:48:51Z",426,"B.Fernandes","MUN","-1.2","-1.2","-1.2","-1.2",-1,-3,"38.5",119,47481,202183,31,450,"2.0","a",-1,-1,,"false"
"2026-10-04T06:48:51Z",427,"Mbeumo","MUN","-78.3","-78.3","-78.4","-78.4",-3,-6,"20.5",79,39572,134193,25,450,"4.0","a",0,-1,,"false"
"2026-10-04T06:48:51Z",428,"Cunha","MUN","-97.0","-97.0","-96.9","-96.9",-4,2,"5.8",79,23579,22515,26,407,"5.0","a",0,-1,,"false"
"2026-10-04T06:48:51Z",429,"Rashford","MUN","-87.8","-87.9","-88.1","-88.3",-3,-3,"1.4",70,4231,18416,10,351,"2.3","d",0,0,,"false"
"2026-10-04T06:48:51Z",430,"Mount","MUN","0.1","0.1","0.1","0.1",1,0,"0.0",54,192,204,1,10,"0.3","a",0,-1,,"false"
"2026-10-04T06:48:51Z",431,"Amad","MUN","-18.6","-18.6","-18.6","-18.6",-1,0,"0.3",57,137,1922,0,0,"0.0","i",0,-3,,"false"
"2026-10-04T06:48:51Z",432,"Mainoo","MUN","14.0","14.0","14.0","14.0",1,0,"1.6",55,7824,15824,22,354,"5.7","d",0,0,,"false"
"2026-10-04T06:48:51Z",433,"Ugarte","MUN","-71.9","-71.9","-71.9","-71.9",-3,0,"0.0",50,24,26,0,0,"0.0","i",0,0,,"false"
"2026-10-04T06:48:51Z",434,"J.Fletcher","MUN","-39.7","-39.7","-39.7","-39.7",-2,0,"0.0",49,44,59,0,0,"0.0","a",0,-1,,"false"
"2026-10-04T06:48:51Z",435,"Lacey","MUN","-5.8","-5.8","-5.8","-5.8",-1,0,"0.1",49,384,375,1,10,"0.0","a",0,-1,,"false"
"2026-10-04T06:48:51Z",436,"Collyer","MUN","0.0","0.0","0.0","0.0",0,0,"0.0",50,0,49,0,0,"0.0","u",0,0,,"false"
"2026-10-04T06:48:51Z",437,"Bendito Mantato","MUN","0.0","0.0","0.1","0.1",0,1,"0.2",44,471,902,0,0,"0.0","a",-1,-1,,"false"
"2026-10-04T06:48:51Z",438,"Fletcher","MUN","0.4","0.4","0.4","0.4",1,0,"0.3",44,2610,2189,0,0,"0.0","a",0,-1,,"false"
"2026-10-04T06:48:51Z",439,"Šeško","MUN","-44.7","-45.1","-45.6","-46.1",-3,-9,"1.6",70,6694,24935,8,76,"2.0","d",0,0,,"false"
"2026-10-04T06:48:51Z",440,"Zirkzee","MUN","-8.4","-9.0","-10.0","-10.9",-1,-4,"0.4",53,2042,3246,2,20,"0.7","a",-1,-2,,"false"
"2026-10-04T06:48:51Z",441,"Obi","MUN","0.0","0.0","0.0","0.0",0,-5,"0.9",45,0,11620,0,0,"0.0","u",0,0,,"false"
"2026-10-04T06:48:51Z",405,"N.Gonzalez","NEW","0.9","0.9","0.8","0.8",1,-1,"0.2",55,645,1872,5,164,"1.0","a",0,0,,"false"
"2026-10-04T06:48:51Z",442,"Pope","NEW","-46.3","-46.3","-46.3","-46.3",-3,0,"0.9",49,901,3237,0,0,"0.0","a",0,-1,,"false"
"2026-10-04T06:48:51Z",443,"Gillespie","NEW","-40.0","-40.0","-40.0","-40.0",-3,0,"0.0",45,45,90,0,0,"0.0","a",0,0,,"false"
"2026-10-04T06:48:51Z",444,"Jaouen","NEW","-7.0","-7.0","-7.0","-7.0",-1,0,"0.0",44,20,123,0,0,"0.0","d",-1,-1,,"false"
"2026-10-04T06:48:51Z",445,"Thiaw","NEW","18.4","18.4","18.3","18.3",1,-4,"2.2",50,9021,10472,14,450,"1.7","a",0,0,,"false"
"2026-10-04T06:48:51Z",446,"Schär","NEW","-11.7","-11.7","-11.7","-11.7",-1,0,"0.2",49,587,930,2,25,"0.3","a",0,-1,,"false"
"2026-10-04T06:48:51Z",447,"Botman","NEW","10.1","10.2","10.3","10.4",1,6,"0.7",50,5057,3184,15,450,"2.3","a",0,0,,"false"
"2026-10-04T06:48:51Z",448,"Burn","NEW","-4.3","-4.3","-4.3","-4.3",-1,0,"0.7",48,118,6003,0,0,"0.0","i",-1,-2,,"false"
"2026-10-04T06:48:51Z",449,"Hall","NEW","8.2","8.4","8.7","9.0",1,53,"17.4",53,254906,22094,31,449,"5.7","a",1,3,,"false"
"2026-10-04T06:48:51Z",450,"Livramento","NEW","1.6","1.6","1.6","1.6",1,0,"0.1",49,456,1555,4,33,"1.3","d",0,-1,,"false"
"2026-10-04T06:48:51Z",451,"A.Murphy","NEW","0.0","0.0","0.0","0.0",0,0,"0.1",40,0,302,0,0,"0.0","u",0,0,,"false"
"2026-10-04T06:48:51Z",453,"Barnes","NEW","17.4","17.6","17.8","18.0",1,41,"5.8",61,167818,19986,28,450,"7.7","a",1,1,,"false"
"2026-10-04T06:48:51Z",454,"Elanga","NEW","-43.1","-43.2","-43.5","-43.8",-3,-35,"4.5",61,343,170399,18,232,"0.3","i",-1,1,,"false"
"2026-10-04T06:48:51Z",456,"J.Ramsey","NEW","-97.1","-97.1","-97.1","-97.1",-4,0,"0.2",49,71,4859,7,69,"2.0","i",0,-1,,"false"
"2026-10-04T06:48:51Z",457,"J.Murphy","NEW","-20.2","-20.2","-20.2","-20.2",-2,0,"0.1",59,1005,819,3,181,"0.7","a",0,-1,,"false"
"2026-10-04T06:48:51Z",458,"Joelinton","NEW","-65.1","-65.1","-65.1","-65.1",-3,0,"0.0",54,21,84,0,0,"0.0","i",0,-1,,"false"
"2026-10-04T06:48:51Z",459,"L.Miley","NEW","0.6","0.6","0.6","0.6",1,0,"0.1",55,489,539,12,396,"2.0","d",0,0,,"false"
"2026-10-04T06:48:51Z",460,"Willock","NEW","16.0","16.1","16.2","16.3",1,8,"0.6",50,10062,2889,22,284,"4.3","a",0,0,,"false"
"2026-10-04T06:48:51Z",461,"Touré","NEW","-12.0","-12.0","-12.0","-12.0",-1,0,"0.1",58,340,881,8,50,"2.3","a",0,-2,,"false"
"2026-10-04T06:48:51Z",462,"Steur","NEW","-54.4","-54.4","-54.4","-54.4",-3,0,"0.1",49,276,397,8,223,"2.0","a",0,-1,,"false"
"2026-10-04T06:48:51Z",463,"Woltemade","NEW","0.0","0.0","0.0","0.0",0,0,"0.5",59,0,3879,4,19,"0.0","u",0,-1,,"false"
"2026-10-04T06:48:51Z",464,"Wissa","NEW","65.0","65.0","64.9","64.9",3,-4,"18.7",62,92452,144621,15,441,"1.0","a",0,2,,"false"
"2026-10-04T06:48:51Z",465,"Osula","NEW","-8.9","-8.9","-8.9","-8.9",-1,0,"0.3",58,130,2491,4,55,"0.0","i",-1,-2,,"false"
"2026-10-04T06:48:51Z",466,"Neave","NEW","0.0","0.0","0.0","0.0",0,-1,"0.5",45,0,4009,0,0,"0.0","u",0,0,,"false"
"2026-10-04T06:48:51Z",559,"Bamba","NEW","-73.4","-73.4","-73.4","-73.4",-3,0,"0.1",49,131,503,3,27,"0.7","a",0,-1,,"false"
"2026-10-04T06:48:51Z",567,"Horníček","NEW","24.7","24.7","24.7","24.7",2,0,"1.5",50,7465,5264,14,450,"2.0","a",0,0,,"false"
"2026-10-04T06:48:51Z",593,"Dedić","NEW","-12.1","-12.3","-12.5","-12.8",-1,-8,"1.8",45,271,38620,13,327,"0.3","i",0,0,,"false"
"2026-10-04T06:48:51Z",609,"Shahar","NEW","0.0","0.0","0.0","0.0",0,0,"0.2",40,0,1907,0,0,"0.0","u",0,0,,"false"
"2026-10-04T06:48:51Z",634,"Fernandez-Pardo","NEW","0.8","0.8","0.8","0.8",1,-1,"0.1",60,2158,1466,4,157,"1.3","a",0,0,,"false"
"2026-10-04T06:48:51Z",659,"Miley","NEW","0.0","0.0","0.1","0.1",0,1,"0.0",45,1454,661,0,0,"0.0","a",0,0,,"false"
"2026-10-04T06:48:51Z",663,"Pivas","NEW","0.0","0.0","0.0","0.0",0,0,"0.0",40,415,63,0,0,"0.0","a",0,0,,"false"
"2026-10-04T06:48:51Z",664,"Salia","NEW","0.1","0.1","0.1","0.1",1,0,"0.1",45,10129,1681,0,0,"0.0","a",0,0,,"false"
"2026-10-04T06:48:51Z",665,"Mills","NEW","0.0","0.0","0.0","0.0",0,0,"0.0",45,168,31,0,0,"0.0","a",0,0,,"false"
"2026-10-04T06:48:51Z",666,"Thompson","NEW","0.0","0.0","0.0","0.0",0,0,"0.0",45,245,36,0,0,"0.0","a",0,0,,"false"
"2026-10-04T06:48:51Z",167,"Delap","NFO","-25.0","-24.9","-24.8","-24.8",-2,2,"2.7",56,25490,29490,9,277,"2.7","a",1,1,,"false"
"2026-10-04T06:48:51Z",201,"Muñoz","NFO","-49.3","-49.3","-49.4","-49.5",-3,-2,"5.7",54,8157,30994,5,257,"1.7","a",0,-1,,"false"
"2026-10-04T06:48:51Z",467,"Sels","NFO","4.6","4.5","4.5","4.4",1,-4,"1.6",50,2092,6343,14,450,"3.7","a",0,0,,"false"
"2026-10-04T06:48:51Z",468,"John","NFO","-76.3","-76.3","-76.3","-76.3",-3,0,"0.1",45,64,157,0,0,"0.0","a",0,0,,"false"
"2026-10-04T06:48:51Z",469,"N.Williams","NFO","24.9","24.9","24.8","24.8",2,-4,"8.7",50,11536,48417,19,450,"3.7","a",0,0,,"false"
"2026-10-04T06:48:51Z",470,"Morato","NFO","0.0","0.0","0.0","0.0",0,0,"0.0",50,0,122,0,0,"0.0","u",0,0,,"false"
"2026-10-04T06:48:51Z",471,"Milenković","NFO","-14.4","-14.5","-14.7","-14.8",-1,-4,"1.0",54,67,12626,12,270,"2.3","i",-1,-1,,"false"
"2026-10-04T06:48:51Z",472,"Murillo","NFO","25.1","25.1","25.0","25.0",2,-4,"2.1",55,8918,8489,23,449,"6.0","a",0,0,,"false"
"2026-10-04T06:48:51Z",473,"Aina","NFO","-3.4","-3.4","-3.4","-3.4",-1,0,"2.4",44,1105,20963,8,306,"1.0","a",-1,-1,,"false"
"2026-10-04T06:48:51Z",474,"Jair Cunha","NFO","-49.5","-49.5","-49.5","-49.5",-3,0,"0.2",45,273,663,11,360,"3.0","a",0,0,,"false"
"2026-10-04T06:48:51Z",475,"Savona","NFO","-18.7","-18.7","-18.7","-18.7",-1,0,"0.0",45,21,20,0,0,"0.0","i",0,0,,"false"
"2026-10-04T06:48:51Z",476,"O.Richards","NFO","-70.0","-70.0","-70.0","-70.0",-3,0,"0.2",40,313,763,0,0,"0.0","a",0,0,,"false"
"2026-10-04T06:48:51Z",477,"Abbott","NFO","0.0","0.0","0.0","0.0",0,0,"0.1",40,0,849,0,0,"0.0","u",0,0,,"false"
"2026-10-04T06:48:51Z",478,"Netz","NFO","-8.5","-8.5","-8.5","-8.5",-1,0,"0.0",44,58,122,3,27,"0.3","a",0,-1,,"false"
"2026-10-04T06:48:51Z",479,"Bindon","NFO","0.0","0.0","0.0","0.0",0,0,"0.1",40,0,543,0,0,"0.0","u",0,0,,"false"
"2026-10-04T06:48:51Z",480,"Gibbs-White","NFO","53.3","53.2","53.1","53.0",3,-7,"15.7",80,69212,85954,28,450,"4.3","a",0,0,,"false"
"2026-10-04T06:48:51Z",482,"Hudson-Odoi","NFO","-40.6","-40.6","-40.6","-40.6",-3,0,"0.1",58,274,1187,1,1,"0.0","a",0,-2,,"false"
"2026-10-04T06:48:51Z",483,"Ndoye","NFO","13.7","13.7","13.7","13.7",1,0,"0.7",55,794,8325,15,316,"1.0","a",0,0,,"false"
"2026-10-04T06:48:51Z",484,"Hutchinson","NFO","0.0","0.0","0.0","0.0",0,-1,"0.1",54,0,386,0,0,"0.0","u",0,-1,,"false"
"2026-10-04T06:48:51Z",485,"Bakwa","NFO","0.0","0.0","0.0","0.0",0,0,"0.0",55,0,36,0,0,"0.0","u",0,0,,"false"
"2026-10-04T06:48:51Z",486,"McAtee","NFO","2.3","2.3","2.3","2.3",1,-1,"0.1",55,361,929,12,416,"2.3","a",0,0,,"false"
"2026-10-04T06:48:51Z",487,"Dominguez","NFO","-70.8","-70.8","-70.8","-70.8",-3,0,"0.1",49,63,301,1,1,"0.0","a",0,-1,,"false"
"2026-10-04T06:48:51Z",488,"I.Sangaré","NFO","-0.3","-0.3","-0.3","-0.3",-1,0,"0.4",48,317,3211,4,105,"0.7","a",-1,-2,,"false"
"2026-10-04T06:48:51Z",489,"Yates","NFO","-92.5","-92.7","-92.9","-93.1",-3,-2,"1.2",45,611,7572,0,0,"0.0","a",0,0,,"false"
"2026-10-04T06:48:51Z",490,"Wood","NFO","-41.7","-41.7","-41.7","-41.7",-3,0,"0.9",58,2137,6698,4,62,"1.0","a",0,-2,,"false"
"2026-10-04T06:48:51Z",491,"Igor Jesus","NFO","-0.1","-0.3","-0.5","-0.8",-1,-4,"2.6",58,7716,23855,12,257,"3.0","a",0,-2,,"false"
"2026-10-04T06:48:51Z",493,"Kalimuendo","NFO","0.0","0.0","0.0","0.0",0,0,"0.1",54,240,432,1,1,"0.0","a",0,-1,,"false"
"2026-10-04T06:48:51Z",558,"Schlager","NFO","0.5","0.5","0.5","0.5",1,0,"0.1",50,227,808,13,376,"2.7","a",0,0,,"false"
"2026-10-04T06:48:51Z",581,"Diomande","NFO","-51.9","-51.7","-51.3","-51.0",-3,1,"0.5",54,1589,2339,7,163,"2.3","a",0,-1,,"false"
"2026-10-04T06:48:51Z",590,"Benda","NFO","0.0","0.0","0.0","0.0",0,0,"0.1",45,130,244,0,0,"0.0","a",0,0,,"false"
"2026-10-04T06:48:51Z",112,"Van Hecke","TOT","-17.0","-17.2","-17.5","-17.8",-1,-22,"6.5",49,18968,33157,24,450,"7.3","d",0,-1,,"false"
"2026-10-04T06:48:51Z",147,"Tosin","TOT","-41.4","-41.4","-41.4","-41.4",-3,0,"0.1",44,107,581,1,5,"0.3","a",0,-1,,"false"
"2026-10-04T06:48:51Z",401,"Marmoush","TOT","39.3","39.3","39.3","39.3",2,0,"2.1",70,12531,22428,8,339,"2.0","a",0,0,,"false"
"2026-10-04T06:48:51Z",403,"Sávio","TOT","11.0","10.9","10.9","10.9",1,-2,"0.6",65,3070,7169,8,240,"2.7","a",0,0,,"false"
"2026-10-04T06:48:51Z",455,"Tonali","TOT","-20.6","-20.7","-20.9","-21.2",-2,-4,"1.8",53,2404,15523,14,427,"3.3","a",-1,-2,,"false"
"2026-10-04T06:48:51Z",494,"Vicario","TOT","0.0","0.0","0.0","0.0",0,0,"0.1",45,0,740,0,0,"0.0","u",0,0,,"false"
"2026-10-04T06:48:51Z",495,"Austin","TOT","2.2","2.2","2.2","2.2",1,-1,"1.0",40,2005,2236,0,0,"0.0","a",0,0,,"false"
"2026-10-04T06:48:51Z",496,"Kinsky","TOT","-53.0","-53.0","-53.1","-53.2",-3,-7,"17.2",45,19229,114502,18,450,"5.0","a",0,0,,"false"
"2026-10-04T06:48:51Z",497,"Dubravka","TOT","-25.4","-25.5","-25.5","-25.5",-2,-5,"17.1",40,27809,50035,0,0,"0.0","a",0,0,,"false"
"2026-10-04T06:48:51Z",498,"Senesi","TOT","-57.9","-58.0","-58.1","-58.2",-3,-3,"3.5",58,1258,22191,3,90,"0.0","a",0,-2,,"false"
"2026-10-04T06:48:51Z",499,"Pedro Porro","TOT","-32.8","-33.1","-33.5","-33.9",-2,-35,"7.6",54,1737,77610,9,198,"2.7","d",0,-1,,"false"
"2026-10-04T06:48:51Z",500,"Romero","TOT","0.0","0.0","0.0","0.0",0,0,"0.1",50,0,305,0,0,"0.0","u",0,0,,"false"
"2026-10-04T06:48:51Z",502,"Robertson","TOT","0.3","0.3","0.3","0.4",1,2,"2.5",44,5907,13352,17,366,"4.0","a",0,-1,,"false"
"2026-10-04T06:48:51Z",503,"Van de Ven","TOT","-23.2","-23.2","-23.3","-23.5",-2,-3,"3.8",50,6243,20475,16,360,"5.3","a",0,0,,"false"
"2026-10-04T06:48:51Z",505,"Spence","TOT","0.0","0.0","0.0","0.0",0,0,"0.2",45,0,1250,0,0,"0.0","u",0,0,,"false"
"2026-10-04T06:48:51Z",506,"Udogie","TOT","-22.1","-22.1","-22.1","-22.1",-2,0,"0.3",44,352,1663,7,86,"1.7","a",0,-1,,"false"
"2026-10-04T06:48:51Z",507,"Phillips","TOT","0.0","0.0","0.0","0.0",0,0,"0.0",45,0,55,0,0,"0.0","u",0,0,,"false"
"2026-10-04T06:48:51Z",508,"Davies","TOT","1.7","1.7","1.6","1.6",1,-1,"0.9",39,7750,4092,0,0,"0.0","a",-1,-1,,"false"
"2026-10-04T06:48:51Z",509,"Byfield","TOT","-4.5","-4.5","-4.5","-4.5",-1,0,"0.1",40,128,253,0,0,"0.0","a",0,0,,"false"
"2026-10-04T06:48:51Z",510,"Rowswell","TOT","-17.2","-17.2","-17.2","-17.2",-1,0,"0.1",40,164,349,0,0,"0.0","a",0,0,,"false"
"2026-10-04T06:48:51Z",511,"Souza","TOT","0.0","0.0","0.0","0.0",0,0,"0.2",40,0,914,0,0,"0.0","u",0,0,,"false"
"2026-10-04T06:48:51Z",512,"Kudus","TOT","2.2","2.2","2.2","2.2",1,0,"0.2",65,2369,1195,7,123,"2.0","a",0,0,,"false"
"2026-10-04T06:48:51Z",513,"Xavi","TOT","-17.8","-17.8","-17.8","-17.8",-1,0,"0.0",59,54,83,0,0,"0.0","i",0,-1,,"false"
"2026-10-04T06:48:51Z",514,"Tel","TOT","-28.9","-28.9","-28.9","-28.9",-2,0,"0.2",57,204,2020,8,257,"1.3","a",-1,-3,,"false"
"2026-10-04T06:48:51Z",515,"Maddison","TOT","-73.4","-73.4","-73.4","-73.4",-3,0,"0.4",63,798,2032,3,59,"0.7","a",0,-2,,"false"
"2026-10-04T06:48:51Z",516,"Bentancur","TOT","-77.7","-78.8","-80.3","-81.9",-3,-2,"0.2",55,415,765,15,370,"4.0","a",0,0,,"false"
"2026-10-04T06:48:51Z",517,"Odobert","TOT","0.0","0.0","0.0","0.0",0,0,"0.0",55,30,14,0,0,"0.0","i",0,0,,"false"
"2026-10-04T06:48:51Z",518,"P.M.Sarr","TOT","0.0","0.0","0.0","0.0",0,-1,"0.1",49,0,703,0,0,"0.0","u",0,-1,,"false"
"2026-10-04T06:48:51Z",519,"Gallagher","TOT","0.1","0.1","0.1","0.1",1,0,"0.2",53,831,679,9,134,"3.0","a",0,-2,,"false"
"2026-10-04T06:48:51Z",520,"Bergvall","TOT","-3.7","-3.7","-3.7","-3.7",-1,0,"0.1",53,108,650,3,78,"0.7","a",-1,-2,,"false"
"2026-10-04T06:48:51Z",521,"Kulusevski","TOT","-81.1","-81.1","-81.1","-81.1",-3,0,"0.0",65,105,77,0,0,"0.0","i",0,0,,"false"
"2026-10-04T06:48:51Z",522,"Gray","TOT","-27.0","-27.0","-27.0","-27.0",-2,0,"0.2",49,475,1256,9,307,"1.7","a",0,-1,,"false"
"2026-10-04T06:48:51Z",523,"Moore","TOT","0.0","0.0","0.0","0.0",0,0,"0.1",50,0,556,3,89,"0.0","u",0,0,,"false"
"2026-10-04T06:48:51Z",524,"Olusesi","TOT","8.1","8.1","8.1","8.2",1,1,"1.0",44,6160,7806,0,0,"0.0","a",0,-1,,"false"
"2026-10-04T06:48:51Z",525,"Fernandes","TOT","-11.4","-11.5","-11.7","-11.8",-1,-1,"0.8",57,495,6877,7,249,"1.3","a",-1,-3,,"false"
"2026-10-04T06:48:51Z",526,"Solanke","TOT","-32.1","-32.1","-32.1","-32.1",-2,0,"0.8",58,2071,5912,7,170,"1.7","a",0,-2,,"false"
"2026-10-04T06:48:51Z",527,"Richarlison","TOT","0.0","0.0","0.0","0.0",0,0,"0.6",59,0,6013,2,67,"0.0","u",0,-1,,"false"
"2026-10-04T06:48:51Z",528,"Scarlett","TOT","0.0","0.0","0.0","0.0",0,0,"1.1",45,0,8307,0,0,"0.0","u",0,0,,"false"
"2026-10-04T06:48:51Z",578,"Mudryk","TOT","-13.0","-13.0","-13.0","-13.0",-1,0,"0.0",53,21,578,1,16,"0.3","i",-1,-2,,"false"
"2026-10-04T06:48:51Z",601,"Williams-Barnett","TOT","-54.9","-54.9","-54.9","-54.9",-3,0,"0.1",45,173,780,0,0,"0.0","a",0,0,,"false"
"2026-10-04T06:48:51Z",501,"Danso","SUN","-85.0","-85.0","-85.0","-85.0",-3,0,"0.2",50,1203,869,3,270,"1.0","a",0,0,,"false"
"2026-10-04T06:48:51Z",529,"Roefs","SUN","-17.4","-17.4","-17.4","-17.4",-1,0,"2.4",49,2113,12078,11,450,"1.3","a",0,-1,,"false"
"2026-10-04T06:48:51Z",530,"Patterson","SUN","0.0","0.0","0.0","0.0",0,0,"0.1",40,0,367,0,0,"0.0","u",0,0,,"false"
"2026-10-04T06:48:51Z",531,"Ellborg","SUN","0.0","0.0","0.0","0.0",0,0,"0.1",44,143,261,0,0,"0.0","a",-1,-1,,"false"
"2026-10-04T06:48:51Z",532,"Ballard","SUN","-56.6","-56.7","-56.8","-57.0",-3,-4,"2.5",49,3623,18242,14,450,"2.0","d",0,-1,,"false"
"2026-10-04T06:48:51Z",533,"Mukiele","SUN","-17.6","-17.6","-17.6","-17.6",-1,0,"1.9",54,5331,9141,13,360,"1.3","a",0,-1,,"false"
"2026-10-04T06:48:51Z",534,"Hume","SUN","-8.4","-8.5","-8.6","-8.6",-1,-2,"2.8",43,1262,30649,10,206,"0.7","a",-1,-2,,"false"
"2026-10-04T06:48:51Z",535,"Alderete","SUN","-7.1","-7.1","-7.1","-7.1",-1,0,"0.2",48,231,1102,1,23,"0.0","a",-1,-2,,"false"
"2026-10-04T06:48:51Z",536,"Reinildo","SUN","-0.2","-0.2","-0.2","-0.2",-1,0,"0.3",44,219,1601,7,360,"0.0","a",-1,-1,,"false"
"2026-10-04T06:48:51Z",537,"Seelt","SUN","0.0","0.0","0.0","0.0",0,0,"0.0",45,0,23,0,0,"0.0","u",0,0,,"false"
"2026-10-04T06:48:51Z",538,"Hjelde","SUN","0.0","0.0","0.0","0.0",0,-1,"0.0",40,0,163,0,0,"0.0","u",0,0,,"false"
"2026-10-04T06:48:51Z",539,"O'Nien","SUN","4.3","4.3","4.3","4.3",1,0,"2.5",39,18370,12130,1,66,"0.0","a",-1,-1,,"false"
"2026-10-04T06:48:51Z",540,"Masuaku","SUN","0.0","0.0","0.0","0.0",0,0,"0.1",40,0,647,0,0,"0.0","u",0,0,,"false"
"2026-10-04T06:48:51Z",541,"Meunier","SUN","-33.0","-33.0","-33.0","-33.0",-2,0,"0.3",45,1711,933,14,396,"2.3","a",0,0,,"false"
"2026-10-04T06:48:51Z",542,"E.Le Fée","SUN","-4.6","-4.6","-4.6","-4.6",-1,0,"3.4",57,11932,24933,18,438,"4.3","a",-1,-3,,"false"
"2026-10-04T06:48:51Z",543,"Diarra","SUN","-0.9","-0.9","-0.9","-0.9",-1,0,"0.0",53,20,245,5,28,"0.0","i",-1,-2,,"false"
"2026-10-04T06:48:51Z",544,"Xhaka","SUN","-76.8","-76.8","-76.8","-76.8",-3,0,"3.6",55,6506,24023,21,450,"2.0","a",0,0,,"false"
"2026-10-04T06:48:51Z",545,"Sadiki","SUN","-77.7","-77.7","-77.7","-77.7",-3,0,"0.2",49,417,1399,10,410,"1.7","a",0,-1,,"false"
"2026-10-04T06:48:51Z",546,"Adingra","SUN","0.0","0.0","0.0","0.0",0,0,"0.0",49,0,191,0,0,"0.0","u",0,-1,,"false"
"2026-10-04T06:48:51Z",547,"Mundle","SUN","-83.3","-83.3","-83.3","-83.3",-3,0,"0.0",49,10,56,1,1,"0.0","i",0,-1,,"false"
"2026-10-04T06:48:51Z",548,"Rigg","SUN","-80.6","-80.6","-80.6","-80.6",-3,0,"0.0",49,33,237,2,17,"0.0","a",0,-1,,"false"
"2026-10-04T06:48:51Z",549,"Talbi","SUN","-31.0","-31.0","-31.0","-31.0",-2,0,"0.1",53,114,585,1,31,"0.0","a",0,-2,,"false"
"2026-10-04T06:48:51Z",550,"Jocelin.T","SUN","-96.9","-96.9","-96.9","-96.9",-4,0,"0.0",50,37,44,0,0,"0.0","a",0,0,,"false"
"2026-10-04T06:48:51Z",551,"N.Angulo","SUN","1.4","1.4","1.4","1.4",1,0,"0.1",50,529,804,16,313,"2.7","a",0,0,,"false"
"2026-10-04T06:48:51Z",552,"Brobbey","SUN","83.8","83.7","83.7","83.6",3,-4,"6.9",57,196553,49467,24,399,"6.7","d",-1,-3,,"false"
"2026-10-04T06:48:51Z",553,"Isidor","SUN","3.2","3.2","3.2","3.2",1,0,"1.3",55,3527,11907,15,117,"2.0","a",0,0,,"false"
"2026-10-04T06:48:51Z",612,"Methalie","SUN","0.0","0.0","0.0","0.0",0,0,"0.0",45,122,72,-1,90,"-0.3","a",0,0,,"false"
"2026-10-04T06:48:51Z",613,"Ahoka","SUN","-48.2","-48.2","-48.2","-48.2",-3,0,"0.2",45,616,1649,0,0,"0.0","a",0,0,,"false"
"2026-10-04T06:48:51Z",646,"Fofana","SUN","-11.6","-11.6","-11.6","-11.6",-1,0,"0.0",55,342,309,3,60,"1.0","a",0,0,,"false"
"2026-10-04T06:48:51Z",651,"J.Angulo","SUN","5.1","5.1","5.1","5.1",1,-1,"0.7",45,9140,7465,0,0,"0.0","a",0,0,,"false"
"2026-10-04T10:13:24Z",1,"Raya","ARS","1.6","1.6","1.7","1.7",1,4,"42.3",61,131979,51490,30,450,"6.0","a",1,1,,"false"
"2026-10-04T10:13:24Z",2,"Arrizabalaga","ARS","-51.9","-53.4","-56.1","-58.8",-3,-1,"0.1",49,114,272,0,0,"0.0","a",0,-1,,"false"
"2026-10-04T10:13:24Z",3,"Meslier","ARS","-40.9","-40.9","-40.9","-40.9",-3,0,"0.0",49,49,129,0,0,"0.0","a",0,-1,,"false"
"2026-10-04T10:13:24Z",4,"Gabriel","ARS","-92.4","-92.4","-92.3","-92.2",-3,11,"22.7",80,26726,69421,25,450,"4.0","a",0,0,,"false"
"2026-10-04T10:13:24Z",5,"J.Timber","ARS","11.9","11.9","12.1","12.2",1,8,"0.4",65,13639,4427,1,104,"0.3","a",0,0,,"false"
"2026-10-04T10:13:24Z",6,"Saliba","ARS","-26.7","-26.7","-26.7","-26.7",-2,0,"0.2",59,422,1158,0,0,"0.0","i",0,-1,,"false"
"2026-10-04T10:13:24Z",7,"Lewis-Skelly","ARS","-17.0","-17.2","-17.5","-17.8",-1,-2,"0.6",54,996,5113,9,271,"1.0","a",-1,-1,,"false"
"2026-10-04T10:13:24Z",8,"Calafiori","ARS","98.6","98.7","98.8","98.9",4,10,"50.5",58,81916,66606,29,416,"3.0","a",0,3,,"false"
"2026-10-04T10:13:24Z",9,"Hincapie","ARS","-6.1","-6.1","-6.1","-6.1",-1,0,"0.9",52,1517,5903,2,32,"0.3","a",-1,-3,,"false"
"2026-10-04T10:13:24Z",10,"White","ARS","-52.1","-52.4","-52.9","-53.4",-3,-29,"4.9",55,3285,70218,21,315,"1.0","d",0,0,,"false"
"2026-10-04T10:13:24Z",11,"Mosquera","ARS","-27.3","-27.4","-27.6","-27.8",-2,-2,"1.6",53,1278,9828,12,168,"0.0","a",0,-2,,"false"
"2026-10-04T10:13:24Z",12,"Saka","ARS","97.4","97.8","98.5","99.2",4,47,"13.8",95,123425,49917,32,416,"4.0","a",0,0,,"false"
"2026-10-04T10:13:24Z",13,"Rice","ARS","-36.9","-37.1","-37.6","-38.0",-2,-58,"11.6",74,7724,88712,20,411,"4.0","d",0,-1,,"false"
"2026-10-04T10:13:24Z",14,"Eze","ARS","-0.4","-0.3","-0.1","0.0",-1,2,"1.0",62,2713,7078,4,85,"0.7","a",-1,-3,,"false"
"2026-10-04T10:13:24Z",15,"Ødegaard","ARS","0.1","0.4","0.9","1.4",1,34,"19.8",68,82917,92496,29,377,"5.0","a",0,3,,"false"
"2026-10-04T10:13:24Z",16,"Madueke","ARS","-27.2","-27.2","-27.2","-27.2",-2,0,"0.2",62,769,1614,2,23,"0.3","a",0,-3,,"false"
"2026-10-04T10:13:24Z",17,"Merino","ARS","-0.3","-0.3","-0.3","-0.3",-1,0,"0.4",57,806,2981,4,81,"0.7","a",-1,-3,,"false"
"2026-10-04T10:13:24Z",18,"Martinelli","ARS","0.0","0.0","0.0","0.0",0,0,"0.1",63,0,599,0,0,"0.0","u",0,-2,,"false"
"2026-10-04T10:13:24Z",19,"Zubimendi","ARS","-51.1","-51.1","-51.1","-51.1",-3,0,"0.6",53,530,3862,5,89,"1.0","a",0,-2,,"false"
"2026-10-04T10:13:24Z",20,"Dowman","ARS","-28.9","-28.9","-28.9","-28.9",-2,0,"0.1",53,474,614,1,9,"0.3","a",0,-2,,"false"
"2026-10-04T10:13:24Z",22,"Nwaneri","ARS","0.0","0.0","0.0","0.0",0,0,"0.0",54,0,53,0,0,"0.0","u",0,-1,,"false"
"2026-10-04T10:13:24Z",23,"Fábio Vieira","ARS","0.0","0.0","0.0","0.0",0,0,"0.0",55,0,44,0,0,"0.0","u",0,0,,"false"
"2026-10-04T10:13:24Z",24,"Nelson","ARS","0.0","0.0","0.0","0.0",0,0,"0.0",55,0,24,0,0,"0.0","u",0,0,,"false"
"2026-10-04T10:13:24Z",25,"Gyökeres","ARS","-1.1","-0.4","0.4","1.1",-1,43,"3.2",71,14575,17797,2,29,"0.7","a",-1,-4,,"false"
"2026-10-04T10:13:24Z",26,"Havertz","ARS","1.6","0.9","-0.3","-1.2",1,-84,"8.2",76,50760,69704,19,437,"3.7","d",0,1,,"false"
"2026-10-04T10:13:24Z",27,"G.Jesus","ARS","0.0","0.0","0.0","0.0",0,0,"0.1",59,0,1064,0,0,"0.0","u",0,-1,,"false"
"2026-10-04T10:13:24Z",31,"Konsa","ARS","0.9","1.0","1.0","1.0",1,6,"19.4",46,94881,50065,12,281,"3.7","a",1,1,,"false"
"2026-10-04T10:13:24Z",452,"Bruno G.","ARS","0.5","0.5","0.5","0.5",1,0,"1.8",67,6141,7980,9,123,"2.7","a",0,-3,,"false"
"2026-10-04T10:13:24Z",557,"Tzolis","ARS","-8.1","-8.4","-8.9","-9.5",-1,-130,"12.0",63,12431,151398,16,362,"3.3","d",-1,-2,,"false"
"2026-10-04T10:13:24Z",29,"M.Bizot","AVL","-39.9","-39.9","-39.9","-39.9",-2,0,"0.1",45,65,1044,1,90,"0.0","i",0,0,,"false"
"2026-10-04T10:13:24Z",30,"Digne","AVL","0.0","0.0","0.0","0.0",0,0,"0.0",45,0,241,0,0,"0.0","u",0,0,,"false"
"2026-10-04T10:13:24Z",32,"Cash","AVL","-24.4","-24.5","-24.8","-25.0",-2,-7,"4.8",44,2835,26075,6,296,"1.7","a",0,-1,,"false"
"2026-10-04T10:13:24Z",33,"Mings","AVL","0.8","0.8","0.8","0.8",1,0,"0.4",45,1864,1495,10,261,"3.0","a",0,0,,"false"
"2026-10-04T10:13:24Z",34,"Pau","AVL","-0.7","-0.7","-0.7","-0.7",-1,0,"0.3",44,46,3245,3,187,"0.3","i",-1,-1,,"false"
"2026-10-04T10:13:24Z",35,"Bogarde","AVL","-3.8","-3.8","-3.8","-3.8",-1,0,"0.1",49,177,451,1,16,"0.0","a",-1,-1,,"false"
"2026-10-04T10:13:24Z",36,"Maatsen","AVL","-3.2","-3.2","-3.2","-3.2",-1,0,"0.5",44,51,6434,9,335,"2.7","i",-1,-1,,"false"
"2026-10-04T10:13:24Z",37,"Lindelöf","AVL","1.0","1.0","1.0","1.0",1,0,"0.3",45,1123,1368,8,450,"2.7","a",0,0,,"false"
"2026-10-04T10:13:24Z",38,"A.García","AVL","-36.6","-36.7","-36.8","-37.0",-2,-2,"1.5",40,1908,6282,0,0,"0.0","a",0,0,,"false"
"2026-10-04T10:13:24Z",39,"Nedeljkovic","AVL","0.0","0.0","0.0","0.0",0,0,"0.1",40,0,592,0,0,"0.0","u",0,0,,"false"
"2026-10-04T10:13:24Z",41,"Buendía","AVL","-35.5","-35.0","-34.1","-33.2",-2,6,"1.0",59,12902,4472,21,401,"5.7","a",0,-1,,"false"
"2026-10-04T10:13:24Z",44,"Bailey","AVL","0.0","0.0","0.0","0.0",0,0,"0.1",54,0,517,0,0,"0.0","u",0,-1,,"false"
"2026-10-04T10:13:24Z",45,"McGinn","AVL","-21.1","-20.8","-20.3","-19.8",-2,7,"2.2",54,7244,8982,17,434,"5.0","a",0,-1,,"false"
"2026-10-04T10:13:24Z",46,"Barkley","AVL","0.5","0.5","0.5","0.5",1,-1,"0.3",50,589,1833,10,308,"2.0","a",0,0,,"false"
"2026-10-04T10:13:24Z",47,"Kamara","AVL","-83.2","-83.2","-83.2","-83.2",-3,0,"0.3",50,1379,1634,15,443,"3.7","a",0,0,,"false"
"2026-10-04T10:13:24Z",48,"Onana","AVL","-11.3","-11.3","-11.3","-11.3",-1,0,"0.0",49,43,98,0,0,"0.0","i",0,-1,,"false"
"2026-10-04T10:13:24Z",49,"Iling Jr","AVL","0.0","0.0","0.0","0.0",0,0,"0.0",50,0,11,0,0,"0.0","u",0,0,,"false"
"2026-10-04T10:13:24Z",50,"Burrowes","AVL","-82.7","-82.7","-82.7","-82.7",-3,0,"0.6",45,660,3497,0,0,"0.0","a",0,0,,"false"
"2026-10-04T10:13:24Z",51,"George Hemmings","AVL","14.1","14.1","14.0","13.9",1,-6,"1.2",45,3320,10018,9,297,"1.7","a",0,0,,"false"
"2026-10-04T10:13:24Z",52,"Alysson","AVL","-4.1","-7.5","-13.8","-20.0",-1,-3,"0.0",50,69,809,8,87,"2.3","d",0,0,,"false"
"2026-10-04T10:13:24Z",53,"Manzambi","AVL","9.0","9.1","9.3","9.5",1,12,"0.4",59,29050,3594,14,98,"4.7","a",0,-1,,"false"
"2026-10-04T10:13:24Z",54,"Gomes","AVL","0.1","0.1","0.1","0.1",1,0,"0.0",55,488,205,2,129,"1.3","a",0,0,,"false"
"2026-10-04T10:13:24Z",55,"Watkins","AVL","0.0","0.0","0.0","0.0",0,-8,"2.5",78,0,13414,0,0,"0.0","u",0,-2,,"false"
"2026-10-04T10:13:24Z",56,"Abraham","AVL","3.6","3.6","3.7","3.7",1,1,"0.2",55,1789,1795,4,71,"1.0","a",0,0,,"false"
"2026-10-04T10:13:24Z",160,"Garnacho","AVL","-69.5","-69.5","-69.5","-69.5",-3,0,"0.3",58,574,2856,3,31,"0.3","a",0,-2,,"false"
"2026-10-04T10:13:24Z",166,"N.Jackson","AVL","54.9","55.1","55.3","55.6",3,19,"1.5",65,38644,8599,10,286,"2.7","a",0,0,,"false"
"2026-10-04T10:13:24Z",582,"Madjo","AVL","-26.2","-26.2","-26.2","-26.2",-2,0,"0.2",54,259,1850,0,0,"0.0","i",0,-1,,"false"
"2026-10-04T10:13:24Z",596,"Ruggeri","AVL","-74.5","-74.5","-74.5","-74.5",-3,0,"0.1",45,576,351,5,113,"1.3","a",0,0,,"false"
"2026-10-04T10:13:24Z",597,"Suzuki","AVL","31.0","31.0","31.0","31.1",2,2,"1.9",50,14147,6899,16,360,"4.7","a",0,0,,"false"
"2026-10-04T10:13:24Z",606,"Rowe","AVL","0.2","0.2","0.2","0.2",1,0,"0.2",40,329,923,0,0,"0.0","a",0,0,,"false"
"2026-10-04T10:13:24Z",607,"Lynch","AVL","0.0","0.0","0.0","0.0",0,0,"0.1",45,0,728,0,0,"0.0","u",0,0,,"false"
"2026-10-04T10:13:24Z",611,"Wan-Bissaka","AVL","2.2","2.2","2.2","2.2",1,0,"0.2",45,1502,1486,6,152,"1.7","a",0,0,,"false"
"2026-10-04T10:13:24Z",618,"Goretzka","AVL","-43.5","-43.5","-43.5","-43.5",-3,0,"0.0",59,27,427,0,0,"0.0","i",0,-1,,"false"
"2026-10-04T10:13:24Z",630,"Harwood-Bellis","AVL","0.0","0.0","0.0","0.0",0,0,"0.0",45,204,196,0,0,"0.0","a",0,0,,"false"
"2026-10-04T10:13:24Z",631,"Mbaye","AVL","0.3","0.3","0.3","0.3",1,0,"0.1",60,946,1152,2,33,"0.7","a",0,0,,"false"
"2026-10-04T10:13:24Z",667,"Wright","AVL","0.1","0.1","0.1","0.1",1,0,"0.1",40,7545,923,0,0,"0.0","a",0,0,,"false"
"2026-10-04T10:13:24Z",57,"Petrović","BOU","0.2","0.2","0.2","0.2",1,-2,"3.0",45,6670,12304,9,450,"1.3","a",0,0,,"false"
"2026-10-04T10:13:24Z",58,"Forster","BOU","4.8","4.8","4.9","4.9",1,4,"3.5",40,8514,7630,0,0,"0.0","a",0,0,,"false"
"2026-10-04T10:13:24Z",59,"Dennis","BOU","0.0","0.0","0.0","0.0",0,0,"0.1",40,0,576,0,0,"0.0","u",0,0,,"false"
"2026-10-04T10:13:24Z",60,"Hill","BOU","-33.6","-33.3","-32.6","-32.0",-2,3,"0.8",55,3382,3240,12,450,"2.3","a",0,0,,"false"
"2026-10-04T10:13:24Z",61,"Truffert","BOU","-1.6","-1.6","-1.8","-1.9",-1,-4,"3.0",54,4877,12718,10,450,"1.7","a",-1,-1,,"false"
"2026-10-04T10:13:24Z",62,"Diakité","BOU","-5.9","-5.9","-5.9","-5.9",-1,0,"0.2",49,490,993,0,0,"0.0","a",-1,-1,,"false"
"2026-10-04T10:13:24Z",63,"Milosavljević","BOU","-3.5","-3.5","-3.5","-3.5",-1,0,"0.0",49,35,49,0,0,"0.0","i",0,-1,,"false"
"2026-10-04T10:13:24Z",64,"Smith","BOU","0.3","0.3","0.3","0.3",1,-1,"0.1",45,416,505,4,434,"0.7","a",0,0,,"false"
"2026-10-04T10:13:24Z",65,"J.Araujo","BOU","-12.2","-12.2","-12.2","-12.2",-1,0,"0.0",44,42,56,0,0,"0.0","i",0,-1,,"false"
"2026-10-04T10:13:24Z",66,"Soler","BOU","1.4","1.4","1.4","1.4",1,0,"0.3",40,762,1165,0,0,"0.0","a",0,0,,"false"
"2026-10-04T10:13:24Z",67,"Rayan","BOU","-10.3","-10.2","-10.2","-10.1",-1,1,"1.6",63,4267,10073,10,434,"2.0","a",-1,-2,,"false"
"2026-10-04T10:13:24Z",68,"Tavernier","BOU","32.4","32.5","32.7","32.9",2,12,"6.8",61,87407,46615,31,424,"6.7","a",0,1,,"false"
"2026-10-04T10:13:24Z",69,"Scott","BOU","0.4","0.5","0.6","0.7",1,8,"5.8",61,25386,39990,30,446,"5.3","a",0,1,,"false"
"2026-10-04T10:13:24Z",70,"Kluivert","BOU","-59.3","-59.8","-60.6","-61.4",-3,-12,"0.9",60,2303,18893,15,294,"3.0","i",0,0,,"false"
"2026-10-04T10:13:24Z",71,"Cook","BOU","-13.4","-13.4","-13.4","-13.4",-1,0,"0.2",50,279,1187,8,180,"0.7","a",0,0,,"false"
"2026-10-04T10:13:24Z",72,"Gannon-Doak","BOU","-67.6","-67.6","-67.6","-67.6",-3,0,"0.1",49,151,396,4,12,"1.0","a",0,-1,,"false"
"2026-10-04T10:13:24Z",73,"Adams","BOU","1.6","1.6","1.6","1.6",1,-1,"0.3",50,1149,1704,12,279,"3.3","a",0,0,,"false"
"2026-10-04T10:13:24Z",74,"Brooks","BOU","-20.7","-24.1","-30.4","-36.6",-2,-2,"0.1",50,188,338,3,45,"0.7","a",0,0,,"false"
"2026-10-04T10:13:24Z",75,"Christie","BOU","0.4","0.4","0.4","0.4",1,0,"0.0",50,307,257,5,102,"1.3","a",0,0,,"false"
"2026-10-04T10:13:24Z",76,"Tóth.A","BOU","-12.2","-12.2","-12.2","-12.2",-1,0,"0.0",49,28,56,2,17,"0.3","a",0,-1,,"false"
"2026-10-04T10:13:24Z",77,"Adli","BOU","-87.0","-87.0","-87.0","-87.0",-3,0,"0.0",49,26,78,0,0,"0.0","i",0,-1,,"false"
"2026-10-04T10:13:24Z",78,"Kroupi.Jr","BOU","-79.2","-79.2","-79.2","-79.2",-3,0,"0.2",74,204,909,0,0,"0.0","i",0,-1,,"false"
"2026-10-04T10:13:24Z",79,"Evanilson","BOU","53.4","53.4","53.3","53.2",3,-4,"3.2",60,19197,21820,18,424,"3.0","a",0,0,,"false"
"2026-10-04T10:13:24Z",80,"Enes Ünal","BOU","0.0","0.0","0.0","0.0",0,0,"0.0",55,0,52,0,0,"0.0","u",0,0,,"false"
"2026-10-04T10:13:24Z",81,"Rodríguez","BOU","-31.9","-31.9","-31.9","-31.9",-2,0,"0.1",60,841,746,2,10,"0.3","a",0,0,,"false"
"2026-10-04T10:13:24Z",566,"Silva","BOU","1.5","1.5","1.5","1.4",1,-1,"0.4",50,7050,4028,13,450,"2.3","a",0,0,,"false"
"2026-10-04T10:13:24Z",573,"Sanchez","BOU","-13.5","-13.5","-13.5","-13.5",-1,0,"0.2",44,157,455,0,0,"0.0","a",0,-1,,"false"
"2026-10-04T10:13:24Z",608,"Jebbison","BOU","0.6","0.6","0.6","0.6",1,0,"0.1",50,946,933,3,31,"0.7","a",0,0,,"false"
"2026-10-04T10:13:24Z",615,"Di Gregorio","BOU","-29.7","-29.7","-29.7","-29.7",-2,0,"0.0",45,189,200,0,0,"0.0","a",0,0,,"false"
"2026-10-04T10:13:24Z",82,"Kelleher","BRE","21.3","21.4","21.6","21.8",2,13,"6.1",50,20798,14299,20,450,"3.7","a",0,0,,"false"
"2026-10-04T10:13:24Z",83,"Valdimarsson","BRE","-77.7","-77.7","-77.7","-77.7",-3,0,"0.1",45,315,352,0,0,"0.0","a",0,0,,"false"
"2026-10-04T10:13:24Z",84,"Collins","BRE","-30.9","-31.1","-31.5","-31.9",-2,-7,"0.9",54,125,9809,10,196,"0.3","i",0,-1,,"false"
"2026-10-04T10:13:24Z",85,"Van den Berg","BRE","-84.9","-84.9","-84.9","-84.9",-3,0,"0.1",49,40,369,0,0,"0.0","i",0,-1,,"false"
"2026-10-04T10:13:24Z",86,"Lewis-Potter","BRE","33.5","33.4","33.3","33.2",2,-6,"1.7",55,3843,12362,22,406,"2.0","a",0,0,,"false"
"2026-10-04T10:13:24Z",87,"Ajer","BRE","32.1","32.1","32.1","32.1",2,0,"3.9",45,11816,23569,21,450,"3.3","a",0,0,,"false"
"2026-10-04T10:13:24Z",88,"Kayode","BRE","-39.2","-39.2","-39.1","-38.9",-2,5,"7.6",46,14115,22213,23,294,"2.7","a",0,1,,"false"
"2026-10-04T10:13:24Z",89,"Henry","BRE","-16.8","-16.8","-16.8","-16.8",-1,0,"0.2",44,166,614,1,2,"0.0","a",0,-1,,"false"
"2026-10-04T10:13:24Z",90,"Hickey","BRE","-30.4","-30.4","-30.4","-30.4",-2,0,"0.1",45,191,257,5,152,"1.0","a",0,0,,"false"
"2026-10-04T10:13:24Z",92,"Ji-soo","BRE","-5.1","-5.1","-5.1","-5.1",-1,0,"0.0",44,62,91,0,0,"0.0","a",-1,-1,,"false"
"2026-10-04T10:13:24Z",93,"Schuster","BRE","5.5","5.6","5.6","5.7",1,4,"0.3",45,15843,2529,21,253,"7.0","a",0,0,,"false"
"2026-10-04T10:13:24Z",94,"Schade","BRE","16.2","16.6","17.5","18.3",1,148,"11.7",62,409536,27413,39,447,"8.7","a",1,2,,"false"
"2026-10-04T10:13:24Z",95,"O.Dango","BRE","-52.3","-52.3","-52.3","-52.3",-3,0,"0.5",63,861,3831,7,179,"1.0","a",0,-2,,"false"
"2026-10-04T10:13:24Z",96,"Damsgaard","BRE","-4.0","-4.2","-4.6","-5.0",-1,-2,"0.4",54,1788,2190,16,283,"4.0","d",0,-1,,"false"
"2026-10-04T10:13:24Z",97,"Jensen","BRE","-60.3","-60.7","-61.4","-62.1",-3,-1,"0.1",54,20,675,6,66,"0.0","i",0,-1,,"false"
"2026-10-04T10:13:24Z",98,"Janelt","BRE","81.0","81.0","81.0","81.0",3,0,"2.5",50,20498,18691,28,450,"6.0","a",0,0,,"false"
"2026-10-04T10:13:24Z",99,"Milambo","BRE","-42.9","-42.9","-42.9","-42.9",-3,0,"0.0",50,7,7,0,0,"0.0","i",0,0,,"false"
"2026-10-04T10:13:24Z",100,"Carvalho","BRE","0.3","0.3","0.3","0.3",1,0,"0.0",50,619,180,6,3,"2.0","a",0,0,,"false"
"2026-10-04T10:13:24Z",102,"Yarmoliuk","BRE","-19.1","-19.1","-19.1","-19.1",-1,0,"0.6",48,1407,3439,9,216,"2.3","a",0,-2,,"false"
"2026-10-04T10:13:24Z",103,"Dasilva","BRE","-65.4","-65.4","-65.4","-65.4",-3,0,"0.0",49,10,108,0,0,"0.0","i",0,-1,,"false"
"2026-10-04T10:13:24Z",105,"Anthony","BRE","0.9","0.9","0.9","0.9",1,0,"0.1",59,2445,650,15,267,"4.0","a",0,-1,,"false"
"2026-10-04T10:13:24Z",106,"Thiago","BRE","12.2","12.7","13.5","14.3",1,52,"9.1",78,62270,40077,10,442,"2.7","a",0,-2,,"false"
"2026-10-04T10:13:24Z",107,"Furo","BRE","-6.9","-7.2","-7.7","-8.2",-1,-8,"0.9",45,648,9847,0,0,"0.0","i",0,0,,"false"
"2026-10-04T10:13:24Z",108,"Wilson","BRE","-12.3","-12.0","-11.3","-10.7",-1,2,"0.3",54,1280,2543,3,13,"0.3","a",-1,-1,,"false"
"2026-10-04T10:13:24Z",565,"M.Sangaré","BRE","-34.1","-34.3","-34.6","-34.9",-2,-32,"9.9",56,8740,142581,22,321,"1.3","a",-1,1,,"false"
"2026-10-04T10:13:24Z",620,"Diouf","BRE","-37.4","-37.4","-37.4","-37.4",-2,0,"0.1",45,489,703,2,39,"0.7","a",0,0,,"false"
"2026-10-04T10:13:24Z",657,"Nunes","BRE","0.0","0.0","0.0","0.0",0,0,"0.0",45,360,274,0,0,"0.0","a",0,0,,"false"
"2026-10-04T10:13:24Z",660,"Fredrick","BRE","0.0","0.0","0.0","0.0",0,0,"0.0",40,546,71,0,0,"0.0","a",0,0,,"false"
"2026-10-04T10:13:24Z",661,"Balcombe","BRE","0.0","0.0","0.0","0.0",0,0,"0.0",40,2992,580,0,0,"0.0","a",0,0,,"false"
"2026-10-04T10:13:24Z",109,"Verbruggen","BHA","67.0","67.1","67.2","67.3",3,8,"21.6",45,76039,75500,23,450,"5.7","a",0,0,,"false"
"2026-10-04T10:13:24Z",111,"Steele","BHA","-1.0","-1.1","-1.2","-1.4",-1,-4,"4.1",40,7431,15400,0,0,"0.0","a",0,0,,"false"
"2026-10-04T10:13:24Z",113,"F.Kadıoğlu","BHA","-62.6","-62.6","-62.6","-62.6",-3,0,"1.6",44,4209,7240,13,332,"4.3","a",0,-1,,"false"
"2026-10-04T10:13:24Z",114,"Boscagli","BHA","2.8","2.9","2.9","2.9",1,2,"0.3",45,2173,836,19,437,"4.7","a",0,0,,"false"
"2026-10-04T10:13:24Z",115,"De Cuyper","BHA","3.7","4.0","4.4","4.8",1,74,"27.9",50,310985,23297,38,423,"7.0","a",1,5,,"false"
"2026-10-04T10:13:24Z",116,"Dunk","BHA","20.6","20.6","20.5","20.4",2,-4,"1.5",45,7655,10537,22,360,"5.7","d",0,0,,"false"
"2026-10-04T10:13:24Z",117,"Coppola","BHA","-12.4","-12.4","-12.4","-12.4",-1,0,"0.0",45,113,102,0,0,"0.0","a",0,0,,"false"
"2026-10-04T10:13:24Z",118,"Igor","BHA","0.0","0.0","0.0","0.0",0,0,"0.0",45,0,306,0,0,"0.0","u",0,0,,"false"
"2026-10-04T10:13:24Z",119,"Costinha","BHA","0.0","0.0","0.0","0.0",0,0,"0.0",45,175,139,4,68,"1.0","a",0,0,,"false"
"2026-10-04T10:13:24Z",120,"Svoboda","BHA","0.5","0.5","0.5","0.5",1,0,"0.1",50,1351,476,1,4,"0.3","a",0,0,,"false"
"2026-10-04T10:13:24Z",121,"Mitoma","BHA","-25.8","-25.8","-25.8","-25.8",-2,0,"0.0",59,138,183,0,0,"0.0","i",0,-1,,"false"
"2026-10-04T10:13:24Z",122,"Minteh","BHA","-6.1","-6.1","-6.1","-6.1",-1,0,"0.0",58,47,239,0,0,"0.0","i",-1,-2,,"false"
"2026-10-04T10:13:24Z",123,"Hinshelwood","BHA","-42.4","-42.7","-43.3","-43.9",-3,-6,"0.6",59,288,7068,16,63,"0.0","i",0,-1,,"false"
"2026-10-04T10:13:24Z",124,"Groß","BHA","0.5","1.4","3.1","4.7",1,297,"29.2",59,819202,13021,47,450,"10.7","a",2,4,,"false"
"2026-10-04T10:13:24Z",125,"Georginio","BHA","-0.1","-0.1","-0.1","-0.1",-1,0,"0.5",53,2793,3992,6,104,"0.3","a",-1,-2,,"false"
"2026-10-04T10:13:24Z",126,"O'Riley","BHA","-8.7","-8.7","-8.7","-8.7",-1,0,"0.1",54,443,583,2,10,"0.7","a",0,-1,,"false"
"2026-10-04T10:13:24Z",127,"Gomez","BHA","32.1","32.1","32.1","32.1",2,-2,"3.9",50,12674,39924,24,433,"4.3","a",0,0,,"false"
"2026-10-04T10:13:24Z",128,"Buonanotte","BHA","0.0","0.0","0.0","0.0",0,0,"0.0",50,0,7,0,0,"0.0","u",0,0,,"false"
"2026-10-04T10:13:24Z",129,"Ayari","BHA","-46.6","-46.2","-45.3","-44.4",-3,2,"0.4",54,2456,2099,15,333,"4.3","a",0,-1,,"false"
"2026-10-04T10:13:24Z",130,"Wieffer","BHA","-33.2","-33.9","-35.0","-36.2",-2,-4,"0.2",49,34,2062,7,156,"0.0","i",0,-1,,"false"
"2026-10-04T10:13:24Z",132,"Howell","BHA","0.0","0.0","0.0","0.0",0,0,"0.0",45,0,212,0,0,"0.0","u",0,0,,"false"
"2026-10-04T10:13:24Z",133,"Watson","BHA","0.0","0.0","0.0","0.0",0,0,"0.0",50,0,5,0,0,"0.0","u",0,0,,"false"
"2026-10-04T10:13:24Z",134,"Oriola","BHA","-85.6","-85.6","-85.6","-85.6",-3,0,"0.2",45,367,1382,0,0,"0.0","a",0,0,,"false"
"2026-10-04T10:13:24Z",135,"Yohanna","BHA","-1.5","-2.1","-3.3","-4.5",-1,-1,"0.0",48,26,402,1,12,"0.0","i",-1,-2,,"false"
"2026-10-04T10:13:24Z",137,"Tzimas","BHA","-4.1","-4.1","-4.1","-4.1",-1,0,"0.0",54,38,55,0,0,"0.0","i",0,-1,,"false"
"2026-10-04T10:13:24Z",138,"Kostoulas","BHA","23.1","23.6","24.3","25.1",2,135,"4.3",56,328170,20790,28,353,"7.3","a",1,1,,"false"
"2026-10-04T10:13:24Z",139,"Ferguson","BHA","-61.2","-61.2","-61.2","-61.2",-3,0,"0.0",50,145,268,0,0,"0.0","i",0,0,,"false"
"2026-10-04T10:13:24Z",328,"Struijk","BHA","-9.4","-10.3","-12.0","-13.8",-1,-3,"0.2",49,646,940,7,98,"2.3","d",0,-1,,"false"
"2026-10-04T10:13:24Z",504,"Vuskovic","BHA","58.9","59.1","59.5","59.8",3,22,"3.7",50,60398,14320,32,437,"8.7","a",0,0,,"false"
"2026-10-04T10:13:24Z",594,"David","BHA","0.7","0.6","0.6","0.6",1,-2,"0.2",59,3307,2279,1,23,"0.0","a",-1,-1,,"false"
"2026-10-04T10:13:24Z",600,"Osman","BHA","-70.7","-70.7","-70.7","-70.7",-3,0,"0.0",50,118,129,3,40,"0.3","a",0,0,,"false"
"2026-10-04T10:13:24Z",605,"Yalcouyé","BHA","56.0","55.9","55.7","55.5",3,-12,"4.0",45,26982,34205,20,236,"3.7","a",0,0,,"false"
"2026-10-04T10:13:24Z",614,"Hadjam","BHA","-5.2","-5.2","-5.2","-5.2",-1,0,"0.0",45,256,260,0,0,"0.0","a",0,0,,"false"
"2026-10-04T10:13:24Z",624,"Cozier-Duberry","BHA","0.0","0.0","0.0","0.0",0,0,"0.0",50,0,5,0,0,"0.0","u",0,0,,"false"
"2026-10-04T10:13:24Z",639,"Andrés","BHA","1.5","1.5","1.6","1.6",1,3,"0.0",55,2841,333,12,109,"4.0","a",0,0,,"false"
"2026-10-04T10:13:24Z",652,"Azeez","BHA","-32.5","-32.5","-32.5","-32.5",-2,0,"0.0",55,19,46,0,0,"0.0","i",0,0,,"false"
"2026-10-04T10:13:24Z",658,"Ibrahim","BHA","0.0","0.0","0.0","0.0",0,0,"0.0",45,319,221,0,0,"0.0","a",0,0,,"false"
"2026-10-04T10:13:24Z",28,"Martinez","CHE","-6.8","-6.8","-6.8","-6.8",-1,0,"4.7",50,8116,22721,9,360,"2.3","a",0,0,,"false"
"2026-10-04T10:13:24Z",40,"Rogers","CHE","93.1","93.7","94.8","95.9",3,72,"40.6",77,158471,73334,29,437,"5.3","a",0,2,,"false"
"2026-10-04T10:13:24Z",101,"Henderson","CHE","0.0","0.0","0.0","0.0",0,0,"0.0",49,531,168,2,90,"0.7","a",0,-1,,"false"
"2026-10-04T10:13:24Z",136,"Welbeck","CHE","7.2","7.2","7.2","7.3",1,4,"1.0",59,8125,9617,4,85,"1.3","a",0,-1,,"false"
"2026-10-04T10:13:24Z",140,"Sánchez","CHE","0.0","0.0","0.0","0.0",0,-1,"0.7",49,0,5060,2,90,"0.0","u",0,-1,,"false"
"2026-10-04T10:13:24Z",141,"Jörgensen","CHE","0.0","0.0","0.0","0.0",0,0,"0.0",50,0,33,0,0,"0.0","u",0,0,,"false"
"2026-10-04T10:13:24Z",142,"James","CHE","-0.1","-0.3","-0.7","-1.1",-1,-45,"5.8",53,663,80625,3,292,"0.7","d",-1,-2,,"false"
"2026-10-04T10:13:24Z",143,"Chalobah","CHE","0.0","0.0","0.0","0.0",0,0,"0.1",55,0,341,0,0,"0.0","u",0,0,,"false"
"2026-10-04T10:13:24Z",144,"Gusto","CHE","-3.8","-3.8","-3.8","-3.8",-1,0,"0.9",49,1633,7053,4,272,"0.7","a",-1,-1,,"false"
"2026-10-04T10:13:24Z",145,"Fofana","CHE","4.9","4.9","4.9","4.9",1,0,"0.2",50,2644,1365,8,312,"2.7","a",0,0,,"false"
"2026-10-04T10:13:24Z",146,"B.Badiashile","CHE","0.0","0.0","0.0","0.0",0,0,"0.0",45,0,45,0,0,"0.0","u",0,0,,"false"
"2026-10-04T10:13:24Z",148,"Hato","CHE","13.0","13.0","13.0","13.0",1,0,"0.8",45,866,7557,8,258,"1.0","a",0,0,,"false"
"2026-10-04T10:13:24Z",149,"Colwill","CHE","-10.5","-10.5","-10.5","-10.5",-1,0,"0.9",48,1139,5585,3,341,"0.7","a",-1,-2,,"false"
"2026-10-04T10:13:24Z",150,"M.Sarr","CHE","0.0","0.0","0.0","0.0",0,0,"0.0",45,0,177,0,0,"0.0","u",0,0,,"false"
"2026-10-04T10:13:24Z",151,"Acheampong","CHE","-12.8","-13.4","-14.4","-15.4",-1,-2,"0.3",45,441,2015,5,221,"0.3","a",0,0,,"false"
"2026-10-04T10:13:24Z",152,"Palestra","CHE","-2.3","-2.4","-2.7","-3.0",-1,-2,"0.6",53,248,4030,0,0,"0.0","d",0,-2,,"false"
"2026-10-04T10:13:24Z",154,"Palmer","CHE","-16.4","-16.8","-17.8","-18.7",-1,-110,"25.5",97,50361,179391,28,442,"2.7","d",0,2,,"false"
"2026-10-04T10:13:24Z",156,"Neto","CHE","-7.0","-6.8","-6.4","-6.0",-1,4,"1.4",65,5564,9938,14,332,"2.0","a",0,0,,"false"
"2026-10-04T10:13:24Z",157,"Estêvão","CHE","-33.9","-33.6","-33.0","-32.5",-2,2,"0.7",63,1902,4463,4,23,"1.0","a",0,-2,,"false"
"2026-10-04T10:13:24Z",158,"Gittens","CHE","-4.5","-4.5","-4.5","-4.5",-1,0,"0.0",58,158,265,0,0,"0.0","d",-1,-2,,"false"
"2026-10-04T10:13:24Z",159,"Caicedo","CHE","-3.4","-3.7","-4.3","-4.8",-1,-6,"1.0",53,429,9285,1,13,"0.0","d",0,-2,,"false"
"2026-10-04T10:13:24Z",161,"Lavia","CHE","4.8","4.8","4.9","4.9",1,1,"0.2",50,456,2525,11,258,"1.0","a",0,0,,"false"
"2026-10-04T10:13:24Z",163,"D.Essugo","CHE","0.0","0.0","0.0","0.0",0,0,"0.1",45,0,749,0,0,"0.0","u",0,0,,"false"
"2026-10-04T10:13:24Z",164,"Quenda","CHE","-28.8","-28.8","-28.8","-28.8",-2,0,"0.0",53,76,185,2,27,"0.3","a",0,-2,,"false"
"2026-10-04T10:13:24Z",165,"João Pedro","CHE","-2.2","-2.3","-2.3","-2.4",-1,-91,"65.0",77,67533,407272,33,360,"4.3","d",-1,2,,"false"
"2026-10-04T10:13:24Z",168,"Marc Guiu","CHE","0.0","0.0","0.0","0.0",0,0,"0.2",50,0,1609,0,0,"0.0","u",0,0,,"false"
"2026-10-04T10:13:24Z",169,"Mheuka","CHE","4.6","4.6","4.6","4.6",1,0,"0.5",45,4702,3663,0,0,"0.0","a",0,0,,"false"
"2026-10-04T10:13:24Z",170,"Emegha","CHE","-0.8","-1.0","-1.4","-1.8",-1,-1,"0.1",49,89,1133,0,0,"0.0","i",-1,-1,,"false"
"2026-10-04T10:13:24Z",200,"Lacroix","CHE","-7.7","-7.8","-7.8","-7.9",-1,-6,"6.8",59,8468,30355,13,364,"2.0","a",-1,-1,,"false"
"2026-10-04T10:13:24Z",560,"Penders","CHE","-1.1","-1.1","-1.1","-1.1",-1,0,"0.1",44,248,308,0,0,"0.0","a",0,-1,,"false"
"2026-10-04T10:13:24Z",561,"Anselmino","CHE","-1.7","-1.7","-1.7","-1.7",-1,0,"0.0",45,69,110,0,0,"0.0","a",0,0,,"false"
"2026-10-04T10:13:24Z",568,"Barco","CHE","-15.4","-15.4","-15.4","-15.4",-1,0,"0.1",54,244,468,3,115,"0.7","a",0,-1,,"false"
"2026-10-04T10:13:24Z",583,"Chavarria","CHE","-52.4","-52.4","-52.4","-52.4",-3,0,"0.1",49,445,575,5,208,"1.0","a",0,-1,,"false"
"2026-10-04T10:13:24Z",662,"Nicoll-Jazuli","CHE","-1.1","-1.1","-1.1","-1.1",-1,0,"0.0",45,345,77,1,3,"1.0","a",0,0,,"false"
"2026-10-04T10:13:24Z",91,"Pinnock","COV","-74.3","-74.3","-74.3","-74.3",-3,0,"0.1",45,419,239,14,282,"4.3","a",0,0,,"false"
"2026-10-04T10:13:24Z",104,"Onyeka","COV","-35.5","-35.5","-35.5","-35.5",-2,0,"0.1",49,182,470,9,314,"2.3","a",0,-1,,"false"
"2026-10-04T10:13:24Z",110,"Rushworth","COV","-60.5","-60.5","-60.5","-60.5",-3,0,"0.8",45,2700,6101,16,450,"4.3","a",0,0,,"false"
"2026-10-04T10:13:24Z",171,"Dovin","COV","0.0","0.0","0.0","0.0",0,0,"1.0",40,0,4983,0,0,"0.0","u",0,0,,"false"
"2026-10-04T10:13:24Z",172,"Wilson","COV","-6.6","-6.6","-6.6","-6.6",-1,0,"0.4",44,251,719,0,0,"0.0","a",0,-1,,"false"
"2026-10-04T10:13:24Z",173,"Thomas","COV","17.9","17.9","17.9","17.8",1,-3,"8.5",40,27823,33465,24,437,"4.3","a",0,0,,"false"
"2026-10-04T10:13:24Z",174,"Kitching","COV","0.0","0.0","0.0","0.0",0,0,"0.3",40,0,1916,0,0,"0.0","u",0,0,,"false"
"2026-10-04T10:13:24Z",175,"van Ewijk","COV","-51.5","-51.6","-51.9","-52.1",-3,-24,"8.7",40,1192,79079,6,360,"1.0","d",0,0,,"false"
"2026-10-04T10:13:24Z",176,"Dasilva","COV","-30.0","-29.7","-29.0","-28.4",-2,3,"0.7",40,6869,1912,20,444,"5.7","a",0,0,,"false"
"2026-10-04T10:13:24Z",177,"Kesler-Hayden","COV","0.2","0.2","0.2","0.2",1,0,"0.0",39,1069,593,0,0,"0.0","i",-1,-1,,"false"
"2026-10-04T10:13:24Z",178,"Bidwell","COV","-31.7","-31.7","-31.7","-31.7",-2,0,"0.1",40,187,313,0,0,"0.0","a",0,0,,"false"
"2026-10-04T10:13:24Z",179,"Latibeaudiere","COV","-79.6","-79.6","-79.6","-79.6",-3,0,"0.0",40,76,142,1,1,"0.3","a",0,0,,"false"
"2026-10-04T10:13:24Z",180,"Woolfenden","COV","0.0","0.0","0.0","0.0",0,0,"0.1",39,40,533,0,0,"0.0","i",-1,-1,,"false"
"2026-10-04T10:13:24Z",181,"Brau","COV","0.0","0.0","0.0","0.0",0,0,"0.0",40,0,105,0,0,"0.0","u",0,0,,"false"
"2026-10-04T10:13:24Z",182,"Amenda","COV","-57.5","-57.6","-57.8","-58.0",-3,-2,"0.6",40,39,7056,4,360,"0.7","i",0,0,,"false"
"2026-10-04T10:13:24Z",183,"Rudoni","COV","0.1","0.1","0.1","0.2",1,1,"0.1",49,959,708,13,297,"3.0","a",0,-1,,"false"
"2026-10-04T10:13:24Z",184,"Grimes","COV","-30.4","-30.4","-30.4","-30.4",-2,0,"0.1",49,194,896,11,443,"2.3","a",0,-1,,"false"
"2026-10-04T10:13:24Z",185,"Sakamoto","COV","-24.2","-24.2","-24.2","-24.2",-2,0,"0.1",48,131,396,1,31,"0.0","a",0,-2,,"false"
"2026-10-04T10:13:24Z",186,"Mason-Clark","COV","-2.4","-2.4","-2.4","-2.4",-1,0,"0.1",53,76,367,5,231,"1.3","a",-1,-2,,"false"
"2026-10-04T10:13:24Z",187,"Eccles","COV","-4.7","-4.7","-4.7","-4.7",-1,0,"0.0",48,21,92,0,0,"0.0","i",-1,-2,,"false"
"2026-10-04T10:13:24Z",188,"Torp","COV","-12.5","-12.5","-12.5","-12.5",-1,0,"0.1",53,43,452,3,53,"0.3","a",-1,-2,,"false"
"2026-10-04T10:13:24Z",189,"Shepherd","COV","0.8","0.8","0.9","0.9",1,2,"0.3",44,4149,2329,0,0,"0.0","a",0,-1,,"false"
"2026-10-04T10:13:24Z",190,"Tchaouna","COV","-85.6","-85.6","-85.6","-85.6",-3,0,"0.1",54,26,359,5,211,"0.7","a",0,-1,,"false"
"2026-10-04T10:13:24Z",191,"Borges Rodrigues","COV","0.0","0.0","0.0","0.0",0,0,"0.1",45,0,709,0,0,"0.0","u",0,0,,"false"
"2026-10-04T10:13:24Z",192,"Andrews","COV","0.0","0.0","0.0","0.0",0,0,"0.3",45,0,2058,0,0,"0.0","u",0,0,,"false"
"2026-10-04T10:13:24Z",193,"Wright","COV","-0.7","-0.7","-0.7","-0.7",-1,0,"0.1",53,50,583,0,0,"0.0","i",-1,-2,,"false"
"2026-10-04T10:13:24Z",194,"Thomas-Asante","COV","3.0","3.0","3.0","3.0",1,0,"0.8",50,8597,6178,9,227,"2.0","a",0,0,,"false"
"2026-10-04T10:13:24Z",195,"Simms","COV","0.0","-0.1","-0.4","-0.7",-1,-2,"0.6",49,2068,5446,4,104,"0.7","a",-1,-1,,"false"
"2026-10-04T10:13:24Z",196,"Markelo","COV","0.0","0.0","0.0","0.0",0,0,"0.0",50,0,61,0,0,"0.0","u",0,0,,"false"
"2026-10-04T10:13:24Z",197,"Bassette","COV","0.0","0.0","0.0","0.0",0,0,"0.0",45,0,152,0,0,"0.0","u",0,0,,"false"
"2026-10-04T10:13:24Z",492,"Awoniyi","COV","-14.5","-14.7","-15.1","-15.4",-1,-4,"0.4",54,74,5200,3,232,"0.0","s",-1,-1,,"false"
"2026-10-04T10:13:24Z",575,"Yirenkyi","COV","-3.0","-3.0","-3.0","-3.0",-1,0,"0.1",48,310,1039,9,265,"1.7","a",-1,-2,,"false"
"2026-10-04T10:13:24Z",584,"Hamer","COV","-89.4","-89.4","-89.4","-89.4",-3,0,"0.1",54,43,409,3,32,"0.3","a",0,-1,,"false"
"2026-10-04T10:13:24Z",599,"Cherif","COV","-6.5","-6.5","-6.5","-6.5",-1,0,"0.1",50,553,778,1,30,"0.3","a",0,0,,"false"
"2026-10-04T10:13:24Z",623,"Bentley","COV","2.2","2.2","2.2","2.2",1,0,"0.6",40,8252,2414,0,0,"0.0","a",0,0,,"false"
"2026-10-04T10:13:24Z",655,"Gboho","COV","0.0","0.0","0.0","0.0",0,0,"0.0",55,78,53,0,0,"0.0","a",0,0,,"false"
"2026-10-04T10:13:24Z",656,"Mfuni","COV","0.1","0.1","0.1","0.1",1,0,"0.1",40,1926,894,6,90,"3.0","a",0,0,,"false"
"2026-10-04T10:13:24Z",42,"Guessand","CRY","-28.9","-28.9","-28.9","-28.9",-2,0,"0.0",54,116,273,2,54,"0.0","a",0,-1,,"false"
"2026-10-04T10:13:24Z",153,"Disasi","CRY","-65.5","-65.5","-65.5","-65.5",-3,0,"0.1",45,28,797,1,139,"0.0","s",0,0,,"false"
"2026-10-04T10:13:24Z",198,"Henderson","CRY","-0.2","-0.4","-0.6","-0.8",-1,-9,"1.3",49,155,11643,5,270,"0.7","i",-1,-1,,"false"
"2026-10-04T10:13:24Z",199,"Benitez","CRY","-24.1","-23.2","-21.6","-20.0",-2,1,"0.1",45,719,396,8,180,"2.7","a",0,0,,"false"
"2026-10-04T10:13:24Z",202,"Richards","CRY","0.0","-0.1","-0.4","-0.8",-1,-2,"0.6",49,1673,2280,14,450,"3.7","a",-1,-1,,"false"
"2026-10-04T10:13:24Z",203,"Canvot","CRY","-0.3","-0.3","-0.3","-0.3",-1,0,"0.2",48,436,894,10,360,"3.0","a",-1,-2,,"false"
"2026-10-04T10:13:24Z",204,"Mitchell","CRY","27.8","27.8","27.8","27.8",2,2,"6.1",45,15774,16923,24,419,"7.7","a",0,0,,"false"
"2026-10-04T10:13:24Z",205,"Sosa","CRY","0.0","0.0","0.0","0.0",0,0,"0.0",45,0,109,0,0,"0.0","u",0,0,,"false"
"2026-10-04T10:13:24Z",206,"Chadi Riad","CRY","-4.8","-4.8","-4.8","-4.8",-1,0,"0.0",43,25,125,1,72,"0.0","i",-1,-2,,"false"
"2026-10-04T10:13:24Z",207,"Mingueza","CRY","-92.7","-92.7","-92.7","-92.7",-3,0,"0.1",44,84,287,2,16,"0.3","a",0,-1,,"false"
"2026-10-04T10:13:24Z",208,"Sarr","CRY","0.1","0.1","0.1","0.1",1,2,"0.6",62,2650,2304,1,8,"0.3","a",0,-3,,"false"
"2026-10-04T10:13:24Z",210,"Wharton","CRY","-2.9","-3.1","-3.6","-4.0",-1,-4,"0.7",54,1201,4663,12,436,"2.0","a",-1,-1,,"false"
"2026-10-04T10:13:24Z",211,"Yeremy","CRY","4.8","4.8","4.8","4.8",1,0,"0.3",55,719,2740,14,307,"2.7","a",0,0,,"false"
"2026-10-04T10:13:24Z",212,"Hughes","CRY","-21.6","-21.8","-22.2","-22.6",-2,-17,"7.3",44,9301,45793,2,29,"0.7","a",0,-1,,"false"
"2026-10-04T10:13:24Z",213,"Lerma","CRY","-2.7","-2.7","-2.7","-2.7",-1,0,"0.1",48,95,392,1,51,"0.3","a",-1,-2,,"false"
"2026-10-04T10:13:24Z",214,"Kamada","CRY","12.0","12.0","12.0","12.0",1,1,"0.5",50,3381,3141,21,441,"5.3","a",0,0,,"false"
"2026-10-04T10:13:24Z",215,"Devenny","CRY","0.0","0.0","0.0","0.0",0,0,"0.0",50,0,36,0,0,"0.0","u",0,0,,"false"
"2026-10-04T10:13:24Z",216,"Esse","CRY","0.0","0.0","0.0","0.0",0,0,"0.0",50,0,130,0,0,"0.0","u",0,0,,"false"
"2026-10-04T10:13:24Z",217,"M.França","CRY","0.0","0.0","0.0","0.0",0,0,"0.0",49,0,160,0,0,"0.0","u",0,-1,,"false"
"2026-10-04T10:13:24Z",218,"Doucouré","CRY","-2.6","-2.6","-2.6","-2.6",-1,0,"0.0",48,117,304,0,0,"0.0","a",-1,-2,,"false"
"2026-10-04T10:13:24Z",219,"J.Rak-Sakyi","CRY","0.0","0.0","0.0","0.0",0,0,"0.0",49,0,27,0,0,"0.0","u",0,-1,,"false"
"2026-10-04T10:13:24Z",220,"Cardines","CRY","0.0","0.0","0.0","0.0",0,0,"0.0",45,0,3,0,0,"0.0","u",0,0,,"false"
"2026-10-04T10:13:24Z",221,"Drakes-Thomas","CRY","-98.9","-98.9","-98.9","-98.9",-4,0,"0.1",45,151,439,0,0,"0.0","a",0,0,,"false"
"2026-10-04T10:13:24Z",222,"Strand Larsen","CRY","5.5","5.5","5.5","5.5",1,0,"0.7",60,5258,4057,14,298,"3.7","a",0,0,,"false"
"2026-10-04T10:13:24Z",223,"Mateta","CRY","-27.3","-27.5","-27.9","-28.2",-2,-8,"1.3",63,229,9455,2,62,"0.0","i",0,-2,,"false"
"2026-10-04T10:13:24Z",224,"Nketiah","CRY","-18.9","-19.6","-21.0","-22.5",-1,-5,"0.5",55,1355,3450,8,175,"1.7","a",0,0,,"false"
"2026-10-04T10:13:24Z",225,"Uche","CRY","0.0","0.0","0.0","0.0",0,0,"0.0",50,0,0,0,0,"0.0","u",0,0,,"false"
"2026-10-04T10:13:24Z",241,"McNeil","CRY","-0.1","-1.1","-2.8","-4.5",-1,-2,"0.1",53,80,500,3,84,"0.0","a",-1,-2,,"false"
"2026-10-04T10:13:24Z",555,"Matthews","CRY","-9.7","-9.8","-10.0","-10.2",-1,-2,"1.7",40,1150,3117,0,0,"0.0","a",0,0,,"false"
"2026-10-04T10:13:24Z",577,"Tomiyasu","CRY","-15.4","-15.6","-16.0","-16.4",-1,-1,"0.3",44,149,1257,3,189,"0.3","d",0,-1,,"false"
"2026-10-04T10:13:24Z",588,"Khalaili","CRY","7.0","7.0","7.0","7.0",1,0,"0.3",50,2183,1201,19,379,"5.3","a",0,0,,"false"
"2026-10-04T10:13:24Z",595,"Gozo","CRY","-1.0","-1.0","-1.0","-1.0",-1,0,"0.0",49,41,91,2,28,"0.3","a",-1,-1,,"false"
"2026-10-04T10:13:24Z",633,"Ahanor","CRY","0.1","0.1","0.1","0.1",1,0,"0.0",45,141,112,3,90,"1.0","a",0,0,,"false"
"2026-10-04T10:13:24Z",643,"Chilwell","CRY","-77.5","-77.5","-77.5","-77.5",-3,0,"0.4",45,590,3017,8,29,"2.7","a",0,0,,"false"
"2026-10-04T10:13:24Z",644,"Timber","CRY","0.2","0.2","0.2","0.2",1,0,"0.0",50,481,329,9,253,"3.0","a",0,0,,"false"
"2026-10-04T10:13:24Z",647,"Osorio","CRY","-79.9","-93.2","-118.1","-142.9",-3,-1,"0.0",55,27,79,1,1,"0.3","a",0,0,,"false"
"2026-10-04T10:13:24Z",21,"Nørgaard","EVE","-0.5","-0.5","-0.5","-0.5",-1,0,"0.0",48,60,340,0,0,"0.0","i",-1,-2,,"false"
"2026-10-04T10:13:24Z",209,"Johnson","EVE","-20.1","-20.1","-20.1","-20.1",-2,0,"0.1",59,440,736,9,238,"2.3","a",0,-1,,"false"
"2026-10-04T10:13:24Z",226,"Pickford","EVE","30.8","30.7","30.6","30.6",2,-5,"9.1",55,29850,16512,25,450,"5.0","a",0,0,,"false"
"2026-10-04T10:13:24Z",227,"Travers","EVE","-33.4","-33.4","-33.4","-33.4",-2,0,"0.0",50,262,271,0,0,"0.0","a",0,0,,"false"
"2026-10-04T10:13:24Z",228,"King","EVE","-43.8","-43.8","-43.8","-43.8",-3,0,"0.0",45,122,179,0,0,"0.0","a",0,0,,"false"
"2026-10-04T10:13:24Z",229,"Tarkowski","EVE","1.3","1.5","1.8","2.2",1,64,"16.7",62,242139,22562,43,450,"8.3","a",1,2,,"false"
"2026-10-04T10:13:24Z",230,"Branthwaite","EVE","37.4","37.4","37.6","37.7",2,8,"2.4",55,20778,7646,27,450,"5.7","a",0,0,,"false"
"2026-10-04T10:13:24Z",231,"Keane","EVE","-41.3","-41.4","-41.7","-42.0",-3,-1,"0.7",48,411,3956,0,0,"0.0","a",0,-2,,"false"
"2026-10-04T10:13:24Z",232,"O'Brien","EVE","-4.4","-4.4","-4.4","-4.4",-1,0,"0.3",48,348,1189,2,16,"0.7","a",-1,-2,,"false"
"2026-10-04T10:13:24Z",233,"Mykolenko","EVE","1.1","1.1","1.0","0.9",1,-18,"4.2",46,41544,24700,27,450,"5.7","d",1,1,,"false"
"2026-10-04T10:13:24Z",234,"Patterson","EVE","0.0","0.0","0.0","0.0",0,0,"0.0",45,0,130,0,0,"0.0","u",0,0,,"false"
"2026-10-04T10:13:24Z",235,"Aznou","EVE","0.0","0.0","0.0","0.0",0,0,"0.1",40,0,582,0,0,"0.0","u",0,0,,"false"
"2026-10-04T10:13:24Z",236,"Dewsbury-Hall","EVE","-16.9","-17.0","-17.1","-17.3",-1,-5,"5.9",66,35122,46826,20,450,"2.3","a",1,1,,"false"
"2026-10-04T10:13:24Z",238,"Grealish","EVE","9.1","9.1","9.2","9.2",1,4,"0.5",65,3957,3098,6,135,"1.7","a",0,0,,"false"
"2026-10-04T10:13:24Z",239,"Garner","EVE","3.6","3.6","3.6","3.6",1,0,"0.2",60,1842,2091,11,328,"3.0","a",0,0,,"false"
"2026-10-04T10:13:24Z",242,"George","EVE","31.2","31.2","31.1","31.0",2,-5,"0.9",55,2559,11140,19,309,"4.7","a",0,0,,"false"
"2026-10-04T10:13:24Z",243,"Alcaraz","EVE","-48.5","-48.5","-48.5","-48.5",-3,0,"0.1",49,163,414,1,5,"0.0","a",0,-1,,"false"
"2026-10-04T10:13:24Z",244,"Armstrong","EVE","9.7","9.7","9.7","9.7",1,0,"0.4",50,882,3416,16,446,"2.0","a",0,0,,"false"
"2026-10-04T10:13:24Z",245,"Dibling","EVE","-93.8","-93.8","-93.8","-93.8",-3,0,"0.0",54,121,161,1,24,"0.3","a",0,-1,,"false"
"2026-10-04T10:13:24Z",246,"Röhl","EVE","-48.9","-48.9","-48.9","-48.9",-3,0,"0.0",49,7,600,6,249,"0.3","i",0,-1,,"false"
"2026-10-04T10:13:24Z",247,"Hackney","EVE","-5.9","-6.2","-6.8","-7.4",-1,-1,"0.2",54,202,1127,10,137,"2.0","a",-1,-1,,"false"
"2026-10-04T10:13:24Z",248,"Beto","EVE","0.0","0.0","0.0","0.0",0,-2,"0.6",54,0,7570,2,31,"0.0","u",0,-1,,"false"
"2026-10-04T10:13:24Z",249,"Barry","EVE","0.6","0.7","0.8","0.9",1,21,"8.3",57,88579,41245,20,417,"3.3","a",1,2,,"false"
"2026-10-04T10:13:24Z",649,"Maitland-Niles","EVE","18.2","18.2","18.2","18.3",1,2,"1.4",45,20088,5035,21,177,"7.0","a",0,0,,"false"
"2026-10-04T10:13:24Z",654,"Graham","EVE","-36.8","-36.8","-36.8","-36.8",-2,0,"0.1",45,241,1031,0,0,"0.0","a",0,0,,"false"
"2026-10-04T10:13:24Z",250,"Leno","FUL","9.5","9.6","9.8","10.0",1,13,"3.4",45,42154,12185,18,450,"4.3","a",0,0,,"false"
"2026-10-04T10:13:24Z",251,"Lecomte","FUL","-24.9","-24.9","-24.7","-24.5",-2,1,"1.1",40,2611,2629,0,0,"0.0","a",0,0,,"false"
"2026-10-04T10:13:24Z",252,"McNally","FUL","0.0","0.0","0.0","0.0",0,0,"0.1",40,0,619,0,0,"0.0","u",0,0,,"false"
"2026-10-04T10:13:24Z",253,"Andersen","FUL","0.8","0.8","0.8","0.8",1,0,"0.2",50,2829,1135,3,190,"0.7","a",0,0,,"false"
"2026-10-04T10:13:24Z",254,"Robinson","FUL","-18.0","-17.8","-17.4","-17.0",-1,4,"1.5",45,17042,7091,12,429,"3.0","a",0,0,,"false"
"2026-10-04T10:13:24Z",255,"J.Cuenca","FUL","-76.5","-76.5","-76.5","-76.5",-3,0,"0.0",45,68,116,3,90,"0.0","a",0,0,,"false"
"2026-10-04T10:13:24Z",256,"Tete","FUL","-1.1","-1.1","-1.1","-1.1",-1,0,"0.2",44,62,1059,0,27,"0.0","a",0,-1,,"false"
"2026-10-04T10:13:24Z",257,"Bassey","FUL","0.3","0.4","0.4","0.5",1,6,"0.7",45,6144,1962,15,450,"4.3","a",0,0,,"false"
"2026-10-04T10:13:24Z",258,"Castagne","FUL","15.0","15.0","15.1","15.2",1,4,"1.0",45,15527,5137,20,408,"2.7","a",0,0,,"false"
"2026-10-04T10:13:24Z",261,"Iwobi","FUL","-59.9","-59.4","-58.4","-57.4",-3,4,"0.7",54,3762,3399,14,408,"3.3","a",0,-1,,"false"
"2026-10-04T10:13:24Z",262,"Smith Rowe","FUL","-1.5","-1.5","-1.5","-1.5",-1,0,"0.2",53,319,1376,3,38,"0.7","a",-1,-2,,"false"
"2026-10-04T10:13:24Z",263,"Kevin","FUL","-14.3","-14.3","-14.3","-14.3",-1,0,"0.0",53,203,298,4,61,"0.7","a",0,-2,,"false"
"2026-10-04T10:13:24Z",264,"Bobb","FUL","-47.3","-47.3","-47.3","-47.3",-3,0,"0.3",55,2567,1886,13,343,"2.7","a",0,0,,"false"
"2026-10-04T10:13:24Z",265,"Berge","FUL","-35.4","-35.8","-36.4","-37.1",-2,-1,"0.3",49,665,1341,11,349,"2.3","a",0,-1,,"false"
"2026-10-04T10:13:24Z",266,"Cairney","FUL","-15.0","-15.0","-15.0","-15.0",-1,0,"0.0",49,9,20,0,0,"0.0","i",0,-1,,"false"
"2026-10-04T10:13:24Z",268,"King","FUL","93.9","94.3","95.1","95.8",3,50,"2.7",55,94981,19745,24,425,"5.0","a",0,0,,"false"
"2026-10-04T10:13:24Z",269,"Sessegnon","FUL","-2.1","-2.4","-3.0","-3.6",-1,-2,"0.3",43,317,1342,3,50,"0.3","a",-1,-2,,"false"
"2026-10-04T10:13:24Z",270,"Reed","FUL","-12.4","-12.4","-12.4","-12.4",-1,0,"1.1",44,2879,7081,0,0,"0.0","a",0,-1,,"false"
"2026-10-04T10:13:24Z",271,"Muniz","FUL","-52.6","-53.4","-55.0","-56.6",-3,-4,"0.4",54,1812,2754,3,38,"0.7","a",0,-1,,"false"
"2026-10-04T10:13:24Z",272,"Kusi-Asare","FUL","-66.7","-66.8","-66.9","-67.0",-3,-4,"5.4",45,11362,34333,0,0,"0.0","a",0,0,,"false"
"2026-10-04T10:13:24Z",569,"Gonzalo","FUL","61.4","61.7","62.2","62.7",3,33,"4.0",60,74481,33980,14,425,"2.0","a",0,0,,"false"
"2026-10-04T10:13:24Z",570,"Palacios","FUL","-7.7","-7.7","-7.7","-7.7",-1,0,"0.2",54,728,977,12,226,"3.0","a",0,-1,,"false"
"2026-10-04T10:13:24Z",580,"Charles","FUL","-80.0","-80.0","-80.0","-80.0",-3,0,"0.1",50,683,455,13,303,"3.7","a",0,0,,"false"
"2026-10-04T10:13:24Z",610,"De Fougerolles","FUL","0.0","0.0","0.0","0.0",0,0,"0.1",40,0,513,0,0,"0.0","u",0,0,,"false"
"2026-10-04T10:13:24Z",626,"Zepa","FUL","0.2","0.3","0.3","0.3",1,3,"0.3",44,934,2346,0,0,"0.0","a",-1,-1,,"false"
"2026-10-04T10:13:24Z",635,"Larsson","FUL","0.0","0.0","0.0","0.0",0,0,"0.0",50,98,72,3,37,"1.0","a",0,0,,"false"
"2026-10-04T10:13:24Z",636,"Ángel","FUL","0.0","0.0","0.0","0.0",0,0,"0.0",50,33,28,0,0,"0.0","a",0,0,,"false"
"2026-10-04T10:13:24Z",650,"Affengruber","FUL","1.4","1.4","1.5","1.5",1,3,"0.1",45,6838,1653,12,180,"4.0","a",0,0,,"false"
"2026-10-04T10:13:24Z",240,"Iroegbunam","HUL","0.1","0.1","0.1","0.1",1,0,"0.0",50,78,141,2,70,"0.3","a",0,0,,"false"
"2026-10-04T10:13:24Z",273,"Phillips","HUL","-29.6","-29.6","-29.6","-29.6",-2,0,"1.4",40,3136,3669,0,0,"0.0","a",0,0,,"false"
"2026-10-04T10:13:24Z",274,"Butland","HUL","-0.8","-0.8","-0.8","-0.8",-1,0,"0.1",44,70,332,0,0,"0.0","i",-1,-1,,"false"
"2026-10-04T10:13:24Z",275,"Cartwright","HUL","0.0","0.0","0.0","0.0",0,0,"0.0",40,0,27,0,0,"0.0","u",0,0,,"false"
"2026-10-04T10:13:24Z",276,"Lo-Tutala","HUL","0.0","0.0","0.0","0.0",0,0,"0.0",40,0,117,0,0,"0.0","u",0,0,,"false"
"2026-10-04T10:13:24Z",277,"Egan","HUL","27.1","27.0","27.0","26.9",2,-6,"7.0",41,28184,30697,26,437,"3.0","a",0,1,,"false"
"2026-10-04T10:13:24Z",278,"Hughes","HUL","0.5","0.5","0.5","0.5",1,0,"0.2",39,1136,2002,0,0,"0.0","i",0,-1,,"false"
"2026-10-04T10:13:24Z",279,"Ajayi","HUL","72.1","72.1","72.0","72.0",3,-4,"13.9",42,45132,61116,27,423,"2.3","a",0,2,,"false"
"2026-10-04T10:13:24Z",280,"Coyle","HUL","0.2","0.2","0.2","0.2",1,0,"0.7",40,2141,2138,14,348,"2.7","a",0,0,,"false"
"2026-10-04T10:13:24Z",281,"Drameh","HUL","0.0","0.0","0.0","0.0",0,0,"0.0",40,0,261,2,65,"0.0","u",0,0,,"false"
"2026-10-04T10:13:24Z",282,"Giles","HUL","73.1","73.0","73.0","73.0",3,-1,"2.9",40,22069,14423,24,444,"4.0","a",0,0,,"false"
"2026-10-04T10:13:24Z",283,"Jacob","HUL","0.0","0.0","0.0","0.0",0,0,"0.0",40,0,37,0,0,"0.0","u",0,0,,"false"
"2026-10-04T10:13:24Z",284,"McCarthy","HUL","0.5","0.5","0.5","0.5",1,0,"0.1",40,403,451,0,0,"0.0","a",0,0,,"false"
"2026-10-04T10:13:24Z",285,"McNair","HUL","-44.0","-44.0","-44.0","-44.0",-3,0,"0.1",40,199,425,1,26,"0.0","a",0,0,,"false"
"2026-10-04T10:13:24Z",286,"Belloumi","HUL","39.1","39.2","39.5","39.8",2,18,"5.2",51,79719,26434,31,394,"7.3","a",0,1,,"false"
"2026-10-04T10:13:24Z",287,"Millar","HUL","0.0","0.0","0.0","0.0",0,0,"0.0",50,0,315,6,50,"0.0","u",0,0,,"false"
"2026-10-04T10:13:24Z",288,"Dowell","HUL","-0.0","-0.0","-0.0","-0.0",0,0,"0.3",44,615,2090,0,0,"0.0","a",-1,-1,,"false"
"2026-10-04T10:13:24Z",289,"Crooks","HUL","0.7","0.7","0.8","0.8",1,1,"0.5",44,5235,4346,3,203,"0.3","a",-1,-1,,"false"
"2026-10-04T10:13:24Z",290,"Slater","HUL","77.8","77.8","77.7","77.6",3,-4,"5.2",45,16386,38833,15,437,"2.3","a",0,0,,"false"
"2026-10-04T10:13:24Z",291,"Matazo","HUL","-14.9","-14.9","-14.9","-14.9",-1,0,"0.0",45,32,55,0,0,"0.0","i",0,0,,"false"
"2026-10-04T10:13:24Z",292,"Ömür","HUL","-11.6","-11.6","-11.6","-11.6",-1,0,"0.0",49,87,150,0,0,"0.0","a",0,-1,,"false"
"2026-10-04T10:13:24Z",293,"Kamara","HUL","0.0","0.0","0.0","0.0",0,0,"0.0",50,0,12,0,0,"0.0","u",0,0,,"false"
"2026-10-04T10:13:24Z",294,"Zambrano","HUL","-24.0","-24.0","-24.0","-24.0",-2,0,"0.1",45,156,504,0,0,"0.0","a",0,0,,"false"
"2026-10-04T10:13:24Z",295,"McBurnie","HUL","28.8","28.8","28.8","28.7",2,-4,"1.9",55,8528,18595,13,441,"2.3","a",0,0,,"false"
"2026-10-04T10:13:24Z",296,"Akintola","HUL","0.0","0.0","0.0","0.0",0,0,"0.0",50,0,280,0,0,"0.0","u",0,0,,"false"
"2026-10-04T10:13:24Z",297,"Gyabi","HUL","-0.6","-0.6","-0.6","-0.6",-1,0,"0.0",44,65,150,0,0,"0.0","i",-1,-1,,"false"
"2026-10-04T10:13:24Z",298,"Destan","HUL","0.0","0.0","0.0","0.0",0,0,"0.2",45,0,1406,0,0,"0.0","u",0,0,,"false"
"2026-10-04T10:13:24Z",299,"Burstow","HUL","0.0","0.0","0.0","0.0",0,0,"0.0",45,0,226,0,0,"0.0","u",0,0,,"false"
"2026-10-04T10:13:24Z",340,"Gelhardt","HUL","0.0","0.0","0.0","0.0",0,0,"0.0",50,100,112,1,7,"0.3","a",0,0,,"false"
"2026-10-04T10:13:24Z",556,"Targett","HUL","-78.4","-78.5","-78.7","-79.0",-3,-4,"1.6",40,116,10258,1,5,"0.0","d",0,0,,"false"
"2026-10-04T10:13:24Z",563,"Morita","HUL","-0.6","-0.6","-0.6","-0.6",-1,0,"0.0",49,24,182,1,45,"0.0","i",-1,-1,,"false"
"2026-10-04T10:13:24Z",572,"Tzolakis","HUL","0.9","0.9","0.9","1.0",1,6,"12.8",47,129255,23509,34,450,"4.7","a",1,2,,"false"
"2026-10-04T10:13:24Z",574,"Hjertø-Dahl","HUL","-78.9","-78.9","-78.9","-78.9",-3,0,"0.1",49,78,331,1,8,"0.3","a",0,-1,,"false"
"2026-10-04T10:13:24Z",576,"Stroud","HUL","-56.5","-56.5","-56.5","-56.5",-3,0,"0.1",50,147,486,7,249,"1.3","a",0,0,,"false"
"2026-10-04T10:13:24Z",585,"Herrington","HUL","-28.7","-28.9","-29.2","-29.6",-2,-1,"0.6",40,1071,1750,5,197,"1.0","a",0,0,,"false"
"2026-10-04T10:13:24Z",586,"Mendy","HUL","-0.8","-0.7","-0.7","-0.6",-1,2,"6.3",41,7446,34212,25,249,"3.0","a",0,1,,"false"
"2026-10-04T10:13:24Z",589,"Gourna-Douath","HUL","-83.3","-87.6","-95.6","-103.7",-3,-1,"0.0",50,33,111,4,138,"1.0","a",0,0,,"false"
"2026-10-04T10:13:24Z",617,"Cho","HUL","0.2","0.2","0.2","0.2",1,0,"0.0",50,362,158,9,72,"2.7","a",0,0,,"false"
"2026-10-04T10:13:24Z",632,"Ansah","HUL","-69.7","-69.7","-69.7","-69.7",-3,0,"0.0",50,76,436,0,0,"0.0","i",0,0,,"false"
"2026-10-04T10:13:24Z",637,"Vaz","HUL","1.3","1.3","1.3","1.3",1,-1,"0.1",50,1909,1206,2,20,"0.7","a",0,0,,"false"
"2026-10-04T10:13:24Z",638,"Norton-Cuffy","HUL","-28.3","-28.7","-29.4","-30.1",-2,-2,"0.2",40,457,2664,1,34,"0.3","d",0,0,,"false"
"2026-10-04T10:13:24Z",642,"Thomas","HUL","0.3","0.3","0.3","0.3",1,0,"0.0",55,511,362,4,119,"1.3","a",0,0,,"false"
"2026-10-04T10:13:24Z",645,"Mouzakitis","HUL","0.0","0.0","0.0","0.0",0,0,"0.0",50,93,92,0,0,"0.0","a",0,0,,"false"
"2026-10-04T10:13:24Z",259,"Diop","IPS","-55.7","-55.7","-55.6","-55.6",-3,3,"12.7",40,7399,57443,12,450,"2.7","a",0,0,,"false"
"2026-10-04T10:13:24Z",267,"Lukić","IPS","-5.8","-5.8","-5.8","-5.8",-1,0,"0.1",49,207,549,11,400,"1.7","a",-1,-1,,"false"
"2026-10-04T10:13:24Z",300,"Walton","IPS","-7.0","-6.7","-6.3","-5.8",-1,1,"0.4",44,1802,1109,2,90,"0.7","a",0,-1,,"false"
"2026-10-04T10:13:24Z",301,"Palmer","IPS","-26.9","-26.9","-26.9","-26.9",-2,0,"3.9",40,4158,12397,0,0,"0.0","a",0,0,,"false"
"2026-10-04T10:13:24Z",302,"Button","IPS","1.2","1.1","1.0","0.8",1,-8,"0.6",40,1529,1389,0,0,"0.0","a",0,0,,"false"
"2026-10-04T10:13:24Z",303,"Kipré","IPS","3.3","3.3","3.3","3.3",1,0,"0.9",39,4664,4557,0,0,"0.0","a",0,-1,,"false"
"2026-10-04T10:13:24Z",304,"O'Shea","IPS","-42.3","-42.3","-42.3","-42.3",-3,0,"2.7",40,2102,15234,10,450,"2.0","a",0,0,,"false"
"2026-10-04T10:13:24Z",305,"Davis","IPS","76.0","76.1","76.4","76.6",3,17,"7.0",40,53397,29224,25,450,"5.7","a",0,0,,"false"
"2026-10-04T10:13:24Z",306,"Greaves","IPS","-95.2","-95.2","-95.4","-95.6",-4,-1,"1.1",40,497,3631,3,357,"0.7","a",0,0,,"false"
"2026-10-04T10:13:24Z",307,"Johnson","IPS","0.0","0.0","0.0","0.0",0,-1,"0.1",40,0,369,0,0,"0.0","u",0,0,,"false"
"2026-10-04T10:13:24Z",308,"Furlong","IPS","2.1","2.1","2.1","2.1",1,0,"0.6",39,6621,3062,1,17,"0.0","a",0,-1,,"false"
"2026-10-04T10:13:24Z",309,"Núñez","IPS","-39.6","-39.6","-39.6","-39.6",-2,0,"0.1",49,101,685,6,140,"0.0","a",0,-1,,"false"
"2026-10-04T10:13:24Z",310,"Matusiwa","IPS","0.0","0.0","0.0","0.0",0,0,"0.0",49,16,18,0,0,"0.0","a",0,-1,,"false"
"2026-10-04T10:13:24Z",311,"Burns","IPS","0.0","0.0","0.0","0.0",0,0,"0.0",50,0,8,0,0,"0.0","u",0,0,,"false"
"2026-10-04T10:13:24Z",312,"Taylor","IPS","0.1","0.1","0.1","0.1",1,0,"0.0",44,392,285,0,0,"0.0","i",-1,-1,,"false"
"2026-10-04T10:13:24Z",313,"Clarke","IPS","-89.8","-91.4","-94.6","-97.7",-3,-3,"0.2",54,156,971,11,170,"1.3","a",0,-1,,"false"
"2026-10-04T10:13:24Z",314,"Ogbene","IPS","0.0","0.0","0.0","0.0",0,0,"0.0",49,0,67,0,0,"0.0","u",0,-1,,"false"
"2026-10-04T10:13:24Z",315,"Fatawu","IPS","-37.2","-37.5","-38.2","-38.8",-2,-2,"0.2",54,61,2617,8,352,"0.7","s",0,-1,,"false"
"2026-10-04T10:13:24Z",316,"Emersonn","IPS","88.2","88.3","88.5","88.6",3,11,"3.6",55,36997,23959,26,317,"5.3","a",0,0,,"false"
"2026-10-04T10:13:24Z",317,"Hirst","IPS","0.0","0.0","0.0","0.0",0,0,"0.1",50,0,499,0,0,"0.0","u",0,0,,"false"
"2026-10-04T10:13:24Z",318,"Philogene","IPS","-8.7","-8.7","-8.7","-8.7",-1,0,"0.1",54,35,168,2,52,"0.7","a",0,-1,,"false"
"2026-10-04T10:13:24Z",319,"Szmodics","IPS","0.0","0.0","0.0","0.0",0,0,"0.0",50,0,14,0,0,"0.0","u",0,0,,"false"
"2026-10-04T10:13:24Z",320,"Akpom","IPS","25.0","25.0","25.0","25.0",2,0,"1.2",50,5162,9896,7,78,"0.3","a",0,0,,"false"
"2026-10-04T10:13:24Z",321,"Walle Egeli","IPS","40.4","40.3","40.2","40.1",3,-8,"3.5",45,18988,27735,1,10,"0.0","a",0,0,,"false"
"2026-10-04T10:13:24Z",322,"Al-Hamadi","IPS","0.0","0.0","0.0","0.0",0,0,"0.0",50,0,388,0,0,"0.0","u",0,0,,"false"
"2026-10-04T10:13:24Z",323,"McAteer","IPS","-1.4","-1.4","-1.4","-1.4",-1,0,"1.0",44,1614,6661,3,42,"0.3","a",-1,-1,,"false"
"2026-10-04T10:13:24Z",324,"Mehmeti","IPS","-3.1","-3.1","-3.1","-3.1",-1,0,"0.0",48,76,151,0,0,"0.0","a",-1,-2,,"false"
"2026-10-04T10:13:24Z",554,"Van Oevelen","IPS","0.0","0.0","0.0","0.0",0,0,"0.0",45,0,86,0,0,"0.0","u",0,0,,"false"
"2026-10-04T10:13:24Z",562,"Maeda","IPS","-11.1","-11.1","-11.1","-11.1",-1,0,"0.2",53,143,1512,8,259,"1.3","a",-1,-2,,"false"
"2026-10-04T10:13:24Z",564,"Scherpen","IPS","-33.0","-31.7","-29.5","-27.2",-2,8,"0.6",45,698,2879,7,360,"1.0","a",0,0,,"false"
"2026-10-04T10:13:24Z",571,"Florentino","IPS","-2.9","-2.9","-2.9","-2.9",-1,0,"0.1",48,118,352,2,30,"0.7","a",-1,-2,,"false"
"2026-10-04T10:13:24Z",591,"Enciso","IPS","9.0","9.0","9.0","9.0",1,1,"0.8",55,2443,6321,15,413,"1.7","a",0,0,,"false"
"2026-10-04T10:13:24Z",592,"Ouattara","IPS","-33.5","-33.5","-33.5","-33.5",-2,0,"0.9",40,720,2146,6,131,"1.3","a",0,0,,"false"
"2026-10-04T10:13:24Z",602,"Humphreys","IPS","0.0","0.0","0.0","0.0",0,0,"0.0",45,0,249,0,0,"0.0","u",0,0,,"false"
"2026-10-04T10:13:24Z",619,"Palacios","IPS","1.1","1.1","1.1","1.2",1,3,"0.1",50,539,871,11,275,"3.3","a",0,0,,"false"
"2026-10-04T10:13:24Z",640,"Flemming","IPS","0.5","0.5","0.5","0.5",1,-1,"0.1",55,977,1027,6,60,"2.0","a",0,0,,"false"
"2026-10-04T10:13:24Z",260,"Wilson","LEE","-66.1","-66.5","-67.2","-67.9",-3,-20,"1.7",62,76,41756,5,145,"0.3","i",0,-3,,"false"
"2026-10-04T10:13:24Z",326,"Perri","LEE","0.0","0.0","0.0","0.0",0,0,"0.3",45,0,1343,0,0,"0.0","u",0,0,,"false"
"2026-10-04T10:13:24Z",327,"Bijol","LEE","5.1","5.1","5.1","5.0",1,-2,"0.7",50,835,5702,12,164,"0.3","a",0,0,,"false"
"2026-10-04T10:13:24Z",329,"Rodon","LEE","-7.0","-7.1","-7.2","-7.2",-1,-2,"0.8",43,50,9083,7,123,"0.0","i",-1,-2,,"false"
"2026-10-04T10:13:24Z",330,"Bogle","LEE","61.2","61.6","62.2","62.8",3,41,"7.3",46,131126,27258,42,365,"11.3","a",0,1,,"false"
"2026-10-04T10:13:24Z",331,"Gudmundsson","LEE","1.0","1.0","1.0","1.0",1,0,"0.1",45,579,350,14,252,"4.7","a",0,0,,"false"
"2026-10-04T10:13:24Z",332,"Justin","LEE","18.8","18.8","18.8","18.8",1,0,"1.4",45,4492,6141,26,450,"4.7","a",0,0,,"false"
"2026-10-04T10:13:24Z",333,"Bornauw","LEE","0.0","0.0","0.0","0.0",0,0,"0.0",45,0,5,0,0,"0.0","u",0,0,,"false"
"2026-10-04T10:13:24Z",334,"Muharemović","LEE","39.9","40.0","40.0","40.0",3,2,"4.3",50,29647,25340,27,450,"5.7","a",0,0,,"false"
"2026-10-04T10:13:24Z",335,"Stach","LEE","16.4","16.3","16.3","16.2",1,-5,"2.5",60,5046,20159,27,447,"3.3","a",0,0,,"false"
"2026-10-04T10:13:24Z",336,"Okafor","LEE","1.5","1.5","1.5","1.5",1,0,"0.4",58,1851,3528,18,299,"5.0","a",0,-2,,"false"
"2026-10-04T10:13:24Z",337,"Aaronson","LEE","-8.9","-9.2","-9.7","-10.2",-1,-3,"0.5",53,219,3497,7,194,"1.0","a",-1,-2,,"false"
"2026-10-04T10:13:24Z",338,"Ampadu","LEE","-29.9","-29.8","-29.6","-29.3",-2,1,"0.9",54,1698,5121,21,450,"4.7","a",0,-1,,"false"
"2026-10-04T10:13:24Z",339,"Longstaff","LEE","0.0","0.0","0.0","0.0",0,0,"0.1",48,151,652,2,10,"0.3","a",-1,-2,,"false"
"2026-10-04T10:13:24Z",341,"Gnonto","LEE","0.0","0.0","0.0","0.0",0,0,"0.0",50,0,54,0,0,"0.0","u",0,0,,"false"
"2026-10-04T10:13:24Z",342,"Harrison","LEE","0.0","0.0","0.0","0.0",0,0,"0.0",50,0,5,0,0,"0.0","u",0,0,,"false"
"2026-10-04T10:13:24Z",343,"James","LEE","-29.5","-29.5","-29.5","-29.5",-2,0,"0.1",49,198,575,3,52,"0.7","a",0,-1,,"false"
"2026-10-04T10:13:24Z",344,"Gruev","LEE","0.0","0.0","0.0","0.0",0,0,"0.0",50,49,22,0,0,"0.0","a",0,0,,"false"
"2026-10-04T10:13:24Z",345,"Tanaka","LEE","5.0","5.0","4.9","4.9",1,-2,"0.3",49,2335,2345,14,255,"4.3","a",0,-1,,"false"
"2026-10-04T10:13:24Z",346,"Calvert-Lewin","LEE","71.2","71.2","71.2","71.3",3,2,"24.8",60,98201,174890,22,419,"4.3","a",0,0,,"false"
"2026-10-04T10:13:24Z",347,"Nmecha","LEE","-27.4","-27.6","-28.0","-28.4",-2,-1,"0.5",54,2101,3835,7,64,"1.0","a",0,-1,,"false"
"2026-10-04T10:13:24Z",348,"Piroe","LEE","0.0","0.0","0.0","0.0",0,0,"0.1",50,0,438,0,0,"0.0","u",0,0,,"false"
"2026-10-04T10:13:24Z",349,"Mateo Joseph","LEE","-42.9","-42.9","-42.9","-42.9",-3,0,"0.1",45,334,503,0,0,"0.0","i",0,0,,"false"
"2026-10-04T10:13:24Z",385,"Trafford","LEE","35.1","35.1","35.2","35.3",2,4,"5.5",50,23919,15772,28,450,"5.3","a",0,0,,"false"
"2026-10-04T10:13:24Z",598,"Elvedi","LEE","0.7","0.7","0.7","0.7",1,0,"0.1",45,254,254,13,326,"4.0","a",0,0,,"false"
"2026-10-04T10:13:24Z",603,"Lienou","LEE","0.1","0.1","0.1","0.1",1,0,"0.1",40,246,529,0,0,"0.0","a",0,0,,"false"
"2026-10-04T10:13:24Z",604,"Cresswell","LEE","-13.0","-13.0","-13.0","-13.0",-1,0,"0.1",45,314,920,0,0,"0.0","a",0,0,,"false"
"2026-10-04T10:13:24Z",625,"Cairns","LEE","0.4","0.4","0.4","0.4",1,0,"0.2",40,866,801,0,0,"0.0","a",0,0,,"false"
"2026-10-04T10:13:24Z",629,"Zetterer","LEE","2.3","2.3","2.3","2.3",1,0,"0.7",40,3150,2862,0,0,"0.0","a",0,0,,"false"
"2026-10-04T10:13:24Z",641,"Bard","LEE","0.1","0.1","0.1","0.1",1,0,"0.0",45,98,81,1,18,"0.3","a",0,0,,"false"
"2026-10-04T10:13:24Z",648,"Bahoya","LEE","-53.2","-53.2","-53.2","-53.2",-3,0,"0.0",50,115,179,1,1,"0.3","a",0,0,,"false"
"2026-10-04T10:13:24Z",350,"A.Becker","LIV","1.8","1.8","1.9","1.9",1,3,"4.1",55,14342,12350,27,450,"8.3","a",0,0,,"false"
"2026-10-04T10:13:24Z",351,"Mamardashvili","LIV","0.0","0.0","0.0","0.0",0,0,"0.1",48,265,642,0,0,"0.0","a",-1,-2,,"false"
"2026-10-04T10:13:24Z",352,"Woodman","LIV","-33.1","-33.3","-33.6","-34.0",-2,-2,"1.0",40,819,2436,0,0,"0.0","a",0,0,,"false"
"2026-10-04T10:13:24Z",353,"Pecsi","LIV","0.0","0.0","0.0","0.0",0,0,"0.0",40,0,66,0,0,"0.0","u",0,0,,"false"
"2026-10-04T10:13:24Z",354,"Jaros","LIV","0.1","0.1","0.1","0.1",1,0,"0.0",40,211,161,0,0,"0.0","i",0,0,,"false"
"2026-10-04T10:13:24Z",355,"Davies","LIV","0.1","0.1","0.1","0.1",1,0,"0.2",40,306,484,0,0,"0.0","a",0,0,,"false"
"2026-10-04T10:13:24Z",356,"Virgil","LIV","-61.9","-61.9","-61.9","-62.0",-3,-3,"16.2",65,23124,45568,25,450,"7.3","a",0,0,,"false"
"2026-10-04T10:13:24Z",357,"Frimpong","LIV","-40.0","-40.1","-40.2","-40.3",-3,-1,"1.8",53,1698,13129,2,178,"0.3","a",0,-2,,"false"
"2026-10-04T10:13:24Z",358,"Kerkez","LIV","-0.7","-0.8","-1.0","-1.2",-1,-4,"2.2",53,2721,10970,13,385,"4.0","a",-1,-2,,"false"
"2026-10-04T10:13:24Z",359,"Gomez","LIV","0.0","0.1","0.1","0.1",1,1,"0.0",49,341,120,0,0,"0.0","a",0,-1,,"false"
"2026-10-04T10:13:24Z",360,"Bradley","LIV","-89.6","-89.6","-89.6","-89.6",-3,0,"0.0",50,58,87,0,0,"0.0","i",0,0,,"false"
"2026-10-04T10:13:24Z",361,"Lucky","LIV","-56.4","-56.4","-56.4","-56.4",-3,0,"0.1",40,304,604,0,0,"0.0","a",0,0,,"false"
"2026-10-04T10:13:24Z",362,"Jacquet","LIV","58.4","58.6","59.0","59.4",3,24,"3.5",50,35610,14060,24,415,"6.7","a",0,0,,"false"
"2026-10-04T10:13:24Z",363,"Leoni","LIV","-63.5","-63.5","-63.5","-63.5",-3,0,"0.0",40,69,188,0,0,"0.0","i",0,0,,"false"
"2026-10-04T10:13:24Z",364,"Tsimikas","LIV","-57.1","-57.1","-57.1","-57.1",-3,0,"0.1",49,104,407,2,64,"0.3","a",0,-1,,"false"
"2026-10-04T10:13:24Z",365,"Ramsay","LIV","0.0","0.0","0.0","0.0",0,0,"0.1",40,0,503,0,0,"0.0","u",0,0,,"false"
"2026-10-04T10:13:24Z",366,"Wirtz","LIV","-38.8","-38.9","-38.9","-39.0",-2,-2,"5.7",73,4302,43210,18,402,"4.0","a",0,-2,,"false"
"2026-10-04T10:13:24Z",367,"Gakpo","LIV","-2.9","-3.3","-4.2","-5.0",-1,-103,"12.3",72,51748,100344,32,370,"5.0","d",0,2,,"false"
"2026-10-04T10:13:24Z",368,"Szoboszlai","LIV","-0.2","-0.3","-0.5","-0.7",-1,-62,"32.7",69,38164,224672,20,440,"2.7","a",-1,-1,,"false"
"2026-10-04T10:13:24Z",369,"Ngumoha","LIV","-24.7","-24.9","-25.3","-25.7",-2,-2,"0.5",57,833,4382,4,99,"0.3","a",-1,-3,,"false"
"2026-10-04T10:13:24Z",370,"Chiesa","LIV","-6.5","-6.5","-6.5","-6.5",-1,0,"0.0",53,17,260,0,0,"0.0","i",-1,-2,,"false"
"2026-10-04T10:13:24Z",371,"Gravenberch","LIV","-24.0","-24.1","-24.3","-24.5",-2,-3,"1.1",58,1281,9370,9,190,"1.0","a",-1,-2,,"false"
"2026-10-04T10:13:24Z",372,"Mac Allister","LIV","-45.0","-44.9","-44.9","-44.8",-3,1,"1.3",54,3986,7094,11,306,"2.7","a",0,-1,,"false"
"2026-10-04T10:13:24Z",373,"C.Jones","LIV","0.0","0.0","0.0","0.0",0,0,"0.0",55,0,65,0,0,"0.0","u",0,0,,"false"
"2026-10-04T10:13:24Z",374,"Endo","LIV","-65.3","-66.9","-70.0","-73.0",-3,-1,"0.1",49,172,459,0,0,"0.0","a",0,-1,,"false"
"2026-10-04T10:13:24Z",375,"Nyoni","LIV","-90.1","-90.1","-90.1","-90.1",-3,0,"0.0",49,96,319,3,38,"0.7","a",0,-1,,"false"
"2026-10-04T10:13:24Z",376,"Bajcetic","LIV","0.0","0.0","0.0","0.0",0,0,"0.0",50,0,3,0,0,"0.0","u",0,0,,"false"
"2026-10-04T10:13:24Z",377,"Munoz","LIV","6.5","6.5","6.4","6.3",1,-5,"0.9",65,1556,11826,15,257,"1.7","a",0,0,,"false"
"2026-10-04T10:13:24Z",378,"McConnell","LIV","-4.3","-6.3","-10.1","-13.8",-1,-5,"0.2",44,1082,1558,0,0,"0.0","a",0,-1,,"false"
"2026-10-04T10:13:24Z",379,"Isak","LIV","3.9","3.2","2.0","0.7",1,-80,"22.2",91,117791,94608,33,413,"7.7","d",0,1,,"false"
"2026-10-04T10:13:24Z",380,"Ekitiké","LIV","-28.7","-28.7","-28.7","-28.7",-2,0,"0.1",74,411,870,0,0,"0.0","i",0,-1,,"false"
"2026-10-04T10:13:24Z",381,"Koumas","LIV","-95.1","-95.1","-95.1","-95.1",-4,0,"0.0",50,169,197,3,22,"0.7","a",0,0,,"false"
"2026-10-04T10:13:24Z",382,"Danns","LIV","3.8","3.8","3.8","3.8",1,0,"0.2",45,3639,2499,0,0,"0.0","a",0,0,,"false"
"2026-10-04T10:13:24Z",383,"Elliott","LIV","0.0","0.0","0.0","0.0",0,-1,"0.0",54,0,236,0,0,"0.0","u",0,-1,,"false"
"2026-10-04T10:13:24Z",579,"Araujo","LIV","35.7","35.7","35.8","35.9",2,6,"3.0",54,17894,10884,22,284,"7.0","a",0,-1,,"false"
"2026-10-04T10:13:24Z",627,"Barcola","LIV","-67.6","-67.2","-66.3","-65.5",-3,10,"1.9",80,12111,19575,7,168,"2.3","a",0,0,,"false"
"2026-10-04T10:13:24Z",155,"Enzo","MCI","1.8","1.8","1.9","2.0",1,5,"3.6",69,32270,15458,13,271,"4.0","a",0,-1,,"false"
"2026-10-04T10:13:24Z",237,"Ndiaye","MCI","-21.5","-21.7","-22.1","-22.5",-2,-29,"6.7",58,7312,70689,22,385,"3.0","a",-1,-2,,"false"
"2026-10-04T10:13:24Z",384,"Donnarumma","MCI","-54.0","-54.1","-54.3","-54.5",-3,-10,"7.6",55,11105,31667,19,450,"5.3","a",0,0,,"false"
"2026-10-04T10:13:24Z",386,"Bettinelli","MCI","-89.5","-89.5","-89.5","-89.5",-3,0,"0.0",45,57,90,0,0,"0.0","a",0,0,,"false"
"2026-10-04T10:13:24Z",387,"O'Reilly","MCI","-3.0","-3.1","-3.3","-3.5",-1,-44,"10.8",63,5379,75845,6,163,"0.7","d",-1,-2,,"false"
"2026-10-04T10:13:24Z",388,"Guéhi","MCI","66.9","66.9","66.8","66.8",3,-4,"18.2",60,24572,53733,30,450,"6.0","a",0,0,,"false"
"2026-10-04T10:13:24Z",389,"Matheus N.","MCI","-35.2","-35.4","-35.6","-35.9",-2,-2,"1.0",59,1733,3065,11,213,"3.3","a",0,-1,,"false"
"2026-10-04T10:13:24Z",390,"Rúben","MCI","4.0","4.0","4.1","4.2",1,5,"1.9",55,4877,9366,17,450,"4.3","a",0,0,,"false"
"2026-10-04T10:13:24Z",391,"Gvardiol","MCI","83.3","83.4","83.6","83.8",3,14,"26.9",57,152953,58005,37,434,"7.7","a",0,2,,"false"
"2026-10-04T10:13:24Z",392,"Aït-Nouri","MCI","-0.2","-0.2","-0.2","-0.2",-1,0,"0.4",52,550,2266,0,0,"0.0","a",-1,-3,,"false"
"2026-10-04T10:13:24Z",393,"Khusanov","MCI","-36.8","-36.9","-37.1","-37.4",-2,-2,"1.4",54,1489,9263,9,268,"1.7","a",0,-1,,"false"
"2026-10-04T10:13:24Z",394,"Alleyne","MCI","0.0","0.0","0.0","0.0",0,0,"0.0",50,0,20,0,0,"0.0","u",0,0,,"false"
"2026-10-04T10:13:24Z",395,"Lewis","MCI","-68.5","-69.0","-70.0","-71.0",-3,-1,"0.2",44,320,1238,1,56,"0.0","a",0,-1,,"false"
"2026-10-04T10:13:24Z",396,"Vitor Reis","MCI","-85.8","-85.8","-85.8","-85.8",-3,0,"0.0",45,76,156,1,1,"0.0","a",0,0,,"false"
"2026-10-04T10:13:24Z",397,"Semenyo","MCI","-21.6","-21.8","-22.0","-22.3",-2,-49,"15.2",84,127191,75383,33,450,"8.7","d",0,-1,,"false"
"2026-10-04T10:13:24Z",398,"Foden","MCI","-51.8","-52.1","-52.7","-53.3",-3,-18,"1.8",69,223,29450,9,217,"-0.3","s",0,-1,,"false"
"2026-10-04T10:13:24Z",399,"Cherki","MCI","-57.0","-56.7","-56.2","-55.7",-3,35,"28.4",78,129776,93618,34,302,"4.0","a",0,3,,"false"
"2026-10-04T10:13:24Z",400,"Doku","MCI","0.4","0.4","0.5","0.6",1,5,"0.7",74,4735,2200,1,15,"0.3","a",0,-1,,"false"
"2026-10-04T10:13:24Z",402,"Rodrigo","MCI","0.0","0.0","0.0","0.0",0,0,"0.0",65,0,26,0,0,"0.0","u",0,0,,"false"
"2026-10-04T10:13:24Z",404,"Reijnders","MCI","0.0","0.0","0.0","0.0",0,0,"0.0",60,0,102,0,0,"0.0","u",0,0,,"false"
"2026-10-04T10:13:24Z",406,"Kovačić","MCI","-0.1","-0.1","-0.1","-0.1",-1,0,"0.1",53,120,480,2,42,"0.0","a",-1,-2,,"false"
"2026-10-04T10:13:24Z",407,"Echeverri","MCI","0.0","0.0","0.0","0.0",0,0,"0.0",49,0,57,0,0,"0.0","u",0,-1,,"false"
"2026-10-04T10:13:24Z",408,"Phillips","MCI","0.0","0.0","0.0","0.0",0,0,"0.0",50,0,13,0,0,"0.0","u",0,0,,"false"
"2026-10-04T10:13:24Z",409,"Mukasa","MCI","0.0","0.0","0.0","0.0",0,0,"0.1",45,0,631,0,0,"0.0","u",0,0,,"false"
"2026-10-04T10:13:24Z",410,"Monga","MCI","0.0","0.0","0.0","0.0",0,0,"0.0",49,0,52,0,0,"0.0","u",0,-1,,"false"
"2026-10-04T10:13:24Z",411,"Haaland","MCI","24.4","24.4","24.5","24.6",2,7,"73.9",156,82571,21838,39,450,"8.0","a",0,1,,"false"
"2026-10-04T10:13:24Z",481,"Anderson","MCI","-43.9","-43.8","-43.6","-43.5",-3,5,"4.0",63,8214,28776,15,413,"3.3","a",0,-2,,"false"
"2026-10-04T10:13:24Z",587,"Rulli","MCI","-93.0","-93.0","-93.0","-93.0",-3,0,"0.0",50,76,105,0,0,"0.0","a",0,0,,"false"
"2026-10-04T10:13:24Z",616,"Bouaddi","MCI","-34.3","-33.2","-31.0","-28.8",-2,2,"0.2",55,864,2161,2,22,"0.3","a",0,0,,"false"
"2026-10-04T10:13:24Z",621,"McAidoo","MCI","-94.3","-94.3","-94.3","-94.3",-3,0,"0.1",45,200,1119,2,11,"0.3","a",0,0,,"false"
"2026-10-04T10:13:24Z",622,"Braithwaite","MCI","-40.5","-40.5","-40.5","-40.5",-3,0,"0.2",40,599,1686,1,1,"0.0","a",0,0,,"false"
"2026-10-04T10:13:24Z",628,"Allan","MCI","0.1","0.1","0.1","0.1",1,0,"0.0",60,231,171,0,0,"0.0","a",0,0,,"false"
"2026-10-04T10:13:24Z",653,"Samba","MCI","-42.5","-42.5","-42.5","-42.5",-3,0,"0.0",45,256,507,0,0,"0.0","a",0,0,,"false"
"2026-10-04T10:13:24Z",43,"Tielemans","MUN","-39.0","-39.0","-39.0","-39.0",-2,0,"1.5",58,3281,11029,14,402,"2.7","a",0,-2,,"false"
"2026-10-04T10:13:24Z",131,"Baleba","MUN","0.1","0.1","0.1","0.0",1,-1,"0.1",49,1377,766,0,0,"0.0","a",0,-1,,"false"
"2026-10-04T10:13:24Z",162,"Andrey Santos","MUN","-53.0","-53.4","-54.3","-55.2",-3,-3,"0.6",48,1066,5105,4,82,"0.3","a",0,-2,,"false"
"2026-10-04T10:13:24Z",325,"Darlow","MUN","-24.6","-24.6","-24.6","-24.6",-2,0,"0.0",45,63,229,0,0,"0.0","d",0,0,,"false"
"2026-10-04T10:13:24Z",412,"Lammens","MUN","-17.7","-17.8","-17.9","-17.9",-1,-5,"9.9",49,7095,50322,11,450,"2.7","a",0,-1,,"false"
"2026-10-04T10:13:24Z",413,"Bayindir","MUN","0.0","0.0","0.0","0.0",0,0,"0.0",45,0,43,0,0,"0.0","u",0,0,,"false"
"2026-10-04T10:13:24Z",414,"Heaton","MUN","-36.9","-36.9","-36.9","-36.9",-2,0,"0.1",40,212,283,0,0,"0.0","i",0,0,,"false"
"2026-10-04T10:13:24Z",415,"Dorgu","MUN","-63.1","-63.5","-64.2","-64.9",-3,-4,"0.5",58,1032,4436,10,171,"3.0","d",0,-2,,"false"
"2026-10-04T10:13:24Z",416,"De Ligt","MUN","-99.2","-99.2","-99.2","-99.2",-4,0,"0.0",50,84,135,0,0,"0.0","i",0,0,,"false"
"2026-10-04T10:13:24Z",417,"Dalot","MUN","-80.3","-80.2","-80.0","-79.8",-3,2,"1.6",49,1370,7809,8,346,"1.7","a",0,-1,,"false"
"2026-10-04T10:13:24Z",418,"Maguire","MUN","-2.2","-2.2","-2.4","-2.5",-1,-10,"8.6",48,4614,76842,10,450,"1.7","a",-1,-2,,"false"
"2026-10-04T10:13:24Z",419,"Martinez","MUN","-0.0","-0.0","-0.0","-0.0",0,0,"1.3",49,3830,6664,6,360,"1.7","a",-1,-1,,"false"
"2026-10-04T10:13:24Z",420,"Yoro","MUN","-11.5","-11.5","-11.5","-11.5",-1,0,"0.5",48,479,2253,2,22,"0.3","a",-1,-2,,"false"
"2026-10-04T10:13:24Z",421,"Heaven","MUN","-0.3","-0.3","-0.3","-0.3",-1,0,"0.3",43,256,1525,1,90,"0.0","a",-1,-2,,"false"
"2026-10-04T10:13:24Z",422,"Mazraoui","MUN","-76.6","-76.8","-77.2","-77.6",-3,-1,"0.5",44,606,2933,3,97,"0.3","a",0,-1,,"false"
"2026-10-04T10:13:24Z",423,"Shaw","MUN","-5.1","-5.2","-5.4","-5.5",-1,-13,"7.7",43,3912,78516,9,335,"2.0","a",-1,-2,,"false"
"2026-10-04T10:13:24Z",424,"Amass","MUN","-47.4","-47.4","-47.4","-47.4",-3,0,"0.2",40,436,812,0,0,"0.0","a",0,0,,"false"
"2026-10-04T10:13:24Z",425,"Fredricson","MUN","0.0","0.0","0.0","0.0",0,0,"0.0",40,0,51,0,0,"0.0","u",0,0,,"false"
"2026-10-04T10:13:24Z",426,"B.Fernandes","MUN","-1.2","-1.2","-1.2","-1.3",-1,-13,"38.5",119,47674,202554,31,450,"2.0","a",-1,-1,,"false"
"2026-10-04T10:13:24Z",427,"Mbeumo","MUN","-78.4","-78.4","-78.4","-78.5",-3,-6,"20.5",79,39741,134464,25,450,"4.0","a",0,-1,,"false"
"2026-10-04T10:13:24Z",428,"Cunha","MUN","-97.1","-96.9","-96.6","-96.3",-4,10,"5.8",79,23662,22597,26,407,"5.0","a",0,-1,,"false"
"2026-10-04T10:13:24Z",429,"Rashford","MUN","-88.0","-88.4","-89.1","-89.7",-3,-11,"1.4",70,4233,18475,10,351,"2.3","d",0,0,,"false"
"2026-10-04T10:13:24Z",430,"Mount","MUN","0.1","0.1","0.1","0.1",1,0,"0.0",54,192,204,1,10,"0.3","a",0,-1,,"false"
"2026-10-04T10:13:24Z",431,"Amad","MUN","-18.6","-18.6","-18.6","-18.6",-1,0,"0.3",57,138,1927,0,0,"0.0","i",0,-3,,"false"
"2026-10-04T10:13:24Z",432,"Mainoo","MUN","14.0","13.9","13.8","13.7",1,-7,"1.6",55,7835,15862,22,354,"5.7","d",0,0,,"false"
"2026-10-04T10:13:24Z",433,"Ugarte","MUN","-72.0","-72.0","-72.0","-72.0",-3,0,"0.0",50,24,26,0,0,"0.0","i",0,0,,"false"
"2026-10-04T10:13:24Z",434,"J.Fletcher","MUN","-39.1","-39.1","-39.1","-39.1",-2,0,"0.0",49,45,59,0,0,"0.0","a",0,-1,,"false"
"2026-10-04T10:13:24Z",435,"Lacey","MUN","-5.7","-5.7","-5.7","-5.7",-1,0,"0.1",49,386,375,1,10,"0.0","a",0,-1,,"false"
"2026-10-04T10:13:24Z",436,"Collyer","MUN","0.0","0.0","0.0","0.0",0,0,"0.0",50,0,49,0,0,"0.0","u",0,0,,"false"
"2026-10-04T10:13:24Z",437,"Bendito Mantato","MUN","0.0","0.0","0.0","0.0",0,0,"0.2",44,474,905,0,0,"0.0","a",-1,-1,,"false"
"2026-10-04T10:13:24Z",438,"Fletcher","MUN","0.4","0.4","0.4","0.4",1,0,"0.3",44,2614,2193,0,0,"0.0","a",0,-1,,"false"
"2026-10-04T10:13:24Z",439,"Šeško","MUN","-44.9","-45.2","-45.8","-46.4",-3,-11,"1.6",70,6697,25000,8,76,"2.0","d",0,0,,"false"
"2026-10-04T10:13:24Z",440,"Zirkzee","MUN","-8.4","-8.2","-7.8","-7.4",-1,2,"0.4",53,2052,3250,2,20,"0.7","a",-1,-2,,"false"
"2026-10-04T10:13:24Z",441,"Obi","MUN","0.0","0.0","0.0","0.0",0,-6,"0.9",45,0,11640,0,0,"0.0","u",0,0,,"false"
"2026-10-04T10:13:24Z",405,"N.Gonzalez","NEW","0.9","0.9","0.9","0.9",1,0,"0.2",55,649,1872,5,164,"1.0","a",0,0,,"false"
"2026-10-04T10:13:24Z",442,"Pope","NEW","-46.4","-46.5","-46.7","-46.9",-3,-1,"0.9",49,901,3244,0,0,"0.0","a",0,-1,,"false"
"2026-10-04T10:13:24Z",443,"Gillespie","NEW","-40.1","-40.1","-40.1","-40.1",-3,0,"0.0",45,45,90,0,0,"0.0","a",0,0,,"false"
"2026-10-04T10:13:24Z",444,"Jaouen","NEW","-7.0","-7.0","-7.0","-7.0",-1,0,"0.0",44,20,123,0,0,"0.0","d",-1,-1,,"false"
"2026-10-04T10:13:24Z",445,"Thiaw","NEW","18.5","18.5","18.5","18.6",1,3,"2.2",50,9060,10505,14,450,"1.7","a",0,0,,"false"
"2026-10-04T10:13:24Z",446,"Schär","NEW","-11.6","-11.2","-10.2","-9.3",-1,1,"0.2",49,588,933,2,25,"0.3","a",0,-1,,"false"
"2026-10-04T10:13:24Z",447,"Botman","NEW","10.2","10.2","10.2","10.2",1,0,"0.7",50,5072,3191,15,450,"2.3","a",0,0,,"false"
"2026-10-04T10:13:24Z",448,"Burn","NEW","-4.4","-4.4","-4.5","-4.6",-1,-2,"0.7",48,118,6021,0,0,"0.0","i",-1,-2,,"false"
"2026-10-04T10:13:24Z",449,"Hall","NEW","8.2","8.5","8.9","9.3",1,72,"17.4",53,255556,22180,31,449,"5.7","a",1,3,,"false"
"2026-10-04T10:13:24Z",450,"Livramento","NEW","1.6","1.6","1.5","1.5",1,-1,"0.1",49,456,1557,4,33,"1.3","d",0,-1,,"false"
"2026-10-04T10:13:24Z",451,"A.Murphy","NEW","0.0","0.0","0.0","0.0",0,0,"0.1",40,0,303,0,0,"0.0","u",0,0,,"false"
"2026-10-04T10:13:24Z",453,"Barnes","NEW","17.5","17.7","18.1","18.6",1,75,"5.8",61,168306,20127,28,450,"7.7","a",1,1,,"false"
"2026-10-04T10:13:24Z",454,"Elanga","NEW","-43.2","-43.4","-43.9","-44.4",-3,-60,"4.5",61,344,170658,18,232,"0.3","i",-1,1,,"false"
"2026-10-04T10:13:24Z",456,"J.Ramsey","NEW","-97.3","-97.3","-97.3","-97.3",-4,0,"0.2",49,71,4861,7,69,"2.0","i",0,-1,,"false"
"2026-10-04T10:13:24Z",457,"J.Murphy","NEW","-20.4","-20.4","-20.4","-20.4",-2,0,"0.1",59,1005,823,3,181,"0.7","a",0,-1,,"false"
"2026-10-04T10:13:24Z",458,"Joelinton","NEW","-65.1","-65.1","-65.1","-65.1",-3,0,"0.0",54,21,84,0,0,"0.0","i",0,-1,,"false"
"2026-10-04T10:13:24Z",459,"L.Miley","NEW","0.6","0.6","0.6","0.6",1,-1,"0.1",55,489,543,12,396,"2.0","d",0,0,,"false"
"2026-10-04T10:13:24Z",460,"Willock","NEW","16.0","16.1","16.1","16.2",1,4,"0.6",50,10085,2907,22,284,"4.3","a",0,0,,"false"
"2026-10-04T10:13:24Z",461,"Touré","NEW","-12.0","-12.0","-12.0","-12.0",-1,0,"0.1",58,340,883,8,50,"2.3","a",0,-2,,"false"
"2026-10-04T10:13:24Z",462,"Steur","NEW","-54.4","-54.4","-54.4","-54.4",-3,0,"0.1",49,276,398,8,223,"2.0","a",0,-1,,"false"
"2026-10-04T10:13:24Z",463,"Woltemade","NEW","0.0","0.0","0.0","0.0",0,-3,"0.5",59,0,3886,4,19,"0.0","u",0,-1,,"false"
"2026-10-04T10:13:24Z",464,"Wissa","NEW","65.1","65.3","65.6","65.9",3,19,"18.7",62,92746,144885,15,441,"1.0","a",0,2,,"false"
"2026-10-04T10:13:24Z",465,"Osula","NEW","-9.0","-9.2","-9.7","-10.1",-1,-4,"0.3",58,130,2498,4,55,"0.0","i",-1,-2,,"false"
"2026-10-04T10:13:24Z",466,"Neave","NEW","0.0","0.0","0.0","0.0",0,0,"0.5",45,0,4018,0,0,"0.0","u",0,0,,"false"
"2026-10-04T10:13:24Z",559,"Bamba","NEW","-73.4","-73.4","-73.4","-73.4",-3,0,"0.1",49,131,503,3,27,"0.7","a",0,-1,,"false"
"2026-10-04T10:13:24Z",567,"Horníček","NEW","24.7","24.7","24.7","24.8",2,3,"1.5",50,7487,5281,14,450,"2.0","a",0,0,,"false"
"2026-10-04T10:13:24Z",593,"Dedić","NEW","-12.2","-12.6","-13.4","-14.2",-1,-25,"1.8",45,275,38695,13,327,"0.3","i",0,0,,"false"
"2026-10-04T10:13:24Z",609,"Shahar","NEW","0.0","0.0","0.0","0.0",0,0,"0.2",40,0,1911,0,0,"0.0","u",0,0,,"false"
"2026-10-04T10:13:24Z",634,"Fernandez-Pardo","NEW","0.8","0.8","0.9","0.9",1,2,"0.1",60,2166,1469,4,157,"1.3","a",0,0,,"false"
"2026-10-04T10:13:24Z",659,"Miley","NEW","0.0","0.0","0.0","0.0",0,0,"0.0",45,1457,661,0,0,"0.0","a",0,0,,"false"
"2026-10-04T10:13:24Z",663,"Pivas","NEW","0.0","0.0","0.0","0.0",0,0,"0.0",40,418,64,0,0,"0.0","a",0,0,,"false"
"2026-10-04T10:13:24Z",664,"Salia","NEW","0.1","0.2","0.3","0.4",1,8,"0.1",45,10159,1686,0,0,"0.0","a",0,0,,"false"
"2026-10-04T10:13:24Z",665,"Mills","NEW","0.0","0.0","0.0","0.0",0,0,"0.0",45,169,31,0,0,"0.0","a",0,0,,"false"
"2026-10-04T10:13:24Z",666,"Thompson","NEW","0.0","0.0","0.0","0.0",0,0,"0.0",45,245,36,0,0,"0.0","a",0,0,,"false"
"2026-10-04T10:13:24Z",167,"Delap","NFO","-25.0","-25.1","-25.1","-25.1",-2,-1,"2.7",56,25523,29556,9,277,"2.7","a",1,1,,"false"
"2026-10-04T10:13:24Z",201,"Muñoz","NFO","-49.4","-49.5","-49.7","-49.9",-3,-8,"5.7",54,8178,31062,5,257,"1.7","a",0,-1,,"false"
"2026-10-04T10:13:24Z",467,"Sels","NFO","4.6","4.5","4.5","4.5",1,-2,"1.6",50,2095,6357,14,450,"3.7","a",0,0,,"false"
"2026-10-04T10:13:24Z",468,"John","NFO","-76.5","-78.3","-81.6","-84.9",-3,-1,"0.1",45,65,159,0,0,"0.0","a",0,0,,"false"
"2026-10-04T10:13:24Z",469,"N.Williams","NFO","24.9","24.8","24.6","24.4",2,-14,"8.7",50,11575,48545,19,450,"3.7","a",0,0,,"false"
"2026-10-04T10:13:24Z",470,"Morato","NFO","0.0","0.0","0.0","0.0",0,0,"0.0",50,0,122,0,0,"0.0","u",0,0,,"false"
"2026-10-04T10:13:24Z",471,"Milenković","NFO","-14.5","-14.6","-14.9","-15.2",-1,-8,"1.0",54,67,12656,12,270,"2.3","i",-1,-1,,"false"
"2026-10-04T10:13:24Z",472,"Murillo","NFO","25.2","25.2","25.2","25.1",2,-1,"2.1",55,8958,8518,23,449,"6.0","a",0,0,,"false"
"2026-10-04T10:13:24Z",473,"Aina","NFO","-3.5","-3.5","-3.7","-3.9",-1,-4,"2.4",44,1109,21007,8,306,"1.0","a",-1,-1,,"false"
"2026-10-04T10:13:24Z",474,"Jair Cunha","NFO","-49.6","-49.6","-49.6","-49.6",-3,0,"0.2",45,273,664,11,360,"3.0","a",0,0,,"false"
"2026-10-04T10:13:24Z",475,"Savona","NFO","-18.8","-18.8","-18.8","-18.8",-1,0,"0.0",45,21,20,0,0,"0.0","i",0,0,,"false"
"2026-10-04T10:13:24Z",476,"O.Richards","NFO","-70.1","-70.1","-70.1","-70.1",-3,0,"0.2",40,315,766,0,0,"0.0","a",0,0,,"false"
"2026-10-04T10:13:24Z",477,"Abbott","NFO","0.0","0.0","0.0","0.0",0,0,"0.1",40,0,849,0,0,"0.0","u",0,0,,"false"
"2026-10-04T10:13:24Z",478,"Netz","NFO","-8.6","-8.6","-8.6","-8.6",-1,0,"0.0",44,58,122,3,27,"0.3","a",0,-1,,"false"
"2026-10-04T10:13:24Z",479,"Bindon","NFO","0.0","0.0","0.0","0.0",0,0,"0.1",40,0,546,0,0,"0.0","u",0,0,,"false"
"2026-10-04T10:13:24Z",480,"Gibbs-White","NFO","53.3","53.2","53.1","52.9",3,-10,"15.7",80,69427,86203,28,450,"4.3","a",0,0,,"false"
"2026-10-04T10:13:24Z",482,"Hudson-Odoi","NFO","-40.6","-40.6","-40.6","-40.6",-3,0,"0.1",58,276,1188,1,1,"0.0","a",0,-2,,"false"
"2026-10-04T10:13:24Z",483,"Ndoye","NFO","13.8","13.7","13.7","13.7",1,-2,"0.7",55,801,8332,15,316,"1.0","a",0,0,,"false"
"2026-10-04T10:13:24Z",484,"Hutchinson","NFO","0.0","0.0","0.0","0.0",0,0,"0.1",54,0,389,0,0,"0.0","u",0,-1,,"false"
"2026-10-04T10:13:24Z",485,"Bakwa","NFO","0.0","0.0","0.0","0.0",0,0,"0.0",55,0,36,0,0,"0.0","u",0,0,,"false"
"2026-10-04T10:13:24Z",486,"McAtee","NFO","2.3","2.3","2.3","2.3",1,0,"0.1",55,362,932,12,416,"2.3","a",0,0,,"false"
"2026-10-04T10:13:24Z",487,"Dominguez","NFO","-71.0","-71.0","-71.0","-71.0",-3,0,"0.1",49,63,302,1,1,"0.0","a",0,-1,,"false"
"2026-10-04T10:13:24Z",488,"I.Sangaré","NFO","-0.3","-0.3","-0.3","-0.3",-1,0,"0.4",48,318,3213,4,105,"0.7","a",-1,-2,,"false"
"2026-10-04T10:13:24Z",489,"Yates","NFO","-92.7","-92.7","-92.7","-92.7",-3,0,"1.2",45,612,7586,0,0,"0.0","a",0,0,,"false"
"2026-10-04T10:13:24Z",490,"Wood","NFO","-41.8","-41.7","-41.5","-41.3",-3,1,"0.9",58,2142,6715,4,62,"1.0","a",0,-2,,"false"
"2026-10-04T10:13:24Z",491,"Igor Jesus","NFO","-0.1","-0.1","0.0","0.0",-1,2,"2.6",58,7741,23903,12,257,"3.0","a",0,-2,,"false"
"2026-10-04T10:13:24Z",493,"Kalimuendo","NFO","0.0","0.0","0.0","0.0",0,0,"0.1",54,240,433,1,1,"0.0","a",0,-1,,"false"
"2026-10-04T10:13:24Z",558,"Schlager","NFO","0.5","0.5","0.5","0.5",1,0,"0.1",50,229,809,13,376,"2.7","a",0,0,,"false"
"2026-10-04T10:13:24Z",581,"Diomande","NFO","-52.0","-52.0","-52.0","-52.0",-3,0,"0.5",54,1594,2347,7,163,"2.3","a",0,-1,,"false"
"2026-10-04T10:13:24Z",590,"Benda","NFO","0.0","0.0","0.1","0.1",0,1,"0.1",45,131,244,0,0,"0.0","a",0,0,,"false"
"2026-10-04T10:13:24Z",112,"Van Hecke","TOT","-17.1","-17.3","-17.7","-18.0",-1,-29,"6.5",49,19005,33376,24,450,"7.3","d",0,-1,,"false"
"2026-10-04T10:13:24Z",147,"Tosin","TOT","-41.4","-41.4","-41.4","-41.4",-3,0,"0.1",44,107,581,1,5,"0.3","a",0,-1,,"false"
"2026-10-04T10:13:24Z",401,"Marmoush","TOT","39.3","39.3","39.3","39.3",2,0,"2.1",70,12589,22479,8,339,"2.0","a",0,0,,"false"
"2026-10-04T10:13:24Z",403,"Sávio","TOT","11.0","11.0","11.0","11.0",1,0,"0.6",65,3084,7183,8,240,"2.7","a",0,0,,"false"
"2026-10-04T10:13:24Z",455,"Tonali","TOT","-20.7","-20.9","-21.3","-21.7",-2,-8,"1.8",53,2411,15559,14,427,"3.3","a",-1,-2,,"false"
"2026-10-04T10:13:24Z",494,"Vicario","TOT","0.0","0.0","0.0","0.0",0,0,"0.1",45,0,742,0,0,"0.0","u",0,0,,"false"
"2026-10-04T10:13:24Z",495,"Austin","TOT","2.3","2.3","2.3","2.3",1,1,"1.0",40,2011,2240,0,0,"0.0","a",0,0,,"false"
"2026-10-04T10:13:24Z",496,"Kinsky","TOT","-53.1","-53.1","-53.2","-53.2",-3,-7,"17.2",45,19309,114746,18,450,"5.0","a",0,0,,"false"
"2026-10-04T10:13:24Z",497,"Dubravka","TOT","-25.5","-25.5","-25.6","-25.7",-2,-9,"17.1",40,27896,50168,0,0,"0.0","a",0,0,,"false"
"2026-10-04T10:13:24Z",498,"Senesi","TOT","-58.0","-58.2","-58.5","-58.7",-3,-6,"3.5",58,1260,22228,3,90,"0.0","a",0,-2,,"false"
"2026-10-04T10:13:24Z",499,"Pedro Porro","TOT","-32.9","-33.2","-33.7","-34.1",-2,-42,"7.6",54,1738,77785,9,198,"2.7","d",0,-1,,"false"
"2026-10-04T10:13:24Z",500,"Romero","TOT","0.0","0.0","0.0","0.0",0,0,"0.1",50,0,307,0,0,"0.0","u",0,0,,"false"
"2026-10-04T10:13:24Z",502,"Robertson","TOT","0.3","0.3","0.2","0.2",1,-2,"2.5",44,5936,13397,17,366,"4.0","a",0,-1,,"false"
"2026-10-04T10:13:24Z",503,"Van de Ven","TOT","-23.3","-23.3","-23.4","-23.4",-2,-2,"3.8",50,6262,20532,16,360,"5.3","a",0,0,,"false"
"2026-10-04T10:13:24Z",505,"Spence","TOT","0.0","0.0","0.0","0.0",0,0,"0.2",45,0,1252,0,0,"0.0","u",0,0,,"false"
"2026-10-04T10:13:24Z",506,"Udogie","TOT","-22.2","-22.2","-22.2","-22.2",-2,0,"0.3",44,352,1666,7,86,"1.7","a",0,-1,,"false"
"2026-10-04T10:13:24Z",507,"Phillips","TOT","0.0","0.0","0.0","0.0",0,0,"0.0",45,0,55,0,0,"0.0","u",0,0,,"false"
"2026-10-04T10:13:24Z",508,"Davies","TOT","1.7","1.7","1.7","1.7",1,0,"0.9",39,7765,4107,0,0,"0.0","a",-1,-1,,"false"
"2026-10-04T10:13:24Z",509,"Byfield","TOT","-4.4","-4.4","-4.4","-4.4",-1,0,"0.1",40,129,253,0,0,"0.0","a",0,0,,"false"
"2026-10-04T10:13:24Z",510,"Rowswell","TOT","-17.2","-17.2","-17.2","-17.2",-1,0,"0.1",40,166,350,0,0,"0.0","a",0,0,,"false"
"2026-10-04T10:13:24Z",511,"Souza","TOT","0.0","0.0","0.0","0.0",0,0,"0.2",40,0,915,0,0,"0.0","u",0,0,,"false"
"2026-10-04T10:13:24Z",512,"Kudus","TOT","2.2","2.2","2.3","2.3",1,2,"0.2",65,2377,1198,7,123,"2.0","a",0,0,,"false"
"2026-10-04T10:13:24Z",513,"Xavi","TOT","-18.0","-18.0","-18.0","-18.0",-1,0,"0.0",59,54,84,0,0,"0.0","i",0,-1,,"false"
"2026-10-04T10:13:24Z",514,"Tel","TOT","-29.0","-29.0","-29.0","-29.0",-2,0,"0.2",57,204,2023,8,257,"1.3","a",-1,-3,,"false"
"2026-10-04T10:13:24Z",515,"Maddison","TOT","-73.5","-73.5","-73.5","-73.5",-3,0,"0.4",63,799,2036,3,59,"0.7","a",0,-2,,"false"
"2026-10-04T10:13:24Z",516,"Bentancur","TOT","-77.9","-79.6","-82.7","-85.9",-3,-3,"0.2",55,417,769,15,370,"4.0","a",0,0,,"false"
"2026-10-04T10:13:24Z",517,"Odobert","TOT","0.0","0.0","0.0","0.0",0,0,"0.0",55,30,14,0,0,"0.0","i",0,0,,"false"
"2026-10-04T10:13:24Z",518,"P.M.Sarr","TOT","0.0","0.0","0.0","0.0",0,0,"0.1",49,0,705,0,0,"0.0","u",0,-1,,"false"
"2026-10-04T10:13:24Z",519,"Gallagher","TOT","0.1","0.1","0.1","0.1",1,0,"0.2",53,832,679,9,134,"3.0","a",0,-2,,"false"
"2026-10-04T10:13:24Z",520,"Bergvall","TOT","-3.7","-3.7","-3.7","-3.7",-1,0,"0.1",53,109,651,3,78,"0.7","a",-1,-2,,"false"
"2026-10-04T10:13:24Z",521,"Kulusevski","TOT","-81.2","-81.2","-81.2","-81.2",-3,0,"0.0",65,105,77,0,0,"0.0","i",0,0,,"false"
"2026-10-04T10:13:24Z",522,"Gray","TOT","-27.1","-27.1","-27.1","-27.1",-2,0,"0.2",49,479,1263,9,307,"1.7","a",0,-1,,"false"
"2026-10-04T10:13:24Z",523,"Moore","TOT","0.0","0.0","0.0","0.0",0,0,"0.1",50,0,558,3,89,"0.0","u",0,0,,"false"
"2026-10-04T10:13:24Z",524,"Olusesi","TOT","8.1","8.1","8.0","8.0",1,-3,"1.0",44,6161,7822,0,0,"0.0","a",0,-1,,"false"
"2026-10-04T10:13:24Z",525,"Fernandes","TOT","-11.5","-11.6","-11.7","-11.8",-1,-1,"0.8",57,496,6890,7,249,"1.3","a",-1,-3,,"false"
"2026-10-04T10:13:24Z",526,"Solanke","TOT","-32.2","-32.4","-32.9","-33.4",-2,-3,"0.8",58,2081,5927,7,170,"1.7","a",0,-2,,"false"
"2026-10-04T10:13:24Z",527,"Richarlison","TOT","0.0","0.0","0.0","0.0",0,0,"0.6",59,0,6025,2,67,"0.0","u",0,-1,,"false"
"2026-10-04T10:13:24Z",528,"Scarlett","TOT","0.0","0.0","0.0","0.0",0,-2,"1.1",45,0,8323,0,0,"0.0","u",0,0,,"false"
"2026-10-04T10:13:24Z",578,"Mudryk","TOT","-13.0","-13.0","-13.0","-13.0",-1,0,"0.0",53,21,578,1,16,"0.3","i",-1,-2,,"false"
"2026-10-04T10:13:24Z",601,"Williams-Barnett","TOT","-55.0","-55.0","-55.0","-55.0",-3,0,"0.1",45,173,780,0,0,"0.0","a",0,0,,"false"
"2026-10-04T10:13:24Z",501,"Danso","SUN","-85.1","-85.1","-85.1","-85.1",-3,0,"0.2",50,1205,872,3,270,"1.0","a",0,0,,"false"
"2026-10-04T10:13:24Z",529,"Roefs","SUN","-17.4","-17.5","-17.6","-17.7",-1,-2,"2.4",49,2119,12112,11,450,"1.3","a",0,-1,,"false"
"2026-10-04T10:13:24Z",530,"Patterson","SUN","0.0","0.0","0.0","0.0",0,0,"0.1",40,0,368,0,0,"0.0","u",0,0,,"false"
"2026-10-04T10:13:24Z",531,"Ellborg","SUN","0.0","0.0","0.0","0.0",0,0,"0.1",44,144,262,0,0,"0.0","a",-1,-1,,"false"
"2026-10-04T10:13:24Z",532,"Ballard","SUN","-56.7","-56.9","-57.2","-57.4",-3,-8,"2.5",49,3626,18316,14,450,"2.0","d",0,-1,,"false"
"2026-10-04T10:13:24Z",533,"Mukiele","SUN","-17.6","-17.6","-17.6","-17.6",-1,0,"1.9",54,5341,9158,13,360,"1.3","a",0,-1,,"false"
"2026-10-04T10:13:24Z",534,"Hume","SUN","-8.5","-8.5","-8.5","-8.5",-1,0,"2.8",43,1264,30711,10,206,"0.7","a",-1,-2,,"false"
"2026-10-04T10:13:24Z",535,"Alderete","SUN","-7.1","-7.1","-7.1","-7.1",-1,0,"0.2",48,232,1104,1,23,"0.0","a",-1,-2,,"false"
"2026-10-04T10:13:24Z",536,"Reinildo","SUN","-0.2","-0.2","-0.2","-0.2",-1,0,"0.3",44,219,1603,7,360,"0.0","a",-1,-1,,"false"
"2026-10-04T10:13:24Z",537,"Seelt","SUN","0.0","0.0","0.0","0.0",0,0,"0.0",45,0,23,0,0,"0.0","u",0,0,,"false"
"2026-10-04T10:13:24Z",538,"Hjelde","SUN","0.0","0.0","0.0","0.0",0,0,"0.0",40,0,165,0,0,"0.0","u",0,0,,"false"
"2026-10-04T10:13:24Z",539,"O'Nien","SUN","4.3","4.3","4.3","4.3",1,1,"2.5",39,18415,12164,1,66,"0.0","a",-1,-1,,"false"
"2026-10-04T10:13:24Z",540,"Masuaku","SUN","0.0","0.0","0.0","0.0",0,0,"0.1",40,0,649,0,0,"0.0","u",0,0,,"false"
"2026-10-04T10:13:24Z",541,"Meunier","SUN","-33.1","-33.1","-33.1","-33.1",-2,0,"0.3",45,1713,936,14,396,"2.3","a",0,0,,"false"
"2026-10-04T10:13:24Z",542,"E.Le Fée","SUN","-4.6","-4.6","-4.6","-4.6",-1,0,"3.4",57,11977,24994,18,438,"4.3","a",-1,-3,,"false"
"2026-10-04T10:13:24Z",543,"Diarra","SUN","-0.9","-0.9","-0.9","-0.9",-1,0,"0.0",53,20,245,5,28,"0.0","i",-1,-2,,"false"
"2026-10-04T10:13:24Z",544,"Xhaka","SUN","-77.0","-77.1","-77.4","-77.7",-3,-7,"3.6",55,6519,24077,21,450,"2.0","a",0,0,,"false"
"2026-10-04T10:13:24Z",545,"Sadiki","SUN","-77.8","-77.8","-77.8","-77.8",-3,0,"0.2",49,417,1400,10,410,"1.7","a",0,-1,,"false"
"2026-10-04T10:13:24Z",546,"Adingra","SUN","0.0","0.0","0.0","0.0",0,0,"0.0",49,0,191,0,0,"0.0","u",0,-1,,"false"
"2026-10-04T10:13:24Z",547,"Mundle","SUN","-83.4","-83.4","-83.4","-83.4",-3,0,"0.0",49,10,56,1,1,"0.0","i",0,-1,,"false"
"2026-10-04T10:13:24Z",548,"Rigg","SUN","-80.6","-80.6","-80.6","-80.6",-3,0,"0.0",49,34,239,2,17,"0.0","a",0,-1,,"false"
"2026-10-04T10:13:24Z",549,"Talbi","SUN","-31.1","-31.1","-31.1","-31.1",-2,0,"0.1",53,114,589,1,31,"0.0","a",0,-2,,"false"
"2026-10-04T10:13:24Z",550,"Jocelin.T","SUN","-97.0","-97.0","-97.0","-97.0",-4,0,"0.0",50,37,44,0,0,"0.0","a",0,0,,"false"
"2026-10-04T10:13:24Z",551,"N.Angulo","SUN","1.4","1.4","1.4","1.4",1,0,"0.1",50,531,806,16,313,"2.7","a",0,0,,"false"
"2026-10-04T10:13:24Z",552,"Brobbey","SUN","83.8","83.8","83.6","83.5",3,-9,"6.9",57,196653,49719,24,399,"6.7","d",-1,-3,,"false"
"2026-10-04T10:13:24Z",553,"Isidor","SUN","3.2","3.1","3.1","3.0",1,-5,"1.3",55,3542,11933,15,117,"2.0","a",0,0,,"false"
"2026-10-04T10:13:24Z",612,"Methalie","SUN","0.0","0.0","0.0","0.0",0,0,"0.0",45,124,73,-1,90,"-0.3","a",0,0,,"false"
"2026-10-04T10:13:24Z",613,"Ahoka","SUN","-48.2","-48.2","-48.2","-48.2",-3,0,"0.2",45,617,1651,0,0,"0.0","a",0,0,,"false"
"2026-10-04T10:13:24Z",646,"Fofana","SUN","-11.7","-11.7","-11.7","-11.7",-1,0,"0.0",55,342,309,3,60,"1.0","a",0,0,,"false"
"2026-10-04T10:13:24Z",651,"J.Angulo","SUN","5.1","5.1","5.1","5.1",1,-1,"0.7",45,9160,7475,0,0,"0.0","a",0,0,,"false"
"2026-10-04T13:09:58Z",1,"Raya","ARS","1.6","1.7","1.8","1.9",1,16,"42.3",61,132320,51690,30,450,"6.0","a",1,1,,"false"
"2026-10-04T13:09:58Z",2,"Arrizabalaga","ARS","-52.1","-52.1","-52.1","-52.1",-3,0,"0.1",49,114,273,0,0,"0.0","a",0,-1,,"false"
"2026-10-04T13:09:58Z",3,"Meslier","ARS","-40.7","-40.7","-40.7","-40.7",-3,0,"0.0",49,50,129,0,0,"0.0","a",0,-1,,"false"
"2026-10-04T13:09:58Z",4,"Gabriel","ARS","-92.5","-92.5","-92.5","-92.4",-3,7,"22.7",80,26861,69622,25,450,"4.0","a",0,0,,"false"
"2026-10-04T13:09:58Z",5,"J.Timber","ARS","11.9","12.0","12.3","12.6",1,19,"0.4",65,13707,4446,1,104,"0.3","a",0,0,,"false"
"2026-10-04T13:09:58Z",6,"Saliba","ARS","-26.7","-26.7","-26.7","-26.7",-2,0,"0.2",59,426,1164,0,0,"0.0","i",0,-1,,"false"
"2026-10-04T13:09:58Z",7,"Lewis-Skelly","ARS","-17.0","-17.0","-17.0","-17.0",-1,0,"0.6",54,1002,5118,9,271,"1.0","a",-1,-1,,"false"
"2026-10-04T13:09:58Z",8,"Calafiori","ARS","98.7","98.9","99.3","99.7",4,26,"50.5",58,82241,66789,29,416,"3.0","a",0,3,,"false"
"2026-10-04T13:09:58Z",9,"Hincapie","ARS","-6.1","-6.1","-5.9","-5.8",-1,1,"0.9",52,1520,5915,2,32,"0.3","a",-1,-3,,"false"
"2026-10-04T13:09:58Z",10,"White","ARS","-52.3","-52.6","-53.3","-54.1",-3,-42,"4.9",55,3288,70392,21,315,"1.0","d",0,0,,"false"
"2026-10-04T13:09:58Z",11,"Mosquera","ARS","-27.4","-27.5","-27.7","-27.9",-2,-2,"1.6",53,1279,9851,12,168,"0.0","a",0,-2,,"false"
"2026-10-04T13:09:58Z",12,"Saka","ARS","97.7","98.2","99.4","100.7",4,81,"13.8",95,124348,50054,32,416,"4.0","a",0,0,,"false"
"2026-10-04T13:09:58Z",13,"Rice","ARS","-37.0","-37.3","-37.9","-38.6",-2,-85,"11.6",74,7737,89024,20,411,"4.0","d",0,-1,,"false"
"2026-10-04T13:09:58Z",14,"Eze","ARS","-0.4","-0.4","-0.2","-0.1",-1,2,"1.0",62,2725,7092,4,85,"0.7","a",-1,-3,,"false"
"2026-10-04T13:09:58Z",15,"Ødegaard","ARS","0.2","0.5","1.4","2.3",1,57,"19.8",68,83287,92760,29,377,"5.0","a",0,3,,"false"
"2026-10-04T13:09:58Z",16,"Madueke","ARS","-27.2","-27.6","-28.5","-29.4",-2,-1,"0.2",62,772,1617,2,23,"0.3","a",0,-3,,"false"
"2026-10-04T13:09:58Z",17,"Merino","ARS","-0.3","-0.3","-0.3","-0.3",-1,0,"0.4",57,808,2991,4,81,"0.7","a",-1,-3,,"false"
"2026-10-04T13:09:58Z",18,"Martinelli","ARS","0.0","0.0","0.0","0.0",0,0,"0.1",63,0,601,0,0,"0.0","u",0,-2,,"false"
"2026-10-04T13:09:58Z",19,"Zubimendi","ARS","-51.2","-51.6","-52.6","-53.6",-3,-4,"0.6",53,532,3869,5,89,"1.0","a",0,-2,,"false"
"2026-10-04T13:09:58Z",20,"Dowman","ARS","-29.1","-29.1","-29.1","-29.1",-2,0,"0.1",53,474,615,1,9,"0.3","a",0,-2,,"false"
"2026-10-04T13:09:58Z",22,"Nwaneri","ARS","0.0","0.0","0.0","0.0",0,0,"0.0",54,0,53,0,0,"0.0","u",0,-1,,"false"
"2026-10-04T13:09:58Z",23,"Fábio Vieira","ARS","0.0","0.0","0.0","0.0",0,0,"0.0",55,0,44,0,0,"0.0","u",0,0,,"false"
"2026-10-04T13:09:58Z",24,"Nelson","ARS","0.0","0.0","0.0","0.0",0,0,"0.0",55,0,24,0,0,"0.0","u",0,0,,"false"
"2026-10-04T13:09:58Z",25,"Gyökeres","ARS","-1.0","-0.7","-0.1","0.3",-1,23,"3.2",71,14781,17870,2,29,"0.7","a",-1,-4,,"false"
"2026-10-04T13:09:58Z",26,"Havertz","ARS","1.4","0.8","-0.4","-1.4",1,-95,"8.2",76,50785,70108,19,437,"3.7","d",0,1,,"false"
"2026-10-04T13:09:58Z",27,"G.Jesus","ARS","0.0","0.0","0.0","0.0",0,0,"0.1",59,0,1067,0,0,"0.0","u",0,-1,,"false"
"2026-10-04T13:09:58Z",31,"Konsa","ARS","0.9","0.9","1.0","1.0",1,2,"19.4",46,95162,50299,12,281,"3.7","a",1,1,,"false"
"2026-10-04T13:09:58Z",452,"Bruno G.","ARS","0.5","0.6","0.7","0.8",1,8,"1.8",67,6166,8003,9,123,"2.7","a",0,-3,,"false"
"2026-10-04T13:09:58Z",557,"Tzolis","ARS","-8.2","-8.4","-9.1","-9.7",-1,-148,"12.0",63,12437,152132,16,362,"3.3","d",-1,-2,,"false"
"2026-10-04T13:09:58Z",29,"M.Bizot","AVL","-39.9","-39.9","-39.9","-39.9",-2,0,"0.1",45,66,1044,1,90,"0.0","i",0,0,,"false"
"2026-10-04T13:09:58Z",30,"Digne","AVL","0.0","0.0","0.0","0.0",0,0,"0.0",45,0,241,0,0,"0.0","u",0,0,,"false"
"2026-10-04T13:09:58Z",32,"Cash","AVL","-24.5","-24.6","-24.9","-25.2",-2,-8,"4.8",44,2840,26145,6,296,"1.7","a",0,-1,,"false"
"2026-10-04T13:09:58Z",33,"Mings","AVL","0.8","0.8","0.8","0.9",1,2,"0.4",45,1873,1497,10,261,"3.0","a",0,0,,"false"
"2026-10-04T13:09:58Z",34,"Pau","AVL","-0.7","-0.8","-0.9","-1.1",-1,-1,"0.3",44,46,3252,3,187,"0.3","i",-1,-1,,"false"
"2026-10-04T13:09:58Z",35,"Bogarde","AVL","-3.8","-3.8","-3.8","-3.8",-1,0,"0.1",49,177,452,1,16,"0.0","a",-1,-1,,"false"
"2026-10-04T13:09:58Z",36,"Maatsen","AVL","-3.2","-3.4","-3.7","-4.0",-1,-5,"0.5",44,51,6459,9,335,"2.7","i",-1,-1,,"false"
"2026-10-04T13:09:58Z",37,"Lindelöf","AVL","1.0","1.0","1.0","1.0",1,0,"0.3",45,1128,1371,8,450,"2.7","a",0,0,,"false"
"2026-10-04T13:09:58Z",38,"A.García","AVL","-36.7","-36.8","-37.1","-37.4",-2,-3,"1.5",40,1911,6296,0,0,"0.0","a",0,0,,"false"
"2026-10-04T13:09:58Z",39,"Nedeljkovic","AVL","0.0","0.0","0.0","0.0",0,0,"0.1",40,0,592,0,0,"0.0","u",0,0,,"false"
"2026-10-04T13:09:58Z",41,"Buendía","AVL","-35.5","-34.8","-33.4","-31.9",-2,9,"1.0",59,12950,4496,21,401,"5.7","a",0,-1,,"false"
"2026-10-04T13:09:58Z",44,"Bailey","AVL","0.0","0.0","0.0","0.0",0,0,"0.1",54,0,518,0,0,"0.0","u",0,-1,,"false"
"2026-10-04T13:09:58Z",45,"McGinn","AVL","-21.1","-21.0","-20.7","-20.3",-2,5,"2.2",54,7282,9023,17,434,"5.0","a",0,-1,,"false"
"2026-10-04T13:09:58Z",46,"Barkley","AVL","0.5","0.5","0.5","0.5",1,0,"0.3",50,591,1841,10,308,"2.0","a",0,0,,"false"
"2026-10-04T13:09:58Z",47,"Kamara","AVL","-83.4","-83.4","-83.4","-83.4",-3,0,"0.3",50,1382,1641,15,443,"3.7","a",0,0,,"false"
"2026-10-04T13:09:58Z",48,"Onana","AVL","-11.3","-11.3","-11.3","-11.3",-1,0,"0.0",49,43,98,0,0,"0.0","i",0,-1,,"false"
"2026-10-04T13:09:58Z",49,"Iling Jr","AVL","0.0","0.0","0.0","0.0",0,0,"0.0",50,0,11,0,0,"0.0","u",0,0,,"false"
"2026-10-04T13:09:58Z",50,"Burrowes","AVL","-82.9","-82.9","-82.9","-82.9",-3,0,"0.6",45,660,3503,0,0,"0.0","a",0,0,,"false"
"2026-10-04T13:09:58Z",51,"George Hemmings","AVL","14.2","14.1","14.0","14.0",1,-5,"1.2",45,3329,10042,9,297,"1.7","a",0,0,,"false"
"2026-10-04T13:09:58Z",52,"Alysson","AVL","-4.1","-4.1","-4.1","-4.1",-1,0,"0.0",50,69,809,8,87,"2.3","d",0,0,,"false"
"2026-10-04T13:09:58Z",53,"Manzambi","AVL","9.0","9.1","9.1","9.2",1,4,"0.4",59,29104,3615,14,98,"4.7","a",0,-1,,"false"
"2026-10-04T13:09:58Z",54,"Gomes","AVL","0.1","0.1","0.1","0.1",1,0,"0.0",55,490,205,2,129,"1.3","a",0,0,,"false"
"2026-10-04T13:09:58Z",55,"Watkins","AVL","0.0","0.0","0.0","0.0",0,-16,"2.5",78,0,13460,0,0,"0.0","u",0,-2,,"false"
"2026-10-04T13:09:58Z",56,"Abraham","AVL","3.6","3.6","3.6","3.6",1,0,"0.2",55,1796,1799,4,71,"1.0","a",0,0,,"false"
"2026-10-04T13:09:58Z",160,"Garnacho","AVL","-69.6","-69.6","-69.6","-69.6",-3,0,"0.3",58,576,2858,3,31,"0.3","a",0,-2,,"false"
"2026-10-04T13:09:58Z",166,"N.Jackson","AVL","55.0","55.2","55.7","56.2",3,32,"1.5",65,38804,8638,10,286,"2.7","a",0,0,,"false"
"2026-10-04T13:09:58Z",582,"Madjo","AVL","-26.2","-26.2","-26.2","-26.2",-2,0,"0.2",54,262,1850,0,0,"0.0","i",0,-1,,"false"
"2026-10-04T13:09:58Z",596,"Ruggeri","AVL","-74.3","-72.3","-67.6","-62.9",-3,3,"0.1",45,582,354,5,113,"1.3","a",0,0,,"false"
"2026-10-04T13:09:58Z",597,"Suzuki","AVL","31.1","31.1","31.1","31.1",2,2,"1.9",50,14191,6929,16,360,"4.7","a",0,0,,"false"
"2026-10-04T13:09:58Z",606,"Rowe","AVL","0.1","0.1","0.1","0.1",1,0,"0.2",40,329,928,0,0,"0.0","a",0,0,,"false"
"2026-10-04T13:09:58Z",607,"Lynch","AVL","0.0","0.0","0.0","0.0",0,-1,"0.1",45,0,729,0,0,"0.0","u",0,0,,"false"
"2026-10-04T13:09:58Z",611,"Wan-Bissaka","AVL","2.2","2.2","2.2","2.2",1,0,"0.2",45,1507,1488,6,152,"1.7","a",0,0,,"false"
"2026-10-04T13:09:58Z",618,"Goretzka","AVL","-43.7","-44.9","-47.7","-50.4",-3,-1,"0.0",59,27,429,0,0,"0.0","i",0,-1,,"false"
"2026-10-04T13:09:58Z",630,"Harwood-Bellis","AVL","0.0","0.0","0.0","0.0",0,0,"0.0",45,204,196,0,0,"0.0","a",0,0,,"false"
"2026-10-04T13:09:58Z",631,"Mbaye","AVL","0.3","0.3","0.3","0.3",1,0,"0.1",60,947,1154,2,33,"0.7","a",0,0,,"false"
"2026-10-04T13:09:58Z",667,"Wright","AVL","0.1","0.1","0.1","0.2",1,4,"0.1",40,7566,926,0,0,"0.0","a",0,0,,"false"
"2026-10-04T13:09:58Z",57,"Petrović","BOU","0.2","0.2","0.1","0.1",1,-3,"3.0",45,6704,12347,9,450,"1.3","a",0,0,,"false"
"2026-10-04T13:09:58Z",58,"Forster","BOU","4.8","4.8","4.8","4.8",1,0,"3.5",40,8541,7660,0,0,"0.0","a",0,0,,"false"
"2026-10-04T13:09:58Z",59,"Dennis","BOU","0.0","0.0","0.0","0.0",0,0,"0.1",40,0,578,0,0,"0.0","u",0,0,,"false"
"2026-10-04T13:09:58Z",60,"Hill","BOU","-33.7","-33.7","-33.7","-33.7",-2,0,"0.8",55,3388,3247,12,450,"2.3","a",0,0,,"false"
"2026-10-04T13:09:58Z",61,"Truffert","BOU","-1.6","-1.6","-1.8","-1.9",-1,-4,"3.0",54,4891,12758,10,450,"1.7","a",-1,-1,,"false"
"2026-10-04T13:09:58Z",62,"Diakité","BOU","-6.0","-6.0","-6.0","-6.0",-1,0,"0.2",49,491,998,0,0,"0.0","a",-1,-1,,"false"
"2026-10-04T13:09:58Z",63,"Milosavljević","BOU","-3.5","-3.5","-3.5","-3.5",-1,0,"0.0",49,35,49,0,0,"0.0","i",0,-1,,"false"
"2026-10-04T13:09:58Z",64,"Smith","BOU","0.3","0.3","0.3","0.3",1,0,"0.1",45,418,507,4,434,"0.7","a",0,0,,"false"
"2026-10-04T13:09:58Z",65,"J.Araujo","BOU","-12.5","-12.5","-12.5","-12.5",-1,0,"0.0",44,42,57,0,0,"0.0","i",0,-1,,"false"
"2026-10-04T13:09:58Z",66,"Soler","BOU","1.4","1.4","1.4","1.4",1,0,"0.3",40,765,1165,0,0,"0.0","a",0,0,,"false"
"2026-10-04T13:09:58Z",67,"Rayan","BOU","-10.3","-10.3","-10.3","-10.3",-1,0,"1.6",63,4281,10095,10,434,"2.0","a",-1,-2,,"false"
"2026-10-04T13:09:58Z",68,"Tavernier","BOU","32.5","32.6","32.8","33.1",2,17,"6.8",61,87688,46803,31,424,"6.7","a",0,1,,"false"
"2026-10-04T13:09:58Z",69,"Scott","BOU","0.4","0.4","0.4","0.3",1,-2,"5.8",61,25503,40091,30,446,"5.3","a",0,1,,"false"
"2026-10-04T13:09:58Z",70,"Kluivert","BOU","-59.6","-59.8","-60.4","-61.0",-3,-9,"0.9",60,2303,18943,15,294,"3.0","i",0,0,,"false"
"2026-10-04T13:09:58Z",71,"Cook","BOU","-13.5","-13.5","-13.5","-13.5",-1,0,"0.2",50,280,1189,8,180,"0.7","a",0,0,,"false"
"2026-10-04T13:09:58Z",72,"Gannon-Doak","BOU","-67.9","-67.9","-67.9","-67.9",-3,0,"0.1",49,151,398,4,12,"1.0","a",0,-1,,"false"
"2026-10-04T13:09:58Z",73,"Adams","BOU","1.6","1.6","1.6","1.6",1,0,"0.3",50,1150,1710,12,279,"3.3","a",0,0,,"false"
"2026-10-04T13:09:58Z",74,"Brooks","BOU","-21.0","-21.0","-21.0","-21.0",-2,0,"0.1",50,188,340,3,45,"0.7","a",0,0,,"false"
"2026-10-04T13:09:58Z",75,"Christie","BOU","0.4","0.4","0.4","0.4",1,0,"0.0",50,308,259,5,102,"1.3","a",0,0,,"false"
"2026-10-04T13:09:58Z",76,"Tóth.A","BOU","-12.2","-12.2","-12.2","-12.2",-1,0,"0.0",49,28,56,2,17,"0.3","a",0,-1,,"false"
"2026-10-04T13:09:58Z",77,"Adli","BOU","-87.2","-87.2","-87.2","-87.2",-3,0,"0.0",49,26,78,0,0,"0.0","i",0,-1,,"false"
"2026-10-04T13:09:58Z",78,"Kroupi.Jr","BOU","-79.4","-79.4","-79.4","-79.4",-3,0,"0.2",74,205,915,0,0,"0.0","i",0,-1,,"false"
"2026-10-04T13:09:58Z",79,"Evanilson","BOU","53.5","53.6","53.8","54.0",3,13,"3.2",60,19280,21881,18,424,"3.0","a",0,0,,"false"
"2026-10-04T13:09:58Z",80,"Enes Ünal","BOU","0.0","0.0","0.0","0.0",0,0,"0.0",55,0,52,0,0,"0.0","u",0,0,,"false"
"2026-10-04T13:09:58Z",81,"Rodríguez","BOU","-32.0","-31.3","-29.8","-28.3",-2,1,"0.1",60,844,750,2,10,"0.3","a",0,0,,"false"
"2026-10-04T13:09:58Z",566,"Silva","BOU","1.5","1.5","1.6","1.6",1,3,"0.4",50,7129,4066,13,450,"2.3","a",0,0,,"false"
"2026-10-04T13:09:58Z",573,"Sanchez","BOU","-13.5","-13.5","-13.5","-13.5",-1,0,"0.2",44,158,455,0,0,"0.0","a",0,-1,,"false"
"2026-10-04T13:09:58Z",608,"Jebbison","BOU","0.6","0.6","0.6","0.7",1,2,"0.1",50,949,934,3,31,"0.7","a",0,0,,"false"
"2026-10-04T13:09:58Z",615,"Di Gregorio","BOU","-29.7","-29.7","-29.7","-29.7",-2,0,"0.0",45,189,200,0,0,"0.0","a",0,0,,"false"
"2026-10-04T13:09:58Z",82,"Kelleher","BRE","21.4","21.4","21.4","21.4",2,2,"6.1",50,20856,14345,20,450,"3.7","a",0,0,,"false"
"2026-10-04T13:09:58Z",83,"Valdimarsson","BRE","-77.8","-77.8","-77.8","-77.8",-3,0,"0.1",45,315,352,0,0,"0.0","a",0,0,,"false"
"2026-10-04T13:09:58Z",84,"Collins","BRE","-31.0","-31.4","-32.2","-33.0",-2,-14,"0.9",54,125,9848,10,196,"0.3","i",0,-1,,"false"
"2026-10-04T13:09:58Z",85,"Van den Berg","BRE","-85.0","-85.0","-85.0","-85.0",-3,0,"0.1",49,40,370,0,0,"0.0","i",0,-1,,"false"
"2026-10-04T13:09:58Z",86,"Lewis-Potter","BRE","33.5","33.5","33.3","33.2",2,-8,"1.7",55,3851,12386,22,406,"2.0","a",0,0,,"false"
"2026-10-04T13:09:58Z",87,"Ajer","BRE","32.1","32.1","32.1","32.1",2,0,"3.9",45,11860,23616,21,450,"3.3","a",0,0,,"false"
"2026-10-04T13:09:58Z",88,"Kayode","BRE","-39.3","-39.3","-39.4","-39.5",-2,-4,"7.6",46,14186,22300,23,294,"2.7","a",0,1,,"false"
"2026-10-04T13:09:58Z",89,"Henry","BRE","-16.9","-16.9","-16.9","-16.9",-1,0,"0.2",44,166,620,1,2,"0.0","a",0,-1,,"false"
"2026-10-04T13:09:58Z",90,"Hickey","BRE","-30.6","-30.6","-30.6","-30.6",-2,0,"0.1",45,192,260,5,152,"1.0","a",0,0,,"false"
"2026-10-04T13:09:58Z",92,"Ji-soo","BRE","-5.1","-5.1","-5.1","-5.1",-1,0,"0.0",44,62,91,0,0,"0.0","a",-1,-1,,"false"
"2026-10-04T13:09:58Z",93,"Schuster","BRE","5.6","5.6","5.6","5.7",1,4,"0.3",45,15888,2543,21,253,"7.0","a",0,0,,"false"
"2026-10-04T13:09:58Z",94,"Schade","BRE","16.3","16.9","18.2","19.4",1,223,"11.8",62,410654,27566,39,447,"8.7","a",1,2,,"false"
"2026-10-04T13:09:58Z",95,"O.Dango","BRE","-52.5","-53.0","-54.2","-55.4",-3,-4,"0.5",63,865,3840,7,179,"1.0","a",0,-2,,"false"
"2026-10-04T13:09:58Z",96,"Damsgaard","BRE","-4.1","-4.7","-5.9","-7.1",-1,-6,"0.4",54,1788,2212,16,283,"4.0","d",0,-1,,"false"
"2026-10-04T13:09:58Z",97,"Jensen","BRE","-60.4","-60.4","-60.4","-60.4",-3,0,"0.1",54,20,677,6,66,"0.0","i",0,-1,,"false"
"2026-10-04T13:09:58Z",98,"Janelt","BRE","81.1","81.1","81.0","81.0",3,-4,"2.5",50,20562,18737,28,450,"6.0","a",0,0,,"false"
"2026-10-04T13:09:58Z",99,"Milambo","BRE","-43.0","-43.0","-43.0","-43.0",-3,0,"0.0",50,7,7,0,0,"0.0","i",0,0,,"false"
"2026-10-04T13:09:58Z",100,"Carvalho","BRE","0.3","0.3","0.3","0.3",1,0,"0.0",50,620,180,6,3,"2.0","a",0,0,,"false"
"2026-10-04T13:09:58Z",102,"Yarmoliuk","BRE","-19.1","-19.3","-19.7","-20.0",-1,-2,"0.6",48,1411,3447,9,216,"2.3","a",0,-2,,"false"
"2026-10-04T13:09:58Z",103,"Dasilva","BRE","-65.5","-65.5","-65.5","-65.5",-3,0,"0.0",49,10,108,0,0,"0.0","i",0,-1,,"false"
"2026-10-04T13:09:58Z",105,"Anthony","BRE","0.9","0.9","0.9","1.0",1,3,"0.1",59,2455,650,15,267,"4.0","a",0,-1,,"false"
"2026-10-04T13:09:58Z",106,"Thiago","BRE","12.3","12.6","13.4","14.1",1,48,"9.1",78,62537,40216,10,442,"2.7","a",0,-2,,"false"
"2026-10-04T13:09:58Z",107,"Furo","BRE","-6.9","-7.0","-7.3","-7.6",-1,-5,"0.9",45,650,9862,0,0,"0.0","i",0,0,,"false"
"2026-10-04T13:09:58Z",108,"Wilson","BRE","-12.3","-12.0","-11.3","-10.5",-1,2,"0.3",54,1286,2548,3,13,"0.3","a",-1,-1,,"false"
"2026-10-04T13:09:58Z",565,"M.Sangaré","BRE","-34.2","-34.4","-34.7","-35.1",-2,-40,"9.9",56,8762,142827,22,321,"1.3","a",-1,1,,"false"
"2026-10-04T13:09:58Z",620,"Diouf","BRE","-37.4","-37.4","-37.4","-37.4",-2,0,"0.1",45,493,704,2,39,"0.7","a",0,0,,"false"
"2026-10-04T13:09:58Z",657,"Nunes","BRE","0.0","0.0","0.0","0.0",0,0,"0.0",45,362,277,0,0,"0.0","a",0,0,,"false"
"2026-10-04T13:09:58Z",660,"Fredrick","BRE","0.0","0.0","0.0","0.0",0,0,"0.0",40,546,72,0,0,"0.0","a",0,0,,"false"
"2026-10-04T13:09:58Z",661,"Balcombe","BRE","0.0","0.0","0.1","0.1",0,2,"0.0",40,2997,581,0,0,"0.0","a",0,0,,"false"
"2026-10-04T13:09:58Z",109,"Verbruggen","BHA","67.1","67.2","67.2","67.3",3,5,"21.6",45,76280,75733,23,450,"5.7","a",0,0,,"false"
"2026-10-04T13:09:58Z",111,"Steele","BHA","-1.0","-1.1","-1.3","-1.5",-1,-5,"4.1",40,7452,15442,0,0,"0.0","a",0,0,,"false"
"2026-10-04T13:09:58Z",113,"F.Kadıoğlu","BHA","-62.7","-62.7","-62.7","-62.7",-3,0,"1.6",44,4234,7270,13,332,"4.3","a",0,-1,,"false"
"2026-10-04T13:09:58Z",114,"Boscagli","BHA","2.9","2.9","2.9","2.9",1,2,"0.3",45,2190,841,19,437,"4.7","a",0,0,,"false"
"2026-10-04T13:09:58Z",115,"De Cuyper","BHA","3.8","4.1","4.7","5.3",1,106,"27.9",50,311735,23417,38,423,"7.0","a",1,5,,"false"
"2026-10-04T13:09:58Z",116,"Dunk","BHA","20.6","20.5","20.3","20.2",2,-12,"1.5",45,7665,10588,22,360,"5.7","d",0,0,,"false"
"2026-10-04T13:09:58Z",117,"Coppola","BHA","-12.4","-12.4","-12.4","-12.4",-1,0,"0.0",45,113,102,0,0,"0.0","a",0,0,,"false"
"2026-10-04T13:09:58Z",118,"Igor","BHA","0.0","0.0","0.0","0.0",0,0,"0.0",45,0,307,0,0,"0.0","u",0,0,,"false"
"2026-10-04T13:09:58Z",119,"Costinha","BHA","0.0","0.0","0.0","0.0",0,0,"0.0",45,175,139,4,68,"1.0","a",0,0,,"false"
"2026-10-04T13:09:58Z",120,"Svoboda","BHA","0.5","0.5","0.5","0.5",1,0,"0.1",50,1353,477,1,4,"0.3","a",0,0,,"false"
"2026-10-04T13:09:58Z",121,"Mitoma","BHA","-26.0","-26.0","-26.0","-26.0",-2,0,"0.0",59,138,185,0,0,"0.0","i",0,-1,,"false"
"2026-10-04T13:09:58Z",122,"Minteh","BHA","-6.1","-6.1","-6.1","-6.1",-1,0,"0.0",58,47,240,0,0,"0.0","i",-1,-2,,"false"
"2026-10-04T13:09:58Z",123,"Hinshelwood","BHA","-42.5","-42.7","-43.2","-43.7",-3,-5,"0.6",59,289,7085,16,63,"0.0","i",0,-1,,"false"
"2026-10-04T13:09:58Z",124,"Groß","BHA","0.7","1.5","3.5","5.5",1,343,"29.3",59,820790,13108,47,450,"10.7","a",2,4,,"false"
"2026-10-04T13:09:58Z",125,"Georginio","BHA","-0.1","-0.6","-1.7","-2.7",-1,-5,"0.5",53,2803,4010,6,104,"0.3","a",-1,-2,,"false"
"2026-10-04T13:09:58Z",126,"O'Riley","BHA","-8.8","-8.8","-8.8","-8.8",-1,0,"0.1",54,443,584,2,10,"0.7","a",0,-1,,"false"
"2026-10-04T13:09:58Z",127,"Gomez","BHA","32.2","32.2","32.1","32.0",2,-4,"3.9",50,12715,39997,24,433,"4.3","a",0,0,,"false"
"2026-10-04T13:09:58Z",128,"Buonanotte","BHA","0.0","0.0","0.0","0.0",0,0,"0.0",50,0,7,0,0,"0.0","u",0,0,,"false"
"2026-10-04T13:09:58Z",129,"Ayari","BHA","-46.5","-45.8","-44.0","-42.3",-3,4,"0.4",54,2471,2102,15,333,"4.3","a",0,-1,,"false"
"2026-10-04T13:09:58Z",130,"Wieffer","BHA","-33.4","-33.4","-33.4","-33.4",-2,0,"0.2",49,34,2071,7,156,"0.0","i",0,-1,,"false"
"2026-10-04T13:09:58Z",132,"Howell","BHA","0.0","0.0","0.0","0.0",0,0,"0.0",45,0,215,0,0,"0.0","u",0,0,,"false"
"2026-10-04T13:09:58Z",133,"Watson","BHA","0.0","0.0","0.0","0.0",0,0,"0.0",50,0,5,0,0,"0.0","u",0,0,,"false"
"2026-10-04T13:09:58Z",134,"Oriola","BHA","-85.8","-85.8","-85.8","-85.8",-3,0,"0.2",45,367,1384,0,0,"0.0","a",0,0,,"false"
"2026-10-04T13:09:58Z",135,"Yohanna","BHA","-1.5","-1.5","-1.5","-1.5",-1,0,"0.0",48,26,403,1,12,"0.0","i",-1,-2,,"false"
"2026-10-04T13:09:58Z",137,"Tzimas","BHA","-4.1","-8.4","-18.9","-29.3",-1,-1,"0.0",54,39,56,0,0,"0.0","i",0,-1,,"false"
"2026-10-04T13:09:58Z",138,"Kostoulas","BHA","23.3","23.8","24.9","26.0",2,194,"4.4",56,329079,20928,28,353,"7.3","a",1,1,,"false"
"2026-10-04T13:09:58Z",139,"Ferguson","BHA","-61.3","-61.3","-61.3","-61.3",-3,0,"0.0",50,145,268,0,0,"0.0","i",0,0,,"false"
"2026-10-04T13:09:58Z",328,"Struijk","BHA","-9.5","-9.5","-9.5","-9.5",-1,0,"0.2",49,646,945,7,98,"2.3","d",0,-1,,"false"
"2026-10-04T13:09:58Z",504,"Vuskovic","BHA","59.1","59.3","59.7","60.1",3,28,"3.7",50,60655,14386,32,437,"8.7","a",0,0,,"false"
"2026-10-04T13:09:58Z",594,"David","BHA","0.7","0.7","0.7","0.7",1,0,"0.2",59,3314,2283,1,23,"0.0","a",-1,-1,,"false"
"2026-10-04T13:09:58Z",600,"Osman","BHA","-70.8","-70.8","-70.8","-70.8",-3,0,"0.0",50,118,129,3,40,"0.3","a",0,0,,"false"
"2026-10-04T13:09:58Z",605,"Yalcouyé","BHA","56.1","56.1","56.1","56.1",3,2,"4.0",45,27042,34273,20,236,"3.7","a",0,0,,"false"
"2026-10-04T13:09:58Z",614,"Hadjam","BHA","-5.0","-5.0","-5.0","-5.0",-1,0,"0.0",45,257,260,0,0,"0.0","a",0,0,,"false"
"2026-10-04T13:09:58Z",624,"Cozier-Duberry","BHA","0.0","0.0","0.0","0.0",0,0,"0.0",50,0,5,0,0,"0.0","u",0,0,,"false"
"2026-10-04T13:09:58Z",639,"Andrés","BHA","1.5","1.5","1.6","1.6",1,2,"0.0",55,2850,333,12,109,"4.0","a",0,0,,"false"
"2026-10-04T13:09:58Z",652,"Azeez","BHA","-32.6","-32.6","-32.6","-32.6",-2,0,"0.0",55,19,46,0,0,"0.0","i",0,0,,"false"
"2026-10-04T13:09:58Z",658,"Ibrahim","BHA","0.0","0.0","0.0","0.0",0,0,"0.0",45,319,221,0,0,"0.0","a",0,0,,"false"
"2026-10-04T13:09:58Z",28,"Martinez","CHE","-6.8","-6.8","-6.9","-6.9",-1,-2,"4.7",50,8159,22772,9,360,"2.3","a",0,0,,"false"
"2026-10-04T13:09:58Z",40,"Rogers","CHE","93.4","93.9","95.2","96.4",3,81,"40.6",77,159174,73530,29,437,"5.3","a",0,2,,"false"
"2026-10-04T13:09:58Z",101,"Henderson","CHE","0.0","0.0","0.0","0.0",0,0,"0.0",49,532,168,2,90,"0.7","a",0,-1,,"false"
"2026-10-04T13:09:58Z",136,"Welbeck","CHE","7.2","7.1","7.1","7.0",1,-5,"1.0",59,8151,9642,4,85,"1.3","a",0,-1,,"false"
"2026-10-04T13:09:58Z",140,"Sánchez","CHE","0.0","0.0","0.0","0.0",0,-3,"0.7",49,0,5070,2,90,"0.0","u",0,-1,,"false"
"2026-10-04T13:09:58Z",141,"Jörgensen","CHE","0.0","0.0","0.0","0.0",0,0,"0.0",50,0,33,0,0,"0.0","u",0,0,,"false"
"2026-10-04T13:09:58Z",142,"James","CHE","-0.1","-0.3","-0.6","-0.9",-1,-34,"5.8",53,664,80784,3,292,"0.7","d",-1,-2,,"false"
"2026-10-04T13:09:58Z",143,"Chalobah","CHE","0.0","0.0","0.0","0.0",0,0,"0.1",55,0,342,0,0,"0.0","u",0,0,,"false"
"2026-10-04T13:09:58Z",144,"Gusto","CHE","-3.8","-3.9","-4.2","-4.5",-1,-3,"0.9",49,1638,7071,4,272,"0.7","a",-1,-1,,"false"
"2026-10-04T13:09:58Z",145,"Fofana","CHE","4.9","4.9","4.9","4.9",1,2,"0.2",50,2653,1367,8,312,"2.7","a",0,0,,"false"
"2026-10-04T13:09:58Z",146,"B.Badiashile","CHE","0.0","0.0","0.0","0.0",0,0,"0.0",45,0,45,0,0,"0.0","u",0,0,,"false"
"2026-10-04T13:09:58Z",148,"Hato","CHE","13.0","13.0","12.9","12.9",1,-5,"0.8",45,873,7575,8,258,"1.0","a",0,0,,"false"
"2026-10-04T13:09:58Z",149,"Colwill","CHE","-10.5","-10.5","-10.5","-10.5",-1,0,"0.9",48,1145,5597,3,341,"0.7","a",-1,-2,,"false"
"2026-10-04T13:09:58Z",150,"M.Sarr","CHE","0.0","0.0","0.0","0.0",0,0,"0.0",45,0,177,0,0,"0.0","u",0,0,,"false"
"2026-10-04T13:09:58Z",151,"Acheampong","CHE","-13.0","-13.4","-14.5","-15.6",-1,-2,"0.3",45,441,2024,5,221,"0.3","a",0,0,,"false"
"2026-10-04T13:09:58Z",152,"Palestra","CHE","-2.3","-2.5","-3.0","-3.4",-1,-3,"0.6",53,250,4046,0,0,"0.0","d",0,-2,,"false"
"2026-10-04T13:09:58Z",154,"Palmer","CHE","-16.5","-17.1","-18.4","-19.7",-1,-160,"25.5",97,50504,180102,28,442,"2.7","d",0,2,,"false"
"2026-10-04T13:09:58Z",156,"Neto","CHE","-7.0","-6.9","-6.8","-6.7",-1,1,"1.4",65,5590,9964,14,332,"2.0","a",0,0,,"false"
"2026-10-04T13:09:58Z",157,"Estêvão","CHE","-33.9","-33.8","-33.6","-33.3",-2,1,"0.7",63,1910,4470,4,23,"1.0","a",0,-2,,"false"
"2026-10-04T13:09:58Z",158,"Gittens","CHE","-4.4","-4.4","-4.4","-4.4",-1,0,"0.0",58,159,265,0,0,"0.0","d",-1,-2,,"false"
"2026-10-04T13:09:58Z",159,"Caicedo","CHE","-3.5","-3.6","-3.8","-3.9",-1,-2,"1.0",53,429,9303,1,13,"0.0","d",0,-2,,"false"
"2026-10-04T13:09:58Z",161,"Lavia","CHE","4.8","4.8","4.8","4.8",1,0,"0.2",50,457,2527,11,258,"1.0","a",0,0,,"false"
"2026-10-04T13:09:58Z",163,"D.Essugo","CHE","0.0","0.0","0.0","0.0",0,0,"0.1",45,0,751,0,0,"0.0","u",0,0,,"false"
"2026-10-04T13:09:58Z",164,"Quenda","CHE","-28.9","-28.9","-28.9","-28.9",-2,0,"0.0",53,76,186,2,27,"0.3","a",0,-2,,"false"
"2026-10-04T13:09:58Z",165,"João Pedro","CHE","-2.2","-2.3","-2.4","-2.5",-1,-162,"65.0",77,67870,408128,33,360,"4.3","d",-1,2,,"false"
"2026-10-04T13:09:58Z",168,"Marc Guiu","CHE","0.0","0.0","0.0","0.0",0,0,"0.2",50,0,1614,0,0,"0.0","u",0,0,,"false"
"2026-10-04T13:09:58Z",169,"Mheuka","CHE","4.7","4.6","4.6","4.5",1,-4,"0.5",45,4715,3676,0,0,"0.0","a",0,0,,"false"
"2026-10-04T13:09:58Z",170,"Emegha","CHE","-0.9","-1.1","-1.6","-2.2",-1,-2,"0.1",49,89,1136,0,0,"0.0","i",-1,-1,,"false"
"2026-10-04T13:09:58Z",200,"Lacroix","CHE","-7.7","-7.8","-7.8","-7.9",-1,-4,"6.8",59,8514,30433,13,364,"2.0","a",-1,-1,,"false"
"2026-10-04T13:09:58Z",560,"Penders","CHE","-1.0","-1.0","-1.0","-1.0",-1,0,"0.1",44,249,308,0,0,"0.0","a",0,-1,,"false"
"2026-10-04T13:09:58Z",561,"Anselmino","CHE","-1.7","-1.7","-1.7","-1.7",-1,0,"0.0",45,69,110,0,0,"0.0","a",0,0,,"false"
"2026-10-04T13:09:58Z",568,"Barco","CHE","-15.4","-15.4","-15.4","-15.4",-1,0,"0.1",54,245,469,3,115,"0.7","a",0,-1,,"false"
"2026-10-04T13:09:58Z",583,"Chavarria","CHE","-52.5","-52.5","-52.5","-52.5",-3,0,"0.1",49,445,575,5,208,"1.0","a",0,-1,,"false"
"2026-10-04T13:09:58Z",662,"Nicoll-Jazuli","CHE","-1.1","-1.1","-1.1","-1.1",-1,0,"0.0",45,345,77,1,3,"1.0","a",0,0,,"false"
"2026-10-04T13:09:58Z",91,"Pinnock","COV","-74.3","-74.3","-74.3","-74.3",-3,0,"0.1",45,421,239,14,282,"4.3","a",0,0,,"false"
"2026-10-04T13:09:58Z",104,"Onyeka","COV","-35.7","-35.7","-35.7","-35.7",-2,0,"0.1",49,182,471,9,314,"2.3","a",0,-1,,"false"
"2026-10-04T13:09:58Z",110,"Rushworth","COV","-60.6","-60.6","-60.6","-60.6",-3,0,"0.8",45,2706,6108,16,450,"4.3","a",0,0,,"false"
"2026-10-04T13:09:58Z",171,"Dovin","COV","0.0","0.0","0.0","0.0",0,-1,"1.0",40,0,5000,0,0,"0.0","u",0,0,,"false"
"2026-10-04T13:09:58Z",172,"Wilson","COV","-6.6","-6.6","-6.6","-6.6",-1,0,"0.4",44,252,720,0,0,"0.0","a",0,-1,,"false"
"2026-10-04T13:09:58Z",173,"Thomas","COV","18.0","18.0","18.1","18.2",1,6,"8.5",40,27945,33555,24,437,"4.3","a",0,0,,"false"
"2026-10-04T13:09:58Z",174,"Kitching","COV","0.0","0.0","0.0","0.0",0,-1,"0.3",40,0,1922,0,0,"0.0","u",0,0,,"false"
"2026-10-04T13:09:58Z",175,"van Ewijk","COV","-51.6","-51.6","-51.7","-51.9",-3,-10,"8.7",40,1194,79274,6,360,"1.0","d",0,0,,"false"
"2026-10-04T13:09:58Z",176,"Dasilva","COV","-29.9","-29.5","-28.3","-27.2",-2,5,"0.7",40,6898,1922,20,444,"5.7","a",0,0,,"false"
"2026-10-04T13:09:58Z",177,"Kesler-Hayden","COV","0.2","0.2","0.2","0.2",1,0,"0.0",39,1070,594,0,0,"0.0","i",-1,-1,,"false"
"2026-10-04T13:09:58Z",178,"Bidwell","COV","-31.7","-31.7","-31.7","-31.7",-2,0,"0.1",40,187,313,0,0,"0.0","a",0,0,,"false"
"2026-10-04T13:09:58Z",179,"Latibeaudiere","COV","-79.7","-79.7","-79.7","-79.7",-3,0,"0.0",40,76,142,1,1,"0.3","a",0,0,,"false"
"2026-10-04T13:09:58Z",180,"Woolfenden","COV","0.0","-0.2","-0.5","-0.9",-1,-1,"0.1",39,43,534,0,0,"0.0","i",-1,-1,,"false"
"2026-10-04T13:09:58Z",181,"Brau","COV","0.0","0.0","0.0","0.0",0,0,"0.0",40,0,105,0,0,"0.0","u",0,0,,"false"
"2026-10-04T13:09:58Z",182,"Amenda","COV","-57.6","-57.7","-58.0","-58.2",-3,-3,"0.6",40,40,7077,4,360,"0.7","i",0,0,,"false"
"2026-10-04T13:09:58Z",183,"Rudoni","COV","0.1","0.1","0.1","0.1",1,0,"0.1",49,961,711,13,297,"3.0","a",0,-1,,"false"
"2026-10-04T13:09:58Z",184,"Grimes","COV","-30.5","-30.5","-30.5","-30.5",-2,0,"0.1",49,194,900,11,443,"2.3","a",0,-1,,"false"
"2026-10-04T13:09:58Z",185,"Sakamoto","COV","-24.2","-24.2","-24.2","-24.2",-2,0,"0.1",48,131,397,1,31,"0.0","a",0,-2,,"false"
"2026-10-04T13:09:58Z",186,"Mason-Clark","COV","-2.4","-2.4","-2.4","-2.4",-1,0,"0.1",53,76,367,5,231,"1.3","a",-1,-2,,"false"
"2026-10-04T13:09:58Z",187,"Eccles","COV","-4.7","-4.7","-4.7","-4.7",-1,0,"0.0",48,21,92,0,0,"0.0","i",-1,-2,,"false"
"2026-10-04T13:09:58Z",188,"Torp","COV","-12.5","-12.5","-12.5","-12.5",-1,0,"0.1",53,43,453,3,53,"0.3","a",-1,-2,,"false"
"2026-10-04T13:09:58Z",189,"Shepherd","COV","0.8","0.8","0.8","0.8",1,0,"0.3",44,4155,2336,0,0,"0.0","a",0,-1,,"false"
"2026-10-04T13:09:58Z",190,"Tchaouna","COV","-85.8","-85.8","-85.8","-85.8",-3,0,"0.1",54,26,361,5,211,"0.7","a",0,-1,,"false"
"2026-10-04T13:09:58Z",191,"Borges Rodrigues","COV","0.0","0.0","0.0","0.0",0,-2,"0.1",45,0,711,0,0,"0.0","u",0,0,,"false"
"2026-10-04T13:09:58Z",192,"Andrews","COV","0.0","0.0","0.0","0.0",0,0,"0.3",45,0,2067,0,0,"0.0","u",0,0,,"false"
"2026-10-04T13:09:58Z",193,"Wright","COV","-0.7","-1.0","-1.6","-2.1",-1,-1,"0.1",53,50,585,0,0,"0.0","i",-1,-2,,"false"
"2026-10-04T13:09:58Z",194,"Thomas-Asante","COV","3.0","3.0","3.1","3.1",1,2,"0.8",50,8634,6195,9,227,"2.0","a",0,0,,"false"
"2026-10-04T13:09:58Z",195,"Simms","COV","0.0","0.0","0.0","0.0",0,1,"0.6",49,2075,5459,4,104,"0.7","a",-1,-1,,"false"
"2026-10-04T13:09:58Z",196,"Markelo","COV","0.0","0.0","0.0","0.0",0,0,"0.0",50,0,61,0,0,"0.0","u",0,0,,"false"
"2026-10-04T13:09:58Z",197,"Bassette","COV","0.0","0.0","0.0","0.0",0,0,"0.0",45,0,153,0,0,"0.0","u",0,0,,"false"
"2026-10-04T13:09:58Z",492,"Awoniyi","COV","-14.6","-14.7","-15.1","-15.4",-1,-4,"0.4",54,74,5212,3,232,"0.0","s",-1,-1,,"false"
"2026-10-04T13:09:58Z",575,"Yirenkyi","COV","-3.1","-3.1","-3.1","-3.1",-1,0,"0.1",48,312,1042,9,265,"1.7","a",-1,-2,,"false"
"2026-10-04T13:09:58Z",584,"Hamer","COV","-89.6","-89.6","-89.6","-89.6",-3,0,"0.1",54,43,409,3,32,"0.3","a",0,-1,,"false"
"2026-10-04T13:09:58Z",599,"Cherif","COV","-6.5","-6.5","-6.5","-6.5",-1,0,"0.1",50,555,779,1,30,"0.3","a",0,0,,"false"
"2026-10-04T13:09:58Z",623,"Bentley","COV","2.2","2.2","2.3","2.3",1,2,"0.6",40,8266,2417,0,0,"0.0","a",0,0,,"false"
"2026-10-04T13:09:58Z",655,"Gboho","COV","0.0","0.0","0.0","0.0",0,0,"0.0",55,78,53,0,0,"0.0","a",0,0,,"false"
"2026-10-04T13:09:58Z",656,"Mfuni","COV","0.1","0.1","0.1","0.1",1,1,"0.1",40,1930,896,6,90,"3.0","a",0,0,,"false"
"2026-10-04T13:09:58Z",42,"Guessand","CRY","-29.0","-29.0","-29.0","-29.0",-2,0,"0.0",54,117,274,2,54,"0.0","a",0,-1,,"false"
"2026-10-04T13:09:58Z",153,"Disasi","CRY","-65.7","-65.7","-65.7","-65.7",-3,0,"0.1",45,28,800,1,139,"0.0","s",0,0,,"false"
"2026-10-04T13:09:58Z",198,"Henderson","CRY","-0.3","-0.4","-0.9","-1.3",-1,-16,"1.3",49,155,11687,5,270,"0.7","i",-1,-1,,"false"
"2026-10-04T13:09:58Z",199,"Benitez","CRY","-24.1","-24.1","-24.1","-24.1",-2,0,"0.1",45,720,396,8,180,"2.7","a",0,0,,"false"
"2026-10-04T13:09:58Z",202,"Richards","CRY","0.0","0.0","0.1","0.1",0,2,"0.6",49,1686,2289,14,450,"3.7","a",-1,-1,,"false"
"2026-10-04T13:09:58Z",203,"Canvot","CRY","-0.2","-0.5","-1.1","-1.6",-1,-1,"0.2",48,440,897,10,360,"3.0","a",-1,-2,,"false"
"2026-10-04T13:09:58Z",204,"Mitchell","CRY","27.8","27.9","28.0","28.1",2,7,"6.1",45,15856,16999,24,419,"7.7","a",0,0,,"false"
"2026-10-04T13:09:58Z",205,"Sosa","CRY","0.0","0.0","0.0","0.0",0,0,"0.0",45,0,110,0,0,"0.0","u",0,0,,"false"
"2026-10-04T13:09:58Z",206,"Chadi Riad","CRY","-5.1","-6.0","-8.0","-10.1",-1,-1,"0.0",43,25,129,1,72,"0.0","i",-1,-2,,"false"
"2026-10-04T13:09:58Z",207,"Mingueza","CRY","-92.6","-92.6","-92.6","-92.6",-3,0,"0.1",44,87,289,2,16,"0.3","a",0,-1,,"false"
"2026-10-04T13:09:58Z",208,"Sarr","CRY","0.1","0.1","0.1","0.2",1,3,"0.6",62,2664,2310,1,8,"0.3","a",0,-3,,"false"
"2026-10-04T13:09:58Z",210,"Wharton","CRY","-2.9","-2.9","-2.9","-2.9",-1,0,"0.7",54,1204,4671,12,436,"2.0","a",-1,-1,,"false"
"2026-10-04T13:09:58Z",211,"Yeremy","CRY","4.9","4.8","4.8","4.8",1,-2,"0.3",55,721,2750,14,307,"2.7","a",0,0,,"false"
"2026-10-04T13:09:58Z",212,"Hughes","CRY","-21.7","-21.8","-22.1","-22.3",-2,-13,"7.3",44,9321,45903,2,29,"0.7","a",0,-1,,"false"
"2026-10-04T13:09:58Z",213,"Lerma","CRY","-2.7","-2.7","-2.7","-2.7",-1,0,"0.1",48,96,393,1,51,"0.3","a",-1,-2,,"false"
"2026-10-04T13:09:58Z",214,"Kamada","CRY","12.0","12.0","12.0","11.9",1,-1,"0.5",50,3400,3152,21,441,"5.3","a",0,0,,"false"
"2026-10-04T13:09:58Z",215,"Devenny","CRY","0.0","0.0","0.0","0.0",0,0,"0.0",50,0,36,0,0,"0.0","u",0,0,,"false"
"2026-10-04T13:09:58Z",216,"Esse","CRY","0.0","0.0","0.0","0.0",0,0,"0.0",50,0,130,0,0,"0.0","u",0,0,,"false"
"2026-10-04T13:09:58Z",217,"M.França","CRY","0.0","0.0","0.0","0.0",0,0,"0.0",49,0,161,0,0,"0.0","u",0,-1,,"false"
"2026-10-04T13:09:58Z",218,"Doucouré","CRY","-2.6","-2.6","-2.6","-2.6",-1,0,"0.0",48,117,304,0,0,"0.0","a",-1,-2,,"false"
"2026-10-04T13:09:58Z",219,"J.Rak-Sakyi","CRY","0.0","0.0","0.0","0.0",0,0,"0.0",49,0,27,0,0,"0.0","u",0,-1,,"false"
"2026-10-04T13:09:58Z",220,"Cardines","CRY","0.0","0.0","0.0","0.0",0,0,"0.0",45,0,3,0,0,"0.0","u",0,0,,"false"
"2026-10-04T13:09:58Z",221,"Drakes-Thomas","CRY","-99.2","-99.2","-99.2","-99.2",-4,0,"0.1",45,151,441,0,0,"0.0","a",0,0,,"false"
"2026-10-04T13:09:58Z",222,"Strand Larsen","CRY","5.5","5.6","5.7","5.9",1,11,"0.7",60,5289,4070,14,298,"3.7","a",0,0,,"false"
"2026-10-04T13:09:58Z",223,"Mateta","CRY","-27.4","-27.5","-27.7","-27.8",-2,-4,"1.3",63,229,9473,2,62,"0.0","i",0,-2,,"false"
"2026-10-04T13:09:58Z",224,"Nketiah","CRY","-18.8","-18.8","-18.8","-18.8",-1,0,"0.5",55,1362,3455,8,175,"1.7","a",0,0,,"false"
"2026-10-04T13:09:58Z",225,"Uche","CRY","0.0","0.0","0.0","0.0",0,0,"0.0",50,0,0,0,0,"0.0","u",0,0,,"false"
"2026-10-04T13:09:58Z",241,"McNeil","CRY","-0.1","-0.1","-0.1","-0.1",-1,0,"0.1",53,81,501,3,84,"0.0","a",-1,-2,,"false"
"2026-10-04T13:09:58Z",555,"Matthews","CRY","-9.7","-9.7","-9.7","-9.7",-1,0,"1.7",40,1153,3123,0,0,"0.0","a",0,0,,"false"
"2026-10-04T13:09:58Z",577,"Tomiyasu","CRY","-15.4","-15.6","-16.0","-16.4",-1,-1,"0.3",44,149,1259,3,189,"0.3","d",0,-1,,"false"
"2026-10-04T13:09:58Z",588,"Khalaili","CRY","7.0","7.0","7.0","7.0",1,0,"0.3",50,2188,1210,19,379,"5.3","a",0,0,,"false"
"2026-10-04T13:09:58Z",595,"Gozo","CRY","-1.3","-1.3","-1.3","-1.3",-1,0,"0.0",49,41,92,2,28,"0.3","a",-1,-1,,"false"
"2026-10-04T13:09:58Z",633,"Ahanor","CRY","0.1","0.1","0.1","0.1",1,0,"0.0",45,142,112,3,90,"1.0","a",0,0,,"false"
"2026-10-04T13:09:58Z",643,"Chilwell","CRY","-77.7","-77.7","-77.7","-77.7",-3,0,"0.4",45,591,3022,8,29,"2.7","a",0,0,,"false"
"2026-10-04T13:09:58Z",644,"Timber","CRY","0.2","0.2","0.2","0.2",1,0,"0.0",50,482,330,9,253,"3.0","a",0,0,,"false"
"2026-10-04T13:09:58Z",647,"Osorio","CRY","-80.9","-91.2","-116.0","-140.9",-3,-1,"0.0",55,27,80,1,1,"0.3","a",0,0,,"false"
"2026-10-04T13:09:58Z",21,"Nørgaard","EVE","-0.5","-0.5","-0.5","-0.5",-1,0,"0.0",48,61,341,0,0,"0.0","i",-1,-2,,"false"
"2026-10-04T13:09:58Z",209,"Johnson","EVE","-20.2","-20.9","-22.4","-23.9",-2,-1,"0.1",59,441,738,9,238,"2.3","a",0,-1,,"false"
"2026-10-04T13:09:58Z",226,"Pickford","EVE","30.8","30.8","30.8","30.8",2,0,"9.1",55,29934,16575,25,450,"5.0","a",0,0,,"false"
"2026-10-04T13:09:58Z",227,"Travers","EVE","-33.4","-33.4","-33.4","-33.4",-2,0,"0.0",50,263,273,0,0,"0.0","a",0,0,,"false"
"2026-10-04T13:09:58Z",228,"King","EVE","-43.9","-43.9","-43.9","-43.9",-3,0,"0.0",45,122,180,0,0,"0.0","a",0,0,,"false"
"2026-10-04T13:09:58Z",229,"Tarkowski","EVE","1.3","1.5","2.0","2.4",1,81,"16.7",62,242656,22715,43,450,"8.3","a",1,2,,"false"
"2026-10-04T13:09:58Z",230,"Branthwaite","EVE","37.4","37.5","37.7","37.8",2,10,"2.4",55,20853,7692,27,450,"5.7","a",0,0,,"false"
"2026-10-04T13:09:58Z",231,"Keane","EVE","-41.4","-41.8","-42.7","-43.6",-3,-4,"0.7",48,413,3964,0,0,"0.0","a",0,-2,,"false"
"2026-10-04T13:09:58Z",232,"O'Brien","EVE","-4.5","-5.5","-8.0","-10.5",-1,-7,"0.3",48,350,1197,2,16,"0.7","a",-1,-2,,"false"
"2026-10-04T13:09:58Z",233,"Mykolenko","EVE","1.1","1.1","0.9","0.8",1,-24,"4.2",46,41559,24885,27,450,"5.7","d",1,1,,"false"
"2026-10-04T13:09:58Z",234,"Patterson","EVE","0.0","0.0","0.0","0.0",0,0,"0.0",45,0,131,0,0,"0.0","u",0,0,,"false"
"2026-10-04T13:09:58Z",235,"Aznou","EVE","0.0","0.0","0.0","0.0",0,0,"0.1",40,0,583,0,0,"0.0","u",0,0,,"false"
"2026-10-04T13:09:58Z",236,"Dewsbury-Hall","EVE","-17.0","-17.0","-17.1","-17.2",-1,-4,"5.9",66,35180,46974,20,450,"2.3","a",1,1,,"false"
"2026-10-04T13:09:58Z",238,"Grealish","EVE","9.1","9.1","9.1","9.1",1,0,"0.5",65,3975,3109,6,135,"1.7","a",0,0,,"false"
"2026-10-04T13:09:58Z",239,"Garner","EVE","3.6","3.6","3.6","3.6",1,0,"0.2",60,1852,2098,11,328,"3.0","a",0,0,,"false"
"2026-10-04T13:09:58Z",242,"George","EVE","31.2","31.2","31.2","31.2",2,0,"0.9",55,2564,11170,19,309,"4.7","a",0,0,,"false"
"2026-10-04T13:09:58Z",243,"Alcaraz","EVE","-48.5","-48.5","-48.5","-48.5",-3,0,"0.1",49,163,414,1,5,"0.0","a",0,-1,,"false"
"2026-10-04T13:09:58Z",244,"Armstrong","EVE","9.7","9.7","9.7","9.7",1,0,"0.4",50,888,3423,16,446,"2.0","a",0,0,,"false"
"2026-10-04T13:09:58Z",245,"Dibling","EVE","-93.9","-93.9","-93.9","-93.9",-3,0,"0.0",54,121,161,1,24,"0.3","a",0,-1,,"false"
"2026-10-04T13:09:58Z",246,"Röhl","EVE","-49.0","-49.0","-49.0","-49.0",-3,0,"0.0",49,7,600,6,249,"0.3","i",0,-1,,"false"
"2026-10-04T13:09:58Z",247,"Hackney","EVE","-5.9","-5.6","-5.0","-4.4",-1,1,"0.2",54,204,1129,10,137,"2.0","a",-1,-1,,"false"
"2026-10-04T13:09:58Z",248,"Beto","EVE","0.0","0.0","0.0","0.0",0,-2,"0.6",54,0,7592,2,31,"0.0","u",0,-1,,"false"
"2026-10-04T13:09:58Z",249,"Barry","EVE","0.6","0.7","0.9","1.1",1,32,"8.3",57,88849,41405,20,417,"3.3","a",1,2,,"false"
"2026-10-04T13:09:58Z",649,"Maitland-Niles","EVE","18.2","18.3","18.3","18.4",1,5,"1.4",45,20145,5051,21,177,"7.0","a",0,0,,"false"
"2026-10-04T13:09:58Z",654,"Graham","EVE","-36.9","-36.9","-36.9","-36.9",-2,0,"0.1",45,242,1034,0,0,"0.0","a",0,0,,"false"
"2026-10-04T13:09:58Z",250,"Leno","FUL","9.5","9.6","9.7","9.8",1,8,"3.4",45,42367,12247,18,450,"4.3","a",0,0,,"false"
"2026-10-04T13:09:58Z",251,"Lecomte","FUL","-25.0","-25.0","-25.0","-25.0",-2,0,"1.1",40,2621,2637,0,0,"0.0","a",0,0,,"false"
"2026-10-04T13:09:58Z",252,"McNally","FUL","0.0","0.0","0.0","0.0",0,-1,"0.1",40,0,621,0,0,"0.0","u",0,0,,"false"
"2026-10-04T13:09:58Z",253,"Andersen","FUL","0.8","0.8","0.8","0.8",1,0,"0.2",50,2843,1138,3,190,"0.7","a",0,0,,"false"
"2026-10-04T13:09:58Z",254,"Robinson","FUL","-17.9","-17.6","-16.9","-16.3",-1,6,"1.5",45,17148,7124,12,429,"3.0","a",0,0,,"false"
"2026-10-04T13:09:58Z",255,"J.Cuenca","FUL","-76.9","-76.9","-76.9","-76.9",-3,0,"0.0",45,68,117,3,90,"0.0","a",0,0,,"false"
"2026-10-04T13:09:58Z",256,"Tete","FUL","-1.2","-1.2","-1.2","-1.2",-1,0,"0.2",44,63,1065,0,27,"0.0","a",0,-1,,"false"
"2026-10-04T13:09:58Z",257,"Bassey","FUL","0.3","0.4","0.5","0.7",1,11,"0.7",45,6197,1969,15,450,"4.3","a",0,0,,"false"
"2026-10-04T13:09:58Z",258,"Castagne","FUL","15.1","15.1","15.1","15.1",1,3,"1.0",45,15596,5160,20,408,"2.7","a",0,0,,"false"
"2026-10-04T13:09:58Z",261,"Iwobi","FUL","-59.9","-59.7","-59.3","-58.9",-3,2,"0.7",54,3785,3413,14,408,"3.3","a",0,-1,,"false"
"2026-10-04T13:09:58Z",262,"Smith Rowe","FUL","-1.5","-1.5","-1.5","-1.5",-1,0,"0.2",53,320,1378,3,38,"0.7","a",-1,-2,,"false"
"2026-10-04T13:09:58Z",263,"Kevin","FUL","-14.3","-14.3","-14.3","-14.3",-1,0,"0.0",53,203,299,4,61,"0.7","a",0,-2,,"false"
"2026-10-04T13:09:58Z",264,"Bobb","FUL","-47.2","-46.2","-44.1","-41.9",-3,4,"0.3",55,2580,1890,13,343,"2.7","a",0,0,,"false"
"2026-10-04T13:09:58Z",265,"Berge","FUL","-35.5","-35.5","-35.5","-35.5",-2,0,"0.3",49,667,1343,11,349,"2.3","a",0,-1,,"false"
"2026-10-04T13:09:58Z",266,"Cairney","FUL","-15.0","-15.0","-15.0","-15.0",-1,0,"0.0",49,9,20,0,0,"0.0","i",0,-1,,"false"
"2026-10-04T13:09:58Z",268,"King","FUL","94.1","94.4","95.2","96.0",3,49,"2.7",55,95439,19833,24,425,"5.0","a",0,0,,"false"
"2026-10-04T13:09:58Z",269,"Sessegnon","FUL","-2.1","-2.1","-2.1","-2.1",-1,0,"0.3",43,320,1345,3,50,"0.3","a",-1,-2,,"false"
"2026-10-04T13:09:58Z",270,"Reed","FUL","-12.5","-12.7","-13.3","-13.9",-1,-4,"1.1",44,2887,7102,0,0,"0.0","a",0,-1,,"false"
"2026-10-04T13:09:58Z",271,"Muniz","FUL","-52.6","-52.9","-53.7","-54.5",-3,-2,"0.4",54,1822,2759,3,38,"0.7","a",0,-1,,"false"
"2026-10-04T13:09:58Z",272,"Kusi-Asare","FUL","-66.8","-66.9","-67.1","-67.4",-3,-7,"5.4",45,11404,34416,0,0,"0.0","a",0,0,,"false"
"2026-10-04T13:09:58Z",569,"Gonzalo","FUL","61.6","61.9","62.7","63.4",3,50,"4.0",60,74922,34092,14,425,"2.0","a",0,0,,"false"
"2026-10-04T13:09:58Z",570,"Palacios","FUL","-7.6","-7.6","-7.6","-7.6",-1,0,"0.2",54,733,980,12,226,"3.0","a",0,-1,,"false"
"2026-10-04T13:09:58Z",580,"Charles","FUL","-79.8","-79.8","-79.8","-79.8",-3,0,"0.1",50,688,455,13,303,"3.7","a",0,0,,"false"
"2026-10-04T13:09:58Z",610,"De Fougerolles","FUL","0.0","0.0","0.0","0.0",0,0,"0.1",40,0,513,0,0,"0.0","u",0,0,,"false"
"2026-10-04T13:09:58Z",626,"Zepa","FUL","0.2","0.3","0.3","0.4",1,4,"0.3",44,956,2354,0,0,"0.0","a",-1,-1,,"false"
"2026-10-04T13:09:58Z",635,"Larsson","FUL","0.0","0.0","0.0","0.0",0,0,"0.0",50,98,73,3,37,"1.0","a",0,0,,"false"
"2026-10-04T13:09:58Z",636,"Ángel","FUL","0.0","0.0","0.0","0.0",0,0,"0.0",50,33,28,0,0,"0.0","a",0,0,,"false"
"2026-10-04T13:09:58Z",650,"Affengruber","FUL","1.4","1.4","1.5","1.5",1,4,"0.1",45,6903,1674,12,180,"4.0","a",0,0,,"false"
"2026-10-04T13:09:58Z",240,"Iroegbunam","HUL","0.1","0.1","0.1","0.1",1,0,"0.0",50,80,141,2,70,"0.3","a",0,0,,"false"
"2026-10-04T13:09:58Z",273,"Phillips","HUL","-29.7","-29.7","-29.7","-29.7",-2,0,"1.4",40,3141,3681,0,0,"0.0","a",0,0,,"false"
"2026-10-04T13:09:58Z",274,"Butland","HUL","-0.8","-0.8","-0.8","-0.8",-1,0,"0.1",44,70,332,0,0,"0.0","i",-1,-1,,"false"
"2026-10-04T13:09:58Z",275,"Cartwright","HUL","0.0","0.0","0.0","0.0",0,0,"0.0",40,0,28,0,0,"0.0","u",0,0,,"false"
"2026-10-04T13:09:58Z",276,"Lo-Tutala","HUL","0.0","0.0","0.0","0.0",0,0,"0.0",40,0,118,0,0,"0.0","u",0,0,,"false"
"2026-10-04T13:09:58Z",277,"Egan","HUL","27.1","27.1","26.9","26.7",2,-10,"7.0",41,28257,30763,26,437,"3.0","a",0,1,,"false"
"2026-10-04T13:09:58Z",278,"Hughes","HUL","0.5","0.5","0.5","0.5",1,0,"0.2",39,1138,2008,0,0,"0.0","i",0,-1,,"false"
"2026-10-04T13:09:58Z",279,"Ajayi","HUL","72.2","72.1","71.9","71.6",3,-15,"13.9",42,45252,61255,27,423,"2.3","a",0,2,,"false"
"2026-10-04T13:09:58Z",280,"Coyle","HUL","0.2","0.3","0.3","0.3",1,1,"0.7",40,2146,2143,14,348,"2.7","a",0,0,,"false"
"2026-10-04T13:09:58Z",281,"Drameh","HUL","0.0","0.0","0.0","0.0",0,0,"0.0",40,0,261,2,65,"0.0","u",0,0,,"false"
"2026-10-04T13:09:58Z",282,"Giles","HUL","73.2","73.1","73.0","72.9",3,-6,"2.9",40,22130,14474,24,444,"4.0","a",0,0,,"false"
"2026-10-04T13:09:58Z",283,"Jacob","HUL","0.0","0.0","0.0","0.0",0,0,"0.0",40,0,38,0,0,"0.0","u",0,0,,"false"
"2026-10-04T13:09:58Z",284,"McCarthy","HUL","0.5","0.5","0.5","0.5",1,0,"0.1",40,407,453,0,0,"0.0","a",0,0,,"false"
"2026-10-04T13:09:58Z",285,"McNair","HUL","-44.2","-44.2","-44.2","-44.2",-3,0,"0.1",40,199,427,1,26,"0.0","a",0,0,,"false"
"2026-10-04T13:09:58Z",286,"Belloumi","HUL","39.2","39.4","39.8","40.2",2,29,"5.2",51,79930,26551,31,394,"7.3","a",0,1,,"false"
"2026-10-04T13:09:58Z",287,"Millar","HUL","0.0","0.0","0.0","0.0",0,0,"0.0",50,0,317,6,50,"0.0","u",0,0,,"false"
"2026-10-04T13:09:58Z",288,"Dowell","HUL","-0.0","-0.0","-0.0","-0.0",0,0,"0.3",44,616,2092,0,0,"0.0","a",-1,-1,,"false"
"2026-10-04T13:09:58Z",289,"Crooks","HUL","0.7","0.7","0.7","0.7",1,0,"0.5",44,5247,4358,3,203,"0.3","a",-1,-1,,"false"
"2026-10-04T13:09:58Z",290,"Slater","HUL","77.9","77.9","77.8","77.7",3,-7,"5.2",45,16433,38925,15,437,"2.3","a",0,0,,"false"
"2026-10-04T13:09:58Z",291,"Matazo","HUL","-14.5","-14.5","-14.5","-14.5",-1,0,"0.0",45,33,55,0,0,"0.0","i",0,0,,"false"
"2026-10-04T13:09:58Z",292,"Ömür","HUL","-11.6","-11.6","-11.6","-11.6",-1,0,"0.0",49,88,150,0,0,"0.0","a",0,-1,,"false"
"2026-10-04T13:09:58Z",293,"Kamara","HUL","0.0","0.0","0.0","0.0",0,0,"0.0",50,0,12,0,0,"0.0","u",0,0,,"false"
"2026-10-04T13:09:58Z",294,"Zambrano","HUL","-24.0","-24.0","-24.0","-24.0",-2,0,"0.1",45,156,504,0,0,"0.0","a",0,0,,"false"
"2026-10-04T13:09:58Z",295,"McBurnie","HUL","28.9","28.8","28.8","28.7",2,-5,"1.9",55,8555,18650,13,441,"2.3","a",0,0,,"false"
"2026-10-04T13:09:58Z",296,"Akintola","HUL","0.0","0.0","0.0","0.0",0,0,"0.0",50,0,280,0,0,"0.0","u",0,0,,"false"
"2026-10-04T13:09:58Z",297,"Gyabi","HUL","-0.6","-0.6","-0.6","-0.6",-1,0,"0.0",44,65,150,0,0,"0.0","i",-1,-1,,"false"
"2026-10-04T13:09:58Z",298,"Destan","HUL","0.0","0.0","0.0","0.0",0,0,"0.2",45,0,1411,0,0,"0.0","u",0,0,,"false"
"2026-10-04T13:09:58Z",299,"Burstow","HUL","0.0","0.0","0.0","0.0",0,0,"0.0",45,0,226,0,0,"0.0","u",0,0,,"false"
"2026-10-04T13:09:58Z",340,"Gelhardt","HUL","0.0","0.0","0.0","-11.1",0,-1,"0.0",50,100,114,1,7,"0.3","a",0,0,,"false"
"2026-10-04T13:09:58Z",556,"Targett","HUL","-78.6","-78.6","-78.8","-79.0",-3,-3,"1.6",40,116,10291,1,5,"0.0","d",0,0,,"false"
"2026-10-04T13:09:58Z",563,"Morita","HUL","-0.6","-0.6","-0.6","-0.6",-1,0,"0.0",49,24,182,1,45,"0.0","i",-1,-1,,"false"
"2026-10-04T13:09:58Z",572,"Tzolakis","HUL","0.9","1.0","1.1","1.3",1,30,"12.8",47,129513,23612,34,450,"4.7","a",1,2,,"false"
"2026-10-04T13:09:58Z",574,"Hjertø-Dahl","HUL","-79.0","-79.0","-79.0","-79.0",-3,0,"0.1",49,78,332,1,8,"0.3","a",0,-1,,"false"
"2026-10-04T13:09:58Z",576,"Stroud","HUL","-56.8","-56.8","-56.8","-56.8",-3,0,"0.1",50,147,488,7,249,"1.3","a",0,0,,"false"
"2026-10-04T13:09:58Z",585,"Herrington","HUL","-28.8","-29.0","-29.6","-30.1",-2,-2,"0.6",40,1073,1755,5,197,"1.0","a",0,0,,"false"
"2026-10-04T13:09:58Z",586,"Mendy","HUL","-0.8","-0.8","-1.0","-1.1",-1,-6,"6.3",41,7487,34264,25,249,"3.0","a",0,1,,"false"
"2026-10-04T13:09:58Z",589,"Gourna-Douath","HUL","-83.4","-83.4","-83.4","-83.4",-3,0,"0.0",50,33,111,4,138,"1.0","a",0,0,,"false"
"2026-10-04T13:09:58Z",617,"Cho","HUL","0.2","0.2","0.2","0.2",1,0,"0.0",50,362,159,9,72,"2.7","a",0,0,,"false"
"2026-10-04T13:09:58Z",632,"Ansah","HUL","-69.8","-69.8","-69.8","-69.8",-3,0,"0.0",50,76,436,0,0,"0.0","i",0,0,,"false"
"2026-10-04T13:09:58Z",637,"Vaz","HUL","1.3","1.3","1.3","1.3",1,0,"0.1",50,1912,1209,2,20,"0.7","a",0,0,,"false"
"2026-10-04T13:09:58Z",638,"Norton-Cuffy","HUL","-28.4","-28.4","-28.4","-28.4",-2,0,"0.2",40,458,2668,1,34,"0.3","d",0,0,,"false"
"2026-10-04T13:09:58Z",642,"Thomas","HUL","0.3","0.3","0.3","0.3",1,0,"0.0",55,512,362,4,119,"1.3","a",0,0,,"false"
"2026-10-04T13:09:58Z",645,"Mouzakitis","HUL","0.0","0.0","0.0","0.0",0,0,"0.0",50,93,92,0,0,"0.0","a",0,0,,"false"
"2026-10-04T13:09:58Z",259,"Diop","IPS","-55.8","-55.8","-55.9","-55.9",-3,-6,"12.7",40,7422,57608,12,450,"2.7","a",0,0,,"false"
"2026-10-04T13:09:58Z",267,"Lukić","IPS","-5.8","-5.8","-5.8","-5.8",-1,0,"0.1",49,207,549,11,400,"1.7","a",-1,-1,,"false"
"2026-10-04T13:09:58Z",300,"Walton","IPS","-6.9","-6.7","-6.0","-5.3",-1,2,"0.4",44,1812,1113,2,90,"0.7","a",0,-1,,"false"
"2026-10-04T13:09:58Z",301,"Palmer","IPS","-26.9","-26.9","-27.0","-27.1",-2,-2,"3.9",40,4167,12426,0,0,"0.0","a",0,0,,"false"
"2026-10-04T13:09:58Z",302,"Button","IPS","1.2","1.2","1.2","1.2",1,1,"0.6",40,1534,1392,0,0,"0.0","a",0,0,,"false"
"2026-10-04T13:09:58Z",303,"Kipré","IPS","3.3","3.3","3.3","3.3",1,3,"0.9",39,4679,4573,0,0,"0.0","a",0,-1,,"false"
"2026-10-04T13:09:58Z",304,"O'Shea","IPS","-42.4","-42.5","-42.6","-42.8",-3,-3,"2.7",40,2112,15258,10,450,"2.0","a",0,0,,"false"
"2026-10-04T13:09:58Z",305,"Davis","IPS","76.1","76.2","76.5","76.7",3,16,"7.0",40,53618,29313,25,450,"5.7","a",0,0,,"false"
"2026-10-04T13:09:58Z",306,"Greaves","IPS","-95.3","-95.7","-96.5","-97.3",-4,-5,"1.1",40,500,3642,3,357,"0.7","a",0,0,,"false"
"2026-10-04T13:09:58Z",307,"Johnson","IPS","0.0","0.0","0.0","0.0",0,-1,"0.1",40,0,372,0,0,"0.0","u",0,0,,"false"
"2026-10-04T13:09:58Z",308,"Furlong","IPS","2.1","2.1","2.1","2.1",1,-3,"0.6",39,6634,3076,1,17,"0.0","a",0,-1,,"false"
"2026-10-04T13:09:58Z",309,"Núñez","IPS","-39.7","-39.7","-39.7","-39.7",-2,0,"0.1",49,101,687,6,140,"0.0","a",0,-1,,"false"
"2026-10-04T13:09:58Z",310,"Matusiwa","IPS","0.0","0.0","0.0","0.0",0,0,"0.0",49,16,18,0,0,"0.0","a",0,-1,,"false"
"2026-10-04T13:09:58Z",311,"Burns","IPS","0.0","0.0","0.0","0.0",0,0,"0.0",50,0,8,0,0,"0.0","u",0,0,,"false"
"2026-10-04T13:09:58Z",312,"Taylor","IPS","0.1","0.1","0.1","0.1",1,0,"0.0",44,392,286,0,0,"0.0","i",-1,-1,,"false"
"2026-10-04T13:09:58Z",313,"Clarke","IPS","-90.0","-90.4","-91.5","-92.6",-3,-1,"0.2",54,156,973,11,170,"1.3","a",0,-1,,"false"
"2026-10-04T13:09:58Z",314,"Ogbene","IPS","0.0","0.0","0.0","0.0",0,0,"0.0",49,0,67,0,0,"0.0","u",0,-1,,"false"
"2026-10-04T13:09:58Z",315,"Fatawu","IPS","-37.4","-38.0","-39.5","-41.0",-2,-4,"0.2",54,61,2626,8,352,"0.7","s",0,-1,,"false"
"2026-10-04T13:09:58Z",316,"Emersonn","IPS","88.4","88.6","89.2","89.8",3,38,"3.6",55,37163,24014,26,317,"5.3","a",0,0,,"false"
"2026-10-04T13:09:58Z",317,"Hirst","IPS","0.0","0.0","0.0","0.0",0,0,"0.1",50,0,501,0,0,"0.0","u",0,0,,"false"
"2026-10-04T13:09:58Z",318,"Philogene","IPS","-8.7","-8.7","-8.7","-8.7",-1,0,"0.1",54,35,168,2,52,"0.7","a",0,-1,,"false"
"2026-10-04T13:09:58Z",319,"Szmodics","IPS","0.0","0.0","0.0","0.0",0,0,"0.0",50,0,14,0,0,"0.0","u",0,0,,"false"
"2026-10-04T13:09:58Z",320,"Akpom","IPS","25.1","25.0","25.0","25.0",2,-2,"1.2",50,5168,9915,7,78,"0.3","a",0,0,,"false"
"2026-10-04T13:09:58Z",321,"Walle Egeli","IPS","40.5","40.4","40.3","40.2",3,-8,"3.5",45,19051,27803,1,10,"0.0","a",0,0,,"false"
"2026-10-04T13:09:58Z",322,"Al-Hamadi","IPS","0.0","0.0","0.0","0.0",0,-1,"0.0",50,0,389,0,0,"0.0","u",0,0,,"false"
"2026-10-04T13:09:58Z",323,"McAteer","IPS","-1.4","-1.5","-1.6","-1.7",-1,-1,"1.0",44,1619,6675,3,42,"0.3","a",-1,-1,,"false"
"2026-10-04T13:09:58Z",324,"Mehmeti","IPS","-3.1","-3.1","-3.1","-3.1",-1,0,"0.0",48,76,151,0,0,"0.0","a",-1,-2,,"false"
"2026-10-04T13:09:58Z",554,"Van Oevelen","IPS","0.0","0.0","0.0","0.0",0,0,"0.0",45,0,86,0,0,"0.0","u",0,0,,"false"
"2026-10-04T13:09:58Z",562,"Maeda","IPS","-11.1","-11.1","-11.1","-11.1",-1,0,"0.2",53,143,1516,8,259,"1.3","a",-1,-2,,"false"
"2026-10-04T13:09:58Z",564,"Scherpen","IPS","-33.0","-32.9","-32.6","-32.3",-2,1,"0.6",45,704,2889,7,360,"1.0","a",0,0,,"false"
"2026-10-04T13:09:58Z",571,"Florentino","IPS","-2.9","-2.9","-2.9","-2.9",-1,0,"0.1",48,118,352,2,30,"0.7","a",-1,-2,,"false"
"2026-10-04T13:09:58Z",591,"Enciso","IPS","9.0","9.0","9.0","9.0",1,2,"0.8",55,2458,6333,15,413,"1.7","a",0,0,,"false"
"2026-10-04T13:09:58Z",592,"Ouattara","IPS","-33.6","-33.6","-33.6","-33.6",-2,0,"0.9",40,725,2153,6,131,"1.3","a",0,0,,"false"
"2026-10-04T13:09:58Z",602,"Humphreys","IPS","0.0","0.0","0.0","0.0",0,-1,"0.0",45,0,250,0,0,"0.0","u",0,0,,"false"
"2026-10-04T13:09:58Z",619,"Palacios","IPS","1.1","1.1","1.1","1.1",1,0,"0.1",50,547,872,11,275,"3.3","a",0,0,,"false"
"2026-10-04T13:09:58Z",640,"Flemming","IPS","0.5","0.5","0.5","0.5",1,0,"0.1",55,980,1029,6,60,"2.0","a",0,0,,"false"
"2026-10-04T13:09:58Z",260,"Wilson","LEE","-66.4","-66.9","-68.0","-69.2",-3,-33,"1.7",62,76,41861,5,145,"0.3","i",0,-3,,"false"
"2026-10-04T13:09:58Z",326,"Perri","LEE","0.0","0.0","0.0","0.0",0,-5,"0.3",45,0,1348,0,0,"0.0","u",0,0,,"false"
"2026-10-04T13:09:58Z",327,"Bijol","LEE","5.1","5.1","5.0","5.0",1,-4,"0.7",50,835,5714,12,164,"0.3","a",0,0,,"false"
"2026-10-04T13:09:58Z",329,"Rodon","LEE","-7.1","-7.1","-7.2","-7.3",-1,-3,"0.8",43,50,9100,7,123,"0.0","i",-1,-2,,"false"
"2026-10-04T13:09:58Z",330,"Bogle","LEE","61.4","61.8","62.6","63.5",3,56,"7.3",46,131535,27368,42,365,"11.3","a",0,1,,"false"
"2026-10-04T13:09:58Z",331,"Gudmundsson","LEE","1.0","1.0","1.1","1.1",1,4,"0.1",45,584,353,14,252,"4.7","a",0,0,,"false"
"2026-10-04T13:09:58Z",332,"Justin","LEE","18.8","18.8","18.8","18.9",1,2,"1.4",45,4508,6168,26,450,"4.7","a",0,0,,"false"
"2026-10-04T13:09:58Z",333,"Bornauw","LEE","0.0","0.0","0.0","0.0",0,0,"0.0",45,0,5,0,0,"0.0","u",0,0,,"false"
"2026-10-04T13:09:58Z",334,"Muharemović","LEE","40.0","40.0","40.1","40.2",3,4,"4.3",50,29780,25448,27,450,"5.7","a",0,0,,"false"
"2026-10-04T13:09:58Z",335,"Stach","LEE","16.4","16.3","16.2","16.1",1,-9,"2.5",60,5072,20214,27,447,"3.3","a",0,0,,"false"
"2026-10-04T13:09:58Z",336,"Okafor","LEE","1.5","1.5","1.5","1.5",1,0,"0.4",58,1870,3537,18,299,"5.0","a",0,-2,,"false"
"2026-10-04T13:09:58Z",337,"Aaronson","LEE","-9.0","-9.3","-10.0","-10.7",-1,-4,"0.5",53,222,3514,7,194,"1.0","a",-1,-2,,"false"
"2026-10-04T13:09:58Z",338,"Ampadu","LEE","-29.9","-30.1","-30.4","-30.8",-2,-2,"0.9",54,1707,5136,21,450,"4.7","a",0,-1,,"false"
"2026-10-04T13:09:58Z",339,"Longstaff","LEE","0.0","0.0","0.0","0.0",0,0,"0.1",48,152,655,2,10,"0.3","a",-1,-2,,"false"
"2026-10-04T13:09:58Z",341,"Gnonto","LEE","0.0","0.0","0.0","0.0",0,0,"0.0",50,0,55,0,0,"0.0","u",0,0,,"false"
"2026-10-04T13:09:58Z",342,"Harrison","LEE","0.0","0.0","0.0","0.0",0,0,"0.0",50,0,5,0,0,"0.0","u",0,0,,"false"
"2026-10-04T13:09:58Z",343,"James","LEE","-29.4","-29.4","-29.4","-29.4",-2,0,"0.1",49,200,576,3,52,"0.7","a",0,-1,,"false"
"2026-10-04T13:09:58Z",344,"Gruev","LEE","0.0","0.0","0.0","0.0",0,0,"0.0",50,49,22,0,0,"0.0","a",0,0,,"false"
"2026-10-04T13:09:58Z",345,"Tanaka","LEE","5.0","5.0","5.0","5.0",1,0,"0.3",49,2344,2355,14,255,"4.3","a",0,-1,,"false"
"2026-10-04T13:09:58Z",346,"Calvert-Lewin","LEE","71.3","71.3","71.2","71.2",3,-4,"24.8",60,98490,175350,22,419,"4.3","a",0,0,,"false"
"2026-10-04T13:09:58Z",347,"Nmecha","LEE","-27.5","-27.8","-28.6","-29.5",-2,-2,"0.5",54,2106,3844,7,64,"1.0","a",0,-1,,"false"
"2026-10-04T13:09:58Z",348,"Piroe","LEE","0.0","0.0","0.0","0.0",0,0,"0.1",50,0,442,0,0,"0.0","u",0,0,,"false"
"2026-10-04T13:09:58Z",349,"Mateo Joseph","LEE","-42.9","-42.9","-42.9","-42.9",-3,0,"0.1",45,336,505,0,0,"0.0","i",0,0,,"false"
"2026-10-04T13:09:58Z",385,"Trafford","LEE","35.2","35.2","35.3","35.4",2,6,"5.5",50,23999,15822,28,450,"5.3","a",0,0,,"false"
"2026-10-04T13:09:58Z",598,"Elvedi","LEE","0.7","0.7","0.7","0.7",1,0,"0.1",45,257,255,13,326,"4.0","a",0,0,,"false"
"2026-10-04T13:09:58Z",603,"Lienou","LEE","0.1","0.1","0.1","0.1",1,0,"0.1",40,246,531,0,0,"0.0","a",0,0,,"false"
"2026-10-04T13:09:58Z",604,"Cresswell","LEE","-13.1","-13.7","-15.2","-16.6",-1,-1,"0.1",45,315,923,0,0,"0.0","a",0,0,,"false"
"2026-10-04T13:09:58Z",625,"Cairns","LEE","0.4","0.4","0.4","0.4",1,0,"0.2",40,867,803,0,0,"0.0","a",0,0,,"false"
"2026-10-04T13:09:58Z",629,"Zetterer","LEE","2.3","2.3","2.3","2.3",1,0,"0.7",40,3163,2870,0,0,"0.0","a",0,0,,"false"
"2026-10-04T13:09:58Z",641,"Bard","LEE","0.1","0.1","0.1","0.1",1,0,"0.0",45,98,81,1,18,"0.3","a",0,0,,"false"
"2026-10-04T13:09:58Z",648,"Bahoya","LEE","-53.2","-53.2","-53.2","-53.2",-3,0,"0.0",50,115,179,1,1,"0.3","a",0,0,,"false"
"2026-10-04T13:09:58Z",350,"A.Becker","LIV","1.8","1.8","1.9","2.0",1,4,"4.1",55,14394,12399,27,450,"8.3","a",0,0,,"false"
"2026-10-04T13:09:58Z",351,"Mamardashvili","LIV","0.0","-0.6","-2.0","-3.5",-1,-2,"0.1",48,267,646,0,0,"0.0","a",-1,-2,,"false"
"2026-10-04T13:09:58Z",352,"Woodman","LIV","-33.1","-33.1","-32.9","-32.7",-2,1,"1.0",40,822,2441,0,0,"0.0","a",0,0,,"false"
"2026-10-04T13:09:58Z",353,"Pecsi","LIV","0.0","0.0","0.0","0.0",0,0,"0.0",40,0,67,0,0,"0.0","u",0,0,,"false"
"2026-10-04T13:09:58Z",354,"Jaros","LIV","0.1","0.1","0.1","0.1",1,0,"0.0",40,212,162,0,0,"0.0","i",0,0,,"false"
"2026-10-04T13:09:58Z",355,"Davies","LIV","0.1","0.1","0.1","0.1",1,0,"0.2",40,306,486,0,0,"0.0","a",0,0,,"false"
"2026-10-04T13:09:58Z",356,"Virgil","LIV","-62.0","-61.9","-61.9","-61.8",-3,7,"16.2",65,23230,45696,25,450,"7.3","a",0,0,,"false"
"2026-10-04T13:09:58Z",357,"Frimpong","LIV","-40.1","-40.0","-39.9","-39.7",-3,2,"1.8",53,1706,13147,2,178,"0.3","a",0,-2,,"false"
"2026-10-04T13:09:58Z",358,"Kerkez","LIV","-0.8","-0.9","-1.2","-1.6",-1,-8,"2.2",53,2726,11000,13,385,"4.0","a",-1,-2,,"false"
"2026-10-04T13:09:58Z",359,"Gomez","LIV","0.0","0.0","0.0","0.0",0,0,"0.0",49,342,120,0,0,"0.0","a",0,-1,,"false"
"2026-10-04T13:09:58Z",360,"Bradley","LIV","-89.8","-89.8","-89.8","-89.8",-3,0,"0.0",50,58,87,0,0,"0.0","i",0,0,,"false"
"2026-10-04T13:09:58Z",361,"Lucky","LIV","-56.6","-57.3","-58.9","-60.5",-3,-1,"0.1",40,304,607,0,0,"0.0","a",0,0,,"false"
"2026-10-04T13:09:58Z",362,"Jacquet","LIV","58.6","58.6","58.8","59.0",3,12,"3.5",50,35763,14126,24,415,"6.7","a",0,0,,"false"
"2026-10-04T13:09:58Z",363,"Leoni","LIV","-63.6","-63.6","-63.6","-63.6",-3,0,"0.0",40,69,189,0,0,"0.0","i",0,0,,"false"
"2026-10-04T13:09:58Z",364,"Tsimikas","LIV","-57.2","-57.2","-57.2","-57.2",-3,0,"0.1",49,104,407,2,64,"0.3","a",0,-1,,"false"
"2026-10-04T13:09:58Z",365,"Ramsay","LIV","0.0","0.0","0.0","0.0",0,0,"0.1",40,0,503,0,0,"0.0","u",0,0,,"false"
"2026-10-04T13:09:58Z",366,"Wirtz","LIV","-38.9","-39.1","-39.4","-39.7",-2,-11,"5.7",73,4336,43303,18,402,"4.0","a",0,-2,,"false"
"2026-10-04T13:09:58Z",367,"Gakpo","LIV","-3.0","-3.4","-4.4","-5.4",-1,-120,"12.3",72,51787,100879,32,370,"5.0","d",0,2,,"false"
"2026-10-04T13:09:58Z",368,"Szoboszlai","LIV","-0.3","-0.4","-0.6","-0.9",-1,-90,"32.7",69,38284,225218,20,440,"2.7","a",-1,-1,,"false"
"2026-10-04T13:09:58Z",369,"Ngumoha","LIV","-24.8","-24.8","-24.8","-24.8",-2,0,"0.5",57,834,4390,4,99,"0.3","a",-1,-3,,"false"
"2026-10-04T13:09:58Z",370,"Chiesa","LIV","-6.6","-7.7","-10.3","-13.0",-1,-3,"0.0",53,17,263,0,0,"0.0","i",-1,-2,,"false"
"2026-10-04T13:09:58Z",371,"Gravenberch","LIV","-24.1","-24.2","-24.6","-24.9",-2,-4,"1.1",58,1285,9389,9,190,"1.0","a",-1,-2,,"false"
"2026-10-04T13:09:58Z",372,"Mac Allister","LIV","-45.0","-45.0","-45.0","-45.0",-3,0,"1.3",54,3997,7105,11,306,"2.7","a",0,-1,,"false"
"2026-10-04T13:09:58Z",373,"C.Jones","LIV","0.0","0.0","0.0","0.0",0,0,"0.0",55,0,65,0,0,"0.0","u",0,0,,"false"
"2026-10-04T13:09:58Z",374,"Endo","LIV","-65.4","-65.4","-65.4","-65.4",-3,0,"0.1",49,172,460,0,0,"0.0","a",0,-1,,"false"
"2026-10-04T13:09:58Z",375,"Nyoni","LIV","-90.2","-90.2","-90.2","-90.2",-3,0,"0.0",49,96,319,3,38,"0.7","a",0,-1,,"false"
"2026-10-04T13:09:58Z",376,"Bajcetic","LIV","0.0","0.0","0.0","0.0",0,0,"0.0",50,0,3,0,0,"0.0","u",0,0,,"false"
"2026-10-04T13:09:58Z",377,"Munoz","LIV","6.5","6.5","6.5","6.5",1,0,"0.9",65,1571,11855,15,257,"1.7","a",0,0,,"false"
"2026-10-04T13:09:58Z",378,"McConnell","LIV","-4.6","-6.3","-10.4","-14.6",-1,-6,"0.2",44,1083,1567,0,0,"0.0","a",0,-1,,"false"
"2026-10-04T13:09:58Z",379,"Isak","LIV","3.7","3.1","1.6","0.0",1,-98,"22.2",91,117976,95209,33,413,"7.7","d",0,1,,"false"
"2026-10-04T13:09:58Z",380,"Ekitiké","LIV","-28.7","-28.7","-28.7","-28.7",-2,0,"0.1",74,412,870,0,0,"0.0","i",0,-1,,"false"
"2026-10-04T13:09:58Z",381,"Koumas","LIV","-95.2","-95.2","-95.2","-95.2",-4,0,"0.0",50,169,197,3,22,"0.7","a",0,0,,"false"
"2026-10-04T13:09:58Z",382,"Danns","LIV","3.8","3.7","3.6","3.6",1,-5,"0.2",45,3650,2507,0,0,"0.0","a",0,0,,"false"
"2026-10-04T13:09:58Z",383,"Elliott","LIV","0.0","0.0","0.0","0.0",0,0,"0.0",54,0,236,0,0,"0.0","u",0,-1,,"false"
"2026-10-04T13:09:58Z",579,"Araujo","LIV","35.7","35.8","35.9","36.0",2,8,"3.0",54,17953,10903,22,284,"7.0","a",0,-1,,"false"
"2026-10-04T13:09:58Z",627,"Barcola","LIV","-67.7","-67.1","-65.6","-64.2",-3,17,"1.9",80,12192,19645,7,168,"2.3","a",0,0,,"false"
"2026-10-04T13:09:58Z",155,"Enzo","MCI","1.8","1.9","2.1","2.3",1,14,"3.6",69,32359,15510,13,271,"4.0","a",0,-1,,"false"
"2026-10-04T13:09:58Z",237,"Ndiaye","MCI","-21.6","-21.7","-22.1","-22.4",-2,-24,"6.7",58,7343,70861,22,385,"3.0","a",-1,-2,,"false"
"2026-10-04T13:09:58Z",384,"Donnarumma","MCI","-54.1","-54.2","-54.4","-54.7",-3,-12,"7.6",55,11145,31759,19,450,"5.3","a",0,0,,"false"
"2026-10-04T13:09:58Z",386,"Bettinelli","MCI","-89.7","-89.7","-89.7","-89.7",-3,0,"0.0",45,57,90,0,0,"0.0","a",0,0,,"false"
"2026-10-04T13:09:58Z",387,"O'Reilly","MCI","-3.1","-3.2","-3.6","-3.9",-1,-72,"10.8",63,5381,76176,6,163,"0.7","d",-1,-2,,"false"
"2026-10-04T13:09:58Z",388,"Guéhi","MCI","67.0","66.9","66.6","66.4",3,-16,"18.2",60,24651,53916,30,450,"6.0","a",0,0,,"false"
"2026-10-04T13:09:58Z",389,"Matheus N.","MCI","-35.3","-35.3","-35.3","-35.3",-2,0,"1.0",59,1735,3078,11,213,"3.3","a",0,-1,,"false"
"2026-10-04T13:09:58Z",390,"Rúben","MCI","4.0","4.0","3.9","3.8",1,-6,"1.9",55,4896,9390,17,450,"4.3","a",0,0,,"false"
"2026-10-04T13:09:58Z",391,"Gvardiol","MCI","83.4","83.6","84.0","84.4",3,27,"26.9",57,153363,58256,37,434,"7.7","a",0,2,,"false"
"2026-10-04T13:09:58Z",392,"Aït-Nouri","MCI","-0.2","-0.2","-0.2","-0.2",-1,0,"0.4",52,550,2270,0,0,"0.0","a",-1,-3,,"false"
"2026-10-04T13:09:58Z",393,"Khusanov","MCI","-36.9","-37.1","-37.5","-38.0",-2,-4,"1.4",54,1494,9281,9,268,"1.7","a",0,-1,,"false"
"2026-10-04T13:09:58Z",394,"Alleyne","MCI","0.0","0.0","0.0","0.0",0,0,"0.0",50,0,20,0,0,"0.0","u",0,0,,"false"
"2026-10-04T13:09:58Z",395,"Lewis","MCI","-68.7","-68.7","-68.7","-68.7",-3,0,"0.2",44,321,1240,1,56,"0.0","a",0,-1,,"false"
"2026-10-04T13:09:58Z",396,"Vitor Reis","MCI","-86.2","-86.2","-86.2","-86.2",-3,0,"0.0",45,76,158,1,1,"0.0","a",0,0,,"false"
"2026-10-04T13:09:58Z",397,"Semenyo","MCI","-21.7","-21.9","-22.3","-22.7",-2,-70,"15.2",84,127301,75920,33,450,"8.7","d",0,-1,,"false"
"2026-10-04T13:09:58Z",398,"Foden","MCI","-52.0","-52.1","-52.5","-52.9",-3,-12,"1.8",69,224,29511,9,217,"-0.3","s",0,-1,,"false"
"2026-10-04T13:09:58Z",399,"Cherki","MCI","-57.0","-56.8","-56.3","-55.7",-3,35,"28.4",78,130141,93941,34,302,"4.0","a",0,3,,"false"
"2026-10-04T13:09:58Z",400,"Doku","MCI","0.4","0.4","0.4","0.4",1,-1,"0.7",74,4756,2210,1,15,"0.3","a",0,-1,,"false"
"2026-10-04T13:09:58Z",402,"Rodrigo","MCI","0.0","0.0","0.0","0.0",0,0,"0.0",65,0,26,0,0,"0.0","u",0,0,,"false"
"2026-10-04T13:09:58Z",404,"Reijnders","MCI","0.0","0.0","0.0","0.0",0,0,"0.0",60,0,102,0,0,"0.0","u",0,0,,"false"
"2026-10-04T13:09:58Z",406,"Kovačić","MCI","-0.1","-0.1","-0.1","-0.1",-1,0,"0.1",53,120,480,2,42,"0.0","a",-1,-2,,"false"
"2026-10-04T13:09:58Z",407,"Echeverri","MCI","0.0","0.0","0.0","0.0",0,0,"0.0",49,0,57,0,0,"0.0","u",0,-1,,"false"
"2026-10-04T13:09:58Z",408,"Phillips","MCI","0.0","0.0","0.0","0.0",0,0,"0.0",50,0,13,0,0,"0.0","u",0,0,,"false"
"2026-10-04T13:09:58Z",409,"Mukasa","MCI","0.0","0.0","0.0","0.0",0,0,"0.1",45,0,632,0,0,"0.0","u",0,0,,"false"
"2026-10-04T13:09:58Z",410,"Monga","MCI","0.0","0.0","0.0","0.0",0,0,"0.0",49,0,52,0,0,"0.0","u",0,-1,,"false"
"2026-10-04T13:09:58Z",411,"Haaland","MCI","24.4","24.6","24.9","25.2",2,20,"73.9",156,82860,21944,39,450,"8.0","a",0,1,,"false"
"2026-10-04T13:09:58Z",481,"Anderson","MCI","-44.1","-44.2","-44.5","-44.8",-3,-8,"4.0",63,8247,28853,15,413,"3.3","a",0,-2,,"false"
"2026-10-04T13:09:58Z",587,"Rulli","MCI","-93.2","-93.2","-93.2","-93.2",-3,0,"0.0",50,76,105,0,0,"0.0","a",0,0,,"false"
"2026-10-04T13:09:58Z",616,"Bouaddi","MCI","-34.4","-34.4","-34.4","-34.4",-2,0,"0.2",55,866,2162,2,22,"0.3","a",0,0,,"false"
"2026-10-04T13:09:58Z",621,"McAidoo","MCI","-94.6","-94.6","-94.6","-94.6",-3,0,"0.1",45,200,1122,2,11,"0.3","a",0,0,,"false"
"2026-10-04T13:09:58Z",622,"Braithwaite","MCI","-40.8","-41.5","-43.1","-44.7",-3,-2,"0.2",40,599,1693,1,1,"0.0","a",0,0,,"false"
"2026-10-04T13:09:58Z",628,"Allan","MCI","0.1","0.1","0.1","0.1",1,0,"0.0",60,231,171,0,0,"0.0","a",0,0,,"false"
"2026-10-04T13:09:58Z",653,"Samba","MCI","-42.5","-42.5","-42.5","-42.5",-3,0,"0.0",45,256,507,0,0,"0.0","a",0,0,,"false"
"2026-10-04T13:09:58Z",43,"Tielemans","MUN","-39.1","-39.2","-39.5","-39.9",-2,-3,"1.5",58,3291,11052,14,402,"2.7","a",0,-2,,"false"
"2026-10-04T13:09:58Z",131,"Baleba","MUN","0.1","0.1","0.1","0.0",1,-2,"0.1",49,1383,771,0,0,"0.0","a",0,-1,,"false"
"2026-10-04T13:09:58Z",162,"Andrey Santos","MUN","-53.1","-53.4","-53.9","-54.5",-3,-2,"0.6",48,1068,5116,4,82,"0.3","a",0,-2,,"false"
"2026-10-04T13:09:58Z",325,"Darlow","MUN","-24.7","-24.7","-24.7","-24.7",-2,0,"0.0",45,63,229,0,0,"0.0","d",0,0,,"false"
"2026-10-04T13:09:58Z",412,"Lammens","MUN","-17.8","-17.8","-17.9","-18.0",-1,-6,"9.9",49,7124,50453,11,450,"2.7","a",0,-1,,"false"
"2026-10-04T13:09:58Z",413,"Bayindir","MUN","0.0","0.0","0.0","0.0",0,0,"0.0",45,0,43,0,0,"0.0","u",0,0,,"false"
"2026-10-04T13:09:58Z",414,"Heaton","MUN","-37.0","-37.0","-37.0","-37.0",-2,0,"0.1",40,212,284,0,0,"0.0","i",0,0,,"false"
"2026-10-04T13:09:58Z",415,"Dorgu","MUN","-63.3","-63.3","-63.3","-63.3",-3,0,"0.5",58,1033,4445,10,171,"3.0","d",0,-2,,"false"
"2026-10-04T13:09:58Z",416,"De Ligt","MUN","-99.5","-99.5","-99.5","-99.5",-4,0,"0.0",50,84,136,0,0,"0.0","i",0,0,,"false"
"2026-10-04T13:09:58Z",417,"Dalot","MUN","-80.5","-80.6","-80.7","-80.9",-3,-2,"1.6",49,1374,7824,8,346,"1.7","a",0,-1,,"false"
"2026-10-04T13:09:58Z",418,"Maguire","MUN","-2.2","-2.2","-2.3","-2.4",-1,-8,"8.6",48,4630,77002,10,450,"1.7","a",-1,-2,,"false"
"2026-10-04T13:09:58Z",419,"Martinez","MUN","-0.0","0.0","0.0","0.1",0,2,"1.3",49,3844,6672,6,360,"1.7","a",-1,-1,,"false"
"2026-10-04T13:09:58Z",420,"Yoro","MUN","-11.5","-11.6","-11.9","-12.1",-1,-1,"0.5",48,483,2260,2,22,"0.3","a",-1,-2,,"false"
"2026-10-04T13:09:58Z",421,"Heaven","MUN","-0.3","-0.3","-0.3","-0.3",-1,0,"0.3",43,258,1528,1,90,"0.0","a",-1,-2,,"false"
"2026-10-04T13:09:58Z",422,"Mazraoui","MUN","-76.8","-76.8","-76.8","-76.8",-3,0,"0.5",44,608,2939,3,97,"0.3","a",0,-1,,"false"
"2026-10-04T13:09:58Z",423,"Shaw","MUN","-5.2","-5.2","-5.4","-5.6",-1,-14,"7.7",43,3931,78666,9,335,"2.0","a",-1,-2,,"false"
"2026-10-04T13:09:58Z",424,"Amass","MUN","-47.4","-47.0","-46.0","-45.1",-3,1,"0.2",40,439,813,0,0,"0.0","a",0,0,,"false"
"2026-10-04T13:09:58Z",425,"Fredricson","MUN","0.0","0.0","0.0","0.0",0,0,"0.0",40,0,51,0,0,"0.0","u",0,0,,"false"
"2026-10-04T13:09:58Z",426,"B.Fernandes","MUN","-1.2","-1.2","-1.2","-1.2",-1,-9,"38.5",119,47896,202998,31,450,"2.0","a",-1,-1,,"false"
"2026-10-04T13:09:58Z",427,"Mbeumo","MUN","-78.5","-78.5","-78.6","-78.7",-3,-10,"20.5",79,39940,134771,25,450,"4.0","a",0,-1,,"false"
"2026-10-04T13:09:58Z",428,"Cunha","MUN","-97.2","-97.2","-97.1","-97.1",-4,2,"5.8",79,23757,22679,26,407,"5.0","a",0,-1,,"false"
"2026-10-04T13:09:58Z",429,"Rashford","MUN","-88.3","-88.5","-89.1","-89.6",-3,-9,"1.4",70,4237,18532,10,351,"2.3","d",0,0,,"false"
"2026-10-04T13:09:58Z",430,"Mount","MUN","0.1","0.1","0.1","0.1",1,0,"0.0",54,193,204,1,10,"0.3","a",0,-1,,"false"
"2026-10-04T13:09:58Z",431,"Amad","MUN","-18.7","-18.7","-18.7","-18.7",-1,0,"0.3",57,138,1933,0,0,"0.0","i",0,-3,,"false"
"2026-10-04T13:09:58Z",432,"Mainoo","MUN","14.0","13.9","13.7","13.5",1,-13,"1.6",55,7862,15913,22,354,"5.7","d",0,0,,"false"
"2026-10-04T13:09:58Z",433,"Ugarte","MUN","-71.3","-71.3","-71.3","-71.3",-3,0,"0.0",50,25,26,0,0,"0.0","i",0,0,,"false"
"2026-10-04T13:09:58Z",434,"J.Fletcher","MUN","-38.4","-38.4","-38.4","-38.4",-2,0,"0.0",49,46,59,0,0,"0.0","a",0,-1,,"false"
"2026-10-04T13:09:58Z",435,"Lacey","MUN","-5.7","-5.7","-5.7","-5.7",-1,0,"0.1",49,386,375,1,10,"0.0","a",0,-1,,"false"
"2026-10-04T13:09:58Z",436,"Collyer","MUN","0.0","0.0","0.0","0.0",0,0,"0.0",50,0,49,0,0,"0.0","u",0,0,,"false"
"2026-10-04T13:09:58Z",437,"Bendito Mantato","MUN","0.0","0.0","0.0","0.0",0,0,"0.2",44,478,909,0,0,"0.0","a",-1,-1,,"false"
"2026-10-04T13:09:58Z",438,"Fletcher","MUN","0.4","0.4","0.4","0.4",1,0,"0.3",44,2618,2197,0,0,"0.0","a",0,-1,,"false"
"2026-10-04T13:09:58Z",439,"Šeško","MUN","-45.1","-45.4","-46.3","-47.1",-3,-15,"1.6",70,6700,25066,8,76,"2.0","d",0,0,,"false"
"2026-10-04T13:09:58Z",440,"Zirkzee","MUN","-8.4","-8.4","-8.4","-8.4",-1,0,"0.4",53,2058,3256,2,20,"0.7","a",-1,-2,,"false"
"2026-10-04T13:09:58Z",441,"Obi","MUN","0.0","0.0","0.0","0.0",0,-11,"0.9",45,0,11667,0,0,"0.0","u",0,0,,"false"
"2026-10-04T13:09:58Z",405,"N.Gonzalez","NEW","0.9","0.9","0.9","0.9",1,0,"0.2",55,656,1873,5,164,"1.0","a",0,0,,"false"
"2026-10-04T13:09:58Z",442,"Pope","NEW","-46.5","-46.6","-46.8","-47.1",-3,-2,"0.9",49,903,3247,0,0,"0.0","a",0,-1,,"false"
"2026-10-04T13:09:58Z",443,"Gillespie","NEW","-40.1","-40.1","-40.1","-40.1",-3,0,"0.0",45,45,90,0,0,"0.0","a",0,0,,"false"
"2026-10-04T13:09:58Z",444,"Jaouen","NEW","-7.0","-7.0","-7.0","-7.0",-1,0,"0.0",44,20,123,0,0,"0.0","d",-1,-1,,"false"
"2026-10-04T13:09:58Z",445,"Thiaw","NEW","18.5","18.5","18.4","18.4",1,-3,"2.2",50,9102,10540,14,450,"1.7","a",0,0,,"false"
"2026-10-04T13:09:58Z",446,"Schär","NEW","-11.8","-12.9","-15.5","-18.2",-1,-3,"0.2",49,588,937,2,25,"0.3","a",0,-1,,"false"
"2026-10-04T13:09:58Z",447,"Botman","NEW","10.2","10.2","10.2","10.3",1,2,"0.7",50,5095,3201,15,450,"2.3","a",0,0,,"false"
"2026-10-04T13:09:58Z",448,"Burn","NEW","-4.4","-4.4","-4.5","-4.6",-1,-2,"0.7",48,118,6039,0,0,"0.0","i",-1,-2,,"false"
"2026-10-04T13:09:58Z",449,"Hall","NEW","8.3","8.6","9.1","9.7",1,98,"17.4",53,256237,22284,31,449,"5.7","a",1,3,,"false"
"2026-10-04T13:09:58Z",450,"Livramento","NEW","1.6","1.6","1.6","1.6",1,0,"0.1",49,457,1561,4,33,"1.3","d",0,-1,,"false"
"2026-10-04T13:09:58Z",451,"A.Murphy","NEW","0.0","0.0","0.0","0.0",0,0,"0.1",40,0,305,0,0,"0.0","u",0,0,,"false"
"2026-10-04T13:09:58Z",453,"Barnes","NEW","17.6","17.8","18.3","18.8",1,91,"5.8",61,168913,20263,28,450,"7.7","a",1,1,,"false"
"2026-10-04T13:09:58Z",454,"Elanga","NEW","-43.4","-43.6","-44.3","-44.9",-3,-84,"4.5",61,346,170946,18,232,"0.3","i",-1,1,,"false"
"2026-10-04T13:09:58Z",456,"J.Ramsey","NEW","-97.5","-97.7","-98.2","-98.7",-4,-2,"0.2",49,71,4868,7,69,"2.0","i",0,-1,,"false"
"2026-10-04T13:09:58Z",457,"J.Murphy","NEW","-20.3","-19.4","-17.0","-14.7",-1,2,"0.1",59,1011,827,3,181,"0.7","a",0,-1,,"false"
"2026-10-04T13:09:58Z",458,"Joelinton","NEW","-65.2","-65.2","-65.2","-65.2",-3,0,"0.0",54,21,84,0,0,"0.0","i",0,-1,,"false"
"2026-10-04T13:09:58Z",459,"L.Miley","NEW","0.6","0.6","0.7","0.7",1,2,"0.1",55,491,545,12,396,"2.0","d",0,0,,"false"
"2026-10-04T13:09:58Z",460,"Willock","NEW","16.1","16.1","16.2","16.2",1,4,"0.6",50,10109,2918,22,284,"4.3","a",0,0,,"false"
"2026-10-04T13:09:58Z",461,"Touré","NEW","-12.1","-11.5","-10.0","-8.5",-1,1,"0.1",58,342,885,8,50,"2.3","a",0,-2,,"false"
"2026-10-04T13:09:58Z",462,"Steur","NEW","-54.4","-54.4","-54.4","-54.4",-3,0,"0.1",49,277,398,8,223,"2.0","a",0,-1,,"false"
"2026-10-04T13:09:58Z",463,"Woltemade","NEW","0.0","0.0","0.0","0.0",0,-1,"0.5",59,0,3892,4,19,"0.0","u",0,-1,,"false"
"2026-10-04T13:09:58Z",464,"Wissa","NEW","65.2","65.5","65.9","66.4",3,32,"18.7",62,93095,145166,15,441,"1.0","a",0,2,,"false"
"2026-10-04T13:09:58Z",465,"Osula","NEW","-9.0","-9.2","-9.7","-10.1",-1,-4,"0.3",58,130,2508,4,55,"0.0","i",-1,-2,,"false"
"2026-10-04T13:09:58Z",466,"Neave","NEW","0.0","0.0","0.0","0.0",0,-2,"0.5",45,0,4028,0,0,"0.0","u",0,0,,"false"
"2026-10-04T13:09:58Z",559,"Bamba","NEW","-73.5","-73.5","-73.5","-73.5",-3,0,"0.1",49,131,503,3,27,"0.7","a",0,-1,,"false"
"2026-10-04T13:09:58Z",567,"Horníček","NEW","24.7","24.8","24.9","25.0",2,7,"1.5",50,7511,5295,14,450,"2.0","a",0,0,,"false"
"2026-10-04T13:09:58Z",593,"Dedić","NEW","-12.3","-12.6","-13.3","-14.0",-1,-22,"1.8",45,276,38785,13,327,"0.3","i",0,0,,"false"
"2026-10-04T13:09:58Z",609,"Shahar","NEW","0.0","0.0","0.0","0.0",0,-1,"0.2",40,0,1912,0,0,"0.0","u",0,0,,"false"
"2026-10-04T13:09:58Z",634,"Fernandez-Pardo","NEW","0.8","0.8","0.9","0.9",1,2,"0.1",60,2173,1475,4,157,"1.3","a",0,0,,"false"
"2026-10-04T13:09:58Z",659,"Miley","NEW","0.0","0.0","0.0","0.0",0,0,"0.0",45,1457,661,0,0,"0.0","a",0,0,,"false"
"2026-10-04T13:09:58Z",663,"Pivas","NEW","0.0","0.0","0.0","0.0",0,0,"0.0",40,419,64,0,0,"0.0","a",0,0,,"false"
"2026-10-04T13:09:58Z",664,"Salia","NEW","0.1","0.2","0.3","0.4",1,9,"0.1",45,10197,1696,0,0,"0.0","a",0,0,,"false"
"2026-10-04T13:09:58Z",665,"Mills","NEW","0.0","0.0","0.0","0.0",0,0,"0.0",45,169,31,0,0,"0.0","a",0,0,,"false"
"2026-10-04T13:09:58Z",666,"Thompson","NEW","0.0","0.0","0.0","0.0",0,0,"0.0",45,245,36,0,0,"0.0","a",0,0,,"false"
"2026-10-04T13:09:58Z",167,"Delap","NFO","-25.1","-25.3","-25.9","-26.4",-2,-9,"2.7",56,25556,29616,9,277,"2.7","a",1,1,,"false"
"2026-10-04T13:09:58Z",201,"Muñoz","NFO","-49.5","-49.7","-50.2","-50.8",-3,-19,"5.7",54,8201,31151,5,257,"1.7","a",0,-1,,"false"
"2026-10-04T13:09:58Z",467,"Sels","NFO","4.6","4.5","4.5","4.4",1,-4,"1.6",50,2097,6378,14,450,"3.7","a",0,0,,"false"
"2026-10-04T13:09:58Z",468,"John","NFO","-76.8","-76.8","-76.8","-76.8",-3,0,"0.1",45,66,161,0,0,"0.0","a",0,0,,"false"
"2026-10-04T13:09:58Z",469,"N.Williams","NFO","25.0","24.9","24.6","24.4",2,-15,"8.7",50,11622,48678,19,450,"3.7","a",0,0,,"false"
"2026-10-04T13:09:58Z",470,"Morato","NFO","0.0","0.0","0.0","0.0",0,0,"0.0",50,0,122,0,0,"0.0","u",0,0,,"false"
"2026-10-04T13:09:58Z",471,"Milenković","NFO","-14.5","-14.6","-14.8","-15.0",-1,-6,"1.0",54,67,12675,12,270,"2.3","i",-1,-1,,"false"
"2026-10-04T13:09:58Z",472,"Murillo","NFO","25.2","25.2","25.1","25.0",2,-5,"2.1",55,8993,8547,23,449,"6.0","a",0,0,,"false"
"2026-10-04T13:09:58Z",473,"Aina","NFO","-3.5","-3.5","-3.6","-3.7",-1,-3,"2.4",44,1111,21058,8,306,"1.0","a",-1,-1,,"false"
"2026-10-04T13:09:58Z",474,"Jair Cunha","NFO","-49.6","-49.6","-49.6","-49.6",-3,0,"0.2",45,275,665,11,360,"3.0","a",0,0,,"false"
"2026-10-04T13:09:58Z",475,"Savona","NFO","-18.8","-18.8","-18.8","-18.8",-1,0,"0.0",45,21,20,0,0,"0.0","i",0,0,,"false"
"2026-10-04T13:09:58Z",476,"O.Richards","NFO","-70.2","-69.8","-68.9","-68.0",-3,1,"0.2",40,317,767,0,0,"0.0","a",0,0,,"false"
"2026-10-04T13:09:58Z",477,"Abbott","NFO","0.0","0.0","0.0","0.0",0,0,"0.1",40,0,851,0,0,"0.0","u",0,0,,"false"
"2026-10-04T13:09:58Z",478,"Netz","NFO","-8.6","-8.6","-8.6","-8.6",-1,0,"0.0",44,58,122,3,27,"0.3","a",0,-1,,"false"
"2026-10-04T13:09:58Z",479,"Bindon","NFO","0.0","0.0","0.0","0.0",0,0,"0.1",40,0,546,0,0,"0.0","u",0,0,,"false"
"2026-10-04T13:09:58Z",480,"Gibbs-White","NFO","53.4","53.4","53.5","53.5",3,4,"15.7",80,69685,86486,28,450,"4.3","a",0,0,,"false"
"2026-10-04T13:09:58Z",482,"Hudson-Odoi","NFO","-40.7","-41.2","-42.5","-43.8",-3,-1,"0.1",58,276,1189,1,1,"0.0","a",0,-2,,"false"
"2026-10-04T13:09:58Z",483,"Ndoye","NFO","13.8","13.8","13.7","13.6",1,-4,"0.7",55,804,8346,15,316,"1.0","a",0,0,,"false"
"2026-10-04T13:09:58Z",484,"Hutchinson","NFO","0.0","0.0","0.0","0.0",0,0,"0.1",54,0,389,0,0,"0.0","u",0,-1,,"false"
"2026-10-04T13:09:58Z",485,"Bakwa","NFO","0.0","0.0","0.0","0.0",0,-1,"0.0",55,0,37,0,0,"0.0","u",0,0,,"false"
"2026-10-04T13:09:58Z",486,"McAtee","NFO","2.3","2.3","2.3","2.3",1,0,"0.1",55,364,933,12,416,"2.3","a",0,0,,"false"
"2026-10-04T13:09:58Z",487,"Dominguez","NFO","-71.1","-71.1","-71.1","-71.1",-3,0,"0.1",49,63,302,1,1,"0.0","a",0,-1,,"false"
"2026-10-04T13:09:58Z",488,"I.Sangaré","NFO","-0.3","-0.4","-0.7","-0.9",-1,-1,"0.4",48,321,3221,4,105,"0.7","a",-1,-2,,"false"
"2026-10-04T13:09:58Z",489,"Yates","NFO","-92.8","-92.8","-92.8","-92.8",-3,0,"1.2",45,613,7601,0,0,"0.0","a",0,0,,"false"
"2026-10-04T13:09:58Z",490,"Wood","NFO","-41.8","-41.7","-41.5","-41.2",-3,2,"0.9",58,2155,6730,4,62,"1.0","a",0,-2,,"false"
"2026-10-04T13:09:58Z",491,"Igor Jesus","NFO","-0.1","-0.2","-0.5","-0.7",-1,-4,"2.6",58,7768,23962,12,257,"3.0","a",0,-2,,"false"
"2026-10-04T13:09:58Z",493,"Kalimuendo","NFO","0.0","0.0","0.0","0.0",0,0,"0.1",54,242,434,1,1,"0.0","a",0,-1,,"false"
"2026-10-04T13:09:58Z",558,"Schlager","NFO","0.5","0.5","0.5","0.5",1,0,"0.1",50,232,811,13,376,"2.7","a",0,0,,"false"
"2026-10-04T13:09:58Z",581,"Diomande","NFO","-52.0","-52.0","-52.0","-52.0",-3,0,"0.5",54,1600,2352,7,163,"2.3","a",0,-1,,"false"
"2026-10-04T13:09:58Z",590,"Benda","NFO","0.0","0.0","0.0","0.0",0,0,"0.1",45,131,244,0,0,"0.0","a",0,0,,"false"
"2026-10-04T13:09:58Z",112,"Van Hecke","TOT","-17.2","-17.4","-18.0","-18.6",-1,-44,"6.5",49,19037,33616,24,450,"7.3","d",0,-1,,"false"
"2026-10-04T13:09:58Z",147,"Tosin","TOT","-41.5","-41.5","-41.5","-41.5",-3,0,"0.1",44,108,581,1,5,"0.3","a",0,-1,,"false"
"2026-10-04T13:09:58Z",401,"Marmoush","TOT","39.4","39.4","39.5","39.6",2,5,"2.1",70,12664,22539,8,339,"2.0","a",0,0,,"false"
"2026-10-04T13:09:58Z",403,"Sávio","TOT","11.0","11.0","11.0","11.0",1,0,"0.6",65,3098,7203,8,240,"2.7","a",0,0,,"false"
"2026-10-04T13:09:58Z",455,"Tonali","TOT","-20.7","-20.7","-20.7","-20.7",-2,0,"1.8",53,2418,15586,14,427,"3.3","a",-1,-2,,"false"
"2026-10-04T13:09:58Z",494,"Vicario","TOT","0.0","0.0","0.0","0.0",0,0,"0.1",45,0,743,0,0,"0.0","u",0,0,,"false"
"2026-10-04T13:09:58Z",495,"Austin","TOT","2.3","2.2","2.2","2.2",1,-2,"1.0",40,2020,2245,0,0,"0.0","a",0,0,,"false"
"2026-10-04T13:09:58Z",496,"Kinsky","TOT","-53.2","-53.2","-53.4","-53.5",-3,-16,"17.2",45,19390,115029,18,450,"5.0","a",0,0,,"false"
"2026-10-04T13:09:58Z",497,"Dubravka","TOT","-25.5","-25.6","-25.6","-25.7",-2,-9,"17.1",40,27991,50299,0,0,"0.0","a",0,0,,"false"
"2026-10-04T13:09:58Z",498,"Senesi","TOT","-58.2","-58.4","-59.0","-59.5",-3,-12,"3.5",58,1262,22287,3,90,"0.0","a",0,-2,,"false"
"2026-10-04T13:09:58Z",499,"Pedro Porro","TOT","-33.0","-33.2","-33.7","-34.2",-2,-42,"7.5",54,1743,77960,9,198,"2.7","d",0,-1,,"false"
"2026-10-04T13:09:58Z",500,"Romero","TOT","0.0","0.0","0.0","0.0",0,0,"0.1",50,0,307,0,0,"0.0","u",0,0,,"false"
"2026-10-04T13:09:58Z",502,"Robertson","TOT","0.3","0.3","0.2","0.2",1,-3,"2.5",44,5968,13446,17,366,"4.0","a",0,-1,,"false"
"2026-10-04T13:09:58Z",503,"Van de Ven","TOT","-23.3","-23.2","-23.1","-22.9",-2,4,"3.8",50,6302,20577,16,360,"5.3","a",0,0,,"false"
"2026-10-04T13:09:58Z",505,"Spence","TOT","0.0","0.0","0.0","0.0",0,0,"0.2",45,0,1258,0,0,"0.0","u",0,0,,"false"
"2026-10-04T13:09:58Z",506,"Udogie","TOT","-22.3","-22.8","-23.9","-25.0",-2,-2,"0.3",44,353,1676,7,86,"1.7","a",0,-1,,"false"
"2026-10-04T13:09:58Z",507,"Phillips","TOT","0.0","0.0","0.0","0.0",0,0,"0.0",45,0,55,0,0,"0.0","u",0,0,,"false"
"2026-10-04T13:09:58Z",508,"Davies","TOT","1.7","1.7","1.8","1.9",1,6,"0.9",39,7786,4119,0,0,"0.0","a",-1,-1,,"false"
"2026-10-04T13:09:58Z",509,"Byfield","TOT","-4.4","-4.4","-4.4","-4.4",-1,0,"0.1",40,129,253,0,0,"0.0","a",0,0,,"false"
"2026-10-04T13:09:58Z",510,"Rowswell","TOT","-17.1","-17.1","-17.1","-17.1",-1,0,"0.1",40,167,352,0,0,"0.0","a",0,0,,"false"
"2026-10-04T13:09:58Z",511,"Souza","TOT","0.0","0.0","0.0","0.0",0,0,"0.2",40,0,916,0,0,"0.0","u",0,0,,"false"
"2026-10-04T13:09:58Z",512,"Kudus","TOT","2.2","2.2","2.3","2.3",1,3,"0.2",65,2390,1203,7,123,"2.0","a",0,0,,"false"
"2026-10-04T13:09:58Z",513,"Xavi","TOT","-18.0","-18.0","-18.0","-18.0",-1,0,"0.0",59,55,85,0,0,"0.0","i",0,-1,,"false"
"2026-10-04T13:09:58Z",514,"Tel","TOT","-29.1","-29.1","-29.1","-29.1",-2,0,"0.2",57,205,2029,8,257,"1.3","a",-1,-3,,"false"
"2026-10-04T13:09:58Z",515,"Maddison","TOT","-73.7","-73.7","-73.7","-73.7",-3,0,"0.4",63,801,2043,3,59,"0.7","a",0,-2,,"false"
"2026-10-04T13:09:58Z",516,"Bentancur","TOT","-78.0","-77.1","-75.0","-72.9",-3,2,"0.2",55,420,771,15,370,"4.0","a",0,0,,"false"
"2026-10-04T13:09:58Z",517,"Odobert","TOT","0.0","0.0","0.0","0.0",0,0,"0.0",55,30,14,0,0,"0.0","i",0,0,,"false"
"2026-10-04T13:09:58Z",518,"P.M.Sarr","TOT","0.0","0.0","0.0","0.0",0,0,"0.1",49,0,708,0,0,"0.0","u",0,-1,,"false"
"2026-10-04T13:09:58Z",519,"Gallagher","TOT","0.1","0.1","0.0","0.0",1,-1,"0.2",53,832,681,9,134,"3.0","a",0,-2,,"false"
"2026-10-04T13:09:58Z",520,"Bergvall","TOT","-3.7","-3.7","-3.7","-3.7",-1,0,"0.1",53,110,652,3,78,"0.7","a",-1,-2,,"false"
"2026-10-04T13:09:58Z",521,"Kulusevski","TOT","-81.3","-81.3","-81.3","-81.3",-3,0,"0.0",65,105,77,0,0,"0.0","i",0,0,,"false"
"2026-10-04T13:09:58Z",522,"Gray","TOT","-27.1","-27.1","-27.1","-27.1",-2,0,"0.2",49,481,1263,9,307,"1.7","a",0,-1,,"false"
"2026-10-04T13:09:58Z",523,"Moore","TOT","0.0","0.0","0.0","0.0",0,0,"0.1",50,0,559,3,89,"0.0","u",0,0,,"false"
"2026-10-04T13:09:58Z",524,"Olusesi","TOT","8.1","8.1","8.1","8.0",1,-2,"1.0",44,6168,7838,0,0,"0.0","a",0,-1,,"false"
"2026-10-04T13:09:58Z",525,"Fernandes","TOT","-11.5","-11.7","-12.2","-12.6",-1,-4,"0.8",57,497,6907,7,249,"1.3","a",-1,-3,,"false"
"2026-10-04T13:09:58Z",526,"Solanke","TOT","-32.3","-32.3","-32.3","-32.3",-2,0,"0.8",58,2090,5947,7,170,"1.7","a",0,-2,,"false"
"2026-10-04T13:09:58Z",527,"Richarlison","TOT","0.0","0.0","0.0","0.0",0,-4,"0.6",59,0,6037,2,67,"0.0","u",0,-1,,"false"
"2026-10-04T13:09:58Z",528,"Scarlett","TOT","0.0","0.0","0.0","0.0",0,-4,"1.1",45,0,8345,0,0,"0.0","u",0,0,,"false"
"2026-10-04T13:09:58Z",578,"Mudryk","TOT","-13.0","-13.0","-13.0","-13.0",-1,0,"0.0",53,21,578,1,16,"0.3","i",-1,-2,,"false"
"2026-10-04T13:09:58Z",601,"Williams-Barnett","TOT","-54.9","-54.9","-54.9","-54.9",-3,0,"0.1",45,175,781,0,0,"0.0","a",0,0,,"false"
"2026-10-04T13:09:58Z",501,"Danso","SUN","-85.1","-85.1","-85.1","-85.1",-3,0,"0.2",50,1209,872,3,270,"1.0","a",0,0,,"false"
"2026-10-04T13:09:58Z",529,"Roefs","SUN","-17.5","-17.6","-17.8","-18.1",-1,-4,"2.4",49,2130,12139,11,450,"1.3","a",0,-1,,"false"
"2026-10-04T13:09:58Z",530,"Patterson","SUN","0.0","0.0","0.0","0.0",0,0,"0.1",40,0,370,0,0,"0.0","u",0,0,,"false"
"2026-10-04T13:09:58Z",531,"Ellborg","SUN","0.0","0.0","0.0","0.0",0,0,"0.1",44,145,262,0,0,"0.0","a",-1,-1,,"false"
"2026-10-04T13:09:58Z",532,"Ballard","SUN","-56.9","-57.1","-57.5","-57.9",-3,-12,"2.5",49,3630,18393,14,450,"2.0","d",0,-1,,"false"
"2026-10-04T13:09:58Z",533,"Mukiele","SUN","-17.6","-17.5","-17.3","-17.1",-1,2,"1.9",54,5358,9180,13,360,"1.3","a",0,-1,,"false"
"2026-10-04T13:09:58Z",534,"Hume","SUN","-8.5","-8.6","-8.7","-8.9",-1,-5,"2.8",43,1269,30783,10,206,"0.7","a",-1,-2,,"false"
"2026-10-04T13:09:58Z",535,"Alderete","SUN","-7.2","-7.2","-7.2","-7.2",-1,0,"0.2",48,233,1107,1,23,"0.0","a",-1,-2,,"false"
"2026-10-04T13:09:58Z",536,"Reinildo","SUN","-0.2","-0.0","0.0","0.0",0,1,"0.3",44,220,1606,7,360,"0.0","a",-1,-1,,"false"
"2026-10-04T13:09:58Z",537,"Seelt","SUN","0.0","0.0","0.0","0.0",0,0,"0.0",45,0,23,0,0,"0.0","u",0,0,,"false"
"2026-10-04T13:09:58Z",538,"Hjelde","SUN","0.0","0.0","0.0","0.0",0,0,"0.0",40,0,165,0,0,"0.0","u",0,0,,"false"
"2026-10-04T13:09:58Z",539,"O'Nien","SUN","4.3","4.3","4.3","4.3",1,0,"2.5",39,18451,12197,1,66,"0.0","a",-1,-1,,"false"
"2026-10-04T13:09:58Z",540,"Masuaku","SUN","0.0","0.0","0.0","0.0",0,0,"0.1",40,0,650,0,0,"0.0","u",0,0,,"false"
"2026-10-04T13:09:58Z",541,"Meunier","SUN","-33.1","-32.8","-32.1","-31.4",-2,1,"0.3",45,1723,944,14,396,"2.3","a",0,0,,"false"
"2026-10-04T13:09:58Z",542,"E.Le Fée","SUN","-4.6","-4.7","-4.8","-5.0",-1,-5,"3.4",57,12013,25085,18,438,"4.3","a",-1,-3,,"false"
"2026-10-04T13:09:58Z",543,"Diarra","SUN","-1.0","-1.0","-1.0","-1.0",-1,0,"0.0",53,20,246,5,28,"0.0","i",-1,-2,,"false"
"2026-10-04T13:09:58Z",544,"Xhaka","SUN","-77.1","-77.3","-77.7","-78.1",-3,-9,"3.6",55,6534,24131,21,450,"2.0","a",0,0,,"false"
"2026-10-04T13:09:58Z",545,"Sadiki","SUN","-78.0","-78.0","-78.0","-78.0",-3,0,"0.2",49,417,1408,10,410,"1.7","a",0,-1,,"false"
"2026-10-04T13:09:58Z",546,"Adingra","SUN","0.0","0.0","0.0","0.0",0,-1,"0.0",49,0,192,0,0,"0.0","u",0,-1,,"false"
"2026-10-04T13:09:58Z",547,"Mundle","SUN","-83.5","-83.5","-83.5","-83.5",-3,0,"0.0",49,10,56,1,1,"0.0","i",0,-1,,"false"
"2026-10-04T13:09:58Z",548,"Rigg","SUN","-80.9","-80.9","-80.9","-80.9",-3,0,"0.0",49,34,240,2,17,"0.0","a",0,-1,,"false"
"2026-10-04T13:09:58Z",549,"Talbi","SUN","-31.1","-31.8","-33.3","-34.8",-2,-1,"0.1",53,115,590,1,31,"0.0","a",0,-2,,"false"
"2026-10-04T13:09:58Z",550,"Jocelin.T","SUN","-97.2","-97.2","-97.2","-97.2",-4,0,"0.0",50,37,44,0,0,"0.0","a",0,0,,"false"
"2026-10-04T13:09:58Z",551,"N.Angulo","SUN","1.4","1.4","1.4","1.4",1,0,"0.1",50,532,811,16,313,"2.7","a",0,0,,"false"
"2026-10-04T13:09:58Z",552,"Brobbey","SUN","83.9","83.7","83.3","82.9",3,-26,"6.9",57,196775,49981,24,399,"6.7","d",-1,-3,,"false"
"2026-10-04T13:09:58Z",553,"Isidor","SUN","3.2","3.2","3.3","3.3",1,4,"1.3",55,3558,11950,15,117,"2.0","a",0,0,,"false"
"2026-10-04T13:09:58Z",612,"Methalie","SUN","0.0","0.0","0.0","0.0",0,0,"0.0",45,125,73,-1,90,"-0.3","a",0,0,,"false"
"2026-10-04T13:09:58Z",613,"Ahoka","SUN","-48.3","-48.6","-49.4","-50.3",-3,-1,"0.2",45,618,1652,0,0,"0.0","a",0,0,,"false"
"2026-10-04T13:09:58Z",646,"Fofana","SUN","-11.5","-11.5","-11.5","-11.5",-1,0,"0.0",55,343,309,3,60,"1.0","a",0,0,,"false"
"2026-10-04T13:09:58Z",651,"J.Angulo","SUN","5.2","5.2","5.2","5.2",1,2,"0.7",45,9184,7493,0,0,"0.0","a",0,0,,"false"
"2026-10-04T14:59:33Z",1,"Raya","ARS","1.7","1.7","1.8","1.8",1,14,"42.3",61,132519,51830,30,450,"6.0","a",1,1,,"false"
"2026-10-04T14:59:33Z",2,"Arrizabalaga","ARS","-52.2","-52.2","-52.2","-52.2",-3,0,"0.1",49,114,273,0,0,"0.0","a",0,-1,,"false"
"2026-10-04T14:59:33Z",3,"Meslier","ARS","-40.8","-40.8","-40.8","-40.8",-3,0,"0.0",49,50,129,0,0,"0.0","a",0,-1,,"false"
"2026-10-04T14:59:33Z",4,"Gabriel","ARS","-92.7","-92.7","-92.7","-92.7",-3,0,"22.7",80,26953,69729,25,450,"4.0","a",0,0,,"false"
"2026-10-04T14:59:33Z",5,"J.Timber","ARS","11.9","12.0","12.1","12.3",1,9,"0.4",65,13741,4455,1,104,"0.3","a",0,0,,"false"
"2026-10-04T14:59:33Z",6,"Saliba","ARS","-26.8","-26.9","-27.2","-27.6",-2,-1,"0.2",59,427,1168,0,0,"0.0","i",0,-1,,"false"
"2026-10-04T14:59:33Z",7,"Lewis-Skelly","ARS","-17.0","-17.0","-16.8","-16.6",-1,1,"0.6",54,1004,5124,9,271,"1.0","a",-1,-1,,"false"
"2026-10-04T14:59:33Z",8,"Calafiori","ARS","98.9","98.9","99.0","99.0",4,4,"50.5",58,82442,66915,29,416,"3.0","a",0,3,,"false"
"2026-10-04T14:59:33Z",9,"Hincapie","ARS","-6.1","-6.3","-6.7","-7.1",-1,-4,"0.9",52,1524,5922,2,32,"0.3","a",-1,-3,,"false"
"2026-10-04T14:59:33Z",10,"White","ARS","-52.4","-52.6","-53.3","-53.9",-3,-36,"4.9",55,3288,70478,21,315,"1.0","d",0,0,,"false"
"2026-10-04T14:59:33Z",11,"Mosquera","ARS","-27.5","-27.6","-28.0","-28.4",-2,-4,"1.6",53,1282,9870,12,168,"0.0","a",0,-2,,"false"
"2026-10-04T14:59:33Z",12,"Saka","ARS","97.9","98.4","99.9","101.3",4,95,"13.8",95,124905,50137,32,416,"4.0","a",0,0,,"false"
"2026-10-04T14:59:33Z",13,"Rice","ARS","-37.1","-37.3","-37.9","-38.4",-2,-73,"11.6",74,7745,89195,20,411,"4.0","d",0,-1,,"false"
"2026-10-04T14:59:33Z",14,"Eze","ARS","-0.4","-0.4","-0.4","-0.4",-1,0,"1.0",62,2733,7099,4,85,"0.7","a",-1,-3,,"false"
"2026-10-04T14:59:33Z",15,"Ødegaard","ARS","0.2","0.4","0.9","1.4",1,34,"19.8",68,83490,92923,29,377,"5.0","a",0,3,,"false"
"2026-10-04T14:59:33Z",16,"Madueke","ARS","-27.3","-27.3","-27.3","-27.3",-2,0,"0.2",62,773,1621,2,23,"0.3","a",0,-3,,"false"
"2026-10-04T14:59:33Z",17,"Merino","ARS","-0.4","-0.5","-0.8","-1.0",-1,-1,"0.4",57,811,2995,4,81,"0.7","a",-1,-3,,"false"
"2026-10-04T14:59:33Z",18,"Martinelli","ARS","0.0","0.0","0.0","0.0",0,0,"0.1",63,0,603,0,0,"0.0","u",0,-2,,"false"
"2026-10-04T14:59:33Z",19,"Zubimendi","ARS","-51.3","-51.3","-51.3","-51.3",-3,0,"0.6",53,533,3873,5,89,"1.0","a",0,-2,,"false"
"2026-10-04T14:59:33Z",20,"Dowman","ARS","-29.0","-29.0","-29.0","-29.0",-2,0,"0.1",53,475,616,1,9,"0.3","a",0,-2,,"false"
"2026-10-04T14:59:33Z",22,"Nwaneri","ARS","0.0","0.0","0.0","0.0",0,0,"0.0",54,0,53,0,0,"0.0","u",0,-1,,"false"
"2026-10-04T14:59:33Z",23,"Fábio Vieira","ARS","0.0","0.0","0.0","0.0",0,0,"0.0",55,0,44,0,0,"0.0","u",0,0,,"false"
"2026-10-04T14:59:33Z",24,"Nelson","ARS","0.0","0.0","0.0","0.0",0,0,"0.0",55,0,24,0,0,"0.0","u",0,0,,"false"
"2026-10-04T14:59:33Z",25,"Gyökeres","ARS","-0.9","-0.5","0.5","1.2",-1,45,"3.2",71,14920,17900,2,29,"0.7","a",-1,-4,,"false"
"2026-10-04T14:59:33Z",26,"Havertz","ARS","1.3","1.0","-0.1","-0.8",1,-68,"8.2",76,50793,70335,19,437,"3.7","d",0,1,,"false"
"2026-10-04T14:59:33Z",27,"G.Jesus","ARS","0.0","0.0","0.0","0.0",0,-1,"0.1",59,0,1068,0,0,"0.0","u",0,-1,,"false"
"2026-10-04T14:59:33Z",31,"Konsa","ARS","0.9","1.0","1.0","1.0",1,5,"19.4",46,95320,50450,12,281,"3.7","a",1,1,,"false"
"2026-10-04T14:59:33Z",452,"Bruno G.","ARS","0.5","0.5","0.6","0.6",1,2,"1.8",67,6189,8019,9,123,"2.7","a",0,-3,,"false"
"2026-10-04T14:59:33Z",557,"Tzolis","ARS","-8.2","-8.5","-9.1","-9.8",-1,-155,"12.0",63,12441,152568,16,362,"3.3","d",-1,-2,,"false"
"2026-10-04T14:59:33Z",29,"M.Bizot","AVL","-40.1","-40.4","-41.2","-42.1",-3,-2,"0.1",45,66,1048,1,90,"0.0","i",0,0,,"false"
"2026-10-04T14:59:33Z",30,"Digne","AVL","0.0","0.0","0.0","0.0",0,0,"0.0",45,0,241,0,0,"0.0","u",0,0,,"false"
"2026-10-04T14:59:33Z",32,"Cash","AVL","-24.6","-24.7","-25.0","-25.4",-2,-10,"4.8",44,2844,26188,6,296,"1.7","a",0,-1,,"false"
"2026-10-04T14:59:33Z",33,"Mings","AVL","0.8","0.8","0.9","0.9",1,3,"0.4",45,1884,1500,10,261,"3.0","a",0,0,,"false"
"2026-10-04T14:59:33Z",34,"Pau","AVL","-0.8","-0.8","-0.8","-0.8",-1,0,"0.3",44,46,3258,3,187,"0.3","i",-1,-1,,"false"
"2026-10-04T14:59:33Z",35,"Bogarde","AVL","-3.8","-3.8","-3.8","-3.8",-1,0,"0.1",49,177,452,1,16,"0.0","a",-1,-1,,"false"
"2026-10-04T14:59:33Z",36,"Maatsen","AVL","-3.3","-3.3","-3.5","-3.6",-1,-2,"0.5",44,51,6468,9,335,"2.7","i",-1,-1,,"false"
"2026-10-04T14:59:33Z",37,"Lindelöf","AVL","1.0","1.0","1.0","0.9",1,-3,"0.3",45,1133,1373,8,450,"2.7","a",0,0,,"false"
"2026-10-04T14:59:33Z",38,"A.García","AVL","-36.7","-36.8","-37.0","-37.1",-2,-2,"1.5",40,1913,6304,0,0,"0.0","a",0,0,,"false"
"2026-10-04T14:59:33Z",39,"Nedeljkovic","AVL","0.0","0.0","0.0","0.0",0,0,"0.1",40,0,592,0,0,"0.0","u",0,0,,"false"
"2026-10-04T14:59:33Z",41,"Buendía","AVL","-35.4","-35.0","-33.8","-32.6",-2,8,"1.0",59,12978,4514,21,401,"5.7","a",0,-1,,"false"
"2026-10-04T14:59:33Z",44,"Bailey","AVL","0.0","0.0","0.0","0.0",0,-1,"0.1",54,0,519,0,0,"0.0","u",0,-1,,"false"
"2026-10-04T14:59:33Z",45,"McGinn","AVL","-21.2","-21.1","-20.9","-20.8",-2,2,"2.2",54,7299,9051,17,434,"5.0","a",0,-1,,"false"
"2026-10-04T14:59:33Z",46,"Barkley","AVL","0.5","0.5","0.5","0.5",1,1,"0.3",50,593,1844,10,308,"2.0","a",0,0,,"false"
"2026-10-04T14:59:33Z",47,"Kamara","AVL","-83.6","-84.0","-85.0","-86.1",-3,-2,"0.3",50,1383,1647,15,443,"3.7","a",0,0,,"false"
"2026-10-04T14:59:33Z",48,"Onana","AVL","-11.2","-11.2","-11.2","-11.2",-1,0,"0.0",49,44,98,0,0,"0.0","i",0,-1,,"false"
"2026-10-04T14:59:33Z",49,"Iling Jr","AVL","0.0","0.0","0.0","0.0",0,0,"0.0",50,0,11,0,0,"0.0","u",0,0,,"false"
"2026-10-04T14:59:33Z",50,"Burrowes","AVL","-83.0","-83.0","-83.0","-83.0",-3,0,"0.6",45,661,3504,0,0,"0.0","a",0,0,,"false"
"2026-10-04T14:59:33Z",51,"George Hemmings","AVL","14.2","14.2","14.1","14.1",1,-1,"1.2",45,3333,10053,9,297,"1.7","a",0,0,,"false"
"2026-10-04T14:59:33Z",52,"Alysson","AVL","-4.2","-4.2","-4.2","-4.2",-1,0,"0.0",50,69,810,8,87,"2.3","d",0,0,,"false"
"2026-10-04T14:59:33Z",53,"Manzambi","AVL","9.1","9.1","9.2","9.4",1,9,"0.4",59,29144,3627,14,98,"4.7","a",0,-1,,"false"
"2026-10-04T14:59:33Z",54,"Gomes","AVL","0.1","0.1","0.1","0.1",1,0,"0.0",55,490,205,2,129,"1.3","a",0,0,,"false"
"2026-10-04T14:59:33Z",55,"Watkins","AVL","0.0","0.0","0.0","0.0",0,-16,"2.5",78,0,13490,0,0,"0.0","u",0,-2,,"false"
"2026-10-04T14:59:33Z",56,"Abraham","AVL","3.6","3.6","3.6","3.6",1,0,"0.2",55,1801,1802,4,71,"1.0","a",0,0,,"false"
"2026-10-04T14:59:33Z",160,"Garnacho","AVL","-69.8","-69.8","-69.8","-69.8",-3,0,"0.3",58,577,2861,3,31,"0.3","a",0,-2,,"false"
"2026-10-04T14:59:33Z",166,"N.Jackson","AVL","55.1","55.3","55.7","56.0",3,24,"1.5",65,38887,8662,10,286,"2.7","a",0,0,,"false"
"2026-10-04T14:59:33Z",582,"Madjo","AVL","-26.3","-26.3","-26.3","-26.3",-2,0,"0.2",54,262,1853,0,0,"0.0","i",0,-1,,"false"
"2026-10-04T14:59:33Z",596,"Ruggeri","AVL","-74.2","-73.5","-71.4","-69.3",-3,1,"0.1",45,584,354,5,113,"1.3","a",0,0,,"false"
"2026-10-04T14:59:33Z",597,"Suzuki","AVL","31.1","31.1","31.2","31.3",2,6,"1.9",50,14215,6943,16,360,"4.7","a",0,0,,"false"
"2026-10-04T14:59:33Z",606,"Rowe","AVL","0.1","0.1","0.1","0.1",1,0,"0.2",40,329,929,0,0,"0.0","a",0,0,,"false"
"2026-10-04T14:59:33Z",607,"Lynch","AVL","0.0","0.0","0.0","0.0",0,0,"0.1",45,0,730,0,0,"0.0","u",0,0,,"false"
"2026-10-04T14:59:33Z",611,"Wan-Bissaka","AVL","2.2","2.2","2.2","2.2",1,2,"0.2",45,1511,1488,6,152,"1.7","a",0,0,,"false"
"2026-10-04T14:59:33Z",618,"Goretzka","AVL","-43.8","-43.8","-43.8","-43.8",-3,0,"0.0",59,27,429,0,0,"0.0","i",0,-1,,"false"
"2026-10-04T14:59:33Z",630,"Harwood-Bellis","AVL","0.0","0.0","0.0","0.0",0,0,"0.0",45,204,197,0,0,"0.0","a",0,0,,"false"
"2026-10-04T14:59:33Z",631,"Mbaye","AVL","0.3","0.3","0.4","0.4",1,1,"0.1",60,948,1156,2,33,"0.7","a",0,0,,"false"
"2026-10-04T14:59:33Z",667,"Wright","AVL","0.1","0.1","0.1","0.1",1,0,"0.1",40,7577,928,0,0,"0.0","a",0,0,,"false"
"2026-10-04T14:59:33Z",57,"Petrović","BOU","0.2","0.2","0.2","0.2",1,0,"3.0",45,6717,12364,9,450,"1.3","a",0,0,,"false"
"2026-10-04T14:59:33Z",58,"Forster","BOU","4.8","4.8","4.8","4.8",1,0,"3.5",40,8555,7673,0,0,"0.0","a",0,0,,"false"
"2026-10-04T14:59:33Z",59,"Dennis","BOU","0.0","0.0","0.0","0.0",0,0,"0.1",40,0,579,0,0,"0.0","u",0,0,,"false"
"2026-10-04T14:59:33Z",60,"Hill","BOU","-33.7","-33.7","-33.7","-33.7",-2,0,"0.8",55,3397,3255,12,450,"2.3","a",0,0,,"false"
"2026-10-04T14:59:33Z",61,"Truffert","BOU","-1.6","-1.6","-1.6","-1.6",-1,0,"3.0",54,4902,12774,10,450,"1.7","a",-1,-1,,"false"
"2026-10-04T14:59:33Z",62,"Diakité","BOU","-6.0","-6.0","-6.0","-6.0",-1,0,"0.2",49,491,1000,0,0,"0.0","a",-1,-1,,"false"
"2026-10-04T14:59:33Z",63,"Milosavljević","BOU","-3.5","-3.5","-3.5","-3.5",-1,0,"0.0",49,35,50,0,0,"0.0","i",0,-1,,"false"
"2026-10-04T14:59:33Z",64,"Smith","BOU","0.3","0.3","0.3","0.3",1,0,"0.1",45,419,508,4,434,"0.7","a",0,0,,"false"
"2026-10-04T14:59:33Z",65,"J.Araujo","BOU","-12.5","-12.5","-12.5","-12.5",-1,0,"0.0",44,42,57,0,0,"0.0","i",0,-1,,"false"
"2026-10-04T14:59:33Z",66,"Soler","BOU","1.4","1.5","1.5","1.5",1,1,"0.3",40,767,1166,0,0,"0.0","a",0,0,,"false"
"2026-10-04T14:59:33Z",67,"Rayan","BOU","-10.3","-10.4","-10.5","-10.7",-1,-2,"1.6",63,4290,10110,10,434,"2.0","a",-1,-2,,"false"
"2026-10-04T14:59:33Z",68,"Tavernier","BOU","32.5","32.6","32.9","33.1",2,16,"6.8",61,87881,46906,31,424,"6.7","a",0,1,,"false"
"2026-10-04T14:59:33Z",69,"Scott","BOU","0.4","0.4","0.4","0.4",1,0,"5.8",61,25577,40151,30,446,"5.3","a",0,1,,"false"
"2026-10-04T14:59:33Z",70,"Kluivert","BOU","-59.8","-60.3","-61.7","-63.1",-3,-21,"0.9",60,2304,18990,15,294,"3.0","i",0,0,,"false"
"2026-10-04T14:59:33Z",71,"Cook","BOU","-13.5","-13.9","-15.0","-16.1",-1,-1,"0.2",50,281,1191,8,180,"0.7","a",0,0,,"false"
"2026-10-04T14:59:33Z",72,"Gannon-Doak","BOU","-68.0","-68.0","-68.0","-68.0",-3,0,"0.1",49,151,398,4,12,"1.0","a",0,-1,,"false"
"2026-10-04T14:59:33Z",73,"Adams","BOU","1.6","1.6","1.6","1.6",1,0,"0.3",50,1153,1712,12,279,"3.3","a",0,0,,"false"
"2026-10-04T14:59:33Z",74,"Brooks","BOU","-21.0","-21.0","-21.0","-21.0",-2,0,"0.1",50,188,340,3,45,"0.7","a",0,0,,"false"
"2026-10-04T14:59:33Z",75,"Christie","BOU","0.4","0.4","0.4","0.4",1,0,"0.0",50,308,259,5,102,"1.3","a",0,0,,"false"
"2026-10-04T14:59:33Z",76,"Tóth.A","BOU","-12.2","-12.2","-12.2","-12.2",-1,0,"0.0",49,28,56,2,17,"0.3","a",0,-1,,"false"
"2026-10-04T14:59:33Z",77,"Adli","BOU","-87.3","-87.3","-87.3","-87.3",-3,0,"0.0",49,26,78,0,0,"0.0","i",0,-1,,"false"
"2026-10-04T14:59:33Z",78,"Kroupi.Jr","BOU","-79.5","-79.5","-79.5","-79.5",-3,0,"0.2",74,207,915,0,0,"0.0","i",0,-1,,"false"
"2026-10-04T14:59:33Z",79,"Evanilson","BOU","53.6","53.6","53.8","54.0",3,11,"3.2",60,19340,21914,18,424,"3.0","a",0,0,,"false"
"2026-10-04T14:59:33Z",80,"Enes Ünal","BOU","0.0","0.0","0.0","0.0",0,0,"0.0",55,0,53,0,0,"0.0","u",0,0,,"false"
"2026-10-04T14:59:33Z",81,"Rodríguez","BOU","-32.0","-32.0","-32.0","-32.0",-2,0,"0.1",60,844,750,2,10,"0.3","a",0,0,,"false"
"2026-10-04T14:59:33Z",566,"Silva","BOU","1.5","1.5","1.6","1.6",1,4,"0.4",50,7197,4085,13,450,"2.3","a",0,0,,"false"
"2026-10-04T14:59:33Z",573,"Sanchez","BOU","-13.6","-13.6","-13.6","-13.6",-1,0,"0.2",44,158,460,0,0,"0.0","a",0,-1,,"false"
"2026-10-04T14:59:33Z",608,"Jebbison","BOU","0.6","0.6","0.6","0.6",1,0,"0.1",50,950,935,3,31,"0.7","a",0,0,,"false"
"2026-10-04T14:59:33Z",615,"Di Gregorio","BOU","-29.2","-29.2","-29.2","-29.2",-2,0,"0.0",45,192,200,0,0,"0.0","a",0,0,,"false"
"2026-10-04T14:59:33Z",82,"Kelleher","BRE","21.4","21.4","21.4","21.4",2,0,"6.1",50,20896,14376,20,450,"3.7","a",0,0,,"false"
"2026-10-04T14:59:33Z",83,"Valdimarsson","BRE","-77.9","-77.9","-77.9","-77.9",-3,0,"0.1",45,315,353,0,0,"0.0","a",0,0,,"false"
"2026-10-04T14:59:33Z",84,"Collins","BRE","-31.1","-31.2","-31.4","-31.7",-2,-4,"0.9",54,126,9866,10,196,"0.3","i",0,-1,,"false"
"2026-10-04T14:59:33Z",85,"Van den Berg","BRE","-85.2","-85.2","-85.2","-85.2",-3,0,"0.1",49,40,371,0,0,"0.0","i",0,-1,,"false"
"2026-10-04T14:59:33Z",86,"Lewis-Potter","BRE","33.5","33.5","33.5","33.4",2,-4,"1.7",55,3855,12404,22,406,"2.0","a",0,0,,"false"
"2026-10-04T14:59:33Z",87,"Ajer","BRE","32.2","32.2","32.2","32.2",2,0,"3.9",45,11883,23656,21,450,"3.3","a",0,0,,"false"
"2026-10-04T14:59:33Z",88,"Kayode","BRE","-39.3","-39.3","-39.4","-39.4",-2,-1,"7.6",46,14213,22336,23,294,"2.7","a",0,1,,"false"
"2026-10-04T14:59:33Z",89,"Henry","BRE","-17.0","-17.0","-17.0","-17.0",-1,0,"0.2",44,166,622,1,2,"0.0","a",0,-1,,"false"
"2026-10-04T14:59:33Z",90,"Hickey","BRE","-30.7","-30.7","-30.7","-30.7",-2,0,"0.1",45,193,261,5,152,"1.0","a",0,0,,"false"
"2026-10-04T14:59:33Z",92,"Ji-soo","BRE","-5.1","-5.1","-5.1","-5.1",-1,0,"0.0",44,62,91,0,0,"0.0","a",-1,-1,,"false"
"2026-10-04T14:59:33Z",93,"Schuster","BRE","5.6","5.6","5.6","5.7",1,2,"0.3",45,15923,2557,21,253,"7.0","a",0,0,,"false"
"2026-10-04T14:59:33Z",94,"Schade","BRE","16.5","16.9","18.0","19.2",1,202,"11.8",62,411325,27649,39,447,"8.7","a",1,2,,"false"
"2026-10-04T14:59:33Z",95,"O.Dango","BRE","-52.6","-52.6","-52.6","-52.6",-3,0,"0.5",63,866,3843,7,179,"1.0","a",0,-2,,"false"
"2026-10-04T14:59:33Z",96,"Damsgaard","BRE","-4.2","-4.4","-5.1","-5.9",-1,-3,"0.4",54,1789,2217,16,283,"4.0","d",0,-1,,"false"
"2026-10-04T14:59:33Z",97,"Jensen","BRE","-60.5","-60.5","-60.5","-60.5",-3,0,"0.1",54,20,677,6,66,"0.0","i",0,-1,,"false"
"2026-10-04T14:59:33Z",98,"Janelt","BRE","81.2","81.2","81.2","81.1",3,-3,"2.5",50,20601,18772,28,450,"6.0","a",0,0,,"false"
"2026-10-04T14:59:33Z",99,"Milambo","BRE","-43.1","-43.1","-43.1","-43.1",-3,0,"0.0",50,7,7,0,0,"0.0","i",0,0,,"false"
"2026-10-04T14:59:33Z",100,"Carvalho","BRE","0.3","0.3","0.3","0.3",1,0,"0.0",50,620,180,6,3,"2.0","a",0,0,,"false"
"2026-10-04T14:59:33Z",102,"Yarmoliuk","BRE","-19.2","-19.2","-19.2","-19.2",-1,0,"0.6",48,1412,3449,9,216,"2.3","a",0,-2,,"false"
"2026-10-04T14:59:33Z",103,"Dasilva","BRE","-65.6","-65.6","-65.6","-65.6",-3,0,"0.0",49,10,108,0,0,"0.0","i",0,-1,,"false"
"2026-10-04T14:59:33Z",105,"Anthony","BRE","0.9","0.9","0.9","0.9",1,0,"0.1",59,2457,652,15,267,"4.0","a",0,-1,,"false"
"2026-10-04T14:59:33Z",106,"Thiago","BRE","12.4","12.6","13.1","13.7",1,35,"9.1",78,62680,40281,10,442,"2.7","a",0,-2,,"false"
"2026-10-04T14:59:33Z",107,"Furo","BRE","-6.9","-7.1","-7.5","-7.8",-1,-6,"0.9",45,652,9876,0,0,"0.0","i",0,0,,"false"
"2026-10-04T14:59:33Z",108,"Wilson","BRE","-12.4","-12.4","-12.4","-12.4",-1,0,"0.3",54,1288,2553,3,13,"0.3","a",-1,-1,,"false"
"2026-10-04T14:59:33Z",565,"M.Sangaré","BRE","-34.3","-34.4","-34.9","-35.4",-2,-52,"9.9",56,8774,142966,22,321,"1.3","a",-1,1,,"false"
"2026-10-04T14:59:33Z",620,"Diouf","BRE","-37.6","-38.9","-42.7","-46.5",-2,-2,"0.1",45,494,708,2,39,"0.7","a",0,0,,"false"
"2026-10-04T14:59:33Z",657,"Nunes","BRE","0.0","0.0","0.0","0.0",0,0,"0.0",45,363,278,0,0,"0.0","a",0,0,,"false"
"2026-10-04T14:59:33Z",660,"Fredrick","BRE","0.0","0.0","0.0","0.0",0,0,"0.0",40,547,72,0,0,"0.0","a",0,0,,"false"
"2026-10-04T14:59:33Z",661,"Balcombe","BRE","0.0","0.0","0.0","0.0",0,0,"0.0",40,3002,582,0,0,"0.0","a",0,0,,"false"
"2026-10-04T14:59:33Z",109,"Verbruggen","BHA","67.2","67.3","67.3","67.4",3,4,"21.6",45,76439,75875,23,450,"5.7","a",0,0,,"false"
"2026-10-04T14:59:33Z",111,"Steele","BHA","-1.0","-1.0","-1.2","-1.4",-1,-4,"4.1",40,7468,15477,0,0,"0.0","a",0,0,,"false"
"2026-10-04T14:59:33Z",113,"F.Kadıoğlu","BHA","-62.8","-62.9","-63.3","-63.6",-3,-4,"1.6",44,4243,7288,13,332,"4.3","a",0,-1,,"false"
"2026-10-04T14:59:33Z",114,"Boscagli","BHA","2.9","2.9","3.0","3.1",1,5,"0.3",45,2193,844,19,437,"4.7","a",0,0,,"false"
"2026-10-04T14:59:33Z",115,"De Cuyper","BHA","3.9","4.1","4.7","5.3",1,108,"27.9",50,312163,23491,38,423,"7.0","a",1,5,,"false"
"2026-10-04T14:59:33Z",116,"Dunk","BHA","20.6","20.6","20.4","20.3",2,-9,"1.5",45,7672,10621,22,360,"5.7","d",0,0,,"false"
"2026-10-04T14:59:33Z",117,"Coppola","BHA","-12.4","-12.4","-12.4","-12.4",-1,0,"0.0",45,113,102,0,0,"0.0","a",0,0,,"false"
"2026-10-04T14:59:33Z",118,"Igor","BHA","0.0","0.0","0.0","0.0",0,0,"0.0",45,0,307,0,0,"0.0","u",0,0,,"false"
"2026-10-04T14:59:33Z",119,"Costinha","BHA","0.0","0.0","0.0","0.0",0,0,"0.0",45,175,140,4,68,"1.0","a",0,0,,"false"
"2026-10-04T14:59:33Z",120,"Svoboda","BHA","0.5","0.5","0.5","0.5",1,0,"0.1",50,1353,477,1,4,"0.3","a",0,0,,"false"
"2026-10-04T14:59:33Z",121,"Mitoma","BHA","-26.1","-26.1","-26.1","-26.1",-2,0,"0.0",59,138,185,0,0,"0.0","i",0,-1,,"false"
"2026-10-04T14:59:33Z",122,"Minteh","BHA","-6.2","-6.2","-6.2","-6.2",-1,0,"0.0",58,47,240,0,0,"0.0","i",-1,-2,,"false"
"2026-10-04T14:59:33Z",123,"Hinshelwood","BHA","-42.6","-42.8","-43.2","-43.6",-3,-4,"0.6",59,289,7091,16,63,"0.0","i",0,-1,,"false"
"2026-10-04T14:59:33Z",124,"Groß","BHA","0.9","1.5","3.5","5.5",1,348,"29.3",59,821669,13156,47,450,"10.7","a",2,4,,"false"
"2026-10-04T14:59:33Z",125,"Georginio","BHA","-0.2","-0.2","-0.2","-0.2",-1,0,"0.5",53,2809,4018,6,104,"0.3","a",-1,-2,,"false"
"2026-10-04T14:59:33Z",126,"O'Riley","BHA","-8.7","-8.7","-8.7","-8.7",-1,0,"0.1",54,445,585,2,10,"0.7","a",0,-1,,"false"
"2026-10-04T14:59:33Z",127,"Gomez","BHA","32.2","32.2","32.1","32.0",2,-6,"3.9",50,12730,40052,24,433,"4.3","a",0,0,,"false"
"2026-10-04T14:59:33Z",128,"Buonanotte","BHA","0.0","0.0","0.0","0.0",0,0,"0.0",50,0,7,0,0,"0.0","u",0,0,,"false"
"2026-10-04T14:59:33Z",129,"Ayari","BHA","-46.6","-46.7","-46.9","-47.1",-3,-1,"0.4",54,2477,2107,15,333,"4.3","a",0,-1,,"false"
"2026-10-04T14:59:33Z",130,"Wieffer","BHA","-33.5","-33.5","-33.5","-33.5",-2,0,"0.2",49,34,2074,7,156,"0.0","i",0,-1,,"false"
"2026-10-04T14:59:33Z",132,"Howell","BHA","0.0","0.0","0.0","0.0",0,0,"0.0",45,0,217,0,0,"0.0","u",0,0,,"false"
"2026-10-04T14:59:33Z",133,"Watson","BHA","0.0","0.0","0.0","0.0",0,0,"0.0",50,0,5,0,0,"0.0","u",0,0,,"false"
"2026-10-04T14:59:33Z",134,"Oriola","BHA","-85.9","-85.9","-85.9","-85.9",-3,0,"0.2",45,368,1384,0,0,"0.0","a",0,0,,"false"
"2026-10-04T14:59:33Z",135,"Yohanna","BHA","-1.5","-1.5","-1.5","-1.5",-1,0,"0.0",48,26,404,1,12,"0.0","i",-1,-2,,"false"
"2026-10-04T14:59:33Z",137,"Tzimas","BHA","-4.1","-4.1","-4.1","-4.1",-1,0,"0.0",54,39,56,0,0,"0.0","i",0,-1,,"false"
"2026-10-04T14:59:33Z",138,"Kostoulas","BHA","23.4","23.7","24.7","25.7",2,172,"4.4",56,329605,20998,28,353,"7.3","a",1,1,,"false"
"2026-10-04T14:59:33Z",139,"Ferguson","BHA","-61.4","-62.2","-64.6","-67.0",-3,-1,"0.0",50,145,269,0,0,"0.0","i",0,0,,"false"
"2026-10-04T14:59:33Z",328,"Struijk","BHA","-9.6","-10.3","-12.3","-14.3",-1,-4,"0.2",49,646,950,7,98,"2.3","d",0,-1,,"false"
"2026-10-04T14:59:33Z",504,"Vuskovic","BHA","59.2","59.3","59.8","60.3",3,31,"3.7",50,60816,14436,32,437,"8.7","a",0,0,,"false"
"2026-10-04T14:59:33Z",594,"David","BHA","0.7","0.7","0.7","0.8",1,2,"0.2",59,3321,2285,1,23,"0.0","a",-1,-1,,"false"
"2026-10-04T14:59:33Z",600,"Osman","BHA","-70.9","-70.9","-70.9","-70.9",-3,0,"0.0",50,118,129,3,40,"0.3","a",0,0,,"false"
"2026-10-04T14:59:33Z",605,"Yalcouyé","BHA","56.2","56.1","56.1","56.1",3,-3,"4.0",45,27079,34313,20,236,"3.7","a",0,0,,"false"
"2026-10-04T14:59:33Z",614,"Hadjam","BHA","-5.0","-5.0","-5.0","-5.0",-1,0,"0.0",45,257,260,0,0,"0.0","a",0,0,,"false"
"2026-10-04T14:59:33Z",624,"Cozier-Duberry","BHA","0.0","0.0","0.0","0.0",0,0,"0.0",50,0,5,0,0,"0.0","u",0,0,,"false"
"2026-10-04T14:59:33Z",639,"Andrés","BHA","1.5","1.5","1.6","1.6",1,2,"0.0",55,2854,334,12,109,"4.0","a",0,0,,"false"
"2026-10-04T14:59:33Z",652,"Azeez","BHA","-32.6","-32.6","-32.6","-32.6",-2,0,"0.0",55,19,46,0,0,"0.0","i",0,0,,"false"
"2026-10-04T14:59:33Z",658,"Ibrahim","BHA","0.0","0.0","0.0","0.0",0,0,"0.0",45,319,221,0,0,"0.0","a",0,0,,"false"
"2026-10-04T14:59:33Z",28,"Martinez","CHE","-6.8","-6.9","-7.2","-7.5",-1,-9,"4.7",50,8178,22804,9,360,"2.3","a",0,0,,"false"
"2026-10-04T14:59:33Z",40,"Rogers","CHE","93.6","94.0","95.2","96.4",3,77,"40.6",77,159593,73644,29,437,"5.3","a",0,2,,"false"
"2026-10-04T14:59:33Z",101,"Henderson","CHE","0.0","0.0","0.0","0.0",0,0,"0.0",49,533,168,2,90,"0.7","a",0,-1,,"false"
"2026-10-04T14:59:33Z",136,"Welbeck","CHE","7.2","7.2","7.2","7.2",1,0,"1.0",59,8174,9660,4,85,"1.3","a",0,-1,,"false"
"2026-10-04T14:59:33Z",140,"Sánchez","CHE","0.0","0.0","0.0","0.0",0,-3,"0.7",49,0,5075,2,90,"0.0","u",0,-1,,"false"
"2026-10-04T14:59:33Z",141,"Jörgensen","CHE","0.0","0.0","0.0","0.0",0,0,"0.0",50,0,33,0,0,"0.0","u",0,0,,"false"
"2026-10-04T14:59:33Z",142,"James","CHE","-0.2","-0.3","-0.6","-0.9",-1,-37,"5.8",53,664,80865,3,292,"0.7","d",-1,-2,,"false"
"2026-10-04T14:59:33Z",143,"Chalobah","CHE","0.0","0.0","0.0","0.0",0,0,"0.1",55,0,343,0,0,"0.0","u",0,0,,"false"
"2026-10-04T14:59:33Z",144,"Gusto","CHE","-3.8","-3.8","-3.8","-3.8",-1,0,"0.9",49,1641,7075,4,272,"0.7","a",-1,-1,,"false"
"2026-10-04T14:59:33Z",145,"Fofana","CHE","4.9","4.9","4.9","5.0",1,2,"0.2",50,2656,1368,8,312,"2.7","a",0,0,,"false"
"2026-10-04T14:59:33Z",146,"B.Badiashile","CHE","0.0","0.0","0.0","0.0",0,0,"0.0",45,0,45,0,0,"0.0","u",0,0,,"false"
"2026-10-04T14:59:33Z",148,"Hato","CHE","13.1","13.0","13.0","12.9",1,-4,"0.8",45,875,7584,8,258,"1.0","a",0,0,,"false"
"2026-10-04T14:59:33Z",149,"Colwill","CHE","-10.5","-10.5","-10.3","-10.2",-1,1,"0.9",48,1146,5599,3,341,"0.7","a",-1,-2,,"false"
"2026-10-04T14:59:33Z",150,"M.Sarr","CHE","0.0","0.0","0.0","0.0",0,0,"0.0",45,0,177,0,0,"0.0","u",0,0,,"false"
"2026-10-04T14:59:33Z",151,"Acheampong","CHE","-13.0","-13.4","-14.4","-15.4",-1,-2,"0.3",45,443,2028,5,221,"0.3","a",0,0,,"false"
"2026-10-04T14:59:33Z",152,"Palestra","CHE","-2.4","-2.8","-3.9","-5.1",-1,-8,"0.6",53,251,4056,0,0,"0.0","d",0,-2,,"false"
"2026-10-04T14:59:33Z",154,"Palmer","CHE","-16.6","-17.0","-18.1","-19.3",-1,-134,"25.5",97,50570,180501,28,442,"2.7","d",0,2,,"false"
"2026-10-04T14:59:33Z",156,"Neto","CHE","-6.9","-6.8","-6.3","-5.8",-1,4,"1.4",65,5612,9973,14,332,"2.0","a",0,0,,"false"
"2026-10-04T14:59:33Z",157,"Estêvão","CHE","-33.9","-33.9","-33.9","-33.9",-2,0,"0.7",63,1914,4473,4,23,"1.0","a",0,-2,,"false"
"2026-10-04T14:59:33Z",158,"Gittens","CHE","-4.5","-4.5","-4.5","-4.5",-1,0,"0.0",58,159,265,0,0,"0.0","d",-1,-2,,"false"
"2026-10-04T14:59:33Z",159,"Caicedo","CHE","-3.5","-3.6","-3.8","-4.0",-1,-3,"1.0",53,430,9318,1,13,"0.0","d",0,-2,,"false"
"2026-10-04T14:59:33Z",161,"Lavia","CHE","4.8","4.8","4.8","4.7",1,-3,"0.2",50,458,2531,11,258,"1.0","a",0,0,,"false"
"2026-10-04T14:59:33Z",163,"D.Essugo","CHE","0.0","0.0","0.0","0.0",0,0,"0.1",45,0,752,0,0,"0.0","u",0,0,,"false"
"2026-10-04T14:59:33Z",164,"Quenda","CHE","-28.7","-28.7","-28.7","-28.7",-2,0,"0.0",53,77,186,2,27,"0.3","a",0,-2,,"false"
"2026-10-04T14:59:33Z",165,"João Pedro","CHE","-2.3","-2.3","-2.4","-2.5",-1,-122,"65.0",77,68043,408587,33,360,"4.3","d",-1,2,,"false"
"2026-10-04T14:59:33Z",168,"Marc Guiu","CHE","0.0","0.0","0.0","0.0",0,-3,"0.2",50,0,1617,0,0,"0.0","u",0,0,,"false"
"2026-10-04T14:59:33Z",169,"Mheuka","CHE","4.7","4.7","4.7","4.7",1,0,"0.5",45,4720,3677,0,0,"0.0","a",0,0,,"false"
"2026-10-04T14:59:33Z",170,"Emegha","CHE","-0.9","-0.9","-0.9","-0.9",-1,0,"0.1",49,89,1137,0,0,"0.0","i",-1,-1,,"false"
"2026-10-04T14:59:33Z",200,"Lacroix","CHE","-7.7","-7.7","-7.7","-7.7",-1,1,"6.8",59,8538,30474,13,364,"2.0","a",-1,-1,,"false"
"2026-10-04T14:59:33Z",560,"Penders","CHE","-1.0","-1.0","-1.0","-1.0",-1,0,"0.1",44,250,308,0,0,"0.0","a",0,-1,,"false"
"2026-10-04T14:59:33Z",561,"Anselmino","CHE","-1.7","-1.7","-1.7","-1.7",-1,0,"0.0",45,69,110,0,0,"0.0","a",0,0,,"false"
"2026-10-04T14:59:33Z",568,"Barco","CHE","-15.4","-15.4","-15.4","-15.4",-1,0,"0.1",54,246,469,3,115,"0.7","a",0,-1,,"false"
"2026-10-04T14:59:33Z",583,"Chavarria","CHE","-52.5","-52.5","-52.5","-52.5",-3,0,"0.1",49,446,575,5,208,"1.0","a",0,-1,,"false"
"2026-10-04T14:59:33Z",662,"Nicoll-Jazuli","CHE","-1.1","-1.1","-1.1","-1.1",-1,0,"0.0",45,346,77,1,3,"1.0","a",0,0,,"false"
"2026-10-04T14:59:33Z",91,"Pinnock","COV","-74.4","-74.4","-74.4","-74.4",-3,0,"0.1",45,421,239,14,282,"4.3","a",0,0,,"false"
"2026-10-04T14:59:33Z",104,"Onyeka","COV","-35.8","-35.8","-35.8","-35.8",-2,0,"0.1",49,182,473,9,314,"2.3","a",0,-1,,"false"
"2026-10-04T14:59:33Z",110,"Rushworth","COV","-60.7","-60.7","-60.7","-60.7",-3,0,"0.8",45,2711,6111,16,450,"4.3","a",0,0,,"false"
"2026-10-04T14:59:33Z",171,"Dovin","COV","0.0","0.0","0.0","0.0",0,-2,"1.0",40,0,5005,0,0,"0.0","u",0,0,,"false"
"2026-10-04T14:59:33Z",172,"Wilson","COV","-6.6","-6.6","-6.6","-6.6",-1,0,"0.4",44,252,720,0,0,"0.0","a",0,-1,,"false"
"2026-10-04T14:59:33Z",173,"Thomas","COV","18.0","18.0","17.9","17.9",1,-2,"8.5",40,28007,33634,24,437,"4.3","a",0,0,,"false"
"2026-10-04T14:59:33Z",174,"Kitching","COV","0.0","0.0","0.0","0.0",0,0,"0.3",40,0,1925,0,0,"0.0","u",0,0,,"false"
"2026-10-04T14:59:33Z",175,"van Ewijk","COV","-51.7","-51.8","-51.9","-52.1",-3,-17,"8.7",40,1196,79385,6,360,"1.0","d",0,0,,"false"
"2026-10-04T14:59:33Z",176,"Dasilva","COV","-29.9","-29.7","-29.2","-28.7",-2,2,"0.7",40,6915,1926,20,444,"5.7","a",0,0,,"false"
"2026-10-04T14:59:33Z",177,"Kesler-Hayden","COV","0.2","0.2","0.2","0.2",1,0,"0.0",39,1070,595,0,0,"0.0","i",-1,-1,,"false"
"2026-10-04T14:59:33Z",178,"Bidwell","COV","-31.8","-31.8","-31.8","-31.8",-2,0,"0.1",40,187,313,0,0,"0.0","a",0,0,,"false"
"2026-10-04T14:59:33Z",179,"Latibeaudiere","COV","-79.8","-79.8","-79.8","-79.8",-3,0,"0.0",40,76,142,1,1,"0.3","a",0,0,,"false"
"2026-10-04T14:59:33Z",180,"Woolfenden","COV","0.0","0.0","0.0","0.0",0,0,"0.1",39,46,538,0,0,"0.0","i",-1,-1,,"false"
"2026-10-04T14:59:33Z",181,"Brau","COV","0.0","0.0","0.0","0.0",0,0,"0.0",40,0,105,0,0,"0.0","u",0,0,,"false"
"2026-10-04T14:59:33Z",182,"Amenda","COV","-57.8","-58.0","-58.5","-59.1",-3,-6,"0.6",40,40,7087,4,360,"0.7","i",0,0,,"false"
"2026-10-04T14:59:33Z",183,"Rudoni","COV","0.1","0.1","0.1","0.1",1,0,"0.1",49,961,712,13,297,"3.0","a",0,-1,,"false"
"2026-10-04T14:59:33Z",184,"Grimes","COV","-30.6","-30.6","-30.6","-30.6",-2,0,"0.1",49,194,902,11,443,"2.3","a",0,-1,,"false"
"2026-10-04T14:59:33Z",185,"Sakamoto","COV","-24.4","-25.4","-28.5","-31.6",-2,-1,"0.1",48,131,398,1,31,"0.0","a",0,-2,,"false"
"2026-10-04T14:59:33Z",186,"Mason-Clark","COV","-2.4","-2.4","-2.4","-2.4",-1,0,"0.1",53,76,367,5,231,"1.3","a",-1,-2,,"false"
"2026-10-04T14:59:33Z",187,"Eccles","COV","-4.9","-6.4","-11.0","-15.6",-1,-1,"0.0",48,21,93,0,0,"0.0","i",-1,-2,,"false"
"2026-10-04T14:59:33Z",188,"Torp","COV","-12.5","-12.5","-12.5","-12.5",-1,0,"0.1",53,43,454,3,53,"0.3","a",-1,-2,,"false"
"2026-10-04T14:59:33Z",189,"Shepherd","COV","0.8","0.8","0.8","0.7",1,-2,"0.3",44,4158,2340,0,0,"0.0","a",0,-1,,"false"
"2026-10-04T14:59:33Z",190,"Tchaouna","COV","-86.0","-86.0","-86.0","-86.0",-3,0,"0.1",54,26,362,5,211,"0.7","a",0,-1,,"false"
"2026-10-04T14:59:33Z",191,"Borges Rodrigues","COV","0.0","0.0","0.0","0.0",0,0,"0.1",45,0,711,0,0,"0.0","u",0,0,,"false"
"2026-10-04T14:59:33Z",192,"Andrews","COV","0.0","0.0","0.0","0.0",0,0,"0.3",45,0,2070,0,0,"0.0","u",0,0,,"false"
"2026-10-04T14:59:33Z",193,"Wright","COV","-0.7","-0.7","-0.7","-0.7",-1,0,"0.1",53,50,585,0,0,"0.0","i",-1,-2,,"false"
"2026-10-04T14:59:33Z",194,"Thomas-Asante","COV","3.0","3.1","3.1","3.2",1,5,"0.8",50,8654,6204,9,227,"2.0","a",0,0,,"false"
"2026-10-04T14:59:33Z",195,"Simms","COV","0.0","0.0","0.0","0.0",0,1,"0.6",49,2078,5470,4,104,"0.7","a",-1,-1,,"false"
"2026-10-04T14:59:33Z",196,"Markelo","COV","0.0","0.0","0.0","0.0",0,0,"0.0",50,0,61,0,0,"0.0","u",0,0,,"false"
"2026-10-04T14:59:33Z",197,"Bassette","COV","0.0","0.0","0.0","0.0",0,0,"0.0",45,0,153,0,0,"0.0","u",0,0,,"false"
"2026-10-04T14:59:33Z",492,"Awoniyi","COV","-14.6","-14.7","-14.8","-15.0",-1,-2,"0.4",54,74,5218,3,232,"0.0","s",-1,-1,,"false"
"2026-10-04T14:59:33Z",575,"Yirenkyi","COV","-3.1","-3.4","-4.1","-4.9",-1,-1,"0.1",48,312,1044,9,265,"1.7","a",-1,-2,,"false"
"2026-10-04T14:59:33Z",584,"Hamer","COV","-89.8","-89.8","-89.8","-89.8",-3,0,"0.1",54,43,410,3,32,"0.3","a",0,-1,,"false"
"2026-10-04T14:59:33Z",599,"Cherif","COV","-6.4","-5.8","-3.9","-1.9",-1,1,"0.1",50,558,780,1,30,"0.3","a",0,0,,"false"
"2026-10-04T14:59:33Z",623,"Bentley","COV","2.2","2.2","2.2","2.2",1,0,"0.6",40,8278,2420,0,0,"0.0","a",0,0,,"false"
"2026-10-04T14:59:33Z",655,"Gboho","COV","0.0","0.0","0.0","0.0",0,0,"0.0",55,78,53,0,0,"0.0","a",0,0,,"false"
"2026-10-04T14:59:33Z",656,"Mfuni","COV","0.1","0.1","0.1","0.1",1,0,"0.1",40,1931,896,6,90,"3.0","a",0,0,,"false"
"2026-10-04T14:59:33Z",42,"Guessand","CRY","-29.2","-30.9","-36.0","-41.0",-2,-1,"0.0",54,117,275,2,54,"0.0","a",0,-1,,"false"
"2026-10-04T14:59:33Z",153,"Disasi","CRY","-66.0","-66.0","-66.0","-66.0",-3,0,"0.1",45,28,803,1,139,"0.0","s",0,0,,"false"
"2026-10-04T14:59:33Z",198,"Henderson","CRY","-0.3","-0.4","-0.6","-0.8",-1,-8,"1.3",49,155,11708,5,270,"0.7","i",-1,-1,,"false"
"2026-10-04T14:59:33Z",199,"Benitez","CRY","-24.1","-24.1","-24.1","-24.1",-2,0,"0.1",45,721,397,8,180,"2.7","a",0,0,,"false"
"2026-10-04T14:59:33Z",202,"Richards","CRY","0.0","0.0","0.0","0.0",0,0,"0.6",49,1693,2294,14,450,"3.7","a",-1,-1,,"false"
"2026-10-04T14:59:33Z",203,"Canvot","CRY","-0.3","-0.9","-2.6","-4.3",-1,-3,"0.2",48,440,901,10,360,"3.0","a",-1,-2,,"false"
"2026-10-04T14:59:33Z",204,"Mitchell","CRY","27.9","27.9","28.0","28.0",2,4,"6.1",45,15908,17039,24,419,"7.7","a",0,0,,"false"
"2026-10-04T14:59:33Z",205,"Sosa","CRY","0.0","0.0","0.0","0.0",0,0,"0.0",45,0,110,0,0,"0.0","u",0,0,,"false"
"2026-10-04T14:59:33Z",206,"Chadi Riad","CRY","-5.1","-5.1","-5.1","-5.1",-1,0,"0.0",43,25,129,1,72,"0.0","i",-1,-2,,"false"
"2026-10-04T14:59:33Z",207,"Mingueza","CRY","-92.6","-92.6","-92.6","-92.6",-3,0,"0.1",44,89,289,2,16,"0.3","a",0,-1,,"false"
"2026-10-04T14:59:33Z",208,"Sarr","CRY","0.1","0.1","0.1","0.1",1,1,"0.6",62,2672,2317,1,8,"0.3","a",0,-3,,"false"
"2026-10-04T14:59:33Z",210,"Wharton","CRY","-2.9","-2.9","-2.8","-2.8",-1,1,"0.7",54,1207,4678,12,436,"2.0","a",-1,-1,,"false"
"2026-10-04T14:59:33Z",211,"Yeremy","CRY","4.9","4.9","4.8","4.8",1,-1,"0.3",55,721,2752,14,307,"2.7","a",0,0,,"false"
"2026-10-04T14:59:33Z",212,"Hughes","CRY","-21.7","-21.8","-22.2","-22.5",-2,-16,"7.3",44,9330,45983,2,29,"0.7","a",0,-1,,"false"
"2026-10-04T14:59:33Z",213,"Lerma","CRY","-2.7","-2.7","-2.7","-2.7",-1,0,"0.1",48,96,393,1,51,"0.3","a",-1,-2,,"false"
"2026-10-04T14:59:33Z",214,"Kamada","CRY","12.0","12.0","12.0","11.9",1,-2,"0.5",50,3401,3158,21,441,"5.3","a",0,0,,"false"
"2026-10-04T14:59:33Z",215,"Devenny","CRY","0.0","0.0","0.0","0.0",0,0,"0.0",50,0,36,0,0,"0.0","u",0,0,,"false"
"2026-10-04T14:59:33Z",216,"Esse","CRY","0.0","0.0","0.0","0.0",0,0,"0.0",50,0,131,0,0,"0.0","u",0,0,,"false"
"2026-10-04T14:59:33Z",217,"M.França","CRY","0.0","0.0","0.0","0.0",0,0,"0.0",49,0,161,0,0,"0.0","u",0,-1,,"false"
"2026-10-04T14:59:33Z",218,"Doucouré","CRY","-2.6","-2.6","-2.6","-2.6",-1,0,"0.0",48,117,304,0,0,"0.0","a",-1,-2,,"false"
"2026-10-04T14:59:33Z",219,"J.Rak-Sakyi","CRY","0.0","0.0","0.0","0.0",0,0,"0.0",49,0,27,0,0,"0.0","u",0,-1,,"false"
"2026-10-04T14:59:33Z",220,"Cardines","CRY","0.0","0.0","0.0","0.0",0,0,"0.0",45,0,3,0,0,"0.0","u",0,0,,"false"
"2026-10-04T14:59:33Z",221,"Drakes-Thomas","CRY","-99.3","-99.3","-99.3","-99.3",-4,0,"0.1",45,151,441,0,0,"0.0","a",0,0,,"false"
"2026-10-04T14:59:33Z",222,"Strand Larsen","CRY","5.5","5.5","5.5","5.5",1,-1,"0.7",60,5307,4082,14,298,"3.7","a",0,0,,"false"
"2026-10-04T14:59:33Z",223,"Mateta","CRY","-27.5","-27.6","-27.9","-28.3",-2,-8,"1.3",63,229,9488,2,62,"0.0","i",0,-2,,"false"
"2026-10-04T14:59:33Z",224,"Nketiah","CRY","-18.9","-18.9","-18.9","-18.9",-1,0,"0.5",55,1365,3459,8,175,"1.7","a",0,0,,"false"
"2026-10-04T14:59:33Z",225,"Uche","CRY","0.0","0.0","0.0","0.0",0,0,"0.0",50,0,0,0,0,"0.0","u",0,0,,"false"
"2026-10-04T14:59:33Z",241,"McNeil","CRY","-0.1","-0.1","-0.1","-0.1",-1,0,"0.1",53,81,503,3,84,"0.0","a",-1,-2,,"false"
"2026-10-04T14:59:33Z",555,"Matthews","CRY","-9.7","-9.7","-9.7","-9.7",-1,0,"1.7",40,1155,3129,0,0,"0.0","a",0,0,,"false"
"2026-10-04T14:59:33Z",577,"Tomiyasu","CRY","-15.5","-15.5","-15.5","-15.5",-1,0,"0.3",44,149,1261,3,189,"0.3","d",0,-1,,"false"
"2026-10-04T14:59:33Z",588,"Khalaili","CRY","7.0","7.0","7.0","7.0",1,-1,"0.3",50,2191,1213,19,379,"5.3","a",0,0,,"false"
"2026-10-04T14:59:33Z",595,"Gozo","CRY","-1.3","-1.3","-1.3","-1.3",-1,0,"0.0",49,41,92,2,28,"0.3","a",-1,-1,,"false"
"2026-10-04T14:59:33Z",633,"Ahanor","CRY","0.1","0.1","0.1","0.1",1,0,"0.0",45,142,112,3,90,"1.0","a",0,0,,"false"
"2026-10-04T14:59:33Z",643,"Chilwell","CRY","-77.9","-77.9","-77.9","-77.9",-3,0,"0.4",45,591,3026,8,29,"2.7","a",0,0,,"false"
"2026-10-04T14:59:33Z",644,"Timber","CRY","0.2","0.2","0.2","0.2",1,-1,"0.0",50,482,331,9,253,"3.0","a",0,0,,"false"
"2026-10-04T14:59:33Z",647,"Osorio","CRY","-81.0","-81.0","-81.0","-81.0",-3,0,"0.0",55,27,80,1,1,"0.3","a",0,0,,"false"
"2026-10-04T14:59:33Z",21,"Nørgaard","EVE","-0.5","-0.5","-0.5","-0.5",-1,0,"0.0",48,61,342,0,0,"0.0","i",-1,-2,,"false"
"2026-10-04T14:59:33Z",209,"Johnson","EVE","-20.3","-20.3","-20.3","-20.3",-2,0,"0.1",59,441,738,9,238,"2.3","a",0,-1,,"false"
"2026-10-04T14:59:33Z",226,"Pickford","EVE","30.8","30.9","30.9","31.0",2,5,"9.1",55,29992,16627,25,450,"5.0","a",0,0,,"false"
"2026-10-04T14:59:33Z",227,"Travers","EVE","-33.5","-33.5","-33.5","-33.5",-2,0,"0.0",50,264,274,0,0,"0.0","a",0,0,,"false"
"2026-10-04T14:59:33Z",228,"King","EVE","-43.9","-43.9","-43.9","-43.9",-3,0,"0.0",45,122,180,0,0,"0.0","a",0,0,,"false"
"2026-10-04T14:59:33Z",229,"Tarkowski","EVE","1.4","1.5","1.9","2.4",1,77,"16.7",62,242983,22805,43,450,"8.3","a",1,2,,"false"
"2026-10-04T14:59:33Z",230,"Branthwaite","EVE","37.5","37.6","37.7","37.9",2,11,"2.4",55,20896,7718,27,450,"5.7","a",0,0,,"false"
"2026-10-04T14:59:33Z",231,"Keane","EVE","-41.5","-41.5","-41.6","-41.8",-3,-1,"0.7",48,415,3970,0,0,"0.0","a",0,-2,,"false"
"2026-10-04T14:59:33Z",232,"O'Brien","EVE","-4.5","-4.3","-3.9","-3.5",-1,1,"0.3",48,351,1198,2,16,"0.7","a",-1,-2,,"false"
"2026-10-04T14:59:33Z",233,"Mykolenko","EVE","1.1","1.1","0.9","0.7",1,-31,"4.2",46,41575,25006,27,450,"5.7","d",1,1,,"false"
"2026-10-04T14:59:33Z",234,"Patterson","EVE","0.0","0.0","0.0","0.0",0,0,"0.0",45,0,131,0,0,"0.0","u",0,0,,"false"
"2026-10-04T14:59:33Z",235,"Aznou","EVE","0.0","0.0","0.0","0.0",0,0,"0.1",40,0,583,0,0,"0.0","u",0,0,,"false"
"2026-10-04T14:59:33Z",236,"Dewsbury-Hall","EVE","-17.1","-17.2","-17.5","-17.8",-1,-13,"5.9",66,35215,47099,20,450,"2.3","a",1,1,,"false"
"2026-10-04T14:59:33Z",238,"Grealish","EVE","9.1","9.1","9.2","9.2",1,1,"0.5",65,3982,3117,6,135,"1.7","a",0,0,,"false"
"2026-10-04T14:59:33Z",239,"Garner","EVE","3.6","3.6","3.6","3.6",1,-1,"0.2",60,1858,2103,11,328,"3.0","a",0,0,,"false"
"2026-10-04T14:59:33Z",242,"George","EVE","31.3","31.3","31.2","31.1",2,-4,"0.9",55,2566,11183,19,309,"4.7","a",0,0,,"false"
"2026-10-04T14:59:33Z",243,"Alcaraz","EVE","-48.6","-49.5","-52.2","-54.9",-3,-1,"0.1",49,164,415,1,5,"0.0","a",0,-1,,"false"
"2026-10-04T14:59:33Z",244,"Armstrong","EVE","9.7","9.7","9.7","9.7",1,0,"0.4",50,888,3427,16,446,"2.0","a",0,0,,"false"
"2026-10-04T14:59:33Z",245,"Dibling","EVE","-94.0","-94.0","-94.0","-94.0",-3,0,"0.0",54,121,161,1,24,"0.3","a",0,-1,,"false"
"2026-10-04T14:59:33Z",246,"Röhl","EVE","-49.1","-49.1","-49.1","-49.1",-3,0,"0.0",49,7,601,6,249,"0.3","i",0,-1,,"false"
"2026-10-04T14:59:33Z",247,"Hackney","EVE","-5.9","-5.9","-5.9","-5.9",-1,0,"0.2",54,204,1130,10,137,"2.0","a",-1,-1,,"false"
"2026-10-04T14:59:33Z",248,"Beto","EVE","0.0","0.0","0.0","0.0",0,0,"0.6",54,0,7599,2,31,"0.0","u",0,-1,,"false"
"2026-10-04T14:59:33Z",249,"Barry","EVE","0.7","0.7","0.8","0.9",1,20,"8.3",57,89029,41524,20,417,"3.3","a",1,2,,"false"
"2026-10-04T14:59:33Z",649,"Maitland-Niles","EVE","18.3","18.3","18.3","18.3",1,0,"1.4",45,20177,5061,21,177,"7.0","a",0,0,,"false"
"2026-10-04T14:59:33Z",654,"Graham","EVE","-36.9","-36.9","-36.9","-36.9",-2,0,"0.1",45,243,1034,0,0,"0.0","a",0,0,,"false"
"2026-10-04T14:59:33Z",250,"Leno","FUL","9.6","9.6","9.8","9.9",1,10,"3.4",45,42491,12277,18,450,"4.3","a",0,0,,"false"
"2026-10-04T14:59:33Z",251,"Lecomte","FUL","-25.0","-25.0","-25.0","-25.0",-2,0,"1.1",40,2625,2645,0,0,"0.0","a",0,0,,"false"
"2026-10-04T14:59:33Z",252,"McNally","FUL","0.0","0.0","0.0","0.0",0,-1,"0.1",40,0,623,0,0,"0.0","u",0,0,,"false"
"2026-10-04T14:59:33Z",253,"Andersen","FUL","0.8","0.9","0.9","0.9",1,2,"0.2",50,2850,1141,3,190,"0.7","a",0,0,,"false"
"2026-10-04T14:59:33Z",254,"Robinson","FUL","-17.8","-17.6","-17.0","-16.4",-1,6,"1.5",45,17200,7147,12,429,"3.0","a",0,0,,"false"
"2026-10-04T14:59:33Z",255,"J.Cuenca","FUL","-77.3","-77.3","-77.3","-77.3",-3,0,"0.0",45,68,118,3,90,"0.0","a",0,0,,"false"
"2026-10-04T14:59:33Z",256,"Tete","FUL","-1.3","-1.3","-1.3","-1.3",-1,0,"0.2",44,63,1066,0,27,"0.0","a",0,-1,,"false"
"2026-10-04T14:59:33Z",257,"Bassey","FUL","0.3","0.4","0.5","0.6",1,9,"0.7",45,6226,1972,15,450,"4.3","a",0,0,,"false"
"2026-10-04T14:59:33Z",258,"Castagne","FUL","15.1","15.1","15.1","15.2",1,3,"1.0",45,15627,5169,20,408,"2.7","a",0,0,,"false"
"2026-10-04T14:59:33Z",261,"Iwobi","FUL","-60.0","-60.0","-60.0","-60.0",-3,0,"0.7",54,3793,3418,14,408,"3.3","a",0,-1,,"false"
"2026-10-04T14:59:33Z",262,"Smith Rowe","FUL","-1.5","-1.5","-1.5","-1.5",-1,0,"0.2",53,320,1378,3,38,"0.7","a",-1,-2,,"false"
"2026-10-04T14:59:33Z",263,"Kevin","FUL","-14.3","-14.3","-14.3","-14.3",-1,0,"0.0",53,203,299,4,61,"0.7","a",0,-2,,"false"
"2026-10-04T14:59:33Z",264,"Bobb","FUL","-47.1","-47.1","-47.1","-47.1",-3,0,"0.3",55,2586,1891,13,343,"2.7","a",0,0,,"false"
"2026-10-04T14:59:33Z",265,"Berge","FUL","-35.5","-35.5","-35.5","-35.5",-2,0,"0.3",49,668,1345,11,349,"2.3","a",0,-1,,"false"
"2026-10-04T14:59:33Z",266,"Cairney","FUL","-15.0","-15.0","-15.0","-15.0",-1,0,"0.0",49,10,21,0,0,"0.0","i",0,-1,,"false"
"2026-10-04T14:59:33Z",268,"King","FUL","94.3","94.6","95.3","96.1",3,48,"2.7",55,95727,19890,24,425,"5.0","a",0,0,,"false"
"2026-10-04T14:59:33Z",269,"Sessegnon","FUL","-2.1","-2.1","-2.1","-2.1",-1,0,"0.3",43,321,1347,3,50,"0.3","a",-1,-2,,"false"
"2026-10-04T14:59:33Z",270,"Reed","FUL","-12.5","-12.6","-12.7","-12.9",-1,-1,"1.1",44,2892,7117,0,0,"0.0","a",0,-1,,"false"
"2026-10-04T14:59:33Z",271,"Muniz","FUL","-52.7","-53.0","-53.9","-54.9",-3,-2,"0.4",54,1827,2765,3,38,"0.7","a",0,-1,,"false"
"2026-10-04T14:59:33Z",272,"Kusi-Asare","FUL","-66.9","-67.0","-67.3","-67.6",-3,-9,"5.4",45,11419,34472,0,0,"0.0","a",0,0,,"false"
"2026-10-04T14:59:33Z",569,"Gonzalo","FUL","61.7","61.9","62.5","63.1",3,38,"4.0",60,75199,34148,14,425,"2.0","a",0,0,,"false"
"2026-10-04T14:59:33Z",570,"Palacios","FUL","-7.6","-7.6","-7.6","-7.6",-1,0,"0.2",54,734,983,12,226,"3.0","a",0,-1,,"false"
"2026-10-04T14:59:33Z",580,"Charles","FUL","-79.9","-79.9","-79.9","-79.9",-3,0,"0.1",50,688,456,13,303,"3.7","a",0,0,,"false"
"2026-10-04T14:59:33Z",610,"De Fougerolles","FUL","0.0","0.0","0.0","0.0",0,0,"0.1",40,0,514,0,0,"0.0","u",0,0,,"false"
"2026-10-04T14:59:33Z",626,"Zepa","FUL","0.2","0.2","0.2","0.2",1,0,"0.3",44,965,2361,0,0,"0.0","a",-1,-1,,"false"
"2026-10-04T14:59:33Z",635,"Larsson","FUL","0.0","0.0","0.0","0.0",0,0,"0.0",50,98,73,3,37,"1.0","a",0,0,,"false"
"2026-10-04T14:59:33Z",636,"Ángel","FUL","0.0","0.0","0.0","0.0",0,0,"0.0",50,33,28,0,0,"0.0","a",0,0,,"false"
"2026-10-04T14:59:33Z",650,"Affengruber","FUL","1.4","1.4","1.5","1.5",1,2,"0.1",45,6941,1687,12,180,"4.0","a",0,0,,"false"
"2026-10-04T14:59:33Z",240,"Iroegbunam","HUL","0.1","0.1","0.1","0.1",1,0,"0.0",50,80,141,2,70,"0.3","a",0,0,,"false"
"2026-10-04T14:59:33Z",273,"Phillips","HUL","-29.7","-29.7","-29.7","-29.7",-2,0,"1.4",40,3143,3686,0,0,"0.0","a",0,0,,"false"
"2026-10-04T14:59:33Z",274,"Butland","HUL","-0.8","-0.8","-0.8","-0.8",-1,0,"0.1",44,70,332,0,0,"0.0","i",-1,-1,,"false"
"2026-10-04T14:59:33Z",275,"Cartwright","HUL","0.0","0.0","0.0","0.0",0,0,"0.0",40,0,29,0,0,"0.0","u",0,0,,"false"
"2026-10-04T14:59:33Z",276,"Lo-Tutala","HUL","0.0","0.0","0.0","0.0",0,0,"0.0",40,0,118,0,0,"0.0","u",0,0,,"false"
"2026-10-04T14:59:33Z",277,"Egan","HUL","27.2","27.2","27.2","27.2",2,1,"7.0",41,28296,30806,26,437,"3.0","a",0,1,,"false"
"2026-10-04T14:59:33Z",278,"Hughes","HUL","0.5","0.5","0.5","0.5",1,0,"0.2",39,1142,2010,0,0,"0.0","i",0,-1,,"false"
"2026-10-04T14:59:33Z",279,"Ajayi","HUL","72.3","72.3","72.2","72.1",3,-5,"13.9",42,45326,61353,27,423,"2.3","a",0,2,,"false"
"2026-10-04T14:59:33Z",280,"Coyle","HUL","0.2","0.3","0.3","0.3",1,1,"0.7",40,2152,2149,14,348,"2.7","a",0,0,,"false"
"2026-10-04T14:59:33Z",281,"Drameh","HUL","0.0","0.0","0.0","0.0",0,0,"0.0",40,0,261,2,65,"0.0","u",0,0,,"false"
"2026-10-04T14:59:33Z",282,"Giles","HUL","73.3","73.3","73.3","73.3",3,2,"2.9",40,22159,14499,24,444,"4.0","a",0,0,,"false"
"2026-10-04T14:59:33Z",283,"Jacob","HUL","0.0","0.0","0.0","0.0",0,0,"0.0",40,0,38,0,0,"0.0","u",0,0,,"false"
"2026-10-04T14:59:33Z",284,"McCarthy","HUL","0.5","0.5","0.5","0.5",1,0,"0.1",40,407,453,0,0,"0.0","a",0,0,,"false"
"2026-10-04T14:59:33Z",285,"McNair","HUL","-44.2","-44.2","-44.2","-44.2",-3,0,"0.1",40,200,428,1,26,"0.0","a",0,0,,"false"
"2026-10-04T14:59:33Z",286,"Belloumi","HUL","39.3","39.4","39.8","40.1",2,24,"5.2",51,80075,26624,31,394,"7.3","a",0,1,,"false"
"2026-10-04T14:59:33Z",287,"Millar","HUL","0.0","0.0","0.0","0.0",0,0,"0.0",50,0,318,6,50,"0.0","u",0,0,,"false"
"2026-10-04T14:59:33Z",288,"Dowell","HUL","-0.0","-0.0","-0.0","-0.0",0,0,"0.3",44,619,2096,0,0,"0.0","a",-1,-1,,"false"
"2026-10-04T14:59:33Z",289,"Crooks","HUL","0.7","0.7","0.7","0.6",1,-2,"0.5",44,5252,4368,3,203,"0.3","a",-1,-1,,"false"
"2026-10-04T14:59:33Z",290,"Slater","HUL","78.0","77.9","77.6","77.4",3,-17,"5.2",45,16458,39003,15,437,"2.3","a",0,0,,"false"
"2026-10-04T14:59:33Z",291,"Matazo","HUL","-14.5","-14.5","-14.5","-14.5",-1,0,"0.0",45,33,55,0,0,"0.0","i",0,0,,"false"
"2026-10-04T14:59:33Z",292,"Ömür","HUL","-11.6","-11.6","-11.6","-11.6",-1,0,"0.0",49,89,150,0,0,"0.0","a",0,-1,,"false"
"2026-10-04T14:59:33Z",293,"Kamara","HUL","0.0","0.0","0.0","0.0",0,0,"0.0",50,0,12,0,0,"0.0","u",0,0,,"false"
"2026-10-04T14:59:33Z",294,"Zambrano","HUL","-24.1","-24.1","-24.1","-24.1",-2,0,"0.1",45,156,504,0,0,"0.0","a",0,0,,"false"
"2026-10-04T14:59:33Z",295,"McBurnie","HUL","28.9","28.9","28.8","28.6",2,-8,"1.9",55,8570,18686,13,441,"2.3","a",0,0,,"false"
"2026-10-04T14:59:33Z",296,"Akintola","HUL","0.0","0.0","0.0","0.0",0,0,"0.0",50,0,280,0,0,"0.0","u",0,0,,"false"
"2026-10-04T14:59:33Z",297,"Gyabi","HUL","-0.6","-0.6","-0.6","-0.6",-1,0,"0.0",44,66,151,0,0,"0.0","i",-1,-1,,"false"
"2026-10-04T14:59:33Z",298,"Destan","HUL","0.0","0.0","0.0","0.0",0,-1,"0.2",45,0,1416,0,0,"0.0","u",0,0,,"false"
"2026-10-04T14:59:33Z",299,"Burstow","HUL","0.0","0.0","0.0","0.0",0,0,"0.0",45,0,226,0,0,"0.0","u",0,0,,"false"
"2026-10-04T14:59:33Z",340,"Gelhardt","HUL","0.0","0.0","0.0","0.0",0,0,"0.0",50,100,115,1,7,"0.3","a",0,0,,"false"
"2026-10-04T14:59:33Z",556,"Targett","HUL","-78.7","-78.8","-79.0","-79.1",-3,-4,"1.6",40,116,10303,1,5,"0.0","d",0,0,,"false"
"2026-10-04T14:59:33Z",563,"Morita","HUL","-0.7","-0.7","-0.7","-0.7",-1,0,"0.0",49,24,183,1,45,"0.0","i",-1,-1,,"false"
"2026-10-04T14:59:33Z",572,"Tzolakis","HUL","0.9","1.0","1.1","1.2",1,20,"12.8",47,129674,23670,34,450,"4.7","a",1,2,,"false"
"2026-10-04T14:59:33Z",574,"Hjertø-Dahl","HUL","-79.4","-79.4","-79.4","-79.4",-3,0,"0.1",49,78,334,1,8,"0.3","a",0,-1,,"false"
"2026-10-04T14:59:33Z",576,"Stroud","HUL","-56.9","-57.7","-60.1","-62.6",-3,-1,"0.1",50,148,489,7,249,"1.3","a",0,0,,"false"
"2026-10-04T14:59:33Z",585,"Herrington","HUL","-28.8","-28.8","-28.8","-28.8",-2,0,"0.6",40,1075,1758,5,197,"1.0","a",0,0,,"false"
"2026-10-04T14:59:33Z",586,"Mendy","HUL","-0.8","-0.8","-0.9","-1.1",-1,-5,"6.3",41,7507,34289,25,249,"3.0","a",0,1,,"false"
"2026-10-04T14:59:33Z",589,"Gourna-Douath","HUL","-83.5","-83.5","-83.5","-83.5",-3,0,"0.0",50,33,111,4,138,"1.0","a",0,0,,"false"
"2026-10-04T14:59:33Z",617,"Cho","HUL","0.2","0.2","0.2","0.3",1,1,"0.0",50,364,160,9,72,"2.7","a",0,0,,"false"
"2026-10-04T14:59:33Z",632,"Ansah","HUL","-69.9","-69.9","-69.9","-69.9",-3,0,"0.0",50,76,436,0,0,"0.0","i",0,0,,"false"
"2026-10-04T14:59:33Z",637,"Vaz","HUL","1.3","1.3","1.3","1.3",1,-1,"0.1",50,1914,1211,2,20,"0.7","a",0,0,,"false"
"2026-10-04T14:59:33Z",638,"Norton-Cuffy","HUL","-28.4","-28.6","-29.0","-29.4",-2,-1,"0.2",40,458,2670,1,34,"0.3","d",0,0,,"false"
"2026-10-04T14:59:33Z",642,"Thomas","HUL","0.3","0.3","0.3","0.3",1,0,"0.0",55,512,362,4,119,"1.3","a",0,0,,"false"
"2026-10-04T14:59:33Z",645,"Mouzakitis","HUL","0.0","0.0","0.0","0.0",0,0,"0.0",50,93,92,0,0,"0.0","a",0,0,,"false"
"2026-10-04T14:59:33Z",259,"Diop","IPS","-55.9","-55.9","-56.0","-56.1",-3,-9,"12.7",40,7438,57698,12,450,"2.7","a",0,0,,"false"
"2026-10-04T14:59:33Z",267,"Lukić","IPS","-5.8","-5.8","-5.8","-5.8",-1,0,"0.1",49,208,549,11,400,"1.7","a",-1,-1,,"false"
"2026-10-04T14:59:33Z",300,"Walton","IPS","-6.9","-6.6","-5.6","-4.7",-1,2,"0.4",44,1823,1119,2,90,"0.7","a",0,-1,,"false"
"2026-10-04T14:59:33Z",301,"Palmer","IPS","-26.9","-27.0","-27.0","-27.1",-2,-1,"3.9",40,4175,12450,0,0,"0.0","a",0,0,,"false"
"2026-10-04T14:59:33Z",302,"Button","IPS","1.2","1.1","1.1","1.1",1,-2,"0.6",40,1537,1396,0,0,"0.0","a",0,0,,"false"
"2026-10-04T14:59:33Z",303,"Kipré","IPS","3.3","3.3","3.3","3.4",1,4,"0.9",39,4687,4579,0,0,"0.0","a",0,-1,,"false"
"2026-10-04T14:59:33Z",304,"O'Shea","IPS","-42.5","-42.5","-42.5","-42.5",-3,0,"2.7",40,2116,15270,10,450,"2.0","a",0,0,,"false"
"2026-10-04T14:59:33Z",305,"Davis","IPS","76.2","76.4","76.7","77.0",3,19,"7.0",40,53743,29368,25,450,"5.7","a",0,0,,"false"
"2026-10-04T14:59:33Z",306,"Greaves","IPS","-95.5","-95.5","-95.5","-95.5",-4,0,"1.1",40,502,3648,3,357,"0.7","a",0,0,,"false"
"2026-10-04T14:59:33Z",307,"Johnson","IPS","0.0","0.0","0.0","0.0",0,0,"0.1",40,0,373,0,0,"0.0","u",0,0,,"false"
"2026-10-04T14:59:33Z",308,"Furlong","IPS","2.1","2.2","2.2","2.2",1,2,"0.6",39,6637,3082,1,17,"0.0","a",0,-1,,"false"
"2026-10-04T14:59:33Z",309,"Núñez","IPS","-39.8","-39.8","-39.8","-39.8",-2,0,"0.1",49,101,689,6,140,"0.0","a",0,-1,,"false"
"2026-10-04T14:59:33Z",310,"Matusiwa","IPS","0.0","0.0","0.0","0.0",0,0,"0.0",49,16,18,0,0,"0.0","a",0,-1,,"false"
"2026-10-04T14:59:33Z",311,"Burns","IPS","0.0","0.0","0.0","0.0",0,0,"0.0",50,0,8,0,0,"0.0","u",0,0,,"false"
"2026-10-04T14:59:33Z",312,"Taylor","IPS","0.1","0.1","0.1","0.1",1,0,"0.0",44,392,286,0,0,"0.0","i",-1,-1,,"false"
"2026-10-04T14:59:33Z",313,"Clarke","IPS","-90.1","-90.5","-91.6","-92.6",-3,-1,"0.2",54,157,975,11,170,"1.3","a",0,-1,,"false"
"2026-10-04T14:59:33Z",314,"Ogbene","IPS","0.0","0.0","0.0","0.0",0,0,"0.0",49,0,67,0,0,"0.0","u",0,-1,,"false"
"2026-10-04T14:59:33Z",315,"Fatawu","IPS","-37.5","-37.5","-37.5","-37.5",-2,0,"0.2",54,61,2629,8,352,"0.7","s",0,-1,,"false"
"2026-10-04T14:59:33Z",316,"Emersonn","IPS","88.5","88.7","89.0","89.3",3,22,"3.6",55,37260,24044,26,317,"5.3","a",0,0,,"false"
"2026-10-04T14:59:33Z",317,"Hirst","IPS","0.0","0.0","0.0","0.0",0,-1,"0.1",50,0,502,0,0,"0.0","u",0,0,,"false"
"2026-10-04T14:59:33Z",318,"Philogene","IPS","-8.7","-8.7","-8.7","-8.7",-1,0,"0.1",54,35,168,2,52,"0.7","a",0,-1,,"false"
"2026-10-04T14:59:33Z",319,"Szmodics","IPS","0.0","0.0","0.0","0.0",0,0,"0.0",50,0,14,0,0,"0.0","u",0,0,,"false"
"2026-10-04T14:59:33Z",320,"Akpom","IPS","25.1","25.1","25.0","25.0",2,-3,"1.2",50,5173,9931,7,78,"0.3","a",0,0,,"false"
"2026-10-04T14:59:33Z",321,"Walle Egeli","IPS","40.5","40.5","40.4","40.4",3,-4,"3.5",45,19088,27839,1,10,"0.0","a",0,0,,"false"
"2026-10-04T14:59:33Z",322,"Al-Hamadi","IPS","0.0","0.0","0.0","0.0",0,0,"0.0",50,0,389,0,0,"0.0","u",0,0,,"false"
"2026-10-04T14:59:33Z",323,"McAteer","IPS","-1.4","-1.4","-1.4","-1.4",-1,0,"1.0",44,1625,6681,3,42,"0.3","a",-1,-1,,"false"
"2026-10-04T14:59:33Z",324,"Mehmeti","IPS","-3.1","-3.1","-3.1","-3.1",-1,0,"0.0",48,76,151,0,0,"0.0","a",-1,-2,,"false"
"2026-10-04T14:59:33Z",554,"Van Oevelen","IPS","0.0","0.0","0.0","0.0",0,0,"0.0",45,0,86,0,0,"0.0","u",0,0,,"false"
"2026-10-04T14:59:33Z",562,"Maeda","IPS","-11.2","-11.2","-11.2","-11.2",-1,0,"0.2",53,143,1517,8,259,"1.3","a",-1,-2,,"false"
"2026-10-04T14:59:33Z",564,"Scherpen","IPS","-33.1","-33.1","-33.1","-33.1",-2,0,"0.6",45,706,2896,7,360,"1.0","a",0,0,,"false"
"2026-10-04T14:59:33Z",571,"Florentino","IPS","-3.0","-3.0","-3.0","-3.0",-1,0,"0.1",48,118,354,2,30,"0.7","a",-1,-2,,"false"
"2026-10-04T14:59:33Z",591,"Enciso","IPS","9.0","9.0","9.0","9.1",1,2,"0.8",55,2472,6341,15,413,"1.7","a",0,0,,"false"
"2026-10-04T14:59:33Z",592,"Ouattara","IPS","-33.6","-33.5","-33.2","-32.9",-2,2,"0.9",40,727,2156,6,131,"1.3","a",0,0,,"false"
"2026-10-04T14:59:33Z",602,"Humphreys","IPS","0.0","0.0","0.0","0.0",0,0,"0.0",45,0,250,0,0,"0.0","u",0,0,,"false"
"2026-10-04T14:59:33Z",619,"Palacios","IPS","1.1","1.1","1.1","1.1",1,0,"0.1",50,547,874,11,275,"3.3","a",0,0,,"false"
"2026-10-04T14:59:33Z",640,"Flemming","IPS","0.5","0.5","0.5","0.5",1,-1,"0.1",55,982,1031,6,60,"2.0","a",0,0,,"false"
"2026-10-04T14:59:33Z",260,"Wilson","LEE","-66.6","-66.8","-67.6","-68.4",-3,-23,"1.6",62,76,41905,5,145,"0.3","i",0,-3,,"false"
"2026-10-04T14:59:33Z",326,"Perri","LEE","0.0","0.0","0.0","0.0",0,0,"0.3",45,0,1350,0,0,"0.0","u",0,0,,"false"
"2026-10-04T14:59:33Z",327,"Bijol","LEE","5.1","5.1","5.0","5.0",1,-4,"0.7",50,836,5720,12,164,"0.3","a",0,0,,"false"
"2026-10-04T14:59:33Z",329,"Rodon","LEE","-7.1","-7.2","-7.5","-7.7",-1,-6,"0.8",43,50,9119,7,123,"0.0","i",-1,-2,,"false"
"2026-10-04T14:59:33Z",330,"Bogle","LEE","61.5","61.8","62.6","63.4",3,50,"7.3",46,131775,27443,42,365,"11.3","a",0,1,,"false"
"2026-10-04T14:59:33Z",331,"Gudmundsson","LEE","1.0","1.0","1.0","1.0",1,0,"0.1",45,584,353,14,252,"4.7","a",0,0,,"false"
"2026-10-04T14:59:33Z",332,"Justin","LEE","18.8","18.8","18.9","18.9",1,2,"1.4",45,4521,6178,26,450,"4.7","a",0,0,,"false"
"2026-10-04T14:59:33Z",333,"Bornauw","LEE","0.0","0.0","0.0","0.0",0,0,"0.0",45,0,5,0,0,"0.0","u",0,0,,"false"
"2026-10-04T14:59:33Z",334,"Muharemović","LEE","40.1","40.1","40.1","40.1",3,0,"4.3",50,29854,25496,27,450,"5.7","a",0,0,,"false"
"2026-10-04T14:59:33Z",335,"Stach","LEE","16.4","16.4","16.3","16.1",1,-8,"2.5",60,5085,20243,27,447,"3.3","a",0,0,,"false"
"2026-10-04T14:59:33Z",336,"Okafor","LEE","1.5","1.5","1.5","1.6",1,4,"0.4",58,1879,3541,18,299,"5.0","a",0,-2,,"false"
"2026-10-04T14:59:33Z",337,"Aaronson","LEE","-9.0","-9.2","-9.7","-10.1",-1,-2,"0.5",53,222,3519,7,194,"1.0","a",-1,-2,,"false"
"2026-10-04T14:59:33Z",338,"Ampadu","LEE","-30.0","-30.1","-30.5","-30.8",-2,-2,"0.9",54,1711,5149,21,450,"4.7","a",0,-1,,"false"
"2026-10-04T14:59:33Z",339,"Longstaff","LEE","0.0","0.0","0.0","0.0",0,0,"0.1",48,152,658,2,10,"0.3","a",-1,-2,,"false"
"2026-10-04T14:59:33Z",341,"Gnonto","LEE","0.0","0.0","0.0","0.0",0,0,"0.0",50,0,55,0,0,"0.0","u",0,0,,"false"
"2026-10-04T14:59:33Z",342,"Harrison","LEE","0.0","0.0","0.0","0.0",0,0,"0.0",50,0,5,0,0,"0.0","u",0,0,,"false"
"2026-10-04T14:59:33Z",343,"James","LEE","-29.4","-29.4","-29.4","-29.4",-2,0,"0.1",49,200,576,3,52,"0.7","a",0,-1,,"false"
"2026-10-04T14:59:33Z",344,"Gruev","LEE","0.0","0.0","0.0","0.0",0,0,"0.0",50,49,22,0,0,"0.0","a",0,0,,"false"
"2026-10-04T14:59:33Z",345,"Tanaka","LEE","5.0","5.0","5.0","5.1",1,1,"0.3",49,2346,2358,14,255,"4.3","a",0,-1,,"false"
"2026-10-04T14:59:33Z",346,"Calvert-Lewin","LEE","71.4","71.4","71.5","71.6",3,6,"24.8",60,98655,175606,22,419,"4.3","a",0,0,,"false"
"2026-10-04T14:59:33Z",347,"Nmecha","LEE","-27.5","-27.7","-28.1","-28.5",-2,-1,"0.5",54,2106,3850,7,64,"1.0","a",0,-1,,"false"
"2026-10-04T14:59:33Z",348,"Piroe","LEE","0.0","0.0","0.0","0.0",0,0,"0.1",50,0,444,0,0,"0.0","u",0,0,,"false"
"2026-10-04T14:59:33Z",349,"Mateo Joseph","LEE","-42.9","-42.9","-42.9","-42.9",-3,0,"0.1",45,336,505,0,0,"0.0","i",0,0,,"false"
"2026-10-04T14:59:33Z",385,"Trafford","LEE","35.2","35.3","35.4","35.5",2,8,"5.5",50,24063,15857,28,450,"5.3","a",0,0,,"false"
"2026-10-04T14:59:33Z",598,"Elvedi","LEE","0.7","0.7","0.7","0.7",1,0,"0.1",45,257,255,13,326,"4.0","a",0,0,,"false"
"2026-10-04T14:59:33Z",603,"Lienou","LEE","0.1","0.1","0.1","0.1",1,0,"0.1",40,246,531,0,0,"0.0","a",0,0,,"false"
"2026-10-04T14:59:33Z",604,"Cresswell","LEE","-13.2","-13.2","-13.2","-13.2",-1,0,"0.1",45,315,923,0,0,"0.0","a",0,0,,"false"
"2026-10-04T14:59:33Z",625,"Cairns","LEE","0.4","0.4","0.4","0.4",1,0,"0.2",40,867,804,0,0,"0.0","a",0,0,,"false"
"2026-10-04T14:59:33Z",629,"Zetterer","LEE","2.3","2.3","2.3","2.3",1,0,"0.7",40,3167,2871,0,0,"0.0","a",0,0,,"false"
"2026-10-04T14:59:33Z",641,"Bard","LEE","0.1","0.1","0.1","0.1",1,0,"0.0",45,98,81,1,18,"0.3","a",0,0,,"false"
"2026-10-04T14:59:33Z",648,"Bahoya","LEE","-53.3","-53.3","-53.3","-53.3",-3,0,"0.0",50,115,179,1,1,"0.3","a",0,0,,"false"
"2026-10-04T14:59:33Z",350,"A.Becker","LIV","1.8","1.8","1.9","1.9",1,2,"4.1",55,14428,12426,27,450,"8.3","a",0,0,,"false"
"2026-10-04T14:59:33Z",351,"Mamardashvili","LIV","0.0","0.0","0.0","0.0",0,0,"0.1",48,267,648,0,0,"0.0","a",-1,-2,,"false"
"2026-10-04T14:59:33Z",352,"Woodman","LIV","-33.2","-33.3","-33.6","-33.8",-2,-2,"1.0",40,822,2446,0,0,"0.0","a",0,0,,"false"
"2026-10-04T14:59:33Z",353,"Pecsi","LIV","0.0","0.0","0.0","0.0",0,0,"0.0",40,0,68,0,0,"0.0","u",0,0,,"false"
"2026-10-04T14:59:33Z",354,"Jaros","LIV","0.1","0.1","0.1","0.1",1,0,"0.0",40,212,162,0,0,"0.0","i",0,0,,"false"
"2026-10-04T14:59:33Z",355,"Davies","LIV","0.1","0.1","0.1","0.1",1,0,"0.2",40,306,486,0,0,"0.0","a",0,0,,"false"
"2026-10-04T14:59:33Z",356,"Virgil","LIV","-62.0","-62.0","-61.9","-61.7",-3,14,"16.2",65,23304,45760,25,450,"7.3","a",0,0,,"false"
"2026-10-04T14:59:33Z",357,"Frimpong","LIV","-40.2","-40.2","-40.4","-40.5",-3,-2,"1.8",53,1709,13157,2,178,"0.3","a",0,-2,,"false"
"2026-10-04T14:59:33Z",358,"Kerkez","LIV","-0.8","-0.8","-0.9","-1.0",-1,-2,"2.2",53,2734,11015,13,385,"4.0","a",-1,-2,,"false"
"2026-10-04T14:59:33Z",359,"Gomez","LIV","0.0","0.0","0.0","0.0",0,0,"0.0",49,342,120,0,0,"0.0","a",0,-1,,"false"
"2026-10-04T14:59:33Z",360,"Bradley","LIV","-90.3","-90.3","-90.3","-90.3",-3,0,"0.0",50,59,89,0,0,"0.0","i",0,0,,"false"
"2026-10-04T14:59:33Z",361,"Lucky","LIV","-56.8","-56.8","-56.8","-56.8",-3,0,"0.1",40,304,608,0,0,"0.0","a",0,0,,"false"
"2026-10-04T14:59:33Z",362,"Jacquet","LIV","58.7","58.8","59.2","59.5",3,24,"3.5",50,35868,14166,24,415,"6.7","a",0,0,,"false"
"2026-10-04T14:59:33Z",363,"Leoni","LIV","-63.7","-63.7","-63.7","-63.7",-3,0,"0.0",40,69,189,0,0,"0.0","i",0,0,,"false"
"2026-10-04T14:59:33Z",364,"Tsimikas","LIV","-57.2","-57.2","-57.2","-57.2",-3,0,"0.1",49,104,407,2,64,"0.3","a",0,-1,,"false"
"2026-10-04T14:59:33Z",365,"Ramsay","LIV","0.0","0.0","0.0","0.0",0,0,"0.1",40,0,503,0,0,"0.0","u",0,0,,"false"
"2026-10-04T14:59:33Z",366,"Wirtz","LIV","-39.0","-39.1","-39.5","-39.9",-2,-13,"5.7",73,4361,43364,18,402,"4.0","a",0,-2,,"false"
"2026-10-04T14:59:33Z",367,"Gakpo","LIV","-3.1","-3.5","-4.6","-5.7",-1,-133,"12.3",72,51816,101208,32,370,"5.0","d",0,2,,"false"
"2026-10-04T14:59:33Z",368,"Szoboszlai","LIV","-0.3","-0.3","-0.4","-0.6",-1,-42,"32.6",69,38359,225523,20,440,"2.7","a",-1,-1,,"false"
"2026-10-04T14:59:33Z",369,"Ngumoha","LIV","-24.8","-24.8","-24.8","-24.8",-2,0,"0.5",57,838,4398,4,99,"0.3","a",-1,-3,,"false"
"2026-10-04T14:59:33Z",370,"Chiesa","LIV","-6.6","-6.6","-6.6","-6.6",-1,0,"0.0",53,17,263,0,0,"0.0","i",-1,-2,,"false"
"2026-10-04T14:59:33Z",371,"Gravenberch","LIV","-24.1","-24.1","-24.1","-24.1",-2,0,"1.1",58,1289,9401,9,190,"1.0","a",-1,-2,,"false"
"2026-10-04T14:59:33Z",372,"Mac Allister","LIV","-45.1","-45.2","-45.5","-45.8",-3,-2,"1.3",54,4005,7114,11,306,"2.7","a",0,-1,,"false"
"2026-10-04T14:59:33Z",373,"C.Jones","LIV","0.0","0.0","0.0","0.0",0,0,"0.0",55,0,65,0,0,"0.0","u",0,0,,"false"
"2026-10-04T14:59:33Z",374,"Endo","LIV","-65.6","-65.6","-65.6","-65.6",-3,0,"0.1",49,172,461,0,0,"0.0","a",0,-1,,"false"
"2026-10-04T14:59:33Z",375,"Nyoni","LIV","-90.3","-90.3","-90.3","-90.3",-3,0,"0.0",49,96,319,3,38,"0.7","a",0,-1,,"false"
"2026-10-04T14:59:33Z",376,"Bajcetic","LIV","0.0","0.0","0.0","0.0",0,0,"0.0",50,0,3,0,0,"0.0","u",0,0,,"false"
"2026-10-04T14:59:33Z",377,"Munoz","LIV","6.5","6.5","6.4","6.4",1,-5,"0.9",65,1574,11868,15,257,"1.7","a",0,0,,"false"
"2026-10-04T14:59:33Z",378,"McConnell","LIV","-4.6","-4.3","-3.5","-2.7",-1,1,"0.2",44,1085,1569,0,0,"0.0","a",0,-1,,"false"
"2026-10-04T14:59:33Z",379,"Isak","LIV","3.6","3.1","1.5","-0.0",1,-99,"22.2",91,118056,95558,33,413,"7.7","d",0,1,,"false"
"2026-10-04T14:59:33Z",380,"Ekitiké","LIV","-28.9","-28.9","-28.9","-28.9",-2,0,"0.1",74,413,874,0,0,"0.0","i",0,-1,,"false"
"2026-10-04T14:59:33Z",381,"Koumas","LIV","-95.3","-95.3","-95.3","-95.3",-4,0,"0.0",50,171,197,3,22,"0.7","a",0,0,,"false"
"2026-10-04T14:59:33Z",382,"Danns","LIV","3.8","3.8","3.8","3.8",1,0,"0.2",45,3657,2510,0,0,"0.0","a",0,0,,"false"
"2026-10-04T14:59:33Z",383,"Elliott","LIV","0.0","0.0","0.0","0.0",0,0,"0.0",54,0,236,0,0,"0.0","u",0,-1,,"false"
"2026-10-04T14:59:33Z",579,"Araujo","LIV","35.8","35.8","35.9","35.9",2,4,"3.0",54,17992,10924,22,284,"7.0","a",0,-1,,"false"
"2026-10-04T14:59:33Z",627,"Barcola","LIV","-67.7","-67.6","-67.3","-66.9",-3,4,"1.9",80,12238,19680,7,168,"2.3","a",0,0,,"false"
"2026-10-04T14:59:33Z",155,"Enzo","MCI","1.8","1.9","2.2","2.5",1,19,"3.6",69,32413,15539,13,271,"4.0","a",0,-1,,"false"
"2026-10-04T14:59:33Z",237,"Ndiaye","MCI","-21.6","-21.8","-22.1","-22.5",-2,-25,"6.7",58,7365,70957,22,385,"3.0","a",-1,-2,,"false"
"2026-10-04T14:59:33Z",384,"Donnarumma","MCI","-54.2","-54.3","-54.5","-54.7",-3,-10,"7.6",55,11157,31808,19,450,"5.3","a",0,0,,"false"
"2026-10-04T14:59:33Z",386,"Bettinelli","MCI","-89.7","-89.7","-89.7","-89.7",-3,0,"0.0",45,58,90,0,0,"0.0","a",0,0,,"false"
"2026-10-04T14:59:33Z",387,"O'Reilly","MCI","-3.1","-3.2","-3.5","-3.8",-1,-64,"10.8",63,5384,76351,6,163,"0.7","d",-1,-2,,"false"
"2026-10-04T14:59:33Z",388,"Guéhi","MCI","67.1","67.0","66.8","66.6",3,-13,"18.2",60,24691,54014,30,450,"6.0","a",0,0,,"false"
"2026-10-04T14:59:33Z",389,"Matheus N.","MCI","-35.4","-35.6","-36.3","-36.9",-2,-4,"1.0",59,1738,3085,11,213,"3.3","a",0,-1,,"false"
"2026-10-04T14:59:33Z",390,"Rúben","MCI","4.0","4.0","4.1","4.1",1,4,"1.9",55,4907,9403,17,450,"4.3","a",0,0,,"false"
"2026-10-04T14:59:33Z",391,"Gvardiol","MCI","83.6","83.7","84.0","84.3",3,20,"26.9",57,153610,58411,37,434,"7.7","a",0,2,,"false"
"2026-10-04T14:59:33Z",392,"Aït-Nouri","MCI","-0.2","-0.3","-0.6","-0.8",-1,-1,"0.4",52,550,2273,0,0,"0.0","a",-1,-3,,"false"
"2026-10-04T14:59:33Z",393,"Khusanov","MCI","-36.9","-36.9","-36.9","-36.9",-2,0,"1.4",54,1496,9285,9,268,"1.7","a",0,-1,,"false"
"2026-10-04T14:59:33Z",394,"Alleyne","MCI","0.0","0.0","0.0","0.0",0,0,"0.0",50,0,20,0,0,"0.0","u",0,0,,"false"
"2026-10-04T14:59:33Z",395,"Lewis","MCI","-68.8","-69.2","-70.1","-71.1",-3,-1,"0.2",44,321,1241,1,56,"0.0","a",0,-1,,"false"
"2026-10-04T14:59:33Z",396,"Vitor Reis","MCI","-86.3","-86.3","-86.3","-86.3",-3,0,"0.0",45,76,158,1,1,"0.0","a",0,0,,"false"
"2026-10-04T14:59:33Z",397,"Semenyo","MCI","-21.7","-21.8","-22.1","-22.5",-2,-53,"15.2",84,127367,76200,33,450,"8.7","d",0,-1,,"false"
"2026-10-04T14:59:33Z",398,"Foden","MCI","-52.1","-52.3","-53.0","-53.6",-3,-20,"1.8",69,224,29549,9,217,"-0.3","s",0,-1,,"false"
"2026-10-04T14:59:33Z",399,"Cherki","MCI","-57.1","-56.8","-55.9","-55.0",-3,56,"28.4",78,130382,94112,34,302,"4.0","a",0,3,,"false"
"2026-10-04T14:59:33Z",400,"Doku","MCI","0.4","0.4","0.5","0.6",1,5,"0.7",74,4770,2214,1,15,"0.3","a",0,-1,,"false"
"2026-10-04T14:59:33Z",402,"Rodrigo","MCI","0.0","0.0","0.0","0.0",0,0,"0.0",65,0,26,0,0,"0.0","u",0,0,,"false"
"2026-10-04T14:59:33Z",404,"Reijnders","MCI","0.0","0.0","0.0","0.0",0,0,"0.0",60,0,103,0,0,"0.0","u",0,0,,"false"
"2026-10-04T14:59:33Z",406,"Kovačić","MCI","-0.1","-0.1","-0.1","-0.1",-1,0,"0.1",53,120,482,2,42,"0.0","a",-1,-2,,"false"
"2026-10-04T14:59:33Z",407,"Echeverri","MCI","0.0","0.0","0.0","0.0",0,0,"0.0",49,0,57,0,0,"0.0","u",0,-1,,"false"
"2026-10-04T14:59:33Z",408,"Phillips","MCI","0.0","0.0","0.0","0.0",0,0,"0.0",50,0,13,0,0,"0.0","u",0,0,,"false"
"2026-10-04T14:59:33Z",409,"Mukasa","MCI","0.0","0.0","0.0","0.0",0,0,"0.1",45,0,634,0,0,"0.0","u",0,0,,"false"
"2026-10-04T14:59:33Z",410,"Monga","MCI","0.0","0.0","0.0","0.0",0,0,"0.0",49,0,53,0,0,"0.0","u",0,-1,,"false"
"2026-10-04T14:59:33Z",411,"Haaland","MCI","24.5","24.6","24.9","25.2",2,19,"73.9",156,82995,21999,39,450,"8.0","a",0,1,,"false"
"2026-10-04T14:59:33Z",481,"Anderson","MCI","-44.1","-44.3","-44.6","-44.9",-3,-8,"4.0",63,8259,28894,15,413,"3.3","a",0,-2,,"false"
"2026-10-04T14:59:33Z",587,"Rulli","MCI","-93.2","-93.2","-93.2","-93.2",-3,0,"0.0",50,78,105,0,0,"0.0","a",0,0,,"false"
"2026-10-04T14:59:33Z",616,"Bouaddi","MCI","-34.4","-34.4","-34.4","-34.4",-2,0,"0.2",55,868,2163,2,22,"0.3","a",0,0,,"false"
"2026-10-04T14:59:33Z",621,"McAidoo","MCI","-94.8","-95.5","-97.3","-99.1",-4,-1,"0.1",45,201,1123,2,11,"0.3","a",0,0,,"false"
"2026-10-04T14:59:33Z",622,"Braithwaite","MCI","-41.0","-41.8","-44.1","-46.4",-3,-2,"0.2",40,599,1697,1,1,"0.0","a",0,0,,"false"
"2026-10-04T14:59:33Z",628,"Allan","MCI","0.1","0.1","0.1","0.1",1,1,"0.0",60,232,171,0,0,"0.0","a",0,0,,"false"
"2026-10-04T14:59:33Z",653,"Samba","MCI","-42.8","-42.8","-42.8","-42.8",-3,0,"0.0",45,257,508,0,0,"0.0","a",0,0,,"false"
"2026-10-04T14:59:33Z",43,"Tielemans","MUN","-39.1","-39.1","-38.9","-38.6",-2,2,"1.5",58,3296,11065,14,402,"2.7","a",0,-2,,"false"
"2026-10-04T14:59:33Z",131,"Baleba","MUN","0.1","0.1","0.1","0.1",1,0,"0.1",49,1389,771,0,0,"0.0","a",0,-1,,"false"
"2026-10-04T14:59:33Z",162,"Andrey Santos","MUN","-53.3","-53.7","-54.8","-56.0",-3,-4,"0.6",48,1068,5121,4,82,"0.3","a",0,-2,,"false"
"2026-10-04T14:59:33Z",325,"Darlow","MUN","-24.7","-24.7","-24.7","-24.7",-2,0,"0.0",45,63,229,0,0,"0.0","d",0,0,,"false"
"2026-10-04T14:59:33Z",412,"Lammens","MUN","-17.8","-17.8","-17.9","-18.0",-1,-4,"9.9",49,7145,50535,11,450,"2.7","a",0,-1,,"false"
"2026-10-04T14:59:33Z",413,"Bayindir","MUN","0.0","0.0","0.0","0.0",0,0,"0.0",45,0,43,0,0,"0.0","u",0,0,,"false"
"2026-10-04T14:59:33Z",414,"Heaton","MUN","-37.0","-37.0","-37.0","-37.0",-2,0,"0.1",40,212,284,0,0,"0.0","i",0,0,,"false"
"2026-10-04T14:59:33Z",415,"Dorgu","MUN","-63.4","-63.7","-64.6","-65.5",-3,-5,"0.5",58,1033,4457,10,171,"3.0","d",0,-2,,"false"
"2026-10-04T14:59:33Z",416,"De Ligt","MUN","-99.5","-99.5","-99.5","-99.5",-4,0,"0.0",50,85,137,0,0,"0.0","i",0,0,,"false"
"2026-10-04T14:59:33Z",417,"Dalot","MUN","-80.6","-80.6","-80.6","-80.6",-3,0,"1.6",49,1375,7836,8,346,"1.7","a",0,-1,,"false"
"2026-10-04T14:59:33Z",418,"Maguire","MUN","-2.2","-2.2","-2.3","-2.3",-1,-4,"8.6",48,4643,77072,10,450,"1.7","a",-1,-2,,"false"
"2026-10-04T14:59:33Z",419,"Martinez","MUN","-0.0","-0.0","-0.0","-0.0",0,0,"1.3",49,3849,6683,6,360,"1.7","a",-1,-1,,"false"
"2026-10-04T14:59:33Z",420,"Yoro","MUN","-11.6","-11.6","-11.6","-11.6",-1,0,"0.5",48,484,2262,2,22,"0.3","a",-1,-2,,"false"
"2026-10-04T14:59:33Z",421,"Heaven","MUN","-0.3","-0.3","-0.3","-0.3",-1,0,"0.3",43,258,1529,1,90,"0.0","a",-1,-2,,"false"
"2026-10-04T14:59:33Z",422,"Mazraoui","MUN","-76.9","-77.0","-77.4","-77.8",-3,-1,"0.5",44,609,2941,3,97,"0.3","a",0,-1,,"false"
"2026-10-04T14:59:33Z",423,"Shaw","MUN","-5.2","-5.2","-5.4","-5.5",-1,-12,"7.7",43,3943,78752,9,335,"2.0","a",-1,-2,,"false"
"2026-10-04T14:59:33Z",424,"Amass","MUN","-47.5","-47.5","-47.5","-47.5",-3,0,"0.2",40,440,815,0,0,"0.0","a",0,0,,"false"
"2026-10-04T14:59:33Z",425,"Fredricson","MUN","0.0","0.0","0.0","0.0",0,0,"0.0",40,0,51,0,0,"0.0","u",0,0,,"false"
"2026-10-04T14:59:33Z",426,"B.Fernandes","MUN","-1.2","-1.2","-1.2","-1.2",-1,-9,"38.5",119,48032,203220,31,450,"2.0","a",-1,-1,,"false"
"2026-10-04T14:59:33Z",427,"Mbeumo","MUN","-78.6","-78.6","-78.7","-78.8",-3,-12,"20.5",79,40051,134970,25,450,"4.0","a",0,-1,,"false"
"2026-10-04T14:59:33Z",428,"Cunha","MUN","-97.3","-97.1","-96.5","-95.8",-4,22,"5.8",79,23823,22722,26,407,"5.0","a",0,-1,,"false"
"2026-10-04T14:59:33Z",429,"Rashford","MUN","-88.5","-88.7","-89.5","-90.2",-3,-12,"1.4",70,4239,18563,10,351,"2.3","d",0,0,,"false"
"2026-10-04T14:59:33Z",430,"Mount","MUN","0.1","0.1","0.1","0.1",1,0,"0.0",54,193,204,1,10,"0.3","a",0,-1,,"false"
"2026-10-04T14:59:33Z",431,"Amad","MUN","-18.7","-18.7","-18.7","-18.7",-1,0,"0.3",57,138,1935,0,0,"0.0","i",0,-3,,"false"
"2026-10-04T14:59:33Z",432,"Mainoo","MUN","14.0","14.0","13.8","13.7",1,-10,"1.6",55,7868,15943,22,354,"5.7","d",0,0,,"false"
"2026-10-04T14:59:33Z",433,"Ugarte","MUN","-71.4","-71.4","-71.4","-71.4",-3,0,"0.0",50,25,26,0,0,"0.0","i",0,0,,"false"
"2026-10-04T14:59:33Z",434,"J.Fletcher","MUN","-38.4","-38.4","-38.4","-38.4",-2,0,"0.0",49,46,59,0,0,"0.0","a",0,-1,,"false"
"2026-10-04T14:59:33Z",435,"Lacey","MUN","-5.7","-5.7","-5.7","-5.7",-1,0,"0.1",49,386,375,1,10,"0.0","a",0,-1,,"false"
"2026-10-04T14:59:33Z",436,"Collyer","MUN","0.0","0.0","0.0","0.0",0,0,"0.0",50,0,49,0,0,"0.0","u",0,0,,"false"
"2026-10-04T14:59:33Z",437,"Bendito Mantato","MUN","0.0","0.0","0.0","0.0",0,0,"0.2",44,482,911,0,0,"0.0","a",-1,-1,,"false"
"2026-10-04T14:59:33Z",438,"Fletcher","MUN","0.4","0.4","0.5","0.5",1,2,"0.3",44,2621,2200,0,0,"0.0","a",0,-1,,"false"
"2026-10-04T14:59:33Z",439,"Šeško","MUN","-45.2","-45.5","-46.4","-47.3",-3,-16,"1.6",70,6704,25096,8,76,"2.0","d",0,0,,"false"
"2026-10-04T14:59:33Z",440,"Zirkzee","MUN","-8.4","-8.4","-8.4","-8.4",-1,0,"0.4",53,2062,3262,2,20,"0.7","a",-1,-2,,"false"
"2026-10-04T14:59:33Z",441,"Obi","MUN","0.0","0.0","0.0","0.0",0,-3,"0.9",45,0,11678,0,0,"0.0","u",0,0,,"false"
"2026-10-04T14:59:33Z",405,"N.Gonzalez","NEW","0.9","0.9","1.0","1.0",1,3,"0.2",55,658,1875,5,164,"1.0","a",0,0,,"false"
"2026-10-04T14:59:33Z",442,"Pope","NEW","-46.6","-46.7","-47.0","-47.4",-3,-2,"0.9",49,903,3253,0,0,"0.0","a",0,-1,,"false"
"2026-10-04T14:59:33Z",443,"Gillespie","NEW","-40.2","-40.2","-40.2","-40.2",-3,0,"0.0",45,45,90,0,0,"0.0","a",0,0,,"false"
"2026-10-04T14:59:33Z",444,"Jaouen","NEW","-7.0","-7.0","-7.0","-7.0",-1,0,"0.0",44,20,123,0,0,"0.0","d",-1,-1,,"false"
"2026-10-04T14:59:33Z",445,"Thiaw","NEW","18.5","18.5","18.5","18.5",1,0,"2.2",50,9123,10574,14,450,"1.7","a",0,0,,"false"
"2026-10-04T14:59:33Z",446,"Schär","NEW","-11.8","-11.8","-11.8","-11.8",-1,0,"0.2",49,589,940,2,25,"0.3","a",0,-1,,"false"
"2026-10-04T14:59:33Z",447,"Botman","NEW","10.2","10.2","10.2","10.2",1,2,"0.7",50,5104,3210,15,450,"2.3","a",0,0,,"false"
"2026-10-04T14:59:33Z",448,"Burn","NEW","-4.4","-4.4","-4.5","-4.5",-1,-1,"0.7",48,118,6047,0,0,"0.0","i",-1,-2,,"false"
"2026-10-04T14:59:33Z",449,"Hall","NEW","8.4","8.5","8.9","9.2",1,65,"17.4",53,256629,22360,31,449,"5.7","a",1,3,,"false"
"2026-10-04T14:59:33Z",450,"Livramento","NEW","1.6","1.6","1.5","1.4",1,-4,"0.1",49,457,1566,4,33,"1.3","d",0,-1,,"false"
"2026-10-04T14:59:33Z",451,"A.Murphy","NEW","0.0","0.0","0.0","0.0",0,0,"0.1",40,0,306,0,0,"0.0","u",0,0,,"false"
"2026-10-04T14:59:33Z",453,"Barnes","NEW","17.6","17.7","18.1","18.4",1,60,"5.8",61,169226,20364,28,450,"7.7","a",1,1,,"false"
"2026-10-04T14:59:33Z",454,"Elanga","NEW","-43.5","-43.7","-44.2","-44.8",-3,-75,"4.5",61,347,171096,18,232,"0.3","i",-1,1,,"false"
"2026-10-04T14:59:33Z",456,"J.Ramsey","NEW","-97.7","-97.9","-98.6","-99.2",-4,-3,"0.2",49,72,4876,7,69,"2.0","i",0,-1,,"false"
"2026-10-04T14:59:33Z",457,"J.Murphy","NEW","-20.4","-20.9","-22.3","-23.6",-2,-1,"0.1",59,1011,828,3,181,"0.7","a",0,-1,,"false"
"2026-10-04T14:59:33Z",458,"Joelinton","NEW","-65.3","-65.3","-65.3","-65.3",-3,0,"0.0",54,21,84,0,0,"0.0","i",0,-1,,"false"
"2026-10-04T14:59:33Z",459,"L.Miley","NEW","0.6","0.6","0.6","0.6",1,0,"0.1",55,491,547,12,396,"2.0","d",0,0,,"false"
"2026-10-04T14:59:33Z",460,"Willock","NEW","16.1","16.1","16.2","16.3",1,6,"0.6",50,10126,2926,22,284,"4.3","a",0,0,,"false"
"2026-10-04T14:59:33Z",461,"Touré","NEW","-12.2","-12.7","-14.2","-15.6",-1,-1,"0.1",58,342,886,8,50,"2.3","a",0,-2,,"false"
"2026-10-04T14:59:33Z",462,"Steur","NEW","-54.5","-54.5","-54.5","-54.5",-3,0,"0.1",49,277,398,8,223,"2.0","a",0,-1,,"false"
"2026-10-04T14:59:33Z",463,"Woltemade","NEW","0.0","0.0","0.0","0.0",0,-1,"0.5",59,0,3895,4,19,"0.0","u",0,-1,,"false"
"2026-10-04T14:59:33Z",464,"Wissa","NEW","65.4","65.4","65.4","65.5",3,4,"18.7",62,93300,145352,15,441,"1.0","a",0,2,,"false"
"2026-10-04T14:59:33Z",465,"Osula","NEW","-9.1","-9.1","-9.1","-9.1",-1,0,"0.3",58,130,2512,4,55,"0.0","i",-1,-2,,"false"
"2026-10-04T14:59:33Z",466,"Neave","NEW","0.0","0.0","0.0","0.0",0,-4,"0.5",45,0,4033,0,0,"0.0","u",0,0,,"false"
"2026-10-04T14:59:33Z",559,"Bamba","NEW","-73.6","-73.6","-73.6","-73.6",-3,0,"0.1",49,131,503,3,27,"0.7","a",0,-1,,"false"
"2026-10-04T14:59:33Z",567,"Horníček","NEW","24.8","24.7","24.7","24.7",2,-3,"1.5",50,7519,5308,14,450,"2.0","a",0,0,,"false"
"2026-10-04T14:59:33Z",593,"Dedić","NEW","-12.4","-12.6","-13.2","-13.9",-1,-20,"1.8",45,276,38828,13,327,"0.3","i",0,0,,"false"
"2026-10-04T14:59:33Z",609,"Shahar","NEW","0.0","0.0","0.0","0.0",0,-1,"0.2",40,0,1913,0,0,"0.0","u",0,0,,"false"
"2026-10-04T14:59:33Z",634,"Fernandez-Pardo","NEW","0.8","0.8","0.8","0.8",1,0,"0.1",60,2177,1478,4,157,"1.3","a",0,0,,"false"
"2026-10-04T14:59:33Z",659,"Miley","NEW","0.0","0.0","0.1","0.1",0,1,"0.0",45,1460,661,0,0,"0.0","a",0,0,,"false"
"2026-10-04T14:59:33Z",663,"Pivas","NEW","0.0","0.0","0.0","0.0",0,0,"0.0",40,419,64,0,0,"0.0","a",0,0,,"false"
"2026-10-04T14:59:33Z",664,"Salia","NEW","0.1","0.1","0.2","0.2",1,3,"0.1",45,10211,1698,0,0,"0.0","a",0,0,,"false"
"2026-10-04T14:59:33Z",665,"Mills","NEW","0.0","0.0","0.0","0.0",0,0,"0.0",45,169,31,0,0,"0.0","a",0,0,,"false"
"2026-10-04T14:59:33Z",666,"Thompson","NEW","0.0","0.0","0.0","0.0",0,0,"0.0",45,246,36,0,0,"0.0","a",0,0,,"false"
"2026-10-04T14:59:33Z",167,"Delap","NFO","-25.2","-25.1","-24.8","-24.6",-2,4,"2.7",56,25580,29651,9,277,"2.7","a",1,1,,"false"
"2026-10-04T14:59:33Z",201,"Muñoz","NFO","-49.6","-49.7","-50.0","-50.4",-3,-12,"5.7",54,8216,31208,5,257,"1.7","a",0,-1,,"false"
"2026-10-04T14:59:33Z",467,"Sels","NFO","4.6","4.5","4.4","4.3",1,-8,"1.6",50,2103,6387,14,450,"3.7","a",0,0,,"false"
"2026-10-04T14:59:33Z",468,"John","NFO","-76.9","-76.9","-76.9","-76.9",-3,0,"0.1",45,66,161,0,0,"0.0","a",0,0,,"false"
"2026-10-04T14:59:33Z",469,"N.Williams","NFO","25.0","24.9","24.7","24.5",2,-13,"8.7",50,11649,48763,19,450,"3.7","a",0,0,,"false"
"2026-10-04T14:59:33Z",470,"Morato","NFO","0.0","0.0","0.0","0.0",0,0,"0.0",50,0,122,0,0,"0.0","u",0,0,,"false"
"2026-10-04T14:59:33Z",471,"Milenković","NFO","-14.6","-14.7","-14.9","-15.2",-1,-8,"1.0",54,67,12693,12,270,"2.3","i",-1,-1,,"false"
"2026-10-04T14:59:33Z",472,"Murillo","NFO","25.2","25.2","25.2","25.1",2,-3,"2.1",55,9015,8565,23,449,"6.0","a",0,0,,"false"
"2026-10-04T14:59:33Z",473,"Aina","NFO","-3.5","-3.6","-3.8","-4.1",-1,-6,"2.4",44,1111,21086,8,306,"1.0","a",-1,-1,,"false"
"2026-10-04T14:59:33Z",474,"Jair Cunha","NFO","-49.7","-49.7","-49.7","-49.7",-3,0,"0.2",45,276,665,11,360,"3.0","a",0,0,,"false"
"2026-10-04T14:59:33Z",475,"Savona","NFO","-18.8","-18.8","-18.8","-18.8",-1,0,"0.0",45,21,20,0,0,"0.0","i",0,0,,"false"
"2026-10-04T14:59:33Z",476,"O.Richards","NFO","-70.2","-69.9","-69.0","-68.1",-3,1,"0.2",40,319,768,0,0,"0.0","a",0,0,,"false"
"2026-10-04T14:59:33Z",477,"Abbott","NFO","0.0","0.0","0.0","0.0",0,0,"0.1",40,0,852,0,0,"0.0","u",0,0,,"false"
"2026-10-04T14:59:33Z",478,"Netz","NFO","-8.6","-8.6","-8.6","-8.6",-1,0,"0.0",44,58,122,3,27,"0.3","a",0,-1,,"false"
"2026-10-04T14:59:33Z",479,"Bindon","NFO","0.0","0.0","0.0","0.0",0,-1,"0.1",40,0,547,0,0,"0.0","u",0,0,,"false"
"2026-10-04T14:59:33Z",480,"Gibbs-White","NFO","53.5","53.4","53.3","53.2",3,-8,"15.7",80,69812,86650,28,450,"4.3","a",0,0,,"false"
"2026-10-04T14:59:33Z",482,"Hudson-Odoi","NFO","-40.9","-40.9","-40.9","-40.9",-3,0,"0.1",58,276,1193,1,1,"0.0","a",0,-2,,"false"
"2026-10-04T14:59:33Z",483,"Ndoye","NFO","13.8","13.8","13.7","13.6",1,-4,"0.7",55,806,8357,15,316,"1.0","a",0,0,,"false"
"2026-10-04T14:59:33Z",484,"Hutchinson","NFO","0.0","0.0","0.0","0.0",0,0,"0.1",54,0,390,0,0,"0.0","u",0,-1,,"false"
"2026-10-04T14:59:33Z",485,"Bakwa","NFO","0.0","0.0","0.0","0.0",0,0,"0.0",55,0,37,0,0,"0.0","u",0,0,,"false"
"2026-10-04T14:59:33Z",486,"McAtee","NFO","2.3","2.3","2.3","2.3",1,0,"0.1",55,364,934,12,416,"2.3","a",0,0,,"false"
"2026-10-04T14:59:33Z",487,"Dominguez","NFO","-71.2","-71.2","-71.2","-71.2",-3,0,"0.1",49,63,302,1,1,"0.0","a",0,-1,,"false"
"2026-10-04T14:59:33Z",488,"I.Sangaré","NFO","-0.3","-0.4","-0.6","-0.9",-1,-1,"0.4",48,323,3223,4,105,"0.7","a",-1,-2,,"false"
"2026-10-04T14:59:33Z",489,"Yates","NFO","-93.0","-93.1","-93.3","-93.5",-3,-2,"1.2",45,613,7606,0,0,"0.0","a",0,0,,"false"
"2026-10-04T14:59:33Z",490,"Wood","NFO","-41.9","-42.1","-42.5","-42.9",-3,-2,"0.9",58,2158,6738,4,62,"1.0","a",0,-2,,"false"
"2026-10-04T14:59:33Z",491,"Igor Jesus","NFO","-0.1","-0.1","0.0","0.1",-1,3,"2.6",58,7798,23997,12,257,"3.0","a",0,-2,,"false"
"2026-10-04T14:59:33Z",493,"Kalimuendo","NFO","0.0","0.1","0.1","0.1",1,1,"0.1",54,243,434,1,1,"0.0","a",0,-1,,"false"
"2026-10-04T14:59:33Z",558,"Schlager","NFO","0.5","0.5","0.5","0.5",1,0,"0.1",50,232,812,13,376,"2.7","a",0,0,,"false"
"2026-10-04T14:59:33Z",581,"Diomande","NFO","-52.1","-52.1","-52.1","-52.1",-3,0,"0.5",54,1600,2357,7,163,"2.3","a",0,-1,,"false"
"2026-10-04T14:59:33Z",590,"Benda","NFO","0.0","0.0","0.0","0.0",0,0,"0.1",45,131,244,0,0,"0.0","a",0,0,,"false"
"2026-10-04T14:59:33Z",112,"Van Hecke","TOT","-17.2","-17.4","-17.9","-18.4",-1,-36,"6.5",49,19059,33765,24,450,"7.3","d",0,-1,,"false"
"2026-10-04T14:59:33Z",147,"Tosin","TOT","-41.5","-41.5","-41.5","-41.5",-3,0,"0.1",44,109,582,1,5,"0.3","a",0,-1,,"false"
"2026-10-04T14:59:33Z",401,"Marmoush","TOT","39.4","39.5","39.7","39.9",2,12,"2.1",70,12702,22586,8,339,"2.0","a",0,0,,"false"
"2026-10-04T14:59:33Z",403,"Sávio","TOT","11.0","11.0","10.9","10.9",1,-4,"0.6",65,3106,7221,8,240,"2.7","a",0,0,,"false"
"2026-10-04T14:59:33Z",455,"Tonali","TOT","-20.8","-20.8","-20.8","-20.8",-2,0,"1.8",53,2427,15606,14,427,"3.3","a",-1,-2,,"false"
"2026-10-04T14:59:33Z",494,"Vicario","TOT","0.0","0.0","0.0","0.0",0,0,"0.1",45,0,743,0,0,"0.0","u",0,0,,"false"
"2026-10-04T14:59:33Z",495,"Austin","TOT","2.3","2.3","2.2","2.2",1,-1,"1.0",40,2023,2249,0,0,"0.0","a",0,0,,"false"
"2026-10-04T14:59:33Z",496,"Kinsky","TOT","-53.3","-53.3","-53.3","-53.4",-3,-6,"17.2",45,19455,115191,18,450,"5.0","a",0,0,,"false"
"2026-10-04T14:59:33Z",497,"Dubravka","TOT","-25.6","-25.6","-25.6","-25.6",-2,-4,"17.1",40,28043,50390,0,0,"0.0","a",0,0,,"false"
"2026-10-04T14:59:33Z",498,"Senesi","TOT","-58.3","-58.5","-58.9","-59.3",-3,-9,"3.5",58,1265,22316,3,90,"0.0","a",0,-2,,"false"
"2026-10-04T14:59:33Z",499,"Pedro Porro","TOT","-33.1","-33.3","-33.7","-34.2",-2,-40,"7.5",54,1745,78070,9,198,"2.7","d",0,-1,,"false"
"2026-10-04T14:59:33Z",500,"Romero","TOT","0.0","0.0","0.0","0.0",0,0,"0.1",50,0,307,0,0,"0.0","u",0,0,,"false"
"2026-10-04T14:59:33Z",502,"Robertson","TOT","0.3","0.2","0.1","0.0",1,-7,"2.5",44,5985,13482,17,366,"4.0","a",0,-1,,"false"
"2026-10-04T14:59:33Z",503,"Van de Ven","TOT","-23.4","-23.4","-23.6","-23.8",-2,-4,"3.8",50,6328,20616,16,360,"5.3","a",0,0,,"false"
"2026-10-04T14:59:33Z",505,"Spence","TOT","0.0","0.0","0.0","0.0",0,0,"0.2",45,0,1259,0,0,"0.0","u",0,0,,"false"
"2026-10-04T14:59:33Z",506,"Udogie","TOT","-22.4","-22.4","-22.4","-22.4",-2,0,"0.3",44,354,1677,7,86,"1.7","a",0,-1,,"false"
"2026-10-04T14:59:33Z",507,"Phillips","TOT","0.0","0.0","0.0","0.0",0,0,"0.0",45,0,55,0,0,"0.0","u",0,0,,"false"
"2026-10-04T14:59:33Z",508,"Davies","TOT","1.7","1.7","1.8","1.9",1,5,"0.9",39,7800,4129,0,0,"0.0","a",-1,-1,,"false"
"2026-10-04T14:59:33Z",509,"Byfield","TOT","-4.5","-4.5","-4.5","-4.5",-1,0,"0.1",40,129,253,0,0,"0.0","a",0,0,,"false"
"2026-10-04T14:59:33Z",510,"Rowswell","TOT","-17.1","-16.3","-14.2","-12.0",-1,1,"0.1",40,168,352,0,0,"0.0","a",0,0,,"false"
"2026-10-04T14:59:33Z",511,"Souza","TOT","0.0","0.0","0.0","0.0",0,-3,"0.2",40,0,920,0,0,"0.0","u",0,0,,"false"
"2026-10-04T14:59:33Z",512,"Kudus","TOT","2.2","2.2","2.2","2.3",1,1,"0.2",65,2403,1208,7,123,"2.0","a",0,0,,"false"
"2026-10-04T14:59:33Z",513,"Xavi","TOT","-18.1","-18.1","-18.1","-18.1",-1,0,"0.0",59,55,85,0,0,"0.0","i",0,-1,,"false"
"2026-10-04T14:59:33Z",514,"Tel","TOT","-29.1","-29.1","-29.1","-29.1",-2,0,"0.2",57,210,2031,8,257,"1.3","a",-1,-3,,"false"
"2026-10-04T14:59:33Z",515,"Maddison","TOT","-73.8","-73.8","-73.8","-73.8",-3,0,"0.4",63,804,2048,3,59,"0.7","a",0,-2,,"false"
"2026-10-04T14:59:33Z",516,"Bentancur","TOT","-78.2","-78.2","-78.2","-78.2",-3,0,"0.2",55,420,773,15,370,"4.0","a",0,0,,"false"
"2026-10-04T14:59:33Z",517,"Odobert","TOT","0.0","0.0","0.0","0.0",0,0,"0.0",55,30,14,0,0,"0.0","i",0,0,,"false"
"2026-10-04T14:59:33Z",518,"P.M.Sarr","TOT","0.0","0.0","0.0","0.0",0,0,"0.1",49,0,710,0,0,"0.0","u",0,-1,,"false"
"2026-10-04T14:59:33Z",519,"Gallagher","TOT","0.1","0.1","0.1","0.1",1,0,"0.2",53,833,682,9,134,"3.0","a",0,-2,,"false"
"2026-10-04T14:59:33Z",520,"Bergvall","TOT","-3.7","-3.7","-3.7","-3.7",-1,0,"0.1",53,111,653,3,78,"0.7","a",-1,-2,,"false"
"2026-10-04T14:59:33Z",521,"Kulusevski","TOT","-81.5","-81.5","-81.5","-81.5",-3,0,"0.0",65,105,78,0,0,"0.0","i",0,0,,"false"
"2026-10-04T14:59:33Z",522,"Gray","TOT","-27.2","-27.2","-27.2","-27.2",-2,0,"0.2",49,481,1265,9,307,"1.7","a",0,-1,,"false"
"2026-10-04T14:59:33Z",523,"Moore","TOT","0.0","0.0","0.0","0.0",0,0,"0.1",50,0,560,3,89,"0.0","u",0,0,,"false"
"2026-10-04T14:59:33Z",524,"Olusesi","TOT","8.1","8.1","8.1","8.0",1,-3,"1.0",44,6172,7846,0,0,"0.0","a",0,-1,,"false"
"2026-10-04T14:59:33Z",525,"Fernandes","TOT","-11.6","-11.6","-11.8","-12.1",-1,-2,"0.8",57,498,6913,7,249,"1.3","a",-1,-3,,"false"
"2026-10-04T14:59:33Z",526,"Solanke","TOT","-32.4","-32.4","-32.4","-32.4",-2,0,"0.8",58,2098,5959,7,170,"1.7","a",0,-2,,"false"
"2026-10-04T14:59:33Z",527,"Richarlison","TOT","0.0","0.0","0.0","0.0",0,-4,"0.6",59,0,6043,2,67,"0.0","u",0,-1,,"false"
"2026-10-04T14:59:33Z",528,"Scarlett","TOT","0.0","0.0","0.0","0.0",0,-3,"1.1",45,0,8356,0,0,"0.0","u",0,0,,"false"
"2026-10-04T14:59:33Z",578,"Mudryk","TOT","-13.1","-13.4","-14.5","-15.5",-1,-1,"0.0",53,21,579,1,16,"0.3","i",-1,-2,,"false"
"2026-10-04T14:59:33Z",601,"Williams-Barnett","TOT","-55.0","-55.0","-55.0","-55.0",-3,0,"0.1",45,175,781,0,0,"0.0","a",0,0,,"false"
"2026-10-04T14:59:33Z",501,"Danso","SUN","-85.2","-85.2","-85.2","-85.2",-3,0,"0.2",50,1210,874,3,270,"1.0","a",0,0,,"false"
"2026-10-04T14:59:33Z",529,"Roefs","SUN","-17.5","-17.6","-17.8","-18.1",-1,-4,"2.4",49,2138,12151,11,450,"1.3","a",0,-1,,"false"
"2026-10-04T14:59:33Z",530,"Patterson","SUN","0.0","0.0","0.0","0.0",0,0,"0.1",40,0,370,0,0,"0.0","u",0,0,,"false"
"2026-10-04T14:59:33Z",531,"Ellborg","SUN","0.0","0.0","0.0","0.0",0,0,"0.1",44,145,263,0,0,"0.0","a",-1,-1,,"false"
"2026-10-04T14:59:33Z",532,"Ballard","SUN","-57.0","-57.1","-57.4","-57.7",-3,-8,"2.5",49,3631,18436,14,450,"2.0","d",0,-1,,"false"
"2026-10-04T14:59:33Z",533,"Mukiele","SUN","-17.6","-17.8","-18.2","-18.6",-1,-5,"1.9",54,5363,9194,13,360,"1.3","a",0,-1,,"false"
"2026-10-04T14:59:33Z",534,"Hume","SUN","-8.5","-8.6","-8.8","-9.0",-1,-6,"2.8",43,1269,30822,10,206,"0.7","a",-1,-2,,"false"
"2026-10-04T14:59:33Z",535,"Alderete","SUN","-7.2","-7.4","-7.8","-8.3",-1,-1,"0.2",48,233,1109,1,23,"0.0","a",-1,-2,,"false"
"2026-10-04T14:59:33Z",536,"Reinildo","SUN","-0.2","-0.2","-0.2","-0.2",-1,0,"0.3",44,220,1610,7,360,"0.0","a",-1,-1,,"false"
"2026-10-04T14:59:33Z",537,"Seelt","SUN","0.0","0.0","0.0","0.0",0,0,"0.0",45,0,23,0,0,"0.0","u",0,0,,"false"
"2026-10-04T14:59:33Z",538,"Hjelde","SUN","0.0","0.0","0.0","0.0",0,0,"0.0",40,0,165,0,0,"0.0","u",0,0,,"false"
"2026-10-04T14:59:33Z",539,"O'Nien","SUN","4.3","4.4","4.4","4.5",1,5,"2.5",39,18490,12222,1,66,"0.0","a",-1,-1,,"false"
"2026-10-04T14:59:33Z",540,"Masuaku","SUN","0.0","0.0","0.0","0.0",0,0,"0.1",40,0,651,0,0,"0.0","u",0,0,,"false"
"2026-10-04T14:59:33Z",541,"Meunier","SUN","-33.2","-33.2","-33.2","-33.2",-2,0,"0.3",45,1725,945,14,396,"2.3","a",0,0,,"false"
"2026-10-04T14:59:33Z",542,"E.Le Fée","SUN","-4.7","-4.8","-5.1","-5.4",-1,-12,"3.4",57,12036,25134,18,438,"4.3","a",-1,-3,,"false"
"2026-10-04T14:59:33Z",543,"Diarra","SUN","-1.0","-1.0","-1.0","-1.0",-1,0,"0.0",53,20,246,5,28,"0.0","i",-1,-2,,"false"
"2026-10-04T14:59:33Z",544,"Xhaka","SUN","-77.3","-77.3","-77.6","-77.8",-3,-6,"3.6",55,6540,24160,21,450,"2.0","a",0,0,,"false"
"2026-10-04T14:59:33Z",545,"Sadiki","SUN","-78.2","-78.2","-78.2","-78.2",-3,0,"0.2",49,418,1412,10,410,"1.7","a",0,-1,,"false"
"2026-10-04T14:59:33Z",546,"Adingra","SUN","0.0","0.0","0.0","0.0",0,0,"0.0",49,0,193,0,0,"0.0","u",0,-1,,"false"
"2026-10-04T14:59:33Z",547,"Mundle","SUN","-83.6","-83.6","-83.6","-83.6",-3,0,"0.0",49,10,56,1,1,"0.0","i",0,-1,,"false"
"2026-10-04T14:59:33Z",548,"Rigg","SUN","-81.0","-81.0","-81.0","-81.0",-3,0,"0.0",49,34,240,2,17,"0.0","a",0,-1,,"false"
"2026-10-04T14:59:33Z",549,"Talbi","SUN","-31.2","-31.2","-31.2","-31.2",-2,0,"0.1",53,115,590,1,31,"0.0","a",0,-2,,"false"
"2026-10-04T14:59:33Z",550,"Jocelin.T","SUN","-97.0","-97.0","-97.0","-97.0",-4,0,"0.0",50,39,44,0,0,"0.0","a",0,0,,"false"
"2026-10-04T14:59:33Z",551,"N.Angulo","SUN","1.4","1.4","1.4","1.4",1,0,"0.1",50,534,811,16,313,"2.7","a",0,0,,"false"
"2026-10-04T14:59:33Z",552,"Brobbey","SUN","84.0","83.8","83.3","82.7",3,-35,"6.9",57,196836,50136,24,399,"6.7","d",-1,-3,,"false"
"2026-10-04T14:59:33Z",553,"Isidor","SUN","3.2","3.2","3.2","3.3",1,3,"1.3",55,3575,11961,15,117,"2.0","a",0,0,,"false"
"2026-10-04T14:59:33Z",612,"Methalie","SUN","0.0","0.0","0.0","0.0",0,0,"0.0",45,125,73,-1,90,"-0.3","a",0,0,,"false"
"2026-10-04T14:59:33Z",613,"Ahoka","SUN","-48.4","-48.4","-48.4","-48.4",-3,0,"0.2",45,618,1654,0,0,"0.0","a",0,0,,"false"
"2026-10-04T14:59:33Z",646,"Fofana","SUN","-11.7","-13.8","-20.0","-26.1",-1,-1,"0.0",55,343,310,3,60,"1.0","a",0,0,,"false"
"2026-10-04T14:59:33Z",651,"J.Angulo","SUN","5.2","5.2","5.3","5.3",1,4,"0.7",45,9198,7498,0,0,"0.0","a",0,0,,"false"
"2026-10-04T17:32:28Z",1,"Raya","ARS","1.7","1.7","1.7","1.8",1,10,"42.3",61,132815,52054,30,450,"6.0","a",1,1,,"false"
"2026-10-04T17:32:28Z",2,"Arrizabalaga","ARS","-52.5","-52.5","-52.5","-52.5",-3,0,"0.1",49,114,275,0,0,"0.0","a",0,-1,,"false"
"2026-10-04T17:32:28Z",3,"Meslier","ARS","-40.9","-40.9","-40.9","-40.9",-3,0,"0.0",49,50,129,0,0,"0.0","a",0,-1,,"false"
"2026-10-04T17:32:28Z",4,"Gabriel","ARS","-93.0","-93.0","-93.0","-93.0",-3,-1,"22.7",80,27058,69896,25,450,"4.0","a",0,0,,"false"
"2026-10-04T17:32:28Z",5,"J.Timber","ARS","12.0","12.0","12.1","12.2",1,5,"0.4",65,13799,4470,1,104,"0.3","a",0,0,,"false"
"2026-10-04T17:32:28Z",6,"Saliba","ARS","-26.9","-27.0","-27.3","-27.6",-2,-1,"0.2",59,427,1169,0,0,"0.0","i",0,-1,,"false"
"2026-10-04T17:32:28Z",7,"Lewis-Skelly","ARS","-17.1","-17.1","-17.3","-17.5",-1,-1,"0.6",54,1008,5134,9,271,"1.0","a",-1,-1,,"false"
"2026-10-04T17:32:28Z",8,"Calafiori","ARS","99.3","99.4","99.8","100.2",4,26,"50.5",58,82724,67082,29,416,"3.0","a",0,3,,"false"
"2026-10-04T17:32:28Z",9,"Hincapie","ARS","-6.2","-6.2","-6.3","-6.5",-1,-1,"0.9",52,1528,5939,2,32,"0.3","a",-1,-3,,"false"
"2026-10-04T17:32:28Z",10,"White","ARS","-52.7","-52.8","-53.2","-53.7",-3,-26,"4.9",55,3289,70635,21,315,"1.0","d",0,0,,"false"
"2026-10-04T17:32:28Z",11,"Mosquera","ARS","-27.6","-27.6","-27.6","-27.6",-2,0,"1.6",53,1284,9896,12,168,"0.0","a",0,-2,,"false"
"2026-10-04T17:32:28Z",12,"Saka","ARS","98.4","98.7","100.1","101.4",4,88,"13.8",95,125777,50253,32,416,"4.0","a",0,0,,"false"
"2026-10-04T17:32:28Z",13,"Rice","ARS","-37.3","-37.5","-38.0","-38.6",-2,-75,"11.6",74,7753,89468,20,411,"4.0","d",0,-1,,"false"
"2026-10-04T17:32:28Z",14,"Eze","ARS","-0.4","-0.3","0.0","0.1",-1,4,"1.0",62,2757,7107,4,85,"0.7","a",-1,-3,,"false"
"2026-10-04T17:32:28Z",15,"Ødegaard","ARS","0.2","0.4","0.9","1.4",1,32,"19.8",68,83800,93149,29,377,"5.0","a",0,3,,"false"
"2026-10-04T17:32:28Z",16,"Madueke","ARS","-27.3","-27.3","-27.3","-27.3",-2,0,"0.2",62,774,1622,2,23,"0.3","a",0,-3,,"false"
"2026-10-04T17:32:28Z",17,"Merino","ARS","-0.4","-0.4","-0.4","-0.4",-1,0,"0.4",57,815,3003,4,81,"0.7","a",-1,-3,,"false"
"2026-10-04T17:32:28Z",18,"Martinelli","ARS","0.0","0.0","0.0","0.0",0,0,"0.1",63,0,604,0,0,"0.0","u",0,-2,,"false"
"2026-10-04T17:32:28Z",19,"Zubimendi","ARS","-51.5","-51.5","-51.5","-51.5",-3,0,"0.6",53,534,3878,5,89,"1.0","a",0,-2,,"false"
"2026-10-04T17:32:28Z",20,"Dowman","ARS","-29.2","-30.0","-33.5","-37.0",-2,-2,"0.1",53,477,619,1,9,"0.3","a",0,-2,,"false"
"2026-10-04T17:32:28Z",22,"Nwaneri","ARS","0.0","0.0","0.0","0.0",0,0,"0.0",54,0,53,0,0,"0.0","u",0,-1,,"false"
"2026-10-04T17:32:28Z",23,"Fábio Vieira","ARS","0.0","0.0","0.0","0.0",0,0,"0.0",55,0,44,0,0,"0.0","u",0,0,,"false"
"2026-10-04T17:32:28Z",24,"Nelson","ARS","0.0","0.0","0.0","0.0",0,0,"0.0",55,0,24,0,0,"0.0","u",0,0,,"false"
"2026-10-04T17:32:28Z",25,"Gyökeres","ARS","-0.8","-0.6","0.0","0.4",-1,23,"3.2",71,15134,17950,2,29,"0.7","a",-1,-4,,"false"
"2026-10-04T17:32:28Z",26,"Havertz","ARS","1.2","0.9","-0.1","-0.9",1,-72,"8.2",76,50817,70645,19,437,"3.7","d",0,1,,"false"
"2026-10-04T17:32:28Z",27,"G.Jesus","ARS","0.0","0.0","0.0","0.0",0,0,"0.1",59,0,1071,0,0,"0.0","u",0,-1,,"false"
"2026-10-04T17:32:28Z",31,"Konsa","ARS","1.0","0.9","0.9","0.9",1,-7,"19.4",46,95564,50702,12,281,"3.7","a",1,1,,"false"
"2026-10-04T17:32:28Z",452,"Bruno G.","ARS","0.5","0.5","0.6","0.6",1,1,"1.8",67,6218,8041,9,123,"2.7","a",0,-3,,"false"
"2026-10-04T17:32:28Z",557,"Tzolis","ARS","-8.3","-8.5","-9.2","-9.9",-1,-159,"12.0",63,12444,153212,16,362,"3.3","d",-1,-2,,"false"
"2026-10-04T17:32:28Z",29,"M.Bizot","AVL","-40.2","-40.2","-40.2","-40.2",-3,0,"0.1",45,66,1048,1,90,"0.0","i",0,0,,"false"
"2026-10-04T17:32:28Z",30,"Digne","AVL","0.0","0.0","0.0","0.0",0,-1,"0.0",45,0,244,0,0,"0.0","u",0,0,,"false"
"2026-10-04T17:32:28Z",32,"Cash","AVL","-24.7","-24.7","-24.9","-25.1",-2,-5,"4.8",44,2852,26249,6,296,"1.7","a",0,-1,,"false"
"2026-10-04T17:32:28Z",33,"Mings","AVL","0.8","0.8","0.9","0.9",1,4,"0.4",45,1895,1504,10,261,"3.0","a",0,0,,"false"
"2026-10-04T17:32:28Z",34,"Pau","AVL","-0.8","-0.8","-0.8","-0.8",-1,0,"0.3",44,47,3260,3,187,"0.3","i",-1,-1,,"false"
"2026-10-04T17:32:28Z",35,"Bogarde","AVL","-3.9","-3.9","-3.9","-3.9",-1,0,"0.1",49,177,453,1,16,"0.0","a",-1,-1,,"false"
"2026-10-04T17:32:28Z",36,"Maatsen","AVL","-3.3","-3.2","-3.0","-2.7",-1,4,"0.5",44,54,6480,9,335,"2.7","i",-1,-1,,"false"
"2026-10-04T17:32:28Z",37,"Lindelöf","AVL","1.0","1.0","1.0","1.0",1,0,"0.3",45,1138,1377,8,450,"2.7","a",0,0,,"false"
"2026-10-04T17:32:28Z",38,"A.García","AVL","-36.9","-37.0","-37.3","-37.6",-2,-3,"1.5",40,1918,6324,0,0,"0.0","a",0,0,,"false"
"2026-10-04T17:32:28Z",39,"Nedeljkovic","AVL","0.0","0.0","0.0","0.0",0,0,"0.1",40,0,593,0,0,"0.0","u",0,0,,"false"
"2026-10-04T17:32:28Z",41,"Buendía","AVL","-35.4","-35.2","-34.5","-33.8",-2,5,"1.0",59,13030,4542,21,401,"5.7","a",0,-1,,"false"
"2026-10-04T17:32:28Z",44,"Bailey","AVL","0.0","0.0","0.0","0.0",0,0,"0.1",54,0,520,0,0,"0.0","u",0,-1,,"false"
"2026-10-04T17:32:28Z",45,"McGinn","AVL","-21.3","-21.4","-22.0","-22.5",-2,-8,"2.2",54,7330,9093,17,434,"5.0","a",0,-1,,"false"
"2026-10-04T17:32:28Z",46,"Barkley","AVL","0.5","0.5","0.5","0.5",1,0,"0.3",50,594,1847,10,308,"2.0","a",0,0,,"false"
"2026-10-04T17:32:28Z",47,"Kamara","AVL","-84.0","-84.2","-85.4","-86.5",-3,-2,"0.3",50,1387,1652,15,443,"3.7","a",0,0,,"false"
"2026-10-04T17:32:28Z",48,"Onana","AVL","-11.2","-11.2","-11.2","-11.2",-1,0,"0.0",49,44,98,0,0,"0.0","i",0,-1,,"false"
"2026-10-04T17:32:28Z",49,"Iling Jr","AVL","0.0","0.0","0.0","0.0",0,0,"0.0",50,0,11,0,0,"0.0","u",0,0,,"false"
"2026-10-04T17:32:28Z",50,"Burrowes","AVL","-83.3","-83.3","-83.3","-83.3",-3,0,"0.6",45,664,3511,0,0,"0.0","a",0,0,,"false"
"2026-10-04T17:32:28Z",51,"George Hemmings","AVL","14.2","14.2","14.1","13.9",1,-8,"1.2",45,3338,10079,9,297,"1.7","a",0,0,,"false"
"2026-10-04T17:32:28Z",52,"Alysson","AVL","-4.5","-5.5","-9.8","-14.1",-1,-2,"0.0",50,69,814,8,87,"2.3","d",0,0,,"false"
"2026-10-04T17:32:28Z",53,"Manzambi","AVL","9.1","9.1","9.2","9.2",1,3,"0.4",59,29198,3646,14,98,"4.7","a",0,-1,,"false"
"2026-10-04T17:32:28Z",54,"Gomes","AVL","0.1","0.1","0.1","0.1",1,0,"0.0",55,492,205,2,129,"1.3","a",0,0,,"false"
"2026-10-04T17:32:28Z",55,"Watkins","AVL","0.0","0.0","0.0","0.0",0,-18,"2.5",78,0,13534,0,0,"0.0","u",0,-2,,"false"
"2026-10-04T17:32:28Z",56,"Abraham","AVL","3.6","3.6","3.6","3.6",1,0,"0.2",55,1805,1804,4,71,"1.0","a",0,0,,"false"
"2026-10-04T17:32:28Z",160,"Garnacho","AVL","-70.0","-70.2","-71.1","-72.0",-3,-2,"0.3",58,580,2867,3,31,"0.3","a",0,-2,,"false"
"2026-10-04T17:32:28Z",166,"N.Jackson","AVL","55.4","55.5","56.0","56.5",3,32,"1.5",65,39026,8697,10,286,"2.7","a",0,0,,"false"
"2026-10-04T17:32:28Z",582,"Madjo","AVL","-26.4","-26.4","-26.4","-26.4",-2,0,"0.2",54,267,1858,0,0,"0.0","i",0,-1,,"false"
"2026-10-04T17:32:28Z",596,"Ruggeri","AVL","-74.2","-73.7","-71.6","-69.5",-3,1,"0.1",45,588,354,5,113,"1.3","a",0,0,,"false"
"2026-10-04T17:32:28Z",597,"Suzuki","AVL","31.2","31.2","31.3","31.4",2,6,"1.9",50,14256,6961,16,360,"4.7","a",0,0,,"false"
"2026-10-04T17:32:28Z",606,"Rowe","AVL","0.1","0.1","0.1","0.1",1,0,"0.2",40,331,929,0,0,"0.0","a",0,0,,"false"
"2026-10-04T17:32:28Z",607,"Lynch","AVL","0.0","0.0","0.0","0.0",0,-1,"0.1",45,0,733,0,0,"0.0","u",0,0,,"false"
"2026-10-04T17:32:28Z",611,"Wan-Bissaka","AVL","2.2","2.2","2.2","2.3",1,4,"0.2",45,1516,1492,6,152,"1.7","a",0,0,,"false"
"2026-10-04T17:32:28Z",618,"Goretzka","AVL","-44.0","-44.0","-44.0","-44.0",-3,0,"0.0",59,27,429,0,0,"0.0","i",0,-1,,"false"
"2026-10-04T17:32:28Z",630,"Harwood-Bellis","AVL","0.0","0.0","0.0","0.0",0,0,"0.0",45,204,198,0,0,"0.0","a",0,0,,"false"
"2026-10-04T17:32:28Z",631,"Mbaye","AVL","0.3","0.4","0.4","0.4",1,2,"0.1",60,952,1157,2,33,"0.7","a",0,0,,"false"
"2026-10-04T17:32:28Z",667,"Wright","AVL","0.1","0.1","0.1","0.1",1,2,"0.1",40,7603,933,0,0,"0.0","a",0,0,,"false"
"2026-10-04T17:32:28Z",57,"Petrović","BOU","0.2","0.2","0.2","0.2",1,0,"3.0",45,6744,12405,9,450,"1.3","a",0,0,,"false"
"2026-10-04T17:32:28Z",58,"Forster","BOU","4.8","4.8","4.8","4.8",1,0,"3.5",40,8580,7697,0,0,"0.0","a",0,0,,"false"
"2026-10-04T17:32:28Z",59,"Dennis","BOU","0.0","0.0","0.0","0.0",0,0,"0.1",40,0,580,0,0,"0.0","u",0,0,,"false"
"2026-10-04T17:32:28Z",60,"Hill","BOU","-33.7","-33.5","-32.7","-32.0",-2,4,"0.8",55,3416,3261,12,450,"2.3","a",0,0,,"false"
"2026-10-04T17:32:28Z",61,"Truffert","BOU","-1.6","-1.7","-1.9","-2.1",-1,-7,"3.0",54,4917,12806,10,450,"1.7","a",-1,-1,,"false"
"2026-10-04T17:32:28Z",62,"Diakité","BOU","-6.1","-6.6","-8.7","-10.8",-1,-3,"0.2",49,494,1005,0,0,"0.0","a",-1,-1,,"false"
"2026-10-04T17:32:28Z",63,"Milosavljević","BOU","-3.5","-3.5","-3.5","-3.5",-1,0,"0.0",49,35,50,0,0,"0.0","i",0,-1,,"false"
"2026-10-04T17:32:28Z",64,"Smith","BOU","0.3","0.3","0.3","0.3",1,0,"0.1",45,420,509,4,434,"0.7","a",0,0,,"false"
"2026-10-04T17:32:28Z",65,"J.Araujo","BOU","-12.5","-12.5","-12.5","-12.5",-1,0,"0.0",44,42,57,0,0,"0.0","i",0,-1,,"false"
"2026-10-04T17:32:28Z",66,"Soler","BOU","1.4","1.4","1.4","1.4",1,-1,"0.3",40,767,1171,0,0,"0.0","a",0,0,,"false"
"2026-10-04T17:32:28Z",67,"Rayan","BOU","-10.4","-10.2","-9.7","-9.3",-1,8,"1.6",63,4310,10135,10,434,"2.0","a",-1,-2,,"false"
"2026-10-04T17:32:28Z",68,"Tavernier","BOU","32.7","32.8","33.1","33.5",2,23,"6.8",61,88164,47056,31,424,"6.7","a",0,1,,"false"
"2026-10-04T17:32:28Z",69,"Scott","BOU","0.4","0.5","0.6","0.7",1,7,"5.8",61,25693,40232,30,446,"5.3","a",0,1,,"false"
"2026-10-04T17:32:28Z",70,"Kluivert","BOU","-60.1","-60.3","-61.2","-62.0",-3,-12,"0.9",60,2305,19035,15,294,"3.0","i",0,0,,"false"
"2026-10-04T17:32:28Z",71,"Cook","BOU","-13.6","-13.6","-13.6","-13.6",-1,0,"0.2",50,281,1192,8,180,"0.7","a",0,0,,"false"
"2026-10-04T17:32:28Z",72,"Gannon-Doak","BOU","-68.5","-68.5","-68.5","-68.5",-3,0,"0.1",49,151,400,4,12,"1.0","a",0,-1,,"false"
"2026-10-04T17:32:28Z",73,"Adams","BOU","1.6","1.6","1.6","1.6",1,0,"0.3",50,1156,1718,12,279,"3.3","a",0,0,,"false"
"2026-10-04T17:32:28Z",74,"Brooks","BOU","-20.9","-20.9","-20.9","-20.9",-2,0,"0.1",50,190,340,3,45,"0.7","a",0,0,,"false"
"2026-10-04T17:32:28Z",75,"Christie","BOU","0.4","0.4","0.4","0.4",1,0,"0.0",50,310,260,5,102,"1.3","a",0,0,,"false"
"2026-10-04T17:32:28Z",76,"Tóth.A","BOU","-12.3","-12.3","-12.3","-12.3",-1,0,"0.0",49,28,56,2,17,"0.3","a",0,-1,,"false"
"2026-10-04T17:32:28Z",77,"Adli","BOU","-87.3","-86.0","-80.5","-75.0",-3,1,"0.0",49,27,78,0,0,"0.0","i",0,-1,,"false"
"2026-10-04T17:32:28Z",78,"Kroupi.Jr","BOU","-79.7","-79.5","-78.8","-78.1",-3,2,"0.2",74,210,917,0,0,"0.0","i",0,-1,,"false"
"2026-10-04T17:32:28Z",79,"Evanilson","BOU","53.8","53.8","53.9","54.0",3,5,"3.2",60,19427,21955,18,424,"3.0","a",0,0,,"false"
"2026-10-04T17:32:28Z",80,"Enes Ünal","BOU","0.0","0.0","0.0","0.0",0,0,"0.0",55,0,53,0,0,"0.0","u",0,0,,"false"
"2026-10-04T17:32:28Z",81,"Rodríguez","BOU","-32.0","-31.6","-30.1","-28.5",-2,1,"0.1",60,846,750,2,10,"0.3","a",0,0,,"false"
"2026-10-04T17:32:28Z",566,"Silva","BOU","1.5","1.5","1.6","1.6",1,3,"0.4",50,7267,4115,13,450,"2.3","a",0,0,,"false"
"2026-10-04T17:32:28Z",573,"Sanchez","BOU","-13.6","-13.6","-13.6","-13.6",-1,0,"0.2",44,158,461,0,0,"0.0","a",0,-1,,"false"
"2026-10-04T17:32:28Z",608,"Jebbison","BOU","0.6","0.6","0.6","0.7",1,2,"0.1",50,954,936,3,31,"0.7","a",0,0,,"false"
"2026-10-04T17:32:28Z",615,"Di Gregorio","BOU","-29.3","-29.3","-29.3","-29.3",-2,0,"0.0",45,193,200,0,0,"0.0","a",0,0,,"false"
"2026-10-04T17:32:28Z",82,"Kelleher","BRE","21.5","21.5","21.5","21.6",2,3,"6.1",50,20953,14422,20,450,"3.7","a",0,0,,"false"
"2026-10-04T17:32:28Z",83,"Valdimarsson","BRE","-78.2","-78.2","-78.2","-78.2",-3,0,"0.1",45,315,353,0,0,"0.0","a",0,0,,"false"
"2026-10-04T17:32:28Z",84,"Collins","BRE","-31.3","-31.3","-31.6","-31.8",-2,-4,"0.9",54,126,9888,10,196,"0.3","i",0,-1,,"false"
"2026-10-04T17:32:28Z",85,"Van den Berg","BRE","-85.6","-85.6","-85.6","-85.6",-3,0,"0.1",49,40,373,0,0,"0.0","i",0,-1,,"false"
"2026-10-04T17:32:28Z",86,"Lewis-Potter","BRE","33.6","33.6","33.5","33.4",2,-8,"1.7",55,3867,12439,22,406,"2.0","a",0,0,,"false"
"2026-10-04T17:32:28Z",87,"Ajer","BRE","32.3","32.3","32.4","32.4",2,4,"3.9",45,11934,23711,21,450,"3.3","a",0,0,,"false"
"2026-10-04T17:32:28Z",88,"Kayode","BRE","-39.5","-39.5","-39.5","-39.5",-2,0,"7.6",46,14273,22406,23,294,"2.7","a",0,1,,"false"
"2026-10-04T17:32:28Z",89,"Henry","BRE","-17.1","-17.1","-17.1","-17.1",-1,0,"0.2",44,166,625,1,2,"0.0","a",0,-1,,"false"
"2026-10-04T17:32:28Z",90,"Hickey","BRE","-30.8","-30.8","-30.8","-30.8",-2,0,"0.1",45,193,261,5,152,"1.0","a",0,0,,"false"
"2026-10-04T17:32:28Z",92,"Ji-soo","BRE","-5.2","-5.2","-5.2","-5.2",-1,0,"0.0",44,62,91,0,0,"0.0","a",-1,-1,,"false"
"2026-10-04T17:32:28Z",93,"Schuster","BRE","5.6","5.7","5.8","5.9",1,9,"0.3",45,15984,2568,21,253,"7.0","a",0,0,,"false"
"2026-10-04T17:32:28Z",94,"Schade","BRE","16.6","16.9","18.1","19.2",1,200,"11.8",62,412349,27789,39,447,"8.7","a",1,2,,"false"
"2026-10-04T17:32:28Z",95,"O.Dango","BRE","-52.7","-52.7","-52.7","-52.7",-3,0,"0.5",63,867,3845,7,179,"1.0","a",0,-2,,"false"
"2026-10-04T17:32:28Z",96,"Damsgaard","BRE","-4.3","-4.7","-6.0","-7.3",-1,-6,"0.4",54,1792,2240,16,283,"4.0","d",0,-1,,"false"
"2026-10-04T17:32:28Z",97,"Jensen","BRE","-60.8","-60.8","-60.8","-60.8",-3,0,"0.1",54,20,679,6,66,"0.0","i",0,-1,,"false"
"2026-10-04T17:32:28Z",98,"Janelt","BRE","81.5","81.5","81.6","81.6",3,3,"2.5",50,20660,18810,28,450,"6.0","a",0,0,,"false"
"2026-10-04T17:32:28Z",99,"Milambo","BRE","-43.2","-43.2","-43.2","-43.2",-3,0,"0.0",50,7,7,0,0,"0.0","i",0,0,,"false"
"2026-10-04T17:32:28Z",100,"Carvalho","BRE","0.3","0.3","0.3","0.4",1,1,"0.0",50,621,180,6,3,"2.0","a",0,0,,"false"
"2026-10-04T17:32:28Z",102,"Yarmoliuk","BRE","-19.2","-19.2","-19.1","-18.9",-1,1,"0.6",48,1417,3461,9,216,"2.3","a",0,-2,,"false"
"2026-10-04T17:32:28Z",103,"Dasilva","BRE","-65.8","-65.8","-65.8","-65.8",-3,0,"0.0",49,10,108,0,0,"0.0","i",0,-1,,"false"
"2026-10-04T17:32:28Z",105,"Anthony","BRE","0.9","0.9","0.9","0.9",1,0,"0.1",59,2465,654,15,267,"4.0","a",0,-1,,"false"
"2026-10-04T17:32:28Z",106,"Thiago","BRE","12.5","12.7","13.3","14.0",1,42,"9.1",78,62905,40403,10,442,"2.7","a",0,-2,,"false"
"2026-10-04T17:32:28Z",107,"Furo","BRE","-7.0","-7.0","-7.2","-7.4",-1,-3,"0.9",45,652,9892,0,0,"0.0","i",0,0,,"false"
"2026-10-04T17:32:28Z",108,"Wilson","BRE","-12.4","-12.3","-11.9","-11.5",-1,1,"0.3",54,1293,2557,3,13,"0.3","a",-1,-1,,"false"
"2026-10-04T17:32:28Z",565,"M.Sangaré","BRE","-34.4","-34.5","-34.8","-35.1",-2,-32,"9.9",56,8792,143180,22,321,"1.3","a",-1,1,,"false"
"2026-10-04T17:32:28Z",620,"Diouf","BRE","-37.7","-37.7","-37.7","-37.7",-2,0,"0.1",45,495,710,2,39,"0.7","a",0,0,,"false"
"2026-10-04T17:32:28Z",657,"Nunes","BRE","0.0","0.0","0.0","0.1",0,1,"0.0",45,365,280,0,0,"0.0","a",0,0,,"false"
"2026-10-04T17:32:28Z",660,"Fredrick","BRE","0.0","0.0","0.0","0.0",0,0,"0.0",40,547,72,0,0,"0.0","a",0,0,,"false"
"2026-10-04T17:32:28Z",661,"Balcombe","BRE","0.0","0.0","0.0","0.0",0,0,"0.0",40,3011,583,0,0,"0.0","a",0,0,,"false"
"2026-10-04T17:32:28Z",109,"Verbruggen","BHA","67.5","67.5","67.5","67.6",3,4,"21.6",45,76683,76060,23,450,"5.7","a",0,0,,"false"
"2026-10-04T17:32:28Z",111,"Steele","BHA","-1.0","-1.1","-1.2","-1.4",-1,-4,"4.1",40,7486,15518,0,0,"0.0","a",0,0,,"false"
"2026-10-04T17:32:28Z",113,"F.Kadıoğlu","BHA","-63.0","-63.0","-63.0","-63.0",-3,0,"1.6",44,4253,7306,13,332,"4.3","a",0,-1,,"false"
"2026-10-04T17:32:28Z",114,"Boscagli","BHA","2.9","2.9","2.9","3.0",1,3,"0.3",45,2199,848,19,437,"4.7","a",0,0,,"false"
"2026-10-04T17:32:28Z",115,"De Cuyper","BHA","3.9","4.1","4.6","5.1",1,93,"27.9",50,312781,23623,38,423,"7.0","a",1,5,,"false"
"2026-10-04T17:32:28Z",116,"Dunk","BHA","20.7","20.7","20.5","20.4",2,-9,"1.5",45,7679,10665,22,360,"5.7","d",0,0,,"false"
"2026-10-04T17:32:28Z",117,"Coppola","BHA","-12.4","-12.4","-12.4","-12.4",-1,0,"0.0",45,113,102,0,0,"0.0","a",0,0,,"false"
"2026-10-04T17:32:28Z",118,"Igor","BHA","0.0","0.0","0.0","0.0",0,0,"0.0",45,0,307,0,0,"0.0","u",0,0,,"false"
"2026-10-04T17:32:28Z",119,"Costinha","BHA","0.0","0.0","0.0","0.0",0,0,"0.0",45,177,140,4,68,"1.0","a",0,0,,"false"
"2026-10-04T17:32:28Z",120,"Svoboda","BHA","0.5","0.5","0.5","0.5",1,-1,"0.1",50,1353,478,1,4,"0.3","a",0,0,,"false"
"2026-10-04T17:32:28Z",121,"Mitoma","BHA","-26.2","-26.2","-26.2","-26.2",-2,0,"0.0",59,138,185,0,0,"0.0","i",0,-1,,"false"
"2026-10-04T17:32:28Z",122,"Minteh","BHA","-6.2","-6.2","-6.2","-6.2",-1,0,"0.0",58,47,240,0,0,"0.0","i",-1,-2,,"false"
"2026-10-04T17:32:28Z",123,"Hinshelwood","BHA","-42.8","-42.8","-42.8","-42.8",-3,0,"0.6",59,290,7100,16,63,"0.0","i",0,-1,,"false"
"2026-10-04T17:32:28Z",124,"Groß","BHA","1.1","1.6","3.5","5.5",1,343,"29.3",59,823050,13229,47,450,"10.7","a",2,4,,"false"
"2026-10-04T17:32:28Z",125,"Georginio","BHA","-0.2","-0.2","-0.2","-0.2",-1,0,"0.5",53,2813,4025,6,104,"0.3","a",-1,-2,,"false"
"2026-10-04T17:32:28Z",126,"O'Riley","BHA","-8.6","-8.6","-8.6","-8.6",-1,0,"0.1",54,447,586,2,10,"0.7","a",0,-1,,"false"
"2026-10-04T17:32:28Z",127,"Gomez","BHA","32.3","32.3","32.2","32.2",2,-4,"3.9",50,12750,40129,24,433,"4.3","a",0,0,,"false"
"2026-10-04T17:32:28Z",128,"Buonanotte","BHA","0.0","0.0","0.0","0.0",0,0,"0.0",50,0,7,0,0,"0.0","u",0,0,,"false"
"2026-10-04T17:32:28Z",129,"Ayari","BHA","-46.7","-46.3","-44.5","-42.8",-3,4,"0.4",54,2484,2110,15,333,"4.3","a",0,-1,,"false"
"2026-10-04T17:32:28Z",130,"Wieffer","BHA","-33.7","-33.8","-34.5","-35.2",-2,-2,"0.2",49,34,2081,7,156,"0.0","i",0,-1,,"false"
"2026-10-04T17:32:28Z",132,"Howell","BHA","0.0","0.0","0.0","0.0",0,0,"0.0",45,0,219,0,0,"0.0","u",0,0,,"false"
"2026-10-04T17:32:28Z",133,"Watson","BHA","0.0","0.0","0.0","0.0",0,0,"0.0",50,0,5,0,0,"0.0","u",0,0,,"false"
"2026-10-04T17:32:28Z",134,"Oriola","BHA","-86.2","-86.2","-86.2","-86.2",-3,0,"0.2",45,368,1385,0,0,"0.0","a",0,0,,"false"
"2026-10-04T17:32:28Z",135,"Yohanna","BHA","-1.6","-1.6","-1.6","-1.6",-1,0,"0.0",48,26,405,1,12,"0.0","i",-1,-2,,"false"
"2026-10-04T17:32:28Z",137,"Tzimas","BHA","-4.1","-4.1","-4.1","-4.1",-1,0,"0.0",54,39,56,0,0,"0.0","i",0,-1,,"false"
"2026-10-04T17:32:28Z",138,"Kostoulas","BHA","23.6","23.9","24.9","26.0",2,185,"4.4",56,330388,21101,28,353,"7.3","a",1,1,,"false"
"2026-10-04T17:32:28Z",139,"Ferguson","BHA","-61.6","-61.6","-61.6","-61.6",-3,0,"0.0",50,146,269,0,0,"0.0","i",0,0,,"false"
"2026-10-04T17:32:28Z",328,"Struijk","BHA","-9.7","-10.0","-11.0","-12.0",-1,-2,"0.2",49,646,955,7,98,"2.3","d",0,-1,,"false"
"2026-10-04T17:32:28Z",504,"Vuskovic","BHA","59.5","59.6","60.1","60.7",3,35,"3.7",50,61085,14506,32,437,"8.7","a",0,0,,"false"
"2026-10-04T17:32:28Z",594,"David","BHA","0.7","0.7","0.7","0.7",1,0,"0.2",59,3327,2292,1,23,"0.0","a",-1,-1,,"false"
"2026-10-04T17:32:28Z",600,"Osman","BHA","-71.1","-71.1","-71.1","-71.1",-3,0,"0.0",50,118,129,3,40,"0.3","a",0,0,,"false"
"2026-10-04T17:32:28Z",605,"Yalcouyé","BHA","56.3","56.3","56.1","56.0",3,-11,"4.0",45,27139,34387,20,236,"3.7","a",0,0,,"false"
"2026-10-04T17:32:28Z",614,"Hadjam","BHA","-5.0","-5.0","-5.0","-5.0",-1,0,"0.0",45,257,260,0,0,"0.0","a",0,0,,"false"
"2026-10-04T17:32:28Z",624,"Cozier-Duberry","BHA","0.0","0.0","0.0","0.0",0,0,"0.0",50,0,5,0,0,"0.0","u",0,0,,"false"
"2026-10-04T17:32:28Z",639,"Andrés","BHA","1.5","1.5","1.5","1.5",1,0,"0.0",55,2858,335,12,109,"4.0","a",0,0,,"false"
"2026-10-04T17:32:28Z",652,"Azeez","BHA","-32.7","-32.7","-32.7","-32.7",-2,0,"0.0",55,19,46,0,0,"0.0","i",0,0,,"false"
"2026-10-04T17:32:28Z",658,"Ibrahim","BHA","0.0","0.0","0.0","0.0",0,0,"0.0",45,320,221,0,0,"0.0","a",0,0,,"false"
"2026-10-04T17:32:28Z",28,"Martinez","CHE","-6.8","-6.8","-6.8","-6.8",-1,1,"4.7",50,8202,22855,9,360,"2.3","a",0,0,,"false"
"2026-10-04T17:32:28Z",40,"Rogers","CHE","94.1","94.3","95.5","96.6",3,74,"40.6",77,160264,73807,29,437,"5.3","a",0,2,,"false"
"2026-10-04T17:32:28Z",101,"Henderson","CHE","0.0","0.0","0.0","0.0",0,0,"0.0",49,535,168,2,90,"0.7","a",0,-1,,"false"
"2026-10-04T17:32:28Z",136,"Welbeck","CHE","7.2","7.2","7.2","7.3",1,2,"1.0",59,8205,9679,4,85,"1.3","a",0,-1,,"false"
"2026-10-04T17:32:28Z",140,"Sánchez","CHE","0.0","0.0","0.0","0.0",0,-2,"0.7",49,0,5084,2,90,"0.0","u",0,-1,,"false"
"2026-10-04T17:32:28Z",141,"Jörgensen","CHE","0.0","0.0","0.0","0.0",0,0,"0.0",50,0,33,0,0,"0.0","u",0,0,,"false"
"2026-10-04T17:32:28Z",142,"James","CHE","-0.2","-0.2","-0.5","-0.7",-1,-28,"5.8",53,666,81014,3,292,"0.7","d",-1,-2,,"false"
"2026-10-04T17:32:28Z",143,"Chalobah","CHE","0.0","0.0","0.0","0.0",0,0,"0.1",55,0,344,0,0,"0.0","u",0,0,,"false"
"2026-10-04T17:32:28Z",144,"Gusto","CHE","-3.8","-3.9","-4.1","-4.4",-1,-2,"0.9",49,1641,7086,4,272,"0.7","a",-1,-1,,"false"
"2026-10-04T17:32:28Z",145,"Fofana","CHE","4.9","4.9","4.9","4.9",1,0,"0.2",50,2663,1372,8,312,"2.7","a",0,0,,"false"
"2026-10-04T17:32:28Z",146,"B.Badiashile","CHE","0.0","0.0","0.0","0.0",0,0,"0.0",45,0,45,0,0,"0.0","u",0,0,,"false"
"2026-10-04T17:32:28Z",148,"Hato","CHE","13.1","13.1","13.1","13.1",1,0,"0.8",45,878,7599,8,258,"1.0","a",0,0,,"false"
"2026-10-04T17:32:28Z",149,"Colwill","CHE","-10.6","-10.7","-11.1","-11.5",-1,-4,"0.9",48,1148,5612,3,341,"0.7","a",-1,-2,,"false"
"2026-10-04T17:32:28Z",150,"M.Sarr","CHE","0.0","0.0","0.0","0.0",0,0,"0.0",45,0,177,0,0,"0.0","u",0,0,,"false"
"2026-10-04T17:32:28Z",151,"Acheampong","CHE","-13.1","-13.1","-13.1","-13.1",-1,0,"0.3",45,443,2030,5,221,"0.3","a",0,0,,"false"
"2026-10-04T17:32:28Z",152,"Palestra","CHE","-2.4","-2.4","-2.4","-2.4",-1,0,"0.6",53,252,4064,0,0,"0.0","d",0,-2,,"false"
"2026-10-04T17:32:28Z",154,"Palmer","CHE","-16.8","-17.1","-18.4","-19.7",-1,-154,"25.5",97,50706,181141,28,442,"2.7","d",0,2,,"false"
"2026-10-04T17:32:28Z",156,"Neto","CHE","-7.0","-7.0","-7.0","-7.1",-1,-1,"1.4",65,5622,9997,14,332,"2.0","a",0,0,,"false"
"2026-10-04T17:32:28Z",157,"Estêvão","CHE","-34.0","-34.0","-34.0","-34.0",-2,0,"0.7",63,1923,4482,4,23,"1.0","a",0,-2,,"false"
"2026-10-04T17:32:28Z",158,"Gittens","CHE","-4.5","-4.5","-4.5","-4.5",-1,0,"0.0",58,159,265,0,0,"0.0","d",-1,-2,,"false"
"2026-10-04T17:32:28Z",159,"Caicedo","CHE","-3.6","-3.8","-4.7","-5.5",-1,-10,"1.0",53,430,9344,1,13,"0.0","d",0,-2,,"false"
"2026-10-04T17:32:28Z",161,"Lavia","CHE","4.9","4.8","4.8","4.8",1,-1,"0.2",50,460,2535,11,258,"1.0","a",0,0,,"false"
"2026-10-04T17:32:28Z",163,"D.Essugo","CHE","0.0","0.0","0.0","0.0",0,-2,"0.1",45,0,755,0,0,"0.0","u",0,0,,"false"
"2026-10-04T17:32:28Z",164,"Quenda","CHE","-29.0","-29.0","-29.0","-29.0",-2,0,"0.0",53,77,188,2,27,"0.3","a",0,-2,,"false"
"2026-10-04T17:32:28Z",165,"João Pedro","CHE","-2.3","-2.3","-2.4","-2.5",-1,-129,"65.0",77,68322,409349,33,360,"4.3","d",-1,2,,"false"
"2026-10-04T17:32:28Z",168,"Marc Guiu","CHE","0.0","0.0","0.0","0.0",0,-2,"0.2",50,0,1621,0,0,"0.0","u",0,0,,"false"
"2026-10-04T17:32:28Z",169,"Mheuka","CHE","4.7","4.7","4.7","4.7",1,0,"0.5",45,4726,3681,0,0,"0.0","a",0,0,,"false"
"2026-10-04T17:32:28Z",170,"Emegha","CHE","-0.9","-0.9","-0.9","-0.9",-1,0,"0.1",49,89,1139,0,0,"0.0","i",-1,-1,,"false"
"2026-10-04T17:32:28Z",200,"Lacroix","CHE","-7.8","-7.8","-7.8","-7.8",-1,-1,"6.8",59,8583,30537,13,364,"2.0","a",-1,-1,,"false"
"2026-10-04T17:32:28Z",560,"Penders","CHE","-1.0","-1.0","-1.0","-1.0",-1,0,"0.1",44,251,309,0,0,"0.0","a",0,-1,,"false"
"2026-10-04T17:32:28Z",561,"Anselmino","CHE","-1.7","-1.7","-1.7","-1.7",-1,0,"0.0",45,69,110,0,0,"0.0","a",0,0,,"false"
"2026-10-04T17:32:28Z",568,"Barco","CHE","-15.3","-15.0","-13.4","-11.9",-1,1,"0.1",54,248,469,3,115,"0.7","a",0,-1,,"false"
"2026-10-04T17:32:28Z",583,"Chavarria","CHE","-52.7","-52.7","-52.7","-52.7",-3,0,"0.1",49,446,576,5,208,"1.0","a",0,-1,,"false"
"2026-10-04T17:32:28Z",662,"Nicoll-Jazuli","CHE","-1.1","-1.1","-1.1","-1.1",-1,0,"0.0",45,348,77,1,3,"1.0","a",0,0,,"false"
"2026-10-04T17:32:28Z",91,"Pinnock","COV","-74.6","-75.2","-78.0","-80.7",-3,-1,"0.1",45,424,241,14,282,"4.3","a",0,0,,"false"
"2026-10-04T17:32:28Z",104,"Onyeka","COV","-36.0","-36.0","-36.0","-36.0",-2,0,"0.1",49,182,475,9,314,"2.3","a",0,-1,,"false"
"2026-10-04T17:32:28Z",110,"Rushworth","COV","-60.9","-60.8","-60.3","-59.8",-3,2,"0.8",45,2721,6122,16,450,"4.3","a",0,0,,"false"
"2026-10-04T17:32:28Z",171,"Dovin","COV","0.0","0.0","0.0","0.0",0,0,"1.0",40,0,5018,0,0,"0.0","u",0,0,,"false"
"2026-10-04T17:32:28Z",172,"Wilson","COV","-6.7","-6.7","-6.7","-6.7",-1,0,"0.4",44,253,722,0,0,"0.0","a",0,-1,,"false"
"2026-10-04T17:32:28Z",173,"Thomas","COV","18.0","18.0","17.9","17.8",1,-8,"8.5",40,28115,33755,24,437,"4.3","a",0,0,,"false"
"2026-10-04T17:32:28Z",174,"Kitching","COV","0.0","0.0","0.0","0.0",0,0,"0.3",40,0,1927,0,0,"0.0","u",0,0,,"false"
"2026-10-04T17:32:28Z",175,"van Ewijk","COV","-51.9","-52.0","-52.2","-52.3",-3,-19,"8.7",40,1196,79590,6,360,"1.0","d",0,0,,"false"
"2026-10-04T17:32:28Z",176,"Dasilva","COV","-29.9","-29.7","-28.5","-27.4",-2,5,"0.7",40,6943,1933,20,444,"5.7","a",0,0,,"false"
"2026-10-04T17:32:28Z",177,"Kesler-Hayden","COV","0.2","0.2","0.2","0.2",1,0,"0.0",39,1076,596,0,0,"0.0","i",-1,-1,,"false"
"2026-10-04T17:32:28Z",178,"Bidwell","COV","-32.0","-32.0","-32.0","-32.0",-2,0,"0.1",40,187,315,0,0,"0.0","a",0,0,,"false"
"2026-10-04T17:32:28Z",179,"Latibeaudiere","COV","-80.1","-80.1","-80.1","-80.1",-3,0,"0.0",40,76,142,1,1,"0.3","a",0,0,,"false"
"2026-10-04T17:32:28Z",180,"Woolfenden","COV","0.0","0.0","0.0","0.0",0,0,"0.1",39,49,542,0,0,"0.0","i",-1,-1,,"false"
"2026-10-04T17:32:28Z",181,"Brau","COV","0.0","0.0","0.0","0.0",0,0,"0.0",40,0,106,0,0,"0.0","u",0,0,,"false"
"2026-10-04T17:32:28Z",182,"Amenda","COV","-58.0","-58.0","-58.0","-58.0",-3,0,"0.6",40,41,7103,4,360,"0.7","i",0,0,,"false"
"2026-10-04T17:32:28Z",183,"Rudoni","COV","0.1","0.1","0.1","0.1",1,0,"0.1",49,964,715,13,297,"3.0","a",0,-1,,"false"
"2026-10-04T17:32:28Z",184,"Grimes","COV","-30.8","-30.8","-30.8","-30.8",-2,0,"0.1",49,194,904,11,443,"2.3","a",0,-1,,"false"
"2026-10-04T17:32:28Z",185,"Sakamoto","COV","-24.5","-24.5","-24.5","-24.5",-2,0,"0.1",48,131,398,1,31,"0.0","a",0,-2,,"false"
"2026-10-04T17:32:28Z",186,"Mason-Clark","COV","-2.4","-2.4","-2.4","-2.4",-1,0,"0.1",53,76,368,5,231,"1.3","a",-1,-2,,"false"
"2026-10-04T17:32:28Z",187,"Eccles","COV","-5.1","-6.2","-10.7","-15.3",-1,-1,"0.0",48,21,94,0,0,"0.0","i",-1,-2,,"false"
"2026-10-04T17:32:28Z",188,"Torp","COV","-12.6","-12.6","-12.6","-12.6",-1,0,"0.1",53,44,455,3,53,"0.3","a",-1,-2,,"false"
"2026-10-04T17:32:28Z",189,"Shepherd","COV","0.8","0.8","0.8","0.8",1,0,"0.3",44,4162,2343,0,0,"0.0","a",0,-1,,"false"
"2026-10-04T17:32:28Z",190,"Tchaouna","COV","-86.2","-86.2","-86.2","-86.2",-3,0,"0.1",54,27,362,5,211,"0.7","a",0,-1,,"false"
"2026-10-04T17:32:28Z",191,"Borges Rodrigues","COV","0.0","0.0","0.0","0.0",0,0,"0.1",45,0,714,0,0,"0.0","u",0,0,,"false"
"2026-10-04T17:32:28Z",192,"Andrews","COV","0.0","0.0","0.0","0.0",0,-4,"0.3",45,0,2081,0,0,"0.0","u",0,0,,"false"
"2026-10-04T17:32:28Z",193,"Wright","COV","-0.8","-0.8","-0.8","-0.8",-1,0,"0.1",53,50,587,0,0,"0.0","i",-1,-2,,"false"
"2026-10-04T17:32:28Z",194,"Thomas-Asante","COV","3.1","3.1","3.1","3.1",1,1,"0.8",50,8681,6223,9,227,"2.0","a",0,0,,"false"
"2026-10-04T17:32:28Z",195,"Simms","COV","-0.0","-0.2","-1.0","-1.9",-1,-6,"0.6",49,2093,5491,4,104,"0.7","a",-1,-1,,"false"
"2026-10-04T17:32:28Z",196,"Markelo","COV","0.0","0.0","0.0","0.0",0,0,"0.0",50,0,62,0,0,"0.0","u",0,0,,"false"
"2026-10-04T17:32:28Z",197,"Bassette","COV","0.0","0.0","0.0","0.0",0,0,"0.0",45,0,153,0,0,"0.0","u",0,0,,"false"
"2026-10-04T17:32:28Z",492,"Awoniyi","COV","-14.7","-14.8","-15.2","-15.5",-1,-4,"0.4",54,74,5230,3,232,"0.0","s",-1,-1,,"false"
"2026-10-04T17:32:28Z",575,"Yirenkyi","COV","-3.1","-3.1","-3.1","-3.1",-1,0,"0.1",48,313,1044,9,265,"1.7","a",-1,-2,,"false"
"2026-10-04T17:32:28Z",584,"Hamer","COV","-90.1","-90.1","-90.1","-90.1",-3,0,"0.1",54,43,410,3,32,"0.3","a",0,-1,,"false"
"2026-10-04T17:32:28Z",599,"Cherif","COV","-6.4","-6.4","-6.4","-6.4",-1,0,"0.1",50,561,782,1,30,"0.3","a",0,0,,"false"
"2026-10-04T17:32:28Z",623,"Bentley","COV","2.2","2.2","2.2","2.2",1,0,"0.6",40,8291,2429,0,0,"0.0","a",0,0,,"false"
"2026-10-04T17:32:28Z",655,"Gboho","COV","0.0","0.0","0.0","0.0",0,0,"0.0",55,79,54,0,0,"0.0","a",0,0,,"false"
"2026-10-04T17:32:28Z",656,"Mfuni","COV","0.1","0.1","0.1","0.1",1,1,"0.1",40,1935,897,6,90,"3.0","a",0,0,,"false"
"2026-10-04T17:32:28Z",42,"Guessand","CRY","-29.3","-29.3","-29.3","-29.3",-2,0,"0.0",54,117,276,2,54,"0.0","a",0,-1,,"false"
"2026-10-04T17:32:28Z",153,"Disasi","CRY","-66.2","-66.2","-66.2","-66.2",-3,0,"0.1",45,28,804,1,139,"0.0","s",0,0,,"false"
"2026-10-04T17:32:28Z",198,"Henderson","CRY","-0.3","-0.4","-0.6","-0.8",-1,-8,"1.3",49,156,11752,5,270,"0.7","i",-1,-1,,"false"
"2026-10-04T17:32:28Z",199,"Benitez","CRY","-24.2","-24.2","-24.2","-24.2",-2,0,"0.1",45,723,398,8,180,"2.7","a",0,0,,"false"
"2026-10-04T17:32:28Z",202,"Richards","CRY","0.0","0.0","0.0","0.0",0,0,"0.6",49,1701,2306,14,450,"3.7","a",-1,-1,,"false"
"2026-10-04T17:32:28Z",203,"Canvot","CRY","-0.3","-0.3","-0.3","-0.3",-1,0,"0.2",48,442,903,10,360,"3.0","a",-1,-2,,"false"
"2026-10-04T17:32:28Z",204,"Mitchell","CRY","28.0","28.0","28.1","28.3",2,8,"6.1",45,15987,17104,24,419,"7.7","a",0,0,,"false"
"2026-10-04T17:32:28Z",205,"Sosa","CRY","0.0","0.0","0.0","0.0",0,0,"0.0",45,0,111,0,0,"0.0","u",0,0,,"false"
"2026-10-04T17:32:28Z",206,"Chadi Riad","CRY","-5.4","-5.4","-5.4","-5.4",-1,0,"0.0",43,25,133,1,72,"0.0","i",-1,-2,,"false"
"2026-10-04T17:32:28Z",207,"Mingueza","CRY","-92.9","-92.9","-92.9","-92.9",-3,0,"0.1",44,90,289,2,16,"0.3","a",0,-1,,"false"
"2026-10-04T17:32:28Z",208,"Sarr","CRY","0.1","0.1","0.1","0.1",1,0,"0.6",62,2677,2323,1,8,"0.3","a",0,-3,,"false"
"2026-10-04T17:32:28Z",210,"Wharton","CRY","-2.9","-2.9","-2.6","-2.3",-1,2,"0.7",54,1210,4693,12,436,"2.0","a",-1,-1,,"false"
"2026-10-04T17:32:28Z",211,"Yeremy","CRY","4.9","4.9","4.8","4.8",1,-1,"0.3",55,721,2761,14,307,"2.7","a",0,0,,"false"
"2026-10-04T17:32:28Z",212,"Hughes","CRY","-21.8","-21.9","-22.0","-22.2",-2,-8,"7.3",44,9349,46102,2,29,"0.7","a",0,-1,,"false"
"2026-10-04T17:32:28Z",213,"Lerma","CRY","-2.7","-2.7","-2.7","-2.7",-1,0,"0.1",48,96,393,1,51,"0.3","a",-1,-2,,"false"
"2026-10-04T17:32:28Z",214,"Kamada","CRY","12.0","12.0","12.0","12.0",1,0,"0.5",50,3411,3165,21,441,"5.3","a",0,0,,"false"
"2026-10-04T17:32:28Z",215,"Devenny","CRY","0.0","0.0","0.0","0.0",0,0,"0.0",50,0,36,0,0,"0.0","u",0,0,,"false"
"2026-10-04T17:32:28Z",216,"Esse","CRY","0.0","0.0","0.0","0.0",0,0,"0.0",50,0,131,0,0,"0.0","u",0,0,,"false"
"2026-10-04T17:32:28Z",217,"M.França","CRY","0.0","0.0","0.0","0.0",0,0,"0.0",49,0,161,0,0,"0.0","u",0,-1,,"false"
"2026-10-04T17:32:28Z",218,"Doucouré","CRY","-2.7","-2.7","-2.7","-2.7",-1,0,"0.0",48,117,305,0,0,"0.0","a",-1,-2,,"false"
"2026-10-04T17:32:28Z",219,"J.Rak-Sakyi","CRY","0.0","0.0","0.0","0.0",0,0,"0.0",49,0,27,0,0,"0.0","u",0,-1,,"false"
"2026-10-04T17:32:28Z",220,"Cardines","CRY","0.0","0.0","0.0","0.0",0,0,"0.0",45,0,3,0,0,"0.0","u",0,0,,"false"
"2026-10-04T17:32:28Z",221,"Drakes-Thomas","CRY","-99.7","-99.0","-96.3","-93.5",-4,1,"0.1",45,153,442,0,0,"0.0","a",0,0,,"false"
"2026-10-04T17:32:28Z",222,"Strand Larsen","CRY","5.5","5.5","5.5","5.5",1,-2,"0.7",60,5321,4105,14,298,"3.7","a",0,0,,"false"
"2026-10-04T17:32:28Z",223,"Mateta","CRY","-27.6","-27.7","-28.1","-28.6",-2,-10,"1.3",63,229,9516,2,62,"0.0","i",0,-2,,"false"
"2026-10-04T17:32:28Z",224,"Nketiah","CRY","-19.0","-19.2","-19.9","-20.6",-1,-2,"0.5",55,1368,3468,8,175,"1.7","a",0,0,,"false"
"2026-10-04T17:32:28Z",225,"Uche","CRY","0.0","0.0","0.0","0.0",0,0,"0.0",50,0,0,0,0,"0.0","u",0,0,,"false"
"2026-10-04T17:32:28Z",241,"McNeil","CRY","-0.1","-0.1","-0.1","-0.1",-1,0,"0.1",53,81,504,3,84,"0.0","a",-1,-2,,"false"
"2026-10-04T17:32:28Z",555,"Matthews","CRY","-9.8","-9.8","-10.0","-10.1",-1,-2,"1.7",40,1156,3142,0,0,"0.0","a",0,0,,"false"
"2026-10-04T17:32:28Z",577,"Tomiyasu","CRY","-15.6","-15.6","-15.6","-15.6",-1,0,"0.3",44,149,1264,3,189,"0.3","d",0,-1,,"false"
"2026-10-04T17:32:28Z",588,"Khalaili","CRY","7.0","7.0","7.0","7.0",1,0,"0.3",50,2197,1221,19,379,"5.3","a",0,0,,"false"
"2026-10-04T17:32:28Z",595,"Gozo","CRY","-1.3","-1.3","-1.3","-1.3",-1,0,"0.0",49,41,92,2,28,"0.3","a",-1,-1,,"false"
"2026-10-04T17:32:28Z",633,"Ahanor","CRY","0.1","0.1","0.1","0.1",1,0,"0.0",45,143,112,3,90,"1.0","a",0,0,,"false"
"2026-10-04T17:32:28Z",643,"Chilwell","CRY","-78.2","-78.4","-79.3","-80.1",-3,-2,"0.4",45,591,3033,8,29,"2.7","a",0,0,,"false"
"2026-10-04T17:32:28Z",644,"Timber","CRY","0.2","0.2","0.2","0.2",1,0,"0.0",50,483,331,9,253,"3.0","a",0,0,,"false"
"2026-10-04T17:32:28Z",647,"Osorio","CRY","-81.2","-81.2","-81.2","-81.2",-3,0,"0.0",55,27,80,1,1,"0.3","a",0,0,,"false"
"2026-10-04T17:32:28Z",21,"Nørgaard","EVE","-0.5","-0.5","-0.5","-0.5",-1,0,"0.0",48,61,343,0,0,"0.0","i",-1,-2,,"false"
"2026-10-04T17:32:28Z",209,"Johnson","EVE","-20.3","-20.3","-20.3","-20.3",-2,0,"0.1",59,442,738,9,238,"2.3","a",0,-1,,"false"
"2026-10-04T17:32:28Z",226,"Pickford","EVE","31.0","31.0","31.0","31.0",2,0,"9.1",55,30076,16699,25,450,"5.0","a",0,0,,"false"
"2026-10-04T17:32:28Z",227,"Travers","EVE","-33.6","-33.6","-33.6","-33.6",-2,0,"0.0",50,264,274,0,0,"0.0","a",0,0,,"false"
"2026-10-04T17:32:28Z",228,"King","EVE","-44.1","-44.1","-44.1","-44.1",-3,0,"0.0",45,122,181,0,0,"0.0","a",0,0,,"false"
"2026-10-04T17:32:28Z",229,"Tarkowski","EVE","1.4","1.5","2.0","2.5",1,84,"16.7",62,243483,22937,43,450,"8.3","a",1,2,,"false"
"2026-10-04T17:32:28Z",230,"Branthwaite","EVE","37.6","37.7","37.8","37.9",2,6,"2.4",55,20967,7752,27,450,"5.7","a",0,0,,"false"
"2026-10-04T17:32:28Z",231,"Keane","EVE","-41.7","-41.8","-42.4","-42.9",-3,-3,"0.7",48,416,3980,0,0,"0.0","a",0,-2,,"false"
"2026-10-04T17:32:28Z",232,"O'Brien","EVE","-4.5","-4.5","-4.5","-4.5",-1,0,"0.3",48,352,1204,2,16,"0.7","a",-1,-2,,"false"
"2026-10-04T17:32:28Z",233,"Mykolenko","EVE","1.1","1.1","0.9","0.8",1,-24,"4.2",46,41590,25170,27,450,"5.7","d",1,1,,"false"
"2026-10-04T17:32:28Z",234,"Patterson","EVE","0.0","0.0","0.0","0.0",0,0,"0.0",45,0,131,0,0,"0.0","u",0,0,,"false"
"2026-10-04T17:32:28Z",235,"Aznou","EVE","0.0","0.0","0.0","0.0",0,0,"0.1",40,0,585,0,0,"0.0","u",0,0,,"false"
"2026-10-04T17:32:28Z",236,"Dewsbury-Hall","EVE","-17.2","-17.2","-17.5","-17.8",-1,-10,"5.9",66,35259,47256,20,450,"2.3","a",1,1,,"false"
"2026-10-04T17:32:28Z",238,"Grealish","EVE","9.2","9.2","9.2","9.2",1,0,"0.5",65,4001,3120,6,135,"1.7","a",0,0,,"false"
"2026-10-04T17:32:28Z",239,"Garner","EVE","3.6","3.7","3.7","3.7",1,2,"0.2",60,1865,2108,11,328,"3.0","a",0,0,,"false"
"2026-10-04T17:32:28Z",242,"George","EVE","31.4","31.4","31.3","31.3",2,-2,"0.9",55,2573,11203,19,309,"4.7","a",0,0,,"false"
"2026-10-04T17:32:28Z",243,"Alcaraz","EVE","-48.9","-49.5","-52.2","-54.9",-3,-1,"0.1",49,164,416,1,5,"0.0","a",0,-1,,"false"
"2026-10-04T17:32:28Z",244,"Armstrong","EVE","9.8","9.8","9.8","9.8",1,0,"0.4",50,889,3431,16,446,"2.0","a",0,0,,"false"
"2026-10-04T17:32:28Z",245,"Dibling","EVE","-94.3","-94.3","-94.3","-94.3",-3,0,"0.0",54,121,161,1,24,"0.3","a",0,-1,,"false"
"2026-10-04T17:32:28Z",246,"Röhl","EVE","-49.3","-49.8","-51.9","-54.0",-3,-1,"0.0",49,7,602,6,249,"0.3","i",0,-1,,"false"
"2026-10-04T17:32:28Z",247,"Hackney","EVE","-5.9","-5.9","-5.9","-5.9",-1,0,"0.2",54,206,1132,10,137,"2.0","a",-1,-1,,"false"
"2026-10-04T17:32:28Z",248,"Beto","EVE","0.0","0.0","0.0","0.0",0,-7,"0.6",54,0,7618,2,31,"0.0","u",0,-1,,"false"
"2026-10-04T17:32:28Z",249,"Barry","EVE","0.7","0.7","0.9","1.0",1,26,"8.3",57,89307,41674,20,417,"3.3","a",1,2,,"false"
"2026-10-04T17:32:28Z",649,"Maitland-Niles","EVE","18.3","18.3","18.3","18.3",1,0,"1.4",45,20224,5083,21,177,"7.0","a",0,0,,"false"
"2026-10-04T17:32:28Z",654,"Graham","EVE","-37.2","-37.6","-39.5","-41.4",-2,-1,"0.1",45,243,1036,0,0,"0.0","a",0,0,,"false"
"2026-10-04T17:32:28Z",250,"Leno","FUL","9.6","9.6","9.8","9.9",1,8,"3.4",45,42696,12340,18,450,"4.3","a",0,0,,"false"
"2026-10-04T17:32:28Z",251,"Lecomte","FUL","-25.1","-25.1","-25.1","-25.1",-2,0,"1.1",40,2636,2657,0,0,"0.0","a",0,0,,"false"
"2026-10-04T17:32:28Z",252,"McNally","FUL","0.0","0.0","0.0","0.0",0,0,"0.1",40,0,625,0,0,"0.0","u",0,0,,"false"
"2026-10-04T17:32:28Z",253,"Andersen","FUL","0.9","0.9","0.9","0.9",1,0,"0.2",50,2862,1147,3,190,"0.7","a",0,0,,"false"
"2026-10-04T17:32:28Z",254,"Robinson","FUL","-17.8","-17.7","-17.5","-17.4",-1,2,"1.5",45,17293,7171,12,429,"3.0","a",0,0,,"false"
"2026-10-04T17:32:28Z",255,"J.Cuenca","FUL","-77.5","-77.5","-77.5","-77.5",-3,0,"0.0",45,68,118,3,90,"0.0","a",0,0,,"false"
"2026-10-04T17:32:28Z",256,"Tete","FUL","-1.3","-1.3","-1.3","-1.3",-1,0,"0.2",44,63,1068,0,27,"0.0","a",0,-1,,"false"
"2026-10-04T17:32:28Z",257,"Bassey","FUL","0.3","0.3","0.3","0.3",1,-1,"0.7",45,6289,1987,15,450,"4.3","a",0,0,,"false"
"2026-10-04T17:32:28Z",258,"Castagne","FUL","15.2","15.2","15.2","15.3",1,3,"1.0",45,15691,5194,20,408,"2.7","a",0,0,,"false"
"2026-10-04T17:32:28Z",261,"Iwobi","FUL","-60.1","-59.7","-58.2","-56.6",-3,6,"0.7",54,3815,3433,14,408,"3.3","a",0,-1,,"false"
"2026-10-04T17:32:28Z",262,"Smith Rowe","FUL","-1.5","-1.8","-2.9","-3.9",-1,-3,"0.2",53,321,1381,3,38,"0.7","a",-1,-2,,"false"
"2026-10-04T17:32:28Z",263,"Kevin","FUL","-14.4","-14.4","-14.4","-14.4",-1,0,"0.0",53,203,300,4,61,"0.7","a",0,-2,,"false"
"2026-10-04T17:32:28Z",264,"Bobb","FUL","-47.0","-46.5","-44.3","-42.1",-3,4,"0.3",55,2602,1893,13,343,"2.7","a",0,0,,"false"
"2026-10-04T17:32:28Z",265,"Berge","FUL","-35.6","-35.4","-34.8","-34.1",-2,1,"0.3",49,669,1347,11,349,"2.3","a",0,-1,,"false"
"2026-10-04T17:32:28Z",266,"Cairney","FUL","-15.0","-15.0","-15.0","-15.0",-1,0,"0.0",49,10,21,0,0,"0.0","i",0,-1,,"false"
"2026-10-04T17:32:28Z",268,"King","FUL","94.7","95.0","95.9","96.8",4,60,"2.7",55,96125,19989,24,425,"5.0","a",0,0,,"false"
"2026-10-04T17:32:28Z",269,"Sessegnon","FUL","-2.1","-2.1","-2.1","-2.1",-1,0,"0.3",43,322,1348,3,50,"0.3","a",-1,-2,,"false"
"2026-10-04T17:32:28Z",270,"Reed","FUL","-12.6","-12.6","-12.6","-12.6",-1,0,"1.1",44,2897,7132,0,0,"0.0","a",0,-1,,"false"
"2026-10-04T17:32:28Z",271,"Muniz","FUL","-52.9","-52.9","-52.9","-52.9",-3,0,"0.4",54,1831,2770,3,38,"0.7","a",0,-1,,"false"
"2026-10-04T17:32:28Z",272,"Kusi-Asare","FUL","-67.2","-67.2","-67.2","-67.3",-3,-2,"5.4",45,11453,34539,0,0,"0.0","a",0,0,,"false"
"2026-10-04T17:32:28Z",569,"Gonzalo","FUL","62.0","62.1","62.6","63.1",3,33,"4.0",60,75607,34274,14,425,"2.0","a",0,0,,"false"
"2026-10-04T17:32:28Z",570,"Palacios","FUL","-7.6","-7.6","-7.6","-7.6",-1,0,"0.2",54,734,984,12,226,"3.0","a",0,-1,,"false"
"2026-10-04T17:32:28Z",580,"Charles","FUL","-80.2","-80.2","-80.2","-80.2",-3,0,"0.1",50,689,456,13,303,"3.7","a",0,0,,"false"
"2026-10-04T17:32:28Z",610,"De Fougerolles","FUL","0.0","0.0","0.0","0.0",0,0,"0.1",40,0,514,0,0,"0.0","u",0,0,,"false"
"2026-10-04T17:32:28Z",626,"Zepa","FUL","0.3","0.3","0.3","0.4",1,4,"0.3",44,979,2365,0,0,"0.0","a",-1,-1,,"false"
"2026-10-04T17:32:28Z",635,"Larsson","FUL","0.0","0.0","0.0","0.0",0,0,"0.0",50,98,73,3,37,"1.0","a",0,0,,"false"
"2026-10-04T17:32:28Z",636,"Ángel","FUL","0.0","0.0","0.0","0.0",0,0,"0.0",50,33,28,0,0,"0.0","a",0,0,,"false"
"2026-10-04T17:32:28Z",650,"Affengruber","FUL","1.4","1.5","1.5","1.6",1,4,"0.1",45,7019,1710,12,180,"4.0","a",0,0,,"false"
"2026-10-04T17:32:28Z",240,"Iroegbunam","HUL","0.1","0.1","0.1","0.1",1,0,"0.0",50,80,142,2,70,"0.3","a",0,0,,"false"
"2026-10-04T17:32:28Z",273,"Phillips","HUL","-29.8","-29.8","-29.8","-29.8",-2,0,"1.4",40,3149,3699,0,0,"0.0","a",0,0,,"false"
"2026-10-04T17:32:28Z",274,"Butland","HUL","-0.9","-0.9","-0.9","-0.9",-1,0,"0.1",44,70,333,0,0,"0.0","i",-1,-1,,"false"
"2026-10-04T17:32:28Z",275,"Cartwright","HUL","0.0","0.0","0.0","0.0",0,0,"0.0",40,0,29,0,0,"0.0","u",0,0,,"false"
"2026-10-04T17:32:28Z",276,"Lo-Tutala","HUL","0.0","0.0","0.0","0.0",0,0,"0.0",40,0,118,0,0,"0.0","u",0,0,,"false"
"2026-10-04T17:32:28Z",277,"Egan","HUL","27.2","27.2","27.1","26.9",2,-9,"7.0",41,28372,30887,26,437,"3.0","a",0,1,,"false"
"2026-10-04T17:32:28Z",278,"Hughes","HUL","0.5","0.5","0.4","0.4",1,-1,"0.2",39,1144,2014,0,0,"0.0","i",0,-1,,"false"
"2026-10-04T17:32:28Z",279,"Ajayi","HUL","72.5","72.5","72.4","72.3",3,-6,"13.9",42,45424,61503,27,423,"2.3","a",0,2,,"false"
"2026-10-04T17:32:28Z",280,"Coyle","HUL","0.2","0.2","0.2","0.2",1,0,"0.7",40,2155,2163,14,348,"2.7","a",0,0,,"false"
"2026-10-04T17:32:28Z",281,"Drameh","HUL","0.0","0.0","0.0","0.0",0,-1,"0.0",40,0,262,2,65,"0.0","u",0,0,,"false"
"2026-10-04T17:32:28Z",282,"Giles","HUL","73.5","73.5","73.4","73.3",3,-6,"2.9",40,22210,14526,24,444,"4.0","a",0,0,,"false"
"2026-10-04T17:32:28Z",283,"Jacob","HUL","0.0","0.0","0.0","0.0",0,0,"0.0",40,0,38,0,0,"0.0","u",0,0,,"false"
"2026-10-04T17:32:28Z",284,"McCarthy","HUL","0.5","0.5","0.5","0.5",1,0,"0.1",40,407,454,0,0,"0.0","a",0,0,,"false"
"2026-10-04T17:32:28Z",285,"McNair","HUL","-44.4","-44.4","-44.4","-44.4",-3,0,"0.1",40,200,430,1,26,"0.0","a",0,0,,"false"
"2026-10-04T17:32:28Z",286,"Belloumi","HUL","39.4","39.5","39.7","40.0",2,16,"5.2",51,80262,26748,31,394,"7.3","a",0,1,,"false"
"2026-10-04T17:32:28Z",287,"Millar","HUL","0.0","0.0","0.0","0.0",0,0,"0.0",50,0,318,6,50,"0.0","u",0,0,,"false"
"2026-10-04T17:32:28Z",288,"Dowell","HUL","-0.0","-0.0","-0.0","-0.0",0,0,"0.3",44,621,2101,0,0,"0.0","a",-1,-1,,"false"
"2026-10-04T17:32:28Z",289,"Crooks","HUL","0.7","0.7","0.8","0.8",1,2,"0.5",44,5261,4378,3,203,"0.3","a",-1,-1,,"false"
"2026-10-04T17:32:28Z",290,"Slater","HUL","78.3","78.2","78.0","77.9",3,-11,"5.2",45,16506,39091,15,437,"2.3","a",0,0,,"false"
"2026-10-04T17:32:28Z",291,"Matazo","HUL","-14.5","-14.5","-14.5","-14.5",-1,0,"0.0",45,33,55,0,0,"0.0","i",0,0,,"false"
"2026-10-04T17:32:28Z",292,"Ömür","HUL","-11.7","-11.7","-11.7","-11.7",-1,0,"0.0",49,89,150,0,0,"0.0","a",0,-1,,"false"
"2026-10-04T17:32:28Z",293,"Kamara","HUL","0.0","0.0","0.0","0.0",0,0,"0.0",50,0,12,0,0,"0.0","u",0,0,,"false"
"2026-10-04T17:32:28Z",294,"Zambrano","HUL","-24.3","-24.3","-24.3","-24.3",-2,0,"0.1",45,156,507,0,0,"0.0","a",0,0,,"false"
"2026-10-04T17:32:28Z",295,"McBurnie","HUL","29.0","29.0","28.9","28.8",2,-6,"1.9",55,8597,18746,13,441,"2.3","a",0,0,,"false"
"2026-10-04T17:32:28Z",296,"Akintola","HUL","0.0","0.0","0.0","0.0",0,0,"0.0",50,0,280,0,0,"0.0","u",0,0,,"false"
"2026-10-04T17:32:28Z",297,"Gyabi","HUL","-0.6","-0.6","-0.6","-0.6",-1,0,"0.0",44,66,151,0,0,"0.0","i",-1,-1,,"false"
"2026-10-04T17:32:28Z",298,"Destan","HUL","0.0","0.0","0.0","0.0",0,-1,"0.2",45,0,1423,0,0,"0.0","u",0,0,,"false"
"2026-10-04T17:32:28Z",299,"Burstow","HUL","0.0","0.0","0.0","0.0",0,0,"0.0",45,0,227,0,0,"0.0","u",0,0,,"false"
"2026-10-04T17:32:28Z",340,"Gelhardt","HUL","0.0","0.0","0.0","0.0",0,0,"0.0",50,100,115,1,7,"0.3","a",0,0,,"false"
"2026-10-04T17:32:28Z",556,"Targett","HUL","-79.0","-79.1","-79.5","-79.8",-3,-7,"1.6",40,116,10325,1,5,"0.0","d",0,0,,"false"
"2026-10-04T17:32:28Z",563,"Morita","HUL","-0.9","-0.9","-0.9","-0.9",-1,0,"0.0",49,24,185,1,45,"0.0","i",-1,-1,,"false"
"2026-10-04T17:32:28Z",572,"Tzolakis","HUL","0.9","0.9","1.0","1.0",1,6,"12.8",47,129890,23775,34,450,"4.7","a",1,2,,"false"
"2026-10-04T17:32:28Z",574,"Hjertø-Dahl","HUL","-79.3","-77.8","-71.8","-65.7",-3,2,"0.1",49,81,334,1,8,"0.3","a",0,-1,,"false"
"2026-10-04T17:32:28Z",576,"Stroud","HUL","-57.1","-57.1","-57.1","-57.1",-3,0,"0.1",50,148,490,7,249,"1.3","a",0,0,,"false"
"2026-10-04T17:32:28Z",585,"Herrington","HUL","-29.0","-29.0","-29.0","-29.0",-2,0,"0.6",40,1076,1761,5,197,"1.0","a",0,0,,"false"
"2026-10-04T17:32:28Z",586,"Mendy","HUL","-0.8","-0.8","-0.7","-0.7",-1,2,"6.3",41,7541,34331,25,249,"3.0","a",0,1,,"false"
"2026-10-04T17:32:28Z",589,"Gourna-Douath","HUL","-83.8","-83.8","-83.8","-83.8",-3,0,"0.0",50,33,111,4,138,"1.0","a",0,0,,"false"
"2026-10-04T17:32:28Z",617,"Cho","HUL","0.2","0.2","0.2","0.2",1,0,"0.0",50,364,160,9,72,"2.7","a",0,0,,"false"
"2026-10-04T17:32:28Z",632,"Ansah","HUL","-70.3","-70.3","-70.3","-70.3",-3,0,"0.0",50,76,437,0,0,"0.0","i",0,0,,"false"
"2026-10-04T17:32:28Z",637,"Vaz","HUL","1.3","1.3","1.3","1.3",1,0,"0.1",50,1918,1215,2,20,"0.7","a",0,0,,"false"
"2026-10-04T17:32:28Z",638,"Norton-Cuffy","HUL","-28.6","-29.0","-30.5","-31.9",-2,-4,"0.2",40,458,2676,1,34,"0.3","d",0,0,,"false"
"2026-10-04T17:32:28Z",642,"Thomas","HUL","0.3","0.3","0.3","0.3",1,1,"0.0",55,513,363,4,119,"1.3","a",0,0,,"false"
"2026-10-04T17:32:28Z",645,"Mouzakitis","HUL","0.0","0.0","0.0","0.0",0,0,"0.0",50,94,92,0,0,"0.0","a",0,0,,"false"
"2026-10-04T17:32:28Z",259,"Diop","IPS","-56.1","-56.1","-56.2","-56.3",-3,-9,"12.7",40,7468,57857,12,450,"2.7","a",0,0,,"false"
"2026-10-04T17:32:28Z",267,"Lukić","IPS","-5.7","-5.7","-5.7","-5.7",-1,0,"0.1",49,210,551,11,400,"1.7","a",-1,-1,,"false"
"2026-10-04T17:32:28Z",300,"Walton","IPS","-6.9","-6.9","-6.9","-6.9",-1,0,"0.4",44,1828,1123,2,90,"0.7","a",0,-1,,"false"
"2026-10-04T17:32:28Z",301,"Palmer","IPS","-27.0","-27.0","-27.0","-27.0",-2,0,"3.9",40,4189,12477,0,0,"0.0","a",0,0,,"false"
"2026-10-04T17:32:28Z",302,"Button","IPS","1.2","1.2","1.2","1.2",1,0,"0.6",40,1540,1398,0,0,"0.0","a",0,0,,"false"
"2026-10-04T17:32:28Z",303,"Kipré","IPS","3.3","3.3","3.3","3.3",1,0,"0.9",39,4699,4589,0,0,"0.0","a",0,-1,,"false"
"2026-10-04T17:32:28Z",304,"O'Shea","IPS","-42.6","-42.6","-42.7","-42.9",-3,-2,"2.7",40,2126,15304,10,450,"2.0","a",0,0,,"false"
"2026-10-04T17:32:28Z",305,"Davis","IPS","76.5","76.6","76.7","76.8",3,8,"7.0",40,53964,29455,25,450,"5.7","a",0,0,,"false"
"2026-10-04T17:32:28Z",306,"Greaves","IPS","-95.9","-95.9","-96.1","-96.2",-4,-1,"1.1",40,505,3660,3,357,"0.7","a",0,0,,"false"
"2026-10-04T17:32:28Z",307,"Johnson","IPS","0.0","0.0","0.0","0.0",0,0,"0.1",40,0,375,0,0,"0.0","u",0,0,,"false"
"2026-10-04T17:32:28Z",308,"Furlong","IPS","2.2","2.2","2.2","2.2",1,0,"0.6",39,6655,3099,1,17,"0.0","a",0,-1,,"false"
"2026-10-04T17:32:28Z",309,"Núñez","IPS","-40.2","-41.0","-44.6","-48.2",-3,-2,"0.1",49,101,696,6,140,"0.0","a",0,-1,,"false"
"2026-10-04T17:32:28Z",310,"Matusiwa","IPS","0.0","0.0","0.0","0.0",0,0,"0.0",49,16,18,0,0,"0.0","a",0,-1,,"false"
"2026-10-04T17:32:28Z",311,"Burns","IPS","0.0","0.0","0.0","0.0",0,0,"0.0",50,0,8,0,0,"0.0","u",0,0,,"false"
"2026-10-04T17:32:28Z",312,"Taylor","IPS","0.1","0.1","0.1","0.1",1,0,"0.0",44,393,287,0,0,"0.0","i",-1,-1,,"false"
"2026-10-04T17:32:28Z",313,"Clarke","IPS","-90.4","-90.1","-89.1","-88.0",-3,1,"0.2",54,159,977,11,170,"1.3","a",0,-1,,"false"
"2026-10-04T17:32:28Z",314,"Ogbene","IPS","0.0","0.0","0.0","0.0",0,0,"0.0",49,0,67,0,0,"0.0","u",0,-1,,"false"
"2026-10-04T17:32:28Z",315,"Fatawu","IPS","-37.8","-38.2","-39.7","-41.1",-2,-4,"0.2",54,61,2637,8,352,"0.7","s",0,-1,,"false"
"2026-10-04T17:32:28Z",316,"Emersonn","IPS","88.9","89.0","89.3","89.6",3,21,"3.6",55,37422,24111,26,317,"5.3","a",0,0,,"false"
"2026-10-04T17:32:28Z",317,"Hirst","IPS","0.0","0.0","0.0","0.0",0,-1,"0.1",50,0,503,0,0,"0.0","u",0,0,,"false"
"2026-10-04T17:32:28Z",318,"Philogene","IPS","-8.7","-8.7","-8.7","-8.7",-1,0,"0.1",54,36,168,2,52,"0.7","a",0,-1,,"false"
"2026-10-04T17:32:28Z",319,"Szmodics","IPS","0.0","0.0","0.0","0.0",0,0,"0.0",50,0,14,0,0,"0.0","u",0,0,,"false"
"2026-10-04T17:32:28Z",320,"Akpom","IPS","25.2","25.2","25.1","25.1",2,-3,"1.2",50,5185,9950,7,78,"0.3","a",0,0,,"false"
"2026-10-04T17:32:28Z",321,"Walle Egeli","IPS","40.6","40.6","40.6","40.6",3,0,"3.5",45,19141,27910,1,10,"0.0","a",0,0,,"false"
"2026-10-04T17:32:28Z",322,"Al-Hamadi","IPS","0.0","0.0","0.0","0.0",0,0,"0.0",50,0,389,0,0,"0.0","u",0,0,,"false"
"2026-10-04T17:32:28Z",323,"McAteer","IPS","-1.4","-1.4","-1.4","-1.4",-1,0,"1.0",44,1633,6703,3,42,"0.3","a",-1,-1,,"false"
"2026-10-04T17:32:28Z",324,"Mehmeti","IPS","-3.0","-3.0","-3.0","-3.0",-1,0,"0.0",48,78,152,0,0,"0.0","a",-1,-2,,"false"
"2026-10-04T17:32:28Z",554,"Van Oevelen","IPS","0.0","0.0","0.0","0.0",0,0,"0.0",45,0,86,0,0,"0.0","u",0,0,,"false"
"2026-10-04T17:32:28Z",562,"Maeda","IPS","-11.3","-11.5","-12.3","-13.2",-1,-2,"0.2",53,143,1522,8,259,"1.3","a",-1,-2,,"false"
"2026-10-04T17:32:28Z",564,"Scherpen","IPS","-33.3","-33.3","-33.7","-34.0",-2,-1,"0.6",45,709,2901,7,360,"1.0","a",0,0,,"false"
"2026-10-04T17:32:28Z",571,"Florentino","IPS","-3.0","-3.0","-3.0","-3.0",-1,0,"0.1",48,118,354,2,30,"0.7","a",-1,-2,,"false"
"2026-10-04T17:32:28Z",591,"Enciso","IPS","9.0","9.0","9.1","9.1",1,3,"0.8",55,2490,6350,15,413,"1.7","a",0,0,,"false"
"2026-10-04T17:32:28Z",592,"Ouattara","IPS","-33.7","-33.7","-33.7","-33.7",-2,0,"0.9",40,730,2162,6,131,"1.3","a",0,0,,"false"
"2026-10-04T17:32:28Z",602,"Humphreys","IPS","0.0","0.0","0.0","0.0",0,0,"0.0",45,0,251,0,0,"0.0","u",0,0,,"false"
"2026-10-04T17:32:28Z",619,"Palacios","IPS","1.1","1.1","1.1","1.1",1,0,"0.1",50,548,874,11,275,"3.3","a",0,0,,"false"
"2026-10-04T17:32:28Z",640,"Flemming","IPS","0.5","0.5","0.6","0.6",1,4,"0.1",55,991,1037,6,60,"2.0","a",0,0,,"false"
"2026-10-04T17:32:28Z",260,"Wilson","LEE","-66.9","-67.1","-68.1","-69.0",-3,-27,"1.6",62,76,41979,5,145,"0.3","i",0,-3,,"false"
"2026-10-04T17:32:28Z",326,"Perri","LEE","0.0","0.0","0.0","0.0",0,0,"0.3",45,0,1352,0,0,"0.0","u",0,0,,"false"
"2026-10-04T17:32:28Z",327,"Bijol","LEE","5.1","5.1","5.0","5.0",1,-5,"0.7",50,838,5728,12,164,"0.3","a",0,0,,"false"
"2026-10-04T17:32:28Z",329,"Rodon","LEE","-7.1","-7.2","-7.3","-7.3",-1,-2,"0.8",43,50,9133,7,123,"0.0","i",-1,-2,,"false"
"2026-10-04T17:32:28Z",330,"Bogle","LEE","61.8","62.0","62.9","63.8",3,55,"7.3",46,132140,27550,42,365,"11.3","a",0,1,,"false"
"2026-10-04T17:32:28Z",331,"Gudmundsson","LEE","1.0","1.0","1.0","1.1",1,1,"0.1",45,590,357,14,252,"4.7","a",0,0,,"false"
"2026-10-04T17:32:28Z",332,"Justin","LEE","18.9","18.9","18.9","18.9",1,0,"1.4",45,4539,6198,26,450,"4.7","a",0,0,,"false"
"2026-10-04T17:32:28Z",333,"Bornauw","LEE","0.0","0.0","0.0","0.0",0,0,"0.0",45,0,5,0,0,"0.0","u",0,0,,"false"
"2026-10-04T17:32:28Z",334,"Muharemović","LEE","40.2","40.2","40.2","40.1",3,-2,"4.3",50,29982,25588,27,450,"5.7","a",0,0,,"false"
"2026-10-04T17:32:28Z",335,"Stach","LEE","16.5","16.4","16.3","16.2",1,-8,"2.5",60,5107,20296,27,447,"3.3","a",0,0,,"false"
"2026-10-04T17:32:28Z",336,"Okafor","LEE","1.5","1.5","1.4","1.4",1,-1,"0.4",58,1880,3549,18,299,"5.0","a",0,-2,,"false"
"2026-10-04T17:32:28Z",337,"Aaronson","LEE","-9.1","-9.2","-9.4","-9.6",-1,-1,"0.5",53,222,3524,7,194,"1.0","a",-1,-2,,"false"
"2026-10-04T17:32:28Z",338,"Ampadu","LEE","-30.1","-30.3","-30.8","-31.3",-2,-3,"0.9",54,1718,5170,21,450,"4.7","a",0,-1,,"false"
"2026-10-04T17:32:28Z",339,"Longstaff","LEE","0.0","-0.1","-1.5","-2.8",-1,-1,"0.1",48,152,660,2,10,"0.3","a",-1,-2,,"false"
"2026-10-04T17:32:28Z",341,"Gnonto","LEE","0.0","0.0","0.0","0.0",0,-1,"0.0",50,0,56,0,0,"0.0","u",0,0,,"false"
"2026-10-04T17:32:28Z",342,"Harrison","LEE","0.0","0.0","0.0","0.0",0,0,"0.0",50,0,5,0,0,"0.0","u",0,0,,"false"
"2026-10-04T17:32:28Z",343,"James","LEE","-29.5","-29.5","-29.5","-29.5",-2,0,"0.1",49,200,576,3,52,"0.7","a",0,-1,,"false"
"2026-10-04T17:32:28Z",344,"Gruev","LEE","0.0","0.0","0.0","0.0",0,0,"0.0",50,49,22,0,0,"0.0","a",0,0,,"false"
"2026-10-04T17:32:28Z",345,"Tanaka","LEE","5.0","5.0","5.0","5.0",1,-1,"0.3",49,2357,2369,14,255,"4.3","a",0,-1,,"false"
"2026-10-04T17:32:28Z",346,"Calvert-Lewin","LEE","71.6","71.6","71.7","71.7",3,2,"24.8",60,98916,176004,22,419,"4.3","a",0,0,,"false"
"2026-10-04T17:32:28Z",347,"Nmecha","LEE","-27.7","-27.8","-28.2","-28.6",-2,-1,"0.5",54,2110,3861,7,64,"1.0","a",0,-1,,"false"
"2026-10-04T17:32:28Z",348,"Piroe","LEE","0.0","0.0","0.0","0.0",0,0,"0.1",50,0,445,0,0,"0.0","u",0,0,,"false"
"2026-10-04T17:32:28Z",349,"Mateo Joseph","LEE","-43.1","-43.1","-43.1","-43.1",-3,0,"0.1",45,337,507,0,0,"0.0","i",0,0,,"false"
"2026-10-04T17:32:28Z",385,"Trafford","LEE","35.3","35.4","35.5","35.6",2,8,"5.5",50,24160,15898,28,450,"5.3","a",0,0,,"false"
"2026-10-04T17:32:28Z",598,"Elvedi","LEE","0.7","0.7","0.7","0.7",1,0,"0.1",45,258,255,13,326,"4.0","a",0,0,,"false"
"2026-10-04T17:32:28Z",603,"Lienou","LEE","0.1","0.1","0.1","0.1",1,0,"0.1",40,247,532,0,0,"0.0","a",0,0,,"false"
"2026-10-04T17:32:28Z",604,"Cresswell","LEE","-13.2","-12.8","-11.4","-9.9",-1,1,"0.1",45,317,925,0,0,"0.0","a",0,0,,"false"
"2026-10-04T17:32:28Z",625,"Cairns","LEE","0.4","0.4","0.4","0.4",1,0,"0.2",40,868,804,0,0,"0.0","a",0,0,,"false"
"2026-10-04T17:32:28Z",629,"Zetterer","LEE","2.3","2.3","2.3","2.3",1,0,"0.7",40,3176,2876,0,0,"0.0","a",0,0,,"false"
"2026-10-04T17:32:28Z",641,"Bard","LEE","0.1","0.1","0.1","0.1",1,0,"0.0",45,98,81,1,18,"0.3","a",0,0,,"false"
"2026-10-04T17:32:28Z",648,"Bahoya","LEE","-54.0","-54.0","-54.0","-54.0",-3,0,"0.0",50,115,180,1,1,"0.3","a",0,0,,"false"
"2026-10-04T17:32:28Z",350,"A.Becker","LIV","1.8","1.8","1.8","1.8",1,0,"4.1",55,14502,12469,27,450,"8.3","a",0,0,,"false"
"2026-10-04T17:32:28Z",351,"Mamardashvili","LIV","0.0","0.0","0.0","0.0",0,0,"0.1",48,267,650,0,0,"0.0","a",-1,-2,,"false"
"2026-10-04T17:32:28Z",352,"Woodman","LIV","-33.3","-33.3","-33.3","-33.3",-2,0,"1.0",40,823,2451,0,0,"0.0","a",0,0,,"false"
"2026-10-04T17:32:28Z",353,"Pecsi","LIV","0.0","0.0","0.0","0.0",0,0,"0.0",40,0,68,0,0,"0.0","u",0,0,,"false"
"2026-10-04T17:32:28Z",354,"Jaros","LIV","0.1","0.1","0.1","0.1",1,0,"0.0",40,212,162,0,0,"0.0","i",0,0,,"false"
"2026-10-04T17:32:28Z",355,"Davies","LIV","0.1","0.1","0.1","0.1",1,0,"0.2",40,307,486,0,0,"0.0","a",0,0,,"false"
"2026-10-04T17:32:28Z",356,"Virgil","LIV","-62.3","-62.3","-62.3","-62.4",-3,-6,"16.2",65,23392,45889,25,450,"7.3","a",0,0,,"false"
"2026-10-04T17:32:28Z",357,"Frimpong","LIV","-40.4","-40.4","-40.8","-41.2",-3,-4,"1.8",53,1715,13179,2,178,"0.3","a",0,-2,,"false"
"2026-10-04T17:32:28Z",358,"Kerkez","LIV","-0.8","-0.8","-0.8","-0.9",-1,-2,"2.2",53,2740,11034,13,385,"4.0","a",-1,-2,,"false"
"2026-10-04T17:32:28Z",359,"Gomez","LIV","0.0","0.1","0.1","0.1",1,2,"0.0",49,345,121,0,0,"0.0","a",0,-1,,"false"
"2026-10-04T17:32:28Z",360,"Bradley","LIV","-90.5","-90.5","-90.5","-90.5",-3,0,"0.0",50,60,89,0,0,"0.0","i",0,0,,"false"
"2026-10-04T17:32:28Z",361,"Lucky","LIV","-57.0","-57.0","-57.0","-57.0",-3,0,"0.1",40,304,608,0,0,"0.0","a",0,0,,"false"
"2026-10-04T17:32:28Z",362,"Jacquet","LIV","58.9","59.0","59.4","59.7",3,23,"3.5",50,36049,14221,24,415,"6.7","a",0,0,,"false"
"2026-10-04T17:32:28Z",363,"Leoni","LIV","-64.0","-64.0","-64.0","-64.0",-3,0,"0.0",40,69,190,0,0,"0.0","i",0,0,,"false"
"2026-10-04T17:32:28Z",364,"Tsimikas","LIV","-57.4","-57.4","-57.4","-57.4",-3,0,"0.1",49,104,407,2,64,"0.3","a",0,-1,,"false"
"2026-10-04T17:32:28Z",365,"Ramsay","LIV","0.0","0.0","0.0","0.0",0,0,"0.1",40,0,504,0,0,"0.0","u",0,0,,"false"
"2026-10-04T17:32:28Z",366,"Wirtz","LIV","-39.2","-39.2","-39.3","-39.4",-2,-3,"5.7",73,4402,43437,18,402,"4.0","a",0,-2,,"false"
"2026-10-04T17:32:28Z",367,"Gakpo","LIV","-3.2","-3.5","-4.6","-5.7",-1,-135,"12.3",72,51852,101679,32,370,"5.0","d",0,2,,"false"
"2026-10-04T17:32:28Z",368,"Szoboszlai","LIV","-0.3","-0.3","-0.5","-0.7",-1,-62,"32.6",69,38473,226012,20,440,"2.7","a",-1,-1,,"false"
"2026-10-04T17:32:28Z",369,"Ngumoha","LIV","-25.0","-25.2","-26.0","-26.8",-2,-4,"0.5",57,840,4409,4,99,"0.3","a",-1,-3,,"false"
"2026-10-04T17:32:28Z",370,"Chiesa","LIV","-6.6","-6.6","-6.6","-6.6",-1,0,"0.0",53,17,263,0,0,"0.0","i",-1,-2,,"false"
"2026-10-04T17:32:28Z",371,"Gravenberch","LIV","-24.2","-24.3","-24.5","-24.8",-2,-3,"1.1",58,1293,9417,9,190,"1.0","a",-1,-2,,"false"
"2026-10-04T17:32:28Z",372,"Mac Allister","LIV","-45.3","-45.3","-45.6","-45.9",-3,-2,"1.3",54,4013,7130,11,306,"2.7","a",0,-1,,"false"
"2026-10-04T17:32:28Z",373,"C.Jones","LIV","0.0","0.0","0.0","0.0",0,0,"0.0",55,0,65,0,0,"0.0","u",0,0,,"false"
"2026-10-04T17:32:28Z",374,"Endo","LIV","-65.8","-65.8","-65.8","-65.8",-3,0,"0.1",49,172,461,0,0,"0.0","a",0,-1,,"false"
"2026-10-04T17:32:28Z",375,"Nyoni","LIV","-90.6","-90.6","-90.6","-90.6",-3,0,"0.0",49,96,319,3,38,"0.7","a",0,-1,,"false"
"2026-10-04T17:32:28Z",376,"Bajcetic","LIV","0.0","0.0","0.0","0.0",0,0,"0.0",50,0,3,0,0,"0.0","u",0,0,,"false"
"2026-10-04T17:32:28Z",377,"Munoz","LIV","6.5","6.5","6.5","6.4",1,-4,"0.9",65,1579,11891,15,257,"1.7","a",0,0,,"false"
"2026-10-04T17:32:28Z",378,"McConnell","LIV","-4.7","-5.0","-6.4","-7.8",-1,-2,"0.2",44,1085,1572,0,0,"0.0","a",0,-1,,"false"
"2026-10-04T17:32:28Z",379,"Isak","LIV","3.4","3.1","1.8","0.5",1,-85,"22.2",91,118207,96077,33,413,"7.7","d",0,1,,"false"
"2026-10-04T17:32:28Z",380,"Ekitiké","LIV","-29.0","-29.0","-29.0","-29.0",-2,0,"0.1",74,414,877,0,0,"0.0","i",0,-1,,"false"
"2026-10-04T17:32:28Z",381,"Koumas","LIV","-95.0","-95.0","-95.0","-95.0",-4,0,"0.0",50,173,198,3,22,"0.7","a",0,0,,"false"
"2026-10-04T17:32:28Z",382,"Danns","LIV","3.8","3.8","3.8","3.8",1,0,"0.2",45,3662,2513,0,0,"0.0","a",0,0,,"false"
"2026-10-04T17:32:28Z",383,"Elliott","LIV","0.0","0.0","0.0","0.0",0,0,"0.0",54,0,237,0,0,"0.0","u",0,-1,,"false"
"2026-10-04T17:32:28Z",579,"Araujo","LIV","35.9","36.0","36.1","36.2",2,9,"3.0",54,18052,10947,22,284,"7.0","a",0,-1,,"false"
"2026-10-04T17:32:28Z",627,"Barcola","LIV","-67.9","-67.6","-66.4","-65.2",-3,14,"1.9",80,12315,19720,7,168,"2.3","a",0,0,,"false"
"2026-10-04T17:32:28Z",155,"Enzo","MCI","1.9","1.9","2.1","2.3",1,12,"3.6",69,32496,15592,13,271,"4.0","a",0,-1,,"false"
"2026-10-04T17:32:28Z",237,"Ndiaye","MCI","-21.8","-21.8","-22.1","-22.4",-2,-20,"6.7",58,7381,71090,22,385,"3.0","a",-1,-2,,"false"
"2026-10-04T17:32:28Z",384,"Donnarumma","MCI","-54.4","-54.4","-54.7","-54.9",-3,-10,"7.6",55,11189,31880,19,450,"5.3","a",0,0,,"false"
"2026-10-04T17:32:28Z",386,"Bettinelli","MCI","-90.0","-90.0","-90.0","-90.0",-3,0,"0.0",45,59,90,0,0,"0.0","a",0,0,,"false"
"2026-10-04T17:32:28Z",387,"O'Reilly","MCI","-3.1","-3.2","-3.6","-3.9",-1,-75,"10.8",63,5385,76604,6,163,"0.7","d",-1,-2,,"false"
"2026-10-04T17:32:28Z",388,"Guéhi","MCI","67.3","67.3","67.3","67.2",3,-1,"18.2",60,24767,54176,30,450,"6.0","a",0,0,,"false"
"2026-10-04T17:32:28Z",389,"Matheus N.","MCI","-35.5","-35.6","-35.8","-36.0",-2,-1,"1.0",59,1741,3094,11,213,"3.3","a",0,-1,,"false"
"2026-10-04T17:32:28Z",390,"Rúben","MCI","4.0","4.0","4.0","3.9",1,-2,"1.9",55,4916,9426,17,450,"4.3","a",0,0,,"false"
"2026-10-04T17:32:28Z",391,"Gvardiol","MCI","83.9","84.0","84.6","85.1",3,34,"26.9",57,153987,58624,37,434,"7.7","a",0,2,,"false"
"2026-10-04T17:32:28Z",392,"Aït-Nouri","MCI","-0.2","-0.3","-0.6","-0.8",-1,-1,"0.4",52,550,2275,0,0,"0.0","a",-1,-3,,"false"
"2026-10-04T17:32:28Z",393,"Khusanov","MCI","-37.1","-37.1","-37.1","-37.1",-2,0,"1.4",54,1498,9300,9,268,"1.7","a",0,-1,,"false"
"2026-10-04T17:32:28Z",394,"Alleyne","MCI","0.0","0.0","0.0","0.0",0,0,"0.0",50,0,20,0,0,"0.0","u",0,0,,"false"
"2026-10-04T17:32:28Z",395,"Lewis","MCI","-69.1","-69.1","-69.1","-69.1",-3,0,"0.2",44,322,1245,1,56,"0.0","a",0,-1,,"false"
"2026-10-04T17:32:28Z",396,"Vitor Reis","MCI","-86.6","-86.6","-86.6","-86.6",-3,0,"0.0",45,76,159,1,1,"0.0","a",0,0,,"false"
"2026-10-04T17:32:28Z",397,"Semenyo","MCI","-21.9","-21.9","-22.3","-22.6",-2,-60,"15.2",84,127481,76648,33,450,"8.7","d",0,-1,,"false"
"2026-10-04T17:32:28Z",398,"Foden","MCI","-52.4","-52.5","-53.3","-54.1",-3,-24,"1.8",69,224,29615,9,217,"-0.3","s",0,-1,,"false"
"2026-10-04T17:32:28Z",399,"Cherki","MCI","-57.2","-57.0","-56.3","-55.6",-3,47,"28.4",78,130754,94390,34,302,"4.0","a",0,3,,"false"
"2026-10-04T17:32:28Z",400,"Doku","MCI","0.4","0.4","0.5","0.5",1,3,"0.7",74,4782,2219,1,15,"0.3","a",0,-1,,"false"
"2026-10-04T17:32:28Z",402,"Rodrigo","MCI","0.0","0.0","0.0","0.0",0,0,"0.0",65,0,26,0,0,"0.0","u",0,0,,"false"
"2026-10-04T17:32:28Z",404,"Reijnders","MCI","0.0","0.0","0.0","0.0",0,0,"0.0",60,0,103,0,0,"0.0","u",0,0,,"false"
"2026-10-04T17:32:28Z",406,"Kovačić","MCI","-0.2","-0.2","-0.2","-0.2",-1,0,"0.1",53,121,485,2,42,"0.0","a",-1,-2,,"false"
"2026-10-04T17:32:28Z",407,"Echeverri","MCI","0.0","0.0","0.0","0.0",0,0,"0.0",49,0,57,0,0,"0.0","u",0,-1,,"false"
"2026-10-04T17:32:28Z",408,"Phillips","MCI","0.0","0.0","0.0","0.0",0,0,"0.0",50,0,13,0,0,"0.0","u",0,0,,"false"
"2026-10-04T17:32:28Z",409,"Mukasa","MCI","0.0","0.0","0.0","0.0",0,0,"0.1",45,0,634,0,0,"0.0","u",0,0,,"false"
"2026-10-04T17:32:28Z",410,"Monga","MCI","0.0","0.0","0.0","0.0",0,0,"0.0",49,0,53,0,0,"0.0","u",0,-1,,"false"
"2026-10-04T17:32:28Z",411,"Haaland","MCI","24.6","24.7","25.2","25.7",2,31,"73.9",156,83214,22084,39,450,"8.0","a",0,1,,"false"
"2026-10-04T17:32:28Z",481,"Anderson","MCI","-44.3","-44.4","-44.6","-44.9",-3,-6,"4.0",63,8286,28950,15,413,"3.3","a",0,-2,,"false"
"2026-10-04T17:32:28Z",587,"Rulli","MCI","-93.5","-93.5","-93.5","-93.5",-3,0,"0.0",50,79,105,0,0,"0.0","a",0,0,,"false"
"2026-10-04T17:32:28Z",616,"Bouaddi","MCI","-34.5","-34.3","-33.2","-32.1",-2,1,"0.2",55,870,2168,2,22,"0.3","a",0,0,,"false"
"2026-10-04T17:32:28Z",621,"McAidoo","MCI","-95.3","-95.7","-97.6","-99.4",-4,-1,"0.1",45,202,1125,2,11,"0.3","a",0,0,,"false"
"2026-10-04T17:32:28Z",622,"Braithwaite","MCI","-41.2","-41.9","-44.8","-47.7",-3,-3,"0.2",40,601,1700,1,1,"0.0","a",0,0,,"false"
"2026-10-04T17:32:28Z",628,"Allan","MCI","0.1","0.1","0.1","0.1",1,0,"0.0",60,234,171,0,0,"0.0","a",0,0,,"false"
"2026-10-04T17:32:28Z",653,"Samba","MCI","-42.7","-42.7","-42.7","-42.7",-3,0,"0.0",45,258,508,0,0,"0.0","a",0,0,,"false"
"2026-10-04T17:32:28Z",43,"Tielemans","MUN","-39.3","-39.4","-39.9","-40.3",-2,-4,"1.5",58,3304,11080,14,402,"2.7","a",0,-2,,"false"
"2026-10-04T17:32:28Z",131,"Baleba","MUN","0.1","0.1","0.1","0.1",1,0,"0.1",49,1396,777,0,0,"0.0","a",0,-1,,"false"
"2026-10-04T17:32:28Z",162,"Andrey Santos","MUN","-53.5","-53.5","-53.5","-53.5",-3,0,"0.6",48,1072,5129,4,82,"0.3","a",0,-2,,"false"
"2026-10-04T17:32:28Z",325,"Darlow","MUN","-24.8","-24.8","-24.8","-24.8",-2,0,"0.0",45,63,229,0,0,"0.0","d",0,0,,"false"
"2026-10-04T17:32:28Z",412,"Lammens","MUN","-17.9","-17.9","-17.9","-17.9",-1,-1,"9.9",49,7174,50668,11,450,"2.7","a",0,-1,,"false"
"2026-10-04T17:32:28Z",413,"Bayindir","MUN","0.0","0.0","0.0","0.0",0,0,"0.0",45,0,43,0,0,"0.0","u",0,0,,"false"
"2026-10-04T17:32:28Z",414,"Heaton","MUN","-37.2","-37.2","-37.2","-37.2",-2,0,"0.1",40,213,284,0,0,"0.0","i",0,0,,"false"
"2026-10-04T17:32:28Z",415,"Dorgu","MUN","-63.8","-64.1","-65.3","-66.5",-3,-7,"0.5",58,1033,4476,10,171,"3.0","d",0,-2,,"false"
"2026-10-04T17:32:28Z",416,"De Ligt","MUN","-99.9","-99.9","-99.9","-99.9",-4,0,"0.0",50,85,138,0,0,"0.0","i",0,0,,"false"
"2026-10-04T17:32:28Z",417,"Dalot","MUN","-80.9","-80.9","-81.0","-81.0",-3,-1,"1.6",49,1379,7849,8,346,"1.7","a",0,-1,,"false"
"2026-10-04T17:32:28Z",418,"Maguire","MUN","-2.2","-2.3","-2.3","-2.4",-1,-7,"8.6",48,4660,77209,10,450,"1.7","a",-1,-2,,"false"
"2026-10-04T17:32:28Z",419,"Martinez","MUN","-0.0","0.0","0.0","0.1",0,3,"1.3",49,3860,6687,6,360,"1.7","a",-1,-1,,"false"
"2026-10-04T17:32:28Z",420,"Yoro","MUN","-11.7","-11.8","-12.6","-13.3",-1,-4,"0.5",48,486,2271,2,22,"0.3","a",-1,-2,,"false"
"2026-10-04T17:32:28Z",421,"Heaven","MUN","-0.3","-0.3","-0.3","-0.3",-1,0,"0.3",43,260,1533,1,90,"0.0","a",-1,-2,,"false"
"2026-10-04T17:32:28Z",422,"Mazraoui","MUN","-77.2","-77.3","-77.9","-78.4",-3,-2,"0.5",44,611,2948,3,97,"0.3","a",0,-1,,"false"
"2026-10-04T17:32:28Z",423,"Shaw","MUN","-5.2","-5.2","-5.4","-5.5",-1,-9,"7.7",43,3964,78881,9,335,"2.0","a",-1,-2,,"false"
"2026-10-04T17:32:28Z",424,"Amass","MUN","-47.7","-47.7","-47.7","-47.7",-3,0,"0.2",40,440,817,0,0,"0.0","a",0,0,,"false"
"2026-10-04T17:32:28Z",425,"Fredricson","MUN","0.0","0.0","0.0","0.0",0,0,"0.0",40,0,51,0,0,"0.0","u",0,0,,"false"
"2026-10-04T17:32:28Z",426,"B.Fernandes","MUN","-1.2","-1.2","-1.3","-1.4",-1,-31,"38.5",119,48202,203641,31,450,"2.0","a",-1,-1,,"false"
"2026-10-04T17:32:28Z",427,"Mbeumo","MUN","-78.9","-78.9","-79.0","-79.0",-3,-7,"20.5",79,40235,135306,25,450,"4.0","a",0,-1,,"false"
"2026-10-04T17:32:28Z",428,"Cunha","MUN","-97.6","-97.5","-97.2","-97.0",-4,10,"5.8",79,23923,22788,26,407,"5.0","a",0,-1,,"false"
"2026-10-04T17:32:28Z",429,"Rashford","MUN","-88.9","-89.1","-89.8","-90.6",-3,-12,"1.4",70,4245,18615,10,351,"2.3","d",0,0,,"false"
"2026-10-04T17:32:28Z",430,"Mount","MUN","0.1","0.1","0.1","0.1",1,0,"0.0",54,195,204,1,10,"0.3","a",0,-1,,"false"
"2026-10-04T17:32:28Z",431,"Amad","MUN","-18.8","-18.9","-19.3","-19.6",-1,-2,"0.3",57,139,1942,0,0,"0.0","i",0,-3,,"false"
"2026-10-04T17:32:28Z",432,"Mainoo","MUN","14.1","14.0","13.9","13.8",1,-8,"1.6",55,7881,15978,22,354,"5.7","d",0,0,,"false"
"2026-10-04T17:32:28Z",433,"Ugarte","MUN","-71.6","-71.6","-71.6","-71.6",-3,0,"0.0",50,25,26,0,0,"0.0","i",0,0,,"false"
"2026-10-04T17:32:28Z",434,"J.Fletcher","MUN","-38.5","-38.5","-38.5","-38.5",-2,0,"0.0",49,47,59,0,0,"0.0","a",0,-1,,"false"
"2026-10-04T17:32:28Z",435,"Lacey","MUN","-5.7","-5.7","-5.7","-5.7",-1,0,"0.1",49,386,375,1,10,"0.0","a",0,-1,,"false"
"2026-10-04T17:32:28Z",436,"Collyer","MUN","0.0","0.0","0.0","0.0",0,0,"0.0",50,0,49,0,0,"0.0","u",0,0,,"false"
"2026-10-04T17:32:28Z",437,"Bendito Mantato","MUN","0.0","0.0","0.0","0.0",0,0,"0.2",44,486,913,0,0,"0.0","a",-1,-1,,"false"
"2026-10-04T17:32:28Z",438,"Fletcher","MUN","0.4","0.4","0.4","0.4",1,0,"0.3",44,2625,2205,0,0,"0.0","a",0,-1,,"false"
"2026-10-04T17:32:28Z",439,"Šeško","MUN","-45.5","-45.7","-46.6","-47.5",-3,-16,"1.6",70,6707,25151,8,76,"2.0","d",0,0,,"false"
"2026-10-04T17:32:28Z",440,"Zirkzee","MUN","-8.4","-8.2","-7.2","-6.3",-1,4,"0.4",53,2069,3267,2,20,"0.7","a",-1,-2,,"false"
"2026-10-04T17:32:28Z",441,"Obi","MUN","0.0","0.0","0.0","0.0",0,-4,"0.9",45,0,11696,0,0,"0.0","u",0,0,,"false"
"2026-10-04T17:32:28Z",405,"N.Gonzalez","NEW","0.9","0.9","0.9","0.8",1,-1,"0.2",55,659,1877,5,164,"1.0","a",0,0,,"false"
"2026-10-04T17:32:28Z",442,"Pope","NEW","-46.7","-46.7","-46.5","-46.3",-3,1,"0.9",49,906,3258,0,0,"0.0","a",0,-1,,"false"
"2026-10-04T17:32:28Z",443,"Gillespie","NEW","-40.3","-40.3","-40.3","-40.3",-3,0,"0.0",45,45,91,0,0,"0.0","a",0,0,,"false"
"2026-10-04T17:32:28Z",444,"Jaouen","NEW","-7.0","-7.0","-7.0","-7.0",-1,0,"0.0",44,20,123,0,0,"0.0","d",-1,-1,,"false"
"2026-10-04T17:32:28Z",445,"Thiaw","NEW","18.6","18.6","18.6","18.6",1,2,"2.2",50,9174,10620,14,450,"1.7","a",0,0,,"false"
"2026-10-04T17:32:28Z",446,"Schär","NEW","-11.9","-11.6","-10.4","-9.2",-1,2,"0.2",49,593,942,2,25,"0.3","a",0,-1,,"false"
"2026-10-04T17:32:28Z",447,"Botman","NEW","10.2","10.2","10.2","10.2",1,1,"0.7",50,5121,3219,15,450,"2.3","a",0,0,,"false"
"2026-10-04T17:32:28Z",448,"Burn","NEW","-4.5","-4.5","-4.6","-4.7",-1,-2,"0.7",48,118,6061,0,0,"0.0","i",-1,-2,,"false"
"2026-10-04T17:32:28Z",449,"Hall","NEW","8.4","8.5","9.0","9.4",1,73,"17.4",53,257241,22457,31,449,"5.7","a",1,3,,"false"
"2026-10-04T17:32:28Z",450,"Livramento","NEW","1.6","1.6","1.6","1.6",1,0,"0.1",49,457,1572,4,33,"1.3","d",0,-1,,"false"
"2026-10-04T17:32:28Z",451,"A.Murphy","NEW","0.0","0.0","0.0","0.0",0,0,"0.1",40,0,307,0,0,"0.0","u",0,0,,"false"
"2026-10-04T17:32:28Z",453,"Barnes","NEW","17.7","17.8","18.2","18.6",1,72,"5.8",61,169728,20518,28,450,"7.7","a",1,1,,"false"
"2026-10-04T17:32:28Z",454,"Elanga","NEW","-43.7","-43.8","-44.3","-44.9",-3,-67,"4.5",61,347,171324,18,232,"0.3","i",-1,1,,"false"
"2026-10-04T17:32:28Z",456,"J.Ramsey","NEW","-98.2","-98.4","-99.4","-100.4",-4,-4,"0.2",49,73,4884,7,69,"2.0","i",0,-1,,"false"
"2026-10-04T17:32:28Z",457,"J.Murphy","NEW","-20.5","-20.5","-20.5","-20.5",-2,0,"0.1",59,1011,828,3,181,"0.7","a",0,-1,,"false"
"2026-10-04T17:32:28Z",458,"Joelinton","NEW","-65.6","-65.6","-65.6","-65.6",-3,0,"0.0",54,21,84,0,0,"0.0","i",0,-1,,"false"
"2026-10-04T17:32:28Z",459,"L.Miley","NEW","0.6","0.6","0.6","0.6",1,-1,"0.1",55,491,550,12,396,"2.0","d",0,0,,"false"
"2026-10-04T17:32:28Z",460,"Willock","NEW","16.1","16.1","16.1","16.1",1,0,"0.6",50,10146,2934,22,284,"4.3","a",0,0,,"false"
"2026-10-04T17:32:28Z",461,"Touré","NEW","-12.4","-12.4","-12.4","-12.4",-1,0,"0.1",58,344,891,8,50,"2.3","a",0,-2,,"false"
"2026-10-04T17:32:28Z",462,"Steur","NEW","-54.8","-54.8","-54.8","-54.8",-3,0,"0.1",49,277,399,8,223,"2.0","a",0,-1,,"false"
"2026-10-04T17:32:28Z",463,"Woltemade","NEW","0.0","0.0","0.0","0.0",0,-5,"0.5",59,0,3903,4,19,"0.0","u",0,-1,,"false"
"2026-10-04T17:32:28Z",464,"Wissa","NEW","65.6","65.6","65.4","65.2",3,-11,"18.7",62,93591,145617,15,441,"1.0","a",0,2,,"false"
"2026-10-04T17:32:28Z",465,"Osula","NEW","-9.1","-9.2","-9.3","-9.4",-1,-1,"0.3",58,130,2519,4,55,"0.0","i",-1,-2,,"false"
"2026-10-04T17:32:28Z",466,"Neave","NEW","0.0","0.0","0.0","0.0",0,-3,"0.5",45,0,4041,0,0,"0.0","u",0,0,,"false"
"2026-10-04T17:32:28Z",559,"Bamba","NEW","-74.1","-74.6","-76.6","-78.6",-3,-1,"0.1",49,131,507,3,27,"0.7","a",0,-1,,"false"
"2026-10-04T17:32:28Z",567,"Horníček","NEW","24.8","24.9","24.9","24.9",2,2,"1.5",50,7537,5321,14,450,"2.0","a",0,0,,"false"
"2026-10-04T17:32:28Z",593,"Dedić","NEW","-12.5","-12.6","-13.1","-13.5",-1,-15,"1.8",45,276,38900,13,327,"0.3","i",0,0,,"false"
"2026-10-04T17:32:28Z",609,"Shahar","NEW","0.0","0.0","0.0","0.0",0,-1,"0.2",40,0,1914,0,0,"0.0","u",0,0,,"false"
"2026-10-04T17:32:28Z",634,"Fernandez-Pardo","NEW","0.8","0.8","0.8","0.8",1,-1,"0.1",60,2184,1482,4,157,"1.3","a",0,0,,"false"
"2026-10-04T17:32:28Z",659,"Miley","NEW","0.0","0.0","0.0","0.0",0,0,"0.0",45,1461,662,0,0,"0.0","a",0,0,,"false"
"2026-10-04T17:32:28Z",663,"Pivas","NEW","0.0","0.0","0.0","0.0",0,0,"0.0",40,420,64,0,0,"0.0","a",0,0,,"false"
"2026-10-04T17:32:28Z",664,"Salia","NEW","0.1","0.1","0.2","0.2",1,2,"0.1",45,10249,1705,0,0,"0.0","a",0,0,,"false"
"2026-10-04T17:32:28Z",665,"Mills","NEW","0.0","0.0","0.0","0.0",0,0,"0.0",45,169,32,0,0,"0.0","a",0,0,,"false"
"2026-10-04T17:32:28Z",666,"Thompson","NEW","0.0","0.0","0.0","0.0",0,0,"0.0",45,247,36,0,0,"0.0","a",0,0,,"false"
"2026-10-04T17:32:28Z",167,"Delap","NFO","-25.3","-25.3","-25.6","-25.8",-2,-4,"2.7",56,25615,29727,9,277,"2.7","a",1,1,,"false"
"2026-10-04T17:32:28Z",201,"Muñoz","NFO","-49.8","-49.8","-50.1","-50.3",-3,-8,"5.7",54,8238,31274,5,257,"1.7","a",0,-1,,"false"
"2026-10-04T17:32:28Z",467,"Sels","NFO","4.6","4.6","4.6","4.6",1,1,"1.6",50,2113,6407,14,450,"3.7","a",0,0,,"false"
"2026-10-04T17:32:28Z",468,"John","NFO","-77.1","-77.1","-77.1","-77.1",-3,0,"0.1",45,66,162,0,0,"0.0","a",0,0,,"false"
"2026-10-04T17:32:28Z",469,"N.Williams","NFO","25.0","25.0","24.9","24.8",2,-8,"8.7",50,11683,48899,19,450,"3.7","a",0,0,,"false"
"2026-10-04T17:32:28Z",470,"Morato","NFO","0.0","0.0","0.0","0.0",0,0,"0.0",50,0,123,0,0,"0.0","u",0,0,,"false"
"2026-10-04T17:32:28Z",471,"Milenković","NFO","-14.7","-14.8","-15.2","-15.6",-1,-12,"1.0",54,67,12724,12,270,"2.3","i",-1,-1,,"false"
"2026-10-04T17:32:28Z",472,"Murillo","NFO","25.3","25.3","25.3","25.2",2,-4,"2.1",55,9040,8589,23,449,"6.0","a",0,0,,"false"
"2026-10-04T17:32:28Z",473,"Aina","NFO","-3.5","-3.5","-3.5","-3.5",-1,0,"2.4",44,1112,21122,8,306,"1.0","a",-1,-1,,"false"
"2026-10-04T17:32:28Z",474,"Jair Cunha","NFO","-49.8","-49.8","-49.8","-49.8",-3,0,"0.2",45,277,665,11,360,"3.0","a",0,0,,"false"
"2026-10-04T17:32:28Z",475,"Savona","NFO","-18.9","-18.9","-18.9","-18.9",-1,0,"0.0",45,21,20,0,0,"0.0","i",0,0,,"false"
"2026-10-04T17:32:28Z",476,"O.Richards","NFO","-70.4","-70.4","-70.4","-70.4",-3,0,"0.2",40,321,769,0,0,"0.0","a",0,0,,"false"
"2026-10-04T17:32:28Z",477,"Abbott","NFO","0.0","0.0","0.0","0.0",0,0,"0.1",40,0,856,0,0,"0.0","u",0,0,,"false"
"2026-10-04T17:32:28Z",478,"Netz","NFO","-8.4","-8.4","-8.4","-8.4",-1,0,"0.0",44,59,122,3,27,"0.3","a",0,-1,,"false"
"2026-10-04T17:32:28Z",479,"Bindon","NFO","0.0","0.0","0.0","0.0",0,0,"0.1",40,0,548,0,0,"0.0","u",0,0,,"false"
"2026-10-04T17:32:28Z",480,"Gibbs-White","NFO","53.6","53.7","53.7","53.8",3,6,"15.7",80,70027,86923,28,450,"4.3","a",0,0,,"false"
"2026-10-04T17:32:28Z",482,"Hudson-Odoi","NFO","-41.1","-40.8","-39.5","-38.2",-3,1,"0.1",58,277,1195,1,1,"0.0","a",0,-2,,"false"
"2026-10-04T17:32:28Z",483,"Ndoye","NFO","13.8","13.8","13.8","13.8",1,0,"0.7",55,810,8368,15,316,"1.0","a",0,0,,"false"
"2026-10-04T17:32:28Z",484,"Hutchinson","NFO","0.0","0.0","0.0","0.0",0,0,"0.1",54,0,390,0,0,"0.0","u",0,-1,,"false"
"2026-10-04T17:32:28Z",485,"Bakwa","NFO","0.0","0.0","0.0","0.0",0,0,"0.0",55,0,37,0,0,"0.0","u",0,0,,"false"
"2026-10-04T17:32:28Z",486,"McAtee","NFO","2.3","2.3","2.3","2.3",1,0,"0.1",55,366,937,12,416,"2.3","a",0,0,,"false"
"2026-10-04T17:32:28Z",487,"Dominguez","NFO","-71.5","-71.5","-71.5","-71.5",-3,0,"0.1",49,63,302,1,1,"0.0","a",0,-1,,"false"
"2026-10-04T17:32:28Z",488,"I.Sangaré","NFO","-0.3","-0.3","-0.3","-0.3",-1,0,"0.4",48,324,3231,4,105,"0.7","a",-1,-2,,"false"
"2026-10-04T17:32:28Z",489,"Yates","NFO","-93.4","-93.6","-94.6","-95.5",-3,-7,"1.2",45,613,7627,0,0,"0.0","a",0,0,,"false"
"2026-10-04T17:32:28Z",490,"Wood","NFO","-42.1","-42.1","-42.1","-42.1",-3,0,"0.9",58,2164,6748,4,62,"1.0","a",0,-2,,"false"
"2026-10-04T17:32:28Z",491,"Igor Jesus","NFO","-0.2","-0.1","0.0","0.1",-1,4,"2.6",58,7828,24051,12,257,"3.0","a",0,-2,,"false"
"2026-10-04T17:32:28Z",493,"Kalimuendo","NFO","0.0","0.0","0.0","0.0",0,0,"0.1",54,243,434,1,1,"0.0","a",0,-1,,"false"
"2026-10-04T17:32:28Z",558,"Schlager","NFO","0.5","0.5","0.5","0.5",1,0,"0.1",50,233,816,13,376,"2.7","a",0,0,,"false"
"2026-10-04T17:32:28Z",581,"Diomande","NFO","-52.3","-52.6","-53.7","-54.8",-3,-4,"0.5",54,1602,2362,7,163,"2.3","a",0,-1,,"false"
"2026-10-04T17:32:28Z",590,"Benda","NFO","0.0","0.0","0.0","0.0",0,0,"0.1",45,131,245,0,0,"0.0","a",0,0,,"false"
"2026-10-04T17:32:28Z",112,"Van Hecke","TOT","-17.4","-17.5","-18.0","-18.4",-1,-36,"6.5",49,19087,34000,24,450,"7.3","d",0,-1,,"false"
"2026-10-04T17:32:28Z",147,"Tosin","TOT","-41.7","-41.7","-41.7","-41.7",-3,0,"0.1",44,109,582,1,5,"0.3","a",0,-1,,"false"
"2026-10-04T17:32:28Z",401,"Marmoush","TOT","39.6","39.6","39.7","39.9",2,8,"2.1",70,12763,22639,8,339,"2.0","a",0,0,,"false"
"2026-10-04T17:32:28Z",403,"Sávio","TOT","11.0","11.0","11.0","10.9",1,-3,"0.6",65,3120,7240,8,240,"2.7","a",0,0,,"false"
"2026-10-04T17:32:28Z",455,"Tonali","TOT","-20.9","-21.0","-21.3","-21.7",-2,-7,"1.8",53,2432,15636,14,427,"3.3","a",-1,-2,,"false"
"2026-10-04T17:32:28Z",494,"Vicario","TOT","0.0","0.0","0.0","0.0",0,0,"0.1",45,0,744,0,0,"0.0","u",0,0,,"false"
"2026-10-04T17:32:28Z",495,"Austin","TOT","2.3","2.3","2.3","2.3",1,0,"1.0",40,2031,2257,0,0,"0.0","a",0,0,,"false"
"2026-10-04T17:32:28Z",496,"Kinsky","TOT","-53.5","-53.5","-53.6","-53.8",-3,-14,"17.2",45,19557,115451,18,450,"5.0","a",0,0,,"false"
"2026-10-04T17:32:28Z",497,"Dubravka","TOT","-25.7","-25.7","-25.7","-25.7",-2,-3,"17.1",40,28143,50527,0,0,"0.0","a",0,0,,"false"
"2026-10-04T17:32:28Z",498,"Senesi","TOT","-58.6","-58.7","-59.3","-59.9",-3,-13,"3.5",58,1265,22369,3,90,"0.0","a",0,-2,,"false"
"2026-10-04T17:32:28Z",499,"Pedro Porro","TOT","-33.3","-33.4","-33.8","-34.2",-2,-34,"7.5",54,1752,78232,9,198,"2.7","d",0,-1,,"false"
"2026-10-04T17:32:28Z",500,"Romero","TOT","0.0","0.0","0.0","0.0",0,0,"0.1",50,0,309,0,0,"0.0","u",0,0,,"false"
"2026-10-04T17:32:28Z",502,"Robertson","TOT","0.3","0.3","0.3","0.3",1,2,"2.5",44,6016,13513,17,366,"4.0","a",0,-1,,"false"
"2026-10-04T17:32:28Z",503,"Van de Ven","TOT","-23.5","-23.5","-23.9","-24.2",-2,-8,"3.8",50,6368,20665,16,360,"5.3","a",0,0,,"false"
"2026-10-04T17:32:28Z",505,"Spence","TOT","0.0","0.0","0.0","0.0",0,0,"0.2",45,0,1261,0,0,"0.0","u",0,0,,"false"
"2026-10-04T17:32:28Z",506,"Udogie","TOT","-22.5","-22.5","-22.5","-22.5",-2,0,"0.3",44,354,1679,7,86,"1.7","a",0,-1,,"false"
"2026-10-04T17:32:28Z",507,"Phillips","TOT","0.0","0.0","0.0","0.0",0,0,"0.0",45,0,55,0,0,"0.0","u",0,0,,"false"
"2026-10-04T17:32:28Z",508,"Davies","TOT","1.7","1.7","1.7","1.6",1,-2,"0.9",39,7816,4138,0,0,"0.0","a",-1,-1,,"false"
"2026-10-04T17:32:28Z",509,"Byfield","TOT","-4.6","-4.6","-4.6","-4.6",-1,0,"0.1",40,129,254,0,0,"0.0","a",0,0,,"false"
"2026-10-04T17:32:28Z",510,"Rowswell","TOT","-17.1","-17.1","-17.1","-17.1",-1,0,"0.1",40,169,353,0,0,"0.0","a",0,0,,"false"
"2026-10-04T17:32:28Z",511,"Souza","TOT","0.0","0.0","0.0","0.0",0,0,"0.2",40,0,921,0,0,"0.0","u",0,0,,"false"
"2026-10-04T17:32:28Z",512,"Kudus","TOT","2.2","2.2","2.3","2.3",1,3,"0.2",65,2414,1212,7,123,"2.0","a",0,0,,"false"
"2026-10-04T17:32:28Z",513,"Xavi","TOT","-17.7","-15.4","-5.4","0.0",-1,2,"0.0",59,57,85,0,0,"0.0","i",0,-1,,"false"
"2026-10-04T17:32:28Z",514,"Tel","TOT","-29.3","-29.4","-30.0","-30.6",-2,-1,"0.2",57,210,2035,8,257,"1.3","a",-1,-3,,"false"
"2026-10-04T17:32:28Z",515,"Maddison","TOT","-74.2","-74.6","-76.2","-77.8",-3,-4,"0.4",63,806,2055,3,59,"0.7","a",0,-2,,"false"
"2026-10-04T17:32:28Z",516,"Bentancur","TOT","-78.6","-78.8","-79.9","-81.0",-3,-1,"0.2",55,423,780,15,370,"4.0","a",0,0,,"false"
"2026-10-04T17:32:28Z",517,"Odobert","TOT","0.0","0.0","0.0","0.1",0,1,"0.0",55,31,14,0,0,"0.0","i",0,0,,"false"
"2026-10-04T17:32:28Z",518,"P.M.Sarr","TOT","0.0","0.0","0.0","0.0",0,0,"0.1",49,0,710,0,0,"0.0","u",0,-1,,"false"
"2026-10-04T17:32:28Z",519,"Gallagher","TOT","0.1","0.1","0.1","0.1",1,1,"0.2",53,836,685,9,134,"3.0","a",0,-2,,"false"
"2026-10-04T17:32:28Z",520,"Bergvall","TOT","-3.8","-3.8","-3.8","-3.8",-1,0,"0.1",53,112,653,3,78,"0.7","a",-1,-2,,"false"
"2026-10-04T17:32:28Z",521,"Kulusevski","TOT","-81.0","-77.7","-63.7","-49.6",-3,2,"0.0",65,107,78,0,0,"0.0","i",0,0,,"false"
"2026-10-04T17:32:28Z",522,"Gray","TOT","-27.2","-27.1","-26.6","-26.2",-2,1,"0.2",49,487,1269,9,307,"1.7","a",0,-1,,"false"
"2026-10-04T17:32:28Z",523,"Moore","TOT","0.0","0.0","0.0","0.0",0,-4,"0.1",50,0,564,3,89,"0.0","u",0,0,,"false"
"2026-10-04T17:32:28Z",524,"Olusesi","TOT","8.1","8.1","8.1","8.1",1,0,"1.0",44,6175,7857,0,0,"0.0","a",0,-1,,"false"
"2026-10-04T17:32:28Z",525,"Fernandes","TOT","-11.7","-11.8","-12.6","-13.3",-1,-6,"0.8",57,501,6932,7,249,"1.3","a",-1,-3,,"false"
"2026-10-04T17:32:28Z",526,"Solanke","TOT","-32.5","-32.4","-32.2","-32.0",-2,1,"0.8",58,2109,5968,7,170,"1.7","a",0,-2,,"false"
"2026-10-04T17:32:28Z",527,"Richarlison","TOT","0.0","0.0","0.0","0.0",0,-6,"0.6",59,0,6058,2,67,"0.0","u",0,-1,,"false"
"2026-10-04T17:32:28Z",528,"Scarlett","TOT","0.0","0.0","0.0","0.0",0,-3,"1.1",45,0,8370,0,0,"0.0","u",0,0,,"false"
"2026-10-04T17:32:28Z",578,"Mudryk","TOT","-13.0","-12.3","-9.3","-6.2",-1,3,"0.0",53,23,579,1,16,"0.3","i",-1,-2,,"false"
"2026-10-04T17:32:28Z",601,"Williams-Barnett","TOT","-55.2","-55.2","-55.2","-55.2",-3,0,"0.1",45,175,784,0,0,"0.0","a",0,0,,"false"
"2026-10-04T17:32:28Z",501,"Danso","SUN","-85.6","-85.6","-85.6","-85.6",-3,0,"0.2",50,1211,877,3,270,"1.0","a",0,0,,"false"
"2026-10-04T17:32:28Z",529,"Roefs","SUN","-17.6","-17.7","-18.1","-18.5",-1,-6,"2.4",49,2144,12189,11,450,"1.3","a",0,-1,,"false"
"2026-10-04T17:32:28Z",530,"Patterson","SUN","0.0","0.0","0.0","0.0",0,0,"0.1",40,0,371,0,0,"0.0","u",0,0,,"false"
"2026-10-04T17:32:28Z",531,"Ellborg","SUN","0.0","0.0","0.0","0.0",0,0,"0.1",44,145,263,0,0,"0.0","a",-1,-1,,"false"
"2026-10-04T17:32:28Z",532,"Ballard","SUN","-57.3","-57.4","-57.8","-58.3",-3,-13,"2.5",49,3633,18521,14,450,"2.0","d",0,-1,,"false"
"2026-10-04T17:32:28Z",533,"Mukiele","SUN","-17.7","-17.8","-18.1","-18.5",-1,-4,"1.9",54,5373,9209,13,360,"1.3","a",0,-1,,"false"
"2026-10-04T17:32:28Z",534,"Hume","SUN","-8.6","-8.6","-8.7","-8.7",-1,-2,"2.8",43,1270,30876,10,206,"0.7","a",-1,-2,,"false"
"2026-10-04T17:32:28Z",535,"Alderete","SUN","-7.3","-7.3","-7.3","-7.3",-1,0,"0.2",48,233,1112,1,23,"0.0","a",-1,-2,,"false"
"2026-10-04T17:32:28Z",536,"Reinildo","SUN","-0.2","-0.2","-0.2","-0.2",-1,0,"0.3",44,220,1612,7,360,"0.0","a",-1,-1,,"false"
"2026-10-04T17:32:28Z",537,"Seelt","SUN","0.0","0.0","0.0","0.0",0,0,"0.0",45,0,23,0,0,"0.0","u",0,0,,"false"
"2026-10-04T17:32:28Z",538,"Hjelde","SUN","0.0","0.0","0.0","0.0",0,0,"0.0",40,0,165,0,0,"0.0","u",0,0,,"false"
"2026-10-04T17:32:28Z",539,"O'Nien","SUN","4.4","4.4","4.5","4.5",1,5,"2.5",39,18536,12257,1,66,"0.0","a",-1,-1,,"false"
"2026-10-04T17:32:28Z",540,"Masuaku","SUN","0.0","0.0","0.0","0.0",0,0,"0.1",40,0,651,0,0,"0.0","u",0,0,,"false"
"2026-10-04T17:32:28Z",541,"Meunier","SUN","-33.3","-33.1","-32.4","-31.7",-2,1,"0.3",45,1730,949,14,396,"2.3","a",0,0,,"false"
"2026-10-04T17:32:28Z",542,"E.Le Fée","SUN","-4.7","-4.7","-4.8","-4.9",-1,-4,"3.4",57,12070,25193,18,438,"4.3","a",-1,-3,,"false"
"2026-10-04T17:32:28Z",543,"Diarra","SUN","-1.0","-1.0","-1.0","-1.0",-1,0,"0.0",53,20,247,5,28,"0.0","i",-1,-2,,"false"
"2026-10-04T17:32:28Z",544,"Xhaka","SUN","-77.6","-77.6","-77.8","-78.0",-3,-5,"3.6",55,6559,24215,21,450,"2.0","a",0,0,,"false"
"2026-10-04T17:32:28Z",545,"Sadiki","SUN","-78.5","-78.5","-78.5","-78.5",-3,0,"0.2",49,419,1413,10,410,"1.7","a",0,-1,,"false"
"2026-10-04T17:32:28Z",546,"Adingra","SUN","0.0","0.0","0.0","0.0",0,0,"0.0",49,0,194,0,0,"0.0","u",0,-1,,"false"
"2026-10-04T17:32:28Z",547,"Mundle","SUN","-83.9","-83.9","-83.9","-83.9",-3,0,"0.0",49,10,56,1,1,"0.0","i",0,-1,,"false"
"2026-10-04T17:32:28Z",548,"Rigg","SUN","-81.3","-81.3","-81.3","-81.3",-3,0,"0.0",49,34,240,2,17,"0.0","a",0,-1,,"false"
"2026-10-04T17:32:28Z",549,"Talbi","SUN","-31.4","-31.7","-33.2","-34.7",-2,-1,"0.1",53,115,592,1,31,"0.0","a",0,-2,,"false"
"2026-10-04T17:32:28Z",550,"Jocelin.T","SUN","-97.3","-97.3","-97.3","-97.3",-4,0,"0.0",50,40,45,0,0,"0.0","a",0,0,,"false"
"2026-10-04T17:32:28Z",551,"N.Angulo","SUN","1.4","1.4","1.4","1.4",1,0,"0.1",50,535,813,16,313,"2.7","a",0,0,,"false"
"2026-10-04T17:32:28Z",552,"Brobbey","SUN","84.2","84.2","83.8","83.4",3,-23,"6.9",57,196943,50362,24,399,"6.7","d",-1,-3,,"false"
"2026-10-04T17:32:28Z",553,"Isidor","SUN","3.2","3.2","3.2","3.2",1,1,"1.3",55,3595,11984,15,117,"2.0","a",0,0,,"false"
"2026-10-04T17:32:28Z",612,"Methalie","SUN","0.0","0.0","0.0","0.0",0,0,"0.0",45,125,73,-1,90,"-0.3","a",0,0,,"false"
"2026-10-04T17:32:28Z",613,"Ahoka","SUN","-48.6","-48.6","-48.6","-48.6",-3,0,"0.2",45,618,1658,0,0,"0.0","a",0,0,,"false"
"2026-10-04T17:32:28Z",646,"Fofana","SUN","-12.0","-12.0","-12.0","-12.0",-1,0,"0.0",55,344,312,3,60,"1.0","a",0,0,,"false"
"2026-10-04T17:32:28Z",651,"J.Angulo","SUN","5.2","5.2","5.2","5.2",1,1,"0.7",45,9220,7509,0,0,"0.0","a",0,0,,"false"
"2026-10-04T18:48:27Z",1,"Raya","ARS","1.7","1.7","1.8","1.9",1,16,"42.3",61,132970,52179,30,450,"6.0","a",1,1,,"false"
"2026-10-04T18:48:27Z",2,"Arrizabalaga","ARS","-52.6","-52.6","-52.6","-52.6",-3,0,"0.1",49,114,275,0,0,"0.0","a",0,-1,,"false"
"2026-10-04T18:48:27Z",3,"Meslier","ARS","-41.0","-41.0","-41.0","-41.0",-3,0,"0.0",49,50,129,0,0,"0.0","a",0,-1,,"false"
"2026-10-04T18:48:27Z",4,"Gabriel","ARS","-93.2","-93.2","-93.2","-93.2",-3,-2,"22.7",80,27121,69970,25,450,"4.0","a",0,0,,"false"
"2026-10-04T18:48:27Z",5,"J.Timber","ARS","12.0","12.1","12.1","12.2",1,6,"0.4",65,13816,4477,1,104,"0.3","a",0,0,,"false"
"2026-10-04T18:48:27Z",6,"Saliba","ARS","-26.9","-27.0","-27.3","-27.7",-2,-1,"0.2",59,427,1170,0,0,"0.0","i",0,-1,,"false"
"2026-10-04T18:48:27Z",7,"Lewis-Skelly","ARS","-17.2","-17.3","-18.0","-18.6",-1,-4,"0.6",54,1013,5142,9,271,"1.0","a",-1,-1,,"false"
"2026-10-04T18:48:27Z",8,"Calafiori","ARS","99.5","99.6","100.0","100.4",4,26,"50.5",58,82903,67176,29,416,"3.0","a",0,3,,"false"
"2026-10-04T18:48:27Z",9,"Hincapie","ARS","-6.2","-6.3","-6.5","-6.7",-1,-2,"0.9",52,1530,5945,2,32,"0.3","a",-1,-3,,"false"
"2026-10-04T18:48:27Z",10,"White","ARS","-52.8","-52.9","-53.6","-54.2",-3,-34,"4.9",55,3289,70709,21,315,"1.0","d",0,0,,"false"
"2026-10-04T18:48:27Z",11,"Mosquera","ARS","-27.7","-27.8","-28.2","-28.6",-2,-4,"1.6",53,1284,9906,12,168,"0.0","a",0,-2,,"false"
"2026-10-04T18:48:27Z",12,"Saka","ARS","98.7","98.9","100.3","101.7",4,89,"13.9",95,126340,50318,32,416,"4.0","a",0,0,,"false"
"2026-10-04T18:48:27Z",13,"Rice","ARS","-37.5","-37.6","-38.1","-38.6",-2,-70,"11.5",74,7755,89590,20,411,"4.0","d",0,-1,,"false"
"2026-10-04T18:48:27Z",14,"Eze","ARS","-0.3","-0.3","0.0","0.1",-1,4,"1.0",62,2771,7113,4,85,"0.7","a",-1,-3,,"false"
"2026-10-04T18:48:27Z",15,"Ødegaard","ARS","0.3","0.3","0.8","1.3",1,30,"19.8",68,83943,93288,29,377,"5.0","a",0,3,,"false"
"2026-10-04T18:48:27Z",16,"Madueke","ARS","-27.3","-27.3","-27.3","-27.3",-2,0,"0.2",62,779,1622,2,23,"0.3","a",0,-3,,"false"
"2026-10-04T18:48:27Z",17,"Merino","ARS","-0.4","-0.3","0.0","0.0",-1,2,"0.4",57,820,3007,4,81,"0.7","a",-1,-3,,"false"
"2026-10-04T18:48:27Z",18,"Martinelli","ARS","0.0","0.0","0.0","0.0",0,-1,"0.1",63,0,605,0,0,"0.0","u",0,-2,,"false"
"2026-10-04T18:48:27Z",19,"Zubimendi","ARS","-51.6","-51.6","-51.6","-51.6",-3,0,"0.6",53,534,3881,5,89,"1.0","a",0,-2,,"false"
"2026-10-04T18:48:27Z",20,"Dowman","ARS","-29.6","-31.1","-39.7","-48.2",-2,-4,"0.1",53,478,623,1,9,"0.3","a",0,-2,,"false"
"2026-10-04T18:48:27Z",22,"Nwaneri","ARS","0.0","0.0","0.0","0.0",0,0,"0.0",54,0,53,0,0,"0.0","u",0,-1,,"false"
"2026-10-04T18:48:27Z",23,"Fábio Vieira","ARS","0.0","0.0","0.0","0.0",0,0,"0.0",55,0,44,0,0,"0.0","u",0,0,,"false"
"2026-10-04T18:48:27Z",24,"Nelson","ARS","0.0","0.0","0.0","0.0",0,0,"0.0",55,0,24,0,0,"0.0","u",0,0,,"false"
"2026-10-04T18:48:27Z",25,"Gyökeres","ARS","-0.7","-0.3","0.8","1.9",-1,65,"3.2",71,15260,17973,2,29,"0.7","a",-1,-4,,"false"
"2026-10-04T18:48:27Z",26,"Havertz","ARS","1.1","0.8","-0.4","-1.5",1,-96,"8.2",76,50823,70819,19,437,"3.7","d",0,1,,"false"
"2026-10-04T18:48:27Z",27,"G.Jesus","ARS","0.0","0.0","0.0","0.0",0,0,"0.1",59,0,1071,0,0,"0.0","u",0,-1,,"false"
"2026-10-04T18:48:27Z",31,"Konsa","ARS","1.0","1.0","1.0","1.0",1,6,"19.4",46,95690,50859,12,281,"3.7","a",1,1,,"false"
"2026-10-04T18:48:27Z",452,"Bruno G.","ARS","0.5","0.6","0.7","0.8",1,7,"1.8",67,6227,8048,9,123,"2.7","a",0,-3,,"false"
"2026-10-04T18:48:27Z",557,"Tzolis","ARS","-8.4","-8.5","-9.3","-10.0",-1,-173,"12.0",63,12445,153549,16,362,"3.3","d",-1,-2,,"false"
"2026-10-04T18:48:27Z",29,"M.Bizot","AVL","-40.3","-40.3","-40.3","-40.3",-3,0,"0.1",45,67,1048,1,90,"0.0","i",0,0,,"false"
"2026-10-04T18:48:27Z",30,"Digne","AVL","0.0","0.0","0.0","0.0",0,0,"0.0",45,0,244,0,0,"0.0","u",0,0,,"false"
"2026-10-04T18:48:27Z",32,"Cash","AVL","-24.8","-24.8","-25.0","-25.3",-2,-7,"4.8",44,2860,26278,6,296,"1.7","a",0,-1,,"false"
"2026-10-04T18:48:27Z",33,"Mings","AVL","0.8","0.8","0.7","0.7",1,-2,"0.4",45,1896,1508,10,261,"3.0","a",0,0,,"false"
"2026-10-04T18:48:27Z",34,"Pau","AVL","-0.8","-0.8","-0.9","-1.1",-1,-1,"0.3",44,47,3262,3,187,"0.3","i",-1,-1,,"false"
"2026-10-04T18:48:27Z",35,"Bogarde","AVL","-3.9","-3.9","-3.9","-3.9",-1,0,"0.1",49,177,453,1,16,"0.0","a",-1,-1,,"false"
"2026-10-04T18:48:27Z",36,"Maatsen","AVL","-3.3","-3.5","-4.1","-4.8",-1,-10,"0.5",44,54,6496,9,335,"2.7","i",-1,-1,,"false"
"2026-10-04T18:48:27Z",37,"Lindelöf","AVL","1.0","1.0","1.1","1.1",1,2,"0.3",45,1143,1378,8,450,"2.7","a",0,0,,"false"
"2026-10-04T18:48:27Z",38,"A.García","AVL","-37.0","-36.9","-36.7","-36.5",-2,2,"1.5",40,1922,6331,0,0,"0.0","a",0,0,,"false"
"2026-10-04T18:48:27Z",39,"Nedeljkovic","AVL","0.0","0.0","0.0","0.0",0,0,"0.1",40,0,594,0,0,"0.0","u",0,0,,"false"
"2026-10-04T18:48:27Z",41,"Buendía","AVL","-35.4","-35.2","-33.8","-32.5",-2,8,"1.0",59,13049,4551,21,401,"5.7","a",0,-1,,"false"
"2026-10-04T18:48:27Z",44,"Bailey","AVL","0.0","0.0","0.0","0.0",0,0,"0.1",54,0,521,0,0,"0.0","u",0,-1,,"false"
"2026-10-04T18:48:27Z",45,"McGinn","AVL","-21.3","-21.4","-21.5","-21.6",-2,-2,"2.2",54,7340,9105,17,434,"5.0","a",0,-1,,"false"
"2026-10-04T18:48:27Z",46,"Barkley","AVL","0.5","0.5","0.5","0.4",1,-2,"0.3",50,597,1850,10,308,"2.0","a",0,0,,"false"
"2026-10-04T18:48:27Z",47,"Kamara","AVL","-84.2","-84.2","-84.2","-84.2",-3,0,"0.3",50,1388,1654,15,443,"3.7","a",0,0,,"false"
"2026-10-04T18:48:27Z",48,"Onana","AVL","-11.2","-11.2","-11.2","-11.2",-1,0,"0.0",49,44,98,0,0,"0.0","i",0,-1,,"false"
"2026-10-04T18:48:27Z",49,"Iling Jr","AVL","0.0","0.0","0.0","0.0",0,0,"0.0",50,0,11,0,0,"0.0","u",0,0,,"false"
"2026-10-04T18:48:27Z",50,"Burrowes","AVL","-83.5","-83.5","-83.5","-83.5",-3,0,"0.6",45,664,3511,0,0,"0.0","a",0,0,,"false"
"2026-10-04T18:48:27Z",51,"George Hemmings","AVL","14.2","14.2","14.2","14.1",1,-3,"1.2",45,3341,10092,9,297,"1.7","a",0,0,,"false"
"2026-10-04T18:48:27Z",52,"Alysson","AVL","-4.5","-4.5","-4.5","-4.5",-1,0,"0.0",50,69,814,8,87,"2.3","d",0,0,,"false"
"2026-10-04T18:48:27Z",53,"Manzambi","AVL","9.1","9.1","9.2","9.3",1,5,"0.4",59,29223,3656,14,98,"4.7","a",0,-1,,"false"
"2026-10-04T18:48:27Z",54,"Gomes","AVL","0.1","0.1","0.1","0.1",1,0,"0.0",55,493,205,2,129,"1.3","a",0,0,,"false"
"2026-10-04T18:48:27Z",55,"Watkins","AVL","0.0","0.0","0.0","0.0",0,-13,"2.5",78,0,13556,0,0,"0.0","u",0,-2,,"false"
"2026-10-04T18:48:27Z",56,"Abraham","AVL","3.7","3.7","3.7","3.7",1,0,"0.2",55,1808,1807,4,71,"1.0","a",0,0,,"false"
"2026-10-04T18:48:27Z",160,"Garnacho","AVL","-70.2","-70.4","-71.5","-72.5",-3,-2,"0.3",58,581,2869,3,31,"0.3","a",0,-2,,"false"
"2026-10-04T18:48:27Z",166,"N.Jackson","AVL","55.5","55.6","56.1","56.5",3,28,"1.5",65,39086,8711,10,286,"2.7","a",0,0,,"false"
"2026-10-04T18:48:27Z",582,"Madjo","AVL","-26.4","-26.4","-26.4","-26.4",-2,0,"0.2",54,270,1860,0,0,"0.0","i",0,-1,,"false"
"2026-10-04T18:48:27Z",596,"Ruggeri","AVL","-74.4","-74.4","-74.4","-74.4",-3,0,"0.1",45,588,354,5,113,"1.3","a",0,0,,"false"
"2026-10-04T18:48:27Z",597,"Suzuki","AVL","31.3","31.3","31.4","31.5",2,6,"1.9",50,14280,6974,16,360,"4.7","a",0,0,,"false"
"2026-10-04T18:48:27Z",606,"Rowe","AVL","0.1","0.1","0.1","0.1",1,-1,"0.2",40,331,931,0,0,"0.0","a",0,0,,"false"
"2026-10-04T18:48:27Z",607,"Lynch","AVL","0.0","0.0","0.0","0.0",0,0,"0.1",45,0,733,0,0,"0.0","u",0,0,,"false"
"2026-10-04T18:48:27Z",611,"Wan-Bissaka","AVL","2.2","2.2","2.1","2.1",1,-2,"0.2",45,1517,1497,6,152,"1.7","a",0,0,,"false"
"2026-10-04T18:48:27Z",618,"Goretzka","AVL","-44.1","-44.1","-44.1","-44.1",-3,0,"0.0",59,27,430,0,0,"0.0","i",0,-1,,"false"
"2026-10-04T18:48:27Z",630,"Harwood-Bellis","AVL","0.0","0.0","0.0","0.0",0,0,"0.0",45,205,198,0,0,"0.0","a",0,0,,"false"
"2026-10-04T18:48:27Z",631,"Mbaye","AVL","0.3","0.3","0.3","0.3",1,0,"0.1",60,954,1158,2,33,"0.7","a",0,0,,"false"
"2026-10-04T18:48:27Z",667,"Wright","AVL","0.1","0.1","0.1","0.1",1,2,"0.1",40,7613,934,0,0,"0.0","a",0,0,,"false"
"2026-10-04T18:48:27Z",57,"Petrović","BOU","0.2","0.2","0.1","0.1",1,-4,"3.0",45,6757,12417,9,450,"1.3","a",0,0,,"false"
"2026-10-04T18:48:27Z",58,"Forster","BOU","4.8","4.8","4.8","4.8",1,0,"3.5",40,8589,7707,0,0,"0.0","a",0,0,,"false"
"2026-10-04T18:48:27Z",59,"Dennis","BOU","0.0","0.0","0.0","0.0",0,0,"0.1",40,0,581,0,0,"0.0","u",0,0,,"false"
"2026-10-04T18:48:27Z",60,"Hill","BOU","-33.7","-33.5","-32.7","-31.8",-2,4,"0.8",55,3427,3265,12,450,"2.3","a",0,0,,"false"
"2026-10-04T18:48:27Z",61,"Truffert","BOU","-1.6","-1.6","-1.5","-1.4",-1,4,"3.0",54,4928,12815,10,450,"1.7","a",-1,-1,,"false"
"2026-10-04T18:48:27Z",62,"Diakité","BOU","-6.2","-6.2","-6.2","-6.2",-1,0,"0.2",49,494,1007,0,0,"0.0","a",-1,-1,,"false"
"2026-10-04T18:48:27Z",63,"Milosavljević","BOU","-3.5","-3.5","-3.5","-3.5",-1,0,"0.0",49,35,50,0,0,"0.0","i",0,-1,,"false"
"2026-10-04T18:48:27Z",64,"Smith","BOU","0.3","0.3","0.3","0.3",1,0,"0.1",45,420,510,4,434,"0.7","a",0,0,,"false"
"2026-10-04T18:48:27Z",65,"J.Araujo","BOU","-12.6","-12.6","-12.6","-12.6",-1,0,"0.0",44,42,57,0,0,"0.0","i",0,-1,,"false"
"2026-10-04T18:48:27Z",66,"Soler","BOU","1.5","1.5","1.5","1.5",1,0,"0.3",40,767,1173,0,0,"0.0","a",0,0,,"false"
"2026-10-04T18:48:27Z",67,"Rayan","BOU","-10.4","-10.4","-10.6","-10.9",-1,-4,"1.6",63,4319,10152,10,434,"2.0","a",-1,-2,,"false"
"2026-10-04T18:48:27Z",68,"Tavernier","BOU","32.8","32.8","33.1","33.3",2,17,"6.8",61,88303,47160,31,424,"6.7","a",0,1,,"false"
"2026-10-04T18:48:27Z",69,"Scott","BOU","0.5","0.5","0.5","0.6",1,4,"5.8",61,25742,40268,30,446,"5.3","a",0,1,,"false"
"2026-10-04T18:48:27Z",70,"Kluivert","BOU","-60.4","-60.5","-61.6","-62.7",-3,-16,"0.9",60,2305,19057,15,294,"3.0","i",0,0,,"false"
"2026-10-04T18:48:27Z",71,"Cook","BOU","-13.6","-13.6","-13.6","-13.6",-1,0,"0.2",50,282,1193,8,180,"0.7","a",0,0,,"false"
"2026-10-04T18:48:27Z",72,"Gannon-Doak","BOU","-68.5","-67.9","-64.6","-61.3",-3,1,"0.1",49,152,400,4,12,"1.0","a",0,-1,,"false"
"2026-10-04T18:48:27Z",73,"Adams","BOU","1.6","1.6","1.6","1.6",1,-2,"0.3",50,1157,1720,12,279,"3.3","a",0,0,,"false"
"2026-10-04T18:48:27Z",74,"Brooks","BOU","-21.0","-21.0","-21.0","-21.0",-2,0,"0.1",50,190,340,3,45,"0.7","a",0,0,,"false"
"2026-10-04T18:48:27Z",75,"Christie","BOU","0.4","0.4","0.4","0.4",1,0,"0.0",50,311,261,5,102,"1.3","a",0,0,,"false"
"2026-10-04T18:48:27Z",76,"Tóth.A","BOU","-12.3","-12.3","-12.3","-12.3",-1,0,"0.0",49,28,56,2,17,"0.3","a",0,-1,,"false"
"2026-10-04T18:48:27Z",77,"Adli","BOU","-87.5","-87.5","-87.5","-87.5",-3,0,"0.0",49,27,78,0,0,"0.0","i",0,-1,,"false"
"2026-10-04T18:48:27Z",78,"Kroupi.Jr","BOU","-79.9","-79.9","-79.9","-79.9",-3,0,"0.2",74,210,918,0,0,"0.0","i",0,-1,,"false"
"2026-10-04T18:48:27Z",79,"Evanilson","BOU","53.9","53.9","53.9","53.9",3,1,"3.2",60,19464,21992,18,424,"3.0","a",0,0,,"false"
"2026-10-04T18:48:27Z",80,"Enes Ünal","BOU","0.0","0.0","0.0","0.0",0,0,"0.0",55,0,53,0,0,"0.0","u",0,0,,"false"
"2026-10-04T18:48:27Z",81,"Rodríguez","BOU","-32.0","-31.5","-28.8","-26.2",-2,2,"0.1",60,848,750,2,10,"0.3","a",0,0,,"false"
"2026-10-04T18:48:27Z",566,"Silva","BOU","1.5","1.5","1.5","1.6",1,2,"0.4",50,7306,4135,13,450,"2.3","a",0,0,,"false"
"2026-10-04T18:48:27Z",573,"Sanchez","BOU","-13.7","-13.7","-13.7","-13.7",-1,0,"0.2",44,158,462,0,0,"0.0","a",0,-1,,"false"
"2026-10-04T18:48:27Z",608,"Jebbison","BOU","0.6","0.6","0.6","0.6",1,0,"0.1",50,954,936,3,31,"0.7","a",0,0,,"false"
"2026-10-04T18:48:27Z",615,"Di Gregorio","BOU","-29.3","-29.3","-29.3","-29.3",-2,0,"0.0",45,193,200,0,0,"0.0","a",0,0,,"false"
"2026-10-04T18:48:27Z",82,"Kelleher","BRE","21.5","21.5","21.6","21.7",2,4,"6.1",50,20978,14442,20,450,"3.7","a",0,0,,"false"
"2026-10-04T18:48:27Z",83,"Valdimarsson","BRE","-78.4","-78.4","-78.4","-78.4",-3,0,"0.1",45,316,353,0,0,"0.0","a",0,0,,"false"
"2026-10-04T18:48:27Z",84,"Collins","BRE","-31.4","-31.4","-31.7","-32.0",-2,-5,"0.9",54,126,9896,10,196,"0.3","i",0,-1,,"false"
"2026-10-04T18:48:27Z",85,"Van den Berg","BRE","-85.8","-85.8","-85.8","-85.8",-3,0,"0.1",49,40,373,0,0,"0.0","i",0,-1,,"false"
"2026-10-04T18:48:27Z",86,"Lewis-Potter","BRE","33.7","33.7","33.7","33.7",2,-2,"1.7",55,3870,12445,22,406,"2.0","a",0,0,,"false"
"2026-10-04T18:48:27Z",87,"Ajer","BRE","32.4","32.4","32.4","32.4",2,3,"3.9",45,11959,23738,21,450,"3.3","a",0,0,,"false"
"2026-10-04T18:48:27Z",88,"Kayode","BRE","-39.6","-39.6","-39.6","-39.6",-2,0,"7.6",46,14300,22445,23,294,"2.7","a",0,1,,"false"
"2026-10-04T18:48:27Z",89,"Henry","BRE","-17.2","-17.2","-17.2","-17.2",-1,0,"0.2",44,167,625,1,2,"0.0","a",0,-1,,"false"
"2026-10-04T18:48:27Z",90,"Hickey","BRE","-30.8","-30.8","-30.8","-30.8",-2,0,"0.1",45,193,261,5,152,"1.0","a",0,0,,"false"
"2026-10-04T18:48:27Z",92,"Ji-soo","BRE","-5.2","-5.2","-5.2","-5.2",-1,0,"0.0",44,62,91,0,0,"0.0","a",-1,-1,,"false"
"2026-10-04T18:48:27Z",93,"Schuster","BRE","5.6","5.7","5.8","6.0",1,10,"0.3",45,16015,2579,21,253,"7.0","a",0,0,,"false"
"2026-10-04T18:48:27Z",94,"Schade","BRE","16.7","16.9","18.0","19.0",1,179,"11.8",62,412853,27889,39,447,"8.7","a",1,2,,"false"
"2026-10-04T18:48:27Z",95,"O.Dango","BRE","-52.9","-52.9","-52.9","-52.9",-3,0,"0.5",63,869,3849,7,179,"1.0","a",0,-2,,"false"
"2026-10-04T18:48:27Z",96,"Damsgaard","BRE","-4.4","-4.6","-5.4","-6.2",-1,-4,"0.4",54,1793,2247,16,283,"4.0","d",0,-1,,"false"
"2026-10-04T18:48:27Z",97,"Jensen","BRE","-60.9","-60.9","-60.9","-60.9",-3,0,"0.1",54,21,680,6,66,"0.0","i",0,-1,,"false"
"2026-10-04T18:48:27Z",98,"Janelt","BRE","81.7","81.7","81.6","81.5",3,-6,"2.5",50,20694,18838,28,450,"6.0","a",0,0,,"false"
"2026-10-04T18:48:27Z",99,"Milambo","BRE","-43.3","-43.3","-43.3","-43.3",-3,0,"0.0",50,7,7,0,0,"0.0","i",0,0,,"false"
"2026-10-04T18:48:27Z",100,"Carvalho","BRE","0.3","0.3","0.3","0.3",1,0,"0.0",50,621,180,6,3,"2.0","a",0,0,,"false"
"2026-10-04T18:48:27Z",102,"Yarmoliuk","BRE","-19.3","-19.3","-19.3","-19.3",-1,0,"0.6",48,1420,3466,9,216,"2.3","a",0,-2,,"false"
"2026-10-04T18:48:27Z",103,"Dasilva","BRE","-66.0","-66.0","-66.0","-66.0",-3,0,"0.0",49,10,108,0,0,"0.0","i",0,-1,,"false"
"2026-10-04T18:48:27Z",105,"Anthony","BRE","0.9","0.9","0.9","0.9",1,1,"0.1",59,2467,654,15,267,"4.0","a",0,-1,,"false"
"2026-10-04T18:48:27Z",106,"Thiago","BRE","12.6","12.7","13.4","14.0",1,43,"9.1",78,63021,40472,10,442,"2.7","a",0,-2,,"false"
"2026-10-04T18:48:27Z",107,"Furo","BRE","-7.0","-7.1","-7.2","-7.4",-1,-3,"0.9",45,653,9899,0,0,"0.0","i",0,0,,"false"
"2026-10-04T18:48:27Z",108,"Wilson","BRE","-12.4","-12.3","-11.9","-11.6",-1,1,"0.3",54,1295,2559,3,13,"0.3","a",-1,-1,,"false"
"2026-10-04T18:48:27Z",565,"M.Sangaré","BRE","-34.5","-34.6","-35.1","-35.6",-2,-52,"9.9",56,8802,143317,22,321,"1.3","a",-1,1,,"false"
"2026-10-04T18:48:27Z",620,"Diouf","BRE","-37.8","-37.8","-37.8","-37.8",-2,0,"0.1",45,496,710,2,39,"0.7","a",0,0,,"false"
"2026-10-04T18:48:27Z",657,"Nunes","BRE","0.0","0.0","0.0","0.0",0,0,"0.0",45,366,282,0,0,"0.0","a",0,0,,"false"
"2026-10-04T18:48:27Z",660,"Fredrick","BRE","0.0","0.0","0.0","0.0",0,0,"0.0",40,547,72,0,0,"0.0","a",0,0,,"false"
"2026-10-04T18:48:27Z",661,"Balcombe","BRE","0.0","0.0","0.0","0.0",0,0,"0.0",40,3013,586,0,0,"0.0","a",0,0,,"false"
"2026-10-04T18:48:27Z",109,"Verbruggen","BHA","67.6","67.7","67.9","68.2",3,16,"21.6",45,76805,76162,23,450,"5.7","a",0,0,,"false"
"2026-10-04T18:48:27Z",111,"Steele","BHA","-1.0","-1.0","-1.1","-1.2",-1,-2,"4.1",40,7496,15544,0,0,"0.0","a",0,0,,"false"
"2026-10-04T18:48:27Z",113,"F.Kadıoğlu","BHA","-63.2","-63.2","-63.4","-63.7",-3,-2,"1.6",44,4262,7325,13,332,"4.3","a",0,-1,,"false"
"2026-10-04T18:48:27Z",114,"Boscagli","BHA","2.9","2.9","2.9","2.9",1,0,"0.3",45,2200,848,19,437,"4.7","a",0,0,,"false"
"2026-10-04T18:48:27Z",115,"De Cuyper","BHA","4.0","4.1","4.8","5.5",1,124,"27.9",50,313124,23691,38,423,"7.0","a",1,5,,"false"
"2026-10-04T18:48:27Z",116,"Dunk","BHA","20.7","20.7","20.7","20.6",2,-2,"1.5",45,7682,10680,22,360,"5.7","d",0,0,,"false"
"2026-10-04T18:48:27Z",117,"Coppola","BHA","-12.5","-12.5","-12.5","-12.5",-1,0,"0.0",45,113,102,0,0,"0.0","a",0,0,,"false"
"2026-10-04T18:48:27Z",118,"Igor","BHA","0.0","0.0","0.0","0.0",0,0,"0.0",45,0,308,0,0,"0.0","u",0,0,,"false"
"2026-10-04T18:48:27Z",119,"Costinha","BHA","0.0","-0.0","-5.4","-10.8",0,-1,"0.0",45,178,141,4,68,"1.0","a",0,0,,"false"
"2026-10-04T18:48:27Z",120,"Svoboda","BHA","0.5","0.5","0.5","0.5",1,0,"0.1",50,1354,479,1,4,"0.3","a",0,0,,"false"
"2026-10-04T18:48:27Z",121,"Mitoma","BHA","-26.2","-26.2","-26.2","-26.2",-2,0,"0.0",59,139,185,0,0,"0.0","i",0,-1,,"false"
"2026-10-04T18:48:27Z",122,"Minteh","BHA","-6.2","-6.2","-6.2","-6.2",-1,0,"0.0",58,47,241,0,0,"0.0","i",-1,-2,,"false"
"2026-10-04T18:48:27Z",123,"Hinshelwood","BHA","-42.9","-43.0","-43.2","-43.4",-3,-2,"0.6",59,290,7104,16,63,"0.0","i",0,-1,,"false"
"2026-10-04T18:48:27Z",124,"Groß","BHA","1.2","1.6","3.5","5.5",1,344,"29.3",59,823727,13266,47,450,"10.7","a",2,4,,"false"
"2026-10-04T18:48:27Z",125,"Georginio","BHA","-0.2","-0.2","-0.7","-1.1",-1,-2,"0.5",53,2817,4030,6,104,"0.3","a",-1,-2,,"false"
"2026-10-04T18:48:27Z",126,"O'Riley","BHA","-8.6","-8.6","-8.6","-8.6",-1,0,"0.1",54,448,586,2,10,"0.7","a",0,-1,,"false"
"2026-10-04T18:48:27Z",127,"Gomez","BHA","32.4","32.4","32.3","32.3",2,-4,"3.9",50,12763,40165,24,433,"4.3","a",0,0,,"false"
"2026-10-04T18:48:27Z",128,"Buonanotte","BHA","0.0","0.0","0.0","0.0",0,0,"0.0",50,0,7,0,0,"0.0","u",0,0,,"false"
"2026-10-04T18:48:27Z",129,"Ayari","BHA","-46.8","-46.7","-46.5","-46.3",-3,1,"0.4",54,2488,2115,15,333,"4.3","a",0,-1,,"false"
"2026-10-04T18:48:27Z",130,"Wieffer","BHA","-33.8","-33.8","-33.8","-33.8",-2,0,"0.2",49,35,2084,7,156,"0.0","i",0,-1,,"false"
"2026-10-04T18:48:27Z",132,"Howell","BHA","0.0","0.0","0.0","0.0",0,0,"0.0",45,0,220,0,0,"0.0","u",0,0,,"false"
"2026-10-04T18:48:27Z",133,"Watson","BHA","0.0","0.0","0.0","0.0",0,0,"0.0",50,0,5,0,0,"0.0","u",0,0,,"false"
"2026-10-04T18:48:27Z",134,"Oriola","BHA","-86.4","-86.4","-86.4","-86.4",-3,0,"0.2",45,368,1385,0,0,"0.0","a",0,0,,"false"
"2026-10-04T18:48:27Z",135,"Yohanna","BHA","-1.6","-1.6","-1.6","-1.6",-1,0,"0.0",48,26,405,1,12,"0.0","i",-1,-2,,"false"
"2026-10-04T18:48:27Z",137,"Tzimas","BHA","-4.1","-4.1","-4.1","-4.1",-1,0,"0.0",54,39,56,0,0,"0.0","i",0,-1,,"false"
"2026-10-04T18:48:27Z",138,"Kostoulas","BHA","23.7","23.9","24.9","25.9",2,173,"4.4",56,330799,21179,28,353,"7.3","a",1,1,,"false"
"2026-10-04T18:48:27Z",139,"Ferguson","BHA","-61.7","-61.7","-61.7","-61.7",-3,0,"0.0",50,146,269,0,0,"0.0","i",0,0,,"false"
"2026-10-04T18:48:27Z",328,"Struijk","BHA","-9.7","-9.7","-9.7","-9.7",-1,0,"0.2",49,646,955,7,98,"2.3","d",0,-1,,"false"
"2026-10-04T18:48:27Z",504,"Vuskovic","BHA","59.6","59.7","60.1","60.5",3,27,"3.7",50,61199,14549,32,437,"8.7","a",0,0,,"false"
"2026-10-04T18:48:27Z",594,"David","BHA","0.7","0.7","0.7","0.7",1,0,"0.2",59,3329,2295,1,23,"0.0","a",-1,-1,,"false"
"2026-10-04T18:48:27Z",600,"Osman","BHA","-71.3","-71.3","-71.3","-71.3",-3,0,"0.0",50,118,129,3,40,"0.3","a",0,0,,"false"
"2026-10-04T18:48:27Z",605,"Yalcouyé","BHA","56.5","56.4","56.3","56.1",3,-10,"4.0",45,27163,34424,20,236,"3.7","a",0,0,,"false"
"2026-10-04T18:48:27Z",614,"Hadjam","BHA","-5.0","-5.0","-5.0","-5.0",-1,0,"0.0",45,257,260,0,0,"0.0","a",0,0,,"false"
"2026-10-04T18:48:27Z",624,"Cozier-Duberry","BHA","0.0","0.0","0.0","0.0",0,0,"0.0",50,0,5,0,0,"0.0","u",0,0,,"false"
"2026-10-04T18:48:27Z",639,"Andrés","BHA","1.5","1.5","1.6","1.6",1,2,"0.0",55,2860,335,12,109,"4.0","a",0,0,,"false"
"2026-10-04T18:48:27Z",652,"Azeez","BHA","-32.8","-32.8","-32.8","-32.8",-2,0,"0.0",55,19,46,0,0,"0.0","i",0,0,,"false"
"2026-10-04T18:48:27Z",658,"Ibrahim","BHA","0.0","0.0","0.0","0.0",0,0,"0.0",45,320,221,0,0,"0.0","a",0,0,,"false"
"2026-10-04T18:48:27Z",28,"Martinez","CHE","-6.9","-6.9","-7.0","-7.1",-1,-3,"4.7",50,8221,22877,9,360,"2.3","a",0,0,,"false"
"2026-10-04T18:48:27Z",40,"Rogers","CHE","94.4","94.6","95.8","97.0",3,78,"40.6",77,160598,73908,29,437,"5.3","a",0,2,,"false"
"2026-10-04T18:48:27Z",101,"Henderson","CHE","0.0","0.0","0.1","0.1",0,1,"0.0",49,537,168,2,90,"0.7","a",0,-1,,"false"
"2026-10-04T18:48:27Z",136,"Welbeck","CHE","7.2","7.2","7.2","7.2",1,0,"1.0",59,8216,9690,4,85,"1.3","a",0,-1,,"false"
"2026-10-04T18:48:27Z",140,"Sánchez","CHE","0.0","0.0","0.0","0.0",0,0,"0.7",49,0,5091,2,90,"0.0","u",0,-1,,"false"
"2026-10-04T18:48:27Z",141,"Jörgensen","CHE","0.0","0.0","0.0","0.0",0,0,"0.0",50,0,33,0,0,"0.0","u",0,0,,"false"
"2026-10-04T18:48:27Z",142,"James","CHE","-0.2","-0.3","-0.6","-0.9",-1,-35,"5.8",53,667,81074,3,292,"0.7","d",-1,-2,,"false"
"2026-10-04T18:48:27Z",143,"Chalobah","CHE","0.0","0.0","0.0","0.0",0,0,"0.1",55,0,344,0,0,"0.0","u",0,0,,"false"
"2026-10-04T18:48:27Z",144,"Gusto","CHE","-3.9","-3.9","-3.9","-3.9",-1,0,"0.9",49,1643,7092,4,272,"0.7","a",-1,-1,,"false"
"2026-10-04T18:48:27Z",145,"Fofana","CHE","4.9","4.9","5.0","5.0",1,2,"0.2",50,2667,1372,8,312,"2.7","a",0,0,,"false"
"2026-10-04T18:48:27Z",146,"B.Badiashile","CHE","0.0","0.0","0.0","0.0",0,0,"0.0",45,0,45,0,0,"0.0","u",0,0,,"false"
"2026-10-04T18:48:27Z",148,"Hato","CHE","13.1","13.1","13.1","13.0",1,-3,"0.8",45,879,7605,8,258,"1.0","a",0,0,,"false"
"2026-10-04T18:48:27Z",149,"Colwill","CHE","-10.6","-10.6","-10.6","-10.6",-1,0,"0.9",48,1152,5617,3,341,"0.7","a",-1,-2,,"false"
"2026-10-04T18:48:27Z",150,"M.Sarr","CHE","0.0","0.0","0.0","0.0",0,0,"0.0",45,0,177,0,0,"0.0","u",0,0,,"false"
"2026-10-04T18:48:27Z",151,"Acheampong","CHE","-13.2","-13.2","-13.2","-13.2",-1,0,"0.3",45,443,2031,5,221,"0.3","a",0,0,,"false"
"2026-10-04T18:48:27Z",152,"Palestra","CHE","-2.5","-2.5","-2.5","-2.5",-1,0,"0.6",53,252,4067,0,0,"0.0","d",0,-2,,"false"
"2026-10-04T18:48:27Z",154,"Palmer","CHE","-16.9","-17.1","-18.1","-19.2",-1,-124,"25.5",97,50766,181538,28,442,"2.7","d",0,2,,"false"
"2026-10-04T18:48:27Z",156,"Neto","CHE","-7.0","-7.1","-7.3","-7.5",-1,-2,"1.4",65,5629,10008,14,332,"2.0","a",0,0,,"false"
"2026-10-04T18:48:27Z",157,"Estêvão","CHE","-34.1","-34.2","-34.5","-34.7",-2,-1,"0.7",63,1923,4483,4,23,"1.0","a",0,-2,,"false"
"2026-10-04T18:48:27Z",158,"Gittens","CHE","-4.6","-5.0","-7.2","-9.4",-1,-1,"0.0",58,159,266,0,0,"0.0","d",-1,-2,,"false"
"2026-10-04T18:48:27Z",159,"Caicedo","CHE","-3.7","-3.7","-4.1","-4.5",-1,-5,"1.0",53,430,9352,1,13,"0.0","d",0,-2,,"false"
"2026-10-04T18:48:27Z",161,"Lavia","CHE","4.9","4.9","4.9","4.9",1,0,"0.2",50,460,2537,11,258,"1.0","a",0,0,,"false"
"2026-10-04T18:48:27Z",163,"D.Essugo","CHE","0.0","0.0","0.0","0.0",0,0,"0.1",45,0,756,0,0,"0.0","u",0,0,,"false"
"2026-10-04T18:48:27Z",164,"Quenda","CHE","-29.1","-29.1","-29.1","-29.1",-2,0,"0.0",53,77,188,2,27,"0.3","a",0,-2,,"false"
"2026-10-04T18:48:27Z",165,"João Pedro","CHE","-2.3","-2.3","-2.4","-2.5",-1,-119,"64.9",77,68460,409700,33,360,"4.3","d",-1,2,,"false"
"2026-10-04T18:48:27Z",168,"Marc Guiu","CHE","0.0","0.0","0.0","0.0",0,-1,"0.2",50,0,1623,0,0,"0.0","u",0,0,,"false"
"2026-10-04T18:48:27Z",169,"Mheuka","CHE","4.7","4.7","4.7","4.7",1,0,"0.5",45,4729,3688,0,0,"0.0","a",0,0,,"false"
"2026-10-04T18:48:27Z",170,"Emegha","CHE","-0.9","-0.9","-0.9","-0.9",-1,0,"0.1",49,89,1139,0,0,"0.0","i",-1,-1,,"false"
"2026-10-04T18:48:27Z",200,"Lacroix","CHE","-7.8","-7.8","-7.8","-7.8",-1,0,"6.8",59,8613,30571,13,364,"2.0","a",-1,-1,,"false"
"2026-10-04T18:48:27Z",560,"Penders","CHE","-1.1","-1.7","-4.5","-7.4",-1,-1,"0.1",44,251,310,0,0,"0.0","a",0,-1,,"false"
"2026-10-04T18:48:27Z",561,"Anselmino","CHE","-1.7","-1.7","-1.7","-1.7",-1,0,"0.0",45,69,110,0,0,"0.0","a",0,0,,"false"
"2026-10-04T18:48:27Z",568,"Barco","CHE","-15.3","-15.3","-15.3","-15.3",-1,0,"0.1",54,250,469,3,115,"0.7","a",0,-1,,"false"
"2026-10-04T18:48:27Z",583,"Chavarria","CHE","-52.9","-53.3","-55.5","-57.7",-3,-2,"0.1",49,447,578,5,208,"1.0","a",0,-1,,"false"
"2026-10-04T18:48:27Z",662,"Nicoll-Jazuli","CHE","0.0","0.0","0.0","0.0",0,1,"0.0",45,349,77,1,3,"1.0","a",0,0,,"false"
"2026-10-04T18:48:27Z",91,"Pinnock","COV","-74.8","-74.8","-74.8","-74.8",-3,0,"0.1",45,424,241,14,282,"4.3","a",0,0,,"false"
"2026-10-04T18:48:27Z",104,"Onyeka","COV","-36.0","-35.6","-33.7","-31.7",-2,1,"0.1",49,183,475,9,314,"2.3","a",0,-1,,"false"
"2026-10-04T18:48:27Z",110,"Rushworth","COV","-61.0","-61.0","-61.0","-61.0",-3,0,"0.8",45,2726,6135,16,450,"4.3","a",0,0,,"false"
"2026-10-04T18:48:27Z",171,"Dovin","COV","0.0","0.0","0.0","0.0",0,-2,"1.0",40,0,5025,0,0,"0.0","u",0,0,,"false"
"2026-10-04T18:48:27Z",172,"Wilson","COV","-6.7","-6.8","-7.4","-7.9",-1,-1,"0.4",44,253,724,0,0,"0.0","a",0,-1,,"false"
"2026-10-04T18:48:27Z",173,"Thomas","COV","18.1","18.1","18.2","18.2",1,4,"8.5",40,28183,33799,24,437,"4.3","a",0,0,,"false"
"2026-10-04T18:48:27Z",174,"Kitching","COV","0.0","0.0","0.0","0.0",0,0,"0.3",40,0,1927,0,0,"0.0","u",0,0,,"false"
"2026-10-04T18:48:27Z",175,"van Ewijk","COV","-52.1","-52.1","-52.3","-52.5",-3,-20,"8.7",40,1197,79675,6,360,"1.0","d",0,0,,"false"
"2026-10-04T18:48:27Z",176,"Dasilva","COV","-30.0","-29.8","-28.9","-28.0",-2,4,"0.7",40,6955,1939,20,444,"5.7","a",0,0,,"false"
"2026-10-04T18:48:27Z",177,"Kesler-Hayden","COV","0.2","0.2","0.2","0.2",1,0,"0.0",39,1076,597,0,0,"0.0","i",-1,-1,,"false"
"2026-10-04T18:48:27Z",178,"Bidwell","COV","-32.0","-32.0","-32.0","-32.0",-2,0,"0.1",40,187,315,0,0,"0.0","a",0,0,,"false"
"2026-10-04T18:48:27Z",179,"Latibeaudiere","COV","-80.3","-80.3","-80.3","-80.3",-3,0,"0.0",40,76,142,1,1,"0.3","a",0,0,,"false"
"2026-10-04T18:48:27Z",180,"Woolfenden","COV","0.0","0.0","0.0","0.0",0,0,"0.1",39,49,543,0,0,"0.0","i",-1,-1,,"false"
"2026-10-04T18:48:27Z",181,"Brau","COV","0.0","0.0","0.0","0.0",0,0,"0.0",40,0,106,0,0,"0.0","u",0,0,,"false"
"2026-10-04T18:48:27Z",182,"Amenda","COV","-58.2","-58.3","-58.9","-59.5",-3,-6,"0.6",40,41,7110,4,360,"0.7","i",0,0,,"false"
"2026-10-04T18:48:27Z",183,"Rudoni","COV","0.1","0.1","0.1","0.1",1,0,"0.1",49,965,716,13,297,"3.0","a",0,-1,,"false"
"2026-10-04T18:48:27Z",184,"Grimes","COV","-30.9","-31.2","-32.8","-34.5",-2,-1,"0.1",49,194,906,11,443,"2.3","a",0,-1,,"false"
"2026-10-04T18:48:27Z",185,"Sakamoto","COV","-24.7","-25.9","-32.1","-38.2",-2,-2,"0.1",48,131,400,1,31,"0.0","a",0,-2,,"false"
"2026-10-04T18:48:27Z",186,"Mason-Clark","COV","-2.5","-2.7","-4.1","-5.5",-1,-1,"0.1",53,76,369,5,231,"1.3","a",-1,-2,,"false"
"2026-10-04T18:48:27Z",187,"Eccles","COV","-5.1","-5.1","-5.1","-5.1",-1,0,"0.0",48,21,94,0,0,"0.0","i",-1,-2,,"false"
"2026-10-04T18:48:27Z",188,"Torp","COV","-12.7","-12.9","-14.0","-15.2",-1,-1,"0.1",53,44,456,3,53,"0.3","a",-1,-2,,"false"
"2026-10-04T18:48:27Z",189,"Shepherd","COV","0.8","0.8","0.8","0.8",1,-2,"0.3",44,4165,2350,0,0,"0.0","a",0,-1,,"false"
"2026-10-04T18:48:27Z",190,"Tchaouna","COV","-86.4","-86.4","-86.4","-86.4",-3,0,"0.1",54,27,362,5,211,"0.7","a",0,-1,,"false"
"2026-10-04T18:48:27Z",191,"Borges Rodrigues","COV","0.0","0.0","0.0","0.0",0,0,"0.1",45,0,714,0,0,"0.0","u",0,0,,"false"
"2026-10-04T18:48:27Z",192,"Andrews","COV","0.0","0.0","0.0","0.0",0,0,"0.3",45,0,2082,0,0,"0.0","u",0,0,,"false"
"2026-10-04T18:48:27Z",193,"Wright","COV","-0.8","-0.8","-0.8","-0.8",-1,0,"0.1",53,50,587,0,0,"0.0","i",-1,-2,,"false"
"2026-10-04T18:48:27Z",194,"Thomas-Asante","COV","3.1","3.1","3.1","3.1",1,1,"0.8",50,8694,6233,9,227,"2.0","a",0,0,,"false"
"2026-10-04T18:48:27Z",195,"Simms","COV","-0.0","-0.1","-0.7","-1.2",-1,-4,"0.6",49,2100,5501,4,104,"0.7","a",-1,-1,,"false"
"2026-10-04T18:48:27Z",196,"Markelo","COV","0.0","0.0","0.0","0.0",0,0,"0.0",50,0,62,0,0,"0.0","u",0,0,,"false"
"2026-10-04T18:48:27Z",197,"Bassette","COV","0.0","0.0","0.0","0.0",0,0,"0.0",45,0,153,0,0,"0.0","u",0,0,,"false"
"2026-10-04T18:48:27Z",492,"Awoniyi","COV","-14.8","-14.8","-15.0","-15.2",-1,-2,"0.4",54,75,5233,3,232,"0.0","s",-1,-1,,"false"
"2026-10-04T18:48:27Z",575,"Yirenkyi","COV","-3.1","-3.1","-3.1","-3.1",-1,0,"0.1",48,314,1045,9,265,"1.7","a",-1,-2,,"false"
"2026-10-04T18:48:27Z",584,"Hamer","COV","-90.3","-90.3","-90.3","-90.3",-3,0,"0.1",54,43,410,3,32,"0.3","a",0,-1,,"false"
"2026-10-04T18:48:27Z",599,"Cherif","COV","-6.3","-5.1","0.0","0.1",-1,4,"0.1",50,564,783,1,30,"0.3","a",0,0,,"false"
"2026-10-04T18:48:27Z",623,"Bentley","COV","2.2","2.2","2.2","2.2",1,0,"0.6",40,8296,2433,0,0,"0.0","a",0,0,,"false"
"2026-10-04T18:48:27Z",655,"Gboho","COV","0.0","0.0","0.0","0.0",0,0,"0.0",55,79,54,0,0,"0.0","a",0,0,,"false"
"2026-10-04T18:48:27Z",656,"Mfuni","COV","0.1","0.1","0.1","0.1",1,0,"0.1",40,1938,898,6,90,"3.0","a",0,0,,"false"
"2026-10-04T18:48:27Z",42,"Guessand","CRY","-29.4","-29.4","-29.4","-29.4",-2,0,"0.0",54,117,276,2,54,"0.0","a",0,-1,,"false"
"2026-10-04T18:48:27Z",153,"Disasi","CRY","-66.4","-66.4","-66.4","-66.4",-3,0,"0.1",45,28,805,1,139,"0.0","s",0,0,,"false"
"2026-10-04T18:48:27Z",198,"Henderson","CRY","-0.3","-0.4","-0.5","-0.7",-1,-6,"1.3",49,156,11764,5,270,"0.7","i",-1,-1,,"false"
"2026-10-04T18:48:27Z",199,"Benitez","CRY","-24.3","-24.3","-24.3","-24.3",-2,0,"0.1",45,724,400,8,180,"2.7","a",0,0,,"false"
"2026-10-04T18:48:27Z",202,"Richards","CRY","0.0","0.0","-0.2","-0.5",0,-2,"0.6",49,1701,2310,14,450,"3.7","a",-1,-1,,"false"
"2026-10-04T18:48:27Z",203,"Canvot","CRY","-0.4","-0.5","-1.4","-2.2",-1,-2,"0.2",48,442,907,10,360,"3.0","a",-1,-2,,"false"
"2026-10-04T18:48:27Z",204,"Mitchell","CRY","28.0","28.1","28.1","28.2",2,4,"6.1",45,16024,17135,24,419,"7.7","a",0,0,,"false"
"2026-10-04T18:48:27Z",205,"Sosa","CRY","0.0","0.0","0.0","0.0",0,0,"0.0",45,0,111,0,0,"0.0","u",0,0,,"false"
"2026-10-04T18:48:27Z",206,"Chadi Riad","CRY","-5.5","-5.5","-5.5","-5.5",-1,0,"0.0",43,25,133,1,72,"0.0","i",-1,-2,,"false"
"2026-10-04T18:48:27Z",207,"Mingueza","CRY","-93.0","-93.0","-93.0","-93.0",-3,0,"0.1",44,91,289,2,16,"0.3","a",0,-1,,"false"
"2026-10-04T18:48:27Z",208,"Sarr","CRY","0.1","0.1","0.1","0.1",1,0,"0.6",62,2680,2327,1,8,"0.3","a",0,-3,,"false"
"2026-10-04T18:48:27Z",210,"Wharton","CRY","-2.9","-2.9","-2.9","-2.9",-1,0,"0.7",54,1212,4696,12,436,"2.0","a",-1,-1,,"false"
"2026-10-04T18:48:27Z",211,"Yeremy","CRY","4.9","4.9","4.7","4.6",1,-9,"0.3",55,722,2771,14,307,"2.7","a",0,0,,"false"
"2026-10-04T18:48:27Z",212,"Hughes","CRY","-21.9","-21.9","-22.0","-22.1",-2,-5,"7.3",44,9359,46156,2,29,"0.7","a",0,-1,,"false"
"2026-10-04T18:48:27Z",213,"Lerma","CRY","-2.7","-3.0","-4.6","-6.2",-1,-1,"0.1",48,96,394,1,51,"0.3","a",-1,-2,,"false"
"2026-10-04T18:48:27Z",214,"Kamada","CRY","12.1","12.1","12.1","12.1",1,1,"0.5",50,3417,3170,21,441,"5.3","a",0,0,,"false"
"2026-10-04T18:48:27Z",215,"Devenny","CRY","0.0","0.0","0.0","0.0",0,-1,"0.0",50,0,37,0,0,"0.0","u",0,0,,"false"
"2026-10-04T18:48:27Z",216,"Esse","CRY","0.0","0.0","0.0","0.0",0,0,"0.0",50,0,131,0,0,"0.0","u",0,0,,"false"
"2026-10-04T18:48:27Z",217,"M.França","CRY","0.0","0.0","0.0","0.0",0,0,"0.0",49,0,161,0,0,"0.0","u",0,-1,,"false"
"2026-10-04T18:48:27Z",218,"Doucouré","CRY","-2.7","-2.7","-2.7","-2.7",-1,0,"0.0",48,117,305,0,0,"0.0","a",-1,-2,,"false"
"2026-10-04T18:48:27Z",219,"J.Rak-Sakyi","CRY","0.0","0.0","0.0","0.0",0,0,"0.0",49,0,27,0,0,"0.0","u",0,-1,,"false"
"2026-10-04T18:48:27Z",220,"Cardines","CRY","0.0","0.0","0.0","0.0",0,0,"0.0",45,0,3,0,0,"0.0","u",0,0,,"false"
"2026-10-04T18:48:27Z",221,"Drakes-Thomas","CRY","-99.9","-99.9","-99.9","-99.9",-4,0,"0.1",45,153,442,0,0,"0.0","a",0,0,,"false"
"2026-10-04T18:48:27Z",222,"Strand Larsen","CRY","5.5","5.5","5.6","5.6",1,1,"0.7",60,5333,4116,14,298,"3.7","a",0,0,,"false"
"2026-10-04T18:48:27Z",223,"Mateta","CRY","-27.7","-27.7","-27.8","-27.9",-2,-2,"1.3",63,230,9523,2,62,"0.0","i",0,-2,,"false"
"2026-10-04T18:48:27Z",224,"Nketiah","CRY","-19.0","-19.0","-19.0","-19.0",-1,0,"0.5",55,1368,3471,8,175,"1.7","a",0,0,,"false"
"2026-10-04T18:48:27Z",225,"Uche","CRY","0.0","0.0","0.0","0.0",0,0,"0.0",50,0,0,0,0,"0.0","u",0,0,,"false"
"2026-10-04T18:48:27Z",241,"McNeil","CRY","-0.1","-0.3","-1.3","-2.3",-1,-1,"0.1",53,82,505,3,84,"0.0","a",-1,-2,,"false"
"2026-10-04T18:48:27Z",555,"Matthews","CRY","-9.8","-9.8","-9.8","-9.8",-1,0,"1.7",40,1157,3143,0,0,"0.0","a",0,0,,"false"
"2026-10-04T18:48:27Z",577,"Tomiyasu","CRY","-15.6","-15.6","-15.6","-15.6",-1,0,"0.3",44,149,1264,3,189,"0.3","d",0,-1,,"false"
"2026-10-04T18:48:27Z",588,"Khalaili","CRY","7.1","7.1","7.1","7.1",1,0,"0.3",50,2199,1224,19,379,"5.3","a",0,0,,"false"
"2026-10-04T18:48:27Z",595,"Gozo","CRY","-1.3","-1.3","-1.3","-1.3",-1,0,"0.0",49,41,92,2,28,"0.3","a",-1,-1,,"false"
"2026-10-04T18:48:27Z",633,"Ahanor","CRY","0.1","0.1","0.1","0.1",1,0,"0.0",45,143,112,3,90,"1.0","a",0,0,,"false"
"2026-10-04T18:48:27Z",643,"Chilwell","CRY","-78.4","-78.4","-78.4","-78.4",-3,0,"0.4",45,591,3035,8,29,"2.7","a",0,0,,"false"
"2026-10-04T18:48:27Z",644,"Timber","CRY","0.2","0.2","0.2","0.2",1,0,"0.0",50,483,331,9,253,"3.0","a",0,0,,"false"
"2026-10-04T18:48:27Z",647,"Osorio","CRY","-81.3","-81.3","-81.3","-81.3",-3,0,"0.0",55,28,80,1,1,"0.3","a",0,0,,"false"
"2026-10-04T18:48:27Z",21,"Nørgaard","EVE","-0.5","-0.5","-0.5","-0.5",-1,0,"0.0",48,61,343,0,0,"0.0","i",-1,-2,,"false"
"2026-10-04T18:48:27Z",209,"Johnson","EVE","-20.3","-20.3","-20.3","-20.3",-2,0,"0.1",59,442,738,9,238,"2.3","a",0,-1,,"false"
"2026-10-04T18:48:27Z",226,"Pickford","EVE","31.0","31.0","31.0","30.9",2,-4,"9.1",55,30102,16727,25,450,"5.0","a",0,0,,"false"
"2026-10-04T18:48:27Z",227,"Travers","EVE","-33.7","-33.7","-33.7","-33.7",-2,0,"0.0",50,264,274,0,0,"0.0","a",0,0,,"false"
"2026-10-04T18:48:27Z",228,"King","EVE","-44.2","-44.2","-44.2","-44.2",-3,0,"0.0",45,122,181,0,0,"0.0","a",0,0,,"false"
"2026-10-04T18:48:27Z",229,"Tarkowski","EVE","1.4","1.5","2.0","2.4",1,76,"16.7",62,243749,22999,43,450,"8.3","a",1,2,,"false"
"2026-10-04T18:48:27Z",230,"Branthwaite","EVE","37.7","37.7","37.8","37.9",2,6,"2.4",55,21003,7770,27,450,"5.7","a",0,0,,"false"
"2026-10-04T18:48:27Z",231,"Keane","EVE","-41.9","-42.0","-43.0","-44.0",-3,-5,"0.7",48,417,3986,0,0,"0.0","a",0,-2,,"false"
"2026-10-04T18:48:27Z",232,"O'Brien","EVE","-4.6","-4.6","-4.6","-4.6",-1,0,"0.3",48,352,1205,2,16,"0.7","a",-1,-2,,"false"
"2026-10-04T18:48:27Z",233,"Mykolenko","EVE","1.1","1.1","1.0","0.9",1,-14,"4.2",46,41600,25250,27,450,"5.7","d",1,1,,"false"
"2026-10-04T18:48:27Z",234,"Patterson","EVE","0.0","0.0","0.0","0.0",0,-1,"0.0",45,0,132,0,0,"0.0","u",0,0,,"false"
"2026-10-04T18:48:27Z",235,"Aznou","EVE","0.0","0.0","0.0","0.0",0,0,"0.1",40,0,587,0,0,"0.0","u",0,0,,"false"
"2026-10-04T18:48:27Z",236,"Dewsbury-Hall","EVE","-17.2","-17.3","-18.0","-18.6",-1,-22,"5.9",66,35274,47358,20,450,"2.3","a",1,1,,"false"
"2026-10-04T18:48:27Z",238,"Grealish","EVE","9.2","9.2","9.3","9.4",1,7,"0.5",65,4012,3124,6,135,"1.7","a",0,0,,"false"
"2026-10-04T18:48:27Z",239,"Garner","EVE","3.7","3.7","3.6","3.6",1,-1,"0.2",60,1866,2111,11,328,"3.0","a",0,0,,"false"
"2026-10-04T18:48:27Z",242,"George","EVE","31.5","31.4","31.4","31.4",2,-2,"0.9",55,2575,11209,19,309,"4.7","a",0,0,,"false"
"2026-10-04T18:48:27Z",243,"Alcaraz","EVE","-49.0","-49.0","-49.0","-49.0",-3,0,"0.1",49,164,416,1,5,"0.0","a",0,-1,,"false"
"2026-10-04T18:48:27Z",244,"Armstrong","EVE","9.8","9.8","9.7","9.7",1,-3,"0.4",50,890,3435,16,446,"2.0","a",0,0,,"false"
"2026-10-04T18:48:27Z",245,"Dibling","EVE","-94.5","-94.5","-94.5","-94.5",-3,0,"0.0",54,121,161,1,24,"0.3","a",0,-1,,"false"
"2026-10-04T18:48:27Z",246,"Röhl","EVE","-49.3","-49.3","-49.3","-49.3",-3,0,"0.0",49,8,602,6,249,"0.3","i",0,-1,,"false"
"2026-10-04T18:48:27Z",247,"Hackney","EVE","-6.0","-6.4","-9.0","-11.6",-1,-5,"0.2",54,206,1135,10,137,"2.0","a",-1,-1,,"false"
"2026-10-04T18:48:27Z",248,"Beto","EVE","0.0","0.0","0.0","0.0",0,-2,"0.6",54,0,7625,2,31,"0.0","u",0,-1,,"false"
"2026-10-04T18:48:27Z",249,"Barry","EVE","0.7","0.7","0.8","0.9",1,17,"8.3",57,89432,41764,20,417,"3.3","a",1,2,,"false"
"2026-10-04T18:48:27Z",649,"Maitland-Niles","EVE","18.4","18.4","18.4","18.4",1,1,"1.4",45,20255,5101,21,177,"7.0","a",0,0,,"false"
"2026-10-04T18:48:27Z",654,"Graham","EVE","-37.3","-37.3","-37.3","-37.3",-2,0,"0.1",45,243,1036,0,0,"0.0","a",0,0,,"false"
"2026-10-04T18:48:27Z",250,"Leno","FUL","9.7","9.7","9.8","10.0",1,10,"3.4",45,42808,12368,18,450,"4.3","a",0,0,,"false"
"2026-10-04T18:48:27Z",251,"Lecomte","FUL","-25.2","-25.2","-25.2","-25.2",-2,0,"1.1",40,2640,2657,0,0,"0.0","a",0,0,,"false"
"2026-10-04T18:48:27Z",252,"McNally","FUL","0.0","0.0","0.0","0.0",0,0,"0.1",40,0,625,0,0,"0.0","u",0,0,,"false"
"2026-10-04T18:48:27Z",253,"Andersen","FUL","0.9","0.9","1.0","1.0",1,5,"0.2",50,2868,1147,3,190,"0.7","a",0,0,,"false"
"2026-10-04T18:48:27Z",254,"Robinson","FUL","-17.8","-17.6","-16.8","-16.0",-1,8,"1.5",45,17344,7185,12,429,"3.0","a",0,0,,"false"
"2026-10-04T18:48:27Z",255,"J.Cuenca","FUL","-77.7","-77.7","-77.7","-77.7",-3,0,"0.0",45,68,119,3,90,"0.0","a",0,0,,"false"
"2026-10-04T18:48:27Z",256,"Tete","FUL","-1.4","-1.4","-1.4","-1.4",-1,0,"0.2",44,63,1069,0,27,"0.0","a",0,-1,,"false"
"2026-10-04T18:48:27Z",257,"Bassey","FUL","0.4","0.4","0.5","0.5",1,6,"0.7",45,6310,1995,15,450,"4.3","a",0,0,,"false"
"2026-10-04T18:48:27Z",258,"Castagne","FUL","15.2","15.2","15.3","15.5",1,8,"1.0",45,15726,5205,20,408,"2.7","a",0,0,,"false"
"2026-10-04T18:48:27Z",261,"Iwobi","FUL","-60.2","-59.9","-58.5","-57.1",-3,6,"0.7",54,3830,3436,14,408,"3.3","a",0,-1,,"false"
"2026-10-04T18:48:27Z",262,"Smith Rowe","FUL","-1.6","-1.7","-2.7","-3.7",-1,-2,"0.2",53,322,1383,3,38,"0.7","a",-1,-2,,"false"
"2026-10-04T18:48:27Z",263,"Kevin","FUL","-14.4","-14.4","-14.4","-14.4",-1,0,"0.0",53,204,300,4,61,"0.7","a",0,-2,,"false"
"2026-10-04T18:48:27Z",264,"Bobb","FUL","-47.1","-46.9","-45.8","-44.7",-3,2,"0.3",55,2606,1895,13,343,"2.7","a",0,0,,"false"
"2026-10-04T18:48:27Z",265,"Berge","FUL","-35.7","-35.8","-36.5","-37.2",-2,-1,"0.3",49,669,1349,11,349,"2.3","a",0,-1,,"false"
"2026-10-04T18:48:27Z",266,"Cairney","FUL","-15.1","-15.1","-15.1","-15.1",-1,0,"0.0",49,10,21,0,0,"0.0","i",0,-1,,"false"
"2026-10-04T18:48:27Z",268,"King","FUL","95.0","95.3","96.9","98.4",4,99,"2.7",55,96585,20027,24,425,"5.0","a",0,0,,"false"
"2026-10-04T18:48:27Z",269,"Sessegnon","FUL","-2.1","-2.1","-2.1","-2.1",-1,0,"0.3",43,323,1353,3,50,"0.3","a",-1,-2,,"false"
"2026-10-04T18:48:27Z",270,"Reed","FUL","-12.6","-12.7","-13.0","-13.3",-1,-2,"1.1",44,2900,7137,0,0,"0.0","a",0,-1,,"false"
"2026-10-04T18:48:27Z",271,"Muniz","FUL","-53.0","-53.0","-53.0","-53.0",-3,0,"0.4",54,1835,2771,3,38,"0.7","a",0,-1,,"false"
"2026-10-04T18:48:27Z",272,"Kusi-Asare","FUL","-67.4","-67.4","-67.6","-67.9",-3,-8,"5.4",45,11470,34582,0,0,"0.0","a",0,0,,"false"
"2026-10-04T18:48:27Z",569,"Gonzalo","FUL","62.2","62.3","63.0","63.7",3,45,"4.0",60,75834,34321,14,425,"2.0","a",0,0,,"false"
"2026-10-04T18:48:27Z",570,"Palacios","FUL","-7.6","-7.6","-7.6","-7.6",-1,0,"0.2",54,735,985,12,226,"3.0","a",0,-1,,"false"
"2026-10-04T18:48:27Z",580,"Charles","FUL","-80.3","-80.3","-80.3","-80.3",-3,0,"0.1",50,690,457,13,303,"3.7","a",0,0,,"false"
"2026-10-04T18:48:27Z",610,"De Fougerolles","FUL","0.0","0.0","0.0","0.0",0,0,"0.1",40,0,514,0,0,"0.0","u",0,0,,"false"
"2026-10-04T18:48:27Z",626,"Zepa","FUL","0.3","0.3","0.4","0.5",1,6,"0.3",44,990,2368,0,0,"0.0","a",-1,-1,,"false"
"2026-10-04T18:48:27Z",635,"Larsson","FUL","0.0","0.0","0.0","0.0",0,0,"0.0",50,98,73,3,37,"1.0","a",0,0,,"false"
"2026-10-04T18:48:27Z",636,"Ángel","FUL","0.0","0.0","0.0","0.0",0,0,"0.0",50,33,28,0,0,"0.0","a",0,0,,"false"
"2026-10-04T18:48:27Z",650,"Affengruber","FUL","1.4","1.5","1.5","1.6",1,4,"0.1",45,7070,1720,12,180,"4.0","a",0,0,,"false"
"2026-10-04T18:48:27Z",240,"Iroegbunam","HUL","0.1","0.1","0.1","0.1",1,0,"0.0",50,80,142,2,70,"0.3","a",0,0,,"false"
"2026-10-04T18:48:27Z",273,"Phillips","HUL","-29.9","-29.9","-30.1","-30.3",-2,-2,"1.4",40,3154,3711,0,0,"0.0","a",0,0,,"false"
"2026-10-04T18:48:27Z",274,"Butland","HUL","-0.9","-0.9","-0.9","-0.9",-1,0,"0.1",44,70,333,0,0,"0.0","i",-1,-1,,"false"
"2026-10-04T18:48:27Z",275,"Cartwright","HUL","0.0","0.0","0.0","0.0",0,0,"0.0",40,0,29,0,0,"0.0","u",0,0,,"false"
"2026-10-04T18:48:27Z",276,"Lo-Tutala","HUL","0.0","0.0","0.0","0.0",0,0,"0.0",40,0,119,0,0,"0.0","u",0,0,,"false"
"2026-10-04T18:48:27Z",277,"Egan","HUL","27.3","27.3","27.2","27.1",2,-5,"7.0",41,28412,30925,26,437,"3.0","a",0,1,,"false"
"2026-10-04T18:48:27Z",278,"Hughes","HUL","0.5","0.5","0.5","0.5",1,0,"0.2",39,1144,2015,0,0,"0.0","i",0,-1,,"false"
"2026-10-04T18:48:27Z",279,"Ajayi","HUL","72.7","72.6","72.5","72.3",3,-12,"13.9",42,45479,61565,27,423,"2.3","a",0,2,,"false"
"2026-10-04T18:48:27Z",280,"Coyle","HUL","0.2","0.3","0.3","0.3",1,3,"0.7",40,2159,2164,14,348,"2.7","a",0,0,,"false"
"2026-10-04T18:48:27Z",281,"Drameh","HUL","0.0","0.0","0.0","0.0",0,0,"0.0",40,0,263,2,65,"0.0","u",0,0,,"false"
"2026-10-04T18:48:27Z",282,"Giles","HUL","73.7","73.7","73.7","73.8",3,2,"2.9",40,22231,14543,24,444,"4.0","a",0,0,,"false"
"2026-10-04T18:48:27Z",283,"Jacob","HUL","0.0","0.0","0.0","0.0",0,0,"0.0",40,0,38,0,0,"0.0","u",0,0,,"false"
"2026-10-04T18:48:27Z",284,"McCarthy","HUL","0.5","0.5","0.5","0.5",1,0,"0.1",40,407,454,0,0,"0.0","a",0,0,,"false"
"2026-10-04T18:48:27Z",285,"McNair","HUL","-44.5","-44.5","-44.5","-44.5",-3,0,"0.1",40,200,430,1,26,"0.0","a",0,0,,"false"
"2026-10-04T18:48:27Z",286,"Belloumi","HUL","39.5","39.5","39.7","39.9",2,13,"5.2",51,80351,26802,31,394,"7.3","a",0,1,,"false"
"2026-10-04T18:48:27Z",287,"Millar","HUL","0.0","0.0","0.0","0.0",0,0,"0.0",50,0,318,6,50,"0.0","u",0,0,,"false"
"2026-10-04T18:48:27Z",288,"Dowell","HUL","-0.0","-0.0","-0.0","-0.0",0,0,"0.3",44,622,2103,0,0,"0.0","a",-1,-1,,"false"
"2026-10-04T18:48:27Z",289,"Crooks","HUL","0.7","0.7","0.7","0.8",1,1,"0.5",44,5266,4382,3,203,"0.3","a",-1,-1,,"false"
"2026-10-04T18:48:27Z",290,"Slater","HUL","78.4","78.4","78.1","77.9",3,-16,"5.2",45,16532,39140,15,437,"2.3","a",0,0,,"false"
"2026-10-04T18:48:27Z",291,"Matazo","HUL","-14.6","-14.6","-14.6","-14.6",-1,0,"0.0",45,33,55,0,0,"0.0","i",0,0,,"false"
"2026-10-04T18:48:27Z",292,"Ömür","HUL","-11.7","-11.7","-11.7","-11.7",-1,0,"0.0",49,89,150,0,0,"0.0","a",0,-1,,"false"
"2026-10-04T18:48:27Z",293,"Kamara","HUL","0.0","0.0","0.0","0.0",0,0,"0.0",50,0,12,0,0,"0.0","u",0,0,,"false"
"2026-10-04T18:48:27Z",294,"Zambrano","HUL","-24.4","-24.4","-24.4","-24.4",-2,0,"0.1",45,156,507,0,0,"0.0","a",0,0,,"false"
"2026-10-04T18:48:27Z",295,"McBurnie","HUL","29.1","29.0","28.9","28.8",2,-7,"1.9",55,8615,18773,13,441,"2.3","a",0,0,,"false"
"2026-10-04T18:48:27Z",296,"Akintola","HUL","0.0","0.0","0.0","0.0",0,0,"0.0",50,0,280,0,0,"0.0","u",0,0,,"false"
"2026-10-04T18:48:27Z",297,"Gyabi","HUL","-0.6","-0.6","-0.6","-0.6",-1,0,"0.0",44,66,151,0,0,"0.0","i",-1,-1,,"false"
"2026-10-04T18:48:27Z",298,"Destan","HUL","0.0","0.0","0.0","0.0",0,0,"0.2",45,0,1424,0,0,"0.0","u",0,0,,"false"
"2026-10-04T18:48:27Z",299,"Burstow","HUL","0.0","0.0","0.0","0.0",0,0,"0.0",45,0,227,0,0,"0.0","u",0,0,,"false"
"2026-10-04T18:48:27Z",340,"Gelhardt","HUL","0.0","0.0","0.0","0.0",0,0,"0.0",50,100,115,1,7,"0.3","a",0,0,,"false"
"2026-10-04T18:48:27Z",556,"Targett","HUL","-79.2","-79.3","-79.7","-80.1",-3,-7,"1.6",40,116,10341,1,5,"0.0","d",0,0,,"false"
"2026-10-04T18:48:27Z",563,"Morita","HUL","-0.9","-0.9","-0.9","-0.9",-1,0,"0.0",49,24,185,1,45,"0.0","i",-1,-1,,"false"
"2026-10-04T18:48:27Z",572,"Tzolakis","HUL","0.9","1.0","1.1","1.2",1,21,"12.8",47,130029,23818,34,450,"4.7","a",1,2,,"false"
"2026-10-04T18:48:27Z",574,"Hjertø-Dahl","HUL","-79.5","-79.5","-79.5","-79.5",-3,0,"0.1",49,81,334,1,8,"0.3","a",0,-1,,"false"
"2026-10-04T18:48:27Z",576,"Stroud","HUL","-57.3","-57.3","-57.3","-57.3",-3,0,"0.1",50,148,492,7,249,"1.3","a",0,0,,"false"
"2026-10-04T18:48:27Z",585,"Herrington","HUL","-29.0","-29.0","-29.0","-29.0",-2,0,"0.6",40,1076,1763,5,197,"1.0","a",0,0,,"false"
"2026-10-04T18:48:27Z",586,"Mendy","HUL","-0.8","-0.9","-1.2","-1.4",-1,-11,"6.3",41,7553,34354,25,249,"3.0","a",0,1,,"false"
"2026-10-04T18:48:27Z",589,"Gourna-Douath","HUL","-84.0","-84.0","-84.0","-84.0",-3,0,"0.0",50,33,111,4,138,"1.0","a",0,0,,"false"
"2026-10-04T18:48:27Z",617,"Cho","HUL","0.2","0.2","0.2","0.3",1,1,"0.0",50,365,160,9,72,"2.7","a",0,0,,"false"
"2026-10-04T18:48:27Z",632,"Ansah","HUL","-70.5","-70.5","-70.5","-70.5",-3,0,"0.0",50,76,437,0,0,"0.0","i",0,0,,"false"
"2026-10-04T18:48:27Z",637,"Vaz","HUL","1.3","1.3","1.3","1.3",1,0,"0.1",50,1920,1215,2,20,"0.7","a",0,0,,"false"
"2026-10-04T18:48:27Z",638,"Norton-Cuffy","HUL","-28.7","-28.9","-29.6","-30.3",-2,-2,"0.2",40,458,2678,1,34,"0.3","d",0,0,,"false"
"2026-10-04T18:48:27Z",642,"Thomas","HUL","0.3","0.3","0.3","0.3",1,0,"0.0",55,513,363,4,119,"1.3","a",0,0,,"false"
"2026-10-04T18:48:27Z",645,"Mouzakitis","HUL","0.0","0.0","0.0","0.0",0,0,"0.0",50,94,92,0,0,"0.0","a",0,0,,"false"
"2026-10-04T18:48:27Z",259,"Diop","IPS","-56.2","-56.2","-56.3","-56.4",-3,-9,"12.7",40,7472,57946,12,450,"2.7","a",0,0,,"false"
"2026-10-04T18:48:27Z",267,"Lukić","IPS","-5.7","-5.7","-5.7","-5.7",-1,0,"0.1",49,211,552,11,400,"1.7","a",-1,-1,,"false"
"2026-10-04T18:48:27Z",300,"Walton","IPS","-7.0","-7.0","-7.0","-7.0",-1,0,"0.4",44,1832,1128,2,90,"0.7","a",0,-1,,"false"
"2026-10-04T18:48:27Z",301,"Palmer","IPS","-27.1","-27.1","-27.3","-27.5",-2,-4,"3.9",40,4195,12489,0,0,"0.0","a",0,0,,"false"
"2026-10-04T18:48:27Z",302,"Button","IPS","1.2","1.2","1.2","1.2",1,0,"0.6",40,1542,1400,0,0,"0.0","a",0,0,,"false"
"2026-10-04T18:48:27Z",303,"Kipré","IPS","3.3","3.3","3.2","3.2",1,-3,"0.9",39,4705,4599,0,0,"0.0","a",0,-1,,"false"
"2026-10-04T18:48:27Z",304,"O'Shea","IPS","-42.7","-42.7","-42.6","-42.4",-3,2,"2.7",40,2131,15320,10,450,"2.0","a",0,0,,"false"
"2026-10-04T18:48:27Z",305,"Davis","IPS","76.7","76.8","77.3","77.7",3,28,"7.0",40,54076,29505,25,450,"5.7","a",0,0,,"false"
"2026-10-04T18:48:27Z",306,"Greaves","IPS","-96.1","-96.2","-96.5","-96.7",-4,-2,"1.1",40,507,3664,3,357,"0.7","a",0,0,,"false"
"2026-10-04T18:48:27Z",307,"Johnson","IPS","0.0","0.0","0.0","0.0",0,0,"0.1",40,0,375,0,0,"0.0","u",0,0,,"false"
"2026-10-04T18:48:27Z",308,"Furlong","IPS","2.2","2.2","2.2","2.2",1,2,"0.6",39,6663,3105,1,17,"0.0","a",0,-1,,"false"
"2026-10-04T18:48:27Z",309,"Núñez","IPS","-40.3","-40.3","-40.3","-40.3",-3,0,"0.1",49,101,696,6,140,"0.0","a",0,-1,,"false"
"2026-10-04T18:48:27Z",310,"Matusiwa","IPS","0.0","0.0","0.0","0.0",0,0,"0.0",49,16,18,0,0,"0.0","a",0,-1,,"false"
"2026-10-04T18:48:27Z",311,"Burns","IPS","0.0","0.0","0.0","0.0",0,0,"0.0",50,0,8,0,0,"0.0","u",0,0,,"false"
"2026-10-04T18:48:27Z",312,"Taylor","IPS","0.1","0.1","0.1","0.1",1,0,"0.0",44,393,287,0,0,"0.0","i",-1,-1,,"false"
"2026-10-04T18:48:27Z",313,"Clarke","IPS","-90.7","-90.7","-90.7","-90.7",-3,0,"0.2",54,159,979,11,170,"1.3","a",0,-1,,"false"
"2026-10-04T18:48:27Z",314,"Ogbene","IPS","0.0","0.0","0.0","0.0",0,0,"0.0",49,0,67,0,0,"0.0","u",0,-1,,"false"
"2026-10-04T18:48:27Z",315,"Fatawu","IPS","-37.9","-37.9","-37.9","-37.9",-2,0,"0.2",54,62,2638,8,352,"0.7","s",0,-1,,"false"
"2026-10-04T18:48:27Z",316,"Emersonn","IPS","89.1","89.1","89.4","89.6",3,16,"3.6",55,37503,24142,26,317,"5.3","a",0,0,,"false"
"2026-10-04T18:48:27Z",317,"Hirst","IPS","0.0","0.0","0.0","0.0",0,-3,"0.1",50,0,505,0,0,"0.0","u",0,0,,"false"
"2026-10-04T18:48:27Z",318,"Philogene","IPS","-8.7","-8.7","-8.7","-8.7",-1,0,"0.1",54,36,168,2,52,"0.7","a",0,-1,,"false"
"2026-10-04T18:48:27Z",319,"Szmodics","IPS","0.0","0.0","0.0","0.0",0,0,"0.0",50,0,14,0,0,"0.0","u",0,0,,"false"
"2026-10-04T18:48:27Z",320,"Akpom","IPS","25.2","25.2","25.2","25.2",2,0,"1.2",50,5190,9955,7,78,"0.3","a",0,0,,"false"
"2026-10-04T18:48:27Z",321,"Walle Egeli","IPS","40.7","40.7","40.8","40.8",3,2,"3.5",45,19186,27953,1,10,"0.0","a",0,0,,"false"
"2026-10-04T18:48:27Z",322,"Al-Hamadi","IPS","0.0","0.0","0.0","0.0",0,0,"0.0",50,0,389,0,0,"0.0","u",0,0,,"false"
"2026-10-04T18:48:27Z",323,"McAteer","IPS","-1.4","-1.4","-1.3","-1.1",-1,2,"1.0",44,1638,6715,3,42,"0.3","a",-1,-1,,"false"
"2026-10-04T18:48:27Z",324,"Mehmeti","IPS","-3.1","-3.8","-7.3","-10.8",-1,-1,"0.0",48,78,155,0,0,"0.0","a",-1,-2,,"false"
"2026-10-04T18:48:27Z",554,"Van Oevelen","IPS","0.0","0.0","0.0","0.0",0,0,"0.0",45,0,86,0,0,"0.0","u",0,0,,"false"
"2026-10-04T18:48:27Z",562,"Maeda","IPS","-11.3","-11.4","-12.2","-12.9",-1,-2,"0.2",53,143,1525,8,259,"1.3","a",-1,-2,,"false"
"2026-10-04T18:48:27Z",564,"Scherpen","IPS","-33.3","-33.3","-32.9","-32.6",-2,1,"0.6",45,710,2902,7,360,"1.0","a",0,0,,"false"
"2026-10-04T18:48:27Z",571,"Florentino","IPS","-3.0","-3.0","-3.0","-3.0",-1,0,"0.1",48,118,354,2,30,"0.7","a",-1,-2,,"false"
"2026-10-04T18:48:27Z",591,"Enciso","IPS","9.1","9.1","9.1","9.1",1,3,"0.8",55,2497,6356,15,413,"1.7","a",0,0,,"false"
"2026-10-04T18:48:27Z",592,"Ouattara","IPS","-33.8","-33.8","-33.8","-33.8",-2,0,"0.9",40,730,2162,6,131,"1.3","a",0,0,,"false"
"2026-10-04T18:48:27Z",602,"Humphreys","IPS","0.0","0.0","0.0","0.0",0,0,"0.0",45,0,251,0,0,"0.0","u",0,0,,"false"
"2026-10-04T18:48:27Z",619,"Palacios","IPS","1.1","1.1","1.1","1.1",1,0,"0.1",50,548,874,11,275,"3.3","a",0,0,,"false"
"2026-10-04T18:48:27Z",640,"Flemming","IPS","0.5","0.5","0.6","0.6",1,2,"0.1",55,996,1037,6,60,"2.0","a",0,0,,"false"
"2026-10-04T18:48:27Z",260,"Wilson","LEE","-67.1","-67.3","-68.2","-69.1",-3,-25,"1.6",62,76,42021,5,145,"0.3","i",0,-3,,"false"
"2026-10-04T18:48:27Z",326,"Perri","LEE","0.0","0.0","0.0","0.0",0,0,"0.3",45,0,1352,0,0,"0.0","u",0,0,,"false"
"2026-10-04T18:48:27Z",327,"Bijol","LEE","5.2","5.2","5.1","5.1",1,-2,"0.7",50,838,5730,12,164,"0.3","a",0,0,,"false"
"2026-10-04T18:48:27Z",329,"Rodon","LEE","-7.2","-7.2","-7.3","-7.5",-1,-3,"0.8",43,50,9141,7,123,"0.0","i",-1,-2,,"false"
"2026-10-04T18:48:27Z",330,"Bogle","LEE","62.0","62.2","62.9","63.7",3,49,"7.3",46,132335,27611,42,365,"11.3","a",0,1,,"false"
"2026-10-04T18:48:27Z",331,"Gudmundsson","LEE","1.0","1.0","1.0","1.0",1,0,"0.1",45,592,357,14,252,"4.7","a",0,0,,"false"
"2026-10-04T18:48:27Z",332,"Justin","LEE","18.9","18.9","18.9","18.9",1,0,"1.4",45,4548,6208,26,450,"4.7","a",0,0,,"false"
"2026-10-04T18:48:27Z",333,"Bornauw","LEE","0.0","0.0","0.0","0.0",0,0,"0.0",45,0,5,0,0,"0.0","u",0,0,,"false"
"2026-10-04T18:48:27Z",334,"Muharemović","LEE","40.3","40.3","40.3","40.3",3,2,"4.3",50,30043,25646,27,450,"5.7","a",0,0,,"false"
"2026-10-04T18:48:27Z",335,"Stach","LEE","16.5","16.5","16.3","16.2",1,-8,"2.5",60,5114,20321,27,447,"3.3","a",0,0,,"false"
"2026-10-04T18:48:27Z",336,"Okafor","LEE","1.5","1.5","1.5","1.5",1,0,"0.4",58,1882,3555,18,299,"5.0","a",0,-2,,"false"
"2026-10-04T18:48:27Z",337,"Aaronson","LEE","-9.1","-9.2","-9.4","-9.6",-1,-1,"0.5",53,222,3525,7,194,"1.0","a",-1,-2,,"false"
"2026-10-04T18:48:27Z",338,"Ampadu","LEE","-30.2","-30.3","-30.9","-31.5",-2,-3,"0.9",54,1720,5180,21,450,"4.7","a",0,-1,,"false"
"2026-10-04T18:48:27Z",339,"Longstaff","LEE","0.0","-0.1","-1.5","-2.8",-1,-1,"0.1",48,152,661,2,10,"0.3","a",-1,-2,,"false"
"2026-10-04T18:48:27Z",341,"Gnonto","LEE","0.0","0.0","0.0","0.0",0,0,"0.0",50,0,56,0,0,"0.0","u",0,0,,"false"
"2026-10-04T18:48:27Z",342,"Harrison","LEE","0.0","0.0","0.0","0.0",0,0,"0.0",50,0,5,0,0,"0.0","u",0,0,,"false"
"2026-10-04T18:48:27Z",343,"James","LEE","-29.8","-30.5","-34.7","-38.9",-2,-2,"0.1",49,200,578,3,52,"0.7","a",0,-1,,"false"
"2026-10-04T18:48:27Z",344,"Gruev","LEE","0.0","0.0","0.0","0.0",0,0,"0.0",50,49,22,0,0,"0.0","a",0,0,,"false"
"2026-10-04T18:48:27Z",345,"Tanaka","LEE","5.0","5.0","5.1","5.1",1,1,"0.3",49,2359,2372,14,255,"4.3","a",0,-1,,"false"
"2026-10-04T18:48:27Z",346,"Calvert-Lewin","LEE","71.8","71.8","71.5","71.3",3,-16,"24.8",60,99057,176239,22,419,"4.3","a",0,0,,"false"
"2026-10-04T18:48:27Z",347,"Nmecha","LEE","-27.8","-27.7","-27.3","-26.9",-2,1,"0.5",54,2111,3862,7,64,"1.0","a",0,-1,,"false"
"2026-10-04T18:48:27Z",348,"Piroe","LEE","0.0","0.0","0.0","0.0",0,0,"0.1",50,0,445,0,0,"0.0","u",0,0,,"false"
"2026-10-04T18:48:27Z",349,"Mateo Joseph","LEE","-43.2","-43.2","-43.2","-43.2",-3,0,"0.1",45,337,508,0,0,"0.0","i",0,0,,"false"
"2026-10-04T18:48:27Z",385,"Trafford","LEE","35.4","35.4","35.4","35.4",2,0,"5.5",50,24200,15930,28,450,"5.3","a",0,0,,"false"
"2026-10-04T18:48:27Z",598,"Elvedi","LEE","0.7","0.7","0.7","0.7",1,0,"0.1",45,259,255,13,326,"4.0","a",0,0,,"false"
"2026-10-04T18:48:27Z",603,"Lienou","LEE","0.1","0.1","0.1","0.1",1,0,"0.1",40,247,532,0,0,"0.0","a",0,0,,"false"
"2026-10-04T18:48:27Z",604,"Cresswell","LEE","-13.2","-13.2","-13.2","-13.2",-1,0,"0.1",45,317,925,0,0,"0.0","a",0,0,,"false"
"2026-10-04T18:48:27Z",625,"Cairns","LEE","0.4","0.4","0.4","0.4",1,0,"0.2",40,868,805,0,0,"0.0","a",0,0,,"false"
"2026-10-04T18:48:27Z",629,"Zetterer","LEE","2.3","2.3","2.3","2.3",1,-1,"0.7",40,3180,2878,0,0,"0.0","a",0,0,,"false"
"2026-10-04T18:48:27Z",641,"Bard","LEE","0.1","0.1","0.1","0.1",1,0,"0.0",45,98,81,1,18,"0.3","a",0,0,,"false"
"2026-10-04T18:48:27Z",648,"Bahoya","LEE","-54.1","-54.1","-54.1","-54.1",-3,0,"0.0",50,115,180,1,1,"0.3","a",0,0,,"false"
"2026-10-04T18:48:27Z",350,"A.Becker","LIV","1.8","1.8","1.8","1.8",1,-1,"4.1",55,14527,12494,27,450,"8.3","a",0,0,,"false"
"2026-10-04T18:48:27Z",351,"Mamardashvili","LIV","0.0","0.0","0.0","0.0",0,0,"0.1",48,268,650,0,0,"0.0","a",-1,-2,,"false"
"2026-10-04T18:48:27Z",352,"Woodman","LIV","-33.4","-33.4","-33.4","-33.4",-2,0,"1.0",40,823,2453,0,0,"0.0","a",0,0,,"false"
"2026-10-04T18:48:27Z",353,"Pecsi","LIV","0.0","0.0","0.0","0.0",0,0,"0.0",40,0,68,0,0,"0.0","u",0,0,,"false"
"2026-10-04T18:48:27Z",354,"Jaros","LIV","0.1","0.1","0.1","0.1",1,0,"0.0",40,212,162,0,0,"0.0","i",0,0,,"false"
"2026-10-04T18:48:27Z",355,"Davies","LIV","0.1","0.1","0.1","0.1",1,0,"0.2",40,307,486,0,0,"0.0","a",0,0,,"false"
"2026-10-04T18:48:27Z",356,"Virgil","LIV","-62.4","-62.4","-62.2","-62.1",-3,14,"16.2",65,23444,45952,25,450,"7.3","a",0,0,,"false"
"2026-10-04T18:48:27Z",357,"Frimpong","LIV","-40.5","-40.5","-40.9","-41.3",-3,-4,"1.8",53,1716,13190,2,178,"0.3","a",0,-2,,"false"
"2026-10-04T18:48:27Z",358,"Kerkez","LIV","-0.8","-0.8","-1.0","-1.2",-1,-4,"2.2",53,2744,11046,13,385,"4.0","a",-1,-2,,"false"
"2026-10-04T18:48:27Z",359,"Gomez","LIV","0.0","0.0","0.0","0.0",0,0,"0.0",49,346,121,0,0,"0.0","a",0,-1,,"false"
"2026-10-04T18:48:27Z",360,"Bradley","LIV","-90.7","-90.7","-90.7","-90.7",-3,0,"0.0",50,60,89,0,0,"0.0","i",0,0,,"false"
"2026-10-04T18:48:27Z",361,"Lucky","LIV","-57.2","-57.5","-59.1","-60.7",-3,-1,"0.1",40,304,609,0,0,"0.0","a",0,0,,"false"
"2026-10-04T18:48:27Z",362,"Jacquet","LIV","59.1","59.1","59.4","59.8",3,21,"3.5",50,36117,14243,24,415,"6.7","a",0,0,,"false"
"2026-10-04T18:48:27Z",363,"Leoni","LIV","-64.2","-64.2","-64.2","-64.2",-3,0,"0.0",40,69,190,0,0,"0.0","i",0,0,,"false"
"2026-10-04T18:48:27Z",364,"Tsimikas","LIV","-57.7","-57.7","-57.7","-57.7",-3,0,"0.1",49,104,409,2,64,"0.3","a",0,-1,,"false"
"2026-10-04T18:48:27Z",365,"Ramsay","LIV","0.0","0.0","0.0","0.0",0,-1,"0.1",40,0,505,0,0,"0.0","u",0,0,,"false"
"2026-10-04T18:48:27Z",366,"Wirtz","LIV","-39.3","-39.3","-39.6","-39.9",-2,-11,"5.7",73,4418,43481,18,402,"4.0","a",0,-2,,"false"
"2026-10-04T18:48:27Z",367,"Gakpo","LIV","-3.3","-3.5","-4.6","-5.8",-1,-136,"12.3",72,51868,101935,32,370,"5.0","d",0,2,,"false"
"2026-10-04T18:48:27Z",368,"Szoboszlai","LIV","-0.3","-0.3","-0.5","-0.7",-1,-60,"32.6",69,38518,226247,20,440,"2.7","a",-1,-1,,"false"
"2026-10-04T18:48:27Z",369,"Ngumoha","LIV","-25.1","-25.1","-25.1","-25.1",-2,0,"0.5",57,841,4412,4,99,"0.3","a",-1,-3,,"false"
"2026-10-04T18:48:27Z",370,"Chiesa","LIV","-6.7","-6.7","-6.7","-6.7",-1,0,"0.0",53,17,263,0,0,"0.0","i",-1,-2,,"false"
"2026-10-04T18:48:27Z",371,"Gravenberch","LIV","-24.3","-24.3","-24.5","-24.7",-2,-2,"1.1",58,1295,9426,9,190,"1.0","a",-1,-2,,"false"
"2026-10-04T18:48:27Z",372,"Mac Allister","LIV","-45.4","-45.4","-45.7","-46.0",-3,-2,"1.3",54,4019,7138,11,306,"2.7","a",0,-1,,"false"
"2026-10-04T18:48:27Z",373,"C.Jones","LIV","0.0","0.0","0.0","0.0",0,0,"0.0",55,0,65,0,0,"0.0","u",0,0,,"false"
"2026-10-04T18:48:27Z",374,"Endo","LIV","-66.1","-66.1","-66.1","-66.1",-3,0,"0.1",49,172,462,0,0,"0.0","a",0,-1,,"false"
"2026-10-04T18:48:27Z",375,"Nyoni","LIV","-90.8","-90.8","-90.8","-90.8",-3,0,"0.0",49,96,319,3,38,"0.7","a",0,-1,,"false"
"2026-10-04T18:48:27Z",376,"Bajcetic","LIV","0.0","0.0","0.0","0.0",0,0,"0.0",50,0,3,0,0,"0.0","u",0,0,,"false"
"2026-10-04T18:48:27Z",377,"Munoz","LIV","6.6","6.6","6.5","6.5",1,-3,"0.9",65,1579,11898,15,257,"1.7","a",0,0,,"false"
"2026-10-04T18:48:27Z",378,"McConnell","LIV","-4.7","-4.7","-4.7","-4.7",-1,0,"0.2",44,1085,1572,0,0,"0.0","a",0,-1,,"false"
"2026-10-04T18:48:27Z",379,"Isak","LIV","3.4","3.1","1.7","0.3",1,-90,"22.2",91,118285,96329,33,413,"7.7","d",0,1,,"false"
"2026-10-04T18:48:27Z",380,"Ekitiké","LIV","-29.1","-29.1","-29.1","-29.1",-2,0,"0.1",74,415,878,0,0,"0.0","i",0,-1,,"false"
"2026-10-04T18:48:27Z",381,"Koumas","LIV","-95.2","-95.2","-95.2","-95.2",-4,0,"0.0",50,173,198,3,22,"0.7","a",0,0,,"false"
"2026-10-04T18:48:27Z",382,"Danns","LIV","3.8","3.8","3.8","3.7",1,-2,"0.2",45,3665,2516,0,0,"0.0","a",0,0,,"false"
"2026-10-04T18:48:27Z",383,"Elliott","LIV","0.0","0.0","0.0","0.0",0,0,"0.0",54,0,238,0,0,"0.0","u",0,-1,,"false"
"2026-10-04T18:48:27Z",579,"Araujo","LIV","36.0","36.0","36.1","36.2",2,5,"3.0",54,18075,10966,22,284,"7.0","a",0,-1,,"false"
"2026-10-04T18:48:27Z",627,"Barcola","LIV","-68.0","-67.9","-67.4","-67.0",-3,5,"1.9",80,12351,19740,7,168,"2.3","a",0,0,,"false"
"2026-10-04T18:48:27Z",155,"Enzo","MCI","1.9","1.9","1.9","1.9",1,3,"3.6",69,32527,15622,13,271,"4.0","a",0,-1,,"false"
"2026-10-04T18:48:27Z",237,"Ndiaye","MCI","-21.8","-21.9","-22.2","-22.4",-2,-20,"6.7",58,7400,71160,22,385,"3.0","a",-1,-2,,"false"
"2026-10-04T18:48:27Z",384,"Donnarumma","MCI","-54.6","-54.6","-55.1","-55.5",-3,-21,"7.6",55,11200,31922,19,450,"5.3","a",0,0,,"false"
"2026-10-04T18:48:27Z",386,"Bettinelli","MCI","-90.2","-90.2","-90.2","-90.2",-3,0,"0.0",45,59,90,0,0,"0.0","a",0,0,,"false"
"2026-10-04T18:48:27Z",387,"O'Reilly","MCI","-3.2","-3.3","-3.7","-4.1",-1,-93,"10.8",63,5387,76767,6,163,"0.7","d",-1,-2,,"false"
"2026-10-04T18:48:27Z",388,"Guéhi","MCI","67.4","67.4","66.9","66.5",3,-26,"18.2",60,24801,54250,30,450,"6.0","a",0,0,,"false"
"2026-10-04T18:48:27Z",389,"Matheus N.","MCI","-35.6","-35.6","-35.6","-35.6",-2,0,"1.0",59,1744,3094,11,213,"3.3","a",0,-1,,"false"
"2026-10-04T18:48:27Z",390,"Rúben","MCI","4.0","4.0","3.9","3.9",1,-4,"1.9",55,4924,9436,17,450,"4.3","a",0,0,,"false"
"2026-10-04T18:48:27Z",391,"Gvardiol","MCI","84.1","84.1","84.3","84.5",3,10,"26.9",57,154181,58747,37,434,"7.7","a",0,2,,"false"
"2026-10-04T18:48:27Z",392,"Aït-Nouri","MCI","-0.2","-0.2","-0.2","-0.2",-1,0,"0.4",52,551,2276,0,0,"0.0","a",-1,-3,,"false"
"2026-10-04T18:48:27Z",393,"Khusanov","MCI","-37.2","-37.3","-37.7","-38.1",-2,-3,"1.4",54,1498,9309,9,268,"1.7","a",0,-1,,"false"
"2026-10-04T18:48:27Z",394,"Alleyne","MCI","0.0","0.0","0.0","0.0",0,0,"0.0",50,0,20,0,0,"0.0","u",0,0,,"false"
"2026-10-04T18:48:27Z",395,"Lewis","MCI","-69.3","-69.3","-69.3","-69.3",-3,0,"0.2",44,322,1245,1,56,"0.0","a",0,-1,,"false"
"2026-10-04T18:48:27Z",396,"Vitor Reis","MCI","-86.8","-86.8","-86.8","-86.8",-3,0,"0.0",45,76,159,1,1,"0.0","a",0,0,,"false"
"2026-10-04T18:48:27Z",397,"Semenyo","MCI","-21.9","-22.0","-22.3","-22.7",-2,-61,"15.2",84,127535,76887,33,450,"8.7","d",0,-1,,"false"
"2026-10-04T18:48:27Z",398,"Foden","MCI","-52.5","-52.6","-53.3","-53.9",-3,-19,"1.8",69,224,29644,9,217,"-0.3","s",0,-1,,"false"
"2026-10-04T18:48:27Z",399,"Cherki","MCI","-57.3","-57.2","-56.5","-55.8",-3,44,"28.4",78,130942,94540,34,302,"4.0","a",0,3,,"false"
"2026-10-04T18:48:27Z",400,"Doku","MCI","0.4","0.4","0.5","0.6",1,4,"0.7",74,4791,2225,1,15,"0.3","a",0,-1,,"false"
"2026-10-04T18:48:27Z",402,"Rodrigo","MCI","0.0","0.0","0.0","0.0",0,0,"0.0",65,0,27,0,0,"0.0","u",0,0,,"false"
"2026-10-04T18:48:27Z",404,"Reijnders","MCI","0.0","0.0","0.0","0.0",0,0,"0.0",60,0,103,0,0,"0.0","u",0,0,,"false"
"2026-10-04T18:48:27Z",406,"Kovačić","MCI","-0.2","-0.2","-0.2","-0.2",-1,0,"0.1",53,121,487,2,42,"0.0","a",-1,-2,,"false"
"2026-10-04T18:48:27Z",407,"Echeverri","MCI","0.0","0.0","0.0","0.0",0,0,"0.0",49,0,57,0,0,"0.0","u",0,-1,,"false"
"2026-10-04T18:48:27Z",408,"Phillips","MCI","0.0","0.0","0.0","0.0",0,0,"0.0",50,0,13,0,0,"0.0","u",0,0,,"false"
"2026-10-04T18:48:27Z",409,"Mukasa","MCI","0.0","0.0","0.0","0.0",0,0,"0.1",45,0,634,0,0,"0.0","u",0,0,,"false"
"2026-10-04T18:48:27Z",410,"Monga","MCI","0.0","0.0","0.0","0.0",0,-1,"0.0",49,0,54,0,0,"0.0","u",0,-1,,"false"
"2026-10-04T18:48:27Z",411,"Haaland","MCI","24.7","24.7","25.1","25.4",2,22,"73.9",156,83332,22125,39,450,"8.0","a",0,1,,"false"
"2026-10-04T18:48:27Z",481,"Anderson","MCI","-44.5","-44.5","-44.7","-44.9",-3,-6,"4.0",63,8296,28975,15,413,"3.3","a",0,-2,,"false"
"2026-10-04T18:48:27Z",587,"Rulli","MCI","-93.7","-93.7","-93.7","-93.7",-3,0,"0.0",50,80,106,0,0,"0.0","a",0,0,,"false"
"2026-10-04T18:48:27Z",616,"Bouaddi","MCI","-34.6","-34.6","-34.6","-34.6",-2,0,"0.2",55,870,2168,2,22,"0.3","a",0,0,,"false"
"2026-10-04T18:48:27Z",621,"McAidoo","MCI","-95.5","-95.5","-95.5","-95.5",-4,0,"0.1",45,202,1125,2,11,"0.3","a",0,0,,"false"
"2026-10-04T18:48:27Z",622,"Braithwaite","MCI","-41.4","-41.6","-42.7","-43.9",-3,-1,"0.2",40,601,1701,1,1,"0.0","a",0,0,,"false"
"2026-10-04T18:48:27Z",628,"Allan","MCI","0.1","0.1","0.1","0.1",1,0,"0.0",60,234,171,0,0,"0.0","a",0,0,,"false"
"2026-10-04T18:48:27Z",653,"Samba","MCI","-42.6","-42.6","-42.6","-42.6",-3,0,"0.0",45,259,508,0,0,"0.0","a",0,0,,"false"
"2026-10-04T18:48:27Z",43,"Tielemans","MUN","-39.4","-39.4","-39.2","-39.0",-2,2,"1.5",58,3310,11087,14,402,"2.7","a",0,-2,,"false"
"2026-10-04T18:48:27Z",131,"Baleba","MUN","0.1","0.1","0.1","0.1",1,0,"0.1",49,1399,778,0,0,"0.0","a",0,-1,,"false"
"2026-10-04T18:48:27Z",162,"Andrey Santos","MUN","-53.6","-53.6","-53.6","-53.6",-3,0,"0.6",48,1072,5133,4,82,"0.3","a",0,-2,,"false"
"2026-10-04T18:48:27Z",325,"Darlow","MUN","-24.8","-24.8","-24.8","-24.8",-2,0,"0.0",45,63,229,0,0,"0.0","d",0,0,,"false"
"2026-10-04T18:48:27Z",412,"Lammens","MUN","-17.9","-18.0","-18.1","-18.2",-1,-8,"9.9",49,7188,50744,11,450,"2.7","a",0,-1,,"false"
"2026-10-04T18:48:27Z",413,"Bayindir","MUN","0.0","0.0","0.0","0.0",0,0,"0.0",45,0,43,0,0,"0.0","u",0,0,,"false"
"2026-10-04T18:48:27Z",414,"Heaton","MUN","-37.4","-37.6","-39.1","-40.6",-2,-2,"0.1",40,213,287,0,0,"0.0","i",0,0,,"false"
"2026-10-04T18:48:27Z",415,"Dorgu","MUN","-64.0","-64.2","-65.0","-65.9",-3,-5,"0.5",58,1034,4485,10,171,"3.0","d",0,-2,,"false"
"2026-10-04T18:48:27Z",416,"De Ligt","MUN","-100.1","-100.1","-100.1","-100.1",-5,0,"0.0",50,85,138,0,0,"0.0","i",0,0,,"false"
"2026-10-04T18:48:27Z",417,"Dalot","MUN","-81.1","-81.2","-81.5","-81.9",-3,-4,"1.6",49,1384,7855,8,346,"1.7","a",0,-1,,"false"
"2026-10-04T18:48:27Z",418,"Maguire","MUN","-2.2","-2.3","-2.3","-2.4",-1,-6,"8.6",48,4669,77266,10,450,"1.7","a",-1,-2,,"false"
"2026-10-04T18:48:27Z",419,"Martinez","MUN","-0.0","0.0","0.0","0.1",0,2,"1.3",49,3866,6693,6,360,"1.7","a",-1,-1,,"false"
"2026-10-04T18:48:27Z",420,"Yoro","MUN","-11.7","-11.7","-11.7","-11.7",-1,0,"0.5",48,486,2271,2,22,"0.3","a",-1,-2,,"false"
"2026-10-04T18:48:27Z",421,"Heaven","MUN","-0.3","-0.3","-0.3","-0.3",-1,0,"0.3",43,260,1534,1,90,"0.0","a",-1,-2,,"false"
"2026-10-04T18:48:27Z",422,"Mazraoui","MUN","-77.4","-77.4","-77.4","-77.4",-3,0,"0.5",44,611,2951,3,97,"0.3","a",0,-1,,"false"
"2026-10-04T18:48:27Z",423,"Shaw","MUN","-5.2","-5.3","-5.5","-5.6",-1,-15,"7.7",43,3974,78960,9,335,"2.0","a",-1,-2,,"false"
"2026-10-04T18:48:27Z",424,"Amass","MUN","-47.8","-48.0","-49.0","-50.0",-3,-1,"0.2",40,441,820,0,0,"0.0","a",0,0,,"false"
"2026-10-04T18:48:27Z",425,"Fredricson","MUN","0.0","0.0","0.0","0.0",0,0,"0.0",40,0,51,0,0,"0.0","u",0,0,,"false"
"2026-10-04T18:48:27Z",426,"B.Fernandes","MUN","-1.2","-1.2","-1.2","-1.2",-1,-3,"38.5",119,48302,203850,31,450,"2.0","a",-1,-1,,"false"
"2026-10-04T18:48:27Z",427,"Mbeumo","MUN","-79.1","-79.1","-79.2","-79.2",-3,-9,"20.5",79,40339,135470,25,450,"4.0","a",0,-1,,"false"
"2026-10-04T18:48:27Z",428,"Cunha","MUN","-97.8","-97.8","-97.5","-97.3",-4,8,"5.8",79,23967,22816,26,407,"5.0","a",0,-1,,"false"
"2026-10-04T18:48:27Z",429,"Rashford","MUN","-89.2","-89.3","-90.2","-91.0",-3,-14,"1.4",70,4247,18638,10,351,"2.3","d",0,0,,"false"
"2026-10-04T18:48:27Z",430,"Mount","MUN","0.1","0.1","0.1","0.1",1,1,"0.0",54,196,205,1,10,"0.3","a",0,-1,,"false"
"2026-10-04T18:48:27Z",431,"Amad","MUN","-18.9","-18.9","-18.9","-18.9",-1,0,"0.3",57,139,1944,0,0,"0.0","i",0,-3,,"false"
"2026-10-04T18:48:27Z",432,"Mainoo","MUN","14.1","14.0","13.8","13.5",1,-16,"1.6",55,7888,16003,22,354,"5.7","d",0,0,,"false"
"2026-10-04T18:48:27Z",433,"Ugarte","MUN","-71.8","-71.8","-71.8","-71.8",-3,0,"0.0",50,25,26,0,0,"0.0","i",0,0,,"false"
"2026-10-04T18:48:27Z",434,"J.Fletcher","MUN","-38.6","-38.6","-38.6","-38.6",-2,0,"0.0",49,47,59,0,0,"0.0","a",0,-1,,"false"
"2026-10-04T18:48:27Z",435,"Lacey","MUN","-5.7","-5.7","-5.7","-5.7",-1,0,"0.1",49,386,375,1,10,"0.0","a",0,-1,,"false"
"2026-10-04T18:48:27Z",436,"Collyer","MUN","0.0","0.0","0.0","0.0",0,0,"0.0",50,0,49,0,0,"0.0","u",0,0,,"false"
"2026-10-04T18:48:27Z",437,"Bendito Mantato","MUN","0.0","0.0","0.0","0.0",0,0,"0.2",44,486,914,0,0,"0.0","a",-1,-1,,"false"
"2026-10-04T18:48:27Z",438,"Fletcher","MUN","0.4","0.4","0.3","0.2",1,-5,"0.3",44,2625,2211,0,0,"0.0","a",0,-1,,"false"
"2026-10-04T18:48:27Z",439,"Šeško","MUN","-45.7","-45.8","-46.7","-47.6",-3,-16,"1.6",70,6710,25173,8,76,"2.0","d",0,0,,"false"
"2026-10-04T18:48:27Z",440,"Zirkzee","MUN","-8.4","-8.5","-9.1","-9.6",-1,-2,"0.4",53,2070,3269,2,20,"0.7","a",-1,-2,,"false"
"2026-10-04T18:48:27Z",441,"Obi","MUN","0.0","0.0","0.0","0.0",0,-6,"0.9",45,0,11706,0,0,"0.0","u",0,0,,"false"
"2026-10-04T18:48:27Z",405,"N.Gonzalez","NEW","0.9","0.9","0.9","1.0",1,2,"0.2",55,661,1878,5,164,"1.0","a",0,0,,"false"
"2026-10-04T18:48:27Z",442,"Pope","NEW","-46.9","-46.9","-47.3","-47.6",-3,-2,"0.9",49,907,3263,0,0,"0.0","a",0,-1,,"false"
"2026-10-04T18:48:27Z",443,"Gillespie","NEW","-40.4","-40.4","-40.4","-40.4",-3,0,"0.0",45,46,91,0,0,"0.0","a",0,0,,"false"
"2026-10-04T18:48:27Z",444,"Jaouen","NEW","-7.1","-7.1","-7.1","-7.1",-1,0,"0.0",44,20,123,0,0,"0.0","d",-1,-1,,"false"
"2026-10-04T18:48:27Z",445,"Thiaw","NEW","18.6","18.6","18.6","18.6",1,0,"2.2",50,9194,10632,14,450,"1.7","a",0,0,,"false"
"2026-10-04T18:48:27Z",446,"Schär","NEW","-11.9","-11.9","-11.9","-11.9",-1,0,"0.2",49,593,944,2,25,"0.3","a",0,-1,,"false"
"2026-10-04T18:48:27Z",447,"Botman","NEW","10.2","10.3","10.3","10.4",1,4,"0.7",50,5130,3223,15,450,"2.3","a",0,0,,"false"
"2026-10-04T18:48:27Z",448,"Burn","NEW","-4.5","-4.5","-4.6","-4.6",-1,-2,"0.7",48,119,6069,0,0,"0.0","i",-1,-2,,"false"
"2026-10-04T18:48:27Z",449,"Hall","NEW","8.5","8.6","8.9","9.3",1,69,"17.4",53,257526,22508,31,449,"5.7","a",1,3,,"false"
"2026-10-04T18:48:27Z",450,"Livramento","NEW","1.6","1.6","1.6","1.5",1,-1,"0.1",49,457,1573,4,33,"1.3","d",0,-1,,"false"
"2026-10-04T18:48:27Z",451,"A.Murphy","NEW","0.0","0.0","0.0","0.0",0,0,"0.1",40,0,307,0,0,"0.0","u",0,0,,"false"
"2026-10-04T18:48:27Z",453,"Barnes","NEW","17.8","17.9","18.4","18.8",1,82,"5.8",61,169968,20616,28,450,"7.7","a",1,1,,"false"
"2026-10-04T18:48:27Z",454,"Elanga","NEW","-43.9","-44.0","-44.5","-45.0",-3,-67,"4.5",61,347,171443,18,232,"0.3","i",-1,1,,"false"
"2026-10-04T18:48:27Z",456,"J.Ramsey","NEW","-98.5","-98.5","-99.0","-99.5",-4,-2,"0.2",49,74,4887,7,69,"2.0","i",0,-1,,"false"
"2026-10-04T18:48:27Z",457,"J.Murphy","NEW","-20.5","-20.5","-20.5","-20.5",-2,0,"0.1",59,1012,829,3,181,"0.7","a",0,-1,,"false"
"2026-10-04T18:48:27Z",458,"Joelinton","NEW","-65.7","-65.7","-65.7","-65.7",-3,0,"0.0",54,21,84,0,0,"0.0","i",0,-1,,"false"
"2026-10-04T18:48:27Z",459,"L.Miley","NEW","0.6","0.6","0.6","0.5",1,-2,"0.1",55,491,553,12,396,"2.0","d",0,0,,"false"
"2026-10-04T18:48:27Z",460,"Willock","NEW","16.2","16.2","16.3","16.3",1,4,"0.6",50,10165,2938,22,284,"4.3","a",0,0,,"false"
"2026-10-04T18:48:27Z",461,"Touré","NEW","-12.3","-12.3","-12.3","-12.3",-1,0,"0.1",58,345,893,8,50,"2.3","a",0,-2,,"false"
"2026-10-04T18:48:27Z",462,"Steur","NEW","-54.9","-54.9","-54.9","-54.9",-3,0,"0.1",49,277,399,8,223,"2.0","a",0,-1,,"false"
"2026-10-04T18:48:27Z",463,"Woltemade","NEW","0.0","0.0","0.0","0.0",0,-4,"0.5",59,0,3906,4,19,"0.0","u",0,-1,,"false"
"2026-10-04T18:48:27Z",464,"Wissa","NEW","65.8","65.8","66.1","66.3",3,17,"18.7",62,93743,145766,15,441,"1.0","a",0,2,,"false"
"2026-10-04T18:48:27Z",465,"Osula","NEW","-9.2","-9.2","-9.2","-9.2",-1,0,"0.3",58,130,2520,4,55,"0.0","i",-1,-2,,"false"
"2026-10-04T18:48:27Z",466,"Neave","NEW","0.0","0.0","0.0","0.0",0,-3,"0.5",45,0,4045,0,0,"0.0","u",0,0,,"false"
"2026-10-04T18:48:27Z",559,"Bamba","NEW","-74.3","-74.3","-74.3","-74.3",-3,0,"0.1",49,131,507,3,27,"0.7","a",0,-1,,"false"
"2026-10-04T18:48:27Z",567,"Horníček","NEW","24.9","24.9","24.9","24.9",2,1,"1.5",50,7546,5330,14,450,"2.0","a",0,0,,"false"
"2026-10-04T18:48:27Z",593,"Dedić","NEW","-12.5","-12.7","-13.3","-14.0",-1,-20,"1.8",45,276,38942,13,327,"0.3","i",0,0,,"false"
"2026-10-04T18:48:27Z",609,"Shahar","NEW","0.0","0.0","0.0","0.0",0,-4,"0.2",40,0,1917,0,0,"0.0","u",0,0,,"false"
"2026-10-04T18:48:27Z",634,"Fernandez-Pardo","NEW","0.8","0.8","0.8","0.8",1,0,"0.1",60,2186,1483,4,157,"1.3","a",0,0,,"false"
"2026-10-04T18:48:27Z",659,"Miley","NEW","0.0","0.0","0.1","0.1",0,2,"0.0",45,1463,662,0,0,"0.0","a",0,0,,"false"
"2026-10-04T18:48:27Z",663,"Pivas","NEW","0.0","0.0","0.0","0.0",0,0,"0.0",40,420,64,0,0,"0.0","a",0,0,,"false"
"2026-10-04T18:48:27Z",664,"Salia","NEW","0.1","0.2","0.3","0.5",1,11,"0.1",45,10266,1711,0,0,"0.0","a",0,0,,"false"
"2026-10-04T18:48:27Z",665,"Mills","NEW","0.0","0.0","0.0","0.0",0,0,"0.0",45,169,32,0,0,"0.0","a",0,0,,"false"
"2026-10-04T18:48:27Z",666,"Thompson","NEW","0.0","0.0","0.0","0.0",0,0,"0.0",45,247,36,0,0,"0.0","a",0,0,,"false"
"2026-10-04T18:48:27Z",167,"Delap","NFO","-25.4","-25.4","-25.8","-26.2",-2,-6,"2.7",56,25635,29750,9,277,"2.7","a",1,1,,"false"
"2026-10-04T18:48:27Z",201,"Muñoz","NFO","-49.9","-49.9","-50.0","-50.0",-3,-2,"5.7",54,8253,31310,5,257,"1.7","a",0,-1,,"false"
"2026-10-04T18:48:27Z",467,"Sels","NFO","4.6","4.6","4.5","4.4",1,-6,"1.6",50,2115,6423,14,450,"3.7","a",0,0,,"false"
"2026-10-04T18:48:27Z",468,"John","NFO","-77.6","-77.6","-77.6","-77.6",-3,0,"0.1",45,66,164,0,0,"0.0","a",0,0,,"false"
"2026-10-04T18:48:27Z",469,"N.Williams","NFO","25.1","25.1","24.9","24.7",2,-12,"8.7",50,11702,48965,19,450,"3.7","a",0,0,,"false"
"2026-10-04T18:48:27Z",470,"Morato","NFO","0.0","0.0","0.0","0.0",0,0,"0.0",50,0,123,0,0,"0.0","u",0,0,,"false"
"2026-10-04T18:48:27Z",471,"Milenković","NFO","-14.7","-14.8","-15.2","-15.6",-1,-12,"1.0",54,68,12737,12,270,"2.3","i",-1,-1,,"false"
"2026-10-04T18:48:27Z",472,"Murillo","NFO","25.4","25.4","25.3","25.3",2,-3,"2.1",55,9054,8606,23,449,"6.0","a",0,0,,"false"
"2026-10-04T18:48:27Z",473,"Aina","NFO","-3.6","-3.6","-3.9","-4.1",-1,-6,"2.4",44,1113,21143,8,306,"1.0","a",-1,-1,,"false"
"2026-10-04T18:48:27Z",474,"Jair Cunha","NFO","-49.9","-49.9","-49.9","-49.9",-3,0,"0.2",45,278,665,11,360,"3.0","a",0,0,,"false"
"2026-10-04T18:48:27Z",475,"Savona","NFO","-18.9","-18.9","-18.9","-18.9",-1,0,"0.0",45,21,20,0,0,"0.0","i",0,0,,"false"
"2026-10-04T18:48:27Z",476,"O.Richards","NFO","-70.5","-70.5","-70.5","-70.5",-3,0,"0.2",40,322,769,0,0,"0.0","a",0,0,,"false"
"2026-10-04T18:48:27Z",477,"Abbott","NFO","0.0","0.0","0.0","0.0",0,0,"0.1",40,0,856,0,0,"0.0","u",0,0,,"false"
"2026-10-04T18:48:27Z",478,"Netz","NFO","-8.4","-8.4","-8.4","-8.4",-1,0,"0.0",44,59,122,3,27,"0.3","a",0,-1,,"false"
"2026-10-04T18:48:27Z",479,"Bindon","NFO","0.0","0.0","0.0","0.0",0,0,"0.1",40,0,548,0,0,"0.0","u",0,0,,"false"
"2026-10-04T18:48:27Z",480,"Gibbs-White","NFO","53.8","53.7","53.5","53.3",3,-13,"15.7",80,70158,87140,28,450,"4.3","a",0,0,,"false"
"2026-10-04T18:48:27Z",482,"Hudson-Odoi","NFO","-41.2","-41.2","-41.2","-41.2",-3,0,"0.1",58,277,1196,1,1,"0.0","a",0,-2,,"false"
"2026-10-04T18:48:27Z",483,"Ndoye","NFO","13.9","13.8","13.8","13.7",1,-6,"0.7",55,810,8380,15,316,"1.0","a",0,0,,"false"
"2026-10-04T18:48:27Z",484,"Hutchinson","NFO","0.0","0.0","0.0","0.0",0,0,"0.1",54,0,390,0,0,"0.0","u",0,-1,,"false"
"2026-10-04T18:48:27Z",485,"Bakwa","NFO","0.0","0.0","0.0","0.0",0,0,"0.0",55,0,37,0,0,"0.0","u",0,0,,"false"
"2026-10-04T18:48:27Z",486,"McAtee","NFO","2.4","2.4","2.4","2.4",1,0,"0.1",55,367,938,12,416,"2.3","a",0,0,,"false"
"2026-10-04T18:48:27Z",487,"Dominguez","NFO","-71.6","-71.6","-71.6","-71.6",-3,0,"0.1",49,63,302,1,1,"0.0","a",0,-1,,"false"
"2026-10-04T18:48:27Z",488,"I.Sangaré","NFO","-0.3","-0.3","-0.3","-0.3",-1,0,"0.4",48,324,3233,4,105,"0.7","a",-1,-2,,"false"
"2026-10-04T18:48:27Z",489,"Yates","NFO","-93.6","-93.7","-94.2","-94.7",-3,-4,"1.2",45,615,7634,0,0,"0.0","a",0,0,,"false"
"2026-10-04T18:48:27Z",490,"Wood","NFO","-42.2","-42.2","-42.0","-41.8",-3,1,"0.9",58,2166,6753,4,62,"1.0","a",0,-2,,"false"
"2026-10-04T18:48:27Z",491,"Igor Jesus","NFO","-0.2","-0.3","-1.1","-1.8",-1,-12,"2.6",58,7841,24078,12,257,"3.0","a",0,-2,,"false"
"2026-10-04T18:48:27Z",493,"Kalimuendo","NFO","0.0","0.0","0.0","0.0",0,0,"0.1",54,243,434,1,1,"0.0","a",0,-1,,"false"
"2026-10-04T18:48:27Z",558,"Schlager","NFO","0.5","0.5","0.5","0.5",1,1,"0.1",50,234,817,13,376,"2.7","a",0,0,,"false"
"2026-10-04T18:48:27Z",581,"Diomande","NFO","-52.4","-52.4","-52.0","-51.7",-3,1,"0.5",54,1603,2362,7,163,"2.3","a",0,-1,,"false"
"2026-10-04T18:48:27Z",590,"Benda","NFO","0.0","0.0","0.0","0.0",0,0,"0.1",45,131,245,0,0,"0.0","a",0,0,,"false"
"2026-10-04T18:48:27Z",112,"Van Hecke","TOT","-17.4","-17.5","-18.0","-18.5",-1,-37,"6.5",49,19099,34103,24,450,"7.3","d",0,-1,,"false"
"2026-10-04T18:48:27Z",147,"Tosin","TOT","-41.8","-41.8","-41.8","-41.8",-3,0,"0.1",44,109,583,1,5,"0.3","a",0,-1,,"false"
"2026-10-04T18:48:27Z",401,"Marmoush","TOT","39.7","39.7","39.8","39.9",2,6,"2.1",70,12793,22668,8,339,"2.0","a",0,0,,"false"
"2026-10-04T18:48:27Z",403,"Sávio","TOT","11.1","11.0","11.0","10.9",1,-4,"0.6",65,3125,7253,8,240,"2.7","a",0,0,,"false"
"2026-10-04T18:48:27Z",455,"Tonali","TOT","-20.9","-21.0","-21.3","-21.6",-2,-6,"1.8",53,2438,15653,14,427,"3.3","a",-1,-2,,"false"
"2026-10-04T18:48:27Z",494,"Vicario","TOT","0.0","0.0","0.0","0.0",0,0,"0.1",45,0,744,0,0,"0.0","u",0,0,,"false"
"2026-10-04T18:48:27Z",495,"Austin","TOT","2.3","2.3","2.3","2.3",1,1,"1.0",40,2035,2258,0,0,"0.0","a",0,0,,"false"
"2026-10-04T18:48:27Z",496,"Kinsky","TOT","-53.6","-53.6","-53.7","-53.8",-3,-9,"17.2",45,19611,115575,18,450,"5.0","a",0,0,,"false"
"2026-10-04T18:48:27Z",497,"Dubravka","TOT","-25.7","-25.7","-25.7","-25.7",-2,0,"17.1",40,28199,50580,0,0,"0.0","a",0,0,,"false"
"2026-10-04T18:48:27Z",498,"Senesi","TOT","-58.7","-58.8","-59.0","-59.3",-3,-6,"3.5",58,1267,22384,3,90,"0.0","a",0,-2,,"false"
"2026-10-04T18:48:27Z",499,"Pedro Porro","TOT","-33.4","-33.5","-34.0","-34.5",-2,-43,"7.5",54,1753,78316,9,198,"2.7","d",0,-1,,"false"
"2026-10-04T18:48:27Z",500,"Romero","TOT","0.0","0.0","0.0","0.0",0,0,"0.1",50,0,309,0,0,"0.0","u",0,0,,"false"
"2026-10-04T18:48:27Z",502,"Robertson","TOT","0.3","0.3","0.2","0.1",1,-4,"2.5",44,6027,13540,17,366,"4.0","a",0,-1,,"false"
"2026-10-04T18:48:27Z",503,"Van de Ven","TOT","-23.5","-23.6","-23.7","-23.9",-2,-4,"3.8",50,6381,20689,16,360,"5.3","a",0,0,,"false"
"2026-10-04T18:48:27Z",505,"Spence","TOT","0.0","0.0","0.0","0.0",0,0,"0.2",45,0,1262,0,0,"0.0","u",0,0,,"false"
"2026-10-04T18:48:27Z",506,"Udogie","TOT","-22.5","-22.6","-23.2","-23.8",-2,-1,"0.3",44,354,1681,7,86,"1.7","a",0,-1,,"false"
"2026-10-04T18:48:27Z",507,"Phillips","TOT","0.0","0.0","0.0","0.0",0,0,"0.0",45,0,55,0,0,"0.0","u",0,0,,"false"
"2026-10-04T18:48:27Z",508,"Davies","TOT","1.7","1.7","1.8","1.8",1,4,"0.9",39,7825,4146,0,0,"0.0","a",-1,-1,,"false"
"2026-10-04T18:48:27Z",509,"Byfield","TOT","-4.6","-4.6","-4.6","-4.6",-1,0,"0.1",40,129,254,0,0,"0.0","a",0,0,,"false"
"2026-10-04T18:48:27Z",510,"Rowswell","TOT","-17.2","-17.2","-17.2","-17.2",-1,0,"0.1",40,169,353,0,0,"0.0","a",0,0,,"false"
"2026-10-04T18:48:27Z",511,"Souza","TOT","0.0","0.0","0.0","0.0",0,0,"0.2",40,0,922,0,0,"0.0","u",0,0,,"false"
"2026-10-04T18:48:27Z",512,"Kudus","TOT","2.2","2.2","2.2","2.2",1,0,"0.2",65,2421,1216,7,123,"2.0","a",0,0,,"false"
"2026-10-04T18:48:27Z",513,"Xavi","TOT","-17.7","-17.7","-17.7","-17.7",-1,0,"0.0",59,57,85,0,0,"0.0","i",0,-1,,"false"
"2026-10-04T18:48:27Z",514,"Tel","TOT","-29.3","-29.3","-29.3","-29.3",-2,0,"0.2",57,211,2035,8,257,"1.3","a",-1,-3,,"false"
"2026-10-04T18:48:27Z",515,"Maddison","TOT","-74.3","-74.1","-73.3","-72.5",-3,2,"0.4",63,810,2056,3,59,"0.7","a",0,-2,,"false"
"2026-10-04T18:48:27Z",516,"Bentancur","TOT","-78.8","-78.8","-78.8","-78.8",-3,0,"0.2",55,423,780,15,370,"4.0","a",0,0,,"false"
"2026-10-04T18:48:27Z",517,"Odobert","TOT","0.0","0.0","0.0","0.0",0,0,"0.0",55,31,14,0,0,"0.0","i",0,0,,"false"
"2026-10-04T18:48:27Z",518,"P.M.Sarr","TOT","0.0","0.0","0.0","0.0",0,0,"0.1",49,0,711,0,0,"0.0","u",0,-1,,"false"
"2026-10-04T18:48:27Z",519,"Gallagher","TOT","0.1","0.1","0.1","0.1",1,0,"0.2",53,836,687,9,134,"3.0","a",0,-2,,"false"
"2026-10-04T18:48:27Z",520,"Bergvall","TOT","-3.8","-3.8","-3.8","-3.8",-1,0,"0.1",53,112,653,3,78,"0.7","a",-1,-2,,"false"
"2026-10-04T18:48:27Z",521,"Kulusevski","TOT","-81.2","-81.2","-81.2","-81.2",-3,0,"0.0",65,107,78,0,0,"0.0","i",0,0,,"false"
"2026-10-04T18:48:27Z",522,"Gray","TOT","-27.4","-27.8","-29.6","-31.5",-2,-2,"0.2",49,487,1273,9,307,"1.7","a",0,-1,,"false"
"2026-10-04T18:48:27Z",523,"Moore","TOT","0.0","0.0","0.0","0.0",0,0,"0.1",50,0,564,3,89,"0.0","u",0,0,,"false"
"2026-10-04T18:48:27Z",524,"Olusesi","TOT","8.2","8.2","8.1","8.0",1,-4,"1.0",44,6177,7863,0,0,"0.0","a",0,-1,,"false"
"2026-10-04T18:48:27Z",525,"Fernandes","TOT","-11.7","-11.8","-12.1","-12.5",-1,-3,"0.8",57,502,6938,7,249,"1.3","a",-1,-3,,"false"
"2026-10-04T18:48:27Z",526,"Solanke","TOT","-32.6","-32.6","-32.7","-32.9",-2,-1,"0.8",58,2112,5974,7,170,"1.7","a",0,-2,,"false"
"2026-10-04T18:48:27Z",527,"Richarlison","TOT","0.0","0.0","0.0","0.0",0,-8,"0.6",59,0,6069,2,67,"0.0","u",0,-1,,"false"
"2026-10-04T18:48:27Z",528,"Scarlett","TOT","0.0","0.0","0.0","0.0",0,-4,"1.1",45,0,8376,0,0,"0.0","u",0,0,,"false"
"2026-10-04T18:48:27Z",578,"Mudryk","TOT","-13.1","-13.1","-13.1","-13.1",-1,0,"0.0",53,23,579,1,16,"0.3","i",-1,-2,,"false"
"2026-10-04T18:48:27Z",601,"Williams-Barnett","TOT","-55.3","-55.3","-55.3","-55.3",-3,0,"0.1",45,175,784,0,0,"0.0","a",0,0,,"false"
"2026-10-04T18:48:27Z",501,"Danso","SUN","-85.8","-85.8","-85.8","-85.8",-3,0,"0.2",50,1214,878,3,270,"1.0","a",0,0,,"false"
"2026-10-04T18:48:27Z",529,"Roefs","SUN","-17.6","-17.7","-17.8","-18.0",-1,-2,"2.4",49,2146,12205,11,450,"1.3","a",0,-1,,"false"
"2026-10-04T18:48:27Z",530,"Patterson","SUN","0.0","0.0","0.0","0.0",0,0,"0.1",40,0,372,0,0,"0.0","u",0,0,,"false"
"2026-10-04T18:48:27Z",531,"Ellborg","SUN","0.0","0.0","0.0","0.0",0,0,"0.1",44,145,263,0,0,"0.0","a",-1,-1,,"false"
"2026-10-04T18:48:27Z",532,"Ballard","SUN","-57.4","-57.5","-57.9","-58.2",-3,-10,"2.5",49,3633,18563,14,450,"2.0","d",0,-1,,"false"
"2026-10-04T18:48:27Z",533,"Mukiele","SUN","-17.7","-17.7","-17.5","-17.2",-1,3,"1.9",54,5381,9220,13,360,"1.3","a",0,-1,,"false"
"2026-10-04T18:48:27Z",534,"Hume","SUN","-8.6","-8.6","-8.6","-8.6",-1,0,"2.8",43,1271,30905,10,206,"0.7","a",-1,-2,,"false"
"2026-10-04T18:48:27Z",535,"Alderete","SUN","-7.3","-7.5","-8.3","-9.1",-1,-2,"0.2",48,233,1115,1,23,"0.0","a",-1,-2,,"false"
"2026-10-04T18:48:27Z",536,"Reinildo","SUN","-0.2","-0.2","-0.2","-0.2",-1,0,"0.3",44,220,1612,7,360,"0.0","a",-1,-1,,"false"
"2026-10-04T18:48:27Z",537,"Seelt","SUN","0.0","0.0","0.0","0.0",0,0,"0.0",45,0,23,0,0,"0.0","u",0,0,,"false"
"2026-10-04T18:48:27Z",538,"Hjelde","SUN","0.0","0.0","0.0","0.0",0,0,"0.0",40,0,165,0,0,"0.0","u",0,0,,"false"
"2026-10-04T18:48:27Z",539,"O'Nien","SUN","4.4","4.4","4.4","4.4",1,0,"2.5",39,18552,12280,1,66,"0.0","a",-1,-1,,"false"
"2026-10-04T18:48:27Z",540,"Masuaku","SUN","0.0","0.0","0.0","0.0",0,0,"0.1",40,0,653,0,0,"0.0","u",0,0,,"false"
"2026-10-04T18:48:27Z",541,"Meunier","SUN","-33.3","-33.3","-33.3","-33.3",-2,0,"0.3",45,1732,950,14,396,"2.3","a",0,0,,"false"
"2026-10-04T18:48:27Z",542,"E.Le Fée","SUN","-4.7","-4.7","-4.8","-4.9",-1,-4,"3.4",57,12087,25224,18,438,"4.3","a",-1,-3,,"false"
"2026-10-04T18:48:27Z",543,"Diarra","SUN","-1.0","-1.0","-1.0","-1.0",-1,0,"0.0",53,20,248,5,28,"0.0","i",-1,-2,,"false"
"2026-10-04T18:48:27Z",544,"Xhaka","SUN","-77.8","-77.8","-77.9","-78.0",-3,-3,"3.6",55,6568,24232,21,450,"2.0","a",0,0,,"false"
"2026-10-04T18:48:27Z",545,"Sadiki","SUN","-78.7","-78.7","-78.7","-78.7",-3,0,"0.2",49,420,1415,10,410,"1.7","a",0,-1,,"false"
"2026-10-04T18:48:27Z",546,"Adingra","SUN","0.0","0.0","0.0","0.0",0,0,"0.0",49,0,194,0,0,"0.0","u",0,-1,,"false"
"2026-10-04T18:48:27Z",547,"Mundle","SUN","-84.1","-84.1","-84.1","-84.1",-3,0,"0.0",49,10,56,1,1,"0.0","i",0,-1,,"false"
"2026-10-04T18:48:27Z",548,"Rigg","SUN","-81.7","-81.7","-81.7","-81.7",-3,0,"0.0",49,34,242,2,17,"0.0","a",0,-1,,"false"
"2026-10-04T18:48:27Z",549,"Talbi","SUN","-31.5","-31.5","-31.5","-31.5",-2,0,"0.1",53,115,593,1,31,"0.0","a",0,-2,,"false"
"2026-10-04T18:48:27Z",550,"Jocelin.T","SUN","-97.6","-97.6","-97.6","-97.6",-4,0,"0.0",50,40,45,0,0,"0.0","a",0,0,,"false"
"2026-10-04T18:48:27Z",551,"N.Angulo","SUN","1.4","1.4","1.4","1.4",1,1,"0.1",50,536,813,16,313,"2.7","a",0,0,,"false"
"2026-10-04T18:48:27Z",552,"Brobbey","SUN","84.4","84.3","83.9","83.4",3,-29,"6.9",57,196984,50487,24,399,"6.7","d",-1,-3,,"false"
"2026-10-04T18:48:27Z",553,"Isidor","SUN","3.2","3.2","3.1","3.0",1,-6,"1.3",55,3600,11998,15,117,"2.0","a",0,0,,"false"
"2026-10-04T18:48:27Z",612,"Methalie","SUN","0.0","0.0","0.0","0.0",0,0,"0.0",45,126,73,-1,90,"-0.3","a",0,0,,"false"
"2026-10-04T18:48:27Z",613,"Ahoka","SUN","-48.7","-48.4","-46.7","-45.1",-3,2,"0.2",45,620,1660,0,0,"0.0","a",0,0,,"false"
"2026-10-04T18:48:27Z",646,"Fofana","SUN","-12.0","-12.0","-12.0","-12.0",-1,0,"0.0",55,344,312,3,60,"1.0","a",0,0,,"false"
"2026-10-04T18:48:27Z",651,"J.Angulo","SUN","5.2","5.2","5.3","5.3",1,4,"0.7",45,9234,7515,0,0,"0.0","a",0,0,,"false"
